col1,col2,col3,col4,col5,col6,col7,query_fna,subject_fna,query_length,subject_length,blast_output,n_of_-7,n_of_-6,n_of_-5,n_of_-4,n_of_-3,n_of_-2,n_of_-1,n_of_0,n_of_1,n_of_2,n_of_3,n_of_4,n_of_5,n_of_6,n_of_7,binary_filename
45,1001710,2B-0107,1001710.3,7,https://ftp.ncbi.nlm.nih.gov/genomes/all/GCF/000/270/945/GCF_000270945.1_ASM27094v1,7,1001710.3.fna,GCF_000270945.1_ASM27094v1_genomic.fna, 4811369, 4811369,1001710.3.fna_vs_GCF_000270945.1_ASM27094v1_genomic.fna_blast.xml,0,0,0,0,0,0,0,0,4811369,0,0,0,0,0,0,1001710_subject_array_1739743638.bin
60,1001724,4S-0116-S,1001724.3,7,https://ftp.ncbi.nlm.nih.gov/genomes/all/GCF/000/270/625/GCF_000270625.1_ASM27062v1,7,1001724.3.fna,GCF_000270625.1_ASM27062v1_genomic.fna, 4841923, 4841923,1001724.3.fna_vs_GCF_000270625.1_ASM27062v1_genomic.fna_blast.xml,0,0,0,0,0,0,0,0,4841923,0,0,0,0,0,0,1001724_subject_array_1739743640.bin
64,1001728,5S-0304,1001728.3,7,https://ftp.ncbi.nlm.nih.gov/genomes/all/GCF/000/271/205/GCF_000271205.1_ASM27120v1,7,1001728.3.fna,GCF_000271205.1_ASM27120v1_genomic.fna, 5253081, 5253081,1001728.3.fna_vs_GCF_000271205.1_ASM27120v1_genomic.fna_blast.xml,0,0,0,0,0,0,0,0,5253081,0,0,0,0,0,0,1001728_subject_array_1739743642.bin
69,1001733,5S-1212,1001733.3,7,https://ftp.ncbi.nlm.nih.gov/genomes/all/GCF/000/271/025/GCF_000271025.1_ASM27102v1,7,1001733.3.fna,GCF_000271025.1_ASM27102v1_genomic.fna, 5239840, 5239840,1001733.3.fna_vs_GCF_000271025.1_ASM27102v1_genomic.fna_blast.xml,0,0,0,0,0,0,0,0,5239840,0,0,0,0,0,0,1001733_subject_array_1739743644.bin
442,1010676,PSOL,1010676.11,7,https://ftp.ncbi.nlm.nih.gov/genomes/all/GCF/009/805/595/GCF_009805595.3_ASM980559v3,7,1010676.11.fna,GCF_009805595.3_ASM980559v3_genomic.fna,  221077,  221077,1010676.11.fna_vs_GCF_009805595.3_ASM980559v3_genomic.fna_blast.xml,0,0,0,0,0,0,0,0,221077,0,0,0,0,0,0,1010676_subject_array_1739743644.bin
802,102148,AF18-46,102148.3,7,https://ftp.ncbi.nlm.nih.gov/genomes/all/GCF/003/459/805/GCF_003459805.1_ASM345980v1,7,102148.3.fna,GCF_003459805.1_ASM345980v1_genomic.fna, 1989891, 1989891,102148.3.fna_vs_GCF_003459805.1_ASM345980v1_genomic.fna_blast.xml,0,0,0,0,0,0,0,0,1989891,0,0,0,0,0,0,102148_subject_array_1739743645.bin
1069,103690,PCC 7120,103690.10,7,https://ftp.ncbi.nlm.nih.gov/genomes/all/GCF/000/009/705/GCF_000009705.1_ASM970v1,7,103690.10.fna,GCF_000009705.1_ASM970v1_genomic.fna, 7211789, 7211789,103690.10.fna_vs_GCF_000009705.1_ASM970v1_genomic.fna_blast.xml,0,0,0,0,0,0,0,0,7211789,0,0,0,0,0,0,103690_subject_array_1739743648.bin
1823,1055521,UGA,1055521.3,7,https://ftp.ncbi.nlm.nih.gov/genomes/all/GCF/001/563/055/GCF_001563055.1_ASM156305v1,7,1055521.3.fna,GCF_001563055.1_ASM156305v1_genomic.fna, 1172501, 1172501,1055521.3.fna_vs_GCF_001563055.1_ASM156305v1_genomic.fna_blast.xml,0,0,0,0,0,0,0,389,1172073,0,0,2,37,0,0,1055521_subject_array_1739743649.bin
1951,1057002,BR816,48291.4,7,https://ftp.ncbi.nlm.nih.gov/genomes/all/GCF/000/378/985/GCF_000378985.1_ASM37898v1,7,48291.4.fna,GCF_000378985.1_ASM37898v1_genomic.fna, 6951133, 6951533,48291.4.fna_vs_GCF_000378985.1_ASM37898v1_genomic.fna_blast.xml,0,0,0,0,0,0,0,392,6951133,0,0,0,8,0,0,48291_subject_array_1739743652.bin
2007,1063,MBTLJ-13,1063.10,7,https://ftp.ncbi.nlm.nih.gov/genomes/all/GCF/001/685/625/GCF_001685625.1_ASM168562v1,7,1063.10.fna,GCF_001685625.1_ASM168562v1_genomic.fna, 4649054, 4649054,1063.10.fna_vs_GCF_001685625.1_ASM168562v1_genomic.fna_blast.xml,0,0,0,0,0,0,0,0,4649054,0,0,0,0,0,0,1063_subject_array_1739743653.bin
2008,1063,MBTLJ-20,1063.13,7,https://ftp.ncbi.nlm.nih.gov/genomes/all/GCF/002/706/325/GCF_002706325.1_ASM270632v1,7,1063.13.fna,GCF_002706325.1_ASM270632v1_genomic.fna, 4650063, 4650063,1063.13.fna_vs_GCF_002706325.1_ASM270632v1_genomic.fna_blast.xml,0,0,0,0,0,0,0,0,4650063,0,0,0,0,0,0,1063_subject_array_1739743655.bin
2183,106654,2014S01-097,106654.543,7,https://ftp.ncbi.nlm.nih.gov/genomes/all/GCF/038/441/185/GCF_038441185.1_ASM3844118v1,7,106654.543.fna,GCF_038441185.1_ASM3844118v1_genomic.fna, 4211219, 4211219,106654.543.fna_vs_GCF_038441185.1_ASM3844118v1_genomic.fna_blast.xml,0,0,0,0,0,0,0,0,4211219,0,0,0,0,0,0,106654_subject_array_1739743657.bin
2318,106654,MIN-001,106654.276,7,https://ftp.ncbi.nlm.nih.gov/genomes/all/GCF/021/460/605/GCF_021460605.1_ASM2146060v1,7,106654.276.fna,GCF_021460605.1_ASM2146060v1_genomic.fna, 4138722, 4138722,106654.276.fna_vs_GCF_021460605.1_ASM2146060v1_genomic.fna_blast.xml,0,0,0,0,0,0,0,0,4138722,0,0,0,0,0,0,106654_subject_array_1739743658.bin
2430,1068979,N1165,1068979.3,7,https://ftp.ncbi.nlm.nih.gov/genomes/all/GCF/000/473/265/GCF_000473265.1_ASM47326v1,7,1068979.3.fna,GCF_000473265.1_ASM47326v1_genomic.fna, 8692968, 8693468,1068979.3.fna_vs_GCF_000473265.1_ASM47326v1_genomic.fna_blast.xml,0,0,0,0,0,0,0,500,8692968,0,0,0,0,0,0,1068979_subject_array_1739743662.bin
2459,1069623,GA05578,1069623.3,7,https://ftp.ncbi.nlm.nih.gov/genomes/all/GCF/000/252/245/GCF_000252245.1_ASM25224v2,7,1069623.3.fna,GCF_000252245.1_ASM25224v2_genomic.fna, 2107559, 2107559,1069623.3.fna_vs_GCF_000252245.1_ASM25224v2_genomic.fna_blast.xml,0,0,0,0,0,0,0,0,2107558,0,0,0,1,0,0,1069623_subject_array_1739743663.bin
2976,1077464,RH_49702_11,1077464.26,7,https://ftp.ncbi.nlm.nih.gov/genomes/all/GCF/002/096/255/GCF_002096255.1_ASM209625v1,7,1077464.26.fna,GCF_002096255.1_ASM209625v1_genomic.fna, 1913032, 1913032,1077464.26.fna_vs_GCF_002096255.1_ASM209625v1_genomic.fna_blast.xml,0,0,0,0,0,0,0,0,1913032,0,0,0,0,0,0,1077464_subject_array_1739743664.bin
3243,1084519,JCM 17917,1084519.3,7,https://ftp.ncbi.nlm.nih.gov/genomes/all/GCF/039/541/795/GCF_039541795.1_ASM3954179v1,7,1084519.3.fna,GCF_039541795.1_ASM3954179v1_genomic.fna, 4449389, 4449389,1084519.3.fna_vs_GCF_039541795.1_ASM3954179v1_genomic.fna_blast.xml,0,0,0,0,0,0,0,0,4449389,0,0,0,0,0,0,1084519_subject_array_1739743666.bin
3563,1089444,IFB0695,1089444.98,7,https://ftp.ncbi.nlm.nih.gov/genomes/all/GCF/013/339/875/GCF_013339875.1_ASM1333987v1,7,1089444.98.fna,GCF_013339875.1_ASM1333987v1_genomic.fna, 4904769, 4904769,1089444.98.fna_vs_GCF_013339875.1_ASM1333987v1_genomic.fna_blast.xml,0,0,0,0,0,0,0,0,4904769,0,0,0,0,0,0,1089444_subject_array_1739743667.bin
3637,108980,RIVM_C010559,108980.138,7,https://ftp.ncbi.nlm.nih.gov/genomes/all/GCF/025/723/145/GCF_025723145.1_ASM2572314v1,7,108980.138.fna,GCF_025723145.1_ASM2572314v1_genomic.fna, 4013602, 4013602,108980.138.fna_vs_GCF_025723145.1_ASM2572314v1_genomic.fna_blast.xml,0,0,0,0,0,0,0,0,4013602,0,0,0,0,0,0,108980_subject_array_1739743669.bin
3638,108980,RIVM_C010761,108980.137,7,https://ftp.ncbi.nlm.nih.gov/genomes/all/GCF/025/723/125/GCF_025723125.1_ASM2572312v1,7,108980.137.fna,GCF_025723125.1_ASM2572312v1_genomic.fna, 4077497, 4077497,108980.137.fna_vs_GCF_025723125.1_ASM2572312v1_genomic.fna_blast.xml,0,0,0,0,0,0,0,0,4077497,0,0,0,0,0,0,108980_subject_array_1739743671.bin
3691,108981,ACE,108981.6,7,https://ftp.ncbi.nlm.nih.gov/genomes/all/GCF/001/971/565/GCF_001971565.1_ASM197156v1,7,108981.6.fna,GCF_001971565.1_ASM197156v1_genomic.fna, 3268053, 3268053,108981.6.fna_vs_GCF_001971565.1_ASM197156v1_genomic.fna_blast.xml,0,0,0,0,0,0,0,0,3268053,0,0,0,0,0,0,108981_subject_array_1739743672.bin
4026,1100719,Rim11,1100719.7,7,https://ftp.ncbi.nlm.nih.gov/genomes/all/GCF/001/269/365/GCF_001269365.1_Rim11.a1,7,1100719.7.fna,GCF_001269365.1_Rim11.a1_genomic.fna, 2859441, 2859441,1100719.7.fna_vs_GCF_001269365.1_Rim11.a1_genomic.fna_blast.xml,0,0,0,0,0,0,0,0,2859441,0,0,0,0,0,0,1100719_subject_array_1739743673.bin
4029,1100724,T6-5,1100724.4,7,https://ftp.ncbi.nlm.nih.gov/genomes/all/GCF/003/063/315/GCF_003063315.1_ASM306331v1,7,1100724.4.fna,GCF_003063315.1_ASM306331v1_genomic.fna, 4166903, 4166903,1100724.4.fna_vs_GCF_003063315.1_ASM306331v1_genomic.fna_blast.xml,0,0,0,0,0,0,0,0,4166903,0,0,0,0,0,0,1100724_subject_array_1739743676.bin
4109,110321,ml2,110321.331,7,https://ftp.ncbi.nlm.nih.gov/genomes/all/GCF/034/632/515/GCF_034632515.1_ASM3463251v1,7,110321.331.fna,GCF_034632515.1_ASM3463251v1_genomic.fna, 7735018, 7735018,110321.331.fna_vs_GCF_034632515.1_ASM3463251v1_genomic.fna_blast.xml,0,0,0,0,0,0,0,0,7735018,0,0,0,0,0,0,110321_subject_array_1739743680.bin
4244,110937,VKM Ac-2925,110937.20,7,https://ftp.ncbi.nlm.nih.gov/genomes/all/GCF/022/815/465/GCF_022815465.1_ASM2281546v1,7,110937.20.fna,GCF_022815465.1_ASM2281546v1_genomic.fna, 4488266, 4488266,110937.20.fna_vs_GCF_022815465.1_ASM2281546v1_genomic.fna_blast.xml,0,0,0,0,0,0,0,500,4487766,0,0,0,0,0,0,110937_subject_array_1739743683.bin
4987,1121113,DSM 1112,1121113.3,7,https://ftp.ncbi.nlm.nih.gov/genomes/all/GCF/030/814/475/GCF_030814475.1_ASM3081447v1,7,1121113.3.fna,GCF_030814475.1_ASM3081447v1_genomic.fna, 6477857, 6477857,1121113.3.fna_vs_GCF_030814475.1_ASM3081447v1_genomic.fna_blast.xml,0,0,0,0,0,0,0,0,6477857,0,0,0,0,0,0,1121113_subject_array_1739743686.bin
4996,1121123,DSM 17977,1121123.3,7,https://ftp.ncbi.nlm.nih.gov/genomes/all/GCF/000/428/765/GCF_000428765.1_ASM42876v1,7,1121123.3.fna,GCF_000428765.1_ASM42876v1_genomic.fna, 2577573, 2579573,1121123.3.fna_vs_GCF_000428765.1_ASM42876v1_genomic.fna_blast.xml,0,0,0,0,0,0,0,2000,2577573,0,0,0,0,0,0,1121123_subject_array_1739743687.bin
5263,1121954,DSM 11115,1121954.3,7,https://ftp.ncbi.nlm.nih.gov/genomes/all/GCF/002/797/555/GCF_002797555.1_ASM279755v1,7,1121954.3.fna,GCF_002797555.1_ASM279755v1_genomic.fna, 5870407, 5870407,1121954.3.fna_vs_GCF_002797555.1_ASM279755v1_genomic.fna_blast.xml,0,0,0,0,0,0,0,0,5870407,0,0,0,0,0,0,1121954_subject_array_1739743689.bin
5523,1123073,DSM 22992,1123073.3,7,https://ftp.ncbi.nlm.nih.gov/genomes/all/GCF/000/378/125/GCF_000378125.1_ASM37812v1,7,1123073.3.fna,GCF_000378125.1_ASM37812v1_genomic.fna, 4343079, 4343639,1123073.3.fna_vs_GCF_000378125.1_ASM37812v1_genomic.fna_blast.xml,0,0,0,0,0,0,0,560,4343079,0,0,0,0,0,0,1123073_subject_array_1739743691.bin
5573,1123279,DSM 19543,1123279.7,7,https://ftp.ncbi.nlm.nih.gov/genomes/all/GCF/000/420/325/GCF_000420325.1_ASM42032v1,7,1123279.7.fna,GCF_000420325.1_ASM42032v1_genomic.fna, 3947342, 3947342,1123279.7.fna_vs_GCF_000420325.1_ASM42032v1_genomic.fna_blast.xml,0,0,0,0,0,0,0,0,3947342,0,0,0,0,0,0,1123279_subject_array_1739743692.bin
5679,1123502,DSM 18708,1123502.3,7,https://ftp.ncbi.nlm.nih.gov/genomes/all/GCF/000/375/345/GCF_000375345.1_ASM37534v1,7,1123502.3.fna,GCF_000375345.1_ASM37534v1_genomic.fna, 1991020, 1991020,1123502.3.fna_vs_GCF_000375345.1_ASM37534v1_genomic.fna_blast.xml,0,0,0,0,0,0,0,0,1991020,0,0,0,0,0,0,1123502_subject_array_1739743693.bin
5699,1123862,Kp13,1123862.3,7,https://ftp.ncbi.nlm.nih.gov/genomes/all/GCF/000/512/165/GCF_000512165.1_ASM51216v1,7,1123862.3.fna,GCF_000512165.1_ASM51216v1_genomic.fna, 5739888, 5739888,1123862.3.fna_vs_GCF_000512165.1_ASM51216v1_genomic.fna_blast.xml,0,0,0,0,0,0,0,0,5739888,0,0,0,0,0,0,1123862_subject_array_1739743695.bin
5795,1125630,HS11286,1125630.4,7,https://ftp.ncbi.nlm.nih.gov/genomes/all/GCF/000/240/185/GCF_000240185.1_ASM24018v2,7,1125630.4.fna,GCF_000240185.1_ASM24018v2_genomic.fna, 5682322, 5682322,1125630.4.fna_vs_GCF_000240185.1_ASM24018v2_genomic.fna_blast.xml,0,0,0,0,0,0,0,0,5682322,0,0,0,0,0,0,1125630_subject_array_1739743698.bin
6064,1133329,Humboldt,1133329.3,7,https://ftp.ncbi.nlm.nih.gov/genomes/all/GCF/000/965/155/GCF_000965155.1_ASM96515v1,7,1133329.3.fna,GCF_000965155.1_ASM96515v1_genomic.fna, 1564726, 1564726,1133329.3.fna_vs_GCF_000965155.1_ASM96515v1_genomic.fna_blast.xml,0,0,0,0,0,0,0,0,1564726,0,0,0,0,0,0,1133329_subject_array_1739743699.bin
6129,1134687,2022CK-00496,1134687.747,7,https://ftp.ncbi.nlm.nih.gov/genomes/all/GCF/027/577/885/GCF_027577885.1_ASM2757788v1,7,1134687.747.fna,GCF_027577885.1_ASM2757788v1_genomic.fna,  401693, 6367456,1134687.747.fna_vs_GCF_027577885.1_ASM2757788v1_genomic.fna_blast.xml,0,0,84,14,0,0,6,5929660,416984,0,7,2326,18227,0,148,1134687_subject_array_1739743700.bin
6455,1134687,MGH176,1134687.18,7,https://ftp.ncbi.nlm.nih.gov/genomes/all/GCF/002/152/325/GCF_002152325.1_ASM215232v1,7,1134687.18.fna,GCF_002152325.1_ASM215232v1_genomic.fna, 6147269, 6147269,1134687.18.fna_vs_GCF_002152325.1_ASM215232v1_genomic.fna_blast.xml,0,0,0,0,0,0,0,106224,6041032,0,0,6,7,0,0,1134687_subject_array_1739743703.bin
6648,113557,MGB0734,113557.13,7,https://ftp.ncbi.nlm.nih.gov/genomes/all/GCF/015/476/135/GCF_015476135.1_ASM1547613v1,7,113557.13.fna,GCF_015476135.1_ASM1547613v1_genomic.fna, 3300275, 3300275,113557.13.fna_vs_GCF_015476135.1_ASM1547613v1_genomic.fna_blast.xml,0,0,0,0,0,0,0,0,3300275,0,0,0,0,0,0,113557_subject_array_1739743704.bin
7789,1157010,M0102,1157010.3,7,https://ftp.ncbi.nlm.nih.gov/genomes/all/GCF/000/360/125/GCF_000360125.1_Stap_aure_M0102_V1,7,1157010.3.fna,GCF_000360125.1_Stap_aure_M0102_V1_genomic.fna, 2828936, 2834946,1157010.3.fna_vs_GCF_000360125.1_Stap_aure_M0102_V1_genomic.fna_blast.xml,0,0,0,0,0,0,0,6010,2828936,0,0,0,0,0,0,1157010_subject_array_1739743705.bin
7793,1157014,M0192,1157014.3,7,https://ftp.ncbi.nlm.nih.gov/genomes/all/GCF/000/360/325/GCF_000360325.1_Stap_aure_M0192_V1,7,1157014.3.fna,GCF_000360325.1_Stap_aure_M0192_V1_genomic.fna, 2837608, 2838711,1157014.3.fna_vs_GCF_000360325.1_Stap_aure_M0192_V1_genomic.fna_blast.xml,0,0,0,0,0,0,0,1077,2837631,0,0,0,3,0,0,1157014_subject_array_1739743707.bin
7798,1157019,M0252,1157019.3,7,https://ftp.ncbi.nlm.nih.gov/genomes/all/GCF/000/360/585/GCF_000360585.1_Stap_aure_M0252_V1,7,1157019.3.fna,GCF_000360585.1_Stap_aure_M0252_V1_genomic.fna, 2799331, 2800006,1157019.3.fna_vs_GCF_000360585.1_Stap_aure_M0252_V1_genomic.fna_blast.xml,0,0,0,0,0,0,0,610,2799350,0,0,2,44,0,0,1157019_subject_array_1739743708.bin
8461,1160095,DSM 24756,1160095.3,7,https://ftp.ncbi.nlm.nih.gov/genomes/all/GCF/003/987/595/GCF_003987595.1_ASM398759v1,7,1160095.3.fna,GCF_003987595.1_ASM398759v1_genomic.fna, 2444868, 2444868,1160095.3.fna_vs_GCF_003987595.1_ASM398759v1_genomic.fna_blast.xml,0,0,0,0,0,0,0,0,2444868,0,0,0,0,0,0,1160095_subject_array_1739743709.bin
8466,1160163,NI240,1160163.3,7,https://ftp.ncbi.nlm.nih.gov/genomes/all/GCF/000/365/665/GCF_000365665.1_Bruc_abor_NI240_V1,7,1160163.3.fna,GCF_000365665.1_Bruc_abor_NI240_V1_genomic.fna, 3285688, 3285688,1160163.3.fna_vs_GCF_000365665.1_Bruc_abor_NI240_V1_genomic.fna_blast.xml,0,0,0,0,0,0,0,0,3285688,0,0,0,0,0,0,1160163_subject_array_1739743710.bin
8467,1160164,NI274,1160164.3,7,https://ftp.ncbi.nlm.nih.gov/genomes/all/GCF/000/365/805/GCF_000365805.1_Bruc_abor_NI274_V1,7,1160164.3.fna,GCF_000365805.1_Bruc_abor_NI274_V1_genomic.fna, 3285480, 3285480,1160164.3.fna_vs_GCF_000365805.1_Bruc_abor_NI274_V1_genomic.fna_blast.xml,0,0,0,0,0,0,0,0,3285480,0,0,0,0,0,0,1160164_subject_array_1739743711.bin
8482,1160179,85/69,1160179.3,7,https://ftp.ncbi.nlm.nih.gov/genomes/all/GCF/000/370/285/GCF_000370285.1_Bruc_abor_85_69_V1,7,1160179.3.fna,GCF_000370285.1_Bruc_abor_85_69_V1_genomic.fna, 3274983, 3275083,1160179.3.fna_vs_GCF_000370285.1_Bruc_abor_85_69_V1_genomic.fna_blast.xml,0,0,0,0,0,0,0,99,3274984,0,0,0,0,0,0,1160179_subject_array_1739743712.bin
8489,1160187,85/140,1160187.3,7,https://ftp.ncbi.nlm.nih.gov/genomes/all/GCF/000/366/385/GCF_000366385.1_Bruc_abor_85_140_V1,7,1160187.3.fna,GCF_000366385.1_Bruc_abor_85_140_V1_genomic.fna, 3281183, 3281183,1160187.3.fna_vs_GCF_000366385.1_Bruc_abor_85_140_V1_genomic.fna_blast.xml,0,0,0,0,0,0,0,0,3281183,0,0,0,0,0,0,1160187_subject_array_1739743714.bin
8501,1160200,65/157,1160200.3,7,https://ftp.ncbi.nlm.nih.gov/genomes/all/GCF/000/370/125/GCF_000370125.1_Bruc_abor_65_157_V1,7,1160200.3.fna,GCF_000370125.1_Bruc_abor_65_157_V1_genomic.fna, 3278854, 3278954,1160200.3.fna_vs_GCF_000370125.1_Bruc_abor_65_157_V1_genomic.fna_blast.xml,0,0,0,0,0,0,0,100,3278854,0,0,0,0,0,0,1160200_subject_array_1739743715.bin
8513,1160213,UK23/06,1160213.3,7,https://ftp.ncbi.nlm.nih.gov/genomes/all/GCF/000/370/765/GCF_000370765.1_Bruc_meli_UK23_06_V1,7,1160213.3.fna,GCF_000370765.1_Bruc_meli_UK23_06_V1_genomic.fna, 3295811, 3295911,1160213.3.fna_vs_GCF_000370765.1_Bruc_meli_UK23_06_V1_genomic.fna_blast.xml,0,0,0,0,0,0,0,99,3295812,0,0,0,0,0,0,1160213_subject_array_1739743716.bin
8523,1160223,UK19/04,1160223.3,7,https://ftp.ncbi.nlm.nih.gov/genomes/all/GCF/000/367/045/GCF_000367045.1_Bruc_meli_UK19_04_V1,7,1160223.3.fna,GCF_000367045.1_Bruc_meli_UK19_04_V1_genomic.fna, 3296038, 3296038,1160223.3.fna_vs_GCF_000367045.1_Bruc_meli_UK19_04_V1_genomic.fna_blast.xml,0,0,0,0,0,0,0,0,3296038,0,0,0,0,0,0,1160223_subject_array_1739743718.bin
8584,1160769,7102.58,1160769.23,7,https://ftp.ncbi.nlm.nih.gov/genomes/all/GCF/004/923/415/GCF_004923415.2_ASM492341v2,7,1160769.23.fna,GCF_004923415.2_ASM492341v2_genomic.fna, 4989762, 4978672,1160769.23.fna_vs_GCF_004923415.2_ASM492341v2_genomic.fna_blast.xml,0,0,0,0,0,0,0,0,4978671,0,0,1,0,0,0,1160769_subject_array_1739743719.bin
8686,1163670,14(A),1163670.3,7,https://ftp.ncbi.nlm.nih.gov/genomes/all/GCF/000/526/555/GCF_000526555.1_ASM52655v1,7,1163670.3.fna,GCF_000526555.1_ASM52655v1_genomic.fna, 7213997, 7213997,1163670.3.fna_vs_GCF_000526555.1_ASM52655v1_genomic.fna_blast.xml,0,0,0,0,0,0,0,0,7213997,0,0,0,0,0,0,1163670_subject_array_1739743722.bin
8738,1166323,DSM 27347,1166323.3,7,https://ftp.ncbi.nlm.nih.gov/genomes/all/GCF/009/789/535/GCF_009789535.1_ASM978953v1,7,1166323.3.fna,GCF_009789535.1_ASM978953v1_genomic.fna, 4094655, 4094655,1166323.3.fna_vs_GCF_009789535.1_ASM978953v1_genomic.fna_blast.xml,0,0,0,0,0,0,0,0,4094655,0,0,0,0,0,0,1166323_subject_array_1739743724.bin
8806,1169209,63/144,1169209.3,7,https://ftp.ncbi.nlm.nih.gov/genomes/all/GCF/000/370/025/GCF_000370025.1_Bruc_abor_63_144_V1,7,1169209.3.fna,GCF_000370025.1_Bruc_abor_63_144_V1_genomic.fna, 3281321, 3284092,1169209.3.fna_vs_GCF_000370025.1_Bruc_abor_63_144_V1_genomic.fna_blast.xml,0,0,0,0,0,0,0,2770,3281321,0,0,0,1,0,0,1169209_subject_array_1739743725.bin
8813,1169216,87/28,1169216.3,7,https://ftp.ncbi.nlm.nih.gov/genomes/all/GCF/000/370/305/GCF_000370305.1_Bruc_abor_87_28_V1,7,1169216.3.fna,GCF_000370305.1_Bruc_abor_87_28_V1_genomic.fna, 3302321, 3303778,1169216.3.fna_vs_GCF_000370305.1_Bruc_abor_87_28_V1_genomic.fna_blast.xml,0,0,0,0,0,0,0,1442,3302321,0,15,0,0,0,0,1169216_subject_array_1739743726.bin
8825,1169228,UK3/06,1169228.3,7,https://ftp.ncbi.nlm.nih.gov/genomes/all/GCF/000/370/825/GCF_000370825.1_Bruc_meli_UK3_06_V1,7,1169228.3.fna,GCF_000370825.1_Bruc_meli_UK3_06_V1_genomic.fna, 3305051, 3310006,1169228.3.fna_vs_GCF_000370825.1_Bruc_meli_UK3_06_V1_genomic.fna_blast.xml,0,0,0,0,0,0,0,4935,3305051,0,20,0,0,0,0,1169228_subject_array_1739743728.bin
9188,1173585,HKCCA5708,1173585.42,7,https://ftp.ncbi.nlm.nih.gov/genomes/all/GCF/013/035/145/GCF_013035145.1_ASM1303514v1,7,1173585.42.fna,GCF_013035145.1_ASM1303514v1_genomic.fna, 3729228, 3729228,1173585.42.fna_vs_GCF_013035145.1_ASM1303514v1_genomic.fna_blast.xml,0,0,0,0,0,0,0,0,3729228,0,0,0,0,0,0,1173585_subject_array_1739743729.bin
9193,1173585,HKCCA5930,1173585.43,7,https://ftp.ncbi.nlm.nih.gov/genomes/all/GCF/013/035/065/GCF_013035065.1_ASM1303506v1,7,1173585.43.fna,GCF_013035065.1_ASM1303506v1_genomic.fna, 3717871, 3717871,1173585.43.fna_vs_GCF_013035065.1_ASM1303506v1_genomic.fna_blast.xml,0,0,0,0,0,0,0,0,3717871,0,0,0,0,0,0,1173585_subject_array_1739743730.bin
9731,1185412,L81,1185412.3,7,https://ftp.ncbi.nlm.nih.gov/genomes/all/GCF/003/313/305/GCF_003313305.1_ASM331330v1,7,1185412.3.fna,GCF_003313305.1_ASM331330v1_genomic.fna, 6419149, 6419149,1185412.3.fna_vs_GCF_003313305.1_ASM331330v1_genomic.fna_blast.xml,0,0,0,0,0,0,0,0,6419149,0,0,0,0,0,0,1185412_subject_array_1739743734.bin
9829,1185650,1122,1185650.612,7,https://ftp.ncbi.nlm.nih.gov/genomes/all/GCF/900/134/675/GCF_900134675.1_12163_2_82,7,1185650.612.fna,GCF_900134675.1_12163_2_82_genomic.fna, 4974715, 4974715,1185650.612.fna_vs_GCF_900134675.1_12163_2_82_genomic.fna_blast.xml,0,0,0,0,0,0,1,3356,4971349,0,1,8,0,0,0,1185650_subject_array_1739743735.bin
10632,1185650,T10721,1185650.1198,7,https://ftp.ncbi.nlm.nih.gov/genomes/all/GCF/030/513/525/GCF_030513525.1_ASM3051352v1,7,1185650.1198.fna,GCF_030513525.1_ASM3051352v1_genomic.fna, 4895330, 4895330,1185650.1198.fna_vs_GCF_030513525.1_ASM3051352v1_genomic.fna_blast.xml,0,0,0,0,0,0,0,0,4895330,0,0,0,0,0,0,1185650_subject_array_1739743737.bin
10688,1185650,T9566,1185650.1213,7,https://ftp.ncbi.nlm.nih.gov/genomes/all/GCF/030/513/705/GCF_030513705.1_ASM3051370v1,7,1185650.1213.fna,GCF_030513705.1_ASM3051370v1_genomic.fna, 5010508, 5010508,1185650.1213.fna_vs_GCF_030513705.1_ASM3051370v1_genomic.fna_blast.xml,0,0,0,0,0,0,0,0,5010508,0,0,0,0,0,0,1185650_subject_array_1739743739.bin
10728,1185843,S28bF,1185843.14,7,https://ftp.ncbi.nlm.nih.gov/genomes/all/GCF/001/293/685/GCF_001293685.1_ASM129368v1,7,1185843.14.fna,GCF_001293685.1_ASM129368v1_genomic.fna, 5614477, 5614477,1185843.14.fna_vs_GCF_001293685.1_ASM129368v1_genomic.fna_blast.xml,0,0,0,0,0,0,0,0,5614477,0,0,0,0,0,0,1185843_subject_array_1739743742.bin
11326,119857,19OD0551,119857.233,7,https://ftp.ncbi.nlm.nih.gov/genomes/all/GCF/014/243/275/GCF_014243275.1_ASM1424327v1,7,119857.233.fna,GCF_014243275.1_ASM1424327v1_genomic.fna, 1860259, 1860259,119857.233.fna_vs_GCF_014243275.1_ASM1424327v1_genomic.fna_blast.xml,0,0,0,0,0,0,0,0,1860259,0,0,0,0,0,0,119857_subject_array_1739743743.bin
11329,119857,19OD0695,119857.236,7,https://ftp.ncbi.nlm.nih.gov/genomes/all/GCF/014/243/225/GCF_014243225.1_ASM1424322v1,7,119857.236.fna,GCF_014243225.1_ASM1424322v1_genomic.fna, 1860301, 1860301,119857.236.fna_vs_GCF_014243225.1_ASM1424322v1_genomic.fna_blast.xml,0,0,0,0,0,0,0,0,1859901,0,0,1,399,0,0,119857_subject_array_1739743744.bin
11332,119857,19OD0847,119857.237,7,https://ftp.ncbi.nlm.nih.gov/genomes/all/GCF/014/243/175/GCF_014243175.1_ASM1424317v1,7,119857.237.fna,GCF_014243175.1_ASM1424317v1_genomic.fna, 1860323, 1860323,119857.237.fna_vs_GCF_014243175.1_ASM1424317v1_genomic.fna_blast.xml,0,0,0,0,0,0,3,0,1860320,0,0,0,0,0,0,119857_subject_array_1739743745.bin
11333,119857,19OD0886,119857.235,7,https://ftp.ncbi.nlm.nih.gov/genomes/all/GCF/014/243/055/GCF_014243055.1_ASM1424305v1,7,119857.235.fna,GCF_014243055.1_ASM1424305v1_genomic.fna, 1859817, 1859817,119857.235.fna_vs_GCF_014243055.1_ASM1424305v1_genomic.fna_blast.xml,0,0,0,0,0,0,0,0,1859817,0,0,0,0,0,0,119857_subject_array_1739743746.bin
11334,119857,19OD0902,119857.224,7,https://ftp.ncbi.nlm.nih.gov/genomes/all/GCF/014/243/075/GCF_014243075.1_ASM1424307v1,7,119857.224.fna,GCF_014243075.1_ASM1424307v1_genomic.fna, 1860278, 1860278,119857.224.fna_vs_GCF_014243075.1_ASM1424307v1_genomic.fna_blast.xml,0,0,0,0,0,0,0,0,1860278,0,0,0,0,0,0,119857_subject_array_1739743748.bin
11336,119857,19OD1266,119857.223,7,https://ftp.ncbi.nlm.nih.gov/genomes/all/GCF/014/243/065/GCF_014243065.1_ASM1424306v1,7,119857.223.fna,GCF_014243065.1_ASM1424306v1_genomic.fna, 1860193, 1860193,119857.223.fna_vs_GCF_014243065.1_ASM1424306v1_genomic.fna_blast.xml,0,0,0,0,0,0,0,0,1859923,0,3,1,266,0,0,119857_subject_array_1739743749.bin
11585,1198685,CNGB 513,1198685.4,7,https://ftp.ncbi.nlm.nih.gov/genomes/all/GCF/000/370/605/GCF_000370605.1_Bruc_cani_CNGB_513_V1,7,1198685.4.fna,GCF_000370605.1_Bruc_cani_CNGB_513_V1_genomic.fna, 3313916, 3314031,1198685.4.fna_vs_GCF_000370605.1_Bruc_cani_CNGB_513_V1_genomic.fna_blast.xml,0,0,0,0,0,0,0,115,3313916,0,0,0,0,0,0,1198685_subject_array_1739743750.bin
11690,120107,JCM 10874,120107.15,7,https://ftp.ncbi.nlm.nih.gov/genomes/all/GCF/002/355/855/GCF_002355855.1_ASM235585v1,7,120107.15.fna,GCF_002355855.1_ASM235585v1_genomic.fna, 4547566, 4547566,120107.15.fna_vs_GCF_002355855.1_ASM235585v1_genomic.fna_blast.xml,0,0,0,0,0,0,0,0,4547566,0,0,0,0,0,0,120107_subject_array_1739743752.bin
12170,121428,C1,1673076.3,7,https://ftp.ncbi.nlm.nih.gov/genomes/all/GCF/002/288/285/GCF_002288285.1_ASM228828v1,7,1673076.3.fna,GCF_002288285.1_ASM228828v1_genomic.fna, 4602637, 4602637,1673076.3.fna_vs_GCF_002288285.1_ASM228828v1_genomic.fna_blast.xml,0,0,0,0,0,0,0,0,4602637,0,0,0,0,0,0,1673076_subject_array_1739743754.bin
12374,1217737,HD-789,1217737.3,7,https://ftp.ncbi.nlm.nih.gov/genomes/all/GCF/000/292/705/GCF_000292705.1_ASM29270v1,7,1217737.3.fna,GCF_000292705.1_ASM29270v1_genomic.fna, 6334630, 6334630,1217737.3.fna_vs_GCF_000292705.1_ASM29270v1_genomic.fna_blast.xml,0,0,0,0,0,0,0,0,6334630,0,0,0,0,0,0,1217737_subject_array_1739743757.bin
12937,1226968,SgZ-5,1226968.12,7,https://ftp.ncbi.nlm.nih.gov/genomes/all/GCF/001/639/105/GCF_001639105.2_ASM163910v2,7,1226968.12.fna,GCF_001639105.2_ASM163910v2_genomic.fna, 6862695, 6862695,1226968.12.fna_vs_GCF_001639105.2_ASM163910v2_genomic.fna_blast.xml,0,0,0,0,0,0,0,28095,6834600,0,0,0,0,0,0,1226968_subject_array_1739743759.bin
13170,1234595,JLT2012,1234595.4,7,https://ftp.ncbi.nlm.nih.gov/genomes/all/GCF/002/211/145/GCF_002211145.1_ASM221114v1,7,1234595.4.fna,GCF_002211145.1_ASM221114v1_genomic.fna, 3352426, 3352426,1234595.4.fna_vs_GCF_002211145.1_ASM221114v1_genomic.fna_blast.xml,0,0,0,0,0,0,0,155,3352271,0,0,0,0,0,0,1234595_subject_array_1739743761.bin
13311,1238,MR5,1238.362,7,https://ftp.ncbi.nlm.nih.gov/genomes/all/GCF/009/709/535/GCF_009709535.1_ASM970953v1,7,1238.362.fna,GCF_009709535.1_ASM970953v1_genomic.fna, 4145588, 4145588,1238.362.fna_vs_GCF_009709535.1_ASM970953v1_genomic.fna_blast.xml,0,0,0,0,0,0,0,0,4145588,0,0,0,0,0,0,1238_subject_array_1739743796.bin
13380,1238,SR1,1238.365,7,https://ftp.ncbi.nlm.nih.gov/genomes/all/GCF/009/724/905/GCF_009724905.1_ASM972490v1,7,1238.365.fna,GCF_009724905.1_ASM972490v1_genomic.fna, 4149824, 4149824,1238.365.fna_vs_GCF_009724905.1_ASM972490v1_genomic.fna_blast.xml,0,0,0,0,0,0,0,0,4149824,0,0,0,0,0,0,1238_subject_array_1739743838.bin
13393,1238199,949,1238199.3,7,https://ftp.ncbi.nlm.nih.gov/genomes/all/GCF/000/454/455/GCF_000454455.1_ASM45445v1,7,1238199.3.fna,GCF_000454455.1_ASM45445v1_genomic.fna, 5179240, 5179240,1238199.3.fna_vs_GCF_000454455.1_ASM45445v1_genomic.fna_blast.xml,0,0,0,0,0,0,0,0,5179240,0,0,0,0,0,0,1238199_subject_array_1739743842.bin
13439,1238674,NC36,1238674.3,7,https://ftp.ncbi.nlm.nih.gov/genomes/all/GCF/000/320/345/GCF_000320345.1_ASM32034v1,7,1238674.3.fna,GCF_000320345.1_ASM32034v1_genomic.fna, 1352640, 1352640,1238674.3.fna_vs_GCF_000320345.1_ASM32034v1_genomic.fna_blast.xml,0,0,0,0,0,0,0,0,1352640,0,0,0,0,0,0,1238674_subject_array_1739743843.bin
13489,1240727,HD-3,1240727.3,7,https://ftp.ncbi.nlm.nih.gov/genomes/all/GCF/031/932/625/GCF_031932625.1_ASM3193262v1,7,1240727.3.fna,GCF_031932625.1_ASM3193262v1_genomic.fna, 3748244, 3748244,1240727.3.fna_vs_GCF_031932625.1_ASM3193262v1_genomic.fna_blast.xml,0,0,0,0,0,0,0,271,3747973,0,0,0,0,0,0,1240727_subject_array_1739743845.bin
13656,1245,838,1245.437,7,https://ftp.ncbi.nlm.nih.gov/genomes/all/GCF/025/395/095/GCF_025395095.1_ASM2539509v1,7,1245.437.fna,GCF_025395095.1_ASM2539509v1_genomic.fna, 1980699, 1980699,1245.437.fna_vs_GCF_025395095.1_ASM2539509v1_genomic.fna_blast.xml,0,0,0,0,0,0,0,0,1980699,0,0,0,0,0,0,1245_subject_array_1739743846.bin
14153,1249,DRD-142,1249.51,7,https://ftp.ncbi.nlm.nih.gov/genomes/all/GCF/023/740/595/GCF_023740595.1_ASM2374059v1,7,1249.51.fna,GCF_023740595.1_ASM2374059v1_genomic.fna, 1750755, 1750755,1249.51.fna_vs_GCF_023740595.1_ASM2374059v1_genomic.fna_blast.xml,0,0,0,0,0,0,0,2703,1748048,0,0,0,4,0,0,1249_subject_array_1739743846.bin
14262,1251,C2-OK1,1251.22,7,https://ftp.ncbi.nlm.nih.gov/genomes/all/GCF/039/581/205/GCF_039581205.1_ASM3958120v1,7,1251.22.fna,GCF_039581205.1_ASM3958120v1_genomic.fna, 1578045, 1578045,1251.22.fna_vs_GCF_039581205.1_ASM3958120v1_genomic.fna_blast.xml,0,0,0,0,0,0,0,0,1578045,0,0,0,0,0,0,1251_subject_array_1739743847.bin
14263,1251,C2OK1,1251.10,7,https://ftp.ncbi.nlm.nih.gov/genomes/all/GCF/024/054/375/GCF_024054375.1_ASM2405437v1,7,1251.10.fna,GCF_024054375.1_ASM2405437v1_genomic.fna, 1578045, 1578045,1251.10.fna_vs_GCF_024054375.1_ASM2405437v1_genomic.fna_blast.xml,0,0,0,0,0,0,0,0,1578045,0,0,0,0,0,0,1251_subject_array_1739743848.bin
14317,1254,AM77-03b14A,1254.712,7,https://ftp.ncbi.nlm.nih.gov/genomes/all/GCF/027/666/245/GCF_027666245.1_ASM2766624v1,7,1254.712.fna,GCF_027666245.1_ASM2766624v1_genomic.fna, 1822043, 1822549,1254.712.fna_vs_GCF_027666245.1_ASM2766624v1_genomic.fna_blast.xml,0,0,0,0,0,0,0,0,1822043,0,0,52,454,0,0,1254_subject_array_1739743848.bin
14338,1254,CCUG 32235,1254.351,7,https://ftp.ncbi.nlm.nih.gov/genomes/all/GCF/012/396/515/GCF_012396515.1_ASM1239651v1,7,1254.351.fna,GCF_012396515.1_ASM1239651v1_genomic.fna, 1933794, 1933794,1254.351.fna_vs_GCF_012396515.1_ASM1239651v1_genomic.fna_blast.xml,0,0,0,0,0,0,0,0,1933794,0,0,0,0,0,0,1254_subject_array_1739743849.bin
14569,1255,DRD-185,1255.367,7,https://ftp.ncbi.nlm.nih.gov/genomes/all/GCF/023/740/675/GCF_023740675.1_ASM2374067v1,7,1255.367.fna,GCF_023740675.1_ASM2374067v1_genomic.fna, 1951473, 1951473,1255.367.fna_vs_GCF_023740675.1_ASM2374067v1_genomic.fna_blast.xml,0,0,0,0,0,0,0,600,1950873,0,0,0,0,0,0,1255_subject_array_1739743850.bin
14601,1255,FAM18327,1255.134,7,https://ftp.ncbi.nlm.nih.gov/genomes/all/GCF/009/808/655/GCF_009808655.1_ASM980865v1,7,1255.134.fna,GCF_009808655.1_ASM980865v1_genomic.fna, 1823559, 1823559,1255.134.fna_vs_GCF_009808655.1_ASM980865v1_genomic.fna_blast.xml,0,0,0,0,0,0,0,0,1823559,0,0,0,0,0,0,1255_subject_array_1739743851.bin
14679,1255,UAM1101,1255.478,7,https://ftp.ncbi.nlm.nih.gov/genomes/all/GCF/026/226/215/GCF_026226215.1_ASM2622621v1,7,1255.478.fna,GCF_026226215.1_ASM2622621v1_genomic.fna, 1760403, 1760403,1255.478.fna_vs_GCF_026226215.1_ASM2622621v1_genomic.fna_blast.xml,0,0,0,0,0,0,0,0,1760403,0,0,0,0,0,0,1255_subject_array_1739743852.bin
14836,1259795,DSM 11748,1259795.3,7,https://ftp.ncbi.nlm.nih.gov/genomes/all/GCF/000/378/005/GCF_000378005.1_ASM37800v1,7,1259795.3.fna,GCF_000378005.1_ASM37800v1_genomic.fna, 1414157, 1424377,1259795.3.fna_vs_GCF_000378005.1_ASM37800v1_genomic.fna_blast.xml,0,0,0,0,0,0,0,10189,1414184,0,0,0,4,0,0,1259795_subject_array_1739743852.bin
15305,1267423,12,1267423.22,7,https://ftp.ncbi.nlm.nih.gov/genomes/all/GCF/024/105/435/GCF_024105435.1_ASM2410543v1,7,1267423.22.fna,GCF_024105435.1_ASM2410543v1_genomic.fna, 4740104, 4740104,1267423.22.fna_vs_GCF_024105435.1_ASM2410543v1_genomic.fna_blast.xml,0,0,0,0,0,0,0,0,4740104,0,0,0,0,0,0,1267423_subject_array_1739743854.bin
15307,1267423,CGMCC 1.12402,1267423.4,7,https://ftp.ncbi.nlm.nih.gov/genomes/all/GCF/900/111/145/GCF_900111145.1_IMG-taxon_2667527390_annotated_assembly,7,1267423.4.fna,GCF_900111145.1_IMG-taxon_2667527390_annotated_assembly_genomic.fna, 4660771, 4660771,1267423.4.fna_vs_GCF_900111145.1_IMG-taxon_2667527390_annotated_assembly_genomic.fna_blast.xml,0,0,0,0,0,0,0,0,4660771,0,0,0,0,0,0,1267423_subject_array_1739743856.bin
16069,1280,112620037-1,1280.16046,7,https://ftp.ncbi.nlm.nih.gov/genomes/all/GCF/003/017/595/GCF_003017595.1_ASM301759v1,7,1280.16046.fna,GCF_003017595.1_ASM301759v1_genomic.fna, 2840240, 2840240,1280.16046.fna_vs_GCF_003017595.1_ASM301759v1_genomic.fna_blast.xml,0,0,0,0,0,0,0,0,2840240,0,0,0,0,0,0,1280_subject_array_1739743858.bin
16168,1280,150090019-1,1280.16043,7,https://ftp.ncbi.nlm.nih.gov/genomes/all/GCF/003/017/515/GCF_003017515.1_ASM301751v1,7,1280.16043.fna,GCF_003017515.1_ASM301751v1_genomic.fna, 2866050, 2866050,1280.16043.fna_vs_GCF_003017515.1_ASM301751v1_genomic.fna_blast.xml,0,0,0,0,0,0,0,0,2866050,0,0,0,0,0,0,1280_subject_array_1739743859.bin
16711,1280,324,1280.38453,7,https://ftp.ncbi.nlm.nih.gov/genomes/all/GCF/020/388/845/GCF_020388845.1_ASM2038884v1,7,1280.38453.fna,GCF_020388845.1_ASM2038884v1_genomic.fna, 3123465, 3123465,1280.38453.fna_vs_GCF_020388845.1_ASM2038884v1_genomic.fna_blast.xml,0,0,0,0,0,0,0,0,3123465,0,0,0,0,0,0,1280_subject_array_1739743861.bin
16761,1280,364P,1280.14674,7,https://ftp.ncbi.nlm.nih.gov/genomes/all/GCF/002/572/875/GCF_002572875.1_ASM257287v1,7,1280.14674.fna,GCF_002572875.1_ASM257287v1_genomic.fna, 2797992, 2797992,1280.14674.fna_vs_GCF_002572875.1_ASM257287v1_genomic.fna_blast.xml,0,0,0,0,0,0,0,239,2797753,0,0,0,0,0,0,1280_subject_array_1739743862.bin
22724,1280,NCTC7972,1280.18063,7,https://ftp.ncbi.nlm.nih.gov/genomes/all/GCF/900/457/745/GCF_900457745.1_40574_G02,7,1280.18063.fna,GCF_900457745.1_40574_G02_genomic.fna, 3127512, 3127512,1280.18063.fna_vs_GCF_900457745.1_40574_G02_genomic.fna_blast.xml,0,0,0,0,0,0,0,0,3127503,0,0,0,9,0,0,1280_subject_array_1739743864.bin
23311,1280,S108,1280.38482,7,https://ftp.ncbi.nlm.nih.gov/genomes/all/GCF/021/311/195/GCF_021311195.1_ASM2131119v1,7,1280.38482.fna,GCF_021311195.1_ASM2131119v1_genomic.fna, 2834503, 2834503,1280.38482.fna_vs_GCF_021311195.1_ASM2131119v1_genomic.fna_blast.xml,0,0,0,0,0,0,0,0,2834503,0,0,0,0,0,0,1280_subject_array_1739743866.bin
24690,1280,Taliyah,1280.44450,7,https://ftp.ncbi.nlm.nih.gov/genomes/all/GCF/026/625/305/GCF_026625305.1_ASM2662530v1,7,1280.44450.fna,GCF_026625305.1_ASM2662530v1_genomic.fna, 3218685, 3218685,1280.44450.fna_vs_GCF_026625305.1_ASM2662530v1_genomic.fna_blast.xml,0,0,0,0,0,0,3,0,3218674,0,0,1,7,0,0,1280_subject_array_1739743868.bin
25532,1280,WCH-SK2 SCV,1280.17720,7,https://ftp.ncbi.nlm.nih.gov/genomes/all/GCF/003/390/315/GCF_003390315.1_ASM339031v1,7,1280.17720.fna,GCF_003390315.1_ASM339031v1_genomic.fna, 2975516, 2975516,1280.17720.fna_vs_GCF_003390315.1_ASM339031v1_genomic.fna_blast.xml,0,0,0,0,0,0,1,0,2975513,0,0,2,0,0,0,1280_subject_array_1739743870.bin
26519,1282,45A5,1282.4741,7,https://ftp.ncbi.nlm.nih.gov/genomes/all/GCF/021/496/035/GCF_021496035.1_ASM2149603v1,7,1282.4741.fna,GCF_021496035.1_ASM2149603v1_genomic.fna, 2590689, 2590689,1282.4741.fna_vs_GCF_021496035.1_ASM2149603v1_genomic.fna_blast.xml,0,0,0,0,0,0,0,0,2590689,0,0,0,0,0,0,1282_subject_array_1739743872.bin
26846,1282,C100,1282.4871,7,https://ftp.ncbi.nlm.nih.gov/genomes/all/GCF/022/832/915/GCF_022832915.1_ASM2283291v1,7,1282.4871.fna,GCF_022832915.1_ASM2283291v1_genomic.fna, 2541647, 2541647,1282.4871.fna_vs_GCF_022832915.1_ASM2283291v1_genomic.fna_blast.xml,0,0,0,0,0,0,0,0,2541647,0,0,0,0,0,0,1282_subject_array_1739743874.bin
26847,1282,C101,1282.4873,7,https://ftp.ncbi.nlm.nih.gov/genomes/all/GCF/022/832/935/GCF_022832935.1_ASM2283293v1,7,1282.4873.fna,GCF_022832935.1_ASM2283293v1_genomic.fna, 2541905, 2541905,1282.4873.fna_vs_GCF_022832935.1_ASM2283293v1_genomic.fna_blast.xml,0,0,0,0,0,0,3,0,2541880,0,3,19,0,0,0,1282_subject_array_1739743875.bin
27536,1282,SEA37,1282.7107,7,https://ftp.ncbi.nlm.nih.gov/genomes/all/GCF/038/116/975/GCF_038116975.1_SEA37,7,1282.7107.fna,GCF_038116975.1_SEA37_genomic.fna, 2544109, 2544109,1282.7107.fna_vs_GCF_038116975.1_SEA37_genomic.fna_blast.xml,0,0,0,0,0,0,0,0,2544109,0,0,0,0,0,0,1282_subject_array_1739743877.bin
28538,1286,DRD-15,1286.210,7,https://ftp.ncbi.nlm.nih.gov/genomes/all/GCF/030/971/245/GCF_030971245.1_ASM3097124v1,7,1286.210.fna,GCF_030971245.1_ASM3097124v1_genomic.fna, 2680705, 2680705,1286.210.fna_vs_GCF_030971245.1_ASM3097124v1_genomic.fna_blast.xml,0,0,0,0,0,0,0,3836,2676842,0,0,8,19,0,0,1286_subject_array_1739743878.bin
28899,1288293,QOC1,1288293.3,7,https://ftp.ncbi.nlm.nih.gov/genomes/all/GCF/000/689/335/GCF_000689335.1_QOC1_04122011,7,1288293.3.fna,GCF_000689335.1_QOC1_04122011_genomic.fna, 2931460, 2931460,1288293.3.fna_vs_GCF_000689335.1_QOC1_04122011_genomic.fna_blast.xml,0,0,0,0,0,0,0,0,2931460,0,0,0,0,0,0,1288293_subject_array_1739743879.bin
28996,1290,706569/1,1290.468,7,https://ftp.ncbi.nlm.nih.gov/genomes/all/GCF/024/586/465/GCF_024586465.1_ASM2458646v1,7,1290.468.fna,GCF_024586465.1_ASM2458646v1_genomic.fna, 2494841, 2494841,1290.468.fna_vs_GCF_024586465.1_ASM2458646v1_genomic.fna_blast.xml,0,0,0,0,0,0,0,0,2494841,0,0,0,0,0,0,1290_subject_array_1739743881.bin
29066,1290,FDAARGOS_136,1290.115,7,https://ftp.ncbi.nlm.nih.gov/genomes/all/GCF/002/954/105/GCF_002954105.1_ASM295410v1,7,1290.115.fna,GCF_002954105.1_ASM295410v1_genomic.fna, 2268051, 2268051,1290.115.fna_vs_GCF_002954105.1_ASM295410v1_genomic.fna_blast.xml,0,0,0,0,0,0,0,0,2268051,0,0,0,0,0,0,1290_subject_array_1739743882.bin
29527,1292,WB224,1292.156,7,https://ftp.ncbi.nlm.nih.gov/genomes/all/GCF/013/137/955/GCF_013137955.1_ASM1313795v1,7,1292.156.fna,GCF_013137955.1_ASM1313795v1_genomic.fna, 2571966, 2571966,1292.156.fna_vs_GCF_013137955.1_ASM1313795v1_genomic.fna_blast.xml,0,0,0,0,0,0,0,0,2571966,0,0,0,0,0,0,1292_subject_array_1739743883.bin
29803,1295772,TKK_02_0056,1295772.3,7,https://ftp.ncbi.nlm.nih.gov/genomes/all/GCF/000/659/765/GCF_000659765.1_Myco_tube_TKK_02_0056_V1,7,1295772.3.fna,GCF_000659765.1_Myco_tube_TKK_02_0056_V1_genomic.fna, 4398211, 4398883,1295772.3.fna_vs_GCF_000659765.1_Myco_tube_TKK_02_0056_V1_genomic.fna_blast.xml,0,0,0,0,0,0,0,615,4398211,0,50,1,6,0,0,1295772_subject_array_1739743885.bin
29811,1295781,TKK_02_0065,1295781.3,7,https://ftp.ncbi.nlm.nih.gov/genomes/all/GCF/000/659/865/GCF_000659865.1_Myco_tube_TKK_02_0065_V1,7,1295781.3.fna,GCF_000659865.1_Myco_tube_TKK_02_0065_V1_genomic.fna, 4397479, 4398895,1295781.3.fna_vs_GCF_000659865.1_Myco_tube_TKK_02_0065_V1_genomic.fna_blast.xml,0,0,0,0,0,0,0,1376,4397479,0,40,0,0,0,0,1295781_subject_array_1739743887.bin
29857,1296,ATCC 29059,147467.15,7,https://ftp.ncbi.nlm.nih.gov/genomes/all/GCF/900/117/375/GCF_900117375.1_SSCIU,7,147467.15.fna,GCF_900117375.1_SSCIU_genomic.fna, 2744246, 2744246,147467.15.fna_vs_GCF_900117375.1_SSCIU_genomic.fna_blast.xml,0,0,0,0,0,0,0,94,2744149,0,0,3,0,0,0,147467_subject_array_1739743889.bin
30783,1303,SK143,1303.44,7,https://ftp.ncbi.nlm.nih.gov/genomes/all/GCF/000/722/845/GCF_000722845.1_ASM72284v1,7,1303.44.fna,GCF_000722845.1_ASM72284v1_genomic.fna, 2043121, 2043121,1303.44.fna_vs_GCF_000722845.1_ASM72284v1_genomic.fna_blast.xml,0,0,0,0,0,0,0,0,2043121,0,0,0,0,0,0,1303_subject_array_1739743889.bin
31019,1304874,DSM 16581,1304874.5,7,https://ftp.ncbi.nlm.nih.gov/genomes/all/GCF/000/526/375/GCF_000526375.1_ASM52637v1,7,1304874.5.fna,GCF_000526375.1_ASM52637v1_genomic.fna, 3223212, 3223212,1304874.5.fna_vs_GCF_000526375.1_ASM52637v1_genomic.fna_blast.xml,0,0,0,0,0,0,0,0,3223212,0,0,0,0,0,0,1304874_subject_array_1739743891.bin
33666,1309,19CLb3,1309.687,7,https://ftp.ncbi.nlm.nih.gov/genomes/all/GCF/032/379/655/GCF_032379655.1_ASM3237965v1,7,1309.687.fna,GCF_032379655.1_ASM3237965v1_genomic.fna, 1939537, 1939537,1309.687.fna_vs_GCF_032379655.1_ASM3237965v1_genomic.fna_blast.xml,0,0,0,0,0,0,0,0,1939537,0,0,0,0,0,0,1309_subject_array_1739743892.bin
33780,1309,UAB-20,1309.365,7,https://ftp.ncbi.nlm.nih.gov/genomes/all/GCF/012/642/145/GCF_012642145.1_ASM1264214v1,7,1309.365.fna,GCF_012642145.1_ASM1264214v1_genomic.fna, 1981025, 1981025,1309.365.fna_vs_GCF_012642145.1_ASM1264214v1_genomic.fna_blast.xml,0,0,0,0,0,0,0,0,1981025,0,0,0,0,0,0,1309_subject_array_1739743893.bin
35095,1311,NCTC8017,1311.1753,7,https://ftp.ncbi.nlm.nih.gov/genomes/all/GCF/900/459/075/GCF_900459075.1_42057_D01,7,1311.1753.fna,GCF_900459075.1_42057_D01_genomic.fna, 2253408, 2253408,1311.1753.fna_vs_GCF_900459075.1_42057_D01_genomic.fna_blast.xml,0,0,0,0,0,0,0,0,2253407,0,0,1,0,0,0,1311_subject_array_1739743894.bin
35740,1311337,C9,1311337.3,7,https://ftp.ncbi.nlm.nih.gov/genomes/all/GCF/002/000/165/GCF_002000165.1_C9,7,1311337.3.fna,GCF_002000165.1_C9_genomic.fna, 6350161, 6350161,1311337.3.fna_vs_GCF_002000165.1_C9_genomic.fna_blast.xml,0,0,0,0,0,0,0,20121,6330032,0,0,0,8,0,0,1311337_subject_array_1739743898.bin
37726,1313,NCTC11891,1313.16036,7,https://ftp.ncbi.nlm.nih.gov/genomes/all/GCF/900/459/705/GCF_900459705.1_43071_B02,7,1313.16036.fna,GCF_900459705.1_43071_B02_genomic.fna, 2167059, 2167059,1313.16036.fna_vs_GCF_900459705.1_43071_B02_genomic.fna_blast.xml,0,0,0,0,0,0,0,0,2167059,0,0,0,0,0,0,1313_subject_array_1739743900.bin
42366,1314,31048V3S1,1314.1518,7,https://ftp.ncbi.nlm.nih.gov/genomes/all/GCF/900/987/375/GCF_900987375.1_9262_7_25,7,1314.1518.fna,GCF_900987375.1_9262_7_25_genomic.fna, 1810501, 1810501,1314.1518.fna_vs_GCF_900987375.1_9262_7_25_genomic.fna_blast.xml,0,0,0,0,0,0,0,0,1810501,0,0,0,0,0,0,1314_subject_array_1739743901.bin
42504,1314,33017V1S1,1314.1433,7,https://ftp.ncbi.nlm.nih.gov/genomes/all/GCF/900/986/535/GCF_900986535.1_9262_5_42,7,1314.1433.fna,GCF_900986535.1_9262_5_42_genomic.fna, 1740574, 1740574,1314.1433.fna_vs_GCF_900986535.1_9262_5_42_genomic.fna_blast.xml,0,0,0,0,0,0,0,0,1740574,0,0,0,0,0,0,1314_subject_array_1739743902.bin
42574,1314,33201V1S1,1314.1462,7,https://ftp.ncbi.nlm.nih.gov/genomes/all/GCF/900/986/825/GCF_900986825.1_9262_5_68,7,1314.1462.fna,GCF_900986825.1_9262_5_68_genomic.fna, 1743183, 1743183,1314.1462.fna_vs_GCF_900986825.1_9262_5_68_genomic.fna_blast.xml,0,0,0,0,0,0,0,0,1743183,0,0,0,0,0,0,1314_subject_array_1739743902.bin
43445,1314,K24357,1314.1071,7,https://ftp.ncbi.nlm.nih.gov/genomes/all/GCF/900/982/915/GCF_900982915.1_11791_7_91,7,1314.1071.fna,GCF_900982915.1_11791_7_91_genomic.fna, 1752284, 1752284,1314.1071.fna_vs_GCF_900982915.1_11791_7_91_genomic.fna_blast.xml,0,0,0,0,0,0,0,0,1752284,0,0,0,0,0,0,1314_subject_array_1739743903.bin
44018,1314,NS731,1314.2384,7,https://ftp.ncbi.nlm.nih.gov/genomes/all/GCF/900/996/125/GCF_900996125.1_5749_3_9,7,1314.2384.fna,GCF_900996125.1_5749_3_9_genomic.fna, 1750643, 1750643,1314.2384.fna_vs_GCF_900996125.1_5749_3_9_genomic.fna_blast.xml,0,0,0,0,0,0,0,0,1750643,0,0,0,0,0,0,1314_subject_array_1739743904.bin
44432,1318,BIOML-A10,1318.794,7,https://ftp.ncbi.nlm.nih.gov/genomes/all/GCF/009/717/675/GCF_009717675.1_ASM971767v1,7,1318.794.fna,GCF_009717675.1_ASM971767v1_genomic.fna, 2126190, 2126190,1318.794.fna_vs_GCF_009717675.1_ASM971767v1_genomic.fna_blast.xml,0,0,0,0,0,0,0,0,2126190,0,0,0,0,0,0,1318_subject_array_1739743905.bin
44446,1318,BIOML-A8,1318.790,7,https://ftp.ncbi.nlm.nih.gov/genomes/all/GCF/009/717/715/GCF_009717715.1_ASM971771v1,7,1318.790.fna,GCF_009717715.1_ASM971771v1_genomic.fna, 2126216, 2126216,1318.790.fna_vs_GCF_009717715.1_ASM971771v1_genomic.fna_blast.xml,0,0,0,0,0,0,0,0,2126216,0,0,0,0,0,0,1318_subject_array_1739743906.bin
44665,1324245,TKK-01-0035,1324245.3,7,https://ftp.ncbi.nlm.nih.gov/genomes/all/GCF/000/660/785/GCF_000660785.1_Myco_tube_TKK-01-0035_V1,7,1324245.3.fna,GCF_000660785.1_Myco_tube_TKK-01-0035_V1_genomic.fna, 4411474, 4416147,1324245.3.fna_vs_GCF_000660785.1_Myco_tube_TKK-01-0035_V1_genomic.fna_blast.xml,0,0,0,0,0,0,0,4661,4411476,0,10,0,0,0,0,1324245_subject_array_1739743908.bin
44678,1324258,TKK-01-0048,1324258.3,7,https://ftp.ncbi.nlm.nih.gov/genomes/all/GCF/000/661/025/GCF_000661025.1_Myco_tube_TKK-01-0048_V1,7,1324258.3.fna,GCF_000661025.1_Myco_tube_TKK-01-0048_V1_genomic.fna, 4411660, 4421774,1324258.3.fna_vs_GCF_000661025.1_Myco_tube_TKK-01-0048_V1_genomic.fna_blast.xml,0,0,0,0,0,0,0,10112,4411661,0,0,0,1,0,0,1324258_subject_array_1739743910.bin
44702,1324282,TKK-01-0074,1324282.3,7,https://ftp.ncbi.nlm.nih.gov/genomes/all/GCF/000/661/485/GCF_000661485.1_Myco_tube_TKK-01-0074_V1,7,1324282.3.fna,GCF_000661485.1_Myco_tube_TKK-01-0074_V1_genomic.fna, 4395035, 4403481,1324282.3.fna_vs_GCF_000661485.1_Myco_tube_TKK-01-0074_V1_genomic.fna_blast.xml,0,0,0,0,0,0,0,8440,4395041,0,0,0,0,0,0,1324282_subject_array_1739743913.bin
44720,13243,DSM 4813,13243.3,7,https://ftp.ncbi.nlm.nih.gov/genomes/all/GCF/006/716/265/GCF_006716265.1_ASM671626v1,7,13243.3.fna,GCF_006716265.1_ASM671626v1_genomic.fna, 2804931, 2804931,13243.3.fna_vs_GCF_006716265.1_ASM671626v1_genomic.fna_blast.xml,0,0,0,0,0,0,0,0,2804931,0,0,0,0,0,0,13243_subject_array_1739743914.bin
44830,1325358,LY60,1325358.12,7,https://ftp.ncbi.nlm.nih.gov/genomes/all/GCF/030/348/445/GCF_030348445.1_ASM3034844v1,7,1325358.12.fna,GCF_030348445.1_ASM3034844v1_genomic.fna, 7046224, 7046224,1325358.12.fna_vs_GCF_030348445.1_ASM3034844v1_genomic.fna_blast.xml,0,0,0,0,0,0,0,0,7046224,0,0,0,0,0,0,1325358_subject_array_1739743917.bin
45073,1328306,Mim1,1328306.3,7,https://ftp.ncbi.nlm.nih.gov/genomes/all/GCF/000/442/435/GCF_000442435.1_ASM44243v1,7,1328306.3.fna,GCF_000442435.1_ASM44243v1_genomic.fna, 7197998, 7197998,1328306.3.fna_vs_GCF_000442435.1_ASM44243v1_genomic.fna_blast.xml,0,0,0,0,0,0,0,0,7197994,0,0,4,0,0,0,1328306_subject_array_1739743921.bin
45076,1328314,NCIMB 8003,1328314.4,7,https://ftp.ncbi.nlm.nih.gov/genomes/all/GCF/000/817/975/GCF_000817975.1_ASM81797v1,7,1328314.4.fna,GCF_000817975.1_ASM81797v1_genomic.fna, 5192286, 5192286,1328314.4.fna_vs_GCF_000817975.1_ASM81797v1_genomic.fna_blast.xml,0,0,0,0,0,0,0,0,5192286,0,0,0,0,0,0,1328314_subject_array_1739743924.bin
45092,1328341,80-1399,1328341.3,7,https://ftp.ncbi.nlm.nih.gov/genomes/all/GCF/000/478/665/GCF_000478665.1_Bruc_abor_biovar_1_80-1399_V1,7,1328341.3.fna,GCF_000478665.1_Bruc_abor_biovar_1_80-1399_V1_genomic.fna, 3281870, 3281870,1328341.3.fna_vs_GCF_000478665.1_Bruc_abor_biovar_1_80-1399_V1_genomic.fna_blast.xml,0,0,0,0,0,0,0,0,3281870,0,0,0,0,0,0,1328341_subject_array_1739743926.bin
45278,1329825,MGH 16,1329825.3,7,https://ftp.ncbi.nlm.nih.gov/genomes/all/GCF/000/493/175/GCF_000493175.1_Ente_cloa_complex_MGH_16_V1,7,1329825.3.fna,GCF_000493175.1_Ente_cloa_complex_MGH_16_V1_genomic.fna, 4924761, 4926572,1329825.3.fna_vs_GCF_000493175.1_Ente_cloa_complex_MGH_16_V1_genomic.fna_blast.xml,0,0,0,0,0,0,0,1768,4924761,0,40,0,3,0,0,1329825_subject_array_1739743928.bin
45701,1335,FMD1,1335.157,7,https://ftp.ncbi.nlm.nih.gov/genomes/all/GCF/004/525/775/GCF_004525775.1_ASM452577v1,7,1335.157.fna,GCF_004525775.1_ASM452577v1_genomic.fna, 1935083, 1935083,1335.157.fna_vs_GCF_004525775.1_ASM452577v1_genomic.fna_blast.xml,0,0,0,0,0,0,0,0,1935083,0,0,0,0,0,0,1335_subject_array_1739743929.bin
45863,1337,NCTC12224,1337.4,7,https://ftp.ncbi.nlm.nih.gov/genomes/all/GCF/900/459/405/GCF_900459405.1_41965_B01,7,1337.4.fna,GCF_900459405.1_41965_B01_genomic.fna, 2553358, 2553358,1337.4.fna_vs_GCF_900459405.1_41965_B01_genomic.fna_blast.xml,0,0,0,0,0,0,0,0,2553358,0,0,0,0,0,0,1337_subject_array_1739743932.bin
45948,1338,15-03-11,1338.78,7,https://ftp.ncbi.nlm.nih.gov/genomes/all/GCF/008/633/485/GCF_008633485.1_ASM863348v1,7,1338.78.fna,GCF_008633485.1_ASM863348v1_genomic.fna, 1813578, 1813578,1338.78.fna_vs_GCF_008633485.1_ASM863348v1_genomic.fna_blast.xml,0,0,0,0,0,0,0,0,1813578,0,0,0,0,0,0,1338_subject_array_1739743932.bin
45966,1338,S01,1338.98,7,https://ftp.ncbi.nlm.nih.gov/genomes/all/GCF/023/110/255/GCF_023110255.1_ASM2311025v1,7,1338.98.fna,GCF_023110255.1_ASM2311025v1_genomic.fna, 2091190, 2091190,1338.98.fna_vs_GCF_023110255.1_ASM2311025v1_genomic.fna_blast.xml,0,0,0,0,0,0,0,300,2090890,0,0,0,0,0,0,1338_subject_array_1739743933.bin
46152,1340495,I5007,1340495.3,7,https://ftp.ncbi.nlm.nih.gov/genomes/all/GCF/000/410/995/GCF_000410995.1_ASM41099v1,7,1340495.3.fna,GCF_000410995.1_ASM41099v1_genomic.fna, 2093275, 2093275,1340495.3.fna_vs_GCF_000410995.1_ASM41099v1_genomic.fna_blast.xml,0,0,0,0,0,0,0,0,2093274,0,1,0,0,0,0,1340495_subject_array_1739743934.bin
46236,1343,22-06 S6,1343.5,7,https://ftp.ncbi.nlm.nih.gov/genomes/all/GCF/001/657/915/GCF_001657915.1_ASM165791v1,7,1343.5.fna,GCF_001657915.1_ASM165791v1_genomic.fna, 1882671, 1882671,1343.5.fna_vs_GCF_001657915.1_ASM165791v1_genomic.fna_blast.xml,0,0,0,0,0,0,0,0,1882671,0,0,0,0,0,0,1343_subject_array_1739743935.bin
46270,1343896,JC215,1343896.3,7,https://ftp.ncbi.nlm.nih.gov/genomes/all/GCF/023/630/255/GCF_023630255.1_ASM2363025v1,7,1343896.3.fna,GCF_023630255.1_ASM2363025v1_genomic.fna, 4149358, 4149358,1343896.3.fna_vs_GCF_023630255.1_ASM2363025v1_genomic.fna_blast.xml,0,0,0,0,0,0,0,0,4149358,0,0,0,0,0,0,1343896_subject_array_1739743937.bin
46323,134537,FDAARGOS_245,134537.13,7,https://ftp.ncbi.nlm.nih.gov/genomes/all/GCF/002/891/075/GCF_002891075.1_ASM289107v1,7,134537.13.fna,GCF_002891075.1_ASM289107v1_genomic.fna, 9009624, 9009624,134537.13.fna_vs_GCF_002891075.1_ASM289107v1_genomic.fna_blast.xml,0,0,0,0,0,0,13,0,9009607,0,3,1,0,0,0,134537_subject_array_1739743941.bin
46392,1345700,1670,1345700.10,7,https://ftp.ncbi.nlm.nih.gov/genomes/all/GCF/001/188/335/GCF_001188335.1_DYA_1,7,1345700.10.fna,GCF_001188335.1_DYA_1_genomic.fna, 4718815, 4718815,1345700.10.fna_vs_GCF_001188335.1_DYA_1_genomic.fna_blast.xml,0,0,0,0,0,0,0,0,4718815,0,0,0,0,0,0,1345700_subject_array_1739743944.bin
46600,134821,UPA6,134821.51,7,https://ftp.ncbi.nlm.nih.gov/genomes/all/GCF/037/405/195/GCF_037405195.1_ASM3740519v1,7,134821.51.fna,GCF_037405195.1_ASM3740519v1_genomic.fna,  749268,  749268,134821.51.fna_vs_GCF_037405195.1_ASM3740519v1_genomic.fna_blast.xml,0,0,0,0,0,0,0,0,749268,0,0,0,0,0,0,134821_subject_array_1739743944.bin
46601,134821,UPA937,134821.50,7,https://ftp.ncbi.nlm.nih.gov/genomes/all/GCF/037/405/295/GCF_037405295.1_ASM3740529v1,7,134821.50.fna,GCF_037405295.1_ASM3740529v1_genomic.fna,  725160,  725160,134821.50.fna_vs_GCF_037405295.1_ASM3740529v1_genomic.fna_blast.xml,0,0,0,0,0,0,0,0,725160,0,0,0,0,0,0,134821_subject_array_1739743944.bin
46613,1348272,JCM 19129,1348272.3,7,https://ftp.ncbi.nlm.nih.gov/genomes/all/GCF/039/544/555/GCF_039544555.1_ASM3954455v1,7,1348272.3.fna,GCF_039544555.1_ASM3954455v1_genomic.fna, 3036891, 3036891,1348272.3.fna_vs_GCF_039544555.1_ASM3954455v1_genomic.fna_blast.xml,0,0,0,0,0,0,0,111,3036780,0,0,0,0,0,0,1348272_subject_array_1739743945.bin
46632,1348623,ATCC 14581,1348623.7,7,https://ftp.ncbi.nlm.nih.gov/genomes/all/GCF/000/832/985/GCF_000832985.1_ASM83298v1,7,1348623.7.fna,GCF_000832985.1_ASM83298v1_genomic.fna, 5746640, 5746640,1348623.7.fna_vs_GCF_000832985.1_ASM83298v1_genomic.fna_blast.xml,0,0,0,0,0,0,0,0,5746640,0,0,0,0,0,0,1348623_subject_array_1739743948.bin
46690,1348852,DSM 27763,1348852.4,7,https://ftp.ncbi.nlm.nih.gov/genomes/all/GCF/002/797/495/GCF_002797495.1_ASM279749v1,7,1348852.4.fna,GCF_002797495.1_ASM279749v1_genomic.fna, 4402465, 4402465,1348852.4.fna_vs_GCF_002797495.1_ASM279749v1_genomic.fna_blast.xml,0,0,0,0,0,0,0,0,4402465,0,0,0,0,0,0,1348852_subject_array_1739743950.bin
46961,1351,1207/14,1351.5173,7,https://ftp.ncbi.nlm.nih.gov/genomes/all/GCF/018/986/755/GCF_018986755.2_ASM1898675v2,7,1351.5173.fna,GCF_018986755.2_ASM1898675v2_genomic.fna, 3485020, 3485032,1351.5173.fna_vs_GCF_018986755.2_ASM1898675v2_genomic.fna_blast.xml,0,0,0,0,0,0,0,0,3485020,0,12,0,0,0,0,1351_subject_array_1739743952.bin
47825,1351,B2535,1351.886,7,https://ftp.ncbi.nlm.nih.gov/genomes/all/GCF/003/046/965/GCF_003046965.1_ASM304696v1,7,1351.886.fna,GCF_003046965.1_ASM304696v1_genomic.fna, 3417766, 3417766,1351.886.fna_vs_GCF_003046965.1_ASM304696v1_genomic.fna_blast.xml,0,0,0,0,0,0,0,0,3417766,0,0,0,0,0,0,1351_subject_array_1739743953.bin
47988,1351,CHH13,1351.9894,7,https://ftp.ncbi.nlm.nih.gov/genomes/all/GCF/029/734/715/GCF_029734715.1_ASM2973471v1,7,1351.9894.fna,GCF_029734715.1_ASM2973471v1_genomic.fna, 2578677, 2578677,1351.9894.fna_vs_GCF_029734715.1_ASM2973471v1_genomic.fna_blast.xml,0,0,0,0,0,0,0,0,2578677,0,0,0,0,0,0,1351_subject_array_1739743954.bin
48655,1351,JF3A-4253,1351.6776,7,https://ftp.ncbi.nlm.nih.gov/genomes/all/GCF/024/579/795/GCF_024579795.1_ASM2457979v1,7,1351.6776.fna,GCF_024579795.1_ASM2457979v1_genomic.fna, 3047376, 3047376,1351.6776.fna_vs_GCF_024579795.1_ASM2457979v1_genomic.fna_blast.xml,0,0,0,0,0,0,0,0,3047376,0,0,0,0,0,0,1351_subject_array_1739743955.bin
48788,1351,LIT10 A36,1351.1328,7,https://ftp.ncbi.nlm.nih.gov/genomes/all/GCF/003/796/585/GCF_003796585.1_ASM379658v1,7,1351.1328.fna,GCF_003796585.1_ASM379658v1_genomic.fna, 2644065, 2644065,1351.1328.fna_vs_GCF_003796585.1_ASM379658v1_genomic.fna_blast.xml,0,0,0,0,0,0,0,0,2644065,0,0,0,0,0,0,1351_subject_array_1739743956.bin
49918,1352,11F4_DIV0686,1352.1734,7,https://ftp.ncbi.nlm.nih.gov/genomes/all/GCF/002/140/385/GCF_002140385.1_ASM214038v1,7,1352.1734.fna,GCF_002140385.1_ASM214038v1_genomic.fna, 3045244, 3045244,1352.1734.fna_vs_GCF_002140385.1_ASM214038v1_genomic.fna_blast.xml,0,0,0,0,0,0,0,112006,2933232,0,0,0,6,0,0,1352_subject_array_1739743958.bin
49921,1352,11F9_MSG5001_a,1352.1735,7,https://ftp.ncbi.nlm.nih.gov/genomes/all/GCF/002/140/415/GCF_002140415.1_ASM214041v1,7,1352.1735.fna,GCF_002140415.1_ASM214041v1_genomic.fna, 2662764, 2662764,1352.1735.fna_vs_GCF_002140415.1_ASM214041v1_genomic.fna_blast.xml,0,0,0,0,0,0,0,53945,2608817,0,0,0,2,0,0,1352_subject_array_1739743959.bin
49973,1352,14-312-1,1352.3522,7,https://ftp.ncbi.nlm.nih.gov/genomes/all/GCF/002/973/685/GCF_002973685.1_ASM297368v1,7,1352.3522.fna,GCF_002973685.1_ASM297368v1_genomic.fna, 2762438, 2762438,1352.3522.fna_vs_GCF_002973685.1_ASM297368v1_genomic.fna_blast.xml,0,0,0,0,0,0,0,10381,2752012,0,0,3,42,0,0,1352_subject_array_1739743960.bin
50015,1352,16-021,1352.12860,7,https://ftp.ncbi.nlm.nih.gov/genomes/all/GCF/018/517/105/GCF_018517105.1_ASM1851710v1,7,1352.12860.fna,GCF_018517105.1_ASM1851710v1_genomic.fna, 2908103, 2908103,1352.12860.fna_vs_GCF_018517105.1_ASM1851710v1_genomic.fna_blast.xml,0,0,0,0,0,0,0,0,2908103,0,0,0,0,0,0,1352_subject_array_1739743962.bin
50121,1352,1F1_DIV0518,1352.1754,7,https://ftp.ncbi.nlm.nih.gov/genomes/all/GCF/002/141/175/GCF_002141175.1_ASM214117v1,7,1352.1754.fna,GCF_002141175.1_ASM214117v1_genomic.fna, 3122689, 3122689,1352.1754.fna_vs_GCF_002141175.1_ASM214117v1_genomic.fna_blast.xml,0,0,0,0,0,0,0,66371,3056312,0,0,0,6,0,0,1352_subject_array_1739743963.bin
50140,1352,2016N17-104,1352.18416,7,https://ftp.ncbi.nlm.nih.gov/genomes/all/GCF/038/441/015/GCF_038441015.1_ASM3844101v1,7,1352.18416.fna,GCF_038441015.1_ASM3844101v1_genomic.fna, 3173327, 3173327,1352.18416.fna_vs_GCF_038441015.1_ASM3844101v1_genomic.fna_blast.xml,0,0,0,0,0,0,0,0,3173327,0,0,0,0,0,0,1352_subject_array_1739743965.bin
50143,1352,2016S06-219,1352.18420,7,https://ftp.ncbi.nlm.nih.gov/genomes/all/GCF/038/441/125/GCF_038441125.1_ASM3844112v1,7,1352.18420.fna,GCF_038441125.1_ASM3844112v1_genomic.fna, 3142746, 3142746,1352.18420.fna_vs_GCF_038441125.1_ASM3844112v1_genomic.fna_blast.xml,0,0,0,0,0,0,0,0,3142746,0,0,0,0,0,0,1352_subject_array_1739743967.bin
50144,1352,2016S09-053,1352.18419,7,https://ftp.ncbi.nlm.nih.gov/genomes/all/GCF/038/441/115/GCF_038441115.1_ASM3844111v1,7,1352.18419.fna,GCF_038441115.1_ASM3844111v1_genomic.fna, 3174886, 3174886,1352.18419.fna_vs_GCF_038441115.1_ASM3844111v1_genomic.fna_blast.xml,0,0,0,0,0,0,0,0,3174886,0,0,0,0,0,0,1352_subject_array_1739743969.bin
50386,1352,8E4_DIV03290,1352.1746,7,https://ftp.ncbi.nlm.nih.gov/genomes/all/GCF/002/140/895/GCF_002140895.1_ASM214089v1,7,1352.1746.fna,GCF_002140895.1_ASM214089v1_genomic.fna, 2838892, 2838892,1352.1746.fna_vs_GCF_002140895.1_ASM214089v1_genomic.fna_blast.xml,0,0,0,0,0,0,0,19364,2819478,0,0,4,46,0,0,1352_subject_array_1739743970.bin
50420,1352,A13,1352.3631,7,https://ftp.ncbi.nlm.nih.gov/genomes/all/GCF/003/268/245/GCF_003268245.1_ASM326824v1,7,1352.3631.fna,GCF_003268245.1_ASM326824v1_genomic.fna, 3251423, 3251423,1352.3631.fna_vs_GCF_003268245.1_ASM326824v1_genomic.fna_blast.xml,0,0,0,0,0,0,0,0,3251423,0,0,0,0,0,0,1352_subject_array_1739743972.bin
50440,1352,AA622,1352.14021,7,https://ftp.ncbi.nlm.nih.gov/genomes/all/GCF/019/977/575/GCF_019977575.1_ASM1997757v1,7,1352.14021.fna,GCF_019977575.1_ASM1997757v1_genomic.fna, 3272503, 3272503,1352.14021.fna_vs_GCF_019977575.1_ASM1997757v1_genomic.fna_blast.xml,0,0,0,0,0,0,0,0,3272503,0,0,0,0,0,0,1352_subject_array_1739743974.bin
51012,1352,DRD-156,1352.14579,7,https://ftp.ncbi.nlm.nih.gov/genomes/all/GCF/023/743/905/GCF_023743905.1_ASM2374390v1,7,1352.14579.fna,GCF_023743905.1_ASM2374390v1_genomic.fna, 2782791, 2782791,1352.14579.fna_vs_GCF_023743905.1_ASM2374390v1_genomic.fna_blast.xml,0,0,0,0,0,0,0,2793,2779992,0,0,0,6,0,0,1352_subject_array_1739743975.bin
51014,1352,DRD-159,1352.14578,7,https://ftp.ncbi.nlm.nih.gov/genomes/all/GCF/023/743/935/GCF_023743935.1_ASM2374393v1,7,1352.14578.fna,GCF_023743935.1_ASM2374393v1_genomic.fna, 2756540, 2756540,1352.14578.fna_vs_GCF_023743935.1_ASM2374393v1_genomic.fna_blast.xml,0,0,0,0,0,0,0,2797,2753743,0,0,0,0,0,0,1352_subject_array_1739743977.bin
51022,1352,DRD-6,1352.14568,7,https://ftp.ncbi.nlm.nih.gov/genomes/all/GCF/023/743/605/GCF_023743605.1_ASM2374360v1,7,1352.14568.fna,GCF_023743605.1_ASM2374360v1_genomic.fna, 2792642, 2792642,1352.14568.fna_vs_GCF_023743605.1_ASM2374360v1_genomic.fna_blast.xml,0,0,0,0,0,0,0,2787,2789845,0,0,2,8,0,0,1352_subject_array_1739743978.bin
51039,1352,Dallas 1,1352.12323,7,https://ftp.ncbi.nlm.nih.gov/genomes/all/GCF/015/999/605/GCF_015999605.1_ASM1599960v1,7,1352.12323.fna,GCF_015999605.1_ASM1599960v1_genomic.fna, 3188658, 3188658,1352.12323.fna_vs_GCF_015999605.1_ASM1599960v1_genomic.fna_blast.xml,0,0,0,0,0,0,0,0,3188658,0,0,0,0,0,0,1352_subject_array_1739743980.bin
51040,1352,Dallas 100_1,1352.12350,7,https://ftp.ncbi.nlm.nih.gov/genomes/all/GCF/016/415/285/GCF_016415285.1_ASM1641528v1,7,1352.12350.fna,GCF_016415285.1_ASM1641528v1_genomic.fna, 3240912, 3240912,1352.12350.fna_vs_GCF_016415285.1_ASM1641528v1_genomic.fna_blast.xml,0,0,0,0,0,0,0,0,3240908,0,0,4,0,0,0,1352_subject_array_1739743982.bin
51043,1352,Dallas 107_1,1352.12349,7,https://ftp.ncbi.nlm.nih.gov/genomes/all/GCF/016/415/325/GCF_016415325.1_ASM1641532v1,7,1352.12349.fna,GCF_016415325.1_ASM1641532v1_genomic.fna, 3182127, 3182127,1352.12349.fna_vs_GCF_016415325.1_ASM1641532v1_genomic.fna_blast.xml,0,0,0,0,0,0,0,0,3182123,0,0,4,0,0,0,1352_subject_array_1739743984.bin
51050,1352,Dallas 131_2,1352.12357,7,https://ftp.ncbi.nlm.nih.gov/genomes/all/GCF/016/415/465/GCF_016415465.1_ASM1641546v1,7,1352.12357.fna,GCF_016415465.1_ASM1641546v1_genomic.fna, 3186322, 3186322,1352.12357.fna_vs_GCF_016415465.1_ASM1641546v1_genomic.fna_blast.xml,0,0,0,0,0,0,0,0,3186322,0,0,0,0,0,0,1352_subject_array_1739743986.bin
51060,1352,Dallas 163_1,1352.12358,7,https://ftp.ncbi.nlm.nih.gov/genomes/all/GCF/016/415/485/GCF_016415485.1_ASM1641548v1,7,1352.12358.fna,GCF_016415485.1_ASM1641548v1_genomic.fna, 3095810, 3095810,1352.12358.fna_vs_GCF_016415485.1_ASM1641548v1_genomic.fna_blast.xml,0,0,0,0,0,0,0,0,3095810,0,0,0,0,0,0,1352_subject_array_1739743987.bin
51063,1352,Dallas 17_1,1352.12337,7,https://ftp.ncbi.nlm.nih.gov/genomes/all/GCF/016/406/445/GCF_016406445.1_ASM1640644v1,7,1352.12337.fna,GCF_016406445.1_ASM1640644v1_genomic.fna, 3113138, 3113138,1352.12337.fna_vs_GCF_016406445.1_ASM1640644v1_genomic.fna_blast.xml,0,0,0,0,0,0,0,0,3113138,0,0,0,0,0,0,1352_subject_array_1739743989.bin
51073,1352,Dallas 57,1352.12342,7,https://ftp.ncbi.nlm.nih.gov/genomes/all/GCF/016/406/565/GCF_016406565.1_ASM1640656v1,7,1352.12342.fna,GCF_016406565.1_ASM1640656v1_genomic.fna, 3188727, 3188727,1352.12342.fna_vs_GCF_016406565.1_ASM1640656v1_genomic.fna_blast.xml,0,0,0,0,0,0,0,0,3188727,0,0,0,0,0,0,1352_subject_array_1739743991.bin
51079,1352,Dallas 91,1352.12333,7,https://ftp.ncbi.nlm.nih.gov/genomes/all/GCF/016/406/345/GCF_016406345.1_ASM1640634v1,7,1352.12333.fna,GCF_016406345.1_ASM1640634v1_genomic.fna, 3178613, 3178613,1352.12333.fna_vs_GCF_016406345.1_ASM1640634v1_genomic.fna_blast.xml,0,0,0,0,0,0,0,0,3178613,0,0,0,0,0,0,1352_subject_array_1739743993.bin
51081,1352,Dallas 93_2,1352.12345,7,https://ftp.ncbi.nlm.nih.gov/genomes/all/GCF/016/406/605/GCF_016406605.1_ASM1640660v1,7,1352.12345.fna,GCF_016406605.1_ASM1640660v1_genomic.fna, 3172134, 3172134,1352.12345.fna_vs_GCF_016406605.1_ASM1640660v1_genomic.fna_blast.xml,0,0,0,0,0,0,2,0,3172129,0,0,3,0,0,0,1352_subject_array_1739743995.bin
51116,1352,E745,1352.1358,7,https://ftp.ncbi.nlm.nih.gov/genomes/all/GCF/001/750/885/GCF_001750885.1_ASM175088v1,7,1352.1358.fna,GCF_001750885.1_ASM175088v1_genomic.fna, 3168410, 3168410,1352.1358.fna_vs_GCF_001750885.1_ASM175088v1_genomic.fna_blast.xml,0,0,0,0,0,0,0,0,3168410,0,0,0,0,0,0,1352_subject_array_1739743997.bin
51136,1352,EF0656,1352.15589,7,https://ftp.ncbi.nlm.nih.gov/genomes/all/GCF/027/286/245/GCF_027286245.1_ASM2728624v1,7,1352.15589.fna,GCF_027286245.1_ASM2728624v1_genomic.fna, 3060378, 3060378,1352.15589.fna_vs_GCF_027286245.1_ASM2728624v1_genomic.fna_blast.xml,0,0,0,0,0,0,0,0,3060378,0,0,0,0,0,0,1352_subject_array_1739743998.bin
51422,1352,FDAARGOS_326,1352.3415,7,https://ftp.ncbi.nlm.nih.gov/genomes/all/GCF/002/891/275/GCF_002891275.1_ASM289127v1,7,1352.3415.fna,GCF_002891275.1_ASM289127v1_genomic.fna, 3272765, 3272765,1352.3415.fna_vs_GCF_002891275.1_ASM289127v1_genomic.fna_blast.xml,0,0,0,0,0,0,0,0,3272762,0,0,3,0,0,0,1352_subject_array_1739744000.bin
51623,1352,ISMMS_VRE_11,1352.1716,7,https://ftp.ncbi.nlm.nih.gov/genomes/all/GCF/001/721/905/GCF_001721905.1_ASM172190v1,7,1352.1716.fna,GCF_001721905.1_ASM172190v1_genomic.fna, 3140297, 3140297,1352.1716.fna_vs_GCF_001721905.1_ASM172190v1_genomic.fna_blast.xml,0,0,0,0,0,0,0,0,3140297,0,0,0,0,0,0,1352_subject_array_1739744002.bin
51626,1352,ISMMS_VRE_3,1352.1710,7,https://ftp.ncbi.nlm.nih.gov/genomes/all/GCF/001/720/985/GCF_001720985.1_ASM172098v1,7,1352.1710.fna,GCF_001720985.1_ASM172098v1_genomic.fna, 3242711, 3242711,1352.1710.fna_vs_GCF_001720985.1_ASM172098v1_genomic.fna_blast.xml,0,0,0,0,0,0,0,100,3242611,0,0,0,0,0,0,1352_subject_array_1739744004.bin
51627,1352,ISMMS_VRE_4,1352.1711,7,https://ftp.ncbi.nlm.nih.gov/genomes/all/GCF/001/721/005/GCF_001721005.1_ASM172100v1,7,1352.1711.fna,GCF_001721005.1_ASM172100v1_genomic.fna, 3223081, 3223081,1352.1711.fna_vs_GCF_001721005.1_ASM172100v1_genomic.fna_blast.xml,0,0,0,0,0,0,0,466,3222613,0,0,0,2,0,0,1352_subject_array_1739744006.bin
51629,1352,ISMMS_VRE_6,1352.1617,7,https://ftp.ncbi.nlm.nih.gov/genomes/all/GCF/001/953/715/GCF_001953715.1_ASM195371v1,7,1352.1617.fna,GCF_001953715.1_ASM195371v1_genomic.fna, 3089946, 3089946,1352.1617.fna_vs_GCF_001953715.1_ASM195371v1_genomic.fna_blast.xml,0,0,0,0,0,0,0,0,3089946,0,0,0,0,0,0,1352_subject_array_1739744007.bin
51646,1352,JHP9,1352.14876,7,https://ftp.ncbi.nlm.nih.gov/genomes/all/GCF/026/073/115/GCF_026073115.1_ASM2607311v1,7,1352.14876.fna,GCF_026073115.1_ASM2607311v1_genomic.fna, 3291354, 3291354,1352.14876.fna_vs_GCF_026073115.1_ASM2607311v1_genomic.fna_blast.xml,0,0,0,0,0,0,0,0,3291354,0,0,0,0,0,0,1352_subject_array_1739744009.bin
51706,1352,KU-C55663,1352.16764,7,https://ftp.ncbi.nlm.nih.gov/genomes/all/GCF/031/844/825/GCF_031844825.1_ASM3184482v1,7,1352.16764.fna,GCF_031844825.1_ASM3184482v1_genomic.fna, 3208776, 3208776,1352.16764.fna_vs_GCF_031844825.1_ASM3184482v1_genomic.fna_blast.xml,0,0,0,0,0,0,0,0,3208776,0,0,0,0,0,0,1352_subject_array_1739744011.bin
51815,1352,NCTC12952,1352.4072,7,https://ftp.ncbi.nlm.nih.gov/genomes/all/GCF/900/448/025/GCF_900448025.1_43116_C01,7,1352.4072.fna,GCF_900448025.1_43116_C01_genomic.fna, 3142827, 3142827,1352.4072.fna_vs_GCF_900448025.1_43116_C01_genomic.fna_blast.xml,0,0,0,0,0,0,1,0,3142793,0,0,1,32,0,0,1352_subject_array_1739744013.bin
51817,1352,NCTC7171,1352.4067,7,https://ftp.ncbi.nlm.nih.gov/genomes/all/GCF/900/447/735/GCF_900447735.1_43941_G01,7,1352.4067.fna,GCF_900447735.1_43941_G01_genomic.fna, 2667210, 2667210,1352.4067.fna_vs_GCF_900447735.1_43941_G01_genomic.fna_blast.xml,0,0,0,0,0,0,0,0,2667210,0,0,0,0,0,0,1352_subject_array_1739744014.bin
51861,1352,NY13320,1352.14407,7,https://ftp.ncbi.nlm.nih.gov/genomes/all/GCF/022/749/455/GCF_022749455.1_ASM2274945v1,7,1352.14407.fna,GCF_022749455.1_ASM2274945v1_genomic.fna, 3122781, 3122781,1352.14407.fna_vs_GCF_022749455.1_ASM2274945v1_genomic.fna_blast.xml,0,0,0,0,0,0,0,0,3122781,0,0,0,0,0,0,1352_subject_array_1739744016.bin
52042,1352,PR02648-8,1352.12792,7,https://ftp.ncbi.nlm.nih.gov/genomes/all/GCF/018/219/305/GCF_018219305.1_ASM1821930v1,7,1352.12792.fna,GCF_018219305.1_ASM1821930v1_genomic.fna, 3118043, 3118043,1352.12792.fna_vs_GCF_018219305.1_ASM1821930v1_genomic.fna_blast.xml,0,0,0,0,0,0,0,100,3117943,0,0,0,0,0,0,1352_subject_array_1739744018.bin
52063,1352,RBWH1,1352.4246,7,https://ftp.ncbi.nlm.nih.gov/genomes/all/GCF/003/957/785/GCF_003957785.1_ASM395778v1,7,1352.4246.fna,GCF_003957785.1_ASM395778v1_genomic.fna, 3158418, 3158418,1352.4246.fna_vs_GCF_003957785.1_ASM395778v1_genomic.fna_blast.xml,0,0,0,0,0,0,0,0,3158418,0,0,0,0,0,0,1352_subject_array_1739744020.bin
52462,1352,VB12993,1352.12699,7,https://ftp.ncbi.nlm.nih.gov/genomes/all/GCF/017/815/655/GCF_017815655.1_ASM1781565v1,7,1352.12699.fna,GCF_017815655.1_ASM1781565v1_genomic.fna, 3151778, 3151778,1352.12699.fna_vs_GCF_017815655.1_ASM1781565v1_genomic.fna_blast.xml,0,0,0,0,0,0,0,0,3151778,0,0,0,0,0,0,1352_subject_array_1739744022.bin
52706,1352,VRE32524,1352.11067,7,https://ftp.ncbi.nlm.nih.gov/genomes/all/GCF/012/952/285/GCF_012952285.1_ASM1295228v1,7,1352.11067.fna,GCF_012952285.1_ASM1295228v1_genomic.fna, 3262536, 3262536,1352.11067.fna_vs_GCF_012952285.1_ASM1295228v1_genomic.fna_blast.xml,0,0,0,0,0,0,0,0,3262536,0,0,0,0,0,0,1352_subject_array_1739744024.bin
52713,1352,VRE3363,1352.12166,7,https://ftp.ncbi.nlm.nih.gov/genomes/all/GCF/015/476/295/GCF_015476295.1_ASM1547629v1,7,1352.12166.fna,GCF_015476295.1_ASM1547629v1_genomic.fna, 3150876, 3150876,1352.12166.fna_vs_GCF_015476295.1_ASM1547629v1_genomic.fna_blast.xml,0,0,0,0,0,0,0,0,3150876,0,0,0,0,0,0,1352_subject_array_1739744026.bin
52787,1352,VRECG13,1352.8600,7,https://ftp.ncbi.nlm.nih.gov/genomes/all/GCF/009/184/325/GCF_009184325.1_ASM918432v1,7,1352.8600.fna,GCF_009184325.1_ASM918432v1_genomic.fna, 3068225, 3068225,1352.8600.fna_vs_GCF_009184325.1_ASM918432v1_genomic.fna_blast.xml,0,0,0,0,0,0,0,0,3068225,0,0,0,0,0,0,1352_subject_array_1739744027.bin
52788,1352,VRECG14,1352.8599,7,https://ftp.ncbi.nlm.nih.gov/genomes/all/GCF/009/184/285/GCF_009184285.1_ASM918428v1,7,1352.8599.fna,GCF_009184285.1_ASM918428v1_genomic.fna, 3079939, 3079939,1352.8599.fna_vs_GCF_009184285.1_ASM918428v1_genomic.fna_blast.xml,0,0,0,0,0,0,0,0,3079939,0,0,0,0,0,0,1352_subject_array_1739744029.bin
52796,1352,VRECG22,1352.8591,7,https://ftp.ncbi.nlm.nih.gov/genomes/all/GCF/009/184/145/GCF_009184145.1_ASM918414v1,7,1352.8591.fna,GCF_009184145.1_ASM918414v1_genomic.fna, 3047776, 3047776,1352.8591.fna_vs_GCF_009184145.1_ASM918414v1_genomic.fna_blast.xml,0,0,0,0,0,0,0,0,3047776,0,0,0,0,0,0,1352_subject_array_1739744030.bin
52799,1352,VRECG25,1352.8589,7,https://ftp.ncbi.nlm.nih.gov/genomes/all/GCF/009/184/105/GCF_009184105.1_ASM918410v1,7,1352.8589.fna,GCF_009184105.1_ASM918410v1_genomic.fna, 2889842, 2889842,1352.8589.fna_vs_GCF_009184105.1_ASM918410v1_genomic.fna_blast.xml,0,0,0,0,0,0,0,0,2889842,0,0,0,0,0,0,1352_subject_array_1739744032.bin
52804,1352,VRECG31,1352.8583,7,https://ftp.ncbi.nlm.nih.gov/genomes/all/GCF/009/183/965/GCF_009183965.1_ASM918396v1,7,1352.8583.fna,GCF_009183965.1_ASM918396v1_genomic.fna, 3196802, 3196802,1352.8583.fna_vs_GCF_009183965.1_ASM918396v1_genomic.fna_blast.xml,0,0,0,0,0,0,0,0,3196802,0,0,0,0,0,0,1352_subject_array_1739744034.bin
52806,1352,VRECG33,1352.8580,7,https://ftp.ncbi.nlm.nih.gov/genomes/all/GCF/009/183/895/GCF_009183895.1_ASM918389v1,7,1352.8580.fna,GCF_009183895.1_ASM918389v1_genomic.fna, 3138935, 3138935,1352.8580.fna_vs_GCF_009183895.1_ASM918389v1_genomic.fna_blast.xml,0,0,0,0,0,0,0,0,3138935,0,0,0,0,0,0,1352_subject_array_1739744036.bin
53166,1353,2A8_DIV0586,1353.17,7,https://ftp.ncbi.nlm.nih.gov/genomes/all/GCF/002/140/495/GCF_002140495.1_ASM214049v1,7,1353.17.fna,GCF_002140495.1_ASM214049v1_genomic.fna, 3399931, 3399931,1353.17.fna_vs_GCF_002140495.1_ASM214049v1_genomic.fna_blast.xml,0,0,0,0,0,0,0,10501,3389421,0,0,4,5,0,0,1353_subject_array_1739744037.bin
53862,135487,BJ06-0062,135487.41,7,https://ftp.ncbi.nlm.nih.gov/genomes/all/GCF/015/478/435/GCF_015478435.1_ASM1547843v1,7,135487.41.fna,GCF_015478435.1_ASM1547843v1_genomic.fna, 6326665, 6326665,135487.41.fna_vs_GCF_015478435.1_ASM1547843v1_genomic.fna_blast.xml,0,0,0,0,0,0,0,0,6326665,0,0,0,0,0,0,135487_subject_array_1739744039.bin
53975,135719,DSM 16289,135719.3,7,https://ftp.ncbi.nlm.nih.gov/genomes/all/GCF/003/967/075/GCF_003967075.1_ASM396707v1,7,135719.3.fna,GCF_003967075.1_ASM396707v1_genomic.fna, 4773922, 4773922,135719.3.fna_vs_GCF_003967075.1_ASM396707v1_genomic.fna_blast.xml,0,0,0,0,0,0,0,0,4773922,0,0,0,0,0,0,135719_subject_array_1739744042.bin
54012,1357399,NCTC 12740,1357399.3,7,https://ftp.ncbi.nlm.nih.gov/genomes/all/GCF/000/507/865/GCF_000507865.1_Heli_cani_NCTC_12740_V1,7,1357399.3.fna,GCF_000507865.1_Heli_cani_NCTC_12740_V1_genomic.fna, 1924983, 1932823,1357399.3.fna_vs_GCF_000507865.1_Heli_cani_NCTC_12740_V1_genomic.fna_blast.xml,0,0,0,0,0,0,0,7828,1924985,0,10,0,0,0,0,1357399_subject_array_1739744042.bin
54249,1358,R-707-1,1358.1679,7,https://ftp.ncbi.nlm.nih.gov/genomes/all/GCF/024/665/635/GCF_024665635.1_ASM2466563v1,7,1358.1679.fna,GCF_024665635.1_ASM2466563v1_genomic.fna, 2690060, 2690060,1358.1679.fna_vs_GCF_024665635.1_ASM2466563v1_genomic.fna_blast.xml,0,0,0,0,0,0,0,0,2690060,0,0,0,0,0,0,1358_subject_array_1739744044.bin
54344,1358422,PCN061,1358422.3,7,https://ftp.ncbi.nlm.nih.gov/genomes/all/GCF/001/029/125/GCF_001029125.1_ASM102912v1,7,1358422.3.fna,GCF_001029125.1_ASM102912v1_genomic.fna, 4901825, 4901825,1358422.3.fna_vs_GCF_001029125.1_ASM102912v1_genomic.fna_blast.xml,0,0,0,0,0,0,0,0,4901825,0,0,0,0,0,0,1358422_subject_array_1739744046.bin
54350,1359,3107,1359.218,7,https://ftp.ncbi.nlm.nih.gov/genomes/all/GCF/003/394/085/GCF_003394085.1_ASM339408v1,7,1359.218.fna,GCF_003394085.1_ASM339408v1_genomic.fna, 2540668, 2540668,1359.218.fna_vs_GCF_003394085.1_ASM339408v1_genomic.fna_blast.xml,0,0,0,0,0,0,0,0,2540668,0,0,0,0,0,0,1359_subject_array_1739744048.bin
54437,1359,P1A5,1359.554,7,https://ftp.ncbi.nlm.nih.gov/genomes/all/GCF/036/670/465/GCF_036670465.1_ASM3667046v1,7,1359.554.fna,GCF_036670465.1_ASM3667046v1_genomic.fna, 2728499, 2728499,1359.554.fna_vs_GCF_036670465.1_ASM3667046v1_genomic.fna_blast.xml,0,0,0,0,0,0,0,0,2728499,0,0,0,0,0,0,1359_subject_array_1739744049.bin
54441,1359,P1D9,1359.558,7,https://ftp.ncbi.nlm.nih.gov/genomes/all/GCF/036/670/575/GCF_036670575.1_ASM3667057v1,7,1359.558.fna,GCF_036670575.1_ASM3667057v1_genomic.fna, 2703842, 2703842,1359.558.fna_vs_GCF_036670575.1_ASM3667057v1_genomic.fna_blast.xml,0,0,0,0,0,0,4,0,2703836,0,0,2,0,0,0,1359_subject_array_1739744050.bin
54446,1359,P1F6,1359.566,7,https://ftp.ncbi.nlm.nih.gov/genomes/all/GCF/036/670/685/GCF_036670685.1_ASM3667068v1,7,1359.566.fna,GCF_036670685.1_ASM3667068v1_genomic.fna, 2714807, 2714807,1359.566.fna_vs_GCF_036670685.1_ASM3667068v1_genomic.fna_blast.xml,0,0,0,0,0,0,0,0,2714805,0,1,1,0,0,0,1359_subject_array_1739744052.bin
54452,1359,P2E3,1359.560,7,https://ftp.ncbi.nlm.nih.gov/genomes/all/GCF/036/670/615/GCF_036670615.1_ASM3667061v1,7,1359.560.fna,GCF_036670615.1_ASM3667061v1_genomic.fna, 2693463, 2693463,1359.560.fna_vs_GCF_036670615.1_ASM3667061v1_genomic.fna_blast.xml,0,0,0,0,0,0,0,0,2693463,0,0,0,0,0,0,1359_subject_array_1739744053.bin
54454,1359,P2F11,1359.557,7,https://ftp.ncbi.nlm.nih.gov/genomes/all/GCF/036/670/525/GCF_036670525.1_ASM3667052v1,7,1359.557.fna,GCF_036670525.1_ASM3667052v1_genomic.fna, 2750511, 2750511,1359.557.fna_vs_GCF_036670525.1_ASM3667052v1_genomic.fna_blast.xml,0,0,0,0,0,0,0,0,2750511,0,0,0,0,0,0,1359_subject_array_1739744054.bin
54463,1359,T1A3,1359.588,7,https://ftp.ncbi.nlm.nih.gov/genomes/all/GCF/036/671/135/GCF_036671135.1_ASM3667113v1,7,1359.588.fna,GCF_036671135.1_ASM3667113v1_genomic.fna, 2612348, 2612348,1359.588.fna_vs_GCF_036671135.1_ASM3667113v1_genomic.fna_blast.xml,0,0,0,0,0,0,0,0,2612348,0,0,0,0,0,0,1359_subject_array_1739744056.bin
54481,1359,UC109,1359.66,7,https://ftp.ncbi.nlm.nih.gov/genomes/all/GCF/002/078/765/GCF_002078765.3_ASM207876v3,7,1359.66.fna,GCF_002078765.3_ASM207876v3_genomic.fna, 2390386, 2418286,1359.66.fna_vs_GCF_002078765.3_ASM207876v3_genomic.fna_blast.xml,0,0,12,23,0,0,94,18414,2347320,0,165,1502,50710,0,46,1359_subject_array_1739744058.bin
54559,1360,I.1.1,1360.728,7,https://ftp.ncbi.nlm.nih.gov/genomes/all/GCF/025/562/895/GCF_025562895.2_ASM2556289v2,7,1360.728.fna,GCF_025562895.2_ASM2556289v2_genomic.fna, 2672384, 2670392,1360.728.fna_vs_GCF_025562895.2_ASM2556289v2_genomic.fna_blast.xml,0,0,0,5,0,0,22,964,2668541,0,27,327,506,0,0,1360_subject_array_1739744059.bin
54863,1366,Lr_19_4S,1366.28,7,https://ftp.ncbi.nlm.nih.gov/genomes/all/GCF/012/221/125/GCF_012221125.1_ASM1222112v1,7,1366.28.fna,GCF_012221125.1_ASM1222112v1_genomic.fna, 2480778, 2480778,1366.28.fna_vs_GCF_012221125.1_ASM1222112v1_genomic.fna_blast.xml,0,0,0,0,0,0,0,100,2480678,0,0,0,0,0,0,1366_subject_array_1739744060.bin
54932,13690,HAMBI_1842,13690.115,7,https://ftp.ncbi.nlm.nih.gov/genomes/all/GCF/034/424/525/GCF_034424525.1_ASM3442452v1,7,13690.115.fna,GCF_034424525.1_ASM3442452v1_genomic.fna, 5527198, 5527198,13690.115.fna_vs_GCF_034424525.1_ASM3442452v1_genomic.fna_blast.xml,0,0,0,0,0,0,0,0,5527198,0,0,0,0,0,0,13690_subject_array_1739744062.bin
55043,137591,NH9449,137591.377,7,https://ftp.ncbi.nlm.nih.gov/genomes/all/GCF/023/008/225/GCF_023008225.1_ASM2300822v1,7,137591.377.fna,GCF_023008225.1_ASM2300822v1_genomic.fna, 2597955, 2597955,137591.377.fna_vs_GCF_023008225.1_ASM2300822v1_genomic.fna_blast.xml,0,0,0,0,0,0,0,0,2597955,0,0,0,0,0,0,137591_subject_array_1739744063.bin
55118,137722,B510,137722.3,7,https://ftp.ncbi.nlm.nih.gov/genomes/all/GCF/000/010/725/GCF_000010725.1_ASM1072v1,7,137722.3.fna,GCF_000010725.1_ASM1072v1_genomic.fna, 7599738, 7599738,137722.3.fna_vs_GCF_000010725.1_ASM1072v1_genomic.fna_blast.xml,0,0,0,0,0,0,0,0,7599738,0,0,0,0,0,0,137722_subject_array_1739744067.bin
55134,1378087,CC22-02,1378087.3,7,https://ftp.ncbi.nlm.nih.gov/genomes/all/GCF/004/365/115/GCF_004365115.1_ASM436511v1,7,1378087.3.fna,GCF_004365115.1_ASM436511v1_genomic.fna, 4472669, 4472669,1378087.3.fna_vs_GCF_004365115.1_ASM436511v1_genomic.fna_blast.xml,0,0,0,0,0,0,0,3499,4469160,0,0,0,9,0,1,1378087_subject_array_1739744069.bin
55159,1379159,FCAV SCS01,1379159.6,7,https://ftp.ncbi.nlm.nih.gov/genomes/all/GCF/003/264/855/GCF_003264855.1_ASM326485v1,7,1379159.6.fna,GCF_003264855.1_ASM326485v1_genomic.fna, 4758053, 4758053,1379159.6.fna_vs_GCF_003264855.1_ASM326485v1_genomic.fna_blast.xml,0,0,0,0,0,0,0,0,4758053,0,0,0,0,0,0,1379159_subject_array_1739744072.bin
55368,138532,Carlos5,138532.103,7,https://ftp.ncbi.nlm.nih.gov/genomes/all/GCF/024/919/485/GCF_024919485.1_ASM2491948v1,7,138532.103.fna,GCF_024919485.1_ASM2491948v1_genomic.fna, 3877662, 3877662,138532.103.fna_vs_GCF_024919485.1_ASM2491948v1_genomic.fna_blast.xml,0,0,0,0,0,0,0,0,3877662,0,0,0,0,0,0,138532_subject_array_1739744074.bin
56234,1388743,04-0115,1388743.3,7,https://ftp.ncbi.nlm.nih.gov/genomes/all/GCF/000/480/055/GCF_000480055.1_Bruc_suis_04-0115_V1,7,1388743.3.fna,GCF_000480055.1_Bruc_suis_04-0115_V1_genomic.fna, 3317906, 3318006,1388743.3.fna_vs_GCF_000480055.1_Bruc_suis_04-0115_V1_genomic.fna_blast.xml,0,0,0,0,0,0,0,100,3317906,0,0,0,0,0,0,1388743_subject_array_1739744075.bin
56249,1389011,SK025,1389011.3,7,https://ftp.ncbi.nlm.nih.gov/genomes/all/GCF/003/352/105/GCF_003352105.1_ASM335210v1,7,1389011.3.fna,GCF_003352105.1_ASM335210v1_genomic.fna, 3946853, 3946853,1389011.3.fna_vs_GCF_003352105.1_ASM335210v1_genomic.fna_blast.xml,0,0,0,0,0,0,0,0,3946853,0,0,0,0,0,0,1389011_subject_array_1739744077.bin
57256,1395607,AU17610,1395607.3,7,https://ftp.ncbi.nlm.nih.gov/genomes/all/GCF/002/261/335/GCF_002261335.1_ASM226133v1,7,1395607.3.fna,GCF_002261335.1_ASM226133v1_genomic.fna, 5596467, 5596467,1395607.3.fna_vs_GCF_002261335.1_ASM226133v1_genomic.fna_blast.xml,0,0,0,0,0,0,0,0,5596467,0,0,0,0,0,0,1395607_subject_array_1739744079.bin
57257,1395607,AU9795,1395607.4,7,https://ftp.ncbi.nlm.nih.gov/genomes/all/GCF/002/261/435/GCF_002261435.1_ASM226143v1,7,1395607.4.fna,GCF_002261435.1_ASM226143v1_genomic.fna, 5352560, 5352560,1395607.4.fna_vs_GCF_002261435.1_ASM226143v1_genomic.fna_blast.xml,0,0,0,0,0,0,0,0,5352557,0,2,1,0,0,0,1395607_subject_array_1739744081.bin
57300,1396,2090tsa1,1396.3375,7,https://ftp.ncbi.nlm.nih.gov/genomes/all/GCF/024/159/145/GCF_024159145.1_ASM2415914v1,7,1396.3375.fna,GCF_024159145.1_ASM2415914v1_genomic.fna, 5745698, 5745698,1396.3375.fna_vs_GCF_024159145.1_ASM2415914v1_genomic.fna_blast.xml,0,0,0,0,0,0,0,0,5745698,0,0,0,0,0,0,1396_subject_array_1739744084.bin
58020,1396,J2,1396.3172,7,https://ftp.ncbi.nlm.nih.gov/genomes/all/GCF/021/655/055/GCF_021655055.1_ASM2165505v1,7,1396.3172.fna,GCF_021655055.1_ASM2165505v1_genomic.fna, 5887165, 5887165,1396.3172.fna_vs_GCF_021655055.1_ASM2165505v1_genomic.fna_blast.xml,0,0,0,0,0,0,0,0,5887165,0,0,0,0,0,0,1396_subject_array_1739744086.bin
58154,1396,SCBCM001,1396.3996,7,https://ftp.ncbi.nlm.nih.gov/genomes/all/GCF/029/590/375/GCF_029590375.1_ASM2959037v1,7,1396.3996.fna,GCF_029590375.1_ASM2959037v1_genomic.fna, 5754429, 5754429,1396.3996.fna_vs_GCF_029590375.1_ASM2959037v1_genomic.fna_blast.xml,0,0,0,0,0,0,0,0,5754429,0,0,0,0,0,0,1396_subject_array_1739744088.bin
58270,1396,YX23,1396.4186,7,https://ftp.ncbi.nlm.nih.gov/genomes/all/GCF/030/348/245/GCF_030348245.1_ASM3034824v1,7,1396.4186.fna,GCF_030348245.1_ASM3034824v1_genomic.fna, 5281980, 5281980,1396.4186.fna_vs_GCF_030348245.1_ASM3034824v1_genomic.fna_blast.xml,0,0,0,0,0,0,0,0,5281980,0,0,0,0,0,0,1396_subject_array_1739744090.bin
58295,1396826,M597,1396826.35,7,https://ftp.ncbi.nlm.nih.gov/genomes/all/GCF/025/139/025/GCF_025139025.1_ASM2513902v1,7,1396826.35.fna,GCF_025139025.1_ASM2513902v1_genomic.fna, 4391804, 4391804,1396826.35.fna_vs_GCF_025139025.1_ASM2513902v1_genomic.fna_blast.xml,0,0,0,0,0,0,0,0,4391804,0,0,0,0,0,0,1396826_subject_array_1739744092.bin
58298,1396826,S166,1396826.36,7,https://ftp.ncbi.nlm.nih.gov/genomes/all/GCF/025/139/165/GCF_025139165.1_ASM2513916v1,7,1396826.36.fna,GCF_025139165.1_ASM2513916v1_genomic.fna, 4532546, 4532546,1396826.36.fna_vs_GCF_025139165.1_ASM2513916v1_genomic.fna_blast.xml,0,0,0,0,0,0,0,0,4532546,0,0,0,0,0,0,1396826_subject_array_1739744094.bin
58354,1397700,DSM 14480,1397700.3,7,https://ftp.ncbi.nlm.nih.gov/genomes/all/GCF/000/685/865/GCF_000685865.1_ASM68586v1,7,1397700.3.fna,GCF_000685865.1_ASM68586v1_genomic.fna, 3219480, 3219480,1397700.3.fna_vs_GCF_000685865.1_ASM68586v1_genomic.fna_blast.xml,0,0,0,0,0,0,0,0,3219480,0,0,0,0,0,0,1397700_subject_array_1739744095.bin
58368,1397861,TKK_02_0016,1397861.3,7,https://ftp.ncbi.nlm.nih.gov/genomes/all/GCF/000/671/935/GCF_000671935.1_Myco_tube_TKK_02_0016_V1,7,1397861.3.fna,GCF_000671935.1_Myco_tube_TKK_02_0016_V1_genomic.fna, 4399964, 4403191,1397861.3.fna_vs_GCF_000671935.1_Myco_tube_TKK_02_0016_V1_genomic.fna_blast.xml,0,0,0,0,0,0,0,3093,4400098,0,0,0,0,0,0,1397861_subject_array_1739744097.bin
58382,1397876,TKK_02_0045,1397876.3,7,https://ftp.ncbi.nlm.nih.gov/genomes/all/GCF/000/672/215/GCF_000672215.1_Myco_tube_TKK_02_0045_V1,7,1397876.3.fna,GCF_000672215.1_Myco_tube_TKK_02_0045_V1_genomic.fna, 4397500, 4402453,1397876.3.fna_vs_GCF_000672215.1_Myco_tube_TKK_02_0045_V1_genomic.fna_blast.xml,0,0,0,0,0,0,0,4930,4397522,0,0,0,1,0,0,1397876_subject_array_1739744099.bin
58433,1397928,TKK_04_0034,1397928.3,7,https://ftp.ncbi.nlm.nih.gov/genomes/all/GCF/000/673/235/GCF_000673235.1_Myco_tube_TKK_04_0034_V1,7,1397928.3.fna,GCF_000673235.1_Myco_tube_TKK_04_0034_V1_genomic.fna, 4394979, 4398038,1397928.3.fna_vs_GCF_000673235.1_Myco_tube_TKK_04_0034_V1_genomic.fna_blast.xml,0,0,0,0,0,0,0,2987,4395032,0,0,2,17,0,0,1397928_subject_array_1739744101.bin
58436,1397931,TKK_04_0039,1397931.3,7,https://ftp.ncbi.nlm.nih.gov/genomes/all/GCF/000/673/295/GCF_000673295.1_Myco_tube_TKK_04_0039_V1,7,1397931.3.fna,GCF_000673295.1_Myco_tube_TKK_04_0039_V1_genomic.fna, 4398171, 4398866,1397931.3.fna_vs_GCF_000673295.1_Myco_tube_TKK_04_0039_V1_genomic.fna_blast.xml,0,0,0,0,0,0,2,572,4398274,0,4,5,9,0,0,1397931_subject_array_1739744102.bin
58690,1399047,CFSAN004025,1399047.3,7,https://ftp.ncbi.nlm.nih.gov/genomes/all/GCF/004/798/785/GCF_004798785.1_ASM479878v1,7,1399047.3.fna,GCF_004798785.1_ASM479878v1_genomic.fna, 5275193, 5275193,1399047.3.fna_vs_GCF_004798785.1_ASM479878v1_genomic.fna_blast.xml,0,0,0,0,0,0,0,0,5275193,0,0,0,0,0,0,1399047_subject_array_1739744104.bin
58869,140098,NK8,140098.3,7,https://ftp.ncbi.nlm.nih.gov/genomes/all/GCF/018/408/855/GCF_018408855.1_ASM1840885v1,7,140098.3.fna,GCF_018408855.1_ASM1840885v1_genomic.fna, 9216772, 9216772,140098.3.fna_vs_GCF_018408855.1_ASM1840885v1_genomic.fna_blast.xml,0,0,0,0,0,0,0,0,9216772,0,0,0,0,0,0,140098_subject_array_1739744109.bin
59248,1402135,MC36-1,1402135.133,7,https://ftp.ncbi.nlm.nih.gov/genomes/all/GCF/020/906/495/GCF_020906495.1_ASM2090649v1,7,1402135.133.fna,GCF_020906495.1_ASM2090649v1_genomic.fna, 5021905, 5021905,1402135.133.fna_vs_GCF_020906495.1_ASM2090649v1_genomic.fna_blast.xml,0,0,0,0,0,0,0,0,5021905,0,0,0,0,0,0,1402135_subject_array_1739744111.bin
59250,1402135,MC36-22,1402135.131,7,https://ftp.ncbi.nlm.nih.gov/genomes/all/GCF/020/906/455/GCF_020906455.1_ASM2090645v1,7,1402135.131.fna,GCF_020906455.1_ASM2090645v1_genomic.fna, 4926824, 4926824,1402135.131.fna_vs_GCF_020906455.1_ASM2090645v1_genomic.fna_blast.xml,0,0,0,0,0,0,0,0,4926824,0,0,0,0,0,0,1402135_subject_array_1739744112.bin
59251,1402135,MC36-24,1402135.130,7,https://ftp.ncbi.nlm.nih.gov/genomes/all/GCF/020/906/435/GCF_020906435.1_ASM2090643v1,7,1402135.130.fna,GCF_020906435.1_ASM2090643v1_genomic.fna, 4802111, 4802111,1402135.130.fna_vs_GCF_020906435.1_ASM2090643v1_genomic.fna_blast.xml,0,0,0,0,0,0,0,0,4802111,0,0,0,0,0,0,1402135_subject_array_1739744114.bin
59255,1402135,MC52-68,1402135.126,7,https://ftp.ncbi.nlm.nih.gov/genomes/all/GCF/020/906/355/GCF_020906355.1_ASM2090635v1,7,1402135.126.fna,GCF_020906355.1_ASM2090635v1_genomic.fna, 4796000, 4796000,1402135.126.fna_vs_GCF_020906355.1_ASM2090635v1_genomic.fna_blast.xml,0,0,0,0,0,0,0,0,4796000,0,0,0,0,0,0,1402135_subject_array_1739744116.bin
59258,1402135,MC52-71,1402135.124,7,https://ftp.ncbi.nlm.nih.gov/genomes/all/GCF/020/906/315/GCF_020906315.1_ASM2090631v1,7,1402135.124.fna,GCF_020906315.1_ASM2090631v1_genomic.fna, 4801863, 4801863,1402135.124.fna_vs_GCF_020906315.1_ASM2090631v1_genomic.fna_blast.xml,0,0,0,0,0,0,0,0,4801863,0,0,0,0,0,0,1402135_subject_array_1739744118.bin
59259,1402135,SC1-105,1402135.123,7,https://ftp.ncbi.nlm.nih.gov/genomes/all/GCF/020/906/295/GCF_020906295.1_ASM2090629v1,7,1402135.123.fna,GCF_020906295.1_ASM2090629v1_genomic.fna, 4802428, 4802428,1402135.123.fna_vs_GCF_020906295.1_ASM2090629v1_genomic.fna_blast.xml,0,0,0,0,0,0,0,0,4802428,0,0,0,0,0,0,1402135_subject_array_1739744120.bin
59260,1402135,SC1-109,1402135.122,7,https://ftp.ncbi.nlm.nih.gov/genomes/all/GCF/020/906/255/GCF_020906255.1_ASM2090625v1,7,1402135.122.fna,GCF_020906255.1_ASM2090625v1_genomic.fna, 4935337, 4935337,1402135.122.fna_vs_GCF_020906255.1_ASM2090625v1_genomic.fna_blast.xml,0,0,0,0,0,0,0,0,4935337,0,0,0,0,0,0,1402135_subject_array_1739744122.bin
59262,1402135,SC1-111,1402135.120,7,https://ftp.ncbi.nlm.nih.gov/genomes/all/GCF/020/906/215/GCF_020906215.1_ASM2090621v1,7,1402135.120.fna,GCF_020906215.1_ASM2090621v1_genomic.fna, 4802448, 4802448,1402135.120.fna_vs_GCF_020906215.1_ASM2090621v1_genomic.fna_blast.xml,0,0,0,0,0,0,0,0,4802448,0,0,0,0,0,0,1402135_subject_array_1739744123.bin
59267,1402135,SC1-28,1402135.115,7,https://ftp.ncbi.nlm.nih.gov/genomes/all/GCF/020/906/115/GCF_020906115.1_ASM2090611v1,7,1402135.115.fna,GCF_020906115.1_ASM2090611v1_genomic.fna, 4796539, 4796539,1402135.115.fna_vs_GCF_020906115.1_ASM2090611v1_genomic.fna_blast.xml,0,0,0,0,0,0,0,0,4796539,0,0,0,0,0,0,1402135_subject_array_1739744125.bin
59273,1402135,SC1-37,1402135.109,7,https://ftp.ncbi.nlm.nih.gov/genomes/all/GCF/020/905/995/GCF_020905995.1_ASM2090599v1,7,1402135.109.fna,GCF_020905995.1_ASM2090599v1_genomic.fna, 4934797, 4934797,1402135.109.fna_vs_GCF_020905995.1_ASM2090599v1_genomic.fna_blast.xml,0,0,0,0,0,0,0,0,4934797,0,0,0,0,0,0,1402135_subject_array_1739744127.bin
59276,1402135,SC1-97,1402135.106,7,https://ftp.ncbi.nlm.nih.gov/genomes/all/GCF/020/905/935/GCF_020905935.1_ASM2090593v1,7,1402135.106.fna,GCF_020905935.1_ASM2090593v1_genomic.fna, 4798051, 4798051,1402135.106.fna_vs_GCF_020905935.1_ASM2090593v1_genomic.fna_blast.xml,0,0,0,0,0,0,0,0,4798051,0,0,0,0,0,0,1402135_subject_array_1739744129.bin
59281,1402135,SC33-87,1402135.103,7,https://ftp.ncbi.nlm.nih.gov/genomes/all/GCF/020/905/875/GCF_020905875.1_ASM2090587v1,7,1402135.103.fna,GCF_020905875.1_ASM2090587v1_genomic.fna, 4921549, 4921549,1402135.103.fna_vs_GCF_020905875.1_ASM2090587v1_genomic.fna_blast.xml,0,0,0,0,0,0,0,0,4921549,0,0,0,0,0,0,1402135_subject_array_1739744131.bin
59286,1402135,TC12-33,1402135.101,7,https://ftp.ncbi.nlm.nih.gov/genomes/all/GCF/020/905/835/GCF_020905835.1_ASM2090583v1,7,1402135.101.fna,GCF_020905835.1_ASM2090583v1_genomic.fna, 4876932, 4876932,1402135.101.fna_vs_GCF_020905835.1_ASM2090583v1_genomic.fna_blast.xml,0,0,0,0,0,0,0,0,4876932,0,0,0,0,0,0,1402135_subject_array_1739744133.bin
59292,1402135,TT37-68,1402135.95,7,https://ftp.ncbi.nlm.nih.gov/genomes/all/GCF/020/905/715/GCF_020905715.1_ASM2090571v1,7,1402135.95.fna,GCF_020905715.1_ASM2090571v1_genomic.fna, 4686063, 4686063,1402135.95.fna_vs_GCF_020905715.1_ASM2090571v1_genomic.fna_blast.xml,0,0,0,0,0,0,0,0,4686063,0,0,0,0,0,0,1402135_subject_array_1739744134.bin
59504,1402682,M1172,1402682.3,7,https://ftp.ncbi.nlm.nih.gov/genomes/all/GCF/000/575/205/GCF_000575205.1_Stap_aure_M1172_V1,7,1402682.3.fna,GCF_000575205.1_Stap_aure_M1172_V1_genomic.fna, 2879191, 2879291,1402682.3.fna_vs_GCF_000575205.1_Stap_aure_M1172_V1_genomic.fna_blast.xml,0,0,0,0,0,0,0,99,2879191,0,0,0,1,0,0,1402682_subject_array_1739744136.bin
59644,1402861,PK5_39,1402861.9,7,https://ftp.ncbi.nlm.nih.gov/genomes/all/GCF/003/600/795/GCF_003600795.1_ASM360079v1,7,1402861.9.fna,GCF_003600795.1_ASM360079v1_genomic.fna, 5170780, 5170780,1402861.9.fna_vs_GCF_003600795.1_ASM360079v1_genomic.fna_blast.xml,0,0,0,0,0,0,0,0,5170780,0,0,0,0,0,0,1402861_subject_array_1739744138.bin
59902,1404,BP01R2,1404.448,7,https://ftp.ncbi.nlm.nih.gov/genomes/all/GCF/022/537/925/GCF_022537925.1_ASM2253792v1,7,1404.448.fna,GCF_022537925.1_ASM2253792v1_genomic.fna, 5605327, 5605327,1404.448.fna_vs_GCF_022537925.1_ASM2253792v1_genomic.fna_blast.xml,0,0,0,0,0,0,0,0,5605327,0,0,0,0,0,0,1404_subject_array_1739744140.bin
59930,1404,DSM 3641,1404.601,7,https://ftp.ncbi.nlm.nih.gov/genomes/all/GCF/029/857/395/GCF_029857395.1_ASM2985739v1,7,1404.601.fna,GCF_029857395.1_ASM2985739v1_genomic.fna, 5600085, 5600085,1404.601.fna_vs_GCF_029857395.1_ASM2985739v1_genomic.fna_blast.xml,0,0,0,0,0,0,0,0,5600085,0,0,0,0,0,0,1404_subject_array_1739744143.bin
59932,1404,ELP1.24a,1404.615,7,https://ftp.ncbi.nlm.nih.gov/genomes/all/GCF/030/291/715/GCF_030291715.1_ASM3029171v1,7,1404.615.fna,GCF_030291715.1_ASM3029171v1_genomic.fna, 5488315, 5488315,1404.615.fna_vs_GCF_030291715.1_ASM3029171v1_genomic.fna_blast.xml,0,0,0,0,0,0,0,0,5488315,0,0,0,0,0,0,1404_subject_array_1739744145.bin
60058,1404,P-NA14,1404.521,7,https://ftp.ncbi.nlm.nih.gov/genomes/all/GCF/025/913/555/GCF_025913555.1_ASM2591355v1,7,1404.521.fna,GCF_025913555.1_ASM2591355v1_genomic.fna, 5303961, 5303961,1404.521.fna_vs_GCF_025913555.1_ASM2591355v1_genomic.fna_blast.xml,0,0,0,0,0,0,0,0,5303961,0,0,0,0,0,0,1404_subject_array_1739744147.bin
60061,1404,PHP1706,1404.628,7,https://ftp.ncbi.nlm.nih.gov/genomes/all/GCF/030/548/605/GCF_030548605.1_ASM3054860v1,7,1404.628.fna,GCF_030548605.1_ASM3054860v1_genomic.fna, 5632505, 5632505,1404.628.fna_vs_GCF_030548605.1_ASM3054860v1_genomic.fna_blast.xml,0,0,0,0,0,0,0,0,5632505,0,0,0,0,0,0,1404_subject_array_1739744150.bin
60179,1405,BPN29/1,1405.238,7,https://ftp.ncbi.nlm.nih.gov/genomes/all/GCF/018/739/385/GCF_018739385.1_ASM1873938v1,7,1405.238.fna,GCF_018739385.1_ASM1873938v1_genomic.fna, 5728462, 5728462,1405.238.fna_vs_GCF_018739385.1_ASM1873938v1_genomic.fna_blast.xml,0,0,0,0,0,0,0,0,5728462,0,0,0,0,0,0,1405_subject_array_1739744152.bin
60184,1405,BPN401,1405.202,7,https://ftp.ncbi.nlm.nih.gov/genomes/all/GCF/008/274/925/GCF_008274925.1_ASM827492v1,7,1405.202.fna,GCF_008274925.1_ASM827492v1_genomic.fna, 5939450, 5939450,1405.202.fna_vs_GCF_008274925.1_ASM827492v1_genomic.fna_blast.xml,0,0,0,0,0,0,0,0,5939449,0,0,1,0,0,0,1405_subject_array_1739744155.bin
60237,1405,JAS06/1,1405.252,7,https://ftp.ncbi.nlm.nih.gov/genomes/all/GCF/018/741/145/GCF_018741145.1_ASM1874114v1,7,1405.252.fna,GCF_018741145.1_ASM1874114v1_genomic.fna, 5953157, 5953157,1405.252.fna_vs_GCF_018741145.1_ASM1874114v1_genomic.fna_blast.xml,0,0,0,0,0,0,0,0,5953156,0,0,1,0,0,0,1405_subject_array_1739744157.bin
60736,1408465,ATCC 35015,1408465.3,7,https://ftp.ncbi.nlm.nih.gov/genomes/all/GCF/000/686/585/GCF_000686585.1_ASM68658v1,7,1408465.3.fna,GCF_000686585.1_ASM68658v1_genomic.fna,  775211,  778716,1408465.3.fna_vs_GCF_000686585.1_ASM68658v1_genomic.fna_blast.xml,0,0,0,0,0,0,0,3505,775211,0,0,0,0,0,0,1408465_subject_array_1739744158.bin
60843,1409384,SJUD6064,1409384.3,7,https://ftp.ncbi.nlm.nih.gov/genomes/all/GCF/000/537/775/GCF_000537775.1_Stap_aure_SJUD6064_V1,7,1409384.3.fna,GCF_000537775.1_Stap_aure_SJUD6064_V1_genomic.fna, 2887705, 2887705,1409384.3.fna_vs_GCF_000537775.1_Stap_aure_SJUD6064_V1_genomic.fna_blast.xml,0,0,0,0,0,0,0,0,2887705,0,0,0,0,0,0,1409384_subject_array_1739744159.bin
60885,1409426,SJUD6085,1409426.3,7,https://ftp.ncbi.nlm.nih.gov/genomes/all/GCF/000/573/005/GCF_000573005.1_Stap_aure_SJUD6085_V1,7,1409426.3.fna,GCF_000573005.1_Stap_aure_SJUD6085_V1_genomic.fna, 2881633, 2881933,1409426.3.fna_vs_GCF_000573005.1_Stap_aure_SJUD6085_V1_genomic.fna_blast.xml,0,0,0,0,0,0,0,285,2881648,0,0,0,0,0,0,1409426_subject_array_1739744160.bin
60903,1409444,MISS6110,1409444.3,7,https://ftp.ncbi.nlm.nih.gov/genomes/all/GCF/000/539/075/GCF_000539075.1_Stap_aure_MISS6110_V1,7,1409444.3.fna,GCF_000539075.1_Stap_aure_MISS6110_V1_genomic.fna, 2876094, 2876366,1409444.3.fna_vs_GCF_000539075.1_Stap_aure_MISS6110_V1_genomic.fna_blast.xml,0,0,0,0,0,0,0,266,2876098,0,0,0,2,0,0,1409444_subject_array_1739744161.bin
60905,1409446,LAMC0050,1409446.3,7,https://ftp.ncbi.nlm.nih.gov/genomes/all/GCF/000/539/115/GCF_000539115.1_Stap_aure_LAMC0050_V1,7,1409446.3.fna,GCF_000539115.1_Stap_aure_LAMC0050_V1_genomic.fna, 2923162, 2923495,1409446.3.fna_vs_GCF_000539115.1_Stap_aure_LAMC0050_V1_genomic.fna_blast.xml,0,0,0,0,0,0,0,316,2923179,0,0,0,0,0,0,1409446_subject_array_1739744162.bin
60985,1409526,LPIH6010,1409526.3,7,https://ftp.ncbi.nlm.nih.gov/genomes/all/GCF/000/573/065/GCF_000573065.1_Stap_aure_LPIH6010_V1,7,1409526.3.fna,GCF_000573065.1_Stap_aure_LPIH6010_V1_genomic.fna, 2907653, 2907953,1409526.3.fna_vs_GCF_000573065.1_Stap_aure_LPIH6010_V1_genomic.fna_blast.xml,0,0,0,0,0,0,0,254,2907698,0,0,1,0,0,0,1409526_subject_array_1739744163.bin
61000,1409541,SCLE6012,1409541.3,7,https://ftp.ncbi.nlm.nih.gov/genomes/all/GCF/000/572/765/GCF_000572765.1_Stap_aure_SCLE6012_V1,7,1409541.3.fna,GCF_000572765.1_Stap_aure_SCLE6012_V1_genomic.fna, 2848026, 2852397,1409541.3.fna_vs_GCF_000572765.1_Stap_aure_SCLE6012_V1_genomic.fna_blast.xml,0,0,0,0,0,0,0,4357,2848039,0,0,0,1,0,0,1409541_subject_array_1739744164.bin
61392,1410767,H84492,1410767.3,7,https://ftp.ncbi.nlm.nih.gov/genomes/all/GCF/000/560/585/GCF_000560585.1_Stap_aure_H84492_V1,7,1410767.3.fna,GCF_000560585.1_Stap_aure_H84492_V1_genomic.fna, 2875564, 2876322,1410767.3.fna_vs_GCF_000560585.1_Stap_aure_H84492_V1_genomic.fna_blast.xml,0,0,0,0,0,0,0,750,2875572,0,0,0,0,0,0,1410767_subject_array_1739744166.bin
61596,1411533,H40583,1411533.3,7,https://ftp.ncbi.nlm.nih.gov/genomes/all/GCF/000/563/435/GCF_000563435.1_Stap_aure_H40583_V1,7,1411533.3.fna,GCF_000563435.1_Stap_aure_H40583_V1_genomic.fna, 2873768, 2874873,1411533.3.fna_vs_GCF_000563435.1_Stap_aure_H40583_V1_genomic.fna_blast.xml,0,0,0,0,0,0,0,1076,2873795,0,0,2,0,0,0,1411533_subject_array_1739744167.bin
61617,1411554,M65003,1411554.3,7,https://ftp.ncbi.nlm.nih.gov/genomes/all/GCF/000/563/835/GCF_000563835.1_Stap_aure_M65003_V1,7,1411554.3.fna,GCF_000563835.1_Stap_aure_M65003_V1_genomic.fna, 2873082, 2884377,1411554.3.fna_vs_GCF_000563835.1_Stap_aure_M65003_V1_genomic.fna_blast.xml,0,0,0,0,0,0,0,11281,2873096,0,0,0,0,0,0,1411554_subject_array_1739744168.bin
61623,1411560,T26751,1411560.3,7,https://ftp.ncbi.nlm.nih.gov/genomes/all/GCF/000/563/935/GCF_000563935.1_Stap_aure_T26751_V1,7,1411560.3.fna,GCF_000563935.1_Stap_aure_T26751_V1_genomic.fna, 2875635, 2876443,1411560.3.fna_vs_GCF_000563935.1_Stap_aure_T26751_V1_genomic.fna_blast.xml,0,0,0,0,0,0,0,805,2875638,0,0,0,0,0,0,1411560_subject_array_1739744169.bin
61842,1412783,T51022,1412783.3,7,https://ftp.ncbi.nlm.nih.gov/genomes/all/GCF/000/569/515/GCF_000569515.1_Stap_aure_T51022_V1,7,1412783.3.fna,GCF_000569515.1_Stap_aure_T51022_V1_genomic.fna, 2800620, 2800720,1412783.3.fna_vs_GCF_000569515.1_Stap_aure_T51022_V1_genomic.fna_blast.xml,0,0,0,0,0,0,0,100,2800620,0,0,0,0,0,0,1412783_subject_array_1739744170.bin
62183,141389,TMW 2.2310,141389.14,7,https://ftp.ncbi.nlm.nih.gov/genomes/all/GCF/025/393/055/GCF_025393055.1_ASM2539305v1,7,141389.14.fna,GCF_025393055.1_ASM2539305v1_genomic.fna, 3399477, 3399477,141389.14.fna_vs_GCF_025393055.1_ASM2539305v1_genomic.fna_blast.xml,0,0,0,0,0,0,0,0,3399477,0,0,0,0,0,0,141389_subject_array_1739744172.bin
62184,141389,TMW 2.2316,141389.13,7,https://ftp.ncbi.nlm.nih.gov/genomes/all/GCF/025/393/035/GCF_025393035.1_ASM2539303v1,7,141389.13.fna,GCF_025393035.1_ASM2539303v1_genomic.fna, 3340202, 3340202,141389.13.fna_vs_GCF_025393035.1_ASM2539303v1_genomic.fna_blast.xml,0,0,0,0,0,0,0,0,3340202,0,0,0,0,0,0,141389_subject_array_1739744173.bin
62469,1417146,F85711,1417146.3,7,https://ftp.ncbi.nlm.nih.gov/genomes/all/GCF/000/579/315/GCF_000579315.1_Stap_aure_F85711_V1,7,1417146.3.fna,GCF_000579315.1_Stap_aure_F85711_V1_genomic.fna, 2797682, 2797782,1417146.3.fna_vs_GCF_000579315.1_Stap_aure_F85711_V1_genomic.fna_blast.xml,0,0,0,0,0,0,0,89,2797682,0,0,0,11,0,0,1417146_subject_array_1739744174.bin
63117,1422044,TB_RSA128,1422044.3,7,https://ftp.ncbi.nlm.nih.gov/genomes/all/GCF/000/675/815/GCF_000675815.1_Myco_tube_TB_RSA128_V1,7,1422044.3.fna,GCF_000675815.1_Myco_tube_TB_RSA128_V1_genomic.fna, 4404417, 4405284,1422044.3.fna_vs_GCF_000675815.1_Myco_tube_TB_RSA128_V1_genomic.fna_blast.xml,0,0,0,0,0,0,0,865,4404419,0,0,0,0,0,0,1422044_subject_array_1739744176.bin
63198,1422128,DAR3562,1422128.3,7,https://ftp.ncbi.nlm.nih.gov/genomes/all/GCF/000/607/465/GCF_000607465.1_Stap_aure_DAR3562_V1,7,1422128.3.fna,GCF_000607465.1_Stap_aure_DAR3562_V1_genomic.fna, 2847572, 2847672,1422128.3.fna_vs_GCF_000607465.1_Stap_aure_DAR3562_V1_genomic.fna_blast.xml,0,0,0,0,0,0,0,97,2847575,0,0,0,0,0,0,1422128_subject_array_1739744177.bin
63213,1422143,DAR3596,1422143.3,7,https://ftp.ncbi.nlm.nih.gov/genomes/all/GCF/000/607/765/GCF_000607765.1_Stap_aure_DAR3596_V1,7,1422143.3.fna,GCF_000607765.1_Stap_aure_DAR3596_V1_genomic.fna, 2880439, 2881104,1422143.3.fna_vs_GCF_000607765.1_Stap_aure_DAR3596_V1_genomic.fna_blast.xml,0,0,0,0,0,0,0,664,2880440,0,0,0,0,0,0,1422143_subject_array_1739744179.bin
63337,1422267,DAR1995,1422267.3,7,https://ftp.ncbi.nlm.nih.gov/genomes/all/GCF/000/610/205/GCF_000610205.1_Stap_aure_DAR1995_V1,7,1422267.3.fna,GCF_000610205.1_Stap_aure_DAR1995_V1_genomic.fna, 2889879, 2890179,1422267.3.fna_vs_GCF_000610205.1_Stap_aure_DAR1995_V1_genomic.fna_blast.xml,0,0,0,0,0,0,0,270,2889909,0,0,0,0,0,0,1422267_subject_array_1739744180.bin
63909,1423,7-4,1423.1027,7,https://ftp.ncbi.nlm.nih.gov/genomes/all/GCF/010/578/235/GCF_010578235.1_ASM1057823v1,7,1423.1027.fna,GCF_010578235.1_ASM1057823v1_genomic.fna, 4030031, 4030031,1423.1027.fna_vs_GCF_010578235.1_ASM1057823v1_genomic.fna_blast.xml,0,0,0,0,0,0,0,0,4030031,0,0,0,0,0,0,1423_subject_array_1739744182.bin
63934,1423,ANA3,1423.3298,7,https://ftp.ncbi.nlm.nih.gov/genomes/all/GCF/038/397/795/GCF_038397795.1_ASM3839779v1,7,1423.3298.fna,GCF_038397795.1_ASM3839779v1_genomic.fna, 3990139, 3990139,1423.3298.fna_vs_GCF_038397795.1_ASM3839779v1_genomic.fna_blast.xml,0,0,0,0,0,0,0,0,3990139,0,0,0,0,0,0,1423_subject_array_1739744183.bin
64182,1423,G25-83,1423.1719,7,https://ftp.ncbi.nlm.nih.gov/genomes/all/GCF/015/776/795/GCF_015776795.1_ASM1577679v1,7,1423.1719.fna,GCF_015776795.1_ASM1577679v1_genomic.fna, 4118641, 4118641,1423.1719.fna_vs_GCF_015776795.1_ASM1577679v1_genomic.fna_blast.xml,0,0,0,0,0,0,0,0,4118641,0,0,0,0,0,0,1423_subject_array_1739744185.bin
64411,1423,SRCM117323,1423.2456,7,https://ftp.ncbi.nlm.nih.gov/genomes/all/GCF/025/245/215/GCF_025245215.1_ASM2524521v1,7,1423.2456.fna,GCF_025245215.1_ASM2524521v1_genomic.fna, 4459370, 4459370,1423.2456.fna_vs_GCF_025245215.1_ASM2524521v1_genomic.fna_blast.xml,0,0,0,0,0,0,0,0,4459370,0,0,0,0,0,0,1423_subject_array_1739744187.bin
64481,1423143,Bt18247,1423143.3,7,https://ftp.ncbi.nlm.nih.gov/genomes/all/GCF/001/721/165/GCF_001721165.1_ASM172116v1,7,1423143.3.fna,GCF_001721165.1_ASM172116v1_genomic.fna, 6138199, 6138199,1423143.3.fna_vs_GCF_001721165.1_ASM172116v1_genomic.fna_blast.xml,0,0,0,0,0,0,0,0,6138198,0,1,0,0,0,0,1423143_subject_array_1739744190.bin
64882,1427217,XTB13-126,1427217.3,7,https://ftp.ncbi.nlm.nih.gov/genomes/all/GCF/000/680/575/GCF_000680575.1_Myco_tube_XTB13-126_V1,7,1427217.3.fna,GCF_000680575.1_Myco_tube_XTB13-126_V1_genomic.fna, 4403866, 4406314,1427217.3.fna_vs_GCF_000680575.1_Myco_tube_XTB13-126_V1_genomic.fna_blast.xml,0,0,0,0,0,0,0,2443,4403868,0,0,0,3,0,0,1427217_subject_array_1739744192.bin
64887,1427223,XTB13-133,1427223.3,7,https://ftp.ncbi.nlm.nih.gov/genomes/all/GCF/000/680/675/GCF_000680675.1_Myco_tube_XTB13-133_V1,7,1427223.3.fna,GCF_000680675.1_Myco_tube_XTB13-133_V1_genomic.fna, 4417508, 4424641,1427223.3.fna_vs_GCF_000680675.1_Myco_tube_XTB13-133_V1_genomic.fna_blast.xml,0,0,0,0,0,0,0,7124,4417517,0,0,0,0,0,0,1427223_subject_array_1739744194.bin
64888,1427224,XTB13-134,1427224.3,7,https://ftp.ncbi.nlm.nih.gov/genomes/all/GCF/000/680/695/GCF_000680695.1_Myco_tube_XTB13-134_V1,7,1427224.3.fna,GCF_000680695.1_Myco_tube_XTB13-134_V1_genomic.fna, 4414249, 4420308,1427224.3.fna_vs_GCF_000680695.1_Myco_tube_XTB13-134_V1_genomic.fna_blast.xml,0,0,0,0,0,0,0,6056,4414252,0,0,0,0,0,0,1427224_subject_array_1739744196.bin
64890,1427226,XTB13-136,1427226.3,7,https://ftp.ncbi.nlm.nih.gov/genomes/all/GCF/000/680/735/GCF_000680735.1_Myco_tube_XTB13-136_V1,7,1427226.3.fna,GCF_000680735.1_Myco_tube_XTB13-136_V1_genomic.fna, 4416960, 4417398,1427226.3.fna_vs_GCF_000680735.1_Myco_tube_XTB13-136_V1_genomic.fna_blast.xml,0,0,0,0,0,0,0,438,4416960,0,0,0,0,0,0,1427226_subject_array_1739744198.bin
64891,1427227,XTB13-137,1427227.3,7,https://ftp.ncbi.nlm.nih.gov/genomes/all/GCF/000/680/755/GCF_000680755.1_Myco_tube_XTB13-137_V1,7,1427227.3.fna,GCF_000680755.1_Myco_tube_XTB13-137_V1_genomic.fna, 4418007, 4431230,1427227.3.fna_vs_GCF_000680755.1_Myco_tube_XTB13-137_V1_genomic.fna_blast.xml,0,0,0,0,0,0,0,13215,4418009,0,0,0,6,0,0,1427227_subject_array_1739744199.bin
64893,1427229,XTB13-140,1427229.3,7,https://ftp.ncbi.nlm.nih.gov/genomes/all/GCF/000/680/795/GCF_000680795.1_Myco_tube_XTB13-140_V1,7,1427229.3.fna,GCF_000680795.1_Myco_tube_XTB13-140_V1_genomic.fna, 4418953, 4430432,1427229.3.fna_vs_GCF_000680795.1_Myco_tube_XTB13-140_V1_genomic.fna_blast.xml,0,0,0,0,0,0,0,11477,4418954,0,0,0,1,0,0,1427229_subject_array_1739744201.bin
64903,1427239,XTB13-153,1427239.3,7,https://ftp.ncbi.nlm.nih.gov/genomes/all/GCF/000/680/975/GCF_000680975.1_Myco_tube_XTB13-153_V1,7,1427239.3.fna,GCF_000680975.1_Myco_tube_XTB13-153_V1_genomic.fna, 4419387, 4420032,1427239.3.fna_vs_GCF_000680975.1_Myco_tube_XTB13-153_V1_genomic.fna_blast.xml,0,0,0,0,0,0,0,568,4419408,0,0,14,42,0,0,1427239_subject_array_1739744203.bin
65334,1428,Bc601,1428.344,7,https://ftp.ncbi.nlm.nih.gov/genomes/all/GCF/001/618/665/GCF_001618665.1_ASM161866v1,7,1428.344.fna,GCF_001618665.1_ASM161866v1_genomic.fna, 6111291, 6111291,1428.344.fna_vs_GCF_001618665.1_ASM161866v1_genomic.fna_blast.xml,0,0,0,0,0,0,0,0,6111291,0,0,0,0,0,0,1428_subject_array_1739744206.bin
65339,1428,Bti,1428.1169,7,https://ftp.ncbi.nlm.nih.gov/genomes/all/GCF/004/354/265/GCF_004354265.1_ASM435426v1,7,1428.1169.fna,GCF_004354265.1_ASM435426v1_genomic.fna, 6157025, 6157025,1428.1169.fna_vs_GCF_004354265.1_ASM435426v1_genomic.fna_blast.xml,0,0,0,0,0,0,0,33944,6123013,0,1,9,57,0,1,1428_subject_array_1739744209.bin
65510,1428,HD12,1428.343,7,https://ftp.ncbi.nlm.nih.gov/genomes/all/GCF/001/598/095/GCF_001598095.1_ASM159809v1,7,1428.343.fna,GCF_001598095.1_ASM159809v1_genomic.fna, 6490457, 6490457,1428.343.fna_vs_GCF_001598095.1_ASM159809v1_genomic.fna_blast.xml,0,0,0,0,0,0,0,0,6490457,0,0,0,0,0,0,1428_subject_array_1739744212.bin
65520,1428,IBL00055,1428.1829,7,https://ftp.ncbi.nlm.nih.gov/genomes/all/GCF/024/712/805/GCF_024712805.1_ASM2471280v1,7,1428.1829.fna,GCF_024712805.1_ASM2471280v1_genomic.fna, 6242031, 6242031,1428.1829.fna_vs_GCF_024712805.1_ASM2471280v1_genomic.fna_blast.xml,0,0,0,0,0,0,0,0,6242029,0,0,2,0,0,0,1428_subject_array_1739744215.bin
65569,1428,LX43,1428.1755,7,https://ftp.ncbi.nlm.nih.gov/genomes/all/GCF/022/816/845/GCF_022816845.1_ASM2281684v1,7,1428.1755.fna,GCF_022816845.1_ASM2281684v1_genomic.fna, 5945679, 5945679,1428.1755.fna_vs_GCF_022816845.1_ASM2281684v1_genomic.fna_blast.xml,0,0,0,0,0,0,1,0,5945678,0,0,0,0,0,0,1428_subject_array_1739744218.bin
65592,1428,QZL38,1428.1033,7,https://ftp.ncbi.nlm.nih.gov/genomes/all/GCF/003/626/955/GCF_003626955.1_ASM362695v1,7,1428.1033.fna,GCF_003626955.1_ASM362695v1_genomic.fna, 6303380, 6303380,1428.1033.fna_vs_GCF_003626955.1_ASM362695v1_genomic.fna_blast.xml,0,0,0,0,0,0,0,0,6303380,0,0,0,0,0,0,1428_subject_array_1739744220.bin
65625,1428,T0131,1428.1161,7,https://ftp.ncbi.nlm.nih.gov/genomes/all/GCF/004/194/435/GCF_004194435.2_ASM419443v2,7,1428.1161.fna,GCF_004194435.2_ASM419443v2_genomic.fna, 6157090, 6157090,1428.1161.fna_vs_GCF_004194435.2_ASM419443v2_genomic.fna_blast.xml,0,0,0,0,0,0,0,5581,6151507,0,0,0,2,0,0,1428_subject_array_1739744223.bin
65626,1428,T0137,1428.1162,7,https://ftp.ncbi.nlm.nih.gov/genomes/all/GCF/004/194/455/GCF_004194455.2_ASM419445v2,7,1428.1162.fna,GCF_004194455.2_ASM419445v2_genomic.fna, 6157093, 6157093,1428.1162.fna_vs_GCF_004194455.2_ASM419445v2_genomic.fna_blast.xml,0,0,0,0,0,0,0,3191,6153899,0,0,0,3,0,0,1428_subject_array_1739744226.bin
65627,1428,T0139,1428.1163,7,https://ftp.ncbi.nlm.nih.gov/genomes/all/GCF/004/194/475/GCF_004194475.2_ASM419447v2,7,1428.1163.fna,GCF_004194475.2_ASM419447v2_genomic.fna, 6157096, 6157096,1428.1163.fna_vs_GCF_004194475.2_ASM419447v2_genomic.fna_blast.xml,0,0,0,0,0,0,0,5510,6151584,0,0,0,2,0,0,1428_subject_array_1739744228.bin
65650,1428,YWC2-8,1428.324,7,https://ftp.ncbi.nlm.nih.gov/genomes/all/GCF/001/420/855/GCF_001420855.1_ASM142085v1,7,1428.324.fna,GCF_001420855.1_ASM142085v1_genomic.fna, 6227942, 6227942,1428.324.fna_vs_GCF_001420855.1_ASM142085v1_genomic.fna_blast.xml,0,0,0,0,0,0,0,0,6227942,0,0,0,0,0,0,1428_subject_array_1739744232.bin
65733,1429916,P52-10,1429916.3,7,https://ftp.ncbi.nlm.nih.gov/genomes/all/GCF/000/516/555/GCF_000516555.1_P52-10,7,1429916.3.fna,GCF_000516555.1_P52-10_genomic.fna, 5085524, 5085524,1429916.3.fna_vs_GCF_000516555.1_P52-10_genomic.fna_blast.xml,0,0,0,0,0,0,0,0,5085524,0,0,0,0,0,0,1429916_subject_array_1739744234.bin
65936,1434201,MSHR4299,1434201.3,7,https://ftp.ncbi.nlm.nih.gov/genomes/all/GCF/000/774/465/GCF_000774465.1_BCW_18,7,1434201.3.fna,GCF_000774465.1_BCW_18_genomic.fna, 7318850, 7319350,1434201.3.fna_vs_GCF_000774465.1_BCW_18_genomic.fna_blast.xml,0,0,0,0,0,0,1,429,7316899,0,0,2,2019,0,0,1434201_subject_array_1739744236.bin
66121,1437003,MSHR3458,1437003.3,7,https://ftp.ncbi.nlm.nih.gov/genomes/all/GCF/000/774/705/GCF_000774705.1_BPV,7,1437003.3.fna,GCF_000774705.1_BPV_genomic.fna, 7125301, 7125801,1437003.3.fna_vs_GCF_000774705.1_BPV_genomic.fna_blast.xml,0,0,0,0,0,0,0,447,7107892,0,0,1,17461,0,0,1437003_subject_array_1739744239.bin
66374,1438999,ABC020007794,1438999.3,7,https://ftp.ncbi.nlm.nih.gov/genomes/all/GCF/000/630/145/GCF_000630145.1_Stre_pyog_ABC020007794_V1,7,1438999.3.fna,GCF_000630145.1_Stre_pyog_ABC020007794_V1_genomic.fna, 1805573, 1805673,1438999.3.fna_vs_GCF_000630145.1_Stre_pyog_ABC020007794_V1_genomic.fna_blast.xml,0,0,0,0,0,0,0,86,1805587,0,0,0,0,0,0,1438999_subject_array_1739744240.bin
66379,1439006,ABC020013952,1439006.3,7,https://ftp.ncbi.nlm.nih.gov/genomes/all/GCF/000/630/905/GCF_000630905.1_Stre_pyog_ABC020013952_V1,7,1439006.3.fna,GCF_000630905.1_Stre_pyog_ABC020013952_V1_genomic.fna, 1816797, 1817427,1439006.3.fna_vs_GCF_000630905.1_Stre_pyog_ABC020013952_V1_genomic.fna_blast.xml,0,0,0,0,0,0,0,630,1816797,0,0,0,0,0,0,1439006_subject_array_1739744241.bin
66381,1439010,ABC020014690,1439010.3,7,https://ftp.ncbi.nlm.nih.gov/genomes/all/GCF/000/630/065/GCF_000630065.1_Stre_pyog_ABC020014690_V1,7,1439010.3.fna,GCF_000630065.1_Stre_pyog_ABC020014690_V1_genomic.fna, 1821830, 1821930,1439010.3.fna_vs_GCF_000630065.1_Stre_pyog_ABC020014690_V1_genomic.fna_blast.xml,0,0,0,0,0,0,0,90,1821840,0,0,0,0,0,0,1439010_subject_array_1739744242.bin
66386,1439015,ABC020015285,1439015.3,7,https://ftp.ncbi.nlm.nih.gov/genomes/all/GCF/000/630/025/GCF_000630025.1_Stre_pyog_ABC020015285_V1,7,1439015.3.fna,GCF_000630025.1_Stre_pyog_ABC020015285_V1_genomic.fna, 1871962, 1872146,1439015.3.fna_vs_GCF_000630025.1_Stre_pyog_ABC020015285_V1_genomic.fna_blast.xml,0,0,0,0,0,0,0,182,1871964,0,0,0,0,0,0,1439015_subject_array_1739744242.bin
66390,1439027,ABC020017280,1439027.3,7,https://ftp.ncbi.nlm.nih.gov/genomes/all/GCF/000/628/685/GCF_000628685.1_Stre_pyog_ABC020017280_V1,7,1439027.3.fna,GCF_000628685.1_Stre_pyog_ABC020017280_V1_genomic.fna, 1806630, 1806630,1439027.3.fna_vs_GCF_000628685.1_Stre_pyog_ABC020017280_V1_genomic.fna_blast.xml,0,0,0,0,0,0,0,0,1806630,0,0,0,0,0,0,1439027_subject_array_1739744243.bin
66408,1439071,ABC020032183,1439071.3,7,https://ftp.ncbi.nlm.nih.gov/genomes/all/GCF/000/629/885/GCF_000629885.1_Stre_pyog_ABC020032183_V1,7,1439071.3.fna,GCF_000629885.1_Stre_pyog_ABC020032183_V1_genomic.fna, 1784699, 1786271,1439071.3.fna_vs_GCF_000629885.1_Stre_pyog_ABC020032183_V1_genomic.fna_blast.xml,0,0,0,0,0,0,0,1539,1784732,0,0,0,0,0,0,1439071_subject_array_1739744244.bin
66417,1439090,ABC020035427,1439090.3,7,https://ftp.ncbi.nlm.nih.gov/genomes/all/GCF/000/629/865/GCF_000629865.1_Stre_pyog_ABC020035427_V1,7,1439090.3.fna,GCF_000629865.1_Stre_pyog_ABC020035427_V1_genomic.fna, 1815310, 1815494,1439090.3.fna_vs_GCF_000629865.1_Stre_pyog_ABC020035427_V1_genomic.fna_blast.xml,0,0,0,0,0,0,0,182,1815312,0,0,0,0,0,0,1439090_subject_array_1739744245.bin
66425,1439118,ABC020040643,1439118.3,7,https://ftp.ncbi.nlm.nih.gov/genomes/all/GCF/000/631/805/GCF_000631805.1_Stre_pyog_ABC020040643_V1,7,1439118.3.fna,GCF_000631805.1_Stre_pyog_ABC020040643_V1_genomic.fna, 1775487, 1776724,1439118.3.fna_vs_GCF_000631805.1_Stre_pyog_ABC020040643_V1_genomic.fna_blast.xml,0,0,0,0,0,0,0,1237,1775487,0,0,0,0,0,0,1439118_subject_array_1739744245.bin
66439,1439147,ABC020046559,1439147.3,7,https://ftp.ncbi.nlm.nih.gov/genomes/all/GCF/000/631/705/GCF_000631705.1_Stre_pyog_ABC020046559_V1,7,1439147.3.fna,GCF_000631705.1_Stre_pyog_ABC020046559_V1_genomic.fna, 1827496, 1838629,1439147.3.fna_vs_GCF_000631705.1_Stre_pyog_ABC020046559_V1_genomic.fna_blast.xml,0,0,0,0,0,0,0,11131,1827498,0,0,0,0,0,0,1439147_subject_array_1739744246.bin
66449,1439162,ABC020047635,1439162.3,7,https://ftp.ncbi.nlm.nih.gov/genomes/all/GCF/000/631/905/GCF_000631905.1_Stre_pyog_ABC020047635_V1,7,1439162.3.fna,GCF_000631905.1_Stre_pyog_ABC020047635_V1_genomic.fna, 1811587, 1811771,1439162.3.fna_vs_GCF_000631905.1_Stre_pyog_ABC020047635_V1_genomic.fna_blast.xml,0,0,0,0,0,0,0,182,1811589,0,0,0,0,0,0,1439162_subject_array_1739744247.bin
66453,1439168,ABC020047977,1439168.3,7,https://ftp.ncbi.nlm.nih.gov/genomes/all/GCF/000/628/185/GCF_000628185.1_Stre_pyog_ABC020047977_V1,7,1439168.3.fna,GCF_000628185.1_Stre_pyog_ABC020047977_V1_genomic.fna, 1875350, 1875350,1439168.3.fna_vs_GCF_000628185.1_Stre_pyog_ABC020047977_V1_genomic.fna_blast.xml,0,0,0,0,0,0,0,0,1875350,0,0,0,0,0,0,1439168_subject_array_1739744247.bin
66456,1439176,ABC020048262,1439176.3,7,https://ftp.ncbi.nlm.nih.gov/genomes/all/GCF/000/631/665/GCF_000631665.1_Stre_pyog_ABC020048262_V1,7,1439176.3.fna,GCF_000631665.1_Stre_pyog_ABC020048262_V1_genomic.fna, 1785192, 1786787,1439176.3.fna_vs_GCF_000631665.1_Stre_pyog_ABC020048262_V1_genomic.fna_blast.xml,0,0,0,0,0,0,0,1595,1785192,0,0,0,0,0,0,1439176_subject_array_1739744248.bin
66468,1439193,ABC020050731,1439193.3,7,https://ftp.ncbi.nlm.nih.gov/genomes/all/GCF/000/630/385/GCF_000630385.1_Stre_pyog_ABC020050731_V1,7,1439193.3.fna,GCF_000630385.1_Stre_pyog_ABC020050731_V1_genomic.fna, 1775222, 1776521,1439193.3.fna_vs_GCF_000630385.1_Stre_pyog_ABC020050731_V1_genomic.fna_blast.xml,0,0,0,0,0,0,0,1299,1775222,0,0,0,0,0,0,1439193_subject_array_1739744249.bin
66505,1439271,ABC020056794,1439271.3,7,https://ftp.ncbi.nlm.nih.gov/genomes/all/GCF/000/631/645/GCF_000631645.1_Stre_pyog_ABC020056794_V1,7,1439271.3.fna,GCF_000631645.1_Stre_pyog_ABC020056794_V1_genomic.fna, 1820200, 1820400,1439271.3.fna_vs_GCF_000631645.1_Stre_pyog_ABC020056794_V1_genomic.fna_blast.xml,0,0,0,0,0,0,0,200,1820200,0,0,0,0,0,0,1439271_subject_array_1739744250.bin
66516,1439287,ABC020057449,1439287.3,7,https://ftp.ncbi.nlm.nih.gov/genomes/all/GCF/000/631/125/GCF_000631125.1_Stre_pyog_ABC020057449_V1,7,1439287.3.fna,GCF_000631125.1_Stre_pyog_ABC020057449_V1_genomic.fna, 1807448, 1807778,1439287.3.fna_vs_GCF_000631125.1_Stre_pyog_ABC020057449_V1_genomic.fna_blast.xml,0,0,0,0,0,0,0,324,1807454,0,0,0,0,0,0,1439287_subject_array_1739744250.bin
66644,1441627,Sanji,1441627.14,7,https://ftp.ncbi.nlm.nih.gov/genomes/all/GCF/001/610/755/GCF_001610755.1_ASM161075v1,7,1441627.14.fna,GCF_001610755.1_ASM161075v1_genomic.fna, 5428586, 5428586,1441627.14.fna_vs_GCF_001610755.1_ASM161075v1_genomic.fna_blast.xml,0,0,0,0,0,0,0,0,5428585,0,0,1,0,0,0,1441627_subject_array_1739744253.bin
66743,1444,BI 256-82,1444.19,7,https://ftp.ncbi.nlm.nih.gov/genomes/all/GCF/031/169/915/GCF_031169915.1_ASM3116991v1,7,1444.19.fna,GCF_031169915.1_ASM3116991v1_genomic.fna, 6247839, 6247839,1444.19.fna_vs_GCF_031169915.1_ASM3116991v1_genomic.fna_blast.xml,0,0,0,0,0,0,0,0,6247839,0,0,0,0,0,0,1444_subject_array_1739744256.bin
66744,1444,NB-176,1444.17,7,https://ftp.ncbi.nlm.nih.gov/genomes/all/GCF/027/627/765/GCF_027627765.1_ASM2762776v1,7,1444.17.fna,GCF_027627765.1_ASM2762776v1_genomic.fna,  647669, 6090597,1444.17.fna_vs_GCF_027627765.1_ASM2762776v1_genomic.fna_blast.xml,0,0,85,27,0,0,133,5332968,700009,0,183,5872,51225,0,95,1444_subject_array_1739744257.bin
66745,1444,NB125,1444.16,7,https://ftp.ncbi.nlm.nih.gov/genomes/all/GCF/027/627/725/GCF_027627725.1_ASM2762772v1,7,1444.16.fna,GCF_027627725.1_ASM2762772v1_genomic.fna, 6305941, 6305941,1444.16.fna_vs_GCF_027627725.1_ASM2762772v1_genomic.fna_blast.xml,0,0,0,0,0,0,0,0,6305937,0,2,2,0,0,0,1444_subject_array_1739744259.bin
66746,1444,NB176-1,1444.18,7,https://ftp.ncbi.nlm.nih.gov/genomes/all/GCF/027/627/745/GCF_027627745.1_ASM2762774v1,7,1444.18.fna,GCF_027627745.1_ASM2762774v1_genomic.fna, 6225143, 6268965,1444.18.fna_vs_GCF_027627745.1_ASM2762774v1_genomic.fna_blast.xml,0,0,25,10,1,0,46,20148,6238411,0,67,2544,7686,0,27,1444_subject_array_1739744263.bin
67144,1446574,2011C-3609,1446574.3,7,https://ftp.ncbi.nlm.nih.gov/genomes/all/GCF/000/703/365/GCF_000703365.1_Ec2011C-3609,7,1446574.3.fna,GCF_000703365.1_Ec2011C-3609_genomic.fna, 5412686, 5412686,1446574.3.fna_vs_GCF_000703365.1_Ec2011C-3609_genomic.fna_blast.xml,0,0,0,0,0,0,0,0,5412686,0,0,0,0,0,0,1446574_subject_array_1739744266.bin
67516,1448460,TKK_03_0159,1448460.3,7,https://ftp.ncbi.nlm.nih.gov/genomes/all/GCF/000/652/355/GCF_000652355.1_Myco_tube_TKK_03_0159_V1,7,1448460.3.fna,GCF_000652355.1_Myco_tube_TKK_03_0159_V1_genomic.fna, 4399233, 4405704,1448460.3.fna_vs_GCF_000652355.1_Myco_tube_TKK_03_0159_V1_genomic.fna_blast.xml,0,0,0,0,0,0,0,6433,4399265,0,0,6,0,0,0,1448460_subject_array_1739744268.bin
67537,1448481,TKK_04_0081,1448481.3,7,https://ftp.ncbi.nlm.nih.gov/genomes/all/GCF/000/652/755/GCF_000652755.1_Myco_tube_TKK_04_0081_V1,7,1448481.3.fna,GCF_000652755.1_Myco_tube_TKK_04_0081_V1_genomic.fna, 4395655, 4396255,1448481.3.fna_vs_GCF_000652755.1_Myco_tube_TKK_04_0081_V1_genomic.fna_blast.xml,0,0,0,0,0,0,0,597,4395658,0,0,0,0,0,0,1448481_subject_array_1739744271.bin
67538,1448482,TKK_04_0082,1448482.3,7,https://ftp.ncbi.nlm.nih.gov/genomes/all/GCF/000/652/775/GCF_000652775.1_Myco_tube_TKK_04_0082_V1,7,1448482.3.fna,GCF_000652775.1_Myco_tube_TKK_04_0082_V1_genomic.fna, 4392923, 4394079,1448482.3.fna_vs_GCF_000652775.1_Myco_tube_TKK_04_0082_V1_genomic.fna_blast.xml,0,0,0,0,0,0,0,1147,4392931,0,0,1,0,0,0,1448482_subject_array_1739744273.bin
67539,1448483,TKK_04_0083,1448483.3,7,https://ftp.ncbi.nlm.nih.gov/genomes/all/GCF/000/652/795/GCF_000652795.1_Myco_tube_TKK_04_0083_V1,7,1448483.3.fna,GCF_000652795.1_Myco_tube_TKK_04_0083_V1_genomic.fna, 4399833, 4401935,1448483.3.fna_vs_GCF_000652795.1_Myco_tube_TKK_04_0083_V1_genomic.fna_blast.xml,0,0,0,0,0,0,0,2089,4399846,0,0,0,0,0,0,1448483_subject_array_1739744275.bin
67610,1448570,TKK_04_0105,1448570.3,7,https://ftp.ncbi.nlm.nih.gov/genomes/all/GCF/000/654/035/GCF_000654035.1_Myco_tube_TKK_04_0105_V1,7,1448570.3.fna,GCF_000654035.1_Myco_tube_TKK_04_0105_V1_genomic.fna, 4395378, 4402087,1448570.3.fna_vs_GCF_000654035.1_Myco_tube_TKK_04_0105_V1_genomic.fna_blast.xml,0,0,0,0,0,0,0,6615,4395472,0,0,0,0,0,0,1448570_subject_array_1739744277.bin
67904,1449076,UNC305MFCol5.2,1449076.3,7,https://ftp.ncbi.nlm.nih.gov/genomes/all/GCF/000/712/135/GCF_000712135.1_ASM71213v1,7,1449076.3.fna,GCF_000712135.1_ASM71213v1_genomic.fna, 4239980, 4239980,1449076.3.fna_vs_GCF_000712135.1_ASM71213v1_genomic.fna_blast.xml,0,0,0,0,0,0,0,0,4239980,0,0,0,0,0,0,1449076_subject_array_1739744279.bin
67911,1449335,pf4,1449335.3,7,https://ftp.ncbi.nlm.nih.gov/genomes/all/GCF/000/744/115/GCF_000744115.1_ASM74411v1,7,1449335.3.fna,GCF_000744115.1_ASM74411v1_genomic.fna, 2616870, 2616870,1449335.3.fna_vs_GCF_000744115.1_ASM74411v1_genomic.fna_blast.xml,0,0,0,0,0,0,0,0,2616870,0,0,0,0,0,0,1449335_subject_array_1739744280.bin
67924,1449347,KCTC 9733,1449347.3,7,https://ftp.ncbi.nlm.nih.gov/genomes/all/GCF/000/744/225/GCF_000744225.1_ASM74422v1,7,1449347.3.fna,GCF_000744225.1_ASM74422v1_genomic.fna, 8681761, 8681761,1449347.3.fna_vs_GCF_000744225.1_ASM74422v1_genomic.fna_blast.xml,0,0,0,0,0,0,0,0,8681761,0,0,0,0,0,0,1449347_subject_array_1739744284.bin
68210,1453498,LMG 4008,1453498.8,7,https://ftp.ncbi.nlm.nih.gov/genomes/all/GCF/000/757/385/GCF_000757385.1_ASM75738v1,7,1453498.8.fna,GCF_000757385.1_ASM75738v1_genomic.fna, 3490856, 3490856,1453498.8.fna_vs_GCF_000757385.1_ASM75738v1_genomic.fna_blast.xml,0,0,0,0,0,0,0,0,3490856,0,0,0,0,0,0,1453498_subject_array_1739744286.bin
68340,1455,NBPM-293,1455.18,7,https://ftp.ncbi.nlm.nih.gov/genomes/all/GCF/020/002/245/GCF_020002245.1_ASM2000224v1,7,1455.18.fna,GCF_020002245.1_ASM2000224v1_genomic.fna, 4289048, 4289048,1455.18.fna_vs_GCF_020002245.1_ASM2000224v1_genomic.fna_blast.xml,0,0,0,0,0,0,0,0,4289048,0,0,0,0,0,0,1455_subject_array_1739744288.bin
68591,1461024,4AA1,1461024.5,7,https://ftp.ncbi.nlm.nih.gov/genomes/all/GCF/022/810/725/GCF_022810725.1_ASM2281072v1,7,1461024.5.fna,GCF_022810725.1_ASM2281072v1_genomic.fna, 6313491, 6313491,1461024.5.fna_vs_GCF_022810725.1_ASM2281072v1_genomic.fna_blast.xml,0,0,0,0,0,0,0,0,6313485,0,1,5,0,0,0,1461024_subject_array_1739744291.bin
68703,1463164,BC-BR536-2a,1463164.208,7,https://ftp.ncbi.nlm.nih.gov/genomes/all/GCF/021/503/375/GCF_021503375.1_ASM2150337v1,7,1463164.208.fna,GCF_021503375.1_ASM2150337v1_genomic.fna, 5625981, 5625981,1463164.208.fna_vs_GCF_021503375.1_ASM2150337v1_genomic.fna_blast.xml,0,0,0,0,0,0,0,0,5625981,0,0,0,0,0,0,1463164_subject_array_1739744293.bin
68811,1463164,SB610,1463164.216,7,https://ftp.ncbi.nlm.nih.gov/genomes/all/GCF/020/525/705/GCF_020525705.1_ASM2052570v1,7,1463164.216.fna,GCF_020525705.1_ASM2052570v1_genomic.fna, 6047783, 6047783,1463164.216.fna_vs_GCF_020525705.1_ASM2052570v1_genomic.fna_blast.xml,0,0,0,0,0,0,0,0,6047783,0,0,0,0,0,0,1463164_subject_array_1739744296.bin
69101,1463165,D120-1,1463165.171,7,https://ftp.ncbi.nlm.nih.gov/genomes/all/GCF/003/990/375/GCF_003990375.1_ASM399037v1,7,1463165.171.fna,GCF_003990375.1_ASM399037v1_genomic.fna, 5571031, 5571031,1463165.171.fna_vs_GCF_003990375.1_ASM399037v1_genomic.fna_blast.xml,0,0,0,0,0,0,0,0,5571030,0,1,0,0,0,0,1463165_subject_array_1739744299.bin
69109,1463165,EF262,1463165.773,7,https://ftp.ncbi.nlm.nih.gov/genomes/all/GCF/023/920/245/GCF_023920245.1_ASM2392024v1,7,1463165.773.fna,GCF_023920245.1_ASM2392024v1_genomic.fna, 5638936, 5638936,1463165.773.fna_vs_GCF_023920245.1_ASM2392024v1_genomic.fna_blast.xml,0,0,0,0,0,0,0,0,5638936,0,0,0,0,0,0,1463165_subject_array_1739744301.bin
69110,1463165,EFN262,1463165.756,7,https://ftp.ncbi.nlm.nih.gov/genomes/all/GCF/023/337/115/GCF_023337115.1_Hybrid,7,1463165.756.fna,GCF_023337115.1_Hybrid_genomic.fna, 5639044, 5639044,1463165.756.fna_vs_GCF_023337115.1_Hybrid_genomic.fna_blast.xml,0,0,0,0,0,0,0,0,5639044,0,0,0,0,0,0,1463165_subject_array_1739744304.bin
69271,1463165,KP20-558,1463165.754,7,https://ftp.ncbi.nlm.nih.gov/genomes/all/GCF/023/205/055/GCF_023205055.1_ASM2320505v1,7,1463165.754.fna,GCF_023205055.1_ASM2320505v1_genomic.fna, 6081762, 6081762,1463165.754.fna_vs_GCF_023205055.1_ASM2320505v1_genomic.fna_blast.xml,0,0,0,0,0,0,0,0,6081762,0,0,0,0,0,0,1463165_subject_array_1739744307.bin
69362,1463165,M7,1463165.1007,7,https://ftp.ncbi.nlm.nih.gov/genomes/all/GCF/030/020/875/GCF_030020875.1_ASM3002087v1,7,1463165.1007.fna,GCF_030020875.1_ASM3002087v1_genomic.fna, 5443711, 5443711,1463165.1007.fna_vs_GCF_030020875.1_ASM3002087v1_genomic.fna_blast.xml,0,0,0,0,0,0,0,0,5443711,0,0,0,0,0,0,1463165_subject_array_1739744310.bin
69388,1463165,NN-MR-49B,1463165.924,7,https://ftp.ncbi.nlm.nih.gov/genomes/all/GCF/028/882/095/GCF_028882095.2_ASM2888209v2,7,1463165.924.fna,GCF_028882095.2_ASM2888209v2_genomic.fna, 5577022, 5577022,1463165.924.fna_vs_GCF_028882095.2_ASM2888209v2_genomic.fna_blast.xml,0,0,0,0,0,0,0,0,5577022,0,0,0,0,0,0,1463165_subject_array_1739744314.bin
69456,1463165,STLEFF_28,1463165.715,7,https://ftp.ncbi.nlm.nih.gov/genomes/all/GCF/022/494/055/GCF_022494055.1_ASM2249405v1,7,1463165.715.fna,GCF_022494055.1_ASM2249405v1_genomic.fna, 5674985, 5674985,1463165.715.fna_vs_GCF_022494055.1_ASM2249405v1_genomic.fna_blast.xml,0,0,0,0,0,0,0,0,5674985,0,0,0,0,0,0,1463165_subject_array_1739744317.bin
69457,1463165,STW0522-39,1463165.366,7,https://ftp.ncbi.nlm.nih.gov/genomes/all/GCF/015/135/515/GCF_015135515.1_ASM1513551v1,7,1463165.366.fna,GCF_015135515.1_ASM1513551v1_genomic.fna, 5610760, 5610760,1463165.366.fna_vs_GCF_015135515.1_ASM1513551v1_genomic.fna_blast.xml,0,0,0,0,0,0,0,0,5610760,0,0,0,0,0,0,1463165_subject_array_1739744320.bin
69528,1463599,MCCC 1A09962,1463599.3,7,https://ftp.ncbi.nlm.nih.gov/genomes/all/GCF/009/827/635/GCF_009827635.1_ASM982763v1,7,1463599.3.fna,GCF_009827635.1_ASM982763v1_genomic.fna, 2895130, 2895130,1463599.3.fna_vs_GCF_009827635.1_ASM982763v1_genomic.fna_blast.xml,0,0,0,0,0,0,0,0,2895130,0,0,0,0,0,0,1463599_subject_array_1739744321.bin
69661,1464,PL008,1464.268,7,https://ftp.ncbi.nlm.nih.gov/genomes/all/GCF/031/924/365/GCF_031924365.1_ASM3192436v1,7,1464.268.fna,GCF_031924365.1_ASM3192436v1_genomic.fna, 4518437, 4518437,1464.268.fna_vs_GCF_031924365.1_ASM3192436v1_genomic.fna_blast.xml,0,0,0,0,0,0,0,0,4518437,0,0,0,0,0,0,1464_subject_array_1739744324.bin
69670,1464,czLmg43_16252,1464.250,7,https://ftp.ncbi.nlm.nih.gov/genomes/all/GCF/031/344/235/GCF_031344235.1_ASM3134423v1,7,1464.250.fna,GCF_031344235.1_ASM3134423v1_genomic.fna, 4687334, 4687334,1464.250.fna_vs_GCF_031344235.1_ASM3134423v1_genomic.fna_blast.xml,0,0,0,0,0,0,1,0,4687333,0,0,0,0,0,0,1464_subject_array_1739744327.bin
69841,1469144,H1,1469144.10,7,https://ftp.ncbi.nlm.nih.gov/genomes/all/GCF/001/543/925/GCF_001543925.1_ASM154392v1,7,1469144.10.fna,GCF_001543925.1_ASM154392v1_genomic.fna, 5014930, 5014930,1469144.10.fna_vs_GCF_001543925.1_ASM154392v1_genomic.fna_blast.xml,0,0,0,0,0,0,0,433180,4581741,0,0,0,9,0,0,1469144_subject_array_1739744330.bin
69879,146919,SP2501,146919.67,7,https://ftp.ncbi.nlm.nih.gov/genomes/all/GCF/024/806/515/GCF_024806515.1_ASM2480651v1,7,146919.67.fna,GCF_024806515.1_ASM2480651v1_genomic.fna, 3672285, 3672285,146919.67.fna_vs_GCF_024806515.1_ASM2480651v1_genomic.fna_blast.xml,0,0,0,0,0,0,0,95,3672190,0,0,0,0,0,0,146919_subject_array_1739744332.bin
70106,147645,TT13,147645.106,7,https://ftp.ncbi.nlm.nih.gov/genomes/all/GCF/002/749/495/GCF_002749495.1_ASM274949v1,7,147645.106.fna,GCF_002749495.1_ASM274949v1_genomic.fna, 4620225, 4620225,147645.106.fna_vs_GCF_002749495.1_ASM274949v1_genomic.fna_blast.xml,0,0,0,0,0,0,0,0,4620225,0,0,0,0,0,0,147645_subject_array_1739744335.bin
70112,1476466,S36,1476466.3,7,https://ftp.ncbi.nlm.nih.gov/genomes/all/GCF/009/827/305/GCF_009827305.1_ASM982730v1,7,1476466.3.fna,GCF_009827305.1_ASM982730v1_genomic.fna, 3879280, 3879280,1476466.3.fna_vs_GCF_009827305.1_ASM982730v1_genomic.fna_blast.xml,0,0,0,0,0,0,0,0,3879280,0,0,0,0,0,0,1476466_subject_array_1739744337.bin
70376,148814,LAko,148814.8,7,https://ftp.ncbi.nlm.nih.gov/genomes/all/GCF/001/281/205/GCF_001281205.1_ASM128120v1,7,148814.8.fna,GCF_001281205.1_ASM128120v1_genomic.fna, 1552941, 1552941,148814.8.fna_vs_GCF_001281205.1_ASM128120v1_genomic.fna_blast.xml,0,0,0,0,0,0,0,0,1552941,0,0,0,0,0,0,148814_subject_array_1739744337.bin
70707,148942,SEE_19-007,148942.1211,7,https://ftp.ncbi.nlm.nih.gov/genomes/all/GCF/021/077/565/GCF_021077565.1_ASM2107756v1,7,148942.1211.fna,GCF_021077565.1_ASM2107756v1_genomic.fna, 2392355, 2392355,148942.1211.fna_vs_GCF_021077565.1_ASM2107756v1_genomic.fna_blast.xml,0,0,0,0,0,0,0,0,2392355,0,0,0,0,0,0,148942_subject_array_1739744339.bin
70725,148942,SEE_19-068,148942.1193,7,https://ftp.ncbi.nlm.nih.gov/genomes/all/GCF/021/077/205/GCF_021077205.1_ASM2107720v1,7,148942.1193.fna,GCF_021077205.1_ASM2107720v1_genomic.fna, 2292696, 2292696,148942.1193.fna_vs_GCF_021077205.1_ASM2107720v1_genomic.fna_blast.xml,0,0,0,0,0,0,0,0,2292696,0,0,0,0,0,0,148942_subject_array_1739744341.bin
70744,1490,HD0315_2,1490.105,7,https://ftp.ncbi.nlm.nih.gov/genomes/all/GCF/022/984/115/GCF_022984115.1_ASM2298411v1,7,1490.105.fna,GCF_022984115.1_ASM2298411v1_genomic.fna, 3639934, 3639934,1490.105.fna_vs_GCF_022984115.1_ASM2298411v1_genomic.fna_blast.xml,0,0,0,0,0,0,0,0,3639934,0,0,0,0,0,0,1490_subject_array_1739744343.bin
70772,1491,1873,1491.1803,7,https://ftp.ncbi.nlm.nih.gov/genomes/all/GCF/016/071/555/GCF_016071555.1_ASM1607155v1,7,1491.1803.fna,GCF_016071555.1_ASM1607155v1_genomic.fna, 2565702, 2565702,1491.1803.fna_vs_GCF_016071555.1_ASM1607155v1_genomic.fna_blast.xml,0,0,0,0,0,0,0,0,2565701,0,0,1,0,0,0,1491_subject_array_1739744344.bin
71162,1492771,OXR-209,1492771.7,7,https://ftp.ncbi.nlm.nih.gov/genomes/all/GCF/034/371/605/GCF_034371605.1_ASM3437160v1,7,1492771.7.fna,GCF_034371605.1_ASM3437160v1_genomic.fna, 4222525, 4222525,1492771.7.fna_vs_GCF_034371605.1_ASM3437160v1_genomic.fna_blast.xml,0,0,0,0,0,0,0,0,4222525,0,0,0,0,0,0,1492771_subject_array_1739744347.bin
72484,1496,20110961,1496.1538,7,https://ftp.ncbi.nlm.nih.gov/genomes/all/GCF/001/971/905/GCF_001971905.1_ASM197190v1,7,1496.1538.fna,GCF_001971905.1_ASM197190v1_genomic.fna, 4103183, 4103183,1496.1538.fna_vs_GCF_001971905.1_ASM197190v1_genomic.fna_blast.xml,0,0,0,0,0,0,0,0,4103183,0,0,0,0,0,0,1496_subject_array_1739744349.bin
72522,1496,20922,1496.4490,7,https://ftp.ncbi.nlm.nih.gov/genomes/all/GCF/006/380/835/GCF_006380835.1_ASM638083v1,7,1496.4490.fna,GCF_006380835.1_ASM638083v1_genomic.fna, 4135554, 4135554,1496.4490.fna_vs_GCF_006380835.1_ASM638083v1_genomic.fna_blast.xml,0,0,0,0,0,0,0,0,4135554,0,0,0,0,0,0,1496_subject_array_1739744351.bin
72523,1496,21018,1496.4501,7,https://ftp.ncbi.nlm.nih.gov/genomes/all/GCF/006/381/075/GCF_006381075.1_ASM638107v1,7,1496.4501.fna,GCF_006381075.1_ASM638107v1_genomic.fna, 4498460, 4498460,1496.4501.fna_vs_GCF_006381075.1_ASM638107v1_genomic.fna_blast.xml,0,0,0,0,0,0,0,0,4498460,0,0,0,0,0,0,1496_subject_array_1739744354.bin
74274,1496,NTCD-035,1496.16151,7,https://ftp.ncbi.nlm.nih.gov/genomes/all/GCF/019/880/625/GCF_019880625.1_ASM1988062v1,7,1496.16151.fna,GCF_019880625.1_ASM1988062v1_genomic.fna, 4431626, 4431626,1496.16151.fna_vs_GCF_019880625.1_ASM1988062v1_genomic.fna_blast.xml,0,0,0,0,0,0,0,0,4431626,0,0,0,0,0,0,1496_subject_array_1739744356.bin
74766,1496,Z1322PCD0052,1496.34225,7,https://ftp.ncbi.nlm.nih.gov/genomes/all/GCF/037/918/925/GCF_037918925.1_ASM3791892v1,7,1496.34225.fna,GCF_037918925.1_ASM3791892v1_genomic.fna, 4172850, 4172850,1496.34225.fna_vs_GCF_037918925.1_ASM3791892v1_genomic.fna_blast.xml,0,0,0,0,0,0,0,0,4172850,0,0,0,0,0,0,1496_subject_array_1739744358.bin
74903,1499500,MIT 0603,1499500.3,7,https://ftp.ncbi.nlm.nih.gov/genomes/all/GCF/000/760/215/GCF_000760215.1_ASM76021v1,7,1499500.3.fna,GCF_000760215.1_ASM76021v1_genomic.fna, 1752482, 1752482,1499500.3.fna_vs_GCF_000760215.1_ASM76021v1_genomic.fna_blast.xml,0,0,0,0,0,0,0,0,1752482,0,0,0,0,0,0,1499500_subject_array_1739744359.bin
74989,1499973,RHB02-E4-C07,1499973.132,7,https://ftp.ncbi.nlm.nih.gov/genomes/all/GCF/029/717/905/GCF_029717905.1_ASM2971790v1,7,1499973.132.fna,GCF_029717905.1_ASM2971790v1_genomic.fna, 4780041, 4780041,1499973.132.fna_vs_GCF_029717905.1_ASM2971790v1_genomic.fna_blast.xml,0,0,0,0,0,0,0,0,4780041,0,0,0,0,0,0,1499973_subject_array_1739744361.bin
74994,1499973,RHBSTW-00265,1499973.33,7,https://ftp.ncbi.nlm.nih.gov/genomes/all/GCF/014/103/665/GCF_014103665.1_ASM1410366v1,7,1499973.33.fna,GCF_014103665.1_ASM1410366v1_genomic.fna, 4949620, 4949620,1499973.33.fna_vs_GCF_014103665.1_ASM1410366v1_genomic.fna_blast.xml,0,0,0,0,0,0,0,0,4949620,0,0,0,0,0,0,1499973_subject_array_1739744364.bin
75026,1500263,WP9,1500263.5,7,https://ftp.ncbi.nlm.nih.gov/genomes/all/GCF/900/104/795/GCF_900104795.1_IMG-taxon_2687453794_annotated_assembly,7,1500263.5.fna,GCF_900104795.1_IMG-taxon_2687453794_annotated_assembly_genomic.fna, 9023533, 9023533,1500263.5.fna_vs_GCF_900104795.1_IMG-taxon_2687453794_annotated_assembly_genomic.fna_blast.xml,0,0,0,0,0,0,0,0,9023532,0,0,1,0,0,0,1500263_subject_array_1739744368.bin
75133,150123,CFBP13513,150123.17,7,https://ftp.ncbi.nlm.nih.gov/genomes/all/GCF/005/233/735/GCF_005233735.1_ASM523373v1,7,150123.17.fna,GCF_005233735.1_ASM523373v1_genomic.fna, 4231965, 4231965,150123.17.fna_vs_GCF_005233735.1_ASM523373v1_genomic.fna_blast.xml,0,0,0,0,0,0,0,0,4231965,0,0,0,0,0,0,150123_subject_array_1739744370.bin
75225,1502,2C45,1502.1525,7,https://ftp.ncbi.nlm.nih.gov/genomes/all/GCF/013/305/215/GCF_013305215.1_ASM1330521v1,7,1502.1525.fna,GCF_013305215.1_ASM1330521v1_genomic.fna, 3438376, 3438376,1502.1525.fna_vs_GCF_013305215.1_ASM1330521v1_genomic.fna_blast.xml,0,0,0,0,0,0,0,0,3438376,0,0,0,0,0,0,1502_subject_array_1739744371.bin
75397,1502,CPI 53k-r1,1502.2592,7,https://ftp.ncbi.nlm.nih.gov/genomes/all/GCF/020/138/495/GCF_020138495.1_ASM2013849v1,7,1502.2592.fna,GCF_020138495.1_ASM2013849v1_genomic.fna, 3604933, 3604933,1502.2592.fna_vs_GCF_020138495.1_ASM2013849v1_genomic.fna_blast.xml,0,0,0,0,0,0,0,0,3604933,0,0,0,0,0,0,1502_subject_array_1739744373.bin
75406,1502,CQ92,1502.3703,7,https://ftp.ncbi.nlm.nih.gov/genomes/all/GCF/036/347/775/GCF_036347775.1_ASM3634777v1,7,1502.3703.fna,GCF_036347775.1_ASM3634777v1_genomic.fna, 3638430, 3638430,1502.3703.fna_vs_GCF_036347775.1_ASM3634777v1_genomic.fna_blast.xml,0,0,0,0,0,0,0,0,3638430,0,0,0,0,0,0,1502_subject_array_1739744374.bin
75667,1502,Z1322PCP0170,1502.3767,7,https://ftp.ncbi.nlm.nih.gov/genomes/all/GCF/037/515/695/GCF_037515695.1_ASM3751569v1,7,1502.3767.fna,GCF_037515695.1_ASM3751569v1_genomic.fna, 3481247, 3481247,1502.3767.fna_vs_GCF_037515695.1_ASM3751569v1_genomic.fna_blast.xml,0,0,0,0,0,0,0,0,3481247,0,0,0,0,0,0,1502_subject_array_1739744376.bin
75676,1502,Z1323CCP0065,1502.3763,7,https://ftp.ncbi.nlm.nih.gov/genomes/all/GCF/037/507/525/GCF_037507525.1_ASM3750752v1,7,1502.3763.fna,GCF_037507525.1_ASM3750752v1_genomic.fna, 3534147, 3534147,1502.3763.fna_vs_GCF_037507525.1_ASM3750752v1_genomic.fna_blast.xml,0,0,0,0,0,0,0,0,3534147,0,0,0,0,0,0,1502_subject_array_1739744378.bin
76017,1505,OA8,1505.141,7,https://ftp.ncbi.nlm.nih.gov/genomes/all/GCF/022/440/745/GCF_022440745.1_ASM2244074v1,7,1505.141.fna,GCF_022440745.1_ASM2244074v1_genomic.fna, 3591142, 3591142,1505.141.fna_vs_GCF_022440745.1_ASM2244074v1_genomic.fna_blast.xml,0,0,0,1,0,0,5,0,3591117,0,0,19,0,0,0,1505_subject_array_1739744380.bin
76083,1506471,ND3,1506471.4,7,https://ftp.ncbi.nlm.nih.gov/genomes/all/GCF/001/182/045/GCF_001182045.1_Dakarella_massiliensis,7,1506471.4.fna,GCF_001182045.1_Dakarella_massiliensis_genomic.fna, 2476884, 2476884,1506471.4.fna_vs_GCF_001182045.1_Dakarella_massiliensis_genomic.fna_blast.xml,0,0,0,0,0,0,0,0,2476884,0,0,0,0,0,0,1506471_subject_array_1739744381.bin
76108,1507512,OA6,1507512.57,7,https://ftp.ncbi.nlm.nih.gov/genomes/all/GCF/022/440/785/GCF_022440785.1_ASM2244078v1,7,1507512.57.fna,GCF_022440785.1_ASM2244078v1_genomic.fna, 3081992, 3081992,1507512.57.fna_vs_GCF_022440785.1_ASM2244078v1_genomic.fna_blast.xml,0,0,0,0,0,0,0,0,3081992,0,0,0,0,0,0,1507512_subject_array_1739744383.bin
76200,1509,FDAARGOS_423,1509.72,7,https://ftp.ncbi.nlm.nih.gov/genomes/all/GCF/002/588/205/GCF_002588205.1_ASM258820v1,7,1509.72.fna,GCF_002588205.1_ASM258820v1_genomic.fna, 4182491, 4182491,1509.72.fna_vs_GCF_002588205.1_ASM258820v1_genomic.fna_blast.xml,0,0,0,0,0,0,0,0,4182491,0,0,0,0,0,0,1509_subject_array_1739744385.bin
76285,1510460,CECT 8599,1510460.4,7,https://ftp.ncbi.nlm.nih.gov/genomes/all/GCF/900/302/465/GCF_900302465.1_A.donghaensisCECT8599_Spades_Prokka,7,1510460.4.fna,GCF_900302465.1_A.donghaensisCECT8599_Spades_Prokka_genomic.fna, 4077640, 4077640,1510460.4.fna_vs_GCF_900302465.1_A.donghaensisCECT8599_Spades_Prokka_genomic.fna_blast.xml,0,0,0,0,0,0,0,0,4077639,0,0,1,0,0,0,1510460_subject_array_1739744387.bin
76320,1511761,Dm-2019-54,1511761.22,7,https://ftp.ncbi.nlm.nih.gov/genomes/all/GCF/018/257/035/GCF_018257035.1_ASM1825703v1,7,1511761.22.fna,GCF_018257035.1_ASM1825703v1_genomic.fna, 2085965, 2085965,1511761.22.fna_vs_GCF_018257035.1_ASM1825703v1_genomic.fna_blast.xml,0,0,0,0,0,0,0,0,2085965,0,0,0,0,0,0,1511761_subject_array_1739744388.bin
76633,1520,DJ028,1520.546,7,https://ftp.ncbi.nlm.nih.gov/genomes/all/GCF/014/137/795/GCF_014137795.1_ASM1413779v1,7,1520.546.fna,GCF_014137795.1_ASM1413779v1_genomic.fna, 6170287, 6170287,1520.546.fna_vs_GCF_014137795.1_ASM1413779v1_genomic.fna_blast.xml,0,0,0,0,0,0,0,0,6170287,0,0,0,0,0,0,1520_subject_array_1739744391.bin
76643,1520,DJ043,1520.496,7,https://ftp.ncbi.nlm.nih.gov/genomes/all/GCF/013/297/085/GCF_013297085.1_ASM1329708v1,7,1520.496.fna,GCF_013297085.1_ASM1329708v1_genomic.fna, 6145797, 6145797,1520.496.fna_vs_GCF_013297085.1_ASM1329708v1_genomic.fna_blast.xml,0,0,0,0,0,0,0,0,6145797,0,0,0,0,0,0,1520_subject_array_1739744395.bin
76649,1520,DJ052,1520.369,7,https://ftp.ncbi.nlm.nih.gov/genomes/all/GCF/013/294/545/GCF_013294545.1_ASM1329454v1,7,1520.369.fna,GCF_013294545.1_ASM1329454v1_genomic.fna, 6046223, 6046223,1520.369.fna_vs_GCF_013294545.1_ASM1329454v1_genomic.fna_blast.xml,0,0,0,0,0,0,0,0,6046223,0,0,0,0,0,0,1520_subject_array_1739744398.bin
76657,1520,DJ066,1520.494,7,https://ftp.ncbi.nlm.nih.gov/genomes/all/GCF/013/297/145/GCF_013297145.1_ASM1329714v1,7,1520.494.fna,GCF_013297145.1_ASM1329714v1_genomic.fna, 6169579, 6169579,1520.494.fna_vs_GCF_013297145.1_ASM1329714v1_genomic.fna_blast.xml,0,0,0,0,0,0,0,0,6169579,0,0,0,0,0,0,1520_subject_array_1739744401.bin
77079,152480,BJQ0010,152480.104,7,https://ftp.ncbi.nlm.nih.gov/genomes/all/GCF/016/458/785/GCF_016458785.1_ASM1645878v1,7,152480.104.fna,GCF_016458785.1_ASM1645878v1_genomic.fna, 6301945, 6301945,152480.104.fna_vs_GCF_016458785.1_ASM1645878v1_genomic.fna_blast.xml,0,0,0,0,0,0,0,0,6301945,0,0,0,0,0,0,152480_subject_array_1739744403.bin
77092,152489,MIT 99-5507,152489.3,7,https://ftp.ncbi.nlm.nih.gov/genomes/all/GCF/003/364/295/GCF_003364295.1_ASM336429v1,7,152489.3.fna,GCF_003364295.1_ASM336429v1_genomic.fna, 1534953, 1534953,152489.3.fna_vs_GCF_003364295.1_ASM336429v1_genomic.fna_blast.xml,0,0,0,0,0,0,0,0,1534953,0,0,0,0,0,0,152489_subject_array_1739744404.bin
77156,1526572,D11M-2,1526572.4,7,https://ftp.ncbi.nlm.nih.gov/genomes/all/GCF/014/534/785/GCF_014534785.1_ASM1453478v1,7,1526572.4.fna,GCF_014534785.1_ASM1453478v1_genomic.fna, 3272810, 3272810,1526572.4.fna_vs_GCF_014534785.1_ASM1453478v1_genomic.fna_blast.xml,0,0,0,0,0,0,0,494,3272316,0,0,0,0,0,0,1526572_subject_array_1739744406.bin
77229,1530123,AS51,1530123.63,7,https://ftp.ncbi.nlm.nih.gov/genomes/all/GCF/014/720/855/GCF_014720855.1_ASM1472085v1,7,1530123.63.fna,GCF_014720855.1_ASM1472085v1_genomic.fna, 4575801, 4575801,1530123.63.fna_vs_GCF_014720855.1_ASM1472085v1_genomic.fna_blast.xml,0,0,0,0,0,0,0,0,4575801,0,0,0,0,0,0,1530123_subject_array_1739744407.bin
77234,1530123,AS62,1530123.56,7,https://ftp.ncbi.nlm.nih.gov/genomes/all/GCF/014/719/435/GCF_014719435.1_ASM1471943v1,7,1530123.56.fna,GCF_014719435.1_ASM1471943v1_genomic.fna, 4497461, 4497461,1530123.56.fna_vs_GCF_014719435.1_ASM1471943v1_genomic.fna_blast.xml,0,0,0,0,0,0,0,0,4497461,0,0,0,0,0,0,1530123_subject_array_1739744409.bin
77236,1530123,AS70,1530123.54,7,https://ftp.ncbi.nlm.nih.gov/genomes/all/GCF/014/718/955/GCF_014718955.1_ASM1471895v1,7,1530123.54.fna,GCF_014718955.1_ASM1471895v1_genomic.fna, 4347513, 4347513,1530123.54.fna_vs_GCF_014718955.1_ASM1471895v1_genomic.fna_blast.xml,0,0,0,0,0,0,0,0,4347513,0,0,0,0,0,0,1530123_subject_array_1739744411.bin
77242,1530123,AS80,1530123.48,7,https://ftp.ncbi.nlm.nih.gov/genomes/all/GCF/014/717/695/GCF_014717695.1_ASM1471769v1,7,1530123.48.fna,GCF_014717695.1_ASM1471769v1_genomic.fna, 4002993, 4002993,1530123.48.fna_vs_GCF_014717695.1_ASM1471769v1_genomic.fna_blast.xml,0,0,0,0,0,0,0,0,4002993,0,0,0,0,0,0,1530123_subject_array_1739744413.bin
77375,153496,DSM 14400,153496.12,7,https://ftp.ncbi.nlm.nih.gov/genomes/all/GCF/001/787/335/GCF_001787335.1_ASM178733v1,7,153496.12.fna,GCF_001787335.1_ASM178733v1_genomic.fna, 3505604, 3505604,153496.12.fna_vs_GCF_001787335.1_ASM178733v1_genomic.fna_blast.xml,0,0,0,0,0,0,0,0,3505604,0,0,0,0,0,0,153496_subject_array_1739744414.bin
77441,153730,IAM 15147,153730.4,7,https://ftp.ncbi.nlm.nih.gov/genomes/all/GCF/900/114/805/GCF_900114805.1_IMG-taxon_2623620613_annotated_assembly,7,153730.4.fna,GCF_900114805.1_IMG-taxon_2623620613_annotated_assembly_genomic.fna, 2904476, 2904476,153730.4.fna_vs_GCF_900114805.1_IMG-taxon_2623620613_annotated_assembly_genomic.fna_blast.xml,0,0,0,0,0,0,0,0,2904476,0,0,0,0,0,0,153730_subject_array_1739744416.bin
77582,1542965,MSHR3999,1542965.3,7,https://ftp.ncbi.nlm.nih.gov/genomes/all/GCF/000/833/595/GCF_000833595.1_GFC_23,7,1542965.3.fna,GCF_000833595.1_GFC_23_genomic.fna, 7894237, 7894237,1542965.3.fna_vs_GCF_000833595.1_GFC_23_genomic.fna_blast.xml,0,0,0,0,0,0,0,0,7894237,0,0,0,0,0,0,1542965_subject_array_1739744419.bin
77992,1552123,NCTC13936,1552123.5,7,https://ftp.ncbi.nlm.nih.gov/genomes/all/GCF/900/453/065/GCF_900453065.1_58116_F02,7,1552123.5.fna,GCF_900453065.1_58116_F02_genomic.fna, 3488655, 3488655,1552123.5.fna_vs_GCF_900453065.1_58116_F02_genomic.fna_blast.xml,0,0,0,0,0,0,0,0,3488655,0,0,0,0,0,0,1552123_subject_array_1739744421.bin
78275,155322,UTDS19-34TSA4,155322.308,7,https://ftp.ncbi.nlm.nih.gov/genomes/all/GCF/022/117/595/GCF_022117595.1_ASM2211759v1,7,155322.308.fna,GCF_022117595.1_ASM2211759v1_genomic.fna, 5932331, 5932331,155322.308.fna_vs_GCF_022117595.1_ASM2211759v1_genomic.fna_blast.xml,0,0,0,0,0,0,0,0,5932331,0,0,0,0,0,0,155322_subject_array_1739744423.bin
78313,155866,CECT 7031,155866.5,7,https://ftp.ncbi.nlm.nih.gov/genomes/all/GCF/003/353/445/GCF_003353445.1_ASM335344v1,7,155866.5.fna,GCF_003353445.1_ASM335344v1_genomic.fna, 1658396, 1658396,155866.5.fna_vs_GCF_003353445.1_ASM335344v1_genomic.fna_blast.xml,0,0,0,0,0,0,0,154,1658242,0,0,0,0,0,0,155866_subject_array_1739744424.bin
78634,1570346,NBRC 110057,1570346.3,7,https://ftp.ncbi.nlm.nih.gov/genomes/all/GCF/002/090/175/GCF_002090175.1_ASM209017v1,7,1570346.3.fna,GCF_002090175.1_ASM209017v1_genomic.fna, 2731261, 2731261,1570346.3.fna_vs_GCF_002090175.1_ASM209017v1_genomic.fna_blast.xml,0,0,0,0,0,0,0,0,2731261,0,0,0,0,0,0,1570346_subject_array_1739744425.bin
78937,1579,KLDS 1.0901,1579.49,7,https://ftp.ncbi.nlm.nih.gov/genomes/all/GCF/001/868/765/GCF_001868765.1_ASM186876v1,7,1579.49.fna,GCF_001868765.1_ASM186876v1_genomic.fna, 1992320, 1992320,1579.49.fna_vs_GCF_001868765.1_ASM186876v1_genomic.fna_blast.xml,0,0,0,0,0,0,0,7486,1984825,0,0,0,9,0,0,1579_subject_array_1739744426.bin
79151,1580596,P36,1580596.4,7,https://ftp.ncbi.nlm.nih.gov/genomes/all/GCF/002/412/025/GCF_002412025.1_ASM241202v1,7,1580596.4.fna,GCF_002412025.1_ASM241202v1_genomic.fna, 4239045, 4239045,1580596.4.fna_vs_GCF_002412025.1_ASM241202v1_genomic.fna_blast.xml,0,0,0,0,0,0,0,0,4239045,0,0,0,0,0,0,1580596_subject_array_1739744428.bin
79152,1580596,P42,1580596.30,7,https://ftp.ncbi.nlm.nih.gov/genomes/all/GCF/002/892/245/GCF_002892245.1_ASM289224v1,7,1580596.30.fna,GCF_002892245.1_ASM289224v1_genomic.fna, 4239045, 4239045,1580596.30.fna_vs_GCF_002892245.1_ASM289224v1_genomic.fna_blast.xml,0,0,0,0,0,0,0,0,4239045,0,0,0,0,0,0,1580596_subject_array_1739744429.bin
79326,1582364,NBRC 110675,1582364.3,7,https://ftp.ncbi.nlm.nih.gov/genomes/all/GCF/016/862/815/GCF_016862815.1_ASM1686281v1,7,1582364.3.fna,GCF_016862815.1_ASM1686281v1_genomic.fna, 2471820, 2471820,1582364.3.fna_vs_GCF_016862815.1_ASM1686281v1_genomic.fna_blast.xml,0,0,0,0,0,0,0,0,2471820,0,0,0,0,0,0,1582364_subject_array_1739744430.bin
79386,1583,CYLB30,1583.403,7,https://ftp.ncbi.nlm.nih.gov/genomes/all/GCF/029/536/205/GCF_029536205.1_ASM2953620v1,7,1583.403.fna,GCF_029536205.1_ASM2953620v1_genomic.fna, 2511021, 2511021,1583.403.fna_vs_GCF_029536205.1_ASM2953620v1_genomic.fna_blast.xml,0,0,0,0,0,0,0,0,2511021,0,0,0,0,0,0,1583_subject_array_1739744431.bin
79595,1586242,26-35,1586242.3,7,https://ftp.ncbi.nlm.nih.gov/genomes/all/GCF/004/352/825/GCF_004352825.1_ASM435282v1,7,1586242.3.fna,GCF_004352825.1_ASM435282v1_genomic.fna, 2965592, 2965592,1586242.3.fna_vs_GCF_004352825.1_ASM435282v1_genomic.fna_blast.xml,0,0,0,0,0,0,0,0,2965592,0,0,0,0,0,0,1586242_subject_array_1739744433.bin
79991,158836,2020CK-00199,158836.2202,7,https://ftp.ncbi.nlm.nih.gov/genomes/all/GCF/028/898/905/GCF_028898905.1_ASM2889890v1,7,158836.2202.fna,GCF_028898905.1_ASM2889890v1_genomic.fna, 5223933, 5223933,158836.2202.fna_vs_GCF_028898905.1_ASM2889890v1_genomic.fna_blast.xml,0,0,0,0,0,0,0,0,5223933,0,0,0,0,0,0,158836_subject_array_1739744435.bin
79993,158836,2020CK-00203,158836.2097,7,https://ftp.ncbi.nlm.nih.gov/genomes/all/GCF/027/886/505/GCF_027886505.1_ASM2788650v1,7,158836.2097.fna,GCF_027886505.1_ASM2788650v1_genomic.fna,  398440, 5139865,158836.2097.fna_vs_GCF_027886505.1_ASM2788650v1_genomic.fna_blast.xml,0,0,13,3,0,0,3,4737117,399380,0,16,501,2818,0,14,158836_subject_array_1739744435.bin
79994,158836,2020CK-00204,158836.2098,7,https://ftp.ncbi.nlm.nih.gov/genomes/all/GCF/027/886/525/GCF_027886525.1_ASM2788652v1,7,158836.2098.fna,GCF_027886525.1_ASM2788652v1_genomic.fna, 5078694, 5166182,158836.2098.fna_vs_GCF_027886525.1_ASM2788652v1_genomic.fna_blast.xml,0,0,1,4,0,0,19,79773,5082467,0,27,210,3680,0,1,158836_subject_array_1739744438.bin
79997,158836,2020CK-00224,158836.2200,7,https://ftp.ncbi.nlm.nih.gov/genomes/all/GCF/028/872/235/GCF_028872235.1_ASM2887223v1,7,158836.2200.fna,GCF_028872235.1_ASM2887223v1_genomic.fna, 5192593, 5192593,158836.2200.fna_vs_GCF_028872235.1_ASM2887223v1_genomic.fna_blast.xml,0,0,0,0,0,0,0,0,5192593,0,0,0,0,0,0,158836_subject_array_1739744440.bin
80277,158836,49589CZ,158836.1495,7,https://ftp.ncbi.nlm.nih.gov/genomes/all/GCF/020/695/685/GCF_020695685.1_ASM2069568v1,7,158836.1495.fna,GCF_020695685.1_ASM2069568v1_genomic.fna, 5217738, 5217738,158836.1495.fna_vs_GCF_020695685.1_ASM2069568v1_genomic.fna_blast.xml,0,0,0,0,0,0,0,0,5217738,0,0,0,0,0,0,158836_subject_array_1739744443.bin
80281,158836,54569CZ,158836.1494,7,https://ftp.ncbi.nlm.nih.gov/genomes/all/GCF/020/695/605/GCF_020695605.1_ASM2069560v1,7,158836.1494.fna,GCF_020695605.1_ASM2069560v1_genomic.fna, 4803420, 4803420,158836.1494.fna_vs_GCF_020695605.1_ASM2069560v1_genomic.fna_blast.xml,0,0,0,0,0,0,0,0,4803420,0,0,0,0,0,0,158836_subject_array_1739744445.bin
80407,158836,BC-BR166-1,158836.1471,7,https://ftp.ncbi.nlm.nih.gov/genomes/all/GCF/021/503/615/GCF_021503615.1_ASM2150361v1,7,158836.1471.fna,GCF_021503615.1_ASM2150361v1_genomic.fna, 4953420, 4953420,158836.1471.fna_vs_GCF_021503615.1_ASM2150361v1_genomic.fna_blast.xml,0,0,0,0,0,0,0,0,4953420,0,0,0,0,0,0,158836_subject_array_1739744447.bin
80418,158836,BC-E389,158836.2991,7,https://ftp.ncbi.nlm.nih.gov/genomes/all/GCF/033/034/945/GCF_033034945.1_ASM3303494v1,7,158836.2991.fna,GCF_033034945.1_ASM3303494v1_genomic.fna, 5085822, 5085822,158836.2991.fna_vs_GCF_033034945.1_ASM3303494v1_genomic.fna_blast.xml,0,0,0,0,0,0,0,0,5085822,0,0,0,0,0,0,158836_subject_array_1739744449.bin
80432,158836,BK-E821.1,158836.2985,7,https://ftp.ncbi.nlm.nih.gov/genomes/all/GCF/033/034/725/GCF_033034725.1_ASM3303472v1,7,158836.2985.fna,GCF_033034725.1_ASM3303472v1_genomic.fna, 4963611, 4963611,158836.2985.fna_vs_GCF_033034725.1_ASM3303472v1_genomic.fna_blast.xml,0,0,0,0,0,0,0,0,4963611,0,0,0,0,0,0,158836_subject_array_1739744451.bin
80433,158836,BK-E824.1,158836.2984,7,https://ftp.ncbi.nlm.nih.gov/genomes/all/GCF/033/034/705/GCF_033034705.1_ASM3303470v1,7,158836.2984.fna,GCF_033034705.1_ASM3303470v1_genomic.fna, 4896188, 4896188,158836.2984.fna_vs_GCF_033034705.1_ASM3303470v1_genomic.fna_blast.xml,0,0,0,0,0,0,0,0,4896188,0,0,0,0,0,0,158836_subject_array_1739744453.bin
80460,158836,C15117,158836.200,7,https://ftp.ncbi.nlm.nih.gov/genomes/all/GCF/003/660/125/GCF_003660125.1_ASM366012v1,7,158836.200.fna,GCF_003660125.1_ASM366012v1_genomic.fna, 5096894, 5096894,158836.200.fna_vs_GCF_003660125.1_ASM366012v1_genomic.fna_blast.xml,0,0,0,0,0,0,0,0,5096894,0,0,0,0,0,0,158836_subject_array_1739744455.bin
80469,158836,C210070,158836.1684,7,https://ftp.ncbi.nlm.nih.gov/genomes/all/GCF/023/558/805/GCF_023558805.1_ASM2355880v1,7,158836.1684.fna,GCF_023558805.1_ASM2355880v1_genomic.fna, 5359552, 5359552,158836.1684.fna_vs_GCF_023558805.1_ASM2355880v1_genomic.fna_blast.xml,0,0,0,0,0,0,0,0,5359552,0,0,0,0,0,0,158836_subject_array_1739744458.bin
80474,158836,C210129,158836.1678,7,https://ftp.ncbi.nlm.nih.gov/genomes/all/GCF/023/558/665/GCF_023558665.1_ASM2355866v1,7,158836.1678.fna,GCF_023558665.1_ASM2355866v1_genomic.fna, 5276059, 5276059,158836.1678.fna_vs_GCF_023558665.1_ASM2355866v1_genomic.fna_blast.xml,0,0,0,0,0,0,0,0,5275462,0,0,0,597,0,0,158836_subject_array_1739744460.bin
80637,158836,CPO060,158836.1054,7,https://ftp.ncbi.nlm.nih.gov/genomes/all/GCF/016/773/115/GCF_016773115.1_ASM1677311v1,7,158836.1054.fna,GCF_016773115.1_ASM1677311v1_genomic.fna, 5419352, 5419352,158836.1054.fna_vs_GCF_016773115.1_ASM1677311v1_genomic.fna_blast.xml,0,0,0,0,0,0,0,0,5419352,0,0,0,0,0,0,158836_subject_array_1739744463.bin
80651,158836,CPO145,158836.1050,7,https://ftp.ncbi.nlm.nih.gov/genomes/all/GCF/016/773/055/GCF_016773055.1_ASM1677305v1,7,158836.1050.fna,GCF_016773055.1_ASM1677305v1_genomic.fna, 5373747, 5373747,158836.1050.fna_vs_GCF_016773055.1_ASM1677305v1_genomic.fna_blast.xml,0,0,0,0,0,0,0,0,5373747,0,0,0,0,0,0,158836_subject_array_1739744465.bin
80655,158836,CPO160,158836.2551,7,https://ftp.ncbi.nlm.nih.gov/genomes/all/GCF/030/186/015/GCF_030186015.2_NA,7,158836.2551.fna,GCF_030186015.2_NA_genomic.fna, 4995886, 4995886,158836.2551.fna_vs_GCF_030186015.2_NA_genomic.fna_blast.xml,0,0,0,0,0,0,0,0,4995885,0,0,1,0,0,0,158836_subject_array_1739744467.bin
80698,158836,CPO351,158836.2584,7,https://ftp.ncbi.nlm.nih.gov/genomes/all/GCF/030/283/625/GCF_030283625.1_ASM3028362v1,7,158836.2584.fna,GCF_030283625.1_ASM3028362v1_genomic.fna, 5451461, 5451461,158836.2584.fna_vs_GCF_030283625.1_ASM3028362v1_genomic.fna_blast.xml,0,0,0,0,0,0,0,0,5451461,0,0,0,0,0,0,158836_subject_array_1739744469.bin
80760,158836,E5,158836.418,7,https://ftp.ncbi.nlm.nih.gov/genomes/all/GCF/008/931/525/GCF_008931525.1_ASM893152v1,7,158836.418.fna,GCF_008931525.1_ASM893152v1_genomic.fna, 5217772, 5217772,158836.418.fna_vs_GCF_008931525.1_ASM893152v1_genomic.fna_blast.xml,0,0,0,0,0,0,0,0,5217772,0,0,0,0,0,0,158836_subject_array_1739744472.bin
81052,158836,Ehh_23,158836.2768,7,https://ftp.ncbi.nlm.nih.gov/genomes/all/GCF/030/847/965/GCF_030847965.1_ASM3084796v1,7,158836.2768.fna,GCF_030847965.1_ASM3084796v1_genomic.fna, 5043849, 5043849,158836.2768.fna_vs_GCF_030847965.1_ASM3084796v1_genomic.fna_blast.xml,0,0,0,0,0,0,0,0,5043848,0,0,1,0,0,0,158836_subject_array_1739744474.bin
81054,158836,Ehh_25,158836.2717,7,https://ftp.ncbi.nlm.nih.gov/genomes/all/GCF/030/848/345/GCF_030848345.1_ASM3084834v1,7,158836.2717.fna,GCF_030848345.1_ASM3084834v1_genomic.fna, 5368347, 5368347,158836.2717.fna_vs_GCF_030848345.1_ASM3084834v1_genomic.fna_blast.xml,0,0,0,0,0,0,0,0,5368347,0,0,0,0,0,0,158836_subject_array_1739744477.bin
81068,158836,Eho-6,158836.968,7,https://ftp.ncbi.nlm.nih.gov/genomes/all/GCF/015/910/245/GCF_015910245.1_ASM1591024v1,7,158836.968.fna,GCF_015910245.1_ASM1591024v1_genomic.fna, 5066589, 5066589,158836.968.fna_vs_GCF_015910245.1_ASM1591024v1_genomic.fna_blast.xml,0,0,0,0,0,0,0,0,5066589,0,0,0,0,0,0,158836_subject_array_1739744479.bin
81069,158836,Eho-7,158836.1571,7,https://ftp.ncbi.nlm.nih.gov/genomes/all/GCF/022/023/955/GCF_022023955.1_ASM2202395v1,7,158836.1571.fna,GCF_022023955.1_ASM2202395v1_genomic.fna, 5061026, 5061026,158836.1571.fna_vs_GCF_022023955.1_ASM2202395v1_genomic.fna_blast.xml,0,0,0,0,0,0,0,0,5061026,0,0,0,0,0,0,158836_subject_array_1739744481.bin
81070,158836,Eho-8,158836.1570,7,https://ftp.ncbi.nlm.nih.gov/genomes/all/GCF/022/023/915/GCF_022023915.1_ASM2202391v1,7,158836.1570.fna,GCF_022023915.1_ASM2202391v1_genomic.fna, 5064196, 5064196,158836.1570.fna_vs_GCF_022023915.1_ASM2202391v1_genomic.fna_blast.xml,0,0,0,0,0,0,0,0,5064196,0,0,0,0,0,0,158836_subject_array_1739744484.bin
81072,158836,Eho-E1,158836.1569,7,https://ftp.ncbi.nlm.nih.gov/genomes/all/GCF/022/023/895/GCF_022023895.1_ASM2202389v1,7,158836.1569.fna,GCF_022023895.1_ASM2202389v1_genomic.fna, 5620529, 5620529,158836.1569.fna_vs_GCF_022023895.1_ASM2202389v1_genomic.fna_blast.xml,0,0,0,0,0,0,0,0,5620529,0,0,0,0,0,0,158836_subject_array_1739744487.bin
81074,158836,Eho-E3,158836.972,7,https://ftp.ncbi.nlm.nih.gov/genomes/all/GCF/015/910/345/GCF_015910345.1_ASM1591034v1,7,158836.972.fna,GCF_015910345.1_ASM1591034v1_genomic.fna, 5639918, 5639918,158836.972.fna_vs_GCF_015910345.1_ASM1591034v1_genomic.fna_blast.xml,0,0,0,0,0,0,0,0,5639918,0,0,0,0,0,0,158836_subject_array_1739744489.bin
81075,158836,Eho-E4,158836.973,7,https://ftp.ncbi.nlm.nih.gov/genomes/all/GCF/015/910/325/GCF_015910325.1_ASM1591032v1,7,158836.973.fna,GCF_015910325.1_ASM1591032v1_genomic.fna, 5652128, 5652128,158836.973.fna_vs_GCF_015910325.1_ASM1591032v1_genomic.fna_blast.xml,0,0,0,0,0,0,0,0,5652128,0,0,0,0,0,0,158836_subject_array_1739744492.bin
81088,158836,Entb306,158836.262,7,https://ftp.ncbi.nlm.nih.gov/genomes/all/GCF/004/004/595/GCF_004004595.1_ASM400459v1,7,158836.262.fna,GCF_004004595.1_ASM400459v1_genomic.fna, 4861244, 4861244,158836.262.fna_vs_GCF_004004595.1_ASM400459v1_genomic.fna_blast.xml,0,0,0,0,0,0,0,0,4861244,0,0,0,0,0,0,158836_subject_array_1739744495.bin
81103,158836,FUJ80015,158836.1727,7,https://ftp.ncbi.nlm.nih.gov/genomes/all/GCF/023/709/745/GCF_023709745.1_ASM2370974v1,7,158836.1727.fna,GCF_023709745.1_ASM2370974v1_genomic.fna, 5286309, 5286309,158836.1727.fna_vs_GCF_023709745.1_ASM2370974v1_genomic.fna_blast.xml,0,0,0,0,0,0,0,0,5286309,0,0,0,0,0,0,158836_subject_array_1739744498.bin
81348,158836,MGH210,158836.873,7,https://ftp.ncbi.nlm.nih.gov/genomes/all/GCF/014/903/225/GCF_014903225.1_ASM1490322v1,7,158836.873.fna,GCF_014903225.1_ASM1490322v1_genomic.fna, 4842046, 4842046,158836.873.fna_vs_GCF_014903225.1_ASM1490322v1_genomic.fna_blast.xml,0,0,0,0,0,0,0,56005,4786019,0,0,0,22,0,0,158836_subject_array_1739744501.bin
81353,158836,MGH237,158836.867,7,https://ftp.ncbi.nlm.nih.gov/genomes/all/GCF/014/902/665/GCF_014902665.1_ASM1490266v1,7,158836.867.fna,GCF_014902665.1_ASM1490266v1_genomic.fna, 5390308, 5390308,158836.867.fna_vs_GCF_014902665.1_ASM1490266v1_genomic.fna_blast.xml,0,0,0,0,0,0,1,50709,5339583,0,0,3,12,0,0,158836_subject_array_1739744504.bin
81354,158836,MGH238,158836.866,7,https://ftp.ncbi.nlm.nih.gov/genomes/all/GCF/014/902/655/GCF_014902655.1_ASM1490265v1,7,158836.866.fna,GCF_014902655.1_ASM1490265v1_genomic.fna, 4691861, 4691861,158836.866.fna_vs_GCF_014902655.1_ASM1490265v1_genomic.fna_blast.xml,0,0,0,0,0,0,0,25340,4666507,0,0,0,14,0,0,158836_subject_array_1739744507.bin
81387,158836,NNE-179,158836.2979,7,https://ftp.ncbi.nlm.nih.gov/genomes/all/GCF/033/033/975/GCF_033033975.1_ASM3303397v1,7,158836.2979.fna,GCF_033033975.1_ASM3303397v1_genomic.fna, 5692295, 5692295,158836.2979.fna_vs_GCF_033033975.1_ASM3303397v1_genomic.fna_blast.xml,0,0,0,0,0,0,0,0,5692295,0,0,0,0,0,0,158836_subject_array_1739744510.bin
81466,158836,NWE-48-1,158836.2977,7,https://ftp.ncbi.nlm.nih.gov/genomes/all/GCF/033/033/695/GCF_033033695.1_ASM3303369v1,7,158836.2977.fna,GCF_033033695.1_ASM3303369v1_genomic.fna, 4977883, 4977883,158836.2977.fna_vs_GCF_033033695.1_ASM3303369v1_genomic.fna_blast.xml,0,0,0,0,0,0,0,0,4977883,0,0,0,0,0,0,158836_subject_array_1739744513.bin
81470,158836,OHT403-4,158836.2881,7,https://ftp.ncbi.nlm.nih.gov/genomes/all/GCF/032/298/955/GCF_032298955.1_ASM3229895v1,7,158836.2881.fna,GCF_032298955.1_ASM3229895v1_genomic.fna, 5063035, 5063035,158836.2881.fna_vs_GCF_032298955.1_ASM3229895v1_genomic.fna_blast.xml,0,0,0,0,0,0,0,0,5063035,0,0,0,0,0,0,158836_subject_array_1739744516.bin
81516,158836,PP-E346.1,158836.2966,7,https://ftp.ncbi.nlm.nih.gov/genomes/all/GCF/033/031/835/GCF_033031835.1_ASM3303183v1,7,158836.2966.fna,GCF_033031835.1_ASM3303183v1_genomic.fna, 4977717, 4977717,158836.2966.fna_vs_GCF_033031835.1_ASM3303183v1_genomic.fna_blast.xml,0,0,0,0,0,0,0,0,4977717,0,0,0,0,0,0,158836_subject_array_1739744519.bin
81522,158836,PP-E651.2,158836.2960,7,https://ftp.ncbi.nlm.nih.gov/genomes/all/GCF/033/031/635/GCF_033031635.1_ASM3303163v1,7,158836.2960.fna,GCF_033031635.1_ASM3303163v1_genomic.fna, 5171362, 5171362,158836.2960.fna_vs_GCF_033031635.1_ASM3303163v1_genomic.fna_blast.xml,0,0,0,0,0,0,0,0,5171362,0,0,0,0,0,0,158836_subject_array_1739744522.bin
81523,158836,PP-E860,158836.2959,7,https://ftp.ncbi.nlm.nih.gov/genomes/all/GCF/033/031/435/GCF_033031435.1_ASM3303143v1,7,158836.2959.fna,GCF_033031435.1_ASM3303143v1_genomic.fna, 5298424, 5298424,158836.2959.fna_vs_GCF_033031435.1_ASM3303143v1_genomic.fna_blast.xml,0,0,0,0,0,0,0,0,5298424,0,0,0,0,0,0,158836_subject_array_1739744525.bin
81612,158836,SH19PTE2,158836.1144,7,https://ftp.ncbi.nlm.nih.gov/genomes/all/GCF/018/255/815/GCF_018255815.1_ASM1825581v1,7,158836.1144.fna,GCF_018255815.1_ASM1825581v1_genomic.fna, 5178699, 5178699,158836.1144.fna_vs_GCF_018255815.1_ASM1825581v1_genomic.fna_blast.xml,0,0,0,0,0,0,0,0,5178699,0,0,0,0,0,0,158836_subject_array_1739744528.bin
81655,158836,TUECL19005,158836.2047,7,https://ftp.ncbi.nlm.nih.gov/genomes/all/GCF/025/630/865/GCF_025630865.1_ASM2563086v1,7,158836.2047.fna,GCF_025630865.1_ASM2563086v1_genomic.fna, 5177336, 5177336,158836.2047.fna_vs_GCF_025630865.1_ASM2563086v1_genomic.fna_blast.xml,0,0,0,0,0,0,0,0,5177336,0,0,0,0,0,0,158836_subject_array_1739744531.bin
81734,158836,UCI147,158836.862,7,https://ftp.ncbi.nlm.nih.gov/genomes/all/GCF/014/901/935/GCF_014901935.1_ASM1490193v1,7,158836.862.fna,GCF_014901935.1_ASM1490193v1_genomic.fna, 4925292, 4925292,158836.862.fna_vs_GCF_014901935.1_ASM1490193v1_genomic.fna_blast.xml,0,0,0,0,0,0,0,43260,4881988,0,0,3,41,0,0,158836_subject_array_1739744533.bin
81972,1589,9D3,1589.249,7,https://ftp.ncbi.nlm.nih.gov/genomes/all/GCF/023/823/145/GCF_023823145.1_ASM2382314v1,7,1589.249.fna,GCF_023823145.1_ASM2382314v1_genomic.fna, 3812583, 3812583,1589.249.fna_vs_GCF_023823145.1_ASM2382314v1_genomic.fna_blast.xml,0,0,0,0,0,0,0,0,3812582,0,1,0,0,0,0,1589_subject_array_1739744537.bin
82065,159,Bhyo_207,159.411,7,https://ftp.ncbi.nlm.nih.gov/genomes/all/GCF/027/586/895/GCF_027586895.1_ASM2758689v1,7,159.411.fna,GCF_027586895.1_ASM2758689v1_genomic.fna, 2478672, 3189844,159.411.fna_vs_GCF_027586895.1_ASM2758689v1_genomic.fna_blast.xml,0,0,222,47,0,0,130,657602,2491890,0,217,3713,35772,0,251,159_subject_array_1739744538.bin
82073,159,Bhyo_223,159.395,7,https://ftp.ncbi.nlm.nih.gov/genomes/all/GCF/027/586/635/GCF_027586635.1_ASM2758663v1,7,159.395.fna,GCF_027586635.1_ASM2758663v1_genomic.fna, 3178290, 3178290,159.395.fna_vs_GCF_027586635.1_ASM2758663v1_genomic.fna_blast.xml,0,0,0,0,0,0,0,0,3178290,0,0,0,0,0,0,159_subject_array_1739744539.bin
82092,159,Bhyo_256,159.378,7,https://ftp.ncbi.nlm.nih.gov/genomes/all/GCF/027/586/235/GCF_027586235.1_ASM2758623v1,7,159.378.fna,GCF_027586235.1_ASM2758623v1_genomic.fna, 3144265, 3178587,159.378.fna_vs_GCF_027586235.1_ASM2758623v1_genomic.fna_blast.xml,0,0,0,0,0,0,1,34308,3144274,0,1,0,3,0,0,159_subject_array_1739744541.bin
82093,159,Bhyo_257,159.374,7,https://ftp.ncbi.nlm.nih.gov/genomes/all/GCF/027/586/155/GCF_027586155.1_ASM2758615v1,7,159.374.fna,GCF_027586155.1_ASM2758615v1_genomic.fna, 2947106, 3183120,159.374.fna_vs_GCF_027586155.1_ASM2758615v1_genomic.fna_blast.xml,0,0,61,12,0,0,129,218291,2956738,0,209,1586,6001,0,93,159_subject_array_1739744542.bin
82097,159,Bhyo_261,159.367,7,https://ftp.ncbi.nlm.nih.gov/genomes/all/GCF/027/586/035/GCF_027586035.1_ASM2758603v1,7,159.367.fna,GCF_027586035.1_ASM2758603v1_genomic.fna, 2295895, 3180010,159.367.fna_vs_GCF_027586035.1_ASM2758603v1_genomic.fna_blast.xml,0,0,350,63,0,0,129,802708,2326761,0,273,5699,43558,0,469,159_subject_array_1739744543.bin
82102,159,Bhyo_266,159.366,7,https://ftp.ncbi.nlm.nih.gov/genomes/all/GCF/027/585/985/GCF_027585985.1_ASM2758598v1,7,159.366.fna,GCF_027585985.1_ASM2758598v1_genomic.fna, 3198614, 3198614,159.366.fna_vs_GCF_027585985.1_ASM2758598v1_genomic.fna_blast.xml,0,0,0,0,0,0,0,0,3198614,0,0,0,0,0,0,159_subject_array_1739744545.bin
82109,159,Bhyo_275,159.354,7,https://ftp.ncbi.nlm.nih.gov/genomes/all/GCF/027/585/795/GCF_027585795.1_ASM2758579v1,7,159.354.fna,GCF_027585795.1_ASM2758579v1_genomic.fna, 3208450, 3215864,159.354.fna_vs_GCF_027585795.1_ASM2758579v1_genomic.fna_blast.xml,0,0,0,2,0,0,31,39,3215595,0,51,146,0,0,0,159_subject_array_1739744546.bin
82112,159,Bhyo_278,159.355,7,https://ftp.ncbi.nlm.nih.gov/genomes/all/GCF/027/585/775/GCF_027585775.1_ASM2758577v1,7,159.355.fna,GCF_027585775.1_ASM2758577v1_genomic.fna, 3183874, 3183874,159.355.fna_vs_GCF_027585775.1_ASM2758577v1_genomic.fna_blast.xml,0,0,0,0,0,0,0,0,3183874,0,0,0,0,0,0,159_subject_array_1739744548.bin
82185,1590,13_3,1590.1378,7,https://ftp.ncbi.nlm.nih.gov/genomes/all/GCF/004/028/315/GCF_004028315.1_ASM402831v1,7,1590.1378.fna,GCF_004028315.1_ASM402831v1_genomic.fna, 3273679, 3273679,1590.1378.fna_vs_GCF_004028315.1_ASM402831v1_genomic.fna_blast.xml,0,0,0,0,0,0,0,0,3273679,0,0,0,0,0,0,1590_subject_array_1739744549.bin
82240,1590,A8,1590.2652,7,https://ftp.ncbi.nlm.nih.gov/genomes/all/GCF/021/559/915/GCF_021559915.1_ASM2155991v1,7,1590.2652.fna,GCF_021559915.1_ASM2155991v1_genomic.fna, 3218982, 3218982,1590.2652.fna_vs_GCF_021559915.1_ASM2155991v1_genomic.fna_blast.xml,0,0,0,0,0,0,0,0,3218982,0,0,0,0,0,0,1590_subject_array_1739744551.bin
82317,1590,C410L1,1590.310,7,https://ftp.ncbi.nlm.nih.gov/genomes/all/GCF/001/874/125/GCF_001874125.1_ASM187412v1,7,1590.310.fna,GCF_001874125.1_ASM187412v1_genomic.fna, 3392777, 3392777,1590.310.fna_vs_GCF_001874125.1_ASM187412v1_genomic.fna_blast.xml,0,0,0,0,0,0,0,0,3392777,0,0,0,0,0,0,1590_subject_array_1739744552.bin
82339,1590,CGMCC 14177,1590.4408,7,https://ftp.ncbi.nlm.nih.gov/genomes/all/GCF/036/321/505/GCF_036321505.1_ASM3632150v1,7,1590.4408.fna,GCF_036321505.1_ASM3632150v1_genomic.fna, 3337542, 3337542,1590.4408.fna_vs_GCF_036321505.1_ASM3632150v1_genomic.fna_blast.xml,0,0,0,0,0,0,0,0,3337542,0,0,0,0,0,0,1590_subject_array_1739744554.bin
82442,1590,E2,1590.3242,7,https://ftp.ncbi.nlm.nih.gov/genomes/all/GCF/026/013/765/GCF_026013765.1_ASM2601376v1,7,1590.3242.fna,GCF_026013765.1_ASM2601376v1_genomic.fna, 3479648, 3479648,1590.3242.fna_vs_GCF_026013765.1_ASM2601376v1_genomic.fna_blast.xml,0,0,0,0,0,0,0,0,3479648,0,0,0,0,0,0,1590_subject_array_1739744555.bin
82498,1590,FUA3584,1590.1637,7,https://ftp.ncbi.nlm.nih.gov/genomes/all/GCF/009/863/935/GCF_009863935.1_ASM986393v1,7,1590.1637.fna,GCF_009863935.1_ASM986393v1_genomic.fna, 3223024, 3223024,1590.1637.fna_vs_GCF_009863935.1_ASM986393v1_genomic.fna_blast.xml,0,0,0,0,0,0,0,893,3222127,0,0,0,4,0,0,1590_subject_array_1739744557.bin
82546,1590,K25,1590.944,7,https://ftp.ncbi.nlm.nih.gov/genomes/all/GCF/003/020/005/GCF_003020005.1_ASM302000v1,7,1590.944.fna,GCF_003020005.1_ASM302000v1_genomic.fna, 3412154, 3412154,1590.944.fna_vs_GCF_003020005.1_ASM302000v1_genomic.fna_blast.xml,0,0,0,0,0,0,0,0,3412154,0,0,0,0,0,0,1590_subject_array_1739744558.bin
82563,1590,KLDS1.0386,1590.2149,7,https://ftp.ncbi.nlm.nih.gov/genomes/all/GCF/017/576/965/GCF_017576965.1_ASM1757696v1,7,1590.2149.fna,GCF_017576965.1_ASM1757696v1_genomic.fna, 3274275, 3274275,1590.2149.fna_vs_GCF_017576965.1_ASM1757696v1_genomic.fna_blast.xml,0,0,0,0,0,0,0,0,3274275,0,0,0,0,0,0,1590_subject_array_1739744560.bin
82649,1590,Lp900,1590.2128,7,https://ftp.ncbi.nlm.nih.gov/genomes/all/GCF/016/894/405/GCF_016894405.1_ASM1689440v1,7,1590.2128.fna,GCF_016894405.1_ASM1689440v1_genomic.fna, 3366401, 3366401,1590.2128.fna_vs_GCF_016894405.1_ASM1689440v1_genomic.fna_blast.xml,0,0,0,0,0,0,0,0,3366401,0,0,0,0,0,0,1590_subject_array_1739744561.bin
82673,1590,MNCW_1,1590.2885,7,https://ftp.ncbi.nlm.nih.gov/genomes/all/GCF/023/278/325/GCF_023278325.1_ASM2327832v1,7,1590.2885.fna,GCF_023278325.1_ASM2327832v1_genomic.fna, 3287185, 3287185,1590.2885.fna_vs_GCF_023278325.1_ASM2327832v1_genomic.fna_blast.xml,0,0,0,0,0,0,0,0,3287185,0,0,0,0,0,0,1590_subject_array_1739744563.bin
82765,1590,P9,1590.2651,7,https://ftp.ncbi.nlm.nih.gov/genomes/all/GCF/021/559/675/GCF_021559675.1_ASM2155967v1,7,1590.2651.fna,GCF_021559675.1_ASM2155967v1_genomic.fna, 3388042, 3388042,1590.2651.fna_vs_GCF_021559675.1_ASM2155967v1_genomic.fna_blast.xml,0,0,0,0,0,0,0,0,3388042,0,0,0,0,0,0,1590_subject_array_1739744564.bin
82767,1590,PC1-1,1590.2893,7,https://ftp.ncbi.nlm.nih.gov/genomes/all/GCF/023/507/555/GCF_023507555.1_ASM2350755v1,7,1590.2893.fna,GCF_023507555.1_ASM2350755v1_genomic.fna, 3346408, 3346408,1590.2893.fna_vs_GCF_023507555.1_ASM2350755v1_genomic.fna_blast.xml,0,0,0,0,0,0,0,0,3346408,0,0,0,0,0,0,1590_subject_array_1739744566.bin
82854,1590,RI-113,1590.384,7,https://ftp.ncbi.nlm.nih.gov/genomes/all/GCF/001/990/145/GCF_001990145.1_ASM199014v1,7,1590.384.fna,GCF_001990145.1_ASM199014v1_genomic.fna, 3462990, 3462990,1590.384.fna_vs_GCF_001990145.1_ASM199014v1_genomic.fna_blast.xml,0,0,0,0,0,0,0,0,3462990,0,0,0,0,0,0,1590_subject_array_1739744567.bin
82910,1590,SRCM100995,1590.1658,7,https://ftp.ncbi.nlm.nih.gov/genomes/all/GCF/009/913/675/GCF_009913675.1_ASM991367v1,7,1590.1658.fna,GCF_009913675.1_ASM991367v1_genomic.fna, 3478302, 3478302,1590.1658.fna_vs_GCF_009913675.1_ASM991367v1_genomic.fna_blast.xml,0,0,0,0,0,0,0,0,3478302,0,0,0,0,0,0,1590_subject_array_1739744569.bin
82920,1590,SRCM103287,1590.1380,7,https://ftp.ncbi.nlm.nih.gov/genomes/all/GCF/004/054/305/GCF_004054305.1_ASM405430v1,7,1590.1380.fna,GCF_004054305.1_ASM405430v1_genomic.fna, 3432486, 3432486,1590.1380.fna_vs_GCF_004054305.1_ASM405430v1_genomic.fna_blast.xml,0,0,0,0,0,0,0,0,3432486,0,0,0,0,0,0,1590_subject_array_1739744570.bin
82922,1590,SRCM103297,1590.1400,7,https://ftp.ncbi.nlm.nih.gov/genomes/all/GCF/004/141/755/GCF_004141755.1_ASM414175v1,7,1590.1400.fna,GCF_004141755.1_ASM414175v1_genomic.fna, 3329372, 3329372,1590.1400.fna_vs_GCF_004141755.1_ASM414175v1_genomic.fna_blast.xml,0,0,0,0,0,0,0,0,3329372,0,0,0,0,0,0,1590_subject_array_1739744572.bin
82929,1590,SRCM103411,1590.1384,7,https://ftp.ncbi.nlm.nih.gov/genomes/all/GCF/004/078/645/GCF_004078645.1_ASM407864v1,7,1590.1384.fna,GCF_004078645.1_ASM407864v1_genomic.fna, 3439060, 3439060,1590.1384.fna_vs_GCF_004078645.1_ASM407864v1_genomic.fna_blast.xml,0,0,0,0,0,0,0,0,3439060,0,0,0,0,0,0,1590_subject_array_1739744573.bin
83004,1590,V1,1590.3318,7,https://ftp.ncbi.nlm.nih.gov/genomes/all/GCF/026/275/505/GCF_026275505.1_ASM2627550v1,7,1590.3318.fna,GCF_026275505.1_ASM2627550v1_genomic.fna, 3290906, 3290906,1590.3318.fna_vs_GCF_026275505.1_ASM2627550v1_genomic.fna_blast.xml,0,0,0,0,0,0,0,0,3290906,0,0,0,0,0,0,1590_subject_array_1739744575.bin
83024,1590,X7021,1590.917,7,https://ftp.ncbi.nlm.nih.gov/genomes/all/GCF/002/943/545/GCF_002943545.1_ASM294354v1,7,1590.917.fna,GCF_002943545.1_ASM294354v1_genomic.fna, 3407054, 3407054,1590.917.fna_vs_GCF_002943545.1_ASM294354v1_genomic.fna_blast.xml,0,0,0,0,0,0,0,0,3407054,0,0,0,0,0,0,1590_subject_array_1739744576.bin
83173,1596,UMB0056,1596.80,7,https://ftp.ncbi.nlm.nih.gov/genomes/all/GCF/002/884/735/GCF_002884735.1_ASM288473v1,7,1596.80.fna,GCF_002884735.1_ASM288473v1_genomic.fna, 1906916, 1906916,1596.80.fna_vs_GCF_002884735.1_ASM288473v1_genomic.fna_blast.xml,0,0,0,0,0,0,0,0,1906916,0,0,0,0,0,0,1596_subject_array_1739744577.bin
83356,1597,FAM18101,1597.284,7,https://ftp.ncbi.nlm.nih.gov/genomes/all/GCF/003/712/355/GCF_003712355.1_ASM371235v1,7,1597.284.fna,GCF_003712355.1_ASM371235v1_genomic.fna, 2759882, 2759882,1597.284.fna_vs_GCF_003712355.1_ASM371235v1_genomic.fna_blast.xml,0,0,0,0,0,0,0,0,2759882,0,0,0,0,0,0,1597_subject_array_1739744578.bin
83417,1597,KCKM 0992,1597.1531,7,https://ftp.ncbi.nlm.nih.gov/genomes/all/GCF/031/461/095/GCF_031461095.1_ASM3146109v1,7,1597.1531.fna,GCF_031461095.1_ASM3146109v1_genomic.fna, 3267117, 3267117,1597.1531.fna_vs_GCF_031461095.1_ASM3146109v1_genomic.fna_blast.xml,0,0,0,0,0,0,0,0,3267117,0,0,0,0,0,0,1597_subject_array_1739744580.bin
83506,1597,TD 062,1597.469,7,https://ftp.ncbi.nlm.nih.gov/genomes/all/GCF/009/834/405/GCF_009834405.1_ASM983440v1,7,1597.469.fna,GCF_009834405.1_ASM983440v1_genomic.fna, 2867519, 2867519,1597.469.fna_vs_GCF_009834405.1_ASM983440v1_genomic.fna_blast.xml,0,0,0,0,0,0,0,0,2867519,0,0,0,0,0,0,1597_subject_array_1739744581.bin
85115,1624,BNS11,1624.667,7,https://ftp.ncbi.nlm.nih.gov/genomes/all/GCF/021/266/585/GCF_021266585.1_ASM2126658v1,7,1624.667.fna,GCF_021266585.1_ASM2126658v1_genomic.fna, 2298974, 2298974,1624.667.fna_vs_GCF_021266585.1_ASM2126658v1_genomic.fna_blast.xml,0,0,0,0,0,0,0,0,2298974,0,0,0,0,0,0,1624_subject_array_1739744583.bin
85662,1638982,NBRC 109398,1536640.3,7,https://ftp.ncbi.nlm.nih.gov/genomes/all/GCF/000/971/375/GCF_000971375.1_ASM97137v1,7,1536640.3.fna,GCF_000971375.1_ASM97137v1_genomic.fna, 3147252, 3147252,1536640.3.fna_vs_GCF_000971375.1_ASM97137v1_genomic.fna_blast.xml,0,0,0,0,0,0,17,0,3147163,0,8,64,0,0,0,1536640_subject_array_1739744584.bin
85888,1639,2013L-5455,1639.8520,7,https://ftp.ncbi.nlm.nih.gov/genomes/all/GCF/014/526/695/GCF_014526695.1_ASM1452669v1,7,1639.8520.fna,GCF_014526695.1_ASM1452669v1_genomic.fna, 2844606, 2844606,1639.8520.fna_vs_GCF_014526695.1_ASM1452669v1_genomic.fna_blast.xml,0,0,0,0,0,0,0,0,2844605,0,0,1,0,0,0,1639_subject_array_1739744585.bin
85900,1639,2014L-6130,1639.8513,7,https://ftp.ncbi.nlm.nih.gov/genomes/all/GCF/014/526/555/GCF_014526555.1_ASM1452655v1,7,1639.8513.fna,GCF_014526555.1_ASM1452655v1_genomic.fna, 2833139, 2833139,1639.8513.fna_vs_GCF_014526555.1_ASM1452655v1_genomic.fna_blast.xml,0,0,0,0,0,0,0,0,2833111,0,26,2,0,0,0,1639_subject_array_1739744586.bin
85909,1639,2014L-6411,1639.8356,7,https://ftp.ncbi.nlm.nih.gov/genomes/all/GCF/013/626/105/GCF_013626105.1_ASM1362610v1,7,1639.8356.fna,GCF_013626105.1_ASM1362610v1_genomic.fna, 2810748, 2810748,1639.8356.fna_vs_GCF_013626105.1_ASM1362610v1_genomic.fna_blast.xml,0,0,0,0,0,0,1,0,2810738,0,0,2,7,0,0,1639_subject_array_1739744587.bin
85914,1639,2014L-6505,1639.8355,7,https://ftp.ncbi.nlm.nih.gov/genomes/all/GCF/013/626/095/GCF_013626095.1_ASM1362609v1,7,1639.8355.fna,GCF_013626095.1_ASM1362609v1_genomic.fna, 2859471, 2859471,1639.8355.fna_vs_GCF_013626095.1_ASM1362609v1_genomic.fna_blast.xml,0,0,0,0,0,0,0,0,2859471,0,0,0,0,0,0,1639_subject_array_1739744589.bin
85933,1639,2015TE32263,1639.4435,7,https://ftp.ncbi.nlm.nih.gov/genomes/all/GCF/003/020/665/GCF_003020665.1_ASM302066v1,7,1639.4435.fna,GCF_003020665.1_ASM302066v1_genomic.fna, 2905314, 2905314,1639.4435.fna_vs_GCF_003020665.1_ASM302066v1_genomic.fna_blast.xml,0,0,0,0,0,0,0,0,2905314,0,0,0,0,0,0,1639_subject_array_1739744590.bin
86048,1639,20396,1639.12819,7,https://ftp.ncbi.nlm.nih.gov/genomes/all/GCF/024/702/815/GCF_024702815.1_ASM2470281v1,7,1639.12819.fna,GCF_024702815.1_ASM2470281v1_genomic.fna, 3060594, 3060594,1639.12819.fna_vs_GCF_024702815.1_ASM2470281v1_genomic.fna_blast.xml,0,0,0,0,0,0,0,798,3059796,0,0,0,0,0,0,1639_subject_array_1739744591.bin
86067,1639,20557,1639.12796,7,https://ftp.ncbi.nlm.nih.gov/genomes/all/GCF/024/702/175/GCF_024702175.1_ASM2470217v1,7,1639.12796.fna,GCF_024702175.1_ASM2470217v1_genomic.fna, 3021363, 3021363,1639.12796.fna_vs_GCF_024702175.1_ASM2470217v1_genomic.fna_blast.xml,0,0,0,0,0,0,0,1237,3020124,0,0,2,0,0,0,1639_subject_array_1739744592.bin
86072,1639,20562,1639.12814,7,https://ftp.ncbi.nlm.nih.gov/genomes/all/GCF/024/702/485/GCF_024702485.1_ASM2470248v1,7,1639.12814.fna,GCF_024702485.1_ASM2470248v1_genomic.fna, 3060484, 3060484,1639.12814.fna_vs_GCF_024702485.1_ASM2470248v1_genomic.fna_blast.xml,0,0,0,0,0,0,0,800,3059684,0,0,0,0,0,0,1639_subject_array_1739744593.bin
86087,1639,20660,1639.12809,7,https://ftp.ncbi.nlm.nih.gov/genomes/all/GCF/024/702/235/GCF_024702235.1_ASM2470223v1,7,1639.12809.fna,GCF_024702235.1_ASM2470223v1_genomic.fna, 3060864, 3060864,1639.12809.fna_vs_GCF_024702235.1_ASM2470223v1_genomic.fna_blast.xml,0,0,0,0,0,0,0,1097,3059764,0,0,0,3,0,0,1639_subject_array_1739744595.bin
87742,1639,FBUNT,1639.4399,7,https://ftp.ncbi.nlm.nih.gov/genomes/all/GCF/003/121/665/GCF_003121665.1_ASM312166v1,7,1639.4399.fna,GCF_003121665.1_ASM312166v1_genomic.fna, 2917967, 2917967,1639.4399.fna_vs_GCF_003121665.1_ASM312166v1_genomic.fna_blast.xml,0,0,0,0,0,0,0,0,2917949,0,17,1,0,0,0,1639_subject_array_1739744596.bin
88316,1639,J0099,1639.8349,7,https://ftp.ncbi.nlm.nih.gov/genomes/all/GCF/013/625/995/GCF_013625995.1_ASM1362599v1,7,1639.8349.fna,GCF_013625995.1_ASM1362599v1_genomic.fna, 2823092, 2823092,1639.8349.fna_vs_GCF_013625995.1_ASM1362599v1_genomic.fna_blast.xml,0,0,0,0,0,0,0,0,2823092,0,0,0,0,0,0,1639_subject_array_1739744597.bin
88494,1639,LM-F-102,1639.4495,7,https://ftp.ncbi.nlm.nih.gov/genomes/all/GCF/003/188/025/GCF_003188025.1_ASM318802v1,7,1639.4495.fna,GCF_003188025.1_ASM318802v1_genomic.fna, 2876049, 2876049,1639.4495.fna_vs_GCF_003188025.1_ASM318802v1_genomic.fna_blast.xml,0,0,0,0,0,0,0,0,2876049,0,0,0,0,0,0,1639_subject_array_1739744598.bin
88643,1639,LM09,1639.13671,7,https://ftp.ncbi.nlm.nih.gov/genomes/all/GCF/030/480/765/GCF_030480765.1_ASM3048076v1,7,1639.13671.fna,GCF_030480765.1_ASM3048076v1_genomic.fna, 2802599, 2802599,1639.13671.fna_vs_GCF_030480765.1_ASM3048076v1_genomic.fna_blast.xml,0,0,0,0,0,0,0,0,2802599,0,0,0,0,0,0,1639_subject_array_1739744599.bin
88753,1639,LM3251-2,1639.13429,7,https://ftp.ncbi.nlm.nih.gov/genomes/all/GCF/029/831/675/GCF_029831675.1_ASM2983167v1,7,1639.13429.fna,GCF_029831675.1_ASM2983167v1_genomic.fna, 2974287, 2974287,1639.13429.fna_vs_GCF_029831675.1_ASM2983167v1_genomic.fna_blast.xml,0,0,0,0,0,0,0,178,2974109,0,0,0,0,0,0,1639_subject_array_1739744601.bin
88786,1639,LM5563,1639.13439,7,https://ftp.ncbi.nlm.nih.gov/genomes/all/GCF/029/831/885/GCF_029831885.1_ASM2983188v1,7,1639.13439.fna,GCF_029831885.1_ASM2983188v1_genomic.fna, 2974386, 2974386,1639.13439.fna_vs_GCF_029831885.1_ASM2983188v1_genomic.fna_blast.xml,0,0,0,0,0,0,0,268,2974118,0,0,0,0,0,0,1639_subject_array_1739744602.bin
88811,1639,LM791,1639.13427,7,https://ftp.ncbi.nlm.nih.gov/genomes/all/GCF/029/831/645/GCF_029831645.1_ASM2983164v1,7,1639.13427.fna,GCF_029831645.1_ASM2983164v1_genomic.fna, 2960171, 2960171,1639.13427.fna_vs_GCF_029831645.1_ASM2983164v1_genomic.fna_blast.xml,0,0,0,0,0,0,0,348,2959823,0,0,0,0,0,0,1639_subject_array_1739744603.bin
88870,1639,LMQ34,1639.13649,7,https://ftp.ncbi.nlm.nih.gov/genomes/all/GCF/030/210/535/GCF_030210535.1_ASM3021053v1,7,1639.13649.fna,GCF_030210535.1_ASM3021053v1_genomic.fna, 2916228, 2916228,1639.13649.fna_vs_GCF_030210535.1_ASM3021053v1_genomic.fna_blast.xml,0,0,0,0,0,0,0,198,2916030,0,0,0,0,0,0,1639_subject_array_1739744604.bin
89173,1639,MQ130026,1639.2588,7,https://ftp.ncbi.nlm.nih.gov/genomes/all/GCF/002/027/805/GCF_002027805.1_ASM202780v1,7,1639.2588.fna,GCF_002027805.1_ASM202780v1_genomic.fna, 2909509, 2909509,1639.2588.fna_vs_GCF_002027805.1_ASM202780v1_genomic.fna_blast.xml,0,0,0,0,0,0,0,0,2909509,0,0,0,0,0,0,1639_subject_array_1739744605.bin
89175,1639,MQ130032,1639.2590,7,https://ftp.ncbi.nlm.nih.gov/genomes/all/GCF/002/027/845/GCF_002027845.1_ASM202784v1,7,1639.2590.fna,GCF_002027845.1_ASM202784v1_genomic.fna, 2912050, 2912050,1639.2590.fna_vs_GCF_002027845.1_ASM202784v1_genomic.fna_blast.xml,0,0,0,0,0,0,0,0,2912050,0,0,0,0,0,0,1639_subject_array_1739744607.bin
89178,1639,MQ130042,1639.2600,7,https://ftp.ncbi.nlm.nih.gov/genomes/all/GCF/002/028/035/GCF_002028035.1_ASM202803v1,7,1639.2600.fna,GCF_002028035.1_ASM202803v1_genomic.fna, 2962387, 2962387,1639.2600.fna_vs_GCF_002028035.1_ASM202803v1_genomic.fna_blast.xml,0,0,0,0,0,0,0,0,2962387,0,0,0,0,0,0,1639_subject_array_1739744608.bin
89182,1639,MQ140025,1639.2594,7,https://ftp.ncbi.nlm.nih.gov/genomes/all/GCF/002/027/925/GCF_002027925.1_ASM202792v1,7,1639.2594.fna,GCF_002027925.1_ASM202792v1_genomic.fna, 2863514, 2863514,1639.2594.fna_vs_GCF_002027925.1_ASM202792v1_genomic.fna_blast.xml,0,0,0,0,0,0,0,0,2863514,0,0,0,0,0,0,1639_subject_array_1739744610.bin
89186,1639,MQ140032,1639.2598,7,https://ftp.ncbi.nlm.nih.gov/genomes/all/GCF/002/028/005/GCF_002028005.1_ASM202800v1,7,1639.2598.fna,GCF_002028005.1_ASM202800v1_genomic.fna, 2888209, 2888209,1639.2598.fna_vs_GCF_002028005.1_ASM202800v1_genomic.fna_blast.xml,0,0,0,0,0,0,0,0,2888209,0,0,0,0,0,0,1639_subject_array_1739744611.bin
89495,1639,NRRL B-33190,1639.2000,7,https://ftp.ncbi.nlm.nih.gov/genomes/all/GCF/001/759/905/GCF_001759905.1_BCW_3837,7,1639.2000.fna,GCF_001759905.1_BCW_3837_genomic.fna, 2903394, 2903394,1639.2000.fna_vs_GCF_001759905.1_BCW_3837_genomic.fna_blast.xml,0,0,0,0,0,0,0,100,2903294,0,0,0,0,0,0,1639_subject_array_1739744612.bin
89516,1639,NRRL B-33371,1639.2012,7,https://ftp.ncbi.nlm.nih.gov/genomes/all/GCF/001/760/145/GCF_001760145.1_BCW_3849,7,1639.2012.fna,GCF_001760145.1_BCW_3849_genomic.fna, 2838736, 2838736,1639.2012.fna_vs_GCF_001760145.1_BCW_3849_genomic.fna_blast.xml,0,0,0,0,0,0,0,150,2838586,0,0,0,0,0,0,1639_subject_array_1739744613.bin
89522,1639,NRRL B-33377,1639.2018,7,https://ftp.ncbi.nlm.nih.gov/genomes/all/GCF/001/760/265/GCF_001760265.1_BCW_3855,7,1639.2018.fna,GCF_001760265.1_BCW_3855_genomic.fna, 2884000, 2884000,1639.2018.fna_vs_GCF_001760265.1_BCW_3855_genomic.fna_blast.xml,0,0,0,0,0,0,0,371,2883629,0,0,0,0,0,0,1639_subject_array_1739744614.bin
90186,1639133,MBL,1639133.35,7,https://ftp.ncbi.nlm.nih.gov/genomes/all/GCF/013/345/705/GCF_013345705.1_ASM1334570v1,7,1639133.35.fna,GCF_013345705.1_ASM1334570v1_genomic.fna, 5311703, 5311703,1639133.35.fna_vs_GCF_013345705.1_ASM1334570v1_genomic.fna_blast.xml,0,0,0,0,0,0,0,10048,5301654,0,1,0,0,0,0,1639133_subject_array_1739744617.bin
90534,1640685,AM1,1640685.3,7,https://ftp.ncbi.nlm.nih.gov/genomes/all/GCF/001/050/095/GCF_001050095.1_Enterococcus_massiliensis,7,1640685.3.fna,GCF_001050095.1_Enterococcus_massiliensis_genomic.fna, 2712841, 2712841,1640685.3.fna_vs_GCF_001050095.1_Enterococcus_massiliensis_genomic.fna_blast.xml,0,0,0,0,0,0,0,0,2712841,0,0,0,0,0,0,1640685_subject_array_1739744618.bin
90561,1641875,DP1N28-2,1641875.18,7,https://ftp.ncbi.nlm.nih.gov/genomes/all/GCF/019/801/375/GCF_019801375.1_ASM1980137v1,7,1641875.18.fna,GCF_019801375.1_ASM1980137v1_genomic.fna, 4354432, 4354432,1641875.18.fna_vs_GCF_019801375.1_ASM1980137v1_genomic.fna_blast.xml,0,0,0,0,0,0,0,0,4354432,0,0,0,0,0,0,1641875_subject_array_1739744620.bin
90562,1641875,DP1N28-6,1641875.17,7,https://ftp.ncbi.nlm.nih.gov/genomes/all/GCF/019/801/285/GCF_019801285.1_ASM1980128v1,7,1641875.17.fna,GCF_019801285.1_ASM1980128v1_genomic.fna, 4354432, 4354432,1641875.17.fna_vs_GCF_019801285.1_ASM1980128v1_genomic.fna_blast.xml,0,0,0,0,0,0,0,0,4354432,0,0,0,0,0,0,1641875_subject_array_1739744622.bin
91134,1651781,JCM 18531,1651781.3,7,https://ftp.ncbi.nlm.nih.gov/genomes/all/GCF/039/543/825/GCF_039543825.1_ASM3954382v1,7,1651781.3.fna,GCF_039543825.1_ASM3954382v1_genomic.fna, 4961273, 4961273,1651781.3.fna_vs_GCF_039543825.1_ASM3954382v1_genomic.fna_blast.xml,0,0,0,0,0,0,0,39,4961234,0,0,0,0,0,0,1651781_subject_array_1739744624.bin
91616,1658740,KCTC 42726,1658740.3,7,https://ftp.ncbi.nlm.nih.gov/genomes/all/GCF/023/656/565/GCF_023656565.1_ASM2365656v1,7,1658740.3.fna,GCF_023656565.1_ASM2365656v1_genomic.fna, 5289643, 5289643,1658740.3.fna_vs_GCF_023656565.1_ASM2365656v1_genomic.fna_blast.xml,0,0,0,0,0,0,0,494,5289149,0,0,0,0,0,0,1658740_subject_array_1739744626.bin
91815,1667327,5463,1667327.86,7,https://ftp.ncbi.nlm.nih.gov/genomes/all/GCF/024/917/695/GCF_024917695.1_ASM2491769v1,7,1667327.86.fna,GCF_024917695.1_ASM2491769v1_genomic.fna, 5591370, 5591370,1667327.86.fna_vs_GCF_024917695.1_ASM2491769v1_genomic.fna_blast.xml,0,0,0,0,0,0,0,0,5591370,0,0,0,0,0,0,1667327_subject_array_1739744628.bin
91859,1670,JCM 1331,1670.12,7,https://ftp.ncbi.nlm.nih.gov/genomes/all/GCF/039/535/055/GCF_039535055.1_ASM3953505v1,7,1670.12.fna,GCF_039535055.1_ASM3953505v1_genomic.fna, 4166738, 4166738,1670.12.fna_vs_GCF_039535055.1_ASM3953505v1_genomic.fna_blast.xml,0,0,0,0,0,0,0,0,4166738,0,0,0,0,0,0,1670_subject_array_1739744630.bin
92196,1679170,FJAT-27997,1679170.3,7,https://ftp.ncbi.nlm.nih.gov/genomes/all/GCF/001/183/985/GCF_001183985.1_ASM118398v1,7,1679170.3.fna,GCF_001183985.1_ASM118398v1_genomic.fna, 5428425, 5428425,1679170.3.fna_vs_GCF_001183985.1_ASM118398v1_genomic.fna_blast.xml,0,0,0,0,0,0,0,33142,5395267,0,0,0,16,0,0,1679170_subject_array_1739744633.bin
92284,1680,AF96-43M2TA,1680.2300,7,https://ftp.ncbi.nlm.nih.gov/genomes/all/GCF/027/664/355/GCF_027664355.1_ASM2766435v1,7,1680.2300.fna,GCF_027664355.1_ASM2766435v1_genomic.fna, 2147838, 2210854,1680.2300.fna_vs_GCF_027664355.1_ASM2766435v1_genomic.fna_blast.xml,0,0,0,0,0,0,2,62187,2148565,0,11,89,0,0,0,1680_subject_array_1739744634.bin
92365,1680,LMG 11579,1680.45,7,https://ftp.ncbi.nlm.nih.gov/genomes/all/GCF/002/108/155/GCF_002108155.1_BadoLMG11579v1,7,1680.45.fna,GCF_002108155.1_BadoLMG11579v1_genomic.fna, 2061686, 2061686,1680.45.fna_vs_GCF_002108155.1_BadoLMG11579v1_genomic.fna_blast.xml,0,0,0,0,0,0,0,0,2061686,0,0,0,0,0,0,1680_subject_array_1739744634.bin
92512,1681,AM36-1AC,1681.129,7,https://ftp.ncbi.nlm.nih.gov/genomes/all/GCF/003/468/415/GCF_003468415.1_ASM346841v1,7,1681.129.fna,GCF_003468415.1_ASM346841v1_genomic.fna, 2153678, 2153678,1681.129.fna_vs_GCF_003468415.1_ASM346841v1_genomic.fna_blast.xml,0,0,0,0,0,0,0,0,2153678,0,0,0,0,0,0,1681_subject_array_1739744635.bin
92792,1684,ESL0170,1684.17,7,https://ftp.ncbi.nlm.nih.gov/genomes/all/GCF/003/202/855/GCF_003202855.1_ASM320285v1,7,1684.17.fna,GCF_003202855.1_ASM320285v1_genomic.fna, 2175262, 2175262,1684.17.fna_vs_GCF_003202855.1_ASM320285v1_genomic.fna_blast.xml,0,0,0,0,0,0,0,0,2175262,0,0,0,0,0,0,1684_subject_array_1739744636.bin
92793,1684,ESL0199,1684.16,7,https://ftp.ncbi.nlm.nih.gov/genomes/all/GCF/003/202/755/GCF_003202755.1_ASM320275v1,7,1684.16.fna,GCF_003202755.1_ASM320275v1_genomic.fna, 2167340, 2167340,1684.16.fna_vs_GCF_003202755.1_ASM320275v1_genomic.fna_blast.xml,0,0,0,0,0,0,0,0,2167340,0,0,0,0,0,0,1684_subject_array_1739744637.bin
92953,1685,M1D,1685.614,7,https://ftp.ncbi.nlm.nih.gov/genomes/all/GCF/016/648/985/GCF_016648985.1_ASM1664898v1,7,1685.614.fna,GCF_016648985.1_ASM1664898v1_genomic.fna, 2421612, 2421612,1685.614.fna_vs_GCF_016648985.1_ASM1664898v1_genomic.fna_blast.xml,0,0,0,0,0,0,0,0,2421612,0,0,0,0,0,0,1685_subject_array_1739744638.bin
93112,1686310,PEB0149,1686310.6,7,https://ftp.ncbi.nlm.nih.gov/genomes/all/GCF/001/952/065/GCF_001952065.1_ASM195206v1,7,1686310.6.fna,GCF_001952065.1_ASM195206v1_genomic.fna, 2525262, 2525262,1686310.6.fna_vs_GCF_001952065.1_ASM195206v1_genomic.fna_blast.xml,0,0,0,0,0,0,0,0,2525262,0,0,0,0,0,0,1686310_subject_array_1739744639.bin
93331,1692239,GCS4,1692239.3,7,https://ftp.ncbi.nlm.nih.gov/genomes/all/GCF/001/262/495/GCF_001262495.1_GCS4v1,7,1692239.3.fna,GCF_001262495.1_GCS4v1_genomic.fna, 3652908, 3652908,1692239.3.fna_vs_GCF_001262495.1_GCS4v1_genomic.fna_blast.xml,0,0,0,0,0,0,0,0,3652908,0,0,0,0,0,0,1692239_subject_array_1739744641.bin
93471,169679,DJ271,169679.52,7,https://ftp.ncbi.nlm.nih.gov/genomes/all/GCF/013/149/495/GCF_013149495.1_ASM1314949v1,7,169679.52.fna,GCF_013149495.1_ASM1314949v1_genomic.fna, 5078236, 5078236,169679.52.fna_vs_GCF_013149495.1_ASM1314949v1_genomic.fna_blast.xml,0,0,0,0,0,0,0,0,5078236,0,0,0,0,0,0,169679_subject_array_1739744643.bin
93618,1703970,N541,1703970.3,7,https://ftp.ncbi.nlm.nih.gov/genomes/all/GCF/001/675/095/GCF_001675095.1_ASM167509v1,7,1703970.3.fna,GCF_001675095.1_ASM167509v1_genomic.fna, 6860888, 6860888,1703970.3.fna_vs_GCF_001675095.1_ASM167509v1_genomic.fna_blast.xml,0,0,0,0,0,0,0,0,6860888,0,0,0,0,0,0,1703970_subject_array_1739744646.bin
93619,1703971,N941,1703971.3,7,https://ftp.ncbi.nlm.nih.gov/genomes/all/GCF/001/675/075/GCF_001675075.1_ASM167507v1,7,1703971.3.fna,GCF_001675075.1_ASM167507v1_genomic.fna, 6852009, 6852009,1703971.3.fna_vs_GCF_001675075.1_ASM167507v1_genomic.fna_blast.xml,0,0,0,0,0,0,0,0,6852009,0,0,0,0,0,0,1703971_subject_array_1739744650.bin
93620,1703972,N4311,1703972.3,7,https://ftp.ncbi.nlm.nih.gov/genomes/all/GCF/002/245/285/GCF_002245285.1_ASM224528v1,7,1703972.3.fna,GCF_002245285.1_ASM224528v1_genomic.fna, 6929066, 6929066,1703972.3.fna_vs_GCF_002245285.1_ASM224528v1_genomic.fna_blast.xml,0,0,0,0,0,0,0,0,6929066,0,0,0,0,0,0,1703972_subject_array_1739744653.bin
93644,1705399,KACC 22596,1705399.3,7,https://ftp.ncbi.nlm.nih.gov/genomes/all/GCF/022/811/645/GCF_022811645.1_ASM2281164v1,7,1705399.3.fna,GCF_022811645.1_ASM2281164v1_genomic.fna, 6124749, 6124749,1705399.3.fna_vs_GCF_022811645.1_ASM2281164v1_genomic.fna_blast.xml,0,0,0,0,0,0,0,0,6124749,0,0,0,0,0,0,1705399_subject_array_1739744657.bin
93881,171289,ATCC 35214,171289.3,7,https://ftp.ncbi.nlm.nih.gov/genomes/all/GCF/004/365/095/GCF_004365095.1_ASM436509v1,7,171289.3.fna,GCF_004365095.1_ASM436509v1_genomic.fna,  836283,  836283,171289.3.fna_vs_GCF_004365095.1_ASM436509v1_genomic.fna_blast.xml,0,0,0,0,0,0,0,0,836283,0,0,0,0,0,0,171289_subject_array_1739744657.bin
94364,1719,4600,1719.2715,7,https://ftp.ncbi.nlm.nih.gov/genomes/all/GCF/018/530/905/GCF_018530905.1_ASM1853090v1,7,1719.2715.fna,GCF_018530905.1_ASM1853090v1_genomic.fna, 2320242, 2320242,1719.2715.fna_vs_GCF_018530905.1_ASM1853090v1_genomic.fna_blast.xml,0,0,0,0,0,0,0,0,2320242,0,0,0,0,0,0,1719_subject_array_1739744658.bin
94558,1720302,SN8,1720302.3,7,https://ftp.ncbi.nlm.nih.gov/genomes/all/GCF/900/018/785/GCF_900018785.1_Xanthomonas_massiliensis,7,1720302.3.fna,GCF_900018785.1_Xanthomonas_massiliensis_genomic.fna, 3689702, 3689702,1720302.3.fna_vs_GCF_900018785.1_Xanthomonas_massiliensis_genomic.fna_blast.xml,0,0,0,0,0,0,0,0,3689702,0,0,0,0,0,0,1720302_subject_array_1739744660.bin
94836,173,FMAS_KG2,173.432,7,https://ftp.ncbi.nlm.nih.gov/genomes/all/GCF/022/559/725/GCF_022559725.1_ASM2255972v1,7,173.432.fna,GCF_022559725.1_ASM2255972v1_genomic.fna, 5521455, 5521455,173.432.fna_vs_GCF_022559725.1_ASM2255972v1_genomic.fna_blast.xml,0,0,0,0,0,0,0,0,5521455,0,0,0,0,0,0,173_subject_array_1739744666.bin
94839,173,FMAS_PD1,173.428,7,https://ftp.ncbi.nlm.nih.gov/genomes/all/GCF/022/488/465/GCF_022488465.1_ASM2248846v1,7,173.428.fna,GCF_022488465.1_ASM2248846v1_genomic.fna, 5267693, 5267693,173.428.fna_vs_GCF_022488465.1_ASM2248846v1_genomic.fna_blast.xml,0,0,0,0,0,0,0,0,5267693,0,0,0,0,0,0,173_subject_array_1739744672.bin
94856,173,KR85,173.427,7,https://ftp.ncbi.nlm.nih.gov/genomes/all/GCF/022/436/605/GCF_022436605.1_ASM2243660v1,7,173.427.fna,GCF_022436605.1_ASM2243660v1_genomic.fna, 4627456, 4627456,173.427.fna_vs_GCF_022436605.1_ASM2243660v1_genomic.fna_blast.xml,0,0,0,0,0,0,0,17564,4609777,0,0,22,93,0,0,173_subject_array_1739744675.bin
94967,1735674,Leaf9,1735674.3,7,https://ftp.ncbi.nlm.nih.gov/genomes/all/GCF/001/421/355/GCF_001421355.1_Leaf9,7,1735674.3.fna,GCF_001421355.1_Leaf9_genomic.fna, 3765909, 3765909,1735674.3.fna_vs_GCF_001421355.1_Leaf9_genomic.fna_blast.xml,0,0,0,0,0,0,0,0,3765909,0,0,0,0,0,0,1735674_subject_array_1739744677.bin
94970,1735678,Leaf11,1735678.3,7,https://ftp.ncbi.nlm.nih.gov/genomes/all/GCF/001/421/285/GCF_001421285.1_Leaf11,7,1735678.3.fna,GCF_001421285.1_Leaf11_genomic.fna, 3765831, 3765831,1735678.3.fna_vs_GCF_001421285.1_Leaf11_genomic.fna_blast.xml,0,0,0,0,0,0,0,0,3765831,0,0,0,0,0,0,1735678_subject_array_1739744679.bin
95002,1736210,Leaf7,1736210.3,7,https://ftp.ncbi.nlm.nih.gov/genomes/all/GCF/001/425/985/GCF_001425985.1_Leaf7,7,1736210.3.fna,GCF_001425985.1_Leaf7_genomic.fna, 4536885, 4536885,1736210.3.fna_vs_GCF_001425985.1_Leaf7_genomic.fna_blast.xml,0,0,0,0,0,0,0,0,4536885,0,0,0,0,0,0,1736210_subject_array_1739744680.bin
95055,1736276,Leaf151,1736276.3,7,https://ftp.ncbi.nlm.nih.gov/genomes/all/GCF/001/424/225/GCF_001424225.1_Leaf151,7,1736276.3.fna,GCF_001424225.1_Leaf151_genomic.fna, 3609602, 3609602,1736276.3.fna_vs_GCF_001424225.1_Leaf151_genomic.fna_blast.xml,0,0,0,0,0,0,0,0,3609602,0,0,0,0,0,0,1736276_subject_array_1739744682.bin
95063,1736285,Leaf172,1736285.3,7,https://ftp.ncbi.nlm.nih.gov/genomes/all/GCF/001/424/285/GCF_001424285.1_Leaf172,7,1736285.3.fna,GCF_001424285.1_Leaf172_genomic.fna, 3246786, 3246786,1736285.3.fna_vs_GCF_001424285.1_Leaf172_genomic.fna_blast.xml,0,0,0,0,0,0,0,0,3246786,0,0,0,0,0,0,1736285_subject_array_1739744683.bin
95077,1736299,Leaf198,1736299.3,7,https://ftp.ncbi.nlm.nih.gov/genomes/all/GCF/001/424/005/GCF_001424005.1_Leaf198,7,1736299.3.fna,GCF_001424005.1_Leaf198_genomic.fna, 4201813, 4201813,1736299.3.fna_vs_GCF_001424005.1_Leaf198_genomic.fna_blast.xml,0,0,0,0,0,0,0,0,4201813,0,0,0,0,0,0,1736299_subject_array_1739744686.bin
95131,1736353,Leaf363,1736353.3,7,https://ftp.ncbi.nlm.nih.gov/genomes/all/GCF/001/424/025/GCF_001424025.1_Leaf363,7,1736353.3.fna,GCF_001424025.1_Leaf363_genomic.fna, 3127470, 3127470,1736353.3.fna_vs_GCF_001424025.1_Leaf363_genomic.fna_blast.xml,0,0,0,0,0,0,0,0,3127470,0,0,0,0,0,0,1736353_subject_array_1739744687.bin
95140,1736362,Leaf395,1736362.3,7,https://ftp.ncbi.nlm.nih.gov/genomes/all/GCF/001/424/125/GCF_001424125.1_Leaf395,7,1736362.3.fna,GCF_001424125.1_Leaf395_genomic.fna, 4166651, 4166651,1736362.3.fna_vs_GCF_001424125.1_Leaf395_genomic.fna_blast.xml,0,0,0,0,0,0,0,0,4166651,0,0,0,0,0,0,1736362_subject_array_1739744689.bin
95207,1736436,Root123D2,1736436.3,7,https://ftp.ncbi.nlm.nih.gov/genomes/all/GCF/001/425/835/GCF_001425835.1_Root123D2,7,1736436.3.fna,GCF_001425835.1_Root123D2_genomic.fna, 4798932, 4798932,1736436.3.fna_vs_GCF_001425835.1_Root123D2_genomic.fna_blast.xml,0,0,0,0,0,0,0,0,4798932,0,0,0,0,0,0,1736436_subject_array_1739744691.bin
95216,1736445,Root1290,1736445.3,7,https://ftp.ncbi.nlm.nih.gov/genomes/all/GCF/001/425/305/GCF_001425305.1_Root1290,7,1736445.3.fna,GCF_001425305.1_Root1290_genomic.fna, 4265935, 4265935,1736445.3.fna_vs_GCF_001425305.1_Root1290_genomic.fna_blast.xml,0,0,0,0,0,0,0,0,4265935,0,0,0,0,0,0,1736445_subject_array_1739744693.bin
95244,1736474,Root1497,1736474.3,7,https://ftp.ncbi.nlm.nih.gov/genomes/all/GCF/001/427/085/GCF_001427085.1_Root1497,7,1736474.3.fna,GCF_001427085.1_Root1497_genomic.fna, 4801179, 4801179,1736474.3.fna_vs_GCF_001427085.1_Root1497_genomic.fna_blast.xml,0,0,0,0,0,0,0,73,4801105,0,0,0,1,0,0,1736474_subject_array_1739744695.bin
95261,1736491,Root214,1736491.3,7,https://ftp.ncbi.nlm.nih.gov/genomes/all/GCF/001/429/105/GCF_001429105.1_Root214,7,1736491.3.fna,GCF_001429105.1_Root214_genomic.fna, 4724829, 4724829,1736491.3.fna_vs_GCF_001429105.1_Root214_genomic.fna_blast.xml,0,0,0,0,0,0,0,393,4724430,0,0,0,6,0,0,1736491_subject_array_1739744697.bin
95266,1736496,Root227,1736496.3,7,https://ftp.ncbi.nlm.nih.gov/genomes/all/GCF/001/428/745/GCF_001428745.1_Root227,7,1736496.3.fna,GCF_001428745.1_Root227_genomic.fna, 4067614, 4067614,1736496.3.fna_vs_GCF_001428745.1_Root227_genomic.fna_blast.xml,0,0,0,0,0,0,0,0,4067614,0,0,0,0,0,0,1736496_subject_array_1739744698.bin
95294,1736525,Root4,1736525.3,7,https://ftp.ncbi.nlm.nih.gov/genomes/all/GCF/001/425/085/GCF_001425085.1_Root4,7,1736525.3.fna,GCF_001425085.1_Root4_genomic.fna, 3867359, 3867359,1736525.3.fna_vs_GCF_001425085.1_Root4_genomic.fna_blast.xml,0,0,0,0,0,0,0,0,3867359,0,0,0,0,0,0,1736525_subject_array_1739744700.bin
95315,1736546,Root485,1736546.3,7,https://ftp.ncbi.nlm.nih.gov/genomes/all/GCF/001/426/705/GCF_001426705.1_Root485,7,1736546.3.fna,GCF_001426705.1_Root485_genomic.fna, 4654705, 4654705,1736546.3.fna_vs_GCF_001426705.1_Root485_genomic.fna_blast.xml,0,0,0,0,0,0,0,0,4654705,0,0,0,0,0,0,1736546_subject_array_1739744702.bin
96006,1747,M13514,1747.791,7,https://ftp.ncbi.nlm.nih.gov/genomes/all/GCF/005/937/755/GCF_005937755.1_ASM593775v1,7,1747.791.fna,GCF_005937755.1_ASM593775v1_genomic.fna, 2535988, 2535988,1747.791.fna_vs_GCF_005937755.1_ASM593775v1_genomic.fna_blast.xml,0,0,0,0,0,0,0,0,2535988,0,0,0,0,0,0,1747_subject_array_1739744703.bin
96007,1747,M13530,1747.777,7,https://ftp.ncbi.nlm.nih.gov/genomes/all/GCF/005/937/455/GCF_005937455.1_ASM593745v1,7,1747.777.fna,GCF_005937455.1_ASM593745v1_genomic.fna, 2537190, 2537190,1747.777.fna_vs_GCF_005937455.1_ASM593745v1_genomic.fna_blast.xml,0,0,0,0,0,0,0,0,2537190,0,0,0,0,0,0,1747_subject_array_1739744704.bin
96045,1747,P14-108,1747.760,7,https://ftp.ncbi.nlm.nih.gov/genomes/all/GCF/005/774/445/GCF_005774445.1_ASM577444v1,7,1747.760.fna,GCF_005774445.1_ASM577444v1_genomic.fna, 2534885, 2534885,1747.760.fna_vs_GCF_005774445.1_ASM577444v1_genomic.fna_blast.xml,0,0,0,0,0,0,0,72,2534813,0,0,0,0,0,0,1747_subject_array_1739744705.bin
96054,1747,P15-089,1747.289,7,https://ftp.ncbi.nlm.nih.gov/genomes/all/GCF/003/426/625/GCF_003426625.1_ASM342662v1,7,1747.289.fna,GCF_003426625.1_ASM342662v1_genomic.fna, 2556671, 2556671,1747.289.fna_vs_GCF_003426625.1_ASM342662v1_genomic.fna_blast.xml,0,0,0,0,0,0,0,0,2556671,0,0,0,0,0,0,1747_subject_array_1739744706.bin
96057,1747,P15-159,1747.290,7,https://ftp.ncbi.nlm.nih.gov/genomes/all/GCF/003/426/665/GCF_003426665.1_ASM342666v1,7,1747.290.fna,GCF_003426665.1_ASM342666v1_genomic.fna, 2537190, 2537190,1747.290.fna_vs_GCF_003426665.1_ASM342666v1_genomic.fna_blast.xml,0,0,0,0,0,0,0,0,2537190,0,0,0,0,0,0,1747_subject_array_1739744707.bin
96059,1747,P15-166,1747.748,7,https://ftp.ncbi.nlm.nih.gov/genomes/all/GCF/005/774/215/GCF_005774215.1_ASM577421v1,7,1747.748.fna,GCF_005774215.1_ASM577421v1_genomic.fna, 2535988, 2535988,1747.748.fna_vs_GCF_005774215.1_ASM577421v1_genomic.fna_blast.xml,0,0,0,0,0,0,0,0,2535988,0,0,0,0,0,0,1747_subject_array_1739744708.bin
96100,1747,PSSDk50A,1747.1108,7,https://ftp.ncbi.nlm.nih.gov/genomes/all/GCF/021/011/045/GCF_021011045.1_ASM2101104v1,7,1747.1108.fna,GCF_021011045.1_ASM2101104v1_genomic.fna, 2484271, 2484271,1747.1108.fna_vs_GCF_021011045.1_ASM2101104v1_genomic.fna_blast.xml,0,0,0,0,0,0,0,0,2484271,0,0,0,0,0,0,1747_subject_array_1739744709.bin
96115,1747,SASDk57C,1747.1098,7,https://ftp.ncbi.nlm.nih.gov/genomes/all/GCF/021/010/875/GCF_021010875.1_ASM2101087v1,7,1747.1098.fna,GCF_021010875.1_ASM2101087v1_genomic.fna, 2484292, 2484292,1747.1098.fna_vs_GCF_021010875.1_ASM2101087v1_genomic.fna_blast.xml,0,0,0,0,0,0,0,0,2484292,0,0,0,0,0,0,1747_subject_array_1739744710.bin
96132,1747,T17039,1747.269,7,https://ftp.ncbi.nlm.nih.gov/genomes/all/GCF/003/384/395/GCF_003384395.1_ASM338439v1,7,1747.269.fna,GCF_003384395.1_ASM338439v1_genomic.fna, 2536539, 2536539,1747.269.fna_vs_GCF_003384395.1_ASM338439v1_genomic.fna_blast.xml,0,0,0,0,0,0,0,0,2536539,0,0,0,0,0,0,1747_subject_array_1739744711.bin
96155,1747,T36318,1747.778,7,https://ftp.ncbi.nlm.nih.gov/genomes/all/GCF/005/937/465/GCF_005937465.1_ASM593746v1,7,1747.778.fna,GCF_005937465.1_ASM593746v1_genomic.fna, 2556671, 2556671,1747.778.fna_vs_GCF_005937465.1_ASM593746v1_genomic.fna_blast.xml,0,0,0,0,0,0,0,0,2556671,0,0,0,0,0,0,1747_subject_array_1739744712.bin
96498,1761909,ES.051,1761909.3,7,https://ftp.ncbi.nlm.nih.gov/genomes/all/GCF/002/563/795/GCF_002563795.1_ASM256379v1,7,1761909.3.fna,GCF_002563795.1_ASM256379v1_genomic.fna, 4294992, 4294992,1761909.3.fna_vs_GCF_002563795.1_ASM256379v1_genomic.fna_blast.xml,0,0,0,0,0,0,0,0,4294992,0,0,0,0,0,0,1761909_subject_array_1739744714.bin
96502,176280,ATCC 12228,176280.10,7,https://ftp.ncbi.nlm.nih.gov/genomes/all/GCF/000/007/645/GCF_000007645.1_ASM764v1,7,176280.10.fna,GCF_000007645.1_ASM764v1_genomic.fna, 2564615, 2564615,176280.10.fna_vs_GCF_000007645.1_ASM764v1_genomic.fna_blast.xml,0,0,0,0,0,0,0,1,2564611,0,0,3,0,0,0,176280_subject_array_1739744715.bin
96599,1765,BMR25/85,1765.378,7,https://ftp.ncbi.nlm.nih.gov/genomes/all/GCF/002/976/335/GCF_002976335.1_ASM297633v1,7,1765.378.fna,GCF_002976335.1_ASM297633v1_genomic.fna, 4327606, 4327606,1765.378.fna_vs_GCF_002976335.1_ASM297633v1_genomic.fna_blast.xml,0,0,0,0,0,0,1,0,4327604,0,1,0,0,0,0,1765_subject_array_1739744717.bin
97042,1773,00-R1178,1773.6481,7,https://ftp.ncbi.nlm.nih.gov/genomes/all/GCF/001/848/695/GCF_001848695.1_ASM184869v1,7,1773.6481.fna,GCF_001848695.1_ASM184869v1_genomic.fna, 4392416, 4392416,1773.6481.fna_vs_GCF_001848695.1_ASM184869v1_genomic.fna_blast.xml,0,0,0,0,0,0,0,0,4392416,0,0,0,0,0,0,1773_subject_array_1739744719.bin
97052,1773,00-R1405,1773.6490,7,https://ftp.ncbi.nlm.nih.gov/genomes/all/GCF/001/848/885/GCF_001848885.1_ASM184888v1,7,1773.6490.fna,GCF_001848885.1_ASM184888v1_genomic.fna, 4403443, 4403443,1773.6490.fna_vs_GCF_001848885.1_ASM184888v1_genomic.fna_blast.xml,0,0,0,0,0,0,0,0,4403443,0,0,0,0,0,0,1773_subject_array_1739744721.bin
97056,1773,00-R1569,1773.6119,7,https://ftp.ncbi.nlm.nih.gov/genomes/all/GCF/001/841/425/GCF_001841425.1_ASM184142v1,7,1773.6119.fna,GCF_001841425.1_ASM184142v1_genomic.fna, 4377815, 4377815,1773.6119.fna_vs_GCF_001841425.1_ASM184142v1_genomic.fna_blast.xml,0,0,0,0,0,0,0,0,4377815,0,0,0,0,0,0,1773_subject_array_1739744722.bin
97111,1773,01-R0165,1773.6710,7,https://ftp.ncbi.nlm.nih.gov/genomes/all/GCF/001/853/285/GCF_001853285.1_ASM185328v1,7,1773.6710.fna,GCF_001853285.1_ASM185328v1_genomic.fna, 4378957, 4378957,1773.6710.fna_vs_GCF_001853285.1_ASM185328v1_genomic.fna_blast.xml,0,0,0,0,0,0,0,0,4378957,0,0,0,0,0,0,1773_subject_array_1739744724.bin
97112,1773,01-R0170,1773.6551,7,https://ftp.ncbi.nlm.nih.gov/genomes/all/GCF/001/850/105/GCF_001850105.1_ASM185010v1,7,1773.6551.fna,GCF_001850105.1_ASM185010v1_genomic.fna, 4394319, 4394319,1773.6551.fna_vs_GCF_001850105.1_ASM185010v1_genomic.fna_blast.xml,0,0,0,0,0,0,0,0,4394319,0,0,0,0,0,0,1773_subject_array_1739744726.bin
97123,1773,01-R0265,1773.6480,7,https://ftp.ncbi.nlm.nih.gov/genomes/all/GCF/001/848/685/GCF_001848685.1_ASM184868v1,7,1773.6480.fna,GCF_001848685.1_ASM184868v1_genomic.fna, 4402992, 4402992,1773.6480.fna_vs_GCF_001848685.1_ASM184868v1_genomic.fna_blast.xml,0,0,0,0,0,0,0,0,4402992,0,0,0,0,0,0,1773_subject_array_1739744728.bin
97155,1773,01-R0897,1773.6592,7,https://ftp.ncbi.nlm.nih.gov/genomes/all/GCF/001/850/925/GCF_001850925.1_ASM185092v1,7,1773.6592.fna,GCF_001850925.1_ASM185092v1_genomic.fna, 4381277, 4381277,1773.6592.fna_vs_GCF_001850925.1_ASM185092v1_genomic.fna_blast.xml,0,0,0,0,0,0,0,0,4381277,0,0,0,0,0,0,1773_subject_array_1739744730.bin
97161,1773,01-R0907,1773.6711,7,https://ftp.ncbi.nlm.nih.gov/genomes/all/GCF/001/853/295/GCF_001853295.1_ASM185329v1,7,1773.6711.fna,GCF_001853295.1_ASM185329v1_genomic.fna, 4396999, 4396999,1773.6711.fna_vs_GCF_001853295.1_ASM185329v1_genomic.fna_blast.xml,0,0,0,0,0,0,0,0,4396999,0,0,0,0,0,0,1773_subject_array_1739744732.bin
97176,1773,01-R1112,1773.6090,7,https://ftp.ncbi.nlm.nih.gov/genomes/all/GCF/001/840/835/GCF_001840835.1_ASM184083v1,7,1773.6090.fna,GCF_001840835.1_ASM184083v1_genomic.fna, 4349452, 4349452,1773.6090.fna_vs_GCF_001840835.1_ASM184083v1_genomic.fna_blast.xml,0,0,0,0,0,0,0,0,4349452,0,0,0,0,0,0,1773_subject_array_1739744733.bin
97177,1773,01-R1130,1773.6091,7,https://ftp.ncbi.nlm.nih.gov/genomes/all/GCF/001/840/845/GCF_001840845.1_ASM184084v1,7,1773.6091.fna,GCF_001840845.1_ASM184084v1_genomic.fna, 4385675, 4385675,1773.6091.fna_vs_GCF_001840845.1_ASM184084v1_genomic.fna_blast.xml,0,0,0,0,0,0,0,0,4385675,0,0,0,0,0,0,1773_subject_array_1739744735.bin
97186,1773,01-R1235,1773.6089,7,https://ftp.ncbi.nlm.nih.gov/genomes/all/GCF/001/840/825/GCF_001840825.1_ASM184082v1,7,1773.6089.fna,GCF_001840825.1_ASM184082v1_genomic.fna, 4353176, 4353176,1773.6089.fna_vs_GCF_001840825.1_ASM184082v1_genomic.fna_blast.xml,0,0,0,0,0,0,0,0,4353176,0,0,0,0,0,0,1773_subject_array_1739744737.bin
97194,1773,01-R1354,1773.6105,7,https://ftp.ncbi.nlm.nih.gov/genomes/all/GCF/001/841/145/GCF_001841145.1_ASM184114v1,7,1773.6105.fna,GCF_001841145.1_ASM184114v1_genomic.fna, 4405512, 4405512,1773.6105.fna_vs_GCF_001841145.1_ASM184114v1_genomic.fna_blast.xml,0,0,0,0,0,0,0,0,4405512,0,0,0,0,0,0,1773_subject_array_1739744739.bin
97196,1773,01-R1386,1773.6618,7,https://ftp.ncbi.nlm.nih.gov/genomes/all/GCF/001/851/435/GCF_001851435.1_ASM185143v1,7,1773.6618.fna,GCF_001851435.1_ASM185143v1_genomic.fna, 4398597, 4398597,1773.6618.fna_vs_GCF_001851435.1_ASM185143v1_genomic.fna_blast.xml,0,0,0,0,0,0,0,0,4398597,0,0,0,0,0,0,1773_subject_array_1739744740.bin
97214,1773,01-R1533,1773.6620,7,https://ftp.ncbi.nlm.nih.gov/genomes/all/GCF/001/851/475/GCF_001851475.1_ASM185147v1,7,1773.6620.fna,GCF_001851475.1_ASM185147v1_genomic.fna, 4390468, 4390468,1773.6620.fna_vs_GCF_001851475.1_ASM185147v1_genomic.fna_blast.xml,0,0,0,0,0,0,0,0,4390468,0,0,0,0,0,0,1773_subject_array_1739744742.bin
97215,1773,01-R1539,1773.8235,7,https://ftp.ncbi.nlm.nih.gov/genomes/all/GCF/002/129/105/GCF_002129105.1_ASM212910v1,7,1773.8235.fna,GCF_002129105.1_ASM212910v1_genomic.fna, 4414917, 4414917,1773.8235.fna_vs_GCF_002129105.1_ASM212910v1_genomic.fna_blast.xml,0,0,0,0,0,0,0,0,4414917,0,0,0,0,0,0,1773_subject_array_1739744745.bin
97284,1773,02-R0123,1773.8220,7,https://ftp.ncbi.nlm.nih.gov/genomes/all/GCF/002/128/825/GCF_002128825.1_ASM212882v1,7,1773.8220.fna,GCF_002128825.1_ASM212882v1_genomic.fna, 4393630, 4393630,1773.8220.fna_vs_GCF_002128825.1_ASM212882v1_genomic.fna_blast.xml,0,0,0,0,0,0,0,0,4393630,0,0,0,0,0,0,1773_subject_array_1739744747.bin
97310,1773,02-R0403,1773.6079,7,https://ftp.ncbi.nlm.nih.gov/genomes/all/GCF/001/840/625/GCF_001840625.1_ASM184062v1,7,1773.6079.fna,GCF_001840625.1_ASM184062v1_genomic.fna, 4389758, 4389758,1773.6079.fna_vs_GCF_001840625.1_ASM184062v1_genomic.fna_blast.xml,0,0,0,0,0,0,0,0,4389758,0,0,0,0,0,0,1773_subject_array_1739744749.bin
97322,1773,02-R0791,1773.6543,7,https://ftp.ncbi.nlm.nih.gov/genomes/all/GCF/001/849/935/GCF_001849935.1_ASM184993v1,7,1773.6543.fna,GCF_001849935.1_ASM184993v1_genomic.fna, 4364139, 4364139,1773.6543.fna_vs_GCF_001849935.1_ASM184993v1_genomic.fna_blast.xml,0,0,0,0,0,0,0,0,4364139,0,0,0,0,0,0,1773_subject_array_1739744751.bin
97326,1773,02-R0816,1773.6669,7,https://ftp.ncbi.nlm.nih.gov/genomes/all/GCF/001/852/455/GCF_001852455.1_ASM185245v1,7,1773.6669.fna,GCF_001852455.1_ASM185245v1_genomic.fna, 4404510, 4404510,1773.6669.fna_vs_GCF_001852455.1_ASM185245v1_genomic.fna_blast.xml,0,0,0,0,0,0,0,0,4404510,0,0,0,0,0,0,1773_subject_array_1739744753.bin
97343,1773,02-R0898,1773.6095,7,https://ftp.ncbi.nlm.nih.gov/genomes/all/GCF/001/840/935/GCF_001840935.1_ASM184093v1,7,1773.6095.fna,GCF_001840935.1_ASM184093v1_genomic.fna, 4390482, 4390482,1773.6095.fna_vs_GCF_001840935.1_ASM184093v1_genomic.fna_blast.xml,0,0,0,0,0,0,0,0,4390482,0,0,0,0,0,0,1773_subject_array_1739744755.bin
97419,1773,02-R1752,1773.8223,7,https://ftp.ncbi.nlm.nih.gov/genomes/all/GCF/002/128/865/GCF_002128865.1_ASM212886v1,7,1773.8223.fna,GCF_002128865.1_ASM212886v1_genomic.fna, 4392860, 4392860,1773.8223.fna_vs_GCF_002128865.1_ASM212886v1_genomic.fna_blast.xml,0,0,0,0,0,0,0,0,4392860,0,0,0,0,0,0,1773_subject_array_1739744757.bin
97421,1773,02-R1813,1773.6567,7,https://ftp.ncbi.nlm.nih.gov/genomes/all/GCF/001/850/405/GCF_001850405.1_ASM185040v1,7,1773.6567.fna,GCF_001850405.1_ASM185040v1_genomic.fna, 4382748, 4382748,1773.6567.fna_vs_GCF_001850405.1_ASM185040v1_genomic.fna_blast.xml,0,0,0,0,0,0,0,0,4382748,0,0,0,0,0,0,1773_subject_array_1739744759.bin
97528,1773,03-R0909,1773.6566,7,https://ftp.ncbi.nlm.nih.gov/genomes/all/GCF/001/850/395/GCF_001850395.1_ASM185039v1,7,1773.6566.fna,GCF_001850395.1_ASM185039v1_genomic.fna, 4387307, 4387307,1773.6566.fna_vs_GCF_001850395.1_ASM185039v1_genomic.fna_blast.xml,0,0,0,0,0,0,0,0,4387307,0,0,0,0,0,0,1773_subject_array_1739744762.bin
99543,1773,8918_B2,1773.17685,7,https://ftp.ncbi.nlm.nih.gov/genomes/all/GCF/004/327/665/GCF_004327665.1_ASM432766v1,7,1773.17685.fna,GCF_004327665.1_ASM432766v1_genomic.fna, 4410491, 4410491,1773.17685.fna_vs_GCF_004327665.1_ASM432766v1_genomic.fna_blast.xml,0,0,0,0,0,0,0,0,4410491,0,0,0,0,0,0,1773_subject_array_1739744765.bin
99544,1773,8918_B3,1773.17684,7,https://ftp.ncbi.nlm.nih.gov/genomes/all/GCF/004/327/655/GCF_004327655.1_ASM432765v1,7,1773.17684.fna,GCF_004327655.1_ASM432765v1_genomic.fna, 4410526, 4410526,1773.17684.fna_vs_GCF_004327655.1_ASM432765v1_genomic.fna_blast.xml,0,0,0,0,0,0,0,0,4410526,0,0,0,0,0,0,1773_subject_array_1739744767.bin
99564,1773,97-10490,1773.6364,7,https://ftp.ncbi.nlm.nih.gov/genomes/all/GCF/001/846/355/GCF_001846355.1_ASM184635v1,7,1773.6364.fna,GCF_001846355.1_ASM184635v1_genomic.fna, 4403276, 4403276,1773.6364.fna_vs_GCF_001846355.1_ASM184635v1_genomic.fna_blast.xml,0,0,0,0,0,0,0,0,4403276,0,0,0,0,0,0,1773_subject_array_1739744769.bin
99640,1773,99-R874,1773.6116,7,https://ftp.ncbi.nlm.nih.gov/genomes/all/GCF/001/841/355/GCF_001841355.1_ASM184135v1,7,1773.6116.fna,GCF_001841355.1_ASM184135v1_genomic.fna, 4393703, 4393703,1773.6116.fna_vs_GCF_001841355.1_ASM184135v1_genomic.fna_blast.xml,0,0,0,0,0,0,0,0,4393703,0,0,0,0,0,0,1773_subject_array_1739744771.bin
99827,1773,C0006478-3,1773.6288,7,https://ftp.ncbi.nlm.nih.gov/genomes/all/GCF/001/844/845/GCF_001844845.1_ASM184484v1,7,1773.6288.fna,GCF_001844845.1_ASM184484v1_genomic.fna, 4405710, 4405710,1773.6288.fna_vs_GCF_001844845.1_ASM184484v1_genomic.fna_blast.xml,0,0,0,0,0,0,0,0,4405710,0,0,0,0,0,0,1773_subject_array_1739744773.bin
99832,1773,C0011359-8,1773.6306,7,https://ftp.ncbi.nlm.nih.gov/genomes/all/GCF/001/845/185/GCF_001845185.1_ASM184518v1,7,1773.6306.fna,GCF_001845185.1_ASM184518v1_genomic.fna, 4399454, 4399454,1773.6306.fna_vs_GCF_001845185.1_ASM184518v1_genomic.fna_blast.xml,0,0,0,0,0,0,0,0,4399454,0,0,0,0,0,0,1773_subject_array_1739744775.bin
100061,1773,I0000021-1,1773.6073,7,https://ftp.ncbi.nlm.nih.gov/genomes/all/GCF/001/840/505/GCF_001840505.1_ASM184050v1,7,1773.6073.fna,GCF_001840505.1_ASM184050v1_genomic.fna, 4398097, 4398097,1773.6073.fna_vs_GCF_001840505.1_ASM184050v1_genomic.fna_blast.xml,0,0,0,0,0,0,0,0,4398097,0,0,0,0,0,0,1773_subject_array_1739744777.bin
100073,1773,I0000071-6,1773.7638,7,https://ftp.ncbi.nlm.nih.gov/genomes/all/GCF/001/945/705/GCF_001945705.1_ASM194570v1,7,1773.7638.fna,GCF_001945705.1_ASM194570v1_genomic.fna, 4390597, 4390597,1773.7638.fna_vs_GCF_001945705.1_ASM194570v1_genomic.fna_blast.xml,0,0,0,0,0,0,0,0,4390597,0,0,0,0,0,0,1773_subject_array_1739744779.bin
100078,1773,I0000180-5,1773.7630,7,https://ftp.ncbi.nlm.nih.gov/genomes/all/GCF/001/945/865/GCF_001945865.1_ASM194586v1,7,1773.7630.fna,GCF_001945865.1_ASM194586v1_genomic.fna, 4410073, 4410073,1773.7630.fna_vs_GCF_001945865.1_ASM194586v1_genomic.fna_blast.xml,0,0,0,0,0,0,0,0,4410073,0,0,0,0,0,0,1773_subject_array_1739744781.bin
100130,1773,I0000779-4,1773.6265,7,https://ftp.ncbi.nlm.nih.gov/genomes/all/GCF/001/844/385/GCF_001844385.1_ASM184438v1,7,1773.6265.fna,GCF_001844385.1_ASM184438v1_genomic.fna, 4407065, 4407065,1773.6265.fna_vs_GCF_001844385.1_ASM184438v1_genomic.fna_blast.xml,0,0,0,0,0,0,0,0,4407065,0,0,0,0,0,0,1773_subject_array_1739744782.bin
100131,1773,I0000808-1,1773.6858,7,https://ftp.ncbi.nlm.nih.gov/genomes/all/GCF/001/944/815/GCF_001944815.1_ASM194481v1,7,1773.6858.fna,GCF_001944815.1_ASM194481v1_genomic.fna, 4378810, 4378810,1773.6858.fna_vs_GCF_001944815.1_ASM194481v1_genomic.fna_blast.xml,0,0,0,0,0,0,0,0,4378810,0,0,0,0,0,0,1773_subject_array_1739744784.bin
100135,1773,I0000845-3,1773.6880,7,https://ftp.ncbi.nlm.nih.gov/genomes/all/GCF/001/945/245/GCF_001945245.1_ASM194524v1,7,1773.6880.fna,GCF_001945245.1_ASM194524v1_genomic.fna, 4375485, 4375485,1773.6880.fna_vs_GCF_001945245.1_ASM194524v1_genomic.fna_blast.xml,0,0,0,0,0,0,0,0,4375485,0,0,0,0,0,0,1773_subject_array_1739744786.bin
100207,1773,I0001886-6,1773.6969,7,https://ftp.ncbi.nlm.nih.gov/genomes/all/GCF/001/947/355/GCF_001947355.1_ASM194735v1,7,1773.6969.fna,GCF_001947355.1_ASM194735v1_genomic.fna, 4374340, 4374340,1773.6969.fna_vs_GCF_001947355.1_ASM194735v1_genomic.fna_blast.xml,0,0,0,0,0,0,0,0,4374340,0,0,0,0,0,0,1773_subject_array_1739744788.bin
100208,1773,I0001905-4,1773.6971,7,https://ftp.ncbi.nlm.nih.gov/genomes/all/GCF/001/947/385/GCF_001947385.1_ASM194738v1,7,1773.6971.fna,GCF_001947385.1_ASM194738v1_genomic.fna, 4378782, 4378782,1773.6971.fna_vs_GCF_001947385.1_ASM194738v1_genomic.fna_blast.xml,0,0,0,0,0,0,0,0,4378782,0,0,0,0,0,0,1773_subject_array_1739744790.bin
100227,1773,I0002154-8,1773.6244,7,https://ftp.ncbi.nlm.nih.gov/genomes/all/GCF/001/843/965/GCF_001843965.1_ASM184396v1,7,1773.6244.fna,GCF_001843965.1_ASM184396v1_genomic.fna, 4415519, 4415519,1773.6244.fna_vs_GCF_001843965.1_ASM184396v1_genomic.fna_blast.xml,0,0,0,0,0,0,0,0,4415519,0,0,0,0,0,0,1773_subject_array_1739744792.bin
100237,1773,I0002394-0,1773.7012,7,https://ftp.ncbi.nlm.nih.gov/genomes/all/GCF/001/948/215/GCF_001948215.1_ASM194821v1,7,1773.7012.fna,GCF_001948215.1_ASM194821v1_genomic.fna, 4377099, 4377099,1773.7012.fna_vs_GCF_001948215.1_ASM194821v1_genomic.fna_blast.xml,0,0,0,0,0,0,0,0,4377099,0,0,0,0,0,0,1773_subject_array_1739744794.bin
100241,1773,I0002457-5,1773.6259,7,https://ftp.ncbi.nlm.nih.gov/genomes/all/GCF/001/844/265/GCF_001844265.1_ASM184426v1,7,1773.6259.fna,GCF_001844265.1_ASM184426v1_genomic.fna, 4389194, 4389194,1773.6259.fna_vs_GCF_001844265.1_ASM184426v1_genomic.fna_blast.xml,0,0,0,0,0,0,0,0,4389194,0,0,0,0,0,0,1773_subject_array_1739744796.bin
100246,1773,I0002578-8,1773.6257,7,https://ftp.ncbi.nlm.nih.gov/genomes/all/GCF/001/844/215/GCF_001844215.1_ASM184421v1,7,1773.6257.fna,GCF_001844215.1_ASM184421v1_genomic.fna, 4396398, 4396398,1773.6257.fna_vs_GCF_001844215.1_ASM184421v1_genomic.fna_blast.xml,0,0,0,0,0,0,0,0,4396398,0,0,0,0,0,0,1773_subject_array_1739744798.bin
100271,1773,I0002935-0,1773.6268,7,https://ftp.ncbi.nlm.nih.gov/genomes/all/GCF/001/844/435/GCF_001844435.1_ASM184443v1,7,1773.6268.fna,GCF_001844435.1_ASM184443v1_genomic.fna, 4399291, 4399291,1773.6268.fna_vs_GCF_001844435.1_ASM184443v1_genomic.fna_blast.xml,0,0,0,0,0,0,0,0,4399291,0,0,0,0,0,0,1773_subject_array_1739744799.bin
100272,1773,I0002941-8,1773.6253,7,https://ftp.ncbi.nlm.nih.gov/genomes/all/GCF/001/844/145/GCF_001844145.1_ASM184414v1,7,1773.6253.fna,GCF_001844145.1_ASM184414v1_genomic.fna, 4381648, 4381648,1773.6253.fna_vs_GCF_001844145.1_ASM184414v1_genomic.fna_blast.xml,0,0,0,0,0,0,0,0,4381648,0,0,0,0,0,0,1773_subject_array_1739744801.bin
100325,1773,I0003461-6,1773.6274,7,https://ftp.ncbi.nlm.nih.gov/genomes/all/GCF/001/844/545/GCF_001844545.1_ASM184454v1,7,1773.6274.fna,GCF_001844545.1_ASM184454v1_genomic.fna, 4377672, 4377672,1773.6274.fna_vs_GCF_001844545.1_ASM184454v1_genomic.fna_blast.xml,0,0,0,0,0,0,0,0,4377672,0,0,0,0,0,0,1773_subject_array_1739744803.bin
100337,1773,I0003578-7,1773.6263,7,https://ftp.ncbi.nlm.nih.gov/genomes/all/GCF/001/844/325/GCF_001844325.1_ASM184432v1,7,1773.6263.fna,GCF_001844325.1_ASM184432v1_genomic.fna, 4390166, 4390166,1773.6263.fna_vs_GCF_001844325.1_ASM184432v1_genomic.fna_blast.xml,0,0,0,0,0,0,0,0,4390166,0,0,0,0,0,0,1773_subject_array_1739744805.bin
100361,1773,I0003922-7,1773.6299,7,https://ftp.ncbi.nlm.nih.gov/genomes/all/GCF/001/845/065/GCF_001845065.1_ASM184506v1,7,1773.6299.fna,GCF_001845065.1_ASM184506v1_genomic.fna, 4391050, 4391050,1773.6299.fna_vs_GCF_001845065.1_ASM184506v1_genomic.fna_blast.xml,0,0,0,0,0,0,0,0,4391050,0,0,0,0,0,0,1773_subject_array_1739744807.bin
100405,1773,I0004311-2,1773.6944,7,https://ftp.ncbi.nlm.nih.gov/genomes/all/GCF/001/946/865/GCF_001946865.1_ASM194686v1,7,1773.6944.fna,GCF_001946865.1_ASM194686v1_genomic.fna, 4408243, 4408243,1773.6944.fna_vs_GCF_001946865.1_ASM194686v1_genomic.fna_blast.xml,0,0,0,0,0,0,0,0,4408243,0,0,0,0,0,0,1773_subject_array_1739744809.bin
100431,1773,I0004744-4,1773.6879,7,https://ftp.ncbi.nlm.nih.gov/genomes/all/GCF/001/945/235/GCF_001945235.1_ASM194523v1,7,1773.6879.fna,GCF_001945235.1_ASM194523v1_genomic.fna, 4372380, 4372380,1773.6879.fna_vs_GCF_001945235.1_ASM194523v1_genomic.fna_blast.xml,0,0,0,0,0,0,0,0,4372380,0,0,0,0,0,0,1773_subject_array_1739744812.bin
100446,1773,I0005224-6,1773.6317,7,https://ftp.ncbi.nlm.nih.gov/genomes/all/GCF/001/845/415/GCF_001845415.1_ASM184541v1,7,1773.6317.fna,GCF_001845415.1_ASM184541v1_genomic.fna, 4406014, 4406014,1773.6317.fna_vs_GCF_001845415.1_ASM184541v1_genomic.fna_blast.xml,0,0,0,0,0,0,0,0,4406014,0,0,0,0,0,0,1773_subject_array_1739744814.bin
100447,1773,I0005227-9,1773.6838,7,https://ftp.ncbi.nlm.nih.gov/genomes/all/GCF/001/944/415/GCF_001944415.1_ASM194441v1,7,1773.6838.fna,GCF_001944415.1_ASM194441v1_genomic.fna, 4383305, 4383305,1773.6838.fna_vs_GCF_001944415.1_ASM194441v1_genomic.fna_blast.xml,0,0,0,0,0,0,0,0,4383305,0,0,0,0,0,0,1773_subject_array_1739744817.bin
100455,1773,I0005328-5,1773.7044,7,https://ftp.ncbi.nlm.nih.gov/genomes/all/GCF/001/948/855/GCF_001948855.1_ASM194885v1,7,1773.7044.fna,GCF_001948855.1_ASM194885v1_genomic.fna, 4395795, 4395795,1773.7044.fna_vs_GCF_001948855.1_ASM194885v1_genomic.fna_blast.xml,0,0,0,0,0,0,0,0,4395795,0,0,0,0,0,0,1773_subject_array_1739744819.bin
100470,1773,I0005546-2,1773.6214,7,https://ftp.ncbi.nlm.nih.gov/genomes/all/GCF/001/843/355/GCF_001843355.1_ASM184335v1,7,1773.6214.fna,GCF_001843355.1_ASM184335v1_genomic.fna, 4361443, 4361443,1773.6214.fna_vs_GCF_001843355.1_ASM184335v1_genomic.fna_blast.xml,0,0,0,0,0,0,0,0,4361443,0,0,0,0,0,0,1773_subject_array_1739744821.bin
100472,1773,I0005669-2,1773.7680,7,https://ftp.ncbi.nlm.nih.gov/genomes/all/GCF/001/943/435/GCF_001943435.1_ASM194343v1,7,1773.7680.fna,GCF_001943435.1_ASM194343v1_genomic.fna, 4388153, 4388153,1773.7680.fna_vs_GCF_001943435.1_ASM194343v1_genomic.fna_blast.xml,0,0,0,0,0,0,0,0,4388153,0,0,0,0,0,0,1773_subject_array_1739744822.bin
100480,1773,I0005720-3,1773.6960,7,https://ftp.ncbi.nlm.nih.gov/genomes/all/GCF/001/947/185/GCF_001947185.1_ASM194718v1,7,1773.6960.fna,GCF_001947185.1_ASM194718v1_genomic.fna, 4393975, 4393975,1773.6960.fna_vs_GCF_001947185.1_ASM194718v1_genomic.fna_blast.xml,0,0,0,0,0,0,0,0,4393975,0,0,0,0,0,0,1773_subject_array_1739744824.bin
100487,1773,I0005814-4,1773.6884,7,https://ftp.ncbi.nlm.nih.gov/genomes/all/GCF/001/945/325/GCF_001945325.1_ASM194532v1,7,1773.6884.fna,GCF_001945325.1_ASM194532v1_genomic.fna, 4384114, 4384114,1773.6884.fna_vs_GCF_001945325.1_ASM194532v1_genomic.fna_blast.xml,0,0,0,0,0,0,0,0,4384114,0,0,0,0,0,0,1773_subject_array_1739744826.bin
100490,1773,I0005973-8,1773.6876,7,https://ftp.ncbi.nlm.nih.gov/genomes/all/GCF/001/945/165/GCF_001945165.1_ASM194516v1,7,1773.6876.fna,GCF_001945165.1_ASM194516v1_genomic.fna, 4386443, 4386443,1773.6876.fna_vs_GCF_001945165.1_ASM194516v1_genomic.fna_blast.xml,0,0,0,0,0,0,0,0,4386443,0,0,0,0,0,0,1773_subject_array_1739744828.bin
100685,1773,M0000504-2,1773.17405,7,https://ftp.ncbi.nlm.nih.gov/genomes/all/GCF/004/109/245/GCF_004109245.1_ASM410924v1,7,1773.17405.fna,GCF_004109245.1_ASM410924v1_genomic.fna, 4402456, 4402456,1773.17405.fna_vs_GCF_004109245.1_ASM410924v1_genomic.fna_blast.xml,0,0,0,0,0,0,0,0,4402456,0,0,0,0,0,0,1773_subject_array_1739744830.bin
100690,1773,M0000533-1,1773.17573,7,https://ftp.ncbi.nlm.nih.gov/genomes/all/GCF/004/112/635/GCF_004112635.1_ASM411263v1,7,1773.17573.fna,GCF_004112635.1_ASM411263v1_genomic.fna, 4392746, 4392746,1773.17573.fna_vs_GCF_004112635.1_ASM411263v1_genomic.fna_blast.xml,0,0,0,0,0,0,0,0,4392746,0,0,0,0,0,0,1773_subject_array_1739744832.bin
100714,1773,M0001398-8,1773.6148,7,https://ftp.ncbi.nlm.nih.gov/genomes/all/GCF/001/842/005/GCF_001842005.1_ASM184200v1,7,1773.6148.fna,GCF_001842005.1_ASM184200v1_genomic.fna, 4408389, 4408389,1773.6148.fna_vs_GCF_001842005.1_ASM184200v1_genomic.fna_blast.xml,0,0,0,0,0,0,0,0,4408389,0,0,0,0,0,0,1773_subject_array_1739744834.bin
100722,1773,M0001616-3,1773.17394,7,https://ftp.ncbi.nlm.nih.gov/genomes/all/GCF/004/109/005/GCF_004109005.1_ASM410900v1,7,1773.17394.fna,GCF_004109005.1_ASM410900v1_genomic.fna, 4391199, 4391199,1773.17394.fna_vs_GCF_004109005.1_ASM410900v1_genomic.fna_blast.xml,0,0,0,0,0,0,0,0,4391199,0,0,0,0,0,0,1773_subject_array_1739744835.bin
100743,1773,M0002221-1,1773.17577,7,https://ftp.ncbi.nlm.nih.gov/genomes/all/GCF/004/112/695/GCF_004112695.1_ASM411269v1,7,1773.17577.fna,GCF_004112695.1_ASM411269v1_genomic.fna, 4397762, 4397762,1773.17577.fna_vs_GCF_004112695.1_ASM411269v1_genomic.fna_blast.xml,0,0,0,0,0,0,0,0,4397762,0,0,0,0,0,0,1773_subject_array_1739744837.bin
100772,1773,M0003209-5,1773.17626,7,https://ftp.ncbi.nlm.nih.gov/genomes/all/GCF/004/113/665/GCF_004113665.1_ASM411366v1,7,1773.17626.fna,GCF_004113665.1_ASM411366v1_genomic.fna, 4376627, 4376627,1773.17626.fna_vs_GCF_004113665.1_ASM411366v1_genomic.fna_blast.xml,0,0,0,0,0,0,0,0,4376627,0,0,0,0,0,0,1773_subject_array_1739744839.bin
100795,1773,M0003847-2,1773.17369,7,https://ftp.ncbi.nlm.nih.gov/genomes/all/GCF/004/108/475/GCF_004108475.1_ASM410847v1,7,1773.17369.fna,GCF_004108475.1_ASM410847v1_genomic.fna, 4386981, 4386981,1773.17369.fna_vs_GCF_004108475.1_ASM410847v1_genomic.fna_blast.xml,0,0,0,0,0,0,0,0,4386981,0,0,0,0,0,0,1773_subject_array_1739744841.bin
100808,1773,M0004274-8,1773.17339,7,https://ftp.ncbi.nlm.nih.gov/genomes/all/GCF/004/107/885/GCF_004107885.1_ASM410788v1,7,1773.17339.fna,GCF_004107885.1_ASM410788v1_genomic.fna, 4387068, 4387068,1773.17339.fna_vs_GCF_004107885.1_ASM410788v1_genomic.fna_blast.xml,0,0,0,0,0,0,0,0,4387068,0,0,0,0,0,0,1773_subject_array_1739744843.bin
100855,1773,M0005875-1,1773.17610,7,https://ftp.ncbi.nlm.nih.gov/genomes/all/GCF/004/113/355/GCF_004113355.1_ASM411335v1,7,1773.17610.fna,GCF_004113355.1_ASM411335v1_genomic.fna, 4384312, 4384312,1773.17610.fna_vs_GCF_004113355.1_ASM411335v1_genomic.fna_blast.xml,0,0,0,0,0,0,0,0,4384312,0,0,0,0,0,0,1773_subject_array_1739744845.bin
100856,1773,M0005895-9,1773.17643,7,https://ftp.ncbi.nlm.nih.gov/genomes/all/GCF/004/114/035/GCF_004114035.1_ASM411403v1,7,1773.17643.fna,GCF_004114035.1_ASM411403v1_genomic.fna, 4362573, 4362573,1773.17643.fna_vs_GCF_004114035.1_ASM411403v1_genomic.fna_blast.xml,0,0,0,0,0,0,0,0,4362573,0,0,0,0,0,0,1773_subject_array_1739744846.bin
100865,1773,M0006055-9,1773.17608,7,https://ftp.ncbi.nlm.nih.gov/genomes/all/GCF/004/113/335/GCF_004113335.1_ASM411333v1,7,1773.17608.fna,GCF_004113335.1_ASM411333v1_genomic.fna, 4380420, 4380420,1773.17608.fna_vs_GCF_004113335.1_ASM411333v1_genomic.fna_blast.xml,0,0,0,0,0,0,0,0,4380420,0,0,0,0,0,0,1773_subject_array_1739744848.bin
100874,1773,M0006377-7,1773.17349,7,https://ftp.ncbi.nlm.nih.gov/genomes/all/GCF/004/108/075/GCF_004108075.1_ASM410807v1,7,1773.17349.fna,GCF_004108075.1_ASM410807v1_genomic.fna, 4402409, 4402409,1773.17349.fna_vs_GCF_004108075.1_ASM410807v1_genomic.fna_blast.xml,0,0,0,0,0,0,0,0,4402409,0,0,0,0,0,0,1773_subject_array_1739744850.bin
100877,1773,M0006433-8,1773.17639,7,https://ftp.ncbi.nlm.nih.gov/genomes/all/GCF/004/113/975/GCF_004113975.1_ASM411397v1,7,1773.17639.fna,GCF_004113975.1_ASM411397v1_genomic.fna, 4385701, 4385701,1773.17639.fna_vs_GCF_004113975.1_ASM411397v1_genomic.fna_blast.xml,0,0,0,0,0,0,0,0,4385701,0,0,0,0,0,0,1773_subject_array_1739744852.bin
100885,1773,M0006853-7,1773.17594,7,https://ftp.ncbi.nlm.nih.gov/genomes/all/GCF/004/113/065/GCF_004113065.1_ASM411306v1,7,1773.17594.fna,GCF_004113065.1_ASM411306v1_genomic.fna, 4394395, 4394395,1773.17594.fna_vs_GCF_004113065.1_ASM411306v1_genomic.fna_blast.xml,0,0,0,0,0,0,0,0,4394395,0,0,0,0,0,0,1773_subject_array_1739744854.bin
100899,1773,M0007233-1,1773.17344,7,https://ftp.ncbi.nlm.nih.gov/genomes/all/GCF/004/107/985/GCF_004107985.1_ASM410798v1,7,1773.17344.fna,GCF_004107985.1_ASM410798v1_genomic.fna, 4394221, 4394221,1773.17344.fna_vs_GCF_004107985.1_ASM410798v1_genomic.fna_blast.xml,0,0,0,0,0,0,0,0,4394221,0,0,0,0,0,0,1773_subject_array_1739744857.bin
100972,1773,M0010551-1,1773.17318,7,https://ftp.ncbi.nlm.nih.gov/genomes/all/GCF/004/107/485/GCF_004107485.1_ASM410748v1,7,1773.17318.fna,GCF_004107485.1_ASM410748v1_genomic.fna, 4405354, 4405354,1773.17318.fna_vs_GCF_004107485.1_ASM410748v1_genomic.fna_blast.xml,0,0,0,0,0,0,0,0,4405354,0,0,0,0,0,0,1773_subject_array_1739744860.bin
101006,1773,M0012417-3,1773.17300,7,https://ftp.ncbi.nlm.nih.gov/genomes/all/GCF/004/107/115/GCF_004107115.1_ASM410711v1,7,1773.17300.fna,GCF_004107115.1_ASM410711v1_genomic.fna, 4392451, 4392451,1773.17300.fna_vs_GCF_004107115.1_ASM410711v1_genomic.fna_blast.xml,0,0,0,0,0,0,0,0,4392451,0,0,0,0,0,0,1773_subject_array_1739744862.bin
101077,1773,M0015472-5,1773.17284,7,https://ftp.ncbi.nlm.nih.gov/genomes/all/GCF/004/106/795/GCF_004106795.1_ASM410679v1,7,1773.17284.fna,GCF_004106795.1_ASM410679v1_genomic.fna, 4395420, 4395420,1773.17284.fna_vs_GCF_004106795.1_ASM410679v1_genomic.fna_blast.xml,0,0,0,0,0,0,0,0,4395420,0,0,0,0,0,0,1773_subject_array_1739744865.bin
101078,1773,M0015476-6,1773.17572,7,https://ftp.ncbi.nlm.nih.gov/genomes/all/GCF/004/112/625/GCF_004112625.1_ASM411262v1,7,1773.17572.fna,GCF_004112625.1_ASM411262v1_genomic.fna, 4396880, 4396880,1773.17572.fna_vs_GCF_004112625.1_ASM411262v1_genomic.fna_blast.xml,0,0,0,0,0,0,0,0,4396880,0,0,0,0,0,0,1773_subject_array_1739744868.bin
101098,1773,M0016523-4,1773.17272,7,https://ftp.ncbi.nlm.nih.gov/genomes/all/GCF/004/106/515/GCF_004106515.1_ASM410651v1,7,1773.17272.fna,GCF_004106515.1_ASM410651v1_genomic.fna, 4402016, 4402016,1773.17272.fna_vs_GCF_004106515.1_ASM410651v1_genomic.fna_blast.xml,0,0,0,0,0,0,0,0,4402016,0,0,0,0,0,0,1773_subject_array_1739744870.bin
101132,1773,M0018060-5,1773.8354,7,https://ftp.ncbi.nlm.nih.gov/genomes/all/GCF/002/131/495/GCF_002131495.1_ASM213149v1,7,1773.8354.fna,GCF_002131495.1_ASM213149v1_genomic.fna, 4420055, 4420055,1773.8354.fna_vs_GCF_002131495.1_ASM213149v1_genomic.fna_blast.xml,0,0,0,0,0,0,0,0,4420055,0,0,0,0,0,0,1773_subject_array_1739744872.bin
101151,1773,M0018671-9,1773.17584,7,https://ftp.ncbi.nlm.nih.gov/genomes/all/GCF/004/112/845/GCF_004112845.1_ASM411284v1,7,1773.17584.fna,GCF_004112845.1_ASM411284v1_genomic.fna, 4374679, 4374679,1773.17584.fna_vs_GCF_004112845.1_ASM411284v1_genomic.fna_blast.xml,0,0,0,0,0,0,0,0,4374679,0,0,0,0,0,0,1773_subject_array_1739744874.bin
101164,1773,M0019124-8,1773.17599,7,https://ftp.ncbi.nlm.nih.gov/genomes/all/GCF/004/113/145/GCF_004113145.1_ASM411314v1,7,1773.17599.fna,GCF_004113145.1_ASM411314v1_genomic.fna, 4378134, 4378134,1773.17599.fna_vs_GCF_004113145.1_ASM411314v1_genomic.fna_blast.xml,0,0,0,0,0,0,0,0,4378134,0,0,0,0,0,0,1773_subject_array_1739744877.bin
101167,1773,M0019676-7,1773.17234,7,https://ftp.ncbi.nlm.nih.gov/genomes/all/GCF/004/105/775/GCF_004105775.1_ASM410577v1,7,1773.17234.fna,GCF_004105775.1_ASM410577v1_genomic.fna, 4388140, 4388140,1773.17234.fna_vs_GCF_004105775.1_ASM410577v1_genomic.fna_blast.xml,0,0,0,0,0,0,0,0,4388140,0,0,0,0,0,0,1773_subject_array_1739744880.bin
101185,1773,M0020272-2,1773.17614,7,https://ftp.ncbi.nlm.nih.gov/genomes/all/GCF/004/113/445/GCF_004113445.1_ASM411344v1,7,1773.17614.fna,GCF_004113445.1_ASM411344v1_genomic.fna, 4380224, 4380224,1773.17614.fna_vs_GCF_004113445.1_ASM411344v1_genomic.fna_blast.xml,0,0,0,0,0,0,0,0,4380224,0,0,0,0,0,0,1773_subject_array_1739744882.bin
101197,1773,M0020916-4,1773.17559,7,https://ftp.ncbi.nlm.nih.gov/genomes/all/GCF/004/112/345/GCF_004112345.1_ASM411234v1,7,1773.17559.fna,GCF_004112345.1_ASM411234v1_genomic.fna, 4405906, 4405906,1773.17559.fna_vs_GCF_004112345.1_ASM411234v1_genomic.fna_blast.xml,0,0,0,0,0,0,0,0,4405906,0,0,0,0,0,0,1773_subject_array_1739744884.bin
101199,1773,M0020976-8,1773.17264,7,https://ftp.ncbi.nlm.nih.gov/genomes/all/GCF/004/106/375/GCF_004106375.1_ASM410637v1,7,1773.17264.fna,GCF_004106375.1_ASM410637v1_genomic.fna, 4402342, 4402342,1773.17264.fna_vs_GCF_004106375.1_ASM410637v1_genomic.fna_blast.xml,0,0,0,0,0,0,0,0,4402342,0,0,0,0,0,0,1773_subject_array_1739744886.bin
101216,1773,M0021897-5,1773.17560,7,https://ftp.ncbi.nlm.nih.gov/genomes/all/GCF/004/112/355/GCF_004112355.1_ASM411235v1,7,1773.17560.fna,GCF_004112355.1_ASM411235v1_genomic.fna, 4374551, 4374551,1773.17560.fna_vs_GCF_004112355.1_ASM411235v1_genomic.fna_blast.xml,0,0,0,0,0,0,0,0,4374551,0,0,0,0,0,0,1773_subject_array_1739744888.bin
101238,1773,M0022894-1,1773.17246,7,https://ftp.ncbi.nlm.nih.gov/genomes/all/GCF/004/105/995/GCF_004105995.1_ASM410599v1,7,1773.17246.fna,GCF_004105995.1_ASM410599v1_genomic.fna, 4393504, 4393504,1773.17246.fna_vs_GCF_004105995.1_ASM410599v1_genomic.fna_blast.xml,0,0,0,0,0,0,0,0,4393504,0,0,0,0,0,0,1773_subject_array_1739744890.bin
101258,1773,M0024027-6,1773.8359,7,https://ftp.ncbi.nlm.nih.gov/genomes/all/GCF/002/131/625/GCF_002131625.1_ASM213162v1,7,1773.8359.fna,GCF_002131625.1_ASM213162v1_genomic.fna, 4389784, 4389784,1773.8359.fna_vs_GCF_002131625.1_ASM213162v1_genomic.fna_blast.xml,0,0,0,0,0,0,0,0,4389784,0,0,0,0,0,0,1773_subject_array_1739744892.bin
101275,1773,M0024928-5,1773.17631,7,https://ftp.ncbi.nlm.nih.gov/genomes/all/GCF/004/113/785/GCF_004113785.1_ASM411378v1,7,1773.17631.fna,GCF_004113785.1_ASM411378v1_genomic.fna, 4380770, 4380770,1773.17631.fna_vs_GCF_004113785.1_ASM411378v1_genomic.fna_blast.xml,0,0,0,0,0,0,0,0,4380770,0,0,0,0,0,0,1773_subject_array_1739744894.bin
101389,1773,MS3002,1773.23708,7,https://ftp.ncbi.nlm.nih.gov/genomes/all/GCF/015/686/955/GCF_015686955.1_ASM1568695v1,7,1773.23708.fna,GCF_015686955.1_ASM1568695v1_genomic.fna, 4366050, 4366050,1773.23708.fna_vs_GCF_015686955.1_ASM1568695v1_genomic.fna_blast.xml,0,0,0,0,0,0,0,10880,4355150,0,0,1,19,0,0,1773_subject_array_1739744896.bin
101964,1775910,VL1,1775910.3,7,https://ftp.ncbi.nlm.nih.gov/genomes/all/GCF/017/347/565/GCF_017347565.1_ASM1734756v1,7,1775910.3.fna,GCF_017347565.1_ASM1734756v1_genomic.fna, 7052747, 7052747,1775910.3.fna_vs_GCF_017347565.1_ASM1734756v1_genomic.fna_blast.xml,0,0,0,0,0,0,0,0,7052747,0,0,0,0,0,0,1775910_subject_array_1739744900.bin
102251,1788986,CE80,1788986.3,7,https://ftp.ncbi.nlm.nih.gov/genomes/all/GCF/009/650/605/GCF_009650605.1_ASM965060v1,7,1788986.3.fna,GCF_009650605.1_ASM965060v1_genomic.fna, 4737804, 4737804,1788986.3.fna_vs_GCF_009650605.1_ASM965060v1_genomic.fna_blast.xml,0,0,0,0,0,0,0,198,4737606,0,0,0,0,0,0,1788986_subject_array_1739744903.bin
102306,1792508,CCB-MM3,1792508.7,7,https://ftp.ncbi.nlm.nih.gov/genomes/all/GCF/001/687/105/GCF_001687105.1_ASM168710v1,7,1792508.7.fna,GCF_001687105.1_ASM168710v1_genomic.fna, 5522061, 5522061,1792508.7.fna_vs_GCF_001687105.1_ASM168710v1_genomic.fna_blast.xml,0,0,0,0,0,0,0,0,5522061,0,0,0,0,0,0,1792508_subject_array_1739744905.bin
102334,1794944,DSM 105369,1794944.3,7,https://ftp.ncbi.nlm.nih.gov/genomes/all/GCF/014/190/805/GCF_014190805.1_ASM1419080v1,7,1794944.3.fna,GCF_014190805.1_ASM1419080v1_genomic.fna, 4991146, 4991146,1794944.3.fna_vs_GCF_014190805.1_ASM1419080v1_genomic.fna_blast.xml,0,0,0,0,0,0,0,0,4991146,0,0,0,0,0,0,1794944_subject_array_1739744908.bin
102590,180282,I4-RSP,180282.80,7,https://ftp.ncbi.nlm.nih.gov/genomes/all/GCF/037/198/095/GCF_037198095.1_ASM3719809v1,7,180282.80.fna,GCF_037198095.1_ASM3719809v1_genomic.fna, 6627718, 6627718,180282.80.fna_vs_GCF_037198095.1_ASM3719809v1_genomic.fna_blast.xml,0,0,0,0,0,0,0,0,6627718,0,0,0,0,0,0,180282_subject_array_1739744911.bin
102708,1805477,Marseille-P299,1805477.3,7,https://ftp.ncbi.nlm.nih.gov/genomes/all/GCF/900/078/195/GCF_900078195.1_PRJEB13107,7,1805477.3.fna,GCF_900078195.1_PRJEB13107_genomic.fna, 4599950, 4599950,1805477.3.fna_vs_GCF_900078195.1_PRJEB13107_genomic.fna_blast.xml,0,0,0,0,0,0,0,0,4599950,0,0,0,0,0,0,1805477_subject_array_1739744913.bin
102860,180850,HD521,180850.5,7,https://ftp.ncbi.nlm.nih.gov/genomes/all/GCF/001/183/785/GCF_001183785.1_ASM118378v1,7,180850.5.fna,GCF_001183785.1_ASM118378v1_genomic.fna, 6198448, 6198448,180850.5.fna_vs_GCF_001183785.1_ASM118378v1_genomic.fna_blast.xml,0,0,0,0,0,0,0,0,6198448,0,0,0,0,0,0,180850_subject_array_1739744915.bin
102943,180957,IPO:3540 CFBP:6617 ATCC:BAA-417 IBSBF:1692,180957.135,7,https://ftp.ncbi.nlm.nih.gov/genomes/all/GCF/016/950/255/GCF_016950255.1_ASM1695025v1,7,180957.135.fna,GCF_016950255.1_ASM1695025v1_genomic.fna, 4880585, 4880585,180957.135.fna_vs_GCF_016950255.1_ASM1695025v1_genomic.fna_blast.xml,0,0,0,0,0,0,0,0,4880585,0,0,0,0,0,0,180957_subject_array_1739744918.bin
103045,1812262,CCM 8669,1812262.3,7,https://ftp.ncbi.nlm.nih.gov/genomes/all/GCF/014/635/585/GCF_014635585.1_ASM1463558v1,7,1812262.3.fna,GCF_014635585.1_ASM1463558v1_genomic.fna, 2462803, 2462803,1812262.3.fna_vs_GCF_014635585.1_ASM1463558v1_genomic.fna_blast.xml,0,0,0,0,0,0,0,339,2462464,0,0,0,0,0,0,1812262_subject_array_1739744919.bin
103316,1812935,EB00178,1812935.512,7,https://ftp.ncbi.nlm.nih.gov/genomes/all/GCF/030/410/235/GCF_030410235.1_ASM3041023v1,7,1812935.512.fna,GCF_030410235.1_ASM3041023v1_genomic.fna, 4939809, 4939809,1812935.512.fna_vs_GCF_030410235.1_ASM3041023v1_genomic.fna_blast.xml,0,0,0,0,0,0,0,0,4939809,0,0,0,0,0,0,1812935_subject_array_1739744921.bin
103375,1812935,K666,1812935.383,7,https://ftp.ncbi.nlm.nih.gov/genomes/all/GCF/023/375/585/GCF_023375585.1_ASM2337558v1,7,1812935.383.fna,GCF_023375585.1_ASM2337558v1_genomic.fna, 5192282, 5192282,1812935.383.fna_vs_GCF_023375585.1_ASM2337558v1_genomic.fna_blast.xml,0,0,0,0,0,0,0,0,5192280,0,1,1,0,0,0,1812935_subject_array_1739744924.bin
103457,1812935,RHBSTW-00123,1812935.85,7,https://ftp.ncbi.nlm.nih.gov/genomes/all/GCF/013/708/155/GCF_013708155.1_ASM1370815v1,7,1812935.85.fna,GCF_013708155.1_ASM1370815v1_genomic.fna, 4944024, 4944024,1812935.85.fna_vs_GCF_013708155.1_ASM1370815v1_genomic.fna_blast.xml,0,0,0,0,0,0,0,0,4944024,0,0,0,0,0,0,1812935_subject_array_1739744926.bin
103597,1817406,ICN19,1817406.4,7,https://ftp.ncbi.nlm.nih.gov/genomes/all/GCF/005/795/905/GCF_005795905.1_ASM579590v1,7,1817406.4.fna,GCF_005795905.1_ASM579590v1_genomic.fna, 9010366, 9010366,1817406.4.fna_vs_GCF_005795905.1_ASM579590v1_genomic.fna_blast.xml,0,0,0,0,0,0,0,0,9010366,0,0,0,0,0,0,1817406_subject_array_1739744930.bin
103604,1818004,YIM T102,2798039.3,7,https://ftp.ncbi.nlm.nih.gov/genomes/all/GCF/016/919/245/GCF_016919245.1_ASM1691924v1,7,2798039.3.fna,GCF_016919245.1_ASM1691924v1_genomic.fna, 9733137, 9733137,2798039.3.fna_vs_GCF_016919245.1_ASM1691924v1_genomic.fna_blast.xml,0,0,0,0,0,0,0,0,9733137,0,0,0,0,0,0,2798039_subject_array_1739744935.bin
103734,1825976,NCHU2750,1825976.3,7,https://ftp.ncbi.nlm.nih.gov/genomes/all/GCF/003/597/675/GCF_003597675.1_ASM359767v1,7,1825976.3.fna,GCF_003597675.1_ASM359767v1_genomic.fna, 6351242, 6351242,1825976.3.fna_vs_GCF_003597675.1_ASM359767v1_genomic.fna_blast.xml,0,0,0,0,0,0,0,0,6351242,0,0,0,0,0,0,1825976_subject_array_1739744938.bin
104013,1834174,3C7_DIV0644,1834174.3,7,https://ftp.ncbi.nlm.nih.gov/genomes/all/GCF/002/141/235/GCF_002141235.1_ASM214123v1,7,1834174.3.fna,GCF_002141235.1_ASM214123v1_genomic.fna, 3604653, 3604653,1834174.3.fna_vs_GCF_002141235.1_ASM214123v1_genomic.fna_blast.xml,0,0,0,0,0,0,0,69327,3535322,0,0,3,1,0,0,1834174_subject_array_1739744940.bin
104018,1834180,4E1_DIV0656,1834180.3,7,https://ftp.ncbi.nlm.nih.gov/genomes/all/GCF/002/140/695/GCF_002140695.1_ASM214069v1,7,1834180.3.fna,GCF_002140695.1_ASM214069v1_genomic.fna, 4145995, 4145995,1834180.3.fna_vs_GCF_002140695.1_ASM214069v1_genomic.fna_blast.xml,0,0,0,0,0,0,0,133933,4012049,0,0,12,1,0,0,1834180_subject_array_1739744942.bin
104319,184870,UMB0744,184870.53,7,https://ftp.ncbi.nlm.nih.gov/genomes/all/GCF/002/871/455/GCF_002871455.1_ASM287145v1,7,184870.53.fna,GCF_002871455.1_ASM287145v1_genomic.fna, 2036040, 2036040,184870.53.fna_vs_GCF_002871455.1_ASM287145v1_genomic.fna_blast.xml,0,0,0,0,0,0,0,1789,2034251,0,0,0,0,0,0,184870_subject_array_1739744943.bin
104375,1849733,LZ_2022a,1849733.4,7,https://ftp.ncbi.nlm.nih.gov/genomes/all/GCF/024/436/175/GCF_024436175.1_ASM2443617v1,7,1849733.4.fna,GCF_024436175.1_ASM2443617v1_genomic.fna, 2398675, 2398675,1849733.4.fna_vs_GCF_024436175.1_ASM2443617v1_genomic.fna_blast.xml,0,0,0,0,0,0,0,0,2398675,0,0,0,0,0,0,1849733_subject_array_1739744944.bin
104745,1863,BTSK10,1863.104,7,https://ftp.ncbi.nlm.nih.gov/genomes/all/GCF/017/585/025/GCF_017585025.1_ASM1758502v1,7,1863.104.fna,GCF_017585025.1_ASM1758502v1_genomic.fna, 2706861, 2706861,1863.104.fna_vs_GCF_017585025.1_ASM1758502v1_genomic.fna_blast.xml,0,0,0,0,0,0,0,90677,2616184,0,0,0,0,0,0,1863_subject_array_1739744946.bin
104875,1870993,Marseille-P3062T,1870993.3,7,https://ftp.ncbi.nlm.nih.gov/genomes/all/GCF/900/104/635/GCF_900104635.1_PRJEB16356,7,1870993.3.fna,GCF_900104635.1_PRJEB16356_genomic.fna, 3601259, 3601259,1870993.3.fna_vs_GCF_900104635.1_PRJEB16356_genomic.fna_blast.xml,0,0,0,0,0,0,1,0,3601250,0,2,6,0,0,0,1870993_subject_array_1739744947.bin
105099,1881042,CF385,1881042.3,7,https://ftp.ncbi.nlm.nih.gov/genomes/all/GCF/900/104/255/GCF_900104255.1_IMG-taxon_2690315626_annotated_assembly,7,1881042.3.fna,GCF_900104255.1_IMG-taxon_2690315626_annotated_assembly_genomic.fna, 3875448, 3875448,1881042.3.fna_vs_GCF_900104255.1_IMG-taxon_2690315626_annotated_assembly_genomic.fna_blast.xml,0,0,0,0,0,0,0,0,3875447,0,0,1,0,0,0,1881042_subject_array_1739744949.bin
105185,1884310,24-YEA-8,1884310.3,7,https://ftp.ncbi.nlm.nih.gov/genomes/all/GCF/900/105/075/GCF_900105075.1_IMG-taxon_2693429821_annotated_assembly,7,1884310.3.fna,GCF_900105075.1_IMG-taxon_2693429821_annotated_assembly_genomic.fna, 5011740, 5011740,1884310.3.fna_vs_GCF_900105075.1_IMG-taxon_2693429821_annotated_assembly_genomic.fna_blast.xml,0,0,0,0,0,0,1,1,5011736,0,0,2,0,0,0,1884310_subject_array_1739744951.bin
105345,188913,CS2105-BJ,188913.31,7,https://ftp.ncbi.nlm.nih.gov/genomes/all/GCF/022/430/525/GCF_022430525.1_ASM2243052v1,7,188913.31.fna,GCF_022430525.1_ASM2243052v1_genomic.fna, 2973411, 2973411,188913.31.fna_vs_GCF_022430525.1_ASM2243052v1_genomic.fna_blast.xml,0,0,0,0,0,0,0,0,2973411,0,0,0,0,0,0,188913_subject_array_1739744952.bin
105368,1889913,MD25a,1889913.3,7,https://ftp.ncbi.nlm.nih.gov/genomes/all/GCF/001/870/515/GCF_001870515.1_ASM187051v1,7,1889913.3.fna,GCF_001870515.1_ASM187051v1_genomic.fna, 2680246, 2680246,1889913.3.fna_vs_GCF_001870515.1_ASM187051v1_genomic.fna_blast.xml,0,0,0,0,0,0,0,0,2680246,0,0,0,0,0,0,1889913_subject_array_1739744953.bin
105601,1891914,RH_34706_11,1891914.12,7,https://ftp.ncbi.nlm.nih.gov/genomes/all/GCF/002/096/525/GCF_002096525.1_ASM209652v1,7,1891914.12.fna,GCF_002096525.1_ASM209652v1_genomic.fna, 1936849, 1936849,1891914.12.fna_vs_GCF_002096525.1_ASM209652v1_genomic.fna_blast.xml,0,0,0,0,0,0,1,0,1936848,0,0,0,0,0,0,1891914_subject_array_1739744954.bin
105923,1903056,19Msa0383,1903056.9,7,https://ftp.ncbi.nlm.nih.gov/genomes/all/GCF/019/357/695/GCF_019357695.1_ASM1935769v1,7,1903056.9.fna,GCF_019357695.1_ASM1935769v1_genomic.fna, 2462612, 2462612,1903056.9.fna_vs_GCF_019357695.1_ASM1935769v1_genomic.fna_blast.xml,0,0,0,0,0,0,0,0,2462612,0,0,0,0,0,0,1903056_subject_array_1739744955.bin
106149,1907411,RU1D,1907411.3,7,https://ftp.ncbi.nlm.nih.gov/genomes/all/GCF/900/156/435/GCF_900156435.1_IMG-taxon_2710264749_annotated_assembly,7,1907411.3.fna,GCF_900156435.1_IMG-taxon_2710264749_annotated_assembly_genomic.fna, 3389128, 3389128,1907411.3.fna_vs_GCF_900156435.1_IMG-taxon_2710264749_annotated_assembly_genomic.fna_blast.xml,0,0,0,0,0,0,0,0,3389128,0,0,0,0,0,0,1907411_subject_array_1739744957.bin
106363,191287,CSL9976,191287.3,7,https://ftp.ncbi.nlm.nih.gov/genomes/all/GCF/018/914/005/GCF_018914005.1_ASM1891400v1,7,191287.3.fna,GCF_018914005.1_ASM1891400v1_genomic.fna,  836022,  836022,191287.3.fna_vs_GCF_018914005.1_ASM1891400v1_genomic.fna_blast.xml,0,0,0,0,0,0,0,0,836022,0,0,0,0,0,0,191287_subject_array_1739744957.bin
106383,191292,L13,191292.77,7,https://ftp.ncbi.nlm.nih.gov/genomes/all/GCF/030/550/835/GCF_030550835.1_ASM3055083v1,7,191292.77.fna,GCF_030550835.1_ASM3055083v1_genomic.fna, 6543485, 6543485,191292.77.fna_vs_GCF_030550835.1_ASM3055083v1_genomic.fna_blast.xml,0,0,0,0,0,0,0,0,6543485,0,0,0,0,0,0,191292_subject_array_1739744960.bin
106575,192,ATCC 29145,192.304,7,https://ftp.ncbi.nlm.nih.gov/genomes/all/GCF/033/842/335/GCF_033842335.1_ASM3384233v1,7,192.304.fna,GCF_033842335.1_ASM3384233v1_genomic.fna, 7241545, 7241545,192.304.fna_vs_GCF_033842335.1_ASM3384233v1_genomic.fna_blast.xml,0,0,0,0,0,0,0,0,7241545,0,0,0,0,0,0,192_subject_array_1739744963.bin
106602,1920110,CFNIH10,1920110.3,7,https://ftp.ncbi.nlm.nih.gov/genomes/all/GCF/002/934/585/GCF_002934585.1_ASM293458v1,7,1920110.3.fna,GCF_002934585.1_ASM293458v1_genomic.fna, 5738233, 5738233,1920110.3.fna_vs_GCF_002934585.1_ASM293458v1_genomic.fna_blast.xml,0,0,0,0,0,0,0,0,5738233,0,0,0,0,0,0,1920110_subject_array_1739744966.bin
106648,1921001,US_Bl 15I1,1921001.4,7,https://ftp.ncbi.nlm.nih.gov/genomes/all/GCF/036/670/005/GCF_036670005.1_ASM3667000v1,7,1921001.4.fna,GCF_036670005.1_ASM3667000v1_genomic.fna, 1950940, 1950940,1921001.4.fna_vs_GCF_036670005.1_ASM3667000v1_genomic.fna_blast.xml,0,0,0,0,0,0,0,8200,1942740,0,0,0,0,0,0,1921001_subject_array_1739744967.bin
107527,1933776,ALI-44-B,1933776.3,7,https://ftp.ncbi.nlm.nih.gov/genomes/all/GCF/001/984/125/GCF_001984125.1_ASM198412v1,7,1933776.3.fna,GCF_001984125.1_ASM198412v1_genomic.fna, 3327947, 3327947,1933776.3.fna_vs_GCF_001984125.1_ASM198412v1_genomic.fna_blast.xml,0,0,0,0,0,0,0,0,3327947,0,0,0,0,0,0,1933776_subject_array_1739744968.bin
107571,1935446,CECT 9189,1935446.57,7,https://ftp.ncbi.nlm.nih.gov/genomes/all/GCF/024/529/955/GCF_024529955.1_ASM2452995v1,7,1935446.57.fna,GCF_024529955.1_ASM2452995v1_genomic.fna, 4499923, 4499923,1935446.57.fna_vs_GCF_024529955.1_ASM2452995v1_genomic.fna_blast.xml,0,0,0,0,0,0,0,0,4499923,0,0,0,0,0,0,1935446_subject_array_1739744971.bin
107714,1938889,VKM Ac-1783,1938889.3,7,https://ftp.ncbi.nlm.nih.gov/genomes/all/GCF/900/177/765/GCF_900177765.1_IMG-taxon_2708742470_annotated_assembly,7,1938889.3.fna,GCF_900177765.1_IMG-taxon_2708742470_annotated_assembly_genomic.fna, 3762434, 3762434,1938889.3.fna_vs_GCF_900177765.1_IMG-taxon_2708742470_annotated_assembly_genomic.fna_blast.xml,0,0,0,0,0,0,0,0,3762434,0,0,0,0,0,0,1938889_subject_array_1739744972.bin
107963,1944,LGO-A4,1944.8,7,https://ftp.ncbi.nlm.nih.gov/genomes/all/GCF/019/219/635/GCF_019219635.1_ASM1921963v1,7,1944.8.fna,GCF_019219635.1_ASM1921963v1_genomic.fna, 7631617, 7631617,1944.8.fna_vs_GCF_019219635.1_ASM1921963v1_genomic.fna_blast.xml,0,0,0,0,0,0,0,406,7631211,0,0,0,0,0,0,1944_subject_array_1739744975.bin
109045,195248,PCC 8807,195248.5,7,https://ftp.ncbi.nlm.nih.gov/genomes/all/GCF/001/693/295/GCF_001693295.1_ASM169329v1,7,195248.5.fna,GCF_001693295.1_ASM169329v1_genomic.fna, 3304088, 3304088,195248.5.fna_vs_GCF_001693295.1_ASM169329v1_genomic.fna_blast.xml,0,0,0,0,0,0,0,0,3304088,0,0,0,0,0,0,195248_subject_array_1739744977.bin
109153,196023,WCHAH045096,196023.43,7,https://ftp.ncbi.nlm.nih.gov/genomes/all/GCF/002/850/695/GCF_002850695.3_ASM285069v3,7,196023.43.fna,GCF_002850695.3_ASM285069v3_genomic.fna, 5365058, 5365058,196023.43.fna_vs_GCF_002850695.3_ASM285069v3_genomic.fna_blast.xml,0,0,0,0,0,0,0,0,5365056,0,0,2,0,0,0,196023_subject_array_1739744979.bin
109301,1962118,1113,1962118.161,7,https://ftp.ncbi.nlm.nih.gov/genomes/all/GCF/900/135/985/GCF_900135985.1_12082_5_79,7,1962118.161.fna,GCF_900135985.1_12082_5_79_genomic.fna, 4720673, 4720673,1962118.161.fna_vs_GCF_900135985.1_12082_5_79_genomic.fna_blast.xml,0,0,0,0,0,0,1,2350,4718304,0,0,2,16,0,0,1962118_subject_array_1739744981.bin
109324,1962118,1168_15,1962118.224,7,https://ftp.ncbi.nlm.nih.gov/genomes/all/GCF/900/138/435/GCF_900138435.1_11893_7_56,7,1962118.224.fna,GCF_900138435.1_11893_7_56_genomic.fna, 5159129, 5159129,1962118.224.fna_vs_GCF_900138435.1_11893_7_56_genomic.fna_blast.xml,0,0,0,1,0,0,0,7596,5151484,0,0,7,39,0,2,1962118_subject_array_1739744983.bin
109328,1962118,1168_19,1962118.228,7,https://ftp.ncbi.nlm.nih.gov/genomes/all/GCF/900/138/475/GCF_900138475.1_11893_7_60,7,1962118.228.fna,GCF_900138475.1_11893_7_60_genomic.fna, 5160780, 5160780,1962118.228.fna_vs_GCF_900138475.1_11893_7_60_genomic.fna_blast.xml,0,0,0,0,0,0,0,6811,5153941,0,0,1,27,0,0,1962118_subject_array_1739744985.bin
109330,1962118,1168_20,1962118.229,7,https://ftp.ncbi.nlm.nih.gov/genomes/all/GCF/900/138/485/GCF_900138485.1_11893_7_68,7,1962118.229.fna,GCF_900138485.1_11893_7_68_genomic.fna, 5160153, 5160153,1962118.229.fna_vs_GCF_900138485.1_11893_7_68_genomic.fna_blast.xml,0,0,0,0,0,0,0,5109,5155042,0,0,2,0,0,0,1962118_subject_array_1739744987.bin
109332,1962118,1168_4,1962118.212,7,https://ftp.ncbi.nlm.nih.gov/genomes/all/GCF/900/138/315/GCF_900138315.1_11893_7_45,7,1962118.212.fna,GCF_900138315.1_11893_7_45_genomic.fna, 5160647, 5160647,1962118.212.fna_vs_GCF_900138315.1_11893_7_45_genomic.fna_blast.xml,0,0,0,0,0,0,2,7192,5153419,0,0,1,33,0,0,1962118_subject_array_1739744990.bin
109366,1962118,177,1962118.17,7,https://ftp.ncbi.nlm.nih.gov/genomes/all/GCF/900/130/535/GCF_900130535.1_10665_3_7,7,1962118.17.fna,GCF_900130535.1_10665_3_7_genomic.fna, 5212511, 5212511,1962118.17.fna_vs_GCF_900130535.1_10665_3_7_genomic.fna_blast.xml,0,0,0,0,0,0,0,0,5212177,0,0,0,334,0,0,1962118_subject_array_1739744992.bin
109368,1962118,179,1962118.24,7,https://ftp.ncbi.nlm.nih.gov/genomes/all/GCF/900/130/675/GCF_900130675.1_10665_3_9,7,1962118.24.fna,GCF_900130675.1_10665_3_9_genomic.fna, 5211889, 5211889,1962118.24.fna_vs_GCF_900130675.1_10665_3_9_genomic.fna_blast.xml,0,0,0,0,0,0,1,0,5211886,0,0,2,0,0,0,1962118_subject_array_1739744994.bin
109371,1962118,184,1962118.20,7,https://ftp.ncbi.nlm.nih.gov/genomes/all/GCF/900/130/585/GCF_900130585.1_10060_8_14,7,1962118.20.fna,GCF_900130585.1_10060_8_14_genomic.fna, 5214095, 5214095,1962118.20.fna_vs_GCF_900130585.1_10060_8_14_genomic.fna_blast.xml,0,0,0,0,0,0,1,0,5214092,0,0,1,1,0,0,1962118_subject_array_1739744996.bin
109389,1962118,236,1962118.41,7,https://ftp.ncbi.nlm.nih.gov/genomes/all/GCF/900/131/205/GCF_900131205.1_10665_3_66,7,1962118.41.fna,GCF_900131205.1_10665_3_66_genomic.fna, 4829434, 4829434,1962118.41.fna_vs_GCF_900131205.1_10665_3_66_genomic.fna_blast.xml,0,0,0,0,0,0,0,0,4829434,0,0,0,0,0,0,1962118_subject_array_1739744998.bin
109401,1962118,260,1962118.63,7,https://ftp.ncbi.nlm.nih.gov/genomes/all/GCF/900/131/735/GCF_900131735.1_10665_4_5,7,1962118.63.fna,GCF_900131735.1_10665_4_5_genomic.fna, 4817757, 4817757,1962118.63.fna_vs_GCF_900131735.1_10665_4_5_genomic.fna_blast.xml,0,0,0,0,0,0,0,0,4817757,0,0,0,0,0,0,1962118_subject_array_1739745000.bin
109404,1962118,274,1962118.49,7,https://ftp.ncbi.nlm.nih.gov/genomes/all/GCF/900/131/405/GCF_900131405.1_10665_4_19,7,1962118.49.fna,GCF_900131405.1_10665_4_19_genomic.fna, 4906540, 4906540,1962118.49.fna_vs_GCF_900131405.1_10665_4_19_genomic.fna_blast.xml,0,0,0,0,0,0,1,0,4906530,0,0,9,0,0,0,1962118_subject_array_1739745002.bin
109405,1962118,275,1962118.58,7,https://ftp.ncbi.nlm.nih.gov/genomes/all/GCF/900/131/635/GCF_900131635.1_10665_4_20,7,1962118.58.fna,GCF_900131635.1_10665_4_20_genomic.fna, 4906467, 4906467,1962118.58.fna_vs_GCF_900131635.1_10665_4_20_genomic.fna_blast.xml,0,0,0,0,0,0,0,0,4906464,0,0,3,0,0,0,1962118_subject_array_1739745004.bin
109415,1962118,300,1962118.71,7,https://ftp.ncbi.nlm.nih.gov/genomes/all/GCF/900/131/995/GCF_900131995.1_10665_4_45,7,1962118.71.fna,GCF_900131995.1_10665_4_45_genomic.fna, 5194402, 5194402,1962118.71.fna_vs_GCF_900131995.1_10665_4_45_genomic.fna_blast.xml,0,0,0,0,0,0,0,0,5194402,0,0,0,0,0,0,1962118_subject_array_1739745006.bin
109510,1962118,795,1962118.309,7,https://ftp.ncbi.nlm.nih.gov/genomes/all/GCF/900/131/815/GCF_900131815.1_11861_7_60,7,1962118.309.fna,GCF_900131815.1_11861_7_60_genomic.fna, 4857535, 4857535,1962118.309.fna_vs_GCF_900131815.1_11861_7_60_genomic.fna_blast.xml,0,0,0,0,0,0,1,5628,4851876,0,0,19,11,0,0,1962118_subject_array_1739745008.bin
109542,1962118,884,1962118.85,7,https://ftp.ncbi.nlm.nih.gov/genomes/all/GCF/900/132/265/GCF_900132265.1_11893_6_46,7,1962118.85.fna,GCF_900132265.1_11893_6_46_genomic.fna, 4845844, 4845844,1962118.85.fna_vs_GCF_900132265.1_11893_6_46_genomic.fna_blast.xml,0,0,0,0,0,0,0,3968,4841869,0,0,0,7,0,0,1962118_subject_array_1739745010.bin
109559,1962118,945,1962118.123,7,https://ftp.ncbi.nlm.nih.gov/genomes/all/GCF/900/133/735/GCF_900133735.1_12163_1_23,7,1962118.123.fna,GCF_900133735.1_12163_1_23_genomic.fna, 5072963, 5072963,1962118.123.fna_vs_GCF_900133735.1_12163_1_23_genomic.fna_blast.xml,0,0,0,0,0,0,0,3649,5069301,0,0,1,12,0,0,1962118_subject_array_1739745012.bin
109564,1962118,958,1962118.136,7,https://ftp.ncbi.nlm.nih.gov/genomes/all/GCF/900/134/445/GCF_900134445.1_12163_1_34,7,1962118.136.fna,GCF_900134445.1_12163_1_34_genomic.fna, 4868918, 4868918,1962118.136.fna_vs_GCF_900134445.1_12163_1_34_genomic.fna_blast.xml,0,0,0,0,0,0,0,5034,4863875,0,0,5,4,0,0,1962118_subject_array_1739745014.bin
109639,1962118,T6502,1962118.453,7,https://ftp.ncbi.nlm.nih.gov/genomes/all/GCF/030/515/295/GCF_030515295.1_ASM3051529v1,7,1962118.453.fna,GCF_030515295.1_ASM3051529v1_genomic.fna, 5118299, 5118299,1962118.453.fna_vs_GCF_030515295.1_ASM3051529v1_genomic.fna_blast.xml,0,0,0,0,0,0,0,0,5118299,0,0,0,0,0,0,1962118_subject_array_1739745016.bin
109654,1962118,aerosol_18,1962118.240,7,https://ftp.ncbi.nlm.nih.gov/genomes/all/GCF/900/138/615/GCF_900138615.1_20034_1_15,7,1962118.240.fna,GCF_900138615.1_20034_1_15_genomic.fna, 4827541, 4827541,1962118.240.fna_vs_GCF_900138615.1_20034_1_15_genomic.fna_blast.xml,0,0,0,0,0,0,0,766,4826775,0,0,0,0,0,0,1962118_subject_array_1739745018.bin
109661,1962118,aerosol_6,1962118.247,7,https://ftp.ncbi.nlm.nih.gov/genomes/all/GCF/900/138/685/GCF_900138685.1_20034_1_5,7,1962118.247.fna,GCF_900138685.1_20034_1_5_genomic.fna, 4826600, 4826600,1962118.247.fna_vs_GCF_900138685.1_20034_1_5_genomic.fna_blast.xml,0,0,0,0,0,0,0,721,4825874,0,1,4,0,0,0,1962118_subject_array_1739745020.bin
109667,1962118,aerosol_Sputum_2,1962118.242,7,https://ftp.ncbi.nlm.nih.gov/genomes/all/GCF/900/138/635/GCF_900138635.1_20034_1_20,7,1962118.242.fna,GCF_900138635.1_20034_1_20_genomic.fna, 4826357, 4826357,1962118.242.fna_vs_GCF_900138635.1_20034_1_20_genomic.fna_blast.xml,0,0,0,0,0,0,1,1100,4825255,0,0,1,0,0,0,1962118_subject_array_1739745022.bin
112910,198483,18KM1742,198483.4,7,https://ftp.ncbi.nlm.nih.gov/genomes/all/GCF/022/343/705/GCF_022343705.1_ASM2234370v1,7,198483.4.fna,GCF_022343705.1_ASM2234370v1_genomic.fna, 2226771, 2226771,198483.4.fna_vs_GCF_022343705.1_ASM2234370v1_genomic.fna_blast.xml,0,0,0,0,0,0,0,0,2226771,0,0,0,0,0,0,198483_subject_array_1739745023.bin
112916,1985170,IBVHS2,1985170.3,7,https://ftp.ncbi.nlm.nih.gov/genomes/all/GCF/002/127/215/GCF_002127215.1_ASM212721v1,7,1985170.3.fna,GCF_002127215.1_ASM212721v1_genomic.fna, 3171179, 3171179,1985170.3.fna_vs_GCF_002127215.1_ASM212721v1_genomic.fna_blast.xml,0,0,0,0,0,0,0,5864,3165315,0,0,0,0,0,0,1985170_subject_array_1739745024.bin
112991,1987504,Marseille-P3923,1987504.3,7,https://ftp.ncbi.nlm.nih.gov/genomes/all/GCF/900/184/685/GCF_900184685.1_PRJEB20857,7,1987504.3.fna,GCF_900184685.1_PRJEB20857_genomic.fna, 5300003, 5300003,1987504.3.fna_vs_GCF_900184685.1_PRJEB20857_genomic.fna_blast.xml,0,0,0,0,0,0,0,0,5299996,0,7,0,0,0,0,1987504_subject_array_1739745026.bin
113224,199592,F6_8S_P_3A,199592.50,7,https://ftp.ncbi.nlm.nih.gov/genomes/all/GCF/032/367/515/GCF_032367515.1_ASM3236751v1,7,199592.50.fna,GCF_032367515.1_ASM3236751v1_genomic.fna, 3464849, 3464849,199592.50.fna_vs_GCF_032367515.1_ASM3236751v1_genomic.fna_blast.xml,0,0,0,0,0,0,0,0,3464849,0,0,0,0,0,0,199592_subject_array_1739745028.bin
113433,2009266,HK-II,2009266.3,7,https://ftp.ncbi.nlm.nih.gov/genomes/all/GCF/003/402/415/GCF_003402415.1_ASM340241v1,7,2009266.3.fna,GCF_003402415.1_ASM340241v1_genomic.fna, 3916380, 3916380,2009266.3.fna_vs_GCF_003402415.1_ASM340241v1_genomic.fna_blast.xml,0,0,0,0,0,0,0,0,3916380,0,0,0,0,0,0,2009266_subject_array_1739745029.bin
113435,2009329,P11,2009329.28,7,https://ftp.ncbi.nlm.nih.gov/genomes/all/GCF/002/814/095/GCF_002814095.1_ASM281409v1,7,2009329.28.fna,GCF_002814095.1_ASM281409v1_genomic.fna, 5576178, 5576178,2009329.28.fna_vs_GCF_002814095.1_ASM281409v1_genomic.fna_blast.xml,0,0,0,0,0,0,0,0,5576178,0,0,0,0,0,0,2009329_subject_array_1739745031.bin
113658,2015515,FBKL.4005,2015515.3,7,https://ftp.ncbi.nlm.nih.gov/genomes/all/GCF/002/251/155/GCF_002251155.1_ASM225115v1,7,2015515.3.fna,GCF_002251155.1_ASM225115v1_genomic.fna, 9441858, 9441858,2015515.3.fna_vs_GCF_002251155.1_ASM225115v1_genomic.fna_blast.xml,0,0,0,0,0,0,0,0,9441858,0,0,0,0,0,0,2015515_subject_array_1739745036.bin
114170,2026186,IBL00004,2026186.120,7,https://ftp.ncbi.nlm.nih.gov/genomes/all/GCF/024/712/785/GCF_024712785.1_ASM2471278v1,7,2026186.120.fna,GCF_024712785.1_ASM2471278v1_genomic.fna, 5376497, 5376497,2026186.120.fna_vs_GCF_024712785.1_ASM2471278v1_genomic.fna_blast.xml,0,0,0,0,0,0,0,0,5376497,0,0,0,0,0,0,2026186_subject_array_1739745038.bin
114236,2026186,Sample32,2026186.362,7,https://ftp.ncbi.nlm.nih.gov/genomes/all/GCF/036/851/515/GCF_036851515.1_ASM3685151v1,7,2026186.362.fna,GCF_036851515.1_ASM3685151v1_genomic.fna, 5830278, 5830278,2026186.362.fna_vs_GCF_036851515.1_ASM3685151v1_genomic.fna_blast.xml,0,0,0,0,0,0,0,0,5830278,0,0,0,0,0,0,2026186_subject_array_1739745041.bin
114237,2026186,Sample36,2026186.363,7,https://ftp.ncbi.nlm.nih.gov/genomes/all/GCF/036/851/455/GCF_036851455.1_ASM3685145v1,7,2026186.363.fna,GCF_036851455.1_ASM3685145v1_genomic.fna, 5710484, 5710484,2026186.363.fna_vs_GCF_036851455.1_ASM3685145v1_genomic.fna_blast.xml,0,0,0,0,0,0,0,0,5710484,0,0,0,0,0,0,2026186_subject_array_1739745043.bin
114239,2026186,Sample41,2026186.340,7,https://ftp.ncbi.nlm.nih.gov/genomes/all/GCF/036/851/435/GCF_036851435.1_ASM3685143v1,7,2026186.340.fna,GCF_036851435.1_ASM3685143v1_genomic.fna, 5874227, 5874227,2026186.340.fna_vs_GCF_036851435.1_ASM3685143v1_genomic.fna_blast.xml,0,0,0,0,0,0,0,0,5874227,0,0,0,0,0,0,2026186_subject_array_1739745046.bin
114245,2026186,Sample66,2026186.345,7,https://ftp.ncbi.nlm.nih.gov/genomes/all/GCF/036/851/255/GCF_036851255.1_ASM3685125v1,7,2026186.345.fna,GCF_036851255.1_ASM3685125v1_genomic.fna, 5956345, 5956345,2026186.345.fna_vs_GCF_036851255.1_ASM3685125v1_genomic.fna_blast.xml,0,0,0,0,0,0,0,0,5956345,0,0,0,0,0,0,2026186_subject_array_1739745048.bin
114612,2029103,CGMCC 1.16012,2029103.7,7,https://ftp.ncbi.nlm.nih.gov/genomes/all/GCF/014/644/355/GCF_014644355.1_ASM1464435v1,7,2029103.7.fna,GCF_014644355.1_ASM1464435v1_genomic.fna, 3468018, 3468018,2029103.7.fna_vs_GCF_014644355.1_ASM1464435v1_genomic.fna_blast.xml,0,0,0,0,0,0,0,0,3468018,0,0,0,0,0,0,2029103_subject_array_1739745050.bin
114613,2029103,JN33,2029103.3,7,https://ftp.ncbi.nlm.nih.gov/genomes/all/GCF/002/285/415/GCF_002285415.1_ASM228541v1,7,2029103.3.fna,GCF_002285415.1_ASM228541v1_genomic.fna, 3494482, 3494482,2029103.3.fna_vs_GCF_002285415.1_ASM228541v1_genomic.fna_blast.xml,0,0,0,0,0,0,0,430,3494052,0,0,0,0,0,0,2029103_subject_array_1739745051.bin
114962,2038470,G3/2742-324,2038470.3,7,https://ftp.ncbi.nlm.nih.gov/genomes/all/GCF/002/817/655/GCF_002817655.1_ASM281765v1,7,2038470.3.fna,GCF_002817655.1_ASM281765v1_genomic.fna, 1203974, 1203974,2038470.3.fna_vs_GCF_002817655.1_ASM281765v1_genomic.fna_blast.xml,0,0,0,0,0,0,0,0,1203974,0,0,0,0,0,0,2038470_subject_array_1739745052.bin
114971,2039287,TMW2.1885,2039287.4,7,https://ftp.ncbi.nlm.nih.gov/genomes/all/GCF/023/219/035/GCF_023219035.1_ASM2321903v1,7,2039287.4.fna,GCF_023219035.1_ASM2321903v1_genomic.fna, 1974868, 1974868,2039287.4.fna_vs_GCF_023219035.1_ASM2321903v1_genomic.fna_blast.xml,0,0,0,0,0,0,0,0,1974868,0,0,0,0,0,0,2039287_subject_array_1739745052.bin
114972,2039289,TMW2.1890,2039289.4,7,https://ftp.ncbi.nlm.nih.gov/genomes/all/GCF/023/337/645/GCF_023337645.1_ASM2333764v1,7,2039289.4.fna,GCF_023337645.1_ASM2333764v1_genomic.fna, 2015865, 2015865,2039289.4.fna_vs_GCF_023337645.1_ASM2333764v1_genomic.fna_blast.xml,0,0,0,0,0,0,0,0,2015865,0,0,0,0,0,0,2039289_subject_array_1739745053.bin
115048,204039,DDI_16NJ11,204039.112,7,https://ftp.ncbi.nlm.nih.gov/genomes/all/GCF/018/596/245/GCF_018596245.1_ASM1859624v1,7,204039.112.fna,GCF_018596245.1_ASM1859624v1_genomic.fna, 4813906, 4813906,204039.112.fna_vs_GCF_018596245.1_ASM1859624v1_genomic.fna_blast.xml,0,0,0,0,0,0,0,0,4813906,0,0,0,0,0,0,204039_subject_array_1739745055.bin
115107,2040573,CGMCC 1.15447,2040573.3,7,https://ftp.ncbi.nlm.nih.gov/genomes/all/GCF/014/642/855/GCF_014642855.1_ASM1464285v1,7,2040573.3.fna,GCF_014642855.1_ASM1464285v1_genomic.fna, 4196269, 4196269,2040573.3.fna_vs_GCF_014642855.1_ASM1464285v1_genomic.fna_blast.xml,0,0,0,0,0,0,0,0,4196269,0,0,0,0,0,0,2040573_subject_array_1739745057.bin
115157,2042057,CM22112,2042057.86,7,https://ftp.ncbi.nlm.nih.gov/genomes/all/GCF/029/075/715/GCF_029075715.1_ASM2907571v1,7,2042057.86.fna,GCF_029075715.1_ASM2907571v1_genomic.fna, 5223707, 5223707,2042057.86.fna_vs_GCF_029075715.1_ASM2907571v1_genomic.fna_blast.xml,0,0,0,0,0,0,0,122,5223585,0,0,0,0,0,0,2042057_subject_array_1739745059.bin
115309,2045201,BRM28,2045201.3,7,https://ftp.ncbi.nlm.nih.gov/genomes/all/GCF/002/939/405/GCF_002939405.1_ASM293940v1,7,2045201.3.fna,GCF_002939405.1_ASM293940v1_genomic.fna, 5913720, 5913720,2045201.3.fna_vs_GCF_002939405.1_ASM293940v1_genomic.fna_blast.xml,0,0,0,0,0,0,0,810,5912905,0,0,0,5,0,0,2045201_subject_array_1739745062.bin
115319,2045214,M15,2045214.3,7,https://ftp.ncbi.nlm.nih.gov/genomes/all/GCF/002/803/515/GCF_002803515.1_ASM280351v1,7,2045214.3.fna,GCF_002803515.1_ASM280351v1_genomic.fna, 4871419, 4871419,2045214.3.fna_vs_GCF_002803515.1_ASM280351v1_genomic.fna_blast.xml,0,0,0,0,0,0,0,0,4871419,0,0,0,0,0,0,2045214_subject_array_1739745065.bin
115365,204627,NARMHE1,204627.3,7,https://ftp.ncbi.nlm.nih.gov/genomes/all/GCF/023/651/715/GCF_023651715.1_ASM2365171v1,7,204627.3.fna,GCF_023651715.1_ASM2365171v1_genomic.fna,  180307,  180307,204627.3.fna_vs_GCF_023651715.1_ASM2365171v1_genomic.fna_blast.xml,0,0,0,0,0,0,0,1956,178305,0,0,3,41,0,2,204627_subject_array_1739745065.bin
115553,2052,NCTC11497,2052.10,7,https://ftp.ncbi.nlm.nih.gov/genomes/all/GCF/900/453/275/GCF_900453275.1_57792_B02,7,2052.10.fna,GCF_900453275.1_57792_B02_genomic.fna, 2661365, 2661365,2052.10.fna_vs_GCF_900453275.1_57792_B02_genomic.fna_blast.xml,0,0,0,0,0,0,0,0,2661364,0,0,1,0,0,0,2052_subject_array_1739745067.bin
115594,2053187,15182,2053187.3,7,https://ftp.ncbi.nlm.nih.gov/genomes/all/GCF/002/834/295/GCF_002834295.1_ASM283429v1,7,2053187.3.fna,GCF_002834295.1_ASM283429v1_genomic.fna, 3597295, 3597295,2053187.3.fna_vs_GCF_002834295.1_ASM283429v1_genomic.fna_blast.xml,0,0,0,0,0,0,0,0,3597295,0,0,0,0,0,0,2053187_subject_array_1739745068.bin
115615,2053470,MU1405,2053470.3,7,https://ftp.ncbi.nlm.nih.gov/genomes/all/GCF/019/325/005/GCF_019325005.1_ASM1932500v1,7,2053470.3.fna,GCF_019325005.1_ASM1932500v1_genomic.fna, 1665155, 1665155,2053470.3.fna_vs_GCF_019325005.1_ASM1932500v1_genomic.fna_blast.xml,0,0,0,0,0,0,0,0,1665155,0,0,0,0,0,0,2053470_subject_array_1739745069.bin
115718,2055943,BS55D,2055943.3,7,https://ftp.ncbi.nlm.nih.gov/genomes/all/GCF/004/332/415/GCF_004332415.1_ASM433241v1,7,2055943.3.fna,GCF_004332415.1_ASM433241v1_genomic.fna, 2235215, 2235215,2055943.3.fna_vs_GCF_004332415.1_ASM433241v1_genomic.fna_blast.xml,0,0,0,0,0,0,0,0,2235215,0,0,0,0,0,0,2055943_subject_array_1739745069.bin
115911,2058152,RHBSTW-00039,2058152.30,7,https://ftp.ncbi.nlm.nih.gov/genomes/all/GCF/013/635/015/GCF_013635015.1_ASM1363501v1,7,2058152.30.fna,GCF_013635015.1_ASM1363501v1_genomic.fna, 6400152, 6400152,2058152.30.fna_vs_GCF_013635015.1_ASM1363501v1_genomic.fna_blast.xml,0,0,0,0,0,0,0,0,6400152,0,0,0,0,0,0,2058152_subject_array_1739745072.bin
116516,2080288,2b14,2080288.3,7,https://ftp.ncbi.nlm.nih.gov/genomes/all/GCF/003/284/895/GCF_003284895.1_ASM328489v1,7,2080288.3.fna,GCF_003284895.1_ASM328489v1_genomic.fna, 3773432, 3773432,2080288.3.fna_vs_GCF_003284895.1_ASM328489v1_genomic.fna_blast.xml,0,0,0,0,0,0,0,0,3773432,0,0,0,0,0,0,2080288_subject_array_1739745074.bin
116812,208224,BT722,208224.377,7,https://ftp.ncbi.nlm.nih.gov/genomes/all/GCF/024/623/675/GCF_024623675.1_ASM2462367v1,7,208224.377.fna,GCF_024623675.1_ASM2462367v1_genomic.fna, 5307590, 5307590,208224.377.fna_vs_GCF_024623675.1_ASM2462367v1_genomic.fna_blast.xml,0,0,0,0,0,0,0,0,5307590,0,0,0,0,0,0,208224_subject_array_1739745076.bin
116846,208224,EB_P8_L5_01.19,208224.78,7,https://ftp.ncbi.nlm.nih.gov/genomes/all/GCF/008/365/235/GCF_008365235.1_ASM836523v1,7,208224.78.fna,GCF_008365235.1_ASM836523v1_genomic.fna, 5197300, 5197300,208224.78.fna_vs_GCF_008365235.1_ASM836523v1_genomic.fna_blast.xml,0,0,0,0,0,0,0,0,5197300,0,0,0,0,0,0,208224_subject_array_1739745079.bin
116921,208224,IB2020,208224.123,7,https://ftp.ncbi.nlm.nih.gov/genomes/all/GCF/014/041/955/GCF_014041955.1_ASM1404195v1,7,208224.123.fna,GCF_014041955.1_ASM1404195v1_genomic.fna, 5419765, 5419765,208224.123.fna_vs_GCF_014041955.1_ASM1404195v1_genomic.fna_blast.xml,0,0,0,0,0,0,0,0,5419765,0,0,0,0,0,0,208224_subject_array_1739745081.bin
116946,208224,NN-MR773,208224.373,7,https://ftp.ncbi.nlm.nih.gov/genomes/all/GCF/024/451/375/GCF_024451375.1_ASM2445137v1,7,208224.373.fna,GCF_024451375.1_ASM2445137v1_genomic.fna, 5147731, 5147731,208224.373.fna_vs_GCF_024451375.1_ASM2445137v1_genomic.fna_blast.xml,0,0,0,0,0,0,0,0,5147731,0,0,0,0,0,0,208224_subject_array_1739745084.bin
116966,208224,STW0522-51,208224.145,7,https://ftp.ncbi.nlm.nih.gov/genomes/all/GCF/015/135/595/GCF_015135595.1_ASM1513559v1,7,208224.145.fna,GCF_015135595.1_ASM1513559v1_genomic.fna, 5163318, 5163318,208224.145.fna_vs_GCF_015135595.1_ASM1513559v1_genomic.fna_blast.xml,0,0,0,0,0,0,0,0,5163318,0,0,0,0,0,0,208224_subject_array_1739745086.bin
117117,208962,2014C-4356,208962.53,7,https://ftp.ncbi.nlm.nih.gov/genomes/all/GCF/002/741/375/GCF_002741375.1_ASM274137v1,7,208962.53.fna,GCF_002741375.1_ASM274137v1_genomic.fna, 5336845, 5336845,208962.53.fna_vs_GCF_002741375.1_ASM274137v1_genomic.fna_blast.xml,0,0,0,0,0,0,0,0,5336845,0,0,0,0,0,0,208962_subject_array_1739745089.bin
117465,2097,84535,2097.65,7,https://ftp.ncbi.nlm.nih.gov/genomes/all/GCF/036/689/745/GCF_036689745.1_ASM3668974v1,7,2097.65.fna,GCF_036689745.1_ASM3668974v1_genomic.fna,  573037,  573037,2097.65.fna_vs_GCF_036689745.1_ASM3668974v1_genomic.fna_blast.xml,0,0,0,0,0,0,0,0,573036,0,0,1,0,0,0,2097_subject_array_1739745089.bin
117486,2098,MH05-14,2098.97,7,https://ftp.ncbi.nlm.nih.gov/genomes/all/GCF/016/809/785/GCF_016809785.1_ASM1680978v1,7,2098.97.fna,GCF_016809785.1_ASM1680978v1_genomic.fna,  672711,  672711,2098.97.fna_vs_GCF_016809785.1_ASM1680978v1_genomic.fna_blast.xml,0,0,0,0,0,0,0,0,672711,0,0,0,0,0,0,2098_subject_array_1739745089.bin
117548,2099387,PCC 7910,2099387.3,7,https://ftp.ncbi.nlm.nih.gov/genomes/all/GCF/011/769/525/GCF_011769525.1_ASM1176952v1,7,2099387.3.fna,GCF_011769525.1_ASM1176952v1_genomic.fna, 8761534, 8761534,2099387.3.fna_vs_GCF_011769525.1_ASM1176952v1_genomic.fna_blast.xml,0,0,0,0,0,0,0,0,8761534,0,0,0,0,0,0,2099387_subject_array_1739745094.bin
120071,2116702,IPPAS B-1465,2116702.3,7,https://ftp.ncbi.nlm.nih.gov/genomes/all/GCF/003/015/225/GCF_003015225.1_ASM301522v1,7,2116702.3.fna,GCF_003015225.1_ASM301522v1_genomic.fna, 3950993, 3950993,2116702.3.fna_vs_GCF_003015225.1_ASM301522v1_genomic.fna_blast.xml,0,0,0,0,0,0,0,0,3950993,0,0,0,0,0,0,2116702_subject_array_1739745096.bin
120076,211880,782,211880.31,7,https://ftp.ncbi.nlm.nih.gov/genomes/all/GCF/014/858/915/GCF_014858915.1_ASM1485891v1,7,211880.31.fna,GCF_014858915.1_ASM1485891v1_genomic.fna, 5308174, 5308174,211880.31.fna_vs_GCF_014858915.1_ASM1485891v1_genomic.fna_blast.xml,0,0,0,0,0,0,0,0,5308174,0,0,0,0,0,0,211880_subject_array_1739745101.bin
120131,2124,ATCC 14277,2124.7,7,https://ftp.ncbi.nlm.nih.gov/genomes/all/GCF/021/600/285/GCF_021600285.1_ASM2160028v1,7,2124.7.fna,GCF_021600285.1_ASM2160028v1_genomic.fna,  718941,  718941,2124.7.fna_vs_GCF_021600285.1_ASM2160028v1_genomic.fna_blast.xml,0,0,0,0,0,0,0,0,718941,0,0,0,0,0,0,2124_subject_array_1739745101.bin
120174,212667,S7-72,212667.16,7,https://ftp.ncbi.nlm.nih.gov/genomes/all/GCF/008/756/975/GCF_008756975.1_ASM875697v1,7,212667.16.fna,GCF_008756975.1_ASM875697v1_genomic.fna, 5531351, 5531351,212667.16.fna_vs_GCF_008756975.1_ASM875697v1_genomic.fna_blast.xml,0,0,0,0,0,0,0,0,5531351,0,0,0,0,0,0,212667_subject_array_1739745104.bin
120360,2135793,WD6-1,2135793.3,7,https://ftp.ncbi.nlm.nih.gov/genomes/all/GCF/003/122/085/GCF_003122085.1_ASM312208v1,7,2135793.3.fna,GCF_003122085.1_ASM312208v1_genomic.fna, 2887656, 2887656,2135793.3.fna_vs_GCF_003122085.1_ASM312208v1_genomic.fna_blast.xml,0,0,0,0,0,0,0,0,2887656,0,0,0,0,0,0,2135793_subject_array_1739745105.bin
120439,214473,Dog109,214473.48,7,https://ftp.ncbi.nlm.nih.gov/genomes/all/GCF/034/030/455/GCF_034030455.1_ASM3403045v1,7,214473.48.fna,GCF_034030455.1_ASM3403045v1_genomic.fna, 2944074, 2944074,214473.48.fna_vs_GCF_034030455.1_ASM3403045v1_genomic.fna_blast.xml,0,0,0,0,0,0,0,0,2944074,0,0,0,0,0,0,214473_subject_array_1739745106.bin
120565,215813,DFL-36,215813.8,7,https://ftp.ncbi.nlm.nih.gov/genomes/all/GCF/023/558/355/GCF_023558355.1_ASM2355835v1,7,215813.8.fna,GCF_023558355.1_ASM2355835v1_genomic.fna, 4526465, 4526465,215813.8.fna_vs_GCF_023558355.1_ASM2355835v1_genomic.fna_blast.xml,0,0,0,0,0,0,0,0,4526465,0,0,0,0,0,0,215813_subject_array_1739745108.bin
120567,215813,DSM 112351,215813.7,7,https://ftp.ncbi.nlm.nih.gov/genomes/all/GCF/023/558/335/GCF_023558335.1_ASM2355833v1,7,215813.7.fna,GCF_023558335.1_ASM2355833v1_genomic.fna, 4519927, 4519927,215813.7.fna_vs_GCF_023558335.1_ASM2355833v1_genomic.fna_blast.xml,0,0,0,0,0,0,0,0,4519927,0,0,0,0,0,0,215813_subject_array_1739745110.bin
120583,2161814,Marseille-P4301,2161814.3,7,https://ftp.ncbi.nlm.nih.gov/genomes/all/GCF/900/343/155/GCF_900343155.1_PRJEB25878,7,2161814.3.fna,GCF_900343155.1_PRJEB25878_genomic.fna, 2457574, 2457574,2161814.3.fna_vs_GCF_900343155.1_PRJEB25878_genomic.fna_blast.xml,0,0,0,0,0,0,0,0,2457574,0,0,0,0,0,0,2161814_subject_array_1739745111.bin
120655,216596,3841,216596.11,7,https://ftp.ncbi.nlm.nih.gov/genomes/all/GCF/000/009/265/GCF_000009265.1_ASM926v1,7,216596.11.fna,GCF_000009265.1_ASM926v1_genomic.fna, 7751309, 7751309,216596.11.fna_vs_GCF_000009265.1_ASM926v1_genomic.fna_blast.xml,0,0,0,0,0,0,0,0,7751308,0,0,1,0,0,0,216596_subject_array_1739745114.bin
121037,216816,YGMCC0581,216816.3072,7,https://ftp.ncbi.nlm.nih.gov/genomes/all/GCF/033/659/065/GCF_033659065.1_ASM3365906v1,7,216816.3072.fna,GCF_033659065.1_ASM3365906v1_genomic.fna, 2306591, 2306591,216816.3072.fna_vs_GCF_033659065.1_ASM3365906v1_genomic.fna_blast.xml,0,0,0,0,0,0,0,478,2306113,0,0,0,0,0,0,216816_subject_array_1739745116.bin
121048,216816,YGMCC0718,216816.3084,7,https://ftp.ncbi.nlm.nih.gov/genomes/all/GCF/033/659/345/GCF_033659345.1_ASM3365934v1,7,216816.3084.fna,GCF_033659345.1_ASM3365934v1_genomic.fna, 2306591, 2306591,216816.3084.fna_vs_GCF_033659345.1_ASM3365934v1_genomic.fna_blast.xml,0,0,0,0,0,0,0,478,2306113,0,0,0,0,0,0,216816_subject_array_1739745117.bin
121204,2173174,WB94,2173174.3,7,https://ftp.ncbi.nlm.nih.gov/genomes/all/GCF/003/115/775/GCF_003115775.1_ASM311577v1,7,2173174.3.fna,GCF_003115775.1_ASM311577v1_genomic.fna, 3868980, 3868980,2173174.3.fna_vs_GCF_003115775.1_ASM311577v1_genomic.fna_blast.xml,0,0,0,0,0,0,0,0,3868980,0,0,0,0,0,0,2173174_subject_array_1739745118.bin
121717,2213228,XMU1408,2213228.3,7,https://ftp.ncbi.nlm.nih.gov/genomes/all/GCF/003/208/055/GCF_003208055.1_ASM320805v1,7,2213228.3.fna,GCF_003208055.1_ASM320805v1_genomic.fna, 1795147, 1795147,2213228.3.fna_vs_GCF_003208055.1_ASM320805v1_genomic.fna_blast.xml,0,0,0,0,0,0,0,0,1795147,0,0,0,0,0,0,2213228_subject_array_1739745119.bin
121791,221822,P70,221822.21,7,https://ftp.ncbi.nlm.nih.gov/genomes/all/GCF/002/892/125/GCF_002892125.1_ASM289212v1,7,221822.21.fna,GCF_002892125.1_ASM289212v1_genomic.fna, 4479933, 4479933,221822.21.fna_vs_GCF_002892125.1_ASM289212v1_genomic.fna_blast.xml,0,0,0,0,0,0,0,0,4479933,0,0,0,0,0,0,221822_subject_array_1739745122.bin
121793,221822,P74,221822.18,7,https://ftp.ncbi.nlm.nih.gov/genomes/all/GCF/002/892/045/GCF_002892045.1_ASM289204v1,7,221822.18.fna,GCF_002892045.1_ASM289204v1_genomic.fna, 4481611, 4481611,221822.18.fna_vs_GCF_002892045.1_ASM289204v1_genomic.fna_blast.xml,0,0,0,0,0,0,0,0,4481611,0,0,0,0,0,0,221822_subject_array_1739745124.bin
121794,221822,P78,221822.14,7,https://ftp.ncbi.nlm.nih.gov/genomes/all/GCF/002/891/965/GCF_002891965.1_ASM289196v1,7,221822.14.fna,GCF_002891965.1_ASM289196v1_genomic.fna, 4268701, 4268701,221822.14.fna_vs_GCF_002891965.1_ASM289196v1_genomic.fna_blast.xml,0,0,0,0,0,0,0,0,4268701,0,0,0,0,0,0,221822_subject_array_1739745126.bin
121798,221822,P92,221822.17,7,https://ftp.ncbi.nlm.nih.gov/genomes/all/GCF/002/892/025/GCF_002892025.1_ASM289202v1,7,221822.17.fna,GCF_002892025.1_ASM289202v1_genomic.fna, 4479935, 4479935,221822.17.fna_vs_GCF_002892025.1_ASM289202v1_genomic.fna_blast.xml,0,0,0,0,0,0,0,0,4479935,0,0,0,0,0,0,221822_subject_array_1739745128.bin
121984,223967,AR1.6/2,223967.40,7,https://ftp.ncbi.nlm.nih.gov/genomes/all/GCF/036/441/195/GCF_036441195.1_AR1.6_2_Medusa,7,223967.40.fna,GCF_036441195.1_AR1.6_2_Medusa_genomic.fna, 5199058, 5199058,223967.40.fna_vs_GCF_036441195.1_AR1.6_2_Medusa_genomic.fna_blast.xml,0,0,0,0,0,0,0,47,5199011,0,0,0,0,0,0,223967_subject_array_1739745131.bin
121987,223967,NJH_HI03-1,223967.43,7,https://ftp.ncbi.nlm.nih.gov/genomes/all/GCF/039/645/165/GCF_039645165.1_ASM3964516v1,7,223967.43.fna,GCF_039645165.1_ASM3964516v1_genomic.fna, 6229988, 6229988,223967.43.fna_vs_GCF_039645165.1_ASM3964516v1_genomic.fna_blast.xml,0,0,0,0,0,0,0,0,6229988,0,0,0,0,0,0,223967_subject_array_1739745134.bin
122132,2259595,HYN0085,2259595.3,7,https://ftp.ncbi.nlm.nih.gov/genomes/all/GCF/003/325/355/GCF_003325355.1_ASM332535v1,7,2259595.3.fna,GCF_003325355.1_ASM332535v1_genomic.fna, 7162093, 7162093,2259595.3.fna_vs_GCF_003325355.1_ASM332535v1_genomic.fna_blast.xml,0,0,0,0,0,0,0,0,7162093,0,0,0,0,0,0,2259595_subject_array_1739745138.bin
122237,2267836,TMW 2.1891,2267836.4,7,https://ftp.ncbi.nlm.nih.gov/genomes/all/GCF/023/337/675/GCF_023337675.1_ASM2333767v1,7,2267836.4.fna,GCF_023337675.1_ASM2333767v1_genomic.fna, 2013594, 2013594,2267836.4.fna_vs_GCF_023337675.1_ASM2333767v1_genomic.fna_blast.xml,0,0,0,0,0,0,0,0,2013594,0,0,0,0,0,0,2267836_subject_array_1739745139.bin
122375,2283143,ZM,2283143.3,7,https://ftp.ncbi.nlm.nih.gov/genomes/all/GCF/003/344/375/GCF_003344375.1_ASM334437v1,7,2283143.3.fna,GCF_003344375.1_ASM334437v1_genomic.fna, 2661000, 2661000,2283143.3.fna_vs_GCF_003344375.1_ASM334437v1_genomic.fna_blast.xml,0,0,0,0,0,0,1,4379,2629084,0,1,2,27533,0,0,2283143_subject_array_1739745141.bin
122713,2293005,AF23-6LB,2293005.3,7,https://ftp.ncbi.nlm.nih.gov/genomes/all/GCF/003/461/085/GCF_003461085.1_ASM346108v1,7,2293005.3.fna,GCF_003461085.1_ASM346108v1_genomic.fna, 2889150, 2889150,2293005.3.fna_vs_GCF_003461085.1_ASM346108v1_genomic.fna_blast.xml,0,0,0,0,0,0,0,0,2889150,0,0,0,0,0,0,2293005_subject_array_1739745143.bin
122813,2293254,zong2l5,2293254.3,7,https://ftp.ncbi.nlm.nih.gov/genomes/all/GCF/003/382/365/GCF_003382365.1_ASM338236v1,7,2293254.3.fna,GCF_003382365.1_ASM338236v1_genomic.fna, 4536546, 4536546,2293254.3.fna_vs_GCF_003382365.1_ASM338236v1_genomic.fna_blast.xml,0,0,0,0,0,0,0,0,4536546,0,0,0,0,0,0,2293254_subject_array_1739745148.bin
123003,2306976,2036B,2306976.3,7,https://ftp.ncbi.nlm.nih.gov/genomes/all/GCF/003/951/975/GCF_003951975.1_ASM395197v1,7,2306976.3.fna,GCF_003951975.1_ASM395197v1_genomic.fna, 1921709, 1921709,2306976.3.fna_vs_GCF_003951975.1_ASM395197v1_genomic.fna_blast.xml,0,0,0,0,0,0,0,0,1921709,0,0,0,0,0,0,2306976_subject_array_1739745149.bin
123050,2316025,KCTC 15684,2316025.3,7,https://ftp.ncbi.nlm.nih.gov/genomes/all/GCF/003/574/295/GCF_003574295.1_ASM357429v1,7,2316025.3.fna,GCF_003574295.1_ASM357429v1_genomic.fna, 3034489, 3034489,2316025.3.fna_vs_GCF_003574295.1_ASM357429v1_genomic.fna_blast.xml,0,0,0,0,0,0,0,0,3034489,0,0,0,0,0,0,2316025_subject_array_1739745151.bin
123486,2364796,Marseille-P6503,2364796.3,7,https://ftp.ncbi.nlm.nih.gov/genomes/all/GCF/900/604/945/GCF_900604945.1_PRJEB28800,7,2364796.3.fna,GCF_900604945.1_PRJEB28800_genomic.fna, 2642213, 2642213,2364796.3.fna_vs_GCF_900604945.1_PRJEB28800_genomic.fna_blast.xml,0,0,0,0,0,0,1,0,2642212,0,0,0,0,0,0,2364796_subject_array_1739745153.bin
123830,239935,GP22,239935.65,7,https://ftp.ncbi.nlm.nih.gov/genomes/all/GCF/002/884/975/GCF_002884975.1_ASM288497v1,7,239935.65.fna,GCF_002884975.1_ASM288497v1_genomic.fna, 2902150, 2902150,239935.65.fna_vs_GCF_002884975.1_ASM288497v1_genomic.fna_blast.xml,0,0,0,0,0,0,0,0,2902150,0,0,0,0,0,0,239935_subject_array_1739745155.bin
124381,244366,2022CK-00567,244366.1069,7,https://ftp.ncbi.nlm.nih.gov/genomes/all/GCF/026/069/065/GCF_026069065.1_ASM2606906v2,7,244366.1069.fna,GCF_026069065.1_ASM2606906v2_genomic.fna, 6014465, 6014465,244366.1069.fna_vs_GCF_026069065.1_ASM2606906v2_genomic.fna_blast.xml,0,0,0,0,0,0,0,0,6014465,0,0,0,0,0,0,244366_subject_array_1739745159.bin
124788,244366,LH53-b-1,244366.940,7,https://ftp.ncbi.nlm.nih.gov/genomes/all/GCF/024/198/405/GCF_024198405.1_ASM2419840v1,7,244366.940.fna,GCF_024198405.1_ASM2419840v1_genomic.fna, 5900530, 5900530,244366.940.fna_vs_GCF_024198405.1_ASM2419840v1_genomic.fna_blast.xml,0,0,0,0,0,0,0,0,5900530,0,0,0,0,0,0,244366_subject_array_1739745163.bin
125409,246787,CavFT-hAR84,246787.611,7,https://ftp.ncbi.nlm.nih.gov/genomes/all/GCF/033/099/955/GCF_033099955.2_ASM3309995v2,7,246787.611.fna,GCF_033099955.2_ASM3309995v2_genomic.fna, 7105331, 7105331,246787.611.fna_vs_GCF_033099955.2_ASM3309995v2_genomic.fna_blast.xml,0,0,0,0,0,0,0,0,7105322,0,0,2,7,0,0,246787_subject_array_1739745168.bin
125513,2478956,bf_0095,2478956.3,7,https://ftp.ncbi.nlm.nih.gov/genomes/all/GCF/004/166/885/GCF_004166885.1_ASM416688v1,7,2478956.3.fna,GCF_004166885.1_ASM416688v1_genomic.fna, 1980231, 1980231,2478956.3.fna_vs_GCF_004166885.1_ASM416688v1_genomic.fna_blast.xml,0,0,0,0,0,0,0,0,1980231,0,0,0,0,0,0,2478956_subject_array_1739745170.bin
125697,2485109,JUb34,2485109.3,7,https://ftp.ncbi.nlm.nih.gov/genomes/all/GCF/003/755/065/GCF_003755065.1_ASM375506v1,7,2485109.3.fna,GCF_003755065.1_ASM375506v1_genomic.fna, 3839052, 3839052,2485109.3.fna_vs_GCF_003755065.1_ASM375506v1_genomic.fna_blast.xml,0,0,0,0,0,0,0,97,3838955,0,0,0,0,0,0,2485109_subject_array_1739745172.bin
125761,2485193,PhB161,2485193.3,7,https://ftp.ncbi.nlm.nih.gov/genomes/all/GCF/003/814/635/GCF_003814635.1_ASM381463v1,7,2485193.3.fna,GCF_003814635.1_ASM381463v1_genomic.fna, 3692468, 3692468,2485193.3.fna_vs_GCF_003814635.1_ASM381463v1_genomic.fna_blast.xml,0,0,0,0,0,0,0,97,3692371,0,0,0,0,0,0,2485193_subject_array_1739745174.bin
126522,2498892,PoM-212,2498892.3,7,https://ftp.ncbi.nlm.nih.gov/genomes/all/GCF/003/933/245/GCF_003933245.1_ASM393324v1,7,2498892.3.fna,GCF_003933245.1_ASM393324v1_genomic.fna, 4114314, 4114314,2498892.3.fna_vs_GCF_003933245.1_ASM393324v1_genomic.fna_blast.xml,0,0,0,0,0,0,0,0,4114314,0,0,0,0,0,0,2498892_subject_array_1739745177.bin
126571,2500179,Gri0909,2500179.3,7,https://ftp.ncbi.nlm.nih.gov/genomes/all/GCF/004/005/845/GCF_004005845.1_ASM400584v1,7,2500179.3.fna,GCF_004005845.1_ASM400584v1_genomic.fna, 5323771, 5323771,2500179.3.fna_vs_GCF_004005845.1_ASM400584v1_genomic.fna_blast.xml,0,0,0,0,0,0,0,0,5323771,0,0,0,0,0,0,2500179_subject_array_1739745180.bin
126725,2508306,NJS201,2508306.19,7,https://ftp.ncbi.nlm.nih.gov/genomes/all/GCF/004/535/885/GCF_004535885.1_ASM453588v1,7,2508306.19.fna,GCF_004535885.1_ASM453588v1_genomic.fna, 5137756, 5137756,2508306.19.fna_vs_GCF_004535885.1_ASM453588v1_genomic.fna_blast.xml,0,0,0,0,0,0,0,0,5137756,0,0,0,0,0,0,2508306_subject_array_1739745183.bin
126743,2508568,HB1133,2508568.4,7,https://ftp.ncbi.nlm.nih.gov/genomes/all/GCF/020/514/355/GCF_020514355.1_ASM2051435v1,7,2508568.4.fna,GCF_020514355.1_ASM2051435v1_genomic.fna, 2378765, 2378765,2508568.4.fna_vs_GCF_020514355.1_ASM2051435v1_genomic.fna_blast.xml,0,0,0,0,0,0,0,0,2378765,0,0,0,0,0,0,2508568_subject_array_1739745185.bin
126848,2509721,S41,2509721.3,7,https://ftp.ncbi.nlm.nih.gov/genomes/all/GCF/004/320/535/GCF_004320535.1_ASM432053v1,7,2509721.3.fna,GCF_004320535.1_ASM432053v1_genomic.fna, 3472078, 3472078,2509721.3.fna_vs_GCF_004320535.1_ASM432053v1_genomic.fna_blast.xml,0,0,0,0,0,0,0,0,3472078,0,0,0,0,0,0,2509721_subject_array_1739745187.bin
126916,2512118,BK668,2512118.3,7,https://ftp.ncbi.nlm.nih.gov/genomes/all/GCF/004/362/195/GCF_004362195.1_ASM436219v1,7,2512118.3.fna,GCF_004362195.1_ASM436219v1_genomic.fna, 3734514, 3734514,2512118.3.fna_vs_GCF_004362195.1_ASM436219v1_genomic.fna_blast.xml,0,0,0,0,0,0,0,188,3734326,0,0,0,0,0,0,2512118_subject_array_1739745189.bin
127038,251722,2250,251722.40,7,https://ftp.ncbi.nlm.nih.gov/genomes/all/GCF/029/855/025/GCF_029855025.1_ASM2985502v1,7,251722.40.fna,GCF_029855025.1_ASM2985502v1_genomic.fna, 6553832, 6553832,251722.40.fna_vs_GCF_029855025.1_ASM2985502v1_genomic.fna_blast.xml,0,0,0,0,0,0,0,0,6553828,0,1,3,0,0,0,251722_subject_array_1739745198.bin
127232,2528957,DL99,2528957.3,7,https://ftp.ncbi.nlm.nih.gov/genomes/all/GCF/004/762/045/GCF_004762045.1_ASM476204v1,7,2528957.3.fna,GCF_004762045.1_ASM476204v1_genomic.fna, 6607507, 6607507,2528957.3.fna_vs_GCF_004762045.1_ASM476204v1_genomic.fna_blast.xml,0,0,0,0,0,0,0,2594,6604813,0,0,18,81,0,1,2528957_subject_array_1739745202.bin
127474,2546226,R29,2546226.3,7,https://ftp.ncbi.nlm.nih.gov/genomes/all/GCF/006/265/115/GCF_006265115.1_ASM626511v1,7,2546226.3.fna,GCF_006265115.1_ASM626511v1_genomic.fna, 3314558, 3314558,2546226.3.fna_vs_GCF_006265115.1_ASM626511v1_genomic.fna_blast.xml,0,0,0,0,0,0,0,176,3314382,0,0,0,0,0,0,2546226_subject_array_1739745204.bin
127791,2562681,Red111,2562681.3,7,https://ftp.ncbi.nlm.nih.gov/genomes/all/GCF/004/791/675/GCF_004791675.1_ASM479167v1,7,2562681.3.fna,GCF_004791675.1_ASM479167v1_genomic.fna, 4696900, 4696900,2562681.3.fna_vs_GCF_004791675.1_ASM479167v1_genomic.fna_blast.xml,0,0,0,0,0,0,0,0,4696900,0,0,0,0,0,0,2562681_subject_array_1739745207.bin
128176,2575440,dk3543,2575440.3,7,https://ftp.ncbi.nlm.nih.gov/genomes/all/GCF/005/217/835/GCF_005217835.1_ASM521783v1,7,2575440.3.fna,GCF_005217835.1_ASM521783v1_genomic.fna, 3526054, 3526054,2575440.3.fna_vs_GCF_005217835.1_ASM521783v1_genomic.fna_blast.xml,0,0,0,0,0,0,0,0,3526054,0,0,0,0,0,0,2575440_subject_array_1739745209.bin
128203,2576384,PJ-38,2576384.4,7,https://ftp.ncbi.nlm.nih.gov/genomes/all/GCF/024/733/615/GCF_024733615.1_ASM2473361v1,7,2576384.4.fna,GCF_024733615.1_ASM2473361v1_genomic.fna, 3805837, 3805837,2576384.4.fna_vs_GCF_024733615.1_ASM2473361v1_genomic.fna_blast.xml,0,0,0,0,0,0,0,0,3805837,0,0,0,0,0,0,2576384_subject_array_1739745211.bin
128420,2579971,D4M1,2579971.11,7,https://ftp.ncbi.nlm.nih.gov/genomes/all/GCF/005/887/635/GCF_005887635.2_ASM588763v2,7,2579971.11.fna,GCF_005887635.2_ASM588763v2_genomic.fna, 5468583, 5468583,2579971.11.fna_vs_GCF_005887635.2_ASM588763v2_genomic.fna_blast.xml,0,0,0,0,0,0,0,0,5468583,0,0,0,0,0,0,2579971_subject_array_1739745214.bin
128955,2587858,THAF40,2587858.3,7,https://ftp.ncbi.nlm.nih.gov/genomes/all/GCF/009/363/495/GCF_009363495.1_ASM936349v1,7,2587858.3.fna,GCF_009363495.1_ASM936349v1_genomic.fna, 4297624, 4297624,2587858.3.fna_vs_GCF_009363495.1_ASM936349v1_genomic.fna_blast.xml,0,0,0,0,0,0,0,0,4297624,0,0,0,0,0,0,2587858_subject_array_1739745216.bin
129538,2598460,XAAS-A1,2598460.3,7,https://ftp.ncbi.nlm.nih.gov/genomes/all/GCF/007/483/685/GCF_007483685.1_ASM748368v1,7,2598460.3.fna,GCF_007483685.1_ASM748368v1_genomic.fna, 4506955, 4506955,2598460.3.fna_vs_GCF_007483685.1_ASM748368v1_genomic.fna_blast.xml,0,0,0,0,0,0,0,0,4506955,0,0,0,0,0,0,2598460_subject_array_1739745219.bin
130158,2607529,W12,2607529.3,7,https://ftp.ncbi.nlm.nih.gov/genomes/all/GCF/008/974/265/GCF_008974265.1_ASM897426v1,7,2607529.3.fna,GCF_008974265.1_ASM897426v1_genomic.fna, 7415204, 7415204,2607529.3.fna_vs_GCF_008974265.1_ASM897426v1_genomic.fna_blast.xml,0,0,0,0,0,0,0,0,7415204,0,0,0,0,0,0,2607529_subject_array_1739745224.bin
130511,262209,CD11-4,262209.4,7,https://ftp.ncbi.nlm.nih.gov/genomes/all/GCF/001/637/565/GCF_001637565.1_ASM163756v1,7,262209.4.fna,GCF_001637565.1_ASM163756v1_genomic.fna, 3196878, 3196878,262209.4.fna_vs_GCF_001637565.1_ASM163756v1_genomic.fna_blast.xml,0,0,0,0,0,0,0,28,3196850,0,0,0,0,0,0,262209_subject_array_1739745226.bin
131349,265959,CV1,265959.7,7,https://ftp.ncbi.nlm.nih.gov/genomes/all/GCF/003/546/645/GCF_003546645.1_ASM354664v1,7,265959.7.fna,GCF_003546645.1_ASM354664v1_genomic.fna, 3768311, 3768311,265959.7.fna_vs_GCF_003546645.1_ASM354664v1_genomic.fna_blast.xml,0,0,0,0,0,0,0,0,3768311,0,0,0,0,0,0,265959_subject_array_1739745228.bin
131356,265960,RZS01,265960.6,7,https://ftp.ncbi.nlm.nih.gov/genomes/all/GCF/002/009/295/GCF_002009295.1_ASM200929v1,7,265960.6.fna,GCF_002009295.1_ASM200929v1_genomic.fna, 3760301, 3760301,265960.6.fna_vs_GCF_002009295.1_ASM200929v1_genomic.fna_blast.xml,0,0,0,0,0,0,0,0,3760301,0,0,0,0,0,0,265960_subject_array_1739745231.bin
131445,2662757,KR1,2662757.3,7,https://ftp.ncbi.nlm.nih.gov/genomes/all/GCF/009/687/825/GCF_009687825.1_ASM968782v1,7,2662757.3.fna,GCF_009687825.1_ASM968782v1_genomic.fna, 4556772, 4556772,2662757.3.fna_vs_GCF_009687825.1_ASM968782v1_genomic.fna_blast.xml,0,0,0,0,0,0,0,0,4556772,0,0,0,0,0,0,2662757_subject_array_1739745234.bin
131753,2666183,PP-E68B,2666183.112,7,https://ftp.ncbi.nlm.nih.gov/genomes/all/GCF/033/031/555/GCF_033031555.1_ASM3303155v1,7,2666183.112.fna,GCF_033031555.1_ASM3303155v1_genomic.fna, 5781462, 5781462,2666183.112.fna_vs_GCF_033031555.1_ASM3303155v1_genomic.fna_blast.xml,0,0,0,0,0,0,0,0,5781462,0,0,0,0,0,0,2666183_subject_array_1739745242.bin
131897,2675713,WP4-W18-ESBL-05,2675713.3,7,https://ftp.ncbi.nlm.nih.gov/genomes/all/GCF/014/169/075/GCF_014169075.1_ASM1416907v1,7,2675713.3.fna,GCF_014169075.1_ASM1416907v1_genomic.fna, 5247263, 5247263,2675713.3.fna_vs_GCF_014169075.1_ASM1416907v1_genomic.fna_blast.xml,0,0,0,0,0,0,0,0,5247263,0,0,0,0,0,0,2675713_subject_array_1739745247.bin
132628,2697319,E2-1,2697319.3,7,https://ftp.ncbi.nlm.nih.gov/genomes/all/GCF/010/614/805/GCF_010614805.1_ASM1061480v1,7,2697319.3.fna,GCF_010614805.1_ASM1061480v1_genomic.fna, 4199288, 4199288,2697319.3.fna_vs_GCF_010614805.1_ASM1061480v1_genomic.fna_blast.xml,0,0,0,0,0,0,0,0,4199288,0,0,0,0,0,0,2697319_subject_array_1739745250.bin
132644,2697506,Marseille-P9896,2697506.3,7,https://ftp.ncbi.nlm.nih.gov/genomes/all/GCF/903/469/655/GCF_903469655.1_P9896,7,2697506.3.fna,GCF_903469655.1_P9896_genomic.fna, 3519727, 3519727,2697506.3.fna_vs_GCF_903469655.1_P9896_genomic.fna_blast.xml,0,0,0,0,0,0,0,0,3519727,0,0,0,0,0,0,2697506_subject_array_1739745254.bin
132764,2702,14019_MetR,2702.97,7,https://ftp.ncbi.nlm.nih.gov/genomes/all/GCF/001/278/345/GCF_001278345.1_ASM127834v1,7,2702.97.fna,GCF_001278345.1_ASM127834v1_genomic.fna, 1661101, 1661101,2702.97.fna_vs_GCF_001278345.1_ASM127834v1_genomic.fna_blast.xml,0,0,0,0,0,0,0,0,1661101,0,0,0,0,0,0,2702_subject_array_1739745256.bin
132770,2702,DNF01149,2702.152,7,https://ftp.ncbi.nlm.nih.gov/genomes/all/GCF/002/894/105/GCF_002894105.1_ASM289410v1,7,2702.152.fna,GCF_002894105.1_ASM289410v1_genomic.fna, 1724694, 1724694,2702.152.fna_vs_GCF_002894105.1_ASM289410v1_genomic.fna_blast.xml,0,0,0,0,0,0,0,0,1724694,0,0,0,0,0,0,2702_subject_array_1739745258.bin
132787,2702,N101,2702.165,7,https://ftp.ncbi.nlm.nih.gov/genomes/all/GCF/003/369/895/GCF_003369895.1_ASM336989v1,7,2702.165.fna,GCF_003369895.1_ASM336989v1_genomic.fna, 1542981, 1542981,2702.165.fna_vs_GCF_003369895.1_ASM336989v1_genomic.fna_blast.xml,0,0,0,0,0,0,0,0,1542981,0,0,0,0,0,0,2702_subject_array_1739745260.bin
132792,2702,N95,2702.167,7,https://ftp.ncbi.nlm.nih.gov/genomes/all/GCF/003/369/965/GCF_003369965.1_ASM336996v1,7,2702.167.fna,GCF_003369965.1_ASM336996v1_genomic.fna, 1522480, 1522480,2702.167.fna_vs_GCF_003369965.1_ASM336996v1_genomic.fna_blast.xml,0,0,0,0,0,0,0,0,1522480,0,0,0,0,0,0,2702_subject_array_1739745261.bin
132804,2702,UMB0202,2702.327,7,https://ftp.ncbi.nlm.nih.gov/genomes/all/GCF/013/315/075/GCF_013315075.1_ASM1331507v1,7,2702.327.fna,GCF_013315075.1_ASM1331507v1_genomic.fna, 1655074, 1655074,2702.327.fna_vs_GCF_013315075.1_ASM1331507v1_genomic.fna_blast.xml,0,0,0,0,0,0,0,69,1655004,0,0,0,1,0,0,2702_subject_array_1739745263.bin
132805,2702,UMB0233,2702.527,7,https://ftp.ncbi.nlm.nih.gov/genomes/all/GCF/002/862/045/GCF_002862045.1_ASM286204v1,7,2702.527.fna,GCF_002862045.1_ASM286204v1_genomic.fna, 1642442, 1642442,2702.527.fna_vs_GCF_002862045.1_ASM286204v1_genomic.fna_blast.xml,0,0,0,0,0,0,0,0,1642442,0,0,0,0,0,0,2702_subject_array_1739745265.bin
132823,2702,W11,2702.164,7,https://ftp.ncbi.nlm.nih.gov/genomes/all/GCF/003/369/875/GCF_003369875.1_ASM336987v1,7,2702.164.fna,GCF_003369875.1_ASM336987v1_genomic.fna, 1566657, 1566657,2702.164.fna_vs_GCF_003369875.1_ASM336987v1_genomic.fna_blast.xml,0,0,0,0,0,0,0,0,1566657,0,0,0,0,0,0,2702_subject_array_1739745267.bin
132962,2703794,CPO182,2703794.31,7,https://ftp.ncbi.nlm.nih.gov/genomes/all/GCF/030/185/795/GCF_030185795.2_NA,7,2703794.31.fna,GCF_030185795.2_NA_genomic.fna, 5866200, 5866200,2703794.31.fna_vs_GCF_030185795.2_NA_genomic.fna_blast.xml,0,0,0,0,0,0,0,0,5866200,0,0,0,0,0,0,2703794_subject_array_1739745277.bin
133163,2708083,ZJ430,2708083.3,7,https://ftp.ncbi.nlm.nih.gov/genomes/all/GCF/011/751/845/GCF_011751845.1_ASM1175184v1,7,2708083.3.fna,GCF_011751845.1_ASM1175184v1_genomic.fna, 4147774, 4147774,2708083.3.fna_vs_GCF_011751845.1_ASM1175184v1_genomic.fna_blast.xml,0,0,0,0,0,0,0,0,4147774,0,0,0,0,0,0,2708083_subject_array_1739745283.bin
133626,2719987,BR208,2719987.3,7,https://ftp.ncbi.nlm.nih.gov/genomes/all/GCF/011/812/995/GCF_011812995.1_ASM1181299v1,7,2719987.3.fna,GCF_011812995.1_ASM1181299v1_genomic.fna, 1680798, 1680798,2719987.3.fna_vs_GCF_011812995.1_ASM1181299v1_genomic.fna_blast.xml,0,0,0,0,0,0,0,0,1680798,0,0,0,0,0,0,2719987_subject_array_1739745286.bin
133627,2719988,BR193,2719988.3,7,https://ftp.ncbi.nlm.nih.gov/genomes/all/GCF/028/748/125/GCF_028748125.1_ASM2874812v1,7,2719988.3.fna,GCF_028748125.1_ASM2874812v1_genomic.fna, 1785208, 1785308,2719988.3.fna_vs_GCF_028748125.1_ASM2874812v1_genomic.fna_blast.xml,0,0,0,0,0,0,0,100,1624402,0,0,0,160806,0,0,2719988_subject_array_1739745289.bin
133629,2719989,BR151,2719989.3,7,https://ftp.ncbi.nlm.nih.gov/genomes/all/GCF/011/812/985/GCF_011812985.1_ASM1181298v1,7,2719989.3.fna,GCF_011812985.1_ASM1181298v1_genomic.fna, 1769943, 1769943,2719989.3.fna_vs_GCF_011812985.1_ASM1181298v1_genomic.fna_blast.xml,0,0,0,0,0,0,0,0,1769943,0,0,0,0,0,0,2719989_subject_array_1739745292.bin
133674,272123,PCC 7122,272123.3,7,https://ftp.ncbi.nlm.nih.gov/genomes/all/GCF/000/317/695/GCF_000317695.1_ASM31769v1,7,272123.3.fna,GCF_000317695.1_ASM31769v1_genomic.fna, 7063285, 7063285,272123.3.fna_vs_GCF_000317695.1_ASM31769v1_genomic.fna_blast.xml,0,0,0,0,0,0,0,0,7063285,0,0,0,0,0,0,272123_subject_array_1739745308.bin
133720,2723060,JAI108,2723060.3,7,https://ftp.ncbi.nlm.nih.gov/genomes/all/GCF/013/410/105/GCF_013410105.1_ASM1341010v1,7,2723060.3.fna,GCF_013410105.1_ASM1341010v1_genomic.fna, 4050083, 4050083,2723060.3.fna_vs_GCF_013410105.1_ASM1341010v1_genomic.fna_blast.xml,0,0,0,0,0,0,0,0,4050083,0,0,0,0,0,0,2723060_subject_array_1739745314.bin
134305,2733865,AKA109,2733865.3,7,https://ftp.ncbi.nlm.nih.gov/genomes/all/GCF/027/925/705/GCF_027925705.1_ASM2792570v1,7,2733865.3.fna,GCF_027925705.1_ASM2792570v1_genomic.fna, 7225960, 7246593,2733865.3.fna_vs_GCF_027925705.1_ASM2792570v1_genomic.fna_blast.xml,0,0,13,0,0,0,42,29,7237924,0,70,30,8453,0,32,2733865_subject_array_1739745323.bin
134310,2734634,zg-1084,2735966.3,7,https://ftp.ncbi.nlm.nih.gov/genomes/all/GCF/013/155/515/GCF_013155515.1_ASM1315551v1,7,2735966.3.fna,GCF_013155515.1_ASM1315551v1_genomic.fna, 1800147, 1800147,2735966.3.fna_vs_GCF_013155515.1_ASM1315551v1_genomic.fna_blast.xml,0,0,0,0,0,0,0,0,1800147,0,0,0,0,0,0,2735966_subject_array_1739745326.bin
134601,2739024,VKM Ac-2852,2739024.3,7,https://ftp.ncbi.nlm.nih.gov/genomes/all/GCF/013/205/045/GCF_013205045.1_ASM1320504v1,7,2739024.3.fna,GCF_013205045.1_ASM1320504v1_genomic.fna, 3867593, 3867593,2739024.3.fna_vs_GCF_013205045.1_ASM1320504v1_genomic.fna_blast.xml,0,0,0,0,0,0,0,399,3867194,0,0,0,0,0,0,2739024_subject_array_1739745331.bin
134700,274,SNM1-1,274.93,7,https://ftp.ncbi.nlm.nih.gov/genomes/all/GCF/022/846/275/GCF_022846275.1_ASM2284627v1,7,274.93.fna,GCF_022846275.1_ASM2284627v1_genomic.fna, 2278517, 2278517,274.93.fna_vs_GCF_022846275.1_ASM2284627v1_genomic.fna_blast.xml,0,0,0,0,0,0,0,0,2278517,0,0,0,0,0,0,274_subject_array_1739745335.bin
134793,2742211,Marseille-P9896,2742211.3,7,https://ftp.ncbi.nlm.nih.gov/genomes/all/GCF/903/993/245/GCF_903993245.1_P9896-v2,7,2742211.3.fna,GCF_903993245.1_P9896-v2_genomic.fna, 3519727, 3519727,2742211.3.fna_vs_GCF_903993245.1_P9896-v2_genomic.fna_blast.xml,0,0,0,0,0,0,0,0,3519727,0,0,0,0,0,0,2742211_subject_array_1739745339.bin
134838,2742643,RHBSTW-00318,2742643.3,7,https://ftp.ncbi.nlm.nih.gov/genomes/all/GCF/014/101/375/GCF_014101375.1_ASM1410137v1,7,2742643.3.fna,GCF_014101375.1_ASM1410137v1_genomic.fna, 5285892, 5285892,2742643.3.fna_vs_GCF_014101375.1_ASM1410137v1_genomic.fna_blast.xml,0,0,0,0,0,0,0,0,5285892,0,0,0,0,0,0,2742643_subject_array_1739745345.bin
134843,2742648,RHBSTW-00446,2742648.3,7,https://ftp.ncbi.nlm.nih.gov/genomes/all/GCF/013/737/455/GCF_013737455.1_ASM1373745v1,7,2742648.3.fna,GCF_013737455.1_ASM1373745v1_genomic.fna, 5582599, 5582599,2742648.3.fna_vs_GCF_013737455.1_ASM1373745v1_genomic.fna_blast.xml,0,0,0,0,0,0,0,0,5582599,0,0,0,0,0,0,2742648_subject_array_1739745352.bin
134857,2742662,RHBSTW-00696,2742662.3,7,https://ftp.ncbi.nlm.nih.gov/genomes/all/GCF/013/733/095/GCF_013733095.1_ASM1373309v1,7,2742662.3.fna,GCF_013733095.1_ASM1373309v1_genomic.fna, 5784118, 5784118,2742662.3.fna_vs_GCF_013733095.1_ASM1373309v1_genomic.fna_blast.xml,0,0,0,0,0,0,0,0,5784118,0,0,0,0,0,0,2742662_subject_array_1739745358.bin
135134,2746963,BB736,2746963.3,7,https://ftp.ncbi.nlm.nih.gov/genomes/all/GCF/014/980/265/GCF_014980265.1_ASM1498026v1,7,2746963.3.fna,GCF_014980265.1_ASM1498026v1_genomic.fna, 2765068, 2765068,2746963.3.fna_vs_GCF_014980265.1_ASM1498026v1_genomic.fna_blast.xml,0,0,0,0,0,0,0,0,2765068,0,0,0,0,0,0,2746963_subject_array_1739745361.bin
135301,2750929,M0190,2750934.3,7,https://ftp.ncbi.nlm.nih.gov/genomes/all/GCF/016/102/375/GCF_016102375.1_ASM1610237v1,7,2750934.3.fna,GCF_016102375.1_ASM1610237v1_genomic.fna, 2608427, 2608427,2750934.3.fna_vs_GCF_016102375.1_ASM1610237v1_genomic.fna_blast.xml,0,0,0,0,0,0,0,97,2608329,0,0,1,0,0,0,2750934_subject_array_1739745363.bin
135307,2750935,M0191,2750935.3,7,https://ftp.ncbi.nlm.nih.gov/genomes/all/GCF/016/102/355/GCF_016102355.1_ASM1610235v1,7,2750935.3.fna,GCF_016102355.1_ASM1610235v1_genomic.fna, 2609246, 2609246,2750935.3.fna_vs_GCF_016102355.1_ASM1610235v1_genomic.fna_blast.xml,0,0,0,0,0,0,0,98,2609148,0,0,0,0,0,0,2750935_subject_array_1739745366.bin
135546,2751319,FW300-N2E3,2751319.3,7,https://ftp.ncbi.nlm.nih.gov/genomes/all/GCF/017/351/665/GCF_017351665.1_ASM1735166v1,7,2751319.3.fna,GCF_017351665.1_ASM1735166v1_genomic.fna, 6386303, 6386303,2751319.3.fna_vs_GCF_017351665.1_ASM1735166v1_genomic.fna_blast.xml,0,0,0,0,0,0,0,0,6386303,0,0,0,0,0,0,2751319_subject_array_1739745375.bin
135733,2755405,CACC 737,2755405.3,7,https://ftp.ncbi.nlm.nih.gov/genomes/all/GCF/013/874/375/GCF_013874375.1_ASM1387437v1,7,2755405.3.fna,GCF_013874375.1_ASM1387437v1_genomic.fna, 4634436, 4634436,2755405.3.fna_vs_GCF_013874375.1_ASM1387437v1_genomic.fna_blast.xml,0,0,0,0,0,0,0,0,4634436,0,0,0,0,0,0,2755405_subject_array_1739745380.bin
135777,2758038,ALG8,2715211.3,7,https://ftp.ncbi.nlm.nih.gov/genomes/all/GCF/011/290/545/GCF_011290545.1_ASM1129054v1,7,2715211.3.fna,GCF_011290545.1_ASM1129054v1_genomic.fna, 3575444, 3575444,2715211.3.fna_vs_GCF_011290545.1_ASM1129054v1_genomic.fna_blast.xml,0,0,0,0,0,0,0,0,3575444,0,0,0,0,0,0,2715211_subject_array_1739745383.bin
135825,2759165,SR9,2759165.3,7,https://ftp.ncbi.nlm.nih.gov/genomes/all/GCF/014/164/785/GCF_014164785.1_ASM1416478v1,7,2759165.3.fna,GCF_014164785.1_ASM1416478v1_genomic.fna, 4292038, 4292038,2759165.3.fna_vs_GCF_014164785.1_ASM1416478v1_genomic.fna_blast.xml,0,0,0,0,0,0,0,95,4291943,0,0,0,0,0,0,2759165_subject_array_1739745387.bin
135940,2760307,MC1862,2760307.4,7,https://ftp.ncbi.nlm.nih.gov/genomes/all/GCF/016/617/715/GCF_016617715.1_ASM1661771v1,7,2760307.4.fna,GCF_016617715.1_ASM1661771v1_genomic.fna, 3633757, 3633757,2760307.4.fna_vs_GCF_016617715.1_ASM1661771v1_genomic.fna_blast.xml,0,0,0,0,0,0,0,0,3633757,0,0,0,0,0,0,2760307_subject_array_1739745390.bin
136010,2760981,I4(2020),2760981.3,7,https://ftp.ncbi.nlm.nih.gov/genomes/all/GCF/016/432/685/GCF_016432685.1_ASM1643268v1,7,2760981.3.fna,GCF_016432685.1_ASM1643268v1_genomic.fna, 7712674, 7712674,2760981.3.fna_vs_GCF_016432685.1_ASM1643268v1_genomic.fna_blast.xml,0,0,0,0,0,0,0,0,7712674,0,0,0,0,0,0,2760981_subject_array_1739745397.bin
136101,2762553,S15,2762553.3,7,https://ftp.ncbi.nlm.nih.gov/genomes/all/GCF/018/336/915/GCF_018336915.1_ASM1833691v1,7,2762553.3.fna,GCF_018336915.1_ASM1833691v1_genomic.fna, 7112772, 7112772,2762553.3.fna_vs_GCF_018336915.1_ASM1833691v1_genomic.fna_blast.xml,0,0,0,0,0,0,0,0,7112772,0,0,0,0,0,0,2762553_subject_array_1739745405.bin
136311,2765363,CCM 9186,2936710.4,7,https://ftp.ncbi.nlm.nih.gov/genomes/all/GCF/023/155/215/GCF_023155215.1_ASM2315521v1,7,2936710.4.fna,GCF_023155215.1_ASM2315521v1_genomic.fna, 2705392, 2705392,2936710.4.fna_vs_GCF_023155215.1_ASM2315521v1_genomic.fna_blast.xml,0,0,0,0,0,0,0,0,2705392,0,0,0,0,0,0,2936710_subject_array_1739745408.bin
136330,2766470,P3A3,2766470.32,7,https://ftp.ncbi.nlm.nih.gov/genomes/all/GCF/036/670/225/GCF_036670225.1_ASM3667022v1,7,2766470.32.fna,GCF_036670225.1_ASM3667022v1_genomic.fna, 2112160, 2112160,2766470.32.fna_vs_GCF_036670225.1_ASM3667022v1_genomic.fna_blast.xml,0,0,0,0,0,0,0,0,2112160,0,0,0,0,0,0,2766470_subject_array_1739745411.bin
136358,2767221,PS-22,2767221.6,7,https://ftp.ncbi.nlm.nih.gov/genomes/all/GCF/022/359/095/GCF_022359095.1_ASM2235909v1,7,2767221.6.fna,GCF_022359095.1_ASM2235909v1_genomic.fna, 2724669, 2724669,2767221.6.fna_vs_GCF_022359095.1_ASM2235909v1_genomic.fna_blast.xml,0,0,0,0,0,0,0,0,2724669,0,0,0,0,0,0,2767221_subject_array_1739745413.bin
136557,2771356,BT646,2771356.3,7,https://ftp.ncbi.nlm.nih.gov/genomes/all/GCF/014/698/995/GCF_014698995.1_ASM1469899v1,7,2771356.3.fna,GCF_014698995.1_ASM1469899v1_genomic.fna, 4665453, 4665453,2771356.3.fna_vs_GCF_014698995.1_ASM1469899v1_genomic.fna_blast.xml,0,0,0,0,0,0,0,0,4665453,0,0,0,0,0,0,2771356_subject_array_1739745418.bin
136561,2771369,TP075,2771369.3,7,https://ftp.ncbi.nlm.nih.gov/genomes/all/GCF/023/705/585/GCF_023705585.1_ASM2370558v1,7,2771369.3.fna,GCF_023705585.1_ASM2370558v1_genomic.fna, 4090762, 4090762,2771369.3.fna_vs_GCF_023705585.1_ASM2370558v1_genomic.fna_blast.xml,0,0,0,0,0,0,0,0,4090762,0,0,0,0,0,0,2771369_subject_array_1739745424.bin
136655,2774876,GSB7,2774876.3,7,https://ftp.ncbi.nlm.nih.gov/genomes/all/GCF/015/220/045/GCF_015220045.1_ASM1522004v1,7,2774876.3.fna,GCF_015220045.1_ASM1522004v1_genomic.fna, 4051696, 4051696,2774876.3.fna_vs_GCF_015220045.1_ASM1522004v1_genomic.fna_blast.xml,0,0,0,0,0,0,0,0,4051696,0,0,0,0,0,0,2774876_subject_array_1739745428.bin
137255,2783826,VKM Ac-2876,2783826.3,7,https://ftp.ncbi.nlm.nih.gov/genomes/all/GCF/015/350/715/GCF_015350715.1_ASM1535071v1,7,2783826.3.fna,GCF_015350715.1_ASM1535071v1_genomic.fna, 3985444, 3985444,2783826.3.fna_vs_GCF_015350715.1_ASM1535071v1_genomic.fna_blast.xml,0,0,0,0,0,0,0,374,3985068,0,0,2,0,0,0,2783826_subject_array_1739745431.bin
137256,2783827,VKM Ac-2880,2783827.3,7,https://ftp.ncbi.nlm.nih.gov/genomes/all/GCF/015/351/235/GCF_015351235.1_ASM1535123v1,7,2783827.3.fna,GCF_015351235.1_ASM1535123v1_genomic.fna, 4033962, 4033962,2783827.3.fna_vs_GCF_015351235.1_ASM1535123v1_genomic.fna_blast.xml,0,0,0,0,0,0,0,300,4033662,0,0,0,0,0,0,2783827_subject_array_1739745434.bin
137259,2783830,VKM Ac-2888,2783830.3,7,https://ftp.ncbi.nlm.nih.gov/genomes/all/GCF/015/351/285/GCF_015351285.1_ASM1535128v1,7,2783830.3.fna,GCF_015351285.1_ASM1535128v1_genomic.fna, 4200651, 4200651,2783830.3.fna_vs_GCF_015351285.1_ASM1535128v1_genomic.fna_blast.xml,0,0,0,0,0,0,0,200,4200451,0,0,0,0,0,0,2783830_subject_array_1739745438.bin
137381,2787636,G5-32,2787636.3,7,https://ftp.ncbi.nlm.nih.gov/genomes/all/GCF/015/679/325/GCF_015679325.1_ASM1567932v1,7,2787636.3.fna,GCF_015679325.1_ASM1567932v1_genomic.fna, 3217616, 3217616,2787636.3.fna_vs_GCF_015679325.1_ASM1567932v1_genomic.fna_blast.xml,0,0,0,0,0,0,0,0,3217616,0,0,0,0,0,0,2787636_subject_array_1739745442.bin
137447,278961,TAA 43,278961.8,7,https://ftp.ncbi.nlm.nih.gov/genomes/all/GCF/000/800/015/GCF_000800015.1_ASM80001v1,7,278961.8.fna,GCF_000800015.1_ASM80001v1_genomic.fna, 4947033, 4947033,278961.8.fna_vs_GCF_000800015.1_ASM80001v1_genomic.fna_blast.xml,0,0,0,0,0,0,0,0,4947033,0,0,0,0,0,0,278961_subject_array_1739745447.bin
137520,2792053,SWN1162,2792053.3,7,https://ftp.ncbi.nlm.nih.gov/genomes/all/GCF/015/864/675/GCF_015864675.1_ASM1586467v1,7,2792053.3.fna,GCF_015864675.1_ASM1586467v1_genomic.fna, 2988536, 2988536,2792053.3.fna_vs_GCF_015864675.1_ASM1586467v1_genomic.fna_blast.xml,0,0,0,0,0,0,0,0,2988536,0,0,0,0,0,0,2792053_subject_array_1739745450.bin
137576,2793071,SD-g,2793071.3,7,https://ftp.ncbi.nlm.nih.gov/genomes/all/GCF/016/522/075/GCF_016522075.1_ASM1652207v1,7,2793071.3.fna,GCF_016522075.1_ASM1652207v1_genomic.fna, 4090065, 4090065,2793071.3.fna_vs_GCF_016522075.1_ASM1652207v1_genomic.fna_blast.xml,0,0,0,0,0,0,0,0,4090065,0,0,0,0,0,0,2793071_subject_array_1739745454.bin
137691,2795216,AB2/73,2795216.4,7,https://ftp.ncbi.nlm.nih.gov/genomes/all/GCF/020/871/915/GCF_020871915.1_ASM2087191v1,7,2795216.4.fna,GCF_020871915.1_ASM2087191v1_genomic.fna, 7266754, 7266754,2795216.4.fna_vs_GCF_020871915.1_ASM2087191v1_genomic.fna_blast.xml,0,0,0,0,0,0,0,0,7266753,0,0,1,0,0,0,2795216_subject_array_1739745462.bin
137753,2796389,TH23,2796389.3,7,https://ftp.ncbi.nlm.nih.gov/genomes/all/GCF/016/650/995/GCF_016650995.1_ASM1665099v1,7,2796389.3.fna,GCF_016650995.1_ASM1665099v1_genomic.fna, 5806530, 5806530,2796389.3.fna_vs_GCF_016650995.1_ASM1665099v1_genomic.fna_blast.xml,0,0,0,0,0,0,0,0,5806530,0,0,0,0,0,0,2796389_subject_array_1739745471.bin
137958,2800405,P6129,2996028.3,7,https://ftp.ncbi.nlm.nih.gov/genomes/all/GCF/026/410/325/GCF_026410325.1_ASM2641032v1,7,2996028.3.fna,GCF_026410325.1_ASM2641032v1_genomic.fna, 2626586, 2626586,2996028.3.fna_vs_GCF_026410325.1_ASM2641032v1_genomic.fna_blast.xml,0,0,0,0,0,0,0,0,2626586,0,0,0,0,0,0,2996028_subject_array_1739745475.bin
137989,2800904,PCH44,2800904.3,7,https://ftp.ncbi.nlm.nih.gov/genomes/all/GCF/018/304/925/GCF_018304925.1_ASM1830492v1,7,2800904.3.fna,GCF_018304925.1_ASM1830492v1_genomic.fna, 6412952, 6412952,2800904.3.fna_vs_GCF_018304925.1_ASM1830492v1_genomic.fna_blast.xml,0,0,0,0,0,0,0,0,6412952,0,0,0,0,0,0,2800904_subject_array_1739745490.bin
138003,2801336,GN10,2801336.3,7,https://ftp.ncbi.nlm.nih.gov/genomes/all/GCF/016/735/615/GCF_016735615.1_ASM1673561v1,7,2801336.3.fna,GCF_016735615.1_ASM1673561v1_genomic.fna, 5109458, 5109458,2801336.3.fna_vs_GCF_016735615.1_ASM1673561v1_genomic.fna_blast.xml,0,0,0,0,0,0,0,97,5109361,0,0,0,0,0,0,2801336_subject_array_1739745496.bin
138009,2801390,BL661,2801390.4,7,https://ftp.ncbi.nlm.nih.gov/genomes/all/GCF/030/517/155/GCF_030517155.1_ASM3051715v1,7,2801390.4.fna,GCF_030517155.1_ASM3051715v1_genomic.fna, 5069435, 5069435,2801390.4.fna_vs_GCF_030517155.1_ASM3051715v1_genomic.fna_blast.xml,0,0,0,0,0,0,0,0,5069435,0,0,0,0,0,0,2801390_subject_array_1739745504.bin
138261,28026,AM43-10,28026.157,7,https://ftp.ncbi.nlm.nih.gov/genomes/all/GCF/003/467/065/GCF_003467065.1_ASM346706v1,7,28026.157.fna,GCF_003467065.1_ASM346706v1_genomic.fna, 2198965, 2198965,28026.157.fna_vs_GCF_003467065.1_ASM346706v1_genomic.fna_blast.xml,0,0,0,0,0,0,0,0,2198965,0,0,0,0,0,0,28026_subject_array_1739745508.bin
138306,28026,J1101312st1_G10_J1101312_190322,28026.1516,7,https://ftp.ncbi.nlm.nih.gov/genomes/all/GCF/028/310/065/GCF_028310065.1_ASM2831006v1,7,28026.1516.fna,GCF_028310065.1_ASM2831006v1_genomic.fna, 1851143, 2164797,28026.1516.fna_vs_GCF_028310065.1_ASM2831006v1_genomic.fna_blast.xml,0,0,7,5,0,0,13,311762,1852095,0,20,318,563,0,14,28026_subject_array_1739745511.bin
138661,28037,SK137,28037.213,7,https://ftp.ncbi.nlm.nih.gov/genomes/all/GCF/000/960/025/GCF_000960025.1_ASM96002v1,7,28037.213.fna,GCF_000960025.1_ASM96002v1_genomic.fna, 1984405, 1984405,28037.213.fna_vs_GCF_000960025.1_ASM96002v1_genomic.fna_blast.xml,0,0,0,0,0,0,0,0,1984405,0,0,0,0,0,0,28037_subject_array_1739745514.bin
138684,28037,SM2,28037.1798,7,https://ftp.ncbi.nlm.nih.gov/genomes/all/GCF/027/497/885/GCF_027497885.1_ASM2749788v1,7,28037.1798.fna,GCF_027497885.1_ASM2749788v1_genomic.fna, 1999481, 1999481,28037.1798.fna_vs_GCF_027497885.1_ASM2749788v1_genomic.fna_blast.xml,0,0,0,0,0,0,0,0,1999481,0,0,0,0,0,0,28037_subject_array_1739745518.bin
139386,28092,BLB1,28092.11,7,https://ftp.ncbi.nlm.nih.gov/genomes/all/GCF/034/047/095/GCF_034047095.1_ASM3404709v1,7,28092.11.fna,GCF_034047095.1_ASM3404709v1_genomic.fna, 6828120, 6828120,28092.11.fna_vs_GCF_034047095.1_ASM3404709v1_genomic.fna_blast.xml,0,0,0,0,0,0,0,0,6828120,0,0,0,0,0,0,28092_subject_array_1739745531.bin
139698,28099,W2/73,28099.15,7,https://ftp.ncbi.nlm.nih.gov/genomes/all/GCF/017/584/165/GCF_017584165.1_ASM1758416v1,7,28099.15.fna,GCF_017584165.1_ASM1758416v1_genomic.fna, 5532448, 5532448,28099.15.fna_vs_GCF_017584165.1_ASM1758416v1_genomic.fna_blast.xml,0,0,0,0,0,0,0,0,5532448,0,0,0,0,0,0,28099_subject_array_1739745541.bin
139745,2810515,Marseille-Q4354,2810515.3,7,https://ftp.ncbi.nlm.nih.gov/genomes/all/GCF/018/304/855/GCF_018304855.1_ASM1830485v1,7,2810515.3.fna,GCF_018304855.1_ASM1830485v1_genomic.fna, 3818968, 3818968,2810515.3.fna_vs_GCF_018304855.1_ASM1830485v1_genomic.fna_blast.xml,0,0,0,0,0,0,0,0,3818968,0,0,0,0,0,0,2810515_subject_array_1739745548.bin
139937,28113,3012STDY7078512,28113.6,7,https://ftp.ncbi.nlm.nih.gov/genomes/all/GCF/900/683/665/GCF_900683665.1_57940_F02,7,28113.6.fna,GCF_900683665.1_57940_F02_genomic.fna, 3685643, 3685643,28113.6.fna_vs_GCF_900683665.1_57940_F02_genomic.fna_blast.xml,0,0,0,0,0,0,0,0,3685643,0,0,0,0,0,0,28113_subject_array_1739745553.bin
141456,2814886,BSSL-BM11,2814886.3,7,https://ftp.ncbi.nlm.nih.gov/genomes/all/GCF/018/457/165/GCF_018457165.1_ASM1845716v1,7,2814886.3.fna,GCF_018457165.1_ASM1845716v1_genomic.fna, 3832414, 3832414,2814886.3.fna_vs_GCF_018457165.1_ASM1845716v1_genomic.fna_blast.xml,0,0,0,0,0,0,0,0,3832414,0,0,0,0,0,0,2814886_subject_array_1739745559.bin
141492,28150,CVM 34514,28150.126,7,https://ftp.ncbi.nlm.nih.gov/genomes/all/GCF/016/452/105/GCF_016452105.1_ASM1645210v1,7,28150.126.fna,GCF_016452105.1_ASM1645210v1_genomic.fna, 5121780, 5121780,28150.126.fna_vs_GCF_016452105.1_ASM1645210v1_genomic.fna_blast.xml,0,0,0,0,0,0,0,0,5121780,0,0,0,0,0,0,28150_subject_array_1739745566.bin
141644,2816243,SM1,2816243.3,7,https://ftp.ncbi.nlm.nih.gov/genomes/all/GCF/018/361/265/GCF_018361265.1_ASM1836126v1,7,2816243.3.fna,GCF_018361265.1_ASM1836126v1_genomic.fna, 4632260, 4632260,2816243.3.fna_vs_GCF_018361265.1_ASM1836126v1_genomic.fna_blast.xml,0,0,0,0,0,0,0,0,4632260,0,0,0,0,0,0,2816243_subject_array_1739745572.bin
141650,2816244,S11P1,2816244.6,7,https://ftp.ncbi.nlm.nih.gov/genomes/all/GCF/023/098/265/GCF_023098265.1_ASM2309826v2,7,2816244.6.fna,GCF_023098265.1_ASM2309826v2_genomic.fna, 5911729, 5920554,2816244.6.fna_vs_GCF_023098265.1_ASM2309826v2_genomic.fna_blast.xml,0,0,0,50,0,0,1375,1192,5904878,0,11321,1710,27,0,1,2816244_subject_array_1739745579.bin
141869,2817375,SYSU D00344,2817375.3,7,https://ftp.ncbi.nlm.nih.gov/genomes/all/GCF/017/916/365/GCF_017916365.1_ASM1791636v1,7,2817375.3.fna,GCF_017916365.1_ASM1791636v1_genomic.fna, 5520221, 5520221,2817375.3.fna_vs_GCF_017916365.1_ASM1791636v1_genomic.fna_blast.xml,0,0,0,0,0,0,0,192,5520029,0,0,0,0,0,0,2817375_subject_array_1739745585.bin
141875,2817381,SYSU D01012,2817381.3,7,https://ftp.ncbi.nlm.nih.gov/genomes/all/GCF/017/916/475/GCF_017916475.1_ASM1791647v1,7,2817381.3.fna,GCF_017916475.1_ASM1791647v1_genomic.fna, 4268803, 4268803,2817381.3.fna_vs_GCF_017916475.1_ASM1791647v1_genomic.fna_blast.xml,0,0,0,0,0,0,0,192,4268611,0,0,0,0,0,0,2817381_subject_array_1739745589.bin
141897,2817475,zg-ZUI100,2817475.5,7,https://ftp.ncbi.nlm.nih.gov/genomes/all/GCF/017/898/105/GCF_017898105.1_ASM1789810v1,7,2817475.5.fna,GCF_017898105.1_ASM1789810v1_genomic.fna, 3571331, 3571331,2817475.5.fna_vs_GCF_017898105.1_ASM1789810v1_genomic.fna_blast.xml,0,0,0,0,0,0,0,0,3571331,0,0,0,0,0,0,2817475_subject_array_1739745593.bin
141970,2817769,1010,2817769.3,7,https://ftp.ncbi.nlm.nih.gov/genomes/all/GCF/031/455/295/GCF_031455295.1_ASM3145529v1,7,2817769.3.fna,GCF_031455295.1_ASM3145529v1_genomic.fna, 3875751, 3875751,2817769.3.fna_vs_GCF_031455295.1_ASM3145529v1_genomic.fna_blast.xml,0,0,0,0,0,0,0,0,3875751,0,0,0,0,0,0,2817769_subject_array_1739745596.bin
141994,2817858,PvP105,2817858.3,7,https://ftp.ncbi.nlm.nih.gov/genomes/all/GCF/017/876/975/GCF_017876975.1_ASM1787697v1,7,2817858.3.fna,GCF_017876975.1_ASM1787697v1_genomic.fna, 7473940, 7473940,2817858.3.fna_vs_GCF_017876975.1_ASM1787697v1_genomic.fna_blast.xml,0,0,0,0,0,0,0,0,7473940,0,0,0,0,0,0,2817858_subject_array_1739745604.bin
141995,2817859,PvP109,2817859.3,7,https://ftp.ncbi.nlm.nih.gov/genomes/all/GCF/017/877/035/GCF_017877035.1_ASM1787703v1,7,2817859.3.fna,GCF_017877035.1_ASM1787703v1_genomic.fna, 7523860, 7523860,2817859.3.fna_vs_GCF_017877035.1_ASM1787703v1_genomic.fna_blast.xml,0,0,0,0,0,0,0,0,7523860,0,0,0,0,0,0,2817859_subject_array_1739745610.bin
142006,2817899,OAE908,2817899.3,7,https://ftp.ncbi.nlm.nih.gov/genomes/all/GCF/017/872/775/GCF_017872775.1_ASM1787277v1,7,2817899.3.fna,GCF_017872775.1_ASM1787277v1_genomic.fna, 6996732, 6996732,2817899.3.fna_vs_GCF_017872775.1_ASM1787277v1_genomic.fna_blast.xml,0,0,0,0,0,0,0,189,6996543,0,0,0,0,0,0,2817899_subject_array_1739745617.bin
142209,28189,11014B-1,28189.10,7,https://ftp.ncbi.nlm.nih.gov/genomes/all/GCF/018/332/575/GCF_018332575.1_ASM1833257v1,7,28189.10.fna,GCF_018332575.1_ASM1833257v1_genomic.fna, 2598583, 2598583,28189.10.fna_vs_GCF_018332575.1_ASM1833257v1_genomic.fna_blast.xml,0,0,0,0,0,0,0,790,2597792,0,0,0,1,0,0,28189_subject_array_1739745619.bin
142713,28200,BJSY19SF1-1,28200.78,7,https://ftp.ncbi.nlm.nih.gov/genomes/all/GCF/033/796/465/GCF_033796465.1_ASM3379646v1,7,28200.78.fna,GCF_033796465.1_ASM3379646v1_genomic.fna, 1809359, 1809359,28200.78.fna_vs_GCF_033796465.1_ASM3379646v1_genomic.fna_blast.xml,0,0,0,0,0,0,0,0,1809359,0,0,0,0,0,0,28200_subject_array_1739745620.bin
142786,28210,DSM 6462,28210.14,7,https://ftp.ncbi.nlm.nih.gov/genomes/all/GCF/018/398/275/GCF_018398275.1_ASM1839827v1,7,28210.14.fna,GCF_018398275.1_ASM1839827v1_genomic.fna, 7299678, 7299678,28210.14.fna_vs_GCF_018398275.1_ASM1839827v1_genomic.fna_blast.xml,0,0,0,0,0,0,0,0,7299678,0,0,0,0,0,0,28210_subject_array_1739745628.bin
142856,2822132,AW1.7,2822132.3,7,https://ftp.ncbi.nlm.nih.gov/genomes/all/GCF/018/085/225/GCF_018085225.1_ASM1808522v1,7,2822132.3.fna,GCF_018085225.1_ASM1808522v1_genomic.fna, 5130057, 5130057,2822132.3.fna_vs_GCF_018085225.1_ASM1808522v1_genomic.fna_blast.xml,0,0,0,0,0,0,0,0,5130057,0,0,0,0,0,0,2822132_subject_array_1739745634.bin
142956,2823725,WAJ14-Wanaka,2823725.3,7,https://ftp.ncbi.nlm.nih.gov/genomes/all/GCF/024/345/375/GCF_024345375.1_ASM2434537v1,7,2823725.3.fna,GCF_024345375.1_ASM2434537v1_genomic.fna, 2144642, 2144642,2823725.3.fna_vs_GCF_024345375.1_ASM2434537v1_genomic.fna_blast.xml,0,0,0,0,0,0,0,0,2144642,0,0,0,0,0,0,2823725_subject_array_1739745636.bin
143095,2825889,9.1(2021),2825889.3,7,https://ftp.ncbi.nlm.nih.gov/genomes/all/GCF/030/466/425/GCF_030466425.1_ASM3046642v1,7,2825889.3.fna,GCF_030466425.1_ASM3046642v1_genomic.fna, 1798038, 1798038,2825889.3.fna_vs_GCF_030466425.1_ASM3046642v1_genomic.fna_blast.xml,0,0,0,0,0,0,0,0,1798038,0,0,0,0,0,0,2825889_subject_array_1739745638.bin
143112,2826995,TSL6,2826995.10,7,https://ftp.ncbi.nlm.nih.gov/genomes/all/GCF/019/972/115/GCF_019972115.1_ASM1997211v1,7,2826995.10.fna,GCF_019972115.1_ASM1997211v1_genomic.fna, 2254663, 2254663,2826995.10.fna_vs_GCF_019972115.1_ASM1997211v1_genomic.fna_blast.xml,0,0,0,0,0,0,0,0,2254663,0,0,0,0,0,0,2826995_subject_array_1739745639.bin
143189,2827235,WH131,2827235.3,7,https://ftp.ncbi.nlm.nih.gov/genomes/all/GCF/019/204/025/GCF_019204025.1_ASM1920402v1,7,2827235.3.fna,GCF_019204025.1_ASM1920402v1_genomic.fna, 3153164, 3153164,2827235.3.fna_vs_GCF_019204025.1_ASM1920402v1_genomic.fna_blast.xml,0,0,0,0,0,0,0,0,3153164,0,0,0,0,0,0,2827235_subject_array_1739745642.bin
143194,2828328,WH158,2828328.3,7,https://ftp.ncbi.nlm.nih.gov/genomes/all/GCF/019/204/045/GCF_019204045.1_ASM1920404v1,7,2828328.3.fna,GCF_019204045.1_ASM1920404v1_genomic.fna, 2586581, 2586581,2828328.3.fna_vs_GCF_019204045.1_ASM1920404v1_genomic.fna_blast.xml,0,0,0,0,0,0,0,0,2586581,0,0,0,0,0,0,2828328_subject_array_1739745645.bin
143222,2828363,SFY_F7,2828363.39,7,https://ftp.ncbi.nlm.nih.gov/genomes/all/GCF/037/646/025/GCF_037646025.1_ASM3764602v1,7,2828363.39.fna,GCF_037646025.1_ASM3764602v1_genomic.fna, 2529359, 2529359,2828363.39.fna_vs_GCF_037646025.1_ASM3764602v1_genomic.fna_blast.xml,0,0,0,0,0,0,0,0,2529359,0,0,0,0,0,0,2828363_subject_array_1739745647.bin
143244,2828781,ZWT,2828781.3,7,https://ftp.ncbi.nlm.nih.gov/genomes/all/GCF/023/684/385/GCF_023684385.1_ASM2368438v1,7,2828781.3.fna,GCF_023684385.1_ASM2368438v1_genomic.fna, 5335032, 5335032,2828781.3.fna_vs_GCF_023684385.1_ASM2368438v1_genomic.fna_blast.xml,0,0,0,0,0,0,0,0,5335032,0,0,0,0,0,0,2828781_subject_array_1739745653.bin
143443,2835635,YT9,2835635.3,7,https://ftp.ncbi.nlm.nih.gov/genomes/all/GCF/018/398/315/GCF_018398315.1_ASM1839831v1,7,2835635.3.fna,GCF_018398315.1_ASM1839831v1_genomic.fna, 6741503, 6741503,2835635.3.fna_vs_GCF_018398315.1_ASM1839831v1_genomic.fna_blast.xml,0,0,0,0,0,0,0,0,6741503,0,0,0,0,0,0,2835635_subject_array_1739745660.bin
143510,2836867,DP1N21-5,2836867.3,7,https://ftp.ncbi.nlm.nih.gov/genomes/all/GCF/019/218/295/GCF_019218295.1_ASM1921829v1,7,2836867.3.fna,GCF_019218295.1_ASM1921829v1_genomic.fna, 3858566, 3858566,2836867.3.fna_vs_GCF_019218295.1_ASM1921829v1_genomic.fna_blast.xml,0,0,0,0,0,0,0,0,3858565,0,0,1,0,0,0,2836867_subject_array_1739745665.bin
143811,283734,DSP036,283734.2391,7,https://ftp.ncbi.nlm.nih.gov/genomes/all/GCF/016/482/105/GCF_016482105.1_ASM1648210v1,7,283734.2391.fna,GCF_016482105.1_ASM1648210v1_genomic.fna, 2927015, 2927015,283734.2391.fna_vs_GCF_016482105.1_ASM1648210v1_genomic.fna_blast.xml,0,0,0,0,0,0,0,0,2927015,0,0,0,0,0,0,283734_subject_array_1739745669.bin
144263,2840474,con5,2840474.3,7,https://ftp.ncbi.nlm.nih.gov/genomes/all/GCF/018/798/885/GCF_018798885.1_ASM1879888v1,7,2840474.3.fna,GCF_018798885.1_ASM1879888v1_genomic.fna, 4677627, 4677627,2840474.3.fna_vs_GCF_018798885.1_ASM1879888v1_genomic.fna_blast.xml,0,0,0,0,0,0,0,0,4677627,0,0,0,0,0,0,2840474_subject_array_1739745674.bin
144374,2842353,COR58,2842353.3,7,https://ftp.ncbi.nlm.nih.gov/genomes/all/GCF/019/145/435/GCF_019145435.1_ASM1914543v1,7,2842353.3.fna,GCF_019145435.1_ASM1914543v1_genomic.fna, 6133900, 6133900,2842353.3.fna_vs_GCF_019145435.1_ASM1914543v1_genomic.fna_blast.xml,0,0,0,0,0,0,0,0,6133900,0,0,0,0,0,0,2842353_subject_array_1739745683.bin
146174,2849491,TAE3-ERU12,2849491.3,7,https://ftp.ncbi.nlm.nih.gov/genomes/all/GCF/019/209/905/GCF_019209905.1_ASM1920990v1,7,2849491.3.fna,GCF_019209905.1_ASM1920990v1_genomic.fna, 2217854, 2217854,2849491.3.fna_vs_GCF_019209905.1_ASM1920990v1_genomic.fna_blast.xml,0,0,0,0,0,0,0,0,2217854,0,0,0,0,0,0,2849491_subject_array_1739745686.bin
146208,285,NCTC10698,285.64,7,https://ftp.ncbi.nlm.nih.gov/genomes/all/GCF/900/461/225/GCF_900461225.1_51108_F01,7,285.64.fna,GCF_900461225.1_51108_F01_genomic.fna, 5523746, 5523746,285.64.fna_vs_GCF_900461225.1_51108_F01_genomic.fna_blast.xml,0,0,0,0,0,0,0,0,5523739,0,0,2,5,0,0,285_subject_array_1739745692.bin
146292,285351,CGMCC 1.3457,285351.5,7,https://ftp.ncbi.nlm.nih.gov/genomes/all/GCF/014/653/315/GCF_014653315.1_ASM1465331v1,7,285351.5.fna,GCF_014653315.1_ASM1465331v1_genomic.fna, 2899934, 2899934,285351.5.fna_vs_GCF_014653315.1_ASM1465331v1_genomic.fna_blast.xml,0,0,0,0,0,0,0,60,2899874,0,0,0,0,0,0,285351_subject_array_1739745696.bin
146587,2862868,F4218,2862868.3,7,https://ftp.ncbi.nlm.nih.gov/genomes/all/GCF/019/443/085/GCF_019443085.1_ASM1944308v1,7,2862868.3.fna,GCF_019443085.1_ASM1944308v1_genomic.fna, 4151724, 4151724,2862868.3.fna_vs_GCF_019443085.1_ASM1944308v1_genomic.fna_blast.xml,0,0,0,0,0,0,0,0,4151724,0,0,0,0,0,0,2862868_subject_array_1739745701.bin
146687,2866582,Marseille-Q4284,2866582.9,7,https://ftp.ncbi.nlm.nih.gov/genomes/all/GCF/916/618/945/GCF_916618945.1_PRJEB46708,7,2866582.9.fna,GCF_916618945.1_PRJEB46708_genomic.fna, 4825467, 4825467,2866582.9.fna_vs_GCF_916618945.1_PRJEB46708_genomic.fna_blast.xml,0,0,0,0,0,0,0,0,4825467,0,0,0,0,0,0,2866582_subject_array_1739745708.bin
146719,2867012,W003,2867012.3,7,https://ftp.ncbi.nlm.nih.gov/genomes/all/GCF/025/144/335/GCF_025144335.1_ASM2514433v1,7,2867012.3.fna,GCF_025144335.1_ASM2514433v1_genomic.fna, 3422038, 3422038,2867012.3.fna_vs_GCF_025144335.1_ASM2514433v1_genomic.fna_blast.xml,0,0,0,0,0,0,0,0,3422038,0,0,0,0,0,0,2867012_subject_array_1739745713.bin
146721,2867014,M527,2867014.3,7,https://ftp.ncbi.nlm.nih.gov/genomes/all/GCF/025/141/525/GCF_025141525.1_ASM2514152v1,7,2867014.3.fna,GCF_025141525.1_ASM2514152v1_genomic.fna, 5142735, 5142735,2867014.3.fna_vs_GCF_025141525.1_ASM2514152v1_genomic.fna_blast.xml,0,0,0,0,0,0,0,0,5142735,0,0,0,0,0,0,2867014_subject_array_1739745720.bin
146722,2867015,M658,2867015.3,7,https://ftp.ncbi.nlm.nih.gov/genomes/all/GCF/025/144/145/GCF_025144145.1_ASM2514414v1,7,2867015.3.fna,GCF_025144145.1_ASM2514414v1_genomic.fna, 4890622, 4890622,2867015.3.fna_vs_GCF_025144145.1_ASM2514414v1_genomic.fna_blast.xml,0,0,0,0,0,0,0,0,4890622,0,0,0,0,0,0,2867015_subject_array_1739745727.bin
146723,2867016,S132,2867016.3,7,https://ftp.ncbi.nlm.nih.gov/genomes/all/GCF/025/144/465/GCF_025144465.1_ASM2514446v1,7,2867016.3.fna,GCF_025144465.1_ASM2514446v1_genomic.fna, 4686151, 4686151,2867016.3.fna_vs_GCF_025144465.1_ASM2514446v1_genomic.fna_blast.xml,0,0,0,0,0,0,0,0,4686151,0,0,0,0,0,0,2867016_subject_array_1739745733.bin
146739,2867239,6B39,2867239.3,7,https://ftp.ncbi.nlm.nih.gov/genomes/all/GCF/019/711/565/GCF_019711565.1_ASM1971156v1,7,2867239.3.fna,GCF_019711565.1_ASM1971156v1_genomic.fna, 3112260, 3112260,2867239.3.fna_vs_GCF_019711565.1_ASM1971156v1_genomic.fna_blast.xml,0,0,0,0,0,0,0,0,3112260,0,0,0,0,0,0,2867239_subject_array_1739745738.bin
146742,2867242,GH25,2867242.3,7,https://ftp.ncbi.nlm.nih.gov/genomes/all/GCF/019/711/555/GCF_019711555.1_ASM1971155v1,7,2867242.3.fna,GCF_019711555.1_ASM1971155v1_genomic.fna, 3168876, 3168876,2867242.3.fna_vs_GCF_019711555.1_ASM1971155v1_genomic.fna_blast.xml,0,0,0,0,0,0,0,0,3168876,0,0,0,0,0,0,2867242_subject_array_1739745743.bin
146877,287,0056T,287.36865,7,https://ftp.ncbi.nlm.nih.gov/genomes/all/GCF/039/684/275/GCF_039684275.1_ASM3968427v1,7,287.36865.fna,GCF_039684275.1_ASM3968427v1_genomic.fna, 7265957, 7265957,287.36865.fna_vs_GCF_039684275.1_ASM3968427v1_genomic.fna_blast.xml,0,0,0,0,0,0,0,0,7265957,0,0,0,0,0,0,287_subject_array_1739745753.bin
150620,287,KK6,287.33020,7,https://ftp.ncbi.nlm.nih.gov/genomes/all/GCF/033/345/415/GCF_033345415.1_ASM3334541v1,7,287.33020.fna,GCF_033345415.1_ASM3334541v1_genomic.fna, 6815935, 6815935,287.33020.fna_vs_GCF_033345415.1_ASM3334541v1_genomic.fna_blast.xml,0,0,0,0,0,0,0,0,6815935,0,0,0,0,0,0,287_subject_array_1739745763.bin
150633,287,KOL14.W.495.35,287.13850,7,https://ftp.ncbi.nlm.nih.gov/genomes/all/GCF/016/622/265/GCF_016622265.1_ASM1662226v1,7,287.13850.fna,GCF_016622265.1_ASM1662226v1_genomic.fna, 6489606, 6489606,287.13850.fna_vs_GCF_016622265.1_ASM1662226v1_genomic.fna_blast.xml,0,0,0,0,0,0,0,556,6489050,0,0,0,0,0,0,287_subject_array_1739745772.bin
150634,287,KOL14.W.495.36,287.13847,7,https://ftp.ncbi.nlm.nih.gov/genomes/all/GCF/016/622/205/GCF_016622205.1_ASM1662220v1,7,287.13847.fna,GCF_016622205.1_ASM1662220v1_genomic.fna, 6488262, 6488262,287.13847.fna_vs_GCF_016622205.1_ASM1662220v1_genomic.fna_blast.xml,0,0,0,0,0,0,0,0,6488262,0,0,0,0,0,0,287_subject_array_1739745781.bin
151250,287,NCTC11447,287.6518,7,https://ftp.ncbi.nlm.nih.gov/genomes/all/GCF/900/455/405/GCF_900455405.1_43941_D01,7,287.6518.fna,GCF_900455405.1_43941_D01_genomic.fna, 6836906, 6836906,287.6518.fna_vs_GCF_900455405.1_43941_D01_genomic.fna_blast.xml,0,0,0,0,0,0,0,0,6836904,0,0,2,0,0,0,287_subject_array_1739745790.bin
152990,287,PaLo28,287.28407,7,https://ftp.ncbi.nlm.nih.gov/genomes/all/GCF/027/855/975/GCF_027855975.1_ASM2785597v1,7,287.28407.fna,GCF_027855975.1_ASM2785597v1_genomic.fna, 6752444, 6780366,287.28407.fna_vs_GCF_027855975.1_ASM2785597v1_genomic.fna_blast.xml,0,0,0,0,0,0,0,27919,6752446,0,0,1,0,0,0,287_subject_array_1739745802.bin
152996,287,PaLo500,287.28402,7,https://ftp.ncbi.nlm.nih.gov/genomes/all/GCF/027/855/815/GCF_027855815.1_ASM2785581v1,7,287.28402.fna,GCF_027855815.1_ASM2785581v1_genomic.fna, 3069235, 6796517,287.28402.fna_vs_GCF_027855815.1_ASM2785581v1_genomic.fna_blast.xml,0,0,697,115,0,0,372,3611915,3108353,0,559,14269,59382,0,855,287_subject_array_1739745809.bin
153003,287,PaLo518,287.28392,7,https://ftp.ncbi.nlm.nih.gov/genomes/all/GCF/027/855/625/GCF_027855625.1_ASM2785562v1,7,287.28392.fna,GCF_027855625.1_ASM2785562v1_genomic.fna, 5676666, 6459927,287.28392.fna_vs_GCF_027855625.1_ASM2785562v1_genomic.fna_blast.xml,0,0,133,41,0,0,95,752897,5687690,0,229,3735,14966,0,141,287_subject_array_1739745819.bin
154682,287,ZBX-P1,287.14413,7,https://ftp.ncbi.nlm.nih.gov/genomes/all/GCF/017/694/055/GCF_017694055.1_ASM1769405v1,7,287.14413.fna,GCF_017694055.1_ASM1769405v1_genomic.fna, 7123450, 7123450,287.14413.fna_vs_GCF_017694055.1_ASM1769405v1_genomic.fna_blast.xml,0,0,0,0,0,0,2,0,7123448,0,0,0,0,0,0,287_subject_array_1739745829.bin
154690,287,ZBX-P17,287.14399,7,https://ftp.ncbi.nlm.nih.gov/genomes/all/GCF/017/693/665/GCF_017693665.1_ASM1769366v1,7,287.14399.fna,GCF_017693665.1_ASM1769366v1_genomic.fna, 7159705, 7159705,287.14399.fna_vs_GCF_017693665.1_ASM1769366v1_genomic.fna_blast.xml,0,0,0,0,0,0,0,0,7159705,0,0,0,0,0,0,287_subject_array_1739745839.bin
154702,287,ZBX-P7,287.14407,7,https://ftp.ncbi.nlm.nih.gov/genomes/all/GCF/017/693/875/GCF_017693875.1_ASM1769387v1,7,287.14407.fna,GCF_017693875.1_ASM1769387v1_genomic.fna, 7100218, 7100218,287.14407.fna_vs_GCF_017693875.1_ASM1769387v1_genomic.fna_blast.xml,0,0,0,0,0,0,0,0,7100218,0,0,0,0,0,0,287_subject_array_1739745849.bin
154730,287,ZY1167,287.29221,7,https://ftp.ncbi.nlm.nih.gov/genomes/all/GCF/028/994/375/GCF_028994375.1_ASM2899437v1,7,287.29221.fna,GCF_028994375.1_ASM2899437v1_genomic.fna, 7070762, 7070762,287.29221.fna_vs_GCF_028994375.1_ASM2899437v1_genomic.fna_blast.xml,0,0,0,0,0,0,0,0,7070762,0,0,0,0,0,0,287_subject_array_1739745858.bin
155112,2873702,RG53,2873702.9,7,https://ftp.ncbi.nlm.nih.gov/genomes/all/GCF/020/179/605/GCF_020179605.1_ASM2017960v1,7,2873702.9.fna,GCF_020179605.1_ASM2017960v1_genomic.fna, 4684271, 4684271,2873702.9.fna_vs_GCF_020179605.1_ASM2017960v1_genomic.fna_blast.xml,0,0,0,0,0,0,0,0,4684271,0,0,0,0,0,0,2873702_subject_array_1739745864.bin
155289,2878545,CFD-1,2878545.4,7,https://ftp.ncbi.nlm.nih.gov/genomes/all/GCF/024/611/115/GCF_024611115.1_ASM2461111v1,7,2878545.4.fna,GCF_024611115.1_ASM2461111v1_genomic.fna, 4262581, 4262581,2878545.4.fna_vs_GCF_024611115.1_ASM2461111v1_genomic.fna_blast.xml,0,0,0,0,0,0,0,0,4262581,0,0,0,0,0,0,2878545_subject_array_1739745869.bin
155307,2878857,JKS002663,2878857.3,7,https://ftp.ncbi.nlm.nih.gov/genomes/all/GCF/023/566/245/GCF_023566245.1_ASM2356624v1,7,2878857.3.fna,GCF_023566245.1_ASM2356624v1_genomic.fna,  762874,  762874,2878857.3.fna_vs_GCF_023566245.1_ASM2356624v1_genomic.fna_blast.xml,0,0,0,0,0,0,0,0,762874,0,0,0,0,0,0,2878857_subject_array_1739745870.bin
155308,2878858,JKS002664,2878858.3,7,https://ftp.ncbi.nlm.nih.gov/genomes/all/GCF/023/566/145/GCF_023566145.1_ASM2356614v1,7,2878858.3.fna,GCF_023566145.1_ASM2356614v1_genomic.fna,  765176,  765176,2878858.3.fna_vs_GCF_023566145.1_ASM2356614v1_genomic.fna_blast.xml,0,0,0,0,0,0,0,0,765176,0,0,0,0,0,0,2878858_subject_array_1739745870.bin
155504,2885078,RDE2,2885078.8,7,https://ftp.ncbi.nlm.nih.gov/genomes/all/GCF/020/885/655/GCF_020885655.1_ASM2088565v1,7,2885078.8.fna,GCF_020885655.1_ASM2088565v1_genomic.fna, 5715406, 5715406,2885078.8.fna_vs_GCF_020885655.1_ASM2088565v1_genomic.fna_blast.xml,0,0,0,0,0,0,0,0,5715406,0,0,0,0,0,0,2885078_subject_array_1739745876.bin
155506,2885079,SS37A-Re,2885079.3,7,https://ftp.ncbi.nlm.nih.gov/genomes/all/GCF/027/925/385/GCF_027925385.1_ASM2792538v1,7,2885079.3.fna,GCF_027925385.1_ASM2792538v1_genomic.fna, 4403053, 4483149,2885079.3.fna_vs_GCF_027925385.1_ASM2792538v1_genomic.fna_blast.xml,0,0,0,5,0,0,37,16574,4465197,0,59,1244,33,0,0,2885079_subject_array_1739745885.bin
157076,28901,CrieF1110,28901.18503,7,https://ftp.ncbi.nlm.nih.gov/genomes/all/GCF/026/195/415/GCF_026195415.1_ASM2619541v1,7,28901.18503.fna,GCF_026195415.1_ASM2619541v1_genomic.fna, 4956372, 4956372,28901.18503.fna_vs_GCF_026195415.1_ASM2619541v1_genomic.fna_blast.xml,0,0,0,0,0,0,0,0,4956372,0,0,0,0,0,0,28901_subject_array_1739745891.bin
158496,2893754,F-126,2893754.7,7,https://ftp.ncbi.nlm.nih.gov/genomes/all/GCF/020/905/335/GCF_020905335.1_ASM2090533v1,7,2893754.7.fna,GCF_020905335.1_ASM2090533v1_genomic.fna, 5774987, 5774987,2893754.7.fna_vs_GCF_020905335.1_ASM2090533v1_genomic.fna_blast.xml,0,0,0,0,0,0,0,0,5774987,0,0,0,0,0,0,2893754_subject_array_1739745898.bin
158537,2895469,NGK35,2895469.7,7,https://ftp.ncbi.nlm.nih.gov/genomes/all/GCF/022/230/885/GCF_022230885.1_ASM2223088v1,7,2895469.7.fna,GCF_022230885.1_ASM2223088v1_genomic.fna, 3665035, 3665035,2895469.7.fna_vs_GCF_022230885.1_ASM2223088v1_genomic.fna_blast.xml,0,0,0,0,0,0,0,0,3665035,0,0,0,0,0,0,2895469_subject_array_1739745902.bin
158636,2898429,J193,2898429.4,7,https://ftp.ncbi.nlm.nih.gov/genomes/all/GCF/024/700/075/GCF_024700075.1_ASM2470007v1,7,2898429.4.fna,GCF_024700075.1_ASM2470007v1_genomic.fna, 5664156, 5664156,2898429.4.fna_vs_GCF_024700075.1_ASM2470007v1_genomic.fna_blast.xml,0,0,0,0,0,0,0,0,5664156,0,0,0,0,0,0,2898429_subject_array_1739745908.bin
158643,2898436,J372,2898436.4,7,https://ftp.ncbi.nlm.nih.gov/genomes/all/GCF/024/699/965/GCF_024699965.1_ASM2469996v1,7,2898436.4.fna,GCF_024699965.1_ASM2469996v1_genomic.fna, 3530375, 3530375,2898436.4.fna_vs_GCF_024699965.1_ASM2469996v1_genomic.fna_blast.xml,0,0,0,0,0,0,0,0,3530375,0,0,0,0,0,0,2898436_subject_array_1739745912.bin
158654,2898581,RT5S,2898581.7,7,https://ftp.ncbi.nlm.nih.gov/genomes/all/GCF/021/165/755/GCF_021165755.1_ASM2116575v1,7,2898581.7.fna,GCF_021165755.1_ASM2116575v1_genomic.fna, 1181605, 1181605,2898581.7.fna_vs_GCF_021165755.1_ASM2116575v1_genomic.fna_blast.xml,0,0,0,0,0,0,0,0,1181605,0,0,0,0,0,0,2898581_subject_array_1739745914.bin
158834,2903142,EGI L10124,2903142.8,7,https://ftp.ncbi.nlm.nih.gov/genomes/all/GCF/021/246/445/GCF_021246445.1_ASM2124644v1,7,2903142.8.fna,GCF_021246445.1_ASM2124644v1_genomic.fna, 3908307, 3908307,2903142.8.fna_vs_GCF_021246445.1_ASM2124644v1_genomic.fna_blast.xml,0,0,0,0,0,0,0,0,3908307,0,0,0,0,0,0,2903142_subject_array_1739745918.bin
158938,2903688,NBC_00906,2903688.3,7,https://ftp.ncbi.nlm.nih.gov/genomes/all/GCF/026/341/115/GCF_026341115.1_ASM2634111v1,7,2903688.3.fna,GCF_026341115.1_ASM2634111v1_genomic.fna, 10207659, 10207659,2903688.3.fna_vs_GCF_026341115.1_ASM2634111v1_genomic.fna_blast.xml,0,0,0,0,0,0,4,0,10207650,0,2,3,0,0,0,2903688_subject_array_1739745931.bin
158954,2903782,NBC_01221,2903782.3,7,https://ftp.ncbi.nlm.nih.gov/genomes/all/GCF/026/340/925/GCF_026340925.1_ASM2634092v1,7,2903782.3.fna,GCF_026340925.1_ASM2634092v1_genomic.fna, 9510082, 9510082,2903782.3.fna_vs_GCF_026340925.1_ASM2634092v1_genomic.fna_blast.xml,0,0,0,0,0,0,0,0,9510081,0,1,0,0,0,0,2903782_subject_array_1739745950.bin
159053,2904241,KKR3/1,2904241.7,7,https://ftp.ncbi.nlm.nih.gov/genomes/all/GCF/021/272/365/GCF_021272365.1_ASM2127236v1,7,2904241.7.fna,GCF_021272365.1_ASM2127236v1_genomic.fna, 3651331, 3651331,2904241.7.fna_vs_GCF_021272365.1_ASM2127236v1_genomic.fna_blast.xml,0,0,0,0,0,0,0,0,3651331,0,0,0,0,0,0,2904241_subject_array_1739745956.bin
159072,2904537,JKS002670,2904537.3,7,https://ftp.ncbi.nlm.nih.gov/genomes/all/GCF/023/566/095/GCF_023566095.1_ASM2356609v1,7,2904537.3.fna,GCF_023566095.1_ASM2356609v1_genomic.fna,  872740,  872740,2904537.3.fna_vs_GCF_023566095.1_ASM2356609v1_genomic.fna_blast.xml,0,0,0,0,0,0,0,0,872740,0,0,0,0,0,0,2904537_subject_array_1739745958.bin
159097,2905879,SH20PTE14,2905879.7,7,https://ftp.ncbi.nlm.nih.gov/genomes/all/GCF/021/391/555/GCF_021391555.1_ASM2139155v1,7,2905879.7.fna,GCF_021391555.1_ASM2139155v1_genomic.fna, 3606270, 3606270,2905879.7.fna_vs_GCF_021391555.1_ASM2139155v1_genomic.fna_blast.xml,0,0,0,0,0,0,0,0,3606270,0,0,0,0,0,0,2905879_subject_array_1739745964.bin
159100,2905958,8cVS16,2905958.7,7,https://ftp.ncbi.nlm.nih.gov/genomes/all/GCF/021/344/005/GCF_021344005.1_ASM2134400v1,7,2905958.7.fna,GCF_021344005.1_ASM2134400v1_genomic.fna, 3906083, 3906083,2905958.7.fna_vs_GCF_021344005.1_ASM2134400v1_genomic.fna_blast.xml,0,0,0,0,0,0,0,0,3906083,0,0,0,0,0,0,2905958_subject_array_1739745974.bin
159781,2918527,K102,2918527.6,7,https://ftp.ncbi.nlm.nih.gov/genomes/all/GCF/022/385/315/GCF_022385315.1_ASM2238531v1,7,2918527.6.fna,GCF_022385315.1_ASM2238531v1_genomic.fna, 6741087, 6741087,2918527.6.fna_vs_GCF_022385315.1_ASM2238531v1_genomic.fna_blast.xml,0,0,0,0,0,0,0,0,6741086,0,0,1,0,0,0,2918527_subject_array_1739745985.bin
159842,2919923,CaF467b,2919923.5,7,https://ftp.ncbi.nlm.nih.gov/genomes/all/GCF/022/664/765/GCF_022664765.1_ASM2266476v1,7,2919923.5.fna,GCF_022664765.1_ASM2266476v1_genomic.fna, 1657714, 1657714,2919923.5.fna_vs_GCF_022664765.1_ASM2266476v1_genomic.fna_blast.xml,0,0,0,0,0,0,0,2193,1655521,0,0,0,0,0,0,2919923_subject_array_1739745989.bin
160268,2921387,FSL H8-0476,2921387.3,7,https://ftp.ncbi.nlm.nih.gov/genomes/all/GCF/038/007/645/GCF_038007645.1_ASM3800764v1,7,2921387.3.fna,GCF_038007645.1_ASM3800764v1_genomic.fna, 2480503, 2480503,2921387.3.fna_vs_GCF_038007645.1_ASM3800764v1_genomic.fna_blast.xml,0,0,0,0,0,0,0,0,2480503,0,0,0,0,0,0,2921387_subject_array_1739745993.bin
160269,2921388,FSL H8-0477,2921388.3,7,https://ftp.ncbi.nlm.nih.gov/genomes/all/GCF/038/002/765/GCF_038002765.1_ASM3800276v1,7,2921388.3.fna,GCF_038002765.1_ASM3800276v1_genomic.fna, 4470628, 4470628,2921388.3.fna_vs_GCF_038002765.1_ASM3800276v1_genomic.fna_blast.xml,0,0,0,0,0,0,0,0,4470628,0,0,0,0,0,0,2921388_subject_array_1739746001.bin
160306,2921442,FSL H7-0918,2921442.3,7,https://ftp.ncbi.nlm.nih.gov/genomes/all/GCF/038/007/025/GCF_038007025.1_ASM3800702v1,7,2921442.3.fna,GCF_038007025.1_ASM3800702v1_genomic.fna, 6890524, 6890524,2921442.3.fna_vs_GCF_038007025.1_ASM3800702v1_genomic.fna_blast.xml,0,0,0,0,0,0,0,0,6890524,0,0,0,0,0,0,2921442_subject_array_1739746011.bin
160312,2921453,FSL K6-0773,2921453.3,7,https://ftp.ncbi.nlm.nih.gov/genomes/all/GCF/038/006/485/GCF_038006485.1_ASM3800648v1,7,2921453.3.fna,GCF_038006485.1_ASM3800648v1_genomic.fna, 2692910, 2692910,2921453.3.fna_vs_GCF_038006485.1_ASM3800648v1_genomic.fna_blast.xml,0,0,0,0,0,0,0,0,2692910,0,0,0,0,0,0,2921453_subject_array_1739746014.bin
160318,2921461,FSL K6-1106,2921461.3,7,https://ftp.ncbi.nlm.nih.gov/genomes/all/GCF/038/005/245/GCF_038005245.1_ASM3800524v1,7,2921461.3.fna,GCF_038005245.1_ASM3800524v1_genomic.fna, 3721866, 3721866,2921461.3.fna_vs_GCF_038005245.1_ASM3800524v1_genomic.fna_blast.xml,0,0,0,0,0,0,0,0,3721866,0,0,0,0,0,0,2921461_subject_array_1739746020.bin
160355,2921508,FSL K6-5616,2921508.3,7,https://ftp.ncbi.nlm.nih.gov/genomes/all/GCF/038/008/245/GCF_038008245.1_ASM3800824v1,7,2921508.3.fna,GCF_038008245.1_ASM3800824v1_genomic.fna, 5793971, 5793971,2921508.3.fna_vs_GCF_038008245.1_ASM3800824v1_genomic.fna_blast.xml,0,0,0,0,0,0,0,0,5793971,0,0,0,0,0,0,2921508_subject_array_1739746032.bin
160359,2921513,FSL L8-0098,2921513.3,7,https://ftp.ncbi.nlm.nih.gov/genomes/all/GCF/038/005/865/GCF_038005865.1_ASM3800586v1,7,2921513.3.fna,GCF_038005865.1_ASM3800586v1_genomic.fna, 6327262, 6327262,2921513.3.fna_vs_GCF_038005865.1_ASM3800586v1_genomic.fna_blast.xml,0,0,0,0,0,0,0,0,6327262,0,0,0,0,0,0,2921513_subject_array_1739746040.bin
160360,2921514,FSL L8-0099,2921514.3,7,https://ftp.ncbi.nlm.nih.gov/genomes/all/GCF/038/006/385/GCF_038006385.1_ASM3800638v1,7,2921514.3.fna,GCF_038006385.1_ASM3800638v1_genomic.fna, 6327089, 6327089,2921514.3.fna_vs_GCF_038006385.1_ASM3800638v1_genomic.fna_blast.xml,0,0,0,0,0,0,0,0,6327089,0,0,0,0,0,0,2921514_subject_array_1739746049.bin
160471,2921666,FSL R5-0923,2921666.3,7,https://ftp.ncbi.nlm.nih.gov/genomes/all/GCF/038/009/145/GCF_038009145.1_ASM3800914v1,7,2921666.3.fna,GCF_038009145.1_ASM3800914v1_genomic.fna, 7128841, 7128841,2921666.3.fna_vs_GCF_038009145.1_ASM3800914v1_genomic.fna_blast.xml,0,0,0,0,0,0,0,0,7128841,0,0,0,0,0,0,2921666_subject_array_1739746058.bin
160486,2921688,FSL R7-0668,2921688.3,7,https://ftp.ncbi.nlm.nih.gov/genomes/all/GCF/038/006/205/GCF_038006205.1_ASM3800620v1,7,2921688.3.fna,GCF_038006205.1_ASM3800620v1_genomic.fna, 4226822, 4226822,2921688.3.fna_vs_GCF_038006205.1_ASM3800620v1_genomic.fna_blast.xml,0,0,0,0,0,0,0,0,4226822,0,0,0,0,0,0,2921688_subject_array_1739746064.bin
160500,2921712,FSL W8-0209,2921712.3,7,https://ftp.ncbi.nlm.nih.gov/genomes/all/GCF/038/006/585/GCF_038006585.1_ASM3800658v1,7,2921712.3.fna,GCF_038006585.1_ASM3800658v1_genomic.fna, 2499176, 2499176,2921712.3.fna_vs_GCF_038006585.1_ASM3800658v1_genomic.fna_blast.xml,0,0,0,0,0,0,0,0,2499176,0,0,0,0,0,0,2921712_subject_array_1739746066.bin
160562,2922721,SG189,2922721.5,7,https://ftp.ncbi.nlm.nih.gov/genomes/all/GCF/022/808/865/GCF_022808865.1_ASM2280886v1,7,2922721.5.fna,GCF_022808865.1_ASM2280886v1_genomic.fna, 3230256, 3230256,2922721.5.fna_vs_GCF_022808865.1_ASM2280886v1_genomic.fna_blast.xml,0,0,0,0,0,0,0,0,3230256,0,0,0,0,0,0,2922721_subject_array_1739746071.bin
160564,2922723,SG198,2922723.5,7,https://ftp.ncbi.nlm.nih.gov/genomes/all/GCF/022/808/835/GCF_022808835.1_ASM2280883v1,7,2922723.5.fna,GCF_022808835.1_ASM2280883v1_genomic.fna, 3462833, 3462833,2922723.5.fna_vs_GCF_022808835.1_ASM2280883v1_genomic.fna_blast.xml,0,0,0,0,0,0,0,0,3462833,0,0,0,0,0,0,2922723_subject_array_1739746076.bin
160572,2922866,SG127,2922866.5,7,https://ftp.ncbi.nlm.nih.gov/genomes/all/GCF/022/808/915/GCF_022808915.1_ASM2280891v1,7,2922866.5.fna,GCF_022808915.1_ASM2280891v1_genomic.fna, 3904129, 3904129,2922866.5.fna_vs_GCF_022808915.1_ASM2280891v1_genomic.fna_blast.xml,0,0,0,0,0,0,0,0,3904129,0,0,0,0,0,0,2922866_subject_array_1739746082.bin
160578,2923088,JH25,2923088.5,7,https://ftp.ncbi.nlm.nih.gov/genomes/all/GCF/021/725/435/GCF_021725435.1_ASM2172543v1,7,2923088.5.fna,GCF_021725435.1_ASM2172543v1_genomic.fna, 5250246, 5250246,2923088.5.fna_vs_GCF_021725435.1_ASM2172543v1_genomic.fna_blast.xml,0,0,0,0,0,0,0,0,5250246,0,0,0,0,0,0,2923088_subject_array_1739746091.bin
160748,2926420,F47248L,2926420.5,7,https://ftp.ncbi.nlm.nih.gov/genomes/all/GCF/023/016/085/GCF_023016085.1_ASM2301608v1,7,2926420.5.fna,GCF_023016085.1_ASM2301608v1_genomic.fna, 3497406, 3497406,2926420.5.fna_vs_GCF_023016085.1_ASM2301608v1_genomic.fna_blast.xml,0,0,0,0,0,0,0,0,3497406,0,0,0,0,0,0,2926420_subject_array_1739746097.bin
162427,294,AVRO2,294.1027,7,https://ftp.ncbi.nlm.nih.gov/genomes/all/GCF/022/758/205/GCF_022758205.1_ASM2275820v1,7,294.1027.fna,GCF_022758205.1_ASM2275820v1_genomic.fna, 6492092, 6492092,294.1027.fna_vs_GCF_022758205.1_ASM2275820v1_genomic.fna_blast.xml,0,0,0,0,0,0,0,0,6492092,0,0,0,0,0,0,294_subject_array_1739746116.bin
162685,2942200,Marseille-Q5304,2942200.6,7,https://ftp.ncbi.nlm.nih.gov/genomes/all/GCF/943/737/015/GCF_943737015.1_PRJEB52569,7,2942200.6.fna,GCF_943737015.1_PRJEB52569_genomic.fna, 2284572, 2284572,2942200.6.fna_vs_GCF_943737015.1_PRJEB52569_genomic.fna_blast.xml,0,0,0,0,0,0,0,0,2284572,0,0,0,0,0,0,2942200_subject_array_1739746120.bin
162742,29430,11616,29430.78,7,https://ftp.ncbi.nlm.nih.gov/genomes/all/GCF/009/892/385/GCF_009892385.1_ASM989238v1,7,29430.78.fna,GCF_009892385.1_ASM989238v1_genomic.fna, 3615227, 3615227,29430.78.fna_vs_GCF_009892385.1_ASM989238v1_genomic.fna_blast.xml,0,0,0,0,0,0,0,0,3615227,0,0,0,0,0,0,29430_subject_array_1739746127.bin
162748,29430,2126ch,29430.77,7,https://ftp.ncbi.nlm.nih.gov/genomes/all/GCF/009/892/345/GCF_009892345.1_ASM989234v1,7,29430.77.fna,GCF_009892345.1_ASM989234v1_genomic.fna, 3670325, 3670325,29430.77.fna_vs_GCF_009892345.1_ASM989234v1_genomic.fna_blast.xml,0,0,0,0,0,0,0,0,3670324,0,0,1,0,0,0,29430_subject_array_1739746135.bin
162832,2944129,ZAF1911,2944129.3,7,https://ftp.ncbi.nlm.nih.gov/genomes/all/GCF/028/803/355/GCF_028803355.1_ASM2880335v1,7,2944129.3.fna,GCF_028803355.1_ASM2880335v1_genomic.fna, 9363296, 9363296,2944129.3.fna_vs_GCF_028803355.1_ASM2880335v1_genomic.fna_blast.xml,0,0,0,0,0,0,0,0,9363296,0,0,0,0,0,0,2944129_subject_array_1739746154.bin
162857,2944392,BYT-5,2944392.3,7,https://ftp.ncbi.nlm.nih.gov/genomes/all/GCF/023/546/785/GCF_023546785.1_ASM2354678v1,7,2944392.3.fna,GCF_023546785.1_ASM2354678v1_genomic.fna, 6003865, 6003865,2944392.3.fna_vs_GCF_023546785.1_ASM2354678v1_genomic.fna_blast.xml,0,0,0,0,0,0,0,0,6003865,0,0,0,0,0,0,2944392_subject_array_1739746166.bin
163279,29466,CM85Y_47,29466.1288,7,https://ftp.ncbi.nlm.nih.gov/genomes/all/GCF/036/321/765/GCF_036321765.1_ASM3632176v1,7,29466.1288.fna,GCF_036321765.1_ASM3632176v1_genomic.fna, 2059101, 2059101,29466.1288.fna_vs_GCF_036321765.1_ASM3632176v1_genomic.fna_blast.xml,0,0,0,0,0,0,0,0,2059101,0,0,0,0,0,0,29466_subject_array_1739746170.bin
163288,29466,K63,29466.1138,7,https://ftp.ncbi.nlm.nih.gov/genomes/all/GCF/019/731/115/GCF_019731115.1_ASM1973111v1,7,29466.1138.fna,GCF_019731115.1_ASM1973111v1_genomic.fna, 2074582, 2074582,29466.1138.fna_vs_GCF_019731115.1_ASM1973111v1_genomic.fna_blast.xml,0,0,0,0,0,0,0,191,2074391,0,0,0,0,0,0,29466_subject_array_1739746174.bin
164170,29519,935,29519.6,7,https://ftp.ncbi.nlm.nih.gov/genomes/all/GCF/000/714/705/GCF_000714705.1_935T,7,29519.6.fna,GCF_000714705.1_935T_genomic.fna, 1176739, 1176739,29519.6.fna_vs_GCF_000714705.1_935T_genomic.fna_blast.xml,0,0,0,0,0,0,0,0,1176739,0,0,0,0,0,0,29519_subject_array_1739746176.bin
164173,29519,FNG-1Z4,29519.491,7,https://ftp.ncbi.nlm.nih.gov/genomes/all/GCF/032/605/755/GCF_032605755.1_ASM3260575v1,7,29519.491.fna,GCF_032605755.1_ASM3260575v1_genomic.fna, 1084283, 1084283,29519.491.fna_vs_GCF_032605755.1_ASM3260575v1_genomic.fna_blast.xml,0,0,0,0,0,0,1,400,1083879,0,0,3,0,0,0,29519_subject_array_1739746178.bin
164174,29519,FNG-2Z14,29519.489,7,https://ftp.ncbi.nlm.nih.gov/genomes/all/GCF/032/603/535/GCF_032603535.1_ASM3260353v1,7,29519.489.fna,GCF_032603535.1_ASM3260353v1_genomic.fna, 1089716, 1089716,29519.489.fna_vs_GCF_032603535.1_ASM3260353v1_genomic.fna_blast.xml,0,0,0,0,0,0,0,300,1089413,0,1,2,0,0,0,29519_subject_array_1739746180.bin
164445,2954551,FSL W8-0304,2954551.3,7,https://ftp.ncbi.nlm.nih.gov/genomes/all/GCF/038/006/565/GCF_038006565.1_ASM3800656v1,7,2954551.3.fna,GCF_038006565.1_ASM3800656v1_genomic.fna, 2598459, 2598459,2954551.3.fna_vs_GCF_038006565.1_ASM3800656v1_genomic.fna_blast.xml,0,0,0,0,0,0,0,0,2598459,0,0,0,0,0,0,2954551_subject_array_1739746184.bin
164512,2954632,FSL W8-0774,2954632.3,7,https://ftp.ncbi.nlm.nih.gov/genomes/all/GCF/038/006/785/GCF_038006785.1_ASM3800678v1,7,2954632.3.fna,GCF_038006785.1_ASM3800678v1_genomic.fna, 2530835, 2530835,2954632.3.fna_vs_GCF_038006785.1_ASM3800678v1_genomic.fna_blast.xml,0,0,0,0,0,0,0,0,2530835,0,0,0,0,0,0,2954632_subject_array_1739746190.bin
164522,2954650,FSL W8-1251,2954650.3,7,https://ftp.ncbi.nlm.nih.gov/genomes/all/GCF/038/005/945/GCF_038005945.1_ASM3800594v1,7,2954650.3.fna,GCF_038005945.1_ASM3800594v1_genomic.fna, 3164674, 3164674,2954650.3.fna_vs_GCF_038005945.1_ASM3800594v1_genomic.fna_blast.xml,0,0,0,0,0,0,0,0,3164674,0,0,0,0,0,0,2954650_subject_array_1739746198.bin
164526,2954656,FSL W8-1348,2954656.3,7,https://ftp.ncbi.nlm.nih.gov/genomes/all/GCF/038/006/745/GCF_038006745.1_ASM3800674v1,7,2954656.3.fna,GCF_038006745.1_ASM3800674v1_genomic.fna, 5514103, 5514103,2954656.3.fna_vs_GCF_038006745.1_ASM3800674v1_genomic.fna_blast.xml,0,0,0,0,0,0,0,0,5514103,0,0,0,0,0,0,2954656_subject_array_1739746216.bin
164815,29562,OCAWY_21336,29562.113,7,https://ftp.ncbi.nlm.nih.gov/genomes/all/GCF/037/449/215/GCF_037449215.1_ASM3744921v1,7,29562.113.fna,GCF_037449215.1_ASM3744921v1_genomic.fna, 1059828, 1059828,29562.113.fna_vs_GCF_037449215.1_ASM3744921v1_genomic.fna_blast.xml,0,0,0,0,0,0,0,0,1059828,0,0,0,0,0,0,29562_subject_array_1739746220.bin
164833,29562,USP-SP750,29562.41,7,https://ftp.ncbi.nlm.nih.gov/genomes/all/GCF/030/548/725/GCF_030548725.1_ASM3054872v1,7,29562.41.fna,GCF_030548725.1_ASM3054872v1_genomic.fna, 1007692, 1007692,29562.41.fna_vs_GCF_030548725.1_ASM3054872v1_genomic.fna_blast.xml,0,0,0,0,0,0,0,0,1007692,0,0,0,0,0,0,29562_subject_array_1739746224.bin
164953,296,EH-H1,296.97,7,https://ftp.ncbi.nlm.nih.gov/genomes/all/GCF/033/123/385/GCF_033123385.1_ASM3312338v1,7,296.97.fna,GCF_033123385.1_ASM3312338v1_genomic.fna, 5392969, 5392969,296.97.fna_vs_GCF_033123385.1_ASM3312338v1_genomic.fna_blast.xml,0,0,0,0,0,0,1,0,5392968,0,0,0,0,0,0,296_subject_array_1739746237.bin
165044,2962577,ARD32,2962577.4,7,https://ftp.ncbi.nlm.nih.gov/genomes/all/GCF/031/844/385/GCF_031844385.1_ASM3184438v1,7,2962577.4.fna,GCF_031844385.1_ASM3184438v1_genomic.fna, 3010441, 3010441,2962577.4.fna_vs_GCF_031844385.1_ASM3184438v1_genomic.fna_blast.xml,0,0,0,0,0,0,0,0,3010441,0,0,0,0,0,0,2962577_subject_array_1739746243.bin
165169,2966554,C11,2966554.7,7,https://ftp.ncbi.nlm.nih.gov/genomes/all/GCF/024/496/285/GCF_024496285.1_ASM2449628v1,7,2966554.7.fna,GCF_024496285.1_ASM2449628v1_genomic.fna, 6159340, 6159340,2966554.7.fna_vs_GCF_024496285.1_ASM2449628v1_genomic.fna_blast.xml,0,0,0,0,0,0,0,0,6159340,0,0,0,0,0,0,2966554_subject_array_1739746255.bin
165373,2972765,BFG-638,2972765.3,7,https://ftp.ncbi.nlm.nih.gov/genomes/all/GCF/024/791/585/GCF_024791585.1_ASM2479158v1,7,2972765.3.fna,GCF_024791585.1_ASM2479158v1_genomic.fna, 6742890, 6742890,2972765.3.fna_vs_GCF_024791585.1_ASM2479158v1_genomic.fna_blast.xml,0,0,0,0,0,0,0,0,6742890,0,0,0,0,0,0,2972765_subject_array_1739746266.bin
165410,2973478,7083-14-GEN3,2973478.3,7,https://ftp.ncbi.nlm.nih.gov/genomes/all/GCF/024/742/075/GCF_024742075.1_ASM2474207v1,7,2973478.3.fna,GCF_024742075.1_ASM2474207v1_genomic.fna, 1752258, 1752258,2973478.3.fna_vs_GCF_024742075.1_ASM2474207v1_genomic.fna_blast.xml,0,0,0,0,0,0,0,0,1752258,0,0,0,0,0,0,2973478_subject_array_1739746270.bin
165458,2975273,CAU 1643,2975273.3,7,https://ftp.ncbi.nlm.nih.gov/genomes/all/GCF/024/919/275/GCF_024919275.1_ASM2491927v1,7,2975273.3.fna,GCF_024919275.1_ASM2491927v1_genomic.fna, 3772170, 3772170,2975273.3.fna_vs_GCF_024919275.1_ASM2491927v1_genomic.fna_blast.xml,0,0,0,0,0,0,0,600,3771570,0,0,0,0,0,0,2975273_subject_array_1739746276.bin
165460,2975280,JA880,2975280.4,7,https://ftp.ncbi.nlm.nih.gov/genomes/all/GCF/025/379/905/GCF_025379905.1_ASM2537990v1,7,2975280.4.fna,GCF_025379905.1_ASM2537990v1_genomic.fna, 3794364, 3794364,2975280.4.fna_vs_GCF_025379905.1_ASM2537990v1_genomic.fna_blast.xml,0,0,0,0,0,0,0,0,3794364,0,0,0,0,0,0,2975280_subject_array_1739746282.bin
165504,2975347,FSL K6-2592,2975347.3,7,https://ftp.ncbi.nlm.nih.gov/genomes/all/GCF/038/006/465/GCF_038006465.1_ASM3800646v1,7,2975347.3.fna,GCF_038006465.1_ASM3800646v1_genomic.fna, 2678561, 2678561,2975347.3.fna_vs_GCF_038006465.1_ASM3800646v1_genomic.fna_blast.xml,0,0,0,0,0,0,0,0,2678561,0,0,0,0,0,0,2975347_subject_array_1739746287.bin
165599,2975635,NBC_00059,2975635.3,7,https://ftp.ncbi.nlm.nih.gov/genomes/all/GCF/026/343/385/GCF_026343385.1_ASM2634338v1,7,2975635.3.fna,GCF_026343385.1_ASM2634338v1_genomic.fna, 9160659, 9160659,2975635.3.fna_vs_GCF_026343385.1_ASM2634338v1_genomic.fna_blast.xml,0,0,0,0,0,0,1,0,9160658,0,0,0,0,0,0,2975635_subject_array_1739746300.bin
165627,2975693,NBC_00264,2975693.3,7,https://ftp.ncbi.nlm.nih.gov/genomes/all/GCF/026/342/365/GCF_026342365.1_ASM2634236v1,7,2975693.3.fna,GCF_026342365.1_ASM2634236v1_genomic.fna, 10241172, 10241172,2975693.3.fna_vs_GCF_026342365.1_ASM2634236v1_genomic.fna_blast.xml,0,0,0,0,0,0,0,0,10241172,0,0,0,0,0,0,2975693_subject_array_1739746316.bin
165729,2975881,NBC_01565,2975881.3,7,https://ftp.ncbi.nlm.nih.gov/genomes/all/GCF/026/339/915/GCF_026339915.1_ASM2633991v1,7,2975881.3.fna,GCF_026339915.1_ASM2633991v1_genomic.fna, 9371932, 9371932,2975881.3.fna_vs_GCF_026339915.1_ASM2633991v1_genomic.fna_blast.xml,0,0,0,0,0,0,2,0,9371920,0,1,9,0,0,0,2975881_subject_array_1739746331.bin
165743,2975920,NBC_01719,2975920.3,7,https://ftp.ncbi.nlm.nih.gov/genomes/all/GCF/026/339/655/GCF_026339655.1_ASM2633965v1,7,2975920.3.fna,GCF_026339655.1_ASM2633965v1_genomic.fna, 12598022, 12598022,2975920.3.fna_vs_GCF_026339655.1_ASM2633965v1_genomic.fna_blast.xml,0,0,0,0,0,0,0,0,12598022,0,0,0,0,0,0,2975920_subject_array_1739746353.bin
165886,2977531,W1N,2977531.3,7,https://ftp.ncbi.nlm.nih.gov/genomes/all/GCF/025/421/715/GCF_025421715.1_ASM2542171v1,7,2977531.3.fna,GCF_025421715.1_ASM2542171v1_genomic.fna, 3325306, 3325306,2977531.3.fna_vs_GCF_025421715.1_ASM2542171v1_genomic.fna_blast.xml,0,0,0,0,0,0,0,0,3325306,0,0,0,0,0,0,2977531_subject_array_1739746359.bin
165898,2978210,FSL W8-0640,2978210.3,7,https://ftp.ncbi.nlm.nih.gov/genomes/all/GCF/038/007/725/GCF_038007725.1_ASM3800772v1,7,2978210.3.fna,GCF_038007725.1_ASM3800772v1_genomic.fna, 5918180, 5918180,2978210.3.fna_vs_GCF_038007725.1_ASM3800772v1_genomic.fna_blast.xml,0,0,0,0,0,0,0,0,5918180,0,0,0,0,0,0,2978210_subject_array_1739746370.bin
165905,2978217,CH_442,2978217.3,7,https://ftp.ncbi.nlm.nih.gov/genomes/all/GCF/038/007/105/GCF_038007105.1_ASM3800710v1,7,2978217.3.fna,GCF_038007105.1_ASM3800710v1_genomic.fna, 5424939, 5424939,2978217.3.fna_vs_GCF_038007105.1_ASM3800710v1_genomic.fna_blast.xml,0,0,0,0,0,0,0,0,5424939,0,0,0,0,0,0,2978217_subject_array_1739746379.bin
165907,2978219,FSL M7-1431,2978219.3,7,https://ftp.ncbi.nlm.nih.gov/genomes/all/GCF/038/008/405/GCF_038008405.1_ASM3800840v1,7,2978219.3.fna,GCF_038008405.1_ASM3800840v1_genomic.fna, 5609717, 5609717,2978219.3.fna_vs_GCF_038008405.1_ASM3800840v1_genomic.fna_blast.xml,0,0,0,0,0,0,0,0,5609717,0,0,0,0,0,0,2978219_subject_array_1739746389.bin
165966,2979331,HY406,2979331.3,7,https://ftp.ncbi.nlm.nih.gov/genomes/all/GCF/025/449/315/GCF_025449315.1_ASM2544931v1,7,2979331.3.fna,GCF_025449315.1_ASM2544931v1_genomic.fna, 3571790, 3571790,2979331.3.fna_vs_GCF_025449315.1_ASM2544931v1_genomic.fna_blast.xml,0,0,0,0,0,0,0,0,3571790,0,0,0,0,0,0,2979331_subject_array_1739746396.bin
166115,2983215,ESL0695,2983215.4,7,https://ftp.ncbi.nlm.nih.gov/genomes/all/GCF/029/392/135/GCF_029392135.1_ASM2939213v1,7,2983215.4.fna,GCF_029392135.1_ASM2939213v1_genomic.fna, 2705507, 2705507,2983215.4.fna_vs_GCF_029392135.1_ASM2939213v1_genomic.fna_blast.xml,0,0,0,0,0,0,0,0,2705507,0,0,0,0,0,0,2983215_subject_array_1739746401.bin
166157,2983825,JMF_15 NE4,2983825.3,7,https://ftp.ncbi.nlm.nih.gov/genomes/all/GCF/027/737/645/GCF_027737645.1_ASM2773764v1,7,2983825.3.fna,GCF_027737645.1_ASM2773764v1_genomic.fna, 1535669, 1535669,2983825.3.fna_vs_GCF_027737645.1_ASM2773764v1_genomic.fna_blast.xml,0,0,0,0,0,0,0,0,1535669,0,0,0,0,0,0,2983825_subject_array_1739746405.bin
166221,2984843,FF17,2984843.3,7,https://ftp.ncbi.nlm.nih.gov/genomes/all/GCF/025/813/715/GCF_025813715.1_ASM2581371v1,7,2984843.3.fna,GCF_025813715.1_ASM2581371v1_genomic.fna, 5991529, 5991529,2984843.3.fna_vs_GCF_025813715.1_ASM2581371v1_genomic.fna_blast.xml,0,0,0,0,0,0,0,0,5991529,0,0,0,0,0,0,2984843_subject_array_1739746416.bin
166493,2987522,chi3,2987522.3,7,https://ftp.ncbi.nlm.nih.gov/genomes/all/GCF/028/595/265/GCF_028595265.1_ASM2859526v1,7,2987522.3.fna,GCF_028595265.1_ASM2859526v1_genomic.fna, 4574923, 4574923,2987522.3.fna_vs_GCF_028595265.1_ASM2859526v1_genomic.fna_blast.xml,0,0,0,0,0,0,0,100,4574823,0,0,0,0,0,0,2987522_subject_array_1739746424.bin
166499,2987531,CPCC 101449,2987531.3,7,https://ftp.ncbi.nlm.nih.gov/genomes/all/GCF/031/921/685/GCF_031921685.1_ASM3192168v1,7,2987531.3.fna,GCF_031921685.1_ASM3192168v1_genomic.fna, 5826120, 5826120,2987531.3.fna_vs_GCF_031921685.1_ASM3192168v1_genomic.fna_blast.xml,0,0,0,0,0,0,0,0,5826120,0,0,0,0,0,0,2987531_subject_array_1739746433.bin
166816,2995137,SL37,2995137.3,7,https://ftp.ncbi.nlm.nih.gov/genomes/all/GCF/026/672/675/GCF_026672675.1_ASM2667267v1,7,2995137.3.fna,GCF_026672675.1_ASM2667267v1_genomic.fna, 8193990, 8193990,2995137.3.fna_vs_GCF_026672675.1_ASM2667267v1_genomic.fna_blast.xml,0,0,0,0,0,0,0,0,8193990,0,0,0,0,0,0,2995137_subject_array_1739746448.bin
167674,3014336,LMR881,3014336.3,7,https://ftp.ncbi.nlm.nih.gov/genomes/all/GCF/027/157/825/GCF_027157825.1_ASM2715782v1,7,3014336.3.fna,GCF_027157825.1_ASM2715782v1_genomic.fna, 5017947, 5017947,3014336.3.fna_vs_GCF_027157825.1_ASM2715782v1_genomic.fna_blast.xml,0,0,0,0,0,0,0,0,5017947,0,0,0,0,0,0,3014336_subject_array_1739746454.bin
167792,3017783,SCSIO 76264,3017783.3,7,https://ftp.ncbi.nlm.nih.gov/genomes/all/GCF/027/912/835/GCF_027912835.1_ASM2791283v1,7,3017783.3.fna,GCF_027912835.1_ASM2791283v1_genomic.fna, 3375162, 3534024,3017783.3.fna_vs_GCF_027912835.1_ASM2791283v1_genomic.fna_blast.xml,0,0,12,8,0,0,69,152054,3377657,0,89,892,3231,0,12,3017783_subject_array_1739746459.bin
167942,3019556,COR-2,3019556.3,7,https://ftp.ncbi.nlm.nih.gov/genomes/all/GCF/030/271/515/GCF_030271515.1_ASM3027151v1,7,3019556.3.fna,GCF_030271515.1_ASM3027151v1_genomic.fna, 3559918, 3559918,3019556.3.fna_vs_GCF_030271515.1_ASM3027151v1_genomic.fna_blast.xml,0,0,0,0,0,0,0,0,3559918,0,0,0,0,0,0,3019556_subject_array_1739746463.bin
167955,3019934,TP6,3019934.3,7,https://ftp.ncbi.nlm.nih.gov/genomes/all/GCF/035/921/825/GCF_035921825.1_ASM3592182v1,7,3019934.3.fna,GCF_035921825.1_ASM3592182v1_genomic.fna, 7503902, 7503902,3019934.3.fna_vs_GCF_035921825.1_ASM3592182v1_genomic.fna_blast.xml,0,0,0,0,0,0,0,0,7503902,0,0,0,0,0,0,3019934_subject_array_1739746473.bin
168953,3037479,E11,3037479.3,7,https://ftp.ncbi.nlm.nih.gov/genomes/all/GCF/032/813/545/GCF_032813545.1_ASM3281354v1,7,3037479.3.fna,GCF_032813545.1_ASM3281354v1_genomic.fna, 6106171, 6106171,3037479.3.fna_vs_GCF_032813545.1_ASM3281354v1_genomic.fna_blast.xml,0,0,0,0,0,0,0,579,6105592,0,0,0,0,0,0,3037479_subject_array_1739746480.bin
168983,3038551,LP003,3038551.3,7,https://ftp.ncbi.nlm.nih.gov/genomes/all/GCF/031/450/985/GCF_031450985.1_ASM3145098v1,7,3038551.3.fna,GCF_031450985.1_ASM3145098v1_genomic.fna, 7466524, 7466524,3038551.3.fna_vs_GCF_031450985.1_ASM3145098v1_genomic.fna_blast.xml,0,0,0,0,0,0,0,0,7466524,0,0,0,0,0,0,3038551_subject_array_1739746489.bin
169021,3039157,CB3171,3039157.4,7,https://ftp.ncbi.nlm.nih.gov/genomes/all/GCF/029/714/265/GCF_029714265.1_ASM2971426v1,7,3039157.4.fna,GCF_029714265.1_ASM2971426v1_genomic.fna, 7876664, 7876664,3039157.4.fna_vs_GCF_029714265.1_ASM2971426v1_genomic.fna_blast.xml,0,0,0,0,0,0,0,0,7876664,0,0,0,0,0,0,3039157_subject_array_1739746497.bin
169313,3043873,TBRC 16381,3043873.5,7,https://ftp.ncbi.nlm.nih.gov/genomes/all/GCF/029/953/265/GCF_029953265.1_ASM2995326v1,7,3043873.5.fna,GCF_029953265.1_ASM2995326v1_genomic.fna, 2410350, 2410350,3043873.5.fna_vs_GCF_029953265.1_ASM2995326v1_genomic.fna_blast.xml,0,0,0,0,0,0,0,0,2410350,0,0,0,0,0,0,3043873_subject_array_1739746500.bin
169322,3044210,YH-ols2217,3044210.3,7,https://ftp.ncbi.nlm.nih.gov/genomes/all/GCF/030/067/705/GCF_030067705.1_ASM3006770v1,7,3044210.3.fna,GCF_030067705.1_ASM3006770v1_genomic.fna, 2184331, 2184331,3044210.3.fna_vs_GCF_030067705.1_ASM3006770v1_genomic.fna_blast.xml,0,0,0,0,0,0,0,100,2184231,0,0,0,0,0,0,3044210_subject_array_1739746503.bin
169358,3045156,BT03,3045156.9,7,https://ftp.ncbi.nlm.nih.gov/genomes/all/GCF/030/053/155/GCF_030053155.1_ASM3005315v1,7,3045156.9.fna,GCF_030053155.1_ASM3005315v1_genomic.fna, 6907391, 6907391,3045156.9.fna_vs_GCF_030053155.1_ASM3005315v1_genomic.fna_blast.xml,0,0,0,0,0,0,0,0,6907391,0,0,0,0,0,0,3045156_subject_array_1739746511.bin
169359,3045157,BT04,3045157.15,7,https://ftp.ncbi.nlm.nih.gov/genomes/all/GCF/030/053/135/GCF_030053135.1_ASM3005313v1,7,3045157.15.fna,GCF_030053135.1_ASM3005313v1_genomic.fna, 6989060, 6989060,3045157.15.fna_vs_GCF_030053135.1_ASM3005313v1_genomic.fna_blast.xml,0,0,0,0,0,0,0,0,6989059,0,1,0,0,0,0,3045157_subject_array_1739746519.bin
169364,3045174,CHS3-4,3045174.3,7,https://ftp.ncbi.nlm.nih.gov/genomes/all/GCF/030/053/415/GCF_030053415.1_ASM3005341v1,7,3045174.3.fna,GCF_030053415.1_ASM3005341v1_genomic.fna, 3721838, 3721838,3045174.3.fna_vs_GCF_030053415.1_ASM3005341v1_genomic.fna_blast.xml,0,0,0,0,0,0,0,100,3721738,0,0,0,0,0,0,3045174_subject_array_1739746523.bin
169429,3046669,KAU_LT,3046669.3,7,https://ftp.ncbi.nlm.nih.gov/genomes/all/GCF/030/056/425/GCF_030056425.1_ASM3005642v1,7,3046669.3.fna,GCF_030056425.1_ASM3005642v1_genomic.fna, 7715201, 7715201,3046669.3.fna_vs_GCF_030056425.1_ASM3005642v1_genomic.fna_blast.xml,0,0,0,0,0,0,0,0,7715201,0,0,0,0,0,0,3046669_subject_array_1739746531.bin
169588,304899,B-2296,304899.11,7,https://ftp.ncbi.nlm.nih.gov/genomes/all/GCF/016/876/095/GCF_016876095.1_ASM1687609v1,7,304899.11.fna,GCF_016876095.1_ASM1687609v1_genomic.fna, 7519806, 7519806,304899.11.fna_vs_GCF_016876095.1_ASM1687609v1_genomic.fna_blast.xml,0,0,0,0,0,0,0,0,7519803,0,0,3,0,0,0,304899_subject_array_1739746541.bin
169947,3053467,MW4,3053467.4,7,https://ftp.ncbi.nlm.nih.gov/genomes/all/GCF/030/362/835/GCF_030362835.1_ASM3036283v1,7,3053467.4.fna,GCF_030362835.1_ASM3036283v1_genomic.fna, 3795804, 3795804,3053467.4.fna_vs_GCF_030362835.1_ASM3036283v1_genomic.fna_blast.xml,0,0,0,0,0,0,0,0,3795804,0,0,0,0,0,0,3053467_subject_array_1739746545.bin
170017,3055862,NJ4,3055862.3,7,https://ftp.ncbi.nlm.nih.gov/genomes/all/GCF/030/348/345/GCF_030348345.1_ASM3034834v1,7,3055862.3.fna,GCF_030348345.1_ASM3034834v1_genomic.fna, 5754325, 5754325,3055862.3.fna_vs_GCF_030348345.1_ASM3034834v1_genomic.fna_blast.xml,0,0,0,0,0,0,1,0,5754323,0,1,0,0,0,0,3055862_subject_array_1739746553.bin
170019,3055864,CF12,3055864.3,7,https://ftp.ncbi.nlm.nih.gov/genomes/all/GCF/030/348/765/GCF_030348765.1_ASM3034876v1,7,3055864.3.fna,GCF_030348765.1_ASM3034876v1_genomic.fna, 6169805, 6169805,3055864.3.fna_vs_GCF_030348765.1_ASM3034876v1_genomic.fna_blast.xml,0,0,0,0,0,0,0,0,6169805,0,0,0,0,0,0,3055864_subject_array_1739746562.bin
170084,3057307,SZCCHNS2021,3057307.3,7,https://ftp.ncbi.nlm.nih.gov/genomes/all/GCF/032/377/635/GCF_032377635.1_ASM3237763v1,7,3057307.3.fna,GCF_032377635.1_ASM3237763v1_genomic.fna, 7694912, 7694912,3057307.3.fna_vs_GCF_032377635.1_ASM3237763v1_genomic.fna_blast.xml,0,0,0,0,0,0,0,0,7694912,0,0,0,0,0,0,3057307_subject_array_1739746574.bin
170362,3061099,msm1,3061099.3,7,https://ftp.ncbi.nlm.nih.gov/genomes/all/GCF/032/025/805/GCF_032025805.1_ASM3202580v1,7,3061099.3.fna,GCF_032025805.1_ASM3202580v1_genomic.fna, 4625339, 4625339,3061099.3.fna_vs_GCF_032025805.1_ASM3202580v1_genomic.fna_blast.xml,0,0,0,0,0,0,0,0,4625339,0,0,0,0,0,0,3061099_subject_array_1739746583.bin
170684,3072793,MNP-M23,3072793.6,7,https://ftp.ncbi.nlm.nih.gov/genomes/all/GCF/031/195/445/GCF_031195445.1_ASM3119544v1,7,3072793.6.fna,GCF_031195445.1_ASM3119544v1_genomic.fna, 5164601, 5164601,3072793.6.fna_vs_GCF_031195445.1_ASM3119544v1_genomic.fna_blast.xml,0,0,0,0,0,0,0,0,5164601,0,0,0,0,0,0,3072793_subject_array_1739746590.bin
170750,3073865,EB5,3073865.6,7,https://ftp.ncbi.nlm.nih.gov/genomes/all/GCF/031/432/835/GCF_031432835.1_ASM3143283v1,7,3073865.6.fna,GCF_031432835.1_ASM3143283v1_genomic.fna, 5029345, 5029345,3073865.6.fna_vs_GCF_031432835.1_ASM3143283v1_genomic.fna_blast.xml,0,0,0,0,0,0,0,0,5029344,0,1,0,0,0,0,3073865_subject_array_1739746599.bin
170988,3075433,M110.8,3075433.3,7,https://ftp.ncbi.nlm.nih.gov/genomes/all/GCF/032/464/895/GCF_032464895.1_ASM3246489v1,7,3075433.3.fna,GCF_032464895.1_ASM3246489v1_genomic.fna, 4117279, 4117279,3075433.3.fna_vs_GCF_032464895.1_ASM3246489v1_genomic.fna_blast.xml,0,0,0,0,0,0,0,0,4117279,0,0,0,0,0,0,3075433_subject_array_1739746606.bin
171268,3082952,NL1,3082952.3,7,https://ftp.ncbi.nlm.nih.gov/genomes/all/GCF/033/469/355/GCF_033469355.1_ASM3346935v1,7,3082952.3.fna,GCF_033469355.1_ASM3346935v1_genomic.fna, 8071173, 8071173,3082952.3.fna_vs_GCF_033469355.1_ASM3346935v1_genomic.fna_blast.xml,0,0,0,0,0,0,0,0,8071173,0,0,0,0,0,0,3082952_subject_array_1739746620.bin
171321,3090662,AL20115,3090662.3,7,https://ftp.ncbi.nlm.nih.gov/genomes/all/GCF/033/798/705/GCF_033798705.1_ASM3379870v1,7,3090662.3.fna,GCF_033798705.1_ASM3379870v1_genomic.fna, 4306969, 4306969,3090662.3.fna_vs_GCF_033798705.1_ASM3379870v1_genomic.fna_blast.xml,0,0,0,0,0,0,0,0,4306969,0,0,0,0,0,0,3090662_subject_array_1739746638.bin
171344,3093922,GOD-10R,3093922.3,7,https://ftp.ncbi.nlm.nih.gov/genomes/all/GCF/035/609/205/GCF_035609205.1_ASM3560920v1,7,3093922.3.fna,GCF_035609205.1_ASM3560920v1_genomic.fna, 7508807, 7508807,3093922.3.fna_vs_GCF_035609205.1_ASM3560920v1_genomic.fna_blast.xml,0,0,0,0,0,0,0,0,7508807,0,0,0,0,0,0,3093922_subject_array_1739746651.bin
171400,3095342,LY160,3095342.3,7,https://ftp.ncbi.nlm.nih.gov/genomes/all/GCF/034/555/275/GCF_034555275.1_ASM3455527v1,7,3095342.3.fna,GCF_034555275.1_ASM3455527v1_genomic.fna, 2468722, 2468722,3095342.3.fna_vs_GCF_034555275.1_ASM3455527v1_genomic.fna_blast.xml,0,0,0,0,0,0,0,0,2468722,0,0,0,0,0,0,3095342_subject_array_1739746655.bin
171666,311180,YSBP01,311180.6,7,https://ftp.ncbi.nlm.nih.gov/genomes/all/GCF/003/111/685/GCF_003111685.1_ASM311168v1,7,311180.6.fna,GCF_003111685.1_ASM311168v1_genomic.fna, 5165968, 5165968,311180.6.fna_vs_GCF_003111685.1_ASM311168v1_genomic.fna_blast.xml,0,0,0,0,0,0,0,0,5165968,0,0,0,0,0,0,311180_subject_array_1739746664.bin
171678,311402,S4,311402.9,7,https://ftp.ncbi.nlm.nih.gov/genomes/all/GCF/000/016/285/GCF_000016285.1_ASM1628v1,7,311402.9.fna,GCF_000016285.1_ASM1628v1_genomic.fna, 6320946, 6320946,311402.9.fna_vs_GCF_000016285.1_ASM1628v1_genomic.fna_blast.xml,0,0,0,0,0,0,0,0,6320946,0,0,0,0,0,0,311402_subject_array_1739746674.bin
172351,318456,calba1.1,318456.44,7,https://ftp.ncbi.nlm.nih.gov/genomes/all/GCF/030/716/765/GCF_030716765.1_ASM3071676v1,7,318456.44.fna,GCF_030716765.1_ASM3071676v1_genomic.fna, 5200973, 5200973,318456.44.fna_vs_GCF_030716765.1_ASM3071676v1_genomic.fna_blast.xml,0,0,0,0,0,0,0,41117,5159856,0,0,0,0,0,0,318456_subject_array_1739746682.bin
172860,32022,CJ070CC21,32022.275,7,https://ftp.ncbi.nlm.nih.gov/genomes/all/GCF/002/110/615/GCF_002110615.1_Cjejuni.CJ070CC21_v1.0,7,32022.275.fna,GCF_002110615.1_Cjejuni.CJ070CC21_v1.0_genomic.fna, 1619532, 1619532,32022.275.fna_vs_GCF_002110615.1_Cjejuni.CJ070CC21_v1.0_genomic.fna_blast.xml,0,0,0,0,0,0,0,0,1619532,0,0,0,0,0,0,32022_subject_array_1739746685.bin
172948,32062,ATCC 27603,32062.8,7,https://ftp.ncbi.nlm.nih.gov/genomes/all/GCF/020/889/625/GCF_020889625.1_ASM2088962v1,7,32062.8.fna,GCF_020889625.1_ASM2088962v1_genomic.fna, 2827165, 2827165,32062.8.fna_vs_GCF_020889625.1_ASM2088962v1_genomic.fna_blast.xml,0,0,0,0,0,0,0,0,2827163,0,0,2,0,0,0,32062_subject_array_1739746689.bin
173119,321662,Devor,321662.4,7,https://ftp.ncbi.nlm.nih.gov/genomes/all/GCF/001/691/585/GCF_001691585.1_ASM169158v1,7,321662.4.fna,GCF_001691585.1_ASM169158v1_genomic.fna, 6016489, 6016489,321662.4.fna_vs_GCF_001691585.1_ASM169158v1_genomic.fna_blast.xml,0,0,0,0,0,0,0,3896,6012538,0,0,7,48,0,0,321662_subject_array_1739746725.bin
174272,331111,E24377A,331111.12,7,https://ftp.ncbi.nlm.nih.gov/genomes/all/GCF/000/017/745/GCF_000017745.1_ASM1774v1,7,331111.12.fna,GCF_000017745.1_ASM1774v1_genomic.fna, 5249288, 5249288,331111.12.fna_vs_GCF_000017745.1_ASM1774v1_genomic.fna_blast.xml,0,0,0,0,0,0,0,0,5249287,0,1,0,0,0,0,331111_subject_array_1739746728.bin
174635,336988,CRBO2176,336988.30,7,https://ftp.ncbi.nlm.nih.gov/genomes/all/GCF/025/758/695/GCF_025758695.1_ASM2575869v1,7,336988.30.fna,GCF_025758695.1_ASM2575869v1_genomic.fna, 1754187, 1754187,336988.30.fna_vs_GCF_025758695.1_ASM2575869v1_genomic.fna_blast.xml,0,0,0,0,0,0,0,0,1754187,0,0,0,0,0,0,336988_subject_array_1739746729.bin
174673,337,BGR86S,337.66,7,https://ftp.ncbi.nlm.nih.gov/genomes/all/GCF/024/663/135/GCF_024663135.1_ASM2466313v1,7,337.66.fna,GCF_024663135.1_ASM2466313v1_genomic.fna, 7102794, 7102794,337.66.fna_vs_GCF_024663135.1_ASM2466313v1_genomic.fna_blast.xml,0,0,0,0,0,0,0,0,7102794,0,0,0,0,0,0,337_subject_array_1739746734.bin
174703,337250,PIT1,337250.3,7,https://ftp.ncbi.nlm.nih.gov/genomes/all/GCF/003/987/435/GCF_003987435.1_ASM398743v1,7,337250.3.fna,GCF_003987435.1_ASM398743v1_genomic.fna, 2195789, 2195789,337250.3.fna_vs_GCF_003987435.1_ASM398743v1_genomic.fna_blast.xml,0,0,0,0,0,0,1,0,2195782,0,1,4,1,0,0,337250_subject_array_1739746735.bin
175036,33918,JCM 11570,33918.13,7,https://ftp.ncbi.nlm.nih.gov/genomes/all/GCF/039/526/085/GCF_039526085.1_ASM3952608v1,7,33918.13.fna,GCF_039526085.1_ASM3952608v1_genomic.fna, 3652138, 3652138,33918.13.fna_vs_GCF_039526085.1_ASM3952608v1_genomic.fna_blast.xml,0,0,0,0,0,0,0,402,3651736,0,0,0,0,0,0,33918_subject_array_1739746737.bin
175313,33959,PC38,33959.712,7,https://ftp.ncbi.nlm.nih.gov/genomes/all/GCF/029/662/885/GCF_029662885.1_ASM2966288v1,7,33959.712.fna,GCF_029662885.1_ASM2966288v1_genomic.fna, 1918809, 1918809,33959.712.fna_vs_GCF_029662885.1_ASM2966288v1_genomic.fna_blast.xml,0,0,0,0,0,0,0,0,1918809,0,0,0,0,0,0,33959_subject_array_1739746738.bin
175939,340190,SEWLSH-25,340190.130,7,https://ftp.ncbi.nlm.nih.gov/genomes/all/GCF/030/505/755/GCF_030505755.1_ASM3050575v1,7,340190.130.fna,GCF_030505755.1_ASM3050575v1_genomic.fna, 5018215, 5018215,340190.130.fna_vs_GCF_030505755.1_ASM3050575v1_genomic.fna_blast.xml,0,0,0,0,0,0,0,0,5018215,0,0,0,0,0,0,340190_subject_array_1739746741.bin
175964,34021,PA20,34021.127,7,https://ftp.ncbi.nlm.nih.gov/genomes/all/GCF/016/758/155/GCF_016758155.2_ASM1675815v2,7,34021.127.fna,GCF_016758155.2_ASM1675815v2_genomic.fna, 1226225, 1226227,34021.127.fna_vs_GCF_016758155.2_ASM1675815v2_genomic.fna_blast.xml,0,0,0,12,0,0,58,6,1224706,0,84,1267,94,0,0,34021_subject_array_1739746742.bin
175993,34060,NCTC10293,34060.4,7,https://ftp.ncbi.nlm.nih.gov/genomes/all/GCF/900/453/175/GCF_900453175.1_51108_C01,7,34060.4.fna,GCF_900453175.1_51108_C01_genomic.fna, 2736043, 2736043,34060.4.fna_vs_GCF_900453175.1_51108_C01_genomic.fna_blast.xml,0,0,0,0,0,0,0,0,2736043,0,0,0,0,0,0,34060_subject_array_1739746744.bin
176543,349522,JCM 12609,349522.8,7,https://ftp.ncbi.nlm.nih.gov/genomes/all/GCF/039/540/005/GCF_039540005.1_ASM3954000v1,7,349522.8.fna,GCF_039540005.1_ASM3954000v1_genomic.fna, 5836720, 5836720,349522.8.fna_vs_GCF_039540005.1_ASM3954000v1_genomic.fna_blast.xml,0,0,0,0,0,0,0,0,5836720,0,0,0,0,0,0,349522_subject_array_1739746747.bin
176610,352475,XJ20,352475.17,7,https://ftp.ncbi.nlm.nih.gov/genomes/all/GCF/022/682/305/GCF_022682305.1_ASM2268230v1,7,352475.17.fna,GCF_022682305.1_ASM2268230v1_genomic.fna, 5141032, 5141032,352475.17.fna_vs_GCF_022682305.1_ASM2268230v1_genomic.fna_blast.xml,0,0,0,0,0,0,0,0,5141032,0,0,0,0,0,0,352475_subject_array_1739746750.bin
176684,35623,ATCC 27350,35623.4,7,https://ftp.ncbi.nlm.nih.gov/genomes/all/GCF/900/166/985/GCF_900166985.1_IMG-taxon_2585428188_annotated_assembly,7,35623.4.fna,GCF_900166985.1_IMG-taxon_2585428188_annotated_assembly_genomic.fna, 1600172, 1600172,35623.4.fna_vs_GCF_900166985.1_IMG-taxon_2585428188_annotated_assembly_genomic.fna_blast.xml,0,0,0,0,0,0,0,0,1598061,0,0,1,2110,0,0,35623_subject_array_1739746751.bin
176691,356829,BSM-380-WT-2B,356829.8,7,https://ftp.ncbi.nlm.nih.gov/genomes/all/GCF/009/696/505/GCF_009696505.1_ASM969650v1,7,356829.8.fna,GCF_009696505.1_ASM969650v1_genomic.fna, 2149381, 2149381,356829.8.fna_vs_GCF_009696505.1_ASM969650v1_genomic.fna_blast.xml,0,0,0,0,0,0,0,0,2149381,0,0,0,0,0,0,356829_subject_array_1739746752.bin
176808,357276,BFG-286,357276.1437,7,https://ftp.ncbi.nlm.nih.gov/genomes/all/GCF/024/787/235/GCF_024787235.1_ASM2478723v1,7,357276.1437.fna,GCF_024787235.1_ASM2478723v1_genomic.fna, 5298978, 5298978,357276.1437.fna_vs_GCF_024787235.1_ASM2478723v1_genomic.fna_blast.xml,0,0,0,0,0,0,0,0,5298978,0,0,0,0,0,0,357276_subject_array_1739746755.bin
177118,357441,M212h,357441.188,7,https://ftp.ncbi.nlm.nih.gov/genomes/all/GCF/023/653/355/GCF_023653355.1_ASM2365335v1,7,357441.188.fna,GCF_023653355.1_ASM2365335v1_genomic.fna, 2742182, 2742182,357441.188.fna_vs_GCF_023653355.1_ASM2365335v1_genomic.fna_blast.xml,0,0,0,0,0,0,0,0,2742182,0,0,0,0,0,0,357441_subject_array_1739746756.bin
177204,35762,ATCC 53733,35762.7,7,https://ftp.ncbi.nlm.nih.gov/genomes/all/GCF/001/696/485/GCF_001696485.1_ASM169648v1,7,35762.7.fna,GCF_001696485.1_ASM169648v1_genomic.fna, 8690708, 8690708,35762.7.fna_vs_GCF_001696485.1_ASM169648v1_genomic.fna_blast.xml,0,0,0,0,0,0,0,100038,8444025,0,0,23,146622,0,0,35762_subject_array_1739746760.bin
177213,357684,strain DN22,357684.3,7,https://ftp.ncbi.nlm.nih.gov/genomes/all/GCF/036/669/995/GCF_036669995.1_ASM3666999v1,7,357684.3.fna,GCF_036669995.1_ASM3666999v1_genomic.fna, 7435512, 7435512,357684.3.fna_vs_GCF_036669995.1_ASM3666999v1_genomic.fna_blast.xml,0,0,0,0,0,0,0,0,7435512,0,0,0,0,0,0,357684_subject_array_1739746764.bin
177420,358,Kin002,358.514,7,https://ftp.ncbi.nlm.nih.gov/genomes/all/GCF/025/560/485/GCF_025560485.1_ASM2556048v1,7,358.514.fna,GCF_025560485.1_ASM2556048v1_genomic.fna, 6131244, 6131244,358.514.fna_vs_GCF_025560485.1_ASM2556048v1_genomic.fna_blast.xml,0,0,0,0,0,0,0,0,6131244,0,0,0,0,0,0,358_subject_array_1739746767.bin
177437,358,Q15/94,358.453,7,https://ftp.ncbi.nlm.nih.gov/genomes/all/GCF/017/584/185/GCF_017584185.1_ASM1758418v1,7,358.453.fna,GCF_017584185.1_ASM1758418v1_genomic.fna, 6305579, 6305579,358.453.fna_vs_GCF_017584185.1_ASM1758418v1_genomic.fna_blast.xml,0,0,0,0,0,0,0,0,6305579,0,0,0,0,0,0,358_subject_array_1739746770.bin
177969,363852,Gsoil 104,363852.11,7,https://ftp.ncbi.nlm.nih.gov/genomes/all/GCF/030/244/015/GCF_030244015.1_ASM3024401v1,7,363852.11.fna,GCF_030244015.1_ASM3024401v1_genomic.fna, 4832171, 4832171,363852.11.fna_vs_GCF_030244015.1_ASM3024401v1_genomic.fna_blast.xml,0,0,0,0,0,0,0,0,4832171,0,0,0,0,0,0,363852_subject_array_1739746773.bin
178031,363952,SDU_COMA1,363952.47,7,https://ftp.ncbi.nlm.nih.gov/genomes/all/GCF/040/743/105/GCF_040743105.1_ASM4074310v1,7,363952.47.fna,GCF_040743105.1_ASM4074310v1_genomic.fna, 5858363, 5858363,363952.47.fna_vs_GCF_040743105.1_ASM4074310v1_genomic.fna_blast.xml,0,0,0,0,0,0,0,0,5858363,0,0,0,0,0,0,363952_subject_array_1739746777.bin
178038,364032,DSM 17737,364032.3,7,https://ftp.ncbi.nlm.nih.gov/genomes/all/GCF/900/141/795/GCF_900141795.1_IMG-taxon_2695421043_annotated_assembly,7,364032.3.fna,GCF_900141795.1_IMG-taxon_2695421043_annotated_assembly_genomic.fna, 1673283, 1673283,364032.3.fna_vs_GCF_900141795.1_IMG-taxon_2695421043_annotated_assembly_genomic.fna_blast.xml,0,0,0,0,0,0,0,0,1673283,0,0,0,0,0,0,364032_subject_array_1739746778.bin
178225,36809,1260,36809.934,7,https://ftp.ncbi.nlm.nih.gov/genomes/all/GCF/024/389/725/GCF_024389725.1_ASM2438972v1,7,36809.934.fna,GCF_024389725.1_ASM2438972v1_genomic.fna, 4837341, 4837341,36809.934.fna_vs_GCF_024389725.1_ASM2438972v1_genomic.fna_blast.xml,0,0,0,0,0,0,0,0,4837341,0,0,0,0,0,0,36809_subject_array_1739746780.bin
178311,36809,A137,36809.461,7,https://ftp.ncbi.nlm.nih.gov/genomes/all/GCF/003/071/695/GCF_003071695.1_ASM307169v1,7,36809.461.fna,GCF_003071695.1_ASM307169v1_genomic.fna, 5024757, 5024757,36809.461.fna_vs_GCF_003071695.1_ASM307169v1_genomic.fna_blast.xml,0,0,0,0,0,0,0,0,5024757,0,0,0,0,0,0,36809_subject_array_1739746783.bin
178313,36809,A247,36809.449,7,https://ftp.ncbi.nlm.nih.gov/genomes/all/GCF/003/071/935/GCF_003071935.1_ASM307193v1,7,36809.449.fna,GCF_003071935.1_ASM307193v1_genomic.fna, 5195710, 5195710,36809.449.fna_vs_GCF_003071935.1_ASM307193v1_genomic.fna_blast.xml,0,0,0,0,0,0,0,91,5195619,0,0,0,0,0,0,36809_subject_array_1739746786.bin
178372,36809,G112,36809.441,7,https://ftp.ncbi.nlm.nih.gov/genomes/all/GCF/003/072/285/GCF_003072285.1_ASM307228v1,7,36809.441.fna,GCF_003072285.1_ASM307228v1_genomic.fna, 4924646, 4924646,36809.441.fna_vs_GCF_003072285.1_ASM307228v1_genomic.fna_blast.xml,0,0,0,0,0,0,0,872,4923774,0,0,0,0,0,0,36809_subject_array_1739746788.bin
178474,36809,JHN_AB_0008_1,36809.651,7,https://ftp.ncbi.nlm.nih.gov/genomes/all/GCF/015/023/715/GCF_015023715.1_ASM1502371v1,7,36809.651.fna,GCF_015023715.1_ASM1502371v1_genomic.fna, 5093299, 5093299,36809.651.fna_vs_GCF_015023715.1_ASM1502371v1_genomic.fna_blast.xml,0,0,0,0,0,0,0,0,5093299,0,0,0,0,0,0,36809_subject_array_1739746791.bin
178494,36809,JHN_AB_0037_1,36809.647,7,https://ftp.ncbi.nlm.nih.gov/genomes/all/GCF/015/023/595/GCF_015023595.1_ASM1502359v1,7,36809.647.fna,GCF_015023595.1_ASM1502359v1_genomic.fna, 5152425, 5152425,36809.647.fna_vs_GCF_015023595.1_ASM1502359v1_genomic.fna_blast.xml,0,0,0,0,0,0,0,0,5152425,0,0,0,0,0,0,36809_subject_array_1739746793.bin
178851,371601,BFG-168,371601.1158,7,https://ftp.ncbi.nlm.nih.gov/genomes/all/GCF/024/789/605/GCF_024789605.1_ASM2478960v1,7,371601.1158.fna,GCF_024789605.1_ASM2478960v1_genomic.fna, 7003051, 7003051,371601.1158.fna_vs_GCF_024789605.1_ASM2478960v1_genomic.fna_blast.xml,0,0,0,0,0,0,0,0,7003051,0,0,0,0,0,0,371601_subject_array_1739746797.bin
179074,373,K377,373.174,7,https://ftp.ncbi.nlm.nih.gov/genomes/all/GCF/014/926/405/GCF_014926405.1_ASM1492640v2,7,373.174.fna,GCF_014926405.1_ASM1492640v2_genomic.fna, 6401052, 6401052,373.174.fna_vs_GCF_014926405.1_ASM1492640v2_genomic.fna_blast.xml,0,0,0,0,0,0,0,0,6401052,0,0,0,0,0,0,373_subject_array_1739746801.bin
179092,373,VAR06-30,373.170,7,https://ftp.ncbi.nlm.nih.gov/genomes/all/GCF/013/426/735/GCF_013426735.1_ASM1342673v1,7,373.170.fna,GCF_013426735.1_ASM1342673v1_genomic.fna, 5882175, 5882175,373.170.fna_vs_GCF_013426735.1_ASM1342673v1_genomic.fna_blast.xml,0,0,0,0,0,0,0,0,5882175,0,0,0,0,0,0,373_subject_array_1739746805.bin
179093,373,VAT03-9,373.169,7,https://ftp.ncbi.nlm.nih.gov/genomes/all/GCF/013/426/715/GCF_013426715.1_ASM1342671v1,7,373.169.fna,GCF_013426715.1_ASM1342671v1_genomic.fna, 6223633, 6223633,373.169.fna_vs_GCF_013426715.1_ASM1342671v1_genomic.fna_blast.xml,0,0,0,0,0,0,0,0,6223632,0,1,0,0,0,0,373_subject_array_1739746808.bin
179133,37329,3012STDY6733949,37329.15,7,https://ftp.ncbi.nlm.nih.gov/genomes/all/GCF/900/683/605/GCF_900683605.1_54332_B01,7,37329.15.fna,GCF_900683605.1_54332_B01_genomic.fna, 6140857, 6140857,37329.15.fna_vs_GCF_900683605.1_54332_B01_genomic.fna_blast.xml,0,0,0,0,0,0,0,0,6140857,0,0,0,0,0,0,37329_subject_array_1739746812.bin
179343,375,USDA 37,375.222,7,https://ftp.ncbi.nlm.nih.gov/genomes/all/GCF/024/807/115/GCF_024807115.1_ASM2480711v1,7,375.222.fna,GCF_024807115.1_ASM2480711v1_genomic.fna, 10302758, 10302758,375.222.fna_vs_GCF_024807115.1_ASM2480711v1_genomic.fna_blast.xml,0,0,0,0,0,0,0,0,10302758,0,0,0,0,0,0,375_subject_array_1739746818.bin
179922,380021,PA25,380021.19,7,https://ftp.ncbi.nlm.nih.gov/genomes/all/GCF/001/904/985/GCF_001904985.1_ASM190498v1,7,380021.19.fna,GCF_001904985.1_ASM190498v1_genomic.fna, 6981405, 6981405,380021.19.fna_vs_GCF_001904985.1_ASM190498v1_genomic.fna_blast.xml,0,0,0,0,0,0,0,232,6981173,0,0,0,0,0,0,380021_subject_array_1739746822.bin
180020,382,AK83,382.1219,7,https://ftp.ncbi.nlm.nih.gov/genomes/all/GCF/028/895/065/GCF_028895065.1_ASM2889506v1,7,382.1219.fna,GCF_028895065.1_ASM2889506v1_genomic.fna, 7171952, 7171952,382.1219.fna_vs_GCF_028895065.1_ASM2889506v1_genomic.fna_blast.xml,0,0,0,0,0,0,0,0,7171952,0,0,0,0,0,0,382_subject_array_1739746827.bin
180023,382,AO641M,382.1210,7,https://ftp.ncbi.nlm.nih.gov/genomes/all/GCF/028/888/265/GCF_028888265.1_ASM2888826v1,7,382.1210.fna,GCF_028888265.1_ASM2888826v1_genomic.fna, 7503659, 7503659,382.1210.fna_vs_GCF_028888265.1_ASM2888826v1_genomic.fna_blast.xml,0,0,0,0,0,0,0,0,7503658,0,0,1,0,0,0,382_subject_array_1739746831.bin
180080,382,NRG-185,382.1202,7,https://ftp.ncbi.nlm.nih.gov/genomes/all/GCF/028/888/105/GCF_028888105.1_ASM2888810v1,7,382.1202.fna,GCF_028888105.1_ASM2888810v1_genomic.fna, 7329821, 7329821,382.1202.fna_vs_GCF_028888105.1_ASM2888810v1_genomic.fna_blast.xml,0,0,0,0,0,0,0,0,7329821,0,0,0,0,0,0,382_subject_array_1739746836.bin
180365,38294,AS-16-0555-7,38294.61,7,https://ftp.ncbi.nlm.nih.gov/genomes/all/GCF/014/775/695/GCF_014775695.1_ASM1477569v1,7,38294.61.fna,GCF_014775695.1_ASM1477569v1_genomic.fna, 4650223, 4650223,38294.61.fna_vs_GCF_014775695.1_ASM1477569v1_genomic.fna_blast.xml,0,0,0,0,0,0,0,0,4650223,0,0,0,0,0,0,38294_subject_array_1739746867.bin
180368,38294,OT-51443,38294.28,7,https://ftp.ncbi.nlm.nih.gov/genomes/all/GCF/002/157/645/GCF_002157645.1_ASM215764v1,7,38294.28.fna,GCF_002157645.1_ASM215764v1_genomic.fna, 4547251, 4547251,38294.28.fna_vs_GCF_002157645.1_ASM215764v1_genomic.fna_blast.xml,0,0,0,0,0,0,0,0,4547251,0,0,0,0,0,0,38294_subject_array_1739746893.bin
180843,384,SM146A,384.177,7,https://ftp.ncbi.nlm.nih.gov/genomes/all/GCF/004/303/875/GCF_004303875.1_ASM430387v1,7,384.177.fna,GCF_004303875.1_ASM430387v1_genomic.fna, 7103100, 7103100,384.177.fna_vs_GCF_004303875.1_ASM430387v1_genomic.fna_blast.xml,0,0,0,0,0,0,0,6499,7096599,0,0,1,1,0,0,384_subject_array_1739746898.bin
180851,384,SM152C,384.181,7,https://ftp.ncbi.nlm.nih.gov/genomes/all/GCF/004/303/945/GCF_004303945.1_ASM430394v1,7,384.181.fna,GCF_004303945.1_ASM430394v1_genomic.fna, 7078298, 7078298,384.181.fna_vs_GCF_004303945.1_ASM430394v1_genomic.fna_blast.xml,0,0,1,0,0,0,0,1691,7076598,0,0,0,8,0,0,384_subject_array_1739746901.bin
181071,387,BIHB 1148,387.28,7,https://ftp.ncbi.nlm.nih.gov/genomes/all/GCF/002/240/185/GCF_002240185.1_ASM224018v1,7,387.28.fna,GCF_002240185.1_ASM224018v1_genomic.fna, 6957630, 6957630,387.28.fna_vs_GCF_002240185.1_ASM224018v1_genomic.fna_blast.xml,0,0,0,0,0,0,0,0,6957630,0,0,0,0,0,0,387_subject_array_1739746905.bin
181167,390270,DSM 26879,390270.6,7,https://ftp.ncbi.nlm.nih.gov/genomes/all/GCF/900/115/105/GCF_900115105.1_IMG-taxon_2619619642_annotated_assembly,7,390270.6.fna,GCF_900115105.1_IMG-taxon_2619619642_annotated_assembly_genomic.fna, 3190947, 3190947,390270.6.fna_vs_GCF_900115105.1_IMG-taxon_2619619642_annotated_assembly_genomic.fna_blast.xml,0,0,0,0,0,0,2,535,3190382,0,16,12,0,0,0,390270_subject_array_1739746906.bin
182044,400946,F6513,400946.12,7,https://ftp.ncbi.nlm.nih.gov/genomes/all/GCF/002/252/265/GCF_002252265.1_ASM225226v1,7,400946.12.fna,GCF_002252265.1_ASM225226v1_genomic.fna, 2115422, 2115422,400946.12.fna_vs_GCF_002252265.1_ASM225226v1_genomic.fna_blast.xml,0,0,0,0,0,0,0,0,2115422,0,0,0,0,0,0,400946_subject_array_1739746908.bin
182093,40214,FAHZZU3567hy,40214.321,7,https://ftp.ncbi.nlm.nih.gov/genomes/all/GCF/034/555/395/GCF_034555395.1_ASM3455539v1,7,40214.321.fna,GCF_034555395.1_ASM3455539v1_genomic.fna, 3530360, 3530360,40214.321.fna_vs_GCF_034555395.1_ASM3455539v1_genomic.fna_blast.xml,0,0,0,0,0,0,0,0,3530360,0,0,0,0,0,0,40214_subject_array_1739746910.bin
182098,40214,GD03725,40214.276,7,https://ftp.ncbi.nlm.nih.gov/genomes/all/GCF/029/843/525/GCF_029843525.1_ASM2984352v1,7,40214.276.fna,GCF_029843525.1_ASM2984352v1_genomic.fna, 3830402, 3830402,40214.276.fna_vs_GCF_029843525.1_ASM2984352v1_genomic.fna_blast.xml,0,0,0,0,0,0,0,0,3830402,0,0,0,0,0,0,40214_subject_array_1739746912.bin
182611,40324,EA22,40324.488,7,https://ftp.ncbi.nlm.nih.gov/genomes/all/GCF/002/799/295/GCF_002799295.1_ASM279929v1,7,40324.488.fna,GCF_002799295.1_ASM279929v1_genomic.fna, 4753827, 4753827,40324.488.fna_vs_GCF_002799295.1_ASM279929v1_genomic.fna_blast.xml,0,0,0,0,0,0,0,0,4753827,0,0,0,0,0,0,40324_subject_array_1739746916.bin
182613,40324,EA63,40324.470,7,https://ftp.ncbi.nlm.nih.gov/genomes/all/GCF/002/798/925/GCF_002798925.1_ASM279892v1,7,40324.470.fna,GCF_002798925.1_ASM279892v1_genomic.fna, 4879275, 4879275,40324.470.fna_vs_GCF_002798925.1_ASM279892v1_genomic.fna_blast.xml,0,0,0,0,0,0,0,0,4879275,0,0,0,0,0,0,40324_subject_array_1739746920.bin
183060,40479,14DL0024,40479.11,7,https://ftp.ncbi.nlm.nih.gov/genomes/all/GCF/001/005/165/GCF_001005165.1_ASM100516v1,7,40479.11.fna,GCF_001005165.1_ASM100516v1_genomic.fna,  964668,  964668,40479.11.fna_vs_GCF_001005165.1_ASM100516v1_genomic.fna_blast.xml,0,0,0,0,0,0,0,649,964019,0,0,0,0,0,0,40479_subject_array_1739746921.bin
183101,405,L1B,405.3,7,https://ftp.ncbi.nlm.nih.gov/genomes/all/GCF/005/502/435/GCF_005502435.1_ASM550243v1,7,405.3.fna,GCF_005502435.1_ASM550243v1_genomic.fna, 2375709, 2375709,405.3.fna_vs_GCF_005502435.1_ASM550243v1_genomic.fna_blast.xml,0,0,0,0,0,0,0,0,2375709,0,0,0,0,0,0,405_subject_array_1739746922.bin
183352,409438,SE11,409438.11,7,https://ftp.ncbi.nlm.nih.gov/genomes/all/GCF/000/010/385/GCF_000010385.1_ASM1038v1,7,409438.11.fna,GCF_000010385.1_ASM1038v1_genomic.fna, 5155626, 5155626,409438.11.fna_vs_GCF_000010385.1_ASM1038v1_genomic.fna_blast.xml,0,0,0,0,0,0,0,0,5155626,0,0,0,0,0,0,409438_subject_array_1739746925.bin
183462,411470,ATCC 29149,411470.41,7,https://ftp.ncbi.nlm.nih.gov/genomes/all/GCF/002/959/615/GCF_002959615.1_ASM295961v1,7,411470.41.fna,GCF_002959615.1_ASM295961v1_genomic.fna, 3570397, 3570397,411470.41.fna_vs_GCF_002959615.1_ASM295961v1_genomic.fna_blast.xml,0,0,0,0,0,0,0,0,3570397,0,0,0,0,0,0,411470_subject_array_1739746927.bin
183833,41434,A-10383,41434.8,7,https://ftp.ncbi.nlm.nih.gov/genomes/all/GCF/030/506/075/GCF_030506075.1_ASM3050607v1,7,41434.8.fna,GCF_030506075.1_ASM3050607v1_genomic.fna, 4901496, 4901496,41434.8.fna_vs_GCF_030506075.1_ASM3050607v1_genomic.fna_blast.xml,0,0,0,0,0,0,0,0,4901496,0,0,0,0,0,0,41434_subject_array_1739746933.bin
183848,415210,JCM 15577,415210.3,7,https://ftp.ncbi.nlm.nih.gov/genomes/all/GCF/039/531/125/GCF_039531125.1_ASM3953112v1,7,415210.3.fna,GCF_039531125.1_ASM3953112v1_genomic.fna, 2864910, 2864910,415210.3.fna_vs_GCF_039531125.1_ASM3953112v1_genomic.fna_blast.xml,0,0,0,0,0,0,0,0,2864910,0,0,0,0,0,0,415210_subject_array_1739746934.bin
183887,416568,JCM 16538,416568.4,7,https://ftp.ncbi.nlm.nih.gov/genomes/all/GCF/039/536/405/GCF_039536405.1_ASM3953640v1,7,416568.4.fna,GCF_039536405.1_ASM3953640v1_genomic.fna, 3214570, 3214570,416568.4.fna_vs_GCF_039536405.1_ASM3953640v1_genomic.fna_blast.xml,0,0,0,0,0,0,0,1368,3213200,0,0,0,2,0,0,416568_subject_array_1739746935.bin
184135,419475,1.2.1,419475.35,7,https://ftp.ncbi.nlm.nih.gov/genomes/all/GCF/032/190/615/GCF_032190615.1_ASM3219061v1,7,419475.35.fna,GCF_032190615.1_ASM3219061v1_genomic.fna, 4453607, 4453607,419475.35.fna_vs_GCF_032190615.1_ASM3219061v1_genomic.fna_blast.xml,0,0,0,0,0,0,0,0,4453607,0,0,0,0,0,0,419475_subject_array_1739746938.bin
184196,420999,DSM 29128,420999.3,7,https://ftp.ncbi.nlm.nih.gov/genomes/all/GCF/002/797/915/GCF_002797915.1_ASM279791v1,7,420999.3.fna,GCF_002797915.1_ASM279791v1_genomic.fna, 3798370, 3798370,420999.3.fna_vs_GCF_002797915.1_ASM279791v1_genomic.fna_blast.xml,0,0,0,0,0,0,0,0,3798370,0,0,0,0,0,0,420999_subject_array_1739746940.bin
184352,42817,SXC1,42817.53,7,https://ftp.ncbi.nlm.nih.gov/genomes/all/GCF/021/440/045/GCF_021440045.1_ASM2144004v1,7,42817.53.fna,GCF_021440045.1_ASM2144004v1_genomic.fna, 2023543, 2023543,42817.53.fna_vs_GCF_021440045.1_ASM2144004v1_genomic.fna_blast.xml,0,0,0,0,0,0,0,0,2023543,0,0,0,0,0,0,42817_subject_array_1739746941.bin
184366,42858,7066,42858.80,7,https://ftp.ncbi.nlm.nih.gov/genomes/all/GCF/030/013/965/GCF_030013965.1_ASM3001396v1,7,42858.80.fna,GCF_030013965.1_ASM3001396v1_genomic.fna, 2622253, 2622253,42858.80.fna_vs_GCF_030013965.1_ASM3001396v1_genomic.fna_blast.xml,0,0,0,0,0,0,0,0,2622253,0,0,0,0,0,0,42858_subject_array_1739746942.bin
184376,42858,Dog026,42858.98,7,https://ftp.ncbi.nlm.nih.gov/genomes/all/GCF/034/042/815/GCF_034042815.1_ASM3404281v1,7,42858.98.fna,GCF_034042815.1_ASM3404281v1_genomic.fna, 2931736, 2931736,42858.98.fna_vs_GCF_034042815.1_ASM3404281v1_genomic.fna_blast.xml,0,0,0,0,0,0,0,0,2931736,0,0,0,0,0,0,42858_subject_array_1739746944.bin
184519,429134,DSM 16792,429134.4,7,https://ftp.ncbi.nlm.nih.gov/genomes/all/GCF/014/196/135/GCF_014196135.1_ASM1419613v1,7,429134.4.fna,GCF_014196135.1_ASM1419613v1_genomic.fna, 3606674, 3606674,429134.4.fna_vs_GCF_014196135.1_ASM1419613v1_genomic.fna_blast.xml,0,0,0,0,0,0,0,0,3606674,0,0,0,0,0,0,429134_subject_array_1739746945.bin
184520,429134,SD,429134.7,7,https://ftp.ncbi.nlm.nih.gov/genomes/all/GCF/034/541/915/GCF_034541915.1_ASM3454191v1,7,429134.7.fna,GCF_034541915.1_ASM3454191v1_genomic.fna, 3561424, 3561424,429134.7.fna_vs_GCF_034541915.1_ASM3454191v1_genomic.fna_blast.xml,0,0,0,0,0,0,0,0,3561424,0,0,0,0,0,0,429134_subject_array_1739746947.bin
184566,431675,c121,431675.4,7,https://ftp.ncbi.nlm.nih.gov/genomes/all/GCF/003/987/265/GCF_003987265.1_ASM398726v1,7,431675.4.fna,GCF_003987265.1_ASM398726v1_genomic.fna, 2622760, 2622760,431675.4.fna_vs_GCF_003987265.1_ASM398726v1_genomic.fna_blast.xml,0,0,0,0,0,0,0,0,2622760,0,0,0,0,0,0,431675_subject_array_1739746949.bin
184746,43657,H2,43657.34,7,https://ftp.ncbi.nlm.nih.gov/genomes/all/GCF/006/704/145/GCF_006704145.1_ASM670414v1,7,43657.34.fna,GCF_006704145.1_ASM670414v1_genomic.fna, 6043625, 6043625,43657.34.fna_vs_GCF_006704145.1_ASM670414v1_genomic.fna_blast.xml,0,0,0,0,0,0,0,0,6043625,0,0,0,0,0,0,43657_subject_array_1739746952.bin
184920,43767,NCTC5650,43767.57,7,https://ftp.ncbi.nlm.nih.gov/genomes/all/GCF/900/455/885/GCF_900455885.1_52488_D09,7,43767.57.fna,GCF_900455885.1_52488_D09_genomic.fna, 5308051, 5308051,43767.57.fna_vs_GCF_900455885.1_52488_D09_genomic.fna_blast.xml,0,0,0,0,0,0,1,0,5308049,0,0,1,0,0,0,43767_subject_array_1739746955.bin
185021,43770,3012STDY7069329,43770.783,7,https://ftp.ncbi.nlm.nih.gov/genomes/all/GCF/900/683/645/GCF_900683645.1_57792_F02,7,43770.783.fna,GCF_900683645.1_57792_F02_genomic.fna, 2916518, 2916518,43770.783.fna_vs_GCF_900683645.1_57792_F02_genomic.fna_blast.xml,0,0,0,0,0,0,0,0,2916518,0,0,0,0,0,0,43770_subject_array_1739746956.bin
185680,440524,Z1323HSL0018,440524.226,7,https://ftp.ncbi.nlm.nih.gov/genomes/all/GCF/037/837/055/GCF_037837055.1_ASM3783705v1,7,440524.226.fna,GCF_037837055.1_ASM3783705v1_genomic.fna, 5124257, 5124257,440524.226.fna_vs_GCF_037837055.1_ASM3783705v1_genomic.fna_blast.xml,0,0,0,0,0,0,0,0,5124257,0,0,0,0,0,0,440524_subject_array_1739746959.bin
187072,447,NCTC11368,447.10,7,https://ftp.ncbi.nlm.nih.gov/genomes/all/GCF/900/450/575/GCF_900450575.1_48853_H02,7,447.10.fna,GCF_900450575.1_48853_H02_genomic.fna, 4232311, 4232311,447.10.fna_vs_GCF_900450575.1_48853_H02_genomic.fna_blast.xml,0,0,0,0,0,0,0,0,4232311,0,0,0,0,0,0,447_subject_array_1739746961.bin
187734,45634,CC5A,45634.10,7,https://ftp.ncbi.nlm.nih.gov/genomes/all/GCF/000/959/885/GCF_000959885.1_ASM95988v1,7,45634.10.fna,GCF_000959885.1_ASM95988v1_genomic.fna, 2026543, 2026543,45634.10.fna_vs_GCF_000959885.1_ASM95988v1_genomic.fna_blast.xml,0,0,0,0,0,0,0,0,2026543,0,0,0,0,0,0,45634_subject_array_1739746963.bin
187756,45658,FP3289,45658.8,7,https://ftp.ncbi.nlm.nih.gov/genomes/all/GCF/001/723/385/GCF_001723385.1_ASM172338v1,7,45658.8.fna,GCF_001723385.1_ASM172338v1_genomic.fna, 5073110, 5073110,45658.8.fna_vs_GCF_001723385.1_ASM172338v1_genomic.fna_blast.xml,0,0,0,0,0,0,0,0,5073110,0,0,0,0,0,0,45658_subject_array_1739746966.bin
188258,463024,AU3139,463024.4,7,https://ftp.ncbi.nlm.nih.gov/genomes/all/GCF/002/261/365/GCF_002261365.1_ASM226136v1,7,463024.4.fna,GCF_002261365.1_ASM226136v1_genomic.fna, 5066456, 5066456,463024.4.fna_vs_GCF_002261365.1_ASM226136v1_genomic.fna_blast.xml,0,0,0,0,0,0,1,0,5066450,0,1,4,0,0,0,463024_subject_array_1739746969.bin
190434,470,AB105,470.18921,7,https://ftp.ncbi.nlm.nih.gov/genomes/all/GCF/025/264/005/GCF_025264005.1_ASM2526400v1,7,470.18921.fna,GCF_025264005.1_ASM2526400v1_genomic.fna, 3841944, 3841944,470.18921.fna_vs_GCF_025264005.1_ASM2526400v1_genomic.fna_blast.xml,0,0,0,0,0,0,0,0,3841944,0,0,0,0,0,0,470_subject_array_1739746971.bin
190582,470,AB258,470.21054,7,https://ftp.ncbi.nlm.nih.gov/genomes/all/GCF/030/053/475/GCF_030053475.1_AB258,7,470.21054.fna,GCF_030053475.1_AB258_genomic.fna, 4001539, 4001539,470.21054.fna_vs_GCF_030053475.1_AB258_genomic.fna_blast.xml,0,0,0,0,0,0,0,0,4001539,0,0,0,0,0,0,470_subject_array_1739746973.bin
191853,470,AR_0036,470.2843,7,https://ftp.ncbi.nlm.nih.gov/genomes/all/GCF/001/874/685/GCF_001874685.1_ASM187468v1,7,470.2843.fna,GCF_001874685.1_ASM187468v1_genomic.fna, 4102278, 4102278,470.2843.fna_vs_GCF_001874685.1_ASM187468v1_genomic.fna_blast.xml,0,0,0,0,0,0,0,0,4102278,0,0,0,0,0,0,470_subject_array_1739746975.bin
192978,470,CriePir307,470.12673,7,https://ftp.ncbi.nlm.nih.gov/genomes/all/GCF/016/654/265/GCF_016654265.1_ASM1665426v1,7,470.12673.fna,GCF_016654265.1_ASM1665426v1_genomic.fna, 3964858, 3964858,470.12673.fna_vs_GCF_016654265.1_ASM1665426v1_genomic.fna_blast.xml,0,0,0,0,0,0,0,0,3964858,0,0,0,0,0,0,470_subject_array_1739746978.bin
194356,470,MIN-010,470.15459,7,https://ftp.ncbi.nlm.nih.gov/genomes/all/GCF/021/460/405/GCF_021460405.1_ASM2146040v1,7,470.15459.fna,GCF_021460405.1_ASM2146040v1_genomic.fna, 4236593, 4236593,470.15459.fna_vs_GCF_021460405.1_ASM2146040v1_genomic.fna_blast.xml,0,0,0,0,0,0,0,0,4236593,0,0,0,0,0,0,470_subject_array_1739746980.bin
194639,470,NCTC13302,470.5454,7,https://ftp.ncbi.nlm.nih.gov/genomes/all/GCF/900/444/735/GCF_900444735.1_54669_D01,7,470.5454.fna,GCF_900444735.1_54669_D01_genomic.fna, 4050560, 4050560,470.5454.fna_vs_GCF_900444735.1_54669_D01_genomic.fna_blast.xml,0,0,0,0,0,0,0,0,4050560,0,0,0,0,0,0,470_subject_array_1739746983.bin
194641,470,NCTC13305,470.5457,7,https://ftp.ncbi.nlm.nih.gov/genomes/all/GCF/900/444/775/GCF_900444775.1_34555_B01,7,470.5457.fna,GCF_900444775.1_34555_B01_genomic.fna, 4212237, 4212237,470.5457.fna_vs_GCF_900444775.1_34555_B01_genomic.fna_blast.xml,0,0,0,0,0,0,0,0,4212237,0,0,0,0,0,0,470_subject_array_1739746985.bin
194807,470,PM194188,470.11490,7,https://ftp.ncbi.nlm.nih.gov/genomes/all/GCF/012/935/105/GCF_012935105.1_ASM1293510v1,7,470.11490.fna,GCF_012935105.1_ASM1293510v1_genomic.fna, 4192382, 4192382,470.11490.fna_vs_GCF_012935105.1_ASM1293510v1_genomic.fna_blast.xml,0,0,0,0,0,0,0,0,4192382,0,0,0,0,0,0,470_subject_array_1739746988.bin
194974,470,PW12,470.15545,7,https://ftp.ncbi.nlm.nih.gov/genomes/all/GCF/020/982/665/GCF_020982665.1_ASM2098266v1,7,470.15545.fna,GCF_020982665.1_ASM2098266v1_genomic.fna, 4236598, 4236598,470.15545.fna_vs_GCF_020982665.1_ASM2098266v1_genomic.fna_blast.xml,0,0,0,0,0,0,0,0,4236598,0,0,0,0,0,0,470_subject_array_1739746990.bin
195073,470,RAB57,470.20945,7,https://ftp.ncbi.nlm.nih.gov/genomes/all/GCF/029/713/805/GCF_029713805.1_ASM2971380v1,7,470.20945.fna,GCF_029713805.1_ASM2971380v1_genomic.fna, 4045430, 4045430,470.20945.fna_vs_GCF_029713805.1_ASM2971380v1_genomic.fna_blast.xml,0,0,0,0,0,0,0,98,4045330,0,0,0,2,0,0,470_subject_array_1739746992.bin
195080,470,RBH2,470.19232,7,https://ftp.ncbi.nlm.nih.gov/genomes/all/GCF/026/062/515/GCF_026062515.1_ASM2606251v1,7,470.19232.fna,GCF_026062515.1_ASM2606251v1_genomic.fna, 4422798, 4422798,470.19232.fna_vs_GCF_026062515.1_ASM2606251v1_genomic.fna_blast.xml,0,0,0,0,0,0,0,0,4422798,0,0,0,0,0,0,470_subject_array_1739746995.bin
195929,470,VB2486,470.11485,7,https://ftp.ncbi.nlm.nih.gov/genomes/all/GCF/012/935/005/GCF_012935005.1_ASM1293500v1,7,470.11485.fna,GCF_012935005.1_ASM1293500v1_genomic.fna, 4277869, 4277869,470.11485.fna_vs_GCF_012935005.1_ASM1293500v1_genomic.fna_blast.xml,0,0,0,0,0,0,0,0,4277869,0,0,0,0,0,0,470_subject_array_1739746998.bin
196536,472166,JCM 15911,472166.4,7,https://ftp.ncbi.nlm.nih.gov/genomes/all/GCF/039/523/395/GCF_039523395.1_ASM3952339v1,7,472166.4.fna,GCF_039523395.1_ASM3952339v1_genomic.fna, 2648578, 2648578,472166.4.fna_vs_GCF_039523395.1_ASM3952339v1_genomic.fna_blast.xml,0,0,0,0,0,0,0,548,2648030,0,0,0,0,0,0,472166_subject_array_1739746999.bin
196908,477,NCTC7911,477.12,7,https://ftp.ncbi.nlm.nih.gov/genomes/all/GCF/900/453/245/GCF_900453245.1_48269_E01,7,477.12.fna,GCF_900453245.1_48269_E01_genomic.fna, 3178664, 3178664,477.12.fna_vs_GCF_900453245.1_48269_E01_genomic.fna_blast.xml,0,0,0,0,0,0,0,0,3178664,0,0,0,0,0,0,477_subject_array_1739747003.bin
197529,47770,JCM 5810,47770.37,7,https://ftp.ncbi.nlm.nih.gov/genomes/all/GCF/001/567/095/GCF_001567095.1_ASM156709v1,7,47770.37.fna,GCF_001567095.1_ASM156709v1_genomic.fna, 2048451, 2048451,47770.37.fna_vs_GCF_001567095.1_ASM156709v1_genomic.fna_blast.xml,0,0,0,0,0,0,0,0,2048451,0,0,0,0,0,0,47770_subject_array_1739747004.bin
197800,47871,NBC_01757,47871.5,7,https://ftp.ncbi.nlm.nih.gov/genomes/all/GCF/026/339/535/GCF_026339535.1_ASM2633953v1,7,47871.5.fna,GCF_026339535.1_ASM2633953v1_genomic.fna, 7185853, 7185853,47871.5.fna_vs_GCF_026339535.1_ASM2633953v1_genomic.fna_blast.xml,0,0,0,0,0,0,0,0,7185853,0,0,0,0,0,0,47871_subject_array_1739747008.bin
198342,480071,Marseille-P2607,480071.4,7,https://ftp.ncbi.nlm.nih.gov/genomes/all/GCF/900/162/695/GCF_900162695.1_PRJEB19320,7,480071.4.fna,GCF_900162695.1_PRJEB19320_genomic.fna, 3917958, 3917958,480071.4.fna_vs_GCF_900162695.1_PRJEB19320_genomic.fna_blast.xml,0,0,0,0,0,0,0,0,3917958,0,0,0,0,0,0,480071_subject_array_1739747010.bin
198481,48296,978-A_19,48296.711,7,https://ftp.ncbi.nlm.nih.gov/genomes/all/GCF/028/890/465/GCF_028890465.1_ASM2889046v1,7,48296.711.fna,GCF_028890465.1_ASM2889046v1_genomic.fna, 4094008, 4094008,48296.711.fna_vs_GCF_028890465.1_ASM2889046v1_genomic.fna_blast.xml,0,0,0,0,0,0,0,100,4093908,0,0,0,0,0,0,48296_subject_array_1739747012.bin
198652,48296,C54,48296.366,7,https://ftp.ncbi.nlm.nih.gov/genomes/all/GCF/007/954/485/GCF_007954485.1_ASM795448v1,7,48296.366.fna,GCF_007954485.1_ASM795448v1_genomic.fna, 4265778, 4265778,48296.366.fna_vs_GCF_007954485.1_ASM795448v1_genomic.fna_blast.xml,0,0,0,0,0,0,0,0,4265778,0,0,0,0,0,0,48296_subject_array_1739747015.bin
198990,483324,CGMCC 1.7002,483324.5,7,https://ftp.ncbi.nlm.nih.gov/genomes/all/GCF/004/363/175/GCF_004363175.1_ASM436317v1,7,483324.5.fna,GCF_004363175.1_ASM436317v1_genomic.fna, 3467317, 3467317,483324.5.fna_vs_GCF_004363175.1_ASM436317v1_genomic.fna_blast.xml,0,0,0,0,0,0,0,0,3467317,0,0,0,0,0,0,483324_subject_array_1739747017.bin
199227,48408,lsplen1.1,48408.34,7,https://ftp.ncbi.nlm.nih.gov/genomes/all/GCF/030/716/725/GCF_030716725.1_ASM3071672v1,7,48408.34.fna,GCF_030716725.1_ASM3071672v1_genomic.fna, 5292468, 5292468,48408.34.fna_vs_GCF_030716725.1_ASM3071672v1_genomic.fna_blast.xml,0,0,0,0,0,0,0,42953,5249515,0,0,0,0,0,0,48408_subject_array_1739747021.bin
199254,484429,YBL2,484429.4,7,https://ftp.ncbi.nlm.nih.gov/genomes/all/GCF/000/943/805/GCF_000943805.1_ASM94380v1,7,484429.4.fna,GCF_000943805.1_ASM94380v1_genomic.fna, 5427419, 5427419,484429.4.fna_vs_GCF_000943805.1_ASM94380v1_genomic.fna_blast.xml,0,0,0,0,0,0,0,0,5427419,0,0,0,0,0,0,484429_subject_array_1739747024.bin
199774,485,GHA-ADB-360/2019,485.12744,7,https://ftp.ncbi.nlm.nih.gov/genomes/all/GCF/021/535/605/GCF_021535605.1_ASM2153560v1,7,485.12744.fna,GCF_021535605.1_ASM2153560v1_genomic.fna, 2220265, 2220265,485.12744.fna_vs_GCF_021535605.1_ASM2153560v1_genomic.fna_blast.xml,0,0,0,0,0,0,0,0,2220265,0,0,0,0,0,0,485_subject_array_1739747026.bin
199800,485,GHA-TMH-458/2015,485.12751,7,https://ftp.ncbi.nlm.nih.gov/genomes/all/GCF/021/535/785/GCF_021535785.1_ASM2153578v1,7,485.12751.fna,GCF_021535785.1_ASM2153578v1_genomic.fna, 2225215, 2225215,485.12751.fna_vs_GCF_021535785.1_ASM2153578v1_genomic.fna_blast.xml,0,0,0,0,0,0,0,0,2225215,0,0,0,0,0,0,485_subject_array_1739747028.bin
199814,485,GHA-TMH-685/2019,485.12725,7,https://ftp.ncbi.nlm.nih.gov/genomes/all/GCF/021/535/215/GCF_021535215.1_ASM2153521v1,7,485.12725.fna,GCF_021535215.1_ASM2153521v1_genomic.fna, 2205993, 2205993,485.12725.fna_vs_GCF_021535215.1_ASM2153521v1_genomic.fna_blast.xml,0,0,0,0,0,0,0,0,2205993,0,0,0,0,0,0,485_subject_array_1739747030.bin
201165,487,NCTC8554,487.2460,7,https://ftp.ncbi.nlm.nih.gov/genomes/all/GCF/900/453/955/GCF_900453955.1_58075_A01,7,487.2460.fna,GCF_900453955.1_58075_A01_genomic.fna, 2451782, 2451782,487.2460.fna_vs_GCF_900453955.1_58075_A01_genomic.fna_blast.xml,0,0,0,0,0,0,0,0,2451782,0,0,0,0,0,0,487_subject_array_1739747041.bin
202032,488447,LTEB,488447.11,7,https://ftp.ncbi.nlm.nih.gov/genomes/all/GCF/001/865/715/GCF_001865715.1_ASM186571v1,7,488447.11.fna,GCF_001865715.1_ASM186571v1_genomic.fna, 7998628, 7998628,488447.11.fna_vs_GCF_001865715.1_ASM186571v1_genomic.fna_blast.xml,0,0,0,0,0,0,0,0,7998628,0,0,0,0,0,0,488447_subject_array_1739747044.bin
202288,492670,Amfr20,492670.996,7,https://ftp.ncbi.nlm.nih.gov/genomes/all/GCF/016/772/005/GCF_016772005.1_ASM1677200v1,7,492670.996.fna,GCF_016772005.1_ASM1677200v1_genomic.fna, 3957523, 3957523,492670.996.fna_vs_GCF_016772005.1_ASM1677200v1_genomic.fna_blast.xml,0,0,0,0,0,0,0,0,3957523,0,0,0,0,0,0,492670_subject_array_1739747047.bin
202621,492670,JW,492670.272,7,https://ftp.ncbi.nlm.nih.gov/genomes/all/GCF/002/909/615/GCF_002909615.1_ASM290961v1,7,492670.272.fna,GCF_002909615.1_ASM290961v1_genomic.fna, 4079992, 4079992,492670.272.fna_vs_GCF_002909615.1_ASM290961v1_genomic.fna_blast.xml,0,0,0,0,0,0,0,1477,4078495,0,0,0,20,0,0,492670_subject_array_1739747049.bin
202687,492670,MFSS1,492670.1868,7,https://ftp.ncbi.nlm.nih.gov/genomes/all/GCF/030/175/925/GCF_030175925.1_ASM3017592v1,7,492670.1868.fna,GCF_030175925.1_ASM3017592v1_genomic.fna, 3914361, 3914361,492670.1868.fna_vs_GCF_030175925.1_ASM3017592v1_genomic.fna_blast.xml,0,0,0,0,0,0,1,1,3914356,0,1,2,0,0,0,492670_subject_array_1739747051.bin
202840,492670,Sf2,492670.997,7,https://ftp.ncbi.nlm.nih.gov/genomes/all/GCF/016/772/025/GCF_016772025.1_ASM1677202v1,7,492670.997.fna,GCF_016772025.1_ASM1677202v1_genomic.fna, 4047570, 4047570,492670.997.fna_vs_GCF_016772025.1_ASM1677202v1_genomic.fna_blast.xml,0,0,0,0,0,0,1,0,4047569,0,0,0,0,0,0,492670_subject_array_1739747053.bin
203035,497965,PCC 7822,497965.6,7,https://ftp.ncbi.nlm.nih.gov/genomes/all/GCF/000/147/335/GCF_000147335.1_ASM14733v1,7,497965.6.fna,GCF_000147335.1_ASM14733v1_genomic.fna, 7841948, 7841948,497965.6.fna_vs_GCF_000147335.1_ASM14733v1_genomic.fna_blast.xml,0,0,0,0,0,0,0,0,7841947,0,0,1,0,0,0,497965_subject_array_1739747057.bin
203036,497967,KACC 21982,497967.3,7,https://ftp.ncbi.nlm.nih.gov/genomes/all/GCF/022/827/545/GCF_022827545.1_ASM2282754v1,7,497967.3.fna,GCF_022827545.1_ASM2282754v1_genomic.fna, 6328632, 6328632,497967.3.fna_vs_GCF_022827545.1_ASM2282754v1_genomic.fna_blast.xml,0,0,0,0,0,0,0,0,6328632,0,0,0,0,0,0,497967_subject_array_1739747061.bin
203093,501483,K 70/01,501483.3,7,https://ftp.ncbi.nlm.nih.gov/genomes/all/GCF/017/583/045/GCF_017583045.1_ASM1758304v1,7,501483.3.fna,GCF_017583045.1_ASM1758304v1_genomic.fna, 2951011, 2951011,501483.3.fna_vs_GCF_017583045.1_ASM1758304v1_genomic.fna_blast.xml,0,0,0,0,0,0,0,0,2951011,0,0,0,0,0,0,501483_subject_array_1739747063.bin
203712,516702,SAS40,516702.3,7,https://ftp.ncbi.nlm.nih.gov/genomes/all/GCF/013/407/705/GCF_013407705.1_ASM1340770v1,7,516702.3.fna,GCF_013407705.1_ASM1340770v1_genomic.fna, 6168566, 6168566,516702.3.fna_vs_GCF_013407705.1_ASM1340770v1_genomic.fna_blast.xml,0,0,0,0,0,0,0,0,6168566,0,0,0,0,0,0,516702_subject_array_1739747066.bin
204953,522262,PJFA-333,522262.11,7,https://ftp.ncbi.nlm.nih.gov/genomes/all/GCF/031/297/465/GCF_031297465.1_ASM3129746v1,7,522262.11.fna,GCF_031297465.1_ASM3129746v1_genomic.fna, 2390967, 2390967,522262.11.fna_vs_GCF_031297465.1_ASM3129746v1_genomic.fna_blast.xml,0,0,0,0,0,0,0,0,2390967,0,0,0,0,0,0,522262_subject_array_1739747068.bin
204971,522492,CB1,522492.3,7,https://ftp.ncbi.nlm.nih.gov/genomes/all/GCF/000/826/105/GCF_000826105.1_Pseudomonas_massiliensis_CB1,7,522492.3.fna,GCF_000826105.1_Pseudomonas_massiliensis_CB1_genomic.fna, 4723534, 4723534,522492.3.fna_vs_GCF_000826105.1_Pseudomonas_massiliensis_CB1_genomic.fna_blast.xml,0,0,0,0,0,0,0,0,4723534,0,0,0,0,0,0,522492_subject_array_1739747070.bin
205064,52584,B31,52584.27,7,https://ftp.ncbi.nlm.nih.gov/genomes/all/GCF/009/755/975/GCF_009755975.1_ASM975597v1,7,52584.27.fna,GCF_009755975.1_ASM975597v1_genomic.fna, 2591991, 2591991,52584.27.fna_vs_GCF_009755975.1_ASM975597v1_genomic.fna_blast.xml,0,0,0,0,0,0,0,0,2591991,0,0,0,0,0,0,52584_subject_array_1739747072.bin
205301,529731,FSL W9-1217,529731.28,7,https://ftp.ncbi.nlm.nih.gov/genomes/all/GCF/015/275/295/GCF_015275295.1_ASM1527529v1,7,529731.28.fna,GCF_015275295.1_ASM1527529v1_genomic.fna, 2736772, 2736772,529731.28.fna_vs_GCF_015275295.1_ASM1527529v1_genomic.fna_blast.xml,0,0,0,0,0,0,0,0,2736772,0,0,0,0,0,0,529731_subject_array_1739747073.bin
205594,53354,A14000041,53354.28,7,https://ftp.ncbi.nlm.nih.gov/genomes/all/GCF/026/783/405/GCF_026783405.1_ASM2678340v1,7,53354.28.fna,GCF_026783405.1_ASM2678340v1_genomic.fna, 2134750, 2134750,53354.28.fna_vs_GCF_026783405.1_ASM2678340v1_genomic.fna_blast.xml,0,0,0,0,0,0,0,104,2134646,0,0,0,0,0,0,53354_subject_array_1739747074.bin
205841,53707,YM7902,53707.35,7,https://ftp.ncbi.nlm.nih.gov/genomes/all/GCF/030/252/675/GCF_030252675.1_ASM3025267v1,7,53707.35.fna,GCF_030252675.1_ASM3025267v1_genomic.fna, 6759782, 6759782,53707.35.fna_vs_GCF_030252675.1_ASM3025267v1_genomic.fna_blast.xml,0,0,0,0,0,0,0,0,6759782,0,0,0,0,0,0,53707_subject_array_1739747081.bin
205993,542,AN0101,542.21,7,https://ftp.ncbi.nlm.nih.gov/genomes/all/GCF/006/715/975/GCF_006715975.1_ASM671597v1,7,542.21.fna,GCF_006715975.1_ASM671597v1_genomic.fna, 2103871, 2103871,542.21.fna_vs_GCF_006715975.1_ASM671597v1_genomic.fna_blast.xml,0,0,0,0,0,0,0,0,2103871,0,0,0,0,0,0,542_subject_array_1739747082.bin
206037,54291,3380STDY6027361,54291.36,7,https://ftp.ncbi.nlm.nih.gov/genomes/all/GCF/900/184/005/GCF_900184005.1_15682_8_85,7,54291.36.fna,GCF_900184005.1_15682_8_85_genomic.fna, 6316023, 6316023,54291.36.fna_vs_GCF_900184005.1_15682_8_85_genomic.fna_blast.xml,0,0,0,0,0,0,0,0,6316022,0,0,1,0,0,0,54291_subject_array_1739747085.bin
206121,54291,OHMEATKPC2_NDM5,54291.409,7,https://ftp.ncbi.nlm.nih.gov/genomes/all/GCF/021/496/525/GCF_021496525.1_ASM2149652v1,7,54291.409.fna,GCF_021496525.1_ASM2149652v1_genomic.fna, 5769628, 5769628,54291.409.fna_vs_GCF_021496525.1_ASM2149652v1_genomic.fna_blast.xml,0,0,0,0,0,0,0,0,5769628,0,0,0,0,0,0,54291_subject_array_1739747088.bin
206150,54291,WLK218,54291.169,7,https://ftp.ncbi.nlm.nih.gov/genomes/all/GCF/005/165/545/GCF_005165545.1_ASM516554v1,7,54291.169.fna,GCF_005165545.1_ASM516554v1_genomic.fna, 6237328, 6237328,54291.169.fna_vs_GCF_005165545.1_ASM516554v1_genomic.fna_blast.xml,0,0,0,0,0,0,0,0,6237328,0,0,0,0,0,0,54291_subject_array_1739747092.bin
206345,545,CK-1,545.306,7,https://ftp.ncbi.nlm.nih.gov/genomes/all/GCF/032/192/075/GCF_032192075.1_ASM3219207v1,7,545.306.fna,GCF_032192075.1_ASM3219207v1_genomic.fna, 5051508, 5051508,545.306.fna_vs_GCF_032192075.1_ASM3219207v1_genomic.fna_blast.xml,0,0,0,0,0,0,0,0,5051508,0,0,0,0,0,0,545_subject_array_1739747095.bin
206556,546,2022CK-00369,546.1622,7,https://ftp.ncbi.nlm.nih.gov/genomes/all/GCF/023/756/145/GCF_023756145.1_ASM2375614v2,7,546.1622.fna,GCF_023756145.1_ASM2375614v2_genomic.fna,  808873, 5818666,546.1622.fna_vs_GCF_023756145.1_ASM2375614v2_genomic.fna_blast.xml,0,0,7,2,0,0,8,4964573,850536,0,10,751,2774,0,5,546_subject_array_1739747096.bin
206648,546,2953647,546.1618,7,https://ftp.ncbi.nlm.nih.gov/genomes/all/GCF/027/271/215/GCF_027271215.1_ASM2727121v1,7,546.1618.fna,GCF_027271215.1_ASM2727121v1_genomic.fna, 5928120, 5928120,546.1618.fna_vs_GCF_027271215.1_ASM2727121v1_genomic.fna_blast.xml,0,0,0,0,0,0,0,0,5928120,0,0,0,0,0,0,546_subject_array_1739747099.bin
206776,546,CAV1741,546.91,7,https://ftp.ncbi.nlm.nih.gov/genomes/all/GCF/001/022/275/GCF_001022275.1_ASM102227v1,7,546.91.fna,GCF_001022275.1_ASM102227v1_genomic.fna, 5390649, 5390649,546.91.fna_vs_GCF_001022275.1_ASM102227v1_genomic.fna_blast.xml,0,0,0,0,0,0,1,0,5390648,0,0,0,0,0,0,546_subject_array_1739747102.bin
206855,546,CF-25,546.1987,7,https://ftp.ncbi.nlm.nih.gov/genomes/all/GCF/032/193/115/GCF_032193115.1_ASM3219311v1,7,546.1987.fna,GCF_032193115.1_ASM3219311v1_genomic.fna, 5239440, 5239440,546.1987.fna_vs_GCF_032193115.1_ASM3219311v1_genomic.fna_blast.xml,0,0,0,0,0,0,0,0,5239440,0,0,0,0,0,0,546_subject_array_1739747104.bin
206872,546,CF-41,546.1967,7,https://ftp.ncbi.nlm.nih.gov/genomes/all/GCF/032/192/735/GCF_032192735.1_ASM3219273v1,7,546.1967.fna,GCF_032192735.1_ASM3219273v1_genomic.fna, 5410540, 5410540,546.1967.fna_vs_GCF_032192735.1_ASM3219273v1_genomic.fna_blast.xml,0,0,0,0,0,0,0,0,5410540,0,0,0,0,0,0,546_subject_array_1739747107.bin
206879,546,CF-5,546.1968,7,https://ftp.ncbi.nlm.nih.gov/genomes/all/GCF/032/192/775/GCF_032192775.1_ASM3219277v1,7,546.1968.fna,GCF_032192775.1_ASM3219277v1_genomic.fna, 5623798, 5623798,546.1968.fna_vs_GCF_032192775.1_ASM3219277v1_genomic.fna_blast.xml,0,0,0,0,0,0,0,0,5623798,0,0,0,0,0,0,546_subject_array_1739747110.bin
206898,546,CF-72,546.1935,7,https://ftp.ncbi.nlm.nih.gov/genomes/all/GCF/032/192/055/GCF_032192055.1_ASM3219205v1,7,546.1935.fna,GCF_032192055.1_ASM3219205v1_genomic.fna, 5446182, 5446182,546.1935.fna_vs_GCF_032192055.1_ASM3219205v1_genomic.fna_blast.xml,0,0,0,0,0,0,0,0,5446182,0,0,0,0,0,0,546_subject_array_1739747113.bin
206931,546,CF48846,546.1125,7,https://ftp.ncbi.nlm.nih.gov/genomes/all/GCF/016/939/595/GCF_016939595.1_ASM1693959v1,7,546.1125.fna,GCF_016939595.1_ASM1693959v1_genomic.fna, 5551777, 5551777,546.1125.fna_vs_GCF_016939595.1_ASM1693959v1_genomic.fna_blast.xml,0,0,0,0,0,0,0,0,5551777,0,0,0,0,0,0,546_subject_array_1739747116.bin
206946,546,CFTMDU,546.2449,7,https://ftp.ncbi.nlm.nih.gov/genomes/all/GCF/038/180/105/GCF_038180105.1_ASM3818010v1,7,546.2449.fna,GCF_038180105.1_ASM3818010v1_genomic.fna, 5822439, 5822439,546.2449.fna_vs_GCF_038180105.1_ASM3818010v1_genomic.fna_blast.xml,0,0,0,0,0,0,0,0,5822439,0,0,0,0,0,0,546_subject_array_1739747118.bin
206977,546,Cf-Emp,546.1783,7,https://ftp.ncbi.nlm.nih.gov/genomes/all/GCF/030/064/365/GCF_030064365.1_ASM3006436v1,7,546.1783.fna,GCF_030064365.1_ASM3006436v1_genomic.fna, 5631505, 5631505,546.1783.fna_vs_GCF_030064365.1_ASM3006436v1_genomic.fna_blast.xml,0,0,0,0,0,0,0,0,5631504,0,0,1,0,0,0,546_subject_array_1739747121.bin
207017,546,GD03821,546.1770,7,https://ftp.ncbi.nlm.nih.gov/genomes/all/GCF/029/841/615/GCF_029841615.1_ASM2984161v1,7,546.1770.fna,GCF_029841615.1_ASM2984161v1_genomic.fna, 5350985, 5350985,546.1770.fna_vs_GCF_029841615.1_ASM2984161v1_genomic.fna_blast.xml,0,0,0,0,0,0,0,0,5350985,0,0,0,0,0,0,546_subject_array_1739747124.bin
207043,546,IDR1800045912-01-00,546.919,7,https://ftp.ncbi.nlm.nih.gov/genomes/all/GCF/014/170/055/GCF_014170055.1_ASM1417005v1,7,546.919.fna,GCF_014170055.1_ASM1417005v1_genomic.fna, 5276672, 5276672,546.919.fna_vs_GCF_014170055.1_ASM1417005v1_genomic.fna_blast.xml,0,0,0,0,0,0,0,0,5276672,0,0,0,0,0,0,546_subject_array_1739747126.bin
207126,546,MO_AK867,546.2450,7,https://ftp.ncbi.nlm.nih.gov/genomes/all/GCF/038/452/245/GCF_038452245.1_ASM3845224v1,7,546.2450.fna,GCF_038452245.1_ASM3845224v1_genomic.fna, 5997716, 5997716,546.2450.fna_vs_GCF_038452245.1_ASM3845224v1_genomic.fna_blast.xml,0,0,0,0,0,0,0,0,5997715,0,0,1,0,0,0,546_subject_array_1739747129.bin
207159,546,P7699,546.1526,7,https://ftp.ncbi.nlm.nih.gov/genomes/all/GCF/024/138/955/GCF_024138955.1_ASM2413895v1,7,546.1526.fna,GCF_024138955.1_ASM2413895v1_genomic.fna, 5943701, 5943701,546.1526.fna_vs_GCF_024138955.1_ASM2413895v1_genomic.fna_blast.xml,0,0,0,0,0,0,0,200,5943501,0,0,0,0,0,0,546_subject_array_1739747132.bin
207200,546,RHBSTW-00201,546.883,7,https://ftp.ncbi.nlm.nih.gov/genomes/all/GCF/014/103/835/GCF_014103835.1_ASM1410383v1,7,546.883.fna,GCF_014103835.1_ASM1410383v1_genomic.fna, 5460290, 5460290,546.883.fna_vs_GCF_014103835.1_ASM1410383v1_genomic.fna_blast.xml,0,0,0,0,0,0,0,0,5460290,0,0,0,0,0,0,546_subject_array_1739747134.bin
207204,546,RHBSTW-00302,546.835,7,https://ftp.ncbi.nlm.nih.gov/genomes/all/GCF/013/743/055/GCF_013743055.1_ASM1374305v1,7,546.835.fna,GCF_013743055.1_ASM1374305v1_genomic.fna, 5578065, 5578065,546.835.fna_vs_GCF_013743055.1_ASM1374305v1_genomic.fna_blast.xml,0,0,0,0,0,0,0,0,5578065,0,0,0,0,0,0,546_subject_array_1739747137.bin
207418,546115,JCM 15516,546115.5,7,https://ftp.ncbi.nlm.nih.gov/genomes/all/GCF/015/278/215/GCF_015278215.1_ASM1527821v1,7,546115.5.fna,GCF_015278215.1_ASM1527821v1_genomic.fna, 3031498, 3031498,546115.5.fna_vs_GCF_015278215.1_ASM1527821v1_genomic.fna_blast.xml,0,0,0,0,0,0,0,0,3031498,0,0,0,0,0,0,546115_subject_array_1739747139.bin
207451,546367,FDAARGOS_230,546367.16,7,https://ftp.ncbi.nlm.nih.gov/genomes/all/GCF/002/313/145/GCF_002313145.2_ASM231314v2,7,546367.16.fna,GCF_002313145.2_ASM231314v2_genomic.fna, 4914375, 4914494,546367.16.fna_vs_GCF_002313145.2_ASM231314v2_genomic.fna_blast.xml,0,0,0,0,0,0,0,0,4914374,0,119,1,0,0,0,546367_subject_array_1739747143.bin
207476,547018,JCM 16961,547018.3,7,https://ftp.ncbi.nlm.nih.gov/genomes/all/GCF/039/538/765/GCF_039538765.1_ASM3953876v1,7,547018.3.fna,GCF_039538765.1_ASM3953876v1_genomic.fna, 3152559, 3152559,547018.3.fna_vs_GCF_039538765.1_ASM3953876v1_genomic.fna_blast.xml,0,0,0,0,0,0,0,0,3152559,0,0,0,0,0,0,547018_subject_array_1739747145.bin
207784,548,KA04,548.1448,7,https://ftp.ncbi.nlm.nih.gov/genomes/all/GCF/034/044/195/GCF_034044195.1_ASM3404419v1,7,548.1448.fna,GCF_034044195.1_ASM3404419v1_genomic.fna, 5799621, 5799621,548.1448.fna_vs_GCF_034044195.1_ASM3404419v1_genomic.fna_blast.xml,0,0,0,0,0,0,0,0,5799621,0,0,0,0,0,0,548_subject_array_1739747149.bin
207828,548,MGH174,548.200,7,https://ftp.ncbi.nlm.nih.gov/genomes/all/GCF/002/152/895/GCF_002152895.1_ASM215289v1,7,548.200.fna,GCF_002152895.1_ASM215289v1_genomic.fna, 5314720, 5314720,548.200.fna_vs_GCF_002152895.1_ASM215289v1_genomic.fna_blast.xml,0,0,0,0,0,0,0,100935,5213755,0,0,2,27,0,1,548_subject_array_1739747152.bin
207850,548,NTT31XS,548.865,7,https://ftp.ncbi.nlm.nih.gov/genomes/all/GCF/019/048/885/GCF_019048885.1_ASM1904888v1,7,548.865.fna,GCF_019048885.1_ASM1904888v1_genomic.fna, 5359046, 5359046,548.865.fna_vs_GCF_019048885.1_ASM1904888v1_genomic.fna_blast.xml,0,0,0,0,0,0,0,0,5359046,0,0,0,0,0,0,548_subject_array_1739747156.bin
208088,549,FC61912-B,549.547,7,https://ftp.ncbi.nlm.nih.gov/genomes/all/GCF/031/889/865/GCF_031889865.1_ASM3188986v1,7,549.547.fna,GCF_031889865.1_ASM3188986v1_genomic.fna, 5168010, 5168010,549.547.fna_vs_GCF_031889865.1_ASM3188986v1_genomic.fna_blast.xml,0,0,0,0,0,0,0,0,5168010,0,0,0,0,0,0,549_subject_array_1739747162.bin
208153,549,Pa39-2,549.755,7,https://ftp.ncbi.nlm.nih.gov/genomes/all/GCF/039/672/015/GCF_039672015.1_ASM3967201v1,7,549.755.fna,GCF_039672015.1_ASM3967201v1_genomic.fna, 4916450, 4916450,549.755.fna_vs_GCF_039672015.1_ASM3967201v1_genomic.fna_blast.xml,0,0,1,0,0,0,0,1761,4914663,0,0,3,22,0,0,549_subject_array_1739747167.bin
208254,549718,CSL7491-lung,549718.3,7,https://ftp.ncbi.nlm.nih.gov/genomes/all/GCF/018/913/965/GCF_018913965.1_ASM1891396v1,7,549718.3.fna,GCF_018913965.1_ASM1891396v1_genomic.fna,  911657,  911657,549718.3.fna_vs_GCF_018913965.1_ASM1891396v1_genomic.fna_blast.xml,0,0,0,0,0,0,0,0,911657,0,0,0,0,0,0,549718_subject_array_1739747168.bin
208286,550,2022CK-00409,550.3910,7,https://ftp.ncbi.nlm.nih.gov/genomes/all/GCF/025/426/135/GCF_025426135.1_ASM2542613v1,7,550.3910.fna,GCF_025426135.1_ASM2542613v1_genomic.fna, 5786228, 5786228,550.3910.fna_vs_GCF_025426135.1_ASM2542613v1_genomic.fna_blast.xml,0,0,0,0,0,0,0,0,5786228,0,0,0,0,0,0,550_subject_array_1739747178.bin
208467,550,Effluent_3,550.2254,7,https://ftp.ncbi.nlm.nih.gov/genomes/all/GCF/004/801/515/GCF_004801515.1_ASM480151v1,7,550.2254.fna,GCF_004801515.1_ASM480151v1_genomic.fna, 5465376, 5465376,550.2254.fna_vs_GCF_004801515.1_ASM480151v1_genomic.fna_blast.xml,0,0,0,0,0,0,0,100,5465276,0,0,0,0,0,0,550_subject_array_1739747183.bin
208564,550,WP5-S18-CRE-02,550.2834,7,https://ftp.ncbi.nlm.nih.gov/genomes/all/GCF/014/169/295/GCF_014169295.1_ASM1416929v1,7,550.2834.fna,GCF_014169295.1_ASM1416929v1_genomic.fna, 5562758, 5562758,550.2834.fna_vs_GCF_014169295.1_ASM1416929v1_genomic.fna_blast.xml,0,0,0,0,0,0,0,0,5562758,0,0,0,0,0,0,550_subject_array_1739747190.bin
208858,55209,WS4375,55209.9,7,https://ftp.ncbi.nlm.nih.gov/genomes/all/GCF/017/875/755/GCF_017875755.1_ASM1787575v1,7,55209.9.fna,GCF_017875755.1_ASM1787575v1_genomic.fna, 6498442, 6498442,55209.9.fna_vs_GCF_017875755.1_ASM1787575v1_genomic.fna_blast.xml,0,0,0,0,0,0,0,0,6498442,0,0,0,0,0,0,55209_subject_array_1739747197.bin
209345,554117,3PO2SA,554117.4,7,https://ftp.ncbi.nlm.nih.gov/genomes/all/GCF/034/718/895/GCF_034718895.1_ASM3471889v1,7,554117.4.fna,GCF_034718895.1_ASM3471889v1_genomic.fna, 4737585, 4737585,554117.4.fna_vs_GCF_034718895.1_ASM3471889v1_genomic.fna_blast.xml,0,0,0,0,0,0,0,0,4737585,0,0,0,0,0,0,554117_subject_array_1739747203.bin
209389,555393,N93,555393.3,7,https://ftp.ncbi.nlm.nih.gov/genomes/all/GCF/017/052/655/GCF_017052655.1_ASM1705265v1,7,555393.3.fna,GCF_017052655.1_ASM1705265v1_genomic.fna, 1446424, 1446424,555393.3.fna_vs_GCF_017052655.1_ASM1705265v1_genomic.fna_blast.xml,0,0,0,0,0,0,0,0,1446424,0,0,0,0,0,0,555393_subject_array_1739747204.bin
209533,55603,NCTC10126,55603.3,7,https://ftp.ncbi.nlm.nih.gov/genomes/all/GCF/900/631/685/GCF_900631685.1_NCTC10126_2,7,55603.3.fna,GCF_900631685.1_NCTC10126_2_genomic.fna, 1291245, 1291245,55603.3.fna_vs_GCF_900631685.1_NCTC10126_2_genomic.fna_blast.xml,0,0,0,0,0,0,0,0,1291245,0,0,0,0,0,0,55603_subject_array_1739747207.bin
209939,562,027_SK3,562.74554,7,https://ftp.ncbi.nlm.nih.gov/genomes/all/GCF/017/639/165/GCF_017639165.1_ASM1763916v1,7,562.74554.fna,GCF_017639165.1_ASM1763916v1_genomic.fna, 5145496, 5145496,562.74554.fna_vs_GCF_017639165.1_ASM1763916v1_genomic.fna_blast.xml,0,0,0,0,0,0,0,0,5145496,0,0,0,0,0,0,562_subject_array_1739747214.bin
209978,562,06QMA126-1,562.112478,7,https://ftp.ncbi.nlm.nih.gov/genomes/all/GCF/025/989/045/GCF_025989045.1_ASM2598904v1,7,562.112478.fna,GCF_025989045.1_ASM2598904v1_genomic.fna, 5368292, 5368292,562.112478.fna_vs_GCF_025989045.1_ASM2598904v1_genomic.fna_blast.xml,0,0,0,0,0,0,0,0,5368292,0,0,0,0,0,0,562_subject_array_1739747221.bin
210014,562,09QMA47-1,562.112470,7,https://ftp.ncbi.nlm.nih.gov/genomes/all/GCF/025/988/835/GCF_025988835.1_ASM2598883v1,7,562.112470.fna,GCF_025988835.1_ASM2598883v1_genomic.fna, 5283406, 5283406,562.112470.fna_vs_GCF_025988835.1_ASM2598883v1_genomic.fna_blast.xml,0,0,0,0,0,0,0,0,5283406,0,0,0,0,0,0,562_subject_array_1739747230.bin
210025,562,0H15,562.90791,7,https://ftp.ncbi.nlm.nih.gov/genomes/all/GCF/019/969/485/GCF_019969485.1_ASM1996948v1,7,562.90791.fna,GCF_019969485.1_ASM1996948v1_genomic.fna, 5470261, 5470261,562.90791.fna_vs_GCF_019969485.1_ASM1996948v1_genomic.fna_blast.xml,0,0,0,0,0,0,0,0,5470261,0,0,0,0,0,0,562_subject_array_1739747238.bin
210027,562,0H18,562.90792,7,https://ftp.ncbi.nlm.nih.gov/genomes/all/GCF/019/969/505/GCF_019969505.1_ASM1996950v1,7,562.90792.fna,GCF_019969505.1_ASM1996950v1_genomic.fna, 5473007, 5473007,562.90792.fna_vs_GCF_019969505.1_ASM1996950v1_genomic.fna_blast.xml,0,0,0,0,0,0,0,0,5473007,0,0,0,0,0,0,562_subject_array_1739747246.bin
210432,562,1213-1-1,562.124737,7,https://ftp.ncbi.nlm.nih.gov/genomes/all/GCF/028/598/315/GCF_028598315.1_ASM2859831v1,7,562.124737.fna,GCF_028598315.1_ASM2859831v1_genomic.fna, 5026614, 5026614,562.124737.fna_vs_GCF_028598315.1_ASM2859831v1_genomic.fna_blast.xml,0,0,0,0,0,0,0,0,5026614,0,0,0,0,0,0,562_subject_array_1739747252.bin
210835,562,156E2,562.69678,7,https://ftp.ncbi.nlm.nih.gov/genomes/all/GCF/016/651/425/GCF_016651425.1_ASM1665142v1,7,562.69678.fna,GCF_016651425.1_ASM1665142v1_genomic.fna, 5208253, 5208253,562.69678.fna_vs_GCF_016651425.1_ASM1665142v1_genomic.fna_blast.xml,0,0,0,0,0,0,0,0,5208253,0,0,0,0,0,0,562_subject_array_1739747261.bin
211235,562,184/2aE,562.75732,7,https://ftp.ncbi.nlm.nih.gov/genomes/all/GCF/018/361/365/GCF_018361365.1_ASM1836136v1,7,562.75732.fna,GCF_018361365.1_ASM1836136v1_genomic.fna, 4932424, 4932424,562.75732.fna_vs_GCF_018361365.1_ASM1836136v1_genomic.fna_blast.xml,0,0,0,0,0,0,0,0,4932424,0,0,0,0,0,0,562_subject_array_1739747268.bin
211241,562,1856,562.125036,7,https://ftp.ncbi.nlm.nih.gov/genomes/all/GCF/029/715/445/GCF_029715445.1_ASM2971544v1,7,562.125036.fna,GCF_029715445.1_ASM2971544v1_genomic.fna, 5069817, 5069817,562.125036.fna_vs_GCF_029715445.1_ASM2971544v1_genomic.fna_blast.xml,0,0,0,0,0,0,0,0,5069817,0,0,0,0,0,0,562_subject_array_1739747278.bin
211328,562,19-7,562.126114,7,https://ftp.ncbi.nlm.nih.gov/genomes/all/GCF/029/854/495/GCF_029854495.1_ASM2985449v1,7,562.126114.fna,GCF_029854495.1_ASM2985449v1_genomic.fna, 5090871, 5090871,562.126114.fna_vs_GCF_029854495.1_ASM2985449v1_genomic.fna_blast.xml,0,0,0,0,0,0,0,0,5090871,0,0,0,0,0,0,562_subject_array_1739747287.bin
211508,562,1EC213,562.68765,7,https://ftp.ncbi.nlm.nih.gov/genomes/all/GCF/016/432/785/GCF_016432785.1_ASM1643278v1,7,562.68765.fna,GCF_016432785.1_ASM1643278v1_genomic.fna, 4991513, 4991513,562.68765.fna_vs_GCF_016432785.1_ASM1643278v1_genomic.fna_blast.xml,0,0,0,0,0,0,0,0,4991513,0,0,0,0,0,0,562_subject_array_1739747296.bin
211613,562,20-20,562.126117,7,https://ftp.ncbi.nlm.nih.gov/genomes/all/GCF/029/854/535/GCF_029854535.1_ASM2985453v1,7,562.126117.fna,GCF_029854535.1_ASM2985453v1_genomic.fna, 5037018, 5037018,562.126117.fna_vs_GCF_029854535.1_ASM2985453v1_genomic.fna_blast.xml,0,0,0,0,0,0,0,0,5037018,0,0,0,0,0,0,562_subject_array_1739747305.bin
211919,562,2017.10.01CC,562.139967,7,https://ftp.ncbi.nlm.nih.gov/genomes/all/GCF/036/504/915/GCF_036504915.1_ASM3650491v1,7,562.139967.fna,GCF_036504915.1_ASM3650491v1_genomic.fna, 4808794, 4808794,562.139967.fna_vs_GCF_036504915.1_ASM3650491v1_genomic.fna_blast.xml,0,0,0,0,0,0,0,0,4808794,0,0,0,0,0,0,562_subject_array_1739747316.bin
211924,562,2017.17.01CC,562.139971,7,https://ftp.ncbi.nlm.nih.gov/genomes/all/GCF/036/505/675/GCF_036505675.1_ASM3650567v1,7,562.139971.fna,GCF_036505675.1_ASM3650567v1_genomic.fna, 4746552, 4746552,562.139971.fna_vs_GCF_036505675.1_ASM3650567v1_genomic.fna_blast.xml,0,0,0,0,0,0,0,0,4746552,0,0,0,0,0,0,562_subject_array_1739747325.bin
211982,562,2021CK-01361,562.112409,7,https://ftp.ncbi.nlm.nih.gov/genomes/all/GCF/025/853/875/GCF_025853875.1_ASM2585387v1,7,562.112409.fna,GCF_025853875.1_ASM2585387v1_genomic.fna, 5371666, 5371666,562.112409.fna_vs_GCF_025853875.1_ASM2585387v1_genomic.fna_blast.xml,0,0,0,0,0,0,0,0,5371666,0,0,0,0,0,0,562_subject_array_1739747335.bin
212081,562,20Ec-P-124,562.20505,7,https://ftp.ncbi.nlm.nih.gov/genomes/all/GCF/002/357/915/GCF_002357915.1_ASM235791v1,7,562.20505.fna,GCF_002357915.1_ASM235791v1_genomic.fna, 5379699, 5379699,562.20505.fna_vs_GCF_002357915.1_ASM235791v1_genomic.fna_blast.xml,0,0,0,0,0,0,0,0,5379699,0,0,0,0,0,0,562_subject_array_1739747343.bin
212200,562,21222,562.102796,7,https://ftp.ncbi.nlm.nih.gov/genomes/all/GCF/023/006/785/GCF_023006785.1_ASM2300678v1,7,562.102796.fna,GCF_023006785.1_ASM2300678v1_genomic.fna, 5210471, 5210471,562.102796.fna_vs_GCF_023006785.1_ASM2300678v1_genomic.fna_blast.xml,0,0,0,0,0,0,0,0,5210471,0,0,0,0,0,0,562_subject_array_1739747350.bin
212229,562,21F61,562.149283,7,https://ftp.ncbi.nlm.nih.gov/genomes/all/GCF/038/396/565/GCF_038396565.1_ASM3839656v1,7,562.149283.fna,GCF_038396565.1_ASM3839656v1_genomic.fna, 4966016, 4966016,562.149283.fna_vs_GCF_038396565.1_ASM3839656v1_genomic.fna_blast.xml,0,0,0,0,0,0,0,0,4966016,0,0,0,0,0,0,562_subject_array_1739747357.bin
212369,562,222B059,562.70641,7,https://ftp.ncbi.nlm.nih.gov/genomes/all/GCF/016/820/375/GCF_016820375.1_ASM1682037v1,7,562.70641.fna,GCF_016820375.1_ASM1682037v1_genomic.fna, 4875522, 4875522,562.70641.fna_vs_GCF_016820375.1_ASM1682037v1_genomic.fna_blast.xml,0,0,0,0,0,0,0,0,4875522,0,0,0,0,0,0,562_subject_array_1739747363.bin
212746,562,26.1,562.124713,7,https://ftp.ncbi.nlm.nih.gov/genomes/all/GCF/028/597/835/GCF_028597835.1_ASM2859783v1,7,562.124713.fna,GCF_028597835.1_ASM2859783v1_genomic.fna, 4949863, 4949863,562.124713.fna_vs_GCF_028597835.1_ASM2859783v1_genomic.fna_blast.xml,0,0,0,0,0,0,0,0,4949863,0,0,0,0,0,0,562_subject_array_1739747370.bin
213076,562,3045,562.110755,7,https://ftp.ncbi.nlm.nih.gov/genomes/all/GCF/024/917/235/GCF_024917235.1_ASM2491723v1,7,562.110755.fna,GCF_024917235.1_ASM2491723v1_genomic.fna, 5034395, 5034395,562.110755.fna_vs_GCF_024917235.1_ASM2491723v1_genomic.fna_blast.xml,0,0,0,0,0,0,0,0,5034395,0,0,0,0,0,0,562_subject_array_1739747378.bin
213128,562,3150,562.110776,7,https://ftp.ncbi.nlm.nih.gov/genomes/all/GCF/024/918/375/GCF_024918375.1_ASM2491837v1,7,562.110776.fna,GCF_024918375.1_ASM2491837v1_genomic.fna, 5615964, 5615964,562.110776.fna_vs_GCF_024918375.1_ASM2491837v1_genomic.fna_blast.xml,0,0,0,0,0,0,0,0,5615964,0,0,0,0,0,0,562_subject_array_1739747384.bin
213212,562,3313-O111,562.112627,7,https://ftp.ncbi.nlm.nih.gov/genomes/all/GCF/026/135/165/GCF_026135165.1_ASM2613516v1,7,562.112627.fna,GCF_026135165.1_ASM2613516v1_genomic.fna, 5570495, 5570495,562.112627.fna_vs_GCF_026135165.1_ASM2613516v1_genomic.fna_blast.xml,0,0,0,0,0,0,0,0,5570493,0,0,2,0,0,0,562_subject_array_1739747393.bin
213216,562,3347558,562.74755,7,https://ftp.ncbi.nlm.nih.gov/genomes/all/GCF/018/128/405/GCF_018128405.1_ASM1812840v1,7,562.74755.fna,GCF_018128405.1_ASM1812840v1_genomic.fna, 5631387, 5631387,562.74755.fna_vs_GCF_018128405.1_ASM1812840v1_genomic.fna_blast.xml,0,0,0,0,0,0,0,0,5631387,0,0,0,0,0,0,562_subject_array_1739747400.bin
213534,562,4012,562.110773,7,https://ftp.ncbi.nlm.nih.gov/genomes/all/GCF/024/918/275/GCF_024918275.1_ASM2491827v1,7,562.110773.fna,GCF_024918275.1_ASM2491827v1_genomic.fna, 5106755, 5106755,562.110773.fna_vs_GCF_024918275.1_ASM2491827v1_genomic.fna_blast.xml,0,0,0,0,0,0,0,0,5106755,0,0,0,0,0,0,562_subject_array_1739747407.bin
213716,562,4238,562.110763,7,https://ftp.ncbi.nlm.nih.gov/genomes/all/GCF/024/917/735/GCF_024917735.1_ASM2491773v1,7,562.110763.fna,GCF_024917735.1_ASM2491773v1_genomic.fna, 5125971, 5125971,562.110763.fna_vs_GCF_024917735.1_ASM2491773v1_genomic.fna_blast.xml,0,0,0,0,0,0,0,0,5125971,0,0,0,0,0,0,562_subject_array_1739747415.bin
214615,562,5752,562.115276,7,https://ftp.ncbi.nlm.nih.gov/genomes/all/GCF/026/736/625/GCF_026736625.1_ASM2673662v1,7,562.115276.fna,GCF_026736625.1_ASM2673662v1_genomic.fna, 5016390, 5016390,562.115276.fna_vs_GCF_026736625.1_ASM2673662v1_genomic.fna_blast.xml,0,0,0,0,0,0,0,0,5016390,0,0,0,0,0,0,562_subject_array_1739747422.bin
215063,562,6722524,562.136293,7,https://ftp.ncbi.nlm.nih.gov/genomes/all/GCF/033/345/015/GCF_033345015.1_ASM3334501v1,7,562.136293.fna,GCF_033345015.1_ASM3334501v1_genomic.fna, 4983363, 4983363,562.136293.fna_vs_GCF_033345015.1_ASM3334501v1_genomic.fna_blast.xml,0,0,0,0,0,0,0,0,4983363,0,0,0,0,0,0,562_subject_array_1739747430.bin
215734,562,94EC,562.55236,7,https://ftp.ncbi.nlm.nih.gov/genomes/all/GCF/009/905/135/GCF_009905135.1_ASM990513v1,7,562.55236.fna,GCF_009905135.1_ASM990513v1_genomic.fna, 5240704, 5240704,562.55236.fna_vs_GCF_009905135.1_ASM990513v1_genomic.fna_blast.xml,0,0,0,0,0,0,0,0,5240704,0,0,0,0,0,0,562_subject_array_1739747437.bin
215775,562,97HMPL449,562.112643,7,https://ftp.ncbi.nlm.nih.gov/genomes/all/GCF/026/135/615/GCF_026135615.1_ASM2613561v1,7,562.112643.fna,GCF_026135615.1_ASM2613561v1_genomic.fna, 5472012, 5472012,562.112643.fna_vs_GCF_026135615.1_ASM2613561v1_genomic.fna_blast.xml,0,0,0,0,0,0,0,0,5472012,0,0,0,0,0,0,562_subject_array_1739747448.bin
216494,562,AMSCJX02,562.33376,7,https://ftp.ncbi.nlm.nih.gov/genomes/all/GCF/003/336/405/GCF_003336405.1_ASM333640v1,7,562.33376.fna,GCF_003336405.1_ASM333640v1_genomic.fna, 5339431, 5339431,562.33376.fna_vs_GCF_003336405.1_ASM333640v1_genomic.fna_blast.xml,0,0,0,0,0,0,0,0,5339431,0,0,0,0,0,0,562_subject_array_1739747456.bin
216736,562,AR_0368,562.28565,7,https://ftp.ncbi.nlm.nih.gov/genomes/all/GCF/003/000/595/GCF_003000595.1_ASM300059v1,7,562.28565.fna,GCF_003000595.1_ASM300059v1_genomic.fna, 5305829, 5305829,562.28565.fna_vs_GCF_003000595.1_ASM300059v1_genomic.fna_blast.xml,0,0,0,0,0,0,0,0,5305829,0,0,0,0,0,0,562_subject_array_1739747464.bin
216739,562,AR_0371,562.28566,7,https://ftp.ncbi.nlm.nih.gov/genomes/all/GCF/003/000/615/GCF_003000615.1_ASM300061v1,7,562.28566.fna,GCF_003000615.1_ASM300061v1_genomic.fna, 4845968, 4845968,562.28566.fna_vs_GCF_003000615.1_ASM300061v1_genomic.fna_blast.xml,0,0,0,0,0,0,0,0,4845968,0,0,0,0,0,0,562_subject_array_1739747471.bin
216742,562,AR_0378,562.29003,7,https://ftp.ncbi.nlm.nih.gov/genomes/all/GCF/003/075/555/GCF_003075555.1_ASM307555v1,7,562.29003.fna,GCF_003075555.1_ASM307555v1_genomic.fna, 5496158, 5496158,562.29003.fna_vs_GCF_003075555.1_ASM307555v1_genomic.fna_blast.xml,0,0,0,0,0,0,0,0,5496158,0,0,0,0,0,0,562_subject_array_1739747479.bin
217001,562,AVS0042,562.126400,7,https://ftp.ncbi.nlm.nih.gov/genomes/all/GCF/030/063/865/GCF_030063865.1_ASM3006386v1,7,562.126400.fna,GCF_030063865.1_ASM3006386v1_genomic.fna, 5128314, 5128314,562.126400.fna_vs_GCF_030063865.1_ASM3006386v1_genomic.fna_blast.xml,0,0,0,0,0,0,0,0,5128313,0,0,1,0,0,0,562_subject_array_1739747486.bin
217002,562,AVS0051,562.126386,7,https://ftp.ncbi.nlm.nih.gov/genomes/all/GCF/030/038/915/GCF_030038915.1_ASM3003891v1,7,562.126386.fna,GCF_030038915.1_ASM3003891v1_genomic.fna, 5190573, 5190573,562.126386.fna_vs_GCF_030038915.1_ASM3003891v1_genomic.fna_blast.xml,0,0,0,0,0,0,0,0,5190573,0,0,0,0,0,0,562_subject_array_1739747493.bin
217051,562,AVS0947,562.126380,7,https://ftp.ncbi.nlm.nih.gov/genomes/all/GCF/030/037/835/GCF_030037835.1_ASM3003783v1,7,562.126380.fna,GCF_030037835.1_ASM3003783v1_genomic.fna, 5241102, 5241102,562.126380.fna_vs_GCF_030037835.1_ASM3003783v1_genomic.fna_blast.xml,0,0,0,0,0,0,0,0,5241102,0,0,0,0,0,0,562_subject_array_1739747499.bin
217610,562,BK-BR1146-4,562.89947,7,https://ftp.ncbi.nlm.nih.gov/genomes/all/GCF/021/503/295/GCF_021503295.1_ASM2150329v1,7,562.89947.fna,GCF_021503295.1_ASM2150329v1_genomic.fna, 5447965, 5447965,562.89947.fna_vs_GCF_021503295.1_ASM2150329v1_genomic.fna_blast.xml,0,0,0,0,0,0,0,0,5447965,0,0,0,0,0,0,562_subject_array_1739747505.bin
217790,562,BUCT2930,562.64249,7,https://ftp.ncbi.nlm.nih.gov/genomes/all/GCF/014/117/405/GCF_014117405.1_ASM1411740v1,7,562.64249.fna,GCF_014117405.1_ASM1411740v1_genomic.fna, 4983865, 4983865,562.64249.fna_vs_GCF_014117405.1_ASM1411740v1_genomic.fna_blast.xml,0,0,0,0,0,0,0,1,4983864,0,0,0,0,0,0,562_subject_array_1739747510.bin
217839,562,BY9F33,562.108445,7,https://ftp.ncbi.nlm.nih.gov/genomes/all/GCF/024/496/305/GCF_024496305.1_ASM2449630v1,7,562.108445.fna,GCF_024496305.1_ASM2449630v1_genomic.fna, 5604282, 5604282,562.108445.fna_vs_GCF_024496305.1_ASM2449630v1_genomic.fna_blast.xml,0,0,0,0,0,0,0,100,5604182,0,0,0,0,0,0,562_subject_array_1739747517.bin
218223,562,C439,562.114874,7,https://ftp.ncbi.nlm.nih.gov/genomes/all/GCF/026/278/805/GCF_026278805.1_ASM2627880v1,7,562.114874.fna,GCF_026278805.1_ASM2627880v1_genomic.fna, 5282973, 5282973,562.114874.fna_vs_GCF_026278805.1_ASM2627880v1_genomic.fna_blast.xml,0,0,0,0,0,0,0,0,5282973,0,0,0,0,0,0,562_subject_array_1739747522.bin
218435,562,CAU16175,562.59162,7,https://ftp.ncbi.nlm.nih.gov/genomes/all/GCF/011/996/085/GCF_011996085.1_ASM1199608v1,7,562.59162.fna,GCF_011996085.1_ASM1199608v1_genomic.fna, 6068178, 6068178,562.59162.fna_vs_GCF_011996085.1_ASM1199608v1_genomic.fna_blast.xml,0,0,0,0,0,0,0,0,6068178,0,0,0,0,0,0,562_subject_array_1739747528.bin
218488,562,CCUG 70745,562.30349,7,https://ftp.ncbi.nlm.nih.gov/genomes/all/GCF/003/194/265/GCF_003194265.1_ASM319426v1,7,562.30349.fna,GCF_003194265.1_ASM319426v1_genomic.fna, 5235096, 5235096,562.30349.fna_vs_GCF_003194265.1_ASM319426v1_genomic.fna_blast.xml,0,0,0,0,0,0,0,297,5234799,0,0,0,0,0,0,562_subject_array_1739747533.bin
218489,562,CCUG 73778,562.52661,7,https://ftp.ncbi.nlm.nih.gov/genomes/all/GCF/009/577/985/GCF_009577985.1_ASM957798v1,7,562.52661.fna,GCF_009577985.1_ASM957798v1_genomic.fna, 5335523, 5335523,562.52661.fna_vs_GCF_009577985.1_ASM957798v1_genomic.fna_blast.xml,0,0,0,0,0,0,0,0,5335523,0,0,0,0,0,0,562_subject_array_1739747538.bin
218495,562,CCip28_JUN2018,562.94095,7,https://ftp.ncbi.nlm.nih.gov/genomes/all/GCF/021/890/595/GCF_021890595.1_ASM2189059v1,7,562.94095.fna,GCF_021890595.1_ASM2189059v1_genomic.fna, 5249099, 5249099,562.94095.fna_vs_GCF_021890595.1_ASM2189059v1_genomic.fna_blast.xml,0,0,0,0,0,0,0,0,5249099,0,0,0,0,0,0,562_subject_array_1739747543.bin
219174,562,CPO438,562.129217,7,https://ftp.ncbi.nlm.nih.gov/genomes/all/GCF/030/294/445/GCF_030294445.1_ASM3029444v1,7,562.129217.fna,GCF_030294445.1_ASM3029444v1_genomic.fna, 5646779, 5646779,562.129217.fna_vs_GCF_030294445.1_ASM3029444v1_genomic.fna_blast.xml,0,0,0,0,0,0,0,0,5646779,0,0,0,0,0,0,562_subject_array_1739747548.bin
219472,562,CX11,562.91176,7,https://ftp.ncbi.nlm.nih.gov/genomes/all/GCF/020/105/395/GCF_020105395.1_ASM2010539v1,7,562.91176.fna,GCF_020105395.1_ASM2010539v1_genomic.fna, 5347167, 5347167,562.91176.fna_vs_GCF_020105395.1_ASM2010539v1_genomic.fna_blast.xml,0,0,0,0,0,0,0,0,5347167,0,0,0,0,0,0,562_subject_array_1739747554.bin
219482,562,CX16,562.91174,7,https://ftp.ncbi.nlm.nih.gov/genomes/all/GCF/020/105/355/GCF_020105355.1_ASM2010535v1,7,562.91174.fna,GCF_020105355.1_ASM2010535v1_genomic.fna, 5347151, 5347151,562.91174.fna_vs_GCF_020105355.1_ASM2010535v1_genomic.fna_blast.xml,0,0,0,0,0,0,0,0,5347151,0,0,0,0,0,0,562_subject_array_1739747558.bin
219486,562,CX19,562.91173,7,https://ftp.ncbi.nlm.nih.gov/genomes/all/GCF/020/105/335/GCF_020105335.1_ASM2010533v1,7,562.91173.fna,GCF_020105335.1_ASM2010533v1_genomic.fna, 5236032, 5236032,562.91173.fna_vs_GCF_020105335.1_ASM2010533v1_genomic.fna_blast.xml,0,0,0,5,0,0,46,0,5235743,0,111,127,0,0,0,562_subject_array_1739747563.bin
219720,562,DETEC-E480,562.121959,7,https://ftp.ncbi.nlm.nih.gov/genomes/all/GCF/027/944/955/GCF_027944955.1_ASM2794495v1,7,562.121959.fna,GCF_027944955.1_ASM2794495v1_genomic.fna, 5210764, 5210764,562.121959.fna_vs_GCF_027944955.1_ASM2794495v1_genomic.fna_blast.xml,0,0,0,0,0,0,0,0,5210764,0,0,0,0,0,0,562_subject_array_1739747567.bin
219722,562,DETEC-P1056,562.121949,7,https://ftp.ncbi.nlm.nih.gov/genomes/all/GCF/027/944/915/GCF_027944915.1_ASM2794491v1,7,562.121949.fna,GCF_027944915.1_ASM2794491v1_genomic.fna, 4914096, 5002448,562.121949.fna_vs_GCF_027944915.1_ASM2794491v1_genomic.fna_blast.xml,0,0,49,13,0,0,0,72630,4916134,0,0,1060,12505,0,57,562_subject_array_1739747571.bin
219724,562,DETEC-P351,562.121951,7,https://ftp.ncbi.nlm.nih.gov/genomes/all/GCF/027/944/875/GCF_027944875.1_ASM2794487v1,7,562.121951.fna,GCF_027944875.1_ASM2794487v1_genomic.fna, 5015166, 5019239,562.121951.fna_vs_GCF_027944875.1_ASM2794487v1_genomic.fna_blast.xml,0,0,0,0,0,0,0,4073,5015166,0,0,0,0,0,0,562_subject_array_1739747574.bin
219725,562,DETEC-P61,562.121947,7,https://ftp.ncbi.nlm.nih.gov/genomes/all/GCF/027/944/855/GCF_027944855.1_ASM2794485v1,7,562.121947.fna,GCF_027944855.1_ASM2794485v1_genomic.fna, 4819467, 4951196,562.121947.fna_vs_GCF_027944855.1_ASM2794485v1_genomic.fna_blast.xml,0,0,18,5,0,0,3,111389,4826070,0,6,428,13254,0,23,562_subject_array_1739747580.bin
219726,562,DETEC-P622,562.121948,7,https://ftp.ncbi.nlm.nih.gov/genomes/all/GCF/027/944/835/GCF_027944835.1_ASM2794483v1,7,562.121948.fna,GCF_027944835.1_ASM2794483v1_genomic.fna, 5244965, 5244965,562.121948.fna_vs_GCF_027944835.1_ASM2794483v1_genomic.fna_blast.xml,0,0,0,0,0,0,1,0,5244960,0,0,4,0,0,0,562_subject_array_1739747584.bin
219918,562,DVT1005,562.110918,7,https://ftp.ncbi.nlm.nih.gov/genomes/all/GCF/025/584/625/GCF_025584625.1_ASM2558462v1,7,562.110918.fna,GCF_025584625.1_ASM2558462v1_genomic.fna, 5321559, 5321559,562.110918.fna_vs_GCF_025584625.1_ASM2558462v1_genomic.fna_blast.xml,0,0,0,0,0,0,0,0,5321559,0,0,0,0,0,0,562_subject_array_1739747588.bin
219971,562,DVT994,562.110928,7,https://ftp.ncbi.nlm.nih.gov/genomes/all/GCF/025/584/825/GCF_025584825.1_ASM2558482v1,7,562.110928.fna,GCF_025584825.1_ASM2558482v1_genomic.fna, 5330504, 5330504,562.110928.fna_vs_GCF_025584825.1_ASM2558482v1_genomic.fna_blast.xml,0,0,0,0,0,0,0,0,5330504,0,0,0,0,0,0,562_subject_array_1739747591.bin
220111,562,E15,562.124792,7,https://ftp.ncbi.nlm.nih.gov/genomes/all/GCF/029/319/085/GCF_029319085.1_ASM2931908v1,7,562.124792.fna,GCF_029319085.1_ASM2931908v1_genomic.fna, 5485364, 5485364,562.124792.fna_vs_GCF_029319085.1_ASM2931908v1_genomic.fna_blast.xml,0,0,0,0,0,0,0,0,5485364,0,0,0,0,0,0,562_subject_array_1739747595.bin
220118,562,E166,562.75644,7,https://ftp.ncbi.nlm.nih.gov/genomes/all/GCF/018/141/225/GCF_018141225.1_ASM1814122v1,7,562.75644.fna,GCF_018141225.1_ASM1814122v1_genomic.fna, 5288506, 5288506,562.75644.fna_vs_GCF_018141225.1_ASM1814122v1_genomic.fna_blast.xml,0,0,0,0,0,0,0,0,5288506,0,0,0,0,0,0,562_subject_array_1739747598.bin
220157,562,E2,562.110555,7,https://ftp.ncbi.nlm.nih.gov/genomes/all/GCF/025/369/675/GCF_025369675.1_ASM2536967v1,7,562.110555.fna,GCF_025369675.1_ASM2536967v1_genomic.fna, 5459219, 5459219,562.110555.fna_vs_GCF_025369675.1_ASM2536967v1_genomic.fna_blast.xml,0,0,0,0,0,0,0,0,5459219,0,0,0,0,0,0,562_subject_array_1739747602.bin
220251,562,E329,562.126353,7,https://ftp.ncbi.nlm.nih.gov/genomes/all/GCF/030/027/165/GCF_030027165.1_ASM3002716v1,7,562.126353.fna,GCF_030027165.1_ASM3002716v1_genomic.fna, 5193590, 5193590,562.126353.fna_vs_GCF_030027165.1_ASM3002716v1_genomic.fna_blast.xml,0,0,0,0,0,0,0,0,5193590,0,0,0,0,0,0,562_subject_array_1739747606.bin
220400,562,EC-129,562.46711,7,https://ftp.ncbi.nlm.nih.gov/genomes/all/GCF/005/156/265/GCF_005156265.1_ASM515626v1,7,562.46711.fna,GCF_005156265.1_ASM515626v1_genomic.fna, 5319169, 5319169,562.46711.fna_vs_GCF_005156265.1_ASM515626v1_genomic.fna_blast.xml,0,0,0,0,0,0,0,0,5319169,0,0,0,0,0,0,562_subject_array_1739747609.bin
220444,562,EC-2700,562.73344,7,https://ftp.ncbi.nlm.nih.gov/genomes/all/GCF/017/584/385/GCF_017584385.1_ASM1758438v1,7,562.73344.fna,GCF_017584385.1_ASM1758438v1_genomic.fna, 5389695, 5389695,562.73344.fna_vs_GCF_017584385.1_ASM1758438v1_genomic.fna_blast.xml,0,0,0,0,0,0,0,0,5389695,0,0,0,0,0,0,562_subject_array_1739747613.bin
220474,562,EC00596,562.110953,7,https://ftp.ncbi.nlm.nih.gov/genomes/all/GCF/025/593/765/GCF_025593765.1_ASM2559376v1,7,562.110953.fna,GCF_025593765.1_ASM2559376v1_genomic.fna, 5150756, 5150756,562.110953.fna_vs_GCF_025593765.1_ASM2559376v1_genomic.fna_blast.xml,0,0,0,0,0,0,0,0,5150756,0,0,0,0,0,0,562_subject_array_1739747617.bin
220491,562,EC00680,562.110937,7,https://ftp.ncbi.nlm.nih.gov/genomes/all/GCF/025/593/395/GCF_025593395.1_ASM2559339v1,7,562.110937.fna,GCF_025593395.1_ASM2559339v1_genomic.fna, 5149672, 5149672,562.110937.fna_vs_GCF_025593395.1_ASM2559339v1_genomic.fna_blast.xml,0,0,0,0,0,0,0,0,5149672,0,0,0,0,0,0,562_subject_array_1739747620.bin
220493,562,EC00685,562.110936,7,https://ftp.ncbi.nlm.nih.gov/genomes/all/GCF/025/593/375/GCF_025593375.1_ASM2559337v1,7,562.110936.fna,GCF_025593375.1_ASM2559337v1_genomic.fna, 5326275, 5326275,562.110936.fna_vs_GCF_025593375.1_ASM2559337v1_genomic.fna_blast.xml,0,0,0,0,0,0,0,0,5326275,0,0,0,0,0,0,562_subject_array_1739747624.bin
220686,562,EC1722-1,562.78336,7,https://ftp.ncbi.nlm.nih.gov/genomes/all/GCF/019/710/415/GCF_019710415.1_ASM1971041v1,7,562.78336.fna,GCF_019710415.1_ASM1971041v1_genomic.fna, 5458853, 5458853,562.78336.fna_vs_GCF_019710415.1_ASM1971041v1_genomic.fna_blast.xml,0,0,0,0,0,0,0,0,5458853,0,0,0,0,0,0,562_subject_array_1739747627.bin
220740,562,EC21Z-137,562.107319,7,https://ftp.ncbi.nlm.nih.gov/genomes/all/GCF/024/298/785/GCF_024298785.1_ASM2429878v1,7,562.107319.fna,GCF_024298785.1_ASM2429878v1_genomic.fna, 5078207, 5078207,562.107319.fna_vs_GCF_024298785.1_ASM2429878v1_genomic.fna_blast.xml,0,0,0,0,0,0,0,0,5078206,0,0,1,0,0,0,562_subject_array_1739747631.bin
221567,562,ECONIH4,562.28307,7,https://ftp.ncbi.nlm.nih.gov/genomes/all/GCF/002/934/895/GCF_002934895.1_ASM293489v1,7,562.28307.fna,GCF_002934895.1_ASM293489v1_genomic.fna, 5788999, 5788999,562.28307.fna_vs_GCF_002934895.1_ASM293489v1_genomic.fna_blast.xml,0,0,0,0,0,0,0,0,5788999,0,0,0,0,0,0,562_subject_array_1739747635.bin
222493,562,ESBL01,562.68776,7,https://ftp.ncbi.nlm.nih.gov/genomes/all/GCF/016/433/325/GCF_016433325.1_ASM1643332v1,7,562.68776.fna,GCF_016433325.1_ASM1643332v1_genomic.fna, 5364012, 5364012,562.68776.fna_vs_GCF_016433325.1_ASM1643332v1_genomic.fna_blast.xml,0,0,0,0,0,0,0,0,5364012,0,0,0,0,0,0,562_subject_array_1739747639.bin
222495,562,ESBL11,562.68775,7,https://ftp.ncbi.nlm.nih.gov/genomes/all/GCF/016/433/315/GCF_016433315.1_ASM1643331v1,7,562.68775.fna,GCF_016433315.1_ASM1643331v1_genomic.fna, 5521238, 5521238,562.68775.fna_vs_GCF_016433315.1_ASM1643331v1_genomic.fna_blast.xml,0,0,0,0,0,0,0,0,5521238,0,0,0,0,0,0,562_subject_array_1739747642.bin
222500,562,ESBL17,562.68774,7,https://ftp.ncbi.nlm.nih.gov/genomes/all/GCF/016/433/285/GCF_016433285.1_ASM1643328v1,7,562.68774.fna,GCF_016433285.1_ASM1643328v1_genomic.fna, 5481527, 5481527,562.68774.fna_vs_GCF_016433285.1_ASM1643328v1_genomic.fna_blast.xml,0,0,0,0,0,0,0,0,5481527,0,0,0,0,0,0,562_subject_array_1739747646.bin
222502,562,ESBL19,562.91136,7,https://ftp.ncbi.nlm.nih.gov/genomes/all/GCF/020/907/505/GCF_020907505.1_ASM2090750v1,7,562.91136.fna,GCF_020907505.1_ASM2090750v1_genomic.fna, 5262830, 5262830,562.91136.fna_vs_GCF_020907505.1_ASM2090750v1_genomic.fna_blast.xml,0,0,0,0,0,0,0,0,5262830,0,0,0,0,0,0,562_subject_array_1739747649.bin
222504,562,ESBL20,562.91135,7,https://ftp.ncbi.nlm.nih.gov/genomes/all/GCF/020/907/485/GCF_020907485.1_ASM2090748v1,7,562.91135.fna,GCF_020907485.1_ASM2090748v1_genomic.fna, 5266876, 5266876,562.91135.fna_vs_GCF_020907485.1_ASM2090748v1_genomic.fna_blast.xml,0,0,0,0,0,0,0,0,5266876,0,0,0,0,0,0,562_subject_array_1739747652.bin
222523,562,ESBL5,562.91145,7,https://ftp.ncbi.nlm.nih.gov/genomes/all/GCF/020/907/685/GCF_020907685.1_ASM2090768v1,7,562.91145.fna,GCF_020907685.1_ASM2090768v1_genomic.fna, 5232646, 5232646,562.91145.fna_vs_GCF_020907685.1_ASM2090768v1_genomic.fna_blast.xml,0,0,0,0,0,0,0,0,5232646,0,0,0,0,0,0,562_subject_array_1739747655.bin
222535,562,ESBL7,562.91144,7,https://ftp.ncbi.nlm.nih.gov/genomes/all/GCF/020/907/655/GCF_020907655.1_ASM2090765v1,7,562.91144.fna,GCF_020907655.1_ASM2090765v1_genomic.fna, 5470453, 5470453,562.91144.fna_vs_GCF_020907655.1_ASM2090765v1_genomic.fna_blast.xml,0,0,0,0,0,0,0,0,5470453,0,0,0,0,0,0,562_subject_array_1739747659.bin
222575,562,ESC53083,562.71815,7,https://ftp.ncbi.nlm.nih.gov/genomes/all/GCF/016/939/795/GCF_016939795.1_ASM1693979v1,7,562.71815.fna,GCF_016939795.1_ASM1693979v1_genomic.fna, 5181914, 5181914,562.71815.fna_vs_GCF_016939795.1_ASM1693979v1_genomic.fna_blast.xml,0,0,0,0,0,0,0,0,5181914,0,0,0,0,0,0,562_subject_array_1739747662.bin
222619,562,ETEC1731,562.126303,7,https://ftp.ncbi.nlm.nih.gov/genomes/all/GCF/030/013/735/GCF_030013735.1_ASM3001373v1,7,562.126303.fna,GCF_030013735.1_ASM3001373v1_genomic.fna, 5406116, 5406116,562.126303.fna_vs_GCF_030013735.1_ASM3001373v1_genomic.fna_blast.xml,0,0,0,0,0,0,0,0,5406116,0,0,0,0,0,0,562_subject_array_1739747665.bin
222622,562,ETEC1738,562.126295,7,https://ftp.ncbi.nlm.nih.gov/genomes/all/GCF/030/013/595/GCF_030013595.1_ASM3001359v1,7,562.126295.fna,GCF_030013595.1_ASM3001359v1_genomic.fna, 6061767, 6061767,562.126295.fna_vs_GCF_030013595.1_ASM3001359v1_genomic.fna_blast.xml,0,0,0,0,0,0,0,0,6061767,0,0,0,0,0,0,562_subject_array_1739747669.bin
222629,562,ETEC1749,562.126287,7,https://ftp.ncbi.nlm.nih.gov/genomes/all/GCF/030/013/435/GCF_030013435.1_ASM3001343v1,7,562.126287.fna,GCF_030013435.1_ASM3001343v1_genomic.fna, 5612776, 5612776,562.126287.fna_vs_GCF_030013435.1_ASM3001343v1_genomic.fna_blast.xml,0,0,0,0,0,0,0,0,5612776,0,0,0,0,0,0,562_subject_array_1739747673.bin
222759,562,Ec-FL-2X,562.76334,7,https://ftp.ncbi.nlm.nih.gov/genomes/all/GCF/018/726/845/GCF_018726845.1_ASM1872684v1,7,562.76334.fna,GCF_018726845.1_ASM1872684v1_genomic.fna, 5290975, 5290975,562.76334.fna_vs_GCF_018726845.1_ASM1872684v1_genomic.fna_blast.xml,0,0,0,0,0,0,0,0,5290974,0,0,1,0,0,0,562_subject_array_1739747675.bin
222897,562,EcH8,562.91600,7,https://ftp.ncbi.nlm.nih.gov/genomes/all/GCF/021/229/225/GCF_021229225.1_ASM2122922v1,7,562.91600.fna,GCF_021229225.1_ASM2122922v1_genomic.fna, 5373559, 5373559,562.91600.fna_vs_GCF_021229225.1_ASM2122922v1_genomic.fna_blast.xml,0,0,0,0,0,0,0,0,5373559,0,0,0,0,0,0,562_subject_array_1739747678.bin
223004,562,Ecol_732,562.10006,7,https://ftp.ncbi.nlm.nih.gov/genomes/all/GCF/001/617/565/GCF_001617565.1_ASM161756v1,7,562.10006.fna,GCF_001617565.1_ASM161756v1_genomic.fna, 5418293, 5418293,562.10006.fna_vs_GCF_001617565.1_ASM161756v1_genomic.fna_blast.xml,0,0,0,0,0,0,0,0,5418290,0,0,3,0,0,0,562_subject_array_1739747681.bin
223088,562,F382,562.124116,7,https://ftp.ncbi.nlm.nih.gov/genomes/all/GCF/029/133/545/GCF_029133545.1_ASM2913354v1,7,562.124116.fna,GCF_029133545.1_ASM2913354v1_genomic.fna, 5347352, 5347352,562.124116.fna_vs_GCF_029133545.1_ASM2913354v1_genomic.fna_blast.xml,0,0,0,0,0,0,0,0,5347352,0,0,0,0,0,0,562_subject_array_1739747684.bin
223330,562,FHI_NMBU_10,562.70603,7,https://ftp.ncbi.nlm.nih.gov/genomes/all/GCF/016/803/915/GCF_016803915.1_ASM1680391v1,7,562.70603.fna,GCF_016803915.1_ASM1680391v1_genomic.fna, 5402470, 5402470,562.70603.fna_vs_GCF_016803915.1_ASM1680391v1_genomic.fna_blast.xml,0,0,0,0,0,0,0,0,5402470,0,0,0,0,0,0,562_subject_array_1739747687.bin
223438,562,FUJ80154,562.90813,7,https://ftp.ncbi.nlm.nih.gov/genomes/all/GCF/019/973/795/GCF_019973795.1_ASM1997379v1,7,562.90813.fna,GCF_019973795.1_ASM1997379v1_genomic.fna, 5352063, 5352063,562.90813.fna_vs_GCF_019973795.1_ASM1997379v1_genomic.fna_blast.xml,0,0,0,0,0,0,0,0,5352063,0,0,0,0,0,0,562_subject_array_1739747689.bin
224135,562,GENOMIC22-004,562.124112,7,https://ftp.ncbi.nlm.nih.gov/genomes/all/GCF/029/094/485/GCF_029094485.1_ASM2909448v1,7,562.124112.fna,GCF_029094485.1_ASM2909448v1_genomic.fna, 5164418, 5164418,562.124112.fna_vs_GCF_029094485.1_ASM2909448v1_genomic.fna_blast.xml,0,0,0,0,0,0,0,0,5164418,0,0,0,0,0,0,562_subject_array_1739747692.bin
224438,562,GN05243,562.115320,7,https://ftp.ncbi.nlm.nih.gov/genomes/all/GCF/026/796/835/GCF_026796835.1_ASM2679683v1,7,562.115320.fna,GCF_026796835.1_ASM2679683v1_genomic.fna, 5556671, 5556671,562.115320.fna_vs_GCF_026796835.1_ASM2679683v1_genomic.fna_blast.xml,0,0,0,0,0,0,0,0,5556671,0,0,0,0,0,0,562_subject_array_1739747695.bin
224509,562,GN4554,562.124141,7,https://ftp.ncbi.nlm.nih.gov/genomes/all/GCF/029/201/525/GCF_029201525.1_ASM2920152v1,7,562.124141.fna,GCF_029201525.1_ASM2920152v1_genomic.fna, 4956679, 4956679,562.124141.fna_vs_GCF_029201525.1_ASM2920152v1_genomic.fna_blast.xml,0,0,0,0,0,0,0,0,4956679,0,0,0,0,0,0,562_subject_array_1739747697.bin
224571,562,GSH8M-2,562.51603,7,https://ftp.ncbi.nlm.nih.gov/genomes/all/GCF/009/176/965/GCF_009176965.1_ASM917696v1,7,562.51603.fna,GCF_009176965.1_ASM917696v1_genomic.fna, 5016101, 5016101,562.51603.fna_vs_GCF_009176965.1_ASM917696v1_genomic.fna_blast.xml,0,0,0,0,0,0,0,0,5016101,0,0,0,0,0,0,562_subject_array_1739747700.bin
224580,562,GTEN_23,562.115264,7,https://ftp.ncbi.nlm.nih.gov/genomes/all/GCF/026/689/355/GCF_026689355.1_ASM2668935v1,7,562.115264.fna,GCF_026689355.1_ASM2668935v1_genomic.fna, 5519241, 5519241,562.115264.fna_vs_GCF_026689355.1_ASM2668935v1_genomic.fna_blast.xml,0,0,0,0,0,0,0,0,5519241,0,0,0,0,0,0,562_subject_array_1739747702.bin
224680,562,GX76,562.135100,7,https://ftp.ncbi.nlm.nih.gov/genomes/all/GCF/032/290/625/GCF_032290625.1_ASM3229062v1,7,562.135100.fna,GCF_032290625.1_ASM3229062v1_genomic.fna, 5671892, 5671892,562.135100.fna_vs_GCF_032290625.1_ASM3229062v1_genomic.fna_blast.xml,0,0,0,0,0,0,0,0,5671892,0,0,0,0,0,0,562_subject_array_1739747705.bin
225997,562,Iso00270,562.102358,7,https://ftp.ncbi.nlm.nih.gov/genomes/all/GCF/022/964/775/GCF_022964775.1_ASM2296477v1,7,562.102358.fna,GCF_022964775.1_ASM2296477v1_genomic.fna, 4925131, 4925131,562.102358.fna_vs_GCF_022964775.1_ASM2296477v1_genomic.fna_blast.xml,0,0,0,0,0,0,0,0,4925131,0,0,0,0,0,0,562_subject_array_1739747708.bin
226479,562,JSWP021,562.149801,7,https://ftp.ncbi.nlm.nih.gov/genomes/all/GCF/039/645/365/GCF_039645365.1_ASM3964536v1,7,562.149801.fna,GCF_039645365.1_ASM3964536v1_genomic.fna, 5006127, 5006127,562.149801.fna_vs_GCF_039645365.1_ASM3964536v1_genomic.fna_blast.xml,0,0,0,0,0,0,0,0,5006127,0,0,0,0,0,0,562_subject_array_1739747710.bin
227195,562,KE24,562.115925,7,https://ftp.ncbi.nlm.nih.gov/genomes/all/GCF/027/474/255/GCF_027474255.1_ASM2747425v1,7,562.115925.fna,GCF_027474255.1_ASM2747425v1_genomic.fna, 5028260, 5028260,562.115925.fna_vs_GCF_027474255.1_ASM2747425v1_genomic.fna_blast.xml,0,0,0,0,0,0,0,0,5028260,0,0,0,0,0,0,562_subject_array_1739747712.bin
227355,562,KMi006,562.96338,7,https://ftp.ncbi.nlm.nih.gov/genomes/all/GCF/022/494/765/GCF_022494765.1_ASM2249476v1,7,562.96338.fna,GCF_022494765.1_ASM2249476v1_genomic.fna, 5099688, 5099688,562.96338.fna_vs_GCF_022494765.1_ASM2249476v1_genomic.fna_blast.xml,0,0,0,0,0,0,0,0,5099688,0,0,0,0,0,0,562_subject_array_1739747715.bin
227379,562,KOr019,562.96335,7,https://ftp.ncbi.nlm.nih.gov/genomes/all/GCF/022/494/685/GCF_022494685.1_ASM2249468v1,7,562.96335.fna,GCF_022494685.1_ASM2249468v1_genomic.fna, 5450486, 5450486,562.96335.fna_vs_GCF_022494685.1_ASM2249468v1_genomic.fna_blast.xml,0,0,0,0,0,0,0,0,5450486,0,0,0,0,0,0,562_subject_array_1739747717.bin
227525,562,KV7,562.75941,7,https://ftp.ncbi.nlm.nih.gov/genomes/all/GCF/900/166/955/GCF_900166955.1_E._coli_KV7,7,562.75941.fna,GCF_900166955.1_E._coli_KV7_genomic.fna, 5532158, 5532158,562.75941.fna_vs_GCF_900166955.1_E._coli_KV7_genomic.fna_blast.xml,0,0,0,0,0,0,0,0,5532158,0,0,0,0,0,0,562_subject_array_1739747720.bin
227568,562,L100,562.39412,7,https://ftp.ncbi.nlm.nih.gov/genomes/all/GCF/003/999/815/GCF_003999815.1_ASM399981v1,7,562.39412.fna,GCF_003999815.1_ASM399981v1_genomic.fna, 4930048, 4930048,562.39412.fna_vs_GCF_003999815.1_ASM399981v1_genomic.fna_blast.xml,0,0,0,0,0,0,0,600,4929448,0,0,0,0,0,0,562_subject_array_1739747723.bin
227649,562,L3Cip2_MAR2018,562.94100,7,https://ftp.ncbi.nlm.nih.gov/genomes/all/GCF/021/890/695/GCF_021890695.1_ASM2189069v1,7,562.94100.fna,GCF_021890695.1_ASM2189069v1_genomic.fna, 5138797, 5138797,562.94100.fna_vs_GCF_021890695.1_ASM2189069v1_genomic.fna_blast.xml,0,0,0,0,0,0,0,0,5138797,0,0,0,0,0,0,562_subject_array_1739747726.bin
227650,562,L3Cip3,562.66884,7,https://ftp.ncbi.nlm.nih.gov/genomes/all/GCF/014/854/635/GCF_014854635.1_ASM1485463v1,7,562.66884.fna,GCF_014854635.1_ASM1485463v1_genomic.fna, 5331255, 5331255,562.66884.fna_vs_GCF_014854635.1_ASM1485463v1_genomic.fna_blast.xml,0,0,0,0,0,0,0,0,5331255,0,0,0,0,0,0,562_subject_array_1739747728.bin
227651,562,L3Cip3_MAR2018,562.94099,7,https://ftp.ncbi.nlm.nih.gov/genomes/all/GCF/021/890/665/GCF_021890665.1_ASM2189066v1,7,562.94099.fna,GCF_021890665.1_ASM2189066v1_genomic.fna, 5331255, 5331255,562.94099.fna_vs_GCF_021890665.1_ASM2189066v1_genomic.fna_blast.xml,0,0,0,0,0,0,0,0,5331255,0,0,0,0,0,0,562_subject_array_1739747731.bin
227673,562,L41-1,562.39413,7,https://ftp.ncbi.nlm.nih.gov/genomes/all/GCF/003/999/835/GCF_003999835.1_ASM399983v1,7,562.39413.fna,GCF_003999835.1_ASM399983v1_genomic.fna, 4928360, 4928360,562.39413.fna_vs_GCF_003999835.1_ASM399983v1_genomic.fna_blast.xml,0,0,0,0,0,0,0,300,4928060,0,0,0,0,0,0,562_subject_array_1739747734.bin
227692,562,L65,562.39411,7,https://ftp.ncbi.nlm.nih.gov/genomes/all/GCF/003/999/795/GCF_003999795.1_ASM399979v1,7,562.39411.fna,GCF_003999795.1_ASM399979v1_genomic.fna, 4986450, 4986450,562.39411.fna_vs_GCF_003999795.1_ASM399979v1_genomic.fna_blast.xml,0,0,0,0,0,0,0,0,4986450,0,0,0,0,0,0,562_subject_array_1739747736.bin
227815,562,LH09-a,562.107287,7,https://ftp.ncbi.nlm.nih.gov/genomes/all/GCF/024/226/085/GCF_024226085.1_ASM2422608v1,7,562.107287.fna,GCF_024226085.1_ASM2422608v1_genomic.fna, 5179758, 5179758,562.107287.fna_vs_GCF_024226085.1_ASM2422608v1_genomic.fna_blast.xml,0,0,0,0,0,0,0,0,5179758,0,0,0,0,0,0,562_subject_array_1739747739.bin
227827,562,LHM10-1,562.46199,7,https://ftp.ncbi.nlm.nih.gov/genomes/all/GCF/004/924/275/GCF_004924275.1_ASM492427v1,7,562.46199.fna,GCF_004924275.1_ASM492427v1_genomic.fna, 5115704, 5115704,562.46199.fna_vs_GCF_004924275.1_ASM492427v1_genomic.fna_blast.xml,0,0,0,0,0,0,0,0,5115704,0,0,0,0,0,0,562_subject_array_1739747742.bin
228052,562,LP5-1,562.108470,7,https://ftp.ncbi.nlm.nih.gov/genomes/all/GCF/024/499/245/GCF_024499245.1_ASM2449924v1,7,562.108470.fna,GCF_024499245.1_ASM2449924v1_genomic.fna, 4784882, 4784882,562.108470.fna_vs_GCF_024499245.1_ASM2449924v1_genomic.fna_blast.xml,0,0,0,0,0,0,1,0,4784881,0,0,0,0,0,0,562_subject_array_1739747744.bin
228081,562,LR-48,562.139928,7,https://ftp.ncbi.nlm.nih.gov/genomes/all/GCF/036/496/865/GCF_036496865.1_ASM3649686v1,7,562.139928.fna,GCF_036496865.1_ASM3649686v1_genomic.fna, 4980940, 4980940,562.139928.fna_vs_GCF_036496865.1_ASM3649686v1_genomic.fna_blast.xml,0,0,0,0,0,0,0,0,4980940,0,0,0,0,0,0,562_subject_array_1739747747.bin
228085,562,LR-58-2,562.139931,7,https://ftp.ncbi.nlm.nih.gov/genomes/all/GCF/036/497/485/GCF_036497485.1_ASM3649748v1,7,562.139931.fna,GCF_036497485.1_ASM3649748v1_genomic.fna, 5492141, 5492141,562.139931.fna_vs_GCF_036497485.1_ASM3649748v1_genomic.fna_blast.xml,0,0,0,0,0,0,0,0,5492141,0,0,0,0,0,0,562_subject_array_1739747750.bin
228088,562,LR-64-1,562.139934,7,https://ftp.ncbi.nlm.nih.gov/genomes/all/GCF/036/498/065/GCF_036498065.1_ASM3649806v1,7,562.139934.fna,GCF_036498065.1_ASM3649806v1_genomic.fna, 4976735, 4976735,562.139934.fna_vs_GCF_036498065.1_ASM3649806v1_genomic.fna_blast.xml,0,0,0,0,0,0,0,0,4976735,0,0,0,0,0,0,562_subject_array_1739747753.bin
228091,562,LR-72,562.139937,7,https://ftp.ncbi.nlm.nih.gov/genomes/all/GCF/036/498/665/GCF_036498665.1_ASM3649866v1,7,562.139937.fna,GCF_036498665.1_ASM3649866v1_genomic.fna, 4843362, 4843362,562.139937.fna_vs_GCF_036498665.1_ASM3649866v1_genomic.fna_blast.xml,0,0,0,0,0,0,0,0,4843362,0,0,0,0,0,0,562_subject_array_1739747755.bin
228105,562,LRPF62,562.115928,7,https://ftp.ncbi.nlm.nih.gov/genomes/all/GCF/027/474/285/GCF_027474285.1_ASM2747428v1,7,562.115928.fna,GCF_027474285.1_ASM2747428v1_genomic.fna, 5209862, 5209862,562.115928.fna_vs_GCF_027474285.1_ASM2747428v1_genomic.fna_blast.xml,0,0,0,0,0,0,0,0,5209862,0,0,0,0,0,0,562_subject_array_1739747758.bin
228408,562,M11,562.13776,7,https://ftp.ncbi.nlm.nih.gov/genomes/all/GCF/001/901/145/GCF_001901145.1_ASM190114v1,7,562.13776.fna,GCF_001901145.1_ASM190114v1_genomic.fna, 5306134, 5306134,562.13776.fna_vs_GCF_001901145.1_ASM190114v1_genomic.fna_blast.xml,0,0,0,0,0,0,0,0,5306134,0,0,0,0,0,0,562_subject_array_1739747760.bin
228435,562,M23312,562.134143,7,https://ftp.ncbi.nlm.nih.gov/genomes/all/GCF/031/578/415/GCF_031578415.1_ASM3157841v1,7,562.134143.fna,GCF_031578415.1_ASM3157841v1_genomic.fna, 5400061, 5400061,562.134143.fna_vs_GCF_031578415.1_ASM3157841v1_genomic.fna_blast.xml,0,0,0,0,0,0,0,100,5399960,0,0,1,0,0,0,562_subject_array_1739747763.bin
228550,562,MBT-5,562.64246,7,https://ftp.ncbi.nlm.nih.gov/genomes/all/GCF/014/058/445/GCF_014058445.2_ASM1405844v2,7,562.64246.fna,GCF_014058445.2_ASM1405844v2_genomic.fna, 5936184, 5936184,562.64246.fna_vs_GCF_014058445.2_ASM1405844v2_genomic.fna_blast.xml,0,0,0,0,0,0,0,0,5936184,0,0,0,0,0,0,562_subject_array_1739747766.bin
228864,562,MFDS1009773,562.140247,7,https://ftp.ncbi.nlm.nih.gov/genomes/all/GCF/036/681/165/GCF_036681165.1_ASM3668116v1,7,562.140247.fna,GCF_036681165.1_ASM3668116v1_genomic.fna, 5362831, 5362831,562.140247.fna_vs_GCF_036681165.1_ASM3668116v1_genomic.fna_blast.xml,0,0,0,0,0,0,0,0,5362829,0,1,1,0,0,0,562_subject_array_1739747768.bin
228868,562,MFDS1013781,562.140253,7,https://ftp.ncbi.nlm.nih.gov/genomes/all/GCF/036/681/215/GCF_036681215.1_ASM3668121v1,7,562.140253.fna,GCF_036681215.1_ASM3668121v1_genomic.fna, 5410538, 5410538,562.140253.fna_vs_GCF_036681215.1_ASM3668121v1_genomic.fna_blast.xml,0,0,0,0,0,0,0,0,5410538,0,0,0,0,0,0,562_subject_array_1739747771.bin
228889,562,MFDS1016416,562.140268,7,https://ftp.ncbi.nlm.nih.gov/genomes/all/GCF/036/681/905/GCF_036681905.1_ASM3668190v1,7,562.140268.fna,GCF_036681905.1_ASM3668190v1_genomic.fna, 5155481, 5155481,562.140268.fna_vs_GCF_036681905.1_ASM3668190v1_genomic.fna_blast.xml,0,0,0,0,0,0,0,0,5155481,0,0,0,0,0,0,562_subject_array_1739747774.bin
228891,562,MFDS1017696,562.148165,7,https://ftp.ncbi.nlm.nih.gov/genomes/all/GCF/037/957/325/GCF_037957325.1_ASM3795732v1,7,562.148165.fna,GCF_037957325.1_ASM3795732v1_genomic.fna, 5434752, 5434752,562.148165.fna_vs_GCF_037957325.1_ASM3795732v1_genomic.fna_blast.xml,0,0,0,0,0,0,0,0,5434752,0,0,0,0,0,0,562_subject_array_1739747777.bin
228928,562,MGH170,562.16484,7,https://ftp.ncbi.nlm.nih.gov/genomes/all/GCF/002/152/145/GCF_002152145.1_ASM215214v1,7,562.16484.fna,GCF_002152145.1_ASM215214v1_genomic.fna, 5133267, 5133267,562.16484.fna_vs_GCF_002152145.1_ASM215214v1_genomic.fna_blast.xml,0,0,0,0,0,0,0,17653,5115566,0,0,5,43,0,0,562_subject_array_1739747780.bin
229089,562,MNCRE44,562.7071,7,https://ftp.ncbi.nlm.nih.gov/genomes/all/GCF/000/931/565/GCF_000931565.1_ASM93156v1,7,562.7071.fna,GCF_000931565.1_ASM93156v1_genomic.fna, 5292269, 5292269,562.7071.fna_vs_GCF_000931565.1_ASM93156v1_genomic.fna_blast.xml,0,0,0,0,0,0,0,0,5292269,0,0,0,0,0,0,562_subject_array_1739747782.bin
231585,562,MS10860,562.133976,7,https://ftp.ncbi.nlm.nih.gov/genomes/all/GCF/030/991/405/GCF_030991405.1_ASM3099140v1,7,562.133976.fna,GCF_030991405.1_ASM3099140v1_genomic.fna, 5146662, 5146662,562.133976.fna_vs_GCF_030991405.1_ASM3099140v1_genomic.fna_blast.xml,0,0,0,0,0,0,0,0,5146662,0,0,0,0,0,0,562_subject_array_1739747785.bin
231626,562,MS14385,562.48249,7,https://ftp.ncbi.nlm.nih.gov/genomes/all/GCF/900/622/655/GCF_900622655.1_MS14385,7,562.48249.fna,GCF_900622655.1_MS14385_genomic.fna, 5461091, 5461091,562.48249.fna_vs_GCF_900622655.1_MS14385_genomic.fna_blast.xml,0,0,0,0,0,0,0,0,5461091,0,0,0,0,0,0,562_subject_array_1739747787.bin
231883,562,MY396,562.67459,7,https://ftp.ncbi.nlm.nih.gov/genomes/all/GCF/015/472/105/GCF_015472105.1_ASM1547210v1,7,562.67459.fna,GCF_015472105.1_ASM1547210v1_genomic.fna, 5186475, 5186475,562.67459.fna_vs_GCF_015472105.1_ASM1547210v1_genomic.fna_blast.xml,0,0,0,0,0,0,0,0,5186475,0,0,0,0,0,0,562_subject_array_1739747790.bin
231893,562,MY485,562.67469,7,https://ftp.ncbi.nlm.nih.gov/genomes/all/GCF/015/472/665/GCF_015472665.1_ASM1547266v1,7,562.67469.fna,GCF_015472665.1_ASM1547266v1_genomic.fna, 5588017, 5588017,562.67469.fna_vs_GCF_015472665.1_ASM1547266v1_genomic.fna_blast.xml,0,0,0,0,0,0,0,0,5588017,0,0,0,0,0,0,562_subject_array_1739747792.bin
231961,562,N23-00018,562.131925,7,https://ftp.ncbi.nlm.nih.gov/genomes/all/GCF/030/409/195/GCF_030409195.1_ASM3040919v1,7,562.131925.fna,GCF_030409195.1_ASM3040919v1_genomic.fna, 5467182, 5467182,562.131925.fna_vs_GCF_030409195.1_ASM3040919v1_genomic.fna_blast.xml,0,0,0,0,0,0,0,0,5467182,0,0,0,0,0,0,562_subject_array_1739747795.bin
232048,562,NB0104,562.115247,7,https://ftp.ncbi.nlm.nih.gov/genomes/all/GCF/026/624/395/GCF_026624395.1_ASM2662439v1,7,562.115247.fna,GCF_026624395.1_ASM2662439v1_genomic.fna, 5042908, 5042908,562.115247.fna_vs_GCF_026624395.1_ASM2662439v1_genomic.fna_blast.xml,0,0,0,0,0,0,0,0,5042908,0,0,0,0,0,0,562_subject_array_1739747797.bin
232079,562,NCTC10082,562.34160,7,https://ftp.ncbi.nlm.nih.gov/genomes/all/GCF/900/448/395/GCF_900448395.1_46338_C02,7,562.34160.fna,GCF_900448395.1_46338_C02_genomic.fna, 5838455, 5838455,562.34160.fna_vs_GCF_900448395.1_46338_C02_genomic.fna_blast.xml,0,0,0,0,0,0,0,0,5838454,0,1,0,0,0,0,562_subject_array_1739747800.bin
232080,562,NCTC10089,562.50959,7,https://ftp.ncbi.nlm.nih.gov/genomes/all/GCF/901/482/685/GCF_901482685.1_41556_C01,7,562.50959.fna,GCF_901482685.1_41556_C01_genomic.fna, 5406059, 5406059,562.50959.fna_vs_GCF_901482685.1_41556_C01_genomic.fna_blast.xml,0,0,0,0,0,0,0,0,5406059,0,0,0,0,0,0,562_subject_array_1739747803.bin
232130,562,NCTC13216,562.48257,7,https://ftp.ncbi.nlm.nih.gov/genomes/all/GCF/900/706/905/GCF_900706905.1_32752_B01,7,562.48257.fna,GCF_900706905.1_32752_B01_genomic.fna, 5260523, 5260523,562.48257.fna_vs_GCF_900706905.1_32752_B01_genomic.fna_blast.xml,0,0,0,0,0,0,0,0,5260523,0,0,0,0,0,0,562_subject_array_1739747806.bin
232132,562,NCTC13441,562.34168,7,https://ftp.ncbi.nlm.nih.gov/genomes/all/GCF/900/448/475/GCF_900448475.1_32512_F01,7,562.34168.fna,GCF_900448475.1_32512_F01_genomic.fna, 5267393, 5267393,562.34168.fna_vs_GCF_900448475.1_32512_F01_genomic.fna_blast.xml,0,0,0,0,0,0,0,0,5267392,0,1,0,0,0,0,562_subject_array_1739747808.bin
232138,562,NCTC4169,562.34257,7,https://ftp.ncbi.nlm.nih.gov/genomes/all/GCF/900/449/475/GCF_900449475.1_39282_F01,7,562.34257.fna,GCF_900449475.1_39282_F01_genomic.fna, 5910387, 5910387,562.34257.fna_vs_GCF_900449475.1_39282_F01_genomic.fna_blast.xml,0,0,0,0,0,0,0,0,5910387,0,0,0,0,0,0,562_subject_array_1739747811.bin
232141,562,NCTC7921,562.34267,7,https://ftp.ncbi.nlm.nih.gov/genomes/all/GCF/900/449/565/GCF_900449565.1_39282_H01,7,562.34267.fna,GCF_900449565.1_39282_H01_genomic.fna, 5393606, 5393606,562.34267.fna_vs_GCF_900449565.1_39282_H01_genomic.fna_blast.xml,0,0,0,0,0,0,0,0,5393606,0,0,0,0,0,0,562_subject_array_1739747814.bin
232142,562,NCTC8008,562.34303,7,https://ftp.ncbi.nlm.nih.gov/genomes/all/GCF/900/450/015/GCF_900450015.1_40087_D01,7,562.34303.fna,GCF_900450015.1_40087_D01_genomic.fna, 5416933, 5416933,562.34303.fna_vs_GCF_900450015.1_40087_D01_genomic.fna_blast.xml,0,0,0,0,0,0,0,0,5416915,0,0,0,18,0,0,562_subject_array_1739747817.bin
232150,562,NCTC8960,562.34312,7,https://ftp.ncbi.nlm.nih.gov/genomes/all/GCF/900/450/095/GCF_900450095.1_40311_D01,7,562.34312.fna,GCF_900450095.1_40311_D01_genomic.fna, 5731202, 5731202,562.34312.fna_vs_GCF_900450095.1_40311_D01_genomic.fna_blast.xml,0,0,0,1,0,0,1,0,5731200,0,0,0,0,0,0,562_subject_array_1739747820.bin
232231,562,NCTC9969,562.34296,7,https://ftp.ncbi.nlm.nih.gov/genomes/all/GCF/900/449/945/GCF_900449945.1_39888_F01,7,562.34296.fna,GCF_900449945.1_39888_F01_genomic.fna, 5502235, 5502235,562.34296.fna_vs_GCF_900449945.1_39888_F01_genomic.fna_blast.xml,0,0,0,0,0,0,0,0,5502235,0,0,0,0,0,0,562_subject_array_1739747823.bin
232232,562,NDM-5_201901,562.69583,7,https://ftp.ncbi.nlm.nih.gov/genomes/all/GCF/016/482/885/GCF_016482885.1_ASM1648288v1,7,562.69583.fna,GCF_016482885.1_ASM1648288v1_genomic.fna, 5037534, 5037534,562.69583.fna_vs_GCF_016482885.1_ASM1648288v1_genomic.fna_blast.xml,0,0,0,0,0,0,0,0,5037534,0,0,0,0,0,0,562_subject_array_1739747825.bin
232629,562,NR0421,562.121729,7,https://ftp.ncbi.nlm.nih.gov/genomes/all/GCF/027/584/825/GCF_027584825.1_ASM2758482v1,7,562.121729.fna,GCF_027584825.1_ASM2758482v1_genomic.fna, 5084401, 5084401,562.121729.fna_vs_GCF_027584825.1_ASM2758482v1_genomic.fna_blast.xml,0,0,0,0,0,0,0,0,5084401,0,0,0,0,0,0,562_subject_array_1739747828.bin
233099,562,OSUCMP42NDM,562.91162,7,https://ftp.ncbi.nlm.nih.gov/genomes/all/GCF/020/985/225/GCF_020985225.1_ASM2098522v1,7,562.91162.fna,GCF_020985225.1_ASM2098522v1_genomic.fna, 5044621, 5044621,562.91162.fna_vs_GCF_020985225.1_ASM2098522v1_genomic.fna_blast.xml,0,0,0,0,0,0,0,0,5044621,0,0,0,0,0,0,562_subject_array_1739747831.bin
233110,562,OS_09_001_15,562.16362,7,https://ftp.ncbi.nlm.nih.gov/genomes/all/GCF/002/087/635/GCF_002087635.1_ASM208763v1,7,562.16362.fna,GCF_002087635.1_ASM208763v1_genomic.fna, 4973352, 4973352,562.16362.fna_vs_GCF_002087635.1_ASM208763v1_genomic.fna_blast.xml,0,0,0,0,0,0,0,44684,4928668,0,0,0,0,0,0,562_subject_array_1739747833.bin
233532,562,PC-NDM34,562.90465,7,https://ftp.ncbi.nlm.nih.gov/genomes/all/GCF/019/843/995/GCF_019843995.1_ASM1984399v1,7,562.90465.fna,GCF_019843995.1_ASM1984399v1_genomic.fna, 5186063, 5186063,562.90465.fna_vs_GCF_019843995.1_ASM1984399v1_genomic.fna_blast.xml,0,0,0,0,0,0,0,0,5186063,0,0,0,0,0,0,562_subject_array_1739747835.bin
233673,562,PI24,562.108569,7,https://ftp.ncbi.nlm.nih.gov/genomes/all/GCF/024/585/825/GCF_024585825.1_ASM2458582v1,7,562.108569.fna,GCF_024585825.1_ASM2458582v1_genomic.fna, 4840172, 4840172,562.108569.fna_vs_GCF_024585825.1_ASM2458582v1_genomic.fna_blast.xml,0,0,0,0,0,0,0,0,4840172,0,0,0,0,0,0,562_subject_array_1739747838.bin
233742,562,PK8241,562.78022,7,https://ftp.ncbi.nlm.nih.gov/genomes/all/GCF/019/428/705/GCF_019428705.1_ASM1942870v1,7,562.78022.fna,GCF_019428705.1_ASM1942870v1_genomic.fna, 5753822, 5753822,562.78022.fna_vs_GCF_019428705.1_ASM1942870v1_genomic.fna_blast.xml,0,0,0,0,0,0,0,0,5753822,0,0,0,0,0,0,562_subject_array_1739747842.bin
233748,562,PK8568,562.78021,7,https://ftp.ncbi.nlm.nih.gov/genomes/all/GCF/019/428/645/GCF_019428645.1_ASM1942864v1,7,562.78021.fna,GCF_019428645.1_ASM1942864v1_genomic.fna, 5130652, 5130652,562.78021.fna_vs_GCF_019428645.1_ASM1942864v1_genomic.fna_blast.xml,0,0,0,0,0,0,0,0,5130652,0,0,0,0,0,0,562_subject_array_1739747845.bin
233812,562,PM4-5,562.104121,7,https://ftp.ncbi.nlm.nih.gov/genomes/all/GCF/023/272/775/GCF_023272775.1_ASM2327277v1,7,562.104121.fna,GCF_023272775.1_ASM2327277v1_genomic.fna, 5233711, 5233711,562.104121.fna_vs_GCF_023272775.1_ASM2327277v1_genomic.fna_blast.xml,0,0,0,0,0,0,0,0,5233711,0,0,0,0,0,0,562_subject_array_1739747847.bin
233910,562,PNUSAS115217,562.70716,7,https://ftp.ncbi.nlm.nih.gov/genomes/all/GCF/016/878/795/GCF_016878795.1_ASM1687879v1,7,562.70716.fna,GCF_016878795.1_ASM1687879v1_genomic.fna, 4761878, 4761878,562.70716.fna_vs_GCF_016878795.1_ASM1687879v1_genomic.fna_blast.xml,0,0,0,0,0,0,0,0,4761878,0,0,0,0,0,0,562_subject_array_1739747850.bin
233963,562,PSS-04,562.139948,7,https://ftp.ncbi.nlm.nih.gov/genomes/all/GCF/036/500/705/GCF_036500705.1_ASM3650070v1,7,562.139948.fna,GCF_036500705.1_ASM3650070v1_genomic.fna, 4775389, 4775389,562.139948.fna_vs_GCF_036500705.1_ASM3650070v1_genomic.fna_blast.xml,0,0,0,0,0,0,0,0,4775389,0,0,0,0,0,0,562_subject_array_1739747853.bin
233969,562,PSS-12,562.139954,7,https://ftp.ncbi.nlm.nih.gov/genomes/all/GCF/036/501/905/GCF_036501905.1_ASM3650190v1,7,562.139954.fna,GCF_036501905.1_ASM3650190v1_genomic.fna, 4884406, 4884406,562.139954.fna_vs_GCF_036501905.1_ASM3650190v1_genomic.fna_blast.xml,0,0,0,0,0,0,0,0,4884406,0,0,0,0,0,0,562_subject_array_1739747855.bin
234288,562,R11,562.133241,7,https://ftp.ncbi.nlm.nih.gov/genomes/all/GCF/030/707/895/GCF_030707895.1_ASM3070789v1,7,562.133241.fna,GCF_030707895.1_ASM3070789v1_genomic.fna, 5357694, 5357694,562.133241.fna_vs_GCF_030707895.1_ASM3070789v1_genomic.fna_blast.xml,0,0,0,0,0,0,0,0,5357694,0,0,0,0,0,0,562_subject_array_1739747858.bin
235086,562,S1,562.133196,7,https://ftp.ncbi.nlm.nih.gov/genomes/all/GCF/030/577/255/GCF_030577255.1_ASM3057725v1,7,562.133196.fna,GCF_030577255.1_ASM3057725v1_genomic.fna, 5454249, 5454249,562.133196.fna_vs_GCF_030577255.1_ASM3057725v1_genomic.fna_blast.xml,0,0,0,0,0,0,0,0,5454249,0,0,0,0,0,0,562_subject_array_1739747860.bin
235602,562,SCEC020023,562.114656,7,https://ftp.ncbi.nlm.nih.gov/genomes/all/GCF/002/850/675/GCF_002850675.4_ASM285067v5,7,562.114656.fna,GCF_002850675.4_ASM285067v5_genomic.fna, 5120933, 5120933,562.114656.fna_vs_GCF_002850675.4_ASM285067v5_genomic.fna_blast.xml,0,0,0,0,0,0,0,0,5120933,0,0,0,0,0,0,562_subject_array_1739747863.bin
235686,562,SCU-182,562.61573,7,https://ftp.ncbi.nlm.nih.gov/genomes/all/GCF/013/344/585/GCF_013344585.1_ASM1334458v1,7,562.61573.fna,GCF_013344585.1_ASM1334458v1_genomic.fna, 5192998, 5192998,562.61573.fna_vs_GCF_013344585.1_ASM1334458v1_genomic.fna_blast.xml,0,0,0,0,0,0,0,0,5192998,0,0,0,0,0,0,562_subject_array_1739747865.bin
236082,562,SL2205-49,562.132005,7,https://ftp.ncbi.nlm.nih.gov/genomes/all/GCF/030/501/425/GCF_030501425.1_ASM3050142v1,7,562.132005.fna,GCF_030501425.1_ASM3050142v1_genomic.fna, 5353777, 5353777,562.132005.fna_vs_GCF_030501425.1_ASM3050142v1_genomic.fna_blast.xml,0,0,0,0,0,0,0,0,5353777,0,0,0,0,0,0,562_subject_array_1739747868.bin
236098,562,SM107,562.132162,7,https://ftp.ncbi.nlm.nih.gov/genomes/all/GCF/030/552/915/GCF_030552915.1_ASM3055291v1,7,562.132162.fna,GCF_030552915.1_ASM3055291v1_genomic.fna, 5511563, 5511563,562.132162.fna_vs_GCF_030552915.1_ASM3055291v1_genomic.fna_blast.xml,0,0,0,0,0,0,0,0,5511563,0,0,0,0,0,0,562_subject_array_1739747870.bin
236290,562,ST167,562.101986,7,https://ftp.ncbi.nlm.nih.gov/genomes/all/GCF/022/699/465/GCF_022699465.1_ASM2269946v1,7,562.101986.fna,GCF_022699465.1_ASM2269946v1_genomic.fna, 5141416, 5141416,562.101986.fna_vs_GCF_022699465.1_ASM2269946v1_genomic.fna_blast.xml,0,0,0,0,0,0,0,0,5141416,0,0,0,0,0,0,562_subject_array_1739747873.bin
236576,562,STLEFF_29,562.96329,7,https://ftp.ncbi.nlm.nih.gov/genomes/all/GCF/022/494/075/GCF_022494075.1_ASM2249407v1,7,562.96329.fna,GCF_022494075.1_ASM2249407v1_genomic.fna, 5270173, 5270173,562.96329.fna_vs_GCF_022494075.1_ASM2249407v1_genomic.fna_blast.xml,0,0,0,0,0,0,0,0,5270173,0,0,0,0,0,0,562_subject_array_1739747876.bin
236882,562,Survcare253,562.76357,7,https://ftp.ncbi.nlm.nih.gov/genomes/all/GCF/018/771/465/GCF_018771465.1_ASM1877146v1,7,562.76357.fna,GCF_018771465.1_ASM1877146v1_genomic.fna, 5037534, 5037534,562.76357.fna_vs_GCF_018771465.1_ASM1877146v1_genomic.fna_blast.xml,0,0,0,0,0,0,0,0,5037533,0,0,1,0,0,0,562_subject_array_1739747878.bin
237049,562,THO-010,562.67266,7,https://ftp.ncbi.nlm.nih.gov/genomes/all/GCF/015/139/375/GCF_015139375.1_ASM1513937v1,7,562.67266.fna,GCF_015139375.1_ASM1513937v1_genomic.fna, 5514580, 5514580,562.67266.fna_vs_GCF_015139375.1_ASM1513937v1_genomic.fna_blast.xml,0,0,0,0,0,0,0,0,5514580,0,0,0,0,0,0,562_subject_array_1739747881.bin
237180,562,TUM1586,562.135208,7,https://ftp.ncbi.nlm.nih.gov/genomes/all/GCF/032/375/165/GCF_032375165.1_ASM3237516v1,7,562.135208.fna,GCF_032375165.1_ASM3237516v1_genomic.fna, 5503923, 5503923,562.135208.fna_vs_GCF_032375165.1_ASM3237516v1_genomic.fna_blast.xml,0,0,0,0,0,0,0,0,5503922,0,0,1,0,0,0,562_subject_array_1739747883.bin
237194,562,TUM18530,562.61513,7,https://ftp.ncbi.nlm.nih.gov/genomes/all/GCF/013/340/785/GCF_013340785.1_ASM1334078v1,7,562.61513.fna,GCF_013340785.1_ASM1334078v1_genomic.fna, 5453908, 5453908,562.61513.fna_vs_GCF_013340785.1_ASM1334078v1_genomic.fna_blast.xml,0,0,0,0,0,0,0,0,5453908,0,0,0,0,0,0,562_subject_array_1739747886.bin
237440,562,TUM18781,562.61514,7,https://ftp.ncbi.nlm.nih.gov/genomes/all/GCF/013/340/825/GCF_013340825.1_ASM1334082v1,7,562.61514.fna,GCF_013340825.1_ASM1334082v1_genomic.fna, 4803721, 4803721,562.61514.fna_vs_GCF_013340825.1_ASM1334082v1_genomic.fna_blast.xml,0,0,0,0,0,0,0,0,4803721,0,0,0,0,0,0,562_subject_array_1739747888.bin
237442,562,TUM1881,562.131885,7,https://ftp.ncbi.nlm.nih.gov/genomes/all/GCF/030/389/945/GCF_030389945.1_ASM3038994v1,7,562.131885.fna,GCF_030389945.1_ASM3038994v1_genomic.fna, 5505806, 5505806,562.131885.fna_vs_GCF_030389945.1_ASM3038994v1_genomic.fna_blast.xml,0,0,0,0,0,0,0,0,5505803,0,0,3,0,0,0,562_subject_array_1739747892.bin
237444,562,TUM1887,562.131887,7,https://ftp.ncbi.nlm.nih.gov/genomes/all/GCF/030/389/855/GCF_030389855.1_ASM3038985v1,7,562.131887.fna,GCF_030389855.1_ASM3038985v1_genomic.fna, 5219751, 5219751,562.131887.fna_vs_GCF_030389855.1_ASM3038985v1_genomic.fna_blast.xml,0,0,0,0,0,0,0,0,5219751,0,0,0,0,0,0,562_subject_array_1739747894.bin
237465,562,TUM9975,562.135210,7,https://ftp.ncbi.nlm.nih.gov/genomes/all/GCF/032/375/245/GCF_032375245.1_ASM3237524v1,7,562.135210.fna,GCF_032375245.1_ASM3237524v1_genomic.fna, 5427366, 5427366,562.135210.fna_vs_GCF_032375245.1_ASM3237524v1_genomic.fna_blast.xml,0,0,0,0,0,0,0,0,5427366,0,0,0,0,0,0,562_subject_array_1739747897.bin
237717,562,U13A,562.45430,7,https://ftp.ncbi.nlm.nih.gov/genomes/all/GCF/004/135/165/GCF_004135165.1_ASM413516v1,7,562.45430.fna,GCF_004135165.1_ASM413516v1_genomic.fna, 5300616, 5300616,562.45430.fna_vs_GCF_004135165.1_ASM413516v1_genomic.fna_blast.xml,0,0,0,0,0,0,0,0,5300616,0,0,0,0,0,0,562_subject_array_1739747899.bin
237720,562,U14A,562.45434,7,https://ftp.ncbi.nlm.nih.gov/genomes/all/GCF/004/135/915/GCF_004135915.1_ASM413591v1,7,562.45434.fna,GCF_004135915.1_ASM413591v1_genomic.fna, 5300575, 5300575,562.45434.fna_vs_GCF_004135915.1_ASM413591v1_genomic.fna_blast.xml,0,0,0,0,0,0,0,0,5300575,0,0,0,0,0,0,562_subject_array_1739747902.bin
237721,562,U15A,562.45584,7,https://ftp.ncbi.nlm.nih.gov/genomes/all/GCF/004/193/755/GCF_004193755.1_ASM419375v1,7,562.45584.fna,GCF_004193755.1_ASM419375v1_genomic.fna, 5128015, 5128015,562.45584.fna_vs_GCF_004193755.1_ASM419375v1_genomic.fna_blast.xml,0,0,0,0,0,0,0,0,5128015,0,0,0,0,0,0,562_subject_array_1739747904.bin
237881,562,UMB1800_15,562.59136,7,https://ftp.ncbi.nlm.nih.gov/genomes/all/GCF/011/751/405/GCF_011751405.1_ASM1175140v1,7,562.59136.fna,GCF_011751405.1_ASM1175140v1_genomic.fna, 5259066, 5259066,562.59136.fna_vs_GCF_011751405.1_ASM1175140v1_genomic.fna_blast.xml,0,0,0,0,0,0,0,0,5259066,0,0,0,0,0,0,562_subject_array_1739747907.bin
238143,562,UPEC-245U/190328,562.104233,7,https://ftp.ncbi.nlm.nih.gov/genomes/all/GCF/023/376/095/GCF_023376095.1_UTI-2_GENOME,7,562.104233.fna,GCF_023376095.1_UTI-2_GENOME_genomic.fna, 5301911, 5301911,562.104233.fna_vs_GCF_023376095.1_UTI-2_GENOME_genomic.fna_blast.xml,0,0,0,1,0,0,3,0,5301865,0,5,37,0,0,0,562_subject_array_1739747910.bin
238689,562,VE-V10-F,562.128958,7,https://ftp.ncbi.nlm.nih.gov/genomes/all/GCF/030/162/175/GCF_030162175.2_ASM3016217v2,7,562.128958.fna,GCF_030162175.2_ASM3016217v2_genomic.fna, 5195864, 5195864,562.128958.fna_vs_GCF_030162175.2_ASM3016217v2_genomic.fna_blast.xml,0,0,0,0,0,0,0,0,5195864,0,0,0,0,0,0,562_subject_array_1739747912.bin
239369,562,WP4-S18-ESBL-09,562.63836,7,https://ftp.ncbi.nlm.nih.gov/genomes/all/GCF/014/169/175/GCF_014169175.1_ASM1416917v1,7,562.63836.fna,GCF_014169175.1_ASM1416917v1_genomic.fna, 5165679, 5165679,562.63836.fna_vs_GCF_014169175.1_ASM1416917v1_genomic.fna_blast.xml,0,0,0,0,0,0,0,0,5165679,0,0,0,0,0,0,562_subject_array_1739747915.bin
239384,562,WP8-S18-CRE-02,562.63847,7,https://ftp.ncbi.nlm.nih.gov/genomes/all/GCF/014/169/695/GCF_014169695.1_ASM1416969v1,7,562.63847.fna,GCF_014169695.1_ASM1416969v1_genomic.fna, 5016101, 5016101,562.63847.fna_vs_GCF_014169695.1_ASM1416969v1_genomic.fna_blast.xml,0,0,0,0,0,0,0,0,5016101,0,0,0,0,0,0,562_subject_array_1739747918.bin
239635,562,X_22,562.115235,7,https://ftp.ncbi.nlm.nih.gov/genomes/all/GCF/026/619/755/GCF_026619755.1_ASM2661975v1,7,562.115235.fna,GCF_026619755.1_ASM2661975v1_genomic.fna, 5064389, 5064389,562.115235.fna_vs_GCF_026619755.1_ASM2661975v1_genomic.fna_blast.xml,0,0,0,0,0,0,0,0,5064389,0,0,0,0,0,0,562_subject_array_1739747921.bin
239648,562,X_46,562.115214,7,https://ftp.ncbi.nlm.nih.gov/genomes/all/GCF/026/615/555/GCF_026615555.1_ASM2661555v1,7,562.115214.fna,GCF_026615555.1_ASM2661555v1_genomic.fna, 4886037, 4886037,562.115214.fna_vs_GCF_026615555.1_ASM2661555v1_genomic.fna_blast.xml,0,0,0,0,0,0,0,0,4886037,0,0,0,0,0,0,562_subject_array_1739747923.bin
239678,562,X_87,562.115188,7,https://ftp.ncbi.nlm.nih.gov/genomes/all/GCF/026/614/745/GCF_026614745.1_ASM2661474v1,7,562.115188.fna,GCF_026614745.1_ASM2661474v1_genomic.fna, 5527546, 5527546,562.115188.fna_vs_GCF_026614745.1_ASM2661474v1_genomic.fna_blast.xml,0,0,0,0,0,0,0,0,5527546,0,0,0,0,0,0,562_subject_array_1739747926.bin
239681,562,X_90,562.115184,7,https://ftp.ncbi.nlm.nih.gov/genomes/all/GCF/026/614/715/GCF_026614715.1_ASM2661471v1,7,562.115184.fna,GCF_026614715.1_ASM2661471v1_genomic.fna, 5089040, 5089040,562.115184.fna_vs_GCF_026614715.1_ASM2661471v1_genomic.fna_blast.xml,0,0,0,0,0,0,0,0,5089040,0,0,0,0,0,0,562_subject_array_1739747929.bin
240003,562,Z1323CEC0016,562.148038,7,https://ftp.ncbi.nlm.nih.gov/genomes/all/GCF/037/563/415/GCF_037563415.1_ASM3756341v1,7,562.148038.fna,GCF_037563415.1_ASM3756341v1_genomic.fna, 5656325, 5656325,562.148038.fna_vs_GCF_037563415.1_ASM3756341v1_genomic.fna_blast.xml,0,0,0,0,0,0,0,0,5656325,0,0,0,0,0,0,562_subject_array_1739747932.bin
240004,562,Z1323CEC0017,562.148036,7,https://ftp.ncbi.nlm.nih.gov/genomes/all/GCF/037/561/805/GCF_037561805.1_ASM3756180v1,7,562.148036.fna,GCF_037561805.1_ASM3756180v1_genomic.fna, 5413091, 5413091,562.148036.fna_vs_GCF_037561805.1_ASM3756180v1_genomic.fna_blast.xml,0,0,0,0,0,0,0,0,5413091,0,0,0,0,0,0,562_subject_array_1739747935.bin
240008,562,Z1323HEC0010,562.148033,7,https://ftp.ncbi.nlm.nih.gov/genomes/all/GCF/037/555/585/GCF_037555585.1_ASM3755558v1,7,562.148033.fna,GCF_037555585.1_ASM3755558v1_genomic.fna, 5035911, 5035911,562.148033.fna_vs_GCF_037555585.1_ASM3755558v1_genomic.fna_blast.xml,0,0,0,0,0,0,0,0,5035911,0,0,0,0,0,0,562_subject_array_1739747938.bin
240744,562,isolateI,562.135176,7,https://ftp.ncbi.nlm.nih.gov/genomes/all/GCF/032/345/195/GCF_032345195.1_ASM3234519v1,7,562.135176.fna,GCF_032345195.1_ASM3234519v1_genomic.fna, 5056075, 5056075,562.135176.fna_vs_GCF_032345195.1_ASM3234519v1_genomic.fna_blast.xml,0,0,0,0,0,0,0,0,5056075,0,0,0,0,0,0,562_subject_array_1739747940.bin
241236,562,xz028,562.77154,7,https://ftp.ncbi.nlm.nih.gov/genomes/all/GCF/019/054/135/GCF_019054135.1_ASM1905413v1,7,562.77154.fna,GCF_019054135.1_ASM1905413v1_genomic.fna, 5251850, 5251850,562.77154.fna_vs_GCF_019054135.1_ASM1905413v1_genomic.fna_blast.xml,0,0,0,0,0,0,0,0,5251850,0,0,0,0,0,0,562_subject_array_1739747943.bin
241328,564,18B226LT,564.478,7,https://ftp.ncbi.nlm.nih.gov/genomes/all/GCF/036/509/855/GCF_036509855.1_ASM3650985v1,7,564.478.fna,GCF_036509855.1_ASM3650985v1_genomic.fna, 5095533, 5095533,564.478.fna_vs_GCF_036509855.1_ASM3650985v1_genomic.fna_blast.xml,0,0,0,0,0,0,0,0,5095533,0,0,0,0,0,0,564_subject_array_1739747945.bin
241340,564,6S41-1,564.351,7,https://ftp.ncbi.nlm.nih.gov/genomes/all/GCF/020/002/285/GCF_020002285.1_ASM2000228v1,7,564.351.fna,GCF_020002285.1_ASM2000228v1_genomic.fna, 4977581, 4977581,564.351.fna_vs_GCF_020002285.1_ASM2000228v1_genomic.fna_blast.xml,0,0,0,0,0,0,0,0,4977581,0,0,0,0,0,0,564_subject_array_1739747948.bin
241448,564,RHB28-C21,564.111,7,https://ftp.ncbi.nlm.nih.gov/genomes/all/GCF/013/829/265/GCF_013829265.1_ASM1382926v1,7,564.111.fna,GCF_013829265.1_ASM1382926v1_genomic.fna, 5058232, 5058232,564.111.fna_vs_GCF_013829265.1_ASM1382926v1_genomic.fna_blast.xml,0,0,0,0,0,0,0,0,5058232,0,0,0,0,0,0,564_subject_array_1739747950.bin
241476,564,RHB44-C03,564.451,7,https://ftp.ncbi.nlm.nih.gov/genomes/all/GCF/029/719/985/GCF_029719985.1_ASM2971998v1,7,564.451.fna,GCF_029719985.1_ASM2971998v1_genomic.fna, 4892769, 4892769,564.451.fna_vs_GCF_029719985.1_ASM2971998v1_genomic.fna_blast.xml,0,0,0,0,0,0,0,0,4892769,0,0,0,0,0,0,564_subject_array_1739747952.bin
241513,56448,84A,56448.86,7,https://ftp.ncbi.nlm.nih.gov/genomes/all/GCF/014/195/715/GCF_014195715.1_ASM1419571v1,7,56448.86.fna,GCF_014195715.1_ASM1419571v1_genomic.fna, 4898161, 4898161,56448.86.fna_vs_GCF_014195715.1_ASM1419571v1_genomic.fna_blast.xml,0,0,0,0,0,0,0,0,4898161,0,0,0,0,0,0,56448_subject_array_1739747954.bin
241528,56448,CFBP 8139,56448.80,7,https://ftp.ncbi.nlm.nih.gov/genomes/all/GCF/011/761/865/GCF_011761865.1_ASM1176186v1,7,56448.80.fna,GCF_011761865.1_ASM1176186v1_genomic.fna, 4953125, 4953125,56448.80.fna_vs_GCF_011761865.1_ASM1176186v1_genomic.fna_blast.xml,0,0,0,0,0,0,0,91,4953034,0,0,0,0,0,0,56448_subject_array_1739747957.bin
241558,56448,PLY_3,56448.62,7,https://ftp.ncbi.nlm.nih.gov/genomes/all/GCF/003/364/095/GCF_003364095.1_ASM336409v1,7,56448.62.fna,GCF_003364095.1_ASM336409v1_genomic.fna, 5261705, 5261705,56448.62.fna_vs_GCF_003364095.1_ASM336409v1_genomic.fna_blast.xml,0,0,0,0,0,0,0,245,5261458,0,2,0,0,0,0,56448_subject_array_1739747960.bin
241770,565664,C68,565664.22,7,https://ftp.ncbi.nlm.nih.gov/genomes/all/GCF/001/582/105/GCF_001582105.1_ASM158210v1,7,565664.22.fna,GCF_001582105.1_ASM158210v1_genomic.fna, 3230697, 3230697,565664.22.fna_vs_GCF_001582105.1_ASM158210v1_genomic.fna_blast.xml,0,0,0,0,0,0,0,0,3230697,0,0,0,0,0,0,565664_subject_array_1739747961.bin
241887,569,NCTC6578,569.80,7,https://ftp.ncbi.nlm.nih.gov/genomes/all/GCF/900/451/125/GCF_900451125.1_52363_E02,7,569.80.fna,GCF_900451125.1_52363_E02_genomic.fna, 4696389, 4696389,569.80.fna_vs_GCF_900451125.1_52363_E02_genomic.fna_blast.xml,0,0,0,0,0,0,0,0,4696389,0,0,0,0,0,0,569_subject_array_1739747963.bin
242184,571,CPO121,571.965,7,https://ftp.ncbi.nlm.nih.gov/genomes/all/GCF/016/774/075/GCF_016774075.1_ASM1677407v1,7,571.965.fna,GCF_016774075.1_ASM1677407v1_genomic.fna, 6242259, 6242259,571.965.fna_vs_GCF_016774075.1_ASM1677407v1_genomic.fna_blast.xml,0,0,0,0,0,0,0,0,6242259,0,0,0,0,0,0,571_subject_array_1739747966.bin
242226,571,KLO00017,571.938,7,https://ftp.ncbi.nlm.nih.gov/genomes/all/GCF/015/721/495/GCF_015721495.1_ASM1572149v1,7,571.938.fna,GCF_015721495.1_ASM1572149v1_genomic.fna, 5873871, 5873871,571.938.fna_vs_GCF_015721495.1_ASM1572149v1_genomic.fna_blast.xml,0,0,0,0,0,0,0,0,5873871,0,0,0,0,0,0,571_subject_array_1739747969.bin
242721,573,11E266,573.63277,7,https://ftp.ncbi.nlm.nih.gov/genomes/all/GCF/033/434/135/GCF_033434135.1_ASM3343413v1,7,573.63277.fna,GCF_033434135.1_ASM3343413v1_genomic.fna, 6035805, 6035805,573.63277.fna_vs_GCF_033434135.1_ASM3343413v1_genomic.fna_blast.xml,0,0,0,0,0,0,0,0,6035805,0,0,0,0,0,0,573_subject_array_1739747971.bin
242988,573,160111,573.20005,7,https://ftp.ncbi.nlm.nih.gov/genomes/all/GCF/003/429/545/GCF_003429545.1_ASM342954v1,7,573.20005.fna,GCF_003429545.1_ASM342954v1_genomic.fna, 5805104, 5805104,573.20005.fna_vs_GCF_003429545.1_ASM342954v1_genomic.fna_blast.xml,0,0,0,0,0,0,0,1,5805102,0,1,0,0,0,0,573_subject_array_1739747974.bin
243012,573,1633,573.54899,7,https://ftp.ncbi.nlm.nih.gov/genomes/all/GCF/029/715/265/GCF_029715265.1_ASM2971526v1,7,573.54899.fna,GCF_029715265.1_ASM2971526v1_genomic.fna, 5837032, 5837032,573.54899.fna_vs_GCF_029715265.1_ASM2971526v1_genomic.fna_blast.xml,0,0,0,0,0,0,0,0,5837032,0,0,0,0,0,0,573_subject_array_1739747976.bin
243018,573,165,573.69420,7,https://ftp.ncbi.nlm.nih.gov/genomes/all/GCF/037/477/855/GCF_037477855.1_ASM3747785v1,7,573.69420.fna,GCF_037477855.1_ASM3747785v1_genomic.fna, 5851418, 5851418,573.69420.fna_vs_GCF_037477855.1_ASM3747785v1_genomic.fna_blast.xml,0,0,0,0,0,0,0,0,5851418,0,0,0,0,0,0,573_subject_array_1739747979.bin
243027,573,1674,573.54903,7,https://ftp.ncbi.nlm.nih.gov/genomes/all/GCF/029/715/275/GCF_029715275.1_ASM2971527v1,7,573.54903.fna,GCF_029715275.1_ASM2971527v1_genomic.fna, 5813555, 5813555,573.54903.fna_vs_GCF_029715275.1_ASM2971527v1_genomic.fna_blast.xml,0,0,0,0,0,0,0,0,5813555,0,0,0,0,0,0,573_subject_array_1739747981.bin
243028,573,1678,573.39753,7,https://ftp.ncbi.nlm.nih.gov/genomes/all/GCF/019/458/505/GCF_019458505.1_ASM1945850v1,7,573.39753.fna,GCF_019458505.1_ASM1945850v1_genomic.fna, 5634152, 5634152,573.39753.fna_vs_GCF_019458505.1_ASM1945850v1_genomic.fna_blast.xml,0,0,0,0,0,0,0,100,5634052,0,0,0,0,0,0,573_subject_array_1739747984.bin
243258,573,180528370373,573.65545,7,https://ftp.ncbi.nlm.nih.gov/genomes/all/GCF/036/575/305/GCF_036575305.1_ASM3657530v1,7,573.65545.fna,GCF_036575305.1_ASM3657530v1_genomic.fna, 5324328, 5324328,573.65545.fna_vs_GCF_036575305.1_ASM3657530v1_genomic.fna_blast.xml,0,0,0,0,0,0,0,91,5324237,0,0,0,0,0,0,573_subject_array_1739747986.bin
243311,573,182,573.69418,7,https://ftp.ncbi.nlm.nih.gov/genomes/all/GCF/037/477/875/GCF_037477875.1_ASM3747787v1,7,573.69418.fna,GCF_037477875.1_ASM3747787v1_genomic.fna, 5683235, 5683235,573.69418.fna_vs_GCF_037477875.1_ASM3747787v1_genomic.fna_blast.xml,0,0,0,0,0,0,0,100,5683135,0,0,0,0,0,0,573_subject_array_1739747988.bin
243341,573,1880,573.54901,7,https://ftp.ncbi.nlm.nih.gov/genomes/all/GCF/029/715/235/GCF_029715235.1_ASM2971523v1,7,573.54901.fna,GCF_029715235.1_ASM2971523v1_genomic.fna, 5681525, 5681525,573.54901.fna_vs_GCF_029715235.1_ASM2971523v1_genomic.fna_blast.xml,0,0,0,0,0,0,0,0,5681525,0,0,0,0,0,0,573_subject_array_1739747991.bin
243454,573,2002,573.59058,7,https://ftp.ncbi.nlm.nih.gov/genomes/all/GCF/031/628/955/GCF_031628955.1_ASM3162895v1,7,573.59058.fna,GCF_031628955.1_ASM3162895v1_genomic.fna, 5696596, 5696596,573.59058.fna_vs_GCF_031628955.1_ASM3162895v1_genomic.fna_blast.xml,0,0,0,0,0,0,0,0,5696596,0,0,0,0,0,0,573_subject_array_1739747993.bin
243456,573,2004N07-219,573.72943,7,https://ftp.ncbi.nlm.nih.gov/genomes/all/GCF/038/430/245/GCF_038430245.1_ASM3843024v1,7,573.72943.fna,GCF_038430245.1_ASM3843024v1_genomic.fna, 6075113, 6075113,573.72943.fna_vs_GCF_038430245.1_ASM3843024v1_genomic.fna_blast.xml,0,0,0,0,0,0,0,0,6075113,0,0,0,0,0,0,573_subject_array_1739747996.bin
243680,573,2020CK-00223,573.54077,7,https://ftp.ncbi.nlm.nih.gov/genomes/all/GCF/028/872/175/GCF_028872175.1_ASM2887217v1,7,573.54077.fna,GCF_028872175.1_ASM2887217v1_genomic.fna, 5558472, 5558472,573.54077.fna_vs_GCF_028872175.1_ASM2887217v1_genomic.fna_blast.xml,0,0,0,0,0,0,0,0,5558472,0,0,0,0,0,0,573_subject_array_1739747998.bin
243744,573,2023CK-00929,573.64974,7,https://ftp.ncbi.nlm.nih.gov/genomes/all/GCF/031/010/555/GCF_031010555.1_ASM3101055v2,7,573.64974.fna,GCF_031010555.1_ASM3101055v2_genomic.fna, 5503914, 5503914,573.64974.fna_vs_GCF_031010555.1_ASM3101055v2_genomic.fna_blast.xml,0,0,0,0,0,0,0,0,5503913,0,1,0,0,0,0,573_subject_array_1739748000.bin
243803,573,21080237,573.47300,7,https://ftp.ncbi.nlm.nih.gov/genomes/all/GCF/022/982/555/GCF_022982555.1_ASM2298255v1,7,573.47300.fna,GCF_022982555.1_ASM2298255v1_genomic.fna, 5887400, 5887400,573.47300.fna_vs_GCF_022982555.1_ASM2298255v1_genomic.fna_blast.xml,0,0,0,0,0,0,0,0,5887400,0,0,0,0,0,0,573_subject_array_1739748003.bin
244251,573,324,573.69421,7,https://ftp.ncbi.nlm.nih.gov/genomes/all/GCF/037/477/835/GCF_037477835.1_ASM3747783v1,7,573.69421.fna,GCF_037477835.1_ASM3747783v1_genomic.fna, 5788143, 5788143,573.69421.fna_vs_GCF_037477835.1_ASM3747783v1_genomic.fna_blast.xml,0,0,0,0,0,0,0,0,5788143,0,0,0,0,0,0,573_subject_array_1739748005.bin
244451,573,4254,573.64500,7,https://ftp.ncbi.nlm.nih.gov/genomes/all/GCF/033/847/565/GCF_033847565.1_ASM3384756v1,7,573.64500.fna,GCF_033847565.1_ASM3384756v1_genomic.fna, 5831333, 5831333,573.64500.fna_vs_GCF_033847565.1_ASM3384756v1_genomic.fna_blast.xml,0,0,0,0,0,0,0,0,5831333,0,0,0,0,0,0,573_subject_array_1739748008.bin
244726,573,4743,573.22604,7,https://ftp.ncbi.nlm.nih.gov/genomes/all/GCF/003/790/485/GCF_003790485.1_ASM379048v1,7,573.22604.fna,GCF_003790485.1_ASM379048v1_genomic.fna, 5857478, 5857478,573.22604.fna_vs_GCF_003790485.1_ASM379048v1_genomic.fna_blast.xml,0,0,0,0,0,0,0,0,5857478,0,0,0,0,0,0,573_subject_array_1739748011.bin
244749,573,4906.28,573.44533,7,https://ftp.ncbi.nlm.nih.gov/genomes/all/GCF/021/137/855/GCF_021137855.1_ASM2113785v1,7,573.44533.fna,GCF_021137855.1_ASM2113785v1_genomic.fna, 5794280, 5794280,573.44533.fna_vs_GCF_021137855.1_ASM2113785v1_genomic.fna_blast.xml,0,0,0,0,0,0,0,0,5794280,0,0,0,0,0,0,573_subject_array_1739748013.bin
244752,573,49210,573.44559,7,https://ftp.ncbi.nlm.nih.gov/genomes/all/GCF/021/166/235/GCF_021166235.1_ASM2116623v1,7,573.44559.fna,GCF_021166235.1_ASM2116623v1_genomic.fna, 5995557, 5995557,573.44559.fna_vs_GCF_021166235.1_ASM2116623v1_genomic.fna_blast.xml,0,0,0,0,0,0,0,0,5995557,0,0,0,0,0,0,573_subject_array_1739748016.bin
245100,573,517485,573.58423,7,https://ftp.ncbi.nlm.nih.gov/genomes/all/GCF/030/845/675/GCF_030845675.1_ASM3084567v1,7,573.58423.fna,GCF_030845675.1_ASM3084567v1_genomic.fna, 6054606, 6054606,573.58423.fna_vs_GCF_030845675.1_ASM3084567v1_genomic.fna_blast.xml,0,0,0,0,0,0,0,0,6054606,0,0,0,0,0,0,573_subject_array_1739748019.bin
245120,573,53374,573.44557,7,https://ftp.ncbi.nlm.nih.gov/genomes/all/GCF/021/166/195/GCF_021166195.1_ASM2116619v1,7,573.44557.fna,GCF_021166195.1_ASM2116619v1_genomic.fna, 6056009, 6056009,573.44557.fna_vs_GCF_021166195.1_ASM2116619v1_genomic.fna_blast.xml,0,0,0,0,0,0,0,0,6056009,0,0,0,0,0,0,573_subject_array_1739748022.bin
245166,573,589376,573.58419,7,https://ftp.ncbi.nlm.nih.gov/genomes/all/GCF/030/845/595/GCF_030845595.1_ASM3084559v1,7,573.58419.fna,GCF_030845595.1_ASM3084559v1_genomic.fna, 5877788, 5877788,573.58419.fna_vs_GCF_030845595.1_ASM3084559v1_genomic.fna_blast.xml,0,0,0,0,0,0,0,0,5877788,0,0,0,0,0,0,573_subject_array_1739748024.bin
245324,573,6712.08,573.44525,7,https://ftp.ncbi.nlm.nih.gov/genomes/all/GCF/021/137/715/GCF_021137715.1_ASM2113771v1,7,573.44525.fna,GCF_021137715.1_ASM2113771v1_genomic.fna, 5652918, 5652918,573.44525.fna_vs_GCF_021137715.1_ASM2113771v1_genomic.fna_blast.xml,0,0,0,0,0,0,0,0,5652918,0,0,0,0,0,0,573_subject_array_1739748027.bin
245353,573,7008.20,573.44524,7,https://ftp.ncbi.nlm.nih.gov/genomes/all/GCF/021/137/675/GCF_021137675.1_ASM2113767v1,7,573.44524.fna,GCF_021137675.1_ASM2113767v1_genomic.fna, 5870019, 5870019,573.44524.fna_vs_GCF_021137675.1_ASM2113767v1_genomic.fna_blast.xml,0,0,0,0,0,0,0,0,5870019,0,0,0,0,0,0,573_subject_array_1739748030.bin
245410,573,81,573.53638,7,https://ftp.ncbi.nlm.nih.gov/genomes/all/GCF/028/527/475/GCF_028527475.1_ASM2852747v1,7,573.53638.fna,GCF_028527475.1_ASM2852747v1_genomic.fna, 5586527, 5886689,573.53638.fna_vs_GCF_028527475.1_ASM2852747v1_genomic.fna_blast.xml,0,0,10,3,0,0,17,280411,5597640,0,21,776,7797,0,14,573_subject_array_1739748032.bin
245645,573,AE-2247421-T20-ESBL,573.47163,7,https://ftp.ncbi.nlm.nih.gov/genomes/all/GCF/022/759/985/GCF_022759985.1_ASM2275998v1,7,573.47163.fna,GCF_022759985.1_ASM2275998v1_genomic.fna, 5862987, 5862987,573.47163.fna_vs_GCF_022759985.1_ASM2275998v1_genomic.fna_blast.xml,0,0,0,0,0,0,0,0,5862987,0,0,0,0,0,0,573_subject_array_1739748035.bin
245791,573,AMR180022,573.62641,7,https://ftp.ncbi.nlm.nih.gov/genomes/all/GCF/032/826/355/GCF_032826355.1_ASM3282635v1,7,573.62641.fna,GCF_032826355.1_ASM3282635v1_genomic.fna, 6058687, 6058687,573.62641.fna_vs_GCF_032826355.1_ASM3282635v1_genomic.fna_blast.xml,0,0,0,0,0,0,0,0,6058687,0,0,0,0,0,0,573_subject_array_1739748037.bin
245822,573,ARGID_31501,573.44286,7,https://ftp.ncbi.nlm.nih.gov/genomes/all/GCF/922/831/345/GCF_922831345.1_ARGID_31501,7,573.44286.fna,GCF_922831345.1_ARGID_31501_genomic.fna, 5534201, 5534201,573.44286.fna_vs_GCF_922831345.1_ARGID_31501_genomic.fna_blast.xml,0,0,0,0,0,0,0,0,5534201,0,0,0,0,0,0,573_subject_array_1739748040.bin
245824,573,ARGID_31864,573.44272,7,https://ftp.ncbi.nlm.nih.gov/genomes/all/GCF/922/826/505/GCF_922826505.1_ARGID_31864,7,573.44272.fna,GCF_922826505.1_ARGID_31864_genomic.fna, 5570493, 5570493,573.44272.fna_vs_GCF_922826505.1_ARGID_31864_genomic.fna_blast.xml,0,0,0,0,0,0,0,0,5570493,0,0,0,0,0,0,573_subject_array_1739748043.bin
245863,573,AR_0075,573.20062,7,https://ftp.ncbi.nlm.nih.gov/genomes/all/GCF/003/571/605/GCF_003571605.1_ASM357160v1,7,573.20062.fna,GCF_003571605.1_ASM357160v1_genomic.fna, 5961854, 5961854,573.20062.fna_vs_GCF_003571605.1_ASM357160v1_genomic.fna_blast.xml,0,0,0,0,0,0,0,0,5961854,0,0,0,0,0,0,573_subject_array_1739748045.bin
245865,573,AR_0079,573.18088,7,https://ftp.ncbi.nlm.nih.gov/genomes/all/GCF/003/073/335/GCF_003073335.1_ASM307333v1,7,573.18088.fna,GCF_003073335.1_ASM307333v1_genomic.fna, 6131952, 6131952,573.18088.fna_vs_GCF_003073335.1_ASM307333v1_genomic.fna_blast.xml,0,0,0,0,0,0,0,0,6131952,0,0,0,0,0,0,573_subject_array_1739748048.bin
245873,573,AR_0109,573.20064,7,https://ftp.ncbi.nlm.nih.gov/genomes/all/GCF/003/571/705/GCF_003571705.1_ASM357170v1,7,573.20064.fna,GCF_003571705.1_ASM357170v1_genomic.fna, 5924827, 5924827,573.20064.fna_vs_GCF_003571705.1_ASM357170v1_genomic.fna_blast.xml,0,0,0,0,0,0,0,0,5924827,0,0,0,0,0,0,573_subject_array_1739748051.bin
246304,573,BD-13,573.44522,7,https://ftp.ncbi.nlm.nih.gov/genomes/all/GCF/021/137/635/GCF_021137635.1_ASM2113763v1,7,573.44522.fna,GCF_021137635.1_ASM2113763v1_genomic.fna, 5734525, 5734525,573.44522.fna_vs_GCF_021137635.1_ASM2113763v1_genomic.fna_blast.xml,0,0,0,0,0,0,0,0,5734525,0,0,0,0,0,0,573_subject_array_1739748053.bin
246368,573,BJ17-0119,573.49082,7,https://ftp.ncbi.nlm.nih.gov/genomes/all/GCF/023/700/415/GCF_023700415.1_ASM2370041v1,7,573.49082.fna,GCF_023700415.1_ASM2370041v1_genomic.fna, 5963168, 5963168,573.49082.fna_vs_GCF_023700415.1_ASM2370041v1_genomic.fna_blast.xml,0,0,0,0,0,0,0,0,5963168,0,0,0,0,0,0,573_subject_array_1739748056.bin
246370,573,BJ17-0121,573.49080,7,https://ftp.ncbi.nlm.nih.gov/genomes/all/GCF/023/700/375/GCF_023700375.1_ASM2370037v1,7,573.49080.fna,GCF_023700375.1_ASM2370037v1_genomic.fna, 5573943, 5573943,573.49080.fna_vs_GCF_023700375.1_ASM2370037v1_genomic.fna_blast.xml,0,0,0,0,0,0,0,0,5573943,0,0,0,0,0,0,573_subject_array_1739748058.bin
246582,573,C2974,573.30812,7,https://ftp.ncbi.nlm.nih.gov/genomes/all/GCF/010/183/605/GCF_010183605.1_ASM1018360v1,7,573.30812.fna,GCF_010183605.1_ASM1018360v1_genomic.fna, 5895904, 5895904,573.30812.fna_vs_GCF_010183605.1_ASM1018360v1_genomic.fna_blast.xml,0,0,0,0,0,0,0,100,5895804,0,0,0,0,0,0,573_subject_array_1739748061.bin
246617,573,C51,573.28016,7,https://ftp.ncbi.nlm.nih.gov/genomes/all/GCF/008/931/345/GCF_008931345.1_ASM893134v1,7,573.28016.fna,GCF_008931345.1_ASM893134v1_genomic.fna, 5686533, 5686533,573.28016.fna_vs_GCF_008931345.1_ASM893134v1_genomic.fna_blast.xml,0,0,0,0,0,0,0,0,5686533,0,0,0,0,0,0,573_subject_array_1739748063.bin
246688,573,CAV1042,573.7351,7,https://ftp.ncbi.nlm.nih.gov/genomes/all/GCF/001/908/515/GCF_001908515.1_ASM190851v1,7,573.7351.fna,GCF_001908515.1_ASM190851v1_genomic.fna, 5752260, 5752260,573.7351.fna_vs_GCF_001908515.1_ASM190851v1_genomic.fna_blast.xml,0,0,0,0,0,0,0,0,5752260,0,0,0,0,0,0,573_subject_array_1739748066.bin
247384,573,CPO140,573.56279,7,https://ftp.ncbi.nlm.nih.gov/genomes/all/GCF/030/186/235/GCF_030186235.2_NA,7,573.56279.fna,GCF_030186235.2_NA_genomic.fna, 5768237, 5768237,573.56279.fna_vs_GCF_030186235.2_NA_genomic.fna_blast.xml,0,0,0,0,0,0,0,0,5768237,0,0,0,0,0,0,573_subject_array_1739748068.bin
247703,573,CRKP-12,573.50168,7,https://ftp.ncbi.nlm.nih.gov/genomes/all/GCF/024/706/785/GCF_024706785.1_ASM2470678v1,7,573.50168.fna,GCF_024706785.1_ASM2470678v1_genomic.fna, 5810858, 5810858,573.50168.fna_vs_GCF_024706785.1_ASM2470678v1_genomic.fna_blast.xml,0,0,0,0,0,0,1,0,5810856,0,1,0,0,0,0,573_subject_array_1739748071.bin
247847,573,CRKP_29,573.53589,7,https://ftp.ncbi.nlm.nih.gov/genomes/all/GCF/028/221/025/GCF_028221025.1_ASM2822102v1,7,573.53589.fna,GCF_028221025.1_ASM2822102v1_genomic.fna, 5737867, 5984186,573.53589.fna_vs_GCF_028221025.1_ASM2822102v1_genomic.fna_blast.xml,0,0,35,1,0,0,5,220938,5749642,0,3,1587,11932,0,43,573_subject_array_1739748073.bin
247850,573,CRKP_31,573.53590,7,https://ftp.ncbi.nlm.nih.gov/genomes/all/GCF/028/220/985/GCF_028220985.1_ASM2822098v1,7,573.53590.fna,GCF_028220985.1_ASM2822098v1_genomic.fna, 5974859, 5986790,573.53590.fna_vs_GCF_028220985.1_ASM2822098v1_genomic.fna_blast.xml,0,0,0,0,1,0,57,9351,5977127,0,56,118,80,0,0,573_subject_array_1739748076.bin
247854,573,CRKP_35,573.53580,7,https://ftp.ncbi.nlm.nih.gov/genomes/all/GCF/028/220/555/GCF_028220555.1_ASM2822055v1,7,573.53580.fna,GCF_028220555.1_ASM2822055v1_genomic.fna, 5689004, 5806309,573.53580.fna_vs_GCF_028220555.1_ASM2822055v1_genomic.fna_blast.xml,0,0,11,0,0,0,0,116458,5689007,0,0,121,698,0,14,573_subject_array_1739748078.bin
247855,573,CRKP_36,573.53575,7,https://ftp.ncbi.nlm.nih.gov/genomes/all/GCF/028/220/175/GCF_028220175.1_ASM2822017v1,7,573.53575.fna,GCF_028220175.1_ASM2822017v1_genomic.fna,  542597, 5985371,573.53575.fna_vs_GCF_028220175.1_ASM2822017v1_genomic.fna_blast.xml,0,0,16,3,0,0,5,5395989,560115,0,15,1084,28116,0,28,573_subject_array_1739748079.bin
247857,573,CRKP_38,573.53573,7,https://ftp.ncbi.nlm.nih.gov/genomes/all/GCF/028/219/995/GCF_028219995.1_ASM2821999v1,7,573.53573.fna,GCF_028219995.1_ASM2821999v1_genomic.fna, 5900580, 5985456,573.53573.fna_vs_GCF_028219995.1_ASM2821999v1_genomic.fna_blast.xml,0,0,15,0,0,0,2,74708,5905960,0,0,313,4442,0,16,573_subject_array_1739748081.bin
247858,573,CRKP_39,573.53576,7,https://ftp.ncbi.nlm.nih.gov/genomes/all/GCF/028/219/975/GCF_028219975.1_ASM2821997v1,7,573.53576.fna,GCF_028219975.1_ASM2821997v1_genomic.fna, 5979738, 5985334,573.53576.fna_vs_GCF_028219975.1_ASM2821997v1_genomic.fna_blast.xml,0,0,10,0,0,0,0,5067,5979741,0,0,51,455,0,10,573_subject_array_1739748084.bin
247860,573,CRKP_40,573.53574,7,https://ftp.ncbi.nlm.nih.gov/genomes/all/GCF/028/219/955/GCF_028219955.1_ASM2821995v1,7,573.53574.fna,GCF_028219955.1_ASM2821995v1_genomic.fna, 5985333, 5985333,573.53574.fna_vs_GCF_028219955.1_ASM2821995v1_genomic.fna_blast.xml,0,0,0,0,0,0,0,0,5985333,0,0,0,0,0,0,573_subject_array_1739748087.bin
247884,573,CS00367,573.56271,7,https://ftp.ncbi.nlm.nih.gov/genomes/all/GCF/030/176/955/GCF_030176955.1_ASM3017695v1,7,573.56271.fna,GCF_030176955.1_ASM3017695v1_genomic.fna, 5677616, 5677616,573.56271.fna_vs_GCF_030176955.1_ASM3017695v1_genomic.fna_blast.xml,0,0,0,0,0,0,0,0,5677616,0,0,0,0,0,0,573_subject_array_1739748089.bin
248042,573,CriePir342,573.49403,7,https://ftp.ncbi.nlm.nih.gov/genomes/all/GCF/024/007/135/GCF_024007135.1_ASM2400713v1,7,573.49403.fna,GCF_024007135.1_ASM2400713v1_genomic.fna, 5702627, 5702627,573.49403.fna_vs_GCF_024007135.1_ASM2400713v1_genomic.fna_blast.xml,0,0,0,0,0,0,0,0,5702627,0,0,0,0,0,0,573_subject_array_1739748092.bin
248049,573,CriePt492,573.54354,7,https://ftp.ncbi.nlm.nih.gov/genomes/all/GCF/029/223/065/GCF_029223065.1_ASM2922306v1,7,573.54354.fna,GCF_029223065.1_ASM2922306v1_genomic.fna, 5878159, 5878159,573.54354.fna_vs_GCF_029223065.1_ASM2922306v1_genomic.fna_blast.xml,0,0,0,0,0,0,0,0,5878159,0,0,0,0,0,0,573_subject_array_1739748095.bin
248051,573,CriePt495,573.54357,7,https://ftp.ncbi.nlm.nih.gov/genomes/all/GCF/029/223/355/GCF_029223355.1_ASM2922335v1,7,573.54357.fna,GCF_029223355.1_ASM2922335v1_genomic.fna, 5896551, 5896551,573.54357.fna_vs_GCF_029223355.1_ASM2922335v1_genomic.fna_blast.xml,0,0,0,0,0,0,0,0,5896551,0,0,0,0,0,0,573_subject_array_1739748098.bin
248371,573,EGKP1-ST1269,573.53526,7,https://ftp.ncbi.nlm.nih.gov/genomes/all/GCF/027/853/295/GCF_027853295.1_ASM2785329v1,7,573.53526.fna,GCF_027853295.1_ASM2785329v1_genomic.fna, 5599790, 5796123,573.53526.fna_vs_GCF_027853295.1_ASM2785329v1_genomic.fna_blast.xml,0,0,2,0,0,0,0,188610,5600599,0,0,90,6819,0,3,573_subject_array_1739748100.bin
250128,573,F1025,573.57364,7,https://ftp.ncbi.nlm.nih.gov/genomes/all/GCF/030/552/995/GCF_030552995.1_ASM3055299v1,7,573.57364.fna,GCF_030552995.1_ASM3055299v1_genomic.fna, 5917483, 5917483,573.57364.fna_vs_GCF_030552995.1_ASM3055299v1_genomic.fna_blast.xml,0,0,0,0,0,0,0,0,5917483,0,0,0,0,0,0,573_subject_array_1739748103.bin
250159,573,FDAARGOS_435,573.15311,7,https://ftp.ncbi.nlm.nih.gov/genomes/all/GCF/002/588/365/GCF_002588365.1_ASM258836v1,7,573.15311.fna,GCF_002588365.1_ASM258836v1_genomic.fna, 5550288, 5550288,573.15311.fna_vs_GCF_002588365.1_ASM258836v1_genomic.fna_blast.xml,0,0,0,0,0,0,0,0,5550288,0,0,0,0,0,0,573_subject_array_1739748105.bin
250160,573,FDAARGOS_436,573.15319,7,https://ftp.ncbi.nlm.nih.gov/genomes/all/GCF/002/636/095/GCF_002636095.1_ASM263609v1,7,573.15319.fna,GCF_002636095.1_ASM263609v1_genomic.fna, 5625903, 5625903,573.15319.fna_vs_GCF_002636095.1_ASM263609v1_genomic.fna_blast.xml,0,0,0,0,0,0,0,0,5625903,0,0,0,0,0,0,573_subject_array_1739748108.bin
250163,573,FDAARGOS_442,573.15320,7,https://ftp.ncbi.nlm.nih.gov/genomes/all/GCF/002/636/375/GCF_002636375.1_ASM263637v1,7,573.15320.fna,GCF_002636375.1_ASM263637v1_genomic.fna, 5727717, 5727717,573.15320.fna_vs_GCF_002636375.1_ASM263637v1_genomic.fna_blast.xml,0,0,0,0,0,0,0,0,5727717,0,0,0,0,0,0,573_subject_array_1739748110.bin
250167,573,FDAARGOS_447,573.15318,7,https://ftp.ncbi.nlm.nih.gov/genomes/all/GCF/002/636/215/GCF_002636215.1_ASM263621v1,7,573.15318.fna,GCF_002636215.1_ASM263621v1_genomic.fna, 5789969, 5789969,573.15318.fna_vs_GCF_002636215.1_ASM263621v1_genomic.fna_blast.xml,0,0,0,0,0,0,0,0,5789969,0,0,0,0,0,0,573_subject_array_1739748112.bin
250253,573,FRPDR,573.34075,7,https://ftp.ncbi.nlm.nih.gov/genomes/all/GCF/015/243/235/GCF_015243235.1_ASM1524323v1,7,573.34075.fna,GCF_015243235.1_ASM1524323v1_genomic.fna, 6029648, 6029648,573.34075.fna_vs_GCF_015243235.1_ASM1524323v1_genomic.fna_blast.xml,0,0,0,0,0,0,0,0,6029647,0,0,1,0,0,0,573_subject_array_1739748114.bin
250517,573,GN4549,573.54339,7,https://ftp.ncbi.nlm.nih.gov/genomes/all/GCF/029/201/465/GCF_029201465.1_ASM2920146v1,7,573.54339.fna,GCF_029201465.1_ASM2920146v1_genomic.fna, 5663795, 5663795,573.54339.fna_vs_GCF_029201465.1_ASM2920146v1_genomic.fna_blast.xml,0,0,0,0,0,0,0,0,5663795,0,0,0,0,0,0,573_subject_array_1739748117.bin
250531,573,GX34,573.52937,7,https://ftp.ncbi.nlm.nih.gov/genomes/all/GCF/026/821/715/GCF_026821715.1_ASM2682171v1,7,573.52937.fna,GCF_026821715.1_ASM2682171v1_genomic.fna, 5808693, 5808693,573.52937.fna_vs_GCF_026821715.1_ASM2682171v1_genomic.fna_blast.xml,0,0,0,0,0,0,0,0,5808693,0,0,0,0,0,0,573_subject_array_1739748119.bin
250821,573,HSKP8,573.51874,7,https://ftp.ncbi.nlm.nih.gov/genomes/all/GCF/025/884/135/GCF_025884135.1_ASM2588413v1,7,573.51874.fna,GCF_025884135.1_ASM2588413v1_genomic.fna, 5810524, 5810524,573.51874.fna_vs_GCF_025884135.1_ASM2588413v1_genomic.fna_blast.xml,0,0,0,0,0,0,0,0,5810524,0,0,0,0,0,0,573_subject_array_1739748121.bin
251102,573,INF142,573.34278,7,https://ftp.ncbi.nlm.nih.gov/genomes/all/GCF/904/865/785/GCF_904865785.1_INF142,7,573.34278.fna,GCF_904865785.1_INF142_genomic.fna, 5740875, 5740875,573.34278.fna_vs_GCF_904865785.1_INF142_genomic.fna_blast.xml,0,0,0,0,0,0,0,0,5740875,0,0,0,0,0,0,573_subject_array_1739748123.bin
251104,573,INF157,573.15370,7,https://ftp.ncbi.nlm.nih.gov/genomes/all/GCF/002/753/075/GCF_002753075.1_ASM275307v1,7,573.15370.fna,GCF_002753075.1_ASM275307v1_genomic.fna, 5768986, 5768986,573.15370.fna_vs_GCF_002753075.1_ASM275307v1_genomic.fna_blast.xml,0,0,0,0,0,0,0,0,5768986,0,0,0,0,0,0,573_subject_array_1739748125.bin
251105,573,INF158,573.15369,7,https://ftp.ncbi.nlm.nih.gov/genomes/all/GCF/002/753/055/GCF_002753055.1_ASM275305v1,7,573.15369.fna,GCF_002753055.1_ASM275305v1_genomic.fna, 5768996, 5768996,573.15369.fna_vs_GCF_002753055.1_ASM275305v1_genomic.fna_blast.xml,0,0,0,0,0,0,0,0,5768996,0,0,0,0,0,0,573_subject_array_1739748128.bin
251106,573,INF163,573.15374,7,https://ftp.ncbi.nlm.nih.gov/genomes/all/GCF/002/753/405/GCF_002753405.1_ASM275340v1,7,573.15374.fna,GCF_002753405.1_ASM275340v1_genomic.fna, 5736111, 5736111,573.15374.fna_vs_GCF_002753405.1_ASM275340v1_genomic.fna_blast.xml,0,0,0,0,0,0,0,0,5736111,0,0,0,0,0,0,573_subject_array_1739748130.bin
251107,573,INF164,573.15375,7,https://ftp.ncbi.nlm.nih.gov/genomes/all/GCF/002/753/555/GCF_002753555.1_ASM275355v1,7,573.15375.fna,GCF_002753555.1_ASM275355v1_genomic.fna, 5766429, 5766429,573.15375.fna_vs_GCF_002753555.1_ASM275355v1_genomic.fna_blast.xml,0,0,0,0,0,0,0,0,5766429,0,0,0,0,0,0,573_subject_array_1739748132.bin
251110,573,INF249,573.15360,7,https://ftp.ncbi.nlm.nih.gov/genomes/all/GCF/002/752/775/GCF_002752775.1_ASM275277v1,7,573.15360.fna,GCF_002752775.1_ASM275277v1_genomic.fna, 5676465, 5676465,573.15360.fna_vs_GCF_002752775.1_ASM275277v1_genomic.fna_blast.xml,0,0,0,0,0,0,0,0,5676465,0,0,0,0,0,0,573_subject_array_1739748134.bin
251111,573,INF250,573.34250,7,https://ftp.ncbi.nlm.nih.gov/genomes/all/GCF/904/863/395/GCF_904863395.1_INF250,7,573.34250.fna,GCF_904863395.1_INF250_genomic.fna, 5683515, 5683515,573.34250.fna_vs_GCF_904863395.1_INF250_genomic.fna_blast.xml,0,0,0,0,0,0,0,0,5683515,0,0,0,0,0,0,573_subject_array_1739748136.bin
251113,573,INF278,573.15364,7,https://ftp.ncbi.nlm.nih.gov/genomes/all/GCF/002/752/975/GCF_002752975.1_ASM275297v1,7,573.15364.fna,GCF_002752975.1_ASM275297v1_genomic.fna, 5731216, 5731216,573.15364.fna_vs_GCF_002752975.1_ASM275297v1_genomic.fna_blast.xml,0,0,0,0,0,0,0,0,5731216,0,0,0,0,0,0,573_subject_array_1739748139.bin
251114,573,INF279,573.34294,7,https://ftp.ncbi.nlm.nih.gov/genomes/all/GCF/904/866/405/GCF_904866405.1_INF279,7,573.34294.fna,GCF_904866405.1_INF279_genomic.fna, 5685961, 5685961,573.34294.fna_vs_GCF_904866405.1_INF279_genomic.fna_blast.xml,0,0,0,0,0,0,0,0,5685961,0,0,0,0,0,0,573_subject_array_1739748141.bin
251116,573,INF313,573.34261,7,https://ftp.ncbi.nlm.nih.gov/genomes/all/GCF/904/864/535/GCF_904864535.1_INF313,7,573.34261.fna,GCF_904864535.1_INF313_genomic.fna, 5688260, 5688260,573.34261.fna_vs_GCF_904864535.1_INF313_genomic.fna_blast.xml,0,0,0,0,0,0,0,0,5688260,0,0,0,0,0,0,573_subject_array_1739748143.bin
251177,573,IR1230_1,573.48976,7,https://ftp.ncbi.nlm.nih.gov/genomes/all/GCF/023/573/705/GCF_023573705.1_ASM2357370v1,7,573.48976.fna,GCF_023573705.1_ASM2357370v1_genomic.fna, 6064610, 6064610,573.48976.fna_vs_GCF_023573705.1_ASM2357370v1_genomic.fna_blast.xml,0,0,0,0,0,0,0,0,6064610,0,0,0,0,0,0,573_subject_array_1739748145.bin
251473,573,K191659,573.39717,7,https://ftp.ncbi.nlm.nih.gov/genomes/all/GCF/019/443/565/GCF_019443565.1_ASM1944356v1,7,573.39717.fna,GCF_019443565.1_ASM1944356v1_genomic.fna, 5825598, 5825598,573.39717.fna_vs_GCF_019443565.1_ASM1944356v1_genomic.fna_blast.xml,0,0,0,0,0,0,0,0,5825598,0,0,0,0,0,0,573_subject_array_1739748148.bin
251477,573,K191773,573.39716,7,https://ftp.ncbi.nlm.nih.gov/genomes/all/GCF/019/443/585/GCF_019443585.1_ASM1944358v1,7,573.39716.fna,GCF_019443585.1_ASM1944358v1_genomic.fna, 5844036, 5844036,573.39716.fna_vs_GCF_019443585.1_ASM1944358v1_genomic.fna_blast.xml,0,0,0,0,0,0,0,0,5844036,0,0,0,0,0,0,573_subject_array_1739748150.bin
251982,573,KLPN-IUC-05,573.65472,7,https://ftp.ncbi.nlm.nih.gov/genomes/all/GCF/036/455/565/GCF_036455565.1_ASM3645556v1,7,573.65472.fna,GCF_036455565.1_ASM3645556v1_genomic.fna, 5787091, 5787091,573.65472.fna_vs_GCF_036455565.1_ASM3645556v1_genomic.fna_blast.xml,0,0,0,0,0,0,0,0,5787091,0,0,0,0,0,0,573_subject_array_1739748152.bin
251984,573,KLPN-IUC-07,573.65471,7,https://ftp.ncbi.nlm.nih.gov/genomes/all/GCF/036/455/545/GCF_036455545.1_ASM3645554v1,7,573.65471.fna,GCF_036455545.1_ASM3645554v1_genomic.fna, 5787980, 5787980,573.65471.fna_vs_GCF_036455545.1_ASM3645554v1_genomic.fna_blast.xml,0,0,0,0,0,0,0,0,5787980,0,0,0,0,0,0,573_subject_array_1739748154.bin
251988,573,KLPN-IUC-11,573.65469,7,https://ftp.ncbi.nlm.nih.gov/genomes/all/GCF/036/455/475/GCF_036455475.1_ASM3645547v1,7,573.65469.fna,GCF_036455475.1_ASM3645547v1_genomic.fna, 5789371, 5789371,573.65469.fna_vs_GCF_036455475.1_ASM3645547v1_genomic.fna_blast.xml,0,0,0,0,0,0,0,0,5789371,0,0,0,0,0,0,573_subject_array_1739748156.bin
251989,573,KLPN-IUC-12,573.65464,7,https://ftp.ncbi.nlm.nih.gov/genomes/all/GCF/036/455/445/GCF_036455445.1_ASM3645544v1,7,573.65464.fna,GCF_036455445.1_ASM3645544v1_genomic.fna, 5771372, 5771372,573.65464.fna_vs_GCF_036455445.1_ASM3645544v1_genomic.fna_blast.xml,0,0,0,0,0,0,0,0,5771372,0,0,0,0,0,0,573_subject_array_1739748159.bin
251994,573,KLPN-IUC-17,573.65461,7,https://ftp.ncbi.nlm.nih.gov/genomes/all/GCF/036/455/305/GCF_036455305.1_ASM3645530v1,7,573.65461.fna,GCF_036455305.1_ASM3645530v1_genomic.fna, 5723071, 5723071,573.65461.fna_vs_GCF_036455305.1_ASM3645530v1_genomic.fna_blast.xml,0,0,0,0,0,0,0,0,5723071,0,0,0,0,0,0,573_subject_array_1739748161.bin
252096,573,KP-426,573.39712,7,https://ftp.ncbi.nlm.nih.gov/genomes/all/GCF/019/434/255/GCF_019434255.1_ASM1943425v1,7,573.39712.fna,GCF_019434255.1_ASM1943425v1_genomic.fna, 5919746, 5919746,573.39712.fna_vs_GCF_019434255.1_ASM1943425v1_genomic.fna_blast.xml,0,0,0,0,0,0,0,0,5919746,0,0,0,0,0,0,573_subject_array_1739748163.bin
252185,573,KP0063,573.53488,7,https://ftp.ncbi.nlm.nih.gov/genomes/all/GCF/027/585/015/GCF_027585015.1_ASM2758501v1,7,573.53488.fna,GCF_027585015.1_ASM2758501v1_genomic.fna, 5719000, 5729818,573.53488.fna_vs_GCF_027585015.1_ASM2758501v1_genomic.fna_blast.xml,0,0,0,0,0,0,0,7800,5719034,0,0,3,2979,0,2,573_subject_array_1739748165.bin
252233,573,KP101_SE2_14.23_ST147_NDM5_OXA232,573.63172,7,https://ftp.ncbi.nlm.nih.gov/genomes/all/GCF/033/256/205/GCF_033256205.1_ASM3325620v1,7,573.63172.fna,GCF_033256205.1_ASM3325620v1_genomic.fna, 5978149, 5978149,573.63172.fna_vs_GCF_033256205.1_ASM3325620v1_genomic.fna_blast.xml,0,0,0,0,0,0,0,0,5978149,0,0,0,0,0,0,573_subject_array_1739748167.bin
252238,573,KP102_WM3_17.23_ST147_OXA181,573.63170,7,https://ftp.ncbi.nlm.nih.gov/genomes/all/GCF/033/255/445/GCF_033255445.1_ASM3325544v1,7,573.63170.fna,GCF_033255445.1_ASM3325544v1_genomic.fna, 5849287, 5849287,573.63170.fna_vs_GCF_033255445.1_ASM3325544v1_genomic.fna_blast.xml,0,0,0,0,0,0,0,0,5849285,0,0,2,0,0,0,573_subject_array_1739748170.bin
252246,573,KP1078,573.64486,7,https://ftp.ncbi.nlm.nih.gov/genomes/all/GCF/033/807/395/GCF_033807395.1_ASM3380739v1,7,573.64486.fna,GCF_033807395.1_ASM3380739v1_genomic.fna, 5800216, 5800216,573.64486.fna_vs_GCF_033807395.1_ASM3380739v1_genomic.fna_blast.xml,0,0,0,0,0,0,0,0,5800216,0,0,0,0,0,0,573_subject_array_1739748172.bin
252276,573,KP119_WM3_21.23_ST147_NDM1,573.63168,7,https://ftp.ncbi.nlm.nih.gov/genomes/all/GCF/033/253/665/GCF_033253665.1_ASM3325366v1,7,573.63168.fna,GCF_033253665.1_ASM3325366v1_genomic.fna, 5937132, 5937132,573.63168.fna_vs_GCF_033253665.1_ASM3325366v1_genomic.fna_blast.xml,0,0,0,0,0,0,0,0,5937132,0,0,0,0,0,0,573_subject_array_1739748174.bin
252343,573,KP1527,573.64484,7,https://ftp.ncbi.nlm.nih.gov/genomes/all/GCF/033/807/435/GCF_033807435.1_ASM3380743v1,7,573.64484.fna,GCF_033807435.1_ASM3380743v1_genomic.fna, 5797184, 5797184,573.64484.fna_vs_GCF_033807435.1_ASM3380743v1_genomic.fna_blast.xml,0,0,0,0,0,0,0,0,5797184,0,0,0,0,0,0,573_subject_array_1739748176.bin
252362,573,KP1676,573.53477,7,https://ftp.ncbi.nlm.nih.gov/genomes/all/GCF/027/584/535/GCF_027584535.1_ASM2758453v1,7,573.53477.fna,GCF_027584535.1_ASM2758453v1_genomic.fna, 5519349, 5726405,573.53477.fna_vs_GCF_027584535.1_ASM2758453v1_genomic.fna_blast.xml,0,0,29,6,0,0,5,194573,5525526,0,5,498,5733,0,30,573_subject_array_1739748178.bin
252519,573,KP2009864,573.65151,7,https://ftp.ncbi.nlm.nih.gov/genomes/all/GCF/036/347/675/GCF_036347675.1_ASM3634767v1,7,573.65151.fna,GCF_036347675.1_ASM3634767v1_genomic.fna, 5876734, 5876734,573.65151.fna_vs_GCF_036347675.1_ASM3634767v1_genomic.fna_blast.xml,0,0,0,0,0,0,0,0,5876734,0,0,0,0,0,0,573_subject_array_1739748181.bin
252563,573,KP2094,573.64487,7,https://ftp.ncbi.nlm.nih.gov/genomes/all/GCF/033/807/415/GCF_033807415.1_ASM3380741v1,7,573.64487.fna,GCF_033807415.1_ASM3380741v1_genomic.fna, 5787913, 5787913,573.64487.fna_vs_GCF_033807415.1_ASM3380741v1_genomic.fna_blast.xml,0,0,0,0,0,0,0,0,5787913,0,0,0,0,0,0,573_subject_array_1739748183.bin
252584,573,KP2185,573.55082,7,https://ftp.ncbi.nlm.nih.gov/genomes/all/GCF/029/853/835/GCF_029853835.1_ASM2985383v1,7,573.55082.fna,GCF_029853835.1_ASM2985383v1_genomic.fna, 5959737, 5959737,573.55082.fna_vs_GCF_029853835.1_ASM2985383v1_genomic.fna_blast.xml,0,0,0,0,0,0,0,0,5959737,0,0,0,0,0,0,573_subject_array_1739748185.bin
252685,573,KP2963,573.64485,7,https://ftp.ncbi.nlm.nih.gov/genomes/all/GCF/033/807/375/GCF_033807375.1_ASM3380737v1,7,573.64485.fna,GCF_033807375.1_ASM3380737v1_genomic.fna, 5944769, 5944769,573.64485.fna_vs_GCF_033807375.1_ASM3380737v1_genomic.fna_blast.xml,0,0,0,0,0,0,0,0,5944769,0,0,0,0,0,0,573_subject_array_1739748187.bin
252721,573,KP34,573.51972,7,https://ftp.ncbi.nlm.nih.gov/genomes/all/GCF/947/164/515/GCF_947164515.1_KP34_2018-347802-001-01,7,573.51972.fna,GCF_947164515.1_KP34_2018-347802-001-01_genomic.fna, 5638968, 5638968,573.51972.fna_vs_GCF_947164515.1_KP34_2018-347802-001-01_genomic.fna_blast.xml,0,0,0,0,0,0,0,0,5638968,0,0,0,0,0,0,573_subject_array_1739748189.bin
252727,573,KP3594,573.64504,7,https://ftp.ncbi.nlm.nih.gov/genomes/all/GCF/033/807/455/GCF_033807455.1_ASM3380745v1,7,573.64504.fna,GCF_033807455.1_ASM3380745v1_genomic.fna, 5806285, 5806285,573.64504.fna_vs_GCF_033807455.1_ASM3380745v1_genomic.fna_blast.xml,0,0,0,0,0,0,0,0,5806285,0,0,0,0,0,0,573_subject_array_1739748192.bin
252756,573,KP4482023BGR,573.64668,7,https://ftp.ncbi.nlm.nih.gov/genomes/all/GCF/963/854/765/GCF_963854765.1_KP4482023,7,573.64668.fna,GCF_963854765.1_KP4482023_genomic.fna, 5905489, 5905489,573.64668.fna_vs_GCF_963854765.1_KP4482023_genomic.fna_blast.xml,0,0,0,0,0,0,0,0,5905489,0,0,0,0,0,0,573_subject_array_1739748194.bin
252785,573,KP51_L9_46.22_ST147_NDM1_OXA48,573.63166,7,https://ftp.ncbi.nlm.nih.gov/genomes/all/GCF/033/251/225/GCF_033251225.1_ASM3325122v1,7,573.63166.fna,GCF_033251225.1_ASM3325122v1_genomic.fna, 6005496, 6005496,573.63166.fna_vs_GCF_033251225.1_ASM3325122v1_genomic.fna_blast.xml,0,0,0,0,0,0,1,1,6005494,0,0,0,0,0,0,573_subject_array_1739748196.bin
252787,573,KP52813,573.36602,7,https://ftp.ncbi.nlm.nih.gov/genomes/all/GCF/016/939/775/GCF_016939775.1_ASM1693977v1,7,573.36602.fna,GCF_016939775.1_ASM1693977v1_genomic.fna, 5725869, 5725869,573.36602.fna_vs_GCF_016939775.1_ASM1693977v1_genomic.fna_blast.xml,0,0,0,0,0,0,0,0,5725869,0,0,0,0,0,0,573_subject_array_1739748198.bin
252867,573,KP86_L3_06.23_ST147_NDM14,573.63162,7,https://ftp.ncbi.nlm.nih.gov/genomes/all/GCF/033/243/425/GCF_033243425.1_ASM3324342v1,7,573.63162.fna,GCF_033243425.1_ASM3324342v1_genomic.fna, 5945463, 5945463,573.63162.fna_vs_GCF_033243425.1_ASM3324342v1_genomic.fna_blast.xml,0,0,0,1,0,0,1,0,5945461,0,0,0,0,0,0,573_subject_array_1739748200.bin
252870,573,KP88385,573.49655,7,https://ftp.ncbi.nlm.nih.gov/genomes/all/GCF/024/357/615/GCF_024357615.1_ASM2435761v1,7,573.49655.fna,GCF_024357615.1_ASM2435761v1_genomic.fna, 5698589, 5698589,573.49655.fna_vs_GCF_024357615.1_ASM2435761v1_genomic.fna_blast.xml,0,0,0,0,0,0,0,0,5698589,0,0,0,0,0,0,573_subject_array_1739748202.bin
252872,573,KP88_L3_06.23_ST147_NDM14,573.63160,7,https://ftp.ncbi.nlm.nih.gov/genomes/all/GCF/033/242/065/GCF_033242065.1_ASM3324206v1,7,573.63160.fna,GCF_033242065.1_ASM3324206v1_genomic.fna, 5935978, 5935978,573.63160.fna_vs_GCF_033242065.1_ASM3324206v1_genomic.fna_blast.xml,0,0,0,0,0,0,0,0,5935978,0,0,0,0,0,0,573_subject_array_1739748204.bin
252901,573,KPA1,573.49896,7,https://ftp.ncbi.nlm.nih.gov/genomes/all/GCF/024/505/665/GCF_024505665.1_ASM2450566v1,7,573.49896.fna,GCF_024505665.1_ASM2450566v1_genomic.fna, 5552709, 5552709,573.49896.fna_vs_GCF_024505665.1_ASM2450566v1_genomic.fna_blast.xml,0,0,0,0,0,0,0,0,5552709,0,0,0,0,0,0,573_subject_array_1739748206.bin
252930,573,KPC-2,573.39718,7,https://ftp.ncbi.nlm.nih.gov/genomes/all/GCF/019/444/195/GCF_019444195.1_ASM1944419v1,7,573.39718.fna,GCF_019444195.1_ASM1944419v1_genomic.fna, 6067951, 6067951,573.39718.fna_vs_GCF_019444195.1_ASM1944419v1_genomic.fna_blast.xml,0,0,0,0,0,0,0,0,6067951,0,0,0,0,0,0,573_subject_array_1739748209.bin
252972,573,KPJCL-4,573.53048,7,https://ftp.ncbi.nlm.nih.gov/genomes/all/GCF/027/414/705/GCF_027414705.1_ASM2741470v1,7,573.53048.fna,GCF_027414705.1_ASM2741470v1_genomic.fna, 6021764, 6021764,573.53048.fna_vs_GCF_027414705.1_ASM2741470v1_genomic.fna_blast.xml,0,0,0,0,0,0,0,0,6021764,0,0,0,0,0,0,573_subject_array_1739748211.bin
253041,573,KPN5752,573.58929,7,https://ftp.ncbi.nlm.nih.gov/genomes/all/GCF/030/704/345/GCF_030704345.1_ASM3070434v1,7,573.58929.fna,GCF_030704345.1_ASM3070434v1_genomic.fna, 5915074, 5915074,573.58929.fna_vs_GCF_030704345.1_ASM3070434v1_genomic.fna_blast.xml,0,0,0,0,0,0,0,0,5915074,0,0,0,0,0,0,573_subject_array_1739748214.bin
253042,573,KPN6327,573.64718,7,https://ftp.ncbi.nlm.nih.gov/genomes/all/GCF/035/593/365/GCF_035593365.1_ASM3559336v1,7,573.64718.fna,GCF_035593365.1_ASM3559336v1_genomic.fna, 5917500, 5917500,573.64718.fna_vs_GCF_035593365.1_ASM3559336v1_genomic.fna_blast.xml,0,0,0,0,0,0,0,0,5917500,0,0,0,0,0,0,573_subject_array_1739748216.bin
253049,573,KPN7,573.64587,7,https://ftp.ncbi.nlm.nih.gov/genomes/all/GCF/034/661/255/GCF_034661255.1_ASM3466125v1,7,573.64587.fna,GCF_034661255.1_ASM3466125v1_genomic.fna, 5995434, 5995434,573.64587.fna_vs_GCF_034661255.1_ASM3466125v1_genomic.fna_blast.xml,0,0,0,0,0,0,0,0,5995434,0,0,0,0,0,0,573_subject_array_1739748218.bin
253068,573,KPNIH48,573.17904,7,https://ftp.ncbi.nlm.nih.gov/genomes/all/GCF/002/935/085/GCF_002935085.1_ASM293508v1,7,573.17904.fna,GCF_002935085.1_ASM293508v1_genomic.fna, 6296819, 6296819,573.17904.fna_vs_GCF_002935085.1_ASM293508v1_genomic.fna_blast.xml,0,0,0,0,0,0,0,1,6296818,0,0,0,0,0,0,573_subject_array_1739748221.bin
253121,573,KPWX136,573.36135,7,https://ftp.ncbi.nlm.nih.gov/genomes/all/GCF/016/812/055/GCF_016812055.1_ASM1681205v1,7,573.36135.fna,GCF_016812055.1_ASM1681205v1_genomic.fna, 6022812, 6022812,573.36135.fna_vs_GCF_016812055.1_ASM1681205v1_genomic.fna_blast.xml,0,0,0,0,0,0,0,0,6022812,0,0,0,0,0,0,573_subject_array_1739748223.bin
253181,573,KSB1_9D,573.15371,7,https://ftp.ncbi.nlm.nih.gov/genomes/all/GCF/002/753/165/GCF_002753165.1_ASM275316v1,7,573.15371.fna,GCF_002753165.1_ASM275316v1_genomic.fna, 5702263, 5702263,573.15371.fna_vs_GCF_002753165.1_ASM275316v1_genomic.fna_blast.xml,0,0,0,0,0,0,0,0,5702263,0,0,0,0,0,0,573_subject_array_1739748225.bin
253796,573,Kpn-14,573.35052,7,https://ftp.ncbi.nlm.nih.gov/genomes/all/GCF/015/910/145/GCF_015910145.1_ASM1591014v1,7,573.35052.fna,GCF_015910145.1_ASM1591014v1_genomic.fna, 6068124, 6068124,573.35052.fna_vs_GCF_015910145.1_ASM1591014v1_genomic.fna_blast.xml,0,0,0,0,0,0,0,0,6068124,0,0,0,0,0,0,573_subject_array_1739748228.bin
254040,573,L2425,573.62595,7,https://ftp.ncbi.nlm.nih.gov/genomes/all/GCF/032/681/225/GCF_032681225.1_ASM3268122v1,7,573.62595.fna,GCF_032681225.1_ASM3268122v1_genomic.fna, 6022212, 6022212,573.62595.fna_vs_GCF_032681225.1_ASM3268122v1_genomic.fna_blast.xml,0,0,0,0,0,0,0,0,6022212,0,0,0,0,0,0,573_subject_array_1739748230.bin
254060,573,L3859,573.56484,7,https://ftp.ncbi.nlm.nih.gov/genomes/all/GCF/030/262/535/GCF_030262535.1_ASM3026253v1,7,573.56484.fna,GCF_030262535.1_ASM3026253v1_genomic.fna, 5799968, 5799968,573.56484.fna_vs_GCF_030262535.1_ASM3026253v1_genomic.fna_blast.xml,0,0,0,0,0,0,0,0,5799968,0,0,0,0,0,0,573_subject_array_1739748232.bin
254064,573,L3995hy,573.62360,7,https://ftp.ncbi.nlm.nih.gov/genomes/all/GCF/032/248/875/GCF_032248875.1_ASM3224887v1,7,573.62360.fna,GCF_032248875.1_ASM3224887v1_genomic.fna, 5547979, 5547979,573.62360.fna_vs_GCF_032248875.1_ASM3224887v1_genomic.fna_blast.xml,0,0,0,0,0,0,0,0,5547979,0,0,0,0,0,0,573_subject_array_1739748234.bin
254188,573,LC_62,573.59084,7,https://ftp.ncbi.nlm.nih.gov/genomes/all/GCF/031/775/915/GCF_031775915.1_ASM3177591v1,7,573.59084.fna,GCF_031775915.1_ASM3177591v1_genomic.fna, 5880388, 5880388,573.59084.fna_vs_GCF_031775915.1_ASM3177591v1_genomic.fna_blast.xml,0,0,0,0,0,0,0,0,5880388,0,0,0,0,0,0,573_subject_array_1739748237.bin
254371,573,MEI006,573.48989,7,https://ftp.ncbi.nlm.nih.gov/genomes/all/GCF/023/612/395/GCF_023612395.1_ASM2361239v1,7,573.48989.fna,GCF_023612395.1_ASM2361239v1_genomic.fna, 5762752, 5762752,573.48989.fna_vs_GCF_023612395.1_ASM2361239v1_genomic.fna_blast.xml,0,0,0,0,0,0,0,0,5762752,0,0,0,0,0,0,573_subject_array_1739748239.bin
254408,573,MGH134,573.9801,7,https://ftp.ncbi.nlm.nih.gov/genomes/all/GCF/002/152/435/GCF_002152435.1_ASM215243v1,7,573.9801.fna,GCF_002152435.1_ASM215243v1_genomic.fna, 5909541, 5909541,573.9801.fna_vs_GCF_002152435.1_ASM215243v1_genomic.fna_blast.xml,0,0,0,0,0,0,0,143093,5766391,0,0,4,53,0,0,573_subject_array_1739748241.bin
254426,573,MGH181,573.9830,7,https://ftp.ncbi.nlm.nih.gov/genomes/all/GCF/002/153/225/GCF_002153225.1_ASM215322v1,7,573.9830.fna,GCF_002153225.1_ASM215322v1_genomic.fna, 5680672, 5680672,573.9830.fna_vs_GCF_002153225.1_ASM215322v1_genomic.fna_blast.xml,0,0,0,0,0,0,0,221690,5458934,0,0,7,39,0,2,573_subject_array_1739748243.bin
254519,573,MIN-110,573.43838,7,https://ftp.ncbi.nlm.nih.gov/genomes/all/GCF/021/461/285/GCF_021461285.1_ASM2146128v1,7,573.43838.fna,GCF_021461285.1_ASM2146128v1_genomic.fna, 5583490, 5583490,573.43838.fna_vs_GCF_021461285.1_ASM2146128v1_genomic.fna_blast.xml,0,0,0,0,0,0,0,0,5583490,0,0,0,0,0,0,573_subject_array_1739748245.bin
254823,573,MS6671,573.1921,7,https://ftp.ncbi.nlm.nih.gov/genomes/all/GCF/001/455/995/GCF_001455995.1_MS6671.v1,7,573.1921.fna,GCF_001455995.1_MS6671.v1_genomic.fna, 5980203, 5980203,573.1921.fna_vs_GCF_001455995.1_MS6671.v1_genomic.fna_blast.xml,0,0,0,0,0,0,0,0,5980203,0,0,0,0,0,0,573_subject_array_1739748247.bin
255297,573,NR1686,573.53478,7,https://ftp.ncbi.nlm.nih.gov/genomes/all/GCF/027/584/495/GCF_027584495.1_ASM2758449v1,7,573.53478.fna,GCF_027584495.1_ASM2758449v1_genomic.fna, 5630451, 5837129,573.53478.fna_vs_GCF_027584495.1_ASM2758449v1_genomic.fna_blast.xml,0,0,29,6,0,0,5,194186,5636659,0,5,478,5731,0,30,573_subject_array_1739748249.bin
255299,573,NR2074,573.53468,7,https://ftp.ncbi.nlm.nih.gov/genomes/all/GCF/027/584/415/GCF_027584415.1_ASM2758441v1,7,573.53468.fna,GCF_027584415.1_ASM2758441v1_genomic.fna,  360470, 5724953,573.53468.fna_vs_GCF_027584415.1_ASM2758441v1_genomic.fna_blast.xml,0,0,6,2,0,0,15,5335217,373207,0,19,1445,15031,0,11,573_subject_array_1739748250.bin
255359,573,NY9,573.9631,7,https://ftp.ncbi.nlm.nih.gov/genomes/all/GCF/001/952/895/GCF_001952895.1_ASM195289v1,7,573.9631.fna,GCF_001952895.1_ASM195289v1_genomic.fna, 5880908, 5880908,573.9631.fna_vs_GCF_001952895.1_ASM195289v1_genomic.fna_blast.xml,0,0,0,0,0,0,0,0,5880908,0,0,0,0,0,0,573_subject_array_1739748252.bin
255370,573,Nord5-1_R48,573.45113,7,https://ftp.ncbi.nlm.nih.gov/genomes/all/GCF/021/899/615/GCF_021899615.1_ASM2189961v1,7,573.45113.fna,GCF_021899615.1_ASM2189961v1_genomic.fna, 5868718, 5868718,573.45113.fna_vs_GCF_021899615.1_ASM2189961v1_genomic.fna_blast.xml,0,0,0,0,0,0,0,0,5868718,0,0,0,0,0,0,573_subject_array_1739748254.bin
255600,573,PAC4_180130,573.43776,7,https://ftp.ncbi.nlm.nih.gov/genomes/all/GCF/019/430/715/GCF_019430715.1_ASM1943071v1,7,573.43776.fna,GCF_019430715.1_ASM1943071v1_genomic.fna, 5520208, 5520208,573.43776.fna_vs_GCF_019430715.1_ASM1943071v1_genomic.fna_blast.xml,0,0,0,0,0,0,0,0,5520208,0,0,0,0,0,0,573_subject_array_1739748256.bin
255681,573,PEKP4035,573.54331,7,https://ftp.ncbi.nlm.nih.gov/genomes/all/GCF/029/167/525/GCF_029167525.1_ASM2916752v1,7,573.54331.fna,GCF_029167525.1_ASM2916752v1_genomic.fna, 5871893, 5871893,573.54331.fna_vs_GCF_029167525.1_ASM2916752v1_genomic.fna_blast.xml,0,0,0,0,0,0,0,0,5871893,0,0,0,0,0,0,573_subject_array_1739748258.bin
255682,573,PEKP4069,573.53628,7,https://ftp.ncbi.nlm.nih.gov/genomes/all/GCF/028/527/285/GCF_028527285.1_ASM2852728v1,7,573.53628.fna,GCF_028527285.1_ASM2852728v1_genomic.fna, 5800023, 6006517,573.53628.fna_vs_GCF_028527285.1_ASM2852728v1_genomic.fna_blast.xml,0,0,101,39,0,0,89,162721,5809095,0,132,5081,29105,0,154,573_subject_array_1739748261.bin
255684,573,PEKP4087,573.53632,7,https://ftp.ncbi.nlm.nih.gov/genomes/all/GCF/028/527/365/GCF_028527365.1_ASM2852736v1,7,573.53632.fna,GCF_028527365.1_ASM2852736v1_genomic.fna, 5924502, 6021150,573.53632.fna_vs_GCF_028527365.1_ASM2852736v1_genomic.fna_blast.xml,0,0,101,39,0,0,88,53876,5932702,0,127,4958,29105,0,154,573_subject_array_1739748263.bin
255691,573,PEKP4265,573.54359,7,https://ftp.ncbi.nlm.nih.gov/genomes/all/GCF/029/224/265/GCF_029224265.1_ASM2922426v1,7,573.54359.fna,GCF_029224265.1_ASM2922426v1_genomic.fna, 5923212, 5923212,573.54359.fna_vs_GCF_029224265.1_ASM2922426v1_genomic.fna_blast.xml,0,0,0,0,0,0,0,0,5923212,0,0,0,0,0,0,573_subject_array_1739748265.bin
255886,573,PP-BR254-2,573.43906,7,https://ftp.ncbi.nlm.nih.gov/genomes/all/GCF/021/503/035/GCF_021503035.1_ASM2150303v1,7,573.43906.fna,GCF_021503035.1_ASM2150303v1_genomic.fna, 5828111, 5828111,573.43906.fna_vs_GCF_021503035.1_ASM2150303v1_genomic.fna_blast.xml,0,0,0,0,0,0,0,0,5828111,0,0,0,0,0,0,573_subject_array_1739748267.bin
255888,573,PP-BR418-2,573.43904,7,https://ftp.ncbi.nlm.nih.gov/genomes/all/GCF/021/502/955/GCF_021502955.1_ASM2150295v1,7,573.43904.fna,GCF_021502955.1_ASM2150295v1_genomic.fna, 5560049, 5560049,573.43904.fna_vs_GCF_021502955.1_ASM2150295v1_genomic.fna_blast.xml,0,0,0,0,0,0,0,0,5560049,0,0,0,0,0,0,573_subject_array_1739748270.bin
255889,573,PP-BR563-2,573.43903,7,https://ftp.ncbi.nlm.nih.gov/genomes/all/GCF/021/502/945/GCF_021502945.1_ASM2150294v1,7,573.43903.fna,GCF_021502945.1_ASM2150294v1_genomic.fna, 5930645, 5930645,573.43903.fna_vs_GCF_021502945.1_ASM2150294v1_genomic.fna_blast.xml,0,0,0,0,0,0,0,0,5930645,0,0,0,0,0,0,573_subject_array_1739748272.bin
255911,573,PP-E1219.3,573.63094,7,https://ftp.ncbi.nlm.nih.gov/genomes/all/GCF/033/032/895/GCF_033032895.1_ASM3303289v1,7,573.63094.fna,GCF_033032895.1_ASM3303289v1_genomic.fna, 5588597, 5588597,573.63094.fna_vs_GCF_033032895.1_ASM3303289v1_genomic.fna_blast.xml,0,0,0,0,0,0,0,0,5588597,0,0,0,0,0,0,573_subject_array_1739748274.bin
255913,573,PP-E259.2,573.63093,7,https://ftp.ncbi.nlm.nih.gov/genomes/all/GCF/033/032/845/GCF_033032845.1_ASM3303284v1,7,573.63093.fna,GCF_033032845.1_ASM3303284v1_genomic.fna, 5769217, 5769217,573.63093.fna_vs_GCF_033032845.1_ASM3303284v1_genomic.fna_blast.xml,0,0,0,0,0,0,0,0,5769217,0,0,0,0,0,0,573_subject_array_1739748276.bin
256063,573,Q1448,573.32164,7,https://ftp.ncbi.nlm.nih.gov/genomes/all/GCF/903/112/085/GCF_903112085.1_CHZ34,7,573.32164.fna,GCF_903112085.1_CHZ34_genomic.fna, 5652625, 5652625,573.32164.fna_vs_GCF_903112085.1_CHZ34_genomic.fna_blast.xml,0,0,0,0,0,0,0,0,5652625,0,0,0,0,0,0,573_subject_array_1739748278.bin
256082,573,QS17-0029,573.18089,7,https://ftp.ncbi.nlm.nih.gov/genomes/all/GCF/003/073/235/GCF_003073235.1_ASM307323v1,7,573.18089.fna,GCF_003073235.1_ASM307323v1_genomic.fna, 5617050, 5617050,573.18089.fna_vs_GCF_003073235.1_ASM307323v1_genomic.fna_blast.xml,0,0,0,0,0,0,0,0,5617048,0,0,2,0,0,0,573_subject_array_1739748280.bin
256186,573,RGT5-2,573.37809,7,https://ftp.ncbi.nlm.nih.gov/genomes/all/GCF/018/583/285/GCF_018583285.1_ASM1858328v1,7,573.37809.fna,GCF_018583285.1_ASM1858328v1_genomic.fna, 5987773, 5987773,573.37809.fna_vs_GCF_018583285.1_ASM1858328v1_genomic.fna_blast.xml,0,0,0,0,0,0,1,0,5987771,0,0,1,0,0,0,573_subject_array_1739748283.bin
256201,573,RHBSTW-00065,573.32395,7,https://ftp.ncbi.nlm.nih.gov/genomes/all/GCF/014/104/305/GCF_014104305.1_ASM1410430v1,7,573.32395.fna,GCF_014104305.1_ASM1410430v1_genomic.fna, 5572296, 5572296,573.32395.fna_vs_GCF_014104305.1_ASM1410430v1_genomic.fna_blast.xml,0,0,0,0,0,0,0,0,5572296,0,0,0,0,0,0,573_subject_array_1739748285.bin
256204,573,RHBSTW-00113,573.32330,7,https://ftp.ncbi.nlm.nih.gov/genomes/all/GCF/013/792/545/GCF_013792545.1_ASM1379254v1,7,573.32330.fna,GCF_013792545.1_ASM1379254v1_genomic.fna, 5543771, 5543771,573.32330.fna_vs_GCF_013792545.1_ASM1379254v1_genomic.fna_blast.xml,0,0,0,0,0,0,0,0,5543771,0,0,0,0,0,0,573_subject_array_1739748287.bin
256212,573,RHBSTW-00515,573.32322,7,https://ftp.ncbi.nlm.nih.gov/genomes/all/GCF/013/735/895/GCF_013735895.1_ASM1373589v1,7,573.32322.fna,GCF_013735895.1_ASM1373589v1_genomic.fna, 5835464, 5835464,573.32322.fna_vs_GCF_013735895.1_ASM1373589v1_genomic.fna_blast.xml,0,0,0,0,0,0,0,0,5835464,0,0,0,0,0,0,573_subject_array_1739748289.bin
256213,573,RHBSTW-00574,573.32311,7,https://ftp.ncbi.nlm.nih.gov/genomes/all/GCF/013/704/985/GCF_013704985.1_ASM1370498v1,7,573.32311.fna,GCF_013704985.1_ASM1370498v1_genomic.fna, 5593785, 5593785,573.32311.fna_vs_GCF_013704985.1_ASM1370498v1_genomic.fna_blast.xml,0,0,0,0,0,0,0,0,5593785,0,0,0,0,0,0,573_subject_array_1739748291.bin
256214,573,RHBSTW-00610,573.32321,7,https://ftp.ncbi.nlm.nih.gov/genomes/all/GCF/013/735/155/GCF_013735155.1_ASM1373515v1,7,573.32321.fna,GCF_013735155.1_ASM1373515v1_genomic.fna, 5575790, 5575790,573.32321.fna_vs_GCF_013735155.1_ASM1373515v1_genomic.fna_blast.xml,0,0,0,0,0,0,0,0,5575790,0,0,0,0,0,0,573_subject_array_1739748293.bin
256217,573,RHBSTW-00832,573.32319,7,https://ftp.ncbi.nlm.nih.gov/genomes/all/GCF/013/731/735/GCF_013731735.1_ASM1373173v1,7,573.32319.fna,GCF_013731735.1_ASM1373173v1_genomic.fna, 5948076, 5948076,573.32319.fna_vs_GCF_013731735.1_ASM1373173v1_genomic.fna_blast.xml,0,0,0,0,0,0,0,0,5948076,0,0,0,0,0,0,573_subject_array_1739748296.bin
256222,573,RHBSTW-00973,573.32315,7,https://ftp.ncbi.nlm.nih.gov/genomes/all/GCF/013/724/605/GCF_013724605.1_ASM1372460v1,7,573.32315.fna,GCF_013724605.1_ASM1372460v1_genomic.fna, 5824880, 5824880,573.32315.fna_vs_GCF_013724605.1_ASM1372460v1_genomic.fna_blast.xml,0,0,0,0,0,0,0,0,5824880,0,0,0,0,0,0,573_subject_array_1739748298.bin
256336,573,S14_CRE14,573.53500,7,https://ftp.ncbi.nlm.nih.gov/genomes/all/GCF/027/595/625/GCF_027595625.1_ASM2759562v1,7,573.53500.fna,GCF_027595625.1_ASM2759562v1_genomic.fna, 5807702, 5807702,573.53500.fna_vs_GCF_027595625.1_ASM2759562v1_genomic.fna_blast.xml,0,0,0,0,0,0,0,0,5807702,0,0,0,0,0,0,573_subject_array_1739748300.bin
256478,573,S270-1S270-1,573.64979,7,https://ftp.ncbi.nlm.nih.gov/genomes/all/GCF/035/932/355/GCF_035932355.1_ASM3593235v1,7,573.64979.fna,GCF_035932355.1_ASM3593235v1_genomic.fna, 6351907, 6351907,573.64979.fna_vs_GCF_035932355.1_ASM3593235v1_genomic.fna_blast.xml,0,0,0,0,0,0,0,0,6351907,0,0,0,0,0,0,573_subject_array_1739748303.bin
256818,573,SH12,573.39719,7,https://ftp.ncbi.nlm.nih.gov/genomes/all/GCF/019/444/635/GCF_019444635.1_ASM1944463v1,7,573.39719.fna,GCF_019444635.1_ASM1944463v1_genomic.fna, 5922385, 5922385,573.39719.fna_vs_GCF_019444635.1_ASM1944463v1_genomic.fna_blast.xml,0,0,0,0,0,0,0,0,5922385,0,0,0,0,0,0,573_subject_array_1739748305.bin
257167,573,STLIN_3,573.45875,7,https://ftp.ncbi.nlm.nih.gov/genomes/all/GCF/022/494/395/GCF_022494395.1_ASM2249439v1,7,573.45875.fna,GCF_022494395.1_ASM2249439v1_genomic.fna, 5491818, 5491818,573.45875.fna_vs_GCF_022494395.1_ASM2249439v1_genomic.fna_blast.xml,0,0,0,0,0,0,0,0,5491818,0,0,0,0,0,0,573_subject_array_1739748307.bin
257643,573,UCLAOXA232KP,573.6997,7,https://ftp.ncbi.nlm.nih.gov/genomes/all/GCF/001/741/665/GCF_001741665.1_ASM174166v1,7,573.6997.fna,GCF_001741665.1_ASM174166v1_genomic.fna, 5880491, 5880491,573.6997.fna_vs_GCF_001741665.1_ASM174166v1_genomic.fna_blast.xml,0,0,0,0,0,0,0,0,5880491,0,0,0,0,0,0,573_subject_array_1739748309.bin
257790,573,V3,573.38691,7,https://ftp.ncbi.nlm.nih.gov/genomes/all/GCF/019/038/575/GCF_019038575.1_ASM1903857v1,7,573.38691.fna,GCF_019038575.1_ASM1903857v1_genomic.fna, 5445572, 5445572,573.38691.fna_vs_GCF_019038575.1_ASM1903857v1_genomic.fna_blast.xml,0,0,0,0,0,0,0,0,5445572,0,0,0,0,0,0,573_subject_array_1739748311.bin
257801,573,VA684,573.55267,7,https://ftp.ncbi.nlm.nih.gov/genomes/all/GCF/030/061/645/GCF_030061645.1_ASM3006164v1,7,573.55267.fna,GCF_030061645.1_ASM3006164v1_genomic.fna, 5775575, 5775575,573.55267.fna_vs_GCF_030061645.1_ASM3006164v1_genomic.fna_blast.xml,0,0,0,0,0,0,0,0,5775575,0,0,0,0,0,0,573_subject_array_1739748313.bin
258335,573,WP4-S18-CRE-04,573.32418,7,https://ftp.ncbi.nlm.nih.gov/genomes/all/GCF/014/170/935/GCF_014170935.1_ASM1417093v1,7,573.32418.fna,GCF_014170935.1_ASM1417093v1_genomic.fna, 5865556, 5865556,573.32418.fna_vs_GCF_014170935.1_ASM1417093v1_genomic.fna_blast.xml,0,0,0,0,0,0,0,0,5865556,0,0,0,0,0,0,573_subject_array_1739748316.bin
258517,573,XH1508,573.45896,7,https://ftp.ncbi.nlm.nih.gov/genomes/all/GCF/022/533/505/GCF_022533505.1_ASM2253350v1,7,573.45896.fna,GCF_022533505.1_ASM2253350v1_genomic.fna, 5932890, 5932890,573.45896.fna_vs_GCF_022533505.1_ASM2253350v1_genomic.fna_blast.xml,0,0,0,0,0,0,0,0,5932890,0,0,0,0,0,0,573_subject_array_1739748318.bin
258550,573,X_1,573.52844,7,https://ftp.ncbi.nlm.nih.gov/genomes/all/GCF/026/620/135/GCF_026620135.1_ASM2662013v1,7,573.52844.fna,GCF_026620135.1_ASM2662013v1_genomic.fna, 5509250, 5509250,573.52844.fna_vs_GCF_026620135.1_ASM2662013v1_genomic.fna_blast.xml,0,0,0,0,0,0,0,0,5509250,0,0,0,0,0,0,573_subject_array_1739748320.bin
258633,573,YZ22CS089,573.56487,7,https://ftp.ncbi.nlm.nih.gov/genomes/all/GCF/030/271/955/GCF_030271955.1_ASM3027195v1,7,573.56487.fna,GCF_030271955.1_ASM3027195v1_genomic.fna, 5796934, 5796934,573.56487.fna_vs_GCF_030271955.1_ASM3027195v1_genomic.fna_blast.xml,0,0,0,0,0,0,0,0,5796934,0,0,0,0,0,0,573_subject_array_1739748322.bin
258868,573,ZZW20,573.32128,7,https://ftp.ncbi.nlm.nih.gov/genomes/all/GCF/013/423/825/GCF_013423825.1_ASM1342382v1,7,573.32128.fna,GCF_013423825.1_ASM1342382v1_genomic.fna, 5724053, 5724053,573.32128.fna_vs_GCF_013423825.1_ASM1342382v1_genomic.fna_blast.xml,0,0,0,0,0,0,1,0,5724051,0,0,0,1,0,0,573_subject_array_1739748325.bin
259034,573,isolateE,573.62385,7,https://ftp.ncbi.nlm.nih.gov/genomes/all/GCF/032/348/595/GCF_032348595.1_ASM3234859v1,7,573.62385.fna,GCF_032348595.1_ASM3234859v1_genomic.fna, 5458050, 5458050,573.62385.fna_vs_GCF_032348595.1_ASM3234859v1_genomic.fna_blast.xml,0,0,0,0,0,0,0,0,5458050,0,0,0,0,0,0,573_subject_array_1739748327.bin
259412,573,kp7450,573.44815,7,https://ftp.ncbi.nlm.nih.gov/genomes/all/GCF/021/442/045/GCF_021442045.1_ASM2144204v1,7,573.44815.fna,GCF_021442045.1_ASM2144204v1_genomic.fna, 5811072, 5811072,573.44815.fna_vs_GCF_021442045.1_ASM2144204v1_genomic.fna_blast.xml,0,0,0,0,0,0,0,0,5811072,0,0,0,0,0,0,573_subject_array_1739748329.bin
259421,573,kpn_02,573.38187,7,https://ftp.ncbi.nlm.nih.gov/genomes/all/GCF/018/682/495/GCF_018682495.1_ASM1868249v1,7,573.38187.fna,GCF_018682495.1_ASM1868249v1_genomic.fna, 6078135, 6078135,573.38187.fna_vs_GCF_018682495.1_ASM1868249v1_genomic.fna_blast.xml,0,0,0,0,0,0,0,0,6078135,0,0,0,0,0,0,573_subject_array_1739748331.bin
259426,573,kpn_07,573.38185,7,https://ftp.ncbi.nlm.nih.gov/genomes/all/GCF/018/682/475/GCF_018682475.1_ASM1868247v1,7,573.38185.fna,GCF_018682475.1_ASM1868247v1_genomic.fna, 5974665, 5974665,573.38185.fna_vs_GCF_018682475.1_ASM1868247v1_genomic.fna_blast.xml,0,0,0,0,0,0,0,0,5974665,0,0,0,0,0,0,573_subject_array_1739748334.bin
259427,573,kpn_08,573.38182,7,https://ftp.ncbi.nlm.nih.gov/genomes/all/GCF/018/682/405/GCF_018682405.1_ASM1868240v1,7,573.38182.fna,GCF_018682405.1_ASM1868240v1_genomic.fna, 6177102, 6177102,573.38182.fna_vs_GCF_018682405.1_ASM1868240v1_genomic.fna_blast.xml,0,0,0,0,0,0,0,0,6177102,0,0,0,0,0,0,573_subject_array_1739748336.bin
259569,57498,ATCC 43672,57498.3,7,https://ftp.ncbi.nlm.nih.gov/genomes/all/GCF/001/485/435/GCF_001485435.1_ASM148543v1,7,57498.3.fna,GCF_001485435.1_ASM148543v1_genomic.fna, 4092497, 4092497,57498.3.fna_vs_GCF_001485435.1_ASM148543v1_genomic.fna_blast.xml,0,0,0,0,0,0,0,0,4092497,0,0,0,0,0,0,57498_subject_array_1739748338.bin
259575,574987,SJF2-1,574987.5,7,https://ftp.ncbi.nlm.nih.gov/genomes/all/GCF/016/757/795/GCF_016757795.1_ASM1675779v1,7,574987.5.fna,GCF_016757795.1_ASM1675779v1_genomic.fna, 3198086, 3198086,574987.5.fna_vs_GCF_016757795.1_ASM1675779v1_genomic.fna_blast.xml,0,0,0,0,0,0,0,0,3198086,0,0,0,0,0,0,574987_subject_array_1739748339.bin
260103,578214,Marseille-P3457,578214.3,7,https://ftp.ncbi.nlm.nih.gov/genomes/all/GCF/900/166/655/GCF_900166655.1_PRJEB19434,7,578214.3.fna,GCF_900166655.1_PRJEB19434_genomic.fna, 3981849, 3981849,578214.3.fna_vs_GCF_900166655.1_PRJEB19434_genomic.fna_blast.xml,0,0,0,0,0,0,0,0,3981849,0,0,0,0,0,0,578214_subject_array_1739748341.bin
260586,582,FDAARGOS_438,582.121,7,https://ftp.ncbi.nlm.nih.gov/genomes/all/GCF/002/588/265/GCF_002588265.1_ASM258826v1,7,582.121.fna,GCF_002588265.1_ASM258826v1_genomic.fna, 4468760, 4468760,582.121.fna_vs_GCF_002588265.1_ASM258826v1_genomic.fna_blast.xml,0,0,0,0,0,0,0,0,4468760,0,0,0,0,0,0,582_subject_array_1739748342.bin
260654,582,RB01,582.855,7,https://ftp.ncbi.nlm.nih.gov/genomes/all/GCF/038/069/925/GCF_038069925.1_ASM3806992v1,7,582.855.fna,GCF_038069925.1_ASM3806992v1_genomic.fna, 4049328, 4061718,582.855.fna_vs_GCF_038069925.1_ASM3806992v1_genomic.fna_blast.xml,0,0,2,3,0,0,20,6443,4054880,0,34,53,278,0,5,582_subject_array_1739748343.bin
260782,58343,V4I22,58343.15,7,https://ftp.ncbi.nlm.nih.gov/genomes/all/GCF/030/817/935/GCF_030817935.1_ASM3081793v1,7,58343.15.fna,GCF_030817935.1_ASM3081793v1_genomic.fna, 10522161, 10522161,58343.15.fna_vs_GCF_030817935.1_ASM3081793v1_genomic.fna_blast.xml,0,0,0,0,0,0,0,0,10522161,0,0,0,0,0,0,58343_subject_array_1739748347.bin
260905,584,258-1d,584.2453,7,https://ftp.ncbi.nlm.nih.gov/genomes/all/GCF/028/463/445/GCF_028463445.1_ASM2846344v1,7,584.2453.fna,GCF_028463445.1_ASM2846344v1_genomic.fna, 3858669, 3955371,584.2453.fna_vs_GCF_028463445.1_ASM2846344v1_genomic.fna_blast.xml,0,0,0,0,0,0,0,96686,3858685,0,0,0,0,0,0,584_subject_array_1739748349.bin
261531,584,PM52812,584.1635,7,https://ftp.ncbi.nlm.nih.gov/genomes/all/GCF/017/309/565/GCF_017309565.1_ASM1730956v1,7,584.1635.fna,GCF_017309565.1_ASM1730956v1_genomic.fna, 4410794, 4410794,584.1635.fna_vs_GCF_017309565.1_ASM1730956v1_genomic.fna_blast.xml,0,0,0,0,0,0,0,0,4410794,0,0,0,0,0,0,584_subject_array_1739748351.bin
261862,586413,S2,586413.3,7,https://ftp.ncbi.nlm.nih.gov/genomes/all/GCF/000/724/085/GCF_000724085.1_PRJEB5523_assembly_1,7,586413.3.fna,GCF_000724085.1_PRJEB5523_assembly_1_genomic.fna, 3807326, 3807326,586413.3.fna_vs_GCF_000724085.1_PRJEB5523_assembly_1_genomic.fna_blast.xml,0,0,0,0,0,0,0,0,3807326,0,0,0,0,0,0,586413_subject_array_1739748352.bin
262380,588,CAVP450,588.276,7,https://ftp.ncbi.nlm.nih.gov/genomes/all/GCF/029/278/185/GCF_029278185.1_ASM2927818v1,7,588.276.fna,GCF_029278185.1_ASM2927818v1_genomic.fna, 4655992, 4655992,588.276.fna_vs_GCF_029278185.1_ASM2927818v1_genomic.fna_blast.xml,0,0,0,0,0,0,0,0,4655992,0,0,0,0,0,0,588_subject_array_1739748354.bin
262494,589403,ON-33,589403.3,7,https://ftp.ncbi.nlm.nih.gov/genomes/all/GCF/014/673/215/GCF_014673215.1_ASM1467321v1,7,589403.3.fna,GCF_014673215.1_ASM1467321v1_genomic.fna, 5221505, 5221505,589403.3.fna_vs_GCF_014673215.1_ASM1467321v1_genomic.fna_blast.xml,0,0,0,0,0,0,0,0,5221505,0,0,0,0,0,0,589403_subject_array_1739748355.bin
263046,59203,S499,59203.516,7,https://ftp.ncbi.nlm.nih.gov/genomes/all/GCF/019/967/915/GCF_019967915.1_ASM1996791v1,7,59203.516.fna,GCF_019967915.1_ASM1996791v1_genomic.fna, 5542871, 5542871,59203.516.fna_vs_GCF_019967915.1_ASM1996791v1_genomic.fna_blast.xml,0,0,0,0,0,0,0,0,5542871,0,0,0,0,0,0,59203_subject_array_1739748358.bin
263340,595,R13.1986,595.897,7,https://ftp.ncbi.nlm.nih.gov/genomes/all/GCF/030/435/995/GCF_030435995.1_ASM3043599v1,7,595.897.fna,GCF_030435995.1_ASM3043599v1_genomic.fna, 5031479, 5031479,595.897.fna_vs_GCF_030435995.1_ASM3043599v1_genomic.fna_blast.xml,0,0,0,0,0,0,0,0,5031479,0,0,0,0,0,0,595_subject_array_1739748359.bin
263519,595497,Cudo,595497.3,7,https://ftp.ncbi.nlm.nih.gov/genomes/all/GCF/000/182/425/GCF_000182425.1_ASM18242v1,7,595497.3.fna,GCF_000182425.1_ASM18242v1_genomic.fna, 3389269, 3389269,595497.3.fna_vs_GCF_000182425.1_ASM18242v1_genomic.fna_blast.xml,0,0,0,0,0,0,1,0,3389265,0,1,2,0,0,0,595497_subject_array_1739748361.bin
263889,60133,NCTC13043,60133.73,7,https://ftp.ncbi.nlm.nih.gov/genomes/all/GCF/900/454/935/GCF_900454935.1_57800_C01,7,60133.73.fna,GCF_900454935.1_57800_C01_genomic.fna, 3108714, 3108714,60133.73.fna_vs_GCF_900454935.1_57800_C01_genomic.fna_blast.xml,0,0,0,0,0,0,1,0,3108713,0,0,0,0,0,0,60133_subject_array_1739748362.bin
263898,60137,DSM 110277,60137.225,7,https://ftp.ncbi.nlm.nih.gov/genomes/all/GCF/022/788/675/GCF_022788675.1_ASM2278867v1,7,60137.225.fna,GCF_022788675.1_ASM2278867v1_genomic.fna, 3849963, 3849963,60137.225.fna_vs_GCF_022788675.1_ASM2278867v1_genomic.fna_blast.xml,0,0,0,0,0,0,0,0,3849963,0,0,0,0,0,0,60137_subject_array_1739748363.bin
263903,60137,OXR-199,60137.237,7,https://ftp.ncbi.nlm.nih.gov/genomes/all/GCF/034/377/005/GCF_034377005.1_ASM3437700v1,7,60137.237.fna,GCF_034377005.1_ASM3437700v1_genomic.fna, 4035163, 4035163,60137.237.fna_vs_GCF_034377005.1_ASM3437700v1_genomic.fna_blast.xml,0,0,0,0,0,0,0,0,4035163,0,0,0,0,0,0,60137_subject_array_1739748365.bin
263989,60520,DSM 10667,60520.20,7,https://ftp.ncbi.nlm.nih.gov/genomes/all/GCF/003/641/145/GCF_003641145.1_ASM364114v1,7,60520.20.fna,GCF_003641145.1_ASM364114v1_genomic.fna, 3368529, 3368529,60520.20.fna_vs_GCF_003641145.1_ASM364114v1_genomic.fna_blast.xml,0,0,0,0,0,0,0,0,3368529,0,0,0,0,0,0,60520_subject_array_1739748366.bin
264174,60890,P11,60890.7,7,https://ftp.ncbi.nlm.nih.gov/genomes/all/GCF/002/381/305/GCF_002381305.1_ASM238130v1,7,60890.7.fna,GCF_002381305.1_ASM238130v1_genomic.fna, 4463194, 4463194,60890.7.fna_vs_GCF_002381305.1_ASM238130v1_genomic.fna_blast.xml,0,0,0,0,0,0,0,0,4463194,0,0,0,0,0,0,60890_subject_array_1739748368.bin
264176,60890,P129,60890.10,7,https://ftp.ncbi.nlm.nih.gov/genomes/all/GCF/002/381/385/GCF_002381385.1_ASM238138v1,7,60890.10.fna,GCF_002381385.1_ASM238138v1_genomic.fna, 4364372, 4364372,60890.10.fna_vs_GCF_002381385.1_ASM238138v1_genomic.fna_blast.xml,0,0,0,0,0,0,0,0,4364372,0,0,0,0,0,0,60890_subject_array_1739748369.bin
264178,60890,P73,60890.8,7,https://ftp.ncbi.nlm.nih.gov/genomes/all/GCF/002/381/325/GCF_002381325.1_ASM238132v1,7,60890.8.fna,GCF_002381325.1_ASM238132v1_genomic.fna, 4541872, 4541872,60890.8.fna_vs_GCF_002381325.1_ASM238132v1_genomic.fna_blast.xml,0,0,0,0,0,0,0,0,4541872,0,0,0,0,0,0,60890_subject_array_1739748371.bin
264459,611,N13-01290,611.66,7,https://ftp.ncbi.nlm.nih.gov/genomes/all/GCF/001/441/245/GCF_001441245.1_ASM144124v1,7,611.66.fna,GCF_001441245.1_ASM144124v1_genomic.fna, 5157495, 5157495,611.66.fna_vs_GCF_001441245.1_ASM144124v1_genomic.fna_blast.xml,0,0,0,0,0,0,0,0,5157494,0,1,0,0,0,0,611_subject_array_1739748373.bin
264530,611301,DAR72029,611301.297,7,https://ftp.ncbi.nlm.nih.gov/genomes/all/GCF/016/801/675/GCF_016801675.1_ASM1680167v1,7,611301.297.fna,GCF_016801675.1_ASM1680167v1_genomic.fna, 5550959, 5550959,611301.297.fna_vs_GCF_016801675.1_ASM1680167v1_genomic.fna_blast.xml,0,0,0,0,0,0,1,1,5550957,0,0,0,0,0,0,611301_subject_array_1739748375.bin
264533,611301,DAR73909,611301.298,7,https://ftp.ncbi.nlm.nih.gov/genomes/all/GCF/016/801/695/GCF_016801695.1_ASM1680169v1,7,611301.298.fna,GCF_016801695.1_ASM1680169v1_genomic.fna, 5552095, 5552095,611301.298.fna_vs_GCF_016801695.1_ASM1680169v1_genomic.fna_blast.xml,0,0,0,0,0,0,0,0,5552093,0,0,2,0,0,0,611301_subject_array_1739748378.bin
264680,61435,JNA,61435.7,7,https://ftp.ncbi.nlm.nih.gov/genomes/all/GCF/001/515/295/GCF_001515295.1_ASM151529v1,7,61435.7.fna,GCF_001515295.1_ASM151529v1_genomic.fna, 1462509, 1462509,61435.7.fna_vs_GCF_001515295.1_ASM151529v1_genomic.fna_blast.xml,0,0,0,0,0,0,0,0,1462507,0,1,1,0,0,0,61435_subject_array_1739748378.bin
265086,615,EL41,615.826,7,https://ftp.ncbi.nlm.nih.gov/genomes/all/GCF/003/958/505/GCF_003958505.1_ASM395850v1,7,615.826.fna,GCF_003958505.1_ASM395850v1_genomic.fna, 5263255, 5263255,615.826.fna_vs_GCF_003958505.1_ASM395850v1_genomic.fna_blast.xml,0,0,0,0,0,0,0,0,5263255,0,0,0,0,0,0,615_subject_array_1739748380.bin
265210,615,NGS-ED-1015,615.98,7,https://ftp.ncbi.nlm.nih.gov/genomes/all/GCF/000/739/215/GCF_000739215.1_ASM73921v1,7,615.98.fna,GCF_000739215.1_ASM73921v1_genomic.fna, 5122566, 5122566,615.98.fna_vs_GCF_000739215.1_ASM73921v1_genomic.fna_blast.xml,0,0,0,0,0,0,0,0,5122566,0,0,0,0,0,0,615_subject_array_1739748382.bin
265348,615,SJC1062,615.2544,7,https://ftp.ncbi.nlm.nih.gov/genomes/all/GCF/946/404/965/GCF_946404965.1_SJC1062,7,615.2544.fna,GCF_946404965.1_SJC1062_genomic.fna, 5602860, 5602860,615.2544.fna_vs_GCF_946404965.1_SJC1062_genomic.fna_blast.xml,0,0,0,0,0,0,0,0,5602860,0,0,0,0,0,0,615_subject_array_1739748384.bin
265621,61645,16773-yvys,61645.572,7,https://ftp.ncbi.nlm.nih.gov/genomes/all/GCF/023/101/705/GCF_023101705.1_ASM2310170v1,7,61645.572.fna,GCF_023101705.1_ASM2310170v1_genomic.fna, 5277234, 5277234,61645.572.fna_vs_GCF_023101705.1_ASM2310170v1_genomic.fna_blast.xml,0,0,0,0,0,0,0,0,5277234,0,0,0,0,0,0,61645_subject_array_1739748386.bin
265769,61645,C210211,61645.598,7,https://ftp.ncbi.nlm.nih.gov/genomes/all/GCF/023/559/005/GCF_023559005.1_ASM2355900v1,7,61645.598.fna,GCF_023559005.1_ASM2355900v1_genomic.fna, 5461472, 5461472,61645.598.fna_vs_GCF_023559005.1_ASM2355900v1_genomic.fna_blast.xml,0,0,0,0,0,0,1,0,5461470,0,1,0,0,0,0,61645_subject_array_1739748388.bin
265871,61645,KAM576,61645.651,7,https://ftp.ncbi.nlm.nih.gov/genomes/all/GCF/025/999/975/GCF_025999975.1_ASM2599997v1,7,61645.651.fna,GCF_025999975.1_ASM2599997v1_genomic.fna, 5112230, 5112230,61645.651.fna_vs_GCF_025999975.1_ASM2599997v1_genomic.fna_blast.xml,0,0,0,0,0,0,0,0,5112230,0,0,0,0,0,0,61645_subject_array_1739748390.bin
265875,61645,L4424,61645.772,7,https://ftp.ncbi.nlm.nih.gov/genomes/all/GCF/030/580/805/GCF_030580805.1_ASM3058080v1,7,61645.772.fna,GCF_030580805.1_ASM3058080v1_genomic.fna, 5497921, 5497921,61645.772.fna_vs_GCF_030580805.1_ASM3058080v1_genomic.fna_blast.xml,0,0,0,0,0,0,0,0,5497921,0,0,0,0,0,0,61645_subject_array_1739748393.bin
265900,61645,NN-MR1335,61645.624,7,https://ftp.ncbi.nlm.nih.gov/genomes/all/GCF/024/756/205/GCF_024756205.1_ASM2475620v1,7,61645.624.fna,GCF_024756205.1_ASM2475620v1_genomic.fna, 4923067, 4923067,61645.624.fna_vs_GCF_024756205.1_ASM2475620v1_genomic.fna_blast.xml,0,0,0,0,0,0,0,0,4923067,0,0,0,0,0,0,61645_subject_array_1739748394.bin
266356,623,AR-0421,623.1103,7,https://ftp.ncbi.nlm.nih.gov/genomes/all/GCF/008/973/575/GCF_008973575.1_ASM897357v1,7,623.1103.fna,GCF_008973575.1_ASM897357v1_genomic.fna, 5141429, 5141429,623.1103.fna_vs_GCF_008973575.1_ASM897357v1_genomic.fna_blast.xml,0,0,0,0,0,0,0,0,5141429,0,0,0,0,0,0,623_subject_array_1739748398.bin
266557,623,STIN_92,623.1627,7,https://ftp.ncbi.nlm.nih.gov/genomes/all/GCF/022/353/685/GCF_022353685.1_ASM2235368v1,7,623.1627.fna,GCF_022353685.1_ASM2235368v1_genomic.fna, 5311318, 5311318,623.1627.fna_vs_GCF_022353685.1_ASM2235368v1_genomic.fna_blast.xml,0,0,0,0,0,0,0,0,5311318,0,0,0,0,0,0,623_subject_array_1739748401.bin
266563,623,STLEFF_34,623.1652,7,https://ftp.ncbi.nlm.nih.gov/genomes/all/GCF/022/494/115/GCF_022494115.1_ASM2249411v1,7,623.1652.fna,GCF_022494115.1_ASM2249411v1_genomic.fna, 5008158, 5008158,623.1652.fna_vs_GCF_022494115.1_ASM2249411v1_genomic.fna_blast.xml,0,0,0,0,0,0,0,0,5008158,0,0,0,0,0,0,623_subject_array_1739748403.bin
266572,623,SWHEFF_59,623.1634,7,https://ftp.ncbi.nlm.nih.gov/genomes/all/GCF/022/354/025/GCF_022354025.1_ASM2235402v1,7,623.1634.fna,GCF_022354025.1_ASM2235402v1_genomic.fna, 4755688, 4755688,623.1634.fna_vs_GCF_022354025.1_ASM2235402v1_genomic.fna_blast.xml,0,0,0,0,0,0,0,0,4755688,0,0,0,0,0,0,623_subject_array_1739748405.bin
266579,623,SWHIN_107,623.1643,7,https://ftp.ncbi.nlm.nih.gov/genomes/all/GCF/022/354/645/GCF_022354645.1_ASM2235464v1,7,623.1643.fna,GCF_022354645.1_ASM2235464v1_genomic.fna, 5178980, 5178980,623.1643.fna_vs_GCF_022354645.1_ASM2235464v1_genomic.fna_blast.xml,0,0,0,0,0,0,0,0,5178980,0,0,0,0,0,0,623_subject_array_1739748407.bin
267526,624,NW-MR1609,624.3963,7,https://ftp.ncbi.nlm.nih.gov/genomes/all/GCF/029/953/225/GCF_029953225.1_ASM2995322v1,7,624.3963.fna,GCF_029953225.1_ASM2995322v1_genomic.fna, 4917635, 4917635,624.3963.fna_vs_GCF_029953225.1_ASM2995322v1_genomic.fna_blast.xml,0,0,0,0,0,0,0,0,4917635,0,0,0,0,0,0,624_subject_array_1739748409.bin
267531,624,R15.0763,624.4470,7,https://ftp.ncbi.nlm.nih.gov/genomes/all/GCF/038/368/245/GCF_038368245.1_ASM3836824v1,7,624.4470.fna,GCF_038368245.1_ASM3836824v1_genomic.fna, 4966095, 4966095,624.4470.fna_vs_GCF_038368245.1_ASM3836824v1_genomic.fna_blast.xml,0,0,0,0,0,0,0,0,4966094,0,0,1,0,0,0,624_subject_array_1739748415.bin
267536,624,R16.1553,624.4466,7,https://ftp.ncbi.nlm.nih.gov/genomes/all/GCF/038/367/175/GCF_038367175.1_ASM3836717v1,7,624.4466.fna,GCF_038367175.1_ASM3836717v1_genomic.fna, 5087366, 5087366,624.4466.fna_vs_GCF_038367175.1_ASM3836717v1_genomic.fna_blast.xml,0,0,0,0,0,0,0,0,5087365,0,0,1,0,0,0,624_subject_array_1739748421.bin
268605,633,NCTC1103,633.134,7,https://ftp.ncbi.nlm.nih.gov/genomes/all/GCF/900/460/735/GCF_900460735.1_56080_D02,7,633.134.fna,GCF_900460735.1_56080_D02_genomic.fna, 4668003, 4668003,633.134.fna_vs_GCF_900460735.1_56080_D02_genomic.fna_blast.xml,0,0,0,0,0,0,0,0,4668002,0,0,1,0,0,0,633_subject_array_1739748423.bin
268700,637577,CC60,637577.4,7,https://ftp.ncbi.nlm.nih.gov/genomes/all/GCF/030/812/295/GCF_030812295.1_ASM3081229v1,7,637577.4.fna,GCF_030812295.1_ASM3081229v1_genomic.fna, 4322902, 4322902,637577.4.fna_vs_GCF_030812295.1_ASM3081229v1_genomic.fna_blast.xml,0,0,0,0,0,0,0,0,4322902,0,0,0,0,0,0,637577_subject_array_1739748424.bin
269255,64187,YNCX,64187.654,7,https://ftp.ncbi.nlm.nih.gov/genomes/all/GCF/024/499/285/GCF_024499285.1_ASM2449928v1,7,64187.654.fna,GCF_024499285.1_ASM2449928v1_genomic.fna, 5118699, 5118699,64187.654.fna_vs_GCF_024499285.1_ASM2449928v1_genomic.fna_blast.xml,0,0,0,0,0,0,0,0,5118699,0,0,0,0,0,0,64187_subject_array_1739748431.bin
269385,644,FDAARGOS_78,644.35,7,https://ftp.ncbi.nlm.nih.gov/genomes/all/GCF/000/783/635/GCF_000783635.1_ASM78363v2,7,644.35.fna,GCF_000783635.1_ASM78363v2_genomic.fna, 4926199, 4927265,644.35.fna_vs_GCF_000783635.1_ASM78363v2_genomic.fna_blast.xml,0,0,0,0,0,0,0,0,4926199,0,1066,0,0,0,0,644_subject_array_1739748433.bin
269715,645,NCTC10402,645.119,7,https://ftp.ncbi.nlm.nih.gov/genomes/all/GCF/900/445/125/GCF_900445125.1_53550_E01,7,645.119.fna,GCF_900445125.1_53550_E01_genomic.fna, 4868198, 4868198,645.119.fna_vs_GCF_900445125.1_53550_E01_genomic.fna_blast.xml,0,0,0,0,0,0,0,0,4868181,0,0,0,17,0,0,645_subject_array_1739748434.bin
270047,648,GD03700,648.1001,7,https://ftp.ncbi.nlm.nih.gov/genomes/all/GCF/029/843/955/GCF_029843955.1_ASM2984395v1,7,648.1001.fna,GCF_029843955.1_ASM2984395v1_genomic.fna, 5379200, 5379200,648.1001.fna_vs_GCF_029843955.1_ASM2984395v1_genomic.fna_blast.xml,0,0,0,0,0,0,0,0,5379200,0,0,0,0,0,0,648_subject_array_1739748437.bin
270057,648,GD03928,648.988,7,https://ftp.ncbi.nlm.nih.gov/genomes/all/GCF/029/839/565/GCF_029839565.1_ASM2983956v1,7,648.988.fna,GCF_029839565.1_ASM2983956v1_genomic.fna, 5336174, 5336174,648.988.fna_vs_GCF_029839565.1_ASM2983956v1_genomic.fna_blast.xml,0,0,0,0,0,0,0,0,5336174,0,0,0,0,0,0,648_subject_array_1739748439.bin
270091,648,KAM345,648.603,7,https://ftp.ncbi.nlm.nih.gov/genomes/all/GCF/019/972/775/GCF_019972775.1_ASM1997277v2,7,648.603.fna,GCF_019972775.1_ASM1997277v2_genomic.fna, 4852288, 4852288,648.603.fna_vs_GCF_019972775.1_ASM1997277v2_genomic.fna_blast.xml,0,0,0,0,0,0,0,0,4852288,0,0,0,0,0,0,648_subject_array_1739748441.bin
270158,648,KAM497,648.922,7,https://ftp.ncbi.nlm.nih.gov/genomes/all/GCF/024/347/715/GCF_024347715.1_ASM2434771v1,7,648.922.fna,GCF_024347715.1_ASM2434771v1_genomic.fna, 4880148, 4880148,648.922.fna_vs_GCF_024347715.1_ASM2434771v1_genomic.fna_blast.xml,0,0,0,0,0,0,0,0,4880148,0,0,0,0,0,0,648_subject_array_1739748443.bin
270402,65058,11022B-1,65058.515,7,https://ftp.ncbi.nlm.nih.gov/genomes/all/GCF/024/341/825/GCF_024341825.1_ASM2434182v1,7,65058.515.fna,GCF_024341825.1_ASM2434182v1_genomic.fna, 2520022, 2520022,65058.515.fna_vs_GCF_024341825.1_ASM2434182v1_genomic.fna_blast.xml,0,0,0,0,0,0,0,0,2520022,0,0,0,0,0,0,65058_subject_array_1739748444.bin
270408,65058,20-SIC-1,65058.479,7,https://ftp.ncbi.nlm.nih.gov/genomes/all/GCF/016/765/755/GCF_016765755.1_ASM1676575v1,7,65058.479.fna,GCF_016765755.1_ASM1676575v1_genomic.fna, 2510020, 2510020,65058.479.fna_vs_GCF_016765755.1_ASM1676575v1_genomic.fna_blast.xml,0,0,0,0,0,0,0,0,2510020,0,0,0,0,0,0,65058_subject_array_1739748445.bin
270517,65393,PCC 7424,65393.13,7,https://ftp.ncbi.nlm.nih.gov/genomes/all/GCF/000/021/825/GCF_000021825.1_ASM2182v1,7,65393.13.fna,GCF_000021825.1_ASM2182v1_genomic.fna, 6554169, 6554169,65393.13.fna_vs_GCF_000021825.1_ASM2182v1_genomic.fna_blast.xml,0,0,0,0,0,0,0,0,6554169,0,0,0,0,0,0,65393_subject_array_1739748449.bin
270911,65700,BuffGH,65700.7,7,https://ftp.ncbi.nlm.nih.gov/genomes/all/GCF/000/975/275/GCF_000975275.1_ASM97527v1,7,65700.7.fna,GCF_000975275.1_ASM97527v1_genomic.fna, 5015962, 5015962,65700.7.fna_vs_GCF_000975275.1_ASM97527v1_genomic.fna_blast.xml,0,0,0,0,0,0,0,0,5015962,0,0,0,0,0,0,65700_subject_array_1739748454.bin
270918,657015,JCM 16917,657015.4,7,https://ftp.ncbi.nlm.nih.gov/genomes/all/GCF/004/153/685/GCF_004153685.1_ASM415368v1,7,657015.4.fna,GCF_004153685.1_ASM415368v1_genomic.fna, 3367176, 3367176,657015.4.fna_vs_GCF_004153685.1_ASM415368v1_genomic.fna_blast.xml,0,0,0,0,0,0,0,0,3367176,0,0,0,0,0,0,657015_subject_array_1739748455.bin
270933,657409,DSM 19560,657409.3,7,https://ftp.ncbi.nlm.nih.gov/genomes/all/GCF/007/829/035/GCF_007829035.1_ASM782903v1,7,657409.3.fna,GCF_007829035.1_ASM782903v1_genomic.fna, 3827835, 3827835,657409.3.fna_vs_GCF_007829035.1_ASM782903v1_genomic.fna_blast.xml,0,0,0,0,0,0,0,0,3827835,0,0,0,0,0,0,657409_subject_array_1739748456.bin
271618,664962,TSH58,664962.3,7,https://ftp.ncbi.nlm.nih.gov/genomes/all/GCF/003/119/115/GCF_003119115.1_ASM311911v1,7,664962.3.fna,GCF_003119115.1_ASM311911v1_genomic.fna, 7244074, 7244074,664962.3.fna_vs_GCF_003119115.1_ASM311911v1_genomic.fna_blast.xml,0,0,0,0,0,0,0,0,7244071,0,2,1,0,0,0,664962_subject_array_1739748459.bin
271649,665792,D9,665792.3,7,https://ftp.ncbi.nlm.nih.gov/genomes/all/GCF/001/188/365/GCF_001188365.1_ASM118836v1,7,665792.3.fna,GCF_001188365.1_ASM118836v1_genomic.fna, 5645302, 5645302,665792.3.fna_vs_GCF_001188365.1_ASM118836v1_genomic.fna_blast.xml,0,0,0,0,0,0,1,4885,5640387,0,1,28,0,0,0,665792_subject_array_1739748461.bin
272532,666,MMRF1896,666.6406,7,https://ftp.ncbi.nlm.nih.gov/genomes/all/GCF/027/158/325/GCF_027158325.1_ASM2715832v1,7,666.6406.fna,GCF_027158325.1_ASM2715832v1_genomic.fna, 3990767, 3990767,666.6406.fna_vs_GCF_027158325.1_ASM2715832v1_genomic.fna_blast.xml,0,0,0,0,0,0,0,0,3990767,0,0,0,0,0,0,666_subject_array_1739748464.bin
273248,669,N8T11,669.552,7,https://ftp.ncbi.nlm.nih.gov/genomes/all/GCF/039/544/385/GCF_039544385.1_ASM3954438v1,7,669.552.fna,GCF_039544385.1_ASM3954438v1_genomic.fna, 6410919, 6410919,669.552.fna_vs_GCF_039544385.1_ASM3954438v1_genomic.fna_blast.xml,0,0,0,0,0,0,0,0,6410919,0,0,0,0,0,0,669_subject_array_1739748467.bin
273510,670,20160303005-1,670.2527,7,https://ftp.ncbi.nlm.nih.gov/genomes/all/GCF/009/883/875/GCF_009883875.1_ASM988387v1,7,670.2527.fna,GCF_009883875.1_ASM988387v1_genomic.fna, 5970106, 5970106,670.2527.fna_vs_GCF_009883875.1_ASM988387v1_genomic.fna_blast.xml,0,0,0,0,0,0,0,0,5970106,0,0,0,0,0,0,670_subject_array_1739748469.bin
274922,670,PV1,670.7310,7,https://ftp.ncbi.nlm.nih.gov/genomes/all/GCF/033/675/235/GCF_033675235.1_ASM3367523v1,7,670.7310.fna,GCF_033675235.1_ASM3367523v1_genomic.fna, 5424487, 5424487,670.7310.fna_vs_GCF_033675235.1_ASM3367523v1_genomic.fna_blast.xml,0,0,0,0,0,0,0,0,5424487,0,0,0,0,0,0,670_subject_array_1739748471.bin
275420,670,vp-HL-202006,670.7930,7,https://ftp.ncbi.nlm.nih.gov/genomes/all/GCF/038/050/815/GCF_038050815.1_ASM3805081v1,7,670.7930.fna,GCF_038050815.1_ASM3805081v1_genomic.fna, 5919166, 5919166,670.7930.fna_vs_GCF_038050815.1_ASM3805081v1_genomic.fna_blast.xml,0,0,0,0,0,0,0,0,5919166,0,0,0,0,0,0,670_subject_array_1739748473.bin
275421,670,vp-HL-202008,670.7931,7,https://ftp.ncbi.nlm.nih.gov/genomes/all/GCF/038/050/985/GCF_038050985.1_ASM3805098v1,7,670.7931.fna,GCF_038050985.1_ASM3805098v1_genomic.fna, 5926798, 5926798,670.7931.fna_vs_GCF_038050985.1_ASM3805098v1_genomic.fna_blast.xml,0,0,0,0,0,0,0,0,5926798,0,0,0,0,0,0,670_subject_array_1739748476.bin
275477,672,08-2472,672.1227,7,https://ftp.ncbi.nlm.nih.gov/genomes/all/GCF/014/525/125/GCF_014525125.1_ASM1452512v1,7,672.1227.fna,GCF_014525125.1_ASM1452512v1_genomic.fna, 5303272, 5303272,672.1227.fna_vs_GCF_014525125.1_ASM1452512v1_genomic.fna_blast.xml,0,0,0,0,0,0,0,0,5303272,0,0,0,0,0,0,672_subject_array_1739748478.bin
276005,673954,NBRC 105830,673954.4,7,https://ftp.ncbi.nlm.nih.gov/genomes/all/GCF/030/161/535/GCF_030161535.1_ASM3016153v1,7,673954.4.fna,GCF_030161535.1_ASM3016153v1_genomic.fna, 4081838, 4081838,673954.4.fna_vs_GCF_030161535.1_ASM3016153v1_genomic.fna_blast.xml,0,0,0,0,0,0,0,0,4081838,0,0,0,0,0,0,673954_subject_array_1739748480.bin
276049,674529,BFG-118,674529.346,7,https://ftp.ncbi.nlm.nih.gov/genomes/all/GCF/024/789/105/GCF_024789105.1_ASM2478910v1,7,674529.346.fna,GCF_024789105.1_ASM2478910v1_genomic.fna, 6433903, 6433903,674529.346.fna_vs_GCF_024789105.1_ASM2478910v1_genomic.fna_blast.xml,0,0,0,0,0,0,0,0,6433903,0,0,0,0,0,0,674529_subject_array_1739748482.bin
276061,674529,BFG-527,674529.322,7,https://ftp.ncbi.nlm.nih.gov/genomes/all/GCF/024/759/405/GCF_024759405.1_ASM2475940v1,7,674529.322.fna,GCF_024759405.1_ASM2475940v1_genomic.fna, 7083267, 7083267,674529.322.fna_vs_GCF_024759405.1_ASM2475940v1_genomic.fna_blast.xml,0,0,0,0,0,0,0,0,7083267,0,0,0,0,0,0,674529_subject_array_1739748485.bin
276395,679194,J139,679194.3,7,https://ftp.ncbi.nlm.nih.gov/genomes/all/GCF/000/177/395/GCF_000177395.1_ASM17739v1,7,679194.3.fna,GCF_000177395.1_ASM17739v1_genomic.fna, 2481963, 2481963,679194.3.fna_vs_GCF_000177395.1_ASM17739v1_genomic.fna_blast.xml,0,0,0,0,0,0,0,0,2481963,0,0,0,0,0,0,679194_subject_array_1739748486.bin
276433,680,IFL1,680.285,7,https://ftp.ncbi.nlm.nih.gov/genomes/all/GCF/022/453/845/GCF_022453845.1_ASM2245384v1,7,680.285.fna,GCF_022453845.1_ASM2245384v1_genomic.fna, 6252017, 6252017,680.285.fna_vs_GCF_022453845.1_ASM2245384v1_genomic.fna_blast.xml,0,0,0,0,0,0,0,0,6252017,0,0,0,0,0,0,680_subject_array_1739748488.bin
276623,68239,NBC_00174,68239.17,7,https://ftp.ncbi.nlm.nih.gov/genomes/all/GCF/026/342/745/GCF_026342745.1_ASM2634274v1,7,68239.17.fna,GCF_026342745.1_ASM2634274v1_genomic.fna, 12794466, 12794466,68239.17.fna_vs_GCF_026342745.1_ASM2634274v1_genomic.fna_blast.xml,0,0,0,0,0,0,2,2,12794457,0,1,4,0,0,0,68239_subject_array_1739748493.bin
276690,682863,Lp-1,682863.3,7,https://ftp.ncbi.nlm.nih.gov/genomes/all/GCF/020/523/835/GCF_020523835.1_ASM2052383v1,7,682863.3.fna,GCF_020523835.1_ASM2052383v1_genomic.fna, 6271367, 6271367,682863.3.fna_vs_GCF_020523835.1_ASM2052383v1_genomic.fna_blast.xml,0,0,0,0,0,0,0,590,6270777,0,0,0,0,0,0,682863_subject_array_1739748495.bin
276981,68892,PA11599CN2,68892.119,7,https://ftp.ncbi.nlm.nih.gov/genomes/all/GCF/018/499/575/GCF_018499575.1_ASM1849957v1,7,68892.119.fna,GCF_018499575.1_ASM1849957v1_genomic.fna, 1716789, 1716789,68892.119.fna_vs_GCF_018499575.1_ASM1849957v1_genomic.fna_blast.xml,0,0,0,0,0,0,0,0,1716789,0,0,0,0,0,0,68892_subject_array_1739748496.bin
277044,691698,YF23,691698.3,7,https://ftp.ncbi.nlm.nih.gov/genomes/all/GCF/002/564/205/GCF_002564205.1_ASM256420v1,7,691698.3.fna,GCF_002564205.1_ASM256420v1_genomic.fna, 5820595, 5820595,691698.3.fna_vs_GCF_002564205.1_ASM256420v1_genomic.fna_blast.xml,0,0,0,0,0,0,0,0,5820595,0,0,0,0,0,0,691698_subject_array_1739748498.bin
277054,69218,FDAARGOS_232,69218.21,7,https://ftp.ncbi.nlm.nih.gov/genomes/all/GCF/002/891/235/GCF_002891235.1_ASM289123v1,7,69218.21.fna,GCF_002891235.1_ASM289123v1_genomic.fna, 5179590, 5179590,69218.21.fna_vs_GCF_002891235.1_ASM289123v1_genomic.fna_blast.xml,0,0,0,0,0,0,0,0,5179589,0,0,1,0,0,0,69218_subject_array_1739748500.bin
277093,692418,DSM 26133,692418.3,7,https://ftp.ncbi.nlm.nih.gov/genomes/all/GCF/900/176/375/GCF_900176375.1_IMG-taxon_2619619645_annotated_assembly,7,692418.3.fna,GCF_900176375.1_IMG-taxon_2619619645_annotated_assembly_genomic.fna, 4711560, 4711560,692418.3.fna_vs_GCF_900176375.1_IMG-taxon_2619619645_annotated_assembly_genomic.fna_blast.xml,0,0,0,0,0,0,0,465,4711095,0,0,0,0,0,0,692418_subject_array_1739748502.bin
277096,69280,CCM 7664,69280.3,7,https://ftp.ncbi.nlm.nih.gov/genomes/all/GCF/014/635/845/GCF_014635845.1_ASM1463584v1,7,69280.3.fna,GCF_014635845.1_ASM1463584v1_genomic.fna, 3037436, 3037436,69280.3.fna_vs_GCF_014635845.1_ASM1463584v1_genomic.fna_blast.xml,0,0,0,0,0,0,0,0,3037436,0,0,0,0,0,0,69280_subject_array_1739748503.bin
277115,69363,JCM 1342,69363.4,7,https://ftp.ncbi.nlm.nih.gov/genomes/all/GCF/039/534/975/GCF_039534975.1_ASM3953497v1,7,69363.4.fna,GCF_039534975.1_ASM3953497v1_genomic.fna, 3570215, 3570215,69363.4.fna_vs_GCF_039534975.1_ASM3953497v1_genomic.fna_blast.xml,0,0,0,0,0,0,0,0,3570215,0,0,0,0,0,0,69363_subject_array_1739748504.bin
277547,70346,TB2-2B,70346.34,7,https://ftp.ncbi.nlm.nih.gov/genomes/all/GCF/030/518/655/GCF_030518655.1_ASM3051865v1,7,70346.34.fna,GCF_030518655.1_ASM3051865v1_genomic.fna, 3443915, 3443915,70346.34.fna_vs_GCF_030518655.1_ASM3051865v1_genomic.fna_blast.xml,0,0,0,0,0,0,0,0,3443915,0,0,0,0,0,0,70346_subject_array_1739748506.bin
277699,709509,DSM 22419,709509.3,7,https://ftp.ncbi.nlm.nih.gov/genomes/all/GCF/014/207/425/GCF_014207425.1_ASM1420742v1,7,709509.3.fna,GCF_014207425.1_ASM1420742v1_genomic.fna, 2210357, 2210357,709509.3.fna_vs_GCF_014207425.1_ASM1420742v1_genomic.fna_blast.xml,0,0,0,0,0,0,0,191,2210166,0,0,0,0,0,0,709509_subject_array_1739748506.bin
277791,712633,S65,712633.10,7,https://ftp.ncbi.nlm.nih.gov/genomes/all/GCF/023/108/995/GCF_023108995.1_ASM2310899v1,7,712633.10.fna,GCF_023108995.1_ASM2310899v1_genomic.fna, 1739849, 1739849,712633.10.fna_vs_GCF_023108995.1_ASM2310899v1_genomic.fna_blast.xml,0,0,0,0,0,0,0,595,1739254,0,0,0,0,0,0,712633_subject_array_1739748507.bin
277807,713605,AB-1,713605.5,7,https://ftp.ncbi.nlm.nih.gov/genomes/all/GCF/000/177/755/GCF_000177755.1_ASM17775v1,7,713605.5.fna,GCF_000177755.1_ASM17775v1_genomic.fna, 1287456, 1287456,713605.5.fna_vs_GCF_000177755.1_ASM17775v1_genomic.fna_blast.xml,0,0,0,0,0,0,0,0,1287456,0,0,0,0,0,0,713605_subject_array_1739748507.bin
277898,714,KCOM 1299,714.106,7,https://ftp.ncbi.nlm.nih.gov/genomes/all/GCF/002/266/485/GCF_002266485.1_ASM226648v1,7,714.106.fna,GCF_002266485.1_ASM226648v1_genomic.fna, 2291820, 2291820,714.106.fna_vs_GCF_002266485.1_ASM226648v1_genomic.fna_blast.xml,0,0,0,0,0,0,0,0,2291820,0,0,0,0,0,0,714_subject_array_1739748508.bin
278208,72174,MCCC1A08378,72174.97,7,https://ftp.ncbi.nlm.nih.gov/genomes/all/GCF/038/594/605/GCF_038594605.1_ASM3859460v1,7,72174.97.fna,GCF_038594605.1_ASM3859460v1_genomic.fna, 3324900, 3324900,72174.97.fna_vs_GCF_038594605.1_ASM3859460v1_genomic.fna_blast.xml,0,0,0,0,0,0,0,0,3324900,0,0,0,0,0,0,72174_subject_array_1739748509.bin
278352,72407,ARLG-3135,72407.1149,7,https://ftp.ncbi.nlm.nih.gov/genomes/all/GCF/003/850/165/GCF_003850165.1_ASM385016v1,7,72407.1149.fna,GCF_003850165.1_ASM385016v1_genomic.fna, 5562458, 5562458,72407.1149.fna_vs_GCF_003850165.1_ASM385016v1_genomic.fna_blast.xml,0,0,0,0,0,0,0,0,5562458,0,0,0,0,0,0,72407_subject_array_1739748511.bin
278408,72407,DD02172,72407.1740,7,https://ftp.ncbi.nlm.nih.gov/genomes/all/GCF/023/066/625/GCF_023066625.1_ASM2306662v1,7,72407.1740.fna,GCF_023066625.1_ASM2306662v1_genomic.fna, 5811027, 5811027,72407.1740.fna_vs_GCF_023066625.1_ASM2306662v1_genomic.fna_blast.xml,0,0,0,0,0,0,0,0,5811027,0,0,0,0,0,0,72407_subject_array_1739748514.bin
278470,72407,FF29-002PS2,72407.2155,7,https://ftp.ncbi.nlm.nih.gov/genomes/all/GCF/034/421/615/GCF_034421615.1_ASM3442161v1,7,72407.2155.fna,GCF_034421615.1_ASM3442161v1_genomic.fna, 5793213, 5793213,72407.2155.fna_vs_GCF_034421615.1_ASM3442161v1_genomic.fna_blast.xml,0,0,0,0,0,0,0,0,5793213,0,0,0,0,0,0,72407_subject_array_1739748516.bin
278632,72407,KpvST15_NDM,72407.1370,7,https://ftp.ncbi.nlm.nih.gov/genomes/all/GCF/005/885/775/GCF_005885775.1_ASM588577v1,7,72407.1370.fna,GCF_005885775.1_ASM588577v1_genomic.fna, 5897213, 5897213,72407.1370.fna_vs_GCF_005885775.1_ASM588577v1_genomic.fna_blast.xml,0,0,0,0,0,0,0,0,5897213,0,0,0,0,0,0,72407_subject_array_1739748518.bin
278953,72407,WRC04_AI1235MC,72407.1638,7,https://ftp.ncbi.nlm.nih.gov/genomes/all/GCF/019/286/515/GCF_019286515.1_ASM1928651v1,7,72407.1638.fna,GCF_019286515.1_ASM1928651v1_genomic.fna, 5863691, 5863691,72407.1638.fna_vs_GCF_019286515.1_ASM1928651v1_genomic.fna_blast.xml,0,0,0,0,0,0,0,0,5863691,0,0,0,0,0,0,72407_subject_array_1739748520.bin
278955,72407,WRC05_CMC387PC,72407.1640,7,https://ftp.ncbi.nlm.nih.gov/genomes/all/GCF/019/286/635/GCF_019286635.1_ASM1928663v1,7,72407.1640.fna,GCF_019286635.1_ASM1928663v1_genomic.fna, 5925924, 5925924,72407.1640.fna_vs_GCF_019286635.1_ASM1928663v1_genomic.fna_blast.xml,0,0,0,0,0,0,0,0,5925924,0,0,0,0,0,0,72407_subject_array_1739748522.bin
278964,72407,WRC10_CMC309MC,72407.1648,7,https://ftp.ncbi.nlm.nih.gov/genomes/all/GCF/019/317/005/GCF_019317005.1_ASM1931700v1,7,72407.1648.fna,GCF_019317005.1_ASM1931700v1_genomic.fna, 5590819, 5590819,72407.1648.fna_vs_GCF_019317005.1_ASM1931700v1_genomic.fna_blast.xml,0,0,0,0,0,0,0,0,5590819,0,0,0,0,0,0,72407_subject_array_1739748524.bin
278966,72407,WRC11_S471PC,72407.1642,7,https://ftp.ncbi.nlm.nih.gov/genomes/all/GCF/019/287/035/GCF_019287035.1_ASM1928703v1,7,72407.1642.fna,GCF_019287035.1_ASM1928703v1_genomic.fna, 5884616, 5884616,72407.1642.fna_vs_GCF_019287035.1_ASM1928703v1_genomic.fna_blast.xml,0,0,0,0,0,0,0,0,5884616,0,0,0,0,0,0,72407_subject_array_1739748526.bin
278969,72407,WRC13_AI2040PC,72407.1647,7,https://ftp.ncbi.nlm.nih.gov/genomes/all/GCF/019/287/095/GCF_019287095.1_ASM1928709v1,7,72407.1647.fna,GCF_019287095.1_ASM1928709v1_genomic.fna, 5674415, 5674415,72407.1647.fna_vs_GCF_019287095.1_ASM1928709v1_genomic.fna_blast.xml,0,0,0,0,0,0,0,0,5674415,0,0,0,0,0,0,72407_subject_array_1739748529.bin
278971,72407,WRC14_AI2040MC,72407.1646,7,https://ftp.ncbi.nlm.nih.gov/genomes/all/GCF/019/287/195/GCF_019287195.1_ASM1928719v1,7,72407.1646.fna,GCF_019287195.1_ASM1928719v1_genomic.fna, 5676438, 5676438,72407.1646.fna_vs_GCF_019287195.1_ASM1928719v1_genomic.fna_blast.xml,0,0,0,0,0,0,0,0,5676438,0,0,0,0,0,0,72407_subject_array_1739748531.bin
278975,72407,WRC16_AI1547MC,72407.1649,7,https://ftp.ncbi.nlm.nih.gov/genomes/all/GCF/019/317/065/GCF_019317065.1_ASM1931706v1,7,72407.1649.fna,GCF_019317065.1_ASM1931706v1_genomic.fna, 5846744, 5846744,72407.1649.fna_vs_GCF_019317065.1_ASM1931706v1_genomic.fna_blast.xml,0,0,0,0,0,0,0,0,5846744,0,0,0,0,0,0,72407_subject_array_1739748533.bin
279364,727,65234 N Hi-1,727.990,7,https://ftp.ncbi.nlm.nih.gov/genomes/all/GCF/001/949/825/GCF_001949825.1_ASM194982v1,7,727.990.fna,GCF_001949825.1_ASM194982v1_genomic.fna, 1883209, 1883209,727.990.fna_vs_GCF_001949825.1_ASM194982v1_genomic.fna_blast.xml,0,0,0,0,0,0,0,105,1883104,0,0,0,0,0,0,727_subject_array_1739748534.bin
279366,727,65290_NP_Hi3,727.2172,7,https://ftp.ncbi.nlm.nih.gov/genomes/all/GCF/004/802/225/GCF_004802225.1_ASM480222v1,7,727.2172.fna,GCF_004802225.1_ASM480222v1_genomic.fna, 1815436, 1815436,727.2172.fna_vs_GCF_004802225.1_ASM480222v1_genomic.fna_blast.xml,0,0,0,0,0,0,0,0,1815436,0,0,0,0,0,0,727_subject_array_1739748534.bin
280302,741063,Sakura1,741063.3,7,https://ftp.ncbi.nlm.nih.gov/genomes/all/GCF/025/685/575/GCF_025685575.1_ASM2568557v1,7,741063.3.fna,GCF_025685575.1_ASM2568557v1_genomic.fna, 4081283, 4081283,741063.3.fna_vs_GCF_025685575.1_ASM2568557v1_genomic.fna_blast.xml,0,0,0,0,0,0,0,0,4081283,0,0,0,0,0,0,741063_subject_array_1739748536.bin
280355,74315,B-10,74315.3,7,https://ftp.ncbi.nlm.nih.gov/genomes/all/GCF/004/614/235/GCF_004614235.1_ASM461423v1,7,74315.3.fna,GCF_004614235.1_ASM461423v1_genomic.fna, 3343585, 3343585,74315.3.fna_vs_GCF_004614235.1_ASM461423v1_genomic.fna_blast.xml,0,0,0,0,0,0,0,0,3343585,0,0,0,0,0,0,74315_subject_array_1739748537.bin
280370,74325,EaN21-13,74325.6,7,https://ftp.ncbi.nlm.nih.gov/genomes/all/GCF/020/524/625/GCF_020524625.1_ASM2052462v1,7,74325.6.fna,GCF_020524625.1_ASM2052462v1_genomic.fna, 2713331, 2713331,74325.6.fna_vs_GCF_020524625.1_ASM2052462v1_genomic.fna_blast.xml,0,0,0,0,0,0,0,0,2713331,0,0,0,0,0,0,74325_subject_array_1739748538.bin
280378,74329,DSM 14878,74329.10,7,https://ftp.ncbi.nlm.nih.gov/genomes/all/GCF/014/196/125/GCF_014196125.1_ASM1419612v1,7,74329.10.fna,GCF_014196125.1_ASM1419612v1_genomic.fna, 3409076, 3409076,74329.10.fna_vs_GCF_014196125.1_ASM1419612v1_genomic.fna_blast.xml,0,0,0,0,0,0,0,94,3408982,0,0,0,0,0,0,74329_subject_array_1739748539.bin
280627,745776,I-0,745776.4,7,https://ftp.ncbi.nlm.nih.gov/genomes/all/GCF/000/252/445/GCF_000252445.1_ASM25244v1,7,745776.4.fna,GCF_000252445.1_ASM25244v1_genomic.fna, 4406036, 4406036,745776.4.fna_vs_GCF_000252445.1_ASM25244v1_genomic.fna_blast.xml,0,0,0,0,0,0,0,0,4406036,0,0,0,0,0,0,745776_subject_array_1739748541.bin
280815,747,FDAARGOS_217,747.457,7,https://ftp.ncbi.nlm.nih.gov/genomes/all/GCF/002/083/265/GCF_002083265.2_ASM208326v2,7,747.457.fna,GCF_002083265.2_ASM208326v2_genomic.fna, 2438426, 2438455,747.457.fna_vs_GCF_002083265.2_ASM208326v2_genomic.fna_blast.xml,0,0,0,0,0,0,2,0,2438424,0,29,0,0,0,0,747_subject_array_1739748542.bin
281168,748650,ALE5,748650.3,7,https://ftp.ncbi.nlm.nih.gov/genomes/all/GCF/900/112/445/GCF_900112445.1_IMG-taxon_2593339253_annotated_assembly,7,748650.3.fna,GCF_900112445.1_IMG-taxon_2593339253_annotated_assembly_genomic.fna, 2060511, 2060511,748650.3.fna_vs_GCF_900112445.1_IMG-taxon_2593339253_annotated_assembly_genomic.fna_blast.xml,0,0,0,0,0,0,0,2117,2058391,0,1,2,0,0,0,748650_subject_array_1739748542.bin
281437,754515,ES3157-GEN-MYC,754515.5,7,https://ftp.ncbi.nlm.nih.gov/genomes/all/GCF/018/914/085/GCF_018914085.1_ASM1891408v1,7,754515.5.fna,GCF_018914085.1_ASM1891408v1_genomic.fna,  768176,  768176,754515.5.fna_vs_GCF_018914085.1_ASM1891408v1_genomic.fna_blast.xml,0,0,0,0,0,0,0,0,768176,0,0,0,0,0,0,754515_subject_array_1739748543.bin
281462,75612,B2/38-Q-III,75612.19,7,https://ftp.ncbi.nlm.nih.gov/genomes/all/GCF/009/697/185/GCF_009697185.1_ASM969718v1,7,75612.19.fna,GCF_009697185.1_ASM969718v1_genomic.fna, 6799177, 6799177,75612.19.fna_vs_GCF_009697185.1_ASM969718v1_genomic.fna_blast.xml,0,0,0,0,0,0,0,3965,6795156,0,0,4,52,0,0,75612_subject_array_1739748547.bin
281642,757414,ES4326,757414.14,7,https://ftp.ncbi.nlm.nih.gov/genomes/all/GCF/020/309/905/GCF_020309905.1_ASM2030990v1,7,757414.14.fna,GCF_020309905.1_ASM2030990v1_genomic.fna, 6606571, 6606571,757414.14.fna_vs_GCF_020309905.1_ASM2030990v1_genomic.fna_blast.xml,0,0,0,0,0,0,0,100,6606471,0,0,0,0,0,0,757414_subject_array_1739748551.bin
281696,759811,LY18,759811.64,7,https://ftp.ncbi.nlm.nih.gov/genomes/all/GCF/030/348/485/GCF_030348485.1_ASM3034848v1,7,759811.64.fna,GCF_030348485.1_ASM3034848v1_genomic.fna, 5249485, 5249485,759811.64.fna_vs_GCF_030348485.1_ASM3034848v1_genomic.fna_blast.xml,0,0,0,0,0,0,0,0,5249485,0,0,0,0,0,0,759811_subject_array_1739748553.bin
281853,75985,39168_S_11,75985.967,7,https://ftp.ncbi.nlm.nih.gov/genomes/all/GCF/039/617/295/GCF_039617295.1_ASM3961729v1,7,75985.967.fna,GCF_039617295.1_ASM3961729v1_genomic.fna, 2636348, 2636348,75985.967.fna_vs_GCF_039617295.1_ASM3961729v1_genomic.fna_blast.xml,0,0,0,0,0,0,0,0,2636348,0,0,0,0,0,0,75985_subject_array_1739748554.bin
281932,75985,MH072,75985.943,7,https://ftp.ncbi.nlm.nih.gov/genomes/all/GCF/039/616/835/GCF_039616835.1_ASM3961683v1,7,75985.943.fna,GCF_039616835.1_ASM3961683v1_genomic.fna, 2739383, 2739383,75985.943.fna_vs_GCF_039616835.1_ASM3961683v1_genomic.fna_blast.xml,0,0,0,0,0,0,0,0,2739383,0,0,0,0,0,0,75985_subject_array_1739748556.bin
282030,760802,GA19998,760802.3,7,https://ftp.ncbi.nlm.nih.gov/genomes/all/GCF/000/279/835/GCF_000279835.1_ASM27983v1,7,760802.3.fna,GCF_000279835.1_ASM27983v1_genomic.fna, 2137965, 2137965,760802.3.fna_vs_GCF_000279835.1_ASM27983v1_genomic.fna_blast.xml,0,0,0,0,0,0,0,0,2137965,0,0,0,0,0,0,760802_subject_array_1739748557.bin
282037,760830,GA47210,760830.3,7,https://ftp.ncbi.nlm.nih.gov/genomes/all/GCF/000/251/805/GCF_000251805.1_ASM25180v2,7,760830.3.fna,GCF_000251805.1_ASM25180v2_genomic.fna, 2122377, 2122377,760830.3.fna_vs_GCF_000251805.1_ASM25180v2_genomic.fna_blast.xml,0,0,0,0,0,0,0,0,2122377,0,0,0,0,0,0,760830_subject_array_1739748558.bin
282039,760837,GA47388,760837.3,7,https://ftp.ncbi.nlm.nih.gov/genomes/all/GCF/000/232/985/GCF_000232985.1_ASM23298v2,7,760837.3.fna,GCF_000232985.1_ASM23298v2_genomic.fna, 2140615, 2140615,760837.3.fna_vs_GCF_000232985.1_ASM23298v2_genomic.fna_blast.xml,0,0,0,0,0,0,0,0,2140615,0,0,0,0,0,0,760837_subject_array_1739748559.bin
282040,760838,GA47461,760838.3,7,https://ftp.ncbi.nlm.nih.gov/genomes/all/GCF/000/251/825/GCF_000251825.1_ASM25182v2,7,760838.3.fna,GCF_000251825.1_ASM25182v2_genomic.fna, 2047242, 2047242,760838.3.fna_vs_GCF_000251825.1_ASM25182v2_genomic.fna_blast.xml,0,0,0,0,0,0,0,0,2047235,0,1,2,4,0,0,760838_subject_array_1739748560.bin
283290,813,R28017IMS,813.57,7,https://ftp.ncbi.nlm.nih.gov/genomes/all/GCF/001/317/785/GCF_001317785.1_7396_3_13,7,813.57.fna,GCF_001317785.1_7396_3_13_genomic.fna, 1074420, 1074420,813.57.fna_vs_GCF_001317785.1_7396_3_13_genomic.fna_blast.xml,0,0,0,0,0,0,0,108,1074311,0,0,0,1,0,0,813_subject_array_1739748561.bin
283340,81460,ATCC 49193,81460.8,7,https://ftp.ncbi.nlm.nih.gov/genomes/all/GCF/023/566/395/GCF_023566395.1_ASM2356639v1,7,81460.8.fna,GCF_023566395.1_ASM2356639v1_genomic.fna,  825483,  825483,81460.8.fna_vs_GCF_023566395.1_ASM2356639v1_genomic.fna_blast.xml,0,0,0,0,0,0,0,0,825483,0,0,0,0,0,0,81460_subject_array_1739748561.bin
283592,817,FDAARGOS_1515,817.2023,7,https://ftp.ncbi.nlm.nih.gov/genomes/all/GCF/020/297/585/GCF_020297585.1_ASM2029758v1,7,817.2023.fna,GCF_020297585.1_ASM2029758v1_genomic.fna, 5351678, 5351678,817.2023.fna_vs_GCF_020297585.1_ASM2029758v1_genomic.fna_blast.xml,0,0,0,0,0,0,0,0,5351678,0,0,0,0,0,0,817_subject_array_1739748563.bin
283870,818,BFG-142,818.2178,7,https://ftp.ncbi.nlm.nih.gov/genomes/all/GCF/024/793/205/GCF_024793205.1_ASM2479320v1,7,818.2178.fna,GCF_024793205.1_ASM2479320v1_genomic.fna, 6522593, 6522593,818.2178.fna_vs_GCF_024793205.1_ASM2479320v1_genomic.fna_blast.xml,0,0,0,0,0,0,0,0,6522593,0,0,0,0,0,0,818_subject_array_1739748565.bin
283872,818,BFG-145,818.2136,7,https://ftp.ncbi.nlm.nih.gov/genomes/all/GCF/024/788/325/GCF_024788325.1_ASM2478832v1,7,818.2136.fna,GCF_024788325.1_ASM2478832v1_genomic.fna, 6350856, 6350856,818.2136.fna_vs_GCF_024788325.1_ASM2478832v1_genomic.fna_blast.xml,0,0,0,0,0,0,0,0,6350856,0,0,0,0,0,0,818_subject_array_1739748568.bin
283890,818,BFG-380,818.2162,7,https://ftp.ncbi.nlm.nih.gov/genomes/all/GCF/024/791/245/GCF_024791245.1_ASM2479124v1,7,818.2162.fna,GCF_024791245.1_ASM2479124v1_genomic.fna, 6374130, 6374130,818.2162.fna_vs_GCF_024791245.1_ASM2479124v1_genomic.fna_blast.xml,0,0,0,0,0,0,0,0,6374130,0,0,0,0,0,0,818_subject_array_1739748570.bin
283897,818,BFG-568,818.2167,7,https://ftp.ncbi.nlm.nih.gov/genomes/all/GCF/024/791/965/GCF_024791965.1_ASM2479196v1,7,818.2167.fna,GCF_024791965.1_ASM2479196v1_genomic.fna, 6758180, 6758180,818.2167.fna_vs_GCF_024791965.1_ASM2479196v1_genomic.fna_blast.xml,0,0,0,0,0,0,0,0,6758180,0,0,0,0,0,0,818_subject_array_1739748572.bin
283898,818,BFG-600,818.2128,7,https://ftp.ncbi.nlm.nih.gov/genomes/all/GCF/024/787/035/GCF_024787035.1_ASM2478703v1,7,818.2128.fna,GCF_024787035.1_ASM2478703v1_genomic.fna, 6855061, 6855061,818.2128.fna_vs_GCF_024787035.1_ASM2478703v1_genomic.fna_blast.xml,0,0,0,0,0,0,0,0,6855061,0,0,0,0,0,0,818_subject_array_1739748575.bin
284291,820,BFG-376,820.5962,7,https://ftp.ncbi.nlm.nih.gov/genomes/all/GCF/024/793/625/GCF_024793625.1_ASM2479362v1,7,820.5962.fna,GCF_024793625.1_ASM2479362v1_genomic.fna, 5312158, 5312158,820.5962.fna_vs_GCF_024793625.1_ASM2479362v1_genomic.fna_blast.xml,0,0,0,0,0,0,0,0,5312158,0,0,0,0,0,0,820_subject_array_1739748577.bin
284664,821,BFG-208,821.4999,7,https://ftp.ncbi.nlm.nih.gov/genomes/all/GCF/024/789/245/GCF_024789245.1_ASM2478924v1,7,821.4999.fna,GCF_024789245.1_ASM2478924v1_genomic.fna, 5425933, 5425933,821.4999.fna_vs_GCF_024789245.1_ASM2478924v1_genomic.fna_blast.xml,0,0,0,0,0,0,0,0,5425933,0,0,0,0,0,0,821_subject_array_1739748579.bin
284670,821,BFG-294,821.5001,7,https://ftp.ncbi.nlm.nih.gov/genomes/all/GCF/024/790/235/GCF_024790235.1_ASM2479023v1,7,821.5001.fna,GCF_024790235.1_ASM2479023v1_genomic.fna, 5560321, 5560321,821.5001.fna_vs_GCF_024790235.1_ASM2479023v1_genomic.fna_blast.xml,0,0,0,0,0,0,0,0,5560321,0,0,0,0,0,0,821_subject_array_1739748581.bin
285165,823,FDAARGOS_344,823.85,7,https://ftp.ncbi.nlm.nih.gov/genomes/all/GCF/002/206/325/GCF_002206325.1_ASM220632v2,7,823.85.fna,GCF_002206325.1_ASM220632v2_genomic.fna, 4963349, 4963958,823.85.fna_vs_GCF_002206325.1_ASM220632v2_genomic.fna_blast.xml,0,0,0,0,0,0,0,0,4963349,0,609,0,0,0,0,823_subject_array_1739748583.bin
285773,83554,Adel_Rosella,83554.125,7,https://ftp.ncbi.nlm.nih.gov/genomes/all/GCF/029/813/335/GCF_029813335.1_ASM2981333v1,7,83554.125.fna,GCF_029813335.1_ASM2981333v1_genomic.fna, 1171522, 1171522,83554.125.fna_vs_GCF_029813335.1_ASM2981333v1_genomic.fna_blast.xml,0,0,0,0,0,0,0,0,1171522,0,0,0,0,0,0,83554_subject_array_1739748583.bin
285787,83554,Foal1_C,83554.115,7,https://ftp.ncbi.nlm.nih.gov/genomes/all/GCF/023/606/565/GCF_023606565.1_ASM2360656v1,7,83554.115.fna,GCF_023606565.1_ASM2360656v1_genomic.fna, 1177110, 1177110,83554.115.fna_vs_GCF_023606565.1_ASM2360656v1_genomic.fna_blast.xml,0,0,0,0,0,0,0,0,1177110,0,0,0,0,0,0,83554_subject_array_1739748584.bin
285789,83554,Foal3_C,83554.113,7,https://ftp.ncbi.nlm.nih.gov/genomes/all/GCF/023/606/515/GCF_023606515.1_ASM2360651v1,7,83554.113.fna,GCF_023606515.1_ASM2360651v1_genomic.fna, 1174566, 1174566,83554.113.fna_vs_GCF_023606515.1_ASM2360651v1_genomic.fna_blast.xml,0,0,0,0,0,0,0,0,1174566,0,0,0,0,0,0,83554_subject_array_1739748584.bin
285811,83554,Rosella_2,83554.109,7,https://ftp.ncbi.nlm.nih.gov/genomes/all/GCF/023/606/445/GCF_023606445.1_ASM2360644v1,7,83554.109.fna,GCF_023606445.1_ASM2360644v1_genomic.fna, 1180529, 1180529,83554.109.fna_vs_GCF_023606445.1_ASM2360644v1_genomic.fna_blast.xml,0,0,0,0,0,0,0,0,1180529,0,0,0,0,0,0,83554_subject_array_1739748584.bin
285837,83555,99DC1,83555.18,7,https://ftp.ncbi.nlm.nih.gov/genomes/all/GCF/900/118/635/GCF_900118635.1_7067_6_52,7,83555.18.fna,GCF_900118635.1_7067_6_52_genomic.fna, 1166571, 1166571,83555.18.fna_vs_GCF_900118635.1_7067_6_52_genomic.fna_blast.xml,0,0,0,0,0,0,0,0,1166571,0,0,0,0,0,0,83555_subject_array_1739748585.bin
285841,83555,A58,83555.21,7,https://ftp.ncbi.nlm.nih.gov/genomes/all/GCF/900/118/685/GCF_900118685.1_4880_6_8,7,83555.21.fna,GCF_900118685.1_4880_6_8_genomic.fna, 1140722, 1140722,83555.21.fna_vs_GCF_900118685.1_4880_6_8_genomic.fna_blast.xml,0,0,0,0,0,0,0,0,1140717,0,1,4,0,0,0,83555_subject_array_1739748585.bin
285924,83655,E1,83655.115,7,https://ftp.ncbi.nlm.nih.gov/genomes/all/GCF/008/931/445/GCF_008931445.1_ASM893144v1,7,83655.115.fna,GCF_008931445.1_ASM893144v1_genomic.fna, 5513142, 5513142,83655.115.fna_vs_GCF_008931445.1_ASM893144v1_genomic.fna_blast.xml,0,0,0,0,0,0,0,0,5513142,0,0,0,0,0,0,83655_subject_array_1739748587.bin
285967,83655,PP-E1019.2,83655.413,7,https://ftp.ncbi.nlm.nih.gov/genomes/all/GCF/033/033/015/GCF_033033015.1_ASM3303301v1,7,83655.413.fna,GCF_033033015.1_ASM3303301v1_genomic.fna, 5050215, 5050215,83655.413.fna_vs_GCF_033033015.1_ASM3303301v1_genomic.fna_blast.xml,0,0,0,0,0,0,0,0,5050215,0,0,0,0,0,0,83655_subject_array_1739748589.bin
285970,83655,PP-E991,83655.410,7,https://ftp.ncbi.nlm.nih.gov/genomes/all/GCF/033/031/225/GCF_033031225.1_ASM3303122v1,7,83655.410.fna,GCF_033031225.1_ASM3303122v1_genomic.fna, 4996490, 4996490,83655.410.fna_vs_GCF_033031225.1_ASM3303122v1_genomic.fna_blast.xml,0,0,0,0,0,0,0,0,4996490,0,0,0,0,0,0,83655_subject_array_1739748591.bin
285975,83655,SH19PE29,83655.155,7,https://ftp.ncbi.nlm.nih.gov/genomes/all/GCF/020/990/425/GCF_020990425.1_ASM2099042v1,7,83655.155.fna,GCF_020990425.1_ASM2099042v1_genomic.fna, 5154037, 5154037,83655.155.fna_vs_GCF_020990425.1_ASM2099042v1_genomic.fna_blast.xml,0,0,0,0,0,0,0,0,5154037,0,0,0,0,0,0,83655_subject_array_1739748593.bin
286942,85581,KC-Na-NB1,85581.74,7,https://ftp.ncbi.nlm.nih.gov/genomes/all/GCF/004/135/105/GCF_004135105.1_ASM413510v1,7,85581.74.fna,GCF_004135105.1_ASM413510v1_genomic.fna, 4522546, 4522546,85581.74.fna_vs_GCF_004135105.1_ASM413510v1_genomic.fna_blast.xml,0,0,0,0,0,0,0,0,4522546,0,0,0,0,0,0,85581_subject_array_1739748595.bin
287261,859,SB023,859.331,7,https://ftp.ncbi.nlm.nih.gov/genomes/all/GCF/037/577/975/GCF_037577975.1_ASM3757797v1,7,859.331.fna,GCF_037577975.1_ASM3757797v1_genomic.fna, 2188711, 2188711,859.331.fna_vs_GCF_037577975.1_ASM3757797v1_genomic.fna_blast.xml,0,0,0,0,0,0,0,0,2188711,0,0,0,0,0,0,859_subject_array_1739748596.bin
287287,85991,AS-18-2650 M6,85991.28,7,https://ftp.ncbi.nlm.nih.gov/genomes/all/GCF/021/083/785/GCF_021083785.1_ASM2108378v1,7,85991.28.fna,GCF_021083785.1_ASM2108378v1_genomic.fna, 1112949, 1112949,85991.28.fna_vs_GCF_021083785.1_ASM2108378v1_genomic.fna_blast.xml,0,0,0,0,0,0,1,0,1112947,0,1,0,0,0,0,85991_subject_array_1739748596.bin
287366,861533,Nfb7,861533.13,7,https://ftp.ncbi.nlm.nih.gov/genomes/all/GCF/019/780/885/GCF_019780885.1_ASM1978088v1,7,861533.13.fna,GCF_019780885.1_ASM1978088v1_genomic.fna, 6958594, 6958594,861533.13.fna_vs_GCF_019780885.1_ASM1978088v1_genomic.fna_blast.xml,0,0,0,0,0,0,0,0,6958594,0,0,0,0,0,0,861533_subject_array_1739748599.bin
287532,863921,YN3,863921.7,7,https://ftp.ncbi.nlm.nih.gov/genomes/all/GCF/001/187/555/GCF_001187555.1_ASM118755v1,7,863921.7.fna,GCF_001187555.1_ASM118755v1_genomic.fna, 3746057, 3746057,863921.7.fna_vs_GCF_001187555.1_ASM118755v1_genomic.fna_blast.xml,0,0,0,0,0,0,0,8313,3737743,0,0,0,1,0,0,863921_subject_array_1739748600.bin
287638,86668,V4I12,86668.25,7,https://ftp.ncbi.nlm.nih.gov/genomes/all/GCF/030/817/695/GCF_030817695.1_ASM3081769v1,7,86668.25.fna,GCF_030817695.1_ASM3081769v1_genomic.fna, 5939424, 5939424,86668.25.fna_vs_GCF_030817695.1_ASM3081769v1_genomic.fna_blast.xml,0,0,0,0,0,0,0,0,5939424,0,0,0,0,0,0,86668_subject_array_1739748603.bin
287665,867076,IHB B 3084,867076.3,7,https://ftp.ncbi.nlm.nih.gov/genomes/all/GCF/001/447/315/GCF_001447315.1_ASM144731v1,7,867076.3.fna,GCF_001447315.1_ASM144731v1_genomic.fna, 5884793, 5884793,867076.3.fna_vs_GCF_001447315.1_ASM144731v1_genomic.fna_blast.xml,0,0,0,0,0,0,0,0,5884793,0,0,0,0,0,0,867076_subject_array_1739748605.bin
287812,871203,A33_M4_a,871203.12,7,https://ftp.ncbi.nlm.nih.gov/genomes/all/GCF/022/879/815/GCF_022879815.1_ASM2287981v1,7,871203.12.fna,GCF_022879815.1_ASM2287981v1_genomic.fna, 7412165, 7412165,871203.12.fna_vs_GCF_022879815.1_ASM2287981v1_genomic.fna_blast.xml,0,0,0,0,0,0,0,0,7412164,0,0,1,0,0,0,871203_subject_array_1739748608.bin
287949,877500,IR-1,877500.3,7,https://ftp.ncbi.nlm.nih.gov/genomes/all/GCF/000/935/065/GCF_000935065.1_ASM93506v1,7,877500.3.fna,GCF_000935065.1_ASM93506v1_genomic.fna, 3247305, 3247305,877500.3.fna_vs_GCF_000935065.1_ASM93506v1_genomic.fna_blast.xml,0,0,0,0,0,0,0,0,3247305,0,0,0,0,0,0,877500_subject_array_1739748610.bin
287958,87883,1183,87883.757,7,https://ftp.ncbi.nlm.nih.gov/genomes/all/GCF/024/125/005/GCF_024125005.1_ASM2412500v1,7,87883.757.fna,GCF_024125005.1_ASM2412500v1_genomic.fna, 6392618, 6392618,87883.757.fna_vs_GCF_024125005.1_ASM2412500v1_genomic.fna_blast.xml,0,0,0,0,0,0,0,0,6392618,0,0,0,0,0,0,87883_subject_array_1739748612.bin
287971,87883,2003Ycf728,87883.733,7,https://ftp.ncbi.nlm.nih.gov/genomes/all/GCF/023/383/515/GCF_023383515.1_ASM2338351v1,7,87883.733.fna,GCF_023383515.1_ASM2338351v1_genomic.fna, 6559740, 6559740,87883.733.fna_vs_GCF_023383515.1_ASM2338351v1_genomic.fna_blast.xml,0,0,0,0,0,0,0,0,6559740,0,0,0,0,0,0,87883_subject_array_1739748614.bin
287987,87883,2011YCF898V,87883.744,7,https://ftp.ncbi.nlm.nih.gov/genomes/all/GCF/023/896/155/GCF_023896155.1_ASM2389615v1,7,87883.744.fna,GCF_023896155.1_ASM2389615v1_genomic.fna, 6611552, 6611552,87883.744.fna_vs_GCF_023896155.1_ASM2389615v1_genomic.fna_blast.xml,0,0,0,1,0,0,1,0,6611464,0,0,9,76,0,1,87883_subject_array_1739748617.bin
288305,87883,C1576,87883.284,7,https://ftp.ncbi.nlm.nih.gov/genomes/all/GCF/011/043/675/GCF_011043675.1_ASM1104367v1,7,87883.284.fna,GCF_011043675.1_ASM1104367v1_genomic.fna, 6677384, 6677384,87883.284.fna_vs_GCF_011043675.1_ASM1104367v1_genomic.fna_blast.xml,0,0,0,0,0,0,0,0,6677384,0,0,0,0,0,0,87883_subject_array_1739748619.bin
288339,87883,P2Bm2018,87883.373,7,https://ftp.ncbi.nlm.nih.gov/genomes/all/GCF/017/165/925/GCF_017165925.1_ASM1716592v1,7,87883.373.fna,GCF_017165925.1_ASM1716592v1_genomic.fna, 6618721, 6618721,87883.373.fna_vs_GCF_017165925.1_ASM1716592v1_genomic.fna_blast.xml,0,0,0,0,0,0,0,0,6618721,0,0,0,0,0,0,87883_subject_array_1739748622.bin
288426,87883,VC8086,87883.954,7,https://ftp.ncbi.nlm.nih.gov/genomes/all/GCF/031/574/685/GCF_031574685.1_ASM3157468v1,7,87883.954.fna,GCF_031574685.1_ASM3157468v1_genomic.fna, 7115981, 7115981,87883.954.fna_vs_GCF_031574685.1_ASM3157468v1_genomic.fna_blast.xml,0,0,0,0,0,0,0,0,7115981,0,0,0,0,0,0,87883_subject_array_1739748624.bin
288464,880057,MLST1,880057.3,7,https://ftp.ncbi.nlm.nih.gov/genomes/all/GCF/003/987/145/GCF_003987145.1_ASM398714v1,7,880057.3.fna,GCF_003987145.1_ASM398714v1_genomic.fna, 2957590, 2957590,880057.3.fna_vs_GCF_003987145.1_ASM398714v1_genomic.fna_blast.xml,0,0,0,0,0,0,0,0,2957590,0,0,0,0,0,0,880057_subject_array_1739748626.bin
288858,884684,KA00405,884684.3,7,https://ftp.ncbi.nlm.nih.gov/genomes/all/GCF/002/892/425/GCF_002892425.1_ASM289242v1,7,884684.3.fna,GCF_002892425.1_ASM289242v1_genomic.fna, 1778175, 1778175,884684.3.fna_vs_GCF_002892425.1_ASM289242v1_genomic.fna_blast.xml,0,0,0,0,0,0,0,0,1778175,0,0,0,0,0,0,884684_subject_array_1739748626.bin
289645,90370,314-2017_CI,90370.5796,7,https://ftp.ncbi.nlm.nih.gov/genomes/all/GCF/030/272/775/GCF_030272775.1_ASM3027277v1,7,90370.5796.fna,GCF_030272775.1_ASM3027277v1_genomic.fna, 4642213, 4642213,90370.5796.fna_vs_GCF_030272775.1_ASM3027277v1_genomic.fna_blast.xml,0,0,0,0,0,0,0,0,4642213,0,0,0,0,0,0,90370_subject_array_1739748628.bin
290317,90371,ABBSB1189-1,90371.692,7,https://ftp.ncbi.nlm.nih.gov/genomes/all/GCF/000/973/985/GCF_000973985.1_Senterica.svTyphimurium.strABBSB1189-1.id14_v1.0,7,90371.692.fna,GCF_000973985.1_Senterica.svTyphimurium.strABBSB1189-1.id14_v1.0_genomic.fna, 5018462, 5018462,90371.692.fna_vs_GCF_000973985.1_Senterica.svTyphimurium.strABBSB1189-1.id14_v1.0_genomic.fna_blast.xml,0,0,0,0,0,0,0,70373,4948037,0,0,2,50,0,0,90371_subject_array_1739748630.bin
290837,90371,R17.1451,90371.4788,7,https://ftp.ncbi.nlm.nih.gov/genomes/all/GCF/015/074/905/GCF_015074905.1_ASM1507490v1,7,90371.4788.fna,GCF_015074905.1_ASM1507490v1_genomic.fna, 5096319, 5096319,90371.4788.fna_vs_GCF_015074905.1_ASM1507490v1_genomic.fna_blast.xml,0,0,0,0,0,0,0,0,5096318,0,0,1,0,0,0,90371_subject_array_1739748632.bin
291596,911598,BS 01,911598.3,7,https://ftp.ncbi.nlm.nih.gov/genomes/all/GCF/000/240/765/GCF_000240765.1_BifAniBS01_1.0,7,911598.3.fna,GCF_000240765.1_BifAniBS01_1.0_genomic.fna, 1932387, 1932595,911598.3.fna_vs_GCF_000240765.1_BifAniBS01_1.0_genomic.fna_blast.xml,0,0,0,0,0,0,0,148,1932387,0,60,0,0,0,0,911598_subject_array_1739748632.bin
291677,913107,DSM 23923,913107.6,7,https://ftp.ncbi.nlm.nih.gov/genomes/all/GCF/003/385/075/GCF_003385075.1_ASM338507v1,7,913107.6.fna,GCF_003385075.1_ASM338507v1_genomic.fna, 3519570, 3519570,913107.6.fna_vs_GCF_003385075.1_ASM338507v1_genomic.fna_blast.xml,0,0,0,0,0,0,2,557,3519011,0,0,0,0,0,0,913107_subject_array_1739748633.bin
292092,930,DSMZ 14887,930.128,7,https://ftp.ncbi.nlm.nih.gov/genomes/all/GCF/033/842/445/GCF_033842445.1_ASM3384244v1,7,930.128.fna,GCF_033842445.1_ASM3384244v1_genomic.fna, 3804108, 3804108,930.128.fna_vs_GCF_033842445.1_ASM3384244v1_genomic.fna_blast.xml,0,0,0,0,0,0,0,0,3804108,0,0,0,0,0,0,930_subject_array_1739748635.bin
292150,930406,Res13-Lact-PEA12-26,930406.8,7,https://ftp.ncbi.nlm.nih.gov/genomes/all/GCF/015/571/855/GCF_015571855.1_ASM1557185v1,7,930406.8.fna,GCF_015571855.1_ASM1557185v1_genomic.fna, 5213098, 5213098,930406.8.fna_vs_GCF_015571855.1_ASM1557185v1_genomic.fna_blast.xml,0,0,0,0,0,0,0,0,5213098,0,0,0,0,0,0,930406_subject_array_1739748637.bin
292315,933063,DSM 5002,933063.3,7,https://ftp.ncbi.nlm.nih.gov/genomes/all/GCF/003/550/175/GCF_003550175.1_ASM355017v1,7,933063.3.fna,GCF_003550175.1_ASM355017v1_genomic.fna, 2988045, 2988045,933063.3.fna_vs_GCF_003550175.1_ASM355017v1_genomic.fna_blast.xml,0,0,0,0,0,0,0,0,2988045,0,0,0,0,0,0,933063_subject_array_1739748638.bin
292356,935549,SRDI565,935549.4,7,https://ftp.ncbi.nlm.nih.gov/genomes/all/GCF/000/371/905/GCF_000371905.1_ASM37190v1,7,935549.4.fna,GCF_000371905.1_ASM37190v1_genomic.fna, 6905599, 6905599,935549.4.fna_vs_GCF_000371905.1_ASM37190v1_genomic.fna_blast.xml,0,0,0,0,0,0,0,0,6905599,0,0,0,0,0,0,935549_subject_array_1739748641.bin
292419,936136,248,936136.4,7,https://ftp.ncbi.nlm.nih.gov/genomes/all/GCF/000/385/155/GCF_000385155.1_ASM38515v1,7,936136.4.fna,GCF_000385155.1_ASM38515v1_genomic.fna, 7288508, 7288508,936136.4.fna_vs_GCF_000385155.1_ASM38515v1_genomic.fna_blast.xml,0,0,0,0,0,0,0,0,7288508,0,0,0,0,0,0,936136_subject_array_1739748644.bin
292533,941280,B1033-PB_2012,941280.13,7,https://ftp.ncbi.nlm.nih.gov/genomes/all/GCF/005/670/885/GCF_005670885.1_ASM567088v1,7,941280.13.fna,GCF_005670885.1_ASM567088v1_genomic.fna, 5512064, 5512064,941280.13.fna_vs_GCF_005670885.1_ASM567088v1_genomic.fna_blast.xml,0,0,0,0,0,0,0,0,5512062,0,0,2,0,0,0,941280_subject_array_1739748646.bin
292541,941280,B1250-PB_2011,941280.34,7,https://ftp.ncbi.nlm.nih.gov/genomes/all/GCF/005/673/445/GCF_005673445.1_ASM567344v1,7,941280.34.fna,GCF_005673445.1_ASM567344v1_genomic.fna, 5403992, 5403992,941280.34.fna_vs_GCF_005673445.1_ASM567344v1_genomic.fna_blast.xml,0,0,0,0,0,0,0,0,5403992,0,0,0,0,0,0,941280_subject_array_1739748648.bin
292545,941280,B1351-PB_2012,941280.9,7,https://ftp.ncbi.nlm.nih.gov/genomes/all/GCF/005/670/815/GCF_005670815.1_ASM567081v1,7,941280.9.fna,GCF_005670815.1_ASM567081v1_genomic.fna, 5342262, 5342262,941280.9.fna_vs_GCF_005670815.1_ASM567081v1_genomic.fna_blast.xml,0,0,0,0,0,0,0,0,5342262,0,0,0,0,0,0,941280_subject_array_1739748650.bin
292554,941280,C0064-PB_2013,941280.16,7,https://ftp.ncbi.nlm.nih.gov/genomes/all/GCF/005/670/955/GCF_005670955.1_ASM567095v1,7,941280.16.fna,GCF_005670955.1_ASM567095v1_genomic.fna, 5342186, 5342186,941280.16.fna_vs_GCF_005670955.1_ASM567095v1_genomic.fna_blast.xml,0,0,0,0,0,0,0,0,5342185,0,1,0,0,0,0,941280_subject_array_1739748652.bin
292559,941280,C0134-PB_2013,941280.14,7,https://ftp.ncbi.nlm.nih.gov/genomes/all/GCF/005/670/915/GCF_005670915.1_ASM567091v1,7,941280.14.fna,GCF_005670915.1_ASM567091v1_genomic.fna, 5617998, 5617998,941280.14.fna_vs_GCF_005670915.1_ASM567091v1_genomic.fna_blast.xml,0,0,0,0,0,0,0,0,5617994,0,1,0,3,0,0,941280_subject_array_1739748654.bin
292710,944560,F0384,944560.4,7,https://ftp.ncbi.nlm.nih.gov/genomes/all/GCF/000/223/355/GCF_000223355.1_ASM22335v1,7,944560.4.fna,GCF_000223355.1_ASM22335v1_genomic.fna, 3133330, 3133330,944560.4.fna_vs_GCF_000223355.1_ASM22335v1_genomic.fna_blast.xml,0,0,0,0,0,0,0,0,3133330,0,0,0,0,0,0,944560_subject_array_1739748655.bin
293400,95486,VC9789,95486.104,7,https://ftp.ncbi.nlm.nih.gov/genomes/all/GCF/001/984/315/GCF_001984315.1_ASM198431v1,7,95486.104.fna,GCF_001984315.1_ASM198431v1_genomic.fna, 7803519, 7803519,95486.104.fna_vs_GCF_001984315.1_ASM198431v1_genomic.fna_blast.xml,0,0,0,0,0,0,0,0,7803519,0,0,0,0,0,0,95486_subject_array_1739748658.bin
293493,96344,X32,96344.8,7,https://ftp.ncbi.nlm.nih.gov/genomes/all/GCF/004/768/545/GCF_004768545.1_ASM476854v1,7,96344.8.fna,GCF_004768545.1_ASM476854v1_genomic.fna, 7968737, 7968737,96344.8.fna_vs_GCF_004768545.1_ASM476854v1_genomic.fna_blast.xml,0,0,0,0,0,0,0,0,7968737,0,0,0,0,0,0,96344_subject_array_1739748661.bin
293845,980427,NEB 479,980427.4,7,https://ftp.ncbi.nlm.nih.gov/genomes/all/GCF/003/345/215/GCF_003345215.1_ASM334521v1,7,980427.4.fna,GCF_003345215.1_ASM334521v1_genomic.fna, 3778576, 3778576,980427.4.fna_vs_GCF_003345215.1_ASM334521v1_genomic.fna_blast.xml,0,0,0,0,0,0,0,0,3778576,0,0,0,0,0,0,980427_subject_array_1739748669.bin
294611,992033,Hp A-5,992033.3,7,https://ftp.ncbi.nlm.nih.gov/genomes/all/GCF/000/275/045/GCF_000275045.1_ASM27504v1,7,992033.3.fna,GCF_000275045.1_ASM27504v1_genomic.fna, 1635925, 1635925,992033.3.fna_vs_GCF_000275045.1_ASM27504v1_genomic.fna_blast.xml,0,0,0,0,0,0,0,0,1635925,0,0,0,0,0,0,992033_subject_array_1739748670.bin
294628,992053,Hp A-8,992053.3,7,https://ftp.ncbi.nlm.nih.gov/genomes/all/GCF/000/273/825/GCF_000273825.1_ASM27382v1,7,992053.3.fna,GCF_000273825.1_ASM27382v1_genomic.fna, 1640628, 1640628,992053.3.fna_vs_GCF_000273825.1_ASM27382v1_genomic.fna_blast.xml,0,0,0,0,0,0,0,0,1640628,0,0,0,0,0,0,992053_subject_array_1739748670.bin
294640,992066,Hp H-19,992066.3,7,https://ftp.ncbi.nlm.nih.gov/genomes/all/GCF/000/274/125/GCF_000274125.1_ASM27412v1,7,992066.3.fna,GCF_000274125.1_ASM27412v1_genomic.fna, 1634366, 1634366,992066.3.fna_vs_GCF_000274125.1_ASM27412v1_genomic.fna_blast.xml,0,0,0,0,0,0,0,0,1634366,0,0,0,0,0,0,992066_subject_array_1739748671.bin
294648,992077,Hp P-8,992077.3,7,https://ftp.ncbi.nlm.nih.gov/genomes/all/GCF/000/274/245/GCF_000274245.1_ASM27424v1,7,992077.3.fna,GCF_000274245.1_ASM27424v1_genomic.fna, 1615626, 1615626,992077.3.fna_vs_GCF_000274245.1_ASM27424v1_genomic.fna_blast.xml,0,0,0,0,0,0,0,0,1615626,0,0,0,0,0,0,992077_subject_array_1739748672.bin
294922,997296,PB1,997296.3,7,https://ftp.ncbi.nlm.nih.gov/genomes/all/GCF/000/262/755/GCF_000262755.1_ASM26275v1,7,997296.3.fna,GCF_000262755.1_ASM26275v1_genomic.fna, 3426513, 3426513,997296.3.fna_vs_GCF_000262755.1_ASM26275v1_genomic.fna_blast.xml,0,0,0,0,0,0,0,0,3426513,0,0,0,0,0,0,997296_subject_array_1739748673.bin
