,division,assembly,bioproject,organism_name,infraspecific_name,#assembly_accession,genome_size,fasta_filename,downloaded_filename,query_length,subject_length,blast_output,n_of_-7,n_of_-6,n_of_-5,n_of_-4,n_of_-3,n_of_-2,n_of_-1,n_of_0,n_of_1,n_of_2,n_of_3,n_of_4,n_of_5,n_of_6,n_of_7,binary_filename
,1003335,GCA_001417885.1,PRJNA264644,Kluyveromyces marxianus DMKU3-1042,strain=DMKU3-1042,GCF_001417885.1,10920159,Kluyveromyces_marxianus_dmku3_1042_gca_001417885.Kmar_1.0.dna.toplevel.fa,GCF_001417885.1_Kmar_1.0_genomic.fna.gz, 10966467, 10966467,Kluyveromyces_marxianus_dmku3_1042_gca_001417885.Kmar_1.0.dna.toplevel.fa_vs_GCF_001417885.1_Kmar_1.0_genomic.fna_blast.xml,0,0,0,0,0,0,0,0,10966467,0,0,0,0,0,0,Kluyveromyces_marxianus_dmku3_1042_gca_001417885_subject_array_1753399102.bin
,101201,GCA_013423425.1,PRJNA1128265,Trichoderma asperellum,strain=FT101,GCF_020647865.1,37545380,Trichoderma_asperellum_gca_013423425.Tasp_IC-1_01.dna.toplevel.fa,GCF_020647865.1_ASM2064786v1_genomic.fna.gz, 36071795, 37545380,Trichoderma_asperellum_gca_013423425.Tasp_IC-1_01.dna.toplevel.fa_vs_GCF_020647865.1_ASM2064786v1_genomic.fna_blast.xml,4,0,64827,10841,3,0,73421,2654297,17079495,0,141557,1673589,15720175,0,127171,Trichoderma_asperellum_gca_013423425_subject_array_1753399119.bin
,1036611,GCA_001890125.1,PRJNA721993,Aspergillus versicolor CBS 583.65,strain=CBS 583.65,GCF_001890125.1,33126810,Aspergillus_versicolor_cbs_583_65_gca_001890125.Aspve1.dna.toplevel.fa,GCF_001890125.1_Aspve1_genomic.fna.gz, 33126810, 33126810,Aspergillus_versicolor_cbs_583_65_gca_001890125.Aspve1.dna.toplevel.fa_vs_GCF_001890125.1_Aspve1_genomic.fna_blast.xml,0,0,1,0,0,0,0,5606,33121198,0,0,1,4,0,0,Aspergillus_versicolor_cbs_583_65_gca_001890125_subject_array_1753399132.bin
,1036612,GCA_001890705.1,PRJNA721994,Aspergillus sydowii CBS 593.65,strain=CBS 593.65,GCF_001890705.1,34381026,Aspergillus_sydowii_cbs_593_65_gca_001890705.Aspsy1.dna.toplevel.fa,GCF_001890705.1_Aspsy1_genomic.fna.gz, 34381026, 34381026,Aspergillus_sydowii_cbs_593_65_gca_001890705.Aspsy1.dna.toplevel.fa_vs_GCF_001890705.1_Aspsy1_genomic.fna_blast.xml,0,0,3,1,0,0,0,28585,34345743,0,0,46,6647,0,1,Aspergillus_sydowii_cbs_593_65_gca_001890705_subject_array_1753399145.bin
,1037660,GCA_000711695.1,PRJNA292597,Tilletiaria anomala UBC 951,strain=UBC 951,GCF_000711695.1,18704010,Tilletiaria_anomala_ubc_951_gca_000711695.Tilletiaria_anomala_UBC_951_v1.0.dna.toplevel.fa,GCF_000711695.1_Tilletiaria_anomala_UBC_951_v1.0_genomic.fna.gz, 18704010, 18704010,Tilletiaria_anomala_ubc_951_gca_000711695.Tilletiaria_anomala_UBC_951_v1.0.dna.toplevel.fa_vs_GCF_000711695.1_Tilletiaria_anomala_UBC_951_v1.0_genomic.fna_blast.xml,0,0,0,0,0,0,0,0,18704010,0,0,0,0,0,0,Tilletiaria_anomala_ubc_951_gca_000711695_subject_array_1753399152.bin
,1041607,GCA_000313485.1,PRJNA248426,Wickerhamomyces ciferrii,strain=NRRL Y-1031 F-60-10,GCF_000313485.1,15901152,Wickerhamomyces_ciferrii_gca_000313485.ASM31348v1.dna.toplevel.fa,GCF_000313485.1_ASM31348v1_genomic.fna.gz, 15901152, 15901152,Wickerhamomyces_ciferrii_gca_000313485.ASM31348v1.dna.toplevel.fa_vs_GCF_000313485.1_ASM31348v1_genomic.fna_blast.xml,0,0,0,4,0,0,37,5,15900939,0,44,120,3,0,0,Wickerhamomyces_ciferrii_gca_000313485_subject_array_1753399158.bin
,1043003,GCA_000721775.1,PRJNA721987,Aureobasidium melanogenum CBS 110374,strain=CBS 110374,GCF_000721775.1,26203324,Aureobasidium_melanogenum_cbs_110374_gca_000721775.Aureobasidium_pullulans_var._melanogenum_CBS_110374_v1.0.dna.toplevel.fa,GCF_000721775.1_Aureobasidium_pullulans_var._melanogenum_CBS_110374_v1.0_genomic.fna.gz, 26203324, 26203324,Aureobasidium_melanogenum_cbs_110374_gca_000721775.Aureobasidium_pullulans_var._melanogenum_CBS_110374_v1.0.dna.toplevel.fa_vs_GCF_000721775.1_Aureobasidium_pullulans_var._melanogenum_CBS_110374_v1.0_genomic.fna_blast.xml,0,0,0,0,0,0,1,3564,26199606,0,0,152,1,0,0,Aureobasidium_melanogenum_cbs_110374_gca_000721775_subject_array_1753399168.bin
,1043004,GCA_000721765.1,PRJNA292600,Aureobasidium namibiae CBS 147.97,strain=CBS 147.97,GCF_000721765.1,25428601,Aureobasidium_namibiae_cbs_147_97_gca_000721765.Aureobasidium_pullulans_var._namibiae_CBS_147.97_v1.0.dna.toplevel.fa,GCF_000721765.1_Aureobasidium_pullulans_var._namibiae_CBS_147.97_v1.0_genomic.fna.gz, 25428601, 25428601,Aureobasidium_namibiae_cbs_147_97_gca_000721765.Aureobasidium_pullulans_var._namibiae_CBS_147.97_v1.0.dna.toplevel.fa_vs_GCF_000721765.1_Aureobasidium_pullulans_var._namibiae_CBS_147.97_v1.0_genomic.fna_blast.xml,0,0,0,0,0,0,0,800,25427801,0,0,0,0,0,0,Aureobasidium_namibiae_cbs_147_97_gca_000721765_subject_array_1753399178.bin
,1043005,GCA_000721755.1,PRJNA292599,Aureobasidium subglaciale EXF-2481,strain=EXF-2481,GCF_000721755.1,25796716,Aureobasidium_subglaciale_exf_2481_gca_000721755.Aureobasidium_pullulans_var._subglaciale_EXF-2481_v1.0.dna.toplevel.fa,GCF_000721755.1_Aureobasidium_pullulans_var._subglaciale_EXF-2481_v1.0_genomic.fna.gz, 25796716, 25796716,Aureobasidium_subglaciale_exf_2481_gca_000721755.Aureobasidium_pullulans_var._subglaciale_EXF-2481_v1.0.dna.toplevel.fa_vs_GCF_000721755.1_Aureobasidium_pullulans_var._subglaciale_EXF-2481_v1.0_genomic.fna_blast.xml,0,0,0,0,0,0,0,5530,25791186,0,0,0,0,0,0,Aureobasidium_subglaciale_exf_2481_gca_000721755_subject_array_1753399187.bin
,105984,GCA_003942205.1,PRJNA531017,Apiotrichum porosum,strain=DSM 27194,GCF_003942205.1,25479456,Apiotrichum_porosum_gca_003942205.ASM394220v1.dna.toplevel.fa,GCF_003942205.1_ASM394220v1_genomic.fna.gz, 25479456, 25479456,Apiotrichum_porosum_gca_003942205.ASM394220v1.dna.toplevel.fa_vs_GCF_003942205.1_ASM394220v1_genomic.fna_blast.xml,0,0,0,0,0,0,0,0,25479456,0,0,0,0,0,0,Apiotrichum_porosum_gca_003942205_subject_array_1753399197.bin
,1069680,GCA_000349005.2,PRJNA245145,Pneumocystis murina B123,strain=B123,GCF_000349005.2,7501343,Pneumocystis_murina_b123_gca_000349005.Pneumo_murina_B123_V4.dna.toplevel.fa,GCF_000349005.2_Pneumo_murina_B123_V4_genomic.fna.gz, 7501343, 7501343,Pneumocystis_murina_b123_gca_000349005.Pneumo_murina_B123_V4.dna.toplevel.fa_vs_GCF_000349005.2_Pneumo_murina_B123_V4_genomic.fna_blast.xml,0,0,0,0,0,0,10,0,7501178,0,16,106,33,0,0,Pneumocystis_murina_b123_gca_000349005_subject_array_1753399201.bin
,1073089,GCA_001890725.1,PRJNA721995,Aspergillus wentii DTO 134E9,strain=DTO 134E9,GCF_001890725.1,31350635,Aspergillus_wentii_dto_134e9_gca_001890725.Aspwe1.dna.toplevel.fa,GCF_001890725.1_Aspwe1_genomic.fna.gz, 31350635, 31350635,Aspergillus_wentii_dto_134e9_gca_001890725.Aspwe1.dna.toplevel.fa_vs_GCF_001890725.1_Aspwe1_genomic.fna_blast.xml,0,0,1,0,0,0,0,55509,31294916,0,0,37,169,0,3,Aspergillus_wentii_dto_134e9_gca_001890725_subject_array_1753399213.bin
,1073090,GCA_001890105.1,PRJNA395482,Penicilliopsis zonata CBS 506.65,strain=CBS 506.65,GCF_001890105.1,26088231,Penicilliopsis_zonata_cbs_506_65_gca_001890105.Aspzo1.dna.toplevel.fa,GCF_001890105.1_Aspzo1_genomic.fna.gz, 26088231, 26088231,Penicilliopsis_zonata_cbs_506_65_gca_001890105.Aspzo1.dna.toplevel.fa_vs_GCF_001890105.1_Aspzo1_genomic.fna_blast.xml,0,0,0,0,0,0,4,72240,26015914,0,8,48,17,0,0,Penicilliopsis_zonata_cbs_506_65_gca_001890105_subject_array_1753399226.bin
,1080233,GCA_010093935.1,PRJNA625780,Zasmidium cellare ATCC 36951,strain=ATCC 36951,GCF_010093935.1,38247703,Zasmidium_cellare_atcc_36951_gca_010093935.Zasce1.dna.toplevel.fa,GCF_010093935.1_Zasce1_genomic.fna.gz, 38247703, 38247703,Zasmidium_cellare_atcc_36951_gca_010093935.Zasce1.dna.toplevel.fa_vs_GCF_010093935.1_Zasce1_genomic.fna_blast.xml,0,0,0,0,0,0,5,49031,38198587,0,6,17,56,0,1,Zasmidium_cellare_atcc_36951_gca_010093935_subject_array_1753399240.bin
,1080349,GCA_001298625.1,PRJNA342694,Saccharomyces eubayanus,strain=FM1318,GCF_001298625.1,11670174,Saccharomyces_eubayanus_gca_001298625.SEUB3.0.dna.toplevel.fa,GCF_001298625.1_SEUB3.0_genomic.fna.gz, 11734173, 11734173,Saccharomyces_eubayanus_gca_001298625.SEUB3.0.dna.toplevel.fa_vs_GCF_001298625.1_SEUB3.0_genomic.fna_blast.xml,0,0,0,0,0,0,0,124273,11609717,0,0,9,171,0,3,Saccharomyces_eubayanus_gca_001298625_subject_array_1753399246.bin
,1089451,GCA_000260195.2,PRJNA309638,Fusarium odoratissimum NRRL 54006,strain=54006,GCF_000260195.1,46553780,Fusarium_odoratissimum_nrrl_54006_gca_000260195.FO_II5_V1.dna.toplevel.fa,GCF_000260195.1_FO_II5_V1_genomic.fna.gz, 46553780, 46553780,Fusarium_odoratissimum_nrrl_54006_gca_000260195.FO_II5_V1.dna.toplevel.fa_vs_GCF_000260195.1_FO_II5_V1_genomic.fna_blast.xml,0,0,20,5,0,0,21,123856,46427674,0,24,354,1798,0,28,Fusarium_odoratissimum_nrrl_54006_gca_000260195_subject_array_1753399277.bin
,109264,GCA_001792695.1,PRJNA395481,Aspergillus bombycis,strain=NRRL26010,GCF_001792695.1,37474605,Aspergillus_bombycis_gca_001792695.ASM179269v1.dna.toplevel.fa,GCF_001792695.1_ASM179269v1_genomic.fna.gz, 37474605, 37474605,Aspergillus_bombycis_gca_001792695.ASM179269v1.dna.toplevel.fa_vs_GCF_001792695.1_ASM179269v1_genomic.fna_blast.xml,0,0,1,1,0,0,14,449,37473947,0,19,62,112,0,0,Aspergillus_bombycis_gca_001792695_subject_array_1753399291.bin
,1093900,GCA_004353045.1,PRJNA576244,Thyridium curvatum,strain=D216,GCF_004353045.1,40366568,Phialemoniopsis_curvata_gca_004353045.ASM435304v1.dna.toplevel.fa,GCF_004353045.1_ASM435304v1_genomic.fna.gz, 40366568, 40366568,Phialemoniopsis_curvata_gca_004353045.ASM435304v1.dna.toplevel.fa_vs_GCF_004353045.1_ASM435304v1_genomic.fna_blast.xml,0,0,0,0,0,0,4,0,40366551,0,5,8,0,0,0,Phialemoniopsis_curvata_gca_004353045_subject_array_1753399311.bin
,1095630,GCA_002865645.1,PRJNA453592,Hyaloscypha bicolor E,strain=E,GCF_002865645.1,82384847,Hyaloscypha_bicolor_e_gca_002865645.Melbi2.dna.toplevel.fa,GCF_002865645.1_Melbi2_genomic.fna.gz, 82384847, 82384847,Hyaloscypha_bicolor_e_gca_002865645.Melbi2.dna.toplevel.fa_vs_GCF_002865645.1_Melbi2_genomic.fna_blast.xml,0,0,54,14,0,0,139,114005,82249576,0,204,1023,19775,0,57,Hyaloscypha_bicolor_e_gca_002865645_subject_array_1753401605.bin
,112498,GCA_900074925.1,PRJNA430539,Ramularia collo-cygni,strain=URUG2,GCF_900074925.1,32254922,Ramularia_collo_cygni_gca_900074925.version_1.dna.toplevel.fa,GCF_900074925.1_version_1_genomic.fna.gz, 32254922, 32254922,Ramularia_collo_cygni_gca_900074925.version_1.dna.toplevel.fa_vs_GCF_900074925.1_version_1_genomic.fna_blast.xml,0,0,2,0,0,0,16,787367,31465562,0,8,203,1754,0,10,Ramularia_collo_cygni_gca_900074925_subject_array_1753401802.bin
,1130832,GCA_000320785.2,PRJNA264108,Rhodotorula toruloides NP11,strain=NP11,GCF_000320785.1,20223942,Rhodotorula_toruloides_np11_gca_000320785.RHOziaDV1.0.dna.toplevel.fa,GCF_000320785.1_RHOziaDV1.0_genomic.fna.gz, 20223942, 20223942,Rhodotorula_toruloides_np11_gca_000320785.RHOziaDV1.0.dna.toplevel.fa_vs_GCF_000320785.1_RHOziaDV1.0_genomic.fna_blast.xml,0,0,0,0,0,0,0,41965,20181751,0,0,32,190,0,4,Rhodotorula_toruloides_np11_gca_000320785_subject_array_1753401811.bin
,1136231,GCA_000315875.1,PRJNA172186,Candida orthopsilosis Co 90-125,strain=Co 90-125,GCF_000315875.1,12659401,Candida_orthopsilosis_co_90_125_gca_000315875.ASM31587v1.dna.toplevel.fa,GCF_000315875.1_ASM31587v1_genomic.fna.gz, 12659401, 12659401,Candida_orthopsilosis_co_90_125_gca_000315875.ASM31587v1.dna.toplevel.fa_vs_GCF_000315875.1_ASM31587v1_genomic.fna_blast.xml,0,0,0,0,0,0,0,176920,12482437,0,0,10,34,0,0,Candida_orthopsilosis_co_90_125_gca_000315875_subject_array_1753401816.bin
,1141098,GCA_002105095.1,PRJNA721998,Pseudomassariella vexata,strain=CBS 129021,GCF_002105095.1,44711451,Pseudomassariella_vexata_gca_002105095.Pseve2.dna.toplevel.fa,GCF_002105095.1_Pseve2_genomic.fna.gz, 44711451, 44711451,Pseudomassariella_vexata_gca_002105095.Pseve2.dna.toplevel.fa_vs_GCF_002105095.1_Pseve2_genomic.fna_blast.xml,0,0,0,0,0,0,0,0,44711450,0,0,1,0,0,0,Pseudomassariella_vexata_gca_002105095_subject_array_1753401985.bin
,1150837,GCA_010094145.1,PRJNA625768,Didymella exigua CBS 183.55,strain=CBS 183.55,GCF_010094145.1,34389227,Didymella_exigua_cbs_183_55_gca_010094145.Didex1.dna.toplevel.fa,GCF_010094145.1_Didex1_genomic.fna.gz, 34389227, 34389227,Didymella_exigua_cbs_183_55_gca_010094145.Didex1.dna.toplevel.fa_vs_GCF_010094145.1_Didex1_genomic.fna_blast.xml,0,0,19,1,0,0,2,722137,33662175,0,1,512,4350,0,30,Didymella_exigua_cbs_183_55_gca_010094145_subject_array_1753402052.bin
,1159556,GCA_000687475.1,PRJNA756324,Ustilaginoidea virens,strain=UV-8b,GCF_000687475.1,37060086,Ustilaginoidea_virens_gca_000687475.Assembly_for_version_1_of_the_Villosiclava_virens_genome.dna.toplevel.fa,GCF_000687475.1_ASM68747v2_genomic.fna.gz, 39397682, 37158136,Ustilaginoidea_virens_gca_000687475.Assembly_for_version_1_of_the_Villosiclava_virens_genome.dna.toplevel.fa_vs_GCF_000687475.1_ASM68747v2_genomic.fna_blast.xml,1,0,14398,2512,1,0,14046,264657,15879598,0,32195,438551,20476635,0,35542,Ustilaginoidea_virens_gca_000687475_subject_array_1753404470.bin
,1159556,GCA_000965225.2,PRJNA756324,Ustilaginoidea virens,strain=UV-8b,GCF_000687475.1,37060086,Ustilaginoidea_virens_gca_000965225.ASM96522v2.dna.toplevel.fa,GCF_000687475.1_ASM68747v2_genomic.fna.gz, 33567624, 37158136,Ustilaginoidea_virens_gca_000965225.ASM96522v2.dna.toplevel.fa_vs_GCF_000687475.1_ASM68747v2_genomic.fna_blast.xml,3,0,16036,2443,3,0,14513,554817,16782817,0,36075,735811,18977203,0,38415,Ustilaginoidea_virens_gca_000965225_subject_array_1753405778.bin
,1160497,GCA_001890805.1,PRJNA395483,Aspergillus glaucus CBS 516.65,strain=CBS 516.65,GCF_001890805.1,27993362,Aspergillus_glaucus_cbs_516_65_gca_001890805.Aspgl1.dna.toplevel.fa,GCF_001890805.1_Aspgl1_genomic.fna.gz, 27993362, 27993362,Aspergillus_glaucus_cbs_516_65_gca_001890805.Aspgl1.dna.toplevel.fa_vs_GCF_001890805.1_Aspgl1_genomic.fna_blast.xml,0,0,0,1,0,0,3,211065,27781823,0,0,24,444,0,2,Aspergillus_glaucus_cbs_516_65_gca_001890805_subject_array_1753405829.bin
,1168221,GCA_000281105.1,PRJNA245130,Coniosporium apollinis CBS 100218,strain=CBS 100218,GCF_000281105.1,28645321,Coniosporium_apollinis_cbs_100218_gca_000281105.Coni_apol_CBS100218__V1.dna.toplevel.fa,GCF_000281105.1_Coni_apol_CBS100218_V1_genomic.fna.gz, 28645321, 28645321,Coniosporium_apollinis_cbs_100218_gca_000281105.Coni_apol_CBS100218__V1.dna.toplevel.fa_vs_GCF_000281105.1_Coni_apol_CBS100218_V1_genomic.fna_blast.xml,0,0,2,0,0,0,3,138461,28506435,0,4,74,339,0,3,Coniosporium_apollinis_cbs_100218_gca_000281105_subject_array_1753405844.bin
,1176127,GCA_010093885.1,PRJNA625763,Aplosporella prunicola CBS 121167,strain=CBS 121167,GCF_010093885.1,32818685,Aplosporella_prunicola_cbs_121167_gca_010093885.Aplpr1.dna.toplevel.fa,GCF_010093885.1_Aplpr1_genomic.fna.gz, 32818685, 32818685,Aplosporella_prunicola_cbs_121167_gca_010093885.Aplpr1.dna.toplevel.fa_vs_GCF_010093885.1_Aplpr1_genomic.fna_blast.xml,0,0,0,1,0,0,7,349640,32468703,0,8,40,286,0,0,Aplosporella_prunicola_cbs_121167_gca_010093885_subject_array_1753405858.bin
,1178016,GCA_000280035.2,PRJNA215743,Encephalitozoon romaleae SJ-2008,strain=SJ-2008,GCF_000280035.1,2187595,Encephalitozoon_romaleae_sj_2008_gca_000280035.ASM28003v2.dna.toplevel.fa,GCF_000280035.1_ASM28003v2_genomic.fna.gz, 2187595, 2187595,Encephalitozoon_romaleae_sj_2008_gca_000280035.ASM28003v2.dna.toplevel.fa_vs_GCF_000280035.1_ASM28003v2_genomic.fna_blast.xml,0,0,0,0,0,0,0,0,2187594,0,1,0,0,0,0,Encephalitozoon_romaleae_sj_2008_gca_000280035_subject_array_1753405860.bin
,1182541,GCA_000585585.1,PRJNA245124,Capronia coronata CBS 617.96,strain=CBS 617.96,GCF_000585585.1,25807613,Capronia_coronata_cbs_617_96_gca_000585585.Capr_coro_CBS_617_96_V1.dna.toplevel.fa,GCF_000585585.1_Capr_coro_CBS_617_96_V1_genomic.fna.gz, 25807613, 25807613,Capronia_coronata_cbs_617_96_gca_000585585.Capr_coro_CBS_617_96_V1.dna.toplevel.fa_vs_GCF_000585585.1_Capr_coro_CBS_617_96_V1_genomic.fna_blast.xml,0,0,0,0,0,0,0,7122,25800491,0,0,0,0,0,0,Capronia_coronata_cbs_617_96_gca_000585585_subject_array_1753405869.bin
,1182542,GCA_000585565.1,PRJNA245125,Capronia epimyces CBS 606.96,strain=CBS 606.96,GCF_000585565.1,28889638,Capronia_epimyces_cbs_606_96_gca_000585565.Capr_epim_CBS_606_96_V1.dna.toplevel.fa,GCF_000585565.1_Capr_epim_CBS_606_96_V1_genomic.fna.gz, 28889638, 28889638,Capronia_epimyces_cbs_606_96_gca_000585565.Capr_epim_CBS_606_96_V1.dna.toplevel.fa_vs_GCF_000585565.1_Capr_epim_CBS_606_96_V1_genomic.fna_blast.xml,0,0,0,0,0,0,0,127177,28762411,0,0,0,50,0,0,Capronia_epimyces_cbs_606_96_gca_000585565_subject_array_1753405879.bin
,1182543,GCA_000585535.1,PRJNA245127,Cladophialophora psammophila CBS 110553,strain=CBS 110553,GCF_000585535.1,39420127,Cladophialophora_psammophila_cbs_110553_gca_000585535.Clad_psam_CBS_110553_V1.dna.toplevel.fa,GCF_000585535.1_Clad_psam_CBS_110553_V1_genomic.fna.gz, 39420127, 39420127,Cladophialophora_psammophila_cbs_110553_gca_000585535.Clad_psam_CBS_110553_V1.dna.toplevel.fa_vs_GCF_000585535.1_Clad_psam_CBS_110553_V1_genomic.fna_blast.xml,0,0,4,0,0,0,5,85123,39334253,0,20,80,640,0,2,Cladophialophora_psammophila_cbs_110553_gca_000585535_subject_array_1753405905.bin
,1182544,GCA_000585515.1,PRJNA245128,Cladophialophora yegresii CBS 114405,strain=CBS 114405,GCF_000585515.1,27898422,Cladophialophora_yegresii_cbs_114405_gca_000585515.Clad_yegr_CBS_114405_V1.dna.toplevel.fa,GCF_000585515.1_Clad_yegr_CBS_114405_V1_genomic.fna.gz, 27898422, 27898422,Cladophialophora_yegresii_cbs_114405_gca_000585515.Clad_yegr_CBS_114405_V1.dna.toplevel.fa_vs_GCF_000585515.1_Clad_yegr_CBS_114405_V1_genomic.fna_blast.xml,0,0,0,0,0,0,0,10353,27888066,0,0,1,2,0,0,Cladophialophora_yegresii_cbs_114405_gca_000585515_subject_array_1753405916.bin
,1182545,GCA_000709125.1,PRJNA292601,Exophiala aquamarina CBS 119918,strain=CBS 119918,GCF_000709125.1,41566958,Exophiala_aquamarina_cbs_119918_gca_000709125.Exop_aqua_CBS_119918_V1.dna.toplevel.fa,GCF_000709125.1_Exop_aqua_CBS_119918_V1_genomic.fna.gz, 41566958, 41566958,Exophiala_aquamarina_cbs_119918_gca_000709125.Exop_aqua_CBS_119918_V1.dna.toplevel.fa_vs_GCF_000709125.1_Exop_aqua_CBS_119918_V1_genomic.fna_blast.xml,0,0,13,4,0,0,4,576886,40986578,0,5,174,3284,0,10,Exophiala_aquamarina_cbs_119918_gca_000709125_subject_array_1753405952.bin
,1196081,GCA_001896365.1,PRJNA721996,Talaromyces amestolkiae,strain=CIB,GCF_001896365.1,33721883,Talaromyces_amestolkiae_gca_001896365.ASM189636v1.dna.toplevel.fa,GCF_001896365.1_ASM189636v1_genomic.fna.gz, 33721883, 33721883,Talaromyces_amestolkiae_gca_001896365.ASM189636v1.dna.toplevel.fa_vs_GCF_001896365.1_ASM189636v1_genomic.fna_blast.xml,0,0,0,0,0,0,34,7669,33714045,0,28,80,27,0,0,Talaromyces_amestolkiae_gca_001896365_subject_array_1753405965.bin
,120017,GCA_000286035.1,PRJNA727466,Ustilago hordei,strain=Uho2,GCF_900519145.1,26637005,Ustilago_hordei_gca_000286035.ASM28603v1.dna.toplevel.fa,GCF_900519145.1_Uho2_v1_genomic.fna.gz, 21150702, 26637005,Ustilago_hordei_gca_000286035.ASM28603v1.dna.toplevel.fa_vs_GCF_900519145.1_Uho2_v1_genomic.fna_blast.xml,12,0,16631,3044,7,0,17432,873471,11164741,0,30475,585899,13915937,0,29356,Ustilago_hordei_gca_000286035_subject_array_1753406029.bin
,1209926,GCA_001831195.1,PRJNA411788,Colletotrichum orchidophilum,strain=IMI 309357,GCF_001831195.1,48556462,Colletotrichum_orchidophilum_gca_001831195.CORC01.dna.toplevel.fa,GCF_001831195.1_CORC01_genomic.fna.gz, 48556462, 48556462,Colletotrichum_orchidophilum_gca_001831195.CORC01.dna.toplevel.fa_vs_GCF_001831195.1_CORC01_genomic.fna_blast.xml,0,0,0,0,0,0,3,4281,48552175,0,1,2,0,0,0,Colletotrichum_orchidophilum_gca_001831195_subject_array_1753406057.bin
,121627,GCA_013368755.1,PRJNA645155,Talaromyces rugulosus,strain=W13939,GCF_013368755.1,35758560,Talaromyces_rugulosus_gca_013368755.ASM1336875v1.dna.toplevel.fa,GCF_013368755.1_ASM1336875v1_genomic.fna.gz, 35758560, 35758560,Talaromyces_rugulosus_gca_013368755.ASM1336875v1.dna.toplevel.fa_vs_GCF_013368755.1_ASM1336875v1_genomic.fna_blast.xml,0,0,0,0,0,0,0,0,35758560,0,0,0,0,0,0,Talaromyces_rugulosus_gca_013368755_subject_array_1753406077.bin
,1220188,GCA_004798825.1,PRJNA625766,Aspergillus tanneri,strain=NIH1004,GCF_003426965.1,38719388,Aspergillus_tanneri_gca_004798825.ASM479882v1.dna.toplevel.fa,GCF_003426965.1_ASM342696v1_genomic.fna.gz, 36538212, 38719388,Aspergillus_tanneri_gca_004798825.ASM479882v1.dna.toplevel.fa_vs_GCF_003426965.1_ASM342696v1_genomic.fna_blast.xml,5,0,9223,1926,3,0,14651,360016,19544503,0,17037,139499,18622116,0,10409,Aspergillus_tanneri_gca_004798825_subject_array_1753406100.bin
,1220188,GCA_003426965.1,PRJNA625766,Aspergillus tanneri,strain=NIH1004,GCF_003426965.1,38719388,Aspergillus_tanneri_gca_003426965.ASM342696v1.dna.toplevel.fa,GCF_003426965.1_ASM342696v1_genomic.fna.gz, 38719388, 38719388,Aspergillus_tanneri_gca_003426965.ASM342696v1.dna.toplevel.fa_vs_GCF_003426965.1_ASM342696v1_genomic.fna_blast.xml,0,0,0,0,0,0,0,0,38719385,0,2,1,0,0,0,Aspergillus_tanneri_gca_003426965_subject_array_1753406125.bin
,1220924,GCA_000365145.2,PRJNA245131,Cyphellophora europaea CBS 101466,strain=CBS 101466,GCF_000365145.1,28781303,Cyphellophora_europaea_cbs_101466_gca_000365145.Phia_euro_CBS_101466_V1.dna.toplevel.fa,GCF_000365145.1_Phia_euro_CBS_101466_V1_genomic.fna.gz, 28781303, 28781303,Cyphellophora_europaea_cbs_101466_gca_000365145.Phia_euro_CBS_101466_V1.dna.toplevel.fa_vs_GCF_000365145.1_Phia_euro_CBS_101466_V1_genomic.fna_blast.xml,0,0,0,0,0,0,0,61253,28719987,0,0,7,55,0,1,Cyphellophora_europaea_cbs_101466_gca_000365145_subject_array_1753406136.bin
,122368,GCA_002742065.1,PRJNA1120886,Cercospora beticola,na,GCF_033473495.1,36074111,Cercospora_beticola_gca_002742065.CB0940_V2.dna.toplevel.fa,GCF_033473495.1_ASM3347349v1_genomic.fna.gz, 37057033, 36074111,Cercospora_beticola_gca_002742065.CB0940_V2.dna.toplevel.fa_vs_GCF_033473495.1_ASM3347349v1_genomic.fna_blast.xml,0,0,5321,1022,3,0,5742,523249,30108467,0,9116,249097,5164227,0,7867,Cercospora_beticola_gca_002742065_subject_array_1753406153.bin
,1227346,GCA_900067095.1,PRJNA576857,Fusarium proliferatum ET1,strain=ET1,GCF_900067095.1,45210324,Fusarium_proliferatum_et1_gca_900067095.F._proliferatum_ET1_version_1.dna.toplevel.fa,GCF_900067095.1_F._proliferatum_ET1_version_1_genomic.fna.gz, 45210324, 45210324,Fusarium_proliferatum_et1_gca_900067095.F._proliferatum_ET1_version_1.dna.toplevel.fa_vs_GCF_900067095.1_F._proliferatum_ET1_version_1_genomic.fna_blast.xml,0,0,33,2,0,0,14,302652,44901939,0,6,246,5386,0,46,Fusarium_proliferatum_et1_gca_900067095_subject_array_1753406171.bin
,1230383,GCA_000349305.2,PRJNA264005,Malassezia sympodialis ATCC 42132,strain=ATCC 42132,GCF_000349305.1,7669689,Malassezia_sympodialis_atcc_42132_gca_000349305.ASM34930v2.dna.toplevel.fa,GCF_000349305.1_ASM34930v2_genomic.fna.gz, 7669689, 7669689,Malassezia_sympodialis_atcc_42132_gca_000349305.ASM34930v2.dna.toplevel.fa_vs_GCF_000349305.1_ASM34930v2_genomic.fna_blast.xml,0,0,2,1,0,0,1,14790,7654772,0,1,16,106,0,0,Malassezia_sympodialis_atcc_42132_gca_000349305_subject_array_1753406175.bin
,1230383,GCA_900149145.1,PRJNA264005,Malassezia sympodialis ATCC 42132,strain=ATCC 42132,GCF_000349305.1,7669689,Malassezia_sympodialis_atcc_42132_gca_900149145.Msy_ATCC_42132_Feb2016.dna.toplevel.fa,GCF_000349305.1_ASM34930v2_genomic.fna.gz, 7786082, 7669689,Malassezia_sympodialis_atcc_42132_gca_900149145.Msy_ATCC_42132_Feb2016.dna.toplevel.fa_vs_GCF_000349305.1_ASM34930v2_genomic.fna_blast.xml,0,0,56,7,0,0,28,14872,3047878,0,67,398,4606303,0,80,Malassezia_sympodialis_atcc_42132_gca_900149145_subject_array_1753406178.bin
,1231522,GCA_002926085.1,PRJNA479899,Candidozyma duobushaemuli,strain=B09383,GCF_002926085.2,12557957,Candida_duobushaemulonis.GCA002926085v1.dna.toplevel.fa,GCF_002926085.2_CanDuoHae_v1.0_genomic.fna.gz, 12580400, 12580400,Candida_duobushaemulonis.GCA002926085v1.dna.toplevel.fa_vs_GCF_002926085.2_CanDuoHae_v1.0_genomic.fna_blast.xml,0,0,0,0,0,0,0,0,12580400,0,0,0,0,0,0,Candida_duobushaemulonis_subject_array_1753406182.bin
,1245769,GCA_000938715.1,PRJNA413304,Lachancea lanzarotensis,strain=CBS 12615,GCF_000938715.1,11092131,Lachancea_lanzarotensis_gca_000938715.LALA0.dna.toplevel.fa,GCF_000938715.1_LALA0_genomic.fna.gz, 11092131, 11092131,Lachancea_lanzarotensis_gca_000938715.LALA0.dna.toplevel.fa_vs_GCF_000938715.1_LALA0_genomic.fna_blast.xml,0,0,0,0,0,0,0,371,11091760,0,0,0,0,0,0,Lachancea_lanzarotensis_gca_000938715_subject_array_1753406187.bin
,1263415,GCA_000464535.1,PRJNA245134,Endocarpon pusillum Z07020,strain=Z07020,GCF_000464535.1,37130611,Endocarpon_pusillum_z07020_gca_000464535.EPUS.dna.toplevel.fa,GCF_000464535.1_EPUS_genomic.fna.gz, 37130611, 37130611,Endocarpon_pusillum_z07020_gca_000464535.EPUS.dna.toplevel.fa_vs_GCF_000464535.1_EPUS_genomic.fna_blast.xml,0,0,22,3,0,0,106,347564,36778714,0,126,819,3242,0,15,Endocarpon_pusillum_z07020_gca_000464535_subject_array_1753406231.bin
,1277687,GCA_000417875.1,PRJNA245148,Pseudozyma flocculosa PF-1,strain=PF-1,GCF_000417875.1,23305380,Anthracocystis_flocculosa_pf_1_gca_000417875.Pflocc_1.0.dna.toplevel.fa,GCF_000417875.1_Pflocc_1.0_genomic.fna.gz, 23305380, 23305380,Anthracocystis_flocculosa_pf_1_gca_000417875.Pflocc_1.0.dna.toplevel.fa_vs_GCF_000417875.1_Pflocc_1.0_genomic.fna_blast.xml,0,0,1,1,0,0,7,335955,22969247,0,2,26,138,0,3,Anthracocystis_flocculosa_pf_1_gca_000417875_subject_array_1753406241.bin
,1279043,GCA_000365165.2,PRJNA245126,Cladophialophora carrionii CBS 160.54,strain=CBS 160.54,GCF_000365165.1,28991111,Cladophialophora_carrionii_cbs_160_54_gca_000365165.Clad_carr_CBS_160_54_V1.dna.toplevel.fa,GCF_000365165.1_Clad_carr_CBS_160_54_V1_genomic.fna.gz, 28991111, 28991111,Cladophialophora_carrionii_cbs_160_54_gca_000365165.Clad_carr_CBS_160_54_V1.dna.toplevel.fa_vs_GCF_000365165.1_Clad_carr_CBS_160_54_V1_genomic.fna_blast.xml,0,0,0,0,0,0,0,10595,28980513,0,0,0,3,0,0,Cladophialophora_carrionii_cbs_160_54_gca_000365165_subject_array_1753406251.bin
,1280837,GCA_003144205.1,PRJNA479903,Meira miltonrushii,strain=MCA 3882,GCF_003144205.1,17383515,Meira_miltonrushii_gca_003144205.Meimi1.dna.toplevel.fa,GCF_003144205.1_Meimi1_genomic.fna.gz, 17383515, 17383515,Meira_miltonrushii_gca_003144205.Meimi1.dna.toplevel.fa_vs_GCF_003144205.1_Meimi1_genomic.fna_blast.xml,0,0,4,1,0,0,3,102657,17280161,0,0,83,598,0,8,Meira_miltonrushii_gca_003144205_subject_array_1753406258.bin
,1286976,GCA_000392275.1,PRJNA245153,Phaeoacremonium minimum UCRPA7,strain=UCRPA7,GCF_000392275.1,47465449,Phaeoacremonium_minimum_ucrpa7_gca_000392275.UCRPA7V03.dna.toplevel.fa,GCF_000392275.1_UCRPA7V03_genomic.fna.gz, 47465449, 47465449,Phaeoacremonium_minimum_ucrpa7_gca_000392275.UCRPA7V03.dna.toplevel.fa_vs_GCF_000392275.1_UCRPA7V03_genomic.fna_blast.xml,0,0,4,4,0,0,50,81087,47381498,0,44,686,2072,0,4,Phaeoacremonium_minimum_ucrpa7_gca_000392275_subject_array_1753406278.bin
,1295528,GCA_001720155.1,PRJNA352843,Cryptococcus wingfieldii CBS 7118,strain=CBS 7118,GCF_001720155.1,19969799,Cryptococcus_wingfieldii_cbs_7118_gca_001720155.Tsuc_wing_CBS7118_V1.dna.toplevel.fa,GCF_001720155.1_Tsuc_wing_CBS7118_V1_genomic.fna.gz, 19969799, 19969799,Cryptococcus_wingfieldii_cbs_7118_gca_001720155.Tsuc_wing_CBS7118_V1.dna.toplevel.fa_vs_GCF_001720155.1_Tsuc_wing_CBS7118_V1_genomic.fna_blast.xml,0,0,1,1,0,0,0,75025,19894577,0,1,38,156,0,0,Cryptococcus_wingfieldii_cbs_7118_gca_001720155_subject_array_1753406287.bin
,1295533,GCA_001720205.1,PRJNA352837,Cryptococcus amylolentus CBS 6039,strain=CBS 6039,GCF_001720205.1,20254996,Cryptococcus_amylolentus_cbs_6039_gca_001720205.Cryp_amyl_CBS6039_V3.dna.toplevel.fa,GCF_001720205.1_Cryp_amyl_CBS6039_V3_genomic.fna.gz, 20254996, 20254996,Cryptococcus_amylolentus_cbs_6039_gca_001720205.Cryp_amyl_CBS6039_V3.dna.toplevel.fa_vs_GCF_001720205.1_Cryp_amyl_CBS6039_V3_genomic.fna_blast.xml,0,0,0,0,0,0,5,1051,20253934,0,0,0,6,0,0,Cryptococcus_amylolentus_cbs_6039_gca_001720205_subject_array_1753406295.bin
,1296105,GCA_000835755.1,PRJNA1140275,Cryptococcus tetragattii IND107,strain=IND107,GCF_000835755.1,17799622,Cryptococcus_gattii_vgiv_ind107_gca_000835755.Cryp_gatt_IND107_V2.dna.toplevel.fa,GCF_000835755.1_ASM83575v2_genomic.fna.gz, 17649378, 17799622,Cryptococcus_gattii_vgiv_ind107_gca_000835755.Cryp_gatt_IND107_V2.dna.toplevel.fa_vs_GCF_000835755.1_ASM83575v2_genomic.fna_blast.xml,0,0,170,31,0,0,173,150241,9773068,0,573,5511,7869477,0,378,Cryptococcus_gattii_vgiv_ind107_gca_000835755_subject_array_1753406302.bin
,1296122,GCA_000507465.3,PRJNA352839,Kwoniella mangroviensis CBS 8507,strain=CBS 8507,GCF_000507465.2,22796923,Kwoniella_mangroviensis_cbs_8507_gca_000507465.Kwon_mang_CBS8507_V2.dna.toplevel.fa,GCF_000507465.2_ASM50746v4_genomic.fna.gz, 22654511, 22796923,Kwoniella_mangroviensis_cbs_8507_gca_000507465.Kwon_mang_CBS8507_V2.dna.toplevel.fa_vs_GCF_000507465.2_ASM50746v4_genomic.fna_blast.xml,0,0,311,24,0,0,581,172919,15889988,0,179,2194,6730611,0,116,Kwoniella_mangroviensis_cbs_8507_gca_000507465_subject_array_1753406311.bin
,1299270,GCA_000400465.1,PRJNA215734,Wallemia ichthyophaga EXF-994,strain=EXF-994,GCF_000400465.1,9655632,Wallemia_ichthyophaga_exf_994_gca_000400465.Wallemia_ichthyophaga_version_1.0.dna.toplevel.fa,GCF_000400465.1_Wallemia_ichthyophaga_version_1.0_genomic.fna.gz, 9655632, 9655632,Wallemia_ichthyophaga_exf_994_gca_000400465.Wallemia_ichthyophaga_version_1.0.dna.toplevel.fa_vs_GCF_000400465.1_Wallemia_ichthyophaga_version_1.0_genomic.fna_blast.xml,0,0,0,0,0,0,0,30891,9624740,0,0,1,0,0,0,Wallemia_ichthyophaga_exf_994_gca_000400465_subject_array_1753406315.bin
,1305764,GCA_000403515.1,PRJNA264001,Pseudozyma hubeiensis SY62,strain=SY62,GCF_000403515.1,18442938,Pseudozyma_hubeiensis_sy62_gca_000403515.ASM40351v1.dna.toplevel.fa,GCF_000403515.1_ASM40351v1_genomic.fna.gz, 18442938, 18442938,Pseudozyma_hubeiensis_sy62_gca_000403515.ASM40351v1.dna.toplevel.fa_vs_GCF_000403515.1_ASM40351v1_genomic.fna_blast.xml,0,0,0,0,0,0,7,7344,18435440,0,14,11,122,0,0,Pseudozyma_hubeiensis_sy62_gca_000403515_subject_array_1753406321.bin
,1314773,GCA_003711515.1,PRJNA531015,Sodiomyces alkalinus F11,strain=F11,GCF_003711515.1,43450096,Sodiomyces_alkalinus_f11_gca_003711515.Sodal1.dna.toplevel.fa,GCF_003711515.1_Sodal1_genomic.fna.gz, 43450096, 43450096,Sodiomyces_alkalinus_f11_gca_003711515.Sodal1.dna.toplevel.fa_vs_GCF_003711515.1_Sodal1_genomic.fna_blast.xml,0,0,16,2,0,0,6,301253,43144771,0,11,524,3499,0,14,Sodiomyces_alkalinus_f11_gca_003711515_subject_array_1753406607.bin
,1314785,GCA_001632365.1,PRJNA721992,Laetiporus sulphureus 93-53,strain=93-53,GCF_001632365.1,39909705,Laetiporus_sulphureus_93_53_gca_001632365.Laesu1.dna.toplevel.fa,GCF_001632365.1_Laesu1_genomic.fna.gz, 39909705, 39909705,Laetiporus_sulphureus_93_53_gca_001632365.Laesu1.dna.toplevel.fa_vs_GCF_001632365.1_Laesu1_genomic.fna_blast.xml,0,0,50,6,0,0,17,858036,39040578,0,32,1134,9814,0,38,Laetiporus_sulphureus_93_53_gca_001632365_subject_array_1753406662.bin
,1316194,GCA_001908125.1,PRJNA973687,Penicillium subrubescens,strain=IBT 31985,GCF_028828155.1,39968067,Penicillium_subrubescens_gca_001908125.ASM190812v1.dna.toplevel.fa,GCF_028828155.1_ASM2882815v1_genomic.fna.gz, 39803164, 39995047,Penicillium_subrubescens_gca_001908125.ASM190812v1.dna.toplevel.fa_vs_GCF_028828155.1_ASM2882815v1_genomic.fna_blast.xml,0,0,2733,249,1,0,2494,21470,18334892,0,4466,83655,21540862,0,4225,Penicillium_subrubescens_gca_001908125_subject_array_1753406690.bin
,1316788,GCA_007821495.1,PRJNA576247,Lachnellula hyalina,strain=CBS 185.66,GCF_007821495.1,33828344,Lachnellula_hyalina_gca_007821495.CFIA_Lhya_EG2017.dna.toplevel.fa,GCF_007821495.1_CFIA_Lhya_EG2017_genomic.fna.gz, 33828344, 33828344,Lachnellula_hyalina_gca_007821495.CFIA_Lhya_EG2017.dna.toplevel.fa_vs_GCF_007821495.1_CFIA_Lhya_EG2017_genomic.fna_blast.xml,0,0,1,0,0,0,5,420,33827805,0,16,82,15,0,0,Lachnellula_hyalina_gca_007821495_subject_array_1753406704.bin
,132259,GCA_009193445.1,PRJNA602439,Aspergillus pseudotamarii,strain=CBS 117625,GCF_009193445.1,38243929,Aspergillus_pseudotamarii_gca_009193445.Asppset1.dna.toplevel.fa,GCF_009193445.1_Asppset1_genomic.fna.gz, 38243929, 38243929,Aspergillus_pseudotamarii_gca_009193445.Asppset1.dna.toplevel.fa_vs_GCF_009193445.1_Asppset1_genomic.fna_blast.xml,0,0,0,0,0,0,0,21325,38222525,0,0,12,67,0,0,Aspergillus_pseudotamarii_gca_009193445_subject_array_1753406717.bin
,1328758,GCA_003813185.1,PRJNA1151046,Lentinus tigrinus ALCF2SS1-7,strain=ALCF2SS1-7,GCF_003813185.1,39530113,Lentinus_tigrinus_alcf2ss1_7_gca_003813185.Lenti7_1.dna.toplevel.fa,GCF_003813185.1_Lenti7_1_genomic.fna.gz, 39530113, 39530113,Lentinus_tigrinus_alcf2ss1_7_gca_003813185.Lenti7_1.dna.toplevel.fa_vs_GCF_003813185.1_Lenti7_1_genomic.fna_blast.xml,0,0,5,0,0,0,1,352010,39176936,0,0,95,1061,0,5,Lentinus_tigrinus_alcf2ss1_7_gca_003813185_subject_array_1753406734.bin
,1328760,GCA_001619985.1,PRJNA342690,Xylona heveae TC161,strain=TC161,GCF_001619985.1,24337763,Xylona_heveae_tc161_gca_001619985.Xylona_heveae_TC161_v1.0.dna.toplevel.fa,GCF_001619985.1_Xylona_heveae_TC161_v1.0_genomic.fna.gz, 24337763, 24337763,Xylona_heveae_tc161_gca_001619985.Xylona_heveae_TC161_v1.0.dna.toplevel.fa_vs_GCF_001619985.1_Xylona_heveae_TC161_v1.0_genomic.fna_blast.xml,0,0,0,0,0,0,0,18912,24318820,0,0,6,25,0,0,Xylona_heveae_tc161_gca_001619985_subject_array_1753406744.bin
,1340429,GCA_002708625.1,PRJNA430271,Rhizopus microsporus ATCC 52813,strain=ATCC 52813,GCF_002708625.1,25972395,Rhizopus_microsporus_atcc_52813_gca_002708625.Rhimi1_1.dna.toplevel.fa,GCF_002708625.1_Rhimi1_1_genomic.fna.gz, 25972395, 25972395,Rhizopus_microsporus_atcc_52813_gca_002708625.Rhimi1_1.dna.toplevel.fa_vs_GCF_002708625.1_Rhimi1_1_genomic.fna_blast.xml,0,0,10,1,0,0,6,621197,25349389,0,1,159,1629,0,3,Rhizopus_microsporus_atcc_52813_gca_002708625_subject_array_1753406760.bin
,1341132,GCA_003344945.1,PRJNA495497,Aspergillus welwitschiae,strain=CBS 139.54b,GCF_003344945.1,37511876,Aspergillus_welwitschiae_gca_003344945.Aspwel1.dna.toplevel.fa,GCF_003344945.1_Aspwel1_genomic.fna.gz, 37511876, 37511876,Aspergillus_welwitschiae_gca_003344945.Aspwel1.dna.toplevel.fa_vs_GCF_003344945.1_Aspwel1_genomic.fna_blast.xml,0,0,5,0,0,0,0,32175,37479074,0,1,78,535,0,8,Aspergillus_welwitschiae_gca_003344945_subject_array_1753406773.bin
,1344418,GCA_001661345.1,PRJNA374039,Ascoidea rubescens DSM 1968,strain=DSM 1968,GCF_001661345.1,17503998,Ascoidea_rubescens_dsm_1968_gca_001661345.Ascru1.dna.toplevel.fa,GCF_001661345.1_Ascru1_genomic.fna.gz, 17503998, 17503998,Ascoidea_rubescens_dsm_1968_gca_001661345.Ascru1.dna.toplevel.fa_vs_GCF_001661345.1_Ascru1_genomic.fna_blast.xml,0,0,0,0,0,0,0,45213,17458227,0,0,4,553,0,1,Ascoidea_rubescens_dsm_1968_gca_001661345_subject_array_1753406780.bin
,1354746,GCA_000803265.1,PRJNA302310,Ordospora colligata OC4,strain=OC4,GCF_000803265.1,2290528,Ordospora_colligata_oc4_gca_000803265.ASM80326v1.dna.toplevel.fa,GCF_000803265.1_ASM80326v1_genomic.fna.gz, 2290528, 2290528,Ordospora_colligata_oc4_gca_000803265.ASM80326v1.dna.toplevel.fa_vs_GCF_000803265.1_ASM80326v1_genomic.fna_blast.xml,0,0,0,0,0,0,0,0,2290525,0,0,3,0,0,0,Ordospora_colligata_oc4_gca_000803265_subject_array_1753406781.bin
,1365824,GCA_000497045.1,PRJNA292598,Kalmanozyma brasiliensis GHG001,strain=GHG001,GCF_000497045.1,17325407,Kalmanozyma_brasiliensis_ghg001_gca_000497045.PSEUBRA1.dna.toplevel.fa,GCF_000497045.1_PSEUBRA1_genomic.fna.gz, 17325407, 17325407,Kalmanozyma_brasiliensis_ghg001_gca_000497045.PSEUBRA1.dna.toplevel.fa_vs_GCF_000497045.1_PSEUBRA1_genomic.fna_blast.xml,0,0,0,0,0,0,0,1431,17323935,0,2,2,37,0,0,Kalmanozyma_brasiliensis_ghg001_gca_000497045_subject_array_1753406787.bin
,1367422,GCA_001651985.1,PRJNA342681,Fonsecaea erecta,strain=CBS 125763,GCF_001651985.1,34747975,Fonsecaea_erecta_gca_001651985.ASM165198v1.dna.toplevel.fa,GCF_001651985.1_ASM165198v1_genomic.fna.gz, 34747975, 34747975,Fonsecaea_erecta_gca_001651985.ASM165198v1.dna.toplevel.fa_vs_GCF_001651985.1_ASM165198v1_genomic.fna_blast.xml,0,0,0,0,0,0,2,19276,34728581,0,4,15,96,0,1,Fonsecaea_erecta_gca_001651985_subject_array_1753406800.bin
,1380566,GCA_001653235.2,PRJNA342685,Pochonia chlamydosporia 170,na,GCF_001653235.2,44215803,Pochonia_chlamydosporia_170_gca_001653235.ASM165323v2.dna.toplevel.fa,GCF_001653235.2_ASM165323v2_genomic.fna.gz, 44215803, 44215803,Pochonia_chlamydosporia_170_gca_001653235.ASM165323v2.dna.toplevel.fa_vs_GCF_001653235.2_ASM165323v2_genomic.fna_blast.xml,0,0,0,0,0,0,0,22981,44192685,0,1,6,129,0,1,Pochonia_chlamydosporia_170_gca_001653235_subject_array_1753406820.bin
,1382522,GCA_000576695.1,PRJNA264007,Kuraishia capsulata CBS 1993,strain=CBS 1993,GCF_000576695.1,11371246,Kuraishia_capsulata_cbs_1993_gca_000576695.AUH_PRJEB4427_v1.dna.toplevel.fa,GCF_000576695.1_AUH_PRJEB4427_v1_genomic.fna.gz, 11371246, 11371246,Kuraishia_capsulata_cbs_1993_gca_000576695.AUH_PRJEB4427_v1.dna.toplevel.fa_vs_GCF_000576695.1_AUH_PRJEB4427_v1_genomic.fna_blast.xml,0,0,0,0,0,0,0,33271,11337946,0,0,3,26,0,0,Kuraishia_capsulata_cbs_1993_gca_000576695_subject_array_1753406824.bin
,1388766,GCA_000600275.1,PRJNA721986,Aspergillus ruber CBS 135680,strain=CBS 135680,GCF_000600275.1,26209327,Aspergillus_ruber_cbs_135680_gca_000600275.Eurhe1.dna.toplevel.fa,GCF_000600275.1_Eurhe1_genomic.fna.gz, 26209327, 26209327,Aspergillus_ruber_cbs_135680_gca_000600275.Eurhe1.dna.toplevel.fa_vs_GCF_000600275.1_Eurhe1_genomic.fna_blast.xml,0,0,1,0,0,0,1,133079,26076007,0,0,22,216,0,1,Aspergillus_ruber_cbs_135680_gca_000600275_subject_array_1753406836.bin
,1392243,GCA_010015585.1,PRJNA625771,Eremomyces bilateralis CBS 781.70,strain=CBS 781.70,GCF_010015585.1,26864015,Eremomyces_bilateralis_cbs_781_70_gca_010015585.Erebi1.dna.toplevel.fa,GCF_010015585.1_Erebi1_genomic.fna.gz, 26864015, 26864015,Eremomyces_bilateralis_cbs_781_70_gca_010015585.Erebi1.dna.toplevel.fa_vs_GCF_010015585.1_Erebi1_genomic.fna_blast.xml,0,0,3,1,0,0,0,242241,26620998,0,0,88,680,0,4,Eremomyces_bilateralis_cbs_781_70_gca_010015585_subject_array_1753406849.bin
,1392245,GCA_010015815.1,PRJNA625770,Dothidotthia symphoricarpi CBS 119687,strain=CBS 119687,GCF_010015815.1,34433519,Dothidotthia_symphoricarpi_cbs_119687_gca_010015815.Dotsy1.dna.toplevel.fa,GCF_010015815.1_Dotsy1_genomic.fna.gz, 34433519, 34433519,Dothidotthia_symphoricarpi_cbs_119687_gca_010015815.Dotsy1.dna.toplevel.fa_vs_GCF_010015815.1_Dotsy1_genomic.fna_blast.xml,0,0,9,1,0,0,1,179527,34251490,0,1,102,2381,0,7,Dothidotthia_symphoricarpi_cbs_119687_gca_010015815_subject_array_1753406879.bin
,1392248,GCA_002847485.1,PRJNA453590,Aspergillus campestris IBT 28561,strain=IBT 28561,GCF_002847485.1,28257496,Aspergillus_campestris_ibt_28561_gca_002847485.Aspcam1.dna.toplevel.fa,GCF_002847485.1_Aspcam1_genomic.fna.gz, 28257496, 28257496,Aspergillus_campestris_ibt_28561_gca_002847485.Aspcam1.dna.toplevel.fa_vs_GCF_002847485.1_Aspcam1_genomic.fna_blast.xml,0,0,0,0,0,0,1,0,28257491,0,0,4,0,0,0,Aspergillus_campestris_ibt_28561_gca_002847485_subject_array_1753406891.bin
,1392250,GCA_002849105.1,PRJNA453591,Aspergillus steynii IBT 23096,strain=IBT 23096,GCF_002849105.1,37847960,Aspergillus_steynii_ibt_23096_gca_002849105.Aspste1.dna.toplevel.fa,GCF_002849105.1_Aspste1_genomic.fna.gz, 37847960, 37847960,Aspergillus_steynii_ibt_23096_gca_002849105.Aspste1.dna.toplevel.fa_vs_GCF_002849105.1_Aspste1_genomic.fna_blast.xml,0,0,0,0,0,0,0,1,37847954,0,4,1,0,0,0,Aspergillus_steynii_ibt_23096_gca_002849105_subject_array_1753406915.bin
,1392255,GCA_002847465.1,PRJNA453589,Aspergillus novofumigatus IBT 16806,strain=IBT 16806,GCF_002847465.1,32440129,Aspergillus_novofumigatus_ibt_16806_gca_002847465.Aspnov1.dna.toplevel.fa,GCF_002847465.1_Aspnov1_genomic.fna.gz, 32440129, 32440129,Aspergillus_novofumigatus_ibt_16806_gca_002847465.Aspnov1.dna.toplevel.fa_vs_GCF_002847465.1_Aspnov1_genomic.fna_blast.xml,0,0,0,0,0,0,1,0,32440125,0,0,3,0,0,0,Aspergillus_novofumigatus_ibt_16806_gca_002847465_subject_array_1753406932.bin
,1392256,GCA_002846915.2,PRJNA722000,Aspergillus ochraceoroseus IBT 24754,strain=IBT 24754,GCF_002846915.1,27718211,Aspergillus_ochraceoroseus_ibt_24754_gca_002846915.Aspergillus_ochraceoroseus_IBT_24754_v1.1.dna.toplevel.fa,GCF_002846915.1_Aspergillus_ochraceoroseus_IBT_24754_v1.1_genomic.fna.gz, 27718211, 27718211,Aspergillus_ochraceoroseus_ibt_24754_gca_002846915.Aspergillus_ochraceoroseus_IBT_24754_v1.1.dna.toplevel.fa_vs_GCF_002846915.1_Aspergillus_ochraceoroseus_IBT_24754_v1.1_genomic.fna_blast.xml,0,0,0,0,0,0,0,0,27718208,0,3,0,0,0,0,Aspergillus_ochraceoroseus_ibt_24754_gca_002846915_subject_array_1753406999.bin
,1397361,GCA_000961545.1,PRJNA319337,Sporothrix schenckii 1099-18,strain=1099-18,GCF_000961545.1,32375103,Sporothrix_schenckii_1099_18_gca_000961545.S_schenckii_v1.dna.toplevel.fa,GCF_000961545.1_S_schenckii_v1_genomic.fna.gz, 32375103, 32375103,Sporothrix_schenckii_1099_18_gca_000961545.S_schenckii_v1.dna.toplevel.fa_vs_GCF_000961545.1_S_schenckii_v1_genomic.fna_blast.xml,0,0,0,0,0,0,0,10,32375093,0,0,0,0,0,0,Sporothrix_schenckii_1099_18_gca_000961545_subject_array_1753407011.bin
,1398154,GCA_000820605.1,PRJNA721989,Sporothrix brasiliensis 5110,strain=5110,GCF_000820605.1,33205847,Sporothrix_brasiliensis_5110_gca_000820605.S_brasiliensis_5110_v1.dna.toplevel.fa,GCF_000820605.1_S_brasiliensis_5110_v1_genomic.fna.gz, 33205847, 33205847,Sporothrix_brasiliensis_5110_gca_000820605.S_brasiliensis_5110_v1.dna.toplevel.fa_vs_GCF_000820605.1_S_brasiliensis_5110_v1_genomic.fna_blast.xml,0,0,0,1,0,0,13,0,33205762,0,60,11,0,0,0,Sporothrix_brasiliensis_5110_gca_000820605_subject_array_1753407024.bin
,1408163,GCA_000968595.1,PRJNA292605,Rasamsonia emersonii CBS 393.64,strain=CBS 393.64,GCF_000968595.1,28248805,Rasamsonia_emersonii_cbs_393_64_gca_000968595.ASM96859v1.dna.toplevel.fa,GCF_000968595.1_ASM96859v1_genomic.fna.gz, 28248805, 28248805,Rasamsonia_emersonii_cbs_393_64_gca_000968595.ASM96859v1.dna.toplevel.fa_vs_GCF_000968595.1_ASM96859v1_genomic.fna_blast.xml,0,0,0,0,0,0,45,10,28248511,0,40,171,28,0,0,Rasamsonia_emersonii_cbs_393_64_gca_000968595_subject_array_1753407035.bin
,1408657,GCA_001477535.1,PRJNA342697,Pneumocystis jirovecii RU7,strain=RU7,GCF_001477535.1,8396240,Pneumocystis_jirovecii_ru7_gca_001477535.Pneu_jiro_RU7_V2.dna.toplevel.fa,GCF_001477535.1_Pneu_jiro_RU7_V2_genomic.fna.gz, 8396240, 8396240,Pneumocystis_jirovecii_ru7_gca_001477535.Pneu_jiro_RU7_V2.dna.toplevel.fa_vs_GCF_001477535.1_Pneu_jiro_RU7_V2_genomic.fna_blast.xml,0,0,0,1,0,0,0,0,8396236,0,0,3,0,0,0,Pneumocystis_jirovecii_ru7_gca_001477535_subject_array_1753407040.bin
,1408658,GCA_001477545.1,PRJNA342696,Pneumocystis carinii B80,strain=B80,GCF_001477545.1,7661456,Pneumocystis_carinii_b80_gca_001477545.Pneu_cari_B80_V3.dna.toplevel.fa,GCF_001477545.1_Pneu_cari_B80_V3_genomic.fna.gz, 7661456, 7661456,Pneumocystis_carinii_b80_gca_001477545.Pneu_cari_B80_V3.dna.toplevel.fa_vs_GCF_001477545.1_Pneu_cari_B80_V3_genomic.fna_blast.xml,0,0,1,55,0,0,758,0,7648046,0,1395,10625,565,0,11,Pneumocystis_carinii_b80_gca_001477545_subject_array_1753407045.bin
,1441469,GCA_001907595.1,PRJNA374571,Talaromyces atroroseus,strain=IBT 11181,GCF_001907595.1,30858562,Talaromyces_atroroseus_gca_001907595.ASM190759v1.dna.toplevel.fa,GCF_001907595.1_ASM190759v1_genomic.fna.gz, 30858562, 30858562,Talaromyces_atroroseus_gca_001907595.ASM190759v1.dna.toplevel.fa_vs_GCF_001907595.1_ASM190759v1_genomic.fna_blast.xml,0,0,0,0,0,0,0,22696,30835502,0,0,41,316,0,7,Talaromyces_atroroseus_gca_001907595_subject_array_1753407077.bin
,1442368,GCA_000835455.1,PRJNA292603,Fonsecaea pedrosoi CBS 271.37,strain=CBS 271.37,GCF_000835455.1,34688880,Fonsecaea_pedrosoi_cbs_271_37_gca_000835455.Fons_pedr_CBS_271_37_V1.dna.toplevel.fa,GCF_000835455.1_Fons_pedr_CBS_271_37_V1_genomic.fna.gz, 34688880, 34688880,Fonsecaea_pedrosoi_cbs_271_37_gca_000835455.Fons_pedr_CBS_271_37_V1.dna.toplevel.fa_vs_GCF_000835455.1_Fons_pedr_CBS_271_37_V1_genomic.fna_blast.xml,0,0,0,0,0,0,0,55869,34632939,0,0,7,65,0,0,Fonsecaea_pedrosoi_cbs_271_37_gca_000835455_subject_array_1753407090.bin
,1442369,GCA_000835555.1,PRJNA292602,Rhinocladiella mackenziei CBS 650.93,strain=CBS 650.93,GCF_000835555.1,32474431,Rhinocladiella_mackenziei_cbs_650_93_gca_000835555.Rhin_mack_CBS_650_93_V1.dna.toplevel.fa,GCF_000835555.1_Rhin_mack_CBS_650_93_V1_genomic.fna.gz, 32474431, 32474431,Rhinocladiella_mackenziei_cbs_650_93_gca_000835555.Rhin_mack_CBS_650_93_V1.dna.toplevel.fa_vs_GCF_000835555.1_Rhin_mack_CBS_650_93_V1_genomic.fna_blast.xml,0,0,0,0,0,0,0,40765,32433482,0,1,22,161,0,0,Rhinocladiella_mackenziei_cbs_650_93_gca_000835555_subject_array_1753407107.bin
,1442370,GCA_000835475.1,PRJNA319323,Cladophialophora bantiana CBS 173.52,strain=CBS 173.52,GCF_000835475.1,36722552,Cladophialophora_bantiana_cbs_173_52_gca_000835475.Clad_bant_CBS_173_52_V1.dna.toplevel.fa,GCF_000835475.1_Clad_bant_CBS_173_52_V1_genomic.fna.gz, 36722552, 36722552,Cladophialophora_bantiana_cbs_173_52_gca_000835475.Clad_bant_CBS_173_52_V1.dna.toplevel.fa_vs_GCF_000835475.1_Clad_bant_CBS_173_52_V1_genomic.fna_blast.xml,0,0,2,0,0,0,0,83317,36639171,0,0,9,53,0,0,Cladophialophora_bantiana_cbs_173_52_gca_000835475_subject_array_1753407126.bin
,1442371,GCA_000836435.1,PRJNA319325,Fonsecaea multimorphosa CBS 102226,strain=CBS 102226,GCF_000836435.1,33447075,Fonsecaea_multimorphosa_cbs_102226_gca_000836435.Fons_mult_CBS_102226_V1.dna.toplevel.fa,GCF_000836435.1_Fons_mult_CBS_102226_V1_genomic.fna.gz, 33447075, 33447075,Fonsecaea_multimorphosa_cbs_102226_gca_000836435.Fons_mult_CBS_102226_V1.dna.toplevel.fa_vs_GCF_000836435.1_Fons_mult_CBS_102226_V1_genomic.fna_blast.xml,0,0,0,0,0,0,0,18376,33428698,0,0,1,0,0,0,Fonsecaea_multimorphosa_cbs_102226_gca_000836435_subject_array_1753407138.bin
,1448310,GCA_003184625.1,PRJNA479911,Aspergillus neoniger CBS 115656,strain=CBS 115656,GCF_003184625.1,35416444,Aspergillus_neoniger_cbs_115656_gca_003184625.Aspneo1.dna.toplevel.fa,GCF_003184625.1_Aspneo1_genomic.fna.gz, 35416444, 35416444,Aspergillus_neoniger_cbs_115656_gca_003184625.Aspneo1.dna.toplevel.fa_vs_GCF_003184625.1_Aspneo1_genomic.fna_blast.xml,0,0,0,0,0,0,0,17809,35398624,0,0,0,11,0,0,Aspergillus_neoniger_cbs_115656_gca_003184625_subject_array_1753407161.bin
,1448311,GCA_003184925.1,PRJNA479920,Aspergillus vadensis CBS 113365,strain=CBS 113365,GCF_003184925.1,35663374,Aspergillus_vadensis_cbs_113365_gca_003184925.Aspvad1.dna.toplevel.fa,GCF_003184925.1_Aspvad1_genomic.fna.gz, 35663374, 35663374,Aspergillus_vadensis_cbs_113365_gca_003184925.Aspvad1.dna.toplevel.fa_vs_GCF_003184925.1_Aspvad1_genomic.fna_blast.xml,0,0,1,0,0,0,0,4335,35659006,0,0,3,29,0,0,Aspergillus_vadensis_cbs_113365_gca_003184925_subject_array_1753407174.bin
,1448312,GCA_003184785.1,PRJNA479916,Aspergillus japonicus CBS 114.51,strain=CBS 114.51,GCF_003184785.1,36099954,Aspergillus_japonicus_cbs_114_51_gca_003184785.Aspjap1.dna.toplevel.fa,GCF_003184785.1_Aspjap1_genomic.fna.gz, 36099954, 36099954,Aspergillus_japonicus_cbs_114_51_gca_003184785.Aspjap1.dna.toplevel.fa_vs_GCF_003184785.1_Aspjap1_genomic.fna_blast.xml,0,0,1,0,0,0,1,18044,36081669,0,2,39,197,0,1,Aspergillus_japonicus_cbs_114_51_gca_003184785_subject_array_1753407190.bin
,1448313,GCA_003184755.1,PRJNA479914,Aspergillus piperis CBS 112811,strain=CBS 112811,GCF_003184755.1,35280331,Aspergillus_piperis_cbs_112811_gca_003184755.Asppip1.dna.toplevel.fa,GCF_003184755.1_Asppip1_genomic.fna.gz, 35280331, 35280331,Aspergillus_piperis_cbs_112811_gca_003184755.Asppip1.dna.toplevel.fa_vs_GCF_003184755.1_Asppip1_genomic.fna_blast.xml,0,0,0,0,0,0,0,10121,35270210,0,0,0,0,0,0,Aspergillus_piperis_cbs_112811_gca_003184755_subject_array_1753407204.bin
,1448314,GCA_003184535.1,PRJNA479907,Aspergillus eucalypticola CBS 122712,strain=CBS 122712,GCF_003184535.1,34792412,Aspergillus_eucalypticola_cbs_122712_gca_003184535.Aspeuc1.dna.toplevel.fa,GCF_003184535.1_Aspeuc1_genomic.fna.gz, 34792412, 34792412,Aspergillus_eucalypticola_cbs_122712_gca_003184535.Aspeuc1.dna.toplevel.fa_vs_GCF_003184535.1_Aspeuc1_genomic.fna_blast.xml,0,0,0,0,0,0,0,0,34792408,0,1,3,0,0,0,Aspergillus_eucalypticola_cbs_122712_gca_003184535_subject_array_1753407217.bin
,1448315,GCA_003184745.1,PRJNA479913,Aspergillus uvarum CBS 121591,strain=CBS 121591,GCF_003184745.1,35850703,Aspergillus_uvarum_cbs_121591_gca_003184745.Aspuva1.dna.toplevel.fa,GCF_003184745.1_Aspuva1_genomic.fna.gz, 35850703, 35850703,Aspergillus_uvarum_cbs_121591_gca_003184745.Aspuva1.dna.toplevel.fa_vs_GCF_003184745.1_Aspuva1_genomic.fna_blast.xml,0,0,1,0,0,0,1,9514,35841095,0,0,14,77,0,1,Aspergillus_uvarum_cbs_121591_gca_003184745_subject_array_1753407233.bin
,1448316,GCA_003184845.1,PRJNA479918,Aspergillus ibericus CBS 121593,strain=CBS 121593,GCF_003184845.1,33437983,Aspergillus_ibericus_cbs_121593_gca_003184845.Aspibe1.dna.toplevel.fa,GCF_003184845.1_Aspibe1_genomic.fna.gz, 33437983, 33437983,Aspergillus_ibericus_cbs_121593_gca_003184845.Aspibe1.dna.toplevel.fa_vs_GCF_003184845.1_Aspibe1_genomic.fna_blast.xml,0,0,0,0,0,0,0,11722,33426260,0,0,1,0,0,0,Aspergillus_ibericus_cbs_121593_gca_003184845_subject_array_1753407248.bin
,1448317,GCA_003184835.1,PRJNA479917,Aspergillus costaricaensis CBS 115574,strain=CBS 115574,GCF_003184835.1,36947918,Aspergillus_costaricaensis_cbs_115574_gca_003184835.Aspcos1.dna.toplevel.fa,GCF_003184835.1_Aspcos1_genomic.fna.gz, 36947918, 36947918,Aspergillus_costaricaensis_cbs_115574_gca_003184835.Aspcos1.dna.toplevel.fa_vs_GCF_003184835.1_Aspcos1_genomic.fna_blast.xml,0,0,1,1,0,0,1,20834,36926968,0,1,20,92,0,0,Aspergillus_costaricaensis_cbs_115574_gca_003184835_subject_array_1753407265.bin
,1448319,GCA_003184825.1,PRJNA722001,Aspergillus fijiensis CBS 313.89,strain=CBS 313.89,GCF_003184825.1,36513906,Aspergillus_fijiensis_cbs_313_89_gca_003184825.Aspfij1.dna.toplevel.fa,GCF_003184825.1_Aspfij1_genomic.fna.gz, 36513906, 36513906,Aspergillus_fijiensis_cbs_313_89_gca_003184825.Aspfij1.dna.toplevel.fa_vs_GCF_003184825.1_Aspfij1_genomic.fna_blast.xml,0,0,0,1,0,0,1,12829,36500898,0,0,35,142,0,0,Aspergillus_fijiensis_cbs_313_89_gca_003184825_subject_array_1753407280.bin
,1448321,GCA_003184545.1,PRJNA479908,Aspergillus heteromorphus CBS 117.55,strain=CBS 117.55,GCF_003184545.1,35607567,Aspergillus_heteromorphus_cbs_117_55_gca_003184545.Asphet1.dna.toplevel.fa,GCF_003184545.1_Asphet1_genomic.fna.gz, 35607567, 35607567,Aspergillus_heteromorphus_cbs_117_55_gca_003184545.Asphet1.dna.toplevel.fa_vs_GCF_003184545.1_Asphet1_genomic.fna_blast.xml,0,0,0,0,0,0,1,0,35607561,0,0,1,4,0,0,Aspergillus_heteromorphus_cbs_117_55_gca_003184545_subject_array_1753407312.bin
,1448322,GCA_003184765.1,PRJNA479915,Aspergillus aculeatinus CBS 121060,strain=CBS 121060,GCF_003184765.1,36471649,Aspergillus_aculeatinus_cbs_121060_gca_003184765.Aspacu1.dna.toplevel.fa,GCF_003184765.1_Aspacu1_genomic.fna.gz, 36471649, 36471649,Aspergillus_aculeatinus_cbs_121060_gca_003184765.Aspacu1.dna.toplevel.fa_vs_GCF_003184765.1_Aspacu1_genomic.fna_blast.xml,0,0,0,0,0,0,0,28488,36443148,0,0,0,13,0,0,Aspergillus_aculeatinus_cbs_121060_gca_003184765_subject_array_1753407330.bin
,1450172,GCA_010015735.1,PRJNA625762,Aaosphaeria arxii CBS 175.79,strain=CBS 175.79,GCF_010015735.1,38901049,Aaosphaeria_arxii_cbs_175_79_gca_010015735.Aaoar1.dna.toplevel.fa,GCF_010015735.1_Aaoar1_genomic.fna.gz, 38901049, 38901049,Aaosphaeria_arxii_cbs_175_79_gca_010015735.Aaoar1.dna.toplevel.fa_vs_GCF_010015735.1_Aaoar1_genomic.fna_blast.xml,0,0,2,0,0,0,0,134145,38766699,0,0,15,186,0,2,Aaosphaeria_arxii_cbs_175_79_gca_010015735_subject_array_1753407346.bin
,1450533,GCA_003184595.1,PRJNA479910,Aspergillus niger CBS 101883,strain=CBS 101883,GCF_003184595.1,35853610,Aspergillus_niger_cbs_101883_gca_003184595.Asplac1.dna.toplevel.fa,GCF_003184595.1_Asplac1_genomic.fna.gz, 35853610, 35853610,Aspergillus_niger_cbs_101883_gca_003184595.Asplac1.dna.toplevel.fa_vs_GCF_003184595.1_Asplac1_genomic.fna_blast.xml,0,0,0,2,0,0,0,22510,35831078,0,0,7,13,0,0,Aspergillus_niger_cbs_101883_gca_003184595_subject_array_1753407360.bin
,1450534,GCA_003184695.1,PRJNA479912,Aspergillus brunneoviolaceus CBS 621.78,strain=CBS 621.78,GCF_003184695.1,37477200,Aspergillus_brunneoviolaceus_cbs_621_78_gca_003184695.Aspbru1.dna.toplevel.fa,GCF_003184695.1_Aspbru1_genomic.fna.gz, 37477200, 37477200,Aspergillus_brunneoviolaceus_cbs_621_78_gca_003184695.Aspbru1.dna.toplevel.fa_vs_GCF_003184695.1_Aspbru1_genomic.fna_blast.xml,0,0,8,0,0,0,0,24708,37451970,0,5,39,464,0,6,Aspergillus_brunneoviolaceus_cbs_621_78_gca_003184695_subject_array_1753407385.bin
,1450535,GCA_003184525.1,PRJNA479906,Aspergillus sclerotioniger CBS 115572,strain=CBS 115572,GCF_003184525.1,36720365,Aspergillus_sclerotioniger_cbs_115572_gca_003184525.Aspscl1.dna.toplevel.fa,GCF_003184525.1_Aspscl1_genomic.fna.gz, 36720365, 36720365,Aspergillus_sclerotioniger_cbs_115572_gca_003184525.Aspscl1.dna.toplevel.fa_vs_GCF_003184525.1_Aspscl1_genomic.fna_blast.xml,0,0,0,0,0,0,0,0,36720365,0,0,0,0,0,0,Aspergillus_sclerotioniger_cbs_115572_gca_003184525_subject_array_1753407458.bin
,1450537,GCA_003184865.1,PRJNA479919,Aspergillus homomorphus CBS 101889,strain=CBS 101889,GCF_003184865.1,34054866,Aspergillus_homomorphus_cbs_101889_gca_003184865.Asphom1.dna.toplevel.fa,GCF_003184865.1_Asphom1_genomic.fna.gz, 34054866, 34054866,Aspergillus_homomorphus_cbs_101889_gca_003184865.Asphom1.dna.toplevel.fa_vs_GCF_003184865.1_Asphom1_genomic.fna_blast.xml,0,0,0,0,0,0,0,33791,34020975,0,0,12,87,0,1,Aspergillus_homomorphus_cbs_101889_gca_003184865_subject_array_1753407473.bin
,1450539,GCA_003184585.1,PRJNA479909,Aspergillus saccharolyticus JOP 1030-1,strain=JOP 1030-1,GCF_003184585.1,31096189,Aspergillus_saccharolyticus_jop_1030_1_gca_003184585.Aspsac1.dna.toplevel.fa,GCF_003184585.1_Aspsac1_genomic.fna.gz, 31096189, 31096189,Aspergillus_saccharolyticus_jop_1030_1_gca_003184585.Aspsac1.dna.toplevel.fa_vs_GCF_003184585.1_Aspsac1_genomic.fna_blast.xml,0,0,5,1,0,0,1,31809,31064230,0,2,48,93,0,0,Aspergillus_saccharolyticus_jop_1030_1_gca_003184585_subject_array_1753407487.bin
,1460663,GCA_001642045.1,PRJNA342679,Paraphaeosphaeria sporulosa,strain=AP3s5-JAC2a,GCF_001642045.1,38464024,Paraphaeosphaeria_sporulosa_gca_001642045.Parsp1.dna.toplevel.fa,GCF_001642045.1_Parsp1_genomic.fna.gz, 38464024, 38464024,Paraphaeosphaeria_sporulosa_gca_001642045.Parsp1.dna.toplevel.fa_vs_GCF_001642045.1_Parsp1_genomic.fna_blast.xml,0,0,2,0,0,0,0,376625,38086624,0,0,113,659,0,1,Paraphaeosphaeria_sporulosa_gca_001642045_subject_array_1753407503.bin
,149040,GCA_001500285.1,PRJNA342682,Mollisia scopiformis,strain=CBS 120377,GCF_001500285.1,48876257,Phialocephala_scopiformis_gca_001500285.Phisc1.dna.toplevel.fa,GCF_001500285.1_Phisc1_genomic.fna.gz, 48876257, 48876257,Phialocephala_scopiformis_gca_001500285.Phisc1.dna.toplevel.fa_vs_GCF_001500285.1_Phisc1_genomic.fna_blast.xml,0,0,2,0,0,0,0,255873,48619970,0,0,49,363,0,0,Phialocephala_scopiformis_gca_001500285_subject_array_1753407524.bin
,1506151,GCA_009193645.1,PRJNA602443,Aspergillus pseudonomiae,strain=CBS 119388,GCF_009193645.1,37780514,Aspergillus_pseudonomius_gca_009193645.Asppsen1.dna.toplevel.fa,GCF_009193645.1_Asppsen1_genomic.fna.gz, 37780514, 37780514,Aspergillus_pseudonomius_gca_009193645.Asppsen1.dna.toplevel.fa_vs_GCF_009193645.1_Asppsen1_genomic.fna_blast.xml,0,0,0,0,0,0,0,15558,37764936,0,0,4,16,0,0,Aspergillus_pseudonomius_gca_009193645_subject_array_1753407538.bin
,1506151,GCA_009176395.1,PRJNA602443,Aspergillus pseudonomiae,strain=CBS 119388,GCF_009193645.1,37780514,Aspergillus_pseudonomius_gca_009176395.Asppse1.dna.toplevel.fa,GCF_009193645.1_Asppsen1_genomic.fna.gz, 36713177, 37780514,Aspergillus_pseudonomius_gca_009176395.Asppse1.dna.toplevel.fa_vs_GCF_009193645.1_Asppsen1_genomic.fna_blast.xml,0,0,3509,485,0,0,3624,1480176,19488943,0,9007,163383,16623625,0,7762,Aspergillus_pseudonomius_gca_009176395_subject_array_1753407553.bin
,1522189,GCA_003144195.1,PRJNA479902,Ceraceosorus guamensis,strain=MCA 4658,GCF_003144195.1,24148100,Ceraceosorus_guamensis_gca_003144195.Cersp1.dna.toplevel.fa,GCF_003144195.1_Cersp1_genomic.fna.gz, 24148100, 24148100,Ceraceosorus_guamensis_gca_003144195.Cersp1.dna.toplevel.fa_vs_GCF_003144195.1_Cersp1_genomic.fna_blast.xml,0,0,0,0,0,0,0,26459,24121636,0,0,3,2,0,0,Ceraceosorus_guamensis_gca_003144195_subject_array_1753407563.bin
,156630,GCA_004154815.1,PRJNA531023,Alternaria arborescens,strain=FERA 675,GCF_004154835.1,33943449,Alternaria_arborescens_gca_004154815.ASM415481v1.dna.toplevel.fa,GCF_004154835.1_ASM415483v1_genomic.fna.gz, 33774152, 33943449,Alternaria_arborescens_gca_004154815.ASM415481v1.dna.toplevel.fa_vs_GCF_004154835.1_ASM415483v1_genomic.fna_blast.xml,0,0,2505,423,0,0,2794,876416,16475823,0,6728,246479,16325562,0,6719,Alternaria_arborescens_gca_004154815_subject_array_1753407578.bin
,156630,GCA_004154835.1,PRJNA531023,Alternaria arborescens,strain=FERA 675,GCF_004154835.1,33943449,Alternaria_arborescens_gca_004154835.ASM415483v1.dna.toplevel.fa,GCF_004154835.1_ASM415483v1_genomic.fna.gz, 33943449, 33943449,Alternaria_arborescens_gca_004154835.ASM415483v1.dna.toplevel.fa_vs_GCF_004154835.1_ASM415483v1_genomic.fna_blast.xml,0,0,0,0,0,0,4,74,33943360,0,2,9,0,0,0,Alternaria_arborescens_gca_004154835_subject_array_1753407593.bin
,156630,GCA_004155955.1,PRJNA531023,Alternaria arborescens,strain=FERA 675,GCF_004154835.1,33943449,Alternaria_arborescens_gca_004155955.ASM415595v1.dna.toplevel.fa,GCF_004154835.1_ASM415483v1_genomic.fna.gz, 33803556, 33943449,Alternaria_arborescens_gca_004155955.ASM415595v1.dna.toplevel.fa_vs_GCF_004154835.1_ASM415483v1_genomic.fna_blast.xml,0,0,2387,526,2,0,3650,1008438,22020653,0,9212,266504,10626431,0,5646,Alternaria_arborescens_gca_004155955_subject_array_1753407607.bin
,1569628,GCA_003144245.1,PRJNA479904,Jaminaea rosea,strain=MCA 5214,GCF_003144245.1,16615586,Jaminaea_rosea_gca_003144245.Jamsp1.dna.toplevel.fa,GCF_003144245.1_Jamsp1_genomic.fna.gz, 16615586, 16615586,Jaminaea_rosea_gca_003144245.Jamsp1.dna.toplevel.fa_vs_GCF_003144245.1_Jamsp1_genomic.fna_blast.xml,0,0,0,0,0,0,0,2191,16613395,0,0,0,0,0,0,Jaminaea_rosea_gca_003144245_subject_array_1753407613.bin
,1664694,GCA_001299255.1,PRJNA309727,Cyphellophora attinorum,strain=CBS 131958,GCF_001299255.1,30363635,Phialophora_attinorum_gca_001299255.ASM129925v1.dna.toplevel.fa,GCF_001299255.1_ASM129925v1_genomic.fna.gz, 30363635, 30363635,Phialophora_attinorum_gca_001299255.ASM129925v1.dna.toplevel.fa_vs_GCF_001299255.1_ASM129925v1_genomic.fna_blast.xml,0,0,0,0,0,0,1,0,30363624,0,4,6,0,0,0,Phialophora_attinorum_gca_001299255_subject_array_1753407624.bin
,1684307,GCA_003144135.1,PRJNA479901,Pseudomicrostroma glucosiphilum,strain=MCA 4718,GCF_003144135.1,17184282,Pseudomicrostroma_glucosiphilum_gca_003144135.Rhodsp1.dna.toplevel.fa,GCF_003144135.1_Rhodsp1_genomic.fna.gz, 17184282, 17184282,Pseudomicrostroma_glucosiphilum_gca_003144135.Rhodsp1.dna.toplevel.fa_vs_GCF_003144135.1_Rhodsp1_genomic.fna_blast.xml,0,0,0,0,0,0,0,20740,17163542,0,0,0,0,0,0,Pseudomicrostroma_glucosiphilum_gca_003144135_subject_array_1753407630.bin
,1805483,GCA_001642395.1,PRJNA1151049,Nematocida displodere,strain=JUm2807,GCF_001642395.1,3066400,Nematocida_displodere_gca_001642395.ASM164239v1.dna.toplevel.fa,GCF_001642395.1_ASM164239v1_genomic.fna.gz, 3066400, 3066400,Nematocida_displodere_gca_001642395.ASM164239v1.dna.toplevel.fa_vs_GCF_001642395.1_ASM164239v1_genomic.fna_blast.xml,0,0,1,0,0,0,0,8928,3057311,0,0,12,148,0,0,Nematocida_displodere_gca_001642395_subject_array_1753407632.bin
,1806994,GCA_006535985.1,PRJNA576245,Synchytrium microbalum,strain=JEL517,GCF_006535985.1,26244175,Synchytrium_microbalum_gca_006535985.ASM653598v1.dna.toplevel.fa,GCF_006535985.1_ASM653598v1_genomic.fna.gz, 26244175, 26244175,Synchytrium_microbalum_gca_006535985.ASM653598v1.dna.toplevel.fa_vs_GCF_006535985.1_ASM653598v1_genomic.fna_blast.xml,0,0,0,0,0,0,0,6588,26237557,0,0,2,28,0,0,Synchytrium_microbalum_gca_006535985_subject_array_1753407642.bin
,1810919,GCA_003369625.1,PRJNA495496,Aspergillus mulundensis,strain=DSM 5745,GCF_003369625.1,45341896,Aspergillus_mulundensis_gca_003369625.ASM336962v1.dna.toplevel.fa,GCF_003369625.1_ASM336962v1_genomic.fna.gz, 45341896, 45341896,Aspergillus_mulundensis_gca_003369625.ASM336962v1.dna.toplevel.fa_vs_GCF_003369625.1_ASM336962v1_genomic.fna_blast.xml,0,0,77,31,0,0,104,1117988,44204679,0,148,2112,16580,0,177,Aspergillus_mulundensis_gca_003369625_subject_array_1753407704.bin
,1835702,GCA_001773325.1,PRJNA395479,Penicillium arizonense,strain=CBS 141311,GCF_001773325.1,33729052,Penicillium_arizonense_gca_001773325.ASM177332v1.dna.toplevel.fa,GCF_001773325.1_ASM177332v1_genomic.fna.gz, 33729052, 33729052,Penicillium_arizonense_gca_001773325.ASM177332v1.dna.toplevel.fa_vs_GCF_001773325.1_ASM177332v1_genomic.fna_blast.xml,0,0,16,1,0,0,6,8369,33719556,0,2,125,973,0,4,Penicillium_arizonense_gca_001773325_subject_array_1753407721.bin
,1858805,GCA_000292625.1,PRJNA721985,Dacryopinax primogenitus,strain=DJM-731 SS1,GCF_000292625.1,29503487,Dacryopinax_primogenitus_gca_000292625.Dacryopinax_sp._DJM_731_SSP1_v1.0.dna.toplevel.fa,GCF_000292625.1_Dacryopinax_sp._DJM_731_SSP1_v1.0_genomic.fna.gz, 29503487, 29503487,Dacryopinax_primogenitus_gca_000292625.Dacryopinax_sp._DJM_731_SSP1_v1.0.dna.toplevel.fa_vs_GCF_000292625.1_Dacryopinax_sp._DJM_731_SSP1_v1.0_genomic.fna_blast.xml,0,0,7,1,0,0,8,1896052,27604875,0,2,113,2419,0,10,Dacryopinax_primogenitus_gca_000292625_subject_array_1753407756.bin
,1913371,GCA_000250695.1,PRJNA925087,Nematocida ausubeli,strain=ERTm6,GCF_000738915.1,4276041,Nematocida_sp_1_ertm2_gca_000250695.Nema_parisii_ERTm2_V1.dna.toplevel.fa,GCF_000738915.1_Nema_sp_1_ERTm6_V2_genomic.fna.gz, 4700711, 4276041,Nematocida_sp_1_ertm2_gca_000250695.Nema_parisii_ERTm2_V1.dna.toplevel.fa_vs_GCF_000738915.1_Nema_sp_1_ERTm6_V2_genomic.fna_blast.xml,0,0,4196,462,1,0,1834,90575,1089059,0,2754,107891,2972187,0,7082,Nematocida_sp_1_ertm2_gca_000250695_subject_array_1753407760.bin
,1913371,GCA_000738915.1,PRJNA925087,Nematocida ausubeli,strain=ERTm6,GCF_000738915.1,4276041,Nematocida_sp_1_ertm6_gca_000738915.Nema_sp_1_ERTm6_V2.dna.toplevel.fa,GCF_000738915.1_Nema_sp_1_ERTm6_V2_genomic.fna.gz, 4276041, 4276041,Nematocida_sp_1_ertm6_gca_000738915.Nema_sp_1_ERTm6_V2.dna.toplevel.fa_vs_GCF_000738915.1_Nema_sp_1_ERTm6_V2_genomic.fna_blast.xml,0,0,2,0,0,0,0,47216,4228622,0,0,22,178,0,1,Nematocida_sp_1_ertm6_gca_000738915_subject_array_1753407762.bin
,192010,GCA_900044065.1,PRJNA732906,Fusarium mangiferae,strain=MRC7560,GCF_900044065.1,46292722,Fusarium_mangiferae_gca_900044065.Genome_assembly_version_1.dna.toplevel.fa,GCF_900044065.1_Genome_assembly_version_1_genomic.fna.gz, 46292722, 46292722,Fusarium_mangiferae_gca_900044065.Genome_assembly_version_1.dna.toplevel.fa_vs_GCF_900044065.1_Genome_assembly_version_1_genomic.fna_blast.xml,0,0,42,6,0,0,59,595418,45687627,0,85,980,8453,0,52,Fusarium_mangiferae_gca_900044065_subject_array_1753407779.bin
,2020962,GCA_002818225.1,PRJNA973670,Malassezia vespertilionis,strain=CBS 15041,GCF_029542925.1,7595203,Malassezia_vespertilionis_gca_002818225.ASM281822v1.dna.toplevel.fa,GCF_029542925.1_ASM2954292v1_genomic.fna.gz, 7581597, 7595203,Malassezia_vespertilionis_gca_002818225.ASM281822v1.dna.toplevel.fa_vs_GCF_029542925.1_ASM2954292v1_genomic.fna_blast.xml,0,0,2,2,0,0,57,19431,7511810,0,126,221,63551,0,3,Malassezia_vespertilionis_gca_002818225_subject_array_1753407783.bin
,2059318,GCA_000149585.1,PRJNA20041,Histoplasma mississippiense (nom. inval.),strain=NAm1,GCF_000149585.1,32988475,Histoplasma_capsulatum_nam1_gca_000149585.ASM14958v1.dna.toplevel.fa,GCF_000149585.1_ASM14958v1_genomic.fna.gz, 33030326, 33030326,Histoplasma_capsulatum_nam1_gca_000149585.ASM14958v1.dna.toplevel.fa_vs_GCF_000149585.1_ASM14958v1_genomic.fna_blast.xml,0,0,56,9,0,0,54,2371645,30652206,0,115,494,5703,0,44,Histoplasma_capsulatum_nam1_gca_000149585_subject_array_1753407819.bin
,209559,GCA_009176365.1,PRJNA602437,Aspergillus alliaceus,strain=CBS 536.65,GCF_009176365.1,40168528,Aspergillus_alliaceus_gca_009176365.Aspalli1.dna.toplevel.fa,GCF_009176365.1_Aspalli1_genomic.fna.gz, 40168528, 40168528,Aspergillus_alliaceus_gca_009176365.Aspalli1.dna.toplevel.fa_vs_GCF_009176365.1_Aspalli1_genomic.fna_blast.xml,0,0,2,0,0,0,0,26653,40141747,0,0,14,110,0,2,Aspergillus_alliaceus_gca_009176365_subject_array_1753407837.bin
,209559,GCA_009193605.1,PRJNA602437,Aspergillus alliaceus,strain=CBS 536.65,GCF_009176365.1,40168528,Aspergillus_alliaceus_gca_009193605.Aspalbe1.dna.toplevel.fa,GCF_009176365.1_Aspalli1_genomic.fna.gz, 40140031, 40168528,Aspergillus_alliaceus_gca_009193605.Aspalbe1.dna.toplevel.fa_vs_GCF_009176365.1_Aspalli1_genomic.fna_blast.xml,2,0,13139,1400,4,0,11359,1625221,16710828,0,24238,471005,21282701,0,28631,Aspergillus_alliaceus_gca_009193605_subject_array_1753407857.bin
,212818,GCA_000836275.1,PRJNA326655,Exophiala mesophila,strain=CBS 40295,GCF_000836275.1,29273723,Exophiala_mesophila_gca_000836275.Exop_meso_CBS40295_V1.dna.toplevel.fa,GCF_000836275.1_Exop_meso_CBS40295_V1_genomic.fna.gz, 29273723, 29273723,Exophiala_mesophila_gca_000836275.Exop_meso_CBS40295_V1.dna.toplevel.fa_vs_GCF_000836275.1_Exop_meso_CBS40295_V1_genomic.fna_blast.xml,0,0,0,0,0,0,0,16824,29256841,0,0,6,50,0,2,Exophiala_mesophila_gca_000836275_subject_array_1753407868.bin
,212818,GCA_004011775.1,PRJNA326655,Exophiala mesophila,strain=CBS 40295,GCF_000836275.1,29273723,Exophiala_mesophila_gca_004011775.ASM401177v1.dna.toplevel.fa,GCF_000836275.1_Exop_meso_CBS40295_V1_genomic.fna.gz, 30432321, 29273723,Exophiala_mesophila_gca_004011775.ASM401177v1.dna.toplevel.fa_vs_GCF_000836275.1_Exop_meso_CBS40295_V1_genomic.fna_blast.xml,0,0,63190,8585,1,0,45473,1397761,11054392,0,87352,1509403,14984732,0,122834,Exophiala_mesophila_gca_004011775_subject_array_1753407880.bin
,215243,GCA_000835515.1,PRJNA326654,Exophiala oligosperma,strain=CBS 72588,GCF_000835515.1,38224514,Exophiala_oligosperma_gca_000835515.Exop_olig_CBS72588_V1.dna.toplevel.fa,GCF_000835515.1_Exop_olig_CBS72588_V1_genomic.fna.gz, 38224514, 38224514,Exophiala_oligosperma_gca_000835515.Exop_olig_CBS72588_V1.dna.toplevel.fa_vs_GCF_000835515.1_Exop_olig_CBS72588_V1_genomic.fna_blast.xml,0,0,1,0,0,0,3,303012,37920919,0,3,95,481,0,0,Exophiala_oligosperma_gca_000835515_subject_array_1753407894.bin
,215250,GCA_003144295.1,PRJNA479905,Acaromyces ingoldii,strain=MCA 4198,GCF_003144295.1,19330111,Acaromyces_ingoldii_gca_003144295.Acain1.dna.toplevel.fa,GCF_003144295.1_Acain1_genomic.fna.gz, 19330111, 19330111,Acaromyces_ingoldii_gca_003144295.Acain1.dna.toplevel.fa_vs_GCF_003144295.1_Acain1_genomic.fna_blast.xml,0,0,0,0,0,0,0,14946,19315097,0,0,10,58,0,0,Acaromyces_ingoldii_gca_003144295_subject_array_1753407901.bin
,226230,GCA_000167075.2,PRJNA973683,Saccharomyces kudriavzevii IFO 1802,strain=IFO1802,GCF_947243775.1,11913776,Saccharomyces_kudriavzevii_ifo_1802_gca_000167075.Saccharomyces_kudriavzevii_strain_IFO1802_v1.0.dna.toplevel.fa,GCF_947243775.1_Skud-IFO1802_genomic.fna.gz, 11189057, 11913776,Saccharomyces_kudriavzevii_ifo_1802_gca_000167075.Saccharomyces_kudriavzevii_strain_IFO1802_v1.0.dna.toplevel.fa_vs_GCF_947243775.1_Skud-IFO1802_genomic.fna_blast.xml,0,0,1210,88,0,0,1180,732950,5750060,0,2149,19419,5404646,0,2074,Saccharomyces_kudriavzevii_ifo_1802_gca_000167075_subject_array_1753407908.bin
,227321,GCA_000149205.2,PRJNA848821,Aspergillus nidulans FGSC A4,strain=FGSC A4,GCF_000011425.1,29828291,Aspergillus_nidulans_fgsc_a4_gca_000149205.ASM14920v2.dna.toplevel.fa,GCF_000011425.1_ASM1142v1_genomic.fna.gz, 30068514, 29828291,Aspergillus_nidulans_fgsc_a4_gca_000149205.ASM14920v2.dna.toplevel.fa_vs_GCF_000011425.1_ASM1142v1_genomic.fna_blast.xml,0,0,57,6,0,0,35,10215,10202708,0,30,705,19614458,0,77,Aspergillus_nidulans_fgsc_a4_gca_000149205_subject_array_1753407923.bin
,229533,GCA_000240135.3,PRJNA243,Fusarium graminearum PH-1,strain=PH-1; NRRL 31084,GCF_000240135.3,36458046,Fusarium_graminearum_ph_1_gca_000240135.ASM24013v3.dna.toplevel.fa,GCF_000240135.3_ASM24013v3_genomic.fna.gz, 36565771, 36458046,Fusarium_graminearum_ph_1_gca_000240135.ASM24013v3.dna.toplevel.fa_vs_GCF_000240135.3_ASM24013v3_genomic.fna_blast.xml,0,0,6,0,0,0,1,234366,36201750,0,0,2,21921,0,0,Fusarium_graminearum_ph_1_gca_000240135_subject_array_1753407936.bin
,229533,GCA_900044135.1,PRJNA243,Fusarium graminearum PH-1,strain=PH-1; NRRL 31084,GCF_000240135.3,36458046,Fusarium_graminearum.GCA900044135v1.dna.toplevel.fa,GCF_000240135.3_ASM24013v3_genomic.fna.gz, 38047942, 36458046,Fusarium_graminearum.GCA900044135v1.dna.toplevel.fa_vs_GCF_000240135.3_ASM24013v3_genomic.fna_blast.xml,0,0,114,51,0,0,300,235150,25136203,0,324,2412,11083344,0,148,Fusarium_graminearum_subject_array_1753407953.bin
,231269,GCA_003316985.1,PRJNA576242,Fusarium coffeatum,strain=FIESC_28,GCF_003316985.1,37769732,Fusarium_coffeatum_gca_003316985.ASM331698v1.dna.toplevel.fa,GCF_003316985.1_ASM331698v1_genomic.fna.gz, 37769732, 37769732,Fusarium_coffeatum_gca_003316985.ASM331698v1.dna.toplevel.fa_vs_GCF_003316985.1_ASM331698v1_genomic.fna_blast.xml,0,0,0,1,0,0,13,4,37769632,0,18,63,1,0,0,Fusarium_coffeatum_gca_003316985_subject_array_1753407967.bin
,235443,GCA_000149245.3,PRJNA177334,Cryptococcus neoformans H99,strain=H99,GCF_000149245.1,18891193,Cryptococcus_neoformans_var_grubii_h99_gca_000149245.CNA3.dna.toplevel.fa,GCF_000149245.1_CNA3_genomic.fna.gz, 18916112, 18916112,Cryptococcus_neoformans_var_grubii_h99_gca_000149245.CNA3.dna.toplevel.fa_vs_GCF_000149245.1_CNA3_genomic.fna_blast.xml,0,0,0,0,0,0,0,99,18916013,0,0,0,0,0,0,Cryptococcus_neoformans_var_grubii_h99_gca_000149245_subject_array_1753407977.bin
,236234,GCA_001883845.1,PRJNA374862,Diplodia corticola,strain=CBS 112549,GCF_001883845.1,34986079,Diplodia_corticola_gca_001883845.ASM188384v1.dna.toplevel.fa,GCF_001883845.1_ASM188384v1_genomic.fna.gz, 34986079, 34986079,Diplodia_corticola_gca_001883845.ASM188384v1.dna.toplevel.fa_vs_GCF_001883845.1_ASM188384v1_genomic.fna_blast.xml,0,0,0,0,0,0,3,11539,34974484,0,6,11,36,0,0,Diplodia_corticola_gca_001883845_subject_array_1753407991.bin
,237561,GCA_000784635.1,PRJNA14005,Candida albicans SC5314,strain=SC5314,GCF_000182965.3,14282666,Candida_albicans_sc5314_gca_000784635.Cand_albi_SC5314_V4.dna.toplevel.fa,GCF_000182965.3_ASM18296v3_genomic.fna.gz, 15213099, 14282666,Candida_albicans_sc5314_gca_000784635.Cand_albi_SC5314_V4.dna.toplevel.fa_vs_GCF_000182965.3_ASM18296v3_genomic.fna_blast.xml,0,0,380,237,0,0,4535,78624,13696620,0,8306,53667,439517,0,780,Candida_albicans_sc5314_gca_000784635_subject_array_1753407997.bin
,237561,GCA_000784655.1,PRJNA14005,Candida albicans SC5314,strain=SC5314,GCF_000182965.3,14282666,Candida_albicans_sc5314_gca_000784655.Cand_albi_SC5314_V3.dna.toplevel.fa,GCF_000182965.3_ASM18296v3_genomic.fna.gz, 14699893, 14282666,Candida_albicans_sc5314_gca_000784655.Cand_albi_SC5314_V3.dna.toplevel.fa_vs_GCF_000182965.3_ASM18296v3_genomic.fna_blast.xml,0,0,326,245,0,0,4378,63799,13712068,0,7289,51739,441978,0,844,Candida_albicans_sc5314_gca_000784655_subject_array_1753408003.bin
,237561,GCA_000182965.3,PRJNA14005,Candida albicans SC5314,strain=SC5314,GCF_000182965.3,14282666,Candida_albicans.GCA000182965v3.dna.toplevel.fa,GCF_000182965.3_ASM18296v3_genomic.fna.gz, 14323179, 14282666,Candida_albicans.GCA000182965v3.dna.toplevel.fa_vs_GCF_000182965.3_ASM18296v3_genomic.fna_blast.xml,0,0,0,0,0,0,0,5744,14275086,0,0,1820,16,0,0,Candida_albicans_subject_array_1753408009.bin
,240176,GCA_000182895.1,PRJNA29797,Coprinopsis cinerea okayama7#130,strain=okayama7#130,GCF_000182895.1,36150142,Coprinopsis_cinerea_okayama7_130_gca_000182895.CC3.dna.toplevel.fa,GCF_000182895.1_CC3_genomic.fna.gz, 36192590, 36192590,Coprinopsis_cinerea_okayama7_130_gca_000182895.CC3.dna.toplevel.fa_vs_GCF_000182895.1_CC3_genomic.fna_blast.xml,0,0,0,0,0,0,1,1,36192582,0,1,5,0,0,0,Coprinopsis_cinerea_okayama7_130_gca_000182895_subject_array_1753408026.bin
,245834,GCA_010093505.1,PRJNA625775,Neohortaea acidophila,strain=CBS 113389,GCF_010093505.1,20432448,Neohortaea_acidophila_gca_010093505.Horac1.dna.toplevel.fa,GCF_010093505.1_Horac1_genomic.fna.gz, 20432448, 20432448,Neohortaea_acidophila_gca_010093505.Horac1.dna.toplevel.fa_vs_GCF_010093505.1_Horac1_genomic.fna_blast.xml,0,0,0,0,0,0,0,17526,20414922,0,0,0,0,0,0,Neohortaea_acidophila_gca_010093505_subject_array_1753408035.bin
,246409,GCA_000149305.1,PRJNA1151041,Rhizopus delemar RA 99-880,strain=RA 99-880,GCF_000149305.1,46087117,Rhizopus_delemar_ra_99_880_gca_000149305.RO3.dna.toplevel.fa,GCF_000149305.1_RO3_genomic.fna.gz, 46148878, 46148878,Rhizopus_delemar_ra_99_880_gca_000149305.RO3.dna.toplevel.fa_vs_GCF_000149305.1_RO3_genomic.fna_blast.xml,0,0,7,2,0,0,14,820614,45326204,0,9,212,1809,0,7,Rhizopus_delemar_ra_99_880_gca_000149305_subject_array_1753408207.bin
,246410,GCA_000149335.2,PRJNA16822,Coccidioides immitis RS,strain=RS,GCF_000149335.2,28947925,Coccidioides_immitis_rs_gca_000149335.ASM14933v2.dna.toplevel.fa,GCF_000149335.2_ASM14933v2_genomic.fna.gz, 29016019, 29016019,Coccidioides_immitis_rs_gca_000149335.ASM14933v2.dna.toplevel.fa_vs_GCF_000149335.2_ASM14933v2_genomic.fna_blast.xml,0,0,2,6,0,0,6,133,29015644,0,3,39,186,0,0,Coccidioides_immitis_rs_gca_000149335_subject_array_1753408253.bin
,253628,GCA_000836295.1,PRJNA326657,Verruconis gallopava,strain=CBS 43764,GCF_000836295.1,31780469,Verruconis_gallopava_gca_000836295.O_gall_CBS43764.dna.toplevel.fa,GCF_000836295.1_O_gall_CBS43764_genomic.fna.gz, 31780469, 31780469,Verruconis_gallopava_gca_000836295.O_gall_CBS43764.dna.toplevel.fa_vs_GCF_000836295.1_O_gall_CBS43764_genomic.fna_blast.xml,0,0,3,1,0,0,0,430507,31349177,0,2,50,725,0,4,Verruconis_gallopava_gca_000836295_subject_array_1753408295.bin
,254056,GCA_001642475.1,PRJNA342681,Fonsecaea monophora,strain=CBS 269.37,GCF_001642475.1,35229797,Fonsecaea_monophora_gca_001642475.ASM164247v1.dna.toplevel.fa,GCF_001642475.1_ASM164247v1_genomic.fna.gz, 35229797, 35229797,Fonsecaea_monophora_gca_001642475.ASM164247v1.dna.toplevel.fa_vs_GCF_001642475.1_ASM164247v1_genomic.fna_blast.xml,0,0,0,0,0,0,2,0,35229789,0,4,2,0,0,0,Fonsecaea_monophora_gca_001642475_subject_array_1753408310.bin
,264951,GCA_004022145.1,PRJNA531022,Paecilomyces variotii,strain=CBS 101075,GCF_004022145.1,30105809,Byssochlamys_spectabilis_gca_004022145.Paevar1.dna.toplevel.fa,GCF_004022145.1_Paevar1_genomic.fna.gz, 30105809, 30105809,Byssochlamys_spectabilis_gca_004022145.Paevar1.dna.toplevel.fa_vs_GCF_004022145.1_Paevar1_genomic.fna_blast.xml,0,0,0,0,0,0,6,0,30105789,0,6,8,0,0,0,Byssochlamys_spectabilis_gca_004022145_subject_array_1753408326.bin
,2656787,GCA_003357145.1,PRJNA602438,Venustampulla echinocandica,strain=BP 5553,GCF_003357145.1,33639795,Venustampulla_echinocandica_gca_003357145.ASM335714v1.dna.toplevel.fa,GCF_003357145.1_ASM335714v1_genomic.fna.gz, 33639795, 33639795,Venustampulla_echinocandica_gca_003357145.ASM335714v1.dna.toplevel.fa_vs_GCF_003357145.1_ASM335714v1_genomic.fna_blast.xml,0,0,0,0,0,0,0,53374,33586412,0,1,0,8,0,0,Venustampulla_echinocandica_gca_003357145_subject_array_1753408342.bin
,2675880,GCA_003012295.1,PRJNA801208,Fusarium flagelliforme,strain=FIESC 12 MPI-CAGE-AA-0113,GCF_020744385.1,40328194,Fusarium_flagelliforme_gca_003012295.FIESC_12_NRRL13405_FIE12Z_contigs.dna.toplevel.fa,GCF_020744385.1_Fuseq1_genomic.fna.gz, 39607924, 40328194,Fusarium_flagelliforme_gca_003012295.FIESC_12_NRRL13405_FIE12Z_contigs.dna.toplevel.fa_vs_GCF_020744385.1_Fuseq1_genomic.fna_blast.xml,0,0,8611,1447,0,0,7680,1150930,17514579,0,17146,389886,21220143,0,17772,Fusarium_flagelliforme_gca_003012295_subject_array_1753408362.bin
,27334,GCA_000769735.1,PRJNA319326,Penicillium expansum,strain=MD-8,GCF_000769745.1,32356048,Penicillium_expansum_gca_000769735.ASM76973v1.dna.toplevel.fa,GCF_000769745.1_ASM76974v1_genomic.fna.gz, 32065046, 32356048,Penicillium_expansum_gca_000769735.ASM76973v1.dna.toplevel.fa_vs_GCF_000769745.1_ASM76974v1_genomic.fna_blast.xml,0,0,1792,277,1,0,1987,459045,16209501,0,6350,111015,15560319,0,5761,Penicillium_expansum_gca_000769735_subject_array_1753408377.bin
,27334,GCA_000769755.1,PRJNA319326,Penicillium expansum,strain=MD-8,GCF_000769745.1,32356048,Penicillium_expansum_gca_000769755.PEX1.dna.toplevel.fa,GCF_000769745.1_ASM76974v1_genomic.fna.gz, 31087040, 32356048,Penicillium_expansum_gca_000769755.PEX1.dna.toplevel.fa_vs_GCF_000769745.1_ASM76974v1_genomic.fna_blast.xml,0,0,1823,302,1,0,2207,1223768,16289561,0,5144,87840,14740601,0,4801,Penicillium_expansum_gca_000769755_subject_array_1753408390.bin
,2754530,GCA_002105105.1,PRJNA721999,Protomyces lactucae-debilis,strain=12-1054,GCF_002105105.1,12928838,Protomyces_lactucaedebilis_gca_002105105.Prola1.dna.toplevel.fa,GCF_002105105.1_Prola1_genomic.fna.gz, 12928838, 12928838,Protomyces_lactucaedebilis_gca_002105105.Prola1.dna.toplevel.fa_vs_GCF_002105105.1_Prola1_genomic.fna_blast.xml,0,0,0,0,0,0,2,0,12928836,0,0,0,0,0,0,Protomyces_lactucaedebilis_gca_002105105_subject_array_1753408396.bin
,283643,GCA_000149385.1,PRJNA19119,Cryptococcus deneoformans B-3501A,strain=B-3501A,GCF_000149385.1,19699782,Cryptococcus_neoformans_var_neoformans_b_3501a_gca_000149385.ASM14938v1.dna.toplevel.fa,GCF_000149385.1_ASM14938v1_genomic.fna.gz, 19699782, 19699782,Cryptococcus_neoformans_var_neoformans_b_3501a_gca_000149385.ASM14938v1.dna.toplevel.fa_vs_GCF_000149385.1_ASM14938v1_genomic.fna_blast.xml,0,0,1,0,0,0,0,1180144,18519528,0,0,5,103,0,1,Cryptococcus_neoformans_var_neoformans_b_3501a_gca_000149385_subject_array_1753408403.bin
,284592,GCA_000006445.2,PRJNA12410,Debaryomyces hansenii CBS767,strain=CBS767,GCF_000006445.2,12152486,Debaryomyces_hansenii_cbs767_gca_000006445.ASM644v2.dna.toplevel.fa,GCF_000006445.2_ASM644v2_genomic.fna.gz, 12152486, 12181948,Debaryomyces_hansenii_cbs767_gca_000006445.ASM644v2.dna.toplevel.fa_vs_GCF_000006445.2_ASM644v2_genomic.fna_blast.xml,0,0,7,0,0,0,7,25950,12153369,0,15,164,2415,0,21,Debaryomyces_hansenii_cbs767_gca_000006445_subject_array_1753408408.bin
,284813,GCA_000091225.2,PRJNA155,Encephalitozoon cuniculi GB-M1,na,GCF_000091225.2,2497519,Encephalitozoon_cuniculi_gb_m1_gca_000091225.ASM9122v2.dna.toplevel.fa,GCF_000091225.2_ASM9122v2_genomic.fna.gz, 2497519, 2497519,Encephalitozoon_cuniculi_gb_m1_gca_000091225.ASM9122v2.dna.toplevel.fa_vs_GCF_000091225.2_ASM9122v2_genomic.fna_blast.xml,0,0,0,0,0,0,0,800,2496719,0,0,0,0,0,0,Encephalitozoon_cuniculi_gb_m1_gca_000091225_subject_array_1753408410.bin
,28985,GCA_000002515.1,PRJNA12377,Kluyveromyces lactis,strain=NRRL Y-1140,GCF_000002515.2,10689156,Kluyveromyces_lactis_gca_000002515.ASM251v1.dna.toplevel.fa,GCF_000002515.2_ASM251v1_genomic.fna.gz, 10689156, 10729447,Kluyveromyces_lactis_gca_000002515.ASM251v1.dna.toplevel.fa_vs_GCF_000002515.2_ASM251v1_genomic.fna_blast.xml,0,0,0,0,0,0,0,40291,10689156,0,0,0,0,0,0,Kluyveromyces_lactis_gca_000002515_subject_array_1753408414.bin
,293939,GCA_010723975.1,PRJNA625765,Aspergillus lentulus,strain=IFM 58399,GCF_010724455.1,30229310,Aspergillus_lentulus_gca_010723975.ASM1072397v1.dna.toplevel.fa,GCF_010724455.1_ASM1072445v1_genomic.fna.gz, 30957489, 30229310,Aspergillus_lentulus_gca_010723975.ASM1072397v1.dna.toplevel.fa_vs_GCF_010724455.1_ASM1072445v1_genomic.fna_blast.xml,0,0,3238,465,0,0,3892,417336,14997180,0,8514,138861,14652671,0,7153,Aspergillus_lentulus_gca_010723975_subject_array_1753408425.bin
,293939,GCA_010724455.1,PRJNA625765,Aspergillus lentulus,strain=IFM 58399,GCF_010724455.1,30229310,Aspergillus_lentulus_gca_010724455.ASM1072445v1.dna.toplevel.fa,GCF_010724455.1_ASM1072445v1_genomic.fna.gz, 30229310, 30229310,Aspergillus_lentulus_gca_010724455.ASM1072445v1.dna.toplevel.fa_vs_GCF_010724455.1_ASM1072445v1_genomic.fna_blast.xml,0,0,0,0,0,0,2,3427,30225873,0,3,4,1,0,0,Aspergillus_lentulus_gca_010724455_subject_array_1753408436.bin
,293939,GCA_010724575.1,PRJNA625765,Aspergillus lentulus,strain=IFM 58399,GCF_010724455.1,30229310,Aspergillus_lentulus_gca_010724575.ASM1072457v1.dna.toplevel.fa,GCF_010724455.1_ASM1072445v1_genomic.fna.gz, 31053882, 30229310,Aspergillus_lentulus_gca_010724575.ASM1072457v1.dna.toplevel.fa_vs_GCF_010724455.1_ASM1072445v1_genomic.fna_blast.xml,0,0,2925,378,0,0,3564,374701,16805546,0,7786,132411,12895498,0,6501,Aspergillus_lentulus_gca_010724575_subject_array_1753408449.bin
,293939,GCA_010724635.1,PRJNA625765,Aspergillus lentulus,strain=IFM 58399,GCF_010724455.1,30229310,Aspergillus_lentulus_gca_010724635.ASM1072463v1.dna.toplevel.fa,GCF_010724455.1_ASM1072445v1_genomic.fna.gz, 31225736, 30229310,Aspergillus_lentulus_gca_010724635.ASM1072463v1.dna.toplevel.fa_vs_GCF_010724455.1_ASM1072445v1_genomic.fna_blast.xml,0,0,3410,433,0,0,4054,465645,16420689,0,9274,145191,13172949,0,7665,Aspergillus_lentulus_gca_010724635_subject_array_1753408463.bin
,293939,GCA_010724915.1,PRJNA625765,Aspergillus lentulus,strain=IFM 58399,GCF_010724455.1,30229310,Aspergillus_lentulus_gca_010724915.ASM1072491v1.dna.toplevel.fa,GCF_010724455.1_ASM1072445v1_genomic.fna.gz, 30753187, 30229310,Aspergillus_lentulus_gca_010724915.ASM1072491v1.dna.toplevel.fa_vs_GCF_010724455.1_ASM1072445v1_genomic.fna_blast.xml,1,0,3258,428,0,0,3786,458685,14515230,0,8452,132699,15099371,0,7400,Aspergillus_lentulus_gca_010724915_subject_array_1753408476.bin
,293939,GCA_001445615.2,PRJNA625765,Aspergillus lentulus,strain=IFM 58399,GCF_010724455.1,30229310,Aspergillus_lentulus.GCA001445615v2.dna.toplevel.fa,GCF_010724455.1_ASM1072445v1_genomic.fna.gz, 30774200, 30229310,Aspergillus_lentulus.GCA001445615v2.dna.toplevel.fa_vs_GCF_010724455.1_ASM1072445v1_genomic.fna_blast.xml,0,0,7695,860,0,0,6348,823418,12040130,0,14210,266231,17051723,0,18695,Aspergillus_lentulus_subject_array_1753408489.bin
,294746,GCA_000149425.1,PRJNA19593,Meyerozyma guilliermondii ATCC 6260,strain=ATCC 6260,GCF_000149425.1,10609954,Meyerozyma_guilliermondii_atcc_6260_gca_000149425.ASM14942v1.dna.toplevel.fa,GCF_000149425.1_ASM14942v1_genomic.fna.gz, 10609954, 10609954,Meyerozyma_guilliermondii_atcc_6260_gca_000149425.ASM14942v1.dna.toplevel.fa_vs_GCF_000149425.1_ASM14942v1_genomic.fna_blast.xml,0,0,0,0,0,0,5,35374,10574519,0,31,10,15,0,0,Meyerozyma_guilliermondii_atcc_6260_gca_000149425_subject_array_1753408494.bin
,294747,GCA_000006335.3,PRJNA39569,Candida tropicalis MYA-3404,strain=MYA-3404,GCF_000006335.3,14579835,Candida_tropicalis.GCA000006335v3.dna.toplevel.fa,GCF_000006335.3_ASM633v3_genomic.fna.gz, 14630139, 14630139,Candida_tropicalis.GCA000006335v3.dna.toplevel.fa_vs_GCF_000006335.3_ASM633v3_genomic.fna_blast.xml,0,0,0,2,0,0,5,53984,14576067,0,1,41,39,0,0,Candida_tropicalis_subject_array_1753408501.bin
,294750,GCA_000149475.3,PRJNA1072634,Cryptococcus deuterogattii R265,na,GCF_002954075.1,17550122,Cryptococcus_gattii_vgii_r265_gca_000149475.CNB2.dna.toplevel.fa,GCF_002954075.1_C._deuterogattii_R265_chr_genomic.fna.gz, 17475811, 17550122,Cryptococcus_gattii_vgii_r265_gca_000149475.CNB2.dna.toplevel.fa_vs_GCF_002954075.1_C._deuterogattii_R265_chr_genomic.fna_blast.xml,0,0,1200,86,0,0,953,253572,8066718,0,482,7215,9219166,0,730,Cryptococcus_gattii_vgii_r265_gca_000149475_subject_array_1753408508.bin
,29845,GCA_002072255.1,PRJNA973687,Penicillium vulpinum,strain=IBT 29486,GCF_028829585.1,31511571,Penicillium_vulpinum_gca_002072255.ASM207225v1.dna.toplevel.fa,GCF_028829585.1_ASM2882958v1_genomic.fna.gz, 31061096, 31539044,Penicillium_vulpinum_gca_002072255.ASM207225v1.dna.toplevel.fa_vs_GCF_028829585.1_ASM2882958v1_genomic.fna_blast.xml,0,0,1375,125,0,0,1328,74768,13774195,0,2943,58514,17622580,0,3216,Penicillium_vulpinum_gca_002072255_subject_array_1753408524.bin
,318751,GCA_010094085.1,PRJNA625779,Westerdykella ornata,strain=CBS 379.55,GCF_010094085.1,26979746,Westerdykella_ornata_gca_010094085.Wesor1.dna.toplevel.fa,GCF_010094085.1_Wesor1_genomic.fna.gz, 26979746, 26979746,Westerdykella_ornata_gca_010094085.Wesor1.dna.toplevel.fa_vs_GCF_010094085.1_Wesor1_genomic.fna_blast.xml,0,0,0,0,0,0,0,81221,26898408,0,1,4,112,0,0,Westerdykella_ornata_gca_010094085_subject_array_1753408536.bin
,322104,GCA_000209165.1,PRJNA18881,Scheffersomyces stipitis CBS 6054,strain=CBS 6054,GCF_000209165.1,15441179,Scheffersomyces_stipitis_cbs_6054_gca_000209165.ASM20916v1.dna.toplevel.fa,GCF_000209165.1_ASM20916v1_genomic.fna.gz, 15441179, 15441179,Scheffersomyces_stipitis_cbs_6054_gca_000209165.ASM20916v1.dna.toplevel.fa_vs_GCF_000209165.1_ASM20916v1_genomic.fna_blast.xml,0,0,0,0,0,0,0,100,15441079,0,0,0,0,0,0,Scheffersomyces_stipitis_cbs_6054_gca_000209165_subject_array_1753408544.bin
,330879,GCA_000002655.1,PRJNA14003,Aspergillus fumigatus Af293,strain=Af293,GCF_000002655.1,29384958,Aspergillus_fumigatus.GCA000002655v1.dna.toplevel.fa,GCF_000002655.1_ASM265v1_genomic.fna.gz, 29420142, 29384958,Aspergillus_fumigatus.GCA000002655v1.dna.toplevel.fa_vs_GCF_000002655.1_ASM265v1_genomic.fna_blast.xml,0,0,0,1,0,0,0,574786,28810046,0,0,34,91,0,0,Aspergillus_fumigatus_subject_array_1753408555.bin
,331117,GCA_000149645.4,PRJNA18475,Aspergillus fischeri NRRL 181,strain=NRRL 181,GCF_000149645.3,31377515,Aspergillus_fischeri.GCA000149645v4.dna.toplevel.fa,GCF_000149645.3_ASM14964v4_genomic.fna.gz, 31377515, 31377515,Aspergillus_fischeri.GCA000149645v4.dna.toplevel.fa_vs_GCF_000149645.3_ASM14964v4_genomic.fna_blast.xml,0,0,31,1,0,0,28,7553,31345772,0,22,145,23943,0,20,Aspergillus_fischeri_subject_array_1753408569.bin
,33203,GCA_001653205.1,PRJNA1120879,Purpureocillium lilacinum,strain=CBS 284.36,GCF_023168085.1,38571925,Purpureocillium_lilacinum_gca_001653205.ASM165320v1.dna.toplevel.fa,GCF_023168085.1_PurlilCBS_1.0_genomic.fna.gz, 38140521, 38571925,Purpureocillium_lilacinum_gca_001653205.ASM165320v1.dna.toplevel.fa_vs_GCF_023168085.1_PurlilCBS_1.0_genomic.fna_blast.xml,1,0,13742,1998,5,0,12909,2305606,16023234,0,29839,431498,19721164,0,31929,Purpureocillium_lilacinum_gca_001653205_subject_array_1753408586.bin
,33203,GCA_001653265.1,PRJNA1120879,Purpureocillium lilacinum,strain=CBS 284.36,GCF_023168085.1,38571925,Purpureocillium_lilacinum_gca_001653265.ASM165326v1.dna.toplevel.fa,GCF_023168085.1_PurlilCBS_1.0_genomic.fna.gz, 38534601, 38571925,Purpureocillium_lilacinum_gca_001653265.ASM165326v1.dna.toplevel.fa_vs_GCF_023168085.1_PurlilCBS_1.0_genomic.fna_blast.xml,1,0,13188,2162,3,0,14791,2372751,18674903,0,35005,456004,16971010,0,32107,Purpureocillium_lilacinum_gca_001653265_subject_array_1753408604.bin
,33203,GCA_003144605.1,PRJNA1120879,Purpureocillium lilacinum,strain=CBS 284.36,GCF_023168085.1,38571925,Purpureocillium_lilacinum_gca_003144605.ASM314460v1.dna.toplevel.fa,GCF_023168085.1_PurlilCBS_1.0_genomic.fna.gz, 37598801, 38571925,Purpureocillium_lilacinum_gca_003144605.ASM314460v1.dna.toplevel.fa_vs_GCF_023168085.1_PurlilCBS_1.0_genomic.fna_blast.xml,2,0,14307,2074,4,0,13493,2507119,18376743,0,34959,438213,17149787,0,35224,Purpureocillium_lilacinum_gca_003144605_subject_array_1753408620.bin
,336963,GCA_000003515.2,PRJNA39807,Uncinocarpus reesii 1704,strain=1704,GCF_000003515.1,22327935,Uncinocarpus_reesii_1704_gca_000003515.ASM351v2.dna.toplevel.fa,GCF_000003515.1_ASM351v2_genomic.fna.gz, 22349738, 22349738,Uncinocarpus_reesii_1704_gca_000003515.ASM351v2.dna.toplevel.fa_vs_GCF_000003515.1_ASM351v2_genomic.fna_blast.xml,0,0,5,3,0,0,13,179243,22169215,0,16,193,1041,0,9,Uncinocarpus_reesii_1704_gca_000003515_subject_array_1753408631.bin
,342668,GCA_001662655.1,PRJNA342683,Pseudogymnoascus verrucosus,strain=UAMH 10579,GCF_001662655.1,30174856,Pseudogymnoascus_verrucosus_gca_001662655.ASM166265v1.dna.toplevel.fa,GCF_001662655.1_ASM166265v1_genomic.fna.gz, 30174856, 30174856,Pseudogymnoascus_verrucosus_gca_001662655.ASM166265v1.dna.toplevel.fa_vs_GCF_001662655.1_ASM166265v1_genomic.fna_blast.xml,0,0,0,0,0,0,1,14112,30158929,0,0,12,1801,0,1,Pseudogymnoascus_verrucosus_gca_001662655_subject_array_1753408644.bin
,34475,GCA_004679265.1,PRJNA835131,Rhodofomes roseus,strain=CIRM-BRFM 1785,GCF_022264815.1,38369625,Fomitopsis_rosea_gca_004679265.ASM467926v1.dna.toplevel.fa,GCF_022264815.1_Fomros1_genomic.fna.gz, 36531131, 38369625,Fomitopsis_rosea_gca_004679265.ASM467926v1.dna.toplevel.fa_vs_GCF_022264815.1_Fomros1_genomic.fna_blast.xml,1,0,21664,2876,1,0,21680,2754870,17797220,0,53892,561202,17103528,0,52691,Fomitopsis_rosea_gca_004679265_subject_array_1753408664.bin
,348802,GCA_000835505.1,PRJNA326602,Exophiala xenobiotica,strain=CBS 118157,GCF_000835505.1,31405760,Exophiala_xenobiotica_gca_000835505.Exop_xeno_CBS118157_V1.dna.toplevel.fa,GCF_000835505.1_Exop_xeno_CBS118157_V1_genomic.fna.gz, 31405760, 31405760,Exophiala_xenobiotica_gca_000835505.Exop_xeno_CBS118157_V1.dna.toplevel.fa_vs_GCF_000835505.1_Exop_xeno_CBS118157_V1_genomic.fna_blast.xml,0,0,0,0,0,0,0,17638,31388091,0,0,5,26,0,0,Exophiala_xenobiotica_gca_000835505_subject_array_1753408677.bin
,36035,GCA_900491785.1,PRJNA801202,Saccharomycodes ludwigii,strain=NBRC 1722,GCF_020623625.1,12500424,Saccharomycodes_ludwigii_gca_900491785.S_ludwigii_v1.dna.toplevel.fa,GCF_020623625.1_UHD_SCDLUD_16_genomic.fna.gz, 10785241, 12500424,Saccharomycodes_ludwigii_gca_900491785.S_ludwigii_v1.dna.toplevel.fa_vs_GCF_020623625.1_UHD_SCDLUD_16_genomic.fna_blast.xml,0,0,5011,569,2,0,4784,1526179,5544490,0,10805,66654,5329942,0,11988,Saccharomycodes_ludwigii_gca_900491785_subject_array_1753408683.bin
,36050,GCA_001675295.1,PRJNA774197,Fusarium poae,strain=DAOMC 252244,GCF_019609905.1,43859651,Fusarium_poae_gca_001675295.FPOA1.0.dna.toplevel.fa,GCF_019609905.1_ASM1960990v1_genomic.fna.gz, 46476831, 44000513,Fusarium_poae_gca_001675295.FPOA1.0.dna.toplevel.fa_vs_GCF_019609905.1_ASM1960990v1_genomic.fna_blast.xml,2,0,7776,1648,3,0,17859,1316311,35164902,0,42143,433301,7001927,0,14641,Fusarium_poae_gca_001675295_subject_array_1753408717.bin
,36646,GCA_002072405.1,PRJNA973687,Penicillium coprophilum,strain=IBT 35676,GCF_028826855.1,29014640,Penicillium_coprophilum_gca_002072405.ASM207240v1.dna.toplevel.fa,GCF_028826855.1_ASM2882685v1_genomic.fna.gz, 28360408, 29023283,Penicillium_coprophilum_gca_002072405.ASM207240v1.dna.toplevel.fa_vs_GCF_028826855.1_ASM2882685v1_genomic.fna_blast.xml,0,0,34052,6494,1,0,41637,2477817,13584349,0,86272,1560894,11160683,0,71084,Penicillium_coprophilum_gca_002072405_subject_array_1753408730.bin
,367775,GCA_000185945.1,PRJNA62089,Cryptococcus gattii WM276,strain=WM276,GCF_000185945.1,18374760,Cryptococcus_gattii_wm276_gca_000185945.ASM18594v1.dna.toplevel.fa,GCF_000185945.1_ASM18594v1_genomic.fna.gz, 18374760, 18374760,Cryptococcus_gattii_wm276_gca_000185945.ASM18594v1.dna.toplevel.fa_vs_GCF_000185945.1_ASM18594v1_genomic.fna_blast.xml,0,0,0,0,0,0,0,13056,18361704,0,0,0,0,0,0,Cryptococcus_gattii_wm276_gca_000185945_subject_array_1753408739.bin
,36911,GCA_001673695.2,PRJNA1128260,Clavispora lusitaniae,strain=FDAARGOS_655,GCF_014636115.1,12128633,Clavispora_lusitaniae_gca_001673695.ASM167369v2.dna.toplevel.fa,GCF_014636115.1_ASM1463611v1_genomic.fna.gz, 11992787, 12128633,Clavispora_lusitaniae_gca_001673695.ASM167369v2.dna.toplevel.fa_vs_GCF_014636115.1_ASM1463611v1_genomic.fna_blast.xml,0,0,3832,1345,2,0,13185,168983,8637864,0,30649,188691,3075353,0,8729,Clavispora_lusitaniae_gca_001673695_subject_array_1753408744.bin
,36911,GCA_009498055.1,PRJNA1128260,Clavispora lusitaniae,strain=FDAARGOS_655,GCF_014636115.1,12128633,Clavispora_lusitaniae_gca_009498055.ASM949805v1.dna.toplevel.fa,GCF_014636115.1_ASM1463611v1_genomic.fna.gz, 12081832, 12128633,Clavispora_lusitaniae_gca_009498055.ASM949805v1.dna.toplevel.fa_vs_GCF_014636115.1_ASM1463611v1_genomic.fna_blast.xml,0,0,6327,1349,0,0,12003,127428,7580408,0,23937,193639,4171182,0,12360,Clavispora_lusitaniae_gca_009498055_subject_array_1753408749.bin
,36911,GCA_009498075.1,PRJNA1128260,Clavispora lusitaniae,strain=FDAARGOS_655,GCF_014636115.1,12128633,Clavispora_lusitaniae_gca_009498075.ASM949807v1.dna.toplevel.fa,GCF_014636115.1_ASM1463611v1_genomic.fna.gz, 12088036, 12128633,Clavispora_lusitaniae_gca_009498075.ASM949807v1.dna.toplevel.fa_vs_GCF_014636115.1_ASM1463611v1_genomic.fna_blast.xml,0,0,11702,1380,0,0,6691,128350,3231378,0,13728,194107,8518350,0,22947,Clavispora_lusitaniae_gca_009498075_subject_array_1753408755.bin
,36911,GCA_009498095.1,PRJNA1128260,Clavispora lusitaniae,strain=FDAARGOS_655,GCF_014636115.1,12128633,Clavispora_lusitaniae_gca_009498095.ASM949809v1.dna.toplevel.fa,GCF_014636115.1_ASM1463611v1_genomic.fna.gz, 12103903, 12128633,Clavispora_lusitaniae_gca_009498095.ASM949809v1.dna.toplevel.fa_vs_GCF_014636115.1_ASM1463611v1_genomic.fna_blast.xml,0,0,11738,1361,0,0,6625,128037,3272903,0,13624,193799,8477810,0,22736,Clavispora_lusitaniae_gca_009498095_subject_array_1753408760.bin
,36911,GCA_009498115.1,PRJNA1128260,Clavispora lusitaniae,strain=FDAARGOS_655,GCF_014636115.1,12128633,Clavispora_lusitaniae_gca_009498115.ASM949811v1.dna.toplevel.fa,GCF_014636115.1_ASM1463611v1_genomic.fna.gz, 12086894, 12128633,Clavispora_lusitaniae_gca_009498115.ASM949811v1.dna.toplevel.fa_vs_GCF_014636115.1_ASM1463611v1_genomic.fna_blast.xml,0,0,11912,1338,0,0,6555,129024,3233881,0,13330,194201,8515351,0,23041,Clavispora_lusitaniae_gca_009498115_subject_array_1753408766.bin
,36911,GCA_009498135.1,PRJNA1128260,Clavispora lusitaniae,strain=FDAARGOS_655,GCF_014636115.1,12128633,Clavispora_lusitaniae_gca_009498135.ASM949813v1.dna.toplevel.fa,GCF_014636115.1_ASM1463611v1_genomic.fna.gz, 12096646, 12128633,Clavispora_lusitaniae_gca_009498135.ASM949813v1.dna.toplevel.fa_vs_GCF_014636115.1_ASM1463611v1_genomic.fna_blast.xml,0,0,11558,1434,1,0,6671,127434,3276142,0,13699,193741,8475275,0,22678,Clavispora_lusitaniae_gca_009498135_subject_array_1753408771.bin
,37727,GCA_009556855.1,PRJNA945037,Talaromyces marneffei,na,GCF_009556855.1,28198338,Talaromyces_marneffei_gca_009556855.ASM955685v1.dna.toplevel.fa,GCF_009556855.1_ASM955685v1_genomic.fna.gz, 28198338, 28198338,Talaromyces_marneffei_gca_009556855.ASM955685v1.dna.toplevel.fa_vs_GCF_009556855.1_ASM955685v1_genomic.fna_blast.xml,0,0,0,0,0,0,0,0,28198338,0,0,0,0,0,0,Talaromyces_marneffei_gca_009556855_subject_array_1753408783.bin
,37727,GCA_009650675.1,PRJNA945037,Talaromyces marneffei,na,GCF_009556855.1,28198338,Talaromyces_marneffei_gca_009650675.ASM965067v1.dna.toplevel.fa,GCF_009556855.1_ASM955685v1_genomic.fna.gz, 28216733, 28198338,Talaromyces_marneffei_gca_009650675.ASM965067v1.dna.toplevel.fa_vs_GCF_009556855.1_ASM955685v1_genomic.fna_blast.xml,0,0,1953,178,0,0,2185,308952,14183599,0,7148,45814,13641472,0,7037,Talaromyces_marneffei_gca_009650675_subject_array_1753408797.bin
,390896,GCA_010094035.1,PRJNA625778,Trematosphaeria pertusa,strain=CBS 122368,GCF_010094035.1,47745773,Trematosphaeria_pertusa_gca_010094035.Trepe1.dna.toplevel.fa,GCF_010094035.1_Trepe1_genomic.fna.gz, 47745773, 47745773,Trematosphaeria_pertusa_gca_010094035.Trepe1.dna.toplevel.fa_vs_GCF_010094035.1_Trepe1_genomic.fna_blast.xml,0,0,171,21,0,0,38,651049,47078599,0,54,1563,14076,0,202,Trematosphaeria_pertusa_gca_010094035_subject_array_1753408981.bin
,398673,GCA_001481775.2,PRJNA342687,Trichoderma gamsii,strain=T6085,GCF_001481775.2,37908251,Trichoderma_gamsii_gca_001481775.TGAM01v2.dna.toplevel.fa,GCF_001481775.2_TGAM01v2_genomic.fna.gz, 37908251, 37908251,Trichoderma_gamsii_gca_001481775.TGAM01v2.dna.toplevel.fa_vs_GCF_001481775.2_TGAM01v2_genomic.fna_blast.xml,0,0,0,0,0,0,1,0,37908241,0,3,6,0,0,0,Trichoderma_gamsii_gca_001481775_subject_array_1753408999.bin
,40302,GCA_000988165.1,PRJNA445857,Vairimorpha ceranae,strain=PA08 1199,GCF_000988165.1,5690748,Nosema_ceranae_gca_000988165.ASM98816v1.dna.toplevel.fa,GCF_000988165.1_ASM98816v1_genomic.fna.gz, 5690748, 5690748,Nosema_ceranae_gca_000988165.ASM98816v1.dna.toplevel.fa_vs_GCF_000988165.1_ASM98816v1_genomic.fna_blast.xml,0,0,0,1,0,0,7,0,5690665,0,7,28,40,0,0,Nosema_ceranae_gca_000988165_subject_array_1753409003.bin
,41047,GCA_002237265.2,PRJNA495493,Aspergillus thermomutatus,strain=HMR AF 39,GCF_002237265.1,30945974,Aspergillus_thermomutatus_gca_002237265.ASM223726v2.dna.toplevel.fa,GCF_002237265.1_ASM223726v2_genomic.fna.gz, 30945974, 30945974,Aspergillus_thermomutatus_gca_002237265.ASM223726v2.dna.toplevel.fa_vs_GCF_002237265.1_ASM223726v2_genomic.fna_blast.xml,0,0,0,0,0,0,5,0,30945952,0,3,13,1,0,0,Aspergillus_thermomutatus_gca_002237265_subject_array_1753409013.bin
,41067,GCA_002847045.1,PRJNA453588,Aspergillus candidus,strain=CBS 102.13,GCF_002847045.1,27317772,Aspergillus_candidus_gca_002847045.Aspcand1.dna.toplevel.fa,GCF_002847045.1_Aspcand1_genomic.fna.gz, 27317772, 27317772,Aspergillus_candidus_gca_002847045.Aspcand1.dna.toplevel.fa_vs_GCF_002847045.1_Aspcand1_genomic.fna_blast.xml,0,0,0,0,0,0,0,7849,27309921,0,0,2,0,0,0,Aspergillus_candidus_gca_002847045_subject_array_1753409023.bin
,416450,GCA_002072345.1,PRJNA973687,Penicillium antarcticum,strain=IBT 31339,GCF_028974205.1,30836278,Penicillium_antarcticum_gca_002072345.ASM207234v1.dna.toplevel.fa,GCF_028974205.1_ASM2897420v1_genomic.fna.gz, 31454985, 30863694,Penicillium_antarcticum_gca_002072345.ASM207234v1.dna.toplevel.fa_vs_GCF_028974205.1_ASM2897420v1_genomic.fna_blast.xml,0,0,1587,225,0,0,1910,296141,19488093,0,6029,76492,10989098,0,4119,Penicillium_antarcticum_gca_002072345_subject_array_1753409037.bin
,418784,GCA_003013735.1,PRJNA453594,Candidozyma pseudohaemuli,strain=B12108,GCF_003013735.1,12591275,Candida_pseudohaemulonis.GCA003013735v1.dna.toplevel.fa,GCF_003013735.1_Cand_pseudohaemulonii_B12108_genomic.fna.gz, 12591275, 12591275,Candida_pseudohaemulonis.GCA003013735v1.dna.toplevel.fa_vs_GCF_003013735.1_Cand_pseudohaemulonii_B12108_genomic.fna_blast.xml,0,0,0,0,0,0,0,545,12590729,0,0,1,0,0,0,Candida_pseudohaemulonis_subject_array_1753409042.bin
,420778,GCA_001006355.1,PRJNA1140289,Diplodia seriata,strain=FDS-637,GCF_021436955.1,37536239,Diplodia_seriata_gca_001006355.UCDDS831v0.1.dna.toplevel.fa,GCF_021436955.1_ASM2143695v3_genomic.fna.gz, 37120944, 37536239,Diplodia_seriata_gca_001006355.UCDDS831v0.1.dna.toplevel.fa_vs_GCF_021436955.1_ASM2143695v3_genomic.fna_blast.xml,0,0,25767,3809,1,0,23475,1753551,17173074,0,58654,708812,17724366,0,64730,Diplodia_seriata_gca_001006355_subject_array_1753409057.bin
,42260,GCA_013402915.1,PRJNA670754,Zygotorulaspora mrakii,strain=NRRL Y-6702,GCF_013402915.1,10412516,Zygotorulaspora_mrakii_gca_013402915.ASM1340291v1.dna.toplevel.fa,GCF_013402915.1_ASM1340291v1_genomic.fna.gz, 10450160, 10450160,Zygotorulaspora_mrakii_gca_013402915.ASM1340291v1.dna.toplevel.fa_vs_GCF_013402915.1_ASM1340291v1_genomic.fna_blast.xml,0,0,0,0,0,0,0,0,10450160,0,0,0,0,0,0,Zygotorulaspora_mrakii_gca_013402915_subject_array_1753409063.bin
,426428,GCA_000149955.2,PRJNA342688,Fusarium oxysporum f. sp. lycopersici 4287,strain=4287,GCF_000149955.1,61386934,Fusarium_oxysporum_f_sp_lycopersici_4287_gca_000149955.ASM14995v2.dna.toplevel.fa,GCF_000149955.1_ASM14995v2_genomic.fna.gz, 61471697, 61386934,Fusarium_oxysporum_f_sp_lycopersici_4287_gca_000149955.ASM14995v2.dna.toplevel.fa_vs_GCF_000149955.1_ASM14995v2_genomic.fna_blast.xml,0,0,44,1,0,0,107,1443809,59866519,0,29,206,76202,0,17,Fusarium_oxysporum_f_sp_lycopersici_4287_gca_000149955_subject_array_1753409118.bin
,431241,GCA_000167675.2,PRJNA225530,Trichoderma reesei QM6a,strain=QM6a,GCF_000167675.1,33395713,Trichoderma_reesei.GCA000167675v2.dna.toplevel.fa,GCF_000167675.1_v2.0_genomic.fna.gz, 33395713, 33395713,Trichoderma_reesei.GCA000167675v2.dna.toplevel.fa_vs_GCF_000167675.1_v2.0_genomic.fna_blast.xml,0,0,1,1,0,0,8,46740,33348830,0,1,24,106,0,2,Trichoderma_reesei_subject_array_1753409132.bin
,431241,GCA_000167675.2,PRJNA225530,Trichoderma reesei QM6a,strain=QM6a,GCF_000167675.1,33395713,Trichoderma_reesei.GCA000167675v2.dna.toplevel.fa,GCF_000167675.1_v2.0_genomic.fna.gz, 33395713, 33395713,Trichoderma_reesei.GCA000167675v2.dna.toplevel.fa_vs_GCF_000167675.1_v2.0_genomic.fna_blast.xml,0,0,1,1,0,0,8,46740,33348830,0,1,24,106,0,2,Trichoderma_reesei_subject_array_1753409144.bin
,441959,GCA_000003125.1,PRJNA38857,Talaromyces stipitatus ATCC 10500,strain=ATCC 10500,GCF_000003125.1,35685443,Talaromyces_stipitatus_atcc_10500_gca_000003125.JCVI-TSTA1-3.0.dna.toplevel.fa,GCF_000003125.1_JCVI-TSTA1-3.0_genomic.fna.gz, 35685443, 35685443,Talaromyces_stipitatus_atcc_10500_gca_000003125.JCVI-TSTA1-3.0.dna.toplevel.fa_vs_GCF_000003125.1_JCVI-TSTA1-3.0_genomic.fna_blast.xml,0,0,175,10,0,0,181,124601,35454870,0,84,632,104860,0,30,Talaromyces_stipitatus_atcc_10500_gca_000003125_subject_array_1753409179.bin
,443226,GCA_000170175.2,PRJNA1128268,Coccidioides posadasii str. Silveira,strain=Silveira,GCF_018416015.2,28193268,Coccidioides_posadasii_str_silveira_gca_000170175.CPS2.dna.toplevel.fa,GCF_018416015.2_ASM1841601v2_genomic.fna.gz, 27583241, 28193268,Coccidioides_posadasii_str_silveira_gca_000170175.CPS2.dna.toplevel.fa_vs_GCF_018416015.2_ASM1841601v2_genomic.fna_blast.xml,0,0,2429,243,0,0,3133,236583,13949903,0,3355,48747,13946013,0,2862,Coccidioides_posadasii_str_silveira_gca_000170175_subject_array_1753409214.bin
,447093,GCA_000150115.1,PRJNA786948,Histoplasma capsulatum G186AR,strain=G186AR,GCF_000150115.1,30438878,Histoplasma_capsulatum_g186ar_gca_000150115.ASM15011v1.dna.toplevel.fa,GCF_000150115.1_ASM15011v1_genomic.fna.gz, 30483324, 30483324,Histoplasma_capsulatum_g186ar_gca_000150115.ASM15011v1.dna.toplevel.fa_vs_GCF_000150115.1_ASM15011v1_genomic.fna_blast.xml,0,0,4,0,0,0,20,200246,30281982,0,17,168,884,0,3,Histoplasma_capsulatum_g186ar_gca_000150115_subject_array_1753409252.bin
,45133,GCA_008931885.1,PRJNA645153,Lasiodiplodia theobromae,strain=AM2As,GCF_012971845.1,43694574,Lasiodiplodia_theobromae_gca_008931885.ASM893188v1.dna.toplevel.fa,GCF_012971845.1_ASM1297184v1_genomic.fna.gz, 43925353, 43694574,Lasiodiplodia_theobromae_gca_008931885.ASM893188v1.dna.toplevel.fa_vs_GCF_012971845.1_ASM1297184v1_genomic.fna_blast.xml,1,0,16683,2836,0,0,15930,2215946,20362177,0,34153,637752,20372711,0,36385,Lasiodiplodia_theobromae_gca_008931885_subject_array_1753409273.bin
,45151,GCA_003171545.1,PRJNA1128263,Pyrenophora tritici-repentis,strain=M4,GCF_003171515.1,40738834,Pyrenophora_tritici_repentis_gca_003171545.PtrARCrossB10.dna.toplevel.fa,GCF_003171515.1_CUR_PTRM4_2.2_genomic.fna.gz, 33774030, 40922052,Pyrenophora_tritici_repentis_gca_003171545.PtrARCrossB10.dna.toplevel.fa_vs_GCF_003171515.1_CUR_PTRM4_2.2_genomic.fna_blast.xml,0,0,7441,955,3,0,6759,502993,18293904,0,9741,380835,21708656,0,10765,Pyrenophora_tritici_repentis_gca_003171545_subject_array_1753409315.bin
,45151,GCA_003231325.1,PRJNA1128263,Pyrenophora tritici-repentis,strain=M4,GCF_003171515.1,40738834,Pyrenophora_tritici_repentis_gca_003231325.Ptr134.dna.toplevel.fa,GCF_003171515.1_CUR_PTRM4_2.2_genomic.fna.gz, 34046531, 40922052,Pyrenophora_tritici_repentis_gca_003231325.Ptr134.dna.toplevel.fa_vs_GCF_003171515.1_CUR_PTRM4_2.2_genomic.fna_blast.xml,0,0,8006,1273,0,0,8117,503052,19952723,0,12368,448823,19974571,0,13119,Pyrenophora_tritici_repentis_gca_003231325_subject_array_1753409360.bin
,45151,GCA_003231345.1,PRJNA1128263,Pyrenophora tritici-repentis,strain=M4,GCF_003171515.1,40738834,Pyrenophora_tritici_repentis_gca_003231345.Ptr5213.dna.toplevel.fa,GCF_003171515.1_CUR_PTRM4_2.2_genomic.fna.gz, 34183844, 40922052,Pyrenophora_tritici_repentis_gca_003231345.Ptr5213.dna.toplevel.fa_vs_GCF_003171515.1_CUR_PTRM4_2.2_genomic.fna_blast.xml,0,0,6403,1003,3,0,7071,422123,20533372,0,12182,427956,19501766,0,10173,Pyrenophora_tritici_repentis_gca_003231345_subject_array_1753409405.bin
,45151,GCA_003231355.1,PRJNA1128263,Pyrenophora tritici-repentis,strain=M4,GCF_003171515.1,40738834,Pyrenophora_tritici_repentis_gca_003231355.Ptr11137.dna.toplevel.fa,GCF_003171515.1_CUR_PTRM4_2.2_genomic.fna.gz, 33921061, 40922052,Pyrenophora_tritici_repentis_gca_003231355.Ptr11137.dna.toplevel.fa_vs_GCF_003171515.1_CUR_PTRM4_2.2_genomic.fna_blast.xml,1,0,6801,1103,1,0,7275,1003696,19796007,0,11014,446063,19639368,0,10723,Pyrenophora_tritici_repentis_gca_003231355_subject_array_1753409440.bin
,45151,GCA_003231365.1,PRJNA1128263,Pyrenophora tritici-repentis,strain=M4,GCF_003171515.1,40738834,Pyrenophora_tritici_repentis_gca_003231365.Ptr239.dna.toplevel.fa,GCF_003171515.1_CUR_PTRM4_2.2_genomic.fna.gz, 34483177, 40922052,Pyrenophora_tritici_repentis_gca_003231365.Ptr239.dna.toplevel.fa_vs_GCF_003171515.1_CUR_PTRM4_2.2_genomic.fna_blast.xml,0,0,6291,719,5,0,5888,362024,19385858,0,10545,397273,20743655,0,9794,Pyrenophora_tritici_repentis_gca_003231365_subject_array_1753409485.bin
,45151,GCA_003231425.1,PRJNA1128263,Pyrenophora tritici-repentis,strain=M4,GCF_003171515.1,40738834,Pyrenophora_tritici_repentis_gca_003231425.Ptr86-124.dna.toplevel.fa,GCF_003171515.1_CUR_PTRM4_2.2_genomic.fna.gz, 34439723, 40922052,Pyrenophora_tritici_repentis_gca_003231425.Ptr86-124.dna.toplevel.fa_vs_GCF_003171515.1_CUR_PTRM4_2.2_genomic.fna_blast.xml,0,0,6325,939,0,0,6054,416827,19259809,0,8826,340872,20873027,0,9373,Pyrenophora_tritici_repentis_gca_003231425_subject_array_1753409527.bin
,45151,GCA_008692205.1,PRJNA1128263,Pyrenophora tritici-repentis,strain=M4,GCF_003171515.1,40738834,Pyrenophora_tritici_repentis_gca_008692205.Ptr_V0001.dna.toplevel.fa,GCF_003171515.1_CUR_PTRM4_2.2_genomic.fna.gz, 40408077, 40922052,Pyrenophora_tritici_repentis_gca_008692205.Ptr_V0001.dna.toplevel.fa_vs_GCF_003171515.1_CUR_PTRM4_2.2_genomic.fna_blast.xml,0,0,3200,126,0,0,3099,186842,25635998,0,3748,31589,15054116,0,3334,Pyrenophora_tritici_repentis_gca_008692205_subject_array_1753409599.bin
,45357,GCA_002926055.1,PRJNA479898,Candidozyma haemuli,strain=B11899,GCF_002926055.2,13274804,Candida_haemuloni.GCA002926055v1.dna.toplevel.fa,GCF_002926055.2_CanHae_1.0_genomic.fna.gz, 13314323, 13314323,Candida_haemuloni.GCA002926055v1.dna.toplevel.fa_vs_GCF_002926055.2_CanHae_1.0_genomic.fna_blast.xml,0,0,0,0,0,0,0,0,13314323,0,0,0,0,0,0,Candida_haemuloni_subject_array_1753409606.bin
,45607,GCA_002251995.2,PRJNA453587,Wickerhamiella sorbophila,strain=DS02,GCF_002251995.1,8129113,Wickerhamiella_sorbophila_gca_002251995.ASM225199v2.dna.toplevel.fa,GCF_002251995.1_ASM225199v2_genomic.fna.gz, 8152740, 8152740,Wickerhamiella_sorbophila_gca_002251995.ASM225199v2.dna.toplevel.fa_vs_GCF_002251995.1_ASM225199v2_genomic.fna_blast.xml,0,0,0,0,0,0,0,0,8152740,0,0,0,0,0,0,Wickerhamiella_sorbophila_gca_002251995_subject_array_1753409610.bin
,456999,GCA_001286725.1,PRJNA727464,Rhizoctonia solani,strain=AG-1 IA,GCF_016906535.1,40703773,Rhizoctonia_solani_gca_001286725.AG22IIIB.dna.toplevel.fa,GCF_016906535.1_ASM1690653v1_genomic.fna.gz, 56028462, 40703773,Rhizoctonia_solani_gca_001286725.AG22IIIB.dna.toplevel.fa_vs_GCF_016906535.1_ASM1690653v1_genomic.fna_blast.xml,9,0,62498,15097,8,0,41117,31749265,2714594,0,88248,1715924,4184572,0,132441,Rhizoctonia_solani_gca_001286725_subject_array_1753409615.bin
,460523,GCA_001664045.1,PRJNA342693,Ogataea polymorpha,strain=NCYC 495 leu1.1,GCF_001664045.1,8974371,Ogataea_polymorpha_gca_001664045.Hanpo2.dna.toplevel.fa,GCF_001664045.1_Hanpo2_genomic.fna.gz, 8974371, 8974371,Ogataea_polymorpha_gca_001664045.Hanpo2.dna.toplevel.fa_vs_GCF_001664045.1_Hanpo2_genomic.fna_blast.xml,0,0,0,0,0,0,0,0,8974371,0,0,0,0,0,0,Ogataea_polymorpha_gca_001664045_subject_array_1753409619.bin
,470096,GCA_010093815.1,PRJNA625776,Pseudovirgaria hyperparasitica,strain=CBS 121739,GCF_010093815.1,35440147,Pseudovirgaria_hyperparasitica_gca_010093815.Psehy1.dna.toplevel.fa,GCF_010093815.1_Psehy1_genomic.fna.gz, 35440147, 35440147,Pseudovirgaria_hyperparasitica_gca_010093815.Psehy1.dna.toplevel.fa_vs_GCF_010093815.1_Psehy1_genomic.fna_blast.xml,0,0,35,2,0,0,6,263101,35173097,0,5,435,3440,0,26,Pseudovirgaria_hyperparasitica_gca_010093815_subject_array_1753409686.bin
,48254,GCA_013694445.1,PRJNA670758,Torulaspora globosa,strain=CBS764,GCF_014133895.1,9281121,Torulaspora_globosa_gca_013694445.ASM1369444v1.dna.toplevel.fa,GCF_014133895.1_ASM1413389v1_genomic.fna.gz, 9264691, 9281121,Torulaspora_globosa_gca_013694445.ASM1369444v1.dna.toplevel.fa_vs_GCF_014133895.1_ASM1413389v1_genomic.fna_blast.xml,0,0,4580,3459,1,0,23389,1184262,5823445,0,84204,1043709,1098092,0,15980,Torulaspora_globosa_gca_013694445_subject_array_1753409691.bin
,48254,GCA_014133895.1,PRJNA670758,Torulaspora globosa,strain=CBS764,GCF_014133895.1,9281121,Torulaspora_globosa_gca_014133895.ASM1413389v1.dna.toplevel.fa,GCF_014133895.1_ASM1413389v1_genomic.fna.gz, 9281121, 9281121,Torulaspora_globosa_gca_014133895.ASM1413389v1.dna.toplevel.fa_vs_GCF_014133895.1_ASM1413389v1_genomic.fna_blast.xml,0,0,0,0,0,0,0,0,9281121,0,0,0,0,0,0,Torulaspora_globosa_gca_014133895_subject_array_1753409695.bin
,486041,GCA_000143565.1,PRJNA29019,Laccaria bicolor S238N-H82,strain=S238N-H82,GCF_000143565.1,64877444,Laccaria_bicolor_s238n_h82_gca_000143565.V1.0.dna.toplevel.fa,GCF_000143565.1_V1.0_genomic.fna.gz, 64877444, 64877444,Laccaria_bicolor_s238n_h82_gca_000143565.V1.0.dna.toplevel.fa_vs_GCF_000143565.1_V1.0_genomic.fna_blast.xml,0,0,303,50,0,0,495,6111446,58507526,0,183,4343,252786,0,312,Laccaria_bicolor_s238n_h82_gca_000143565_subject_array_1753410648.bin
,4909,GCA_000764455.1,PRJNA545694,Pichia kudriavzevii,strain=CBS573,GCF_003054445.1,10812555,Pichia_kudriavzevii_gca_000764455.ASM76445v1.dna.toplevel.fa,GCF_003054445.1_ASM305444v1_genomic.fna.gz, 12940563, 10812555,Pichia_kudriavzevii_gca_000764455.ASM76445v1.dna.toplevel.fa_vs_GCF_003054445.1_ASM305444v1_genomic.fna_blast.xml,0,0,1482,100,0,0,1805,24587,5993780,0,5492,38068,4743163,0,4078,Pichia_kudriavzevii_gca_000764455_subject_array_1753410674.bin
,4909,GCA_001983325.1,PRJNA545694,Pichia kudriavzevii,strain=CBS573,GCF_003054445.1,10812555,Pichia_kudriavzevii_gca_001983325.ASM198332v1.dna.toplevel.fa,GCF_003054445.1_ASM305444v1_genomic.fna.gz, 11679144, 10812555,Pichia_kudriavzevii_gca_001983325.ASM198332v1.dna.toplevel.fa_vs_GCF_003054445.1_ASM305444v1_genomic.fna_blast.xml,0,0,1733,135,0,0,1761,25578,5680914,0,4536,31940,5061546,0,4412,Pichia_kudriavzevii_gca_001983325_subject_array_1753410679.bin
,4909,GCA_002166775.1,PRJNA545694,Pichia kudriavzevii,strain=CBS573,GCF_003054445.1,10812555,Pichia_kudriavzevii_gca_002166775.Cand_krus_Ckrusei653_V21.dna.toplevel.fa,GCF_003054445.1_ASM305444v1_genomic.fna.gz, 10910993, 10812555,Pichia_kudriavzevii_gca_002166775.Cand_krus_Ckrusei653_V21.dna.toplevel.fa_vs_GCF_003054445.1_ASM305444v1_genomic.fna_blast.xml,0,0,902,102,0,0,2123,10635,8156052,0,8566,35217,2595132,0,3826,Pichia_kudriavzevii_gca_002166775_subject_array_1753410684.bin
,4909,GCA_003054445.1,PRJNA545694,Pichia kudriavzevii,strain=CBS573,GCF_003054445.1,10812555,Pichia_kudriavzevii_gca_003054445.ASM305444v1.dna.toplevel.fa,GCF_003054445.1_ASM305444v1_genomic.fna.gz, 10863895, 10812555,Pichia_kudriavzevii_gca_003054445.ASM305444v1.dna.toplevel.fa_vs_GCF_003054445.1_ASM305444v1_genomic.fna_blast.xml,0,0,0,0,0,0,0,0,10812555,0,0,0,0,0,0,Pichia_kudriavzevii_gca_003054445_subject_array_1753410688.bin
,4956,GCA_000026365.1,PRJNA39573,Zygosaccharomyces rouxii,strain=CBS 732,GCF_000026365.1,9764635,Zygosaccharomyces_rouxii_gca_000026365.ASM2636v1.dna.toplevel.fa,GCF_000026365.1_ASM2636v1_genomic.fna.gz, 9764635, 9764635,Zygosaccharomyces_rouxii_gca_000026365.ASM2636v1.dna.toplevel.fa_vs_GCF_000026365.1_ASM2636v1_genomic.fna_blast.xml,0,0,0,0,0,0,0,1262,9763366,0,0,0,7,0,0,Zygosaccharomyces_rouxii_gca_000026365_subject_array_1753410692.bin
,4956,GCA_001972345.1,PRJNA39573,Zygosaccharomyces rouxii,strain=CBS 732,GCF_000026365.1,9764635,Zygosaccharomyces_rouxii_gca_001972345.ZYGR_assembly01.dna.toplevel.fa,GCF_000026365.1_ASM2636v1_genomic.fna.gz, 19269454, 9764635,Zygosaccharomyces_rouxii_gca_001972345.ZYGR_assembly01.dna.toplevel.fa_vs_GCF_000026365.1_ASM2636v1_genomic.fna_blast.xml,0,0,570,342,1,0,2969,85867,9515887,0,6717,74094,77388,0,800,Zygosaccharomyces_rouxii_gca_001972345_subject_array_1753410696.bin
,498019,GCA_001189475.1,PRJNA535510,Candidozyma auris,strain=B11220,GCF_003013715.1,12249773,_candida_auris_gca_001189475.ASM118947v1.dna.toplevel.fa,GCF_003013715.1_ASM301371v2_genomic.fna.gz, 12498763, 12249773,_candida_auris_gca_001189475.ASM118947v1.dna.toplevel.fa_vs_GCF_003013715.1_ASM301371v2_genomic.fna_blast.xml,0,0,3562,266,0,0,3167,71584,6693393,0,3638,71768,5397943,0,4452,_candida_auris_gca_001189475_subject_array_1753410701.bin
,498019,GCA_002759435.2,PRJNA535510,Candidozyma auris,strain=B11220,GCF_003013715.1,12249773,Candida_auris.GCA002759435v2.dna.toplevel.fa,GCF_003013715.1_ASM301371v2_genomic.fna.gz, 12365959, 12249773,Candida_auris.GCA002759435v2.dna.toplevel.fa_vs_GCF_003013715.1_ASM301371v2_genomic.fna_blast.xml,1,0,2909,333,0,0,3900,104772,8460530,0,4934,71414,3597961,0,3019,Candida_auris_subject_array_1753410706.bin
,498019,GCA_002775015.1,PRJNA535510,Candidozyma auris,strain=B11220,GCF_003013715.1,12249773,_candida_auris_gca_002775015.Cand_auris_B11221_V1.dna.toplevel.fa,GCF_003013715.1_ASM301371v2_genomic.fna.gz, 12741178, 12249773,_candida_auris_gca_002775015.Cand_auris_B11221_V1.dna.toplevel.fa_vs_GCF_003013715.1_ASM301371v2_genomic.fna_blast.xml,0,0,1574,340,0,0,5439,35523,9188357,0,6534,70527,2939539,0,1940,_candida_auris_gca_002775015_subject_array_1753410711.bin
,498019,GCA_003014415.1,PRJNA535510,Candidozyma auris,strain=B11220,GCF_003013715.1,12249773,_candida_auris_gca_003014415.Cand_auris_B11243.dna.toplevel.fa,GCF_003013715.1_ASM301371v2_genomic.fna.gz, 12354602, 12249773,_candida_auris_gca_003014415.Cand_auris_B11243.dna.toplevel.fa_vs_GCF_003013715.1_ASM301371v2_genomic.fna_blast.xml,0,0,5011,673,0,0,5321,70589,5849107,0,8281,182318,6119267,0,9206,_candida_auris_gca_003014415_subject_array_1753410716.bin
,498019,GCA_003013715.2,PRJNA535510,Candidozyma auris,strain=B11220,GCF_003013715.1,12249773,_candida_auris_gca_003013715.ASM301371v2.dna.toplevel.fa,GCF_003013715.1_ASM301371v2_genomic.fna.gz, 12249773, 12249773,_candida_auris_gca_003013715.ASM301371v2.dna.toplevel.fa_vs_GCF_003013715.1_ASM301371v2_genomic.fna_blast.xml,0,0,0,0,0,0,0,0,12249773,0,0,0,0,0,0,_candida_auris_gca_003013715_subject_array_1753410720.bin
,498019,GCA_008275145.1,PRJNA535510,Candidozyma auris,strain=B11220,GCF_003013715.1,12249773,_candida_auris_gca_008275145.ASM827514v1.dna.toplevel.fa,GCF_003013715.1_ASM301371v2_genomic.fna.gz, 12431639, 12249773,_candida_auris_gca_008275145.ASM827514v1.dna.toplevel.fa_vs_GCF_003013715.1_ASM301371v2_genomic.fna_blast.xml,0,0,6075,700,1,0,4018,59918,3936930,0,11523,181766,8028676,0,20166,_candida_auris_gca_008275145_subject_array_1753410725.bin
,498019,GCA_007168705.1,PRJNA535510,Candidozyma auris,strain=B11220,GCF_003013715.1,12249773,_candida_auris_gca_007168705.ASM716870v1.dna.toplevel.fa,GCF_003013715.1_ASM301371v2_genomic.fna.gz, 12098315, 12249773,_candida_auris_gca_007168705.ASM716870v1.dna.toplevel.fa_vs_GCF_003013715.1_ASM301371v2_genomic.fna_blast.xml,0,0,2227,50,0,0,1728,15102,2328526,0,246,1010,9900513,0,371,_candida_auris_gca_007168705_subject_array_1753410731.bin
,4999,GCA_002102565.1,PRJNA396742,Kockovaella imperatae,strain=NRRL Y-17943,GCF_002102565.1,17465713,Kockovaella_imperatae_gca_002102565.Kocim1.dna.toplevel.fa,GCF_002102565.1_Kocim1_genomic.fna.gz, 17465713, 17465713,Kockovaella_imperatae_gca_002102565.Kocim1.dna.toplevel.fa_vs_GCF_002102565.1_Kocim1_genomic.fna_blast.xml,0,0,0,0,0,0,0,0,17465713,0,0,0,0,0,0,Kockovaella_imperatae_gca_002102565_subject_array_1753410736.bin
,500148,GCA_013426205.1,PRJNA1128270,Metarhizium brunneum,strain=4556,GCF_013426205.1,37771916,Metarhizium_brunneum_gca_013426205.ASM1342620v1.dna.toplevel.fa,GCF_013426205.1_ASM1342620v1_genomic.fna.gz, 37796881, 37771916,Metarhizium_brunneum_gca_013426205.ASM1342620v1.dna.toplevel.fa_vs_GCF_013426205.1_ASM1342620v1_genomic.fna_blast.xml,0,0,0,0,0,0,0,0,37771916,0,0,0,0,0,0,Metarhizium_brunneum_gca_013426205_subject_array_1753410752.bin
,5007,GCA_900496985.1,PRJNA691332,Brettanomyces bruxellensis,strain=UCD 2041,GCF_011074885.1,13150648,Brettanomyces_bruxellensis_gca_900496985.dekkera_v2.dna.toplevel.fa,GCF_011074885.1_ASM1107488v2_genomic.fna.gz, 13999526, 13150648,Brettanomyces_bruxellensis_gca_900496985.dekkera_v2.dna.toplevel.fa_vs_GCF_011074885.1_ASM1107488v2_genomic.fna_blast.xml,0,0,4997,650,0,0,5913,360287,6130365,0,13100,220447,6402579,0,12310,Brettanomyces_bruxellensis_gca_900496985_subject_array_1753410758.bin
,5007,GCA_902155815.1,PRJNA691332,Brettanomyces bruxellensis,strain=UCD 2041,GCF_011074885.1,13150648,Brettanomyces_bruxellensis_gca_902155815.DEBR_UMY321v1.dna.toplevel.fa,GCF_011074885.1_ASM1107488v2_genomic.fna.gz, 12966320, 13150648,Brettanomyces_bruxellensis_gca_902155815.DEBR_UMY321v1.dna.toplevel.fa_vs_GCF_011074885.1_ASM1107488v2_genomic.fna_blast.xml,0,0,7018,678,0,0,6269,109732,5895928,0,21687,199333,6885001,0,25002,Brettanomyces_bruxellensis_gca_902155815_subject_array_1753410765.bin
,502779,GCA_000150705.2,PRJNA48325,Paracoccidioides lutzii Pb01,strain=Pb01,GCF_000150705.2,32925248,Paracoccidioides_sp_lutzii_pb01_gca_000150705.Paracocci_br_Pb01_V2.dna.toplevel.fa,GCF_000150705.2_Paracocci_br_Pb01_V2_genomic.fna.gz, 32925248, 32925248,Paracoccidioides_sp_lutzii_pb01_gca_000150705.Paracocci_br_Pb01_V2.dna.toplevel.fa_vs_GCF_000150705.2_Paracocci_br_Pb01_V2_genomic.fna_blast.xml,0,0,3,1,0,0,28,296422,32624172,0,24,187,4404,0,7,Paracoccidioides_sp_lutzii_pb01_gca_000150705_subject_array_1753410835.bin
,502780,GCA_000150735.2,PRJNA264517,Paracoccidioides brasiliensis Pb18,strain=Pb18,GCF_000150735.1,29952540,Paracoccidioides_brasiliensis_pb18_gca_000150735.Paracocci_br_Pb18_V2.dna.toplevel.fa,GCF_000150735.1_Paracocci_br_Pb18_V2_genomic.fna.gz, 29952540, 29952540,Paracoccidioides_brasiliensis_pb18_gca_000150735.Paracocci_br_Pb18_V2.dna.toplevel.fa_vs_GCF_000150735.1_Paracocci_br_Pb18_V2_genomic.fna_blast.xml,0,0,7,4,0,0,43,483360,29468317,0,67,226,504,0,12,Paracoccidioides_brasiliensis_pb18_gca_000150735_subject_array_1753410858.bin
,5068,GCA_013340325.1,PRJNA645154,Aspergillus tubingensis,strain=WU-2223L,GCF_013340325.1,35047229,Aspergillus_tubingensis_gca_013340325.ASM1334032v1.dna.toplevel.fa,GCF_013340325.1_ASM1334032v1_genomic.fna.gz, 35047229, 35047229,Aspergillus_tubingensis_gca_013340325.ASM1334032v1.dna.toplevel.fa_vs_GCF_013340325.1_ASM1334032v1_genomic.fna_blast.xml,0,0,0,0,0,0,14,0,35047163,0,39,13,0,0,0,Aspergillus_tubingensis_gca_013340325_subject_array_1753410870.bin
,5076,GCA_000710275.1,PRJNA973687,Penicillium chrysogenum,strain=IBT 35668,GCF_028827035.1,32379777,Penicillium_chrysogenum_gca_000710275.ASM71027v1.dna.toplevel.fa,GCF_028827035.1_ASM2882703v1_genomic.fna.gz, 32525541, 32406793,Penicillium_chrysogenum_gca_000710275.ASM71027v1.dna.toplevel.fa_vs_GCF_028827035.1_ASM2882703v1_genomic.fna_blast.xml,4,0,20334,2640,2,0,18586,1793649,13546039,0,43425,552566,16379656,0,49892,Penicillium_chrysogenum_gca_000710275_subject_array_1753410886.bin
,5078,GCA_001561935.1,PRJNA721990,Penicillium griseofulvum,strain=PG3,GCF_001561935.1,29140916,Penicillium_griseofulvum_gca_001561935.ASM156193v1.dna.toplevel.fa,GCF_001561935.1_ASM156193v1_genomic.fna.gz, 29140916, 29140916,Penicillium_griseofulvum_gca_001561935.ASM156193v1.dna.toplevel.fa_vs_GCF_001561935.1_ASM156193v1_genomic.fna_blast.xml,0,0,0,0,0,0,0,0,29140916,0,0,0,0,0,0,Penicillium_griseofulvum_gca_001561935_subject_array_1753410900.bin
,510951,GCA_000213175.1,PRJNA264105,Neurospora tetrasperma FGSC 2508,strain=FGSC 2508,GCF_000213175.1,39146333,Neurospora_tetrasperma_fgsc_2508_gca_000213175.v2.0.dna.toplevel.fa,GCF_000213175.1_v2.0_genomic.fna.gz, 39146333, 39146333,Neurospora_tetrasperma_fgsc_2508_gca_000213175.v2.0.dna.toplevel.fa_vs_GCF_000213175.1_v2.0_genomic.fna_blast.xml,0,0,4,3,0,0,2,653300,38491828,0,4,248,941,0,3,Neurospora_tetrasperma_fgsc_2508_gca_000213175_subject_array_1753410917.bin
,5147,GCA_008692325.1,PRJNA1128257,Sordaria macrospora,strain=SN1693,GCF_033870435.1,39444728,Sordaria_macrospora_gca_008692325.ASM869232v1.dna.toplevel.fa,GCF_033870435.1_ASM3387043v1_genomic.fna.gz, 38863382, 39444728,Sordaria_macrospora_gca_008692325.ASM869232v1.dna.toplevel.fa_vs_GCF_033870435.1_ASM3387043v1_genomic.fna_blast.xml,0,0,941,154,0,0,943,58355,18088345,0,2604,38424,21252194,0,2768,Sordaria_macrospora_gca_008692325_subject_array_1753410953.bin
,515849,GCA_000226545.1,PRJNA29799,Podospora anserina S mat+,strain=S mat+,GCF_000226545.1,34718894,Podospora_anserina_s_mat_gca_000226545.ASM22654v1.dna.toplevel.fa,GCF_000226545.1_ASM22654v1_genomic.fna.gz, 34718894, 34718894,Podospora_anserina_s_mat_gca_000226545.ASM22654v1.dna.toplevel.fa_vs_GCF_000226545.1_ASM22654v1_genomic.fna_blast.xml,0,0,3,1,0,0,8,466644,34251383,0,6,282,565,0,2,Podospora_anserina_s_mat_gca_000226545_subject_array_1753410969.bin
,526221,GCA_000150825.1,PRJNA51263,Verticillium alfalfae VaMs.102,strain=VaMs.102,GCF_000150825.1,32833495,Verticillium_alfalfae_vams_102_gca_000150825.ASM15082v1.dna.toplevel.fa,GCF_000150825.1_ASM15082v1_genomic.fna.gz, 32862988, 32862988,Verticillium_alfalfae_vams_102_gca_000150825.ASM15082v1.dna.toplevel.fa_vs_GCF_000150825.1_ASM15082v1_genomic.fna_blast.xml,0,0,1,2,0,0,11,2532977,30329760,0,4,59,171,0,3,Verticillium_alfalfae_vams_102_gca_000150825_subject_array_1753410980.bin
,5353,GCA_002003045.1,PRJNA801212,Lentinula edodes,strain=Le(Bin) 0899 ss11,GCF_021015755.1,45594472,Lentinula_edodes_gca_002003045.Lened_assembly01.dna.toplevel.fa,GCF_021015755.1_Lenedo1_genomic.fna.gz, 39922873, 45594472,Lentinula_edodes_gca_002003045.Lened_assembly01.dna.toplevel.fa_vs_GCF_021015755.1_Lenedo1_genomic.fna_blast.xml,147,0,168584,19107,162,0,176247,2606667,21035372,0,194771,1217010,19991139,0,185266,Lentinula_edodes_gca_002003045_subject_array_1753411052.bin
,535722,GCA_000150975.2,PRJNA61175,Nannizzia gypsea CBS 118893,strain=CBS 118893,GCF_000150975.2,23249403,Nannizzia_gypsea_cbs_118893_gca_000150975.MS_CBS118893.dna.toplevel.fa,GCF_000150975.2_MS_CBS118893_genomic.fna.gz, 23272942, 23272942,Nannizzia_gypsea_cbs_118893_gca_000150975.MS_CBS118893.dna.toplevel.fa_vs_GCF_000150975.2_MS_CBS118893_genomic.fna_blast.xml,0,0,0,0,0,0,2,157392,23115523,0,1,4,20,0,0,Nannizzia_gypsea_cbs_118893_gca_000150975_subject_array_1753411063.bin
,5454,GCA_001630375.1,PRJNA691330,Ascochyta rabiei,na,GCF_004011695.2,40846718,Ascochyta_rabiei_gca_001630375.AscRab1.0.dna.toplevel.fa,GCF_004011695.2_ASM401169v2_genomic.fna.gz, 34658250, 40901820,Ascochyta_rabiei_gca_001630375.AscRab1.0.dna.toplevel.fa_vs_GCF_004011695.2_ASM401169v2_genomic.fna_blast.xml,4,0,7657,1281,6,0,8110,1322647,17944408,0,17971,714986,20865805,0,18945,Ascochyta_rabiei_gca_001630375_subject_array_1753411113.bin
,5478,GCA_001466525.1,PRJNA1120907,Nakaseomyces glabratus,strain=ATCC 2001,GCF_010111755.1,12726212,_candida_glabrata_gca_001466525.ASM146652v1.dna.toplevel.fa,GCF_010111755.1_ASM1011175v1_genomic.fna.gz, 12622465, 12726212,_candida_glabrata_gca_001466525.ASM146652v1.dna.toplevel.fa_vs_GCF_010111755.1_ASM1011175v1_genomic.fna_blast.xml,0,0,760,375,3,0,4578,116494,12227018,0,11389,82045,282509,0,1041,_candida_glabrata_gca_001466525_subject_array_1753411120.bin
,5478,GCA_001466535.1,PRJNA1120907,Nakaseomyces glabratus,strain=ATCC 2001,GCF_010111755.1,12726212,_candida_glabrata_gca_001466535.ASM146653v1.dna.toplevel.fa,GCF_010111755.1_ASM1011175v1_genomic.fna.gz, 12604920, 12726212,_candida_glabrata_gca_001466535.ASM146653v1.dna.toplevel.fa_vs_GCF_010111755.1_ASM1011175v1_genomic.fna_blast.xml,0,0,696,377,0,0,4442,111463,12201315,0,11118,81211,314434,0,1156,_candida_glabrata_gca_001466535_subject_array_1753411127.bin
,5478,GCA_001466565.1,PRJNA1120907,Nakaseomyces glabratus,strain=ATCC 2001,GCF_010111755.1,12726212,_candida_glabrata_gca_001466565.ASM146656v1.dna.toplevel.fa,GCF_010111755.1_ASM1011175v1_genomic.fna.gz, 12865870, 12726212,_candida_glabrata_gca_001466565.ASM146656v1.dna.toplevel.fa_vs_GCF_010111755.1_ASM1011175v1_genomic.fna_blast.xml,1,0,939,380,0,0,5243,212579,11434227,0,13250,106367,951178,0,2048,_candida_glabrata_gca_001466565_subject_array_1753411133.bin
,5478,GCA_001466575.1,PRJNA1120907,Nakaseomyces glabratus,strain=ATCC 2001,GCF_010111755.1,12726212,_candida_glabrata_gca_001466575.ASM146657v1.dna.toplevel.fa,GCF_010111755.1_ASM1011175v1_genomic.fna.gz, 12826081, 12726212,_candida_glabrata_gca_001466575.ASM146657v1.dna.toplevel.fa_vs_GCF_010111755.1_ASM1011175v1_genomic.fna_blast.xml,0,0,708,372,0,0,4513,99607,12279539,0,11249,82463,246783,0,978,_candida_glabrata_gca_001466575_subject_array_1753411139.bin
,5478,GCA_001466635.1,PRJNA1120907,Nakaseomyces glabratus,strain=ATCC 2001,GCF_010111755.1,12726212,_candida_glabrata_gca_001466635.ASM146663v1.dna.toplevel.fa,GCF_010111755.1_ASM1011175v1_genomic.fna.gz, 14559169, 12726212,_candida_glabrata_gca_001466635.ASM146663v1.dna.toplevel.fa_vs_GCF_010111755.1_ASM1011175v1_genomic.fna_blast.xml,0,0,719,350,0,0,4262,100334,11914302,0,11328,82281,611568,0,1068,_candida_glabrata_gca_001466635_subject_array_1753411146.bin
,5478,GCA_001466685.1,PRJNA1120907,Nakaseomyces glabratus,strain=ATCC 2001,GCF_010111755.1,12726212,_candida_glabrata_gca_001466685.ASM146668v1.dna.toplevel.fa,GCF_010111755.1_ASM1011175v1_genomic.fna.gz, 12820484, 12726212,_candida_glabrata_gca_001466685.ASM146668v1.dna.toplevel.fa_vs_GCF_010111755.1_ASM1011175v1_genomic.fna_blast.xml,1,0,827,396,2,0,5222,139339,11908505,0,14099,104584,551972,0,1265,_candida_glabrata_gca_001466685_subject_array_1753411152.bin
,5478,GCA_002219185.1,PRJNA1120907,Nakaseomyces glabratus,strain=ATCC 2001,GCF_010111755.1,12726212,_candida_glabrata_gca_002219185.ASM221918v1.dna.toplevel.fa,GCF_010111755.1_ASM1011175v1_genomic.fna.gz, 12729188, 12726212,_candida_glabrata_gca_002219185.ASM221918v1.dna.toplevel.fa_vs_GCF_010111755.1_ASM1011175v1_genomic.fna_blast.xml,0,0,1416,609,1,0,5852,75577,10935252,0,14580,114580,1574747,0,3598,_candida_glabrata_gca_002219185_subject_array_1753411163.bin
,5478,GCA_002219195.1,PRJNA1120907,Nakaseomyces glabratus,strain=ATCC 2001,GCF_010111755.1,12726212,_candida_glabrata_gca_002219195.ASM221919v1.dna.toplevel.fa,GCF_010111755.1_ASM1011175v1_genomic.fna.gz, 12728164, 12726212,_candida_glabrata_gca_002219195.ASM221919v1.dna.toplevel.fa_vs_GCF_010111755.1_ASM1011175v1_genomic.fna_blast.xml,0,0,1226,613,1,0,6008,84439,11030087,0,14704,114511,1471942,0,2681,_candida_glabrata_gca_002219195_subject_array_1753411173.bin
,5478,GCA_010111755.1,PRJNA1120907,Nakaseomyces glabratus,strain=ATCC 2001,GCF_010111755.1,12726212,_candida_glabrata_gca_010111755.ASM1011175v1.dna.toplevel.fa,GCF_010111755.1_ASM1011175v1_genomic.fna.gz, 12726212, 12726212,_candida_glabrata_gca_010111755.ASM1011175v1.dna.toplevel.fa_vs_GCF_010111755.1_ASM1011175v1_genomic.fna_blast.xml,0,0,0,0,0,0,0,902,12725308,0,2,0,0,0,0,_candida_glabrata_gca_010111755_subject_array_1753411186.bin
,5478,GCA_014217725.1,PRJNA1120907,Nakaseomyces glabratus,strain=ATCC 2001,GCF_010111755.1,12726212,_candida_glabrata_gca_014217725.ASM1421772v1.dna.toplevel.fa,GCF_010111755.1_ASM1011175v1_genomic.fna.gz, 12696838, 12726212,_candida_glabrata_gca_014217725.ASM1421772v1.dna.toplevel.fa_vs_GCF_010111755.1_ASM1011175v1_genomic.fna_blast.xml,0,0,705,448,0,0,6355,50712,11759004,0,16186,109413,782067,0,1322,_candida_glabrata_gca_014217725_subject_array_1753411196.bin
,5481,GCA_008704595.1,PRJNA629604,Diutina rugosa,strain=CBS 613,GCF_008704595.1,13445959,Diutina_rugosa_gca_008704595.ASM870459v1.dna.toplevel.fa,GCF_008704595.1_ASM870459v1_genomic.fna.gz, 13445959, 13445959,Diutina_rugosa_gca_008704595.ASM870459v1.dna.toplevel.fa_vs_GCF_008704595.1_ASM870459v1_genomic.fna_blast.xml,0,0,0,0,0,0,8,11447,13434462,0,3,17,22,0,0,Diutina_rugosa_gca_008704595_subject_array_1753411201.bin
,554155,GCA_000151145.1,PRJNA49289,Microsporum canis CBS 113480,strain=CBS 113480,GCF_000151145.1,23241642,Microsporum_canis_cbs_113480_gca_000151145.ASM15114v1.dna.toplevel.fa,GCF_000151145.1_ASM15114v1_genomic.fna.gz, 23263091, 23263091,Microsporum_canis_cbs_113480_gca_000151145.ASM15114v1.dna.toplevel.fa_vs_GCF_000151145.1_ASM15114v1_genomic.fna_blast.xml,0,0,0,0,0,0,0,125411,23137532,0,1,6,141,0,0,Microsporum_canis_cbs_113480_gca_000151145_subject_array_1753411210.bin
,559295,GCA_000142805.1,PRJNA39575,Lachancea thermotolerans CBS 6340,strain=CBS 6340,GCF_000142805.1,10392862,Lachancea_thermotolerans_cbs_6340_gca_000142805.ASM14280v1.dna.toplevel.fa,GCF_000142805.1_ASM14280v1_genomic.fna.gz, 10392862, 10392862,Lachancea_thermotolerans_cbs_6340_gca_000142805.ASM14280v1.dna.toplevel.fa_vs_GCF_000142805.1_ASM14280v1_genomic.fna_blast.xml,0,0,0,0,0,0,0,2723,10390139,0,0,0,0,0,0,Lachancea_thermotolerans_cbs_6340_gca_000142805_subject_array_1753411215.bin
,559305,GCA_000151425.1,PRJNA65025,Trichophyton rubrum CBS 118892,strain=CBS 118892,GCF_000151425.1,22502330,Trichophyton_rubrum_cbs_118892_gca_000151425.ASM15142v1.dna.toplevel.fa,GCF_000151425.1_ASM15142v1_genomic.fna.gz, 22530013, 22530013,Trichophyton_rubrum_cbs_118892_gca_000151425.ASM15142v1.dna.toplevel.fa_vs_GCF_000151425.1_ASM15142v1_genomic.fna_blast.xml,0,0,0,0,0,0,8,401781,22128062,0,8,32,122,0,0,Trichophyton_rubrum_cbs_118892_gca_000151425_subject_array_1753411223.bin
,5599,GCA_001642055.1,PRJNA342680,Alternaria alternata,strain=SRC1lrK2f,GCF_001642055.1,32990834,Alternaria_alternata_gca_001642055.Altal1.dna.toplevel.fa,GCF_001642055.1_Altal1_genomic.fna.gz, 32990834, 32990834,Alternaria_alternata_gca_001642055.Altal1.dna.toplevel.fa_vs_GCF_001642055.1_Altal1_genomic.fna_blast.xml,0,0,0,0,0,0,0,3894,32986940,0,0,0,0,0,0,Alternaria_alternata_gca_001642055_subject_array_1753411234.bin
,5599,GCA_004154755.1,PRJNA342680,Alternaria alternata,strain=SRC1lrK2f,GCF_001642055.1,32990834,Alternaria_alternata_gca_004154755.ASM415475v1.dna.toplevel.fa,GCF_001642055.1_Altal1_genomic.fna.gz, 35633396, 32990834,Alternaria_alternata_gca_004154755.ASM415475v1.dna.toplevel.fa_vs_GCF_001642055.1_Altal1_genomic.fna_blast.xml,0,0,6617,1144,1,0,6222,1368059,14598390,0,12528,475710,16508429,0,13734,Alternaria_alternata_gca_004154755_subject_array_1753411247.bin
,563466,GCA_000732125.1,PRJNA319335,Scedosporium apiospermum,strain=IHEM 14462,GCF_000732125.1,43437139,Scedosporium_apiospermum_gca_000732125.ScApio1.0.dna.toplevel.fa,GCF_000732125.1_ScApio1.0_genomic.fna.gz, 43437139, 43437139,Scedosporium_apiospermum_gca_000732125.ScApio1.0.dna.toplevel.fa_vs_GCF_000732125.1_ScApio1.0_genomic.fna_blast.xml,0,0,22,10,0,0,103,233197,43199008,0,143,1111,3515,0,30,Scedosporium_apiospermum_gca_000732125_subject_array_1753411264.bin
,56646,GCA_900007375.1,PRJNA1120880,Fusarium venenatum,strain=MPI-CAGE-CH-0201,GCF_020744135.1,37452605,Fusarium_venenatum_gca_900007375.ASM90000737v1.dna.toplevel.fa,GCF_020744135.1_Fusven1_genomic.fna.gz, 38660186, 37452605,Fusarium_venenatum_gca_900007375.ASM90000737v1.dna.toplevel.fa_vs_GCF_020744135.1_Fusven1_genomic.fna_blast.xml,0,0,579,101,0,0,1239,230634,24864587,0,3615,46923,12302941,0,1986,Fusarium_venenatum_gca_900007375_subject_array_1753411280.bin
,569365,GCA_000835495.1,PRJNA326656,Cladophialophora immunda,strain=CBS 83496,GCF_000835495.1,43029152,Cladophialophora_immunda_gca_000835495.Clad_immu_CBS83496_V1.dna.toplevel.fa,GCF_000835495.1_Clad_immu_CBS83496_V1_genomic.fna.gz, 43029152, 43029152,Cladophialophora_immunda_gca_000835495.Clad_immu_CBS83496_V1.dna.toplevel.fa_vs_GCF_000835495.1_Clad_immu_CBS83496_V1_genomic.fna_blast.xml,0,0,0,0,0,0,0,60623,42968448,0,0,2,79,0,0,Cladophialophora_immunda_gca_000835495_subject_array_1753411297.bin
,573729,GCA_000226095.1,PRJNA79339,Thermothelomyces thermophilus ATCC 42464,strain=ATCC 42464,GCF_000226095.1,38744216,Thermothelomyces_thermophilus_atcc_42464_gca_000226095.ASM22609v1.dna.toplevel.fa,GCF_000226095.1_ASM22609v1_genomic.fna.gz, 38744216, 38744216,Thermothelomyces_thermophilus_atcc_42464_gca_000226095.ASM22609v1.dna.toplevel.fa_vs_GCF_000226095.1_ASM22609v1_genomic.fna_blast.xml,0,0,0,0,0,0,0,0,38744216,0,0,0,0,0,0,Thermothelomyces_thermophilus_atcc_42464_gca_000226095_subject_array_1753413620.bin
,573826,GCA_000026945.1,PRJNA38659,Candida dubliniensis CD36,strain=CD36,GCF_000026945.1,14618422,Candida_dubliniensis_cd36_gca_000026945.ASM2694v1.dna.toplevel.fa,GCF_000026945.1_ASM2694v1_genomic.fna.gz, 14618422, 14618422,Candida_dubliniensis_cd36_gca_000026945.ASM2694v1.dna.toplevel.fa_vs_GCF_000026945.1_ASM2694v1_genomic.fna_blast.xml,0,0,0,0,0,0,0,0,14618422,0,0,0,0,0,0,Candida_dubliniensis_cd36_gca_000026945_subject_array_1753413764.bin
,574789,GCA_010093595.1,PRJNA625774,Mytilinidion resinicola,strain=CBS 304.34,GCF_010093595.1,47275052,Mytilinidion_resinicola_gca_010093595.Mytre1.dna.toplevel.fa,GCF_010093595.1_Mytre1_genomic.fna.gz, 47275052, 47275052,Mytilinidion_resinicola_gca_010093595.Mytre1.dna.toplevel.fa_vs_GCF_010093595.1_Mytre1_genomic.fna_blast.xml,0,0,9,2,0,0,2,521075,46752306,0,3,217,1427,0,11,Mytilinidion_resinicola_gca_010093595_subject_array_1753413804.bin
,578455,GCA_000226115.1,PRJNA79337,Thermothielavioides terrestris NRRL 8126,strain=NRRL 8126,GCF_000226115.1,36912256,Thermothielavioides_terrestris_nrrl_8126_gca_000226115.ASM22611v1.dna.toplevel.fa,GCF_000226115.1_ASM22611v1_genomic.fna.gz, 36912256, 36912256,Thermothielavioides_terrestris_nrrl_8126_gca_000226115.ASM22611v1.dna.toplevel.fa_vs_GCF_000226115.1_ASM22611v1_genomic.fna_blast.xml,0,0,0,0,0,0,0,0,36912256,0,0,0,0,0,0,Thermothielavioides_terrestris_nrrl_8126_gca_000226115_subject_array_1753413884.bin
,578456,GCA_000271645.1,PRJNA225529,Tremella mesenterica DSM 1558,strain=Fries,GCF_000271645.1,28639919,Tremella_mesenterica_dsm_1558_gca_000271645.Treme1.dna.toplevel.fa,GCF_000271645.1_Treme1_genomic.fna.gz, 28639919, 28639919,Tremella_mesenterica_dsm_1558_gca_000271645.Treme1.dna.toplevel.fa_vs_GCF_000271645.1_Treme1_genomic.fna_blast.xml,0,0,24,6,0,0,35,644000,27991439,0,35,432,3929,0,19,Tremella_mesenterica_dsm_1558_gca_000271645_subject_array_1753414225.bin
,578457,GCA_000218685.1,PRJNA225516,Serpula lacrymans var. lacrymans S7.9,strain=S7.9,GCF_000218685.1,42797233,Serpula_lacrymans_var_lacrymans_s7_9_gca_000218685.v1.0.dna.toplevel.fa,GCF_000218685.1_v1.0_genomic.fna.gz, 42797233, 42797233,Serpula_lacrymans_var_lacrymans_s7_9_gca_000218685.v1.0.dna.toplevel.fa_vs_GCF_000218685.1_v1.0_genomic.fna_blast.xml,0,0,22,4,0,0,25,391319,42395560,0,11,220,10054,0,18,Serpula_lacrymans_var_lacrymans_s7_9_gca_000218685_subject_array_1753418053.bin
,578458,GCA_000143185.2,PRJNA51487,Schizophyllum commune H4-8,strain=H4-8,GCF_000143185.2,38670379,Schizophyllum_commune.GCA000143185v2.dna.toplevel.fa,GCF_000143185.2_Schco3_genomic.fna.gz, 38670379, 38670379,Schizophyllum_commune.GCA000143185v2.dna.toplevel.fa_vs_GCF_000143185.2_Schco3_genomic.fna_blast.xml,0,0,0,0,0,0,3,58382,38611167,0,1,75,751,0,0,Schizophyllum_commune_subject_array_1753418205.bin
,578459,GCA_001329695.1,PRJNA342700,Rhodotorula graminis WP1,strain=WP1,GCF_001329695.1,21013998,Rhodotorula_graminis_wp1_gca_001329695.Rhoba1_1.dna.toplevel.fa,GCF_001329695.1_Rhoba1_1_genomic.fna.gz, 21013998, 21013998,Rhodotorula_graminis_wp1_gca_001329695.Rhoba1_1.dna.toplevel.fa_vs_GCF_001329695.1_Rhoba1_1_genomic.fna_blast.xml,0,0,6,2,0,0,11,231082,20781204,0,36,378,1270,0,9,Rhodotorula_graminis_wp1_gca_001329695_subject_array_1753418251.bin
,58853,GCA_003025115.1,PRJNA453598,Trichoderma citrinoviride,strain=TUCIM 6016,GCF_003025115.1,33215161,Trichoderma_citrinoviride_gca_003025115.Trici_v4.0.dna.toplevel.fa,GCF_003025115.1_Trici_v4.0_genomic.fna.gz, 33215161, 33215161,Trichoderma_citrinoviride_gca_003025115.Trici_v4.0.dna.toplevel.fa_vs_GCF_003025115.1_Trici_v4.0_genomic.fna_blast.xml,0,0,0,0,0,0,1,82743,33132365,0,3,12,37,0,0,Trichoderma_citrinoviride_gca_003025115_subject_array_1753418264.bin
,588596,GCA_001593125.1,PRJNA1128271,Rhizophagus irregularis,na,GCF_026210795.1,146773001,Rhizophagus_irregularis_gca_001593125.ASM159312v1.dna.toplevel.fa,GCF_026210795.1_ASM2621079v1_genomic.fna.gz, 125353551, 146773001,Rhizophagus_irregularis_gca_001593125.ASM159312v1.dna.toplevel.fa_vs_GCF_026210795.1_ASM2621079v1_genomic.fna_blast.xml,77,0,280918,41309,177,0,272293,5945410,65231309,0,583176,3946300,69868355,0,603677,Rhizophagus_irregularis_gca_001593125_subject_array_1753422984.bin
,588596,GCA_001593155.1,PRJNA1128271,Rhizophagus irregularis,na,GCF_026210795.1,146773001,Rhizophagus_irregularis_gca_001593155.ASM159315v1.dna.toplevel.fa,GCF_026210795.1_ASM2621079v1_genomic.fna.gz, 122873294, 146773001,Rhizophagus_irregularis_gca_001593155.ASM159315v1.dna.toplevel.fa_vs_GCF_026210795.1_ASM2621079v1_genomic.fna_blast.xml,137,0,367181,56249,208,0,370766,9747574,64607427,0,886446,5283412,64566251,0,887350,Rhizophagus_irregularis_gca_001593155_subject_array_1753431611.bin
,588596,GCA_001593205.1,PRJNA1128271,Rhizophagus irregularis,na,GCF_026210795.1,146773001,Rhizophagus_irregularis_gca_001593205.ASM159320v1.dna.toplevel.fa,GCF_026210795.1_ASM2621079v1_genomic.fna.gz, 131334864, 146773001,Rhizophagus_irregularis_gca_001593205.ASM159320v1.dna.toplevel.fa_vs_GCF_026210795.1_ASM2621079v1_genomic.fna_blast.xml,94,0,279769,42848,187,0,287679,5380664,67019054,0,608860,3993130,68562266,0,598450,Rhizophagus_irregularis_gca_001593205_subject_array_1753442271.bin
,588596,GCA_001593145.1,PRJNA1128271,Rhizophagus irregularis,na,GCF_026210795.1,146773001,Rhizophagus_irregularis_gca_001593145.ASM159314v1.dna.toplevel.fa,GCF_026210795.1_ASM2621079v1_genomic.fna.gz, 138327084, 146773001,Rhizophagus_irregularis_gca_001593145.ASM159314v1.dna.toplevel.fa_vs_GCF_026210795.1_ASM2621079v1_genomic.fna_blast.xml,211,0,506976,77119,302,0,515180,11047203,63759155,0,1113560,6287234,62361872,0,1104189,Rhizophagus_irregularis_gca_001593145_subject_array_1753454909.bin
,58919,GCA_003144115.1,PRJNA480019,Tilletiopsis washingtonensis,strain=MCA 4186,GCF_003144115.1,18761941,Tilletiopsis_washingtonensis_gca_003144115.Tilwa1.dna.toplevel.fa,GCF_003144115.1_Tilwa1_genomic.fna.gz, 18761941, 18761941,Tilletiopsis_washingtonensis_gca_003144115.Tilwa1.dna.toplevel.fa_vs_GCF_003144115.1_Tilwa1_genomic.fna_blast.xml,0,0,0,0,0,0,0,164099,18597841,0,0,0,1,0,0,Tilletiopsis_washingtonensis_gca_003144115_subject_array_1753455813.bin
,597362,GCA_000300555.1,PRJNA242539,Agaricus bisporus var. burnettii JB137-S8,strain=JB137-s8,GCF_000300555.1,32614392,Agaricus_bisporus_var_burnettii_jb137_s8_gca_000300555.Agabi_varbur_1.dna.toplevel.fa,GCF_000300555.1_Agabi_varbur_1_genomic.fna.gz, 32614392, 32614392,Agaricus_bisporus_var_burnettii_jb137_s8_gca_000300555.Agabi_varbur_1.dna.toplevel.fa_vs_GCF_000300555.1_Agabi_varbur_1_genomic.fna_blast.xml,0,0,6,1,0,0,10,1373805,31237777,0,10,198,2574,0,11,Agaricus_bisporus_var_burnettii_jb137_s8_gca_000300555_subject_array_1753455871.bin
,60172,GCA_002072235.1,PRJNA973687,Penicillium solitum,strain=IBT 25940,GCF_028829755.1,33256298,Penicillium_solitum_gca_002072235.ASM207223v1.dna.toplevel.fa,GCF_028829755.1_ASM2882975v1_genomic.fna.gz, 33213390, 33256298,Penicillium_solitum_gca_002072235.ASM207223v1.dna.toplevel.fa_vs_GCF_028829755.1_ASM2882975v1_genomic.fna_blast.xml,0,0,7735,1002,1,0,10297,1779318,18763412,0,28019,338267,12307382,0,20865,Penicillium_solitum_gca_002072235_subject_array_1753455887.bin
,61420,GCA_009193585.1,PRJNA602440,Aspergillus caelatus,strain=CBS 763.97,GCF_009193585.1,40016351,Aspergillus_caelatus_gca_009193585.Aspcae1.dna.toplevel.fa,GCF_009193585.1_Aspcae1_genomic.fna.gz, 40016351, 40016351,Aspergillus_caelatus_gca_009193585.Aspcae1.dna.toplevel.fa_vs_GCF_009193585.1_Aspcae1_genomic.fna_blast.xml,0,0,1,0,0,0,0,11259,40005042,0,0,11,36,0,2,Aspergillus_caelatus_gca_009193585_subject_array_1753455901.bin
,619300,GCA_000223485.1,PRJNA225527,Spathaspora passalidarum NRRL Y-27907,strain=NRRL Y-27907,GCF_000223485.1,13182099,Spathaspora_passalidarum_nrrl_y_27907_gca_000223485.Spathaspora_passalidarum_v2.0.dna.toplevel.fa,GCF_000223485.1_Spathaspora_passalidarum_v2.0_genomic.fna.gz, 13182099, 13182099,Spathaspora_passalidarum_nrrl_y_27907_gca_000223485.Spathaspora_passalidarum_v2.0.dna.toplevel.fa_vs_GCF_000223485.1_Spathaspora_passalidarum_v2.0_genomic.fna_blast.xml,0,0,2,0,0,0,1,102151,13079859,0,2,7,77,0,0,Spathaspora_passalidarum_nrrl_y_27907_gca_000223485_subject_array_1753455907.bin
,645134,GCA_000182565.2,PRJNA319336,Spizellomyces punctatus DAOM BR117,strain=DAOM BR117,GCF_000182565.1,24131112,Spizellomyces_punctatus_daom_br117_gca_000182565.S_punctatus_V1.dna.toplevel.fa,GCF_000182565.1_S_punctatus_V1_genomic.fna.gz, 24131112, 24131112,Spizellomyces_punctatus_daom_br117_gca_000182565.S_punctatus_V1.dna.toplevel.fa_vs_GCF_000182565.1_S_punctatus_V1_genomic.fna_blast.xml,0,0,0,1,0,0,4,223990,23906632,0,5,62,418,0,0,Spizellomyces_punctatus_daom_br117_gca_000182565_subject_array_1753455921.bin
,64571,GCA_002105155.1,PRJNA396744,Lobosporangium transversale,strain=NRRL 3116,GCF_002105155.1,42768949,Lobosporangium_transversale_gca_002105155.Lobtra1.dna.toplevel.fa,GCF_002105155.1_Lobtra1_genomic.fna.gz, 42768949, 42768949,Lobosporangium_transversale_gca_002105155.Lobtra1.dna.toplevel.fa_vs_GCF_002105155.1_Lobtra1_genomic.fna_blast.xml,0,0,0,0,0,0,0,0,42768948,0,0,1,0,0,0,Lobosporangium_transversale_gca_002105155_subject_array_1753455956.bin
,650164,GCA_000300595.1,PRJNA242544,Phanerochaete carnosa HHB-10118-sp,strain=HHB-10118-sp,GCF_000300595.1,46293325,Phanerochaete_carnosa_hhb_10118_sp_gca_000300595.Phanerochaete_carnosa_HHB-10118-Sp_v1.0.dna.toplevel.fa,GCF_000300595.1_Phanerochaete_carnosa_HHB-10118-Sp_v1.0_genomic.fna.gz, 46293325, 46293325,Phanerochaete_carnosa_hhb_10118_sp_gca_000300595.Phanerochaete_carnosa_HHB-10118-Sp_v1.0.dna.toplevel.fa_vs_GCF_000300595.1_Phanerochaete_carnosa_HHB-10118-Sp_v1.0_genomic.fna_blast.xml,0,0,14,5,0,0,21,3143029,43144775,0,14,599,4850,0,18,Phanerochaete_carnosa_hhb_10118_sp_gca_000300595_subject_array_1753455998.bin
,655844,GCA_000187425.2,PRJNA245140,Metarhizium robertsii ARSEF 23,strain=ARSEF 23,GCF_000187425.2,41656800,Metarhizium_anisopliae_arsef_23_gca_000187425.MAA_2.0.dna.toplevel.fa,GCF_000187425.2_MAA_2.0_genomic.fna.gz, 41656800, 41656800,Metarhizium_anisopliae_arsef_23_gca_000187425.MAA_2.0.dna.toplevel.fa_vs_GCF_000187425.2_MAA_2.0_genomic.fna_blast.xml,0,0,3,3,0,0,1,2695355,38960979,0,6,42,408,0,3,Metarhizium_anisopliae_arsef_23_gca_000187425_subject_array_1753456014.bin
,655863,GCA_000143105.2,PRJNA264104,Grosmannia clavigera kw1407,strain=kw1407,GCF_000143105.1,29794006,Grosmannia_clavigera_kw1407_gca_000143105.Sanger-454-IlluminaPA_2.0.dna.toplevel.fa,GCF_000143105.1_Sanger-454-IlluminaPA_2.0_genomic.fna.gz, 29794006, 29794006,Grosmannia_clavigera_kw1407_gca_000143105.Sanger-454-IlluminaPA_2.0.dna.toplevel.fa_vs_GCF_000143105.1_Sanger-454-IlluminaPA_2.0_genomic.fna_blast.xml,0,0,49,0,0,0,71,666061,29124718,0,87,234,2769,0,17,Grosmannia_clavigera_kw1407_gca_000143105_subject_array_1753456058.bin
,655981,GCA_001641265.1,PRJNA342683,Pseudogymnoascus destructans,strain=20631-21,GCF_001641265.1,35818201,Pseudogymnoascus_destructans_gca_001641265.ASM164126v1.dna.toplevel.fa,GCF_001641265.1_ASM164126v1_genomic.fna.gz, 35818201, 35818201,Pseudogymnoascus_destructans_gca_001641265.ASM164126v1.dna.toplevel.fa_vs_GCF_001641265.1_ASM164126v1_genomic.fna_blast.xml,0,0,0,0,0,0,0,7727,35810442,0,0,1,31,0,0,Pseudogymnoascus_destructans_gca_001641265_subject_array_1753465447.bin
,660027,GCA_000271705.2,PRJNA950323,Fusarium oxysporum Fo47,strain=Fo47,GCF_013085055.1,50358849,Fusarium_oxysporum_fo47_gca_000271705.FO_Fo47_V1.dna.toplevel.fa,GCF_013085055.1_ASM1308505v1_genomic.fna.gz, 49664628, 50358849,Fusarium_oxysporum_fo47_gca_000271705.FO_Fo47_V1.dna.toplevel.fa_vs_GCF_013085055.1_ASM1308505v1_genomic.fna_blast.xml,1,0,1212,277,1,0,1339,214706,33436661,0,2732,83369,16616456,0,2095,Fusarium_oxysporum_fo47_gca_000271705_subject_array_1753465685.bin
,660027,GCA_013085055.1,PRJNA950323,Fusarium oxysporum Fo47,strain=Fo47,GCF_013085055.1,50358849,Fusarium_oxysporum_fo47_gca_013085055.ASM1308505v1.dna.toplevel.fa,GCF_013085055.1_ASM1308505v1_genomic.fna.gz, 50358849, 50358849,Fusarium_oxysporum_fo47_gca_013085055.ASM1308505v1.dna.toplevel.fa_vs_GCF_013085055.1_ASM1308505v1_genomic.fna_blast.xml,0,0,0,0,0,0,3,0,50358814,0,29,3,0,0,0,Fusarium_oxysporum_fo47_gca_013085055_subject_array_1753465711.bin
,663202,GCA_000151505.1,PRJNA51485,Trichophyton verrucosum HKI 0517,strain=HKI 0517,GCF_000151505.1,22540967,Trichophyton_verrucosum_hki_0517_gca_000151505.ASM15150v1.dna.toplevel.fa,GCF_000151505.1_ASM15150v1_genomic.fna.gz, 22540967, 22540967,Trichophyton_verrucosum_hki_0517_gca_000151505.ASM15150v1.dna.toplevel.fa_vs_GCF_000151505.1_ASM15150v1_genomic.fna_blast.xml,0,0,0,0,0,0,19,497,22540348,0,17,86,0,0,0,Trichophyton_verrucosum_hki_0517_gca_000151505_subject_array_1753465721.bin
,663331,GCA_000151125.2,PRJNA51431,Trichophyton benhamiae CBS 112371,strain=CBS 112371,GCF_000151125.1,22224160,Trichophyton_benhamiae_cbs_112371_gca_000151125.ASM15112v2.dna.toplevel.fa,GCF_000151125.1_ASM15112v2_genomic.fna.gz, 22224160, 22224160,Trichophyton_benhamiae_cbs_112371_gca_000151125.ASM15112v2.dna.toplevel.fa_vs_GCF_000151125.1_ASM15112v2_genomic.fna_blast.xml,0,0,0,0,0,0,6,1,22224144,0,3,5,1,0,0,Trichophyton_benhamiae_cbs_112371_gca_000151125_subject_array_1753465728.bin
,665079,GCA_001857865.1,PRJNA20263,Sclerotinia sclerotiorum 1980 UF-70,strain=1980,GCF_000146945.2,38330312,Sclerotinia_sclerotiorum_1980_uf_70_gca_001857865.ASM185786v1.dna.toplevel.fa,GCF_000146945.2_ASM14694v2_genomic.fna.gz, 38906597, 38459164,Sclerotinia_sclerotiorum_1980_uf_70_gca_001857865.ASM185786v1.dna.toplevel.fa_vs_GCF_000146945.2_ASM14694v2_genomic.fna_blast.xml,0,0,1371,89,0,0,937,467031,15154273,0,2727,8959,22819925,0,3852,Sclerotinia_sclerotiorum_1980_uf_70_gca_001857865_subject_array_1753466131.bin
,665912,GCA_000338995.1,PRJNA245122,Bipolaris sorokiniana ND90Pr,strain=ND90Pr,GCF_000338995.1,34409167,Bipolaris_sorokiniana_nd90pr_gca_000338995.Cocsa1.dna.toplevel.fa,GCF_000338995.1_Cocsa1_genomic.fna.gz, 34409167, 34409167,Bipolaris_sorokiniana_nd90pr_gca_000338995.Cocsa1.dna.toplevel.fa_vs_GCF_000338995.1_Cocsa1_genomic.fna_blast.xml,0,0,16,2,0,0,6,1193143,33214441,0,6,109,1433,0,11,Bipolaris_sorokiniana_nd90pr_gca_000338995_subject_array_1753466160.bin
,670483,GCA_000344685.1,PRJNA245137,Gloeophyllum trabeum ATCC 11539,strain=ATCC 11539,GCF_000344685.1,37178225,Gloeophyllum_trabeum_atcc_11539_gca_000344685.Glotr1_1.dna.toplevel.fa,GCF_000344685.1_Glotr1_1_genomic.fna.gz, 37178225, 37178225,Gloeophyllum_trabeum_atcc_11539_gca_000344685.Glotr1_1.dna.toplevel.fa_vs_GCF_000344685.1_Glotr1_1_genomic.fna_blast.xml,0,0,15,3,0,0,29,2737300,34435775,0,5,321,4763,0,14,Gloeophyllum_trabeum_atcc_11539_gca_000344685_subject_array_1753466190.bin
,670580,GCA_002117355.1,PRJNA445945,Postia placenta MAD-698-R-SB12,strain=MAD-698-R-SB12,GCF_002117355.1,42452888,Postia_placenta_mad_698_r_sb12_gca_002117355.PosplRSB12_1.dna.toplevel.fa,GCF_002117355.1_PosplRSB12_1_genomic.fna.gz, 42452888, 42452888,Postia_placenta_mad_698_r_sb12_gca_002117355.PosplRSB12_1.dna.toplevel.fa_vs_GCF_002117355.1_PosplRSB12_1_genomic.fna_blast.xml,0,0,51,12,0,0,47,2582340,39855629,0,78,1314,13351,0,66,Postia_placenta_mad_698_r_sb12_gca_002117355_subject_array_1753466979.bin
,671144,GCA_000263375.1,PRJNA225533,Wallemia mellicola CBS 633.66,strain=CBS 633.66,GCF_000263375.1,9815586,Wallemia_mellicola_cbs_633_66_gca_000263375.Wallemia_sebi_v1.0.dna.toplevel.fa,GCF_000263375.1_Wallemia_sebi_v1.0_genomic.fna.gz, 9815586, 9815586,Wallemia_mellicola_cbs_633_66_gca_000263375.Wallemia_sebi_v1.0.dna.toplevel.fa_vs_GCF_000263375.1_Wallemia_sebi_v1.0_genomic.fna_blast.xml,0,0,0,0,0,0,0,16762,9798792,0,0,0,32,0,0,Wallemia_mellicola_cbs_633_66_gca_000263375_subject_array_1753466999.bin
,671987,GCA_000359705.1,PRJNA245152,Exserohilum turcica Et28A,strain=Et28A,GCF_000359705.1,43013545,Exserohilum_turcica_et28a_gca_000359705.Setospaeria_trucica_Et28A_v1.0.dna.toplevel.fa,GCF_000359705.1_Setospaeria_trucica_Et28A_v1.0_genomic.fna.gz, 43013545, 43013545,Exserohilum_turcica_et28a_gca_000359705.Setospaeria_trucica_Et28A_v1.0.dna.toplevel.fa_vs_GCF_000359705.1_Setospaeria_trucica_Et28A_v1.0_genomic.fna_blast.xml,0,0,33,4,0,0,33,4743270,38262767,0,44,529,6838,0,27,Exserohilum_turcica_et28a_gca_000359705_subject_array_1753467076.bin
,683960,GCA_001661255.1,PRJNA352844,Wickerhamomyces anomalus NRRL Y-366-8,strain=NRRL Y-366-8,GCF_001661255.1,14145566,Wickerhamomyces_anomalus_nrrl_y_366_8_gca_001661255.Wican1.dna.toplevel.fa,GCF_001661255.1_Wican1_genomic.fna.gz, 14145566, 14145566,Wickerhamomyces_anomalus_nrrl_y_366_8_gca_001661255.Wican1.dna.toplevel.fa_vs_GCF_001661255.1_Wican1_genomic.fna_blast.xml,0,0,1,0,0,0,4,423343,13721773,0,6,43,393,0,3,Wickerhamomyces_anomalus_nrrl_y_366_8_gca_001661255_subject_array_1753467083.bin
,684364,GCA_000203795.1,PRJNA225502,Batrachochytrium dendrobatidis JAM81,strain=JAM81,GCF_000203795.2,23810896,Batrachochytrium_dendrobatidis_jam81_gca_000203795.v1.0.dna.toplevel.fa,GCF_000203795.2_v1.1_genomic.fna.gz, 24315081, 23810896,Batrachochytrium_dendrobatidis_jam81_gca_000203795.v1.0.dna.toplevel.fa_vs_GCF_000203795.2_v1.1_genomic.fna_blast.xml,0,0,32,6,0,0,21,168122,23635753,0,16,527,6404,0,15,Batrachochytrium_dendrobatidis_jam81_gca_000203795_subject_array_1753467107.bin
,690307,GCA_001890905.1,PRJNA374040,Aspergillus aculeatus ATCC 16872,strain=ATCC 16872,GCF_001890905.1,35424414,Aspergillus_aculeatus_atcc_16872_gca_001890905.Aspac1.dna.toplevel.fa,GCF_001890905.1_Aspac1_genomic.fna.gz, 35424414, 35424414,Aspergillus_aculeatus_atcc_16872_gca_001890905.Aspac1.dna.toplevel.fa_vs_GCF_001890905.1_Aspac1_genomic.fna_blast.xml,0,0,0,3,0,0,3,237878,35186334,0,6,29,159,0,2,Aspergillus_aculeatus_atcc_16872_gca_001890905_subject_array_1753467121.bin
,692275,GCA_000320565.2,PRJNA264111,Sphaerulina musiva SO2202,strain=SO2202,GCF_000320565.1,29352103,Sphaerulina_musiva_so2202_gca_000320565.Septoria_musiva_SO2202_v1.0.dna.toplevel.fa,GCF_000320565.1_Septoria_musiva_SO2202_v1.0_genomic.fna.gz, 29352103, 29352103,Sphaerulina_musiva_so2202_gca_000320565.Septoria_musiva_SO2202_v1.0.dna.toplevel.fa_vs_GCF_000320565.1_Septoria_musiva_SO2202_v1.0_genomic.fna_blast.xml,0,0,6,0,0,0,16,428977,28920903,0,13,181,2004,0,3,Sphaerulina_musiva_so2202_gca_000320565_subject_array_1753467141.bin
,698492,GCA_000227095.3,PRJNA352842,Saitoella complicata NRRL Y-17804,strain=NRRL Y-17804,GCF_001661265.1,14136186,Saitoella_complicata_nrrl_y_17804_gca_000227095.Scomplicata_3.0.dna.toplevel.fa,GCF_001661265.1_Saico1_genomic.fna.gz, 14130614, 14136186,Saitoella_complicata_nrrl_y_17804_gca_000227095.Scomplicata_3.0.dna.toplevel.fa_vs_GCF_001661265.1_Saico1_genomic.fna_blast.xml,0,0,80,7,0,0,87,29144,8166733,0,292,1718,5937992,0,133,Saitoella_complicata_nrrl_y_17804_gca_000227095_subject_array_1753467147.bin
,698492,GCA_001661265.1,PRJNA352842,Saitoella complicata NRRL Y-17804,strain=NRRL Y-17804,GCF_001661265.1,14136186,Saitoella_complicata_nrrl_y_17804_gca_001661265.Saico1.dna.toplevel.fa,GCF_001661265.1_Saico1_genomic.fna.gz, 14136186, 14136186,Saitoella_complicata_nrrl_y_17804_gca_001661265.Saico1.dna.toplevel.fa_vs_GCF_001661265.1_Saico1_genomic.fna_blast.xml,0,0,0,0,0,0,1,23047,14113106,0,0,0,32,0,0,Saitoella_complicata_nrrl_y_17804_gca_001661265_subject_array_1753467153.bin
,717646,GCA_000338955.1,PRJNA245120,Baudoinia panamericana UAMH 10762,strain=UAMH 10762,GCF_000338955.1,21875620,Baudoinia_panamericana_uamh_10762_gca_000338955.Bauco1.dna.toplevel.fa,GCF_000338955.1_Bauco1_genomic.fna.gz, 21875620, 21875620,Baudoinia_panamericana_uamh_10762_gca_000338955.Bauco1.dna.toplevel.fa_vs_GCF_000338955.1_Bauco1_genomic.fna_blast.xml,0,0,0,0,0,0,0,9974,21865611,0,0,2,33,0,0,Baudoinia_panamericana_uamh_10762_gca_000338955_subject_array_1753467160.bin
,717944,GCA_000271585.1,PRJNA242547,Trametes versicolor FP-101664 SS1,strain=FP-101664 SS1,GCF_000271585.1,44794008,Trametes_versicolor_fp_101664_ss1_gca_000271585.Trametes_versicolor_v1.0.dna.toplevel.fa,GCF_000271585.1_Trametes_versicolor_v1.0_genomic.fna.gz, 44794008, 44794008,Trametes_versicolor_fp_101664_ss1_gca_000271585.Trametes_versicolor_v1.0.dna.toplevel.fa_vs_GCF_000271585.1_Trametes_versicolor_v1.0_genomic.fna_blast.xml,0,0,1,1,0,0,6,1902060,42890545,0,7,183,1198,0,7,Trametes_versicolor_fp_101664_ss1_gca_000271585_subject_array_1753467179.bin
,721885,GCA_000264905.1,PRJNA225528,Stereum hirsutum FP-91666 SS1,strain=FP-91666 SS1,GCF_000264905.1,46511623,Stereum_hirsutum_fp_91666_ss1_gca_000264905.Stehi1.dna.toplevel.fa,GCF_000264905.1_Stehi1_genomic.fna.gz, 46511623, 46511623,Stereum_hirsutum_fp_91666_ss1_gca_000264905.Stehi1.dna.toplevel.fa_vs_GCF_000264905.1_Stehi1_genomic.fna_blast.xml,0,0,3,1,0,0,2,859602,45650565,0,9,113,1324,0,4,Stereum_hirsutum_fp_91666_ss1_gca_000264905_subject_array_1753467199.bin
,732165,GCA_000275845.1,PRJNA242541,Dichomitus squalens LYAD-421 SS1,strain=LYAD-421 SS1,GCF_000275845.1,42748430,Dichomitus_squalens_lyad_421_ss1_gca_000275845.Dichomitus_squalens_v1.0.dna.toplevel.fa,GCF_000275845.1_Dichomitus_squalens_v1.0_genomic.fna.gz, 42748430, 42748430,Dichomitus_squalens_lyad_421_ss1_gca_000275845.Dichomitus_squalens_v1.0.dna.toplevel.fa_vs_GCF_000275845.1_Dichomitus_squalens_v1.0_genomic.fna_blast.xml,0,0,19,1,0,0,10,3275224,39466010,0,18,391,6732,0,25,Dichomitus_squalens_lyad_421_ss1_gca_000275845_subject_array_1753467239.bin
,741275,GCA_000264995.1,PRJNA242546,Punctularia strigosozonata HHB-11173 SS5,strain=HHB-11173 SS5,GCF_000264995.1,34171901,Punctularia_strigosozonata_hhb_11173_ss5_gca_000264995.Punctularia_strigosozonata_v1.0.dna.toplevel.fa,GCF_000264995.1_Punctularia_strigosozonata_v1.0_genomic.fna.gz, 34171901, 34171901,Punctularia_strigosozonata_hhb_11173_ss5_gca_000264995.Punctularia_strigosozonata_v1.0.dna.toplevel.fa_vs_GCF_000264995.1_Punctularia_strigosozonata_v1.0_genomic.fna_blast.xml,0,0,8,2,0,0,5,1096009,33073832,0,17,181,1833,0,14,Punctularia_strigosozonata_hhb_11173_ss5_gca_000264995_subject_array_1753467255.bin
,741705,GCA_000271625.1,PRJNA245129,Coniophora puteana RWD-64-598 SS2,strain=RWD-64-598 SS2,GCF_000271625.1,42968544,Coniophora_puteana_rwd_64_598_ss2_gca_000271625.Conpu1.dna.toplevel.fa,GCF_000271625.1_Conpu1_genomic.fna.gz, 42968544, 42968544,Coniophora_puteana_rwd_64_598_ss2_gca_000271625.Conpu1.dna.toplevel.fa_vs_GCF_000271625.1_Conpu1_genomic.fna_blast.xml,0,0,6,0,0,0,4,1099751,41866964,0,13,144,1653,0,9,Coniophora_puteana_rwd_64_598_ss2_gca_000271625_subject_array_1753467273.bin
,747525,GCA_000320585.2,PRJNA245138,Heterobasidion irregulare TC 32-1,strain=TC 32-1,GCF_000320585.1,33649967,Heterobasidion_irregulare_tc_32_1_gca_000320585.Heterobasidion_irregulare_v2.0.dna.toplevel.fa,GCF_000320585.1_Heterobasidion_irregulare_v2.0_genomic.fna.gz, 33649967, 33649967,Heterobasidion_irregulare_tc_32_1_gca_000320585.Heterobasidion_irregulare_v2.0.dna.toplevel.fa_vs_GCF_000320585.1_Heterobasidion_irregulare_v2.0_genomic.fna_blast.xml,0,0,0,0,0,0,0,278,33649670,0,0,2,17,0,0,Heterobasidion_irregulare_tc_32_1_gca_000320585_subject_array_1753467325.bin
,759272,GCA_000221225.1,PRJNA225505,Thermochaetoides thermophila DSM 1495,strain=DSM 1495,GCF_000221225.1,28322806,Chaetomium_thermophilum_var_thermophilum_dsm_1495_gca_000221225.CTHT_3.0.dna.toplevel.fa,GCF_000221225.1_CTHT_3.0_genomic.fna.gz, 28322806, 28322806,Chaetomium_thermophilum_var_thermophilum_dsm_1495_gca_000221225.CTHT_3.0.dna.toplevel.fa_vs_GCF_000221225.1_CTHT_3.0_genomic.fna_blast.xml,0,0,0,0,0,0,0,9013,28313730,0,0,7,56,0,0,Chaetomium_thermophilum_var_thermophilum_dsm_1495_gca_000221225_subject_array_1753467336.bin
,759273,GCA_001672515.1,PRJNA342684,Colletotrichum higginsianum IMI 349063,strain=IMI 349063,GCF_001672515.1,50716103,Colletotrichum_higginsianum_imi_349063_gca_001672515.ASM167251v1.dna.toplevel.fa,GCF_001672515.1_ASM167251v1_genomic.fna.gz, 50716103, 50716103,Colletotrichum_higginsianum_imi_349063_gca_001672515.ASM167251v1.dna.toplevel.fa_vs_GCF_001672515.1_ASM167251v1_genomic.fna_blast.xml,0,0,0,0,0,0,22,0,50715995,0,39,47,0,0,0,Colletotrichum_higginsianum_imi_349063_gca_001672515_subject_array_1753467372.bin
,763406,GCA_001661235.1,PRJNA352841,Pichia membranifaciens NRRL Y-2026,strain=NRRL Y-2026,GCF_001661235.1,11582150,Pichia_membranifaciens_nrrl_y_2026_gca_001661235.Picme2.dna.toplevel.fa,GCF_001661235.1_Picme2_genomic.fna.gz, 11582150, 11582150,Pichia_membranifaciens_nrrl_y_2026_gca_001661235.Picme2.dna.toplevel.fa_vs_GCF_001661235.1_Picme2_genomic.fna_blast.xml,0,0,3,1,0,0,11,147432,11432107,0,2,26,2566,0,2,Pichia_membranifaciens_nrrl_y_2026_gca_001661235_subject_array_1753467378.bin
,764103,GCA_000708205.1,PRJNA302309,Mixia osmundae IAM 14324,strain=IAM 14324,GCF_000708205.1,13634488,Mixia_osmundae_iam_14324_gca_000708205.Mixia_osmundae_v1.0.dna.toplevel.fa,GCF_000708205.1_Mixia_osmundae_v1.0_genomic.fna.gz, 13634488, 13634488,Mixia_osmundae_iam_14324_gca_000708205.Mixia_osmundae_v1.0.dna.toplevel.fa_vs_GCF_000708205.1_Mixia_osmundae_v1.0_genomic.fna_blast.xml,0,0,2,0,0,0,0,77499,13554736,0,0,17,2234,0,0,Mixia_osmundae_iam_14324_gca_000708205_subject_array_1753467383.bin
,764103,GCA_000241205.2,PRJNA302309,Mixia osmundae IAM 14324,strain=IAM 14324,GCF_000708205.1,13634488,Mixia_osmundae_iam_14324_gca_000241205.Mosmundae_2.0.dna.toplevel.fa,GCF_000708205.1_Mixia_osmundae_v1.0_genomic.fna.gz, 13393708, 13634488,Mixia_osmundae_iam_14324_gca_000241205.Mosmundae_2.0.dna.toplevel.fa_vs_GCF_000708205.1_Mixia_osmundae_v1.0_genomic.fna_blast.xml,0,0,67,13,0,0,79,81156,7351659,0,405,3619,6197300,0,190,Mixia_osmundae_iam_14324_gca_000241205_subject_array_1753467388.bin
,76775,GCA_003290485.1,PRJNA495494,Malassezia restricta,strain=KCTC 27527,GCF_003290485.1,7330907,Malassezia_restricta_gca_003290485.ASM329048v1.dna.toplevel.fa,GCF_003290485.1_ASM329048v1_genomic.fna.gz, 7369627, 7369627,Malassezia_restricta_gca_003290485.ASM329048v1.dna.toplevel.fa_vs_GCF_003290485.1_ASM329048v1_genomic.fna_blast.xml,0,0,0,0,0,0,0,0,7369620,0,3,4,0,0,0,Malassezia_restricta_gca_003290485_subject_array_1753467391.bin
,767769,GCA_001889945.1,PRJNA1151043,Aspergillus brasiliensis CBS 101740,strain=CBS 101740,GCF_001889945.1,35804080,Aspergillus_brasiliensis_cbs_101740_gca_001889945.Aspbr1.dna.toplevel.fa,GCF_001889945.1_Aspbr1_genomic.fna.gz, 35804080, 35804080,Aspergillus_brasiliensis_cbs_101740_gca_001889945.Aspbr1.dna.toplevel.fa_vs_GCF_001889945.1_Aspbr1_genomic.fna_blast.xml,0,0,0,1,0,0,0,152070,35651879,0,1,12,117,0,0,Aspergillus_brasiliensis_cbs_101740_gca_001889945_subject_array_1753467402.bin
,77020,GCA_001278385.1,PRJNA309726,Malassezia pachydermatis,strain=CBS 1879,GCF_001278385.1,8150648,Malassezia_pachydermatis_gca_001278385.MalaPachy.dna.toplevel.fa,GCF_001278385.1_MalaPachy_genomic.fna.gz, 8150648, 8150648,Malassezia_pachydermatis_gca_001278385.MalaPachy.dna.toplevel.fa_vs_GCF_001278385.1_MalaPachy_genomic.fna_blast.xml,0,0,0,0,0,0,1,553,8150091,0,1,2,0,0,0,Malassezia_pachydermatis_gca_001278385_subject_array_1753467405.bin
,796027,GCA_001640025.2,PRJNA342695,Sugiyamaella lignohabitans,strain=CBS 10342,GCF_001640025.1,15938258,Sugiyamaella_lignohabitans_gca_001640025.ASM164002v2.dna.toplevel.fa,GCF_001640025.1_ASM164002v2_genomic.fna.gz, 15982127, 15938258,Sugiyamaella_lignohabitans_gca_001640025.ASM164002v2.dna.toplevel.fa_vs_GCF_001640025.1_ASM164002v2_genomic.fna_blast.xml,0,0,0,0,0,0,0,0,15938258,0,0,0,0,0,0,Sugiyamaella_lignohabitans_gca_001640025_subject_array_1753473913.bin
,84753,GCA_000747765.1,PRJNA302316,Moesziomyces antarcticus,strain=JCM 10317,GCF_000747765.1,18111965,Moesziomyces_antarcticus_gca_000747765.ASM74776v1.dna.toplevel.fa,GCF_000747765.1_ASM74776v1_genomic.fna.gz, 18111965, 18111965,Moesziomyces_antarcticus_gca_000747765.ASM74776v1.dna.toplevel.fa_vs_GCF_000747765.1_ASM74776v1_genomic.fna_blast.xml,0,0,0,1,0,0,6,31043,18080851,0,21,40,3,0,0,Moesziomyces_antarcticus_gca_000747765_subject_array_1753474019.bin
,84753,GCA_900322835.1,PRJNA302316,Moesziomyces antarcticus,strain=JCM 10317,GCF_000747765.1,18111965,Moesziomyces_antarcticus_gca_900322835.Pse_antar_v1.dna.toplevel.fa,GCF_000747765.1_ASM74776v1_genomic.fna.gz, 18376790, 18111965,Moesziomyces_antarcticus_gca_900322835.Pse_antar_v1.dna.toplevel.fa_vs_GCF_000747765.1_ASM74776v1_genomic.fna_blast.xml,0,0,132,26,0,0,93,266661,11267203,0,237,1184,6576232,0,197,Moesziomyces_antarcticus_gca_900322835_subject_array_1753474026.bin
,856822,GCA_001646965.1,PRJNA342681,Fonsecaea nubica,strain=CBS 269.64,GCF_001646965.1,33787447,Fonsecaea_nubica_gca_001646965.ASM164696v1.dna.toplevel.fa,GCF_001646965.1_ASM164696v1_genomic.fna.gz, 33787447, 33787447,Fonsecaea_nubica_gca_001646965.ASM164696v1.dna.toplevel.fa_vs_GCF_001646965.1_ASM164696v1_genomic.fna_blast.xml,0,0,0,0,0,0,2,99,33787345,0,0,1,0,0,0,Fonsecaea_nubica_gca_001646965_subject_array_1753474037.bin
,857342,GCA_003019875.1,PRJNA453595,Amorphotheca resinae ATCC 22711,strain=ATCC 22711,GCF_003019875.1,28632918,Amorphotheca_resinae_atcc_22711_gca_003019875.Amore1.dna.toplevel.fa,GCF_003019875.1_Amore1_genomic.fna.gz, 28632918, 28632918,Amorphotheca_resinae_atcc_22711_gca_003019875.Amore1.dna.toplevel.fa_vs_GCF_003019875.1_Amore1_genomic.fna_blast.xml,0,0,14,1,0,0,11,168324,28462543,0,8,245,1752,0,20,Amorphotheca_resinae_atcc_22711_gca_003019875_subject_array_1753474079.bin
,858893,GCA_000230625.1,PRJNA225511,Exophiala dermatitidis NIH/UT8656,strain=NIH/UT8656,GCF_000230625.1,26350763,Exophiala_dermatitidis_nih_ut8656_gca_000230625.Exop_derm_V1.dna.toplevel.fa,GCF_000230625.1_Exop_derm_V1_genomic.fna.gz, 26376767, 26376767,Exophiala_dermatitidis_nih_ut8656_gca_000230625.Exop_derm_V1.dna.toplevel.fa_vs_GCF_000230625.1_Exop_derm_V1_genomic.fna_blast.xml,0,0,0,0,0,0,0,0,26376767,0,0,0,0,0,0,Exophiala_dermatitidis_nih_ut8656_gca_000230625_subject_array_1753474090.bin
,869754,GCA_001664035.1,PRJNA342692,Metschnikowia bicuspidata var. bicuspidata NRRL YB-4993,strain=NRRL YB-4993,GCF_001664035.1,16055203,Metschnikowia_bicuspidata_var_bicuspidata_nrrl_yb_4993_gca_001664035.Metbi1.dna.toplevel.fa,GCF_001664035.1_Metbi1_genomic.fna.gz, 16055203, 16055203,Metschnikowia_bicuspidata_var_bicuspidata_nrrl_yb_4993_gca_001664035.Metbi1.dna.toplevel.fa_vs_GCF_001664035.1_Metbi1_genomic.fna_blast.xml,0,0,2,0,0,0,4,373719,15681159,0,5,45,267,0,2,Metschnikowia_bicuspidata_var_bicuspidata_nrrl_yb_4993_gca_001664035_subject_array_1753474098.bin
,871575,GCA_000187245.3,PRJNA264114,Ogataea parapolymorpha DL-1,strain=DL-1,GCF_000187245.1,8874589,Ogataea_parapolymorpha_dl_1_gca_000187245.Hansenula_2.dna.toplevel.fa,GCF_000187245.1_Hansenula_2_genomic.fna.gz, 8874589, 8874589,Ogataea_parapolymorpha_dl_1_gca_000187245.Hansenula_2.dna.toplevel.fa_vs_GCF_000187245.1_Hansenula_2_genomic.fna_blast.xml,0,0,0,0,0,0,0,4200,8870389,0,0,0,0,0,0,Ogataea_parapolymorpha_dl_1_gca_000187245_subject_array_1753474101.bin
,87229,GCA_004786265.1,PRJNA691331,Botrytis porri,strain=MUCL 3234,GCF_014898465.1,46789968,Botrytis_porri_gca_004786265.ASM478626v1.dna.toplevel.fa,GCF_014898465.1_ASM1489846v1_genomic.fna.gz, 42958358, 46789968,Botrytis_porri_gca_004786265.ASM478626v1.dna.toplevel.fa_vs_GCF_014898465.1_ASM1489846v1_genomic.fna_blast.xml,1,0,9866,1877,3,0,10881,753295,23339989,0,19138,604907,22033429,0,16582,Botrytis_porri_gca_004786265_subject_array_1753474147.bin
,879819,GCA_001027345.1,PRJNA1120906,Cutaneotrichosporon oleaginosum,strain=ATCC 20508,GCF_008065305.1,19820908,Cutaneotrichosporon_oleaginosum_gca_001027345.Triol1.dna.toplevel.fa,GCF_008065305.1_ASM806530v1_genomic.fna.gz, 19835558, 19820908,Cutaneotrichosporon_oleaginosum_gca_001027345.Triol1.dna.toplevel.fa_vs_GCF_008065305.1_ASM806530v1_genomic.fna_blast.xml,0,0,127,22,0,0,89,63151,9155155,0,637,1317,10599740,0,670,Cutaneotrichosporon_oleaginosum_gca_001027345_subject_array_1753474156.bin
,879819,GCA_008065305.1,PRJNA1120906,Cutaneotrichosporon oleaginosum,strain=ATCC 20508,GCF_008065305.1,19820908,Cutaneotrichosporon_oleaginosum_gca_008065305.ASM806530v1.dna.toplevel.fa,GCF_008065305.1_ASM806530v1_genomic.fna.gz, 19820908, 19820908,Cutaneotrichosporon_oleaginosum_gca_008065305.ASM806530v1.dna.toplevel.fa_vs_GCF_008065305.1_ASM806530v1_genomic.fna_blast.xml,0,0,0,0,0,0,0,0,19820908,0,0,0,0,0,0,Cutaneotrichosporon_oleaginosum_gca_008065305_subject_array_1753474163.bin
,881290,GCA_000250985.1,PRJNA242543,Nematocida parisii ERTm1,strain=ERTm1,GCF_000250985.1,4071346,Nematocida_parisii_ertm1_gca_000250985.Nema_parisii_ERTm1_V3.dna.toplevel.fa,GCF_000250985.1_Nema_parisii_ERTm1_V3_genomic.fna.gz, 4071346, 4071346,Nematocida_parisii_ertm1_gca_000250985.Nema_parisii_ERTm1_V3.dna.toplevel.fa_vs_GCF_000250985.1_Nema_parisii_ERTm1_V3_genomic.fna_blast.xml,0,0,3,0,0,0,1,41667,4029529,0,2,32,112,0,0,Nematocida_parisii_ertm1_gca_000250985_subject_array_1753474165.bin
,907965,GCA_000277815.3,PRJNA173349,Encephalitozoon hellem ATCC 50504,strain=ATCC 50504,GCF_000277815.2,2251784,Encephalitozoon_hellem_atcc_50504_gca_000277815.ASM27781v3.dna.toplevel.fa,GCF_000277815.2_ASM27781v3_genomic.fna.gz, 2251784, 2251784,Encephalitozoon_hellem_atcc_50504_gca_000277815.ASM27781v3.dna.toplevel.fa_vs_GCF_000277815.2_ASM27781v3_genomic.fna_blast.xml,0,0,0,0,0,0,0,0,2251784,0,0,0,0,0,0,Encephalitozoon_hellem_atcc_50504_gca_000277815_subject_array_1753474166.bin
,91492,GCA_001078395.1,PRJNA758027,Aspergillus udagawae,strain=IFM 46973,GCF_001078395.1,32252303,Aspergillus_udagawae_gca_001078395.Aud_assembly01.dna.toplevel.fa,GCF_001078395.1_Aud_assembly02_genomic.fna.gz, 32185562, 32252303,Aspergillus_udagawae_gca_001078395.Aud_assembly01.dna.toplevel.fa_vs_GCF_001078395.1_Aud_assembly02_genomic.fna_blast.xml,0,0,421,56,0,0,283,251229,13169589,0,526,10445,18818801,0,953,Aspergillus_udagawae_gca_001078395_subject_array_1753474178.bin
,91492,GCA_010724135.1,PRJNA758027,Aspergillus udagawae,strain=IFM 46973,GCF_001078395.1,32252303,Aspergillus_udagawae_gca_010724135.ASM1072413v1.dna.toplevel.fa,GCF_001078395.1_Aud_assembly02_genomic.fna.gz, 33476550, 32252303,Aspergillus_udagawae_gca_010724135.ASM1072413v1.dna.toplevel.fa_vs_GCF_001078395.1_Aud_assembly02_genomic.fna_blast.xml,0,0,10219,1402,0,0,10798,2450897,14209700,0,24714,428097,15092199,0,24277,Aspergillus_udagawae_gca_010724135_subject_array_1753474190.bin
,91492,GCA_010724255.1,PRJNA758027,Aspergillus udagawae,strain=IFM 46973,GCF_001078395.1,32252303,Aspergillus_udagawae_gca_010724255.ASM1072425v1.dna.toplevel.fa,GCF_001078395.1_Aud_assembly02_genomic.fna.gz, 33650743, 32252303,Aspergillus_udagawae_gca_010724255.ASM1072425v1.dna.toplevel.fa_vs_GCF_001078395.1_Aud_assembly02_genomic.fna_blast.xml,1,0,10173,1460,1,0,11421,2255507,16098592,0,26733,433434,13391618,0,23363,Aspergillus_udagawae_gca_010724255_subject_array_1753474203.bin
,91492,GCA_010724335.1,PRJNA758027,Aspergillus udagawae,strain=IFM 46973,GCF_001078395.1,32252303,Aspergillus_udagawae_gca_010724335.ASM1072433v1.dna.toplevel.fa,GCF_001078395.1_Aud_assembly02_genomic.fna.gz, 32495514, 32252303,Aspergillus_udagawae_gca_010724335.ASM1072433v1.dna.toplevel.fa_vs_GCF_001078395.1_Aud_assembly02_genomic.fna_blast.xml,0,0,10601,1383,0,0,9707,2261074,14146221,0,23364,427979,15346730,0,25244,Aspergillus_udagawae_gca_010724335_subject_array_1753474215.bin
,91492,GCA_010724795.1,PRJNA758027,Aspergillus udagawae,strain=IFM 46973,GCF_001078395.1,32252303,Aspergillus_udagawae_gca_010724795.ASM1072479v1.dna.toplevel.fa,GCF_001078395.1_Aud_assembly02_genomic.fna.gz, 31222906, 32252303,Aspergillus_udagawae_gca_010724795.ASM1072479v1.dna.toplevel.fa_vs_GCF_001078395.1_Aud_assembly02_genomic.fna_blast.xml,0,0,9496,1259,0,0,10128,2741953,15941974,0,23944,410936,13090047,0,22566,Aspergillus_udagawae_gca_010724795_subject_array_1753474226.bin
,91928,GCA_000836115.1,PRJNA326653,Exophiala spinifera,strain=CBS 89968,GCF_000836115.1,32912349,Exophiala_spinifera_gca_000836115.Exop_spin_CBS89968_V1.dna.toplevel.fa,GCF_000836115.1_Exop_spin_CBS89968_V1_genomic.fna.gz, 32912349, 32912349,Exophiala_spinifera_gca_000836115.Exop_spin_CBS89968_V1.dna.toplevel.fa_vs_GCF_000836115.1_Exop_spin_CBS89968_V1_genomic.fna_blast.xml,0,0,1,0,0,0,0,38569,32873662,0,0,10,106,0,1,Exophiala_spinifera_gca_000836115_subject_array_1753474238.bin
,930089,GCA_000523435.1,PRJNA245123,Bipolaris zeicola 26-R-13,strain=26-R-13,GCF_000523435.1,31267936,Bipolaris_zeicola_26_r_13_gca_000523435.Cochliobolus_carbonum_v1.0.dna.toplevel.fa,GCF_000523435.1_Cochliobolus_carbonum_v1.0_genomic.fna.gz, 31267936, 31267936,Bipolaris_zeicola_26_r_13_gca_000523435.Cochliobolus_carbonum_v1.0.dna.toplevel.fa_vs_GCF_000523435.1_Cochliobolus_carbonum_v1.0_genomic.fna_blast.xml,0,0,0,0,0,0,15,18508,31249337,0,29,40,7,0,0,Bipolaris_zeicola_26_r_13_gca_000523435_subject_array_1753474250.bin
,930090,GCA_000523455.1,PRJNA245121,Bipolaris oryzae ATCC 44560,strain=ATCC 44560,GCF_000523455.1,31362097,Bipolaris_oryzae_atcc_44560_gca_000523455.Cochliobolus_miyabeanus_v1.0.dna.toplevel.fa,GCF_000523455.1_Cochliobolus_miyabeanus_v1.0_genomic.fna.gz, 31362097, 31362097,Bipolaris_oryzae_atcc_44560_gca_000523455.Cochliobolus_miyabeanus_v1.0.dna.toplevel.fa_vs_GCF_000523455.1_Cochliobolus_miyabeanus_v1.0_genomic.fna_blast.xml,0,0,1,0,0,0,10,34157,31327762,0,35,61,70,0,1,Bipolaris_oryzae_atcc_44560_gca_000523455_subject_array_1753474261.bin
,931890,GCA_000235365.1,PRJNA78153,Eremothecium cymbalariae DBVPG#7215,strain=DBVPG#7215,GCF_000235365.1,9669424,Eremothecium_cymbalariae_dbvpg_7215_gca_000235365.ASM23536v1.dna.toplevel.fa,GCF_000235365.1_ASM23536v1_genomic.fna.gz, 9669424, 9669424,Eremothecium_cymbalariae_dbvpg_7215_gca_000235365.ASM23536v1.dna.toplevel.fa_vs_GCF_000235365.1_ASM23536v1_genomic.fna_blast.xml,0,0,0,0,0,0,0,0,9669424,0,0,0,0,0,0,Eremothecium_cymbalariae_dbvpg_7215_gca_000235365_subject_array_1753474265.bin
,948595,GCA_000192795.1,PRJNA242548,Vavraia culicis subsp. floridensis,strain=floridensis,GCF_000192795.1,6118689,Vavraia_culicis_subsp_floridensis_gca_000192795.Vavr_culi_floridensis_V1.dna.toplevel.fa,GCF_000192795.1_Vavr_culi_floridensis_V1_genomic.fna.gz, 6118689, 6118689,Vavraia_culicis_subsp_floridensis_gca_000192795.Vavr_culi_floridensis_V1.dna.toplevel.fa_vs_GCF_000192795.1_Vavr_culi_floridensis_V1_genomic.fna_blast.xml,0,0,2,0,0,0,0,84115,6034390,0,0,19,163,0,0,Vavraia_culicis_subsp_floridensis_gca_000192795_subject_array_1753474268.bin
,983964,GCA_003025095.1,PRJNA453596,Trichoderma harzianum CBS 226.95,strain=CBS 226.95,GCF_003025095.1,40980648,Trichoderma_harzianum_cbs_226_95_gca_003025095.Triha_v1.0.dna.toplevel.fa,GCF_003025095.1_Triha_v1.0_genomic.fna.gz, 40980648, 40980648,Trichoderma_harzianum_cbs_226_95_gca_003025095.Triha_v1.0.dna.toplevel.fa_vs_GCF_003025095.1_Triha_v1.0_genomic.fna_blast.xml,0,0,0,0,0,0,0,23164,40957420,0,0,9,55,0,0,Trichoderma_harzianum_cbs_226_95_gca_003025095_subject_array_1753474288.bin
,983966,GCA_001661405.1,PRJNA374042,Cyberlindnera jadinii NRRL Y-1542,strain=NRRL Y-1542,GCF_001661405.1,13018415,Cyberlindnera_jadinii_nrrl_y_1542_gca_001661405.Cybja1.dna.toplevel.fa,GCF_001661405.1_Cybja1_genomic.fna.gz, 13018415, 13018415,Cyberlindnera_jadinii_nrrl_y_1542_gca_001661405.Cybja1.dna.toplevel.fa_vs_GCF_001661405.1_Cybja1_genomic.fna_blast.xml,0,0,2,0,0,0,0,260339,12757463,0,1,74,530,0,6,Cyberlindnera_jadinii_nrrl_y_1542_gca_001661405_subject_array_1753474294.bin
,984485,GCA_001661395.1,PRJNA374043,Hyphopichia burtonii NRRL Y-1933,strain=NRRL Y-1933,GCF_001661395.1,12403110,Hyphopichia_burtonii_nrrl_y_1933_gca_001661395.Hypbu1.dna.toplevel.fa,GCF_001661395.1_Hypbu1_genomic.fna.gz, 12403110, 12403110,Hyphopichia_burtonii_nrrl_y_1933_gca_001661395.Hypbu1.dna.toplevel.fa_vs_GCF_001661395.1_Hypbu1_genomic.fna_blast.xml,0,0,0,0,0,0,0,56112,12346979,0,0,1,18,0,0,Hyphopichia_burtonii_nrrl_y_1933_gca_001661395_subject_array_1753474298.bin
,984486,GCA_001661335.1,PRJNA352836,Babjeviella inositovora NRRL Y-12698,strain=NRRL Y-12698,GCF_001661335.1,15221050,Babjeviella_inositovora_nrrl_y_12698_gca_001661335.Babin1.dna.toplevel.fa,GCF_001661335.1_Babin1_genomic.fna.gz, 15221050, 15221050,Babjeviella_inositovora_nrrl_y_12698_gca_001661335.Babin1.dna.toplevel.fa_vs_GCF_001661335.1_Babin1_genomic.fna_blast.xml,0,0,1,1,0,0,0,167583,15053247,0,0,20,198,0,0,Babjeviella_inositovora_nrrl_y_12698_gca_001661335_subject_array_1753474304.bin
,984487,GCA_001661415.1,PRJNA374041,Suhomyces tanzawaensis NRRL Y-17324,strain=NRRL Y-17324,GCF_001661415.1,13136204,Suhomyces_tanzawaensis_nrrl_y_17324_gca_001661415.Canta1.dna.toplevel.fa,GCF_001661415.1_Canta1_genomic.fna.gz, 13136204, 13136204,Suhomyces_tanzawaensis_nrrl_y_17324_gca_001661415.Canta1.dna.toplevel.fa_vs_GCF_001661415.1_Canta1_genomic.fna_blast.xml,0,0,0,0,0,0,0,32133,13103851,0,0,8,211,0,1,Suhomyces_tanzawaensis_nrrl_y_17324_gca_001661415_subject_array_1753474309.bin
,993615,GCA_000231115.1,PRJNA242549,Vittaforma corneae ATCC 50505,strain=ATCC 50505,GCF_000231115.1,3213516,Vittaforma_corneae_atcc_50505_gca_000231115.Vitt_corn_V1.dna.toplevel.fa,GCF_000231115.1_Vitt_corn_V1_genomic.fna.gz, 3213516, 3213516,Vittaforma_corneae_atcc_50505_gca_000231115.Vitt_corn_V1.dna.toplevel.fa_vs_GCF_000231115.1_Vitt_corn_V1_genomic.fna_blast.xml,0,0,3,1,0,0,1,63794,3149391,0,1,38,274,0,13,Vittaforma_corneae_atcc_50505_gca_000231115_subject_array_1753474310.bin
