col1,col2,col3,col4,col5,col6,col7,query_fna,subject_fna,query_length,subject_length,blast_output,n_of_-7,n_of_-6,n_of_-5,n_of_-4,n_of_-3,n_of_-2,n_of_-1,n_of_0,n_of_1,n_of_2,n_of_3,n_of_4,n_of_5,n_of_6,n_of_7,binary_filename
39,1001704,1S-151-0930,1001704.3,6,https://ftp.ncbi.nlm.nih.gov/genomes/all/GCF/000/271/165/GCF_000271165.1_ASM27116v1,6,1001704.3.fna,GCF_000271165.1_ASM27116v1_genomic.fna,4895763,4895763,1001704.3.fna_vs_GCF_000271165.1_ASM27116v1_genomic.fna_blast.xml,0,0,0,0,0,0,0,0,4895763,0,0,0,0,0,0,1001704_subject_array_1739681367.bin
43,1001708,2B-0626,1001708.3,6,https://ftp.ncbi.nlm.nih.gov/genomes/all/GCF/000/270/905/GCF_000270905.1_ASM27090v1,6,1001708.3.fna,GCF_000270905.1_ASM27090v1_genomic.fna,4810868,4810868,1001708.3.fna_vs_GCF_000270905.1_ASM27090v1_genomic.fna_blast.xml,0,0,0,0,0,0,0,0,4810868,0,0,0,0,0,0,1001708_subject_array_1739681372.bin
62,1001726,4S-0726-RA,1001726.3,6,https://ftp.ncbi.nlm.nih.gov/genomes/all/GCF/000/271/245/GCF_000271245.1_ASM27124v1,6,1001726.3.fna,GCF_000271245.1_ASM27124v1_genomic.fna,4842208,4842208,1001726.3.fna_vs_GCF_000271245.1_ASM27124v1_genomic.fna_blast.xml,0,0,0,0,0,0,0,0,4842208,0,0,0,0,0,0,1001726_subject_array_1739681376.bin
63,1001727,4S-0726-RB,1001727.3,6,https://ftp.ncbi.nlm.nih.gov/genomes/all/GCF/000/271/265/GCF_000271265.1_ASM27126v1,6,1001727.3.fna,GCF_000271265.1_ASM27126v1_genomic.fna,4862293,4862293,1001727.3.fna_vs_GCF_000271265.1_ASM27126v1_genomic.fna_blast.xml,0,0,0,0,0,0,0,0,4862293,0,0,0,0,0,0,1001727_subject_array_1739681381.bin
65,1001729,5S-0421,1001729.3,6,https://ftp.ncbi.nlm.nih.gov/genomes/all/GCF/000/271/225/GCF_000271225.1_ASM27122v1,6,1001729.3.fna,GCF_000271225.1_ASM27122v1_genomic.fna,5242408,5242408,1001729.3.fna_vs_GCF_000271225.1_ASM27122v1_genomic.fna_blast.xml,0,0,0,0,0,0,0,0,5242408,0,0,0,0,0,0,1001729_subject_array_1739681385.bin
66,1001730,5S-0708,1001730.3,6,https://ftp.ncbi.nlm.nih.gov/genomes/all/GCF/000/271/085/GCF_000271085.1_ASM27108v1,6,1001730.3.fna,GCF_000271085.1_ASM27108v1_genomic.fna,5253252,5253252,1001730.3.fna_vs_GCF_000271085.1_ASM27108v1_genomic.fna_blast.xml,0,0,0,0,0,0,0,0,5253252,0,0,0,0,0,0,1001730_subject_array_1739681390.bin
72,1001736,6G-0728-S,1001736.3,6,https://ftp.ncbi.nlm.nih.gov/genomes/all/GCF/000/271/185/GCF_000271185.1_ASM27118v1,6,1001736.3.fna,GCF_000271185.1_ASM27118v1_genomic.fna,5315024,5315024,1001736.3.fna_vs_GCF_000271185.1_ASM27118v1_genomic.fna_blast.xml,0,0,0,0,0,0,0,0,5315024,0,0,0,0,0,0,1001736_subject_array_1739681395.bin
451,1014,NCTC11635,1014.4,6,https://ftp.ncbi.nlm.nih.gov/genomes/all/GCF/900/460/495/GCF_900460495.1_57566_A01,6,1014.4.fna,GCF_900460495.1_57566_A01_genomic.fna,2276367,2276367,1014.4.fna_vs_GCF_900460495.1_57566_A01_genomic.fna_blast.xml,0,0,0,0,0,0,0,0,2276367,0,0,0,0,0,0,1014_subject_array_1739681397.bin
851,1027633,DSM 24083,1027633.3,6,https://ftp.ncbi.nlm.nih.gov/genomes/all/GCF/006/716/305/GCF_006716305.1_ASM671630v1,6,1027633.3.fna,GCF_006716305.1_ASM671630v1_genomic.fna,2879712,2879712,1027633.3.fna_vs_GCF_006716305.1_ASM671630v1_genomic.fna_blast.xml,0,0,0,0,0,0,0,0,2879712,0,0,0,0,0,0,1027633_subject_array_1739681400.bin
1315,104087,PgKB32,104087.42,6,https://ftp.ncbi.nlm.nih.gov/genomes/all/GCF/010/588/365/GCF_010588365.1_ASM1058836v1,6,104087.42.fna,GCF_010588365.1_ASM1058836v1_genomic.fna,7317733,7317733,104087.42.fna_vs_GCF_010588365.1_ASM1058836v1_genomic.fna_blast.xml,0,0,0,0,0,0,0,0,7317733,0,0,0,0,0,0,104087_subject_array_1739681443.bin
1453,1045808,YL-1,1045808.4,6,https://ftp.ncbi.nlm.nih.gov/genomes/all/GCF/001/942/025/GCF_001942025.1_ASM194202v1,6,1045808.4.fna,GCF_001942025.1_ASM194202v1_genomic.fna,7594958,7594958,1045808.4.fna_vs_GCF_001942025.1_ASM194202v1_genomic.fna_blast.xml,0,0,0,0,0,0,0,0,7594958,0,0,0,0,0,0,1045808_subject_array_1739681451.bin
1541,1048689,RM12579,1048689.4,6,https://ftp.ncbi.nlm.nih.gov/genomes/all/GCF/000/245/515/GCF_000245515.1_ASM24551v1,6,1048689.4.fna,GCF_000245515.1_ASM24551v1_genomic.fna,5448306,5448306,1048689.4.fna_vs_GCF_000245515.1_ASM24551v1_genomic.fna_blast.xml,0,0,0,0,0,0,0,0,5448306,0,0,0,0,0,0,1048689_subject_array_1739681455.bin
1649,1050617,UMNF18,1050617.5,6,https://ftp.ncbi.nlm.nih.gov/genomes/all/GCF/000/220/005/GCF_000220005.1_ASM22000v2,6,1050617.5.fna,GCF_000220005.1_ASM22000v2_genomic.fna,5635305,5635305,1050617.5.fna_vs_GCF_000220005.1_ASM22000v2_genomic.fna_blast.xml,0,0,0,0,0,0,0,0,5635305,0,0,0,0,0,0,1050617_subject_array_1739681460.bin
1683,1051646,19109,1051646.9,6,https://ftp.ncbi.nlm.nih.gov/genomes/all/GCF/000/772/105/GCF_000772105.1_ASM77210v1,6,1051646.9.fna,GCF_000772105.1_ASM77210v1_genomic.fna,5540337,5540337,1051646.9.fna_vs_GCF_000772105.1_ASM77210v1_genomic.fna_blast.xml,0,0,0,0,0,0,0,0,5540337,0,0,0,0,0,0,1051646_subject_array_1739681465.bin
2005,1063,CH10,1063.101,6,https://ftp.ncbi.nlm.nih.gov/genomes/all/GCF/012/647/365/GCF_012647365.1_ASM1264736v1,6,1063.101.fna,GCF_012647365.1_ASM1264736v1_genomic.fna,4635445,4635445,1063.101.fna_vs_GCF_012647365.1_ASM1264736v1_genomic.fna_blast.xml,0,0,0,0,0,0,0,0,4635445,0,0,0,0,0,0,1063_subject_array_1739681468.bin
2768,1074311,VA-1,1074311.16,6,https://ftp.ncbi.nlm.nih.gov/genomes/all/GCF/034/428/235/GCF_034428235.1_ASM3442823v1,6,1074311.16.fna,GCF_034428235.1_ASM3442823v1_genomic.fna,5166355,5166355,1074311.16.fna_vs_GCF_034428235.1_ASM3442823v1_genomic.fna_blast.xml,0,0,0,0,0,0,0,0,5166355,0,0,0,0,0,0,1074311_subject_array_1739681473.bin
2778,1074494,M18,1074494.5,6,https://ftp.ncbi.nlm.nih.gov/genomes/all/GCF/000/225/385/GCF_000225385.1_ASM22538v2,6,1074494.5.fna,GCF_000225385.1_ASM22538v2_genomic.fna,2325981,2325981,1074494.5.fna_vs_GCF_000225385.1_ASM22538v2_genomic.fna_blast.xml,0,0,0,0,0,0,0,0,2325981,0,0,0,0,0,0,1074494_subject_array_1739681475.bin
3004,1078021,FWSEC0011,1078021.4,6,https://ftp.ncbi.nlm.nih.gov/genomes/all/GCF/005/171/095/GCF_005171095.1_ASM517109v1,6,1078021.4.fna,GCF_005171095.1_ASM517109v1_genomic.fna,5314491,5314491,1078021.4.fna_vs_GCF_005171095.1_ASM517109v1_genomic.fna_blast.xml,0,0,0,0,0,0,0,0,5314491,0,0,0,0,0,0,1078021_subject_array_1739681480.bin
3139,1079179,KT1,1079179.7,6,https://ftp.ncbi.nlm.nih.gov/genomes/all/GCF/020/005/165/GCF_020005165.1_ASM2000516v1,6,1079179.7.fna,GCF_020005165.1_ASM2000516v1_genomic.fna,2562456,2562456,1079179.7.fna_vs_GCF_020005165.1_ASM2000516v1_genomic.fna_blast.xml,0,0,0,0,0,0,0,0,2562456,0,0,0,0,0,0,1079179_subject_array_1739681483.bin
3197,1081644,IMCC13023,1081644.3,6,https://ftp.ncbi.nlm.nih.gov/genomes/all/GCF/000/257/665/GCF_000257665.1_ASM25766v1,6,1081644.3.fna,GCF_000257665.1_ASM25766v1_genomic.fna,1359862,1359862,1081644.3.fna_vs_GCF_000257665.1_ASM25766v1_genomic.fna_blast.xml,0,0,0,0,0,0,0,0,1359862,0,0,0,0,0,0,1081644_subject_array_1739681484.bin
3528,1088721,US6-1,1088721.7,6,https://ftp.ncbi.nlm.nih.gov/genomes/all/GCF/000/767/465/GCF_000767465.1_ASM76746v1,6,1088721.7.fna,GCF_000767465.1_ASM76746v1_genomic.fna,5457578,5457578,1088721.7.fna_vs_GCF_000767465.1_ASM76746v1_genomic.fna_blast.xml,0,0,0,0,0,0,0,0,5457577,0,0,1,0,0,0,1088721_subject_array_1739681489.bin
3593,1089551,DSM 18922,1089551.3,6,https://ftp.ncbi.nlm.nih.gov/genomes/all/GCF/000/427/665/GCF_000427665.1_ASM42766v1,6,1089551.3.fna,GCF_000427665.1_ASM42766v1_genomic.fna,5698270,5698370,1089551.3.fna_vs_GCF_000427665.1_ASM42766v1_genomic.fna_blast.xml,0,0,0,0,0,0,0,100,5698270,0,0,0,0,0,0,1089551_subject_array_1739681494.bin
3639,108980,RIVM_C011601,108980.136,6,https://ftp.ncbi.nlm.nih.gov/genomes/all/GCF/025/723/105/GCF_025723105.1_ASM2572310v1,6,108980.136.fna,GCF_025723105.1_ASM2572310v1_genomic.fna,4185992,4185992,108980.136.fna_vs_GCF_025723105.1_ASM2572310v1_genomic.fna_blast.xml,0,0,0,0,0,0,0,0,4185992,0,0,0,0,0,0,108980_subject_array_1739681499.bin
3719,1090320,DAPP-PG 224,1090320.3,6,https://ftp.ncbi.nlm.nih.gov/genomes/all/GCF/000/379/045/GCF_000379045.1_ASM37904v1,6,1090320.3.fna,GCF_000379045.1_ASM37904v1_genomic.fna,4096005,4096205,1090320.3.fna_vs_GCF_000379045.1_ASM37904v1_genomic.fna_blast.xml,0,0,0,0,0,0,0,200,4096005,0,0,0,0,0,0,1090320_subject_array_1739681502.bin
4111,110321,ml4,110321.335,6,https://ftp.ncbi.nlm.nih.gov/genomes/all/GCF/034/634/015/GCF_034634015.1_ASM3463401v1,6,110321.335.fna,GCF_034634015.1_ASM3463401v1_genomic.fna,7456082,7456082,110321.335.fna_vs_GCF_034634015.1_ASM3463401v1_genomic.fna_blast.xml,0,0,0,0,0,0,0,0,7456082,0,0,0,0,0,0,110321_subject_array_1739681509.bin
4113,110321,ml49,110321.333,6,https://ftp.ncbi.nlm.nih.gov/genomes/all/GCF/034/629/665/GCF_034629665.1_ASM3462966v1,6,110321.333.fna,GCF_034629665.1_ASM3462966v1_genomic.fna,7649610,7649610,110321.333.fna_vs_GCF_034629665.1_ASM3462966v1_genomic.fna_blast.xml,0,0,0,0,0,0,0,0,7649610,0,0,0,0,0,0,110321_subject_array_1739681516.bin
4305,1111131,BV2F7,1111131.3,6,https://ftp.ncbi.nlm.nih.gov/genomes/all/GCF/000/510/445/GCF_000510445.1_PspBV2F7v1.0,6,1111131.3.fna,GCF_000510445.1_PspBV2F7v1.0_genomic.fna,2027970,2027970,1111131.3.fna_vs_GCF_000510445.1_PspBV2F7v1.0_genomic.fna_blast.xml,0,0,0,0,0,0,0,0,2027970,0,0,0,0,0,0,1111131_subject_array_1739681518.bin
4331,1112215,PAMC 21357,1112215.3,6,https://ftp.ncbi.nlm.nih.gov/genomes/all/GCF/000/247/645/GCF_000247645.1_ASM24764v2,6,1112215.3.fna,GCF_000247645.1_ASM24764v2_genomic.fna,3109262,3109262,1112215.3.fna_vs_GCF_000247645.1_ASM24764v2_genomic.fna_blast.xml,0,0,0,0,0,0,0,0,3109262,0,0,0,0,0,0,1112215_subject_array_1739681521.bin
4346,1112273,1,1112273.3,6,https://ftp.ncbi.nlm.nih.gov/genomes/all/GCF/000/374/225/GCF_000374225.1_ASM37422v1,6,1112273.3.fna,GCF_000374225.1_ASM37422v1_genomic.fna,2968648,2969148,1112273.3.fna_vs_GCF_000374225.1_ASM37422v1_genomic.fna_blast.xml,0,0,0,0,0,0,0,476,2968672,0,0,0,0,0,0,1112273_subject_array_1739681523.bin
4400,1115757,BL0902,1115757.4,6,https://ftp.ncbi.nlm.nih.gov/genomes/all/GCF/016/403/105/GCF_016403105.1_ASM1640310v1,6,1115757.4.fna,GCF_016403105.1_ASM1640310v1_genomic.fna,4710209,4710209,1115757.4.fna_vs_GCF_016403105.1_ASM1640310v1_genomic.fna_blast.xml,0,0,0,0,0,0,0,0,4710209,0,0,0,0,0,0,1115757_subject_array_1739681528.bin
4623,1116369,108,1116369.3,6,https://ftp.ncbi.nlm.nih.gov/genomes/all/GCF/000/372/965/GCF_000372965.1_ASM37296v1,6,1116369.3.fna,GCF_000372965.1_ASM37296v1_genomic.fna,6111994,6112094,1116369.3.fna_vs_GCF_000372965.1_ASM37296v1_genomic.fna_blast.xml,0,0,0,0,0,0,0,97,6111997,0,0,0,0,0,0,1116369_subject_array_1739681533.bin
4785,111780,PCC 7437,111780.3,6,https://ftp.ncbi.nlm.nih.gov/genomes/all/GCF/000/317/575/GCF_000317575.1_ASM31757v1,6,111780.3.fna,GCF_000317575.1_ASM31757v1_genomic.fna,5544990,5544990,111780.3.fna_vs_GCF_000317575.1_ASM31757v1_genomic.fna_blast.xml,0,0,0,0,0,0,0,0,5544990,0,0,0,0,0,0,111780_subject_array_1739681538.bin
5193,1121874,DSM 14972,1121874.3,6,https://ftp.ncbi.nlm.nih.gov/genomes/all/GCF/000/373/785/GCF_000373785.1_ASM37378v1,6,1121874.3.fna,GCF_000373785.1_ASM37378v1_genomic.fna,1930392,1931022,1121874.3.fna_vs_GCF_000373785.1_ASM37378v1_genomic.fna_blast.xml,0,0,0,0,0,0,0,630,1930392,0,0,0,0,0,0,1121874_subject_array_1739681540.bin
5424,1122946,DSM 18267,1122946.3,6,https://ftp.ncbi.nlm.nih.gov/genomes/all/GCF/000/711/225/GCF_000711225.1_ASM71122v1,6,1122946.3.fna,GCF_000711225.1_ASM71122v1_genomic.fna,5088373,5088373,1122946.3.fna_vs_GCF_000711225.1_ASM71122v1_genomic.fna_blast.xml,0,0,0,0,0,0,0,0,5088373,0,0,0,0,0,0,1122946_subject_array_1739681545.bin
5515,1123059,DSM 21748,1123059.3,6,https://ftp.ncbi.nlm.nih.gov/genomes/all/GCF/000/365/025/GCF_000365025.1_ASM36502v1,6,1123059.3.fna,GCF_000365025.1_ASM36502v1_genomic.fna,2768821,2769471,1123059.3.fna_vs_GCF_000365025.1_ASM36502v1_genomic.fna_blast.xml,0,0,0,0,0,0,0,650,2768821,0,0,0,0,0,0,1123059_subject_array_1739681547.bin
5682,1123507,DSM 15476,1123507.4,6,https://ftp.ncbi.nlm.nih.gov/genomes/all/GCF/000/420/805/GCF_000420805.1_ASM42080v1,6,1123507.4.fna,GCF_000420805.1_ASM42080v1_genomic.fna,2775456,2775456,1123507.4.fna_vs_GCF_000420805.1_ASM42080v1_genomic.fna_blast.xml,0,0,0,0,0,0,0,0,2775456,0,0,0,0,0,0,1123507_subject_array_1739681549.bin
5852,1126627,DOA9,1126627.3,6,https://ftp.ncbi.nlm.nih.gov/genomes/all/GCF/000/617/845/GCF_000617845.2_ASM61784v2,6,1126627.3.fna,GCF_000617845.2_ASM61784v2_genomic.fna,7836549,7850549,1126627.3.fna_vs_GCF_000617845.2_ASM61784v2_genomic.fna_blast.xml,0,0,0,0,0,0,0,13993,7836555,0,0,0,1,0,0,1126627_subject_array_1739681557.bin
6026,1131455,UFG4,1131455.3,6,https://ftp.ncbi.nlm.nih.gov/genomes/all/GCF/000/259/005/GCF_000259005.1_ASM25900v1,6,1131455.3.fna,GCF_000259005.1_ASM25900v1_genomic.fna,867444,867444,1131455.3.fna_vs_GCF_000259005.1_ASM25900v1_genomic.fna_blast.xml,0,0,0,0,0,0,0,0,867444,0,0,0,0,0,0,1131455_subject_array_1739681558.bin
6045,1132441,35W,1132441.3,6,https://ftp.ncbi.nlm.nih.gov/genomes/all/GCF/000/482/545/GCF_000482545.1_ASM48254v1,6,1132441.3.fna,GCF_000482545.1_ASM48254v1_genomic.fna,4652932,4660196,1132441.3.fna_vs_GCF_000482545.1_ASM48254v1_genomic.fna_blast.xml,0,0,0,0,0,0,0,7264,4652932,0,0,0,0,0,0,1132441_subject_array_1739681562.bin
6047,1132443,AML-C10,1132443.3,6,https://ftp.ncbi.nlm.nih.gov/genomes/all/GCF/000/372/865/GCF_000372865.1_ASM37286v1,6,1132443.3.fna,GCF_000372865.1_ASM37286v1_genomic.fna,4978064,4978464,1132443.3.fna_vs_GCF_000372865.1_ASM37286v1_genomic.fna_blast.xml,0,0,0,0,0,0,0,389,4978067,0,0,0,8,0,0,1132443_subject_array_1739681567.bin
6157,1134687,2563,1134687.752,6,https://ftp.ncbi.nlm.nih.gov/genomes/all/GCF/027/945/215/GCF_027945215.1_ASM2794521v1,6,1134687.752.fna,GCF_027945215.1_ASM2794521v1_genomic.fna,704895,6720861,1134687.752.fna_vs_GCF_027945215.1_ASM2794521v1_genomic.fna_blast.xml,0,0,48,11,0,0,36,5942016,744950,0,69,3817,29839,0,75,1134687_subject_array_1739681569.bin
6270,1134687,C52,1134687.163,6,https://ftp.ncbi.nlm.nih.gov/genomes/all/GCF/008/931/605/GCF_008931605.1_ASM893160v1,6,1134687.163.fna,GCF_008931605.1_ASM893160v1_genomic.fna,6312326,6312326,1134687.163.fna_vs_GCF_008931605.1_ASM893160v1_genomic.fna_blast.xml,0,0,0,0,0,0,0,0,6312326,0,0,0,0,0,0,1134687_subject_array_1739681575.bin
6431,1134687,KO_408,1134687.637,6,https://ftp.ncbi.nlm.nih.gov/genomes/all/GCF/022/163/245/GCF_022163245.2_ASM2216324v2,6,1134687.637.fna,GCF_022163245.2_ASM2216324v2_genomic.fna,6475028,6475004,1134687.637.fna_vs_GCF_022163245.2_ASM2216324v2_genomic.fna_blast.xml,0,0,0,5,0,0,26,35,6474600,0,76,247,15,0,0,1134687_subject_array_1739681581.bin
6438,1134687,Kmfe267,1134687.280,6,https://ftp.ncbi.nlm.nih.gov/genomes/all/GCF/017/348/855/GCF_017348855.1_ASM1734885v1,6,1134687.280.fna,GCF_017348855.1_ASM1734885v1_genomic.fna,6398286,6398286,1134687.280.fna_vs_GCF_017348855.1_ASM1734885v1_genomic.fna_blast.xml,0,0,0,0,0,0,0,0,6398286,0,0,0,0,0,0,1134687_subject_array_1739681587.bin
6452,1134687,M82255,1134687.133,6,https://ftp.ncbi.nlm.nih.gov/genomes/all/GCF/004/102/625/GCF_004102625.1_ASM410262v1,6,1134687.133.fna,GCF_004102625.1_ASM410262v1_genomic.fna,6604517,6604517,1134687.133.fna_vs_GCF_004102625.1_ASM410262v1_genomic.fna_blast.xml,0,0,0,0,0,0,0,0,6604517,0,0,0,0,0,0,1134687_subject_array_1739681594.bin
6498,1134687,RHBSTW-00676,1134687.203,6,https://ftp.ncbi.nlm.nih.gov/genomes/all/GCF/013/926/025/GCF_013926025.1_ASM1392602v1,6,1134687.203.fna,GCF_013926025.1_ASM1392602v1_genomic.fna,6195779,6195779,1134687.203.fna_vs_GCF_013926025.1_ASM1392602v1_genomic.fna_blast.xml,0,0,0,0,0,0,0,100,6195679,0,0,0,0,0,0,1134687_subject_array_1739681599.bin
6563,1134687,X_33,1134687.742,6,https://ftp.ncbi.nlm.nih.gov/genomes/all/GCF/026/619/535/GCF_026619535.1_ASM2661953v1,6,1134687.742.fna,GCF_026619535.1_ASM2661953v1_genomic.fna,6714990,6714990,1134687.742.fna_vs_GCF_026619535.1_ASM2661953v1_genomic.fna_blast.xml,0,0,0,0,0,0,0,0,6714990,0,0,0,0,0,0,1134687_subject_array_1739681604.bin
6578,1134687,fxq,1134687.678,6,https://ftp.ncbi.nlm.nih.gov/genomes/all/GCF/022/869/885/GCF_022869885.1_ASM2286988v1,6,1134687.678.fna,GCF_022869885.1_ASM2286988v1_genomic.fna,6977354,6977354,1134687.678.fna_vs_GCF_022869885.1_ASM2286988v1_genomic.fna_blast.xml,0,0,0,0,0,0,0,0,6977354,0,0,0,0,0,0,1134687_subject_array_1739681611.bin
6646,113557,MGB0543,113557.10,6,https://ftp.ncbi.nlm.nih.gov/genomes/all/GCF/015/319/235/GCF_015319235.1_ASM1531923v1,6,113557.10.fna,GCF_015319235.1_ASM1531923v1_genomic.fna,3292353,3292353,113557.10.fna_vs_GCF_015319235.1_ASM1531923v1_genomic.fna_blast.xml,0,0,0,0,0,0,0,0,3292353,0,0,0,0,0,0,113557_subject_array_1739681614.bin
6751,1138189,BLR175,1138189.12,6,https://ftp.ncbi.nlm.nih.gov/genomes/all/GCF/019/684/215/GCF_019684215.1_ASM1968421v1,6,1138189.12.fna,GCF_019684215.1_ASM1968421v1_genomic.fna,6348611,6348611,1138189.12.fna_vs_GCF_019684215.1_ASM1968421v1_genomic.fna_blast.xml,0,0,0,0,0,0,0,0,1696757,0,0,1,4651853,0,0,1138189_subject_array_1739681620.bin
6871,114090,BC1,114090.23,6,https://ftp.ncbi.nlm.nih.gov/genomes/all/GCF/033/552/895/GCF_033552895.1_ASM3355289v1,6,114090.23.fna,GCF_033552895.1_ASM3355289v1_genomic.fna,2184342,2184342,114090.23.fna_vs_GCF_033552895.1_ASM3355289v1_genomic.fna_blast.xml,0,0,0,0,0,0,0,0,2184342,0,0,0,0,0,0,114090_subject_array_1739681622.bin
6905,1141890,CGMCC 1.12672,1141890.3,6,https://ftp.ncbi.nlm.nih.gov/genomes/all/GCF/900/199/185/GCF_900199185.1_IMG-taxon_2718218511_annotated_assembly,6,1141890.3.fna,GCF_900199185.1_IMG-taxon_2718218511_annotated_assembly_genomic.fna,3544824,3544824,1141890.3.fna_vs_GCF_900199185.1_IMG-taxon_2718218511_annotated_assembly_genomic.fna_blast.xml,0,0,0,0,0,0,0,0,3544824,0,0,0,0,0,0,1141890_subject_array_1739681625.bin
7085,114695,DSM 41761,114695.3,6,https://ftp.ncbi.nlm.nih.gov/genomes/all/GCF/018/138/715/GCF_018138715.1_ASM1813871v1,6,114695.3.fna,GCF_018138715.1_ASM1813871v1_genomic.fna,11877923,11877923,114695.3.fna_vs_GCF_018138715.1_ASM1813871v1_genomic.fna_blast.xml,0,0,0,0,0,0,0,0,11877923,0,0,0,0,0,0,114695_subject_array_1739681637.bin
7772,1156986,20B,1156986.4,6,https://ftp.ncbi.nlm.nih.gov/genomes/all/GCF/000/257/395/GCF_000257395.1_ASM25739v1,6,1156986.4.fna,GCF_000257395.1_ASM25739v1_genomic.fna,1727973,1727973,1156986.4.fna_vs_GCF_000257395.1_ASM25739v1_genomic.fna_blast.xml,0,0,0,0,0,0,0,0,1727973,0,0,0,0,0,0,1156986_subject_array_1739681639.bin
7774,1156995,HI010,1156995.3,6,https://ftp.ncbi.nlm.nih.gov/genomes/all/GCF/000/359/765/GCF_000359765.1_Stap_aure_HI010_V1,6,1156995.3.fna,GCF_000359765.1_Stap_aure_HI010_V1_genomic.fna,2903235,2903760,1156995.3.fna_vs_GCF_000359765.1_Stap_aure_HI010_V1_genomic.fna_blast.xml,0,0,0,0,0,0,0,510,2903250,0,0,0,0,0,0,1156995_subject_array_1739681642.bin
8012,1158144,ALJ1,1158144.3,6,https://ftp.ncbi.nlm.nih.gov/genomes/all/GCF/000/745/395/GCF_000745395.1_ASM74539v1,6,1158144.3.fna,GCF_000745395.1_ASM74539v1_genomic.fna,2766000,2766100,1158144.3.fna_vs_GCF_000745395.1_ASM74539v1_genomic.fna_blast.xml,0,0,0,1,0,0,0,57,2766004,0,0,4,33,0,1,1158144_subject_array_1739681644.bin
8047,1158292,FB-Cd,1158292.3,6,https://ftp.ncbi.nlm.nih.gov/genomes/all/GCF/000/733/775/GCF_000733775.1_ASM73377v1,6,1158292.3.fna,GCF_000733775.1_ASM73377v1_genomic.fna,4388462,4388462,1158292.3.fna_vs_GCF_000733775.1_ASM73377v1_genomic.fna_blast.xml,0,0,0,0,0,0,0,0,4388462,0,0,0,0,0,0,1158292_subject_array_1739681648.bin
8126,1158525,M0363,1158525.3,6,https://ftp.ncbi.nlm.nih.gov/genomes/all/GCF/000/360/925/GCF_000360925.1_Stap_aure_M0363_V1,6,1158525.3.fna,GCF_000360925.1_Stap_aure_M0363_V1_genomic.fna,2871257,2879577,1158525.3.fna_vs_GCF_000360925.1_Stap_aure_M0363_V1_genomic.fna_blast.xml,0,0,0,0,0,0,0,8300,2871257,0,20,0,0,0,0,1158525_subject_array_1739681651.bin
8265,1158764,ALJ21,1158764.3,6,https://ftp.ncbi.nlm.nih.gov/genomes/all/GCF/000/378/605/GCF_000378605.1_ASM37860v1,6,1158764.3.fna,GCF_000378605.1_ASM37860v1_genomic.fna,2964539,2964639,1158764.3.fna_vs_GCF_000378605.1_ASM37860v1_genomic.fna_blast.xml,0,0,0,0,0,0,0,100,2964539,0,0,0,0,0,0,1158764_subject_array_1739681654.bin
8446,1159870,FB-8,1159870.3,6,https://ftp.ncbi.nlm.nih.gov/genomes/all/GCF/000/382/185/GCF_000382185.1_ASM38218v1,6,1159870.3.fna,GCF_000382185.1_ASM38218v1_genomic.fna,4072817,4079718,1159870.3.fna_vs_GCF_000382185.1_ASM38218v1_genomic.fna_blast.xml,0,0,0,0,0,0,0,6900,4072817,0,0,0,1,0,0,1159870_subject_array_1739681657.bin
8454,1160,No.976,1160.15,6,https://ftp.ncbi.nlm.nih.gov/genomes/all/GCF/904/830/935/GCF_904830935.1_P._agardhii_No.976,6,1160.15.fna,GCF_904830935.1_P._agardhii_No.976_genomic.fna,4904228,4904228,1160.15.fna_vs_GCF_904830935.1_P._agardhii_No.976_genomic.fna_blast.xml,0,0,0,0,0,0,0,0,4904228,0,0,0,0,0,0,1160_subject_array_1739681662.bin
8456,1160,PCC 7811,1160.13,6,https://ftp.ncbi.nlm.nih.gov/genomes/all/GCF/904/830/885/GCF_904830885.1_P._agardhii_PCC_7811,6,1160.13.fna,GCF_904830885.1_P._agardhii_PCC_7811_genomic.fna,5144739,5144739,1160.13.fna_vs_GCF_904830885.1_P._agardhii_PCC_7811_genomic.fna_blast.xml,0,0,0,0,0,0,0,0,5144739,0,0,0,0,0,0,1160_subject_array_1739681668.bin
8462,1160137,BMG111209,1160137.3,6,https://ftp.ncbi.nlm.nih.gov/genomes/all/GCF/000/381/925/GCF_000381925.1_ASM38192v1,6,1160137.3.fna,GCF_000381925.1_ASM38192v1_genomic.fna,9142501,9143142,1160137.3.fna_vs_GCF_000381925.1_ASM38192v1_genomic.fna_blast.xml,0,0,0,0,0,0,0,641,9142501,0,0,0,0,0,0,1160137_subject_array_1739681675.bin
8463,1160160,NI628,1160160.4,6,https://ftp.ncbi.nlm.nih.gov/genomes/all/GCF/000/366/665/GCF_000366665.1_Bruc_abor_NI628_V1,6,1160160.4.fna,GCF_000366665.1_Bruc_abor_NI628_V1_genomic.fna,3286455,3286455,1160160.4.fna_vs_GCF_000366665.1_Bruc_abor_NI628_V1_genomic.fna_blast.xml,0,0,0,0,0,0,0,0,3286455,0,0,0,0,0,0,1160160_subject_array_1739681678.bin
8465,1160162,NI649,1160162.3,6,https://ftp.ncbi.nlm.nih.gov/genomes/all/GCF/000/366/805/GCF_000366805.1_Bruc_abor_NI649_V1,6,1160162.3.fna,GCF_000366805.1_Bruc_abor_NI649_V1_genomic.fna,3286031,3286031,1160162.3.fna_vs_GCF_000366805.1_Bruc_abor_NI649_V1_genomic.fna_blast.xml,0,0,0,0,0,0,0,0,3286031,0,0,0,0,0,0,1160162_subject_array_1739681681.bin
8473,1160170,NI495a,1160170.3,6,https://ftp.ncbi.nlm.nih.gov/genomes/all/GCF/000/370/545/GCF_000370545.1_Bruc_abor_NI495a_V1,6,1160170.3.fna,GCF_000370545.1_Bruc_abor_NI495a_V1_genomic.fna,3286723,3286963,1160170.3.fna_vs_GCF_000370545.1_Bruc_abor_NI495a_V1_genomic.fna_blast.xml,0,0,0,0,0,0,0,238,3286723,0,0,0,2,0,0,1160170_subject_array_1739681684.bin
8475,1160172,NI613,1160172.3,6,https://ftp.ncbi.nlm.nih.gov/genomes/all/GCF/000/366/745/GCF_000366745.1_Bruc_abor_NI613_V1,6,1160172.3.fna,GCF_000366745.1_Bruc_abor_NI613_V1_genomic.fna,3285926,3285926,1160172.3.fna_vs_GCF_000366745.1_Bruc_abor_NI613_V1_genomic.fna_blast.xml,0,0,0,0,0,0,0,0,3285926,0,0,0,0,0,0,1160172_subject_array_1739681687.bin
8487,1160184,F3/07-1,1160184.3,6,https://ftp.ncbi.nlm.nih.gov/genomes/all/GCF/000/365/725/GCF_000365725.1_Bruc_abor_F3_07-1_V1,6,1160184.3.fna,GCF_000365725.1_Bruc_abor_F3_07-1_V1_genomic.fna,3285803,3285803,1160184.3.fna_vs_GCF_000365725.1_Bruc_abor_F3_07-1_V1_genomic.fna_blast.xml,0,0,0,0,0,0,0,0,3285803,0,0,0,0,0,0,1160184_subject_array_1739681689.bin
8491,1160189,78/36,1160189.3,6,https://ftp.ncbi.nlm.nih.gov/genomes/all/GCF/000/366/325/GCF_000366325.1_Bruc_abor_78_36_V1,6,1160189.3.fna,GCF_000366325.1_Bruc_abor_78_36_V1_genomic.fna,3278535,3278535,1160189.3.fna_vs_GCF_000366325.1_Bruc_abor_78_36_V1_genomic.fna_blast.xml,0,0,0,0,0,0,0,0,3278535,0,0,0,0,0,0,1160189_subject_array_1739681693.bin
8492,1160190,I103_(UK3/01),1160190.3,6,https://ftp.ncbi.nlm.nih.gov/genomes/all/GCF/000/399/725/GCF_000399725.1_Bruc_abor_I103_UK3_01_V1,6,1160190.3.fna,GCF_000399725.1_Bruc_abor_I103_UK3_01_V1_genomic.fna,3286244,3286244,1160190.3.fna_vs_GCF_000399725.1_Bruc_abor_I103_UK3_01_V1_genomic.fna_blast.xml,0,0,0,0,0,0,0,0,3286244,0,0,0,0,0,0,1160190_subject_array_1739681696.bin
8493,1160191,F1/06 B1,1160191.3,6,https://ftp.ncbi.nlm.nih.gov/genomes/all/GCF/000/365/785/GCF_000365785.1_Bruc_abor_F1_06-B1_V1,6,1160191.3.fna,GCF_000365785.1_Bruc_abor_F1_06-B1_V1_genomic.fna,3286043,3286043,1160191.3.fna_vs_GCF_000365785.1_Bruc_abor_F1_06-B1_V1_genomic.fna_blast.xml,0,0,0,0,0,0,0,0,3286043,0,0,0,0,0,0,1160191_subject_array_1739681698.bin
8495,1160193,863/67,1160193.3,6,https://ftp.ncbi.nlm.nih.gov/genomes/all/GCF/000/366/405/GCF_000366405.1_Bruc_abor_863_67_V1,6,1160193.3.fna,GCF_000366405.1_Bruc_abor_863_67_V1_genomic.fna,3284164,3284164,1160193.3.fna_vs_GCF_000366405.1_Bruc_abor_863_67_V1_genomic.fna_blast.xml,0,0,0,0,0,0,0,0,3284164,0,0,0,0,0,0,1160193_subject_array_1739681702.bin
8502,1160201,levi gila,1160201.3,6,https://ftp.ncbi.nlm.nih.gov/genomes/all/GCF/000/365/645/GCF_000365645.1_Bruc_abor_levi_gila_V1,6,1160201.3.fna,GCF_000365645.1_Bruc_abor_levi_gila_V1_genomic.fna,3286000,3286000,1160201.3.fna_vs_GCF_000365645.1_Bruc_abor_levi_gila_V1_genomic.fna_blast.xml,0,0,0,0,0,0,0,0,3286000,0,0,0,0,0,0,1160201_subject_array_1739681704.bin
8583,1160769,7101.67,1160769.22,6,https://ftp.ncbi.nlm.nih.gov/genomes/all/GCF/004/923/395/GCF_004923395.1_ASM492339v1,6,1160769.22.fna,GCF_004923395.1_ASM492339v1_genomic.fna,4897162,4897162,1160769.22.fna_vs_GCF_004923395.1_ASM492339v1_genomic.fna_blast.xml,0,0,0,0,0,0,0,0,4897162,0,0,0,0,0,0,1160769_subject_array_1739681708.bin
8662,1162970,DSM 26477,1162970.3,6,https://ftp.ncbi.nlm.nih.gov/genomes/all/GCF/006/716/125/GCF_006716125.1_ASM671612v1,6,1162970.3.fna,GCF_006716125.1_ASM671612v1_genomic.fna,2840896,2840896,1162970.3.fna_vs_GCF_006716125.1_ASM671612v1_genomic.fna_blast.xml,0,0,0,0,0,0,0,0,2840896,0,0,0,0,0,0,1162970_subject_array_1739681711.bin
8739,1166337,S5-249,1166337.4,6,https://ftp.ncbi.nlm.nih.gov/genomes/all/GCF/900/113/315/GCF_900113315.1_IMG-taxon_2654588199_annotated_assembly,6,1166337.4.fna,GCF_900113315.1_IMG-taxon_2654588199_annotated_assembly_genomic.fna,4060565,4060565,1166337.4.fna_vs_GCF_900113315.1_IMG-taxon_2654588199_annotated_assembly_genomic.fna_blast.xml,0,0,0,0,0,0,0,0,4060565,0,0,0,0,0,0,1166337_subject_array_1739681714.bin
8752,1167456,SUTN9-2,1167456.3,6,https://ftp.ncbi.nlm.nih.gov/genomes/all/GCF/003/122/645/GCF_003122645.1_ASM312264v1,6,1167456.3.fna,GCF_003122645.1_ASM312264v1_genomic.fna,8092255,8092255,1167456.3.fna_vs_GCF_003122645.1_ASM312264v1_genomic.fna_blast.xml,0,0,0,0,0,0,0,225897,7866320,0,0,3,35,0,0,1167456_subject_array_1739681722.bin
8800,1169203,225/65,1169203.3,6,https://ftp.ncbi.nlm.nih.gov/genomes/all/GCF/000/369/905/GCF_000369905.1_Bruc_abor_225_65_V1,6,1169203.3.fna,GCF_000369905.1_Bruc_abor_225_65_V1_genomic.fna,3271748,3273643,1169203.3.fna_vs_GCF_000369905.1_Bruc_abor_225_65_V1_genomic.fna_blast.xml,0,0,0,0,0,0,0,1895,3271748,0,0,0,0,0,0,1169203_subject_array_1739681725.bin
8824,1169227,UK29/05,1169227.3,6,https://ftp.ncbi.nlm.nih.gov/genomes/all/GCF/000/370/805/GCF_000370805.1_Bruc_meli_UK29_05_V1,6,1169227.3.fna,GCF_000370805.1_Bruc_meli_UK29_05_V1_genomic.fna,3306770,3307170,1169227.3.fna_vs_GCF_000370805.1_Bruc_meli_UK29_05_V1_genomic.fna_blast.xml,0,0,0,0,0,0,0,380,3306770,0,20,0,0,0,0,1169227_subject_array_1739681728.bin
9168,1173584,DSM 29439,1173584.3,6,https://ftp.ncbi.nlm.nih.gov/genomes/all/GCF/900/109/955/GCF_900109955.1_IMG-taxon_2687453744_annotated_assembly,6,1173584.3.fna,GCF_900109955.1_IMG-taxon_2687453744_annotated_assembly_genomic.fna,3413458,3413458,1173584.3.fna_vs_GCF_900109955.1_IMG-taxon_2687453744_annotated_assembly_genomic.fna_blast.xml,0,0,0,0,0,0,0,0,3413458,0,0,0,0,0,0,1173584_subject_array_1739681731.bin
9264,1175306,GW103,1175306.3,6,https://ftp.ncbi.nlm.nih.gov/genomes/all/GCF/000/261/365/GCF_000261365.1_ASM26136v1,6,1175306.3.fna,GCF_000261365.1_ASM26136v1_genomic.fna,5047645,5047645,1175306.3.fna_vs_GCF_000261365.1_ASM26136v1_genomic.fna_blast.xml,0,0,0,0,0,0,0,0,5047645,0,0,0,0,0,0,1175306_subject_array_1739681736.bin
9314,1176536,JCM 18202,1176536.7,6,https://ftp.ncbi.nlm.nih.gov/genomes/all/GCF/039/543/125/GCF_039543125.1_ASM3954312v1,6,1176536.7.fna,GCF_039543125.1_ASM3954312v1_genomic.fna,3095927,3095927,1176536.7.fna_vs_GCF_039543125.1_ASM3954312v1_genomic.fna_blast.xml,0,0,0,0,0,0,0,0,3095927,0,0,0,0,0,0,1176536_subject_array_1739681739.bin
9324,1176649,1D1416,1176649.36,6,https://ftp.ncbi.nlm.nih.gov/genomes/all/GCF/024/706/645/GCF_024706645.1_ASM2470664v1,6,1176649.36.fna,GCF_024706645.1_ASM2470664v1_genomic.fna,5865716,5865716,1176649.36.fna_vs_GCF_024706645.1_ASM2470664v1_genomic.fna_blast.xml,0,0,0,0,0,0,0,0,5865716,0,0,0,0,0,0,1176649_subject_array_1739681744.bin
9337,1176649,Kin001,1176649.37,6,https://ftp.ncbi.nlm.nih.gov/genomes/all/GCF/025/560/525/GCF_025560525.1_ASM2556052v1,6,1176649.37.fna,GCF_025560525.1_ASM2556052v1_genomic.fna,5923391,5923391,1176649.37.fna_vs_GCF_025560525.1_ASM2556052v1_genomic.fna_blast.xml,0,0,0,0,0,0,0,0,5923391,0,0,0,0,0,0,1176649_subject_array_1739681750.bin
9338,1176649,L-11,1176649.51,6,https://ftp.ncbi.nlm.nih.gov/genomes/all/GCF/033/611/815/GCF_033611815.1_ASM3361181v1,6,1176649.51.fna,GCF_033611815.1_ASM3361181v1_genomic.fna,5698101,5698101,1176649.51.fna_vs_GCF_033611815.1_ASM3361181v1_genomic.fna_blast.xml,0,0,0,0,0,0,0,0,5698101,0,0,0,0,0,0,1176649_subject_array_1739681756.bin
9404,1177712,ID13488,1177712.4,6,https://ftp.ncbi.nlm.nih.gov/genomes/all/GCF/009/268/135/GCF_009268135.1_ASM926813v1,6,1177712.4.fna,GCF_009268135.1_ASM926813v1_genomic.fna,3381856,3381856,1177712.4.fna_vs_GCF_009268135.1_ASM926813v1_genomic.fna_blast.xml,0,0,0,0,0,0,0,0,3381856,0,0,0,0,0,0,1177712_subject_array_1739681759.bin
10176,1185650,539,1185650.756,6,https://ftp.ncbi.nlm.nih.gov/genomes/all/GCF/900/140/005/GCF_900140005.1_10660_1_53,6,1185650.756.fna,GCF_900140005.1_10660_1_53_genomic.fna,4783343,4783343,1185650.756.fna_vs_GCF_900140005.1_10660_1_53_genomic.fna_blast.xml,0,0,0,0,0,0,0,68,4783275,0,0,0,0,0,0,1185650_subject_array_1739681764.bin
10590,1185650,GD35,1185650.1015,6,https://ftp.ncbi.nlm.nih.gov/genomes/all/GCF/017/175/145/GCF_017175145.1_ASM1717514v1,6,1185650.1015.fna,GCF_017175145.1_ASM1717514v1_genomic.fna,5066031,5066031,1185650.1015.fna_vs_GCF_017175145.1_ASM1717514v1_genomic.fna_blast.xml,0,0,0,0,0,0,0,0,5066031,0,0,0,0,0,0,1185650_subject_array_1739681769.bin
10692,1185650,T9907,1185650.1196,6,https://ftp.ncbi.nlm.nih.gov/genomes/all/GCF/030/513/645/GCF_030513645.1_ASM3051364v1,6,1185650.1196.fna,GCF_030513645.1_ASM3051364v1_genomic.fna,5139162,5139162,1185650.1196.fna_vs_GCF_030513645.1_ASM3051364v1_genomic.fna_blast.xml,0,0,0,0,0,0,0,0,5139162,0,0,0,0,0,0,1185650_subject_array_1739681774.bin
11250,1198114,MP5ACTX9,696844.5,6,https://ftp.ncbi.nlm.nih.gov/genomes/all/GCF/000/178/975/GCF_000178975.2_ASM17897v2,6,696844.5.fna,GCF_000178975.2_ASM17897v2_genomic.fna,5503984,5503984,696844.5.fna_vs_GCF_000178975.2_ASM17897v2_genomic.fna_blast.xml,0,0,0,0,0,0,0,0,5503984,0,0,0,0,0,0,696844_subject_array_1739681780.bin
11327,119857,19OD0587,119857.229,6,https://ftp.ncbi.nlm.nih.gov/genomes/all/GCF/014/243/205/GCF_014243205.1_ASM1424320v1,6,119857.229.fna,GCF_014243205.1_ASM1424320v1_genomic.fna,1859898,1859898,119857.229.fna_vs_GCF_014243205.1_ASM1424320v1_genomic.fna_blast.xml,0,0,0,0,0,0,0,0,1859898,0,0,0,0,0,0,119857_subject_array_1739681783.bin
11330,119857,19OD0700,119857.230,6,https://ftp.ncbi.nlm.nih.gov/genomes/all/GCF/014/243/195/GCF_014243195.1_ASM1424319v1,6,119857.230.fna,GCF_014243195.1_ASM1424319v1_genomic.fna,1859890,1859890,119857.230.fna_vs_GCF_014243195.1_ASM1424319v1_genomic.fna_blast.xml,0,0,0,0,0,0,0,0,1859890,0,0,0,0,0,0,119857_subject_array_1739681785.bin
11579,1198679,CNGB 1076,1198679.3,6,https://ftp.ncbi.nlm.nih.gov/genomes/all/GCF/000/366/625/GCF_000366625.1_Bruc_meli_CNGB_1076_V1,6,1198679.3.fna,GCF_000366625.1_Bruc_meli_CNGB_1076_V1_genomic.fna,3291820,3291820,1198679.3.fna_vs_GCF_000366625.1_Bruc_meli_CNGB_1076_V1_genomic.fna_blast.xml,0,0,0,0,0,0,0,0,3291820,0,0,0,0,0,0,1198679_subject_array_1739681787.bin
11619,119912,XXB210,119912.53,6,https://ftp.ncbi.nlm.nih.gov/genomes/all/GCF/013/624/385/GCF_013624385.1_ASM1362438v1,6,119912.53.fna,GCF_013624385.1_ASM1362438v1_genomic.fna,5045453,5045453,119912.53.fna_vs_GCF_013624385.1_ASM1362438v1_genomic.fna_blast.xml,0,0,0,0,0,0,0,0,5045452,0,0,1,0,0,0,119912_subject_array_1739681792.bin
11733,1203226,KL-180,1203226.6,6,https://ftp.ncbi.nlm.nih.gov/genomes/all/GCF/003/054/835/GCF_003054835.1_ASM305483v1,6,1203226.6.fna,GCF_003054835.1_ASM305483v1_genomic.fna,3093592,3093592,1203226.6.fna_vs_GCF_003054835.1_ASM305483v1_genomic.fna_blast.xml,0,0,0,0,0,0,0,87862,3005719,0,0,1,10,0,0,1203226_subject_array_1739681794.bin
11738,1203540,HPH0326,1203540.3,6,https://ftp.ncbi.nlm.nih.gov/genomes/all/GCF/000/411/435/GCF_000411435.1_Bifi_brev_HPH0326_V1,6,1203540.3.fna,GCF_000411435.1_Bifi_brev_HPH0326_V1_genomic.fna,2502557,2504312,1203540.3.fna_vs_GCF_000411435.1_Bifi_brev_HPH0326_V1_genomic.fna_blast.xml,0,0,0,0,0,0,0,1755,2502557,0,0,0,0,0,0,1203540_subject_array_1739681796.bin
11778,1203622,KPL1989,1203622.3,6,https://ftp.ncbi.nlm.nih.gov/genomes/all/GCF/000/477/955/GCF_000477955.1_Cory_sp_KPL1989_V1,6,1203622.3.fna,GCF_000477955.1_Cory_sp_KPL1989_V1_genomic.fna,2317158,2317860,1203622.3.fna_vs_GCF_000477955.1_Cory_sp_KPL1989_V1_genomic.fna_blast.xml,0,0,0,0,0,0,0,692,2317158,0,10,0,0,0,0,1203622_subject_array_1739681798.bin
11781,1203627,KPL1998,1203627.3,6,https://ftp.ncbi.nlm.nih.gov/genomes/all/GCF/000/477/895/GCF_000477895.1_Cory_sp_KPL1998_V1,6,1203627.3.fna,GCF_000477895.1_Cory_sp_KPL1998_V1_genomic.fna,2567378,2568130,1203627.3.fna_vs_GCF_000477895.1_Cory_sp_KPL1998_V1_genomic.fna_blast.xml,0,0,0,0,0,0,0,752,2567378,0,0,0,0,0,0,1203627_subject_array_1739681800.bin
11899,1208324,P73,1208324.3,6,https://ftp.ncbi.nlm.nih.gov/genomes/all/GCF/000/819/565/GCF_000819565.1_ASM81956v1,6,1208324.3.fna,GCF_000819565.1_ASM81956v1_genomic.fna,4969388,4969388,1208324.3.fna_vs_GCF_000819565.1_ASM81956v1_genomic.fna_blast.xml,0,0,0,0,0,0,0,0,4969388,0,0,0,0,0,0,1208324_subject_array_1739681804.bin
11900,1208342,ATCC 27551,1208342.6,6,https://ftp.ncbi.nlm.nih.gov/genomes/all/GCF/006/363/875/GCF_006363875.1_ASM636387v1,6,1208342.6.fna,GCF_006363875.1_ASM636387v1_genomic.fna,5414624,5414624,1208342.6.fna_vs_GCF_006363875.1_ASM636387v1_genomic.fna_blast.xml,0,0,0,0,0,0,0,0,5414624,0,0,0,0,0,0,1208342_subject_array_1739681809.bin
11906,1208657,1289,1208657.3,6,https://ftp.ncbi.nlm.nih.gov/genomes/all/GCF/000/313/085/GCF_000313085.1_ASM31308v1,6,1208657.3.fna,GCF_000313085.1_ASM31308v1_genomic.fna,5207899,5208522,1208657.3.fna_vs_GCF_000313085.1_ASM31308v1_genomic.fna_blast.xml,0,0,0,0,0,0,0,612,5207899,0,11,0,0,0,0,1208657_subject_array_1739681814.bin
11934,120959,NJH_MKUB2,120959.23,6,https://ftp.ncbi.nlm.nih.gov/genomes/all/GCF/014/263/335/GCF_014263335.1_ASM1426333v1,6,120959.23.fna,GCF_014263335.1_ASM1426333v1_genomic.fna,6272472,6272472,120959.23.fna_vs_GCF_014263335.1_ASM1426333v1_genomic.fna_blast.xml,0,0,0,0,0,0,0,100,6272372,0,0,0,0,0,0,120959_subject_array_1739681819.bin
12068,121291,JCM 13519,121291.5,6,https://ftp.ncbi.nlm.nih.gov/genomes/all/GCF/039/539/965/GCF_039539965.1_ASM3953996v1,6,121291.5.fna,GCF_039539965.1_ASM3953996v1_genomic.fna,5080853,5080853,121291.5.fna_vs_GCF_039539965.1_ASM3953996v1_genomic.fna_blast.xml,0,0,0,0,0,0,0,0,5080853,0,0,0,0,0,0,121291_subject_array_1739681824.bin
13308,1238,BI1,1238.363,6,https://ftp.ncbi.nlm.nih.gov/genomes/all/GCF/009/709/515/GCF_009709515.1_ASM970951v1,6,1238.363.fna,GCF_009709515.1_ASM970951v1_genomic.fna,4070014,4070014,1238.363.fna_vs_GCF_009709515.1_ASM970951v1_genomic.fna_blast.xml,0,0,0,0,0,0,0,0,4070014,0,0,0,0,0,0,1238_subject_array_1739681889.bin
13314,1238,PM21567A,1238.126,6,https://ftp.ncbi.nlm.nih.gov/genomes/all/GCF/001/932/735/GCF_001932735.1_ASM193273v1,6,1238.126.fna,GCF_001932735.1_ASM193273v1_genomic.fna,3349099,3349099,1238.126.fna_vs_GCF_001932735.1_ASM193273v1_genomic.fna_blast.xml,0,0,0,0,0,0,0,0,3349099,0,0,0,0,0,0,1238_subject_array_1739681909.bin
13334,1238,Psal-006b,1238.323,6,https://ftp.ncbi.nlm.nih.gov/genomes/all/GCF/009/708/355/GCF_009708355.1_ASM970835v1,6,1238.323.fna,GCF_009708355.1_ASM970835v1_genomic.fna,3602544,3602544,1238.323.fna_vs_GCF_009708355.1_ASM970835v1_genomic.fna_blast.xml,0,0,0,0,0,0,0,0,3602544,0,0,0,0,0,0,1238_subject_array_1739681949.bin
13352,1238,Psal-072,1238.336,6,https://ftp.ncbi.nlm.nih.gov/genomes/all/GCF/009/708/995/GCF_009708995.1_ASM970899v1,6,1238.336.fna,GCF_009708995.1_ASM970899v1_genomic.fna,3714042,3714042,1238.336.fna_vs_GCF_009708995.1_ASM970899v1_genomic.fna_blast.xml,0,0,0,0,0,0,0,0,3714042,0,0,0,0,0,0,1238_subject_array_1739681979.bin
13361,1238,Psal-108,1238.349,6,https://ftp.ncbi.nlm.nih.gov/genomes/all/GCF/009/709/095/GCF_009709095.1_ASM970909v1,6,1238.349.fna,GCF_009709095.1_ASM970909v1_genomic.fna,3531596,3531596,1238.349.fna_vs_GCF_009709095.1_ASM970909v1_genomic.fna_blast.xml,0,0,0,0,0,0,0,0,3531596,0,0,0,0,0,0,1238_subject_array_1739682016.bin
13363,1238,Psal-110,1238.345,6,https://ftp.ncbi.nlm.nih.gov/genomes/all/GCF/009/709/135/GCF_009709135.1_ASM970913v1,6,1238.345.fna,GCF_009709135.1_ASM970913v1_genomic.fna,3516405,3516405,1238.345.fna_vs_GCF_009709135.1_ASM970913v1_genomic.fna_blast.xml,0,0,0,0,0,0,0,0,3516405,0,0,0,0,0,0,1238_subject_array_1739682052.bin
13376,1238,Psal-161,1238.357,6,https://ftp.ncbi.nlm.nih.gov/genomes/all/GCF/009/709/375/GCF_009709375.1_ASM970937v1,6,1238.357.fna,GCF_009709375.1_ASM970937v1_genomic.fna,3396414,3396414,1238.357.fna_vs_GCF_009709375.1_ASM970937v1_genomic.fna_blast.xml,0,0,0,0,0,0,0,0,3396414,0,0,0,0,0,0,1238_subject_array_1739682071.bin
13392,1238198,3259,1238198.3,6,https://ftp.ncbi.nlm.nih.gov/genomes/all/GCF/000/454/245/GCF_000454245.1_ASM45424v1,6,1238198.3.fna,GCF_000454245.1_ASM45424v1_genomic.fna,5360869,5360869,1238198.3.fna_vs_GCF_000454245.1_ASM45424v1_genomic.fna_blast.xml,0,0,0,0,0,0,0,0,5360869,0,0,0,0,0,0,1238198_subject_array_1739682076.bin
13810,1245,T3A10,1245.670,6,https://ftp.ncbi.nlm.nih.gov/genomes/all/GCF/036/670/205/GCF_036670205.1_ASM3667020v1,6,1245.670.fna,GCF_036670205.1_ASM3667020v1_genomic.fna,1745760,1745760,1245.670.fna_vs_GCF_036670205.1_ASM3667020v1_genomic.fna_blast.xml,0,0,0,0,0,0,0,0,1745759,0,0,1,0,0,0,1245_subject_array_1739682078.bin
13818,1245,WiKim0121,1245.415,6,https://ftp.ncbi.nlm.nih.gov/genomes/all/GCF/023/809/725/GCF_023809725.1_ASM2380972v1,6,1245.415.fna,GCF_023809725.1_ASM2380972v1_genomic.fna,2185545,2185545,1245.415.fna_vs_GCF_023809725.1_ASM2380972v1_genomic.fna_blast.xml,0,0,0,0,0,0,0,0,2185545,0,0,0,0,0,0,1245_subject_array_1739682079.bin
14117,124798,A1.1,124798.15,6,https://ftp.ncbi.nlm.nih.gov/genomes/all/GCF/003/614/915/GCF_003614915.1_ASM361491v1,6,124798.15.fna,GCF_003614915.1_ASM361491v1_genomic.fna,3230937,3230937,124798.15.fna_vs_GCF_003614915.1_ASM361491v1_genomic.fna_blast.xml,0,0,0,0,0,0,0,314,3230623,0,0,0,0,0,0,124798_subject_array_1739682082.bin
14119,124798,JCM 11571,124798.22,6,https://ftp.ncbi.nlm.nih.gov/genomes/all/GCF/039/526/105/GCF_039526105.1_ASM3952610v1,6,124798.22.fna,GCF_039526105.1_ASM3952610v1_genomic.fna,3722009,3722009,124798.22.fna_vs_GCF_039526105.1_ASM3952610v1_genomic.fna_blast.xml,0,0,0,0,0,0,0,556,3721453,0,0,0,0,0,0,124798_subject_array_1739682085.bin
14120,124798,JUb90,124798.20,6,https://ftp.ncbi.nlm.nih.gov/genomes/all/GCF/024/809/135/GCF_024809135.1_ASM2480913v1,6,124798.20.fna,GCF_024809135.1_ASM2480913v1_genomic.fna,3667597,3667597,124798.20.fna_vs_GCF_024809135.1_ASM2480913v1_genomic.fna_blast.xml,0,0,0,0,0,0,0,0,3667597,0,0,0,0,0,0,124798_subject_array_1739682088.bin
14606,1255,FAM19132,1255.140,6,https://ftp.ncbi.nlm.nih.gov/genomes/all/GCF/009/809/595/GCF_009809595.1_ASM980959v1,6,1255.140.fna,GCF_009809595.1_ASM980959v1_genomic.fna,1959024,1959024,1255.140.fna_vs_GCF_009809595.1_ASM980959v1_genomic.fna_blast.xml,0,0,0,0,0,0,0,0,1959024,0,0,0,0,0,0,1255_subject_array_1739682089.bin
14638,1255,MGB0620,1255.360,6,https://ftp.ncbi.nlm.nih.gov/genomes/all/GCF/023/277/805/GCF_023277805.1_ASM2327780v1,6,1255.360.fna,GCF_023277805.1_ASM2327780v1_genomic.fna,2059009,2059009,1255.360.fna_vs_GCF_023277805.1_ASM2327780v1_genomic.fna_blast.xml,0,0,0,0,0,0,0,0,2059009,0,0,0,0,0,0,1255_subject_array_1739682091.bin
14851,1259973,DSM 102253,1259973.4,6,https://ftp.ncbi.nlm.nih.gov/genomes/all/GCF/006/711/645/GCF_006711645.1_ASM671164v1,6,1259973.4.fna,GCF_006711645.1_ASM671164v1_genomic.fna,5785203,5785203,1259973.4.fna_vs_GCF_006711645.1_ASM671164v1_genomic.fna_blast.xml,0,0,0,0,0,0,0,0,5785203,0,0,0,0,0,0,1259973_subject_array_1739682096.bin
15052,126385,2019-04-28370-1-5,126385.83,6,https://ftp.ncbi.nlm.nih.gov/genomes/all/GCF/915/401/765/GCF_915401765.1_2019-04-28370-1-5,6,126385.83.fna,GCF_915401765.1_2019-04-28370-1-5_genomic.fna,4386930,4386930,126385.83.fna_vs_GCF_915401765.1_2019-04-28370-1-5_genomic.fna_blast.xml,0,0,0,0,0,0,0,0,4386930,0,0,0,0,0,0,126385_subject_array_1739682099.bin
15145,1265505,DSM 10085,1265505.3,6,https://ftp.ncbi.nlm.nih.gov/genomes/all/GCF/000/420/085/GCF_000420085.1_ASM42008v1,6,1265505.3.fna,GCF_000420085.1_ASM42008v1_genomic.fna,6119470,6119470,1265505.3.fna_vs_GCF_000420085.1_ASM42008v1_genomic.fna_blast.xml,0,0,0,0,0,0,0,0,6119470,0,0,0,0,0,0,1265505_subject_array_1739682104.bin
15258,1266845,WN1359,1266845.5,6,https://ftp.ncbi.nlm.nih.gov/genomes/all/GCF/000/493/735/GCF_000493735.1_ASM49373v1,6,1266845.5.fna,GCF_000493735.1_ASM49373v1_genomic.fna,2497115,2497115,1266845.5.fna_vs_GCF_000493735.1_ASM49373v1_genomic.fna_blast.xml,0,0,0,0,0,0,0,0,2497115,0,0,0,0,0,0,1266845_subject_array_1739682106.bin
15296,1267362,TKK-01-0069,1267362.3,6,https://ftp.ncbi.nlm.nih.gov/genomes/all/GCF/000/659/145/GCF_000659145.1_Myco_tube_TKK-01-0069_V3,6,1267362.3.fna,GCF_000659145.1_Myco_tube_TKK-01-0069_V3_genomic.fna,4401766,4406038,1267362.3.fna_vs_GCF_000659145.1_Myco_tube_TKK-01-0069_V3_genomic.fna_blast.xml,0,0,0,0,0,0,0,4241,4401767,0,30,0,0,0,0,1267362_subject_array_1739682110.bin
15302,126741,KOL6,126741.5,6,https://ftp.ncbi.nlm.nih.gov/genomes/all/GCF/002/866/025/GCF_002866025.1_ASM286602v1,6,126741.5.fna,GCF_002866025.1_ASM286602v1_genomic.fna,1708152,1708152,126741.5.fna_vs_GCF_002866025.1_ASM286602v1_genomic.fna_blast.xml,0,0,0,0,0,0,0,0,1708152,0,0,0,0,0,0,126741_subject_array_1739682112.bin
15309,1267423,PAP.19,1267423.26,6,https://ftp.ncbi.nlm.nih.gov/genomes/all/GCF/026/652/155/GCF_026652155.1_ASM2665215v1,6,1267423.26.fna,GCF_026652155.1_ASM2665215v1_genomic.fna,4582827,4582827,1267423.26.fna_vs_GCF_026652155.1_ASM2665215v1_genomic.fna_blast.xml,0,0,0,0,0,0,0,0,4582827,0,0,0,0,0,0,1267423_subject_array_1739682116.bin
15330,1268042,NBRC 108727,1268042.3,6,https://ftp.ncbi.nlm.nih.gov/genomes/all/GCF/010/686/725/GCF_010686725.1_ASM1068672v1,6,1268042.3.fna,GCF_010686725.1_ASM1068672v1_genomic.fna,3041341,3041341,1268042.3.fna_vs_GCF_010686725.1_ASM1068672v1_genomic.fna_blast.xml,0,0,0,0,0,0,0,0,3041341,0,0,0,0,0,0,1268042_subject_array_1739682118.bin
15598,1276219,Y32,1276219.3,6,https://ftp.ncbi.nlm.nih.gov/genomes/all/GCF/030/316/605/GCF_030316605.1_ASM3031660v1,6,1276219.3.fna,GCF_030316605.1_ASM3031660v1_genomic.fna,2231425,2231425,1276219.3.fna_vs_GCF_030316605.1_ASM3031660v1_genomic.fna_blast.xml,0,0,0,0,0,0,0,0,2231425,0,0,0,0,0,0,1276219_subject_array_1739682154.bin
16293,1280,183,1280.34267,6,https://ftp.ncbi.nlm.nih.gov/genomes/all/GCF/019/279/675/GCF_019279675.1_ASM1927967v1,6,1280.34267.fna,GCF_019279675.1_ASM1927967v1_genomic.fna,2785076,2785076,1280.34267.fna_vs_GCF_019279675.1_ASM1927967v1_genomic.fna_blast.xml,0,0,0,0,0,0,0,800,2784276,0,0,0,0,0,0,1280_subject_array_1739682156.bin
18477,1280,BSN152,1280.53261,6,https://ftp.ncbi.nlm.nih.gov/genomes/all/GCF/038/096/285/GCF_038096285.1_BSN152,6,1280.53261.fna,GCF_038096285.1_BSN152_genomic.fna,2974212,2974212,1280.53261.fna_vs_GCF_038096285.1_BSN152_genomic.fna_blast.xml,0,0,0,0,0,0,0,0,2974212,0,0,0,0,0,0,1280_subject_array_1739682159.bin
18494,1280,BSN213,1280.53227,6,https://ftp.ncbi.nlm.nih.gov/genomes/all/GCF/038/024/215/GCF_038024215.1_BSN213,6,1280.53227.fna,GCF_038024215.1_BSN213_genomic.fna,2989665,2989665,1280.53227.fna_vs_GCF_038024215.1_BSN213_genomic.fna_blast.xml,0,0,0,0,0,0,0,0,2989665,0,0,0,0,0,0,1280_subject_array_1739682162.bin
20184,1280,FDAARGOS_135,1280.4860,6,https://ftp.ncbi.nlm.nih.gov/genomes/all/GCF/001/471/695/GCF_001471695.2_ASM147169v2,6,1280.4860.fna,GCF_001471695.2_ASM147169v2_genomic.fna,3085148,3085150,1280.4860.fna_vs_GCF_001471695.2_ASM147169v2_genomic.fna_blast.xml,0,0,0,0,0,0,0,0,3085148,0,2,0,0,0,0,1280_subject_array_1739682165.bin
26290,1281486,I4/6O,1281486.7,6,https://ftp.ncbi.nlm.nih.gov/genomes/all/GCF/023/822/125/GCF_023822125.1_ASM2382212v1,6,1281486.7.fna,GCF_023822125.1_ASM2382212v1_genomic.fna,2416903,2416903,1281486.7.fna_vs_GCF_023822125.1_ASM2382212v1_genomic.fna_blast.xml,0,0,0,4,0,0,3,0,2416769,0,7,120,0,0,0,1281486_subject_array_1739682166.bin
26357,1282,10DSE01,1282.5875,6,https://ftp.ncbi.nlm.nih.gov/genomes/all/GCF/030/235/145/GCF_030235145.1_ASM3023514v1,6,1282.5875.fna,GCF_030235145.1_ASM3023514v1_genomic.fna,2596925,2596925,1282.5875.fna_vs_GCF_030235145.1_ASM3023514v1_genomic.fna_blast.xml,0,0,0,0,0,0,0,0,2596925,0,0,0,0,0,0,1282_subject_array_1739682169.bin
26454,1282,24FSE04,1282.5680,6,https://ftp.ncbi.nlm.nih.gov/genomes/all/GCF/029/691/875/GCF_029691875.1_ASM2969187v1,6,1282.5680.fna,GCF_029691875.1_ASM2969187v1_genomic.fna,2542396,2542396,1282.5680.fna_vs_GCF_029691875.1_ASM2969187v1_genomic.fna_blast.xml,0,0,0,0,0,0,0,0,2542395,0,0,1,0,0,0,1282_subject_array_1739682171.bin
26498,1282,40DSE01,1282.6063,6,https://ftp.ncbi.nlm.nih.gov/genomes/all/GCF/031/082/805/GCF_031082805.1_ASM3108280v1,6,1282.6063.fna,GCF_031082805.1_ASM3108280v1_genomic.fna,2604785,2604785,1282.6063.fna_vs_GCF_031082805.1_ASM3108280v1_genomic.fna_blast.xml,0,0,0,0,0,0,0,0,2604785,0,0,0,0,0,0,1282_subject_array_1739682173.bin
26532,1282,4DSE03,1282.6066,6,https://ftp.ncbi.nlm.nih.gov/genomes/all/GCF/031/082/865/GCF_031082865.1_ASM3108286v1,6,1282.6066.fna,GCF_031082865.1_ASM3108286v1_genomic.fna,2489794,2489794,1282.6066.fna_vs_GCF_031082865.1_ASM3108286v1_genomic.fna_blast.xml,0,0,0,0,0,0,0,100,2489694,0,0,0,0,0,0,1282_subject_array_1739682176.bin
26576,1282,7049,1282.5762,6,https://ftp.ncbi.nlm.nih.gov/genomes/all/GCF/030/012/845/GCF_030012845.1_ASM3001284v1,6,1282.5762.fna,GCF_030012845.1_ASM3001284v1_genomic.fna,2640687,2640687,1282.5762.fna_vs_GCF_030012845.1_ASM3001284v1_genomic.fna_blast.xml,0,0,0,0,0,0,0,0,2640687,0,0,0,0,0,0,1282_subject_array_1739682178.bin
26863,1282,C99,1282.4872,6,https://ftp.ncbi.nlm.nih.gov/genomes/all/GCF/022/832/895/GCF_022832895.1_ASM2283289v1,6,1282.4872.fna,GCF_022832895.1_ASM2283289v1_genomic.fna,2540715,2540715,1282.4872.fna_vs_GCF_022832895.1_ASM2283289v1_genomic.fna_blast.xml,0,0,0,0,0,0,0,0,2540715,0,0,0,0,0,0,1282_subject_array_1739682180.bin
27371,1282,PH1-28,1282.4265,6,https://ftp.ncbi.nlm.nih.gov/genomes/all/GCF/016/406/625/GCF_016406625.1_ASM1640662v1,6,1282.4265.fna,GCF_016406625.1_ASM1640662v1_genomic.fna,2598183,2598183,1282.4265.fna_vs_GCF_016406625.1_ASM1640662v1_genomic.fna_blast.xml,0,0,0,0,0,0,0,0,2598183,0,0,0,0,0,0,1282_subject_array_1739682183.bin
27562,1282,SESURV_p1_0557,1282.3780,6,https://ftp.ncbi.nlm.nih.gov/genomes/all/GCF/011/306/595/GCF_011306595.1_ASM1130659v1,6,1282.3780.fna,GCF_011306595.1_ASM1130659v1_genomic.fna,2569240,2569240,1282.3780.fna_vs_GCF_011306595.1_ASM1130659v1_genomic.fna_blast.xml,0,0,0,0,0,0,0,100,2569140,0,0,0,0,0,0,1282_subject_array_1739682185.bin
27614,1282,TMDU-137,1282.5188,6,https://ftp.ncbi.nlm.nih.gov/genomes/all/GCF/024/204/745/GCF_024204745.1_ASM2420474v1,6,1282.5188.fna,GCF_024204745.1_ASM2420474v1_genomic.fna,2573209,2573209,1282.5188.fna_vs_GCF_024204745.1_ASM2420474v1_genomic.fna_blast.xml,0,0,0,0,0,0,0,0,2573209,0,0,0,0,0,0,1282_subject_array_1739682187.bin
28358,1283,Sh1187,1283.1602,6,https://ftp.ncbi.nlm.nih.gov/genomes/all/GCF/039/679/085/GCF_039679085.1_ASM3967908v1,6,1283.1602.fna,GCF_039679085.1_ASM3967908v1_genomic.fna,2662319,2662319,1283.1602.fna_vs_GCF_039679085.1_ASM3967908v1_genomic.fna_blast.xml,0,0,0,0,0,0,0,1929,2660389,0,0,0,1,0,0,1283_subject_array_1739682190.bin
28790,1288,14BME10,1288.438,6,https://ftp.ncbi.nlm.nih.gov/genomes/all/GCF/039/519/245/GCF_039519245.1_ASM3951924v1,6,1288.438.fna,GCF_039519245.1_ASM3951924v1_genomic.fna,2896484,2896484,1288.438.fna_vs_GCF_039519245.1_ASM3951924v1_genomic.fna_blast.xml,0,0,0,0,0,0,0,0,2896484,0,0,0,0,0,0,1288_subject_array_1739682192.bin
29775,1295720,TKK_02_0004,1295720.3,6,https://ftp.ncbi.nlm.nih.gov/genomes/all/GCF/000/659/205/GCF_000659205.1_Myco_tube_TKK_02_0004_V1,6,1295720.3.fna,GCF_000659205.1_Myco_tube_TKK_02_0004_V1_genomic.fna,4405060,4405189,1295720.3.fna_vs_GCF_000659205.1_Myco_tube_TKK_02_0004_V1_genomic.fna_blast.xml,0,0,0,0,0,0,0,86,4405063,0,40,0,0,0,0,1295720_subject_array_1739682196.bin
29776,1295721,TKK_02_0005,1295721.3,6,https://ftp.ncbi.nlm.nih.gov/genomes/all/GCF/000/659/225/GCF_000659225.1_Myco_tube_TKK_02_0005_V1,6,1295721.3.fna,GCF_000659225.1_Myco_tube_TKK_02_0005_V1_genomic.fna,4405404,4407496,1295721.3.fna_vs_GCF_000659225.1_Myco_tube_TKK_02_0005_V1_genomic.fna_blast.xml,0,0,0,0,0,0,0,2051,4405404,0,40,0,1,0,0,1295721_subject_array_1739682199.bin
29778,1295724,TKK_02_0008,1295724.3,6,https://ftp.ncbi.nlm.nih.gov/genomes/all/GCF/000/659/265/GCF_000659265.1_Myco_tube_TKK_02_0008_V1,6,1295724.3.fna,GCF_000659265.1_Myco_tube_TKK_02_0008_V1_genomic.fna,4405592,4410820,1295724.3.fna_vs_GCF_000659265.1_Myco_tube_TKK_02_0008_V1_genomic.fna_blast.xml,0,0,0,0,0,0,0,5185,4405625,0,10,0,0,0,0,1295724_subject_array_1739682203.bin
29799,1295766,TKK_02_0050,1295766.3,6,https://ftp.ncbi.nlm.nih.gov/genomes/all/GCF/000/659/685/GCF_000659685.1_Myco_tube_TKK_02_0050_V1,6,1295766.3.fna,GCF_000659685.1_Myco_tube_TKK_02_0050_V1_genomic.fna,4400516,4402430,1295766.3.fna_vs_GCF_000659685.1_Myco_tube_TKK_02_0050_V1_genomic.fna_blast.xml,0,0,0,0,0,0,0,1871,4400532,0,27,0,0,0,0,1295766_subject_array_1739682207.bin
29800,1295767,TKK_02_0051,1295767.3,6,https://ftp.ncbi.nlm.nih.gov/genomes/all/GCF/000/659/705/GCF_000659705.1_Myco_tube_TKK_02_0051_V1,6,1295767.3.fna,GCF_000659705.1_Myco_tube_TKK_02_0051_V1_genomic.fna,4403877,4407234,1295767.3.fna_vs_GCF_000659705.1_Myco_tube_TKK_02_0051_V1_genomic.fna_blast.xml,0,0,0,0,0,0,0,3285,4403911,0,31,7,0,0,0,1295767_subject_array_1739682210.bin
30377,1297857,CECT 7747,1297857.3,6,https://ftp.ncbi.nlm.nih.gov/genomes/all/GCF/000/382/825/GCF_000382825.1_ASM38282v1,6,1297857.3.fna,GCF_000382825.1_ASM38282v1_genomic.fna,1884389,1884389,1297857.3.fna_vs_GCF_000382825.1_ASM38282v1_genomic.fna_blast.xml,0,0,0,0,0,0,0,15830,1868556,0,0,2,1,0,0,1297857_subject_array_1739682212.bin
30473,1300150,QU25,1300150.4,6,https://ftp.ncbi.nlm.nih.gov/genomes/all/GCF/000/504/125/GCF_000504125.1_ASM50412v1,6,1300150.4.fna,GCF_000504125.1_ASM50412v1_genomic.fna,3351060,3351060,1300150.4.fna_vs_GCF_000504125.1_ASM50412v1_genomic.fna_blast.xml,0,0,0,0,0,0,0,0,3351058,0,0,2,0,0,0,1300150_subject_array_1739682214.bin
30522,1302,A13000540,1302.551,6,https://ftp.ncbi.nlm.nih.gov/genomes/all/GCF/026/783/085/GCF_026783085.1_ASM2678308v1,6,1302.551.fna,GCF_026783085.1_ASM2678308v1_genomic.fna,2206727,2206727,1302.551.fna_vs_GCF_026783085.1_ASM2678308v1_genomic.fna_blast.xml,0,0,0,0,0,0,0,85,2206642,0,0,0,0,0,0,1302_subject_array_1739682216.bin
30802,1303681,djl-6,1303681.9,6,https://ftp.ncbi.nlm.nih.gov/genomes/all/GCF/023/221/595/GCF_023221595.1_ASM2322159v1,6,1303681.9.fna,GCF_023221595.1_ASM2322159v1_genomic.fna,7513265,7513265,1303681.9.fna_vs_GCF_023221595.1_ASM2322159v1_genomic.fna_blast.xml,0,0,0,0,0,0,0,0,7513265,0,0,0,0,0,0,1303681_subject_array_1739682222.bin
31056,1305,A12068223,1305.908,6,https://ftp.ncbi.nlm.nih.gov/genomes/all/GCF/026/781/665/GCF_026781665.1_ASM2678166v1,6,1305.908.fna,GCF_026781665.1_ASM2678166v1_genomic.fna,2330966,2330966,1305.908.fna_vs_GCF_026781665.1_ASM2678166v1_genomic.fna_blast.xml,0,0,0,0,0,0,0,60,2330906,0,0,0,0,0,0,1305_subject_array_1739682224.bin
32665,1307,NCTC10446,1307.2417,6,https://ftp.ncbi.nlm.nih.gov/genomes/all/GCF/901/543/985/GCF_901543985.1_42880_C01,6,1307.2417.fna,GCF_901543985.1_42880_C01_genomic.fna,2059665,2059665,1307.2417.fna_vs_GCF_901543985.1_42880_C01_genomic.fna_blast.xml,0,0,0,0,0,0,0,0,2059665,0,0,0,0,0,0,1307_subject_array_1739682226.bin
33362,1307955,LMG27016,1307955.3,6,https://ftp.ncbi.nlm.nih.gov/genomes/all/GCF/015/244/585/GCF_015244585.1_ASM1524458v1,6,1307955.3.fna,GCF_015244585.1_ASM1524458v1_genomic.fna,2786018,2786018,1307955.3.fna_vs_GCF_015244585.1_ASM1524458v1_genomic.fna_blast.xml,0,0,0,0,0,0,0,0,2786018,0,0,0,0,0,0,1307955_subject_array_1739682228.bin
36990,1313,A1,1313.6509,6,https://ftp.ncbi.nlm.nih.gov/genomes/all/GCF/001/234/125/GCF_001234125.1_PB_StrepPneum_A1,6,1313.6509.fna,GCF_001234125.1_PB_StrepPneum_A1_genomic.fna,2166748,2166748,1313.6509.fna_vs_GCF_001234125.1_PB_StrepPneum_A1_genomic.fna_blast.xml,0,0,0,0,0,0,0,0,2166748,0,0,0,0,0,0,1313_subject_array_1739682231.bin
37728,1313,NCTC11895,1313.16027,6,https://ftp.ncbi.nlm.nih.gov/genomes/all/GCF/900/459/605/GCF_900459605.1_43071_G01,6,1313.16027.fna,GCF_900459605.1_43071_G01_genomic.fna,2210930,2210930,1313.16027.fna_vs_GCF_900459605.1_43071_G01_genomic.fna_blast.xml,0,0,0,0,0,0,1,0,2210926,0,0,3,0,0,0,1313_subject_array_1739682233.bin
37729,1313,NCTC11897,1313.16024,6,https://ftp.ncbi.nlm.nih.gov/genomes/all/GCF/900/459/575/GCF_900459575.1_43058_D01,6,1313.16024.fna,GCF_900459575.1_43058_D01_genomic.fna,2202587,2202587,1313.16024.fna_vs_GCF_900459575.1_43058_D01_genomic.fna_blast.xml,0,0,0,0,0,0,0,0,2202587,0,0,0,0,0,0,1313_subject_array_1739682236.bin
37740,1313,NCTC12140,1313.16029,6,https://ftp.ncbi.nlm.nih.gov/genomes/all/GCF/900/459/625/GCF_900459625.1_43071_E01,6,1313.16029.fna,GCF_900459625.1_43071_E01_genomic.fna,2271083,2271083,1313.16029.fna_vs_GCF_900459625.1_43071_E01_genomic.fna_blast.xml,0,0,0,0,0,0,0,0,2271083,0,0,0,0,0,0,1313_subject_array_1739682239.bin
37744,1313,NCTC13734,1313.16025,6,https://ftp.ncbi.nlm.nih.gov/genomes/all/GCF/900/459/585/GCF_900459585.1_47555_H02,6,1313.16025.fna,GCF_900459585.1_47555_H02_genomic.fna,2354430,2354430,1313.16025.fna_vs_GCF_900459585.1_47555_H02_genomic.fna_blast.xml,0,0,0,0,0,0,0,0,2354430,0,0,0,0,0,0,1313_subject_array_1739682243.bin
43012,1314,GAS12484,1314.2256,6,https://ftp.ncbi.nlm.nih.gov/genomes/all/GCF/900/994/845/GCF_900994845.1_19944_8_53,6,1314.2256.fna,GCF_900994845.1_19944_8_53_genomic.fna,1733717,1733717,1314.2256.fna_vs_GCF_900994845.1_19944_8_53_genomic.fna_blast.xml,0,0,0,0,0,0,0,0,1733717,0,0,0,0,0,0,1314_subject_array_1739682244.bin
43368,1314,K12537,1314.1082,6,https://ftp.ncbi.nlm.nih.gov/genomes/all/GCF/900/983/025/GCF_900983025.1_11822_8_17,6,1314.1082.fna,GCF_900983025.1_11822_8_17_genomic.fna,1802752,1802752,1314.1082.fna_vs_GCF_900983025.1_11822_8_17_genomic.fna_blast.xml,0,0,0,0,0,0,0,593,1802158,0,0,1,0,0,0,1314_subject_array_1739682245.bin
43699,1314,NCTC10866,1314.815,6,https://ftp.ncbi.nlm.nih.gov/genomes/all/GCF/900/460/005/GCF_900460005.1_42197_G01,6,1314.815.fna,GCF_900460005.1_42197_G01_genomic.fna,1985570,1985570,1314.815.fna_vs_GCF_900460005.1_42197_G01_genomic.fna_blast.xml,0,0,131,0,0,0,0,0,1960395,0,0,41,24838,0,165,1314_subject_array_1739682247.bin
44444,1318,BIOML-A6,1318.791,6,https://ftp.ncbi.nlm.nih.gov/genomes/all/GCF/009/717/765/GCF_009717765.1_ASM971776v1,6,1318.791.fna,GCF_009717765.1_ASM971776v1_genomic.fna,1949143,1949143,1318.791.fna_vs_GCF_009717765.1_ASM971776v1_genomic.fna_blast.xml,0,0,0,0,0,0,0,0,1949143,0,0,0,0,0,0,1318_subject_array_1739682249.bin
44670,1324250,TKK-01-0040,1324250.3,6,https://ftp.ncbi.nlm.nih.gov/genomes/all/GCF/000/660/865/GCF_000660865.1_Myco_tube_TKK-01-0040_V1,6,1324250.3.fna,GCF_000660865.1_Myco_tube_TKK-01-0040_V1_genomic.fna,4412612,4415970,1324250.3.fna_vs_GCF_000660865.1_Myco_tube_TKK-01-0040_V1_genomic.fna_blast.xml,0,0,0,0,0,0,0,3345,4412614,0,10,0,1,0,0,1324250_subject_array_1739682253.bin
44698,1324278,TKK-01-0068,1324278.3,6,https://ftp.ncbi.nlm.nih.gov/genomes/all/GCF/000/661/405/GCF_000661405.1_Myco_tube_TKK-01-0068_V1,6,1324278.3.fna,GCF_000661405.1_Myco_tube_TKK-01-0068_V1_genomic.fna,4396502,4397966,1324278.3.fna_vs_GCF_000661405.1_Myco_tube_TKK-01-0068_V1_genomic.fna_blast.xml,0,0,0,0,0,0,0,1453,4396503,0,10,0,0,0,0,1324278_subject_array_1739682257.bin
44700,1324280,TKK-01-0071,1324280.3,6,https://ftp.ncbi.nlm.nih.gov/genomes/all/GCF/000/661/445/GCF_000661445.1_Myco_tube_TKK-01-0071_V1,6,1324280.3.fna,GCF_000661445.1_Myco_tube_TKK-01-0071_V1_genomic.fna,4399278,4399625,1324280.3.fna_vs_GCF_000661445.1_Myco_tube_TKK-01-0071_V1_genomic.fna_blast.xml,0,0,0,0,0,0,0,307,4399278,0,40,0,0,0,0,1324280_subject_array_1739682260.bin
44704,1324284,TKK-01-0076,1324284.3,6,https://ftp.ncbi.nlm.nih.gov/genomes/all/GCF/000/661/525/GCF_000661525.1_Myco_tube_TKK-01-0076_V1,6,1324284.3.fna,GCF_000661525.1_Myco_tube_TKK-01-0076_V1_genomic.fna,4397855,4401950,1324284.3.fna_vs_GCF_000661525.1_Myco_tube_TKK-01-0076_V1_genomic.fna_blast.xml,0,0,0,0,0,0,0,4064,4397856,0,30,0,0,0,0,1324284_subject_array_1739682264.bin
45078,1328324,KPNIH27,1328324.3,6,https://ftp.ncbi.nlm.nih.gov/genomes/all/GCF/000/695/935/GCF_000695935.1_ASM69593v1,6,1328324.3.fna,GCF_000695935.1_ASM69593v1_genomic.fna,6132443,6132443,1328324.3.fna_vs_GCF_000695935.1_ASM69593v1_genomic.fna_blast.xml,0,0,0,0,0,0,0,0,6132443,0,0,0,0,0,0,1328324_subject_array_1739682269.bin
45156,1328411,BIDMC 16,1328411.3,6,https://ftp.ncbi.nlm.nih.gov/genomes/all/GCF/000/474/905/GCF_000474905.1_Kleb_pneu_BIDMC_16_V1_PacBio,6,1328411.3.fna,GCF_000474905.1_Kleb_pneu_BIDMC_16_V1_PacBio_genomic.fna,5751366,5751366,1328411.3.fna_vs_GCF_000474905.1_Kleb_pneu_BIDMC_16_V1_PacBio_genomic.fna_blast.xml,0,0,0,0,0,0,0,0,5751366,0,0,0,0,0,0,1328411_subject_array_1739682274.bin
45159,1328414,BIDMC 18C,1328414.3,6,https://ftp.ncbi.nlm.nih.gov/genomes/all/GCF/000/474/865/GCF_000474865.1_Kleb_pneu_BIDMC_18C_V1_PacBio,6,1328414.3.fna,GCF_000474865.1_Kleb_pneu_BIDMC_18C_V1_PacBio_genomic.fna,5738068,5738068,1328414.3.fna_vs_GCF_000474865.1_Kleb_pneu_BIDMC_18C_V1_PacBio_genomic.fna_blast.xml,0,0,0,0,0,0,0,0,5738068,0,0,0,0,0,0,1328414_subject_array_1739682279.bin
45246,132919,DSM 44719,132919.8,6,https://ftp.ncbi.nlm.nih.gov/genomes/all/GCF/900/105/375/GCF_900105375.1_IMG-taxon_2642422554_annotated_assembly,6,132919.8.fna,GCF_900105375.1_IMG-taxon_2642422554_annotated_assembly_genomic.fna,9912981,9912981,132919.8.fna_vs_GCF_900105375.1_IMG-taxon_2642422554_annotated_assembly_genomic.fna_blast.xml,0,0,0,0,0,0,0,0,9912981,0,0,0,0,0,0,132919_subject_array_1739682286.bin
45444,1332059,USBL-36I1,1332059.3,6,https://ftp.ncbi.nlm.nih.gov/genomes/all/GCF/034/471/385/GCF_034471385.1_ASM3447138v1,6,1332059.3.fna,GCF_034471385.1_ASM3447138v1_genomic.fna,1018517,1018517,1332059.3.fna_vs_GCF_034471385.1_ASM3447138v1_genomic.fna_blast.xml,0,0,0,0,0,0,0,0,1018517,0,0,0,0,0,0,1332059_subject_array_1739682287.bin
45586,1334,Kdys0611,1334.142,6,https://ftp.ncbi.nlm.nih.gov/genomes/all/GCF/003/967/135/GCF_003967135.1_ASM396713v1,6,1334.142.fna,GCF_003967135.1_ASM396713v1_genomic.fna,2224823,2224823,1334.142.fna_vs_GCF_003967135.1_ASM396713v1_genomic.fna_blast.xml,0,0,0,0,0,0,0,0,2224823,0,0,0,0,0,0,1334_subject_array_1739682289.bin
45680,133448,NCTC13708,133448.6,6,https://ftp.ncbi.nlm.nih.gov/genomes/all/GCF/900/446/905/GCF_900446905.1_43721_F02,6,133448.6.fna,GCF_900446905.1_43721_F02_genomic.fna,4975888,4975888,133448.6.fna_vs_GCF_900446905.1_43721_F02_genomic.fna_blast.xml,0,0,0,0,0,0,0,0,4975887,0,0,1,0,0,0,133448_subject_array_1739682293.bin
45717,1335,Sb05,1335.17,6,https://ftp.ncbi.nlm.nih.gov/genomes/all/GCF/900/101/445/GCF_900101445.1_IMG-taxon_2654588139_annotated_assembly,6,1335.17.fna,GCF_900101445.1_IMG-taxon_2654588139_annotated_assembly_genomic.fna,1962621,1962621,1335.17.fna_vs_GCF_900101445.1_IMG-taxon_2654588139_annotated_assembly_genomic.fna_blast.xml,0,0,0,0,0,0,0,610,1962011,0,0,0,0,0,0,1335_subject_array_1739682294.bin
45719,1335,Sb10,1335.18,6,https://ftp.ncbi.nlm.nih.gov/genomes/all/GCF/900/101/715/GCF_900101715.1_IMG-taxon_2654588134_annotated_assembly,6,1335.18.fna,GCF_900101715.1_IMG-taxon_2654588134_annotated_assembly_genomic.fna,1887161,1887161,1335.18.fna_vs_GCF_900101715.1_IMG-taxon_2654588134_annotated_assembly_genomic.fna_blast.xml,0,0,0,0,0,0,0,0,1887161,0,0,0,0,0,0,1335_subject_array_1739682296.bin
45724,1335,pGA-7,1335.19,6,https://ftp.ncbi.nlm.nih.gov/genomes/all/GCF/900/102/715/GCF_900102715.1_IMG-taxon_2608642168_annotated_assembly,6,1335.19.fna,GCF_900102715.1_IMG-taxon_2608642168_annotated_assembly_genomic.fna,1797051,1797051,1335.19.fna_vs_GCF_900102715.1_IMG-taxon_2608642168_annotated_assembly_genomic.fna_blast.xml,0,0,0,0,0,0,0,105,1796946,0,0,0,0,0,0,1335_subject_array_1739682297.bin
45945,1338,13-12-18,1338.76,6,https://ftp.ncbi.nlm.nih.gov/genomes/all/GCF/008/633/045/GCF_008633045.1_ASM863304v1,6,1338.76.fna,GCF_008633045.1_ASM863304v1_genomic.fna,1946261,1946261,1338.76.fna_vs_GCF_008633045.1_ASM863304v1_genomic.fna_blast.xml,0,0,0,0,0,0,0,644,1945617,0,0,0,0,0,0,1338_subject_array_1739682299.bin
45967,1338,S23,1338.97,6,https://ftp.ncbi.nlm.nih.gov/genomes/all/GCF/023/109/915/GCF_023109915.1_ASM2310991v1,6,1338.97.fna,GCF_023109915.1_ASM2310991v1_genomic.fna,1945664,1945664,1338.97.fna_vs_GCF_023109915.1_ASM2310991v1_genomic.fna_blast.xml,0,0,0,0,0,0,0,472,1945192,0,0,0,0,0,0,1338_subject_array_1739682301.bin
46177,1341674,90-12178,1341674.3,6,https://ftp.ncbi.nlm.nih.gov/genomes/all/GCF/000/480/015/GCF_000480015.1_Bruc_abor_90-12178_V1,6,1341674.3.fna,GCF_000480015.1_Bruc_abor_90-12178_V1_genomic.fna,3528544,3528544,1341674.3.fna_vs_GCF_000480015.1_Bruc_abor_90-12178_V1_genomic.fna_blast.xml,0,0,0,0,0,0,0,0,3528544,0,0,0,0,0,0,1341674_subject_array_1739682304.bin
46293,1344951,DSM 100060,1344951.4,6,https://ftp.ncbi.nlm.nih.gov/genomes/all/GCF/011/762/145/GCF_011762145.1_ASM1176214v1,6,1344951.4.fna,GCF_011762145.1_ASM1176214v1_genomic.fna,4335120,4335120,1344951.4.fna_vs_GCF_011762145.1_ASM1176214v1_genomic.fna_blast.xml,0,0,0,0,0,0,0,93,4335027,0,0,0,0,0,0,1344951_subject_array_1739682308.bin
46330,134537,OTU2SAUBB1,134537.36,6,https://ftp.ncbi.nlm.nih.gov/genomes/all/GCF/024/123/895/GCF_024123895.1_ASM2412389v1,6,134537.36.fna,GCF_024123895.1_ASM2412389v1_genomic.fna,9357004,9357004,134537.36.fna_vs_GCF_024123895.1_ASM2412389v1_genomic.fna_blast.xml,0,0,0,0,0,0,0,0,9357001,0,0,3,0,0,0,134537_subject_array_1739682316.bin
47019,1351,16-196,1351.876,6,https://ftp.ncbi.nlm.nih.gov/genomes/all/GCF/002/973/815/GCF_002973815.1_ASM297381v1,6,1351.876.fna,GCF_002973815.1_ASM297381v1_genomic.fna,2709761,2709761,1351.876.fna_vs_GCF_002973815.1_ASM297381v1_genomic.fna_blast.xml,0,0,0,0,0,0,0,3279,2706478,0,0,0,4,0,0,1351_subject_array_1739682319.bin
47020,1351,16-372,1351.874,6,https://ftp.ncbi.nlm.nih.gov/genomes/all/GCF/002/973/735/GCF_002973735.1_ASM297373v1,6,1351.874.fna,GCF_002973735.1_ASM297373v1_genomic.fna,2779791,2779791,1351.874.fna_vs_GCF_002973735.1_ASM297373v1_genomic.fna_blast.xml,0,0,0,0,0,0,0,127,2779664,0,0,0,0,0,0,1351_subject_array_1739682321.bin
47239,1351,4928STDY7071224,1351.2244,6,https://ftp.ncbi.nlm.nih.gov/genomes/all/GCF/902/162/785/GCF_902162785.1_25964_2_61,6,1351.2244.fna,GCF_902162785.1_25964_2_61_genomic.fna,2760188,2760188,1351.2244.fna_vs_GCF_902162785.1_25964_2_61_genomic.fna_blast.xml,0,0,0,0,0,0,0,268,2759920,0,0,0,0,0,0,1351_subject_array_1739682323.bin
47579,1351,51271924,1351.9062,6,https://ftp.ncbi.nlm.nih.gov/genomes/all/GCF/032/027/865/GCF_032027865.1_ASM3202786v1,6,1351.9062.fna,GCF_032027865.1_ASM3202786v1_genomic.fna,3464673,3464673,1351.9062.fna_vs_GCF_032027865.1_ASM3202786v1_genomic.fna_blast.xml,0,0,0,0,0,0,0,0,3464673,0,0,0,0,0,0,1351_subject_array_1739682326.bin
47690,1351,8A4_DIV03286,1351.544,6,https://ftp.ncbi.nlm.nih.gov/genomes/all/GCF/002/141/395/GCF_002141395.1_ASM214139v1,6,1351.544.fna,GCF_002141395.1_ASM214139v1_genomic.fna,2953354,2953354,1351.544.fna_vs_GCF_002141395.1_ASM214139v1_genomic.fna_blast.xml,0,0,0,0,0,0,0,13888,2939465,0,0,1,0,0,0,1351_subject_array_1739682328.bin
47856,1351,BE43,1351.6970,6,https://ftp.ncbi.nlm.nih.gov/genomes/all/GCF/025/958/125/GCF_025958125.1_ASM2595812v1,6,1351.6970.fna,GCF_025958125.1_ASM2595812v1_genomic.fna,3025526,3025526,1351.6970.fna_vs_GCF_025958125.1_ASM2595812v1_genomic.fna_blast.xml,0,0,0,0,0,0,0,0,3025526,0,0,0,0,0,0,1351_subject_array_1739682331.bin
48006,1351,CHI19,1351.9877,6,https://ftp.ncbi.nlm.nih.gov/genomes/all/GCF/029/734/235/GCF_029734235.1_ASM2973423v1,6,1351.9877.fna,GCF_029734235.1_ASM2973423v1_genomic.fna,2670991,2670991,1351.9877.fna_vs_GCF_029734235.1_ASM2973423v1_genomic.fna_blast.xml,0,0,0,0,0,0,0,0,2670991,0,0,0,0,0,0,1351_subject_array_1739682333.bin
48130,1351,CS4672,1351.8528,6,https://ftp.ncbi.nlm.nih.gov/genomes/all/GCF/030/342/285/GCF_030342285.1_ASM3034228v1,6,1351.8528.fna,GCF_030342285.1_ASM3034228v1_genomic.fna,2914547,2914547,1351.8528.fna_vs_GCF_030342285.1_ASM3034228v1_genomic.fna_blast.xml,0,0,0,0,0,0,0,0,2914547,0,0,0,0,0,0,1351_subject_array_1739682335.bin
48351,1351,EFS108,1351.6050,6,https://ftp.ncbi.nlm.nih.gov/genomes/all/GCF/020/616/935/GCF_020616935.1_ASM2061693v1,6,1351.6050.fna,GCF_020616935.1_ASM2061693v1_genomic.fna,3093936,3093936,1351.6050.fna_vs_GCF_020616935.1_ASM2061693v1_genomic.fna_blast.xml,0,0,0,0,0,0,0,0,3093936,0,0,0,0,0,0,1351_subject_array_1739682338.bin
48410,1351,ES-108-1,1351.9786,6,https://ftp.ncbi.nlm.nih.gov/genomes/all/GCF/033/814/055/GCF_033814055.1_ASM3381405v1,6,1351.9786.fna,GCF_033814055.1_ASM3381405v1_genomic.fna,3303246,3303246,1351.9786.fna_vs_GCF_033814055.1_ASM3381405v1_genomic.fna_blast.xml,0,0,0,0,0,0,0,0,3303246,0,0,0,0,0,0,1351_subject_array_1739682340.bin
48459,1351,EfsPF18,1351.8381,6,https://ftp.ncbi.nlm.nih.gov/genomes/all/GCF/030/025/105/GCF_030025105.1_ASM3002510v1,6,1351.8381.fna,GCF_030025105.1_ASM3002510v1_genomic.fna,3054005,3054005,1351.8381.fna_vs_GCF_030025105.1_ASM3002510v1_genomic.fna_blast.xml,0,0,0,0,0,0,0,0,3054005,0,0,0,0,0,0,1351_subject_array_1739682342.bin
48467,1351,EfsPF43,1351.8382,6,https://ftp.ncbi.nlm.nih.gov/genomes/all/GCF/030/025/165/GCF_030025165.1_ASM3002516v1,6,1351.8382.fna,GCF_030025165.1_ASM3002516v1_genomic.fna,3030637,3030637,1351.8382.fna_vs_GCF_030025165.1_ASM3002516v1_genomic.fna_blast.xml,0,0,0,0,0,0,0,0,3030637,0,0,0,0,0,0,1351_subject_array_1739682345.bin
48481,1351,F162_1,1351.5268,6,https://ftp.ncbi.nlm.nih.gov/genomes/all/GCF/019/201/565/GCF_019201565.1_ASM1920156v1,6,1351.5268.fna,GCF_019201565.1_ASM1920156v1_genomic.fna,2985968,2985968,1351.5268.fna_vs_GCF_019201565.1_ASM1920156v1_genomic.fna_blast.xml,0,0,0,0,0,0,0,0,2985968,0,0,0,0,0,0,1351_subject_array_1739682347.bin
48493,1351,FC,1351.1820,6,https://ftp.ncbi.nlm.nih.gov/genomes/all/GCF/005/158/025/GCF_005158025.1_ASM515802v1,6,1351.1820.fna,GCF_005158025.1_ASM515802v1_genomic.fna,3183730,3183730,1351.1820.fna_vs_GCF_005158025.1_ASM515802v1_genomic.fna_blast.xml,0,0,0,0,0,0,0,0,3183730,0,0,0,0,0,0,1351_subject_array_1739682350.bin
48795,1351,LIT5-A37,1351.1331,6,https://ftp.ncbi.nlm.nih.gov/genomes/all/GCF/003/796/705/GCF_003796705.1_ASM379670v1,6,1351.1331.fna,GCF_003796705.1_ASM379670v1_genomic.fna,2837338,2837338,1351.1331.fna_vs_GCF_003796705.1_ASM379670v1_genomic.fna_blast.xml,0,0,0,0,0,0,0,0,2837338,0,0,0,0,0,0,1351_subject_array_1739682352.bin
48968,1351,NCTC10927,1351.1225,6,https://ftp.ncbi.nlm.nih.gov/genomes/all/GCF/900/447/825/GCF_900447825.1_43071_F02,6,1351.1225.fna,GCF_900447825.1_43071_F02_genomic.fna,2952144,2952144,1351.1225.fna_vs_GCF_900447825.1_43071_F02_genomic.fna_blast.xml,0,0,0,0,0,0,0,0,2952142,0,2,0,0,0,0,1351_subject_array_1739682354.bin
48969,1351,NCTC12201,1351.1226,6,https://ftp.ncbi.nlm.nih.gov/genomes/all/GCF/900/447/835/GCF_900447835.1_46166_A01,6,1351.1226.fna,GCF_900447835.1_46166_A01_genomic.fna,3445761,3445761,1351.1226.fna_vs_GCF_900447835.1_46166_A01_genomic.fna_blast.xml,0,0,0,0,0,0,0,0,3445761,0,0,0,0,0,0,1351_subject_array_1739682357.bin
48970,1351,NCTC12203,1351.1220,6,https://ftp.ncbi.nlm.nih.gov/genomes/all/GCF/900/447/755/GCF_900447755.1_44310_A02,6,1351.1220.fna,GCF_900447755.1_44310_A02_genomic.fna,3372094,3372094,1351.1220.fna_vs_GCF_900447755.1_44310_A02_genomic.fna_blast.xml,0,0,0,0,0,0,1,0,3372093,0,0,0,0,0,0,1351_subject_array_1739682360.bin
48981,1351,NCTC8132,1351.1228,6,https://ftp.ncbi.nlm.nih.gov/genomes/all/GCF/900/447/855/GCF_900447855.1_44310_B02,6,1351.1228.fna,GCF_900447855.1_44310_B02_genomic.fna,2968634,2968634,1351.1228.fna_vs_GCF_900447855.1_44310_B02_genomic.fna_blast.xml,0,0,0,0,0,0,1,0,2968633,0,0,0,0,0,0,1351_subject_array_1739682362.bin
48983,1351,NCTC8176,1351.1217,6,https://ftp.ncbi.nlm.nih.gov/genomes/all/GCF/900/447/705/GCF_900447705.1_44310_C02,6,1351.1217.fna,GCF_900447705.1_44310_C02_genomic.fna,2989775,2989775,1351.1217.fna_vs_GCF_900447705.1_44310_C02_genomic.fna_blast.xml,0,0,0,0,0,0,0,0,2989775,0,0,0,0,0,0,1351_subject_array_1739682364.bin
49718,1351,Wae7,1351.9991,6,https://ftp.ncbi.nlm.nih.gov/genomes/all/GCF/036/600/795/GCF_036600795.1_ASM3660079v1,6,1351.9991.fna,GCF_036600795.1_ASM3660079v1_genomic.fna,2705024,2705024,1351.9991.fna_vs_GCF_036600795.1_ASM3660079v1_genomic.fna_blast.xml,0,0,0,0,0,0,0,0,2705024,0,0,0,0,0,0,1351_subject_array_1739682366.bin
49872,1352,10-131,1352.3419,6,https://ftp.ncbi.nlm.nih.gov/genomes/all/GCF/002/909/305/GCF_002909305.1_ASM290930v1,6,1352.3419.fna,GCF_002909305.1_ASM290930v1_genomic.fna,2934706,2934706,1352.3419.fna_vs_GCF_002909305.1_ASM290930v1_genomic.fna_blast.xml,0,0,0,0,0,0,0,596,2934110,0,0,0,0,0,0,1352_subject_array_1739682369.bin
49898,1352,10B2_DIV0370,1352.1728,6,https://ftp.ncbi.nlm.nih.gov/genomes/all/GCF/002/140/215/GCF_002140215.1_ASM214021v1,6,1352.1728.fna,GCF_002140215.1_ASM214021v1_genomic.fna,2766817,2766817,1352.1728.fna_vs_GCF_002140215.1_ASM214021v1_genomic.fna_blast.xml,0,0,0,0,0,0,0,133449,2633362,0,0,0,6,0,0,1352_subject_array_1739682372.bin
50119,1352,1C8_DIV0465,1352.1739,6,https://ftp.ncbi.nlm.nih.gov/genomes/all/GCF/002/140/515/GCF_002140515.1_ASM214051v1,6,1352.1739.fna,GCF_002140515.1_ASM214051v1_genomic.fna,2760005,2760005,1352.1739.fna_vs_GCF_002140515.1_ASM214051v1_genomic.fna_blast.xml,0,0,0,0,0,0,0,30116,2729867,0,0,2,20,0,0,1352_subject_array_1739682374.bin
50131,1352,2010C10-174,1352.18417,6,https://ftp.ncbi.nlm.nih.gov/genomes/all/GCF/038/441/155/GCF_038441155.1_ASM3844115v1,6,1352.18417.fna,GCF_038441155.1_ASM3844115v1_genomic.fna,3211428,3211428,1352.18417.fna_vs_GCF_038441155.1_ASM3844115v1_genomic.fna_blast.xml,0,0,0,0,0,0,0,0,3211428,0,0,0,0,0,0,1352_subject_array_1739682377.bin
50139,1352,2016C10-291,1352.18407,6,https://ftp.ncbi.nlm.nih.gov/genomes/all/GCF/038/436/665/GCF_038436665.1_ASM3843666v1,6,1352.18407.fna,GCF_038436665.1_ASM3843666v1_genomic.fna,3176325,3176325,1352.18407.fna_vs_GCF_038436665.1_ASM3843666v1_genomic.fna_blast.xml,0,0,0,0,0,0,0,0,3176325,0,0,0,0,0,0,1352_subject_array_1739682380.bin
50191,1352,2H7_DIV0585,1352.2177,6,https://ftp.ncbi.nlm.nih.gov/genomes/all/GCF/002/174/445/GCF_002174445.1_ASM217444v1,6,1352.2177.fna,GCF_002174445.1_ASM217444v1_genomic.fna,2731409,2731409,1352.2177.fna_vs_GCF_002174445.1_ASM217444v1_genomic.fna_blast.xml,0,0,0,0,0,0,0,63068,2668330,0,0,0,10,0,1,1352_subject_array_1739682382.bin
50198,1352,3012STDY6246401,1352.8085,6,https://ftp.ncbi.nlm.nih.gov/genomes/all/GCF/900/683/525/GCF_900683525.1_42206_G01,6,1352.8085.fna,GCF_900683525.1_42206_G01_genomic.fna,3176611,3176611,1352.8085.fna_vs_GCF_900683525.1_42206_G01_genomic.fna_blast.xml,0,0,0,0,0,0,0,0,3176611,0,0,0,0,0,0,1352_subject_array_1739682386.bin
50315,1352,5A12_DIV0114,1352.1743,6,https://ftp.ncbi.nlm.nih.gov/genomes/all/GCF/002/140/735/GCF_002140735.1_ASM214073v1,6,1352.1743.fna,GCF_002140735.1_ASM214073v1_genomic.fna,2636315,2636315,1352.1743.fna_vs_GCF_002140735.1_ASM214073v1_genomic.fna_blast.xml,0,0,0,0,0,0,0,11587,2624689,0,0,1,38,0,0,1352_subject_array_1739682388.bin
50358,1352,733387,1352.16498,6,https://ftp.ncbi.nlm.nih.gov/genomes/all/GCF/030/762/925/GCF_030762925.1_ASM3076292v1,6,1352.16498.fna,GCF_030762925.1_ASM3076292v1_genomic.fna,3154094,3154094,1352.16498.fna_vs_GCF_030762925.1_ASM3076292v1_genomic.fna_blast.xml,0,0,0,0,0,0,0,0,3154094,0,0,0,0,0,0,1352_subject_array_1739682391.bin
50359,1352,735902,1352.16484,6,https://ftp.ncbi.nlm.nih.gov/genomes/all/GCF/030/714/965/GCF_030714965.1_ASM3071496v1,6,1352.16484.fna,GCF_030714965.1_ASM3071496v1_genomic.fna,3268926,3268926,1352.16484.fna_vs_GCF_030714965.1_ASM3071496v1_genomic.fna_blast.xml,0,0,0,0,0,0,0,0,3268926,0,0,0,0,0,0,1352_subject_array_1739682395.bin
50360,1352,741160,1352.16485,6,https://ftp.ncbi.nlm.nih.gov/genomes/all/GCF/030/714/985/GCF_030714985.1_ASM3071498v1,6,1352.16485.fna,GCF_030714985.1_ASM3071498v1_genomic.fna,3111868,3111868,1352.16485.fna_vs_GCF_030714985.1_ASM3071498v1_genomic.fna_blast.xml,0,0,0,0,0,0,0,0,3111868,0,0,0,0,0,0,1352_subject_array_1739682398.bin
50390,1352,9-F-6,1352.2587,6,https://ftp.ncbi.nlm.nih.gov/genomes/all/GCF/002/263/195/GCF_002263195.1_ASM226319v1,6,1352.2587.fna,GCF_002263195.1_ASM226319v1_genomic.fna,3154434,3154434,1352.2587.fna_vs_GCF_002263195.1_ASM226319v1_genomic.fna_blast.xml,0,0,0,0,0,0,0,0,3154434,0,0,0,0,0,0,1352_subject_array_1739682401.bin
50439,1352,AA620,1352.14020,6,https://ftp.ncbi.nlm.nih.gov/genomes/all/GCF/019/977/495/GCF_019977495.1_ASM1997749v1,6,1352.14020.fna,GCF_019977495.1_ASM1997749v1_genomic.fna,3176213,3176213,1352.14020.fna_vs_GCF_019977495.1_ASM1997749v1_genomic.fna_blast.xml,0,0,0,0,0,0,0,0,3176213,0,0,0,0,0,0,1352_subject_array_1739682404.bin
50441,1352,AA708,1352.8574,6,https://ftp.ncbi.nlm.nih.gov/genomes/all/GCF/008/974/665/GCF_008974665.2_ASM897466v2,6,1352.8574.fna,GCF_008974665.2_ASM897466v2_genomic.fna,3199282,3199282,1352.8574.fna_vs_GCF_008974665.2_ASM897466v2_genomic.fna_blast.xml,0,0,0,0,0,0,0,0,3199282,0,0,0,0,0,0,1352_subject_array_1739682407.bin
50538,1352,AUSMDU00004055,1352.3597,6,https://ftp.ncbi.nlm.nih.gov/genomes/all/GCF/003/020/705/GCF_003020705.1_ASM302070v1,6,1352.3597.fna,GCF_003020705.1_ASM302070v1_genomic.fna,3177207,3177207,1352.3597.fna_vs_GCF_003020705.1_ASM302070v1_genomic.fna_blast.xml,0,0,0,0,0,0,0,0,3177207,0,0,0,0,0,0,1352_subject_array_1739682410.bin
50551,1352,AUSMDU00022387,1352.12706,6,https://ftp.ncbi.nlm.nih.gov/genomes/all/GCF/018/070/705/GCF_018070705.1_ASM1807070v1,6,1352.12706.fna,GCF_018070705.1_ASM1807070v1_genomic.fna,3063964,3063964,1352.12706.fna_vs_GCF_018070705.1_ASM1807070v1_genomic.fna_blast.xml,0,0,0,0,0,0,0,0,3063964,0,0,0,0,0,0,1352_subject_array_1739682413.bin
51020,1352,DRD-5,1352.14570,6,https://ftp.ncbi.nlm.nih.gov/genomes/all/GCF/023/743/655/GCF_023743655.1_ASM2374365v1,6,1352.14570.fna,GCF_023743655.1_ASM2374365v1_genomic.fna,2752825,2752825,1352.14570.fna_vs_GCF_023743655.1_ASM2374365v1_genomic.fna_blast.xml,0,0,0,0,0,0,0,2684,2750139,0,0,0,2,0,0,1352_subject_array_1739682416.bin
51046,1352,Dallas 121,1352.12325,6,https://ftp.ncbi.nlm.nih.gov/genomes/all/GCF/016/404/975/GCF_016404975.1_ASM1640497v1,6,1352.12325.fna,GCF_016404975.1_ASM1640497v1_genomic.fna,3075168,3075168,1352.12325.fna_vs_GCF_016404975.1_ASM1640497v1_genomic.fna_blast.xml,0,0,0,0,0,0,0,0,3075168,0,0,0,0,0,0,1352_subject_array_1739682419.bin
51054,1352,Dallas 154_1,1352.12359,6,https://ftp.ncbi.nlm.nih.gov/genomes/all/GCF/016/415/545/GCF_016415545.1_ASM1641554v1,6,1352.12359.fna,GCF_016415545.1_ASM1641554v1_genomic.fna,2994328,2994328,1352.12359.fna_vs_GCF_016415545.1_ASM1641554v1_genomic.fna_blast.xml,0,0,0,0,0,0,0,0,2994328,0,0,0,0,0,0,1352_subject_array_1739682422.bin
51056,1352,Dallas 158,1352.12360,6,https://ftp.ncbi.nlm.nih.gov/genomes/all/GCF/016/415/565/GCF_016415565.1_ASM1641556v1,6,1352.12360.fna,GCF_016415565.1_ASM1641556v1_genomic.fna,3006060,3006060,1352.12360.fna_vs_GCF_016415565.1_ASM1641556v1_genomic.fna_blast.xml,0,0,0,0,0,0,0,0,3006060,0,0,0,0,0,0,1352_subject_array_1739682425.bin
51070,1352,Dallas 53_1,1352.12334,6,https://ftp.ncbi.nlm.nih.gov/genomes/all/GCF/016/406/365/GCF_016406365.1_ASM1640636v1,6,1352.12334.fna,GCF_016406365.1_ASM1640636v1_genomic.fna,3183862,3183862,1352.12334.fna_vs_GCF_016406365.1_ASM1640636v1_genomic.fna_blast.xml,0,0,0,0,0,0,0,0,3183862,0,0,0,0,0,0,1352_subject_array_1739682436.bin
51071,1352,Dallas 53_2,1352.12343,6,https://ftp.ncbi.nlm.nih.gov/genomes/all/GCF/016/406/545/GCF_016406545.1_ASM1640654v1,6,1352.12343.fna,GCF_016406545.1_ASM1640654v1_genomic.fna,3187114,3187114,1352.12343.fna_vs_GCF_016406545.1_ASM1640654v1_genomic.fna_blast.xml,0,0,0,0,0,0,0,0,3187114,0,0,0,0,0,0,1352_subject_array_1739682439.bin
51072,1352,Dallas 55,1352.12335,6,https://ftp.ncbi.nlm.nih.gov/genomes/all/GCF/016/406/385/GCF_016406385.1_ASM1640638v1,6,1352.12335.fna,GCF_016406385.1_ASM1640638v1_genomic.fna,3188009,3188009,1352.12335.fna_vs_GCF_016406385.1_ASM1640638v1_genomic.fna_blast.xml,0,0,0,0,0,0,0,0,3188009,0,0,0,0,0,0,1352_subject_array_1739682443.bin
51077,1352,Dallas 83,1352.12338,6,https://ftp.ncbi.nlm.nih.gov/genomes/all/GCF/016/406/425/GCF_016406425.1_ASM1640642v1,6,1352.12338.fna,GCF_016406425.1_ASM1640642v1_genomic.fna,3144832,3144832,1352.12338.fna_vs_GCF_016406425.1_ASM1640642v1_genomic.fna_blast.xml,0,0,0,0,0,0,0,0,3144831,0,1,0,0,0,0,1352_subject_array_1739682446.bin
51082,1352,Dallas 93_3,1352.12346,6,https://ftp.ncbi.nlm.nih.gov/genomes/all/GCF/016/406/585/GCF_016406585.1_ASM1640658v1,6,1352.12346.fna,GCF_016406585.1_ASM1640658v1_genomic.fna,3170316,3170316,1352.12346.fna_vs_GCF_016406585.1_ASM1640658v1_genomic.fna_blast.xml,0,0,0,0,0,0,0,0,3170315,0,0,1,0,0,0,1352_subject_array_1739682449.bin
51107,1352,E39,1352.890,6,https://ftp.ncbi.nlm.nih.gov/genomes/all/GCF/001/635/875/GCF_001635875.1_ASM163587v1,6,1352.890.fna,GCF_001635875.1_ASM163587v1_genomic.fna,3108034,3108034,1352.890.fna_vs_GCF_001635875.1_ASM163587v1_genomic.fna_blast.xml,0,0,0,0,0,0,0,0,3108034,0,0,0,0,0,0,1352_subject_array_1739682452.bin
51426,1352,FDAARGOS_397,1352.2705,6,https://ftp.ncbi.nlm.nih.gov/genomes/all/GCF/002/554/355/GCF_002554355.1_ASM255435v1,6,1352.2705.fna,GCF_002554355.1_ASM255435v1_genomic.fna,3192195,3192195,1352.2705.fna_vs_GCF_002554355.1_ASM255435v1_genomic.fna_blast.xml,0,0,0,0,0,0,0,0,3192195,0,0,0,0,0,0,1352_subject_array_1739682454.bin
51464,1352,GK941,1352.14889,6,https://ftp.ncbi.nlm.nih.gov/genomes/all/GCF/026/073/735/GCF_026073735.1_ASM2607373v1,6,1352.14889.fna,GCF_026073735.1_ASM2607373v1_genomic.fna,3143489,3143489,1352.14889.fna_vs_GCF_026073735.1_ASM2607373v1_genomic.fna_blast.xml,0,0,0,0,0,0,0,0,3143489,0,0,0,0,0,0,1352_subject_array_1739682458.bin
51531,1352,HOU503,1352.8077,6,https://ftp.ncbi.nlm.nih.gov/genomes/all/GCF/005/952/885/GCF_005952885.1_ASM595288v1,6,1352.8077.fna,GCF_005952885.1_ASM595288v1_genomic.fna,3002553,3002553,1352.8077.fna_vs_GCF_005952885.1_ASM595288v1_genomic.fna_blast.xml,0,0,0,0,0,0,0,0,3002553,0,0,0,0,0,0,1352_subject_array_1739682461.bin
51621,1352,ISMMS_VRE_1,1352.1708,6,https://ftp.ncbi.nlm.nih.gov/genomes/all/GCF/001/720/945/GCF_001720945.1_ASM172094v1,6,1352.1708.fna,GCF_001720945.1_ASM172094v1_genomic.fna,3259287,3259287,1352.1708.fna_vs_GCF_001720945.1_ASM172094v1_genomic.fna_blast.xml,0,0,0,0,0,0,0,0,3259287,0,0,0,0,0,0,1352_subject_array_1739682464.bin
51628,1352,ISMMS_VRE_5,1352.1712,6,https://ftp.ncbi.nlm.nih.gov/genomes/all/GCF/001/721/025/GCF_001721025.1_ASM172102v1,6,1352.1712.fna,GCF_001721025.1_ASM172102v1_genomic.fna,3161146,3161146,1352.1712.fna_vs_GCF_001721025.1_ASM172102v1_genomic.fna_blast.xml,0,0,0,0,0,0,4,2127,3158352,0,0,0,663,0,0,1352_subject_array_1739682468.bin
51631,1352,ISMMS_VRE_8,1352.1714,6,https://ftp.ncbi.nlm.nih.gov/genomes/all/GCF/001/721/085/GCF_001721085.1_ASM172108v1,6,1352.1714.fna,GCF_001721085.1_ASM172108v1_genomic.fna,3415428,3415428,1352.1714.fna_vs_GCF_001721085.1_ASM172108v1_genomic.fna_blast.xml,0,0,0,0,0,0,0,163,3415076,0,0,0,187,0,2,1352_subject_array_1739682471.bin
51760,1352,M1,1352.14616,6,https://ftp.ncbi.nlm.nih.gov/genomes/all/GCF/024/296/645/GCF_024296645.1_ASM2429664v1,6,1352.14616.fna,GCF_024296645.1_ASM2429664v1_genomic.fna,2905275,2905275,1352.14616.fna_vs_GCF_024296645.1_ASM2429664v1_genomic.fna_blast.xml,0,0,0,0,0,0,0,0,2905275,0,0,0,0,0,0,1352_subject_array_1739682474.bin
51822,1352,NM213,1352.7952,6,https://ftp.ncbi.nlm.nih.gov/genomes/all/GCF/005/166/365/GCF_005166365.1_ASM516636v1,6,1352.7952.fna,GCF_005166365.1_ASM516636v1_genomic.fna,2857122,2857122,1352.7952.fna_vs_GCF_005166365.1_ASM516636v1_genomic.fna_blast.xml,0,0,0,0,0,0,0,0,2857122,0,0,0,0,0,0,1352_subject_array_1739682476.bin
51823,1352,NMVRE-001,1352.14140,6,https://ftp.ncbi.nlm.nih.gov/genomes/all/GCF/021/228/615/GCF_021228615.1_ASM2122861v1,6,1352.14140.fna,GCF_021228615.1_ASM2122861v1_genomic.fna,3173447,3173447,1352.14140.fna_vs_GCF_021228615.1_ASM2122861v1_genomic.fna_blast.xml,0,0,0,0,0,0,0,0,3173447,0,0,0,0,0,0,1352_subject_array_1739682480.bin
51859,1352,NY11066,1352.14406,6,https://ftp.ncbi.nlm.nih.gov/genomes/all/GCF/022/699/565/GCF_022699565.1_ASM2269956v1,6,1352.14406.fna,GCF_022699565.1_ASM2269956v1_genomic.fna,3196492,3196492,1352.14406.fna_vs_GCF_022699565.1_ASM2269956v1_genomic.fna_blast.xml,0,0,0,0,0,0,0,0,3196492,0,0,0,0,0,0,1352_subject_array_1739682484.bin
51862,1352,NY2032,1352.14404,6,https://ftp.ncbi.nlm.nih.gov/genomes/all/GCF/022/699/225/GCF_022699225.1_ASM2269922v1,6,1352.14404.fna,GCF_022699225.1_ASM2269922v1_genomic.fna,3131413,3131413,1352.14404.fna_vs_GCF_022699225.1_ASM2269922v1_genomic.fna_blast.xml,0,0,0,0,0,0,0,0,3131413,0,0,0,0,0,0,1352_subject_array_1739682487.bin
52339,1352,UAMSEF_01,1352.8073,6,https://ftp.ncbi.nlm.nih.gov/genomes/all/GCF/005/886/545/GCF_005886545.1_ASM588654v1,6,1352.8073.fna,GCF_005886545.1_ASM588654v1_genomic.fna,3132860,3132860,1352.8073.fna_vs_GCF_005886545.1_ASM588654v1_genomic.fna_blast.xml,0,0,0,0,0,0,0,0,3132860,0,0,0,0,0,0,1352_subject_array_1739682490.bin
52346,1352,UAMSEF_08,1352.8074,6,https://ftp.ncbi.nlm.nih.gov/genomes/all/GCF/005/886/655/GCF_005886655.1_ASM588665v1,6,1352.8074.fna,GCF_005886655.1_ASM588665v1_genomic.fna,3135868,3135868,1352.8074.fna_vs_GCF_005886655.1_ASM588665v1_genomic.fna_blast.xml,0,0,0,0,0,0,0,0,3135868,0,0,0,0,0,0,1352_subject_array_1739682493.bin
52347,1352,UAMSEF_09,1352.8075,6,https://ftp.ncbi.nlm.nih.gov/genomes/all/GCF/005/886/715/GCF_005886715.1_ASM588671v1,6,1352.8075.fna,GCF_005886715.1_ASM588671v1_genomic.fna,3302085,3302085,1352.8075.fna_vs_GCF_005886715.1_ASM588671v1_genomic.fna_blast.xml,0,0,0,0,0,0,0,0,3302085,0,0,0,0,0,0,1352_subject_array_1739682497.bin
52401,1352,UAMS_EF57,1352.14400,6,https://ftp.ncbi.nlm.nih.gov/genomes/all/GCF/022/647/945/GCF_022647945.1_ASM2264794v1,6,1352.14400.fna,GCF_022647945.1_ASM2264794v1_genomic.fna,3230151,3230151,1352.14400.fna_vs_GCF_022647945.1_ASM2264794v1_genomic.fna_blast.xml,0,0,0,0,0,0,0,0,3230151,0,0,0,0,0,0,1352_subject_array_1739682500.bin
52402,1352,UAMS_EF58,1352.14399,6,https://ftp.ncbi.nlm.nih.gov/genomes/all/GCF/022/647/825/GCF_022647825.1_ASM2264782v1,6,1352.14399.fna,GCF_022647825.1_ASM2264782v1_genomic.fna,3222911,3222911,1352.14399.fna_vs_GCF_022647825.1_ASM2264782v1_genomic.fna_blast.xml,0,0,0,0,0,0,0,0,3222911,0,0,0,0,0,0,1352_subject_array_1739682504.bin
52454,1352,UK043,1352.14271,6,https://ftp.ncbi.nlm.nih.gov/genomes/all/GCF/021/713/095/GCF_021713095.1_ASM2171309v1,6,1352.14271.fna,GCF_021713095.1_ASM2171309v1_genomic.fna,3161047,3161047,1352.14271.fna_vs_GCF_021713095.1_ASM2171309v1_genomic.fna_blast.xml,0,0,0,0,0,0,0,0,3161047,0,0,0,0,0,0,1352_subject_array_1739682507.bin
52464,1352,VB3240,1352.8071,6,https://ftp.ncbi.nlm.nih.gov/genomes/all/GCF/005/576/735/GCF_005576735.1_ASM557673v1,6,1352.8071.fna,GCF_005576735.1_ASM557673v1_genomic.fna,3072272,3072272,1352.8071.fna_vs_GCF_005576735.1_ASM557673v1_genomic.fna_blast.xml,0,0,0,0,0,0,0,0,3072272,0,0,0,0,0,0,1352_subject_array_1739682510.bin
52506,1352,VRE,1352.8996,6,https://ftp.ncbi.nlm.nih.gov/genomes/all/GCF/009/697/285/GCF_009697285.1_ASM969728v1,6,1352.8996.fna,GCF_009697285.1_ASM969728v1_genomic.fna,3347130,3347130,1352.8996.fna_vs_GCF_009697285.1_ASM969728v1_genomic.fna_blast.xml,0,0,0,0,0,0,0,0,3347130,0,0,0,0,0,0,1352_subject_array_1739682513.bin
52797,1352,VRECG23,1352.8593,6,https://ftp.ncbi.nlm.nih.gov/genomes/all/GCF/009/184/165/GCF_009184165.1_ASM918416v1,6,1352.8593.fna,GCF_009184165.1_ASM918416v1_genomic.fna,3141511,3141511,1352.8593.fna_vs_GCF_009184165.1_ASM918416v1_genomic.fna_blast.xml,0,0,0,0,0,0,0,0,3141511,0,0,0,0,0,0,1352_subject_array_1739682516.bin
52802,1352,VRECG28,1352.8586,6,https://ftp.ncbi.nlm.nih.gov/genomes/all/GCF/009/184/035/GCF_009184035.1_ASM918403v1,6,1352.8586.fna,GCF_009184035.1_ASM918403v1_genomic.fna,3127238,3127238,1352.8586.fna_vs_GCF_009184035.1_ASM918403v1_genomic.fna_blast.xml,0,0,0,0,0,0,0,0,3127238,0,0,0,0,0,0,1352_subject_array_1739682520.bin
53148,1352928,DSM 45977,1352928.3,6,https://ftp.ncbi.nlm.nih.gov/genomes/all/GCF/031/458/135/GCF_031458135.1_ASM3145813v1,6,1352928.3.fna,GCF_031458135.1_ASM3145813v1_genomic.fna,5244944,5244944,1352928.3.fna_vs_GCF_031458135.1_ASM3145813v1_genomic.fna_blast.xml,0,0,0,0,0,0,0,0,5244944,0,0,0,0,0,0,1352928_subject_array_1739682524.bin
53262,1353,NCTC12360,1353.42,6,https://ftp.ncbi.nlm.nih.gov/genomes/all/GCF/900/461/195/GCF_900461195.1_43071_H02,6,1353.42.fna,GCF_900461195.1_43071_H02_genomic.fna,3893798,3893798,1353.42.fna_vs_GCF_900461195.1_43071_H02_genomic.fna_blast.xml,0,0,0,0,0,0,0,0,3893798,0,0,0,0,0,0,1353_subject_array_1739682527.bin
53283,1353,SKF1,1353.5,6,https://ftp.ncbi.nlm.nih.gov/genomes/all/GCF/000/703/185/GCF_000703185.1_ASM70318v1,6,1353.5.fna,GCF_000703185.1_ASM70318v1_genomic.fna,3475102,3475102,1353.5.fna_vs_GCF_000703185.1_ASM70318v1_genomic.fna_blast.xml,0,0,0,0,0,0,0,0,3475102,0,0,0,0,0,0,1353_subject_array_1739682530.bin
53312,1353262,60AY4M2,1353262.4,6,https://ftp.ncbi.nlm.nih.gov/genomes/all/GCF/002/760/375/GCF_002760375.1_ASM276037v1,6,1353262.4.fna,GCF_002760375.1_ASM276037v1_genomic.fna,3162818,3162818,1353262.4.fna_vs_GCF_002760375.1_ASM276037v1_genomic.fna_blast.xml,0,0,0,1,0,0,0,317661,2845099,0,0,2,55,0,0,1353262_subject_array_1739682533.bin
53314,1353264,65AY640,1353264.4,6,https://ftp.ncbi.nlm.nih.gov/genomes/all/GCF/002/760/445/GCF_002760445.1_ASM276044v1,6,1353264.4.fna,GCF_002760445.1_ASM276044v1_genomic.fna,3161008,3161008,1353264.4.fna_vs_GCF_002760445.1_ASM276044v1_genomic.fna_blast.xml,0,0,0,0,0,0,0,360801,2800083,0,0,4,119,0,1,1353264_subject_array_1739682535.bin
53345,1353941,HITLi 7,1353941.3,6,https://ftp.ncbi.nlm.nih.gov/genomes/all/GCF/000/816/495/GCF_000816495.1_ASM81649v1,6,1353941.3.fna,GCF_000816495.1_ASM81649v1_genomic.fna,2899785,2899785,1353941.3.fna_vs_GCF_000816495.1_ASM81649v1_genomic.fna_blast.xml,0,0,0,0,0,0,0,43940,2855845,0,0,0,0,0,0,1353941_subject_array_1739682538.bin
53514,1354,DSM 20160,1354.533,6,https://ftp.ncbi.nlm.nih.gov/genomes/all/GCF/029/814/255/GCF_029814255.1_ASM2981425v1,6,1354.533.fna,GCF_029814255.1_ASM2981425v1_genomic.fna,2943991,2943991,1354.533.fna_vs_GCF_029814255.1_ASM2981425v1_genomic.fna_blast.xml,0,0,0,0,0,0,0,0,2943991,0,0,0,0,0,0,1354_subject_array_1739682540.bin
53548,1354,HDC14-2,1354.345,6,https://ftp.ncbi.nlm.nih.gov/genomes/all/GCF/014/218/175/GCF_014218175.1_ASM1421817v1,6,1354.345.fna,GCF_014218175.1_ASM1421817v1_genomic.fna,3233855,3233855,1354.345.fna_vs_GCF_014218175.1_ASM1421817v1_genomic.fna_blast.xml,0,0,0,0,0,0,0,0,3233855,0,0,0,0,0,0,1354_subject_array_1739682543.bin
53901,1355100,JJ1886,1355100.3,6,https://ftp.ncbi.nlm.nih.gov/genomes/all/GCF/000/493/755/GCF_000493755.1_ASM49375v1,6,1355100.3.fna,GCF_000493755.1_ASM49375v1_genomic.fna,5308284,5308284,1355100.3.fna_vs_GCF_000493755.1_ASM49375v1_genomic.fna_blast.xml,0,0,0,0,0,0,0,0,5308284,0,0,0,0,0,0,1355100_subject_array_1739682547.bin
53902,1355101,JJ1887,1355101.3,6,https://ftp.ncbi.nlm.nih.gov/genomes/all/GCF/001/593/565/GCF_001593565.1_ASM159356v1,6,1355101.3.fna,GCF_001593565.1_ASM159356v1_genomic.fna,5331521,5331521,1355101.3.fna_vs_GCF_001593565.1_ASM159356v1_genomic.fna_blast.xml,0,0,0,0,0,0,1,0,5331509,0,0,11,0,0,0,1355101_subject_array_1739682552.bin
53966,1356306,PN-J185,1356306.3,6,https://ftp.ncbi.nlm.nih.gov/genomes/all/GCF/001/581/925/GCF_001581925.1_ASM158192v1,6,1356306.3.fna,GCF_001581925.1_ASM158192v1_genomic.fna,1889241,1889241,1356306.3.fna_vs_GCF_001581925.1_ASM158192v1_genomic.fna_blast.xml,0,0,0,0,0,0,0,0,1889241,0,0,0,0,0,0,1356306_subject_array_1739682553.bin
54050,1358,11/19B-1,1358.1192,6,https://ftp.ncbi.nlm.nih.gov/genomes/all/GCF/013/423/365/GCF_013423365.1_ASM1342336v1,6,1358.1192.fna,GCF_013423365.1_ASM1342336v1_genomic.fna,2513929,2513929,1358.1192.fna_vs_GCF_013423365.1_ASM1342336v1_genomic.fna_blast.xml,0,0,0,0,0,0,0,0,2513929,0,0,0,0,0,0,1358_subject_array_1739682555.bin
54167,1358,FDAARGOS_867,1358.1520,6,https://ftp.ncbi.nlm.nih.gov/genomes/all/GCF/020/221/755/GCF_020221755.1_ASM2022175v1,6,1358.1520.fna,GCF_020221755.1_ASM2022175v1_genomic.fna,2684902,2684902,1358.1520.fna_vs_GCF_020221755.1_ASM2022175v1_genomic.fna_blast.xml,0,0,0,0,0,0,0,0,2684902,0,0,0,0,0,0,1358_subject_array_1739682558.bin
54423,1359,JM3,1359.69,6,https://ftp.ncbi.nlm.nih.gov/genomes/all/GCF/002/078/935/GCF_002078935.2_ASM207893v2,6,1359.69.fna,GCF_002078935.2_ASM207893v2_genomic.fna,2639112,2655844,1359.69.fna_vs_GCF_002078935.2_ASM207893v2_genomic.fna_blast.xml,0,0,14,5,0,0,78,13948,2626165,0,64,683,14861,0,26,1359_subject_array_1739682561.bin
54450,1359,P2B7,1359.561,6,https://ftp.ncbi.nlm.nih.gov/genomes/all/GCF/036/670/585/GCF_036670585.1_ASM3667058v1,6,1359.561.fna,GCF_036670585.1_ASM3667058v1_genomic.fna,2692455,2692455,1359.561.fna_vs_GCF_036670585.1_ASM3667058v1_genomic.fna_blast.xml,0,0,0,0,0,0,0,0,2692455,0,0,0,0,0,0,1359_subject_array_1739682563.bin
54512,135948,JCM 9649,135948.6,6,https://ftp.ncbi.nlm.nih.gov/genomes/all/GCF/039/540/755/GCF_039540755.1_ASM3954075v1,6,135948.6.fna,GCF_039540755.1_ASM3954075v1_genomic.fna,10515883,10515883,135948.6.fna_vs_GCF_039540755.1_ASM3954075v1_genomic.fna_blast.xml,0,0,0,0,0,0,0,0,10515883,0,0,0,0,0,0,135948_subject_array_1739682572.bin
54520,1360,267,1360.640,6,https://ftp.ncbi.nlm.nih.gov/genomes/all/GCF/016/952/955/GCF_016952955.2_ASM1695295v2,6,1360.640.fna,GCF_016952955.2_ASM1695295v2_genomic.fna,2611387,2633293,1360.640.fna_vs_GCF_016952955.2_ASM1695295v2_genomic.fna_blast.xml,0,0,13,11,0,0,54,20591,2517354,0,157,928,94164,0,21,1360_subject_array_1739682575.bin
54560,1360,IBB109,1360.698,6,https://ftp.ncbi.nlm.nih.gov/genomes/all/GCF/023/822/185/GCF_023822185.1_ASM2382218v1,6,1360.698.fna,GCF_023822185.1_ASM2382218v1_genomic.fna,2632948,2632948,1360.698.fna_vs_GCF_023822185.1_ASM2382218v1_genomic.fna_blast.xml,0,0,0,0,0,0,0,0,2632948,0,0,0,0,0,0,1360_subject_array_1739682577.bin
54561,1360,IBB417,1360.699,6,https://ftp.ncbi.nlm.nih.gov/genomes/all/GCF/023/822/205/GCF_023822205.1_ASM2382220v1,6,1360.699.fna,GCF_023822205.1_ASM2382220v1_genomic.fna,2508716,2508716,1360.699.fna_vs_GCF_023822205.1_ASM2382220v1_genomic.fna_blast.xml,0,0,0,0,0,0,0,0,2508716,0,0,0,0,0,0,1360_subject_array_1739682579.bin
54618,1360,UC063,1360.189,6,https://ftp.ncbi.nlm.nih.gov/genomes/all/GCF/002/078/495/GCF_002078495.2_ASM207849v2,6,1360.189.fna,GCF_002078495.2_ASM207849v2_genomic.fna,2542029,2536054,1360.189.fna_vs_GCF_002078495.2_ASM207849v2_genomic.fna_blast.xml,0,0,15,9,0,0,42,31,2497335,0,20,630,37949,0,23,1360_subject_array_1739682581.bin
54620,1360,UC109,1360.690,6,https://ftp.ncbi.nlm.nih.gov/genomes/all/GCF/023/611/885/GCF_023611885.1_ASM2361188v1,6,1360.690.fna,GCF_023611885.1_ASM2361188v1_genomic.fna,2536054,2536054,1360.690.fna_vs_GCF_023611885.1_ASM2361188v1_genomic.fna_blast.xml,0,0,0,0,0,0,0,0,2536054,0,0,0,0,0,0,1360_subject_array_1739682583.bin
54630,1360,WM1,1360.638,6,https://ftp.ncbi.nlm.nih.gov/genomes/all/GCF/016/920/995/GCF_016920995.2_ASM1692099v2,6,1360.638.fna,GCF_016920995.2_ASM1692099v2_genomic.fna,2636921,2637267,1360.638.fna_vs_GCF_016920995.2_ASM1692099v2_genomic.fna_blast.xml,0,0,0,0,0,0,7,4,2636800,0,354,98,4,0,0,1360_subject_array_1739682585.bin
54765,136468,10N.286.52.E12,136468.121,6,https://ftp.ncbi.nlm.nih.gov/genomes/all/GCF/020/539/555/GCF_020539555.1_ASM2053955v1,6,136468.121.fna,GCF_020539555.1_ASM2053955v1_genomic.fna,5932792,5932792,136468.121.fna_vs_GCF_020539555.1_ASM2053955v1_genomic.fna_blast.xml,0,0,0,0,0,0,0,0,5932792,0,0,0,0,0,0,136468_subject_array_1739682590.bin
54802,1365188,Es,1365188.13,6,https://ftp.ncbi.nlm.nih.gov/genomes/all/GCF/001/936/255/GCF_001936255.1_ASM193625v1,6,1365188.13.fna,GCF_001936255.1_ASM193625v1_genomic.fna,1042690,1042690,1365188.13.fna_vs_GCF_001936255.1_ASM193625v1_genomic.fna_blast.xml,0,0,0,0,0,0,2,0,1042682,0,2,4,0,0,0,1365188_subject_array_1739682591.bin
54879,1367462,CICC 10730,1367462.4,6,https://ftp.ncbi.nlm.nih.gov/genomes/all/GCF/023/656/515/GCF_023656515.1_ASM2365651v1,6,1367462.4.fna,GCF_023656515.1_ASM2365651v1_genomic.fna,4763217,4763217,1367462.4.fna_vs_GCF_023656515.1_ASM2365651v1_genomic.fna_blast.xml,0,0,0,0,0,0,0,0,4763217,0,0,0,0,0,0,1367462_subject_array_1739682594.bin
54892,1367847,JCM 7686,1367847.3,6,https://ftp.ncbi.nlm.nih.gov/genomes/all/GCF/000/444/995/GCF_000444995.1_ASM44499v1,6,1367847.3.fna,GCF_000444995.1_ASM44499v1_genomic.fna,4873118,4873118,1367847.3.fna_vs_GCF_000444995.1_ASM44499v1_genomic.fna_blast.xml,0,0,0,0,0,0,0,0,4873118,0,0,0,0,0,0,1367847_subject_array_1739682598.bin
54937,13690,YC-JY1,13690.55,6,https://ftp.ncbi.nlm.nih.gov/genomes/all/GCF/009/856/545/GCF_009856545.1_ASM985654v1,6,13690.55.fna,GCF_009856545.1_ASM985654v1_genomic.fna,5810979,5810979,13690.55.fna_vs_GCF_009856545.1_ASM985654v1_genomic.fna_blast.xml,0,0,0,0,0,0,0,0,5810979,0,0,0,0,0,0,13690_subject_array_1739682603.bin
54949,1371,Marseille-P3459,1371.5,6,https://ftp.ncbi.nlm.nih.gov/genomes/all/GCF/900/166/605/GCF_900166605.1_PRJEB19419,6,1371.5.fna,GCF_900166605.1_PRJEB19419_genomic.fna,3266249,3266249,1371.5.fna_vs_GCF_900166605.1_PRJEB19419_genomic.fna_blast.xml,0,0,0,0,0,0,0,0,3266249,0,0,0,0,0,0,1371_subject_array_1739682605.bin
55030,137591,LMG 21843,137591.360,6,https://ftp.ncbi.nlm.nih.gov/genomes/all/GCF/021/029/605/GCF_021029605.1_ASM2102960v1,6,137591.360.fna,GCF_021029605.1_ASM2102960v1_genomic.fna,2522263,2522263,137591.360.fna_vs_GCF_021029605.1_ASM2102960v1_genomic.fna_blast.xml,0,0,0,0,0,0,0,0,2522263,0,0,0,0,0,0,137591_subject_array_1739682607.bin
55228,138072,5D,138072.43,6,https://ftp.ncbi.nlm.nih.gov/genomes/all/GCF/003/122/445/GCF_003122445.1_ASM312244v1,6,138072.43.fna,GCF_003122445.1_ASM312244v1_genomic.fna,2265757,2265757,138072.43.fna_vs_GCF_003122445.1_ASM312244v1_genomic.fna_blast.xml,0,0,0,0,0,0,0,50,2265657,0,0,0,50,0,0,138072_subject_array_1739682609.bin
55332,1384065,AD2013,1384065.3,6,https://ftp.ncbi.nlm.nih.gov/genomes/all/GCF/000/526/775/GCF_000526775.1_ASM52677v1,6,1384065.3.fna,GCF_000526775.1_ASM52677v1_genomic.fna,4234989,4234989,1384065.3.fna_vs_GCF_000526775.1_ASM52677v1_genomic.fna_blast.xml,0,0,0,0,0,0,0,0,4234989,0,0,0,0,0,0,1384065_subject_array_1739682613.bin
55378,138532,LMG3648,138532.101,6,https://ftp.ncbi.nlm.nih.gov/genomes/all/GCF/024/919/435/GCF_024919435.1_ASM2491943v1,6,138532.101.fna,GCF_024919435.1_ASM2491943v1_genomic.fna,3739845,3739845,138532.101.fna_vs_GCF_024919435.1_ASM2491943v1_genomic.fna_blast.xml,0,0,0,0,0,0,0,0,3739845,0,0,0,0,0,0,138532_subject_array_1739682616.bin
55417,1385943,2L,1385943.3,6,https://ftp.ncbi.nlm.nih.gov/genomes/all/GCF/000/568/895/GCF_000568895.1_Mira_de-novo_assembly,6,1385943.3.fna,GCF_000568895.1_Mira_de-novo_assembly_genomic.fna,2240722,2240722,1385943.3.fna_vs_GCF_000568895.1_Mira_de-novo_assembly_genomic.fna_blast.xml,0,0,0,0,0,0,0,0,2240722,0,0,0,0,0,0,1385943_subject_array_1739682617.bin
55419,1385975,DSM 103725,1385975.3,6,https://ftp.ncbi.nlm.nih.gov/genomes/all/GCF/014/207/595/GCF_014207595.1_ASM1420759v1,6,1385975.3.fna,GCF_014207595.1_ASM1420759v1_genomic.fna,4170210,4170210,1385975.3.fna_vs_GCF_014207595.1_ASM1420759v1_genomic.fna_blast.xml,0,0,0,0,0,0,0,192,4170018,0,0,0,0,0,0,1385975_subject_array_1739682621.bin
56862,1392,BA750,1392.1225,6,https://ftp.ncbi.nlm.nih.gov/genomes/all/GCF/026/689/555/GCF_026689555.1_ASM2668955v1,6,1392.1225.fna,GCF_026689555.1_ASM2668955v1_genomic.fna,5416293,5416293,1392.1225.fna_vs_GCF_026689555.1_ASM2668955v1_genomic.fna_blast.xml,0,0,0,0,0,0,0,0,5416293,0,0,0,0,0,0,1392_subject_array_1739682625.bin
57313,1396,30075,1396.3183,6,https://ftp.ncbi.nlm.nih.gov/genomes/all/GCF/021/655/335/GCF_021655335.1_ASM2165533v1,6,1396.3183.fna,GCF_021655335.1_ASM2165533v1_genomic.fna,5874749,5874749,1396.3183.fna_vs_GCF_021655335.1_ASM2165533v1_genomic.fna_blast.xml,0,0,0,0,0,0,0,0,5874749,0,0,0,0,0,0,1396_subject_array_1739682629.bin
57890,1396,D8_B_42,1396.4187,6,https://ftp.ncbi.nlm.nih.gov/genomes/all/GCF/030/348/675/GCF_030348675.1_ASM3034867v1,6,1396.4187.fna,GCF_030348675.1_ASM3034867v1_genomic.fna,5744840,5744840,1396.4187.fna_vs_GCF_030348675.1_ASM3034867v1_genomic.fna_blast.xml,0,0,0,0,0,0,0,0,5744840,0,0,0,0,0,0,1396_subject_array_1739682635.bin
57981,1396,HT18,1396.2868,6,https://ftp.ncbi.nlm.nih.gov/genomes/all/GCF/019/704/155/GCF_019704155.2_ASM1970415v2,6,1396.2868.fna,GCF_019704155.2_ASM1970415v2_genomic.fna,5720643,5720643,1396.2868.fna_vs_GCF_019704155.2_ASM1970415v2_genomic.fna_blast.xml,0,0,0,0,0,0,0,0,387228,0,0,0,5333415,0,0,1396_subject_array_1739682640.bin
58018,1396,J1,1396.3171,6,https://ftp.ncbi.nlm.nih.gov/genomes/all/GCF/021/655/035/GCF_021655035.1_ASM2165503v1,6,1396.3171.fna,GCF_021655035.1_ASM2165503v1_genomic.fna,5736485,5736485,1396.3171.fna_vs_GCF_021655035.1_ASM2165503v1_genomic.fna_blast.xml,0,0,0,0,0,0,0,0,5736485,0,0,0,0,0,0,1396_subject_array_1739682644.bin
58019,1396,J10,1396.3174,6,https://ftp.ncbi.nlm.nih.gov/genomes/all/GCF/021/655/155/GCF_021655155.1_ASM2165515v1,6,1396.3174.fna,GCF_021655155.1_ASM2165515v1_genomic.fna,5713467,5713467,1396.3174.fna_vs_GCF_021655155.1_ASM2165515v1_genomic.fna_blast.xml,0,0,0,0,0,0,0,0,5713467,0,0,0,0,0,0,1396_subject_array_1739682649.bin
58023,1396,J62,1396.3177,6,https://ftp.ncbi.nlm.nih.gov/genomes/all/GCF/021/655/215/GCF_021655215.1_ASM2165521v1,6,1396.3177.fna,GCF_021655215.1_ASM2165521v1_genomic.fna,5808629,5808629,1396.3177.fna_vs_GCF_021655215.1_ASM2165521v1_genomic.fna_blast.xml,0,0,0,0,0,0,0,0,5808629,0,0,0,0,0,0,1396_subject_array_1739682654.bin
58053,1396,MO2,1396.4276,6,https://ftp.ncbi.nlm.nih.gov/genomes/all/GCF/031/216/075/GCF_031216075.1_ASM3121607v1,6,1396.4276.fna,GCF_031216075.1_ASM3121607v1_genomic.fna,5765658,5765658,1396.4276.fna_vs_GCF_031216075.1_ASM3121607v1_genomic.fna_blast.xml,0,0,0,0,0,0,0,0,5765658,0,0,0,0,0,0,1396_subject_array_1739682659.bin
58095,1396,MRY14-0105,1396.3170,6,https://ftp.ncbi.nlm.nih.gov/genomes/all/GCF/021/655/015/GCF_021655015.1_ASM2165501v1,6,1396.3170.fna,GCF_021655015.1_ASM2165501v1_genomic.fna,5700373,5700373,1396.3170.fna_vs_GCF_021655015.1_ASM2165501v1_genomic.fna_blast.xml,0,0,0,0,0,0,0,0,5700373,0,0,0,0,0,0,1396_subject_array_1739682663.bin
58272,1396,Z4,1396.4205,6,https://ftp.ncbi.nlm.nih.gov/genomes/all/GCF/030/517/775/GCF_030517775.1_ASM3051777v1,6,1396.4205.fna,GCF_030517775.1_ASM3051777v1_genomic.fna,5664309,5664309,1396.4205.fna_vs_GCF_030517775.1_ASM3051777v1_genomic.fna_blast.xml,0,0,0,0,0,0,0,0,5664309,0,0,0,0,0,0,1396_subject_array_1739682668.bin
58296,1396826,M602,1396826.37,6,https://ftp.ncbi.nlm.nih.gov/genomes/all/GCF/025/139/345/GCF_025139345.1_ASM2513934v1,6,1396826.37.fna,GCF_025139345.1_ASM2513934v1_genomic.fna,4443538,4443538,1396826.37.fna_vs_GCF_025139345.1_ASM2513934v1_genomic.fna_blast.xml,0,0,0,0,0,0,0,0,4443538,0,0,0,0,0,0,1396826_subject_array_1739682671.bin
58363,1397856,TKK_02_0006,1397856.3,6,https://ftp.ncbi.nlm.nih.gov/genomes/all/GCF/000/671/835/GCF_000671835.1_Myco_tube_TKK_02_0006_V1,6,1397856.3.fna,GCF_000671835.1_Myco_tube_TKK_02_0006_V1_genomic.fna,4402343,4407969,1397856.3.fna_vs_GCF_000671835.1_Myco_tube_TKK_02_0006_V1_genomic.fna_blast.xml,0,0,0,0,0,0,0,5567,4402399,0,0,3,0,0,0,1397856_subject_array_1739682675.bin
58366,1397859,TKK_02_0014,1397859.3,6,https://ftp.ncbi.nlm.nih.gov/genomes/all/GCF/000/671/895/GCF_000671895.1_Myco_tube_TKK_02_0014_V1,6,1397859.3.fna,GCF_000671895.1_Myco_tube_TKK_02_0014_V1_genomic.fna,4404534,4405034,1397859.3.fna_vs_GCF_000671895.1_Myco_tube_TKK_02_0014_V1_genomic.fna_blast.xml,0,0,0,0,0,0,0,418,4404610,0,2,3,1,0,0,1397859_subject_array_1739682678.bin
58377,1397871,TKK_02_0033,1397871.3,6,https://ftp.ncbi.nlm.nih.gov/genomes/all/GCF/000/672/115/GCF_000672115.1_Myco_tube_TKK_02_0033_V1,6,1397871.3.fna,GCF_000672115.1_Myco_tube_TKK_02_0033_V1_genomic.fna,4397097,4406067,1397871.3.fna_vs_GCF_000672115.1_Myco_tube_TKK_02_0033_V1_genomic.fna_blast.xml,0,0,0,0,0,0,0,8942,4397123,0,0,2,0,0,0,1397871_subject_array_1739682682.bin
58427,1397922,TKK_04_0048,1397922.3,6,https://ftp.ncbi.nlm.nih.gov/genomes/all/GCF/000/673/115/GCF_000673115.1_Myco_tube_TKK_04_0048_V1,6,1397922.3.fna,GCF_000673115.1_Myco_tube_TKK_04_0048_V1_genomic.fna,4397502,4398215,1397922.3.fna_vs_GCF_000673115.1_Myco_tube_TKK_04_0048_V1_genomic.fna_blast.xml,0,0,0,0,0,0,0,698,4397517,0,0,0,0,0,0,1397922_subject_array_1739682685.bin
58909,1401651,PTSU,1401651.3,6,https://ftp.ncbi.nlm.nih.gov/genomes/all/GCF/000/817/295/GCF_000817295.2_ASM81729v2,6,1401651.3.fna,GCF_000817295.2_ASM81729v2_genomic.fna,581916,581916,1401651.3.fna_vs_GCF_000817295.2_ASM81729v2_genomic.fna_blast.xml,0,0,0,0,0,0,0,1337,579598,0,0,0,981,0,0,1401651_subject_array_1739682686.bin
59926,1404,DSM 1804,1404.577,6,https://ftp.ncbi.nlm.nih.gov/genomes/all/GCF/029/537/115/GCF_029537115.1_ASM2953711v1,6,1404.577.fna,GCF_029537115.1_ASM2953711v1_genomic.fna,5312597,5312597,1404.577.fna_vs_GCF_029537115.1_ASM2953711v1_genomic.fna_blast.xml,0,0,0,0,0,0,0,0,5312597,0,0,0,0,0,0,1404_subject_array_1739682690.bin
60016,1404,KNU-01,1404.227,6,https://ftp.ncbi.nlm.nih.gov/genomes/all/GCF/006/385/935/GCF_006385935.1_ASM638593v1,6,1404.227.fna,GCF_006385935.1_ASM638593v1_genomic.fna,5712573,5712573,1404.227.fna_vs_GCF_006385935.1_ASM638593v1_genomic.fna_blast.xml,0,0,0,0,0,0,0,0,5712573,0,0,0,0,0,0,1404_subject_array_1739682695.bin
60081,1404,SR7,1404.189,6,https://ftp.ncbi.nlm.nih.gov/genomes/all/GCF/003/351/965/GCF_003351965.1_ASM335196v1,6,1404.189.fna,GCF_003351965.1_ASM335196v1_genomic.fna,5509191,5509191,1404.189.fna_vs_GCF_003351965.1_ASM335196v1_genomic.fna_blast.xml,0,0,0,0,0,0,0,0,5509191,0,0,0,0,0,0,1404_subject_array_1739682700.bin
60082,1404,SRCM116369,1404.497,6,https://ftp.ncbi.nlm.nih.gov/genomes/all/GCF/025/630/935/GCF_025630935.1_ASM2563093v1,6,1404.497.fna,GCF_025630935.1_ASM2563093v1_genomic.fna,5360715,5360715,1404.497.fna_vs_GCF_025630935.1_ASM2563093v1_genomic.fna_blast.xml,0,0,0,0,0,0,0,0,5360715,0,0,0,0,0,0,1404_subject_array_1739682705.bin
60083,1404,SRCM116663,1404.498,6,https://ftp.ncbi.nlm.nih.gov/genomes/all/GCF/025/630/895/GCF_025630895.1_ASM2563089v1,6,1404.498.fna,GCF_025630895.1_ASM2563089v1_genomic.fna,5463761,5463761,1404.498.fna_vs_GCF_025630895.1_ASM2563089v1_genomic.fna_blast.xml,0,0,0,0,0,0,0,0,5463761,0,0,0,0,0,0,1404_subject_array_1739682709.bin
60177,1405,BPN121,1405.236,6,https://ftp.ncbi.nlm.nih.gov/genomes/all/GCF/018/739/305/GCF_018739305.1_ASM1873930v1,6,1405.236.fna,GCF_018739305.1_ASM1873930v1_genomic.fna,5751434,5751434,1405.236.fna_vs_GCF_018739305.1_ASM1873930v1_genomic.fna_blast.xml,0,0,0,0,0,0,0,0,5751434,0,0,0,0,0,0,1405_subject_array_1739682714.bin
60186,1405,BPN51/1,1405.244,6,https://ftp.ncbi.nlm.nih.gov/genomes/all/GCF/018/739/625/GCF_018739625.1_ASM1873962v1,6,1405.244.fna,GCF_018739625.1_ASM1873962v1_genomic.fna,5779348,5779348,1405.244.fna_vs_GCF_018739625.1_ASM1873962v1_genomic.fna_blast.xml,0,0,0,0,0,0,0,0,5779348,0,0,0,0,0,0,1405_subject_array_1739682719.bin
60189,1405,BPN57/2,1405.247,6,https://ftp.ncbi.nlm.nih.gov/genomes/all/GCF/018/739/685/GCF_018739685.1_ASM1873968v1,6,1405.247.fna,GCF_018739685.1_ASM1873968v1_genomic.fna,5554158,5554158,1405.247.fna_vs_GCF_018739685.1_ASM1873968v1_genomic.fna_blast.xml,0,0,0,0,0,0,0,0,5554158,0,0,0,0,0,0,1405_subject_array_1739682725.bin
60192,1405,BPN601,1405.251,6,https://ftp.ncbi.nlm.nih.gov/genomes/all/GCF/018/741/085/GCF_018741085.1_ASM1874108v1,6,1405.251.fna,GCF_018741085.1_ASM1874108v1_genomic.fna,5753119,5753119,1405.251.fna_vs_GCF_018741085.1_ASM1874108v1_genomic.fna_blast.xml,0,0,0,0,0,0,0,0,5753119,0,0,0,0,0,0,1405_subject_array_1739682729.bin
60238,1405,JAS06/3,1405.253,6,https://ftp.ncbi.nlm.nih.gov/genomes/all/GCF/018/741/165/GCF_018741165.1_ASM1874116v1,6,1405.253.fna,GCF_018741165.1_ASM1874116v1_genomic.fna,5865739,5865739,1405.253.fna_vs_GCF_018741165.1_ASM1874116v1_genomic.fna_blast.xml,0,0,0,0,0,0,0,0,5865739,0,0,0,0,0,0,1405_subject_array_1739682735.bin
60244,1405,JAS481,1405.258,6,https://ftp.ncbi.nlm.nih.gov/genomes/all/GCF/018/741/645/GCF_018741645.1_ASM1874164v1,6,1405.258.fna,GCF_018741645.1_ASM1874164v1_genomic.fna,6014015,6014015,1405.258.fna_vs_GCF_018741645.1_ASM1874164v1_genomic.fna_blast.xml,0,0,0,0,0,0,0,0,6014015,0,0,0,0,0,0,1405_subject_array_1739682740.bin
60250,1405,LX30,1405.276,6,https://ftp.ncbi.nlm.nih.gov/genomes/all/GCF/022/532/085/GCF_022532085.1_ASM2253208v1,6,1405.276.fna,GCF_022532085.1_ASM2253208v1_genomic.fna,6002587,6002587,1405.276.fna_vs_GCF_022532085.1_ASM2253208v1_genomic.fna_blast.xml,0,0,0,0,0,0,0,0,6002587,0,0,0,0,0,0,1405_subject_array_1739682745.bin
60256,1405,N4/130,1405.280,6,https://ftp.ncbi.nlm.nih.gov/genomes/all/GCF/022/814/785/GCF_022814785.1_ASM2281478v1,6,1405.280.fna,GCF_022814785.1_ASM2281478v1_genomic.fna,5877336,5877336,1405.280.fna_vs_GCF_022814785.1_ASM2281478v1_genomic.fna_blast.xml,0,0,0,0,0,0,0,0,5877336,0,0,0,0,0,0,1405_subject_array_1739682750.bin
60272,1405,SIN3.1,1405.319,6,https://ftp.ncbi.nlm.nih.gov/genomes/all/GCF/030/292/115/GCF_030292115.1_ASM3029211v1,6,1405.319.fna,GCF_030292115.1_ASM3029211v1_genomic.fna,6137878,6137878,1405.319.fna_vs_GCF_030292115.1_ASM3029211v1_genomic.fna_blast.xml,0,0,0,0,0,0,0,0,6137878,0,0,0,0,0,0,1405_subject_array_1739682755.bin
60738,1408467,ATCC 25960,1408467.3,6,https://ftp.ncbi.nlm.nih.gov/genomes/all/GCF/000/685/905/GCF_000685905.1_ASM68590v1,6,1408467.3.fna,GCF_000685905.1_ASM68590v1_genomic.fna,839829,839829,1408467.3.fna_vs_GCF_000685905.1_ASM68590v1_genomic.fna_blast.xml,0,0,0,0,0,0,0,0,839829,0,0,0,0,0,0,1408467_subject_array_1739682756.bin
61184,1409725,FVRH6138,1409725.3,6,https://ftp.ncbi.nlm.nih.gov/genomes/all/GCF/000/536/635/GCF_000536635.1_Stap_aure_FVRH6138_V1,6,1409725.3.fna,GCF_000536635.1_Stap_aure_FVRH6138_V1_genomic.fna,2874627,2874627,1409725.3.fna_vs_GCF_000536635.1_Stap_aure_FVRH6138_V1_genomic.fna_blast.xml,0,0,0,0,0,0,0,0,2874627,0,0,0,0,0,0,1409725_subject_array_1739682758.bin
61359,1410734,H60145,1410734.3,6,https://ftp.ncbi.nlm.nih.gov/genomes/all/GCF/000/560/005/GCF_000560005.1_Stap_aure_H60145_V1,6,1410734.3.fna,GCF_000560005.1_Stap_aure_H60145_V1_genomic.fna,2872892,2873656,1410734.3.fna_vs_GCF_000560005.1_Stap_aure_H60145_V1_genomic.fna_blast.xml,0,0,0,0,0,0,0,763,2872893,0,0,0,0,0,0,1410734_subject_array_1739682761.bin
61370,1410745,F90608,1410745.3,6,https://ftp.ncbi.nlm.nih.gov/genomes/all/GCF/000/560/185/GCF_000560185.1_Stap_aure_F90608_V1,6,1410745.3.fna,GCF_000560185.1_Stap_aure_F90608_V1_genomic.fna,2873038,2873851,1410745.3.fna_vs_GCF_000560185.1_Stap_aure_F90608_V1_genomic.fna_blast.xml,0,0,0,0,0,0,0,808,2873040,0,0,0,3,0,0,1410745_subject_array_1739682763.bin
61398,1410773,F43676,1410773.3,6,https://ftp.ncbi.nlm.nih.gov/genomes/all/GCF/000/560/685/GCF_000560685.1_Stap_aure_F43676_V1,6,1410773.3.fna,GCF_000560685.1_Stap_aure_F43676_V1_genomic.fna,2874385,2875940,1410773.3.fna_vs_GCF_000560685.1_Stap_aure_F43676_V1_genomic.fna_blast.xml,0,0,0,0,0,0,0,1546,2874393,0,0,0,1,0,0,1410773_subject_array_1739682765.bin
61400,1410775,W33796,1410775.3,6,https://ftp.ncbi.nlm.nih.gov/genomes/all/GCF/000/560/725/GCF_000560725.1_Stap_aure_W33796_V1,6,1410775.3.fna,GCF_000560725.1_Stap_aure_W33796_V1_genomic.fna,2875400,2875800,1410775.3.fna_vs_GCF_000560725.1_Stap_aure_W33796_V1_genomic.fna_blast.xml,0,0,0,0,0,0,0,361,2875436,0,0,3,0,0,0,1410775_subject_array_1739682768.bin
61479,1410854,T87526,1410854.3,6,https://ftp.ncbi.nlm.nih.gov/genomes/all/GCF/000/562/145/GCF_000562145.1_Stap_aure_T87526_V1,6,1410854.3.fna,GCF_000562145.1_Stap_aure_T87526_V1_genomic.fna,2866349,2867276,1410854.3.fna_vs_GCF_000562145.1_Stap_aure_T87526_V1_genomic.fna_blast.xml,0,0,0,0,0,0,0,885,2866370,0,0,1,20,0,0,1410854_subject_array_1739682770.bin
61591,1411528,H31290,1411528.3,6,https://ftp.ncbi.nlm.nih.gov/genomes/all/GCF/000/563/355/GCF_000563355.1_Stap_aure_H31290_V1,6,1411528.3.fna,GCF_000563355.1_Stap_aure_H31290_V1_genomic.fna,2871031,2871559,1411528.3.fna_vs_GCF_000563355.1_Stap_aure_H31290_V1_genomic.fna_blast.xml,0,0,0,0,0,0,0,477,2871077,0,0,5,0,0,0,1411528_subject_array_1739682772.bin
61688,1412627,F23336,1412627.3,6,https://ftp.ncbi.nlm.nih.gov/genomes/all/GCF/000/594/465/GCF_000594465.1_Stap_aure_F23336_V1,6,1412627.3.fna,GCF_000594465.1_Stap_aure_F23336_V1_genomic.fna,2829097,2829097,1412627.3.fna_vs_GCF_000594465.1_Stap_aure_F23336_V1_genomic.fna_blast.xml,0,0,0,0,0,0,0,0,2829097,0,0,0,0,0,0,1412627_subject_array_1739682775.bin
62304,1416776,DSM 27617,1416776.4,6,https://ftp.ncbi.nlm.nih.gov/genomes/all/GCF/002/797/535/GCF_002797535.1_ASM279753v1,6,1416776.4.fna,GCF_002797535.1_ASM279753v1_genomic.fna,4113083,4113083,1416776.4.fna_vs_GCF_002797535.1_ASM279753v1_genomic.fna_blast.xml,0,0,0,0,0,0,0,0,4113083,0,0,0,0,0,0,1416776_subject_array_1739682778.bin
62566,1418244,BWH058,1418244.3,6,https://ftp.ncbi.nlm.nih.gov/genomes/all/GCF/000/629/425/GCF_000629425.1_Pseu_aeru_BWH058_V1,6,1418244.3.fna,GCF_000629425.1_Pseu_aeru_BWH058_V1_genomic.fna,6698783,6698883,1418244.3.fna_vs_GCF_000629425.1_Pseu_aeru_BWH058_V1_genomic.fna_blast.xml,0,0,0,0,0,0,0,97,6698786,0,0,0,0,0,0,1418244_subject_array_1739682783.bin
62789,1420851,WF1,1420851.6,6,https://ftp.ncbi.nlm.nih.gov/genomes/all/GCF/002/072/955/GCF_002072955.1_ASM207295v1,6,1420851.6.fna,GCF_002072955.1_ASM207295v1_genomic.fna,4290526,4290526,1420851.6.fna_vs_GCF_002072955.1_ASM207295v1_genomic.fna_blast.xml,0,0,0,0,0,0,0,0,4290526,0,0,0,0,0,0,1420851_subject_array_1739682787.bin
64152,1423,DSM 3257,1423.2735,6,https://ftp.ncbi.nlm.nih.gov/genomes/all/GCF/029/857/415/GCF_029857415.1_ASM2985741v1,6,1423.2735.fna,GCF_029857415.1_ASM2985741v1_genomic.fna,4343379,4343379,1423.2735.fna_vs_GCF_029857415.1_ASM2985741v1_genomic.fna_blast.xml,0,0,0,0,0,0,1,0,4343371,0,1,1,5,0,0,1423_subject_array_1739682791.bin
64175,1423,Fad 109,1423.815,6,https://ftp.ncbi.nlm.nih.gov/genomes/all/GCF/007/845/115/GCF_007845115.1_ASM784511v1,6,1423.815.fna,GCF_007845115.1_ASM784511v1_genomic.fna,4084115,4084115,1423.815.fna_vs_GCF_007845115.1_ASM784511v1_genomic.fna_blast.xml,0,0,0,0,0,0,0,3658,4080448,0,0,0,9,0,0,1423_subject_array_1739682794.bin
64282,1423,NIB353,1423.2164,6,https://ftp.ncbi.nlm.nih.gov/genomes/all/GCF/021/172/185/GCF_021172185.1_ASM2117218v1,6,1423.2164.fna,GCF_021172185.1_ASM2117218v1_genomic.fna,4436683,4436683,1423.2164.fna_vs_GCF_021172185.1_ASM2117218v1_genomic.fna_blast.xml,0,0,0,0,0,0,0,0,4436683,0,0,0,0,0,0,1423_subject_array_1739682797.bin
64356,1423,S3B,1423.1054,6,https://ftp.ncbi.nlm.nih.gov/genomes/all/GCF/012/029/855/GCF_012029855.1_ASM1202985v1,6,1423.1054.fna,GCF_012029855.1_ASM1202985v1_genomic.fna,4038907,4038907,1423.1054.fna_vs_GCF_012029855.1_ASM1202985v1_genomic.fna_blast.xml,0,0,0,0,0,0,0,0,4038907,0,0,0,0,0,0,1423_subject_array_1739682800.bin
64850,1427182,XTB13-088,1427182.3,6,https://ftp.ncbi.nlm.nih.gov/genomes/all/GCF/000/679/975/GCF_000679975.1_Myco_tube_XTB13-088_V1,6,1427182.3.fna,GCF_000679975.1_Myco_tube_XTB13-088_V1_genomic.fna,4419668,4420228,1427182.3.fna_vs_GCF_000679975.1_Myco_tube_XTB13-088_V1_genomic.fna_blast.xml,0,0,0,0,0,0,1,481,4419737,0,2,7,0,0,0,1427182_subject_array_1739682804.bin
64858,1427191,XTB13-097,1427191.3,6,https://ftp.ncbi.nlm.nih.gov/genomes/all/GCF/000/680/135/GCF_000680135.1_Myco_tube_XTB13-097_V1,6,1427191.3.fna,GCF_000680135.1_Myco_tube_XTB13-097_V1_genomic.fna,4418921,4419694,1427191.3.fna_vs_GCF_000680135.1_Myco_tube_XTB13-097_V1_genomic.fna_blast.xml,0,0,0,0,0,0,0,756,4418938,0,0,0,0,0,0,1427191_subject_array_1739682807.bin
64874,1427209,XTB13-117,1427209.3,6,https://ftp.ncbi.nlm.nih.gov/genomes/all/GCF/000/680/435/GCF_000680435.1_Myco_tube_XTB13-117_V1,6,1427209.3.fna,GCF_000680435.1_Myco_tube_XTB13-117_V1_genomic.fna,4418304,4420330,1427209.3.fna_vs_GCF_000680435.1_Myco_tube_XTB13-117_V1_genomic.fna_blast.xml,0,0,0,0,0,0,0,2021,4418307,0,0,0,2,0,0,1427209_subject_array_1739682810.bin
64878,1427213,XTB13-122,1427213.3,6,https://ftp.ncbi.nlm.nih.gov/genomes/all/GCF/000/680/515/GCF_000680515.1_Myco_tube_XTB13-122_V1,6,1427213.3.fna,GCF_000680515.1_Myco_tube_XTB13-122_V1_genomic.fna,4418556,4423980,1427213.3.fna_vs_GCF_000680515.1_Myco_tube_XTB13-122_V1_genomic.fna_blast.xml,0,0,0,0,0,0,0,5424,4418556,0,0,0,0,0,0,1427213_subject_array_1739682814.bin
64896,1427232,XTB13-143,1427232.3,6,https://ftp.ncbi.nlm.nih.gov/genomes/all/GCF/000/680/835/GCF_000680835.1_Myco_tube_XTB13-143_V1,6,1427232.3.fna,GCF_000680835.1_Myco_tube_XTB13-143_V1_genomic.fna,4421159,4422165,1427232.3.fna_vs_GCF_000680835.1_Myco_tube_XTB13-143_V1_genomic.fna_blast.xml,0,0,0,0,0,0,0,957,4421207,0,0,0,1,0,0,1427232_subject_array_1739682817.bin
64900,1427236,XTB13-147,1427236.3,6,https://ftp.ncbi.nlm.nih.gov/genomes/all/GCF/000/680/915/GCF_000680915.1_Myco_tube_XTB13-147_V1,6,1427236.3.fna,GCF_000680915.1_Myco_tube_XTB13-147_V1_genomic.fna,4419855,4427542,1427236.3.fna_vs_GCF_000680915.1_Myco_tube_XTB13-147_V1_genomic.fna_blast.xml,0,0,0,0,0,0,0,7641,4419897,0,3,1,0,0,0,1427236_subject_array_1739682821.bin
65330,1428,BT-59,1428.1172,6,https://ftp.ncbi.nlm.nih.gov/genomes/all/GCF/005/155/285/GCF_005155285.1_ASM515528v1,6,1428.1172.fna,GCF_005155285.1_ASM515528v1_genomic.fna,6681027,6681027,1428.1172.fna_vs_GCF_005155285.1_ASM515528v1_genomic.fna_blast.xml,0,0,0,0,0,0,0,0,6681027,0,0,0,0,0,0,1428_subject_array_1739682826.bin
65731,1429888,P45,1429888.3,6,https://ftp.ncbi.nlm.nih.gov/genomes/all/GCF/000/756/355/GCF_000756355.1_ASM75635v1,6,1429888.3.fna,GCF_000756355.1_ASM75635v1_genomic.fna,1874188,1874188,1429888.3.fna_vs_GCF_000756355.1_ASM75635v1_genomic.fna_blast.xml,0,0,0,0,0,0,0,0,1874188,0,0,0,0,0,0,1429888_subject_array_1739682827.bin
65735,143,BA2,143.5,6,https://ftp.ncbi.nlm.nih.gov/genomes/all/GCF/023/035/575/GCF_023035575.1_ASM2303557v1,6,143.5.fna,GCF_023035575.1_ASM2303557v1_genomic.fna,1054469,1054469,143.5.fna_vs_GCF_023035575.1_ASM2303557v1_genomic.fna_blast.xml,0,0,0,0,0,0,0,0,1054469,0,0,0,0,0,0,143_subject_array_1739682828.bin
65778,1432050,IE4771,1432050.3,6,https://ftp.ncbi.nlm.nih.gov/genomes/all/GCF/000/698/845/GCF_000698845.1_ASM69884v1,6,1432050.3.fna,GCF_000698845.1_ASM69884v1_genomic.fna,7057405,7057405,1432050.3.fna_vs_GCF_000698845.1_ASM69884v1_genomic.fna_blast.xml,0,0,0,0,0,0,0,0,7057405,0,0,0,0,0,0,1432050_subject_array_1739682833.bin
65927,1434192,MSHR3951,1434192.3,6,https://ftp.ncbi.nlm.nih.gov/genomes/all/GCF/000/774/385/GCF_000774385.1_BCW_1,6,1434192.3.fna,GCF_000774385.1_BCW_1_genomic.fna,7342411,7342811,1434192.3.fna_vs_GCF_000774385.1_BCW_1_genomic.fna_blast.xml,0,0,0,0,0,0,0,390,6276690,0,0,0,1065731,0,0,1434192_subject_array_1739682839.bin
65932,1434197,MSHR4308,1434197.3,6,https://ftp.ncbi.nlm.nih.gov/genomes/all/GCF/000/774/415/GCF_000774415.1_BCW_14,6,1434197.3.fna,GCF_000774415.1_BCW_14_genomic.fna,7229738,7230138,1434197.3.fna_vs_GCF_000774415.1_BCW_14_genomic.fna_blast.xml,0,0,0,0,0,0,0,358,7229779,0,0,1,0,0,0,1434197_subject_array_1739682844.bin
66365,1438988,ABC020005405,1438988.3,6,https://ftp.ncbi.nlm.nih.gov/genomes/all/GCF/000/630/205/GCF_000630205.1_Stre_pyog_ABC020005405_V1,6,1438988.3.fna,GCF_000630205.1_Stre_pyog_ABC020005405_V1_genomic.fna,1849489,1849589,1438988.3.fna_vs_GCF_000630205.1_Stre_pyog_ABC020005405_V1_genomic.fna_blast.xml,0,0,0,0,0,0,0,100,1849489,0,0,0,0,0,0,1438988_subject_array_1739682846.bin
66371,1438995,ABC020006309,1438995.3,6,https://ftp.ncbi.nlm.nih.gov/genomes/all/GCF/000/630/165/GCF_000630165.1_Stre_pyog_ABC020006309_V1,6,1438995.3.fna,GCF_000630165.1_Stre_pyog_ABC020006309_V1_genomic.fna,1793372,1793751,1438995.3.fna_vs_GCF_000630165.1_Stre_pyog_ABC020006309_V1_genomic.fna_blast.xml,0,0,0,0,0,0,0,379,1793372,0,0,0,0,0,0,1438995_subject_array_1739682847.bin
66376,1439001,ABC020010041,1439001.3,6,https://ftp.ncbi.nlm.nih.gov/genomes/all/GCF/000/630/105/GCF_000630105.1_Stre_pyog_ABC020010041_V1,6,1439001.3.fna,GCF_000630105.1_Stre_pyog_ABC020010041_V1_genomic.fna,1791433,1793896,1439001.3.fna_vs_GCF_000630105.1_Stre_pyog_ABC020010041_V1_genomic.fna_blast.xml,0,0,0,0,0,0,0,2460,1791436,0,0,0,0,0,0,1439001_subject_array_1739682848.bin
66380,1439008,ABC020014529,1439008.3,6,https://ftp.ncbi.nlm.nih.gov/genomes/all/GCF/000/630/885/GCF_000630885.1_Stre_pyog_ABC020014529_V1,6,1439008.3.fna,GCF_000630885.1_Stre_pyog_ABC020014529_V1_genomic.fna,1816344,1816444,1439008.3.fna_vs_GCF_000630885.1_Stre_pyog_ABC020014529_V1_genomic.fna_blast.xml,0,0,0,0,0,0,0,100,1816344,0,0,0,0,0,0,1439008_subject_array_1739682850.bin
66385,1439014,ABC020015277,1439014.3,6,https://ftp.ncbi.nlm.nih.gov/genomes/all/GCF/000/630/045/GCF_000630045.1_Stre_pyog_ABC020015277_V1,6,1439014.3.fna,GCF_000630045.1_Stre_pyog_ABC020015277_V1_genomic.fna,1777734,1778685,1439014.3.fna_vs_GCF_000630045.1_Stre_pyog_ABC020015277_V1_genomic.fna_blast.xml,0,0,0,0,0,0,0,951,1777734,0,0,0,0,0,0,1439014_subject_array_1739682851.bin
66391,1439028,ABC020017526,1439028.3,6,https://ftp.ncbi.nlm.nih.gov/genomes/all/GCF/000/630/825/GCF_000630825.1_Stre_pyog_ABC020017526_V1,6,1439028.3.fna,GCF_000630825.1_Stre_pyog_ABC020017526_V1_genomic.fna,1817117,1817448,1439028.3.fna_vs_GCF_000630825.1_Stre_pyog_ABC020017526_V1_genomic.fna_blast.xml,0,0,0,0,0,0,0,331,1817117,0,0,0,0,0,0,1439028_subject_array_1739682852.bin
66395,1439043,ABC020026287,1439043.3,6,https://ftp.ncbi.nlm.nih.gov/genomes/all/GCF/000/630/805/GCF_000630805.1_Stre_pyog_ABC020026287_V1,6,1439043.3.fna,GCF_000630805.1_Stre_pyog_ABC020026287_V1_genomic.fna,1869575,1870930,1439043.3.fna_vs_GCF_000630805.1_Stre_pyog_ABC020026287_V1_genomic.fna_blast.xml,0,0,0,0,0,0,0,1269,1869628,0,0,10,23,0,0,1439043_subject_array_1739682854.bin
66397,1439048,ABC020026946,1439048.3,6,https://ftp.ncbi.nlm.nih.gov/genomes/all/GCF/000/629/925/GCF_000629925.1_Stre_pyog_ABC020026946_V1,6,1439048.3.fna,GCF_000629925.1_Stre_pyog_ABC020026946_V1_genomic.fna,1824218,1824518,1439048.3.fna_vs_GCF_000629925.1_Stre_pyog_ABC020026946_V1_genomic.fna_blast.xml,0,0,0,0,0,0,0,296,1824222,0,0,0,0,0,0,1439048_subject_array_1739682855.bin
66403,1439064,ABC020030925,1439064.3,6,https://ftp.ncbi.nlm.nih.gov/genomes/all/GCF/000/630/725/GCF_000630725.1_Stre_pyog_ABC020030925_V1,6,1439064.3.fna,GCF_000630725.1_Stre_pyog_ABC020030925_V1_genomic.fna,1734820,1739672,1439064.3.fna_vs_GCF_000630725.1_Stre_pyog_ABC020030925_V1_genomic.fna_blast.xml,0,0,0,0,0,0,0,4852,1734820,0,0,0,0,0,0,1439064_subject_array_1739682856.bin
66406,1439068,ABC020032057,1439068.3,6,https://ftp.ncbi.nlm.nih.gov/genomes/all/GCF/000/628/445/GCF_000628445.1_Stre_pyog_ABC020032057_V1,6,1439068.3.fna,GCF_000628445.1_Stre_pyog_ABC020032057_V1_genomic.fna,1827505,1827505,1439068.3.fna_vs_GCF_000628445.1_Stre_pyog_ABC020032057_V1_genomic.fna_blast.xml,0,0,0,0,0,0,0,0,1827505,0,0,0,0,0,0,1439068_subject_array_1739682858.bin
66415,1439079,ABC020033799,1439079.3,6,https://ftp.ncbi.nlm.nih.gov/genomes/all/GCF/000/630/625/GCF_000630625.1_Stre_pyog_ABC020033799_V1,6,1439079.3.fna,GCF_000630625.1_Stre_pyog_ABC020033799_V1_genomic.fna,1785794,1786550,1439079.3.fna_vs_GCF_000630625.1_Stre_pyog_ABC020033799_V1_genomic.fna_blast.xml,0,0,0,0,0,0,0,756,1785794,0,0,0,0,0,0,1439079_subject_array_1739682859.bin
66416,1439080,ABC020033919,1439080.3,6,https://ftp.ncbi.nlm.nih.gov/genomes/all/GCF/000/631/505/GCF_000631505.1_Stre_pyog_ABC020033919_V1,6,1439080.3.fna,GCF_000631505.1_Stre_pyog_ABC020033919_V1_genomic.fna,1806019,1806785,1439080.3.fna_vs_GCF_000631505.1_Stre_pyog_ABC020033919_V1_genomic.fna_blast.xml,0,0,0,0,0,0,0,766,1806019,0,0,0,0,0,0,1439080_subject_array_1739682860.bin
66436,1439141,ABC020046264,1439141.3,6,https://ftp.ncbi.nlm.nih.gov/genomes/all/GCF/000/630/505/GCF_000630505.1_Stre_pyog_ABC020046264_V1,6,1439141.3.fna,GCF_000630505.1_Stre_pyog_ABC020046264_V1_genomic.fna,1828011,1828295,1439141.3.fna_vs_GCF_000630505.1_Stre_pyog_ABC020046264_V1_genomic.fna_blast.xml,0,0,0,0,0,0,0,282,1828013,0,0,0,0,0,0,1439141_subject_array_1739682862.bin
66448,1439161,ABC020047619,1439161.3,6,https://ftp.ncbi.nlm.nih.gov/genomes/all/GCF/000/631/005/GCF_000631005.1_Stre_pyog_ABC020047619_V1,6,1439161.3.fna,GCF_000631005.1_Stre_pyog_ABC020047619_V1_genomic.fna,1851068,1852327,1439161.3.fna_vs_GCF_000631005.1_Stre_pyog_ABC020047619_V1_genomic.fna_blast.xml,0,0,0,0,0,0,0,1259,1851068,0,0,0,0,0,0,1439161_subject_array_1739682863.bin
66475,1439208,ABC020052216,1439208.3,6,https://ftp.ncbi.nlm.nih.gov/genomes/all/GCF/000/630/345/GCF_000630345.1_Stre_pyog_ABC020052216_V1,6,1439208.3.fna,GCF_000630345.1_Stre_pyog_ABC020052216_V1_genomic.fna,1820573,1820773,1439208.3.fna_vs_GCF_000630345.1_Stre_pyog_ABC020052216_V1_genomic.fna_blast.xml,0,0,0,0,0,0,0,200,1820573,0,0,0,0,0,0,1439208_subject_array_1739682864.bin
66488,1439221,ABC020052877,1439221.3,6,https://ftp.ncbi.nlm.nih.gov/genomes/all/GCF/000/628/605/GCF_000628605.1_Stre_pyog_ABC020052877_V1,6,1439221.3.fna,GCF_000628605.1_Stre_pyog_ABC020052877_V1_genomic.fna,1835054,1835054,1439221.3.fna_vs_GCF_000628605.1_Stre_pyog_ABC020052877_V1_genomic.fna_blast.xml,0,0,0,0,0,0,0,0,1835054,0,0,0,0,0,0,1439221_subject_array_1739682866.bin
66506,1439272,ABC020056883,1439272.3,6,https://ftp.ncbi.nlm.nih.gov/genomes/all/GCF/000/628/645/GCF_000628645.1_Stre_pyog_ABC020056883_V1,6,1439272.3.fna,GCF_000628645.1_Stre_pyog_ABC020056883_V1_genomic.fna,1776358,1776358,1439272.3.fna_vs_GCF_000628645.1_Stre_pyog_ABC020056883_V1_genomic.fna_blast.xml,0,0,0,0,0,0,0,0,1776358,0,0,0,0,0,0,1439272_subject_array_1739682867.bin
66523,1439309,ABC020062474,1439309.3,6,https://ftp.ncbi.nlm.nih.gov/genomes/all/GCF/000/631/605/GCF_000631605.1_Stre_pyog_ABC020062474_V1,6,1439309.3.fna,GCF_000631605.1_Stre_pyog_ABC020062474_V1_genomic.fna,1818825,1819008,1439309.3.fna_vs_GCF_000631605.1_Stre_pyog_ABC020062474_V1_genomic.fna_blast.xml,0,0,0,0,0,0,0,181,1818827,0,0,0,0,0,0,1439309_subject_array_1739682868.bin
66747,1444,ten BI 256-82,1444.20,6,https://ftp.ncbi.nlm.nih.gov/genomes/all/GCF/031/170/655/GCF_031170655.1_ASM3117065v1,6,1444.20.fna,GCF_031170655.1_ASM3117065v1_genomic.fna,6215607,6215607,1444.20.fna_vs_GCF_031170655.1_ASM3117065v1_genomic.fna_blast.xml,0,0,0,0,0,0,0,0,6215607,0,0,0,0,0,0,1444_subject_array_1739682873.bin
66748,1444,ten BI 256-82/CM3,1444.21,6,https://ftp.ncbi.nlm.nih.gov/genomes/all/GCF/031/171/585/GCF_031171585.1_ASM3117158v1,6,1444.21.fna,GCF_031171585.1_ASM3117158v1_genomic.fna,6215719,6215719,1444.21.fna_vs_GCF_031171585.1_ASM3117158v1_genomic.fna_blast.xml,0,0,0,0,0,0,0,0,6215719,0,0,0,0,0,0,1444_subject_array_1739682878.bin
67306,1446746,2014EL-1346-6,1446746.5,6,https://ftp.ncbi.nlm.nih.gov/genomes/all/GCF/002/741/195/GCF_002741195.1_ASM274119v1,6,1446746.5.fna,GCF_002741195.1_ASM274119v1_genomic.fna,5384245,5384245,1446746.5.fna_vs_GCF_002741195.1_ASM274119v1_genomic.fna_blast.xml,0,0,0,0,0,0,0,0,5384245,0,0,0,0,0,0,1446746_subject_array_1739682884.bin
67521,1448465,TKK_04_0060,1448465.3,6,https://ftp.ncbi.nlm.nih.gov/genomes/all/GCF/000/652/455/GCF_000652455.1_Myco_tube_TKK_04_0060_V1,6,1448465.3.fna,GCF_000652455.1_Myco_tube_TKK_04_0060_V1_genomic.fna,4398345,4399087,1448465.3.fna_vs_GCF_000652455.1_Myco_tube_TKK_04_0060_V1_genomic.fna_blast.xml,0,0,0,0,0,0,0,740,4398347,0,0,0,0,0,0,1448465_subject_array_1739682887.bin
67525,1448469,TKK_04_0064,1448469.3,6,https://ftp.ncbi.nlm.nih.gov/genomes/all/GCF/000/652/515/GCF_000652515.1_Myco_tube_TKK_04_0064_V1,6,1448469.3.fna,GCF_000652515.1_Myco_tube_TKK_04_0064_V1_genomic.fna,4404377,4406669,1448469.3.fna_vs_GCF_000652515.1_Myco_tube_TKK_04_0064_V1_genomic.fna_blast.xml,0,0,0,0,0,0,0,2285,4404381,0,0,0,3,0,0,1448469_subject_array_1739682891.bin
67530,1448474,TKK_04_0070,1448474.3,6,https://ftp.ncbi.nlm.nih.gov/genomes/all/GCF/000/652/615/GCF_000652615.1_Myco_tube_TKK_04_0070_V1,6,1448474.3.fna,GCF_000652615.1_Myco_tube_TKK_04_0070_V1_genomic.fna,4394048,4394694,1448474.3.fna_vs_GCF_000652615.1_Myco_tube_TKK_04_0070_V1_genomic.fna_blast.xml,0,0,0,0,0,0,0,636,4394058,0,0,0,0,0,0,1448474_subject_array_1739682894.bin
67608,1448568,TKK_04_0099,1448568.3,6,https://ftp.ncbi.nlm.nih.gov/genomes/all/GCF/000/653/995/GCF_000653995.1_Myco_tube_TKK_04_0099_V1,6,1448568.3.fna,GCF_000653995.1_Myco_tube_TKK_04_0099_V1_genomic.fna,4400332,4405889,1448568.3.fna_vs_GCF_000653995.1_Myco_tube_TKK_04_0099_V1_genomic.fna_blast.xml,0,0,0,0,0,0,0,5556,4400333,0,0,0,0,0,0,1448568_subject_array_1739682897.bin
67611,1448571,TKK_04_0106,1448571.3,6,https://ftp.ncbi.nlm.nih.gov/genomes/all/GCF/000/654/055/GCF_000654055.1_Myco_tube_TKK_04_0106_V1,6,1448571.3.fna,GCF_000654055.1_Myco_tube_TKK_04_0106_V1_genomic.fna,4400751,4401459,1448571.3.fna_vs_GCF_000654055.1_Myco_tube_TKK_04_0106_V1_genomic.fna_blast.xml,0,0,0,3,0,0,0,640,4400810,0,1,5,0,0,0,1448571_subject_array_1739682901.bin
67893,1449050,KNHs205,1449050.3,6,https://ftp.ncbi.nlm.nih.gov/genomes/all/GCF/000/702/945/GCF_000702945.1_ASM70294v1,6,1449050.3.fna,GCF_000702945.1_ASM70294v1_genomic.fna,6360979,6360979,1449050.3.fna_vs_GCF_000702945.1_ASM70294v1_genomic.fna_blast.xml,0,0,0,0,0,0,0,0,6360979,0,0,0,0,0,0,1449050_subject_array_1739682906.bin
67906,1449080,YIM 77409,1449080.3,6,https://ftp.ncbi.nlm.nih.gov/genomes/all/GCF/000/744/885/GCF_000744885.1_ASM74488v1,6,1449080.3.fna,GCF_000744885.1_ASM74488v1_genomic.fna,2160855,2160855,1449080.3.fna_vs_GCF_000744885.1_ASM74488v1_genomic.fna_blast.xml,0,0,0,0,0,0,0,0,2160855,0,0,0,0,0,0,1449080_subject_array_1739682907.bin
67916,1449339,K1,1449339.3,6,https://ftp.ncbi.nlm.nih.gov/genomes/all/GCF/000/746/825/GCF_000746825.1_ASM74682v1,6,1449339.3.fna,GCF_000746825.1_ASM74682v1_genomic.fna,2748608,2748608,1449339.3.fna_vs_GCF_000746825.1_ASM74682v1_genomic.fna_blast.xml,0,0,0,0,0,0,0,0,2748608,0,0,0,0,0,0,1449339_subject_array_1739682910.bin
67920,1449342,MT37L,1449342.3,6,https://ftp.ncbi.nlm.nih.gov/genomes/all/GCF/000/744/825/GCF_000744825.1_ASM74482v1,6,1449342.3.fna,GCF_000744825.1_ASM74482v1_genomic.fna,2632867,2632867,1449342.3.fna_vs_GCF_000744825.1_ASM74482v1_genomic.fna_blast.xml,0,0,0,0,0,0,0,0,2632867,0,0,0,0,0,0,1449342_subject_array_1739682912.bin
67929,1449353,TH49,1449353.3,6,https://ftp.ncbi.nlm.nih.gov/genomes/all/GCF/000/744/815/GCF_000744815.1_ASM74481v1,6,1449353.3.fna,GCF_000744815.1_ASM74481v1_genomic.fna,7806543,7806543,1449353.3.fna_vs_GCF_000744815.1_ASM74481v1_genomic.fna_blast.xml,0,0,0,0,0,0,0,0,7806543,0,0,0,0,0,0,1449353_subject_array_1739682917.bin
67930,1449355,CN732,1449355.3,6,https://ftp.ncbi.nlm.nih.gov/genomes/all/GCF/000/745/345/GCF_000745345.1_ASM74534v1,6,1449355.3.fna,GCF_000745345.1_ASM74534v1_genomic.fna,7819394,7819394,1449355.3.fna_vs_GCF_000745345.1_ASM74534v1_genomic.fna_blast.xml,0,0,0,0,0,0,0,0,7819394,0,0,0,0,0,0,1449355_subject_array_1739682923.bin
67942,1449975,LCT-SAO,1449975.3,6,https://ftp.ncbi.nlm.nih.gov/genomes/all/GCF/000/978/705/GCF_000978705.1_ASM97870v1,6,1449975.3.fna,GCF_000978705.1_ASM97870v1_genomic.fna,2865348,2865348,1449975.3.fna_vs_GCF_000978705.1_ASM97870v1_genomic.fna_blast.xml,0,0,0,0,0,0,0,2597,2862751,0,0,0,0,0,0,1449975_subject_array_1739682926.bin
68700,1463164,ACESH00366hy,1463164.295,6,https://ftp.ncbi.nlm.nih.gov/genomes/all/GCF/033/878/155/GCF_033878155.1_ASM3387815v1,6,1463164.295.fna,GCF_033878155.1_ASM3387815v1_genomic.fna,5540011,5540011,1463164.295.fna_vs_GCF_033878155.1_ASM3387815v1_genomic.fna_blast.xml,0,0,0,0,0,0,0,0,5540011,0,0,0,0,0,0,1463164_subject_array_1739682930.bin
68875,1463165,2023CB-00436,1463165.1137,6,https://ftp.ncbi.nlm.nih.gov/genomes/all/GCF/032/738/105/GCF_032738105.1_ASM3273810v2,6,1463165.1137.fna,GCF_032738105.1_ASM3273810v2_genomic.fna,5347112,5347112,1463165.1137.fna_vs_GCF_032738105.1_ASM3273810v2_genomic.fna_blast.xml,0,0,0,0,0,0,0,0,5347112,0,0,0,0,0,0,1463165_subject_array_1739682934.bin
69008,1463165,CAV1947,1463165.77,6,https://ftp.ncbi.nlm.nih.gov/genomes/all/GCF/003/146/685/GCF_003146685.1_ASM314668v1,6,1463165.77.fna,GCF_003146685.1_ASM314668v1_genomic.fna,6134176,6134176,1463165.77.fna_vs_GCF_003146685.1_ASM314668v1_genomic.fna_blast.xml,0,0,0,0,0,0,0,0,6134176,0,0,0,0,0,0,1463165_subject_array_1739682939.bin
69218,1463165,K18-45,1463165.801,6,https://ftp.ncbi.nlm.nih.gov/genomes/all/GCF/024/734/295/GCF_024734295.1_ASM2473429v1,6,1463165.801.fna,GCF_024734295.1_ASM2473429v1_genomic.fna,5539763,5539763,1463165.801.fna_vs_GCF_024734295.1_ASM2473429v1_genomic.fna_blast.xml,0,0,0,0,0,0,0,0,5539763,0,0,0,0,0,0,1463165_subject_array_1739682943.bin
69327,1463165,KW4,1463165.799,6,https://ftp.ncbi.nlm.nih.gov/genomes/all/GCF/024/734/275/GCF_024734275.1_ASM2473427v1,6,1463165.799.fna,GCF_024734275.1_ASM2473427v1_genomic.fna,5390123,5390123,1463165.799.fna_vs_GCF_024734275.1_ASM2473427v1_genomic.fna_blast.xml,0,0,0,0,0,0,0,0,5390123,0,0,0,0,0,0,1463165_subject_array_1739682948.bin
69354,1463165,L22,1463165.82,6,https://ftp.ncbi.nlm.nih.gov/genomes/all/GCF/003/443/835/GCF_003443835.1_ASM344383v1,6,1463165.82.fna,GCF_003443835.1_ASM344383v1_genomic.fna,5631032,5631032,1463165.82.fna_vs_GCF_003443835.1_ASM344383v1_genomic.fna_blast.xml,0,0,0,0,0,0,0,0,5631032,0,0,0,0,0,0,1463165_subject_array_1739682952.bin
69367,1463165,MGH194,1463165.364,6,https://ftp.ncbi.nlm.nih.gov/genomes/all/GCF/014/903/515/GCF_014903515.1_ASM1490351v1,6,1463165.364.fna,GCF_014903515.1_ASM1490351v1_genomic.fna,5475115,5475115,1463165.364.fna_vs_GCF_014903515.1_ASM1490351v1_genomic.fna_blast.xml,0,0,0,0,0,0,0,61082,5413983,0,0,1,48,0,1,1463165_subject_array_1739682957.bin
69433,1463165,Pinhead Larry,1463165.407,6,https://ftp.ncbi.nlm.nih.gov/genomes/all/GCF/015/992/365/GCF_015992365.1_ASM1599236v1,6,1463165.407.fna,GCF_015992365.1_ASM1599236v1_genomic.fna,5442098,5442098,1463165.407.fna_vs_GCF_015992365.1_ASM1599236v1_genomic.fna_blast.xml,0,0,0,0,0,0,0,0,5442098,0,0,0,0,0,0,1463165_subject_array_1739682961.bin
69463,1463165,TC-1,1463165.890,6,https://ftp.ncbi.nlm.nih.gov/genomes/all/GCF/026/226/155/GCF_026226155.1_ASM2622615v1,6,1463165.890.fna,GCF_026226155.1_ASM2622615v1_genomic.fna,5665601,5665601,1463165.890.fna_vs_GCF_026226155.1_ASM2622615v1_genomic.fna_blast.xml,0,0,0,0,0,0,0,0,5665601,0,0,0,0,0,0,1463165_subject_array_1739682966.bin
69491,1463165,WP3-S18-ESBL-03,1463165.309,6,https://ftp.ncbi.nlm.nih.gov/genomes/all/GCF/014/168/895/GCF_014168895.1_ASM1416889v1,6,1463165.309.fna,GCF_014168895.1_ASM1416889v1_genomic.fna,6063301,6063301,1463165.309.fna_vs_GCF_014168895.1_ASM1416889v1_genomic.fna_blast.xml,0,0,0,0,0,0,0,0,6063301,0,0,0,0,0,0,1463165_subject_array_1739682971.bin
69501,1463165,X_64,1463165.892,6,https://ftp.ncbi.nlm.nih.gov/genomes/all/GCF/026/615/215/GCF_026615215.1_ASM2661521v1,6,1463165.892.fna,GCF_026615215.1_ASM2661521v1_genomic.fna,5989598,5989598,1463165.892.fna_vs_GCF_026615215.1_ASM2661521v1_genomic.fna_blast.xml,0,0,0,0,0,0,0,0,5989598,0,0,0,0,0,0,1463165_subject_array_1739682976.bin
69519,1463165,xz039,1463165.496,6,https://ftp.ncbi.nlm.nih.gov/genomes/all/GCF/019/053/775/GCF_019053775.1_ASM1905377v1,6,1463165.496.fna,GCF_019053775.1_ASM1905377v1_genomic.fna,5894350,5894350,1463165.496.fna_vs_GCF_019053775.1_ASM1905377v1_genomic.fna_blast.xml,0,0,0,0,0,0,0,0,5894350,0,0,0,0,0,0,1463165_subject_array_1739682981.bin
69658,1464,PL005,1464.270,6,https://ftp.ncbi.nlm.nih.gov/genomes/all/GCF/031/924/405/GCF_031924405.1_ASM3192440v1,6,1464.270.fna,GCF_031924405.1_ASM3192440v1_genomic.fna,4548166,4548166,1464.270.fna_vs_GCF_031924405.1_ASM3192440v1_genomic.fna_blast.xml,0,0,0,0,0,0,0,0,4548166,0,0,0,0,0,0,1464_subject_array_1739682985.bin
69663,1464,PL011,1464.261,6,https://ftp.ncbi.nlm.nih.gov/genomes/all/GCF/031/924/025/GCF_031924025.1_ASM3192402v1,6,1464.261.fna,GCF_031924025.1_ASM3192402v1_genomic.fna,4533173,4533173,1464.261.fna_vs_GCF_031924025.1_ASM3192402v1_genomic.fna_blast.xml,0,0,0,0,0,0,0,0,4533173,0,0,0,0,0,0,1464_subject_array_1739682989.bin
69669,1464,cz267709,1464.251,6,https://ftp.ncbi.nlm.nih.gov/genomes/all/GCF/031/344/255/GCF_031344255.1_ASM3134425v1,6,1464.251.fna,GCF_031344255.1_ASM3134425v1_genomic.fna,4145923,4145923,1464.251.fna_vs_GCF_031344255.1_ASM3134425v1_genomic.fna_blast.xml,0,0,0,0,0,0,0,0,4145923,0,0,0,0,0,0,1464_subject_array_1739683009.bin
69931,146919,SW03,146919.97,6,https://ftp.ncbi.nlm.nih.gov/genomes/all/GCF/024/807/555/GCF_024807555.1_ASM2480755v1,6,146919.97.fna,GCF_024807555.1_ASM2480755v1_genomic.fna,3872366,3872366,146919.97.fna_vs_GCF_024807555.1_ASM2480755v1_genomic.fna_blast.xml,0,0,0,0,0,0,0,99,3872267,0,0,0,0,0,0,146919_subject_array_1739683012.bin
69943,146939,DSM 21223,146939.10,6,https://ftp.ncbi.nlm.nih.gov/genomes/all/GCF/004/217/225/GCF_004217225.1_ASM421722v1,6,146939.10.fna,GCF_004217225.1_ASM421722v1_genomic.fna,3450622,3450622,146939.10.fna_vs_GCF_004217225.1_ASM421722v1_genomic.fna_blast.xml,0,0,0,0,0,0,0,195,3450427,0,0,0,0,0,0,146939_subject_array_1739683014.bin
70033,1472755,CCNP1411,1472755.3,6,https://ftp.ncbi.nlm.nih.gov/genomes/all/GCF/014/023/275/GCF_014023275.1_ASM1402327v1,6,1472755.3.fna,GCF_014023275.1_ASM1402327v1_genomic.fna,8316316,8316316,1472755.3.fna_vs_GCF_014023275.1_ASM1402327v1_genomic.fna_blast.xml,0,0,0,0,0,0,0,0,8316316,0,0,0,0,0,0,1472755_subject_array_1739683026.bin
70349,1488,DJ024,1488.52,6,https://ftp.ncbi.nlm.nih.gov/genomes/all/GCF/013/297/095/GCF_013297095.1_ASM1329709v1,6,1488.52.fna,GCF_013297095.1_ASM1329709v1_genomic.fna,4119226,4119226,1488.52.fna_vs_GCF_013297095.1_ASM1329709v1_genomic.fna_blast.xml,0,0,0,0,0,0,0,0,4119226,0,0,0,0,0,0,1488_subject_array_1739683029.bin
70353,1488,DJ310,1488.51,6,https://ftp.ncbi.nlm.nih.gov/genomes/all/GCF/013/296/345/GCF_013296345.1_ASM1329634v1,6,1488.51.fna,GCF_013296345.1_ASM1329634v1_genomic.fna,4179793,4179793,1488.51.fna_vs_GCF_013296345.1_ASM1329634v1_genomic.fna_blast.xml,0,0,0,0,0,0,0,0,4179793,0,0,0,0,0,0,1488_subject_array_1739683032.bin
70430,148942,20-096,148942.1048,6,https://ftp.ncbi.nlm.nih.gov/genomes/all/GCF/018/585/865/GCF_018585865.1_ASM1858586v1,6,148942.1048.fna,GCF_018585865.1_ASM1858586v1_genomic.fna,2342409,2342409,148942.1048.fna_vs_GCF_018585865.1_ASM1858586v1_genomic.fna_blast.xml,0,0,0,0,0,0,0,0,2342409,0,0,0,0,0,0,148942_subject_array_1739683034.bin
70686,148942,SEE_14-140,148942.1233,6,https://ftp.ncbi.nlm.nih.gov/genomes/all/GCF/021/081/745/GCF_021081745.1_ASM2108174v1,6,148942.1233.fna,GCF_021081745.1_ASM2108174v1_genomic.fna,2359600,2359600,148942.1233.fna_vs_GCF_021081745.1_ASM2108174v1_genomic.fna_blast.xml,0,0,0,0,0,0,0,0,2359600,0,0,0,0,0,0,148942_subject_array_1739683037.bin
71058,1491,Stockholm,1491.1802,6,https://ftp.ncbi.nlm.nih.gov/genomes/all/GCF/016/071/375/GCF_016071375.1_ASM1607137v1,6,1491.1802.fna,GCF_016071375.1_ASM1607137v1_genomic.fna,2702994,2702994,1491.1802.fna_vs_GCF_016071375.1_ASM1607137v1_genomic.fna_blast.xml,0,0,0,0,0,0,4,1,2702982,0,2,5,0,0,0,1491_subject_array_1739683039.bin
71160,1492769,CECT 8570,1492769.3,6,https://ftp.ncbi.nlm.nih.gov/genomes/all/GCF/030/409/605/GCF_030409605.1_ASM3040960v1,6,1492769.3.fna,GCF_030409605.1_ASM3040960v1_genomic.fna,4544690,4544690,1492769.3.fna_vs_GCF_030409605.1_ASM3040960v1_genomic.fna_blast.xml,0,0,0,0,0,0,0,0,4544690,0,0,0,0,0,0,1492769_subject_array_1739683042.bin
71169,149385,12-2388,149385.72,6,https://ftp.ncbi.nlm.nih.gov/genomes/all/GCF/004/768/645/GCF_004768645.1_ASM476864v1,6,149385.72.fna,GCF_004768645.1_ASM476864v1_genomic.fna,4703497,4703497,149385.72.fna_vs_GCF_004768645.1_ASM476864v1_genomic.fna_blast.xml,0,0,0,0,0,0,0,0,4703497,0,0,0,0,0,0,149385_subject_array_1739683046.bin
71359,1494461,T2C5,1494461.23,6,https://ftp.ncbi.nlm.nih.gov/genomes/all/GCF/036/670/295/GCF_036670295.1_ASM3667029v1,6,1494461.23.fna,GCF_036670295.1_ASM3667029v1_genomic.fna,2390615,2390615,1494461.23.fna_vs_GCF_036670295.1_ASM3667029v1_genomic.fna_blast.xml,0,0,0,0,0,0,0,0,2390615,0,0,0,0,0,0,1494461_subject_array_1739683049.bin
71362,1494461,T2H3,1494461.19,6,https://ftp.ncbi.nlm.nih.gov/genomes/all/GCF/036/670/275/GCF_036670275.1_ASM3667027v1,6,1494461.19.fna,GCF_036670275.1_ASM3667027v1_genomic.fna,2408234,2408234,1494461.19.fna_vs_GCF_036670275.1_ASM3667027v1_genomic.fna_blast.xml,0,0,0,0,0,0,1,0,2408229,0,0,4,0,0,0,1494461_subject_array_1739683053.bin
71363,1494461,T2H4,1494461.20,6,https://ftp.ncbi.nlm.nih.gov/genomes/all/GCF/036/670/285/GCF_036670285.1_ASM3667028v1,6,1494461.20.fna,GCF_036670285.1_ASM3667028v1_genomic.fna,2412664,2412664,1494461.20.fna_vs_GCF_036670285.1_ASM3667028v1_genomic.fna_blast.xml,0,0,0,0,0,0,0,0,2412664,0,0,0,0,0,0,1494461_subject_array_1739683056.bin
71414,149539,2008D015-15-1,149539.1585,6,https://ftp.ncbi.nlm.nih.gov/genomes/all/GCF/008/727/965/GCF_008727965.1_ASM872796v1,6,149539.1585.fna,GCF_008727965.1_ASM872796v1_genomic.fna,4728761,4728761,149539.1585.fna_vs_GCF_008727965.1_ASM872796v1_genomic.fna_blast.xml,0,0,0,0,0,0,0,0,4728761,0,0,0,0,0,0,149539_subject_array_1739683060.bin
71417,149539,2012OTH012-9-1,149539.1582,6,https://ftp.ncbi.nlm.nih.gov/genomes/all/GCF/008/727/855/GCF_008727855.1_ASM872785v1,6,149539.1582.fna,GCF_008727855.1_ASM872785v1_genomic.fna,4807161,4807161,149539.1582.fna_vs_GCF_008727855.1_ASM872785v1_genomic.fna_blast.xml,0,0,0,0,0,0,0,0,4807161,0,0,0,0,0,0,149539_subject_array_1739683063.bin
72497,1496,20121013,1496.1551,6,https://ftp.ncbi.nlm.nih.gov/genomes/all/GCF/001/972/165/GCF_001972165.1_ASM197216v1,6,1496.1551.fna,GCF_001972165.1_ASM197216v1_genomic.fna,4291712,4291712,1496.1551.fna_vs_GCF_001972165.1_ASM197216v1_genomic.fna_blast.xml,0,0,0,0,0,0,0,0,4291712,0,0,0,0,0,0,1496_subject_array_1739683066.bin
72511,1496,20486,1496.4500,6,https://ftp.ncbi.nlm.nih.gov/genomes/all/GCF/006/381/045/GCF_006381045.1_ASM638104v1,6,1496.4500.fna,GCF_006381045.1_ASM638104v1_genomic.fna,4390283,4390283,1496.4500.fna_vs_GCF_006381045.1_ASM638104v1_genomic.fna_blast.xml,0,0,0,0,0,0,0,770,4389513,0,0,0,0,0,0,1496_subject_array_1739683070.bin
72525,1496,21024,1496.4510,6,https://ftp.ncbi.nlm.nih.gov/genomes/all/GCF/006/408/415/GCF_006408415.1_ASM640841v1,6,1496.4510.fna,GCF_006408415.1_ASM640841v1_genomic.fna,4136145,4136145,1496.4510.fna_vs_GCF_006408415.1_ASM640841v1_genomic.fna_blast.xml,0,0,0,0,0,0,0,1217,4134928,0,0,0,0,0,0,1496_subject_array_1739683073.bin
72872,1496,CBA7205,1496.5108,6,https://ftp.ncbi.nlm.nih.gov/genomes/all/GCF/009/903/485/GCF_009903485.1_ASM990348v1,6,1496.5108.fna,GCF_009903485.1_ASM990348v1_genomic.fna,4396793,4396793,1496.5108.fna_vs_GCF_009903485.1_ASM990348v1_genomic.fna_blast.xml,0,0,0,0,0,0,0,0,4396793,0,0,0,0,0,0,1496_subject_array_1739683077.bin
72940,1496,CD07814,1496.5341,6,https://ftp.ncbi.nlm.nih.gov/genomes/all/GCF/012/952/655/GCF_012952655.1_ASM1295265v1,6,1496.5341.fna,GCF_012952655.1_ASM1295265v1_genomic.fna,4226733,4226733,1496.5341.fna_vs_GCF_012952655.1_ASM1295265v1_genomic.fna_blast.xml,0,0,0,0,0,0,0,0,4226733,0,0,0,0,0,0,1496_subject_array_1739683080.bin
73104,1496,Cd19,1496.5915,6,https://ftp.ncbi.nlm.nih.gov/genomes/all/GCF/018/264/045/GCF_018264045.1_ASM1826404v1,6,1496.5915.fna,GCF_018264045.1_ASM1826404v1_genomic.fna,4329865,4329865,1496.5915.fna_vs_GCF_018264045.1_ASM1826404v1_genomic.fna_blast.xml,0,0,0,0,0,0,0,0,4329865,0,0,0,0,0,0,1496_subject_array_1739683084.bin
73106,1496,Cd20,1496.5914,6,https://ftp.ncbi.nlm.nih.gov/genomes/all/GCF/018/264/015/GCF_018264015.1_ASM1826401v1,6,1496.5914.fna,GCF_018264015.1_ASM1826401v1_genomic.fna,4419141,4419141,1496.5914.fna_vs_GCF_018264015.1_ASM1826401v1_genomic.fna_blast.xml,0,0,0,0,0,0,0,0,4419141,0,0,0,0,0,0,1496_subject_array_1739683087.bin
73112,1496,Cd22,1496.5912,6,https://ftp.ncbi.nlm.nih.gov/genomes/all/GCF/018/263/995/GCF_018263995.1_ASM1826399v1,6,1496.5912.fna,GCF_018263995.1_ASM1826399v1_genomic.fna,4350267,4350267,1496.5912.fna_vs_GCF_018263995.1_ASM1826399v1_genomic.fna_blast.xml,0,0,0,0,0,0,0,0,4350267,0,0,0,0,0,0,1496_subject_array_1739683090.bin
73129,1496,Cd26,1496.5910,6,https://ftp.ncbi.nlm.nih.gov/genomes/all/GCF/018/263/895/GCF_018263895.1_ASM1826389v1,6,1496.5910.fna,GCF_018263895.1_ASM1826389v1_genomic.fna,4157890,4157890,1496.5910.fna_vs_GCF_018263895.1_ASM1826389v1_genomic.fna_blast.xml,0,0,0,0,0,0,1,0,4157888,0,0,0,1,0,0,1496_subject_array_1739683094.bin
74269,1496,NCTC13746,1496.4849,6,https://ftp.ncbi.nlm.nih.gov/genomes/all/GCF/901/523/085/GCF_901523085.1_45232_E01,6,1496.4849.fna,GCF_901523085.1_45232_E01_genomic.fna,4294299,4294299,1496.4849.fna_vs_GCF_901523085.1_45232_E01_genomic.fna_blast.xml,0,0,0,0,0,0,0,0,4294299,0,0,0,0,0,0,1496_subject_array_1739683097.bin
74901,1499498,MIT 0601,1499498.3,6,https://ftp.ncbi.nlm.nih.gov/genomes/all/GCF/000/760/175/GCF_000760175.1_ASM76017v1,6,1499498.3.fna,GCF_000760175.1_ASM76017v1_genomic.fna,1707342,1707342,1499498.3.fna_vs_GCF_000760175.1_ASM76017v1_genomic.fna_blast.xml,0,0,0,0,0,0,0,0,1707342,0,0,0,0,0,0,1499498_subject_array_1739683098.bin
74993,1499973,RHBSTW-00263,1499973.34,6,https://ftp.ncbi.nlm.nih.gov/genomes/all/GCF/014/103/675/GCF_014103675.1_ASM1410367v1,6,1499973.34.fna,GCF_014103675.1_ASM1410367v1_genomic.fna,4949560,4949560,1499973.34.fna_vs_GCF_014103675.1_ASM1410367v1_genomic.fna_blast.xml,0,0,0,0,0,0,0,0,4949560,0,0,0,0,0,0,1499973_subject_array_1739683102.bin
74998,1499973,RHBSTW-00814,1499973.29,6,https://ftp.ncbi.nlm.nih.gov/genomes/all/GCF/013/732/895/GCF_013732895.1_ASM1373289v1,6,1499973.29.fna,GCF_013732895.1_ASM1373289v1_genomic.fna,5083937,5083937,1499973.29.fna_vs_GCF_013732895.1_ASM1373289v1_genomic.fna_blast.xml,0,0,0,0,0,0,0,0,5083937,0,0,0,0,0,0,1499973_subject_array_1739683107.bin
75510,1502,JP55,1502.176,6,https://ftp.ncbi.nlm.nih.gov/genomes/all/GCF/001/579/765/GCF_001579765.1_ASM157976v1,6,1502.176.fna,GCF_001579765.1_ASM157976v1_genomic.fna,3571229,3571229,1502.176.fna_vs_GCF_001579765.1_ASM157976v1_genomic.fna_blast.xml,0,0,0,0,0,0,0,0,3571229,0,0,0,0,0,0,1502_subject_array_1739683109.bin
75565,1502,OB21 TSA 19,1502.3045,6,https://ftp.ncbi.nlm.nih.gov/genomes/all/GCF/028/743/735/GCF_028743735.1_ASM2874373v1,6,1502.3045.fna,GCF_028743735.1_ASM2874373v1_genomic.fna,3436047,3436047,1502.3045.fna_vs_GCF_028743735.1_ASM2874373v1_genomic.fna_blast.xml,0,0,0,0,0,0,0,0,3436047,0,0,0,0,0,0,1502_subject_array_1739683112.bin
75669,1502,Z1322WCP0013,1502.3765,6,https://ftp.ncbi.nlm.nih.gov/genomes/all/GCF/037/514/075/GCF_037514075.1_ASM3751407v1,6,1502.3765.fna,GCF_037514075.1_ASM3751407v1_genomic.fna,3520236,3520236,1502.3765.fna_vs_GCF_037514075.1_ASM3751407v1_genomic.fna_blast.xml,0,0,0,0,0,0,0,0,3520236,0,0,0,0,0,0,1502_subject_array_1739683115.bin
75796,1502773,UNCCL20,1502773.4,6,https://ftp.ncbi.nlm.nih.gov/genomes/all/GCF/900/101/675/GCF_900101675.1_IMG-taxon_2595698215_annotated_assembly,6,1502773.4.fna,GCF_900101675.1_IMG-taxon_2595698215_annotated_assembly_genomic.fna,3853880,3853880,1502773.4.fna_vs_GCF_900101675.1_IMG-taxon_2595698215_annotated_assembly_genomic.fna_blast.xml,0,0,0,0,0,0,0,285,3853595,0,0,0,0,0,0,1502773_subject_array_1739683118.bin
76093,1506994,AE3004,1506994.3,6,https://ftp.ncbi.nlm.nih.gov/genomes/all/GCF/000/703/165/GCF_000703165.1_ASM70316v1,6,1506994.3.fna,GCF_000703165.1_ASM70316v1_genomic.fna,4470907,4470907,1506994.3.fna_vs_GCF_000703165.1_ASM70316v1_genomic.fna_blast.xml,0,0,0,0,0,0,0,0,4470907,0,0,0,0,0,0,1506994_subject_array_1739683121.bin
76658,1520,DJ068,1520.509,6,https://ftp.ncbi.nlm.nih.gov/genomes/all/GCF/013/407/305/GCF_013407305.1_ASM1340730v1,6,1520.509.fna,GCF_013407305.1_ASM1340730v1_genomic.fna,5992391,5992391,1520.509.fna_vs_GCF_013407305.1_ASM1340730v1_genomic.fna_blast.xml,0,0,0,0,0,0,0,0,5992391,0,0,0,0,0,0,1520_subject_array_1739683126.bin
76832,1520455,PanSC19,1520455.3,6,https://ftp.ncbi.nlm.nih.gov/genomes/all/GCF/003/752/205/GCF_003752205.1_ASM375220v1,6,1520455.3.fna,GCF_003752205.1_ASM375220v1_genomic.fna,8478560,8478560,1520455.3.fna_vs_GCF_003752205.1_ASM375220v1_genomic.fna_blast.xml,0,0,0,0,0,0,0,0,8478560,0,0,0,0,0,0,1520455_subject_array_1739683134.bin
76877,1522176,AS3.20,1522176.3,6,https://ftp.ncbi.nlm.nih.gov/genomes/all/GCF/011/759/585/GCF_011759585.1_ASM1175958v1,6,1522176.3.fna,GCF_011759585.1_ASM1175958v1_genomic.fna,3324001,3324001,1522176.3.fna_vs_GCF_011759585.1_ASM1175958v1_genomic.fna_blast.xml,0,0,0,0,0,0,0,90,3323911,0,0,0,0,0,0,1522176_subject_array_1739683136.bin
77091,1524832,SA2,1524832.3,6,https://ftp.ncbi.nlm.nih.gov/genomes/all/GCF/032/227/065/GCF_032227065.1_ASM3222706v1,6,1524832.3.fna,GCF_032227065.1_ASM3222706v1_genomic.fna,4848117,4848117,1524832.3.fna_vs_GCF_032227065.1_ASM3222706v1_genomic.fna_blast.xml,0,0,0,0,0,0,0,0,4848117,0,0,0,0,0,0,1524832_subject_array_1739683140.bin
77222,1530123,AS40,1530123.69,6,https://ftp.ncbi.nlm.nih.gov/genomes/all/GCF/014/721/815/GCF_014721815.1_ASM1472181v1,6,1530123.69.fna,GCF_014721815.1_ASM1472181v1_genomic.fna,4473313,4473313,1530123.69.fna_vs_GCF_014721815.1_ASM1472181v1_genomic.fna_blast.xml,0,0,0,0,0,0,0,0,4473313,0,0,0,0,0,0,1530123_subject_array_1739683144.bin
77223,1530123,AS41,1530123.67,6,https://ftp.ncbi.nlm.nih.gov/genomes/all/GCF/014/721/575/GCF_014721575.1_ASM1472157v1,6,1530123.67.fna,GCF_014721575.1_ASM1472157v1_genomic.fna,4425974,4425974,1530123.67.fna_vs_GCF_014721575.1_ASM1472157v1_genomic.fna_blast.xml,0,0,0,0,0,0,0,0,4425974,0,0,0,0,0,0,1530123_subject_array_1739683147.bin
77227,1530123,AS49,1530123.64,6,https://ftp.ncbi.nlm.nih.gov/genomes/all/GCF/014/721/075/GCF_014721075.1_ASM1472107v1,6,1530123.64.fna,GCF_014721075.1_ASM1472107v1_genomic.fna,4501530,4501530,1530123.64.fna_vs_GCF_014721075.1_ASM1472107v1_genomic.fna_blast.xml,0,0,0,0,0,0,0,0,4501530,0,0,0,0,0,0,1530123_subject_array_1739683150.bin
77230,1530123,AS53,1530123.61,6,https://ftp.ncbi.nlm.nih.gov/genomes/all/GCF/014/720/495/GCF_014720495.1_ASM1472049v1,6,1530123.61.fna,GCF_014720495.1_ASM1472049v1_genomic.fna,4531666,4531666,1530123.61.fna_vs_GCF_014720495.1_ASM1472049v1_genomic.fna_blast.xml,0,0,0,0,0,0,0,0,4531666,0,0,0,0,0,0,1530123_subject_array_1739683154.bin
77247,1530123,E-022166,1530123.202,6,https://ftp.ncbi.nlm.nih.gov/genomes/all/GCF/039/725/555/GCF_039725555.1_ASM3972555v1,6,1530123.202.fna,GCF_039725555.1_ASM3972555v1_genomic.fna,4208122,4208122,1530123.202.fna_vs_GCF_039725555.1_ASM3972555v1_genomic.fna_blast.xml,0,0,0,0,0,0,0,0,4208122,0,0,0,0,0,0,1530123_subject_array_1739683157.bin
77377,153496,NBRC 16680,153496.13,6,https://ftp.ncbi.nlm.nih.gov/genomes/all/GCF/001/787/355/GCF_001787355.1_ASM178735v1,6,153496.13.fna,GCF_001787355.1_ASM178735v1_genomic.fna,3093577,3093577,153496.13.fna_vs_GCF_001787355.1_ASM178735v1_genomic.fna_blast.xml,0,0,0,0,0,0,0,0,3093577,0,0,0,0,0,0,153496_subject_array_1739683160.bin
77430,1537,MY01,1537.8,6,https://ftp.ncbi.nlm.nih.gov/genomes/all/GCF/024/723/825/GCF_024723825.1_ASM2472382v1,6,1537.8.fna,GCF_024723825.1_ASM2472382v1_genomic.fna,3925608,3925608,1537.8.fna_vs_GCF_024723825.1_ASM2472382v1_genomic.fna_blast.xml,0,0,0,0,0,0,0,0,3925608,0,0,0,0,0,0,1537_subject_array_1739683163.bin
77443,153731,CCM 4955,153731.5,6,https://ftp.ncbi.nlm.nih.gov/genomes/all/GCF/014/635/005/GCF_014635005.1_ASM1463500v1,6,153731.5.fna,GCF_014635005.1_ASM1463500v1_genomic.fna,3235487,3235487,153731.5.fna_vs_GCF_014635005.1_ASM1463500v1_genomic.fna_blast.xml,0,0,0,0,0,0,0,76,3235410,0,0,1,0,0,0,153731_subject_array_1739683165.bin
77465,1538146,CECT 8624,1538146.5,6,https://ftp.ncbi.nlm.nih.gov/genomes/all/GCF/014/191/645/GCF_014191645.1_ASM1419164v1,6,1538146.5.fna,GCF_014191645.1_ASM1419164v1_genomic.fna,3269205,3269205,1538146.5.fna_vs_GCF_014191645.1_ASM1419164v1_genomic.fna_blast.xml,0,0,0,0,0,0,0,0,3269205,0,0,0,0,0,0,1538146_subject_array_1739683168.bin
77542,1542737,KIS18-7,1542737.3,6,https://ftp.ncbi.nlm.nih.gov/genomes/all/GCF/003/725/775/GCF_003725775.1_ASM372577v1,6,1542737.3.fna,GCF_003725775.1_ASM372577v1_genomic.fna,3828516,3828516,1542737.3.fna_vs_GCF_003725775.1_ASM372577v1_genomic.fna_blast.xml,0,0,0,0,0,0,0,1262,3827251,0,0,0,3,0,0,1542737_subject_array_1739683170.bin
78274,155322,UTDF19-29B,155322.309,6,https://ftp.ncbi.nlm.nih.gov/genomes/all/GCF/022/170/805/GCF_022170805.1_ASM2217080v1,6,155322.309.fna,GCF_022170805.1_ASM2217080v1_genomic.fna,5872224,5872224,155322.309.fna_vs_GCF_022170805.1_ASM2217080v1_genomic.fna_blast.xml,0,0,0,0,0,0,0,0,5872224,0,0,0,0,0,0,155322_subject_array_1739683175.bin
78390,1561,NCTC10986,1561.61,6,https://ftp.ncbi.nlm.nih.gov/genomes/all/GCF/900/461/085/GCF_900461085.1_52295_F01,6,1561.61.fna,GCF_900461085.1_52295_F01_genomic.fna,3088387,3088387,1561.61.fna_vs_GCF_900461085.1_52295_F01_genomic.fna_blast.xml,0,0,0,0,0,0,0,0,3088387,0,0,0,0,0,0,1561_subject_array_1739683178.bin
78631,1570343,NBRC 110054,1570343.3,6,https://ftp.ncbi.nlm.nih.gov/genomes/all/GCF/002/090/115/GCF_002090115.1_ASM209011v1,6,1570343.3.fna,GCF_002090115.1_ASM209011v1_genomic.fna,3354474,3354474,1570343.3.fna_vs_GCF_002090115.1_ASM209011v1_genomic.fna_blast.xml,0,0,0,0,0,0,0,0,3354474,0,0,0,0,0,0,1570343_subject_array_1739683180.bin
78809,1574624,T34998,1574624.5,6,https://ftp.ncbi.nlm.nih.gov/genomes/all/GCF/003/384/605/GCF_003384605.1_ASM338460v1,6,1574624.5.fna,GCF_003384605.1_ASM338460v1_genomic.fna,2399850,2399850,1574624.5.fna_vs_GCF_003384605.1_ASM338460v1_genomic.fna_blast.xml,0,0,0,0,0,0,0,0,2399850,0,0,0,0,0,0,1574624_subject_array_1739683182.bin
79054,1580,D7,1580.148,6,https://ftp.ncbi.nlm.nih.gov/genomes/all/GCF/002/318/935/GCF_002318935.1_ASM231893v1,6,1580.148.fna,GCF_002318935.1_ASM231893v1_genomic.fna,2802160,2802160,1580.148.fna_vs_GCF_002318935.1_ASM231893v1_genomic.fna_blast.xml,0,0,0,0,0,0,0,0,2802160,0,0,0,0,0,0,1580_subject_array_1739683185.bin
79088,1580,Lbr-35,1580.437,6,https://ftp.ncbi.nlm.nih.gov/genomes/all/GCF/019/693/335/GCF_019693335.1_ASM1969333v1,6,1580.437.fna,GCF_019693335.1_ASM1969333v1_genomic.fna,2338793,2338793,1580.437.fna_vs_GCF_019693335.1_ASM1969333v1_genomic.fna_blast.xml,0,0,0,0,0,0,0,0,2338793,0,0,0,0,0,0,1580_subject_array_1739683186.bin
79109,1580,PL102,1580.565,6,https://ftp.ncbi.nlm.nih.gov/genomes/all/GCF/024/800/685/GCF_024800685.1_ASM2480068v1,6,1580.565.fna,GCF_024800685.1_ASM2480068v1_genomic.fna,2529578,2529578,1580.565.fna_vs_GCF_024800685.1_ASM2480068v1_genomic.fna_blast.xml,0,0,0,0,0,0,0,0,2529578,0,0,0,0,0,0,1580_subject_array_1739683188.bin
79113,1580,SC013,1580.591,6,https://ftp.ncbi.nlm.nih.gov/genomes/all/GCF/026/639/055/GCF_026639055.1_ASM2663905v1,6,1580.591.fna,GCF_026639055.1_ASM2663905v1_genomic.fna,2618605,2618605,1580.591.fna_vs_GCF_026639055.1_ASM2663905v1_genomic.fna_blast.xml,0,0,0,0,0,0,0,0,2618605,0,0,0,0,0,0,1580_subject_array_1739683191.bin
79118,1580,SRCM 103306,1580.306,6,https://ftp.ncbi.nlm.nih.gov/genomes/all/GCF/004/055/405/GCF_004055405.1_ASM405540v1,6,1580.306.fna,GCF_004055405.1_ASM405540v1_genomic.fna,2508273,2508273,1580.306.fna_vs_GCF_004055405.1_ASM405540v1_genomic.fna_blast.xml,0,0,0,0,0,0,0,0,2508273,0,0,0,0,0,0,1580_subject_array_1739683193.bin
79120,1580,SRCM101174,1580.126,6,https://ftp.ncbi.nlm.nih.gov/genomes/all/GCF/002/173/555/GCF_002173555.1_ASM217355v1,6,1580.126.fna,GCF_002173555.1_ASM217355v1_genomic.fna,2571249,2571249,1580.126.fna_vs_GCF_002173555.1_ASM217355v1_genomic.fna_blast.xml,0,0,0,0,0,0,0,0,2571249,0,0,0,0,0,0,1580_subject_array_1739683195.bin
79133,1580,UCCLB521,1580.312,6,https://ftp.ncbi.nlm.nih.gov/genomes/all/GCF/006/228/305/GCF_006228305.1_ASM622830v1,6,1580.312.fna,GCF_006228305.1_ASM622830v1_genomic.fna,2416054,2416054,1580.312.fna_vs_GCF_006228305.1_ASM622830v1_genomic.fna_blast.xml,0,0,0,0,0,0,0,0,2416054,0,0,0,0,0,0,1580_subject_array_1739683197.bin
79141,1580,ZLB004,1580.278,6,https://ftp.ncbi.nlm.nih.gov/genomes/all/GCF/003/184/305/GCF_003184305.1_ASM318430v1,6,1580.278.fna,GCF_003184305.1_ASM318430v1_genomic.fna,2655087,2655087,1580.278.fna_vs_GCF_003184305.1_ASM318430v1_genomic.fna_blast.xml,0,0,0,0,0,0,0,0,2655087,0,0,0,0,0,0,1580_subject_array_1739683199.bin
79150,1580596,P23,1580596.27,6,https://ftp.ncbi.nlm.nih.gov/genomes/all/GCF/002/888/715/GCF_002888715.1_ASM288871v1,6,1580596.27.fna,GCF_002888715.1_ASM288871v1_genomic.fna,4166832,4166832,1580596.27.fna_vs_GCF_002888715.1_ASM288871v1_genomic.fna_blast.xml,0,0,0,0,0,0,0,0,4166832,0,0,0,0,0,0,1580596_subject_array_1739683202.bin
79172,1581,FUA3252,1581.153,6,https://ftp.ncbi.nlm.nih.gov/genomes/all/GCF/031/629/455/GCF_031629455.1_ASM3162945v1,6,1581.153.fna,GCF_031629455.1_ASM3162945v1_genomic.fna,2596417,2596417,1581.153.fna_vs_GCF_031629455.1_ASM3162945v1_genomic.fna_blast.xml,0,0,0,0,0,0,0,0,2596417,0,0,0,0,0,0,1581_subject_array_1739683204.bin
79589,1585974,GM1,1585974.3,6,https://ftp.ncbi.nlm.nih.gov/genomes/all/GCF/000/829/905/GCF_000829905.1_Beduini_massiliensis_GM1,6,1585974.3.fna,GCF_000829905.1_Beduini_massiliensis_GM1_genomic.fna,2850586,2850586,1585974.3.fna_vs_GCF_000829905.1_Beduini_massiliensis_GM1_genomic.fna_blast.xml,0,0,0,0,0,0,0,0,2850586,0,0,0,0,0,0,1585974_subject_array_1739683206.bin
79792,1588,FLUB,1588.28,6,https://ftp.ncbi.nlm.nih.gov/genomes/all/GCF/009/832/765/GCF_009832765.1_ASM983276v1,6,1588.28.fna,GCF_009832765.1_ASM983276v1_genomic.fna,3190226,3190226,1588.28.fna_vs_GCF_009832765.1_ASM983276v1_genomic.fna_blast.xml,0,0,0,0,0,0,0,0,3190226,0,0,0,0,0,0,1588_subject_array_1739683209.bin
79835,158836,1.2.3,158836.2884,6,https://ftp.ncbi.nlm.nih.gov/genomes/all/GCF/032/369/155/GCF_032369155.1_ASM3236915v1,6,158836.2884.fna,GCF_032369155.1_ASM3236915v1_genomic.fna,4872771,4872771,158836.2884.fna_vs_GCF_032369155.1_ASM3236915v1_genomic.fna_blast.xml,0,0,0,0,0,0,0,0,4872771,0,0,0,0,0,0,158836_subject_array_1739683213.bin
79995,158836,2020CK-00206,158836.2201,6,https://ftp.ncbi.nlm.nih.gov/genomes/all/GCF/028/891/505/GCF_028891505.1_ASM2889150v1,6,158836.2201.fna,GCF_028891505.1_ASM2889150v1_genomic.fna,5225279,5225279,158836.2201.fna_vs_GCF_028891505.1_ASM2889150v1_genomic.fna_blast.xml,0,0,0,0,0,0,0,0,5225279,0,0,0,0,0,0,158836_subject_array_1739683217.bin
80210,158836,3.2.8,158836.2873,6,https://ftp.ncbi.nlm.nih.gov/genomes/all/GCF/032/190/795/GCF_032190795.1_ASM3219079v1,6,158836.2873.fna,GCF_032190795.1_ASM3219079v1_genomic.fna,5031271,5031271,158836.2873.fna_vs_GCF_032190795.1_ASM3219079v1_genomic.fna_blast.xml,0,0,0,0,0,0,0,0,5031271,0,0,0,0,0,0,158836_subject_array_1739683221.bin
80275,158836,48947CZ,158836.1496,6,https://ftp.ncbi.nlm.nih.gov/genomes/all/GCF/020/695/705/GCF_020695705.1_ASM2069570v1,6,158836.1496.fna,GCF_020695705.1_ASM2069570v1_genomic.fna,5269698,5269698,158836.1496.fna_vs_GCF_020695705.1_ASM2069570v1_genomic.fna_blast.xml,0,0,0,0,0,0,0,0,5269698,0,0,0,0,0,0,158836_subject_array_1739683226.bin
80309,158836,948202,158836.1521,6,https://ftp.ncbi.nlm.nih.gov/genomes/all/GCF/020/784/075/GCF_020784075.1_ASM2078407v1,6,158836.1521.fna,GCF_020784075.1_ASM2078407v1_genomic.fna,4890421,4890421,158836.1521.fna_vs_GCF_020784075.1_ASM2078407v1_genomic.fna_blast.xml,0,0,0,0,0,0,0,0,4890421,0,0,0,0,0,0,158836_subject_array_1739683230.bin
80334,158836,AI2760,158836.3483,6,https://ftp.ncbi.nlm.nih.gov/genomes/all/GCF/039/613/095/GCF_039613095.1_ASM3961309v1,6,158836.3483.fna,GCF_039613095.1_ASM3961309v1_genomic.fna,5165787,5165787,158836.3483.fna_vs_GCF_039613095.1_ASM3961309v1_genomic.fna_blast.xml,0,0,0,0,0,0,0,0,5165787,0,0,0,0,0,0,158836_subject_array_1739683235.bin
80413,158836,BC-BR428-1,158836.1465,6,https://ftp.ncbi.nlm.nih.gov/genomes/all/GCF/021/503/425/GCF_021503425.1_ASM2150342v1,6,158836.1465.fna,GCF_021503425.1_ASM2150342v1_genomic.fna,4914486,4914486,158836.1465.fna_vs_GCF_021503425.1_ASM2150342v1_genomic.fna_blast.xml,0,0,0,0,0,0,0,0,4914486,0,0,0,0,0,0,158836_subject_array_1739683239.bin
80414,158836,BC-BR476-2,158836.1466,6,https://ftp.ncbi.nlm.nih.gov/genomes/all/GCF/021/503/455/GCF_021503455.1_ASM2150345v1,6,158836.1466.fna,GCF_021503455.1_ASM2150345v1_genomic.fna,5075848,5075848,158836.1466.fna_vs_GCF_021503455.1_ASM2150345v1_genomic.fna_blast.xml,0,0,0,0,0,0,0,0,5075848,0,0,0,0,0,0,158836_subject_array_1739683243.bin
80416,158836,BC-E-317-2,158836.2993,6,https://ftp.ncbi.nlm.nih.gov/genomes/all/GCF/033/035/025/GCF_033035025.1_ASM3303502v1,6,158836.2993.fna,GCF_033035025.1_ASM3303502v1_genomic.fna,5177139,5177139,158836.2993.fna_vs_GCF_033035025.1_ASM3303502v1_genomic.fna_blast.xml,0,0,0,0,0,0,0,0,5177139,0,0,0,0,0,0,158836_subject_array_1739683247.bin
80428,158836,BK-E-811-1,158836.2988,6,https://ftp.ncbi.nlm.nih.gov/genomes/all/GCF/033/034/845/GCF_033034845.1_ASM3303484v1,6,158836.2988.fna,GCF_033034845.1_ASM3303484v1_genomic.fna,4849211,4849211,158836.2988.fna_vs_GCF_033034845.1_ASM3303484v1_genomic.fna_blast.xml,0,0,0,0,0,0,0,0,4849211,0,0,0,0,0,0,158836_subject_array_1739683251.bin
80431,158836,BK-E819.1,158836.2987,6,https://ftp.ncbi.nlm.nih.gov/genomes/all/GCF/033/034/765/GCF_033034765.1_ASM3303476v1,6,158836.2987.fna,GCF_033034765.1_ASM3303476v1_genomic.fna,4935785,4935785,158836.2987.fna_vs_GCF_033034765.1_ASM3303476v1_genomic.fna_blast.xml,0,0,0,0,0,0,0,0,4935785,0,0,0,0,0,0,158836_subject_array_1739683255.bin
80468,158836,C210066,158836.1687,6,https://ftp.ncbi.nlm.nih.gov/genomes/all/GCF/023/558/865/GCF_023558865.1_ASM2355886v1,6,158836.1687.fna,GCF_023558865.1_ASM2355886v1_genomic.fna,5195931,5195931,158836.1687.fna_vs_GCF_023558865.1_ASM2355886v1_genomic.fna_blast.xml,0,0,0,0,0,0,0,0,5195930,0,0,1,0,0,0,158836_subject_array_1739683260.bin
80738,158836,CRECL423,158836.2739,6,https://ftp.ncbi.nlm.nih.gov/genomes/all/GCF/031/165/635/GCF_031165635.1_ASM3116563v1,6,158836.2739.fna,GCF_031165635.1_ASM3116563v1_genomic.fna,5452832,5452832,158836.2739.fna_vs_GCF_031165635.1_ASM3116563v1_genomic.fna_blast.xml,0,0,0,0,0,0,0,0,5452832,0,0,0,0,0,0,158836_subject_array_1739683264.bin
80741,158836,CUVET18-121,158836.2718,6,https://ftp.ncbi.nlm.nih.gov/genomes/all/GCF/041/644/955/GCF_041644955.1_ASM4164495v1,6,158836.2718.fna,GCF_041644955.1_ASM4164495v1_genomic.fna,5038508,5038508,158836.2718.fna_vs_GCF_041644955.1_ASM4164495v1_genomic.fna_blast.xml,0,0,0,0,0,0,0,0,5038508,0,0,0,0,0,0,158836_subject_array_1739683269.bin
80773,158836,EB00131,158836.2645,6,https://ftp.ncbi.nlm.nih.gov/genomes/all/GCF/030/411/315/GCF_030411315.1_ASM3041131v1,6,158836.2645.fna,GCF_030411315.1_ASM3041131v1_genomic.fna,5286836,5286836,158836.2645.fna_vs_GCF_030411315.1_ASM3041131v1_genomic.fna_blast.xml,0,0,0,0,0,0,0,0,5286836,0,0,0,0,0,0,158836_subject_array_1739683274.bin
80774,158836,EB00132,158836.2651,6,https://ftp.ncbi.nlm.nih.gov/genomes/all/GCF/030/411/295/GCF_030411295.1_ASM3041129v1,6,158836.2651.fna,GCF_030411295.1_ASM3041129v1_genomic.fna,5250417,5250417,158836.2651.fna_vs_GCF_030411295.1_ASM3041129v1_genomic.fna_blast.xml,0,0,0,0,0,0,0,0,5250417,0,0,0,0,0,0,158836_subject_array_1739683279.bin
80775,158836,EB00147,158836.2647,6,https://ftp.ncbi.nlm.nih.gov/genomes/all/GCF/030/411/185/GCF_030411185.1_ASM3041118v1,6,158836.2647.fna,GCF_030411185.1_ASM3041118v1_genomic.fna,4915767,4915767,158836.2647.fna_vs_GCF_030411185.1_ASM3041118v1_genomic.fna_blast.xml,0,0,0,0,0,0,0,0,4915767,0,0,0,0,0,0,158836_subject_array_1739683283.bin
80777,158836,EB00158,158836.2643,6,https://ftp.ncbi.nlm.nih.gov/genomes/all/GCF/030/411/105/GCF_030411105.1_ASM3041110v1,6,158836.2643.fna,GCF_030411105.1_ASM3041110v1_genomic.fna,4962617,4962617,158836.2643.fna_vs_GCF_030411105.1_ASM3041110v1_genomic.fna_blast.xml,0,0,0,0,0,0,0,0,4962617,0,0,0,0,0,0,158836_subject_array_1739683287.bin
80935,158836,ECC47,158836.1228,6,https://ftp.ncbi.nlm.nih.gov/genomes/all/GCF/019/537/235/GCF_019537235.1_ASM1953723v1,6,158836.1228.fna,GCF_019537235.1_ASM1953723v1_genomic.fna,5237420,5237420,158836.1228.fna_vs_GCF_019537235.1_ASM1953723v1_genomic.fna_blast.xml,0,0,0,0,0,0,0,0,5237420,0,0,0,0,0,0,158836_subject_array_1739683292.bin
80936,158836,ECC48,158836.1232,6,https://ftp.ncbi.nlm.nih.gov/genomes/all/GCF/019/537/315/GCF_019537315.1_ASM1953731v1,6,158836.1232.fna,GCF_019537315.1_ASM1953731v1_genomic.fna,5410214,5410214,158836.1232.fna_vs_GCF_019537315.1_ASM1953731v1_genomic.fna_blast.xml,0,0,0,0,0,0,0,0,5410214,0,0,0,0,0,0,158836_subject_array_1739683296.bin
80994,158836,ENCL48946,158836.794,6,https://ftp.ncbi.nlm.nih.gov/genomes/all/GCF/013/697/185/GCF_013697185.1_ASM1369718v1,6,158836.794.fna,GCF_013697185.1_ASM1369718v1_genomic.fna,5348198,5348198,158836.794.fna_vs_GCF_013697185.1_ASM1369718v1_genomic.fna_blast.xml,0,0,0,0,0,0,0,0,5348198,0,0,0,0,0,0,158836_subject_array_1739683301.bin
81029,158836,Eh27,158836.1926,6,https://ftp.ncbi.nlm.nih.gov/genomes/all/GCF/023/897/035/GCF_023897035.1_ASM2389703v1,6,158836.1926.fna,GCF_023897035.1_ASM2389703v1_genomic.fna,5098951,5098951,158836.1926.fna_vs_GCF_023897035.1_ASM2389703v1_genomic.fna_blast.xml,0,0,0,0,0,0,0,0,5098951,0,0,0,0,0,0,158836_subject_array_1739683306.bin
81036,158836,Eh65,158836.1674,6,https://ftp.ncbi.nlm.nih.gov/genomes/all/GCF/023/547/485/GCF_023547485.1_ASM2354748v1,6,158836.1674.fna,GCF_023547485.1_ASM2354748v1_genomic.fna,5123225,5123225,158836.1674.fna_vs_GCF_023547485.1_ASM2354748v1_genomic.fna_blast.xml,0,0,0,0,0,0,0,0,5123225,0,0,0,0,0,0,158836_subject_array_1739683310.bin
81043,158836,Ehh_15,158836.2712,6,https://ftp.ncbi.nlm.nih.gov/genomes/all/GCF/030/848/085/GCF_030848085.1_ASM3084808v1,6,158836.2712.fna,GCF_030848085.1_ASM3084808v1_genomic.fna,5455953,5455953,158836.2712.fna_vs_GCF_030848085.1_ASM3084808v1_genomic.fna_blast.xml,0,0,0,0,0,0,0,0,5455953,0,0,0,0,0,0,158836_subject_array_1739683314.bin
81047,158836,Ehh_19,158836.2772,6,https://ftp.ncbi.nlm.nih.gov/genomes/all/GCF/030/848/045/GCF_030848045.1_ASM3084804v1,6,158836.2772.fna,GCF_030848045.1_ASM3084804v1_genomic.fna,4897146,4897146,158836.2772.fna_vs_GCF_030848045.1_ASM3084804v1_genomic.fna_blast.xml,0,0,0,0,0,0,0,0,4897146,0,0,0,0,0,0,158836_subject_array_1739683318.bin
81053,158836,Ehh_24,158836.2767,6,https://ftp.ncbi.nlm.nih.gov/genomes/all/GCF/030/847/945/GCF_030847945.1_ASM3084794v1,6,158836.2767.fna,GCF_030847945.1_ASM3084794v1_genomic.fna,5054013,5054013,158836.2767.fna_vs_GCF_030847945.1_ASM3084794v1_genomic.fna_blast.xml,0,0,0,0,0,0,0,0,5054013,0,0,0,0,0,0,158836_subject_array_1739683323.bin
81073,158836,Eho-E2,158836.966,6,https://ftp.ncbi.nlm.nih.gov/genomes/all/GCF/015/910/205/GCF_015910205.1_ASM1591020v1,6,158836.966.fna,GCF_015910205.1_ASM1591020v1_genomic.fna,5034810,5034810,158836.966.fna_vs_GCF_015910205.1_ASM1591020v1_genomic.fna_blast.xml,0,0,0,0,0,0,0,0,5034810,0,0,0,0,0,0,158836_subject_array_1739683327.bin
81090,158836,FUJ00501,158836.1698,6,https://ftp.ncbi.nlm.nih.gov/genomes/all/GCF/023/709/185/GCF_023709185.1_ASM2370918v1,6,158836.1698.fna,GCF_023709185.1_ASM2370918v1_genomic.fna,5117043,5117043,158836.1698.fna_vs_GCF_023709185.1_ASM2370918v1_genomic.fna_blast.xml,0,0,0,0,0,0,0,0,5117043,0,0,0,0,0,0,158836_subject_array_1739683332.bin
81315,158836,LC_128,158836.2752,6,https://ftp.ncbi.nlm.nih.gov/genomes/all/GCF/031/775/715/GCF_031775715.1_ASM3177571v1,6,158836.2752.fna,GCF_031775715.1_ASM3177571v1_genomic.fna,5337131,5337131,158836.2752.fna_vs_GCF_031775715.1_ASM3177571v1_genomic.fna_blast.xml,0,0,0,0,0,0,1,0,5337130,0,0,0,0,0,0,158836_subject_array_1739683336.bin
81398,158836,NR0276,158836.2092,6,https://ftp.ncbi.nlm.nih.gov/genomes/all/GCF/027/584/875/GCF_027584875.1_ASM2758487v1,6,158836.2092.fna,GCF_027584875.1_ASM2758487v1_genomic.fna,5179052,5179052,158836.2092.fna_vs_GCF_027584875.1_ASM2758487v1_genomic.fna_blast.xml,0,0,0,0,0,0,0,0,5179052,0,0,0,0,0,0,158836_subject_array_1739683341.bin
81559,158836,RHBSTW-00626,158836.800,6,https://ftp.ncbi.nlm.nih.gov/genomes/all/GCF/013/734/915/GCF_013734915.1_ASM1373491v1,6,158836.800.fna,GCF_013734915.1_ASM1373491v1_genomic.fna,5053619,5053619,158836.800.fna_vs_GCF_013734915.1_ASM1373491v1_genomic.fna_blast.xml,0,0,0,0,0,0,0,0,5053619,0,0,0,0,0,0,158836_subject_array_1739683346.bin
81560,158836,RHBSTW-00642,158836.799,6,https://ftp.ncbi.nlm.nih.gov/genomes/all/GCF/013/734/275/GCF_013734275.1_ASM1373427v1,6,158836.799.fna,GCF_013734275.1_ASM1373427v1_genomic.fna,5222466,5222466,158836.799.fna_vs_GCF_013734275.1_ASM1373427v1_genomic.fna_blast.xml,0,0,0,0,0,0,0,0,5222466,0,0,0,0,0,0,158836_subject_array_1739683350.bin
81577,158836,RK-E110.1B,158836.2958,6,https://ftp.ncbi.nlm.nih.gov/genomes/all/GCF/033/031/245/GCF_033031245.1_ASM3303124v1,6,158836.2958.fna,GCF_033031245.1_ASM3303124v1_genomic.fna,5017855,5017855,158836.2958.fna_vs_GCF_033031245.1_ASM3303124v1_genomic.fna_blast.xml,0,0,0,0,0,0,0,0,5017855,0,0,0,0,0,0,158836_subject_array_1739683354.bin
81841,158836,ZHH,158836.2742,6,https://ftp.ncbi.nlm.nih.gov/genomes/all/GCF/031/624/455/GCF_031624455.1_ASM3162445v1,6,158836.2742.fna,GCF_031624455.1_ASM3162445v1_genomic.fna,5415820,5415820,158836.2742.fna_vs_GCF_031624455.1_ASM3162445v1_genomic.fna_blast.xml,0,0,0,0,0,0,0,0,5415820,0,0,0,0,0,0,158836_subject_array_1739683359.bin
81896,158849,W18-2,158849.10,6,https://ftp.ncbi.nlm.nih.gov/genomes/all/GCF/022/591/895/GCF_022591895.1_ASM2259189v1,6,158849.10.fna,GCF_022591895.1_ASM2259189v1_genomic.fna,4021421,4021421,158849.10.fna_vs_GCF_022591895.1_ASM2259189v1_genomic.fna_blast.xml,0,0,0,0,0,0,0,0,4021421,0,0,0,0,0,0,158849_subject_array_1739683362.bin
81964,1589,68-1,1589.287,6,https://ftp.ncbi.nlm.nih.gov/genomes/all/GCF/025/398/935/GCF_025398935.1_ASM2539893v1,6,1589.287.fna,GCF_025398935.1_ASM2539893v1_genomic.fna,3583752,3583752,1589.287.fna_vs_GCF_025398935.1_ASM2539893v1_genomic.fna_blast.xml,0,0,0,0,0,0,0,0,3583752,0,0,0,0,0,0,1589_subject_array_1739683368.bin
81970,1589,7.8.2,1589.361,6,https://ftp.ncbi.nlm.nih.gov/genomes/all/GCF/032/195/525/GCF_032195525.1_ASM3219552v1,6,1589.361.fna,GCF_032195525.1_ASM3219552v1_genomic.fna,3862885,3862885,1589.361.fna_vs_GCF_032195525.1_ASM3219552v1_genomic.fna_blast.xml,0,0,0,0,0,0,18,118,3862515,0,7,227,0,0,0,1589_subject_array_1739683373.bin
81978,1589,BGM48,1589.318,6,https://ftp.ncbi.nlm.nih.gov/genomes/all/GCF/002/850/015/GCF_002850015.1_ASM285001v1,6,1589.318.fna,GCF_002850015.1_ASM285001v1_genomic.fna,3676811,3676811,1589.318.fna_vs_GCF_002850015.1_ASM285001v1_genomic.fna_blast.xml,0,0,0,0,0,0,0,0,3676811,0,0,0,0,0,0,1589_subject_array_1739683379.bin
82070,159,Bhyo_215,159.401,6,https://ftp.ncbi.nlm.nih.gov/genomes/all/GCF/027/586/795/GCF_027586795.1_ASM2758679v1,6,159.401.fna,GCF_027586795.1_ASM2758679v1_genomic.fna,2552006,3180081,159.401.fna_vs_GCF_027586795.1_ASM2758679v1_genomic.fna_blast.xml,0,0,104,19,0,0,93,589613,2564211,0,182,2756,22972,0,131,159_subject_array_1739683381.bin
82085,159,Bhyo_242,159.381,6,https://ftp.ncbi.nlm.nih.gov/genomes/all/GCF/027/586/375/GCF_027586375.1_ASM2758637v1,6,159.381.fna,GCF_027586375.1_ASM2758637v1_genomic.fna,2316656,3207818,159.381.fna_vs_GCF_027586375.1_ASM2758637v1_genomic.fna_blast.xml,0,0,287,35,0,0,145,800511,2340686,0,270,5240,60049,0,595,159_subject_array_1739683383.bin
82106,159,Bhyo_272,159.358,6,https://ftp.ncbi.nlm.nih.gov/genomes/all/GCF/027/585/845/GCF_027585845.1_ASM2758584v1,6,159.358.fna,GCF_027585845.1_ASM2758584v1_genomic.fna,3009260,3219010,159.358.fna_vs_GCF_027585845.1_ASM2758584v1_genomic.fna_blast.xml,0,0,38,12,0,0,46,185214,3013920,0,73,1310,18333,0,64,159_subject_array_1739683385.bin
82117,159,Bhyo_284,159.347,6,https://ftp.ncbi.nlm.nih.gov/genomes/all/GCF/027/585/635/GCF_027585635.1_ASM2758563v1,6,159.347.fna,GCF_027585635.1_ASM2758563v1_genomic.fna,2349165,3217866,159.347.fna_vs_GCF_027585635.1_ASM2758563v1_genomic.fna_blast.xml,0,0,149,60,0,0,285,800340,2384692,0,461,4868,26774,0,237,159_subject_array_1739683387.bin
82119,159,Bhyo_286,159.351,6,https://ftp.ncbi.nlm.nih.gov/genomes/all/GCF/027/585/615/GCF_027585615.1_ASM2758561v1,6,159.351.fna,GCF_027585615.1_ASM2758561v1_genomic.fna,3208127,3208127,159.351.fna_vs_GCF_027585615.1_ASM2758561v1_genomic.fna_blast.xml,0,0,0,0,0,0,0,0,3208127,0,0,0,0,0,0,159_subject_array_1739683390.bin
82121,159,Bhyo_288,159.340,6,https://ftp.ncbi.nlm.nih.gov/genomes/all/GCF/027/585/595/GCF_027585595.1_ASM2758559v1,6,159.340.fna,GCF_027585595.1_ASM2758559v1_genomic.fna,2302051,3183276,159.340.fna_vs_GCF_027585595.1_ASM2758559v1_genomic.fna_blast.xml,0,0,351,65,0,0,128,801499,2344375,0,253,5534,30635,0,436,159_subject_array_1739683392.bin
82197,1590,3-1,1590.2961,6,https://ftp.ncbi.nlm.nih.gov/genomes/all/GCF/024/137/985/GCF_024137985.1_ASM2413798v1,6,1590.2961.fna,GCF_024137985.1_ASM2413798v1_genomic.fna,3450583,3450583,1590.2961.fna_vs_GCF_024137985.1_ASM2413798v1_genomic.fna_blast.xml,0,0,0,0,0,0,0,0,3450583,0,0,0,0,0,0,1590_subject_array_1739683394.bin
82203,1590,41P,1590.2316,6,https://ftp.ncbi.nlm.nih.gov/genomes/all/GCF/019/399/915/GCF_019399915.1_ASM1939991v1,6,1590.2316.fna,GCF_019399915.1_ASM1939991v1_genomic.fna,3270949,3270949,1590.2316.fna_vs_GCF_019399915.1_ASM1939991v1_genomic.fna_blast.xml,0,0,0,0,0,0,0,0,3270949,0,0,0,0,0,0,1590_subject_array_1739683397.bin
82294,1590,BCC9546,1590.1802,6,https://ftp.ncbi.nlm.nih.gov/genomes/all/GCF/014/084/065/GCF_014084065.1_ASM1408406v1,6,1590.1802.fna,GCF_014084065.1_ASM1408406v1_genomic.fna,3323585,3323585,1590.1802.fna_vs_GCF_014084065.1_ASM1408406v1_genomic.fna_blast.xml,0,0,0,0,0,0,0,0,3323585,0,0,0,0,0,0,1590_subject_array_1739683399.bin
82307,1590,BLS41,1590.468,6,https://ftp.ncbi.nlm.nih.gov/genomes/all/GCF/002/116/955/GCF_002116955.1_ASM211695v1,6,1590.468.fna,GCF_002116955.1_ASM211695v1_genomic.fna,3476011,3476011,1590.468.fna_vs_GCF_002116955.1_ASM211695v1_genomic.fna_blast.xml,0,0,0,0,0,0,0,0,3476011,0,0,0,0,0,0,1590_subject_array_1739683402.bin
82313,1590,C29,1590.1172,6,https://ftp.ncbi.nlm.nih.gov/genomes/all/GCF/003/577/505/GCF_003577505.1_ASM357750v1,6,1590.1172.fna,GCF_003577505.1_ASM357750v1_genomic.fna,3452333,3452333,1590.1172.fna_vs_GCF_003577505.1_ASM357750v1_genomic.fna_blast.xml,0,0,0,0,0,0,0,0,3452331,0,0,2,0,0,0,1590_subject_array_1739683405.bin
82524,1590,IMAUJBP3,1590.4399,6,https://ftp.ncbi.nlm.nih.gov/genomes/all/GCF/036/416/335/GCF_036416335.1_ASM3641633v1,6,1590.4399.fna,GCF_036416335.1_ASM3641633v1_genomic.fna,3225443,3225443,1590.4399.fna_vs_GCF_036416335.1_ASM3641633v1_genomic.fna_blast.xml,0,0,0,0,0,0,0,0,3225443,0,0,0,0,0,0,1590_subject_array_1739683407.bin
82530,1590,IRG1,1590.1495,6,https://ftp.ncbi.nlm.nih.gov/genomes/all/GCF/004/319/665/GCF_004319665.1_ASM431966v1,6,1590.1495.fna,GCF_004319665.1_ASM431966v1_genomic.fna,3378627,3378627,1590.1495.fna_vs_GCF_004319665.1_ASM431966v1_genomic.fna_blast.xml,0,0,0,0,0,0,0,0,3378627,0,0,0,0,0,0,1590_subject_array_1739683410.bin
82535,1590,JB-1,1590.2891,6,https://ftp.ncbi.nlm.nih.gov/genomes/all/GCF/023/370/155/GCF_023370155.1_ASM2337015v1,6,1590.2891.fna,GCF_023370155.1_ASM2337015v1_genomic.fna,3314958,3314958,1590.2891.fna_vs_GCF_023370155.1_ASM2337015v1_genomic.fna_blast.xml,0,0,0,0,0,0,0,0,3314958,0,0,0,0,0,0,1590_subject_array_1739683412.bin
82564,1590,KM2,1590.2127,6,https://ftp.ncbi.nlm.nih.gov/genomes/all/GCF/016/838/645/GCF_016838645.1_ASM1683864v1,6,1590.2127.fna,GCF_016838645.1_ASM1683864v1_genomic.fna,3418157,3418157,1590.2127.fna_vs_GCF_016838645.1_ASM1683864v1_genomic.fna_blast.xml,0,0,0,0,0,0,0,0,3418157,0,0,0,0,0,0,1590_subject_array_1739683415.bin
82595,1590,LP140,1590.4523,6,https://ftp.ncbi.nlm.nih.gov/genomes/all/GCF/038/024/955/GCF_038024955.1_ASM3802495v1,6,1590.4523.fna,GCF_038024955.1_ASM3802495v1_genomic.fna,3371266,3371266,1590.4523.fna_vs_GCF_038024955.1_ASM3802495v1_genomic.fna_blast.xml,0,0,0,0,0,0,0,0,3371266,0,0,0,0,0,0,1590_subject_array_1739683418.bin
82606,1590,LPKH,1590.2560,6,https://ftp.ncbi.nlm.nih.gov/genomes/all/GCF/020/400/695/GCF_020400695.1_ASM2040069v1,6,1590.2560.fna,GCF_020400695.1_ASM2040069v1_genomic.fna,3082805,3082805,1590.2560.fna_vs_GCF_020400695.1_ASM2040069v1_genomic.fna_blast.xml,0,0,0,0,0,0,0,0,3082805,0,0,0,0,0,0,1590_subject_array_1739683420.bin
82620,1590,LZ227,1590.266,6,https://ftp.ncbi.nlm.nih.gov/genomes/all/GCF/001/660/025/GCF_001660025.1_ASM166002v1,6,1590.266.fna,GCF_001660025.1_ASM166002v1_genomic.fna,3425292,3425292,1590.266.fna_vs_GCF_001660025.1_ASM166002v1_genomic.fna_blast.xml,0,0,0,0,0,0,0,0,3425292,0,0,0,0,0,0,1590_subject_array_1739683423.bin
82678,1590,MWLp-12,1590.3453,6,https://ftp.ncbi.nlm.nih.gov/genomes/all/GCF/028/463/965/GCF_028463965.1_ASM2846396v1,6,1590.3453.fna,GCF_028463965.1_ASM2846396v1_genomic.fna,143922,3274303,1590.3453.fna_vs_GCF_028463965.1_ASM2846396v1_genomic.fna_blast.xml,0,0,8,7,0,0,24,3096390,165772,0,28,1004,11062,0,8,1590_subject_array_1739683423.bin
82682,1590,NCIMB 700965,1590.1208,6,https://ftp.ncbi.nlm.nih.gov/genomes/all/GCF/003/611/015/GCF_003611015.1_ASM361101v1,6,1590.1208.fna,GCF_003611015.1_ASM361101v1_genomic.fna,3216285,3216285,1590.1208.fna_vs_GCF_003611015.1_ASM361101v1_genomic.fna_blast.xml,0,0,0,0,0,0,0,0,3216285,0,0,0,0,0,0,1590_subject_array_1739683426.bin
82683,1590,NCIMB700965.EF.A,1590.1496,6,https://ftp.ncbi.nlm.nih.gov/genomes/all/GCF/004/328/745/GCF_004328745.1_ASM432874v1,6,1590.1496.fna,GCF_004328745.1_ASM432874v1_genomic.fna,3217131,3217131,1590.1496.fna_vs_GCF_004328745.1_ASM432874v1_genomic.fna_blast.xml,0,0,0,0,0,0,0,0,3217131,0,0,0,0,0,0,1590_subject_array_1739683429.bin
82730,1590,P-8-A0-3,1590.4105,6,https://ftp.ncbi.nlm.nih.gov/genomes/all/GCF/031/082/705/GCF_031082705.1_ASM3108270v1,6,1590.4105.fna,GCF_031082705.1_ASM3108270v1_genomic.fna,3222491,3222491,1590.4105.fna_vs_GCF_031082705.1_ASM3108270v1_genomic.fna_blast.xml,0,0,0,0,0,0,0,0,3222491,0,0,0,0,0,0,1590_subject_array_1739683432.bin
82887,1590,S58,1590.2125,6,https://ftp.ncbi.nlm.nih.gov/genomes/all/GCF/016/775/685/GCF_016775685.1_ASM1677568v1,6,1590.2125.fna,GCF_016775685.1_ASM1677568v1_genomic.fna,3269258,3269258,1590.2125.fna_vs_GCF_016775685.1_ASM1677568v1_genomic.fna_blast.xml,0,0,0,0,0,0,0,0,3269258,0,0,0,0,0,0,1590_subject_array_1739683435.bin
82914,1590,SRCM101222,1590.1661,6,https://ftp.ncbi.nlm.nih.gov/genomes/all/GCF/009/913/835/GCF_009913835.1_ASM991383v1,6,1590.1661.fna,GCF_009913835.1_ASM991383v1_genomic.fna,3358114,3358114,1590.1661.fna_vs_GCF_009913835.1_ASM991383v1_genomic.fna_blast.xml,0,0,0,0,0,0,0,0,3358114,0,0,0,0,0,0,1590_subject_array_1739683437.bin
82915,1590,SRCM101511,1590.1695,6,https://ftp.ncbi.nlm.nih.gov/genomes/all/GCF/009/937/825/GCF_009937825.1_ASM993782v1,6,1590.1695.fna,GCF_009937825.1_ASM993782v1_genomic.fna,3272716,3272716,1590.1695.fna_vs_GCF_009937825.1_ASM993782v1_genomic.fna_blast.xml,0,0,0,0,0,0,0,0,3272716,0,0,0,0,0,0,1590_subject_array_1739683440.bin
82916,1590,SRCM101518,1590.1662,6,https://ftp.ncbi.nlm.nih.gov/genomes/all/GCF/009/913/855/GCF_009913855.1_ASM991385v1,6,1590.1662.fna,GCF_009913855.1_ASM991385v1_genomic.fna,3416247,3416247,1590.1662.fna_vs_GCF_009913855.1_ASM991385v1_genomic.fna_blast.xml,0,0,0,0,0,0,0,0,3416247,0,0,0,0,0,0,1590_subject_array_1739683443.bin
82921,1590,SRCM103295,1590.1385,6,https://ftp.ncbi.nlm.nih.gov/genomes/all/GCF/004/087/995/GCF_004087995.1_ASM408799v1,6,1590.1385.fna,GCF_004087995.1_ASM408799v1_genomic.fna,3448313,3448313,1590.1385.fna_vs_GCF_004087995.1_ASM408799v1_genomic.fna_blast.xml,0,0,0,0,0,0,0,0,3448313,0,0,0,0,0,0,1590_subject_array_1739683445.bin
82930,1590,SRCM103418,1590.1390,6,https://ftp.ncbi.nlm.nih.gov/genomes/all/GCF/004/101/625/GCF_004101625.1_ASM410162v1,6,1590.1390.fna,GCF_004101625.1_ASM410162v1_genomic.fna,3320714,3320714,1590.1390.fna_vs_GCF_004101625.1_ASM410162v1_genomic.fna_blast.xml,0,0,0,0,0,0,0,0,3320714,0,0,0,0,0,0,1590_subject_array_1739683448.bin
82994,1590,TMW1.460,1590.1638,6,https://ftp.ncbi.nlm.nih.gov/genomes/all/GCF/009/864/015/GCF_009864015.1_ASM986401v1,6,1590.1638.fna,GCF_009864015.1_ASM986401v1_genomic.fna,3327263,3327263,1590.1638.fna_vs_GCF_009864015.1_ASM986401v1_genomic.fna_blast.xml,0,0,0,0,0,0,0,3264,3323978,0,0,0,21,0,0,1590_subject_array_1739683451.bin
83047,1590,YW11,1590.1377,6,https://ftp.ncbi.nlm.nih.gov/genomes/all/GCF/004/028/295/GCF_004028295.1_ASM402829v1,6,1590.1377.fna,GCF_004028295.1_ASM402829v1_genomic.fna,3249304,3249304,1590.1377.fna_vs_GCF_004028295.1_ASM402829v1_genomic.fna_blast.xml,0,0,0,0,0,0,0,0,3249304,0,0,0,0,0,0,1590_subject_array_1739683454.bin
83063,1590,ZFM9,1590.1209,6,https://ftp.ncbi.nlm.nih.gov/genomes/all/GCF/003/627/335/GCF_003627335.1_ASM362733v1,6,1590.1209.fna,GCF_003627335.1_ASM362733v1_genomic.fna,3434010,3434010,1590.1209.fna_vs_GCF_003627335.1_ASM362733v1_genomic.fna_blast.xml,0,0,0,0,0,0,0,0,3434010,0,0,0,0,0,0,1590_subject_array_1739683456.bin
83072,1590,cqf-43,1590.4368,6,https://ftp.ncbi.nlm.nih.gov/genomes/all/GCF/034/333/585/GCF_034333585.1_ASM3433358v1,6,1590.4368.fna,GCF_034333585.1_ASM3433358v1_genomic.fna,3169201,3169201,1590.4368.fna_vs_GCF_034333585.1_ASM3433358v1_genomic.fna_blast.xml,0,0,0,0,0,0,0,0,3169201,0,0,0,0,0,0,1590_subject_array_1739683459.bin
83335,1597,DM001,1597.1022,6,https://ftp.ncbi.nlm.nih.gov/genomes/all/GCF/024/158/965/GCF_024158965.2_ASM2415896v2,6,1597.1022.fna,GCF_024158965.2_ASM2415896v2_genomic.fna,3027537,3027537,1597.1022.fna_vs_GCF_024158965.2_ASM2415896v2_genomic.fna_blast.xml,0,0,0,0,0,0,0,0,3027537,0,0,0,0,0,0,1597_subject_array_1739683462.bin
83441,1597,LMG 19719,1597.1546,6,https://ftp.ncbi.nlm.nih.gov/genomes/all/GCF/032/466/015/GCF_032466015.1_ASM3246601v1,6,1597.1546.fna,GCF_032466015.1_ASM3246601v1_genomic.fna,2906978,2906978,1597.1546.fna_vs_GCF_032466015.1_ASM3246601v1_genomic.fna_blast.xml,0,0,0,0,0,0,0,0,2906978,0,0,0,0,0,0,1597_subject_array_1739683465.bin
84227,1607839,Ebr1-8,1607839.73,6,https://ftp.ncbi.nlm.nih.gov/genomes/all/GCF/020/089/375/GCF_020089375.1_ASM2008937v1,6,1607839.73.fna,GCF_020089375.1_ASM2008937v1_genomic.fna,1919726,1919726,1607839.73.fna_vs_GCF_020089375.1_ASM2008937v1_genomic.fna_blast.xml,0,0,0,0,0,0,0,416,1919309,0,0,1,0,0,0,1607839_subject_array_1739683466.bin
84682,1615909,NIES-3708,1615909.13,6,https://ftp.ncbi.nlm.nih.gov/genomes/all/GCF/001/548/095/GCF_001548095.1_Gm3709_assembly_1.0,6,1615909.13.fna,GCF_001548095.1_Gm3709_assembly_1.0_genomic.fna,4042078,4042078,1615909.13.fna_vs_GCF_001548095.1_Gm3709_assembly_1.0_genomic.fna_blast.xml,0,0,0,0,0,0,0,0,4042078,0,0,0,0,0,0,1615909_subject_array_1739683469.bin
84719,161879,P1_C1,161879.67,6,https://ftp.ncbi.nlm.nih.gov/genomes/all/GCF/030/486/665/GCF_030486665.1_ASM3048666v1,6,161879.67.fna,GCF_030486665.1_ASM3048666v1_genomic.fna,2456372,2456372,161879.67.fna_vs_GCF_030486665.1_ASM3048666v1_genomic.fna_blast.xml,0,0,0,0,0,0,0,0,2456372,0,0,0,0,0,0,161879_subject_array_1739683471.bin
84744,1619308,CGMCC 1.15041,1619308.9,6,https://ftp.ncbi.nlm.nih.gov/genomes/all/GCF/014/640/535/GCF_014640535.1_ASM1464053v1,6,1619308.9.fna,GCF_014640535.1_ASM1464053v1_genomic.fna,4345923,4345923,1619308.9.fna_vs_GCF_014640535.1_ASM1464053v1_genomic.fna_blast.xml,0,0,0,0,0,0,0,0,4345923,0,0,0,0,0,0,1619308_subject_array_1739683474.bin
85265,1624,S32,1624.805,6,https://ftp.ncbi.nlm.nih.gov/genomes/all/GCF/030/062/825/GCF_030062825.1_ASM3006282v1,6,1624.805.fna,GCF_030062825.1_ASM3006282v1_genomic.fna,2271833,2271833,1624.805.fna_vs_GCF_030062825.1_ASM3006282v1_genomic.fna_blast.xml,0,0,0,0,0,0,0,0,2271833,0,0,0,0,0,0,1624_subject_array_1739683476.bin
85270,1624,S92,1624.803,6,https://ftp.ncbi.nlm.nih.gov/genomes/all/GCF/030/062/785/GCF_030062785.1_ASM3006278v1,6,1624.803.fna,GCF_030062785.1_ASM3006278v1_genomic.fna,2276271,2276271,1624.803.fna_vs_GCF_030062785.1_ASM3006278v1_genomic.fna_blast.xml,0,0,0,0,0,0,0,0,2276271,0,0,0,0,0,0,1624_subject_array_1739683478.bin
85277,1624,SRCM217619,1624.832,6,https://ftp.ncbi.nlm.nih.gov/genomes/all/GCF/030/434/115/GCF_030434115.1_ASM3043411v1,6,1624.832.fna,GCF_030434115.1_ASM3043411v1_genomic.fna,2014796,2014796,1624.832.fna_vs_GCF_030434115.1_ASM3043411v1_genomic.fna_blast.xml,0,0,0,0,0,0,0,0,2014796,0,0,0,0,0,0,1624_subject_array_1739683481.bin
85467,1631346,mt6,1631346.7,6,https://ftp.ncbi.nlm.nih.gov/genomes/all/GCF/001/049/895/GCF_001049895.1_Rubeoparvulum_massiliensis,6,1631346.7.fna,GCF_001049895.1_Rubeoparvulum_massiliensis_genomic.fna,2843796,2843796,1631346.7.fna_vs_GCF_001049895.1_Rubeoparvulum_massiliensis_genomic.fna_blast.xml,0,0,0,0,0,0,0,0,2843796,0,0,0,0,0,0,1631346_subject_array_1739683483.bin
85485,1632,BSLO1801,1632.38,6,https://ftp.ncbi.nlm.nih.gov/genomes/all/GCF/030/053/195/GCF_030053195.1_ASM3005319v1,6,1632.38.fna,GCF_030053195.1_ASM3005319v1_genomic.fna,2064446,2064446,1632.38.fna_vs_GCF_030053195.1_ASM3005319v1_genomic.fna_blast.xml,0,0,0,0,0,0,0,0,2064446,0,0,0,0,0,0,1632_subject_array_1739683485.bin
85573,1636607,ASNIH2,1636607.4,6,https://ftp.ncbi.nlm.nih.gov/genomes/all/GCF/002/934/795/GCF_002934795.1_ASM293479v1,6,1636607.4.fna,GCF_002934795.1_ASM293479v1_genomic.fna,4864532,4864532,1636607.4.fna_vs_GCF_002934795.1_ASM293479v1_genomic.fna_blast.xml,0,0,0,0,0,0,0,0,4864532,0,0,0,0,0,0,1636607_subject_array_1739683489.bin
86054,1639,20454,1639.12822,6,https://ftp.ncbi.nlm.nih.gov/genomes/all/GCF/024/702/715/GCF_024702715.1_ASM2470271v1,6,1639.12822.fna,GCF_024702715.1_ASM2470271v1_genomic.fna,3021016,3021016,1639.12822.fna_vs_GCF_024702715.1_ASM2470271v1_genomic.fna_blast.xml,0,0,2,0,0,0,0,1347,3019640,0,0,4,23,0,0,1639_subject_array_1739683491.bin
86058,1639,20503,1639.12826,6,https://ftp.ncbi.nlm.nih.gov/genomes/all/GCF/024/702/675/GCF_024702675.1_ASM2470267v1,6,1639.12826.fna,GCF_024702675.1_ASM2470267v1_genomic.fna,3060314,3060314,1639.12826.fna_vs_GCF_024702675.1_ASM2470267v1_genomic.fna_blast.xml,0,0,0,0,0,0,0,898,3059416,0,0,0,0,0,0,1639_subject_array_1739683494.bin
86066,1639,20548,1639.12792,6,https://ftp.ncbi.nlm.nih.gov/genomes/all/GCF/024/702/095/GCF_024702095.1_ASM2470209v1,6,1639.12792.fna,GCF_024702095.1_ASM2470209v1_genomic.fna,3020152,3020152,1639.12792.fna_vs_GCF_024702095.1_ASM2470209v1_genomic.fna_blast.xml,0,0,0,0,0,0,0,1355,3018791,0,0,3,3,0,0,1639_subject_array_1739683496.bin
86080,1639,20585,1639.12791,6,https://ftp.ncbi.nlm.nih.gov/genomes/all/GCF/024/701/995/GCF_024701995.1_ASM2470199v1,6,1639.12791.fna,GCF_024701995.1_ASM2470199v1_genomic.fna,3060743,3060743,1639.12791.fna_vs_GCF_024701995.1_ASM2470199v1_genomic.fna_blast.xml,0,0,0,0,0,0,0,1093,3059643,0,0,0,7,0,0,1639_subject_array_1739683498.bin
86711,1639,BW170175,1639.13408,6,https://ftp.ncbi.nlm.nih.gov/genomes/all/GCF/029/831/255/GCF_029831255.1_ASM2983125v1,6,1639.13408.fna,GCF_029831255.1_ASM2983125v1_genomic.fna,2890798,2890798,1639.13408.fna_vs_GCF_029831255.1_ASM2983125v1_genomic.fna_blast.xml,0,0,0,0,0,0,0,343,2890455,0,0,0,0,0,0,1639_subject_array_1739683500.bin
88543,1639,LM-F-31,1639.4542,6,https://ftp.ncbi.nlm.nih.gov/genomes/all/GCF/003/190/965/GCF_003190965.1_ASM319096v1,6,1639.4542.fna,GCF_003190965.1_ASM319096v1_genomic.fna,2978109,2978109,1639.4542.fna_vs_GCF_003190965.1_ASM319096v1_genomic.fna_blast.xml,0,0,0,0,0,0,0,0,2978109,0,0,0,0,0,0,1639_subject_array_1739683503.bin
88783,1639,LM5470,1639.13441,6,https://ftp.ncbi.nlm.nih.gov/genomes/all/GCF/029/831/915/GCF_029831915.1_ASM2983191v1,6,1639.13441.fna,GCF_029831915.1_ASM2983191v1_genomic.fna,2974131,2974131,1639.13441.fna_vs_GCF_029831915.1_ASM2983191v1_genomic.fna_blast.xml,0,0,0,0,0,0,0,259,2973872,0,0,0,0,0,0,1639_subject_array_1739683505.bin
88787,1639,LM5567,1639.13440,6,https://ftp.ncbi.nlm.nih.gov/genomes/all/GCF/029/831/825/GCF_029831825.1_ASM2983182v1,6,1639.13440.fna,GCF_029831825.1_ASM2983182v1_genomic.fna,2974132,2974132,1639.13440.fna_vs_GCF_029831825.1_ASM2983182v1_genomic.fna_blast.xml,0,0,0,0,0,0,0,263,2973869,0,0,0,0,0,0,1639_subject_array_1739683507.bin
89515,1639,NRRL B-33370,1639.2011,6,https://ftp.ncbi.nlm.nih.gov/genomes/all/GCF/001/760/125/GCF_001760125.1_BCW_3848,6,1639.2011.fna,GCF_001760125.1_BCW_3848_genomic.fna,2874158,2874158,1639.2011.fna_vs_GCF_001760125.1_BCW_3848_genomic.fna_blast.xml,0,0,0,0,0,0,0,313,2873845,0,0,0,0,0,0,1639_subject_array_1739683509.bin
89593,1639,NRRL B-57109,1639.1892,6,https://ftp.ncbi.nlm.nih.gov/genomes/all/GCF/001/749/985/GCF_001749985.1_ASM174998v1,6,1639.1892.fna,GCF_001749985.1_ASM174998v1_genomic.fna,2870740,2870740,1639.1892.fna_vs_GCF_001749985.1_ASM174998v1_genomic.fna_blast.xml,0,0,0,0,0,0,0,530,2870210,0,0,0,0,0,0,1639_subject_array_1739683512.bin
90123,1639133,CP-2,1639133.241,6,https://ftp.ncbi.nlm.nih.gov/genomes/all/GCF/032/191/855/GCF_032191855.1_ASM3219185v1,6,1639133.241.fna,GCF_032191855.1_ASM3219185v1_genomic.fna,5366135,5366135,1639133.241.fna_vs_GCF_032191855.1_ASM3219185v1_genomic.fna_blast.xml,0,0,0,0,0,0,0,0,5366135,0,0,0,0,0,0,1639133_subject_array_1739683516.bin
90223,1639133,STN0717-72,1639133.51,6,https://ftp.ncbi.nlm.nih.gov/genomes/all/GCF/015/138/175/GCF_015138175.1_ASM1513817v1,6,1639133.51.fna,GCF_015138175.1_ASM1513817v1_genomic.fna,5405390,5405390,1639133.51.fna_vs_GCF_015138175.1_ASM1513817v1_genomic.fna_blast.xml,0,0,0,0,0,0,0,0,5405390,0,0,0,0,0,0,1639133_subject_array_1739683521.bin
90276,164,ATCC 700769,164.7,6,https://ftp.ncbi.nlm.nih.gov/genomes/all/GCF/900/573/895/GCF_900573895.1_PRJEB29053,6,164.7.fna,GCF_900573895.1_PRJEB29053_genomic.fna,2319274,2319274,164.7.fna_vs_GCF_900573895.1_PRJEB29053_genomic.fna_blast.xml,0,0,0,0,0,0,0,0,2319274,0,0,0,0,0,0,164_subject_array_1739683523.bin
91167,165179,H012_18,165179.3089,6,https://ftp.ncbi.nlm.nih.gov/genomes/all/GCF/026/015/485/GCF_026015485.1_ASM2601548v1,6,165179.3089.fna,GCF_026015485.1_ASM2601548v1_genomic.fna,4302361,4302361,165179.3089.fna_vs_GCF_026015485.1_ASM2601548v1_genomic.fna_blast.xml,0,0,0,0,0,0,0,0,4302361,0,0,0,0,0,0,165179_subject_array_1739683527.bin
91239,165179,Ind117-13,165179.3078,6,https://ftp.ncbi.nlm.nih.gov/genomes/all/GCF/026/015/265/GCF_026015265.1_ASM2601526v1,6,165179.3078.fna,GCF_026015265.1_ASM2601526v1_genomic.fna,3816070,3816070,165179.3078.fna_vs_GCF_026015265.1_ASM2601526v1_genomic.fna_blast.xml,0,0,0,0,0,0,0,0,3816070,0,0,0,0,0,0,165179_subject_array_1739683530.bin
91275,165179,RA-N001-13,165179.3097,6,https://ftp.ncbi.nlm.nih.gov/genomes/all/GCF/026/015/645/GCF_026015645.1_ASM2601564v1,6,165179.3097.fna,GCF_026015645.1_ASM2601564v1_genomic.fna,3761241,3761241,165179.3097.fna_vs_GCF_026015645.1_ASM2601564v1_genomic.fna_blast.xml,0,0,0,0,0,0,0,0,3761241,0,0,0,0,0,0,165179_subject_array_1739683533.bin
91276,165179,RA-N001-16,165179.3102,6,https://ftp.ncbi.nlm.nih.gov/genomes/all/GCF/026/015/765/GCF_026015765.1_ASM2601576v1,6,165179.3102.fna,GCF_026015765.1_ASM2601576v1_genomic.fna,3741391,3741391,165179.3102.fna_vs_GCF_026015765.1_ASM2601576v1_genomic.fna_blast.xml,0,0,0,0,0,0,0,0,3741391,0,0,0,0,0,0,165179_subject_array_1739683536.bin
91581,1656889,ID2601S,1656889.3,6,https://ftp.ncbi.nlm.nih.gov/genomes/all/GCF/013/002/715/GCF_013002715.1_ASM1300271v1,6,1656889.3.fna,GCF_013002715.1_ASM1300271v1_genomic.fna,4007297,4007297,1656889.3.fna_vs_GCF_013002715.1_ASM1300271v1_genomic.fna_blast.xml,0,0,0,0,0,0,0,0,4007297,0,0,0,0,0,0,1656889_subject_array_1739683540.bin
91610,1658664,KCTC 42508,1658664.4,6,https://ftp.ncbi.nlm.nih.gov/genomes/all/GCF/008/386/635/GCF_008386635.1_ASM838663v1,6,1658664.4.fna,GCF_008386635.1_ASM838663v1_genomic.fna,4303602,4303602,1658664.4.fna_vs_GCF_008386635.1_ASM838663v1_genomic.fna_blast.xml,0,0,0,0,0,0,0,487,4303115,0,0,0,0,0,0,1658664_subject_array_1739683543.bin
92208,1679494,S00068,1679494.4,6,https://ftp.ncbi.nlm.nih.gov/genomes/all/GCF/014/207/835/GCF_014207835.1_ASM1420783v1,6,1679494.4.fna,GCF_014207835.1_ASM1420783v1_genomic.fna,4842127,4842127,1679494.4.fna_vs_GCF_014207835.1_ASM1420783v1_genomic.fna_blast.xml,0,0,0,0,0,0,0,98,4842029,0,0,0,0,0,0,1679494_subject_array_1739683546.bin
92477,1681,1025st1_E4_1025SCRN_200924,1681.1208,6,https://ftp.ncbi.nlm.nih.gov/genomes/all/GCF/028/201/935/GCF_028201935.1_ASM2820193v1,6,1681.1208.fna,GCF_028201935.1_ASM2820193v1_genomic.fna,159554,2162904,1681.1208.fna_vs_GCF_028201935.1_ASM2820193v1_genomic.fna_blast.xml,0,0,11,7,0,0,6,1998144,161449,0,7,620,2643,0,17,1681_subject_array_1739683547.bin
92549,1681,BSD2780061688b_171218_F12,1681.1427,6,https://ftp.ncbi.nlm.nih.gov/genomes/all/GCF/015/555/005/GCF_015555005.1_ASM1555500v1,6,1681.1427.fna,GCF_015555005.1_ASM1555500v1_genomic.fna,2164931,2164931,1681.1427.fna_vs_GCF_015555005.1_ASM1555500v1_genomic.fna_blast.xml,0,0,0,0,0,0,0,189,2164742,0,0,0,0,0,0,1681_subject_array_1739683548.bin
92551,1681,BSD2780061688st1_G1,1681.763,6,https://ftp.ncbi.nlm.nih.gov/genomes/all/GCF/005/844/205/GCF_005844205.1_ASM584420v1,6,1681.763.fna,GCF_005844205.1_ASM584420v1_genomic.fna,2164212,2164212,1681.763.fna_vs_GCF_005844205.1_ASM584420v1_genomic.fna_blast.xml,0,0,0,0,0,0,0,188,2164024,0,0,0,0,0,0,1681_subject_array_1739683550.bin
92552,1681,BSD2780061688st1_G1_BSD2780061688b_171218,1681.1222,6,https://ftp.ncbi.nlm.nih.gov/genomes/all/GCF/028/202/115/GCF_028202115.1_ASM2820211v1,6,1681.1222.fna,GCF_028202115.1_ASM2820211v1_genomic.fna,1570536,2164212,1681.1222.fna_vs_GCF_028202115.1_ASM2820211v1_genomic.fna_blast.xml,0,0,54,22,0,0,81,581881,1574858,0,115,1745,5374,0,82,1681_subject_array_1739683551.bin
92626,1681,LMG 11582,1681.49,6,https://ftp.ncbi.nlm.nih.gov/genomes/all/GCF/001/020/275/GCF_001020275.1_Bbif07v4,6,1681.49.fna,GCF_001020275.1_Bbif07v4_genomic.fna,2222504,2222504,1681.49.fna_vs_GCF_001020275.1_Bbif07v4_genomic.fna_blast.xml,0,0,0,0,0,0,0,0,2222504,0,0,0,0,0,0,1681_subject_array_1739683553.bin
92671,1681,TM04-12,1681.116,6,https://ftp.ncbi.nlm.nih.gov/genomes/all/GCF/003/436/575/GCF_003436575.1_ASM343657v1,6,1681.116.fna,GCF_003436575.1_ASM343657v1_genomic.fna,2314040,2314040,1681.116.fna_vs_GCF_003436575.1_ASM343657v1_genomic.fna_blast.xml,0,0,0,0,0,0,0,0,2314040,0,0,0,0,0,0,1681_subject_array_1739683554.bin
92753,1683,LMG 11039,1683.3,6,https://ftp.ncbi.nlm.nih.gov/genomes/all/GCF/000/741/065/GCF_000741065.1_Bifang,6,1683.3.fna,GCF_000741065.1_Bifang_genomic.fna,2003806,2003806,1683.3.fna_vs_GCF_000741065.1_Bifang_genomic.fna_blast.xml,0,0,0,0,0,0,0,0,2003806,0,0,0,0,0,0,1683_subject_array_1739683556.bin
93007,1685,PRL2020,1685.613,6,https://ftp.ncbi.nlm.nih.gov/genomes/all/GCF/016/648/955/GCF_016648955.1_ASM1664895v1,6,1685.613.fna,GCF_016648955.1_ASM1664895v1_genomic.fna,2426298,2426298,1685.613.fna_vs_GCF_016648955.1_ASM1664895v1_genomic.fna_blast.xml,0,0,0,0,0,0,0,0,2426298,0,0,0,0,0,0,1685_subject_array_1739683558.bin
93037,1685,SDS-964-W-Irr,1685.1001,6,https://ftp.ncbi.nlm.nih.gov/genomes/all/GCF/027/212/815/GCF_027212815.1_ASM2721281v1,6,1685.1001.fna,GCF_027212815.1_ASM2721281v1_genomic.fna,2354696,2354696,1685.1001.fna_vs_GCF_027212815.1_ASM2721281v1_genomic.fna_blast.xml,0,0,0,0,0,0,0,0,2354696,0,0,0,0,0,0,1685_subject_array_1739683560.bin
93061,1685380,WB1,1685380.3,6,https://ftp.ncbi.nlm.nih.gov/genomes/all/GCF/001/507/535/GCF_001507535.1_ASM150753v1,6,1685380.3.fna,GCF_001507535.1_ASM150753v1_genomic.fna,2279450,2279450,1685380.3.fna_vs_GCF_001507535.1_ASM150753v1_genomic.fna_blast.xml,0,0,0,0,0,0,0,0,2279450,0,0,0,0,0,0,1685380_subject_array_1739683561.bin
93121,1686380,MGH105,1686380.3,6,https://ftp.ncbi.nlm.nih.gov/genomes/all/GCF/001/037/485/GCF_001037485.2_ASM103748v3,6,1686380.3.fna,GCF_001037485.2_ASM103748v3_genomic.fna,5519736,5543425,1686380.3.fna_vs_GCF_001037485.2_ASM103748v3_genomic.fna_blast.xml,0,0,4,3,0,0,8,7303,5490331,0,24,381,45370,0,1,1686380_subject_array_1739683566.bin
93240,1689985,KCTC 42453,1689985.3,6,https://ftp.ncbi.nlm.nih.gov/genomes/all/GCF/009/828/115/GCF_009828115.1_ASM982811v1,6,1689985.3.fna,GCF_009828115.1_ASM982811v1_genomic.fna,3158912,3158912,1689985.3.fna_vs_GCF_009828115.1_ASM982811v1_genomic.fna_blast.xml,0,0,0,0,0,0,0,0,3158912,0,0,0,0,0,0,1689985_subject_array_1739683568.bin
93289,1690,2109B,1690.36,6,https://ftp.ncbi.nlm.nih.gov/genomes/all/GCF/004/155/475/GCF_004155475.1_ASM415547v1,6,1690.36.fna,GCF_004155475.1_ASM415547v1_genomic.fna,2039216,2039216,1690.36.fna_vs_GCF_004155475.1_ASM415547v1_genomic.fna_blast.xml,0,0,0,0,0,0,0,0,2039216,0,0,0,0,0,0,1690_subject_array_1739683570.bin
93373,169430,DSM 17164,169430.6,6,https://ftp.ncbi.nlm.nih.gov/genomes/all/GCF/002/902/965/GCF_002902965.1_ASM290296v1,6,169430.6.fna,GCF_002902965.1_ASM290296v1_genomic.fna,11527706,11527706,169430.6.fna_vs_GCF_002902965.1_ASM290296v1_genomic.fna_blast.xml,0,0,0,0,0,0,0,0,11527706,0,0,0,0,0,0,169430_subject_array_1739683589.bin
93463,169679,DJ178,169679.62,6,https://ftp.ncbi.nlm.nih.gov/genomes/all/GCF/013/149/795/GCF_013149795.1_ASM1314979v1,6,169679.62.fna,GCF_013149795.1_ASM1314979v1_genomic.fna,5126879,5126879,169679.62.fna_vs_GCF_013149795.1_ASM1314979v1_genomic.fna_blast.xml,0,0,0,0,0,0,0,0,5126879,0,0,0,0,0,0,169679_subject_array_1739683594.bin
93610,1703961,N1314,1703961.3,6,https://ftp.ncbi.nlm.nih.gov/genomes/all/GCF/001/664/305/GCF_001664305.1_ASM166430v1,6,1703961.3.fna,GCF_001664305.1_ASM166430v1_genomic.fna,6274511,6274511,1703961.3.fna_vs_GCF_001664305.1_ASM166430v1_genomic.fna_blast.xml,0,0,0,0,0,0,0,0,6274511,0,0,0,0,0,0,1703961_subject_array_1739683599.bin
93611,1703962,N1341,1703962.3,6,https://ftp.ncbi.nlm.nih.gov/genomes/all/GCF/001/664/085/GCF_001664085.1_ASM166408v1,6,1703962.3.fna,GCF_001664085.1_ASM166408v1_genomic.fna,6555560,6555560,1703962.3.fna_vs_GCF_001664085.1_ASM166408v1_genomic.fna_blast.xml,0,0,0,0,0,0,0,0,6555560,0,0,0,0,0,0,1703962_subject_array_1739683604.bin
93614,1703966,N731,1703966.3,6,https://ftp.ncbi.nlm.nih.gov/genomes/all/GCF/001/664/145/GCF_001664145.1_ASM166414v1,6,1703966.3.fna,GCF_001664145.1_ASM166414v1_genomic.fna,6274507,6274507,1703966.3.fna_vs_GCF_001664145.1_ASM166414v1_genomic.fna_blast.xml,0,0,0,0,0,0,0,0,6274507,0,0,0,0,0,0,1703966_subject_array_1739683609.bin
93615,1703967,N741,1703967.3,6,https://ftp.ncbi.nlm.nih.gov/genomes/all/GCF/001/664/545/GCF_001664545.1_ASM166454v1,6,1703967.3.fna,GCF_001664545.1_ASM166454v1_genomic.fna,6556348,6556348,1703967.3.fna_vs_GCF_001664545.1_ASM166454v1_genomic.fna_blast.xml,0,0,0,0,0,0,0,0,6556348,0,0,0,0,0,0,1703967_subject_array_1739683614.bin
93617,1703969,N324,1703969.3,6,https://ftp.ncbi.nlm.nih.gov/genomes/all/GCF/001/664/485/GCF_001664485.1_ASM166448v1,6,1703969.3.fna,GCF_001664485.1_ASM166448v1_genomic.fna,6972593,6972593,1703969.3.fna_vs_GCF_001664485.1_ASM166448v1_genomic.fna_blast.xml,0,0,0,0,0,0,0,0,6972593,0,0,0,0,0,0,1703969_subject_array_1739683619.bin
93915,1714841,S2T63,1714841.3,6,https://ftp.ncbi.nlm.nih.gov/genomes/all/GCF/003/651/225/GCF_003651225.1_ASM365122v1,6,1714841.3.fna,GCF_003651225.1_ASM365122v1_genomic.fna,3118122,3118122,1714841.3.fna_vs_GCF_003651225.1_ASM365122v1_genomic.fna_blast.xml,0,0,0,0,0,0,0,94,3118028,0,0,0,0,0,0,1714841_subject_array_1739683622.bin
94522,1719,c13,1719.3238,6,https://ftp.ncbi.nlm.nih.gov/genomes/all/GCF/037/889/475/GCF_037889475.1_ASM3788947v1,6,1719.3238.fna,GCF_037889475.1_ASM3788947v1_genomic.fna,2319857,2319857,1719.3238.fna_vs_GCF_037889475.1_ASM3788947v1_genomic.fna_blast.xml,0,0,0,0,0,0,0,0,2319857,0,0,0,0,0,0,1719_subject_array_1739683624.bin
94962,1735669,Leaf1,1735669.3,6,https://ftp.ncbi.nlm.nih.gov/genomes/all/GCF/001/421/315/GCF_001421315.1_ASM142131v1,6,1735669.3.fna,GCF_001421315.1_ASM142131v1_genomic.fna,3894571,3894571,1735669.3.fna_vs_GCF_001421315.1_ASM142131v1_genomic.fna_blast.xml,0,0,0,0,0,0,0,1408,3893148,0,0,1,14,0,0,1735669_subject_array_1739683627.bin
95007,1736216,Leaf34,1736216.3,6,https://ftp.ncbi.nlm.nih.gov/genomes/all/GCF/001/421/805/GCF_001421805.1_Leaf34,6,1736216.3.fna,GCF_001421805.1_Leaf34_genomic.fna,3943835,3943835,1736216.3.fna_vs_GCF_001421805.1_Leaf34_genomic.fna_blast.xml,0,0,0,0,0,0,0,0,3943835,0,0,0,0,0,0,1736216_subject_array_1739683630.bin
95059,1736281,Leaf161,1736281.3,6,https://ftp.ncbi.nlm.nih.gov/genomes/all/GCF/001/423/645/GCF_001423645.1_Leaf161,6,1736281.3.fna,GCF_001423645.1_Leaf161_genomic.fna,3630887,3630887,1736281.3.fna_vs_GCF_001423645.1_Leaf161_genomic.fna_blast.xml,0,0,0,0,0,0,0,0,3630887,0,0,0,0,0,0,1736281_subject_array_1739683633.bin
95060,1736282,Leaf164,1736282.3,6,https://ftp.ncbi.nlm.nih.gov/genomes/all/GCF/001/423/665/GCF_001423665.1_Leaf164,6,1736282.3.fna,GCF_001423665.1_Leaf164_genomic.fna,3287584,3287584,1736282.3.fna_vs_GCF_001423665.1_Leaf164_genomic.fna_blast.xml,0,0,0,0,0,0,0,2798,3284785,0,0,0,1,0,0,1736282_subject_array_1739683636.bin
95154,1736377,Leaf436,1736377.3,6,https://ftp.ncbi.nlm.nih.gov/genomes/all/GCF/001/424/715/GCF_001424715.1_Leaf436,6,1736377.3.fna,GCF_001424715.1_Leaf436_genomic.fna,3367539,3367539,1736377.3.fna_vs_GCF_001424715.1_Leaf436_genomic.fna_blast.xml,0,0,0,0,0,0,0,0,3367539,0,0,0,0,0,0,1736377_subject_array_1739683638.bin
95187,1736415,Soil803,1736415.3,6,https://ftp.ncbi.nlm.nih.gov/genomes/all/GCF/001/429/685/GCF_001429685.1_Soil803,6,1736415.3.fna,GCF_001429685.1_Soil803_genomic.fna,4469718,4469718,1736415.3.fna_vs_GCF_001429685.1_Soil803_genomic.fna_blast.xml,0,0,0,0,0,0,0,2461,4467253,0,0,0,4,0,0,1736415_subject_array_1739683641.bin
95234,1736463,Root1433D1,1736463.3,6,https://ftp.ncbi.nlm.nih.gov/genomes/all/GCF/001/426/835/GCF_001426835.1_Root1433D1,6,1736463.3.fna,GCF_001426835.1_Root1433D1_genomic.fna,3563959,3563959,1736463.3.fna_vs_GCF_001426835.1_Root1433D1_genomic.fna_blast.xml,0,0,0,0,0,0,0,0,3563959,0,0,0,0,0,0,1736463_subject_array_1739683644.bin
95270,1736501,Root241,1736501.3,6,https://ftp.ncbi.nlm.nih.gov/genomes/all/GCF/001/428/865/GCF_001428865.1_Root241,6,1736501.3.fna,GCF_001428865.1_Root241_genomic.fna,4212502,4212502,1736501.3.fna_vs_GCF_001428865.1_Root241_genomic.fna_blast.xml,0,0,0,0,0,0,0,155,4212347,0,0,0,0,0,0,1736501_subject_array_1739683648.bin
95340,1736572,Root627,1736572.3,6,https://ftp.ncbi.nlm.nih.gov/genomes/all/GCF/001/427/835/GCF_001427835.1_Root627,6,1736572.3.fna,GCF_001427835.1_Root627_genomic.fna,3710843,3710843,1736572.3.fna_vs_GCF_001427835.1_Root627_genomic.fna_blast.xml,0,0,0,0,0,0,0,39,3710804,0,0,0,0,0,0,1736572_subject_array_1739683651.bin
95344,1736576,Root65,1736576.3,6,https://ftp.ncbi.nlm.nih.gov/genomes/all/GCF/001/427/635/GCF_001427635.1_Root65,6,1736576.3.fna,GCF_001427635.1_Root65_genomic.fna,3893603,3893603,1736576.3.fna_vs_GCF_001427635.1_Root65_genomic.fna_blast.xml,0,0,0,0,0,0,0,0,3893603,0,0,0,0,0,0,1736576_subject_array_1739683654.bin
96008,1747,M13605,1747.262,6,https://ftp.ncbi.nlm.nih.gov/genomes/all/GCF/003/384/255/GCF_003384255.1_ASM338425v1,6,1747.262.fna,GCF_003384255.1_ASM338425v1_genomic.fna,2535330,2535330,1747.262.fna_vs_GCF_003384255.1_ASM338425v1_genomic.fna_blast.xml,0,0,0,0,0,0,0,18,2535312,0,0,0,0,0,0,1747_subject_array_1739683656.bin
96049,1747,P15-071,1747.286,6,https://ftp.ncbi.nlm.nih.gov/genomes/all/GCF/003/425/855/GCF_003425855.1_ASM342585v1,6,1747.286.fna,GCF_003425855.1_ASM342585v1_genomic.fna,2517904,2517904,1747.286.fna_vs_GCF_003425855.1_ASM342585v1_genomic.fna_blast.xml,0,0,0,0,0,0,0,0,2517904,0,0,0,0,0,0,1747_subject_array_1739683658.bin
96051,1747,P15-078,1747.754,6,https://ftp.ncbi.nlm.nih.gov/genomes/all/GCF/005/774/335/GCF_005774335.1_ASM577433v1,6,1747.754.fna,GCF_005774335.1_ASM577433v1_genomic.fna,2535107,2535107,1747.754.fna_vs_GCF_005774335.1_ASM577433v1_genomic.fna_blast.xml,0,0,0,0,0,0,0,0,2535107,0,0,0,0,0,0,1747_subject_array_1739683660.bin
96061,1747,P15-180,1747.742,6,https://ftp.ncbi.nlm.nih.gov/genomes/all/GCF/005/774/125/GCF_005774125.1_ASM577412v1,6,1747.742.fna,GCF_005774125.1_ASM577412v1_genomic.fna,2537015,2537015,1747.742.fna_vs_GCF_005774125.1_ASM577412v1_genomic.fna_blast.xml,0,0,0,0,0,0,0,0,2537015,0,0,0,0,0,0,1747_subject_array_1739683662.bin
96065,1747,P15-207,1747.258,6,https://ftp.ncbi.nlm.nih.gov/genomes/all/GCF/003/384/145/GCF_003384145.1_ASM338414v1,6,1747.258.fna,GCF_003384145.1_ASM338414v1_genomic.fna,2465584,2465584,1747.258.fna_vs_GCF_003384145.1_ASM338414v1_genomic.fna_blast.xml,0,0,0,0,0,0,0,0,2465584,0,0,0,0,0,0,1747_subject_array_1739683663.bin
96066,1747,P15-208,1747.740,6,https://ftp.ncbi.nlm.nih.gov/genomes/all/GCF/005/774/075/GCF_005774075.1_ASM577407v1,6,1747.740.fna,GCF_005774075.1_ASM577407v1_genomic.fna,2495583,2495583,1747.740.fna_vs_GCF_005774075.1_ASM577407v1_genomic.fna_blast.xml,0,0,0,0,0,0,0,0,2495583,0,0,0,0,0,0,1747_subject_array_1739683665.bin
96131,1747,T17001,1747.790,6,https://ftp.ncbi.nlm.nih.gov/genomes/all/GCF/005/937/745/GCF_005937745.1_ASM593774v1,6,1747.790.fna,GCF_005937745.1_ASM593774v1_genomic.fna,2537015,2537015,1747.790.fna_vs_GCF_005937745.1_ASM593774v1_genomic.fna_blast.xml,0,0,0,0,0,0,0,0,2537015,0,0,0,0,0,0,1747_subject_array_1739683667.bin
96147,1747,T28840,1747.785,6,https://ftp.ncbi.nlm.nih.gov/genomes/all/GCF/005/937/615/GCF_005937615.1_ASM593761v1,6,1747.785.fna,GCF_005937615.1_ASM593761v1_genomic.fna,2483851,2483851,1747.785.fna_vs_GCF_005937615.1_ASM593761v1_genomic.fna_blast.xml,0,0,0,0,0,0,0,0,2483851,0,0,0,0,0,0,1747_subject_array_1739683669.bin
96149,1747,T29350,1747.784,6,https://ftp.ncbi.nlm.nih.gov/genomes/all/GCF/005/773/905/GCF_005773905.1_ASM577390v1,6,1747.784.fna,GCF_005773905.1_ASM577390v1_genomic.fna,2479249,2479249,1747.784.fna_vs_GCF_005773905.1_ASM577390v1_genomic.fna_blast.xml,0,0,0,0,0,0,0,0,2479249,0,0,0,0,0,0,1747_subject_array_1739683671.bin
96150,1747,T29362,1747.276,6,https://ftp.ncbi.nlm.nih.gov/genomes/all/GCF/003/384/535/GCF_003384535.1_ASM338453v1,6,1747.276.fna,GCF_003384535.1_ASM338453v1_genomic.fna,2479242,2479242,1747.276.fna_vs_GCF_003384535.1_ASM338453v1_genomic.fna_blast.xml,0,0,0,0,0,0,0,109,2479133,0,0,0,0,0,0,1747_subject_array_1739683672.bin
96158,1747,T45321,1747.797,6,https://ftp.ncbi.nlm.nih.gov/genomes/all/GCF/006/240/665/GCF_006240665.1_ASM624066v1,6,1747.797.fna,GCF_006240665.1_ASM624066v1_genomic.fna,2517904,2517904,1747.797.fna_vs_GCF_006240665.1_ASM624066v1_genomic.fna_blast.xml,0,0,0,0,0,0,0,0,2517904,0,0,0,0,0,0,1747_subject_array_1739683674.bin
96161,1747,T45801,1747.771,6,https://ftp.ncbi.nlm.nih.gov/genomes/all/GCF/005/937/345/GCF_005937345.1_ASM593734v1,6,1747.771.fna,GCF_005937345.1_ASM593734v1_genomic.fna,2465584,2465584,1747.771.fna_vs_GCF_005937345.1_ASM593734v1_genomic.fna_blast.xml,0,0,0,0,0,0,0,0,2465584,0,0,0,0,0,0,1747_subject_array_1739683676.bin
96163,1747,T45864,1747.776,6,https://ftp.ncbi.nlm.nih.gov/genomes/all/GCF/005/937/385/GCF_005937385.1_ASM593738v1,6,1747.776.fna,GCF_005937385.1_ASM593738v1_genomic.fna,2495791,2495791,1747.776.fna_vs_GCF_005937385.1_ASM593738v1_genomic.fna_blast.xml,0,0,0,0,0,0,0,0,2495791,0,0,0,0,0,0,1747_subject_array_1739683678.bin
96165,1747,T55800,1747.795,6,https://ftp.ncbi.nlm.nih.gov/genomes/all/GCF/006/240/625/GCF_006240625.1_ASM624062v1,6,1747.795.fna,GCF_006240625.1_ASM624062v1_genomic.fna,2535399,2535399,1747.795.fna_vs_GCF_006240625.1_ASM624062v1_genomic.fna_blast.xml,0,0,0,0,0,0,0,0,2535399,0,0,0,0,0,0,1747_subject_array_1739683680.bin
96296,1753,DSM 8251,1753.3,6,https://ftp.ncbi.nlm.nih.gov/genomes/all/GCF/006/716/235/GCF_006716235.1_ASM671623v1,6,1753.3.fna,GCF_006716235.1_ASM671623v1_genomic.fna,2789160,2789160,1753.3.fna_vs_GCF_006716235.1_ASM671623v1_genomic.fna_blast.xml,0,0,0,0,0,0,0,0,2789160,0,0,0,0,0,0,1753_subject_array_1739683682.bin
96475,1761884,KHP1,1761884.3,6,https://ftp.ncbi.nlm.nih.gov/genomes/all/GCF/900/102/205/GCF_900102205.1_IMG-taxon_2606217814_annotated_assembly,6,1761884.3.fna,GCF_900102205.1_IMG-taxon_2606217814_annotated_assembly_genomic.fna,3418751,3418751,1761884.3.fna_vs_GCF_900102205.1_IMG-taxon_2606217814_annotated_assembly_genomic.fna_blast.xml,0,0,0,0,0,0,0,0,3418751,0,0,0,0,0,0,1761884_subject_array_1739683684.bin
97027,1773,00-R0025,1773.6493,6,https://ftp.ncbi.nlm.nih.gov/genomes/all/GCF/001/848/935/GCF_001848935.1_ASM184893v1,6,1773.6493.fna,GCF_001848935.1_ASM184893v1_genomic.fna,4384510,4384510,1773.6493.fna_vs_GCF_001848935.1_ASM184893v1_genomic.fna_blast.xml,0,0,0,0,0,0,0,0,4384510,0,0,0,0,0,0,1773_subject_array_1739683688.bin
97031,1773,00-R0145,1773.6121,6,https://ftp.ncbi.nlm.nih.gov/genomes/all/GCF/001/841/455/GCF_001841455.1_ASM184145v1,6,1773.6121.fna,GCF_001841455.1_ASM184145v1_genomic.fna,4400047,4400047,1773.6121.fna_vs_GCF_001841455.1_ASM184145v1_genomic.fna_blast.xml,0,0,0,0,0,0,0,0,4400047,0,0,0,0,0,0,1773_subject_array_1739683691.bin
97044,1773,00-R1208,1773.6115,6,https://ftp.ncbi.nlm.nih.gov/genomes/all/GCF/001/841/345/GCF_001841345.1_ASM184134v1,6,1773.6115.fna,GCF_001841345.1_ASM184134v1_genomic.fna,4403833,4403833,1773.6115.fna_vs_GCF_001841345.1_ASM184134v1_genomic.fna_blast.xml,0,0,0,0,0,0,0,0,4403833,0,0,0,0,0,0,1773_subject_array_1739683695.bin
97047,1773,00-R1245,1773.6117,6,https://ftp.ncbi.nlm.nih.gov/genomes/all/GCF/001/841/375/GCF_001841375.1_ASM184137v1,6,1773.6117.fna,GCF_001841375.1_ASM184137v1_genomic.fna,4390944,4390944,1773.6117.fna_vs_GCF_001841375.1_ASM184137v1_genomic.fna_blast.xml,0,0,0,0,0,0,0,0,4390944,0,0,0,0,0,0,1773_subject_array_1739683698.bin
97183,1773,01-R1166,1773.6548,6,https://ftp.ncbi.nlm.nih.gov/genomes/all/GCF/001/850/045/GCF_001850045.1_ASM185004v1,6,1773.6548.fna,GCF_001850045.1_ASM185004v1_genomic.fna,4349355,4349355,1773.6548.fna_vs_GCF_001850045.1_ASM185004v1_genomic.fna_blast.xml,0,0,0,0,0,0,0,0,4349355,0,0,0,0,0,0,1773_subject_array_1739683701.bin
97202,1773,01-R1428,1773.6684,6,https://ftp.ncbi.nlm.nih.gov/genomes/all/GCF/001/852/755/GCF_001852755.1_ASM185275v1,6,1773.6684.fna,GCF_001852755.1_ASM185275v1_genomic.fna,4352588,4352588,1773.6684.fna_vs_GCF_001852755.1_ASM185275v1_genomic.fna_blast.xml,0,0,0,0,0,0,0,0,4352588,0,0,0,0,0,0,1773_subject_array_1739683704.bin
97292,1773,02-R0213,1773.8239,6,https://ftp.ncbi.nlm.nih.gov/genomes/all/GCF/002/129/205/GCF_002129205.1_ASM212920v1,6,1773.8239.fna,GCF_002129205.1_ASM212920v1_genomic.fna,4358725,4358725,1773.8239.fna_vs_GCF_002129205.1_ASM212920v1_genomic.fna_blast.xml,0,0,0,0,0,0,0,0,4358725,0,0,0,0,0,0,1773_subject_array_1739683708.bin
97345,1773,02-R0924,1773.8221,6,https://ftp.ncbi.nlm.nih.gov/genomes/all/GCF/002/128/845/GCF_002128845.1_ASM212884v1,6,1773.8221.fna,GCF_002128845.1_ASM212884v1_genomic.fna,4392745,4392745,1773.8221.fna_vs_GCF_002128845.1_ASM212884v1_genomic.fna_blast.xml,0,0,0,0,0,0,0,0,4392745,0,0,0,0,0,0,1773_subject_array_1739683711.bin
97354,1773,02-R0969,1773.6559,6,https://ftp.ncbi.nlm.nih.gov/genomes/all/GCF/001/850/265/GCF_001850265.1_ASM185026v1,6,1773.6559.fna,GCF_001850265.1_ASM185026v1_genomic.fna,4350970,4350970,1773.6559.fna_vs_GCF_001850265.1_ASM185026v1_genomic.fna_blast.xml,0,0,0,0,0,0,0,0,4350970,0,0,0,0,0,0,1773_subject_array_1739683715.bin
97368,1773,02-R1131,1773.6680,6,https://ftp.ncbi.nlm.nih.gov/genomes/all/GCF/001/852/685/GCF_001852685.1_ASM185268v1,6,1773.6680.fna,GCF_001852685.1_ASM185268v1_genomic.fna,4388623,4388623,1773.6680.fna_vs_GCF_001852685.1_ASM185268v1_genomic.fna_blast.xml,0,0,0,0,0,0,0,0,4388623,0,0,0,0,0,0,1773_subject_array_1739683718.bin
97410,1773,02-R1680,1773.6093,6,https://ftp.ncbi.nlm.nih.gov/genomes/all/GCF/001/840/905/GCF_001840905.1_ASM184090v1,6,1773.6093.fna,GCF_001840905.1_ASM184090v1_genomic.fna,4409384,4409384,1773.6093.fna_vs_GCF_001840905.1_ASM184090v1_genomic.fna_blast.xml,0,0,0,0,0,0,0,0,4409384,0,0,0,0,0,0,1773_subject_array_1739683721.bin
97439,1773,02-R1944,1773.6563,6,https://ftp.ncbi.nlm.nih.gov/genomes/all/GCF/001/850/345/GCF_001850345.1_ASM185034v1,6,1773.6563.fna,GCF_001850345.1_ASM185034v1_genomic.fna,4406522,4406522,1773.6563.fna_vs_GCF_001850345.1_ASM185034v1_genomic.fna_blast.xml,0,0,0,0,0,0,0,0,4406522,0,0,0,0,0,0,1773_subject_array_1739683724.bin
97485,1773,03-R0096,1773.6533,6,https://ftp.ncbi.nlm.nih.gov/genomes/all/GCF/001/849/745/GCF_001849745.1_ASM184974v1,6,1773.6533.fna,GCF_001849745.1_ASM184974v1_genomic.fna,4386764,4386764,1773.6533.fna_vs_GCF_001849745.1_ASM184974v1_genomic.fna_blast.xml,0,0,0,0,0,0,0,0,4386764,0,0,0,0,0,0,1773_subject_array_1739683727.bin
97532,1773,03-R0979,1773.6092,6,https://ftp.ncbi.nlm.nih.gov/genomes/all/GCF/001/840/885/GCF_001840885.1_ASM184088v1,6,1773.6092.fna,GCF_001840885.1_ASM184088v1_genomic.fna,4376323,4376323,1773.6092.fna_vs_GCF_001840885.1_ASM184088v1_genomic.fna_blast.xml,0,0,0,0,0,0,0,0,4376323,0,0,0,0,0,0,1773_subject_array_1739683731.bin
97717,1773,06-05801,1773.6503,6,https://ftp.ncbi.nlm.nih.gov/genomes/all/GCF/001/849/145/GCF_001849145.1_ASM184914v1,6,1773.6503.fna,GCF_001849145.1_ASM184914v1_genomic.fna,4394043,4394043,1773.6503.fna_vs_GCF_001849145.1_ASM184914v1_genomic.fna_blast.xml,0,0,0,0,0,0,0,0,4394043,0,0,0,0,0,0,1773_subject_array_1739683734.bin
99539,1773,8918_A1,1773.17686,6,https://ftp.ncbi.nlm.nih.gov/genomes/all/GCF/004/327/685/GCF_004327685.1_ASM432768v1,6,1773.17686.fna,GCF_004327685.1_ASM432768v1_genomic.fna,4410047,4410047,1773.17686.fna_vs_GCF_004327685.1_ASM432768v1_genomic.fna_blast.xml,0,0,0,0,0,0,0,0,4410047,0,0,0,0,0,0,1773_subject_array_1739683737.bin
99614,1773,99-27860,1773.8290,6,https://ftp.ncbi.nlm.nih.gov/genomes/all/GCF/002/130/215/GCF_002130215.1_ASM213021v1,6,1773.8290.fna,GCF_002130215.1_ASM213021v1_genomic.fna,4387992,4387992,1773.8290.fna_vs_GCF_002130215.1_ASM213021v1_genomic.fna_blast.xml,0,0,0,0,0,0,0,0,4387992,0,0,0,0,0,0,1773_subject_array_1739683740.bin
99638,1773,99-R862,1773.6488,6,https://ftp.ncbi.nlm.nih.gov/genomes/all/GCF/001/848/845/GCF_001848845.1_ASM184884v1,6,1773.6488.fna,GCF_001848845.1_ASM184884v1_genomic.fna,4387286,4387286,1773.6488.fna_vs_GCF_001848845.1_ASM184884v1_genomic.fna_blast.xml,0,0,0,0,0,0,0,0,4387286,0,0,0,0,0,0,1773_subject_array_1739683744.bin
99822,1773,C0004314-2,1773.6226,6,https://ftp.ncbi.nlm.nih.gov/genomes/all/GCF/001/843/605/GCF_001843605.1_ASM184360v1,6,1773.6226.fna,GCF_001843605.1_ASM184360v1_genomic.fna,4378693,4378693,1773.6226.fna_vs_GCF_001843605.1_ASM184360v1_genomic.fna_blast.xml,0,0,0,0,0,0,0,0,4378693,0,0,0,0,0,0,1773_subject_array_1739683747.bin
99837,1773,C0013172-3,1773.6862,6,https://ftp.ncbi.nlm.nih.gov/genomes/all/GCF/001/944/895/GCF_001944895.1_ASM194489v1,6,1773.6862.fna,GCF_001944895.1_ASM194489v1_genomic.fna,4374284,4374284,1773.6862.fna_vs_GCF_001944895.1_ASM194489v1_genomic.fna_blast.xml,0,0,0,0,0,0,0,0,4374284,0,0,0,0,0,0,1773_subject_array_1739683750.bin
99999,1773,H37Rv-ku,1773.43768,6,https://ftp.ncbi.nlm.nih.gov/genomes/all/GCF/037/623/875/GCF_037623875.1_ASM3762387v1,6,1773.43768.fna,GCF_037623875.1_ASM3762387v1_genomic.fna,4414723,4414723,1773.43768.fna_vs_GCF_037623875.1_ASM3762387v1_genomic.fna_blast.xml,0,0,0,0,0,0,0,0,4414723,0,0,0,0,0,0,1773_subject_array_1739683753.bin
100141,1773,I0000968-3,1773.6717,6,https://ftp.ncbi.nlm.nih.gov/genomes/all/GCF/001/855/865/GCF_001855865.1_ASM185586v1,6,1773.6717.fna,GCF_001855865.1_ASM185586v1_genomic.fna,4408715,4408715,1773.6717.fna_vs_GCF_001855865.1_ASM185586v1_genomic.fna_blast.xml,0,0,0,0,0,0,0,0,4408715,0,0,0,0,0,0,1773_subject_array_1739683756.bin
100240,1773,I0002450-0,1773.6830,6,https://ftp.ncbi.nlm.nih.gov/genomes/all/GCF/001/944/235/GCF_001944235.1_ASM194423v1,6,1773.6830.fna,GCF_001944235.1_ASM194423v1_genomic.fna,4390793,4390793,1773.6830.fna_vs_GCF_001944235.1_ASM194423v1_genomic.fna_blast.xml,0,0,0,0,0,0,0,0,4390793,0,0,0,0,0,0,1773_subject_array_1739683760.bin
100256,1773,I0002711-5,1773.6974,6,https://ftp.ncbi.nlm.nih.gov/genomes/all/GCF/001/947/445/GCF_001947445.1_ASM194744v1,6,1773.6974.fna,GCF_001947445.1_ASM194744v1_genomic.fna,4347433,4347433,1773.6974.fna_vs_GCF_001947445.1_ASM194744v1_genomic.fna_blast.xml,0,0,0,0,0,0,0,0,4347433,0,0,0,0,0,0,1773_subject_array_1739683763.bin
100259,1773,I0002781-8,1773.6248,6,https://ftp.ncbi.nlm.nih.gov/genomes/all/GCF/001/844/045/GCF_001844045.1_ASM184404v1,6,1773.6248.fna,GCF_001844045.1_ASM184404v1_genomic.fna,4395720,4395720,1773.6248.fna_vs_GCF_001844045.1_ASM184404v1_genomic.fna_blast.xml,0,0,0,0,0,0,0,0,4395720,0,0,0,0,0,0,1773_subject_array_1739683766.bin
100275,1773,I0002960-8,1773.7648,6,https://ftp.ncbi.nlm.nih.gov/genomes/all/GCF/001/944/065/GCF_001944065.1_ASM194406v1,6,1773.7648.fna,GCF_001944065.1_ASM194406v1_genomic.fna,4383687,4383687,1773.7648.fna_vs_GCF_001944065.1_ASM194406v1_genomic.fna_blast.xml,0,0,0,0,0,0,0,0,4383687,0,0,0,0,0,0,1773_subject_array_1739683770.bin
100296,1773,I0003168-7,1773.6243,6,https://ftp.ncbi.nlm.nih.gov/genomes/all/GCF/001/843/935/GCF_001843935.1_ASM184393v1,6,1773.6243.fna,GCF_001843935.1_ASM184393v1_genomic.fna,4378132,4378132,1773.6243.fna_vs_GCF_001843935.1_ASM184393v1_genomic.fna_blast.xml,0,0,0,0,0,0,0,0,4378132,0,0,0,0,0,0,1773_subject_array_1739683773.bin
100299,1773,I0003192-7,1773.6950,6,https://ftp.ncbi.nlm.nih.gov/genomes/all/GCF/001/946/965/GCF_001946965.1_ASM194696v1,6,1773.6950.fna,GCF_001946965.1_ASM194696v1_genomic.fna,4388641,4388641,1773.6950.fna_vs_GCF_001946965.1_ASM194696v1_genomic.fna_blast.xml,0,0,0,0,0,0,0,0,4388641,0,0,0,0,0,0,1773_subject_array_1739683776.bin
100328,1773,I0003489-7,1773.7659,6,https://ftp.ncbi.nlm.nih.gov/genomes/all/GCF/001/943/835/GCF_001943835.1_ASM194383v1,6,1773.7659.fna,GCF_001943835.1_ASM194383v1_genomic.fna,4352518,4352518,1773.7659.fna_vs_GCF_001943835.1_ASM194383v1_genomic.fna_blast.xml,0,0,0,0,0,0,0,0,4352518,0,0,0,0,0,0,1773_subject_array_1739683779.bin
100343,1773,I0003636-3,1773.6279,6,https://ftp.ncbi.nlm.nih.gov/genomes/all/GCF/001/844/655/GCF_001844655.1_ASM184465v1,6,1773.6279.fna,GCF_001844655.1_ASM184465v1_genomic.fna,4388552,4388552,1773.6279.fna_vs_GCF_001844655.1_ASM184465v1_genomic.fna_blast.xml,0,0,0,0,0,0,0,0,4388552,0,0,0,0,0,0,1773_subject_array_1739683782.bin
100424,1773,I0004608-1,1773.7666,6,https://ftp.ncbi.nlm.nih.gov/genomes/all/GCF/001/943/725/GCF_001943725.1_ASM194372v1,6,1773.7666.fna,GCF_001943725.1_ASM194372v1_genomic.fna,4381950,4381950,1773.7666.fna_vs_GCF_001943725.1_ASM194372v1_genomic.fna_blast.xml,0,0,0,0,0,0,0,0,4381950,0,0,0,0,0,0,1773_subject_array_1739683786.bin
100428,1773,I0004722-0,1773.6835,6,https://ftp.ncbi.nlm.nih.gov/genomes/all/GCF/001/944/365/GCF_001944365.1_ASM194436v1,6,1773.6835.fna,GCF_001944365.1_ASM194436v1_genomic.fna,4379344,4379344,1773.6835.fna_vs_GCF_001944365.1_ASM194436v1_genomic.fna_blast.xml,0,0,0,0,0,0,0,0,4379344,0,0,0,0,0,0,1773_subject_array_1739683789.bin
100463,1773,I0005429-1,1773.7641,6,https://ftp.ncbi.nlm.nih.gov/genomes/all/GCF/001/944/215/GCF_001944215.1_ASM194421v1,6,1773.7641.fna,GCF_001944215.1_ASM194421v1_genomic.fna,4348149,4348149,1773.7641.fna_vs_GCF_001944215.1_ASM194421v1_genomic.fna_blast.xml,0,0,0,0,0,0,0,0,4348149,0,0,0,0,0,0,1773_subject_array_1739683792.bin
100686,1773,M0000508-3,1773.17404,6,https://ftp.ncbi.nlm.nih.gov/genomes/all/GCF/004/109/195/GCF_004109195.1_ASM410919v1,6,1773.17404.fna,GCF_004109195.1_ASM410919v1_genomic.fna,4401689,4401689,1773.17404.fna_vs_GCF_004109195.1_ASM410919v1_genomic.fna_blast.xml,0,0,0,0,0,0,0,0,4401689,0,0,0,0,0,0,1773_subject_array_1739683795.bin
100693,1773,M0000639-6,1773.6166,6,https://ftp.ncbi.nlm.nih.gov/genomes/all/GCF/001/842/355/GCF_001842355.1_ASM184235v1,6,1773.6166.fna,GCF_001842355.1_ASM184235v1_genomic.fna,4399494,4399494,1773.6166.fna_vs_GCF_001842355.1_ASM184235v1_genomic.fna_blast.xml,0,0,0,0,0,0,0,0,4399494,0,0,0,0,0,0,1773_subject_array_1739683798.bin
100703,1773,M0000932-5,1773.17399,6,https://ftp.ncbi.nlm.nih.gov/genomes/all/GCF/004/109/105/GCF_004109105.1_ASM410910v1,6,1773.17399.fna,GCF_004109105.1_ASM410910v1_genomic.fna,4389704,4389704,1773.17399.fna_vs_GCF_004109105.1_ASM410910v1_genomic.fna_blast.xml,0,0,0,0,0,0,0,0,4389704,0,0,0,0,0,0,1773_subject_array_1739683802.bin
100705,1773,M0000961-4,1773.17538,6,https://ftp.ncbi.nlm.nih.gov/genomes/all/GCF/004/111/935/GCF_004111935.1_ASM411193v1,6,1773.17538.fna,GCF_004111935.1_ASM411193v1_genomic.fna,4389224,4389224,1773.17538.fna_vs_GCF_004111935.1_ASM411193v1_genomic.fna_blast.xml,0,0,0,0,0,0,0,0,4389224,0,0,0,0,0,0,1773_subject_array_1739683805.bin
100710,1773,M0001184-2,1773.17576,6,https://ftp.ncbi.nlm.nih.gov/genomes/all/GCF/004/112/725/GCF_004112725.1_ASM411272v1,6,1773.17576.fna,GCF_004112725.1_ASM411272v1_genomic.fna,4391546,4391546,1773.17576.fna_vs_GCF_004112725.1_ASM411272v1_genomic.fna_blast.xml,0,0,0,0,0,0,0,0,4391546,0,0,0,0,0,0,1773_subject_array_1739683808.bin
100716,1773,M0001428-3,1773.17528,6,https://ftp.ncbi.nlm.nih.gov/genomes/all/GCF/004/111/735/GCF_004111735.1_ASM411173v1,6,1773.17528.fna,GCF_004111735.1_ASM411173v1_genomic.fna,4384222,4384222,1773.17528.fna_vs_GCF_004111735.1_ASM411173v1_genomic.fna_blast.xml,0,0,0,0,0,0,0,0,4384222,0,0,0,0,0,0,1773_subject_array_1739683812.bin
100793,1773,M0003761-5,1773.6123,6,https://ftp.ncbi.nlm.nih.gov/genomes/all/GCF/001/841/505/GCF_001841505.1_ASM184150v1,6,1773.6123.fna,GCF_001841505.1_ASM184150v1_genomic.fna,4387145,4387145,1773.6123.fna_vs_GCF_001841505.1_ASM184150v1_genomic.fna_blast.xml,0,0,0,0,0,0,0,0,4387145,0,0,0,0,0,0,1773_subject_array_1739683815.bin
100797,1773,M0003932-2,1773.17337,6,https://ftp.ncbi.nlm.nih.gov/genomes/all/GCF/004/107/865/GCF_004107865.1_ASM410786v1,6,1773.17337.fna,GCF_004107865.1_ASM410786v1_genomic.fna,4381916,4381916,1773.17337.fna_vs_GCF_004107865.1_ASM410786v1_genomic.fna_blast.xml,0,0,0,0,0,0,0,0,4381916,0,0,0,0,0,0,1773_subject_array_1739683818.bin
100806,1773,M0004259-9,1773.17354,6,https://ftp.ncbi.nlm.nih.gov/genomes/all/GCF/004/108/205/GCF_004108205.1_ASM410820v1,6,1773.17354.fna,GCF_004108205.1_ASM410820v1_genomic.fna,4390562,4390562,1773.17354.fna_vs_GCF_004108205.1_ASM410820v1_genomic.fna_blast.xml,0,0,0,0,0,0,0,0,4390562,0,0,0,0,0,0,1773_subject_array_1739683821.bin
100816,1773,M0004565-9,1773.17363,6,https://ftp.ncbi.nlm.nih.gov/genomes/all/GCF/004/108/365/GCF_004108365.1_ASM410836v1,6,1773.17363.fna,GCF_004108365.1_ASM410836v1_genomic.fna,4384203,4384203,1773.17363.fna_vs_GCF_004108365.1_ASM410836v1_genomic.fna_blast.xml,0,0,0,0,0,0,0,0,4384203,0,0,0,0,0,0,1773_subject_array_1739683825.bin
100825,1773,M0004848-9,1773.17350,6,https://ftp.ncbi.nlm.nih.gov/genomes/all/GCF/004/108/125/GCF_004108125.1_ASM410812v1,6,1773.17350.fna,GCF_004108125.1_ASM410812v1_genomic.fna,4374938,4374938,1773.17350.fna_vs_GCF_004108125.1_ASM410812v1_genomic.fna_blast.xml,0,0,0,0,0,0,0,0,4374938,0,0,0,0,0,0,1773_subject_array_1739683828.bin
100828,1773,M0004907-3,1773.17341,6,https://ftp.ncbi.nlm.nih.gov/genomes/all/GCF/004/107/945/GCF_004107945.1_ASM410794v1,6,1773.17341.fna,GCF_004107945.1_ASM410794v1_genomic.fna,4392215,4392215,1773.17341.fna_vs_GCF_004107945.1_ASM410794v1_genomic.fna_blast.xml,0,0,0,0,0,0,0,0,4392215,0,0,0,0,0,0,1773_subject_array_1739683831.bin
100854,1773,M0005784-5,1773.17563,6,https://ftp.ncbi.nlm.nih.gov/genomes/all/GCF/004/112/435/GCF_004112435.1_ASM411243v1,6,1773.17563.fna,GCF_004112435.1_ASM411243v1_genomic.fna,4387812,4387812,1773.17563.fna_vs_GCF_004112435.1_ASM411243v1_genomic.fna_blast.xml,0,0,0,0,0,0,0,0,4387812,0,0,0,0,0,0,1773_subject_array_1739683835.bin
100864,1773,M0006043-5,1773.8320,6,https://ftp.ncbi.nlm.nih.gov/genomes/all/GCF/002/130/825/GCF_002130825.1_ASM213082v1,6,1773.8320.fna,GCF_002130825.1_ASM213082v1_genomic.fna,4392910,4392910,1773.8320.fna_vs_GCF_002130825.1_ASM213082v1_genomic.fna_blast.xml,0,0,0,0,0,0,0,0,4392910,0,0,0,0,0,0,1773_subject_array_1739683838.bin
100870,1773,M0006249-8,1773.17332,6,https://ftp.ncbi.nlm.nih.gov/genomes/all/GCF/004/107/765/GCF_004107765.1_ASM410776v1,6,1773.17332.fna,GCF_004107765.1_ASM410776v1_genomic.fna,4375217,4375217,1773.17332.fna_vs_GCF_004107765.1_ASM410776v1_genomic.fna_blast.xml,0,0,0,0,0,0,0,0,4375217,0,0,0,0,0,0,1773_subject_array_1739683841.bin
100889,1773,M0006955-0,1773.17544,6,https://ftp.ncbi.nlm.nih.gov/genomes/all/GCF/004/112/055/GCF_004112055.1_ASM411205v1,6,1773.17544.fna,GCF_004112055.1_ASM411205v1_genomic.fna,4383403,4383403,1773.17544.fna_vs_GCF_004112055.1_ASM411205v1_genomic.fna_blast.xml,0,0,0,0,0,0,0,0,4383403,0,0,0,0,0,0,1773_subject_array_1739683845.bin
100891,1773,M0006970-9,1773.6155,6,https://ftp.ncbi.nlm.nih.gov/genomes/all/GCF/001/842/135/GCF_001842135.1_ASM184213v1,6,1773.6155.fna,GCF_001842135.1_ASM184213v1_genomic.fna,4397743,4397743,1773.6155.fna_vs_GCF_001842135.1_ASM184213v1_genomic.fna_blast.xml,0,0,0,0,0,0,0,0,4397743,0,0,0,0,0,0,1773_subject_array_1739683848.bin
100904,1773,M0007416-2,1773.17595,6,https://ftp.ncbi.nlm.nih.gov/genomes/all/GCF/004/113/045/GCF_004113045.1_ASM411304v1,6,1773.17595.fna,GCF_004113045.1_ASM411304v1_genomic.fna,4384824,4384824,1773.17595.fna_vs_GCF_004113045.1_ASM411304v1_genomic.fna_blast.xml,0,0,0,0,0,0,0,0,4384824,0,0,0,0,0,0,1773_subject_array_1739683851.bin
100915,1773,M0007933-6,1773.17331,6,https://ftp.ncbi.nlm.nih.gov/genomes/all/GCF/004/107/745/GCF_004107745.1_ASM410774v1,6,1773.17331.fna,GCF_004107745.1_ASM410774v1_genomic.fna,4384355,4384355,1773.17331.fna_vs_GCF_004107745.1_ASM410774v1_genomic.fna_blast.xml,0,0,0,0,0,0,0,0,4384355,0,0,0,0,0,0,1773_subject_array_1739683854.bin
100932,1773,M0008635-6,1773.8307,6,https://ftp.ncbi.nlm.nih.gov/genomes/all/GCF/002/130/565/GCF_002130565.1_ASM213056v1,6,1773.8307.fna,GCF_002130565.1_ASM213056v1_genomic.fna,4390438,4390438,1773.8307.fna_vs_GCF_002130565.1_ASM213056v1_genomic.fna_blast.xml,0,0,0,0,0,0,0,0,4390438,0,0,0,0,0,0,1773_subject_array_1739683858.bin
100994,1773,M0011835-7,1773.17283,6,https://ftp.ncbi.nlm.nih.gov/genomes/all/GCF/004/106/785/GCF_004106785.1_ASM410678v1,6,1773.17283.fna,GCF_004106785.1_ASM410678v1_genomic.fna,4406818,4406818,1773.17283.fna_vs_GCF_004106785.1_ASM410678v1_genomic.fna_blast.xml,0,0,0,0,0,0,0,0,4406818,0,0,0,0,0,0,1773_subject_array_1739683861.bin
101003,1773,M0012253-2B,1773.17592,6,https://ftp.ncbi.nlm.nih.gov/genomes/all/GCF/004/113/025/GCF_004113025.1_ASM411302v1,6,1773.17592.fna,GCF_004113025.1_ASM411302v1_genomic.fna,4406946,4406946,1773.17592.fna_vs_GCF_004113025.1_ASM411302v1_genomic.fna_blast.xml,0,0,0,0,0,0,0,0,4406946,0,0,0,0,0,0,1773_subject_array_1739683864.bin
101044,1773,M0014243-1,1773.6147,6,https://ftp.ncbi.nlm.nih.gov/genomes/all/GCF/001/841/975/GCF_001841975.1_ASM184197v1,6,1773.6147.fna,GCF_001841975.1_ASM184197v1_genomic.fna,4352151,4352151,1773.6147.fna_vs_GCF_001841975.1_ASM184197v1_genomic.fna_blast.xml,0,0,0,0,0,0,0,0,4352151,0,0,0,0,0,0,1773_subject_array_1739683868.bin
101066,1773,M0014909-7,1773.7658,6,https://ftp.ncbi.nlm.nih.gov/genomes/all/GCF/001/943/885/GCF_001943885.1_ASM194388v1,6,1773.7658.fna,GCF_001943885.1_ASM194388v1_genomic.fna,4364760,4364760,1773.7658.fna_vs_GCF_001943885.1_ASM194388v1_genomic.fna_blast.xml,0,0,0,0,0,0,0,0,4364760,0,0,0,0,0,0,1773_subject_array_1739683871.bin
101084,1773,M0015869-2,1773.6137,6,https://ftp.ncbi.nlm.nih.gov/genomes/all/GCF/001/841/785/GCF_001841785.1_ASM184178v1,6,1773.6137.fna,GCF_001841785.1_ASM184178v1_genomic.fna,4398429,4398429,1773.6137.fna_vs_GCF_001841785.1_ASM184178v1_genomic.fna_blast.xml,0,0,0,0,0,0,0,0,4398429,0,0,0,0,0,0,1773_subject_array_1739683875.bin
101156,1773,M0018852-5,1773.17540,6,https://ftp.ncbi.nlm.nih.gov/genomes/all/GCF/004/111/955/GCF_004111955.1_ASM411195v1,6,1773.17540.fna,GCF_004111955.1_ASM411195v1_genomic.fna,4379951,4379951,1773.17540.fna_vs_GCF_004111955.1_ASM411195v1_genomic.fna_blast.xml,0,0,0,0,0,0,0,0,4379951,0,0,0,0,0,0,1773_subject_array_1739683878.bin
101171,1773,M0019821-9,1773.17600,6,https://ftp.ncbi.nlm.nih.gov/genomes/all/GCF/004/113/155/GCF_004113155.1_ASM411315v1,6,1773.17600.fna,GCF_004113155.1_ASM411315v1_genomic.fna,4374351,4374351,1773.17600.fna_vs_GCF_004113155.1_ASM411315v1_genomic.fna_blast.xml,0,0,0,0,0,0,0,0,4374351,0,0,0,0,0,0,1773_subject_array_1739683881.bin
101212,1773,M0021745-6,1773.17206,6,https://ftp.ncbi.nlm.nih.gov/genomes/all/GCF/004/105/235/GCF_004105235.1_ASM410523v1,6,1773.17206.fna,GCF_004105235.1_ASM410523v1_genomic.fna,4382245,4382245,1773.17206.fna_vs_GCF_004105235.1_ASM410523v1_genomic.fna_blast.xml,0,0,0,0,0,0,0,0,4382245,0,0,0,0,0,0,1773_subject_array_1739683885.bin
101215,1773,M0021880-1,1773.17225,6,https://ftp.ncbi.nlm.nih.gov/genomes/all/GCF/004/105/585/GCF_004105585.1_ASM410558v1,6,1773.17225.fna,GCF_004105585.1_ASM410558v1_genomic.fna,4395755,4395755,1773.17225.fna_vs_GCF_004105585.1_ASM410558v1_genomic.fna_blast.xml,0,0,0,0,0,0,0,0,4395755,0,0,0,0,0,0,1773_subject_array_1739683889.bin
101229,1773,M0022506-1,1773.6163,6,https://ftp.ncbi.nlm.nih.gov/genomes/all/GCF/001/842/295/GCF_001842295.1_ASM184229v1,6,1773.6163.fna,GCF_001842295.1_ASM184229v1_genomic.fna,4391183,4391183,1773.6163.fna_vs_GCF_001842295.1_ASM184229v1_genomic.fna_blast.xml,0,0,0,0,0,0,0,0,4391183,0,0,0,0,0,0,1773_subject_array_1739683893.bin
101243,1773,M0023039-2,1773.6160,6,https://ftp.ncbi.nlm.nih.gov/genomes/all/GCF/001/842/245/GCF_001842245.1_ASM184224v1,6,1773.6160.fna,GCF_001842245.1_ASM184224v1_genomic.fna,4393416,4393416,1773.6160.fna_vs_GCF_001842245.1_ASM184224v1_genomic.fna_blast.xml,0,0,0,0,0,0,0,0,4393416,0,0,0,0,0,0,1773_subject_array_1739683896.bin
101297,1773,M0025667-8,1773.7053,6,https://ftp.ncbi.nlm.nih.gov/genomes/all/GCF/001/949/025/GCF_001949025.1_ASM194902v1,6,1773.7053.fna,GCF_001949025.1_ASM194902v1_genomic.fna,4391336,4391336,1773.7053.fna_vs_GCF_001949025.1_ASM194902v1_genomic.fna_blast.xml,0,0,0,0,0,0,0,0,4391336,0,0,0,0,0,0,1773_subject_array_1739683900.bin
101301,1773,M0025861-7,1773.17180,6,https://ftp.ncbi.nlm.nih.gov/genomes/all/GCF/004/104/695/GCF_004104695.1_ASM410469v1,6,1773.17180.fna,GCF_004104695.1_ASM410469v1_genomic.fna,4356662,4356662,1773.17180.fna_vs_GCF_004104695.1_ASM410469v1_genomic.fna_blast.xml,0,0,0,0,0,0,0,0,4356662,0,0,0,0,0,0,1773_subject_array_1739683904.bin
101313,1773,M0025980-5,1773.17193,6,https://ftp.ncbi.nlm.nih.gov/genomes/all/GCF/004/104/975/GCF_004104975.1_ASM410497v1,6,1773.17193.fna,GCF_004104975.1_ASM410497v1_genomic.fna,4398344,4398344,1773.17193.fna_vs_GCF_004104975.1_ASM410497v1_genomic.fna_blast.xml,0,0,0,0,0,0,0,0,4398344,0,0,0,0,0,0,1773_subject_array_1739683907.bin
101323,1773,M0026054-8,1773.17186,6,https://ftp.ncbi.nlm.nih.gov/genomes/all/GCF/004/104/815/GCF_004104815.1_ASM410481v1,6,1773.17186.fna,GCF_004104815.1_ASM410481v1_genomic.fna,4396257,4396257,1773.17186.fna_vs_GCF_004104815.1_ASM410481v1_genomic.fna_blast.xml,0,0,0,0,0,0,0,0,4396257,0,0,0,0,0,0,1773_subject_array_1739683910.bin
101385,1773,MR2407,1773.23713,6,https://ftp.ncbi.nlm.nih.gov/genomes/all/GCF/015/687/025/GCF_015687025.1_ASM1568702v1,6,1773.23713.fna,GCF_015687025.1_ASM1568702v1_genomic.fna,4380639,4380639,1773.23713.fna_vs_GCF_015687025.1_ASM1568702v1_genomic.fna_blast.xml,0,0,0,5,0,0,16,13040,4367268,0,73,212,25,0,0,1773_subject_array_1739683915.bin
101905,1774,Myco4,1774.103,6,https://ftp.ncbi.nlm.nih.gov/genomes/all/GCF/015/700/815/GCF_015700815.1_ASM1570081v1,6,1774.103.fna,GCF_015700815.1_ASM1570081v1_genomic.fna,5012819,5012819,1774.103.fna_vs_GCF_015700815.1_ASM1570081v1_genomic.fna_blast.xml,0,0,0,0,0,0,0,0,5012819,0,0,0,0,0,0,1774_subject_array_1739683918.bin
102074,1778590,EGI 60007,1778590.3,6,https://ftp.ncbi.nlm.nih.gov/genomes/all/GCF/008/831/085/GCF_008831085.1_ASM883108v1,6,1778590.3.fna,GCF_008831085.1_ASM883108v1_genomic.fna,3256946,3256946,1778590.3.fna_vs_GCF_008831085.1_ASM883108v1_genomic.fna_blast.xml,0,0,0,0,0,0,0,0,3256946,0,0,0,0,0,0,1778590_subject_array_1739683920.bin
102228,1785988,MRM1,1785988.5,6,https://ftp.ncbi.nlm.nih.gov/genomes/all/GCF/018/221/685/GCF_018221685.1_ASM1822168v1,6,1785988.5.fna,GCF_018221685.1_ASM1822168v1_genomic.fna,2048899,2048899,1785988.5.fna_vs_GCF_018221685.1_ASM1822168v1_genomic.fna_blast.xml,0,0,0,0,0,0,0,0,2048899,0,0,0,0,0,0,1785988_subject_array_1739683922.bin
102898,1808959,E262,1808959.4,6,https://ftp.ncbi.nlm.nih.gov/genomes/all/GCF/003/004/665/GCF_003004665.1_ASM300466v1,6,1808959.4.fna,GCF_003004665.1_ASM300466v1_genomic.fna,1157259,1157259,1808959.4.fna_vs_GCF_003004665.1_ASM300466v1_genomic.fna_blast.xml,0,0,0,0,0,0,0,0,1157259,0,0,0,0,0,0,1808959_subject_array_1739683923.bin
103162,1812935,2017-45-51-04-01,1812935.517,6,https://ftp.ncbi.nlm.nih.gov/genomes/all/GCF/030/179/035/GCF_030179035.1_ASM3017903v1,6,1812935.517.fna,GCF_030179035.1_ASM3017903v1_genomic.fna,5689850,5689850,1812935.517.fna_vs_GCF_030179035.1_ASM3017903v1_genomic.fna_blast.xml,0,0,0,0,0,0,0,0,5689850,0,0,0,0,0,0,1812935_subject_array_1739683927.bin
103315,1812935,EB00176,1812935.511,6,https://ftp.ncbi.nlm.nih.gov/genomes/all/GCF/030/410/265/GCF_030410265.1_ASM3041026v1,6,1812935.511.fna,GCF_030410265.1_ASM3041026v1_genomic.fna,4939684,4939684,1812935.511.fna_vs_GCF_030410265.1_ASM3041026v1_genomic.fna_blast.xml,0,0,0,0,0,0,0,0,4939684,0,0,0,0,0,0,1812935_subject_array_1739683932.bin
103357,1812935,GD21SC1505,1812935.393,6,https://ftp.ncbi.nlm.nih.gov/genomes/all/GCF/023/650/875/GCF_023650875.1_ASM2365087v1,6,1812935.393.fna,GCF_023650875.1_ASM2365087v1_genomic.fna,4978945,4978945,1812935.393.fna_vs_GCF_023650875.1_ASM2365087v1_genomic.fna_blast.xml,0,0,0,0,0,0,0,0,4978945,0,0,0,0,0,0,1812935_subject_array_1739683936.bin
103444,1812935,OS53,1812935.66,6,https://ftp.ncbi.nlm.nih.gov/genomes/all/GCF/011/118/395/GCF_011118395.1_ASM1111839v1,6,1812935.66.fna,GCF_011118395.1_ASM1111839v1_genomic.fna,5194507,5194507,1812935.66.fna_vs_GCF_011118395.1_ASM1111839v1_genomic.fna_blast.xml,0,0,0,0,0,0,0,0,5194507,0,0,0,0,0,0,1812935_subject_array_1739683941.bin
103462,1812935,RHBSTW-00695,1812935.88,6,https://ftp.ncbi.nlm.nih.gov/genomes/all/GCF/013/733/395/GCF_013733395.1_ASM1373339v1,6,1812935.88.fna,GCF_013733395.1_ASM1373339v1_genomic.fna,5009672,5009672,1812935.88.fna_vs_GCF_013733395.1_ASM1373339v1_genomic.fna_blast.xml,0,0,0,0,0,0,0,0,5009672,0,0,0,0,0,0,1812935_subject_array_1739683945.bin
103728,1825093,T81,1825093.3,6,https://ftp.ncbi.nlm.nih.gov/genomes/all/GCF/003/268/475/GCF_003268475.1_ASM326847v1,6,1825093.3.fna,GCF_003268475.1_ASM326847v1_genomic.fna,5973949,5973949,1825093.3.fna_vs_GCF_003268475.1_ASM326847v1_genomic.fna_blast.xml,0,0,0,0,0,0,0,89080,5884836,0,1,1,31,0,0,1825093_subject_array_1739683949.bin
104118,1839785,JNE5,1839785.11,6,https://ftp.ncbi.nlm.nih.gov/genomes/all/GCF/023/158/935/GCF_023158935.1_ASM2315893v1,6,1839785.11.fna,GCF_023158935.1_ASM2315893v1_genomic.fna,3031071,3031071,1839785.11.fna_vs_GCF_023158935.1_ASM2315893v1_genomic.fna_blast.xml,0,0,0,0,0,0,0,0,3031070,0,1,0,0,0,0,1839785_subject_array_1739683952.bin
104243,1844006,P97,1844006.3,6,https://ftp.ncbi.nlm.nih.gov/genomes/all/GCF/001/888/185/GCF_001888185.1_ASM188818v1,6,1844006.3.fna,GCF_001888185.1_ASM188818v1_genomic.fna,4207221,4207221,1844006.3.fna_vs_GCF_001888185.1_ASM188818v1_genomic.fna_blast.xml,0,0,0,0,0,0,0,0,4207221,0,0,0,0,0,0,1844006_subject_array_1739683955.bin
104452,1852362,Marseille-P2824T,1852362.3,6,https://ftp.ncbi.nlm.nih.gov/genomes/all/GCF/900/104/585/GCF_900104585.1_PRJEB16348,6,1852362.3.fna,GCF_900104585.1_PRJEB16348_genomic.fna,4063701,4063701,1852362.3.fna_vs_GCF_900104585.1_PRJEB16348_genomic.fna_blast.xml,0,0,0,0,0,0,0,0,4063701,0,0,0,0,0,0,1852362_subject_array_1739683958.bin
104482,1852776,BK296,1852776.6,6,https://ftp.ncbi.nlm.nih.gov/genomes/all/GCF/001/676/655/GCF_001676655.1_ASM167665v1,6,1852776.6.fna,GCF_001676655.1_ASM167665v1_genomic.fna,2492918,2492918,1852776.6.fna_vs_GCF_001676655.1_ASM167665v1_genomic.fna_blast.xml,0,0,0,0,0,0,0,0,2492918,0,0,0,0,0,0,1852776_subject_array_1739683960.bin
104536,1855303,CF125,1855303.3,6,https://ftp.ncbi.nlm.nih.gov/genomes/all/GCF/900/104/085/GCF_900104085.1_IMG-taxon_2615840523_annotated_assembly,6,1855303.3.fna,GCF_900104085.1_IMG-taxon_2615840523_annotated_assembly_genomic.fna,4216411,4216411,1855303.3.fna_vs_GCF_900104085.1_IMG-taxon_2615840523_annotated_assembly_genomic.fna_blast.xml,0,0,0,0,0,0,1,1060,4215349,0,1,0,0,0,0,1855303_subject_array_1739683964.bin
104721,186196,DK17,186196.20,6,https://ftp.ncbi.nlm.nih.gov/genomes/all/GCF/038/447/505/GCF_038447505.2_DK17,6,186196.20.fna,GCF_038447505.2_DK17_genomic.fna,9527206,9527724,186196.20.fna_vs_GCF_038447505.2_DK17_genomic.fna_blast.xml,0,0,3,1,0,0,2,104,9527278,0,0,17,309,0,10,186196_subject_array_1739683971.bin
104748,1863,BTSK13,1863.97,6,https://ftp.ncbi.nlm.nih.gov/genomes/all/GCF/017/584/965/GCF_017584965.1_ASM1758496v1,6,1863.97.fna,GCF_017584965.1_ASM1758496v1_genomic.fna,2705629,2705629,1863.97.fna_vs_GCF_017584965.1_ASM1758496v1_genomic.fna_blast.xml,0,0,0,0,0,0,0,86512,2619117,0,0,0,0,0,0,1863_subject_array_1739683973.bin
104777,1863,BTSK4,1863.107,6,https://ftp.ncbi.nlm.nih.gov/genomes/all/GCF/017/585/145/GCF_017585145.1_ASM1758514v1,6,1863.107.fna,GCF_017585145.1_ASM1758514v1_genomic.fna,2644574,2644574,1863.107.fna_vs_GCF_017585145.1_ASM1758514v1_genomic.fna_blast.xml,0,0,0,0,0,0,0,96481,2548092,0,0,0,1,0,0,1863_subject_array_1739683975.bin
104822,1867719,Tri-48; RCAM 03910,1867719.3,6,https://ftp.ncbi.nlm.nih.gov/genomes/all/GCF/002/764/115/GCF_002764115.1_ASM276411v1,6,1867719.3.fna,GCF_002764115.1_ASM276411v1_genomic.fna,6208009,6208009,1867719.3.fna_vs_GCF_002764115.1_ASM276411v1_genomic.fna_blast.xml,0,0,0,0,0,0,0,0,6208009,0,0,0,0,0,0,1867719_subject_array_1739683979.bin
104855,1869241,CENA543,1869241.10,6,https://ftp.ncbi.nlm.nih.gov/genomes/all/GCF/002/896/875/GCF_002896875.1_ASM289687v1,6,1869241.10.fna,GCF_002896875.1_ASM289687v1_genomic.fna,7207640,7207640,1869241.10.fna_vs_GCF_002896875.1_ASM289687v1_genomic.fna_blast.xml,0,0,0,0,0,0,0,0,7207640,0,0,0,0,0,0,1869241_subject_array_1739683989.bin
104858,1870820,IHBB 9951,1870821.3,6,https://ftp.ncbi.nlm.nih.gov/genomes/all/GCF/001/996/445/GCF_001996445.1_ASM199644v1,6,1870821.3.fna,GCF_001996445.1_ASM199644v1_genomic.fna,6543003,6543003,1870821.3.fna_vs_GCF_001996445.1_ASM199644v1_genomic.fna_blast.xml,0,0,0,0,0,0,0,0,6543003,0,0,0,0,0,0,1870821_subject_array_1739683994.bin
104900,1871002,Marseille-P2764T,1871002.3,6,https://ftp.ncbi.nlm.nih.gov/genomes/all/GCF/900/106/585/GCF_900106585.1_PRJEB16534,6,1871002.3.fna,GCF_900106585.1_PRJEB16534_genomic.fna,2297059,2297059,1871002.3.fna_vs_GCF_900106585.1_PRJEB16534_genomic.fna_blast.xml,0,0,0,0,0,0,0,0,2297059,0,0,0,0,0,0,1871002_subject_array_1739683996.bin
105093,1881035,PDC51,1881035.3,6,https://ftp.ncbi.nlm.nih.gov/genomes/all/GCF/900/113/225/GCF_900113225.1_IMG-taxon_2690315655_annotated_assembly,6,1881035.3.fna,GCF_900113225.1_IMG-taxon_2690315655_annotated_assembly_genomic.fna,5852107,5852107,1881035.3.fna_vs_GCF_900113225.1_IMG-taxon_2690315655_annotated_assembly_genomic.fna_blast.xml,0,0,0,0,0,0,0,0,5852107,0,0,0,0,0,0,1881035_subject_array_1739684000.bin
105141,1882682,V5/3m,1882682.3,6,https://ftp.ncbi.nlm.nih.gov/genomes/all/GCF/002/741/015/GCF_002741015.1_ASM274101v1,6,1882682.3.fna,GCF_002741015.1_ASM274101v1_genomic.fna,9631051,9631051,1882682.3.fna_vs_GCF_002741015.1_ASM274101v1_genomic.fna_blast.xml,0,0,0,0,0,0,0,0,9631051,0,0,0,0,0,0,1882682_subject_array_1739684010.bin
105171,1882823,ES.052,1882823.3,6,https://ftp.ncbi.nlm.nih.gov/genomes/all/GCF/900/141/775/GCF_900141775.1_IMG-taxon_2695421045_annotated_assembly,6,1882823.3.fna,GCF_900141775.1_IMG-taxon_2695421045_annotated_assembly_genomic.fna,3572894,3572894,1882823.3.fna_vs_GCF_900141775.1_IMG-taxon_2695421045_annotated_assembly_genomic.fna_blast.xml,0,0,0,0,0,0,0,0,3572894,0,0,0,0,0,0,1882823_subject_array_1739684013.bin
105288,1886,NBC_01670,1886.151,6,https://ftp.ncbi.nlm.nih.gov/genomes/all/GCF/026/339/695/GCF_026339695.1_ASM2633969v1,6,1886.151.fna,GCF_026339695.1_ASM2633969v1_genomic.fna,7309386,7309386,1886.151.fna_vs_GCF_026339695.1_ASM2633969v1_genomic.fna_blast.xml,0,0,0,0,0,0,0,0,7309383,0,1,2,0,0,0,1886_subject_array_1739684018.bin
105292,1886,NBRC 12854,1886.116,6,https://ftp.ncbi.nlm.nih.gov/genomes/all/GCF/020/521/315/GCF_020521315.1_ASM2052131v1,6,1886.116.fna,GCF_020521315.1_ASM2052131v1_genomic.fna,7167927,7167927,1886.116.fna_vs_GCF_020521315.1_ASM2052131v1_genomic.fna_blast.xml,0,0,0,0,0,0,0,0,7167927,0,0,0,0,0,0,1886_subject_array_1739684024.bin
105629,1892,NBC_01464,1892.38,6,https://ftp.ncbi.nlm.nih.gov/genomes/all/GCF/026/340/055/GCF_026340055.1_ASM2634005v1,6,1892.38.fna,GCF_026340055.1_ASM2634005v1_genomic.fna,9279953,9279953,1892.38.fna_vs_GCF_026340055.1_ASM2634005v1_genomic.fna_blast.xml,0,0,0,0,0,0,0,0,9279951,0,1,1,0,0,0,1892_subject_array_1739684031.bin
105667,1893,NBC_00141,1893.27,6,https://ftp.ncbi.nlm.nih.gov/genomes/all/GCF/026/342/895/GCF_026342895.1_ASM2634289v1,6,1893.27.fna,GCF_026342895.1_ASM2634289v1_genomic.fna,9173270,9173270,1893.27.fna_vs_GCF_026342895.1_ASM2634289v1_genomic.fna_blast.xml,0,0,0,0,0,0,0,0,9173270,0,0,0,0,0,0,1893_subject_array_1739684038.bin
105754,1894989,DSM 102936,1894989.3,6,https://ftp.ncbi.nlm.nih.gov/genomes/all/GCF/003/815/015/GCF_003815015.1_ASM381501v1,6,1894989.3.fna,GCF_003815015.1_ASM381501v1_genomic.fna,2177741,2177741,1894989.3.fna_vs_GCF_003815015.1_ASM381501v1_genomic.fna_blast.xml,0,0,0,0,0,0,0,0,2177741,0,0,0,0,0,0,1894989_subject_array_1739684040.bin
105833,1898042,Ab134,1898042.6,6,https://ftp.ncbi.nlm.nih.gov/genomes/all/GCF/018/282/095/GCF_018282095.1_ASM1828209v1,6,1898042.6.fna,GCF_018282095.1_ASM1828209v1_genomic.fna,6030410,6030410,1898042.6.fna_vs_GCF_018282095.1_ASM1828209v1_genomic.fna_blast.xml,0,0,0,0,0,0,0,80,6030330,0,0,0,0,0,0,1898042_subject_array_1739684044.bin
105873,190045,2,190045.3,6,https://ftp.ncbi.nlm.nih.gov/genomes/all/GCF/023/072/795/GCF_023072795.1_ASM2307279v1,6,190045.3.fna,GCF_023072795.1_ASM2307279v1_genomic.fna,10017644,10017644,190045.3.fna_vs_GCF_023072795.1_ASM2307279v1_genomic.fna_blast.xml,0,0,0,0,0,0,0,0,10017644,0,0,0,0,0,0,190045_subject_array_1739684052.bin
106374,191292,4CI,191292.34,6,https://ftp.ncbi.nlm.nih.gov/genomes/all/GCF/014/230/025/GCF_014230025.1_ASM1423002v1,6,191292.34.fna,GCF_014230025.1_ASM1423002v1_genomic.fna,6586891,6586891,191292.34.fna_vs_GCF_014230025.1_ASM1423002v1_genomic.fna_blast.xml,0,0,0,0,0,0,0,0,6586891,0,0,0,0,0,0,191292_subject_array_1739684058.bin
106524,1917485,AM1-D1,1917485.4,6,https://ftp.ncbi.nlm.nih.gov/genomes/all/GCF/001/886/735/GCF_001886735.1_ASM188673v1,6,1917485.4.fna,GCF_001886735.1_ASM188673v1_genomic.fna,4691010,4691010,1917485.4.fna_vs_GCF_001886735.1_ASM188673v1_genomic.fna_blast.xml,0,0,0,0,0,0,0,0,4691010,0,0,0,0,0,0,1917485_subject_array_1739684061.bin
106568,1919,NBC_01424,1919.21,6,https://ftp.ncbi.nlm.nih.gov/genomes/all/GCF/026/340/135/GCF_026340135.1_ASM2634013v1,6,1919.21.fna,GCF_026340135.1_ASM2634013v1_genomic.fna,8510727,8510727,1919.21.fna_vs_GCF_026340135.1_ASM2634013v1_genomic.fna_blast.xml,0,0,0,0,0,0,0,0,8510727,0,0,0,0,0,0,1919_subject_array_1739684067.bin
106585,192,Cd,192.152,6,https://ftp.ncbi.nlm.nih.gov/genomes/all/GCF/008/274/965/GCF_008274965.1_ASM827496v1,6,192.152.fna,GCF_008274965.1_ASM827496v1_genomic.fna,7441087,7441087,192.152.fna_vs_GCF_008274965.1_ASM827496v1_genomic.fna_blast.xml,0,0,0,0,0,0,1,1,7441085,0,0,0,0,0,0,192_subject_array_1739684074.bin
106591,192,MTCC4038,192.125,6,https://ftp.ncbi.nlm.nih.gov/genomes/all/GCF/005/222/145/GCF_005222145.1_ASM522214v1,6,192.125.fna,GCF_005222145.1_ASM522214v1_genomic.fna,7134170,7134170,192.125.fna_vs_GCF_005222145.1_ASM522214v1_genomic.fna_blast.xml,0,0,0,0,0,0,0,0,7134170,0,0,0,0,0,0,192_subject_array_1739684080.bin
106592,192,MTCC4039,192.128,6,https://ftp.ncbi.nlm.nih.gov/genomes/all/GCF/005/222/205/GCF_005222205.1_ASM522220v1,6,192.128.fna,GCF_005222205.1_ASM522220v1_genomic.fna,7196248,7196248,192.128.fna_vs_GCF_005222205.1_ASM522220v1_genomic.fna_blast.xml,0,0,0,0,0,0,0,0,7196248,0,0,0,0,0,0,192_subject_array_1739684086.bin
106594,192,Sp 7,192.151,6,https://ftp.ncbi.nlm.nih.gov/genomes/all/GCF/008/274/945/GCF_008274945.1_ASM827494v1,6,192.151.fna,GCF_008274945.1_ASM827494v1_genomic.fna,7100241,7100241,192.151.fna_vs_GCF_008274945.1_ASM827494v1_genomic.fna_blast.xml,0,0,0,0,0,0,1,0,7100238,0,1,1,0,0,0,192_subject_array_1739684092.bin
106852,1926283,Marseille-P3397,1926283.3,6,https://ftp.ncbi.nlm.nih.gov/genomes/all/GCF/900/240/245/GCF_900240245.1_PRJEB23758,6,1926283.3.fna,GCF_900240245.1_PRJEB23758_genomic.fna,3329949,3329949,1926283.3.fna_vs_GCF_900240245.1_PRJEB23758_genomic.fna_blast.xml,0,0,0,0,0,0,0,0,3329949,0,0,0,0,0,0,1926283_subject_array_1739684094.bin
107047,192955,12CEB4452SAL,192955.724,6,https://ftp.ncbi.nlm.nih.gov/genomes/all/GCF/943/066/475/GCF_943066475.1_12CEB4452SAL,6,192955.724.fna,GCF_943066475.1_12CEB4452SAL_genomic.fna,4828849,4828849,192955.724.fna_vs_GCF_943066475.1_12CEB4452SAL_genomic.fna_blast.xml,0,0,0,0,0,0,0,95,4828753,0,0,0,1,0,0,192955_subject_array_1739684098.bin
107121,192955,AH19MCS8,192955.737,6,https://ftp.ncbi.nlm.nih.gov/genomes/all/GCF/024/722/455/GCF_024722455.1_ASM2472245v1,6,192955.737.fna,GCF_024722455.1_ASM2472245v1_genomic.fna,4982792,4982792,192955.737.fna_vs_GCF_024722455.1_ASM2472245v1_genomic.fna_blast.xml,0,0,0,0,0,0,0,0,4982792,0,0,0,0,0,0,192955_subject_array_1739684101.bin
107165,192955,BL700,192955.794,6,https://ftp.ncbi.nlm.nih.gov/genomes/all/GCF/030/063/065/GCF_030063065.1_ASM3006306v1,6,192955.794.fna,GCF_030063065.1_ASM3006306v1_genomic.fna,4840759,4840759,192955.794.fna_vs_GCF_030063065.1_ASM3006306v1_genomic.fna_blast.xml,0,0,0,0,0,0,0,0,4840759,0,0,0,0,0,0,192955_subject_array_1739684105.bin
107574,1935446,WD2103,1935446.56,6,https://ftp.ncbi.nlm.nih.gov/genomes/all/GCF/024/494/545/GCF_024494545.1_ASM2449454v1,6,1935446.56.fna,GCF_024494545.1_ASM2449454v1_genomic.fna,4647586,4647586,1935446.56.fna_vs_GCF_024494545.1_ASM2449454v1_genomic.fna_blast.xml,0,0,0,0,0,0,0,0,4647586,0,0,0,0,0,0,1935446_subject_array_1739684109.bin
107584,1936029,MS1601,1936029.3,6,https://ftp.ncbi.nlm.nih.gov/genomes/all/GCF/001/984/215/GCF_001984215.1_ASM198421v1,6,1936029.3.fna,GCF_001984215.1_ASM198421v1_genomic.fna,6829132,6829132,1936029.3.fna_vs_GCF_001984215.1_ASM198421v1_genomic.fna_blast.xml,0,0,0,0,0,0,0,0,6829132,0,0,0,0,0,0,1936029_subject_array_1739684114.bin
107667,1938747,JKS000303,1938747.3,6,https://ftp.ncbi.nlm.nih.gov/genomes/all/GCF/002/563/755/GCF_002563755.1_ASM256375v1,6,1938747.3.fna,GCF_002563755.1_ASM256375v1_genomic.fna,8163853,8163853,1938747.3.fna_vs_GCF_002563755.1_ASM256375v1_genomic.fna_blast.xml,0,0,0,0,0,0,0,0,8163853,0,0,0,0,0,0,1938747_subject_array_1739684120.bin
107682,1938809,BL9I2N2,1938809.3,6,https://ftp.ncbi.nlm.nih.gov/genomes/all/GCF/004/339/745/GCF_004339745.1_ASM433974v1,6,1938809.3.fna,GCF_004339745.1_ASM433974v1_genomic.fna,9968587,9968587,1938809.3.fna_vs_GCF_004339745.1_ASM433974v1_genomic.fna_blast.xml,0,0,0,0,0,0,0,0,9968587,0,0,0,0,0,0,1938809_subject_array_1739684127.bin
107711,1938862,7002,1938862.3,6,https://ftp.ncbi.nlm.nih.gov/genomes/all/GCF/900/177/825/GCF_900177825.1_IMG-taxon_2708742468_annotated_assembly,6,1938862.3.fna,GCF_900177825.1_IMG-taxon_2708742468_annotated_assembly_genomic.fna,3434434,3434434,1938862.3.fna_vs_GCF_900177825.1_IMG-taxon_2708742468_annotated_assembly_genomic.fna_blast.xml,0,0,0,0,0,0,1,0,3434433,0,0,0,0,0,0,1938862_subject_array_1739684130.bin
107712,1938863,OG1,1938863.3,6,https://ftp.ncbi.nlm.nih.gov/genomes/all/GCF/900/177/365/GCF_900177365.1_IMG-taxon_2708742537_annotated_assembly,6,1938863.3.fna,GCF_900177365.1_IMG-taxon_2708742537_annotated_assembly_genomic.fna,3433936,3433936,1938863.3.fna_vs_GCF_900177365.1_IMG-taxon_2708742537_annotated_assembly_genomic.fna_blast.xml,0,0,0,0,0,0,0,0,3433936,0,0,0,0,0,0,1938863_subject_array_1739684133.bin
108904,195,SH-CCD11C473,195.2345,6,https://ftp.ncbi.nlm.nih.gov/genomes/all/GCF/004/329/325/GCF_004329325.1_ASM432932v1,6,195.2345.fna,GCF_004329325.1_ASM432932v1_genomic.fna,1716436,1716436,195.2345.fna_vs_GCF_004329325.1_ASM432932v1_genomic.fna_blast.xml,0,0,0,0,0,0,0,0,1716436,0,0,0,0,0,0,195_subject_array_1739684134.bin
108905,195,SH-CCD11C615,195.2346,6,https://ftp.ncbi.nlm.nih.gov/genomes/all/GCF/004/329/355/GCF_004329355.1_ASM432935v1,6,195.2346.fna,GCF_004329355.1_ASM432935v1_genomic.fna,1737392,1737392,195.2346.fna_vs_GCF_004329355.1_ASM432935v1_genomic.fna_blast.xml,0,0,0,0,0,0,0,0,1737392,0,0,0,0,0,0,195_subject_array_1739684135.bin
109057,195498,PCC 7117,195498.5,6,https://ftp.ncbi.nlm.nih.gov/genomes/all/GCF/001/693/275/GCF_001693275.1_ASM169327v1,6,195498.5.fna,GCF_001693275.1_ASM169327v1_genomic.fna,3432101,3432101,195498.5.fna_vs_GCF_001693275.1_ASM169327v1_genomic.fna_blast.xml,0,0,0,0,0,0,0,0,3432101,0,0,0,0,0,0,195498_subject_array_1739684138.bin
109148,1960155,KW,1960155.3,6,https://ftp.ncbi.nlm.nih.gov/genomes/all/GCF/002/025/445/GCF_002025445.1_KWv02,6,1960155.3.fna,GCF_002025445.1_KWv02_genomic.fna,5889430,5889430,1960155.3.fna_vs_GCF_002025445.1_KWv02_genomic.fna_blast.xml,0,0,0,0,0,0,0,0,5889430,0,0,0,0,0,0,1960155_subject_array_1739684153.bin
109278,1962118,1004,1962118.159,6,https://ftp.ncbi.nlm.nih.gov/genomes/all/GCF/900/135/955/GCF_900135955.1_12082_5_63,6,1962118.159.fna,GCF_900135955.1_12082_5_63_genomic.fna,4902012,4902012,1962118.159.fna_vs_GCF_900135955.1_12082_5_63_genomic.fna_blast.xml,0,0,0,0,0,0,0,4418,4897594,0,0,0,0,0,0,1962118_subject_array_1739684157.bin
109279,1962118,1006,1962118.160,6,https://ftp.ncbi.nlm.nih.gov/genomes/all/GCF/900/135/965/GCF_900135965.1_12082_5_64,6,1962118.160.fna,GCF_900135965.1_12082_5_64_genomic.fna,4900449,4900449,1962118.160.fna_vs_GCF_900135965.1_12082_5_64_genomic.fna_blast.xml,0,0,0,0,0,0,0,5026,4895407,0,0,5,11,0,0,1962118_subject_array_1739684161.bin
109288,1962118,1035,1962118.204,6,https://ftp.ncbi.nlm.nih.gov/genomes/all/GCF/900/137/945/GCF_900137945.1_12163_2_9,6,1962118.204.fna,GCF_900137945.1_12163_2_9_genomic.fna,4901005,4901005,1962118.204.fna_vs_GCF_900137945.1_12163_2_9_genomic.fna_blast.xml,0,0,0,0,0,0,0,4705,4895960,0,0,3,337,0,0,1962118_subject_array_1739684164.bin
109304,1962118,1118,1962118.144,6,https://ftp.ncbi.nlm.nih.gov/genomes/all/GCF/900/134/685/GCF_900134685.1_12163_2_78,6,1962118.144.fna,GCF_900134685.1_12163_2_78_genomic.fna,4797265,4797265,1962118.144.fna_vs_GCF_900134685.1_12163_2_78_genomic.fna_blast.xml,0,0,0,0,0,0,0,3927,4793336,0,0,0,2,0,0,1962118_subject_array_1739684168.bin
109307,1962118,1120,1962118.203,6,https://ftp.ncbi.nlm.nih.gov/genomes/all/GCF/900/137/875/GCF_900137875.1_12163_2_80,6,1962118.203.fna,GCF_900137875.1_12163_2_80_genomic.fna,4797740,4797740,1962118.203.fna_vs_GCF_900137875.1_12163_2_80_genomic.fna_blast.xml,0,0,0,0,0,0,0,3118,4794621,0,0,0,1,0,0,1962118_subject_array_1739684171.bin
109316,1962118,1167,1962118.306,6,https://ftp.ncbi.nlm.nih.gov/genomes/all/GCF/900/141/505/GCF_900141505.1_12078_1_64,6,1962118.306.fna,GCF_900141505.1_12078_1_64_genomic.fna,5162869,5162869,1962118.306.fna_vs_GCF_900141505.1_12078_1_64_genomic.fna_blast.xml,0,0,0,0,0,0,0,221,5162646,0,0,1,1,0,0,1962118_subject_array_1739684175.bin
109318,1962118,1168_1,1962118.210,6,https://ftp.ncbi.nlm.nih.gov/genomes/all/GCF/900/138/295/GCF_900138295.1_11893_7_41,6,1962118.210.fna,GCF_900138295.1_11893_7_41_genomic.fna,5160591,5160591,1962118.210.fna_vs_GCF_900138295.1_11893_7_41_genomic.fna_blast.xml,0,0,0,0,0,0,0,5148,5155442,0,0,0,1,0,0,1962118_subject_array_1739684179.bin
109320,1962118,1168_11,1962118.220,6,https://ftp.ncbi.nlm.nih.gov/genomes/all/GCF/900/138/395/GCF_900138395.1_11893_7_52,6,1962118.220.fna,GCF_900138395.1_11893_7_52_genomic.fna,5160675,5160675,1962118.220.fna_vs_GCF_900138395.1_11893_7_52_genomic.fna_blast.xml,0,0,0,0,0,0,0,7290,5153382,0,0,0,3,0,0,1962118_subject_array_1739684183.bin
109334,1962118,1168_6,1962118.214,6,https://ftp.ncbi.nlm.nih.gov/genomes/all/GCF/900/138/335/GCF_900138335.1_11893_7_47,6,1962118.214.fna,GCF_900138335.1_11893_7_47_genomic.fna,5160589,5160589,1962118.214.fna_vs_GCF_900138335.1_11893_7_47_genomic.fna_blast.xml,0,0,0,0,0,0,0,5971,5154616,0,0,0,2,0,0,1962118_subject_array_1739684187.bin
109365,1962118,169,1962118.16,6,https://ftp.ncbi.nlm.nih.gov/genomes/all/GCF/900/130/465/GCF_900130465.1_10625_5_84,6,1962118.16.fna,GCF_900130465.1_10625_5_84_genomic.fna,5201746,5201746,1962118.16.fna_vs_GCF_900130465.1_10625_5_84_genomic.fna_blast.xml,0,0,0,0,0,0,0,0,5201746,0,0,0,0,0,0,1962118_subject_array_1739684191.bin
109393,1962118,243,1962118.283,6,https://ftp.ncbi.nlm.nih.gov/genomes/all/GCF/900/140/365/GCF_900140365.1_10665_3_73,6,1962118.283.fna,GCF_900140365.1_10665_3_73_genomic.fna,4906689,4906689,1962118.283.fna_vs_GCF_900140365.1_10665_3_73_genomic.fna_blast.xml,0,0,0,0,0,0,0,0,4906678,0,11,0,0,0,0,1962118_subject_array_1739684194.bin
109398,1962118,257,1962118.50,6,https://ftp.ncbi.nlm.nih.gov/genomes/all/GCF/900/131/425/GCF_900131425.1_10665_4_2,6,1962118.50.fna,GCF_900131425.1_10665_4_2_genomic.fna,5211811,5211811,1962118.50.fna_vs_GCF_900131425.1_10665_4_2_genomic.fna_blast.xml,0,0,0,0,0,0,0,0,5211811,0,0,0,0,0,0,1962118_subject_array_1739684198.bin
109402,1962118,262,1962118.64,6,https://ftp.ncbi.nlm.nih.gov/genomes/all/GCF/900/131/755/GCF_900131755.1_10665_4_7,6,1962118.64.fna,GCF_900131755.1_10665_4_7_genomic.fna,4905971,4905971,1962118.64.fna_vs_GCF_900131755.1_10665_4_7_genomic.fna_blast.xml,0,0,0,0,0,0,0,0,4905959,0,11,1,0,0,0,1962118_subject_array_1739684202.bin
109403,1962118,271,1962118.56,6,https://ftp.ncbi.nlm.nih.gov/genomes/all/GCF/900/131/585/GCF_900131585.1_10665_4_16,6,1962118.56.fna,GCF_900131585.1_10665_4_16_genomic.fna,4828778,4828778,1962118.56.fna_vs_GCF_900131585.1_10665_4_16_genomic.fna_blast.xml,0,0,0,0,0,0,0,0,4828775,0,0,3,0,0,0,1962118_subject_array_1739684205.bin
109407,1962118,278,1962118.59,6,https://ftp.ncbi.nlm.nih.gov/genomes/all/GCF/900/131/655/GCF_900131655.1_10665_4_23,6,1962118.59.fna,GCF_900131655.1_10665_4_23_genomic.fna,4907072,4907072,1962118.59.fna_vs_GCF_900131655.1_10665_4_23_genomic.fna_blast.xml,0,0,0,0,0,0,0,0,4907072,0,0,0,0,0,0,1962118_subject_array_1739684208.bin
109417,1962118,303,1962118.73,6,https://ftp.ncbi.nlm.nih.gov/genomes/all/GCF/900/132/035/GCF_900132035.1_10665_4_48,6,1962118.73.fna,GCF_900132035.1_10665_4_48_genomic.fna,4900567,4900567,1962118.73.fna_vs_GCF_900132035.1_10665_4_48_genomic.fna_blast.xml,0,0,0,0,0,0,0,0,4900567,0,0,0,0,0,0,1962118_subject_array_1739684212.bin
109438,1962118,392,1962118.128,6,https://ftp.ncbi.nlm.nih.gov/genomes/all/GCF/900/133/865/GCF_900133865.1_10250_1_52,6,1962118.128.fna,GCF_900133865.1_10250_1_52_genomic.fna,4861489,4861489,1962118.128.fna_vs_GCF_900133865.1_10250_1_52_genomic.fna_blast.xml,0,0,0,0,0,0,0,0,4861488,0,0,1,0,0,0,1962118_subject_array_1739684215.bin
109441,1962118,416,1962118.130,6,https://ftp.ncbi.nlm.nih.gov/genomes/all/GCF/900/134/025/GCF_900134025.1_10250_1_76,6,1962118.130.fna,GCF_900134025.1_10250_1_76_genomic.fna,4957955,4957955,1962118.130.fna_vs_GCF_900134025.1_10250_1_76_genomic.fna_blast.xml,0,0,0,0,0,0,2,0,4957624,0,0,2,327,0,0,1962118_subject_array_1739684219.bin
109460,1962118,525,1962118.260,6,https://ftp.ncbi.nlm.nih.gov/genomes/all/GCF/900/139/005/GCF_900139005.1_10465_1_44,6,1962118.260.fna,GCF_900139005.1_10465_1_44_genomic.fna,4913454,4913454,1962118.260.fna_vs_GCF_900139005.1_10465_1_44_genomic.fna_blast.xml,0,0,0,0,0,0,0,0,4913453,0,0,1,0,0,0,1962118_subject_array_1739684222.bin
109461,1962118,526,1962118.278,6,https://ftp.ncbi.nlm.nih.gov/genomes/all/GCF/900/139/915/GCF_900139915.1_10660_1_36,6,1962118.278.fna,GCF_900139915.1_10660_1_36_genomic.fna,4886085,4886085,1962118.278.fna_vs_GCF_900139915.1_10660_1_36_genomic.fna_blast.xml,0,0,0,0,0,0,0,112,4885973,0,0,0,0,0,0,1962118_subject_array_1739684225.bin
109562,1962118,950,1962118.119,6,https://ftp.ncbi.nlm.nih.gov/genomes/all/GCF/900/133/615/GCF_900133615.1_12082_5_57,6,1962118.119.fna,GCF_900133615.1_12082_5_57_genomic.fna,4869355,4869355,1962118.119.fna_vs_GCF_900133615.1_12082_5_57_genomic.fna_blast.xml,0,0,0,0,0,0,0,6566,4862787,0,0,1,1,0,0,1962118_subject_array_1739684229.bin
109649,1962118,aerosol_11,1962118.250,6,https://ftp.ncbi.nlm.nih.gov/genomes/all/GCF/900/138/715/GCF_900138715.1_20034_1_9,6,1962118.250.fna,GCF_900138715.1_20034_1_9_genomic.fna,4826581,4826581,1962118.250.fna_vs_GCF_900138715.1_20034_1_9_genomic.fna_blast.xml,0,0,0,0,0,0,0,770,4825811,0,0,0,0,0,0,1962118_subject_array_1739684232.bin
109652,1962118,aerosol_15,1962118.238,6,https://ftp.ncbi.nlm.nih.gov/genomes/all/GCF/900/138/575/GCF_900138575.1_20034_1_12,6,1962118.238.fna,GCF_900138575.1_20034_1_12_genomic.fna,4826434,4826434,1962118.238.fna_vs_GCF_900138575.1_20034_1_12_genomic.fna_blast.xml,0,0,0,0,0,0,0,1372,4825062,0,0,0,0,0,0,1962118_subject_array_1739684236.bin
109657,1962118,aerosol_25,1962118.241,6,https://ftp.ncbi.nlm.nih.gov/genomes/all/GCF/900/138/625/GCF_900138625.1_20034_1_22,6,1962118.241.fna,GCF_900138625.1_20034_1_22_genomic.fna,4826494,4826494,1962118.241.fna_vs_GCF_900138625.1_20034_1_22_genomic.fna_blast.xml,0,0,0,0,0,0,0,938,4825556,0,0,0,0,0,0,1962118_subject_array_1739684239.bin
109660,1962118,aerosol_5,1962118.245,6,https://ftp.ncbi.nlm.nih.gov/genomes/all/GCF/900/138/665/GCF_900138665.1_20034_1_4,6,1962118.245.fna,GCF_900138665.1_20034_1_4_genomic.fna,4826510,4826510,1962118.245.fna_vs_GCF_900138665.1_20034_1_4_genomic.fna_blast.xml,0,0,0,0,0,0,0,483,4826027,0,0,0,0,0,0,1962118_subject_array_1739684242.bin
109662,1962118,aerosol_7,1962118.248,6,https://ftp.ncbi.nlm.nih.gov/genomes/all/GCF/900/138/695/GCF_900138695.1_20034_1_6,6,1962118.248.fna,GCF_900138695.1_20034_1_6_genomic.fna,4826148,4826148,1962118.248.fna_vs_GCF_900138695.1_20034_1_6_genomic.fna_blast.xml,0,0,0,0,0,0,0,515,4825633,0,0,0,0,0,0,1962118_subject_array_1739684246.bin
109716,1964448,Bc-F10-1268,1964448.8,6,https://ftp.ncbi.nlm.nih.gov/genomes/all/GCF/003/076/595/GCF_003076595.1_ASM307659v1,6,1964448.8.fna,GCF_003076595.1_ASM307659v1_genomic.fna,1097749,1097749,1964448.8.fna_vs_GCF_003076595.1_ASM307659v1_genomic.fna_blast.xml,0,0,0,0,0,0,3,91,1097651,0,2,2,0,0,0,1964448_subject_array_1739684247.bin
109726,1965358,Marseille-P3662,1965358.3,6,https://ftp.ncbi.nlm.nih.gov/genomes/all/GCF/900/178/005/GCF_900178005.1_PRJEB20477,6,1965358.3.fna,GCF_900178005.1_PRJEB20477_genomic.fna,3675915,3675915,1965358.3.fna_vs_GCF_900178005.1_PRJEB20477_genomic.fna_blast.xml,0,0,0,0,0,0,0,0,3675915,0,0,0,0,0,0,1965358_subject_array_1739684249.bin
109905,1968541,D7,1968541.3,6,https://ftp.ncbi.nlm.nih.gov/genomes/all/GCF/003/611/275/GCF_003611275.1_ASM361127v1,6,1968541.3.fna,GCF_003611275.1_ASM361127v1_genomic.fna,3963108,3963108,1968541.3.fna_vs_GCF_003611275.1_ASM361127v1_genomic.fna_blast.xml,0,0,0,0,0,0,0,0,3963108,0,0,0,0,0,0,1968541_subject_array_1739684252.bin
111355,197,OXC6283,197.5045,6,https://ftp.ncbi.nlm.nih.gov/genomes/all/GCF/001/234/665/GCF_001234665.1_7038_3_33,6,197.5045.fna,GCF_001234665.1_7038_3_33_genomic.fna,1651162,1651162,197.5045.fna_vs_GCF_001234665.1_7038_3_33_genomic.fna_blast.xml,0,0,0,0,0,0,0,0,1651162,0,0,0,0,0,0,197_subject_array_1739684253.bin
111598,197,OXC6570,197.5019,6,https://ftp.ncbi.nlm.nih.gov/genomes/all/GCF/001/233/405/GCF_001233405.1_7213_3_27,6,197.5019.fna,GCF_001233405.1_7213_3_27_genomic.fna,1651430,1651430,197.5019.fna_vs_GCF_001233405.1_7213_3_27_genomic.fna_blast.xml,0,0,0,0,0,0,0,0,1651430,0,0,0,0,0,0,197_subject_array_1739684255.bin
112195,197,Z1323CCJ0010,197.25808,6,https://ftp.ncbi.nlm.nih.gov/genomes/all/GCF/037/714/695/GCF_037714695.1_ASM3771469v1,6,197.25808.fna,GCF_037714695.1_ASM3771469v1_genomic.fna,1721758,1721758,197.25808.fna_vs_GCF_037714695.1_ASM3771469v1_genomic.fna_blast.xml,0,0,0,0,0,0,0,0,1721758,0,0,0,0,0,0,197_subject_array_1739684256.bin
112506,1971611,VKM B-3158,1971611.6,6,https://ftp.ncbi.nlm.nih.gov/genomes/all/GCF/020/532/705/GCF_020532705.1_ASM2053270v1,6,1971611.6.fna,GCF_020532705.1_ASM2053270v1_genomic.fna,2969918,2969918,1971611.6.fna_vs_GCF_020532705.1_ASM2053270v1_genomic.fna_blast.xml,0,0,0,0,0,0,0,0,2969918,0,0,0,0,0,0,1971611_subject_array_1739684258.bin
112569,1975707,FDAARGOS_194,1975707.3,6,https://ftp.ncbi.nlm.nih.gov/genomes/all/GCF/002/313/185/GCF_002313185.2_ASM231318v2,6,1975707.3.fna,GCF_002313185.2_ASM231318v2_genomic.fna,4877109,4877138,1975707.3.fna_vs_GCF_002313185.2_ASM231318v2_genomic.fna_blast.xml,0,0,0,0,0,0,0,0,4877109,0,29,0,0,0,0,1975707_subject_array_1739684261.bin
112981,1987165,GW456-12-10-14-TSB1,1987165.3,6,https://ftp.ncbi.nlm.nih.gov/genomes/all/GCF/002/148/915/GCF_002148915.1_ASM214891v1,6,1987165.3.fna,GCF_002148915.1_ASM214891v1_genomic.fna,5078579,5078579,1987165.3.fna_vs_GCF_002148915.1_ASM214891v1_genomic.fna_blast.xml,0,0,0,0,0,0,0,0,5078579,0,0,0,0,0,0,1987165_subject_array_1739684265.bin
113123,199,H26O-S1,199.874,6,https://ftp.ncbi.nlm.nih.gov/genomes/all/GCF/003/048/965/GCF_003048965.1_ASM304896v1,6,199.874.fna,GCF_003048965.1_ASM304896v1_genomic.fna,1838331,1838331,199.874.fna_vs_GCF_003048965.1_ASM304896v1_genomic.fna_blast.xml,0,0,0,0,0,0,0,0,1838331,0,0,0,0,0,0,199_subject_array_1739684267.bin
113226,199592,F6_8S_P_3C,199592.49,6,https://ftp.ncbi.nlm.nih.gov/genomes/all/GCF/032/367/455/GCF_032367455.1_ASM3236745v1,6,199592.49.fna,GCF_032367455.1_ASM3236745v1_genomic.fna,3464799,3464799,199592.49.fna_vs_GCF_032367455.1_ASM3236745v1_genomic.fna_blast.xml,0,0,0,0,0,0,0,0,3464799,0,0,0,0,0,0,199592_subject_array_1739684269.bin
113258,200252,ST0316,200252.3,6,https://ftp.ncbi.nlm.nih.gov/genomes/all/GCF/025/997/855/GCF_025997855.1_ASM2599785v1,6,200252.3.fna,GCF_025997855.1_ASM2599785v1_genomic.fna,4818874,4818874,200252.3.fna_vs_GCF_025997855.1_ASM2599785v1_genomic.fna_blast.xml,0,0,0,0,0,0,0,0,4818874,0,0,0,0,0,0,200252_subject_array_1739684273.bin
113283,2004408,Marseille-P3835,2004408.3,6,https://ftp.ncbi.nlm.nih.gov/genomes/all/GCF/900/187/325/GCF_900187325.1_PRJEB20996,6,2004408.3.fna,GCF_900187325.1_PRJEB20996_genomic.fna,3853185,3853185,2004408.3.fna_vs_GCF_900187325.1_PRJEB20996_genomic.fna_blast.xml,0,0,0,0,0,0,0,0,3853185,0,0,0,0,0,0,2004408_subject_array_1739684276.bin
113372,2004650,SAAc573,2004650.11,6,https://ftp.ncbi.nlm.nih.gov/genomes/all/GCF/032/824/215/GCF_032824215.1_ASM3282421v1,6,2004650.11.fna,GCF_032824215.1_ASM3282421v1_genomic.fna,3643709,3643709,2004650.11.fna_vs_GCF_032824215.1_ASM3282421v1_genomic.fna_blast.xml,0,0,0,0,0,0,0,0,3643709,0,0,0,0,0,0,2004650_subject_array_1739684278.bin
113768,2021970,257,2021970.3,6,https://ftp.ncbi.nlm.nih.gov/genomes/all/GCF/004/136/585/GCF_004136585.1_ASM413658v1,6,2021970.3.fna,GCF_004136585.1_ASM413658v1_genomic.fna,2889347,2889347,2021970.3.fna_vs_GCF_004136585.1_ASM413658v1_genomic.fna_blast.xml,0,0,0,0,0,0,0,0,2889347,0,0,0,0,0,0,2021970_subject_array_1739684280.bin
114144,2026186,CFSAN068816,2026186.13,6,https://ftp.ncbi.nlm.nih.gov/genomes/all/GCF/009/648/955/GCF_009648955.1_ASM964895v1,6,2026186.13.fna,GCF_009648955.1_ASM964895v1_genomic.fna,5645678,5645678,2026186.13.fna_vs_GCF_009648955.1_ASM964895v1_genomic.fna_blast.xml,0,0,0,0,0,0,0,0,5645678,0,0,0,0,0,0,2026186_subject_array_1739684285.bin
114231,2026186,Sample16,2026186.350,6,https://ftp.ncbi.nlm.nih.gov/genomes/all/GCF/036/851/695/GCF_036851695.1_ASM3685169v1,6,2026186.350.fna,GCF_036851695.1_ASM3685169v1_genomic.fna,5452265,5452265,2026186.350.fna_vs_GCF_036851695.1_ASM3685169v1_genomic.fna_blast.xml,0,0,0,0,0,0,0,0,5452265,0,0,0,0,0,0,2026186_subject_array_1739684289.bin
114240,2026186,Sample46,2026186.360,6,https://ftp.ncbi.nlm.nih.gov/genomes/all/GCF/036/851/415/GCF_036851415.1_ASM3685141v1,6,2026186.360.fna,GCF_036851415.1_ASM3685141v1_genomic.fna,5737603,5737603,2026186.360.fna_vs_GCF_036851415.1_ASM3685141v1_genomic.fna_blast.xml,0,0,0,0,0,0,0,0,5737603,0,0,0,0,0,0,2026186_subject_array_1739684294.bin
114242,2026186,Sample6,2026186.347,6,https://ftp.ncbi.nlm.nih.gov/genomes/all/GCF/036/851/735/GCF_036851735.1_ASM3685173v1,6,2026186.347.fna,GCF_036851735.1_ASM3685173v1_genomic.fna,5626549,5626549,2026186.347.fna_vs_GCF_036851735.1_ASM3685173v1_genomic.fna_blast.xml,0,0,0,0,0,0,0,0,5626549,0,0,0,0,0,0,2026186_subject_array_1739684298.bin
114243,2026186,Sample64,2026186.344,6,https://ftp.ncbi.nlm.nih.gov/genomes/all/GCF/036/851/295/GCF_036851295.1_ASM3685129v1,6,2026186.344.fna,GCF_036851295.1_ASM3685129v1_genomic.fna,5493225,5493225,2026186.344.fna_vs_GCF_036851295.1_ASM3685129v1_genomic.fna_blast.xml,0,0,0,0,0,0,0,0,5493225,0,0,0,0,0,0,2026186_subject_array_1739684303.bin
114340,2026188,EMB20,2026188.57,6,https://ftp.ncbi.nlm.nih.gov/genomes/all/GCF/023/159/405/GCF_023159405.1_ASM2315940v1,6,2026188.57.fna,GCF_023159405.1_ASM2315940v1_genomic.fna,5820904,5820904,2026188.57.fna_vs_GCF_023159405.1_ASM2315940v1_genomic.fna_blast.xml,0,0,0,0,0,0,0,0,5820904,0,0,0,0,0,0,2026188_subject_array_1739684307.bin
114361,2026188,LM1212-DB,2026188.30,6,https://ftp.ncbi.nlm.nih.gov/genomes/all/GCF/018/141/085/GCF_018141085.1_ASM1814108v1,6,2026188.30.fna,GCF_018141085.1_ASM1814108v1_genomic.fna,6049096,6049096,2026188.30.fna_vs_GCF_018141085.1_ASM1814108v1_genomic.fna_blast.xml,0,0,0,0,0,0,0,0,6049096,0,0,0,0,0,0,2026188_subject_array_1739684313.bin
114462,2026194,JYZ-SD5,2026194.52,6,https://ftp.ncbi.nlm.nih.gov/genomes/all/GCF/038/971/285/GCF_038971285.1_ASM3897128v1,6,2026194.52.fna,GCF_038971285.1_ASM3897128v1_genomic.fna,5828503,5828503,2026194.52.fna_vs_GCF_038971285.1_ASM3897128v1_genomic.fna_blast.xml,0,0,0,0,0,0,0,0,5828503,0,0,0,0,0,0,2026194_subject_array_1739684318.bin
114515,2027290,21030415031,2027290.33,6,https://ftp.ncbi.nlm.nih.gov/genomes/all/GCF/031/921/585/GCF_031921585.1_ASM3192158v1,6,2027290.33.fna,GCF_031921585.1_ASM3192158v1_genomic.fna,4814536,4814536,2027290.33.fna_vs_GCF_031921585.1_ASM3192158v1_genomic.fna_blast.xml,0,0,0,0,0,0,0,0,4814536,0,0,0,0,0,0,2027290_subject_array_1739684321.bin
114516,2027290,21030615019,2027290.32,6,https://ftp.ncbi.nlm.nih.gov/genomes/all/GCF/031/844/065/GCF_031844065.1_ASM3184406v1,6,2027290.32.fna,GCF_031844065.1_ASM3184406v1_genomic.fna,4810746,4810746,2027290.32.fna_vs_GCF_031844065.1_ASM3184406v1_genomic.fna_blast.xml,0,0,0,0,0,0,0,0,4810746,0,0,0,0,0,0,2027290_subject_array_1739684325.bin
114518,2027290,WCHPr000369,2027290.27,6,https://ftp.ncbi.nlm.nih.gov/genomes/all/GCF/002/843/235/GCF_002843235.3_ASM284323v3,6,2027290.27.fna,GCF_002843235.3_ASM284323v3_genomic.fna,4800413,4800413,2027290.27.fna_vs_GCF_002843235.3_ASM284323v3_genomic.fna_blast.xml,0,0,0,0,0,0,0,0,4800413,0,0,0,0,0,0,2027290_subject_array_1739684328.bin
114915,2035214,7,2035214.3,6,https://ftp.ncbi.nlm.nih.gov/genomes/all/GCF/003/663/845/GCF_003663845.1_ASM366384v1,6,2035214.3.fna,GCF_003663845.1_ASM366384v1_genomic.fna,5091715,5091715,2035214.3.fna_vs_GCF_003663845.1_ASM366384v1_genomic.fna_blast.xml,0,0,0,0,0,0,0,0,5091715,0,0,0,0,0,0,2035214_subject_array_1739684332.bin
114987,2039808,WMMA184,2039808.3,6,https://ftp.ncbi.nlm.nih.gov/genomes/all/GCF/002/441/635/GCF_002441635.1_ASM244163v1,6,2039808.3.fna,GCF_002441635.1_ASM244163v1_genomic.fna,4162045,4162045,2039808.3.fna_vs_GCF_002441635.1_ASM244163v1_genomic.fna_blast.xml,0,0,0,0,0,0,0,0,4162045,0,0,0,0,0,0,2039808_subject_array_1739684335.bin
115051,204039,DDI_59W,204039.113,6,https://ftp.ncbi.nlm.nih.gov/genomes/all/GCF/018/596/255/GCF_018596255.1_ASM1859625v1,6,204039.113.fna,GCF_018596255.1_ASM1859625v1_genomic.fna,4860981,4860981,204039.113.fna_vs_GCF_018596255.1_ASM1859625v1_genomic.fna_blast.xml,0,0,0,0,0,0,0,0,4860981,0,0,0,0,0,0,204039_subject_array_1739684339.bin
115118,204072,DSM 14656,204072.3,6,https://ftp.ncbi.nlm.nih.gov/genomes/all/GCF/004/682/015/GCF_004682015.1_ASM468201v1,6,204072.3.fna,GCF_004682015.1_ASM468201v1_genomic.fna,4794389,4794389,204072.3.fna_vs_GCF_004682015.1_ASM468201v1_genomic.fna_blast.xml,0,0,0,0,0,0,0,0,4794389,0,0,0,0,0,0,204072_subject_array_1739684342.bin
115134,2041385,932,2041385.5,6,https://ftp.ncbi.nlm.nih.gov/genomes/all/GCF/029/691/985/GCF_029691985.1_ASM2969198v1,6,2041385.5.fna,GCF_029691985.1_ASM2969198v1_genomic.fna,5967079,5967079,2041385.5.fna_vs_GCF_029691985.1_ASM2969198v1_genomic.fna_blast.xml,0,0,0,0,0,0,0,0,5967079,0,0,0,0,0,0,2041385_subject_array_1739684347.bin
115188,2042995,L53,2042995.5,6,https://ftp.ncbi.nlm.nih.gov/genomes/all/GCF/002/940/745/GCF_002940745.1_ASM294074v1,6,2042995.5.fna,GCF_002940745.1_ASM294074v1_genomic.fna,3136223,3136223,2042995.5.fna_vs_GCF_002940745.1_ASM294074v1_genomic.fna_blast.xml,0,0,0,0,0,0,0,0,3136223,0,0,0,0,0,0,2042995_subject_array_1739684349.bin
115525,2051553,TP-3,2051553.9,6,https://ftp.ncbi.nlm.nih.gov/genomes/all/GCF/021/228/015/GCF_021228015.1_ASM2122801v1,6,2051553.9.fna,GCF_021228015.1_ASM2122801v1_genomic.fna,7740048,7740048,2051553.9.fna_vs_GCF_021228015.1_ASM2122801v1_genomic.fna_blast.xml,0,0,0,0,0,0,0,0,7740048,0,0,0,0,0,0,2051553_subject_array_1739684355.bin
115687,2054903,SJW1-2,2054903.4,6,https://ftp.ncbi.nlm.nih.gov/genomes/all/GCF/002/901/445/GCF_002901445.1_ASM290144v1,6,2054903.4.fna,GCF_002901445.1_ASM290144v1_genomic.fna,4500921,4500921,2054903.4.fna_vs_GCF_002901445.1_ASM290144v1_genomic.fna_blast.xml,0,0,0,0,0,0,0,0,4500921,0,0,0,0,0,0,2054903_subject_array_1739684358.bin
115815,2058152,2020CK-00211,2058152.245,6,https://ftp.ncbi.nlm.nih.gov/genomes/all/GCF/028/748/965/GCF_028748965.1_ASM2874896v1,6,2058152.245.fna,GCF_028748965.1_ASM2874896v1_genomic.fna,6280305,6280305,2058152.245.fna_vs_GCF_028748965.1_ASM2874896v1_genomic.fna_blast.xml,0,0,0,0,0,0,0,0,6280305,0,0,0,0,0,0,2058152_subject_array_1739684363.bin
115912,2058152,RHBSTW-00054,2058152.26,6,https://ftp.ncbi.nlm.nih.gov/genomes/all/GCF/013/590/775/GCF_013590775.1_ASM1359077v1,6,2058152.26.fna,GCF_013590775.1_ASM1359077v1_genomic.fna,6525608,6525608,2058152.26.fna_vs_GCF_013590775.1_ASM1359077v1_genomic.fna_blast.xml,0,0,0,0,0,0,0,0,6525608,0,0,0,0,0,0,2058152_subject_array_1739684368.bin
115915,2058152,RHBSTW-00181,2058152.29,6,https://ftp.ncbi.nlm.nih.gov/genomes/all/GCF/013/624/225/GCF_013624225.1_ASM1362422v1,6,2058152.29.fna,GCF_013624225.1_ASM1362422v1_genomic.fna,6091660,6091660,2058152.29.fna_vs_GCF_013624225.1_ASM1362422v1_genomic.fna_blast.xml,0,0,0,0,0,0,0,0,6091660,0,0,0,0,0,0,2058152_subject_array_1739684373.bin
115916,2058152,RHBSTW-00186,2058152.35,6,https://ftp.ncbi.nlm.nih.gov/genomes/all/GCF/013/744/615/GCF_013744615.1_ASM1374461v1,6,2058152.35.fna,GCF_013744615.1_ASM1374461v1_genomic.fna,6043975,6043975,2058152.35.fna_vs_GCF_013744615.1_ASM1374461v1_genomic.fna_blast.xml,0,0,0,0,0,0,0,0,6043975,0,0,0,0,0,0,2058152_subject_array_1739684378.bin
115920,2058152,RHBSTW-00577,2058152.34,6,https://ftp.ncbi.nlm.nih.gov/genomes/all/GCF/013/735/435/GCF_013735435.1_ASM1373543v1,6,2058152.34.fna,GCF_013735435.1_ASM1373543v1_genomic.fna,6134804,6134804,2058152.34.fna_vs_GCF_013735435.1_ASM1373543v1_genomic.fna_blast.xml,0,0,0,0,0,0,0,0,6134804,0,0,0,0,0,0,2058152_subject_array_1739684382.bin
115923,2058152,RHBSTW-00866,2058152.27,6,https://ftp.ncbi.nlm.nih.gov/genomes/all/GCF/013/606/065/GCF_013606065.1_ASM1360606v1,6,2058152.27.fna,GCF_013606065.1_ASM1360606v1_genomic.fna,6778239,6778239,2058152.27.fna_vs_GCF_013606065.1_ASM1360606v1_genomic.fna_blast.xml,0,0,0,0,0,0,0,0,6778239,0,0,0,0,0,0,2058152_subject_array_1739684388.bin
116138,2067421,18044,2067421.3,6,https://ftp.ncbi.nlm.nih.gov/genomes/all/GCF/016/756/455/GCF_016756455.1_ASM1675645v1,6,2067421.3.fna,GCF_016756455.1_ASM1675645v1_genomic.fna,5256311,5256311,2067421.3.fna_vs_GCF_016756455.1_ASM1675645v1_genomic.fna_blast.xml,0,0,0,0,0,0,0,0,5256311,0,0,0,0,0,0,2067421_subject_array_1739684392.bin
116388,207340,AD3,207340.31,6,https://ftp.ncbi.nlm.nih.gov/genomes/all/GCF/026/222/695/GCF_026222695.1_ASM2622269v1,6,207340.31.fna,GCF_026222695.1_ASM2622269v1_genomic.fna,5007091,5007091,207340.31.fna_vs_GCF_026222695.1_ASM2622269v1_genomic.fna_blast.xml,0,0,0,0,0,0,0,0,5007091,0,0,0,0,0,0,207340_subject_array_1739684396.bin
116397,207340,HV1,207340.32,6,https://ftp.ncbi.nlm.nih.gov/genomes/all/GCF/026/222/715/GCF_026222715.1_ASM2622271v1,6,207340.32.fna,GCF_026222715.1_ASM2622271v1_genomic.fna,4878034,4878034,207340.32.fna_vs_GCF_026222715.1_ASM2622271v1_genomic.fna_blast.xml,0,0,0,0,0,0,0,0,4878034,0,0,0,0,0,0,207340_subject_array_1739684400.bin
116641,2081039,AP-Basta-1000A-D1,2081039.3,6,https://ftp.ncbi.nlm.nih.gov/genomes/all/GCF/018/882/205/GCF_018882205.1_ASM1888220v1,6,2081039.3.fna,GCF_018882205.1_ASM1888220v1_genomic.fna,2137216,2137216,2081039.3.fna_vs_GCF_018882205.1_ASM1888220v1_genomic.fna_blast.xml,0,0,0,0,0,0,0,0,2137216,0,0,0,0,0,0,2081039_subject_array_1739684402.bin
116790,208224,AG07E,208224.511,6,https://ftp.ncbi.nlm.nih.gov/genomes/all/GCF/034/097/235/GCF_034097235.1_ASM3409723v1,6,208224.511.fna,GCF_034097235.1_ASM3409723v1_genomic.fna,5252679,5252679,208224.511.fna_vs_GCF_034097235.1_ASM3409723v1_genomic.fna_blast.xml,0,0,0,0,0,0,0,0,5252679,0,0,0,0,0,0,208224_subject_array_1739684406.bin
116901,208224,FL23,208224.378,6,https://ftp.ncbi.nlm.nih.gov/genomes/all/GCF/024/623/665/GCF_024623665.1_ASM2462366v1,6,208224.378.fna,GCF_024623665.1_ASM2462366v1_genomic.fna,5100789,5100789,208224.378.fna_vs_GCF_024623665.1_ASM2462366v1_genomic.fna_blast.xml,0,0,0,0,0,0,0,0,5100789,0,0,0,0,0,0,208224_subject_array_1739684410.bin
116936,208224,MIN-034,208224.214,6,https://ftp.ncbi.nlm.nih.gov/genomes/all/GCF/021/460/425/GCF_021460425.1_ASM2146042v1,6,208224.214.fna,GCF_021460425.1_ASM2146042v1_genomic.fna,4768865,4768865,208224.214.fna_vs_GCF_021460425.1_ASM2146042v1_genomic.fna_blast.xml,0,0,0,0,0,0,0,0,4768865,0,0,0,0,0,0,208224_subject_array_1739684414.bin
116943,208224,NK-MR5457,208224.372,6,https://ftp.ncbi.nlm.nih.gov/genomes/all/GCF/024/451/365/GCF_024451365.1_ASM2445136v1,6,208224.372.fna,GCF_024451365.1_ASM2445136v1_genomic.fna,4991971,4991971,208224.372.fna_vs_GCF_024451365.1_ASM2445136v1_genomic.fna_blast.xml,0,0,0,0,0,0,0,0,4991971,0,0,0,0,0,0,208224_subject_array_1739684418.bin
116967,208224,STW0522-60,208224.147,6,https://ftp.ncbi.nlm.nih.gov/genomes/all/GCF/015/135/855/GCF_015135855.1_ASM1513585v1,6,208224.147.fna,GCF_015135855.1_ASM1513585v1_genomic.fna,5412308,5412308,208224.147.fna_vs_GCF_015135855.1_ASM1513585v1_genomic.fna_blast.xml,0,0,0,0,0,0,0,0,5412308,0,0,0,0,0,0,208224_subject_array_1739684423.bin
116973,208224,THUN_627,208224.157,6,https://ftp.ncbi.nlm.nih.gov/genomes/all/GCF/016/587/515/GCF_016587515.1_ASM1658751v1,6,208224.157.fna,GCF_016587515.1_ASM1658751v1_genomic.fna,4974104,4974104,208224.157.fna_vs_GCF_016587515.1_ASM1658751v1_genomic.fna_blast.xml,0,0,0,0,0,0,0,0,4974104,0,0,0,0,0,0,208224_subject_array_1739684427.bin
117041,208479,ATCC BAA-613,208479.10,6,https://ftp.ncbi.nlm.nih.gov/genomes/all/GCF/002/959/675/GCF_002959675.1_ASM295967v1,6,208479.10.fna,GCF_002959675.1_ASM295967v1_genomic.fna,6644216,6644216,208479.10.fna_vs_GCF_002959675.1_ASM295967v1_genomic.fna_blast.xml,0,0,0,0,0,0,0,0,6644216,0,0,0,0,0,0,208479_subject_array_1739684431.bin
117163,208962,BIA_18,208962.322,6,https://ftp.ncbi.nlm.nih.gov/genomes/all/GCF/028/622/555/GCF_028622555.1_ASM2862255v1,6,208962.322.fna,GCF_028622555.1_ASM2862255v1_genomic.fna,5194471,5194471,208962.322.fna_vs_GCF_028622555.1_ASM2862255v1_genomic.fna_blast.xml,0,0,0,0,0,0,0,0,5194471,0,0,0,0,0,0,208962_subject_array_1739684436.bin
117167,208962,BIA_26,208962.307,6,https://ftp.ncbi.nlm.nih.gov/genomes/all/GCF/028/622/275/GCF_028622275.1_ASM2862227v1,6,208962.307.fna,GCF_028622275.1_ASM2862227v1_genomic.fna,5030249,5030249,208962.307.fna_vs_GCF_028622275.1_ASM2862227v1_genomic.fna_blast.xml,0,0,0,0,0,0,0,0,5030249,0,0,0,0,0,0,208962_subject_array_1739684440.bin
117169,208962,BIA_32,208962.320,6,https://ftp.ncbi.nlm.nih.gov/genomes/all/GCF/028/622/495/GCF_028622495.1_ASM2862249v1,6,208962.320.fna,GCF_028622495.1_ASM2862249v1_genomic.fna,5183436,5183436,208962.320.fna_vs_GCF_028622495.1_ASM2862249v1_genomic.fna_blast.xml,0,0,0,0,0,0,0,0,5183436,0,0,0,0,0,0,208962_subject_array_1739684444.bin
117179,208962,BIA_7,208962.305,6,https://ftp.ncbi.nlm.nih.gov/genomes/all/GCF/028/622/195/GCF_028622195.1_ASM2862219v1,6,208962.305.fna,GCF_028622195.1_ASM2862219v1_genomic.fna,5337001,5337001,208962.305.fna_vs_GCF_028622195.1_ASM2862219v1_genomic.fna_blast.xml,0,0,0,0,0,0,0,0,5337001,0,0,0,0,0,0,208962_subject_array_1739684449.bin
118628,210,Hpfe090,210.9170,6,https://ftp.ncbi.nlm.nih.gov/genomes/all/GCF/022/969/895/GCF_022969895.1_ASM2296989v1,6,210.9170.fna,GCF_022969895.1_ASM2296989v1_genomic.fna,1613185,1613185,210.9170.fna_vs_GCF_022969895.1_ASM2296989v1_genomic.fna_blast.xml,0,0,0,0,0,0,0,0,1613185,0,0,0,0,0,0,210_subject_array_1739684450.bin
119092,210,PIMM-FM-UNAM-30Ca+5,210.6141,6,https://ftp.ncbi.nlm.nih.gov/genomes/all/GCF/008/681/415/GCF_008681415.1_ASM868141v1,6,210.6141.fna,GCF_008681415.1_ASM868141v1_genomic.fna,1628948,1628948,210.6141.fna_vs_GCF_008681415.1_ASM868141v1_genomic.fna_blast.xml,0,0,0,0,0,0,0,621,1628325,0,0,0,2,0,0,210_subject_array_1739684451.bin
119615,2104,303,2104.196,6,https://ftp.ncbi.nlm.nih.gov/genomes/all/GCF/002/563/495/GCF_002563495.1_ASM256349v1,6,2104.196.fna,GCF_002563495.1_ASM256349v1_genomic.fna,841718,841718,2104.196.fna_vs_GCF_002563495.1_ASM256349v1_genomic.fna_blast.xml,0,0,0,0,0,0,0,0,841718,0,0,0,0,0,0,2104_subject_array_1739684452.bin
119974,2110,14634,2110.52,6,https://ftp.ncbi.nlm.nih.gov/genomes/all/GCF/021/384/915/GCF_021384915.1_ASM2138491v1,6,2110.52.fna,GCF_021384915.1_ASM2138491v1_genomic.fna,905745,905745,2110.52.fna_vs_GCF_021384915.1_ASM2138491v1_genomic.fna_blast.xml,0,0,0,0,0,0,1,0,905744,0,0,0,0,0,0,2110_subject_array_1739684453.bin
119978,2110,4055,2110.58,6,https://ftp.ncbi.nlm.nih.gov/genomes/all/GCF/021/385/075/GCF_021385075.1_ASM2138507v1,6,2110.58.fna,GCF_021385075.1_ASM2138507v1_genomic.fna,1003709,1003709,2110.58.fna_vs_GCF_021385075.1_ASM2138507v1_genomic.fna_blast.xml,0,0,0,0,0,0,0,0,1003707,0,0,2,0,0,0,2110_subject_array_1739684454.bin
120021,2115968,FN9,2115968.22,6,https://ftp.ncbi.nlm.nih.gov/genomes/all/GCF/025/665/315/GCF_025665315.1_ASM2566531v1,6,2115968.22.fna,GCF_025665315.1_ASM2566531v1_genomic.fna,5345379,5345379,2115968.22.fna_vs_GCF_025665315.1_ASM2566531v1_genomic.fna_blast.xml,0,0,0,0,0,0,0,0,5345379,0,0,0,0,0,0,2115968_subject_array_1739684458.bin
120132,2124,ATCC 23557,2124.9,6,https://ftp.ncbi.nlm.nih.gov/genomes/all/GCF/021/600/305/GCF_021600305.1_ASM2160030v1,6,2124.9.fna,GCF_021600305.1_ASM2160030v1_genomic.fna,718986,718986,2124.9.fna_vs_GCF_021600305.1_ASM2160030v1_genomic.fna_blast.xml,0,0,0,0,0,0,0,0,718986,0,0,0,0,0,0,2124_subject_array_1739684459.bin
120237,213,NCTC12221,213.53,6,https://ftp.ncbi.nlm.nih.gov/genomes/all/GCF/900/451/115/GCF_900451115.1_57728_E01,6,213.53.fna,GCF_900451115.1_57728_E01_genomic.fna,1917254,1917254,213.53.fna_vs_GCF_900451115.1_57728_E01_genomic.fna_blast.xml,0,0,0,2,0,0,6,0,1917079,0,20,147,0,0,0,213_subject_array_1739684460.bin
120290,2133943,PCH181,2133943.4,6,https://ftp.ncbi.nlm.nih.gov/genomes/all/GCF/003/056/055/GCF_003056055.1_ASM305605v1,6,2133943.4.fna,GCF_003056055.1_ASM305605v1_genomic.fna,5317254,5317254,2133943.4.fna_vs_GCF_003056055.1_ASM305605v1_genomic.fna_blast.xml,0,0,0,0,0,0,0,0,5317254,0,0,0,0,0,0,2133943_subject_array_1739684464.bin
120297,2133960,Seoho-28,2133960.4,6,https://ftp.ncbi.nlm.nih.gov/genomes/all/GCF/003/044/185/GCF_003044185.1_ASM304418v1,6,2133960.4.fna,GCF_003044185.1_ASM304418v1_genomic.fna,4736481,4736481,2133960.4.fna_vs_GCF_003044185.1_ASM304418v1_genomic.fna_blast.xml,0,0,0,0,0,0,0,0,4736481,0,0,0,0,0,0,2133960_subject_array_1739684467.bin
120393,2138,sHy,2138.26,6,https://ftp.ncbi.nlm.nih.gov/genomes/all/GCF/022/569/815/GCF_022569815.1_ASM2256981v1,6,2138.26.fna,GCF_022569815.1_ASM2256981v1_genomic.fna,1723507,1723507,2138.26.fna_vs_GCF_022569815.1_ASM2256981v1_genomic.fna_blast.xml,0,0,0,0,0,0,0,0,1723507,0,0,0,0,0,0,2138_subject_array_1739684474.bin
120518,215221,ENS 9a1a,215221.16,6,https://ftp.ncbi.nlm.nih.gov/genomes/all/GCF/011/611/525/GCF_011611525.1_ASM1161152v1,6,215221.16.fna,GCF_011611525.1_ASM1161152v1_genomic.fna,3644828,3644828,215221.16.fna_vs_GCF_011611525.1_ASM1161152v1_genomic.fna_blast.xml,0,0,0,0,0,0,0,0,3644828,0,0,0,0,0,0,215221_subject_array_1739684477.bin
120519,215221,ENS9b,215221.26,6,https://ftp.ncbi.nlm.nih.gov/genomes/all/GCF/014/725/815/GCF_014725815.1_ASM1472581v1,6,215221.26.fna,GCF_014725815.1_ASM1472581v1_genomic.fna,3693173,3693173,215221.26.fna_vs_GCF_014725815.1_ASM1472581v1_genomic.fna_blast.xml,0,0,0,0,0,0,0,0,3693173,0,0,0,0,0,0,215221_subject_array_1739684480.bin
120555,215689,Ejp617,215689.3,6,https://ftp.ncbi.nlm.nih.gov/genomes/all/GCF/000/165/815/GCF_000165815.1_ASM16581v1,6,215689.3.fna,GCF_000165815.1_ASM16581v1_genomic.fna,3957675,3957675,215689.3.fna_vs_GCF_000165815.1_ASM16581v1_genomic.fna_blast.xml,0,0,0,0,0,0,0,0,3957675,0,0,0,0,0,0,215689_subject_array_1739684483.bin
120632,2164074,12Sc4-1,2164074.3,6,https://ftp.ncbi.nlm.nih.gov/genomes/all/GCF/003/260/015/GCF_003260015.1_ASM326001v1,6,2164074.3.fna,GCF_003260015.1_ASM326001v1_genomic.fna,4625266,4625266,2164074.3.fna_vs_GCF_003260015.1_ASM326001v1_genomic.fna_blast.xml,0,0,0,0,0,0,0,0,4625266,0,0,0,0,0,0,2164074_subject_array_1739684486.bin
120854,216816,DSM 20219,216816.128,6,https://ftp.ncbi.nlm.nih.gov/genomes/all/GCF/900/104/835/GCF_900104835.1_IMG-taxon_2634166334_annotated_assembly,6,216816.128.fna,GCF_900104835.1_IMG-taxon_2634166334_annotated_assembly_genomic.fna,2449019,2449019,216816.128.fna_vs_GCF_900104835.1_IMG-taxon_2634166334_annotated_assembly_genomic.fna_blast.xml,0,0,0,0,0,0,0,0,2449019,0,0,0,0,0,0,216816_subject_array_1739684488.bin
121004,216816,YGMCC0233,216816.3035,6,https://ftp.ncbi.nlm.nih.gov/genomes/all/GCF/033/657/985/GCF_033657985.1_ASM3365798v1,6,216816.3035.fna,GCF_033657985.1_ASM3365798v1_genomic.fna,2395492,2395492,216816.3035.fna_vs_GCF_033657985.1_ASM3365798v1_genomic.fna_blast.xml,0,0,0,0,0,0,0,0,2395492,0,0,0,0,0,0,216816_subject_array_1739684489.bin
121035,216816,YGMCC0555,216816.3068,6,https://ftp.ncbi.nlm.nih.gov/genomes/all/GCF/033/659/025/GCF_033659025.1_ASM3365902v1,6,216816.3068.fna,GCF_033659025.1_ASM3365902v1_genomic.fna,2618972,2618972,216816.3068.fna_vs_GCF_033659025.1_ASM3365902v1_genomic.fna_blast.xml,0,0,0,0,0,0,0,0,2618972,0,0,0,0,0,0,216816_subject_array_1739684491.bin
121150,2171997,TM7_G3_2_Rum_HOT_351B,2080847.3,6,https://ftp.ncbi.nlm.nih.gov/genomes/all/GCF/004/138/395/GCF_004138395.1_ASM413839v1,6,2080847.3.fna,GCF_004138395.1_ASM413839v1_genomic.fna,726940,726940,2080847.3.fna_vs_GCF_004138395.1_ASM413839v1_genomic.fna_blast.xml,0,0,0,0,0,0,0,0,726940,0,0,0,0,0,0,2080847_subject_array_1739684492.bin
121759,221822,191018_A02,221822.113,6,https://ftp.ncbi.nlm.nih.gov/genomes/all/GCF/033/238/845/GCF_033238845.1_ASM3323884v1,6,221822.113.fna,GCF_033238845.1_ASM3323884v1_genomic.fna,4586952,4586952,221822.113.fna_vs_GCF_033238845.1_ASM3323884v1_genomic.fna_blast.xml,0,0,0,0,0,0,0,0,4586952,0,0,0,0,0,0,221822_subject_array_1739684495.bin
121781,221822,M650,221822.109,6,https://ftp.ncbi.nlm.nih.gov/genomes/all/GCF/025/143/665/GCF_025143665.1_ASM2514366v1,6,221822.109.fna,GCF_025143665.1_ASM2514366v1_genomic.fna,4202636,4202636,221822.109.fna_vs_GCF_025143665.1_ASM2514366v1_genomic.fna_blast.xml,0,0,0,0,0,0,0,0,4202636,0,0,0,0,0,0,221822_subject_array_1739684498.bin
121784,221822,P30,221822.25,6,https://ftp.ncbi.nlm.nih.gov/genomes/all/GCF/002/892/205/GCF_002892205.1_ASM289220v1,6,221822.25.fna,GCF_002892205.1_ASM289220v1_genomic.fna,4320988,4320988,221822.25.fna_vs_GCF_002892205.1_ASM289220v1_genomic.fna_blast.xml,0,0,0,0,0,0,0,0,4320988,0,0,0,0,0,0,221822_subject_array_1739684501.bin
121786,221822,P51,221822.15,6,https://ftp.ncbi.nlm.nih.gov/genomes/all/GCF/002/891/985/GCF_002891985.1_ASM289198v1,6,221822.15.fna,GCF_002891985.1_ASM289198v1_genomic.fna,4124503,4124503,221822.15.fna_vs_GCF_002891985.1_ASM289198v1_genomic.fna_blast.xml,0,0,0,0,0,0,0,0,4124503,0,0,0,0,0,0,221822_subject_array_1739684504.bin
121787,221822,P54,221822.24,6,https://ftp.ncbi.nlm.nih.gov/genomes/all/GCF/002/892/185/GCF_002892185.1_ASM289218v1,6,221822.24.fna,GCF_002892185.1_ASM289218v1_genomic.fna,4248079,4248079,221822.24.fna_vs_GCF_002892185.1_ASM289218v1_genomic.fna_blast.xml,0,0,0,0,0,0,0,0,4248079,0,0,0,0,0,0,221822_subject_array_1739684507.bin
121792,221822,P72,221822.13,6,https://ftp.ncbi.nlm.nih.gov/genomes/all/GCF/002/891/945/GCF_002891945.1_ASM289194v1,6,221822.13.fna,GCF_002891945.1_ASM289194v1_genomic.fna,4429187,4429187,221822.13.fna_vs_GCF_002891945.1_ASM289194v1_genomic.fna_blast.xml,0,0,0,0,0,0,0,0,4429187,0,0,0,0,0,0,221822_subject_array_1739684510.bin
121833,2219225,Fe3-1,2219225.60,6,https://ftp.ncbi.nlm.nih.gov/genomes/all/GCF/030/381/945/GCF_030381945.1_ASM3038194v1,6,2219225.60.fna,GCF_030381945.1_ASM3038194v1_genomic.fna,5879567,5879567,2219225.60.fna_vs_GCF_030381945.1_ASM3038194v1_genomic.fna_blast.xml,0,0,0,0,0,0,0,0,5879567,0,0,0,0,0,0,2219225_subject_array_1739684524.bin
121885,222805,850,222805.267,6,https://ftp.ncbi.nlm.nih.gov/genomes/all/GCF/020/412/405/GCF_020412405.1_ASM2041240v1,6,222805.267.fna,GCF_020412405.1_ASM2041240v1_genomic.fna,6280686,6280686,222805.267.fna_vs_GCF_020412405.1_ASM2041240v1_genomic.fna_blast.xml,0,0,0,0,0,0,0,0,6280686,0,0,0,0,0,0,222805_subject_array_1739684529.bin
121886,222805,852,222805.268,6,https://ftp.ncbi.nlm.nih.gov/genomes/all/GCF/020/412/425/GCF_020412425.1_ASM2041242v1,6,222805.268.fna,GCF_020412425.1_ASM2041242v1_genomic.fna,6453144,6453144,222805.268.fna_vs_GCF_020412425.1_ASM2041242v1_genomic.fna_blast.xml,0,0,0,0,0,0,0,0,6453144,0,0,0,0,0,0,222805_subject_array_1739684534.bin
121888,222805,AUSMDU00007395,222805.80,6,https://ftp.ncbi.nlm.nih.gov/genomes/all/GCF/009/664/715/GCF_009664715.1_ASM966471v1,6,222805.80.fna,GCF_009664715.1_ASM966471v1_genomic.fna,6384143,6384143,222805.80.fna_vs_GCF_009664715.1_ASM966471v1_genomic.fna_blast.xml,0,0,0,0,0,0,0,0,6384143,0,0,0,0,0,0,222805_subject_array_1739684539.bin
121903,222805,Mycobacterium chimaera MC045,222805.25,6,https://ftp.ncbi.nlm.nih.gov/genomes/all/GCF/900/116/695/GCF_900116695.1_ASM90011669v1,6,222805.25.fna,GCF_900116695.1_ASM90011669v1_genomic.fna,6593403,6593403,222805.25.fna_vs_GCF_900116695.1_ASM90011669v1_genomic.fna_blast.xml,0,0,0,0,0,0,0,0,6593403,0,0,0,0,0,0,222805_subject_array_1739684544.bin
121910,222805,ZUERICH-1,222805.23,6,https://ftp.ncbi.nlm.nih.gov/genomes/all/GCF/002/219/265/GCF_002219265.1_ASM221926v1,6,222805.23.fna,GCF_002219265.1_ASM221926v1_genomic.fna,6379602,6379602,222805.23.fna_vs_GCF_002219265.1_ASM221926v1_genomic.fna_blast.xml,0,0,0,0,0,0,0,0,6379602,0,0,0,0,0,0,222805_subject_array_1739684548.bin
121958,223390,ZM13,223390.3,6,https://ftp.ncbi.nlm.nih.gov/genomes/all/GCF/022/836/935/GCF_022836935.1_ASM2283693v1,6,223390.3.fna,GCF_022836935.1_ASM2283693v1_genomic.fna,5225369,5225369,223390.3.fna_vs_GCF_022836935.1_ASM2283693v1_genomic.fna_blast.xml,0,0,0,0,0,0,0,0,5225369,0,0,0,0,0,0,223390_subject_array_1739684552.bin
121988,223967,P-1M,223967.12,6,https://ftp.ncbi.nlm.nih.gov/genomes/all/GCF/002/355/515/GCF_002355515.1_ASM235551v1,6,223967.12.fna,GCF_002355515.1_ASM235551v1_genomic.fna,5943875,5943875,223967.12.fna_vs_GCF_002355515.1_ASM235551v1_genomic.fna_blast.xml,0,0,0,0,0,0,0,0,5943875,0,0,0,0,0,0,223967_subject_array_1739684557.bin
122506,2292082,SM1810,2292082.3,6,https://ftp.ncbi.nlm.nih.gov/genomes/all/GCF/003/449/035/GCF_003449035.1_ASM344903v1,6,2292082.3.fna,GCF_003449035.1_ASM344903v1_genomic.fna,3476662,3476662,2292082.3.fna_vs_GCF_003449035.1_ASM344903v1_genomic.fna_blast.xml,0,0,0,0,0,0,0,0,3476662,0,0,0,0,0,0,2292082_subject_array_1739684559.bin
122552,2292255,CBA3634,2292255.7,6,https://ftp.ncbi.nlm.nih.gov/genomes/all/GCF/014/069/315/GCF_014069315.1_ASM1406931v1,6,2292255.7.fna,GCF_014069315.1_ASM1406931v1_genomic.fna,2661801,2661801,2292255.7.fna_vs_GCF_014069315.1_ASM1406931v1_genomic.fna_blast.xml,0,0,0,0,0,0,0,0,2661801,0,0,0,0,0,0,2292255_subject_array_1739684561.bin
122554,2292257,GY_G,2292257.3,6,https://ftp.ncbi.nlm.nih.gov/genomes/all/GCF/003/367/235/GCF_003367235.1_ASM336723v1,6,2292257.3.fna,GCF_003367235.1_ASM336723v1_genomic.fna,3219819,3219819,2292257.3.fna_vs_GCF_003367235.1_ASM336723v1_genomic.fna_blast.xml,0,0,0,0,0,0,0,0,3219819,0,0,0,0,0,0,2292257_subject_array_1739684564.bin
122634,2292441,KCTC 15699,2292441.3,6,https://ftp.ncbi.nlm.nih.gov/genomes/all/GCF/003/416/765/GCF_003416765.1_ASM341676v1,6,2292441.3.fna,GCF_003416765.1_ASM341676v1_genomic.fna,2107986,2107986,2292441.3.fna_vs_GCF_003416765.1_ASM341676v1_genomic.fna_blast.xml,0,0,0,0,0,0,0,0,2107986,0,0,0,0,0,0,2292441_subject_array_1739684565.bin
122808,2293246,AM28-20,2293246.3,6,https://ftp.ncbi.nlm.nih.gov/genomes/all/GCF/003/603/595/GCF_003603595.1_ASM360359v1,6,2293246.3.fna,GCF_003603595.1_ASM360359v1_genomic.fna,2032489,2032489,2293246.3.fna_vs_GCF_003603595.1_ASM360359v1_genomic.fna_blast.xml,0,0,0,0,0,0,0,0,2032489,0,0,0,0,0,0,2293246_subject_array_1739684568.bin
123153,233100,M9,233100.4,6,https://ftp.ncbi.nlm.nih.gov/genomes/all/GCF/900/156/225/GCF_900156225.1_IMG-taxon_2681812864_annotated_assembly,6,233100.4.fna,GCF_900156225.1_IMG-taxon_2681812864_annotated_assembly_genomic.fna,1990961,1990961,233100.4.fna_vs_GCF_900156225.1_IMG-taxon_2681812864_annotated_assembly_genomic.fna_blast.xml,0,0,0,0,0,0,0,0,1990961,0,0,0,0,0,0,233100_subject_array_1739684569.bin
123487,2364797,Marseille-P5644,2364797.3,6,https://ftp.ncbi.nlm.nih.gov/genomes/all/GCF/900/604/285/GCF_900604285.1_PRJEB28802,6,2364797.3.fna,GCF_900604285.1_PRJEB28802_genomic.fna,2014966,2014966,2364797.3.fna_vs_GCF_900604285.1_PRJEB28802_genomic.fna_blast.xml,0,0,0,0,0,0,0,0,2014965,0,1,0,0,0,0,2364797_subject_array_1739684570.bin
123668,238834,CF007,238834.58,6,https://ftp.ncbi.nlm.nih.gov/genomes/all/GCF/030/585/485/GCF_030585485.1_ASM3058548v1,6,238834.58.fna,GCF_030585485.1_ASM3058548v1_genomic.fna,5109933,5109933,238834.58.fna_vs_GCF_030585485.1_ASM3058548v1_genomic.fna_blast.xml,0,0,0,0,0,0,0,0,5109933,0,0,0,0,0,0,238834_subject_array_1739684574.bin
124372,244366,2022-01-12,244366.960,6,https://ftp.ncbi.nlm.nih.gov/genomes/all/GCF/024/722/055/GCF_024722055.1_ASM2472205v1,6,244366.960.fna,GCF_024722055.1_ASM2472205v1_genomic.fna,6014133,6014133,244366.960.fna_vs_GCF_024722055.1_ASM2472205v1_genomic.fna_blast.xml,0,0,0,0,0,0,0,0,6014133,0,0,0,0,0,0,244366_subject_array_1739684579.bin
124689,244366,INF352,244366.894,6,https://ftp.ncbi.nlm.nih.gov/genomes/all/GCF/020/149/805/GCF_020149805.1_ASM2014980v1,6,244366.894.fna,GCF_020149805.1_ASM2014980v1_genomic.fna,6012103,6012103,244366.894.fna_vs_GCF_020149805.1_ASM2014980v1_genomic.fna_blast.xml,0,0,0,0,0,0,0,0,6012103,0,0,0,0,0,0,244366_subject_array_1739684583.bin
125028,244592,DFL-11,244592.3,6,https://ftp.ncbi.nlm.nih.gov/genomes/all/GCF/000/158/095/GCF_000158095.2_ASM15809v2,6,244592.3.fna,GCF_000158095.2_ASM15809v2_genomic.fna,5504826,5462930,244592.3.fna_vs_GCF_000158095.2_ASM15809v2_genomic.fna_blast.xml,0,0,12,0,0,0,2,6112,93321,0,0,32,5363398,0,53,244592_subject_array_1739684588.bin
125274,246432,C2014,246432.21,6,https://ftp.ncbi.nlm.nih.gov/genomes/all/GCF/001/682/235/GCF_001682235.1_ASM168223v1,6,246432.21.fna,GCF_001682235.1_ASM168223v1_genomic.fna,2930519,2930519,246432.21.fna_vs_GCF_001682235.1_ASM168223v1_genomic.fna_blast.xml,0,0,0,0,0,0,0,0,2930519,0,0,0,0,0,0,246432_subject_array_1739684590.bin
125276,246432,DSM 20674,246432.214,6,https://ftp.ncbi.nlm.nih.gov/genomes/all/GCF/029/024/965/GCF_029024965.1_ASM2902496v1,6,246432.214.fna,GCF_029024965.1_ASM2902496v1_genomic.fna,2740592,2740592,246432.214.fna_vs_GCF_029024965.1_ASM2902496v1_genomic.fna_blast.xml,0,0,0,0,0,0,0,0,2740592,0,0,0,0,0,0,246432_subject_array_1739684592.bin
125730,2485153,CEV 2-1,2485153.3,6,https://ftp.ncbi.nlm.nih.gov/genomes/all/GCF/003/752/275/GCF_003752275.1_ASM375227v1,6,2485153.3.fna,GCF_003752275.1_ASM375227v1_genomic.fna,9061664,9061664,2485153.3.fna_vs_GCF_003752275.1_ASM375227v1_genomic.fna_blast.xml,0,0,0,0,0,0,0,0,9061664,0,0,0,0,0,0,2485153_subject_array_1739684599.bin
125731,2485154,Ag109_G2-6,2485154.3,6,https://ftp.ncbi.nlm.nih.gov/genomes/all/GCF/003/814/735/GCF_003814735.1_ASM381473v1,6,2485154.3.fna,GCF_003814735.1_ASM381473v1_genomic.fna,8151123,8151123,2485154.3.fna_vs_GCF_003814735.1_ASM381473v1_genomic.fna_blast.xml,0,0,0,0,0,0,0,0,8151123,0,0,0,0,0,0,2485154_subject_array_1739684605.bin
125740,2485172,PhB107,2485172.3,6,https://ftp.ncbi.nlm.nih.gov/genomes/all/GCF/003/751/515/GCF_003751515.1_ASM375151v1,6,2485172.3.fna,GCF_003751515.1_ASM375151v1_genomic.fna,3454047,3454047,2485172.3.fna_vs_GCF_003751515.1_ASM375151v1_genomic.fna_blast.xml,0,0,0,0,0,0,0,0,3454047,0,0,0,0,0,0,2485172_subject_array_1739684608.bin
125828,2486854,LAM7116,2486854.3,6,https://ftp.ncbi.nlm.nih.gov/genomes/all/GCF/003/999/995/GCF_003999995.1_ASM399999v1,6,2486854.3.fna,GCF_003999995.1_ASM399999v1_genomic.fna,3791718,3791718,2486854.3.fna_vs_GCF_003999995.1_ASM399999v1_genomic.fna_blast.xml,0,0,0,0,0,0,0,0,3791718,0,0,0,0,0,0,2486854_subject_array_1739684611.bin
125838,2487074,H3056,2487074.3,6,https://ftp.ncbi.nlm.nih.gov/genomes/all/GCF/003/730/065/GCF_003730065.1_ASM373006v1,6,2487074.3.fna,GCF_003730065.1_ASM373006v1_genomic.fna,2642212,2642212,2487074.3.fna_vs_GCF_003730065.1_ASM373006v1_genomic.fna_blast.xml,0,0,0,0,0,0,0,0,2642212,0,0,0,0,0,0,2487074_subject_array_1739684613.bin
126007,2488666,NP-6,2488666.3,6,https://ftp.ncbi.nlm.nih.gov/genomes/all/GCF/003/997/005/GCF_003997005.1_ASM399700v1,6,2488666.3.fna,GCF_003997005.1_ASM399700v1_genomic.fna,4522108,4522108,2488666.3.fna_vs_GCF_003997005.1_ASM399700v1_genomic.fna_blast.xml,0,0,0,0,0,0,0,4233,4517871,0,0,0,4,0,0,2488666_subject_array_1739684616.bin
126087,2491679,154,2491679.6,6,https://ftp.ncbi.nlm.nih.gov/genomes/all/GCF/023/518/355/GCF_023518355.1_ASM2351835v1,6,2491679.6.fna,GCF_023518355.1_ASM2351835v1_genomic.fna,5747877,5747877,2491679.6.fna_vs_GCF_023518355.1_ASM2351835v1_genomic.fna_blast.xml,0,0,0,0,0,0,0,0,5747877,0,0,0,0,0,0,2491679_subject_array_1739684620.bin
126227,249586,NBRC 13813,249586.6,6,https://ftp.ncbi.nlm.nih.gov/genomes/all/GCF/016/860/545/GCF_016860545.1_ASM1686054v1,6,249586.6.fna,GCF_016860545.1_ASM1686054v1_genomic.fna,8834141,8834141,249586.6.fna_vs_GCF_016860545.1_ASM1686054v1_genomic.fna_blast.xml,0,0,0,0,0,0,0,0,8834141,0,0,0,0,0,0,249586_subject_array_1739684626.bin
127008,2516559,127A-TCHWSR,2516559.10,6,https://ftp.ncbi.nlm.nih.gov/genomes/all/GCF/026/935/905/GCF_026935905.1_ASM2693590v1,6,2516559.10.fna,GCF_026935905.1_ASM2693590v1_genomic.fna,2517073,2517073,2516559.10.fna_vs_GCF_026935905.1_ASM2693590v1_genomic.fna_blast.xml,0,0,0,0,0,0,0,93,2516980,0,0,0,0,0,0,2516559_subject_array_1739684629.bin
127035,251722,1804,251722.37,6,https://ftp.ncbi.nlm.nih.gov/genomes/all/GCF/029/854/985/GCF_029854985.1_ASM2985498v1,6,251722.37.fna,GCF_029854985.1_ASM2985498v1_genomic.fna,6538802,6538802,251722.37.fna_vs_GCF_029854985.1_ASM2985498v1_genomic.fna_blast.xml,0,0,0,0,0,0,0,0,6538802,0,0,0,0,0,0,251722_subject_array_1739684639.bin
127037,251722,2203,251722.39,6,https://ftp.ncbi.nlm.nih.gov/genomes/all/GCF/029/855/005/GCF_029855005.1_ASM2985500v1,6,251722.39.fna,GCF_029855005.1_ASM2985500v1_genomic.fna,6547373,6547373,251722.39.fna_vs_GCF_029855005.1_ASM2985500v1_genomic.fna_blast.xml,0,0,0,2,0,0,22,0,6546879,0,36,434,0,0,0,251722_subject_array_1739684650.bin
127062,2517819,176CP4-71,2517819.3,6,https://ftp.ncbi.nlm.nih.gov/genomes/all/GCF/004/296/335/GCF_004296335.1_ASM429633v1,6,2517819.3.fna,GCF_004296335.1_ASM429633v1_genomic.fna,3566560,3566560,2517819.3.fna_vs_GCF_004296335.1_ASM429633v1_genomic.fna_blast.xml,0,0,0,0,0,0,0,192,3566368,0,0,0,0,0,0,2517819_subject_array_1739684653.bin
127069,2518322,Qtaro,2518322.3,6,https://ftp.ncbi.nlm.nih.gov/genomes/all/GCF/027/925/085/GCF_027925085.1_ASM2792508v1,6,2518322.3.fna,GCF_027925085.1_ASM2792508v1_genomic.fna,1195152,1195152,2518322.3.fna_vs_GCF_027925085.1_ASM2792508v1_genomic.fna_blast.xml,0,0,0,0,0,0,5,0,1195116,0,7,24,0,0,0,2518322_subject_array_1739684654.bin
127166,2527974,ElP,2527974.3,6,https://ftp.ncbi.nlm.nih.gov/genomes/all/GCF/007/752/535/GCF_007752535.1_ASM775253v1,6,2527974.3.fna,GCF_007752535.1_ASM775253v1_genomic.fna,9395224,9395224,2527974.3.fna_vs_GCF_007752535.1_ASM775253v1_genomic.fna_blast.xml,0,0,0,0,0,0,1,7,9395197,0,0,0,18,0,1,2527974_subject_array_1739684661.bin
127176,2527985,CA54,2527985.3,6,https://ftp.ncbi.nlm.nih.gov/genomes/all/GCF/007/860/075/GCF_007860075.1_ASM786007v1,6,2527985.3.fna,GCF_007860075.1_ASM786007v1_genomic.fna,7574949,7574949,2527985.3.fna_vs_GCF_007860075.1_ASM786007v1_genomic.fna_blast.xml,0,0,0,0,0,0,0,200,7574749,0,0,0,0,0,0,2527985_subject_array_1739684667.bin
127181,2527991,Mal64,2527991.3,6,https://ftp.ncbi.nlm.nih.gov/genomes/all/GCF/007/859/945/GCF_007859945.1_ASM785994v1,6,2527991.3.fna,GCF_007859945.1_ASM785994v1_genomic.fna,5067846,5067846,2527991.3.fna_vs_GCF_007859945.1_ASM785994v1_genomic.fna_blast.xml,0,0,0,0,0,0,0,299,5067547,0,0,0,0,0,0,2527991_subject_array_1739684671.bin
127186,2527996,Pan14r,2527977.3,6,https://ftp.ncbi.nlm.nih.gov/genomes/all/GCF/007/859/875/GCF_007859875.1_ASM785987v1,6,2527977.3.fna,GCF_007859875.1_ASM785987v1_genomic.fna,7137949,7137949,2527977.3.fna_vs_GCF_007859875.1_ASM785987v1_genomic.fna_blast.xml,0,0,0,0,0,0,0,12683,7125265,0,0,0,1,0,0,2527977_subject_array_1739684677.bin
127396,2530452,DE_0159,2530452.6,6,https://ftp.ncbi.nlm.nih.gov/genomes/all/GCF/032/678/565/GCF_032678565.1_ASM3267856v1,6,2530452.6.fna,GCF_032678565.1_ASM3267856v1_genomic.fna,4831149,4831149,2530452.6.fna_vs_GCF_032678565.1_ASM3267856v1_genomic.fna_blast.xml,0,0,0,0,0,0,0,0,4831149,0,0,0,0,0,0,2530452_subject_array_1739684680.bin
127773,2562312,FKR38,2562312.3,6,https://ftp.ncbi.nlm.nih.gov/genomes/all/GCF/005/222/805/GCF_005222805.1_ASM522280v1,6,2562312.3.fna,GCF_005222805.1_ASM522280v1_genomic.fna,3791882,3791882,2562312.3.fna_vs_GCF_005222805.1_ASM522280v1_genomic.fna_blast.xml,0,0,0,0,0,0,0,0,3791882,0,0,0,0,0,0,2562312_subject_array_1739684683.bin
128119,2572683,E306M,2572683.3,6,https://ftp.ncbi.nlm.nih.gov/genomes/all/GCF/006/538/385/GCF_006538385.1_ASM653838v1,6,2572683.3.fna,GCF_006538385.1_ASM653838v1_genomic.fna,2988832,2988832,2572683.3.fna_vs_GCF_006538385.1_ASM653838v1_genomic.fna_blast.xml,0,0,0,0,0,0,0,407,2988421,0,0,0,4,0,0,2572683_subject_array_1739684685.bin
128202,2576384,PJ-16,2576384.3,6,https://ftp.ncbi.nlm.nih.gov/genomes/all/GCF/005/298/175/GCF_005298175.1_ASM529817v1,6,2576384.3.fna,GCF_005298175.1_ASM529817v1_genomic.fna,4423279,4423279,2576384.3.fna_vs_GCF_005298175.1_ASM529817v1_genomic.fna_blast.xml,0,0,0,0,0,0,0,100,4423179,0,0,0,0,0,0,2576384_subject_array_1739684688.bin
128404,2579791,PCC 11901,2579791.3,6,https://ftp.ncbi.nlm.nih.gov/genomes/all/GCF/005/577/135/GCF_005577135.1_ASM557713v1,6,2579791.3.fna,GCF_005577135.1_ASM557713v1_genomic.fna,3471813,3471813,2579791.3.fna_vs_GCF_005577135.1_ASM557713v1_genomic.fna_blast.xml,0,0,0,0,0,0,0,241,3471572,0,0,0,0,0,0,2579791_subject_array_1739684691.bin
128554,2583231,JKLM 12A2,2583231.6,6,https://ftp.ncbi.nlm.nih.gov/genomes/all/GCF/005/862/305/GCF_005862305.2_ASM586230v2,6,2583231.6.fna,GCF_005862305.2_ASM586230v2_genomic.fna,7533049,7533049,2583231.6.fna_vs_GCF_005862305.2_ASM586230v2_genomic.fna_blast.xml,0,0,0,0,0,0,0,0,7533049,0,0,0,0,0,0,2583231_subject_array_1739684696.bin
128580,2583588,PNCS014881,2583588.7,6,https://ftp.ncbi.nlm.nih.gov/genomes/all/GCF/009/017/315/GCF_009017315.1_ASM901731v1,6,2583588.7.fna,GCF_009017315.1_ASM901731v1_genomic.fna,5141910,5141910,2583588.7.fna_vs_GCF_009017315.1_ASM901731v1_genomic.fna_blast.xml,0,0,0,0,0,0,0,0,5141910,0,0,0,0,0,0,2583588_subject_array_1739684700.bin
128717,2584682,BIOML-A1,2584682.3,6,https://ftp.ncbi.nlm.nih.gov/genomes/all/GCF/009/716/795/GCF_009716795.1_ASM971679v1,6,2584682.3.fna,GCF_009716795.1_ASM971679v1_genomic.fna,1980351,1980351,2584682.3.fna_vs_GCF_009716795.1_ASM971679v1_genomic.fna_blast.xml,0,0,0,0,0,0,0,0,1980351,0,0,0,0,0,0,2584682_subject_array_1739684702.bin
128888,2587136,SG918,2587136.3,6,https://ftp.ncbi.nlm.nih.gov/genomes/all/GCF/012/932/485/GCF_012932485.1_ASM1293248v1,6,2587136.3.fna,GCF_012932485.1_ASM1293248v1_genomic.fna,5831649,5831649,2587136.3.fna_vs_GCF_012932485.1_ASM1293248v1_genomic.fna_blast.xml,0,0,0,0,0,0,0,289,5831360,0,0,0,0,0,0,2587136_subject_array_1739684707.bin
128943,2587846,THAF8,2587846.3,6,https://ftp.ncbi.nlm.nih.gov/genomes/all/GCF/009/363/735/GCF_009363735.1_ASM936373v1,6,2587846.3.fna,GCF_009363735.1_ASM936373v1_genomic.fna,4452662,4452662,2587846.3.fna_vs_GCF_009363735.1_ASM936373v1_genomic.fna_blast.xml,0,0,0,0,0,0,0,0,4452662,0,0,0,0,0,0,2587846_subject_array_1739684710.bin
128944,2587847,THAF9,2587847.3,6,https://ftp.ncbi.nlm.nih.gov/genomes/all/GCF/009/363/715/GCF_009363715.1_ASM936371v1,6,2587847.3.fna,GCF_009363715.1_ASM936371v1_genomic.fna,4560251,4560251,2587847.3.fna_vs_GCF_009363715.1_ASM936371v1_genomic.fna_blast.xml,0,0,0,0,0,0,0,0,4560251,0,0,0,0,0,0,2587847_subject_array_1739684713.bin
128947,2587850,THAF27,2587850.3,6,https://ftp.ncbi.nlm.nih.gov/genomes/all/GCF/009/363/655/GCF_009363655.1_ASM936365v1,6,2587850.3.fna,GCF_009363655.1_ASM936365v1_genomic.fna,4461527,4461527,2587850.3.fna_vs_GCF_009363655.1_ASM936365v1_genomic.fna_blast.xml,0,0,0,0,0,0,0,0,4461527,0,0,0,0,0,0,2587850_subject_array_1739684716.bin
128962,2587865,THAF190c,2587865.3,6,https://ftp.ncbi.nlm.nih.gov/genomes/all/GCF/009/363/355/GCF_009363355.1_ASM936335v1,6,2587865.3.fna,GCF_009363355.1_ASM936335v1_genomic.fna,5889290,5889290,2587865.3.fna_vs_GCF_009363355.1_ASM936335v1_genomic.fna_blast.xml,0,0,0,0,0,0,0,0,5889290,0,0,0,0,0,0,2587865_subject_array_1739684721.bin
128966,2588299,THAF197b,2588299.3,6,https://ftp.ncbi.nlm.nih.gov/genomes/all/GCF/009/363/255/GCF_009363255.1_ASM936325v1,6,2588299.3.fna,GCF_009363255.1_ASM936325v1_genomic.fna,4239681,4239681,2588299.3.fna_vs_GCF_009363255.1_ASM936325v1_genomic.fna_blast.xml,0,0,0,0,0,0,0,0,4239681,0,0,0,0,0,0,2588299_subject_array_1739684724.bin
129013,2588991,C17,2588991.3,6,https://ftp.ncbi.nlm.nih.gov/genomes/all/GCF/006/385/165/GCF_006385165.1_ASM638516v1,6,2588991.3.fna,GCF_006385165.1_ASM638516v1_genomic.fna,2189419,2189419,2588991.3.fna_vs_GCF_006385165.1_ASM638516v1_genomic.fna_blast.xml,0,0,0,0,0,0,0,0,2189419,0,0,0,0,0,0,2588991_subject_array_1739684725.bin
129209,2590157,KPN692,2590157.28,6,https://ftp.ncbi.nlm.nih.gov/genomes/all/GCF/021/228/835/GCF_021228835.1_ASM2122883v1,6,2590157.28.fna,GCF_021228835.1_ASM2122883v1_genomic.fna,5811039,5811039,2590157.28.fna_vs_GCF_021228835.1_ASM2122883v1_genomic.fna_blast.xml,0,0,0,0,0,0,0,0,5811039,0,0,0,0,0,0,2590157_subject_array_1739684730.bin
129490,2596915,NBH84,2596915.3,6,https://ftp.ncbi.nlm.nih.gov/genomes/all/GCF/014/217/645/GCF_014217645.1_ASM1421764v1,6,2596915.3.fna,GCF_014217645.1_ASM1421764v1_genomic.fna,5388077,5388077,2596915.3.fna_vs_GCF_014217645.1_ASM1421764v1_genomic.fna_blast.xml,0,0,0,0,0,0,0,0,5388077,0,0,0,0,0,0,2596915_subject_array_1739684735.bin
129508,2597356,ANT_WB101,2597356.3,6,https://ftp.ncbi.nlm.nih.gov/genomes/all/GCF/008/369/125/GCF_008369125.1_ASM836912v1,6,2597356.3.fna,GCF_008369125.1_ASM836912v1_genomic.fna,4912968,4912968,2597356.3.fna_vs_GCF_008369125.1_ASM836912v1_genomic.fna_blast.xml,0,0,0,0,0,0,0,0,4912968,0,0,0,0,0,0,2597356_subject_array_1739684739.bin
129592,2600147,sy018,2600147.3,6,https://ftp.ncbi.nlm.nih.gov/genomes/all/GCF/007/859/185/GCF_007859185.1_ASM785918v1,6,2600147.3.fna,GCF_007859185.1_ASM785918v1_genomic.fna,1094515,1094515,2600147.3.fna_vs_GCF_007859185.1_ASM785918v1_genomic.fna_blast.xml,0,0,0,0,0,0,0,0,1094515,0,0,0,0,0,0,2600147_subject_array_1739684740.bin
129593,2600148,sy010,2600148.3,6,https://ftp.ncbi.nlm.nih.gov/genomes/all/GCF/007/859/175/GCF_007859175.1_ASM785917v1,6,2600148.3.fna,GCF_007859175.1_ASM785917v1_genomic.fna,1119449,1119449,2600148.3.fna_vs_GCF_007859175.1_ASM785917v1_genomic.fna_blast.xml,0,0,0,0,0,0,0,0,1119449,0,0,0,0,0,0,2600148_subject_array_1739684740.bin
129824,2602720,CCNP1313,2602720.3,6,https://ftp.ncbi.nlm.nih.gov/genomes/all/GCF/029/910/235/GCF_029910235.1_ASM2991023v1,6,2602720.3.fna,GCF_029910235.1_ASM2991023v1_genomic.fna,5842326,5842326,2602720.3.fna_vs_GCF_029910235.1_ASM2991023v1_genomic.fna_blast.xml,0,0,0,0,0,0,0,0,5842326,0,0,0,0,0,0,2602720_subject_array_1739684752.bin
129825,2602736,OM5714,2602736.3,6,https://ftp.ncbi.nlm.nih.gov/genomes/all/GCF/010/993/835/GCF_010993835.1_ASM1099383v1,6,2602736.3.fna,GCF_010993835.1_ASM1099383v1_genomic.fna,8687242,8687242,2602736.3.fna_vs_GCF_010993835.1_ASM1099383v1_genomic.fna_blast.xml,0,0,0,0,0,0,0,3637,8683600,0,0,0,5,0,0,2602736_subject_array_1739684758.bin
129826,2602737,KO7888,2602737.3,6,https://ftp.ncbi.nlm.nih.gov/genomes/all/GCF/011/317/205/GCF_011317205.1_ASM1131720v1,6,2602737.3.fna,GCF_011317205.1_ASM1131720v1_genomic.fna,8526273,8526273,2602737.3.fna_vs_GCF_011317205.1_ASM1131720v1_genomic.fna_blast.xml,0,0,0,0,0,0,0,2663,8523610,0,0,0,0,0,0,2602737_subject_array_1739684764.bin
130035,2605946,SH-1,2605946.3,6,https://ftp.ncbi.nlm.nih.gov/genomes/all/GCF/003/008/555/GCF_003008555.2_ASM300855v2,6,2605946.3.fna,GCF_003008555.2_ASM300855v2_genomic.fna,4262966,4262966,2605946.3.fna_vs_GCF_003008555.2_ASM300855v2_genomic.fna_blast.xml,0,0,0,0,0,0,0,0,4262966,0,0,0,0,0,0,2605946_subject_array_1739684767.bin
130447,2614127,Marseille-P9784,2614127.3,6,https://ftp.ncbi.nlm.nih.gov/genomes/all/GCF/902/500/265/GCF_902500265.1_P9784,6,2614127.3.fna,GCF_902500265.1_P9784_genomic.fna,1979993,1979993,2614127.3.fna_vs_GCF_902500265.1_P9784_genomic.fna_blast.xml,0,0,0,0,0,0,0,0,1979993,0,0,0,0,0,0,2614127_subject_array_1739684769.bin
131056,263819,SCPM-O-B-8086,263819.19,6,https://ftp.ncbi.nlm.nih.gov/genomes/all/GCF/034/423/815/GCF_034423815.1_ASM3442381v1,6,263819.19.fna,GCF_034423815.1_ASM3442381v1_genomic.fna,4455601,4455601,263819.19.fna_vs_GCF_034423815.1_ASM3442381v1_genomic.fna_blast.xml,0,0,0,0,0,0,0,0,4455601,0,0,0,0,0,0,263819_subject_array_1739684772.bin
131161,265175,NCTC13336,265175.3,6,https://ftp.ncbi.nlm.nih.gov/genomes/all/GCF/900/451/175/GCF_900451175.1_50465_B02,6,265175.3.fna,GCF_900451175.1_50465_B02_genomic.fna,2483983,2483983,265175.3.fna_vs_GCF_900451175.1_50465_B02_genomic.fna_blast.xml,0,0,0,0,0,0,2,0,2483981,0,0,0,0,0,0,265175_subject_array_1739684774.bin
131252,2654189,JZ2,2654189.3,6,https://ftp.ncbi.nlm.nih.gov/genomes/all/GCF/035/191/405/GCF_035191405.1_ASM3519140v1,6,2654189.3.fna,GCF_035191405.1_ASM3519140v1_genomic.fna,5314755,5314755,2654189.3.fna_vs_GCF_035191405.1_ASM3519140v1_genomic.fna_blast.xml,0,0,0,0,0,0,0,0,5314755,0,0,0,0,0,0,2654189_subject_array_1739684778.bin
131312,2656645,zg254,2656645.3,6,https://ftp.ncbi.nlm.nih.gov/genomes/all/GCF/024/701/495/GCF_024701495.1_ASM2470149v1,6,2656645.3.fna,GCF_024701495.1_ASM2470149v1_genomic.fna,2183306,2183306,2656645.3.fna_vs_GCF_024701495.1_ASM2470149v1_genomic.fna_blast.xml,0,0,0,0,0,0,0,0,2183306,0,0,0,0,0,0,2656645_subject_array_1739684779.bin
131354,265960,FWP-2023,265960.26,6,https://ftp.ncbi.nlm.nih.gov/genomes/all/GCF/032/075/085/GCF_032075085.1_ASM3207508v1,6,265960.26.fna,GCF_032075085.1_ASM3207508v1_genomic.fna,3767936,3767936,265960.26.fna_vs_GCF_032075085.1_ASM3207508v1_genomic.fna_blast.xml,0,0,0,0,0,0,1,0,3767934,0,1,0,0,0,0,265960_subject_array_1739684782.bin
131398,2662029,S22,2662029.3,6,https://ftp.ncbi.nlm.nih.gov/genomes/all/GCF/009/661/045/GCF_009661045.1_ASM966104v1,6,2662029.3.fna,GCF_009661045.1_ASM966104v1_genomic.fna,3614054,3614054,2662029.3.fna_vs_GCF_009661045.1_ASM966104v1_genomic.fna_blast.xml,0,0,0,0,0,0,0,0,3614054,0,0,0,0,0,0,2662029_subject_array_1739684785.bin
131435,2662432,dk3620,2662432.4,6,https://ftp.ncbi.nlm.nih.gov/genomes/all/GCF/009/601/095/GCF_009601095.1_ASM960109v1,6,2662432.4.fna,GCF_009601095.1_ASM960109v1_genomic.fna,3014915,3014915,2662432.4.fna_vs_GCF_009601095.1_ASM960109v1_genomic.fna_blast.xml,0,0,0,0,0,0,0,0,3014915,0,0,0,0,0,0,2662432_subject_array_1739684787.bin
131446,2663008,PA15-N-34,2663008.3,6,https://ftp.ncbi.nlm.nih.gov/genomes/all/GCF/009/601/165/GCF_009601165.1_ASM960116v1,6,2663008.3.fna,GCF_009601165.1_ASM960116v1_genomic.fna,3798348,3798348,2663008.3.fna_vs_GCF_009601165.1_ASM960116v1_genomic.fna_blast.xml,0,0,0,0,0,0,0,0,3798348,0,0,0,0,0,0,2663008_subject_array_1739684790.bin
131778,266748,DSM 17047,266748.16,6,https://ftp.ncbi.nlm.nih.gov/genomes/all/GCF/900/109/615/GCF_900109615.1_IMG-taxon_2687453776_annotated_assembly,6,266748.16.fna,GCF_900109615.1_IMG-taxon_2687453776_annotated_assembly_genomic.fna,3130713,3130713,266748.16.fna_vs_GCF_900109615.1_IMG-taxon_2687453776_annotated_assembly_genomic.fna_blast.xml,0,0,0,0,0,0,0,0,3130713,0,0,0,0,0,0,266748_subject_array_1739684792.bin
131880,2675227,W3-3-2,2675227.3,6,https://ftp.ncbi.nlm.nih.gov/genomes/all/GCF/009/707/605/GCF_009707605.1_ASM970760v1,6,2675227.3.fna,GCF_009707605.1_ASM970760v1_genomic.fna,5490500,5490500,2675227.3.fna_vs_GCF_009707605.1_ASM970760v1_genomic.fna_blast.xml,0,0,0,0,0,0,0,0,5490500,0,0,0,0,0,0,2675227_subject_array_1739684796.bin
131898,2675716,WP7-S18-CRE-02,2675716.3,6,https://ftp.ncbi.nlm.nih.gov/genomes/all/GCF/014/169/515/GCF_014169515.1_ASM1416951v1,6,2675716.3.fna,GCF_014169515.1_ASM1416951v1_genomic.fna,5343134,5343134,2675716.3.fna_vs_GCF_014169515.1_ASM1416951v1_genomic.fna_blast.xml,0,0,0,0,0,0,0,0,5343134,0,0,0,0,0,0,2675716_subject_array_1739684801.bin
131899,2675717,WP7-S18-CRE-03,2675717.3,6,https://ftp.ncbi.nlm.nih.gov/genomes/all/GCF/014/169/535/GCF_014169535.1_ASM1416953v1,6,2675717.3.fna,GCF_014169535.1_ASM1416953v1_genomic.fna,5350126,5350126,2675717.3.fna_vs_GCF_014169535.1_ASM1416953v1_genomic.fna_blast.xml,0,0,0,0,0,0,0,0,5350126,0,0,0,0,0,0,2675717_subject_array_1739684805.bin
132003,2681265,16K-1-R1,2681265.3,6,https://ftp.ncbi.nlm.nih.gov/genomes/all/GCF/023/921/145/GCF_023921145.1_ASM2392114v1,6,2681265.3.fna,GCF_023921145.1_ASM2392114v1_genomic.fna,3428848,3428848,2681265.3.fna_vs_GCF_023921145.1_ASM2392114v1_genomic.fna_blast.xml,0,0,0,0,0,0,0,0,3428848,0,0,0,0,0,0,2681265_subject_array_1739684808.bin
132046,2682087,YYY-1,2682087.3,6,https://ftp.ncbi.nlm.nih.gov/genomes/all/GCF/029/132/825/GCF_029132825.1_ASM2913282v1,6,2682087.3.fna,GCF_029132825.1_ASM2913282v1_genomic.fna,3017043,3017043,2682087.3.fna_vs_GCF_029132825.1_ASM2913282v1_genomic.fna_blast.xml,0,0,0,0,0,0,0,0,3017043,0,0,0,0,0,0,2682087_subject_array_1739684810.bin
132177,2685869,ZJ1307,2685870.3,6,https://ftp.ncbi.nlm.nih.gov/genomes/all/GCF/011/421/535/GCF_011421535.1_ASM1142153v1,6,2685870.3.fna,GCF_011421535.1_ASM1142153v1_genomic.fna,4030492,4030492,2685870.3.fna_vs_GCF_011421535.1_ASM1142153v1_genomic.fna_blast.xml,0,0,0,0,0,0,0,0,4030492,0,0,0,0,0,0,2685870_subject_array_1739684813.bin
132377,2691582,GH3-10,2691582.3,6,https://ftp.ncbi.nlm.nih.gov/genomes/all/GCF/009/807/005/GCF_009807005.1_ASM980700v1,6,2691582.3.fna,GCF_009807005.1_ASM980700v1_genomic.fna,3418029,3418029,2691582.3.fna_vs_GCF_009807005.1_ASM980700v1_genomic.fna_blast.xml,0,0,0,0,0,0,0,0,3418029,0,0,0,0,0,0,2691582_subject_array_1739684815.bin
132427,2692330,PG104,2692330.4,6,https://ftp.ncbi.nlm.nih.gov/genomes/all/GCF/018/279/165/GCF_018279165.1_ASM1827916v1,6,2692330.4.fna,GCF_018279165.1_ASM1827916v1_genomic.fna,2779574,2779574,2692330.4.fna_vs_GCF_018279165.1_ASM1827916v1_genomic.fna_blast.xml,0,0,0,0,0,0,0,0,2779574,0,0,0,0,0,0,2692330_subject_array_1739684817.bin
132783,2702,KC1,2702.424,6,https://ftp.ncbi.nlm.nih.gov/genomes/all/GCF/023/016/205/GCF_023016205.1_ASM2301620v1,6,2702.424.fna,GCF_023016205.1_ASM2301620v1_genomic.fna,1535938,1535938,2702.424.fna_vs_GCF_023016205.1_ASM2301620v1_genomic.fna_blast.xml,0,0,0,0,0,0,0,97,1535841,0,0,0,0,0,0,2702_subject_array_1739684818.bin
132789,2702,N153,2702.166,6,https://ftp.ncbi.nlm.nih.gov/genomes/all/GCF/003/369/935/GCF_003369935.1_ASM336993v1,6,2702.166.fna,GCF_003369935.1_ASM336993v1_genomic.fna,1541756,1541756,2702.166.fna_vs_GCF_003369935.1_ASM336993v1_genomic.fna_blast.xml,0,0,0,0,0,0,0,0,1541756,0,0,0,0,0,0,2702_subject_array_1739684820.bin
132790,2702,N160,2702.177,6,https://ftp.ncbi.nlm.nih.gov/genomes/all/GCF/003/408/775/GCF_003408775.1_ASM340877v1,6,2702.177.fna,GCF_003408775.1_ASM340877v1_genomic.fna,1509687,1509687,2702.177.fna_vs_GCF_003408775.1_ASM340877v1_genomic.fna_blast.xml,0,0,0,0,0,0,0,1859,1507828,0,0,0,0,0,0,2702_subject_array_1739684821.bin
132829,270351,MA-22A,270351.10,6,https://ftp.ncbi.nlm.nih.gov/genomes/all/GCF/001/548/015/GCF_001548015.1_ASM154801v1,6,270351.10.fna,GCF_001548015.1_ASM154801v1_genomic.fna,7557960,7557960,270351.10.fna_vs_GCF_001548015.1_ASM154801v1_genomic.fna_blast.xml,0,0,0,0,0,0,0,0,7557960,0,0,0,0,0,0,270351_subject_array_1739684826.bin
132960,2703794,CPO173,2703794.54,6,https://ftp.ncbi.nlm.nih.gov/genomes/all/GCF/030/185/925/GCF_030185925.2_NA,6,2703794.54.fna,GCF_030185925.2_NA_genomic.fna,5899771,5899771,2703794.54.fna_vs_GCF_030185925.2_NA_genomic.fna_blast.xml,0,0,0,0,0,0,0,0,5899771,0,0,0,0,0,0,2703794_subject_array_1739684831.bin
132978,2703794,CPO403,2703794.21,6,https://ftp.ncbi.nlm.nih.gov/genomes/all/GCF/030/183/985/GCF_030183985.2_NA,6,2703794.21.fna,GCF_030183985.2_NA_genomic.fna,5853263,5853263,2703794.21.fna_vs_GCF_030183985.2_NA_genomic.fna_blast.xml,0,0,0,0,0,0,0,0,5853263,0,0,0,0,0,0,2703794_subject_array_1739684836.bin
132992,2703794,CUVET18-1371,2703794.71,6,https://ftp.ncbi.nlm.nih.gov/genomes/all/GCF/041/644/815/GCF_041644815.1_ASM4164481v1,6,2703794.71.fna,GCF_041644815.1_ASM4164481v1_genomic.fna,5764357,5764357,2703794.71.fna_vs_GCF_041644815.1_ASM4164481v1_genomic.fna_blast.xml,0,0,0,0,0,0,0,0,5764357,0,0,0,0,0,0,2703794_subject_array_1739684841.bin
132993,2703794,CUVET18-1784,2703794.72,6,https://ftp.ncbi.nlm.nih.gov/genomes/all/GCF/041/644/875/GCF_041644875.1_ASM4164487v1,6,2703794.72.fna,GCF_041644875.1_ASM4164487v1_genomic.fna,5808924,5808924,2703794.72.fna_vs_GCF_041644875.1_ASM4164487v1_genomic.fna_blast.xml,0,0,0,0,0,0,0,0,5808924,0,0,0,0,0,0,2703794_subject_array_1739684845.bin
133161,2708079,HY89,2708081.3,6,https://ftp.ncbi.nlm.nih.gov/genomes/all/GCF/011/751/795/GCF_011751795.1_ASM1175179v1,6,2708081.3.fna,GCF_011751795.1_ASM1175179v1_genomic.fna,3702058,3702058,2708081.3.fna_vs_GCF_011751795.1_ASM1175179v1_genomic.fna_blast.xml,0,0,0,0,0,0,0,0,3702058,0,0,0,0,0,0,2708081_subject_array_1739684848.bin
133340,2713171,M1-10,2713171.3,6,https://ftp.ncbi.nlm.nih.gov/genomes/all/GCF/018/437/225/GCF_018437225.1_ASM1843722v1,6,2713171.3.fna,GCF_018437225.1_ASM1843722v1_genomic.fna,1264930,1264930,2713171.3.fna_vs_GCF_018437225.1_ASM1843722v1_genomic.fna_blast.xml,0,0,0,0,0,0,0,135,1264795,0,0,0,0,0,0,2713171_subject_array_1739684849.bin
133520,2716483,XMU1411,2716483.3,6,https://ftp.ncbi.nlm.nih.gov/genomes/all/GCF/017/696/075/GCF_017696075.1_ASM1769607v1,6,2716483.3.fna,GCF_017696075.1_ASM1769607v1_genomic.fna,1673779,1673779,2716483.3.fna_vs_GCF_017696075.1_ASM1769607v1_genomic.fna_blast.xml,0,0,0,0,0,0,0,0,1673779,0,0,0,0,0,0,2716483_subject_array_1739684850.bin
133530,2716883,KCTC 62290,2716883.7,6,https://ftp.ncbi.nlm.nih.gov/genomes/all/GCF/020/076/305/GCF_020076305.1_ASM2007630v1,6,2716883.7.fna,GCF_020076305.1_ASM2007630v1_genomic.fna,4871809,4871809,2716883.7.fna_vs_GCF_020076305.1_ASM2007630v1_genomic.fna_blast.xml,0,0,0,0,0,0,0,0,4871809,0,0,0,0,0,0,2716883_subject_array_1739684853.bin
133585,271881,DSM 16365,271881.5,6,https://ftp.ncbi.nlm.nih.gov/genomes/all/GCF/003/641/165/GCF_003641165.1_ASM364116v1,6,271881.5.fna,GCF_003641165.1_ASM364116v1_genomic.fna,3350338,3350338,271881.5.fna_vs_GCF_003641165.1_ASM364116v1_genomic.fna_blast.xml,0,0,0,0,0,0,0,0,3350338,0,0,0,0,0,0,271881_subject_array_1739684856.bin
133595,2718876,SyP6R,2718876.3,6,https://ftp.ncbi.nlm.nih.gov/genomes/all/GCF/019/216/885/GCF_019216885.1_ASM1921688v2,6,2718876.3.fna,GCF_019216885.1_ASM1921688v2_genomic.fna,7512166,7517716,2718876.3.fna_vs_GCF_019216885.1_ASM1921688v2_genomic.fna_blast.xml,0,0,57,30,0,0,413,752,6458475,0,5502,592,1051010,0,885,2718876_subject_array_1739684864.bin
133689,2721623,DJ-13,2721623.3,6,https://ftp.ncbi.nlm.nih.gov/genomes/all/GCF/012/272/815/GCF_012272815.1_ASM1227281v1,6,2721623.3.fna,GCF_012272815.1_ASM1227281v1_genomic.fna,3708236,3708236,2721623.3.fna_vs_GCF_012272815.1_ASM1227281v1_genomic.fna_blast.xml,0,0,0,0,0,0,0,385,3707851,0,0,0,0,0,0,2721623_subject_array_1739684867.bin
133894,2726189,GeG2,2726189.3,6,https://ftp.ncbi.nlm.nih.gov/genomes/all/GCF/017/163/935/GCF_017163935.1_ASM1716393v1,6,2726189.3.fna,GCF_017163935.1_ASM1716393v1_genomic.fna,7162928,7162928,2726189.3.fna_vs_GCF_017163935.1_ASM1716393v1_genomic.fna_blast.xml,0,0,0,0,0,0,0,0,7162928,0,0,0,0,0,0,2726189_subject_array_1739684876.bin
133897,272622,SK11,272622.10,6,https://ftp.ncbi.nlm.nih.gov/genomes/all/GCF/000/014/545/GCF_000014545.1_ASM1454v1,6,272622.10.fna,GCF_000014545.1_ASM1454v1_genomic.fna,2598348,2598348,272622.10.fna_vs_GCF_000014545.1_ASM1454v1_genomic.fna_blast.xml,0,0,0,0,0,0,0,0,2598348,0,0,0,0,0,0,272622_subject_array_1739684879.bin
133961,2728841,G-6-1-2,2728841.3,6,https://ftp.ncbi.nlm.nih.gov/genomes/all/GCF/012/927/185/GCF_012927185.1_ASM1292718v1,6,2728841.3.fna,GCF_012927185.1_ASM1292718v1_genomic.fna,6115899,6115899,2728841.3.fna_vs_GCF_012927185.1_ASM1292718v1_genomic.fna_blast.xml,0,0,0,0,0,0,0,194,6115705,0,0,0,0,0,0,2728841_subject_array_1739684883.bin
134004,272943,2.4.1,272943.71,6,https://ftp.ncbi.nlm.nih.gov/genomes/all/GCF/003/324/715/GCF_003324715.1_ASM332471v1,6,272943.71.fna,GCF_003324715.1_ASM332471v1_genomic.fna,4629754,4629754,272943.71.fna_vs_GCF_003324715.1_ASM332471v1_genomic.fna_blast.xml,0,0,0,0,0,0,0,0,4629754,0,0,0,0,0,0,272943_subject_array_1739684887.bin
134077,2731096,NZLR1,2731096.3,6,https://ftp.ncbi.nlm.nih.gov/genomes/all/GCF/017/357/385/GCF_017357385.1_ASM1735738v1,6,2731096.3.fna,GCF_017357385.1_ASM1735738v1_genomic.fna,6856000,6856000,2731096.3.fna_vs_GCF_017357385.1_ASM1735738v1_genomic.fna_blast.xml,0,0,0,0,0,0,0,0,6856000,0,0,0,0,0,0,2731096_subject_array_1739684892.bin
134438,2736253,zg-1308,2736253.3,6,https://ftp.ncbi.nlm.nih.gov/genomes/all/GCF/013/155/375/GCF_013155375.1_ASM1315537v1,6,2736253.3.fna,GCF_013155375.1_ASM1315537v1_genomic.fna,4378908,4378908,2736253.3.fna_vs_GCF_013155375.1_ASM1315537v1_genomic.fna_blast.xml,0,0,0,0,0,0,0,0,4378908,0,0,0,0,0,0,2736253_subject_array_1739684895.bin
134475,273677,CD11_3,273677.7,6,https://ftp.ncbi.nlm.nih.gov/genomes/all/GCF/001/644/225/GCF_001644225.1_ASM164422v1,6,273677.7.fna,GCF_001644225.1_ASM164422v1_genomic.fna,2974012,2974012,273677.7.fna_vs_GCF_001644225.1_ASM164422v1_genomic.fna_blast.xml,0,0,0,0,0,0,0,0,2974012,0,0,0,0,0,0,273677_subject_array_1739684897.bin
134532,2738135,ID91781,2738135.3,6,https://ftp.ncbi.nlm.nih.gov/genomes/all/GCF/015/711/595/GCF_015711595.1_ASM1571159v1,6,2738135.3.fna,GCF_015711595.1_ASM1571159v1_genomic.fna,8275716,8275716,2738135.3.fna_vs_GCF_015711595.1_ASM1571159v1_genomic.fna_blast.xml,0,0,0,0,0,0,0,0,8275716,0,0,0,0,0,0,2738135_subject_array_1739684903.bin
134603,2739043,VKM Ac-2835,2739043.3,6,https://ftp.ncbi.nlm.nih.gov/genomes/all/GCF/013/266/705/GCF_013266705.1_ASM1326670v1,6,2739043.3.fna,GCF_013266705.1_ASM1326670v1_genomic.fna,4260933,4260933,2739043.3.fna_vs_GCF_013266705.1_ASM1326670v1_genomic.fna_blast.xml,0,0,0,0,0,0,0,397,4260534,0,0,0,2,0,0,2739043_subject_array_1739684907.bin
134701,274,SNM1-7,274.97,6,https://ftp.ncbi.nlm.nih.gov/genomes/all/GCF/022/846/355/GCF_022846355.1_ASM2284635v1,6,274.97.fna,GCF_022846355.1_ASM2284635v1_genomic.fna,2289892,2289892,274.97.fna_vs_GCF_022846355.1_ASM2284635v1_genomic.fna_blast.xml,0,0,0,0,0,0,0,0,2289892,0,0,0,0,0,0,274_subject_array_1739684909.bin
134788,2742203,SOSA_CARRIAGE_CPT54,2742203.15,6,https://ftp.ncbi.nlm.nih.gov/genomes/all/GCF/030/501/495/GCF_030501495.1_ASM3050149v1,6,2742203.15.fna,GCF_030501495.1_ASM3050149v1_genomic.fna,2689613,2689613,2742203.15.fna_vs_GCF_030501495.1_ASM3050149v1_genomic.fna_blast.xml,0,0,0,0,0,0,0,0,2689613,0,0,0,0,0,0,2742203_subject_array_1739684912.bin
134827,2742632,RHBSTW-00053,2742632.3,6,https://ftp.ncbi.nlm.nih.gov/genomes/all/GCF/013/796/805/GCF_013796805.1_ASM1379680v1,6,2742632.3.fna,GCF_013796805.1_ASM1379680v1_genomic.fna,5494336,5494336,2742632.3.fna_vs_GCF_013796805.1_ASM1379680v1_genomic.fna_blast.xml,0,0,0,0,0,0,0,0,5494336,0,0,0,0,0,0,2742632_subject_array_1739684916.bin
134828,2742633,RHBSTW-00089,2742633.3,6,https://ftp.ncbi.nlm.nih.gov/genomes/all/GCF/014/104/235/GCF_014104235.1_ASM1410423v1,6,2742633.3.fna,GCF_014104235.1_ASM1410423v1_genomic.fna,5628550,5628550,2742633.3.fna_vs_GCF_014104235.1_ASM1410423v1_genomic.fna_blast.xml,0,0,0,0,0,0,0,0,5628550,0,0,0,0,0,0,2742633_subject_array_1739684920.bin
134829,2742634,RHBSTW-00104,2742634.3,6,https://ftp.ncbi.nlm.nih.gov/genomes/all/GCF/014/104/155/GCF_014104155.1_ASM1410415v1,6,2742634.3.fna,GCF_014104155.1_ASM1410415v1_genomic.fna,5484756,5484756,2742634.3.fna_vs_GCF_014104155.1_ASM1410415v1_genomic.fna_blast.xml,0,0,0,0,0,0,0,0,5484756,0,0,0,0,0,0,2742634_subject_array_1739684925.bin
135034,2745510,P8_72,2745510.5,6,https://ftp.ncbi.nlm.nih.gov/genomes/all/GCF/033/989/995/GCF_033989995.1_ASM3398999v1,6,2745510.5.fna,GCF_033989995.1_ASM3398999v1_genomic.fna,6448212,6448212,2745510.5.fna_vs_GCF_033989995.1_ASM3398999v1_genomic.fna_blast.xml,0,0,0,0,0,0,0,0,6448212,0,0,0,0,0,0,2745510_subject_array_1739684942.bin
135243,2749906,ZPP,2749906.3,6,https://ftp.ncbi.nlm.nih.gov/genomes/all/GCF/017/656/075/GCF_017656075.1_ASM1765607v1,6,2749906.3.fna,GCF_017656075.1_ASM1765607v1_genomic.fna,8473046,8473046,2749906.3.fna_vs_GCF_017656075.1_ASM1765607v1_genomic.fna_blast.xml,0,0,0,0,0,0,0,0,8473042,0,1,3,0,0,0,2749906_subject_array_1739684948.bin
135308,2750936,M0192,2750936.3,6,https://ftp.ncbi.nlm.nih.gov/genomes/all/GCF/016/102/305/GCF_016102305.1_ASM1610230v1,6,2750936.3.fna,GCF_016102305.1_ASM1610230v1_genomic.fna,2610395,2610395,2750936.3.fna_vs_GCF_016102305.1_ASM1610230v1_genomic.fna_blast.xml,0,0,0,0,0,0,0,98,2610297,0,0,0,0,0,0,2750936_subject_array_1739684951.bin
135311,2750941,W8108,2750941.3,6,https://ftp.ncbi.nlm.nih.gov/genomes/all/GCF/016/102/235/GCF_016102235.1_ASM1610223v1,6,2750941.3.fna,GCF_016102235.1_ASM1610223v1_genomic.fna,1803210,1803210,2750941.3.fna_vs_GCF_016102235.1_ASM1610223v1_genomic.fna_blast.xml,0,0,0,0,0,0,0,0,1803210,0,0,0,0,0,0,2750941_subject_array_1739684952.bin
135315,2750947,W8106,2751003.3,6,https://ftp.ncbi.nlm.nih.gov/genomes/all/GCF/016/100/695/GCF_016100695.1_ASM1610069v1,6,2751003.3.fna,GCF_016100695.1_ASM1610069v1_genomic.fna,2095891,2095891,2751003.3.fna_vs_GCF_016100695.1_ASM1610069v1_genomic.fna_blast.xml,0,0,0,0,0,0,0,0,2095891,0,0,0,0,0,0,2751003_subject_array_1739684953.bin
135405,2751001,W8104,2751001.3,6,https://ftp.ncbi.nlm.nih.gov/genomes/all/GCF/016/100/735/GCF_016100735.1_ASM1610073v1,6,2751001.3.fna,GCF_016100735.1_ASM1610073v1_genomic.fna,2096488,2096488,2751001.3.fna_vs_GCF_016100735.1_ASM1610073v1_genomic.fna_blast.xml,0,0,0,0,0,0,0,0,2096488,0,0,0,0,0,0,2751001_subject_array_1739684955.bin
135542,2751315,FW300-N1B4,2751315.3,6,https://ftp.ncbi.nlm.nih.gov/genomes/all/GCF/017/351/775/GCF_017351775.1_ASM1735177v1,6,2751315.3.fna,GCF_017351775.1_ASM1735177v1_genomic.fna,6630486,6630486,2751315.3.fna_vs_GCF_017351775.1_ASM1735177v1_genomic.fna_blast.xml,0,0,0,0,0,0,0,0,6630486,0,0,0,0,0,0,2751315_subject_array_1739684969.bin
135842,2759681,8H,2759681.3,6,https://ftp.ncbi.nlm.nih.gov/genomes/all/GCF/014/250/675/GCF_014250675.1_ASM1425067v1,6,2759681.3.fna,GCF_014250675.1_ASM1425067v1_genomic.fna,2569949,2569949,2759681.3.fna_vs_GCF_014250675.1_ASM1425067v1_genomic.fna_blast.xml,0,0,0,0,0,0,0,0,2569948,0,1,0,0,0,0,2759681_subject_array_1739684971.bin
136252,2763645,NSJ-24,2763645.3,6,https://ftp.ncbi.nlm.nih.gov/genomes/all/GCF/014/385/065/GCF_014385065.1_ASM1438506v1,6,2763645.3.fna,GCF_014385065.1_ASM1438506v1_genomic.fna,2251989,2251989,2763645.3.fna_vs_GCF_014385065.1_ASM1438506v1_genomic.fna_blast.xml,0,0,0,0,0,0,0,0,2251989,0,0,0,0,0,0,2763645_subject_array_1739684973.bin
136297,2764711,MS1,2764711.10,6,https://ftp.ncbi.nlm.nih.gov/genomes/all/GCF/019/976/755/GCF_019976755.1_ASM1997675v1,6,2764711.10.fna,GCF_019976755.1_ASM1997675v1_genomic.fna,7901148,7901148,2764711.10.fna_vs_GCF_019976755.1_ASM1997675v1_genomic.fna_blast.xml,0,0,0,0,0,0,0,0,7901148,0,0,0,0,0,0,2764711_subject_array_1739684980.bin
136715,2775420,TT6,2775420.4,6,https://ftp.ncbi.nlm.nih.gov/genomes/all/GCF/016/653/635/GCF_016653635.2_ASM1665363v2,6,2775420.4.fna,GCF_016653635.2_ASM1665363v2_genomic.fna,7569763,7569752,2775420.4.fna_vs_GCF_016653635.2_ASM1665363v2_genomic.fna_blast.xml,0,0,0,0,0,0,1,1,7569750,0,0,0,0,0,0,2775420_subject_array_1739684986.bin
136802,2778652,Res13-Lact-ER07-18,2778652.3,6,https://ftp.ncbi.nlm.nih.gov/genomes/all/GCF/015/571/795/GCF_015571795.1_ASM1557179v1,6,2778652.3.fna,GCF_015571795.1_ASM1557179v1_genomic.fna,4955522,4955522,2778652.3.fna_vs_GCF_015571795.1_ASM1557179v1_genomic.fna_blast.xml,0,0,0,0,0,0,0,0,4955522,0,0,0,0,0,0,2778652_subject_array_1739684990.bin
136803,2778653,Res13-Lact-EA06-22,2778653.3,6,https://ftp.ncbi.nlm.nih.gov/genomes/all/GCF/015/571/915/GCF_015571915.1_ASM1557191v1,6,2778653.3.fna,GCF_015571915.1_ASM1557191v1_genomic.fna,5353630,5353630,2778653.3.fna_vs_GCF_015571915.1_ASM1557191v1_genomic.fna_blast.xml,0,0,0,0,0,0,0,0,5353630,0,0,0,0,0,0,2778653_subject_array_1739684994.bin
136929,2780087,HM2,2780087.3,6,https://ftp.ncbi.nlm.nih.gov/genomes/all/GCF/015/070/875/GCF_015070875.1_ASM1507087v1,6,2780087.3.fna,GCF_015070875.1_ASM1507087v1_genomic.fna,4310278,4310278,2780087.3.fna_vs_GCF_015070875.1_ASM1507087v1_genomic.fna_blast.xml,0,0,0,0,0,0,0,99,4310179,0,0,0,0,0,0,2780087_subject_array_1739684997.bin
136959,2781020,QUAN,2781020.3,6,https://ftp.ncbi.nlm.nih.gov/genomes/all/GCF/015/354/445/GCF_015354445.1_ASM1535444v1,6,2781020.3.fna,GCF_015354445.1_ASM1535444v1_genomic.fna,3154887,3154887,2781020.3.fna_vs_GCF_015354445.1_ASM1535444v1_genomic.fna_blast.xml,0,0,0,0,0,0,0,0,3154887,0,0,0,0,0,0,2781020_subject_array_1739685000.bin
137164,2782633,15,2782633.5,6,https://ftp.ncbi.nlm.nih.gov/genomes/all/GCF/023/072/905/GCF_023072905.1_ASM2307290v1,6,2782633.5.fna,GCF_023072905.1_ASM2307290v1_genomic.fna,7964185,7964185,2782633.5.fna_vs_GCF_023072905.1_ASM2307290v1_genomic.fna_blast.xml,0,0,0,0,0,0,0,0,7964185,0,0,0,0,0,0,2782633_subject_array_1739685006.bin
137321,2786953,NC2-4-308,2786953.3,6,https://ftp.ncbi.nlm.nih.gov/genomes/all/GCF/015/905/305/GCF_015905305.1_ASM1590530v1,6,2786953.3.fna,GCF_015905305.1_ASM1590530v1_genomic.fna,4387294,4387294,2786953.3.fna_vs_GCF_015905305.1_ASM1590530v1_genomic.fna_blast.xml,0,0,0,0,0,0,0,0,4387294,0,0,0,0,0,0,2786953_subject_array_1739685009.bin
137322,2786953,NC3-4-326,2786954.3,6,https://ftp.ncbi.nlm.nih.gov/genomes/all/GCF/015/905/225/GCF_015905225.1_ASM1590522v1,6,2786954.3.fna,GCF_015905225.1_ASM1590522v1_genomic.fna,4472954,4472954,2786954.3.fna_vs_GCF_015905225.1_ASM1590522v1_genomic.fna_blast.xml,0,0,0,0,0,0,0,0,4472954,0,0,0,0,0,0,2786954_subject_array_1739685012.bin
137379,2787634,G11-30,2787634.3,6,https://ftp.ncbi.nlm.nih.gov/genomes/all/GCF/016/634/425/GCF_016634425.1_ASM1663442v1,6,2787634.3.fna,GCF_016634425.1_ASM1663442v1_genomic.fna,3412448,3412448,2787634.3.fna_vs_GCF_016634425.1_ASM1663442v1_genomic.fna_blast.xml,0,0,0,0,0,0,0,0,3412448,0,0,0,0,0,0,2787634_subject_array_1739685015.bin
137500,2792015,AT13,2792015.8,6,https://ftp.ncbi.nlm.nih.gov/genomes/all/GCF/030/643/885/GCF_030643885.1_ASM3064388v1,6,2792015.8.fna,GCF_030643885.1_ASM3064388v1_genomic.fna,6034995,6034995,2792015.8.fna_vs_GCF_030643885.1_ASM3064388v1_genomic.fna_blast.xml,0,0,0,0,0,0,0,0,6034995,0,0,0,0,0,0,2792015_subject_array_1739685019.bin
137568,2793010,SCSIO 43209,2793010.11,6,https://ftp.ncbi.nlm.nih.gov/genomes/all/GCF/019/904/295/GCF_019904295.1_ASM1990429v1,6,2793010.11.fna,GCF_019904295.1_ASM1990429v1_genomic.fna,4602224,4602224,2793010.11.fna_vs_GCF_019904295.1_ASM1990429v1_genomic.fna_blast.xml,0,0,0,0,0,0,0,0,4602224,0,0,0,0,0,0,2793010_subject_array_1739685023.bin
137742,2796374,TH08,2796374.3,6,https://ftp.ncbi.nlm.nih.gov/genomes/all/GCF/016/651/275/GCF_016651275.1_ASM1665127v1,6,2796374.3.fna,GCF_016651275.1_ASM1665127v1_genomic.fna,6565193,6565193,2796374.3.fna_vs_GCF_016651275.1_ASM1665127v1_genomic.fna_blast.xml,0,0,0,0,0,0,0,0,6565193,0,0,0,0,0,0,2796374_subject_array_1739685037.bin
137745,2796378,TH12,2796378.3,6,https://ftp.ncbi.nlm.nih.gov/genomes/all/GCF/016/651/225/GCF_016651225.1_ASM1665122v1,6,2796378.3.fna,GCF_016651225.1_ASM1665122v1_genomic.fna,5819177,5819177,2796378.3.fna_vs_GCF_016651225.1_ASM1665122v1_genomic.fna_blast.xml,0,0,0,0,0,0,0,0,5819177,0,0,0,0,0,0,2796378_subject_array_1739685042.bin
137748,2796383,TH17,2796383.3,6,https://ftp.ncbi.nlm.nih.gov/genomes/all/GCF/016/651/125/GCF_016651125.1_ASM1665112v1,6,2796383.3.fna,GCF_016651125.1_ASM1665112v1_genomic.fna,5747064,5747064,2796383.3.fna_vs_GCF_016651125.1_ASM1665112v1_genomic.fna_blast.xml,0,0,0,0,0,0,0,0,5747064,0,0,0,0,0,0,2796383_subject_array_1739685047.bin
137756,2796395,TH30,2796395.3,6,https://ftp.ncbi.nlm.nih.gov/genomes/all/GCF/016/650/875/GCF_016650875.1_ASM1665087v1,6,2796395.3.fna,GCF_016650875.1_ASM1665087v1_genomic.fna,5897091,5897091,2796395.3.fna_vs_GCF_016650875.1_ASM1665087v1_genomic.fna_blast.xml,0,0,0,0,0,0,0,0,5897091,0,0,0,0,0,0,2796395_subject_array_1739685051.bin
137819,279813,Marseille-P394,279813.3,6,https://ftp.ncbi.nlm.nih.gov/genomes/all/GCF/900/176/565/GCF_900176565.1_PRJEB20356,6,279813.3.fna,GCF_900176565.1_PRJEB20356_genomic.fna,4070754,4070754,279813.3.fna_vs_GCF_900176565.1_PRJEB20356_genomic.fna_blast.xml,0,0,0,0,0,0,0,0,4070754,0,0,0,0,0,0,279813_subject_array_1739685055.bin
137913,2799787,MC1828,2799787.4,6,https://ftp.ncbi.nlm.nih.gov/genomes/all/GCF/016/461/615/GCF_016461615.1_ASM1646161v1,6,2799787.4.fna,GCF_016461615.1_ASM1646161v1_genomic.fna,2975319,2975319,2799787.4.fna_vs_GCF_016461615.1_ASM1646161v1_genomic.fna_blast.xml,0,0,0,0,0,0,0,0,2975319,0,0,0,0,0,0,2799787_subject_array_1739685057.bin
137963,2800406,P7202,2936713.4,6,https://ftp.ncbi.nlm.nih.gov/genomes/all/GCF/023/155/175/GCF_023155175.1_ASM2315517v1,6,2936713.4.fna,GCF_023155175.1_ASM2315517v1_genomic.fna,2610416,2610416,2936713.4.fna_vs_GCF_023155175.1_ASM2315517v1_genomic.fna_blast.xml,0,0,0,0,0,0,0,0,2610416,0,0,0,0,0,0,2936713_subject_array_1739685059.bin
137999,2801332,Jin2,2801332.3,6,https://ftp.ncbi.nlm.nih.gov/genomes/all/GCF/016/735/685/GCF_016735685.1_ASM1673568v1,6,2801332.3.fna,GCF_016735685.1_ASM1673568v1_genomic.fna,3027633,3027633,2801332.3.fna_vs_GCF_016735685.1_ASM1673568v1_genomic.fna_blast.xml,0,0,0,0,0,0,0,97,3027535,0,0,0,1,0,0,2801332_subject_array_1739685061.bin
138210,28026,AF87-08pH10A,28026.1446,6,https://ftp.ncbi.nlm.nih.gov/genomes/all/GCF/027/665/275/GCF_027665275.1_ASM2766527v1,6,28026.1446.fna,GCF_027665275.1_ASM2766527v1_genomic.fna,2166094,2166094,28026.1446.fna_vs_GCF_027665275.1_ASM2766527v1_genomic.fna_blast.xml,0,0,0,0,0,0,0,0,2166094,0,0,0,0,0,0,28026_subject_array_1739685063.bin
138289,28026,CECT 7765,28026.5,6,https://ftp.ncbi.nlm.nih.gov/genomes/all/GCF/000/940/535/GCF_000940535.1_BPSEU7765_v1,6,28026.5.fna,GCF_000940535.1_BPSEU7765_v1_genomic.fna,2254339,2254339,28026.5.fna_vs_GCF_000940535.1_BPSEU7765_v1_genomic.fna_blast.xml,0,0,0,0,0,0,0,0,2254339,0,0,0,0,0,0,28026_subject_array_1739685064.bin
138356,28026,TF05-2AC,28026.137,6,https://ftp.ncbi.nlm.nih.gov/genomes/all/GCF/003/437/825/GCF_003437825.1_ASM343782v1,6,28026.137.fna,GCF_003437825.1_ASM343782v1_genomic.fna,2206288,2206288,28026.137.fna_vs_GCF_003437825.1_ASM343782v1_genomic.fna_blast.xml,0,0,0,0,0,0,0,0,2206288,0,0,0,0,0,0,28026_subject_array_1739685066.bin
138414,28026,ca_0067,28026.753,6,https://ftp.ncbi.nlm.nih.gov/genomes/all/GCF/004/167/565/GCF_004167565.1_ASM416756v1,6,28026.753.fna,GCF_004167565.1_ASM416756v1_genomic.fna,2106190,2106190,28026.753.fna_vs_GCF_004167565.1_ASM416756v1_genomic.fna_blast.xml,0,0,0,0,0,0,0,0,2106190,0,0,0,0,0,0,28026_subject_array_1739685067.bin
138583,28037,321A,28037.259,6,https://ftp.ncbi.nlm.nih.gov/genomes/all/GCF/002/005/545/GCF_002005545.1_ASM200554v1,6,28037.259.fna,GCF_002005545.1_ASM200554v1_genomic.fna,2110680,2110680,28037.259.fna_vs_GCF_002005545.1_ASM200554v1_genomic.fna_blast.xml,0,0,0,0,0,0,0,14023,2096642,0,0,0,15,0,0,28037_subject_array_1739685069.bin
138774,28038,TMW 1.1928,28038.95,6,https://ftp.ncbi.nlm.nih.gov/genomes/all/GCF/003/410/375/GCF_003410375.1_ASM341037v1,6,28038.95.fna,GCF_003410375.1_ASM341037v1_genomic.fna,2175649,2175649,28038.95.fna_vs_GCF_003410375.1_ASM341037v1_genomic.fna_blast.xml,0,0,0,0,0,0,0,0,2175649,0,0,0,0,0,0,28038_subject_array_1739685071.bin
138936,2804760,1B4,2804760.3,6,https://ftp.ncbi.nlm.nih.gov/genomes/all/GCF/016/925/765/GCF_016925765.1_ASM1692576v1,6,2804760.3.fna,GCF_016925765.1_ASM1692576v1_genomic.fna,5095225,5095225,2804760.3.fna_vs_GCF_016925765.1_ASM1692576v1_genomic.fna_blast.xml,0,0,0,0,0,0,0,0,5095225,0,0,0,0,0,0,2804760_subject_array_1739685074.bin
139084,2807101,VF16,2807101.3,6,https://ftp.ncbi.nlm.nih.gov/genomes/all/GCF/016/864/375/GCF_016864375.1_ASM1686437v1,6,2807101.3.fna,GCF_016864375.1_ASM1686437v1_genomic.fna,9951011,9951011,2807101.3.fna_vs_GCF_016864375.1_ASM1686437v1_genomic.fna_blast.xml,0,0,0,0,0,0,0,0,9951011,0,0,0,0,0,0,2807101_subject_array_1739685082.bin
139332,28090,DSM 2403,28090.194,6,https://ftp.ncbi.nlm.nih.gov/genomes/all/GCF/029/024/105/GCF_029024105.1_ASM2902410v1,6,28090.194.fna,GCF_029024105.1_ASM2902410v1_genomic.fna,3463679,3463679,28090.194.fna_vs_GCF_029024105.1_ASM2902410v1_genomic.fna_blast.xml,0,0,0,0,0,0,0,0,3463679,0,0,0,0,0,0,28090_subject_array_1739685085.bin
139334,28090,FDAARGOS_551,28090.111,6,https://ftp.ncbi.nlm.nih.gov/genomes/all/GCF/013/349/125/GCF_013349125.1_ASM1334912v1,6,28090.111.fna,GCF_013349125.1_ASM1334912v1_genomic.fna,3536646,3536646,28090.111.fna_vs_GCF_013349125.1_ASM1334912v1_genomic.fna_blast.xml,0,0,0,0,0,0,0,357,3536289,0,0,0,0,0,0,28090_subject_array_1739685088.bin
139338,28090,H7,28090.135,6,https://ftp.ncbi.nlm.nih.gov/genomes/all/GCF/019/343/495/GCF_019343495.1_ASM1934349v1,6,28090.135.fna,GCF_019343495.1_ASM1934349v1_genomic.fna,3528101,3528101,28090.135.fna_vs_GCF_019343495.1_ASM1934349v1_genomic.fna_blast.xml,0,0,0,0,0,0,0,0,3528101,0,0,0,0,0,0,28090_subject_array_1739685091.bin
139358,28090,VS15,28090.154,6,https://ftp.ncbi.nlm.nih.gov/genomes/all/GCF/019/787/645/GCF_019787645.1_ASM1978764v1,6,28090.154.fna,GCF_019787645.1_ASM1978764v1_genomic.fna,3437642,3437642,28090.154.fna_vs_GCF_019787645.1_ASM1978764v1_genomic.fna_blast.xml,0,0,0,0,0,0,0,0,3437642,0,0,0,0,0,0,28090_subject_array_1739685093.bin
139915,28111,NCTC11155,28111.20,6,https://ftp.ncbi.nlm.nih.gov/genomes/all/GCF/900/445/565/GCF_900445565.1_48853_E02,6,28111.20.fna,GCF_900445565.1_48853_E02_genomic.fna,4338066,4338066,28111.20.fna_vs_GCF_900445565.1_48853_E02_genomic.fna_blast.xml,0,0,0,0,0,0,0,0,4338066,0,0,0,0,0,0,28111_subject_array_1739685096.bin
139963,2811421,R79,2811421.3,6,https://ftp.ncbi.nlm.nih.gov/genomes/all/GCF/017/068/395/GCF_017068395.1_ASM1706839v1,6,2811421.3.fna,GCF_017068395.1_ASM1706839v1_genomic.fna,9866560,9866560,2811421.3.fna_vs_GCF_017068395.1_ASM1706839v1_genomic.fna_blast.xml,0,0,0,0,0,0,0,0,9866560,0,0,0,0,0,0,2811421_subject_array_1739685103.bin
139973,28115,NCTC11632,28115.12,6,https://ftp.ncbi.nlm.nih.gov/genomes/all/GCF/900/454/765/GCF_900454765.1_57530_F01,6,28115.12.fna,GCF_900454765.1_57530_F01_genomic.fna,2449807,2449807,28115.12.fna_vs_GCF_900454765.1_57530_F01_genomic.fna_blast.xml,0,0,0,0,0,0,1,0,2449787,0,0,1,18,0,0,28115_subject_array_1739685106.bin
140296,28116,WH514,28116.1830,6,https://ftp.ncbi.nlm.nih.gov/genomes/all/GCF/918/277/415/GCF_918277415.1_BOVA514,6,28116.1830.fna,GCF_918277415.1_BOVA514_genomic.fna,7336137,7336137,28116.1830.fna_vs_GCF_918277415.1_BOVA514_genomic.fna_blast.xml,0,0,0,0,0,0,0,100,7336037,0,0,0,0,0,0,28116_subject_array_1739685111.bin
140426,28130,NCTC11157,28130.68,6,https://ftp.ncbi.nlm.nih.gov/genomes/all/GCF/900/454/955/GCF_900454955.1_53421_G01,6,28130.68.fna,GCF_900454955.1_53421_G01_genomic.fna,3051352,3051352,28130.68.fna_vs_GCF_900454955.1_53421_G01_genomic.fna_blast.xml,0,0,0,0,0,0,0,0,3051352,0,0,0,0,0,0,28130_subject_array_1739685115.bin
140483,28133,DSM 13386,28133.118,6,https://ftp.ncbi.nlm.nih.gov/genomes/all/GCF/031/191/185/GCF_031191185.1_ASM3119118v1,6,28133.118.fna,GCF_031191185.1_ASM3119118v1_genomic.fna,2684891,2684891,28133.118.fna_vs_GCF_031191185.1_ASM3119118v1_genomic.fna_blast.xml,0,0,0,0,0,0,0,0,2684891,0,0,0,0,0,0,28133_subject_array_1739685117.bin
140809,28141,MOD1-2151,28141.1060,6,https://ftp.ncbi.nlm.nih.gov/genomes/all/GCF/002/107/865/GCF_002107865.1_ASM210786v1,6,28141.1060.fna,GCF_002107865.1_ASM210786v1_genomic.fna,4445004,4445004,28141.1060.fna_vs_GCF_002107865.1_ASM210786v1_genomic.fna_blast.xml,0,0,0,0,0,0,0,73362,4371641,0,0,0,1,0,0,28141_subject_array_1739685120.bin
141141,28144,2014LSAL03309,28144.155,6,https://ftp.ncbi.nlm.nih.gov/genomes/all/GCF/003/548/635/GCF_003548635.1_ASM354863v1,6,28144.155.fna,GCF_003548635.1_ASM354863v1_genomic.fna,4815203,4815203,28144.155.fna_vs_GCF_003548635.1_ASM354863v1_genomic.fna_blast.xml,0,0,0,0,0,0,0,0,4815203,0,0,0,0,0,0,28144_subject_array_1739685124.bin
141186,28144,2014LSAL05538,28144.120,6,https://ftp.ncbi.nlm.nih.gov/genomes/all/GCF/003/547/935/GCF_003547935.1_ASM354793v1,6,28144.120.fna,GCF_003547935.1_ASM354793v1_genomic.fna,4786042,4786042,28144.120.fna_vs_GCF_003547935.1_ASM354793v1_genomic.fna_blast.xml,0,0,0,0,0,0,0,0,4786042,0,0,0,0,0,0,28144_subject_array_1739685127.bin
141187,28144,2014LSAL05735,28144.198,6,https://ftp.ncbi.nlm.nih.gov/genomes/all/GCF/003/549/495/GCF_003549495.1_ASM354949v1,6,28144.198.fna,GCF_003549495.1_ASM354949v1_genomic.fna,4798234,4798234,28144.198.fna_vs_GCF_003549495.1_ASM354949v1_genomic.fna_blast.xml,0,0,0,0,0,0,0,0,4798234,0,0,0,0,0,0,28144_subject_array_1739685131.bin
141243,28144,2015LSAL04332,28144.85,6,https://ftp.ncbi.nlm.nih.gov/genomes/all/GCF/003/547/215/GCF_003547215.1_ASM354721v1,6,28144.85.fna,GCF_003547215.1_ASM354721v1_genomic.fna,4797958,4797958,28144.85.fna_vs_GCF_003547215.1_ASM354721v1_genomic.fna_blast.xml,0,0,0,0,0,0,0,86,4797872,0,0,0,0,0,0,28144_subject_array_1739685134.bin
141600,2815360,X9,2815360.3,6,https://ftp.ncbi.nlm.nih.gov/genomes/all/GCF/018/873/185/GCF_018873185.1_ASM1887318v1,6,2815360.3.fna,GCF_018873185.1_ASM1887318v1_genomic.fna,5860612,5860612,2815360.3.fna_vs_GCF_018873185.1_ASM1887318v1_genomic.fna_blast.xml,0,0,0,0,0,0,0,0,5860612,0,0,0,0,0,0,2815360_subject_array_1739685139.bin
141625,2816035,CAU 1631,2816035.3,6,https://ftp.ncbi.nlm.nih.gov/genomes/all/GCF/017/313/105/GCF_017313105.1_ASM1731310v1,6,2816035.3.fna,GCF_017313105.1_ASM1731310v1_genomic.fna,3424164,3424164,2816035.3.fna_vs_GCF_017313105.1_ASM1731310v1_genomic.fna_blast.xml,0,0,0,0,0,0,0,395,3423769,0,0,0,0,0,0,2816035_subject_array_1739685142.bin
141661,2816447,Sample62,2816447.3,6,https://ftp.ncbi.nlm.nih.gov/genomes/all/GCF/036/851/315/GCF_036851315.1_ASM3685131v1,6,2816447.3.fna,GCF_036851315.1_ASM3685131v1_genomic.fna,5670196,5670196,2816447.3.fna_vs_GCF_036851315.1_ASM3685131v1_genomic.fna_blast.xml,0,0,0,0,0,0,0,0,5670196,0,0,0,0,0,0,2816447_subject_array_1739685146.bin
141863,28173,TUMSAT-TG-2018,28173.21,6,https://ftp.ncbi.nlm.nih.gov/genomes/all/GCF/015/097/735/GCF_015097735.1_ASM1509773v1,6,28173.21.fna,GCF_015097735.1_ASM1509773v1_genomic.fna,6837097,6837097,28173.21.fna_vs_GCF_015097735.1_ASM1509773v1_genomic.fna_blast.xml,0,0,0,0,0,0,0,0,6837097,0,0,0,0,0,0,28173_subject_array_1739685151.bin
141870,2817376,SYSU D00514,2817376.3,6,https://ftp.ncbi.nlm.nih.gov/genomes/all/GCF/017/916/385/GCF_017916385.1_ASM1791638v1,6,2817376.3.fna,GCF_017916385.1_ASM1791638v1_genomic.fna,3728940,3728940,2817376.3.fna_vs_GCF_017916385.1_ASM1791638v1_genomic.fna_blast.xml,0,0,0,0,0,0,0,182,3728758,0,0,0,0,0,0,2817376_subject_array_1739685154.bin
141878,281739,CL-SP19,281739.3,6,https://ftp.ncbi.nlm.nih.gov/genomes/all/GCF/003/987/275/GCF_003987275.1_ASM398727v1,6,281739.3.fna,GCF_003987275.1_ASM398727v1_genomic.fna,2685339,2685339,281739.3.fna_vs_GCF_003987275.1_ASM398727v1_genomic.fna_blast.xml,0,0,0,0,0,0,0,0,2685339,0,0,0,0,0,0,281739_subject_array_1739685156.bin
141908,2817478,DX2.3,2817478.6,6,https://ftp.ncbi.nlm.nih.gov/genomes/all/GCF/030/348/535/GCF_030348535.1_ASM3034853v1,6,2817478.6.fna,GCF_030348535.1_ASM3034853v1_genomic.fna,5557385,5557385,2817478.6.fna_vs_GCF_030348535.1_ASM3034853v1_genomic.fna_blast.xml,0,0,0,0,0,0,0,0,5557383,0,0,1,1,0,0,2817478_subject_array_1739685161.bin
141952,2817751,3266,2817751.3,6,https://ftp.ncbi.nlm.nih.gov/genomes/all/GCF/031/456/495/GCF_031456495.1_ASM3145649v1,6,2817751.3.fna,GCF_031456495.1_ASM3145649v1_genomic.fna,3994487,3994487,2817751.3.fna_vs_GCF_031456495.1_ASM3145649v1_genomic.fna_blast.xml,0,0,0,0,0,0,0,0,3994487,0,0,0,0,0,0,2817751_subject_array_1739685164.bin
142013,2817911,PvP104,2817911.3,6,https://ftp.ncbi.nlm.nih.gov/genomes/all/GCF/017/876/985/GCF_017876985.1_ASM1787698v1,6,2817911.3.fna,GCF_017876985.1_ASM1787698v1_genomic.fna,7023435,7023435,2817911.3.fna_vs_GCF_017876985.1_ASM1787698v1_genomic.fna_blast.xml,0,0,0,0,0,0,0,0,7023435,0,0,0,0,0,0,2817911_subject_array_1739685169.bin
142099,28182,201102933,28182.55,6,https://ftp.ncbi.nlm.nih.gov/genomes/all/GCF/022/439/735/GCF_022439735.1_ASM2243973v1,6,28182.55.fna,GCF_022439735.1_ASM2243973v1_genomic.fna,4697964,4697964,28182.55.fna_vs_GCF_022439735.1_ASM2243973v1_genomic.fna_blast.xml,0,0,0,0,0,0,0,0,4697963,0,0,1,0,0,0,28182_subject_array_1739685175.bin
142108,28182,IP1611024,28182.61,6,https://ftp.ncbi.nlm.nih.gov/genomes/all/GCF/022/819/715/GCF_022819715.1_ASM2281971v1,6,28182.61.fna,GCF_022819715.1_ASM2281971v1_genomic.fna,4862240,4862240,28182.61.fna_vs_GCF_022819715.1_ASM2281971v1_genomic.fna_blast.xml,0,0,0,0,0,0,0,0,4862240,0,0,0,0,0,0,28182_subject_array_1739685195.bin
142269,2819159,ISL-59,2819159.3,6,https://ftp.ncbi.nlm.nih.gov/genomes/all/GCF/018/613/945/GCF_018613945.1_ASM1861394v1,6,2819159.3.fna,GCF_018613945.1_ASM1861394v1_genomic.fna,3692303,3692303,2819159.3.fna_vs_GCF_018613945.1_ASM1861394v1_genomic.fna_blast.xml,0,0,0,0,0,0,0,106,3692197,0,0,0,0,0,0,2819159_subject_array_1739685198.bin
142701,2819994,B230/85,2819994.3,6,https://ftp.ncbi.nlm.nih.gov/genomes/all/GCF/019/355/735/GCF_019355735.1_ASM1935573v1,6,2819994.3.fna,GCF_019355735.1_ASM1935573v1_genomic.fna,6172967,6172967,2819994.3.fna_vs_GCF_019355735.1_ASM1935573v1_genomic.fna_blast.xml,0,0,0,0,0,0,0,0,6172966,0,1,0,0,0,0,2819994_subject_array_1739685203.bin
142751,2820277,L1K30,2820277.3,6,https://ftp.ncbi.nlm.nih.gov/genomes/all/GCF/018/122/735/GCF_018122735.1_ASM1812273v1,6,2820277.3.fna,GCF_018122735.1_ASM1812273v1_genomic.fna,4978121,4978121,2820277.3.fna_vs_GCF_018122735.1_ASM1812273v1_genomic.fna_blast.xml,0,0,0,0,0,0,0,4113,4973987,0,0,0,21,0,0,2820277_subject_array_1739685206.bin
143111,2826994,TSL1,2826994.10,6,https://ftp.ncbi.nlm.nih.gov/genomes/all/GCF/019/972/135/GCF_019972135.1_ASM1997213v1,6,2826994.10.fna,GCF_019972135.1_ASM1997213v1_genomic.fna,2353154,2353154,2826994.10.fna_vs_GCF_019972135.1_ASM1997213v1_genomic.fna_blast.xml,0,0,0,0,0,0,0,0,2353154,0,0,0,0,0,0,2826994_subject_array_1739685208.bin
143263,2829794,CECT 9465,2829794.5,6,https://ftp.ncbi.nlm.nih.gov/genomes/all/GCF/920/987/055/GCF_920987055.1_Novosphingobium_CECT9465,6,2829794.5.fna,GCF_920987055.1_Novosphingobium_CECT9465_genomic.fna,4385946,4385946,2829794.5.fna_vs_GCF_920987055.1_Novosphingobium_CECT9465_genomic.fna_blast.xml,0,0,0,0,0,0,0,0,4385946,0,0,0,0,0,0,2829794_subject_array_1739685211.bin
143321,2831890,JBIWA003,2831890.11,6,https://ftp.ncbi.nlm.nih.gov/genomes/all/GCF/019/968/825/GCF_019968825.1_ASM1996882v1,6,2831890.11.fna,GCF_019968825.1_ASM1996882v1_genomic.fna,5471029,5471029,2831890.11.fna_vs_GCF_019968825.1_ASM1996882v1_genomic.fna_blast.xml,0,0,0,0,0,0,0,0,5471029,0,0,0,0,0,0,2831890_subject_array_1739685216.bin
143442,2835634,HY11,2835634.3,6,https://ftp.ncbi.nlm.nih.gov/genomes/all/GCF/018/398/335/GCF_018398335.1_ASM1839833v1,6,2835634.3.fna,GCF_018398335.1_ASM1839833v1_genomic.fna,6947619,6947619,2835634.3.fna_vs_GCF_018398335.1_ASM1839833v1_genomic.fna_blast.xml,0,0,0,0,0,0,0,0,6947619,0,0,0,0,0,0,2835634_subject_array_1739685221.bin
143793,283734,DHSP042,283734.2404,6,https://ftp.ncbi.nlm.nih.gov/genomes/all/GCF/016/482/345/GCF_016482345.1_ASM1648234v1,6,283734.2404.fna,GCF_016482345.1_ASM1648234v1_genomic.fna,2930017,2930017,283734.2404.fna_vs_GCF_016482345.1_ASM1648234v1_genomic.fna_blast.xml,0,0,0,0,0,0,0,0,2930017,0,0,0,0,0,0,283734_subject_array_1739685223.bin
143802,283734,DSP025,283734.2396,6,https://ftp.ncbi.nlm.nih.gov/genomes/all/GCF/016/482/155/GCF_016482155.1_ASM1648215v1,6,283734.2396.fna,GCF_016482155.1_ASM1648215v1_genomic.fna,2805515,2805515,283734.2396.fna_vs_GCF_016482155.1_ASM1648215v1_genomic.fna_blast.xml,0,0,0,0,0,0,0,0,2805515,0,0,0,0,0,0,283734_subject_array_1739685225.bin
143869,283734,HSP143,283734.2398,6,https://ftp.ncbi.nlm.nih.gov/genomes/all/GCF/016/482/235/GCF_016482235.1_ASM1648223v1,6,283734.2398.fna,GCF_016482235.1_ASM1648223v1_genomic.fna,2779670,2779670,283734.2398.fna_vs_GCF_016482235.1_ASM1648223v1_genomic.fna_blast.xml,0,0,0,0,0,0,0,0,2779670,0,0,0,0,0,0,283734_subject_array_1739685228.bin
144172,2838834,LX-99,2838834.3,6,https://ftp.ncbi.nlm.nih.gov/genomes/all/GCF/018/599/185/GCF_018599185.1_ASM1859918v1,6,2838834.3.fna,GCF_018599185.1_ASM1859918v1_genomic.fna,3827741,3827741,2838834.3.fna_vs_GCF_018599185.1_ASM1859918v1_genomic.fna_blast.xml,0,0,0,0,0,0,0,0,3827741,0,0,0,0,0,0,2838834_subject_array_1739685230.bin
144953,28450,AW21,28450.2402,6,https://ftp.ncbi.nlm.nih.gov/genomes/all/GCF/019/843/765/GCF_019843765.1_ASM1984376v1,6,28450.2402.fna,GCF_019843765.1_ASM1984376v1_genomic.fna,7135666,7135666,28450.2402.fna_vs_GCF_019843765.1_ASM1984376v1_genomic.fna_blast.xml,0,0,0,0,0,0,0,0,7135666,0,0,0,0,0,0,28450_subject_array_1739685235.bin
145762,28450,MSHR4009,1435368.3,6,https://ftp.ncbi.nlm.nih.gov/genomes/all/GCF/000/774/945/GCF_000774945.1_BCW_7,6,1435368.3.fna,GCF_000774945.1_BCW_7_genomic.fna,7335546,7335846,1435368.3.fna_vs_GCF_000774945.1_BCW_7_genomic.fna_blast.xml,0,0,0,0,0,0,0,266,6181133,0,0,0,1154447,0,0,1435368_subject_array_1739685241.bin
145763,28450,MSHR4018,1435366.3,6,https://ftp.ncbi.nlm.nih.gov/genomes/all/GCF/000/774/955/GCF_000774955.1_BCW_9,6,1435366.3.fna,GCF_000774955.1_BCW_9_genomic.fna,7341492,7341792,1435366.3.fna_vs_GCF_000774955.1_BCW_9_genomic.fna_blast.xml,0,0,0,0,0,0,0,300,7341492,0,0,0,0,0,0,1435366_subject_array_1739685246.bin
145855,28450,NCTC6700,28450.819,6,https://ftp.ncbi.nlm.nih.gov/genomes/all/GCF/900/446/265/GCF_900446265.1_59385_F01,6,28450.819.fna,GCF_900446265.1_59385_F01_genomic.fna,7137055,7137055,28450.819.fna_vs_GCF_900446265.1_59385_F01_genomic.fna_blast.xml,0,0,0,0,0,0,0,0,7137055,0,0,0,0,0,0,28450_subject_array_1739685252.bin
146073,2845820,CECT 9324,2845820.8,6,https://ftp.ncbi.nlm.nih.gov/genomes/all/GCF/918/741/265/GCF_918741265.1_Rhizobium_sp_CECT_9324_HGAP4_Prokka,6,2845820.8.fna,GCF_918741265.1_Rhizobium_sp_CECT_9324_HGAP4_Prokka_genomic.fna,5679185,5679185,2845820.8.fna_vs_GCF_918741265.1_Rhizobium_sp_CECT_9324_HGAP4_Prokka_genomic.fna_blast.xml,0,0,0,0,0,0,0,0,5679185,0,0,0,0,0,0,2845820_subject_array_1739685256.bin
146118,2847045,SAP-1,2847045.5,6,https://ftp.ncbi.nlm.nih.gov/genomes/all/GCF/030/517/755/GCF_030517755.1_ASM3051775v1,6,2847045.5.fna,GCF_030517755.1_ASM3051775v1_genomic.fna,4359898,4359898,2847045.5.fna_vs_GCF_030517755.1_ASM3051775v1_genomic.fna_blast.xml,0,0,0,0,0,0,0,0,4359898,0,0,0,0,0,0,2847045_subject_array_1739685260.bin
146155,2849149,MMS21-HV4-11,2849149.8,6,https://ftp.ncbi.nlm.nih.gov/genomes/all/GCF/019/039/055/GCF_019039055.1_ASM1903905v1,6,2849149.8.fna,GCF_019039055.1_ASM1903905v1_genomic.fna,5508926,5508926,2849149.8.fna_vs_GCF_019039055.1_ASM1903905v1_genomic.fna_blast.xml,0,0,0,0,0,0,0,0,5508926,0,0,0,0,0,0,2849149_subject_array_1739685264.bin
146256,2851649,SSW1-47,2851649.4,6,https://ftp.ncbi.nlm.nih.gov/genomes/all/GCF/023/091/155/GCF_023091155.1_ASM2309115v1,6,2851649.4.fna,GCF_023091155.1_ASM2309115v1_genomic.fna,3632603,3632603,2851649.4.fna_vs_GCF_023091155.1_ASM2309115v1_genomic.fna_blast.xml,0,0,0,0,0,0,0,100,3632503,0,0,0,0,0,0,2851649_subject_array_1739685267.bin
146314,285458,9-3-15,285458.4,6,https://ftp.ncbi.nlm.nih.gov/genomes/all/GCF/001/746/455/GCF_001746455.1_ASM174645v1,6,285458.4.fna,GCF_001746455.1_ASM174645v1_genomic.fna,8962368,8962368,285458.4.fna_vs_GCF_001746455.1_ASM174645v1_genomic.fna_blast.xml,0,0,0,0,0,0,0,0,8962368,0,0,0,0,0,0,285458_subject_array_1739685273.bin
146372,2855439,SHC-113,2855439.4,6,https://ftp.ncbi.nlm.nih.gov/genomes/all/GCF/025/376/885/GCF_025376885.1_ASM2537688v1,6,2855439.4.fna,GCF_025376885.1_ASM2537688v1_genomic.fna,3913714,3913714,2855439.4.fna_vs_GCF_025376885.1_ASM2537688v1_genomic.fna_blast.xml,0,0,0,0,0,0,0,0,3913714,0,0,0,0,0,0,2855439_subject_array_1739685276.bin
146379,2855449,zg.B53,2855449.3,6,https://ftp.ncbi.nlm.nih.gov/genomes/all/GCF/019/550/935/GCF_019550935.1_ASM1955093v1,6,2855449.3.fna,GCF_019550935.1_ASM1955093v1_genomic.fna,3842755,3842755,2855449.3.fna_vs_GCF_019550935.1_ASM1955093v1_genomic.fna_blast.xml,0,0,0,0,0,0,0,0,3842755,0,0,0,0,0,0,2855449_subject_array_1739685279.bin
146447,2856851,LW-XY12,2856851.3,6,https://ftp.ncbi.nlm.nih.gov/genomes/all/GCF/019/317/345/GCF_019317345.1_ASM1931734v1,6,2856851.3.fna,GCF_019317345.1_ASM1931734v1_genomic.fna,5802828,5802828,2856851.3.fna_vs_GCF_019317345.1_ASM1931734v1_genomic.fna_blast.xml,0,0,0,0,0,0,0,0,5802828,0,0,0,0,0,0,2856851_subject_array_1739685284.bin
146526,2860329,TMW 2.2308,2860329.6,6,https://ftp.ncbi.nlm.nih.gov/genomes/all/GCF/023/091/865/GCF_023091865.1_ASM2309186v1,6,2860329.6.fna,GCF_023091865.1_ASM2309186v1_genomic.fna,3470002,3470002,2860329.6.fna_vs_GCF_023091865.1_ASM2309186v1_genomic.fna_blast.xml,0,0,0,0,0,0,0,0,3470002,0,0,0,0,0,0,2860329_subject_array_1739685286.bin
146527,2860330,TMW 2.2271,2860330.3,6,https://ftp.ncbi.nlm.nih.gov/genomes/all/GCF/025/393/375/GCF_025393375.1_ASM2539337v1,6,2860330.3.fna,GCF_025393375.1_ASM2539337v1_genomic.fna,3467871,3467871,2860330.3.fna_vs_GCF_025393375.1_ASM2539337v1_genomic.fna_blast.xml,0,0,0,0,0,0,0,0,3467871,0,0,0,0,0,0,2860330_subject_array_1739685288.bin
146570,2862543,GW1-59,2862543.3,6,https://ftp.ncbi.nlm.nih.gov/genomes/all/GCF/019/802/285/GCF_019802285.1_ASM1980228v1,6,2862543.3.fna,GCF_019802285.1_ASM1980228v1_genomic.fna,2784373,2784373,2862543.3.fna_vs_GCF_019802285.1_ASM1980228v1_genomic.fna_blast.xml,0,0,0,0,0,0,0,0,2784373,0,0,0,0,0,0,2862543_subject_array_1739685291.bin
146676,2866571,Marseille-Q4924,2866571.9,6,https://ftp.ncbi.nlm.nih.gov/genomes/all/GCF/916/618/755/GCF_916618755.1_PRJEB46692,6,2866571.9.fna,GCF_916618755.1_PRJEB46692_genomic.fna,3643543,3643543,2866571.9.fna_vs_GCF_916618755.1_PRJEB46692_genomic.fna_blast.xml,0,0,0,0,0,0,0,0,3643543,0,0,0,0,0,0,2866571_subject_array_1739685293.bin
146690,2866587,Marseille-Q4926,2866587.9,6,https://ftp.ncbi.nlm.nih.gov/genomes/all/GCF/916/618/935/GCF_916618935.1_PRJEB46715,6,2866587.9.fna,GCF_916618935.1_PRJEB46715_genomic.fna,2809687,2809687,2866587.9.fna_vs_GCF_916618935.1_PRJEB46715_genomic.fna_blast.xml,0,0,0,0,0,0,0,0,2809687,0,0,0,0,0,0,2866587_subject_array_1739685295.bin
146718,2867011,M317,2867011.3,6,https://ftp.ncbi.nlm.nih.gov/genomes/all/GCF/025/141/175/GCF_025141175.1_ASM2514117v1,6,2867011.3.fna,GCF_025141175.1_ASM2514117v1_genomic.fna,3942835,3942835,2867011.3.fna_vs_GCF_025141175.1_ASM2514117v1_genomic.fna_blast.xml,0,0,0,0,0,0,0,0,3942835,0,0,0,0,0,0,2867011_subject_array_1739685298.bin
146726,2867022,S190,2867022.3,6,https://ftp.ncbi.nlm.nih.gov/genomes/all/GCF/025/141/935/GCF_025141935.1_ASM2514193v1,6,2867022.3.fna,GCF_025141935.1_ASM2514193v1_genomic.fna,3966771,3966771,2867022.3.fna_vs_GCF_025141935.1_ASM2514193v1_genomic.fna_blast.xml,0,0,0,0,0,0,0,0,3966771,0,0,0,0,0,0,2867022_subject_array_1739685301.bin
146788,286783,15,286783.434,6,https://ftp.ncbi.nlm.nih.gov/genomes/all/GCF/022/350/005/GCF_022350005.1_ASM2235000v1,6,286783.434.fna,GCF_022350005.1_ASM2235000v1_genomic.fna,5006851,5006851,286783.434.fna_vs_GCF_022350005.1_ASM2235000v1_genomic.fna_blast.xml,0,0,0,0,0,0,0,0,5006851,0,0,0,0,0,0,286783_subject_array_1739685304.bin
146843,286783,SI102,286783.334,6,https://ftp.ncbi.nlm.nih.gov/genomes/all/GCF/012/052/605/GCF_012052605.1_ASM1205260v1,6,286783.334.fna,GCF_012052605.1_ASM1205260v1_genomic.fna,4985118,4985118,286783.334.fna_vs_GCF_012052605.1_ASM1205260v1_genomic.fna_blast.xml,0,0,0,0,0,0,0,0,4985118,0,0,0,0,0,0,286783_subject_array_1739685308.bin
146870,287,#700,287.31578,6,https://ftp.ncbi.nlm.nih.gov/genomes/all/GCF/030/688/825/GCF_030688825.1_ASM3068882v1,6,287.31578.fna,GCF_030688825.1_ASM3068882v1_genomic.fna,7238634,7238634,287.31578.fna_vs_GCF_030688825.1_ASM3068882v1_genomic.fna_blast.xml,0,0,0,0,0,0,0,0,7238634,0,0,0,0,0,0,287_subject_array_1739685313.bin
147269,287,199,287.14069,6,https://ftp.ncbi.nlm.nih.gov/genomes/all/GCF/016/836/685/GCF_016836685.1_199,6,287.14069.fna,GCF_016836685.1_199_genomic.fna,6813180,6813180,287.14069.fna_vs_GCF_016836685.1_199_genomic.fna_blast.xml,0,0,0,0,0,0,0,6698,6806431,0,0,47,4,0,0,287_subject_array_1739685318.bin
147328,287,2021CK-01161,287.29777,6,https://ftp.ncbi.nlm.nih.gov/genomes/all/GCF/029/961/285/GCF_029961285.1_ASM2996128v1,6,287.29777.fna,GCF_029961285.1_ASM2996128v1_genomic.fna,7289872,7289872,287.29777.fna_vs_GCF_029961285.1_ASM2996128v1_genomic.fna_blast.xml,0,0,0,0,0,0,0,0,7289872,0,0,0,0,0,0,287_subject_array_1739685324.bin
147329,287,2021CK-01162,287.29781,6,https://ftp.ncbi.nlm.nih.gov/genomes/all/GCF/029/961/325/GCF_029961325.1_ASM2996132v1,6,287.29781.fna,GCF_029961325.1_ASM2996132v1_genomic.fna,7447869,7447869,287.29781.fna_vs_GCF_029961325.1_ASM2996132v1_genomic.fna_blast.xml,0,0,0,0,0,0,0,0,7447869,0,0,0,0,0,0,287_subject_array_1739685329.bin
147529,287,268E2,287.35716,6,https://ftp.ncbi.nlm.nih.gov/genomes/all/GCF/037/997/005/GCF_037997005.1_ASM3799700v1,6,287.35716.fna,GCF_037997005.1_ASM3799700v1_genomic.fna,7612893,7612893,287.35716.fna_vs_GCF_037997005.1_ASM3799700v1_genomic.fna_blast.xml,0,0,0,0,0,0,0,0,7612893,0,0,0,0,0,0,287_subject_array_1739685335.bin
148317,287,AR_0105,287.2976,6,https://ftp.ncbi.nlm.nih.gov/genomes/all/GCF/001/874/995/GCF_001874995.1_ASM187499v1,6,287.2976.fna,GCF_001874995.1_ASM187499v1_genomic.fna,6425652,6425652,287.2976.fna_vs_GCF_001874995.1_ASM187499v1_genomic.fna_blast.xml,0,0,0,0,0,0,0,0,6425652,0,0,0,0,0,0,287_subject_array_1739685340.bin
149697,287,ER06896,287.7083,6,https://ftp.ncbi.nlm.nih.gov/genomes/all/GCF/003/703/685/GCF_003703685.1_ASM370368v1,6,287.7083.fna,GCF_003703685.1_ASM370368v1_genomic.fna,6766003,6766003,287.7083.fna_vs_GCF_003703685.1_ASM370368v1_genomic.fna_blast.xml,0,0,0,0,0,0,0,0,6766002,0,0,1,0,0,0,287_subject_array_1739685345.bin
150053,287,H18,287.19466,6,https://ftp.ncbi.nlm.nih.gov/genomes/all/GCF/022/487/975/GCF_022487975.1_ASM2248797v1,6,287.19466.fna,GCF_022487975.1_ASM2248797v1_genomic.fna,7052281,7052281,287.19466.fna_vs_GCF_022487975.1_ASM2248797v1_genomic.fna_blast.xml,0,0,0,0,0,0,0,0,7052281,0,0,0,0,0,0,287_subject_array_1739685350.bin
150629,287,KOL14.W.495.20,287.13854,6,https://ftp.ncbi.nlm.nih.gov/genomes/all/GCF/016/622/505/GCF_016622505.1_ASM1662250v1,6,287.13854.fna,GCF_016622505.1_ASM1662250v1_genomic.fna,6547069,6547069,287.13854.fna_vs_GCF_016622505.1_ASM1662250v1_genomic.fna_blast.xml,0,0,0,0,0,0,0,0,6547069,0,0,0,0,0,0,287_subject_array_1739685355.bin
151086,287,MIN-152,287.18264,6,https://ftp.ncbi.nlm.nih.gov/genomes/all/GCF/021/460/635/GCF_021460635.1_ASM2146063v1,6,287.18264.fna,GCF_021460635.1_ASM2146063v1_genomic.fna,7195572,7195572,287.18264.fna_vs_GCF_021460635.1_ASM2146063v1_genomic.fna_blast.xml,0,0,0,0,0,0,0,0,7195572,0,0,0,0,0,0,287_subject_array_1739685360.bin
151575,287,P24,287.29209,6,https://ftp.ncbi.nlm.nih.gov/genomes/all/GCF/028/595/505/GCF_028595505.2_ASM2859550v2,6,287.29209.fna,GCF_028595505.2_ASM2859550v2_genomic.fna,6688005,6688005,287.29209.fna_vs_GCF_028595505.2_ASM2859550v2_genomic.fna_blast.xml,0,0,0,0,0,0,0,0,6688005,0,0,0,0,0,0,287_subject_array_1739685366.bin
152988,287,PaLo24,287.28410,6,https://ftp.ncbi.nlm.nih.gov/genomes/all/GCF/027/856/015/GCF_027856015.1_ASM2785601v1,6,287.28410.fna,GCF_027856015.1_ASM2785601v1_genomic.fna,6514436,6514436,287.28410.fna_vs_GCF_027856015.1_ASM2785601v1_genomic.fna_blast.xml,0,0,0,0,0,0,0,0,6514436,0,0,0,0,0,0,287_subject_array_1739685370.bin
152989,287,PaLo270,287.28400,6,https://ftp.ncbi.nlm.nih.gov/genomes/all/GCF/027/855/875/GCF_027855875.1_ASM2785587v1,6,287.28400.fna,GCF_027855875.1_ASM2785587v1_genomic.fna,6371491,6413743,287.28400.fna_vs_GCF_027855875.1_ASM2785587v1_genomic.fna_blast.xml,0,0,5,0,0,0,0,40982,6371494,0,0,182,1075,0,5,287_subject_array_1739685375.bin
153013,287,PaLo562,287.28381,6,https://ftp.ncbi.nlm.nih.gov/genomes/all/GCF/027/855/425/GCF_027855425.1_ASM2785542v1,6,287.28381.fna,GCF_027855425.1_ASM2785542v1_genomic.fna,6866501,6866501,287.28381.fna_vs_GCF_027855425.1_ASM2785542v1_genomic.fna_blast.xml,0,0,0,0,0,0,0,0,6866501,0,0,0,0,0,0,287_subject_array_1739685380.bin
154055,287,T1085,287.26027,6,https://ftp.ncbi.nlm.nih.gov/genomes/all/GCF/024/520/185/GCF_024520185.1_ASM2452018v1,6,287.26027.fna,GCF_024520185.1_ASM2452018v1_genomic.fna,7501190,7501190,287.26027.fna_vs_GCF_024520185.1_ASM2452018v1_genomic.fna_blast.xml,0,0,0,0,0,0,0,0,7501190,0,0,0,0,0,0,287_subject_array_1739685386.bin
154075,287,T3,287.14056,6,https://ftp.ncbi.nlm.nih.gov/genomes/all/GCF/016/836/415/GCF_016836415.1_T3,6,287.14056.fna,GCF_016836415.1_T3_genomic.fna,6865446,6865446,287.14056.fna_vs_GCF_016836415.1_T3_genomic.fna_blast.xml,0,0,0,0,0,0,0,4270,6861175,0,0,1,0,0,0,287_subject_array_1739685391.bin
154257,287,UTDF19-28A,287.19187,6,https://ftp.ncbi.nlm.nih.gov/genomes/all/GCF/022/117/575/GCF_022117575.1_ASM2211757v1,6,287.19187.fna,GCF_022117575.1_ASM2211757v1_genomic.fna,6443146,6443146,287.19187.fna_vs_GCF_022117575.1_ASM2211757v1_genomic.fna_blast.xml,0,0,0,0,0,0,0,0,6443146,0,0,0,0,0,0,287_subject_array_1739685396.bin
154355,287,W25637,287.5671,6,https://ftp.ncbi.nlm.nih.gov/genomes/all/GCF/002/927/035/GCF_002927035.1_ASM292703v1,6,287.5671.fna,GCF_002927035.1_ASM292703v1_genomic.fna,7301038,7301038,287.5671.fna_vs_GCF_002927035.1_ASM292703v1_genomic.fna_blast.xml,0,0,0,0,0,0,0,0,7301038,0,0,0,0,0,0,287_subject_array_1739685401.bin
154662,287,WTJH43,287.26558,6,https://ftp.ncbi.nlm.nih.gov/genomes/all/GCF/025/336/565/GCF_025336565.1_ASM2533656v1,6,287.26558.fna,GCF_025336565.1_ASM2533656v1_genomic.fna,7767176,7767176,287.26558.fna_vs_GCF_025336565.1_ASM2533656v1_genomic.fna_blast.xml,0,0,0,0,0,0,0,0,7767176,0,0,0,0,0,0,287_subject_array_1739685408.bin
154699,287,ZBX-P25,287.14393,6,https://ftp.ncbi.nlm.nih.gov/genomes/all/GCF/017/693/455/GCF_017693455.1_ASM1769345v1,6,287.14393.fna,GCF_017693455.1_ASM1769345v1_genomic.fna,7140163,7140163,287.14393.fna_vs_GCF_017693455.1_ASM1769345v1_genomic.fna_blast.xml,0,0,0,0,0,0,0,0,7140163,0,0,0,0,0,0,287_subject_array_1739685413.bin
154708,287,ZPPH1,287.18413,6,https://ftp.ncbi.nlm.nih.gov/genomes/all/GCF/019/857/485/GCF_019857485.1_ASM1985748v1,6,287.18413.fna,GCF_019857485.1_ASM1985748v1_genomic.fna,6803847,6803847,287.18413.fna_vs_GCF_019857485.1_ASM1985748v1_genomic.fna_blast.xml,0,0,0,0,0,0,0,0,6803847,0,0,0,0,0,0,287_subject_array_1739685419.bin
154712,287,ZPPH33,287.18409,6,https://ftp.ncbi.nlm.nih.gov/genomes/all/GCF/019/857/405/GCF_019857405.1_ASM1985740v1,6,287.18409.fna,GCF_019857405.1_ASM1985740v1_genomic.fna,6784400,6784400,287.18409.fna_vs_GCF_019857405.1_ASM1985740v1_genomic.fna_blast.xml,0,0,0,0,0,0,0,0,6784400,0,0,0,0,0,0,287_subject_array_1739685424.bin
154971,2870345,SRS1,2870345.3,6,https://ftp.ncbi.nlm.nih.gov/genomes/all/GCF/026/130/205/GCF_026130205.1_ASM2613020v1,6,2870345.3.fna,GCF_026130205.1_ASM2613020v1_genomic.fna,4173562,4173562,2870345.3.fna_vs_GCF_026130205.1_ASM2613020v1_genomic.fna_blast.xml,0,0,0,0,0,0,0,0,4173562,0,0,0,0,0,0,2870345_subject_array_1739685427.bin
155035,2871171,XHP0097,2871171.11,6,https://ftp.ncbi.nlm.nih.gov/genomes/all/GCF/019/793/235/GCF_019793235.1_ASM1979323v1,6,2871171.11.fna,GCF_019793235.1_ASM1979323v1_genomic.fna,3073368,3073368,2871171.11.fna_vs_GCF_019793235.1_ASM1979323v1_genomic.fna_blast.xml,0,0,0,0,0,0,0,0,3073368,0,0,0,0,0,0,2871171_subject_array_1739685429.bin
155088,2873264,NBU2970,2873264.11,6,https://ftp.ncbi.nlm.nih.gov/genomes/all/GCF/019/880/545/GCF_019880545.1_ASM1988054v1,6,2873264.11.fna,GCF_019880545.1_ASM1988054v1_genomic.fna,3199031,3199031,2873264.11.fna_vs_GCF_019880545.1_ASM1988054v1_genomic.fna_blast.xml,0,0,0,0,0,0,0,0,3199031,0,0,0,0,0,0,2873264_subject_array_1739685431.bin
155177,2876028,ECL352,2876028.11,6,https://ftp.ncbi.nlm.nih.gov/genomes/all/GCF/020/149/545/GCF_020149545.1_ASM2014954v1,6,2876028.11.fna,GCF_020149545.1_ASM2014954v1_genomic.fna,4958769,4958769,2876028.11.fna_vs_GCF_020149545.1_ASM2014954v1_genomic.fna_blast.xml,0,0,0,0,0,0,0,0,4958769,0,0,0,0,0,0,2876028_subject_array_1739685435.bin
155243,2876777,RSS_NA_20,2876777.9,6,https://ftp.ncbi.nlm.nih.gov/genomes/all/GCF/020/165/915/GCF_020165915.1_ASM2016591v1,6,2876777.9.fna,GCF_020165915.1_ASM2016591v1_genomic.fna,3722692,3722692,2876777.9.fna_vs_GCF_020165915.1_ASM2016591v1_genomic.fna_blast.xml,0,0,0,0,0,0,1,0,3722691,0,0,0,0,0,0,2876777_subject_array_1739685438.bin
155271,2878150,Lep1P3,2878150.5,6,https://ftp.ncbi.nlm.nih.gov/genomes/all/GCF/022/879/595/GCF_022879595.1_ASM2287959v1,6,2878150.5.fna,GCF_022879595.1_ASM2287959v1_genomic.fna,6178487,6178487,2878150.5.fna_vs_GCF_022879595.1_ASM2287959v1_genomic.fna_blast.xml,0,0,0,0,0,0,1,0,6178486,0,0,0,0,0,0,2878150_subject_array_1739685443.bin
155304,2878854,JKS002660,2878854.3,6,https://ftp.ncbi.nlm.nih.gov/genomes/all/GCF/023/566/315/GCF_023566315.1_ASM2356631v1,6,2878854.3.fna,GCF_023566315.1_ASM2356631v1_genomic.fna,786541,786541,2878854.3.fna_vs_GCF_023566315.1_ASM2356631v1_genomic.fna_blast.xml,0,0,0,0,0,0,0,0,786541,0,0,0,0,0,0,2878854_subject_array_1739685444.bin
155316,2879119,aApi_AU,2879119.3,6,https://ftp.ncbi.nlm.nih.gov/genomes/all/GCF/029/906/405/GCF_029906405.1_ASM2990640v1,6,2879119.3.fna,GCF_029906405.1_ASM2990640v1_genomic.fna,3274406,3274406,2879119.3.fna_vs_GCF_029906405.1_ASM2990640v1_genomic.fna_blast.xml,0,0,0,0,0,0,0,0,3274406,0,0,0,0,0,0,2879119_subject_array_1739685446.bin
155409,2883127,DSM 110093,2883127.5,6,https://ftp.ncbi.nlm.nih.gov/genomes/all/GCF/022/788/715/GCF_022788715.1_ASM2278871v1,6,2883127.5.fna,GCF_022788715.1_ASM2278871v1_genomic.fna,4340034,4340034,2883127.5.fna_vs_GCF_022788715.1_ASM2278871v1_genomic.fna_blast.xml,0,0,0,0,0,0,0,0,4340034,0,0,0,0,0,0,2883127_subject_array_1739685449.bin
155445,2883241,4D117,2883241.7,6,https://ftp.ncbi.nlm.nih.gov/genomes/all/GCF/021/390/645/GCF_021390645.1_ASM2139064v1,6,2883241.7.fna,GCF_021390645.1_ASM2139064v1_genomic.fna,9002095,9002095,2883241.7.fna_vs_GCF_021390645.1_ASM2139064v1_genomic.fna_blast.xml,0,0,0,0,0,0,0,0,9002095,0,0,0,0,0,0,2883241_subject_array_1739685456.bin
155557,288681,E33L,288681.22,6,https://ftp.ncbi.nlm.nih.gov/genomes/all/GCF/000/833/045/GCF_000833045.1_ASM83304v1,6,288681.22.fna,GCF_000833045.1_ASM83304v1_genomic.fna,5846781,5846781,288681.22.fna_vs_GCF_000833045.1_ASM83304v1_genomic.fna_blast.xml,0,0,0,0,0,0,0,0,5846781,0,0,0,0,0,0,288681_subject_array_1739685460.bin
155615,28898,ATCC 51209,28898.29,6,https://ftp.ncbi.nlm.nih.gov/genomes/all/GCF/002/080/395/GCF_002080395.1_ASM208039v1,6,28898.29.fna,GCF_002080395.1_ASM208039v1_genomic.fna,1871495,1871495,28898.29.fna_vs_GCF_002080395.1_ASM208039v1_genomic.fna_blast.xml,0,0,0,0,0,0,0,0,1871495,0,0,0,0,0,0,28898_subject_array_1739685462.bin
155780,28901,2,28901.17583,6,https://ftp.ncbi.nlm.nih.gov/genomes/all/GCF/023/330/905/GCF_023330905.1_ASM2333090v1,6,28901.17583.fna,GCF_023330905.1_ASM2333090v1_genomic.fna,5382329,5382329,28901.17583.fna_vs_GCF_023330905.1_ASM2333090v1_genomic.fna_blast.xml,0,0,0,0,0,0,0,0,5382329,0,0,0,0,0,0,28901_subject_array_1739685466.bin
155974,28901,B82,28901.20626,6,https://ftp.ncbi.nlm.nih.gov/genomes/all/GCF/032/337/235/GCF_032337235.1_ASM3233723v1,6,28901.20626.fna,GCF_032337235.1_ASM3233723v1_genomic.fna,4925924,4925924,28901.20626.fna_vs_GCF_032337235.1_ASM3233723v1_genomic.fna_blast.xml,0,0,0,0,0,0,0,0,4925924,0,0,0,0,0,0,28901_subject_array_1739685469.bin
157646,28901,S10_VPH_Chula,28901.19079,6,https://ftp.ncbi.nlm.nih.gov/genomes/all/GCF/029/674/885/GCF_029674885.1_ASM2967488v1,6,28901.19079.fna,GCF_029674885.1_ASM2967488v1_genomic.fna,5115942,5115942,28901.19079.fna_vs_GCF_029674885.1_ASM2967488v1_genomic.fna_blast.xml,0,0,0,0,0,0,0,100,5115842,0,0,0,0,0,0,28901_subject_array_1739685473.bin
157653,28901,S11_VPH_Chula,28901.19078,6,https://ftp.ncbi.nlm.nih.gov/genomes/all/GCF/029/674/905/GCF_029674905.1_ASM2967490v1,6,28901.19078.fna,GCF_029674905.1_ASM2967490v1_genomic.fna,5115942,5115942,28901.19078.fna_vs_GCF_029674905.1_ASM2967490v1_genomic.fna_blast.xml,0,0,0,0,0,0,0,100,5115842,0,0,0,0,0,0,28901_subject_array_1739685477.bin
157661,28901,S12_VPH_Chula,28901.19080,6,https://ftp.ncbi.nlm.nih.gov/genomes/all/GCF/029/674/865/GCF_029674865.1_ASM2967486v1,6,28901.19080.fna,GCF_029674865.1_ASM2967486v1_genomic.fna,5115942,5115942,28901.19080.fna_vs_GCF_029674865.1_ASM2967486v1_genomic.fna_blast.xml,0,0,0,0,0,0,0,100,5115842,0,0,0,0,0,0,28901_subject_array_1739685481.bin
157690,28901,S1905,28901.18236,6,https://ftp.ncbi.nlm.nih.gov/genomes/all/GCF/024/917/195/GCF_024917195.1_ASM2491719v1,6,28901.18236.fna,GCF_024917195.1_ASM2491719v1_genomic.fna,5056896,5056896,28901.18236.fna_vs_GCF_024917195.1_ASM2491719v1_genomic.fna_blast.xml,0,0,0,0,0,0,0,0,5056896,0,0,0,0,0,0,28901_subject_array_1739685485.bin
157816,28901,SA20041605,28901.4176,6,https://ftp.ncbi.nlm.nih.gov/genomes/all/GCF/003/325/255/GCF_003325255.1_ASM332525v1,6,28901.4176.fna,GCF_003325255.1_ASM332525v1_genomic.fna,4758278,4758278,28901.4176.fna_vs_GCF_003325255.1_ASM332525v1_genomic.fna_blast.xml,0,0,0,0,0,0,0,0,4758278,0,0,0,0,0,0,28901_subject_array_1739685488.bin
157820,28901,SA20051401,28901.4168,6,https://ftp.ncbi.nlm.nih.gov/genomes/all/GCF/003/325/095/GCF_003325095.1_ASM332509v1,6,28901.4168.fna,GCF_003325095.1_ASM332509v1_genomic.fna,5152021,5152021,28901.4168.fna_vs_GCF_003325095.1_ASM332509v1_genomic.fna_blast.xml,0,0,0,0,0,0,0,0,5152021,0,0,0,0,0,0,28901_subject_array_1739685492.bin
157919,28901,SC113,28901.9966,6,https://ftp.ncbi.nlm.nih.gov/genomes/all/GCF/009/821/295/GCF_009821295.1_ASM982129v1,6,28901.9966.fna,GCF_009821295.1_ASM982129v1_genomic.fna,4968804,4968804,28901.9966.fna_vs_GCF_009821295.1_ASM982129v1_genomic.fna_blast.xml,0,0,0,0,0,0,0,0,4968802,0,1,1,0,0,0,28901_subject_array_1739685496.bin
157920,28901,SC114,28901.9964,6,https://ftp.ncbi.nlm.nih.gov/genomes/all/GCF/009/821/255/GCF_009821255.1_ASM982125v1,6,28901.9964.fna,GCF_009821255.1_ASM982125v1_genomic.fna,4968896,4968896,28901.9964.fna_vs_GCF_009821255.1_ASM982125v1_genomic.fna_blast.xml,0,0,0,0,0,0,0,0,4968895,0,0,1,0,0,0,28901_subject_array_1739685499.bin
158599,2897341,JBNU-10,2897341.5,6,https://ftp.ncbi.nlm.nih.gov/genomes/all/GCF/022/669/055/GCF_022669055.1_ASM2266905v1,6,2897341.5.fna,GCF_022669055.1_ASM2266905v1_genomic.fna,2790983,2790983,2897341.5.fna_vs_GCF_022669055.1_ASM2266905v1_genomic.fna_blast.xml,0,0,0,0,0,0,0,0,2790983,0,0,0,0,0,0,2897341_subject_array_1739685501.bin
158824,2902630,TM7-057,2902630.5,6,https://ftp.ncbi.nlm.nih.gov/genomes/all/GCF/022/828/295/GCF_022828295.1_ASM2282829v1,6,2902630.5.fna,GCF_022828295.1_ASM2282829v1_genomic.fna,758480,758480,2902630.5.fna_vs_GCF_022828295.1_ASM2282829v1_genomic.fna_blast.xml,0,0,0,0,0,0,0,0,758480,0,0,0,0,0,0,2902630_subject_array_1739685502.bin
158919,2903650,NBC_00439,2903650.3,6,https://ftp.ncbi.nlm.nih.gov/genomes/all/GCF/026/342/055/GCF_026342055.1_ASM2634205v1,6,2903650.3.fna,GCF_026342055.1_ASM2634205v1_genomic.fna,10730984,10730984,2903650.3.fna_vs_GCF_026342055.1_ASM2634205v1_genomic.fna_blast.xml,0,0,0,0,0,0,0,0,10730984,0,0,0,0,0,0,2903650_subject_array_1739685510.bin
158950,2903777,NBC_01214,2903777.3,6,https://ftp.ncbi.nlm.nih.gov/genomes/all/GCF/026/340/975/GCF_026340975.1_ASM2634097v1,6,2903777.3.fna,GCF_026340975.1_ASM2634097v1_genomic.fna,10071932,10071932,2903777.3.fna_vs_GCF_026340975.1_ASM2634097v1_genomic.fna_blast.xml,0,0,0,0,0,0,0,0,10071930,0,1,1,0,0,0,2903777_subject_array_1739685518.bin
159032,2903886,NBC_01500,2903886.3,6,https://ftp.ncbi.nlm.nih.gov/genomes/all/GCF/026/339/975/GCF_026339975.1_ASM2633997v1,6,2903886.3.fna,GCF_026339975.1_ASM2633997v1_genomic.fna,8546876,8546876,2903886.3.fna_vs_GCF_026339975.1_ASM2633997v1_genomic.fna_blast.xml,0,0,0,0,0,0,4,0,8546850,0,5,17,0,0,0,2903886_subject_array_1739685524.bin
159107,290633,621H,290633.11,6,https://ftp.ncbi.nlm.nih.gov/genomes/all/GCF/000/011/685/GCF_000011685.1_ASM1168v1,6,290633.11.fna,GCF_000011685.1_ASM1168v1_genomic.fna,2922384,2922384,290633.11.fna_vs_GCF_000011685.1_ASM1168v1_genomic.fna_blast.xml,0,0,0,0,0,0,0,0,2922384,0,0,0,0,0,0,290633_subject_array_1739685527.bin
159124,2906765,PC1,2906765.7,6,https://ftp.ncbi.nlm.nih.gov/genomes/all/GCF/021/353/155/GCF_021353155.1_ASM2135315v1,6,2906765.7.fna,GCF_021353155.1_ASM2135315v1_genomic.fna,8156051,8156051,2906765.7.fna_vs_GCF_021353155.1_ASM2135315v1_genomic.fna_blast.xml,0,0,0,0,0,0,0,0,8156051,0,0,0,0,0,0,2906765_subject_array_1739685534.bin
159167,2908205,NSE70-1,2908205.4,6,https://ftp.ncbi.nlm.nih.gov/genomes/all/GCF/023/516/455/GCF_023516455.1_ASM2351645v1,6,2908205.4.fna,GCF_023516455.1_ASM2351645v1_genomic.fna,2778408,2778408,2908205.4.fna_vs_GCF_023516455.1_ASM2351645v1_genomic.fna_blast.xml,0,0,0,0,0,0,0,0,2778408,0,0,0,0,0,0,2908205_subject_array_1739685536.bin
159221,2908637,SCLZS86,2908637.6,6,https://ftp.ncbi.nlm.nih.gov/genomes/all/GCF/021/560/715/GCF_021560715.1_ASM2156071v1,6,2908637.6.fna,GCF_021560715.1_ASM2156071v1_genomic.fna,3367472,3367472,2908637.6.fna_vs_GCF_021560715.1_ASM2156071v1_genomic.fna_blast.xml,0,0,0,0,0,0,0,0,3367472,0,0,0,0,0,0,2908637_subject_array_1739685538.bin
159441,2912629,ECL411,2912629.5,6,https://ftp.ncbi.nlm.nih.gov/genomes/all/GCF/021/869/665/GCF_021869665.1_ASM2186966v1,6,2912629.5.fna,GCF_021869665.1_ASM2186966v1_genomic.fna,5561019,5561019,2912629.5.fna_vs_GCF_021869665.1_ASM2186966v1_genomic.fna_blast.xml,0,0,0,0,0,0,0,0,5561019,0,0,0,0,0,0,2912629_subject_array_1739685543.bin
159476,2912824,Man26,2912824.5,6,https://ftp.ncbi.nlm.nih.gov/genomes/all/GCF/022/049/065/GCF_022049065.2_ASM2204906v2,6,2912824.5.fna,GCF_022049065.2_ASM2204906v2_genomic.fna,5714135,5714135,2912824.5.fna_vs_GCF_022049065.2_ASM2204906v2_genomic.fna_blast.xml,0,0,0,0,0,0,0,0,5714135,0,0,0,0,0,0,2912824_subject_array_1739685547.bin
159986,292,DWS 37UF10B-2,292.11,6,https://ftp.ncbi.nlm.nih.gov/genomes/all/GCF/000/756/845/GCF_000756845.1_BHW_1,6,292.11.fna,GCF_000756845.1_BHW_1_genomic.fna,7182032,7182132,292.11.fna_vs_GCF_000756845.1_BHW_1_genomic.fna_blast.xml,0,0,0,0,0,0,0,87,7182032,0,0,1,11,0,1,292_subject_array_1739685552.bin
160254,2921362,FSL E2-0187,2921362.3,6,https://ftp.ncbi.nlm.nih.gov/genomes/all/GCF/038/006/425/GCF_038006425.1_ASM3800642v1,6,2921362.3.fna,GCF_038006425.1_ASM3800642v1_genomic.fna,4543071,4543071,2921362.3.fna_vs_GCF_038006425.1_ASM3800642v1_genomic.fna_blast.xml,0,0,0,0,0,0,0,0,4543071,0,0,0,0,0,0,2921362_subject_array_1739685556.bin
160373,2921529,FSL M7-0110,2921529.3,6,https://ftp.ncbi.nlm.nih.gov/genomes/all/GCF/038/006/705/GCF_038006705.1_ASM3800670v1,6,2921529.3.fna,GCF_038006705.1_ASM3800670v1_genomic.fna,5843561,5843561,2921529.3.fna_vs_GCF_038006705.1_ASM3800670v1_genomic.fna_blast.xml,0,0,0,0,0,0,0,0,5843561,0,0,0,0,0,0,2921529_subject_array_1739685560.bin
160405,2921561,FSL W7-1349,2921561.3,6,https://ftp.ncbi.nlm.nih.gov/genomes/all/GCF/038/003/045/GCF_038003045.1_ASM3800304v1,6,2921561.3.fna,GCF_038003045.1_ASM3800304v1_genomic.fna,4221084,4221084,2921561.3.fna_vs_GCF_038003045.1_ASM3800304v1_genomic.fna_blast.xml,0,0,0,0,0,0,0,0,4221084,0,0,0,0,0,0,2921561_subject_array_1739685564.bin
160416,2921582,FSL R5-0680,2921582.3,6,https://ftp.ncbi.nlm.nih.gov/genomes/all/GCF/038/006/645/GCF_038006645.1_ASM3800664v1,6,2921582.3.fna,GCF_038006645.1_ASM3800664v1_genomic.fna,5399923,5399923,2921582.3.fna_vs_GCF_038006645.1_ASM3800664v1_genomic.fna_blast.xml,0,0,0,0,0,0,0,0,5399923,0,0,0,0,0,0,2921582_subject_array_1739685568.bin
160424,2921591,FSL R9-9481,2921591.3,6,https://ftp.ncbi.nlm.nih.gov/genomes/all/GCF/038/006/345/GCF_038006345.1_ASM3800634v1,6,2921591.3.fna,GCF_038006345.1_ASM3800634v1_genomic.fna,6112138,6112138,2921591.3.fna_vs_GCF_038006345.1_ASM3800634v1_genomic.fna_blast.xml,0,0,0,0,0,0,0,0,6112138,0,0,0,0,0,0,2921591_subject_array_1739685573.bin
160427,2921594,FSL R9-9834,2921594.3,6,https://ftp.ncbi.nlm.nih.gov/genomes/all/GCF/038/006/905/GCF_038006905.1_ASM3800690v1,6,2921594.3.fna,GCF_038006905.1_ASM3800690v1_genomic.fna,5750162,5750162,2921594.3.fna_vs_GCF_038006905.1_ASM3800690v1_genomic.fna_blast.xml,0,0,0,0,0,0,0,0,5750162,0,0,0,0,0,0,2921594_subject_array_1739685578.bin
160442,2921617,FSL M8-0207,2921617.3,6,https://ftp.ncbi.nlm.nih.gov/genomes/all/GCF/038/004/685/GCF_038004685.1_ASM3800468v1,6,2921617.3.fna,GCF_038004685.1_ASM3800468v1_genomic.fna,2510364,2510364,2921617.3.fna_vs_GCF_038004685.1_ASM3800468v1_genomic.fna_blast.xml,0,0,0,0,0,0,0,0,2510364,0,0,0,0,0,0,2921617_subject_array_1739685580.bin
160450,2921629,FSL P2-0536,2921629.3,6,https://ftp.ncbi.nlm.nih.gov/genomes/all/GCF/038/009/265/GCF_038009265.1_ASM3800926v1,6,2921629.3.fna,GCF_038009265.1_ASM3800926v1_genomic.fna,6919592,6919592,2921629.3.fna_vs_GCF_038009265.1_ASM3800926v1_genomic.fna_blast.xml,0,0,0,0,0,0,0,0,6919592,0,0,0,0,0,0,2921629_subject_array_1739685585.bin
160459,2921643,FSL R5-0475,2921643.3,6,https://ftp.ncbi.nlm.nih.gov/genomes/all/GCF/038/004/585/GCF_038004585.1_ASM3800458v1,6,2921643.3.fna,GCF_038004585.1_ASM3800458v1_genomic.fna,7160500,7160500,2921643.3.fna_vs_GCF_038004585.1_ASM3800458v1_genomic.fna_blast.xml,0,0,0,0,0,0,0,0,7160500,0,0,0,0,0,0,2921643_subject_array_1739685590.bin
160462,2921650,FSL R5-0585,2921650.3,6,https://ftp.ncbi.nlm.nih.gov/genomes/all/GCF/038/004/545/GCF_038004545.1_ASM3800454v1,6,2921650.3.fna,GCF_038004545.1_ASM3800454v1_genomic.fna,5679555,5679555,2921650.3.fna_vs_GCF_038004545.1_ASM3800454v1_genomic.fna_blast.xml,0,0,0,0,0,0,0,0,5679555,0,0,0,0,0,0,2921650_subject_array_1739685595.bin
160476,2921672,FSL R7-0179,2921672.3,6,https://ftp.ncbi.nlm.nih.gov/genomes/all/GCF/038/002/265/GCF_038002265.1_ASM3800226v1,6,2921672.3.fna,GCF_038002265.1_ASM3800226v1_genomic.fna,7499543,7499543,2921672.3.fna_vs_GCF_038002265.1_ASM3800226v1_genomic.fna_blast.xml,0,0,0,0,0,0,0,0,7499543,0,0,0,0,0,0,2921672_subject_array_1739685601.bin
160484,2921684,FSL R7-0340,2921684.3,6,https://ftp.ncbi.nlm.nih.gov/genomes/all/GCF/038/002/205/GCF_038002205.1_ASM3800220v1,6,2921684.3.fna,GCF_038002205.1_ASM3800220v1_genomic.fna,6171560,6171560,2921684.3.fna_vs_GCF_038002205.1_ASM3800220v1_genomic.fna_blast.xml,0,0,0,0,0,0,0,0,6171560,0,0,0,0,0,0,2921684_subject_array_1739685606.bin
160737,2926408,S6380,2926408.5,6,https://ftp.ncbi.nlm.nih.gov/genomes/all/GCF/023/015/695/GCF_023015695.1_ASM2301569v1,6,2926408.5.fna,GCF_023015695.1_ASM2301569v1_genomic.fna,3525375,3525375,2926408.5.fna_vs_GCF_023015695.1_ASM2301569v1_genomic.fna_blast.xml,0,0,0,0,0,0,0,0,3525375,0,0,0,0,0,0,2926408_subject_array_1739685608.bin
160804,2927976,Red802,2927976.6,6,https://ftp.ncbi.nlm.nih.gov/genomes/all/GCF/030/268/045/GCF_030268045.1_ASM3026804v1,6,2927976.6.fna,GCF_030268045.1_ASM3026804v1_genomic.fna,3160126,3160126,2927976.6.fna_vs_GCF_030268045.1_ASM3026804v1_genomic.fna_blast.xml,0,0,0,0,0,0,0,0,3160126,0,0,0,0,0,0,2927976_subject_array_1739685611.bin
160894,2928472,I52.16.1,2928472.5,6,https://ftp.ncbi.nlm.nih.gov/genomes/all/GCF/022/865/125/GCF_022865125.1_ASM2286512v1,6,2928472.5.fna,GCF_022865125.1_ASM2286512v1_genomic.fna,5526513,5526513,2928472.5.fna_vs_GCF_022865125.1_ASM2286512v1_genomic.fna_blast.xml,0,0,0,0,0,0,0,0,5526513,0,0,0,0,0,0,2928472_subject_array_1739685615.bin
160955,2929515,YH12068_T,2929515.4,6,https://ftp.ncbi.nlm.nih.gov/genomes/all/GCF/024/606/005/GCF_024606005.1_ASM2460600v1,6,2929515.4.fna,GCF_024606005.1_ASM2460600v1_genomic.fna,3462138,3462138,2929515.4.fna_vs_GCF_024606005.1_ASM2460600v1_genomic.fna_blast.xml,0,0,0,0,0,0,0,0,3462138,0,0,0,0,0,0,2929515_subject_array_1739685617.bin
161042,29313,P7336,29313.6,6,https://ftp.ncbi.nlm.nih.gov/genomes/all/GCF/900/417/275/GCF_900417275.1_PRJEB26812,6,29313.6.fna,GCF_900417275.1_PRJEB26812_genomic.fna,4842631,4842631,29313.6.fna_vs_GCF_900417275.1_PRJEB26812_genomic.fna_blast.xml,0,0,0,0,0,0,0,0,4842631,0,0,0,0,0,0,29313_subject_array_1739685621.bin
161177,2933588,M08DHB,2933588.4,6,https://ftp.ncbi.nlm.nih.gov/genomes/all/GCF/023/161/965/GCF_023161965.1_ASM2316196v1,6,2933588.4.fna,GCF_023161965.1_ASM2316196v1_genomic.fna,2107022,2107022,2933588.4.fna_vs_GCF_023161965.1_ASM2316196v1_genomic.fna_blast.xml,0,0,0,0,0,0,0,0,2107022,0,0,0,0,0,0,2933588_subject_array_1739685622.bin
161420,2934157,DF01-3,2934157.5,6,https://ftp.ncbi.nlm.nih.gov/genomes/all/GCF/023/051/145/GCF_023051145.1_ASM2305114v1,6,2934157.5.fna,GCF_023051145.1_ASM2305114v1_genomic.fna,5592969,5592969,2934157.5.fna_vs_GCF_023051145.1_ASM2305114v1_genomic.fna_blast.xml,0,0,0,0,0,0,0,0,5592969,0,0,0,0,0,0,2934157_subject_array_1739685626.bin
161476,2935450,10290,2935450.8,6,https://ftp.ncbi.nlm.nih.gov/genomes/all/GCF/030/295/155/GCF_030295155.1_ASM3029515v1,6,2935450.8.fna,GCF_030295155.1_ASM3029515v1_genomic.fna,5851555,5851555,2935450.8.fna_vs_GCF_030295155.1_ASM3029515v1_genomic.fna_blast.xml,0,0,0,0,0,0,0,0,5851555,0,0,0,0,0,0,2935450_subject_array_1739685631.bin
161722,29380,NCTC12196,29380.10,6,https://ftp.ncbi.nlm.nih.gov/genomes/all/GCF/900/458/385/GCF_900458385.1_35910_C02,6,29380.10.fna,GCF_900458385.1_35910_C02_genomic.fna,2652349,2652349,29380.10.fna_vs_GCF_900458385.1_35910_C02_genomic.fna_blast.xml,0,0,0,0,0,0,0,0,2652348,0,0,1,0,0,0,29380_subject_array_1739685633.bin
161725,29380,SY333,29380.70,6,https://ftp.ncbi.nlm.nih.gov/genomes/all/GCF/012/851/115/GCF_012851115.1_ASM1285111v1,6,29380.70.fna,GCF_012851115.1_ASM1285111v1_genomic.fna,2764332,2764332,29380.70.fna_vs_GCF_012851115.1_ASM1285111v1_genomic.fna_blast.xml,0,0,0,0,0,0,0,0,2764322,0,0,0,10,0,0,29380_subject_array_1739685635.bin
162732,29427,NJH_HI01,29427.6,6,https://ftp.ncbi.nlm.nih.gov/genomes/all/GCF/039/645/105/GCF_039645105.1_ASM3964510v1,6,29427.6.fna,GCF_039645105.1_ASM3964510v1_genomic.fna,6542183,6542183,29427.6.fna_vs_GCF_039645105.1_ASM3964510v1_genomic.fna_blast.xml,0,0,0,0,0,0,0,0,6542183,0,0,0,0,0,0,29427_subject_array_1739685640.bin
162785,29430,NCTC10305,29430.62,6,https://ftp.ncbi.nlm.nih.gov/genomes/all/GCF/900/444/835/GCF_900444835.1_51699_D01,6,29430.62.fna,GCF_900444835.1_51699_D01_genomic.fna,3598237,3598237,29430.62.fna_vs_GCF_900444835.1_51699_D01_genomic.fna_blast.xml,0,0,0,0,0,0,0,0,3598236,0,0,1,0,0,0,29430_subject_array_1739685643.bin
162873,29447,USA048,29447.16,6,https://ftp.ncbi.nlm.nih.gov/genomes/all/GCF/000/963/145/GCF_000963145.1_Xal-USA048-G1,6,29447.16.fna,GCF_000963145.1_Xal-USA048-G1_genomic.fna,3582037,3582037,29447.16.fna_vs_GCF_000963145.1_Xal-USA048-G1_genomic.fna_blast.xml,0,0,2,0,0,0,0,10136,3571726,0,0,23,150,0,0,29447_subject_array_1739685646.bin
162879,29447,XaFL07-1,29447.18,6,https://ftp.ncbi.nlm.nih.gov/genomes/all/GCF/000/963/195/GCF_000963195.1_Xal-XaFL07_1-G1,6,29447.18.fna,GCF_000963195.1_Xal-XaFL07_1-G1_genomic.fna,3798951,3798951,29447.18.fna_vs_GCF_000963195.1_Xal-XaFL07_1-G1_genomic.fna_blast.xml,0,0,0,0,0,0,1,11332,3787355,0,0,25,238,0,0,29447_subject_array_1739685649.bin
162938,29449,NXC12,29449.24,6,https://ftp.ncbi.nlm.nih.gov/genomes/all/GCF/002/119/845/GCF_002119845.1_ASM211984v1,6,29449.24.fna,GCF_002119845.1_ASM211984v1_genomic.fna,6756853,6756853,29449.24.fna_vs_GCF_002119845.1_ASM211984v1_genomic.fna_blast.xml,0,0,0,0,0,0,0,0,6756853,0,0,0,0,0,0,29449_subject_array_1739685654.bin
163324,29472,B82,29472.24,6,https://ftp.ncbi.nlm.nih.gov/genomes/all/GCF/030/980/015/GCF_030980015.1_ASM3098001v1,6,29472.24.fna,GCF_030980015.1_ASM3098001v1_genomic.fna,4925924,4925924,29472.24.fna_vs_GCF_030980015.1_ASM3098001v1_genomic.fna_blast.xml,0,0,0,0,0,0,0,0,4925924,0,0,0,0,0,0,29472_subject_array_1739685657.bin
163868,2949815,PROV099,2949815.4,6,https://ftp.ncbi.nlm.nih.gov/genomes/all/GCF/032/707/925/GCF_032707925.1_ASM3270792v1,6,2949815.4.fna,GCF_032707925.1_ASM3270792v1_genomic.fna,4931635,4931635,2949815.4.fna_vs_GCF_032707925.1_ASM3270792v1_genomic.fna_blast.xml,0,0,0,0,0,0,0,0,4931635,0,0,0,0,0,0,2949815_subject_array_1739685661.bin
164112,295105,MC1,295105.3,6,https://ftp.ncbi.nlm.nih.gov/genomes/all/GCF/015/770/475/GCF_015770475.1_ASM1577047v1,6,295105.3.fna,GCF_015770475.1_ASM1577047v1_genomic.fna,10167114,10167114,295105.3.fna_vs_GCF_015770475.1_ASM1577047v1_genomic.fna_blast.xml,0,0,0,0,0,0,0,3339,10163771,0,0,0,4,0,0,295105_subject_array_1739685668.bin
164240,2952158,CAU 1638,2952158.5,6,https://ftp.ncbi.nlm.nih.gov/genomes/all/GCF/024/320/785/GCF_024320785.1_ASM2432078v1,6,2952158.5.fna,GCF_024320785.1_ASM2432078v1_genomic.fna,3567459,3567459,2952158.5.fna_vs_GCF_024320785.1_ASM2432078v1_genomic.fna_blast.xml,0,0,0,0,0,0,0,200,3567259,0,0,0,0,0,0,2952158_subject_array_1739685671.bin
164426,2954520,FSL P4-0334,2954520.3,6,https://ftp.ncbi.nlm.nih.gov/genomes/all/GCF/038/004/825/GCF_038004825.1_ASM3800482v1,6,2954520.3.fna,GCF_038004825.1_ASM3800482v1_genomic.fna,4198521,4198521,2954520.3.fna_vs_GCF_038004825.1_ASM3800482v1_genomic.fna_blast.xml,0,0,0,0,0,0,0,0,4198521,0,0,0,0,0,0,2954520_subject_array_1739685674.bin
164430,2954524,FSL L8-0696,2954524.3,6,https://ftp.ncbi.nlm.nih.gov/genomes/all/GCF/038/069/665/GCF_038069665.1_ASM3806966v1,6,2954524.3.fna,GCF_038069665.1_ASM3806966v1_genomic.fna,7241697,7475682,2954524.3.fna_vs_GCF_038069665.1_ASM3806966v1_genomic.fna_blast.xml,0,0,15,0,0,0,2,221472,7245908,0,1,507,7769,0,8,2954524_subject_array_1739685679.bin
164461,2954569,FSL K6-1305,2954569.3,6,https://ftp.ncbi.nlm.nih.gov/genomes/all/GCF/038/050/115/GCF_038050115.1_ASM3805011v1,6,2954569.3.fna,GCF_038050115.1_ASM3805011v1_genomic.fna,3963649,3963649,2954569.3.fna_vs_GCF_038050115.1_ASM3805011v1_genomic.fna_blast.xml,0,0,0,0,0,0,0,0,3963649,0,0,0,0,0,0,2954569_subject_array_1739685683.bin
164483,2954599,FSL E2-8887,2954599.3,6,https://ftp.ncbi.nlm.nih.gov/genomes/all/GCF/038/007/205/GCF_038007205.1_ASM3800720v1,6,2954599.3.fna,GCF_038007205.1_ASM3800720v1_genomic.fna,5821822,5821822,2954599.3.fna_vs_GCF_038007205.1_ASM3800720v1_genomic.fna_blast.xml,0,0,0,0,0,0,0,0,5821822,0,0,0,0,0,0,2954599_subject_array_1739685688.bin
164486,29546,Fu/JPN,29546.15,6,https://ftp.ncbi.nlm.nih.gov/genomes/all/GCF/003/312/285/GCF_003312285.1_ASM331228v1,6,29546.15.fna,GCF_003312285.1_ASM331228v1_genomic.fna,1694422,1694422,29546.15.fna_vs_GCF_003312285.1_ASM331228v1_genomic.fna_blast.xml,0,0,0,0,0,0,0,0,1694422,0,0,0,0,0,0,29546_subject_array_1739685689.bin
164487,29546,Ib2/JPN,29546.16,6,https://ftp.ncbi.nlm.nih.gov/genomes/all/GCF/003/312/305/GCF_003312305.1_ASM331230v1,6,29546.16.fna,GCF_003312305.1_ASM331230v1_genomic.fna,1693651,1693651,29546.16.fna_vs_GCF_003312305.1_ASM331230v1_genomic.fna_blast.xml,0,0,0,0,0,0,0,229,1693422,0,0,0,0,0,0,29546_subject_array_1739685690.bin
164489,29546,Ni/JPN,29546.14,6,https://ftp.ncbi.nlm.nih.gov/genomes/all/GCF/003/312/265/GCF_003312265.1_ASM331226v1,6,29546.14.fna,GCF_003312265.1_ASM331226v1_genomic.fna,1694200,1694200,29546.14.fna_vs_GCF_003312265.1_ASM331226v1_genomic.fna_blast.xml,0,0,0,0,0,0,0,0,1694200,0,0,0,0,0,0,29546_subject_array_1739685691.bin
164505,2954624,FSL W8-0519,2954624.3,6,https://ftp.ncbi.nlm.nih.gov/genomes/all/GCF/038/005/585/GCF_038005585.1_ASM3800558v1,6,2954624.3.fna,GCF_038005585.1_ASM3800558v1_genomic.fna,5878856,5878856,2954624.3.fna_vs_GCF_038005585.1_ASM3800558v1_genomic.fna_blast.xml,0,0,0,0,0,0,0,0,5878856,0,0,0,0,0,0,2954624_subject_array_1739685696.bin
164517,2954640,FSL W8-0953,2954640.3,6,https://ftp.ncbi.nlm.nih.gov/genomes/all/GCF/038/000/315/GCF_038000315.1_ASM3800031v1,6,2954640.3.fna,GCF_038000315.1_ASM3800031v1_genomic.fna,4857801,4857801,2954640.3.fna_vs_GCF_038000315.1_ASM3800031v1_genomic.fna_blast.xml,0,0,0,0,0,0,0,0,4857801,0,0,0,0,0,0,2954640_subject_array_1739685699.bin
164534,2954666,EU53,2954666.3,6,https://ftp.ncbi.nlm.nih.gov/genomes/all/GCF/038/006/505/GCF_038006505.1_ASM3800650v1,6,2954666.3.fna,GCF_038006505.1_ASM3800650v1_genomic.fna,5744453,5744453,2954666.3.fna_vs_GCF_038006505.1_ASM3800650v1_genomic.fna_blast.xml,0,0,0,0,0,0,0,0,5744453,0,0,0,0,0,0,2954666_subject_array_1739685704.bin
164582,2954754,FSL M7-0134,2954754.3,6,https://ftp.ncbi.nlm.nih.gov/genomes/all/GCF/038/007/865/GCF_038007865.1_ASM3800786v1,6,2954754.3.fna,GCF_038007865.1_ASM3800786v1_genomic.fna,6016996,6016996,2954754.3.fna_vs_GCF_038007865.1_ASM3800786v1_genomic.fna_blast.xml,0,0,0,0,0,0,0,0,6016996,0,0,0,0,0,0,2954754_subject_array_1739685708.bin
164834,29562,VS5,29562.101,6,https://ftp.ncbi.nlm.nih.gov/genomes/all/GCF/033/343/975/GCF_033343975.1_ASM3334397v1,6,29562.101.fna,GCF_033343975.1_ASM3334397v1_genomic.fna,983221,983221,29562.101.fna_vs_GCF_033343975.1_ASM3334397v1_genomic.fna_blast.xml,0,0,0,0,0,0,0,0,983221,0,0,0,0,0,0,29562_subject_array_1739685710.bin
164945,2959716,FT118,2959716.5,6,https://ftp.ncbi.nlm.nih.gov/genomes/all/GCF/024/158/125/GCF_024158125.1_ASM2415812v1,6,2959716.5.fna,GCF_024158125.1_ASM2415812v1_genomic.fna,3397356,3397356,2959716.5.fna_vs_GCF_024158125.1_ASM2415812v1_genomic.fna_blast.xml,0,0,0,0,0,0,0,0,3397356,0,0,0,0,0,0,2959716_subject_array_1739685712.bin
165157,296544,AO1,296544.13,6,https://ftp.ncbi.nlm.nih.gov/genomes/all/GCF/024/349/785/GCF_024349785.1_ASM2434978v1,6,296544.13.fna,GCF_024349785.1_ASM2434978v1_genomic.fna,5209012,5209012,296544.13.fna_vs_GCF_024349785.1_ASM2434978v1_genomic.fna_blast.xml,0,0,0,0,0,0,0,0,5209012,0,0,0,0,0,0,296544_subject_array_1739685716.bin
165166,2966451,SG12,2966451.7,6,https://ftp.ncbi.nlm.nih.gov/genomes/all/GCF/024/609/325/GCF_024609325.1_ASM2460932v1,6,2966451.7.fna,GCF_024609325.1_ASM2460932v1_genomic.fna,3318792,3318792,2966451.7.fna_vs_GCF_024609325.1_ASM2460932v1_genomic.fna_blast.xml,0,0,0,0,0,0,0,0,3318792,0,0,0,0,0,0,2966451_subject_array_1739685718.bin
165167,2966453,YS9,2966453.4,6,https://ftp.ncbi.nlm.nih.gov/genomes/all/GCF/024/628/725/GCF_024628725.1_ASM2462872v1,6,2966453.4.fna,GCF_024628725.1_ASM2462872v1_genomic.fna,4297788,4297788,2966453.4.fna_vs_GCF_024628725.1_ASM2462872v1_genomic.fna_blast.xml,0,0,0,0,0,0,0,0,4297788,0,0,0,0,0,0,2966453_subject_array_1739685721.bin
165199,296842,DSM 3852,296842.5,6,https://ftp.ncbi.nlm.nih.gov/genomes/all/GCF/004/135/975/GCF_004135975.1_ASM413597v1,6,296842.5.fna,GCF_004135975.1_ASM413597v1_genomic.fna,4688868,4688868,296842.5.fna_vs_GCF_004135975.1_ASM413597v1_genomic.fna_blast.xml,0,0,0,0,0,0,0,0,4688868,0,0,0,0,0,0,296842_subject_array_1739685726.bin
165363,2972484,CB1,2972484.4,6,https://ftp.ncbi.nlm.nih.gov/genomes/all/GCF/024/752/025/GCF_024752025.1_ASM2475202v1,6,2972484.4.fna,GCF_024752025.1_ASM2475202v1_genomic.fna,2649658,2649658,2972484.4.fna_vs_GCF_024752025.1_ASM2475202v1_genomic.fna_blast.xml,0,0,0,0,0,0,0,0,2649658,0,0,0,0,0,0,2972484_subject_array_1739685728.bin
165497,2975338,FSL W8-0954,2975338.3,6,https://ftp.ncbi.nlm.nih.gov/genomes/all/GCF/038/005/605/GCF_038005605.1_ASM3800560v1,6,2975338.3.fna,GCF_038005605.1_ASM3800560v1_genomic.fna,5330059,5330059,2975338.3.fna_vs_GCF_038005605.1_ASM3800560v1_genomic.fna_blast.xml,0,0,0,0,0,0,0,0,5330059,0,0,0,0,0,0,2975338_subject_array_1739685732.bin
165603,2975647,NBC_00083,2975647.3,6,https://ftp.ncbi.nlm.nih.gov/genomes/all/GCF/026/343/295/GCF_026343295.1_ASM2634329v1,6,2975647.3.fna,GCF_026343295.1_ASM2634329v1_genomic.fna,7835074,7835074,2975647.3.fna_vs_GCF_026343295.1_ASM2634329v1_genomic.fna_blast.xml,0,0,0,0,0,0,1,0,7835052,0,18,3,0,0,0,2975647_subject_array_1739685741.bin
165607,2975660,NBC_00120,2975660.3,6,https://ftp.ncbi.nlm.nih.gov/genomes/all/GCF/026/343/055/GCF_026343055.1_ASM2634305v1,6,2975660.3.fna,GCF_026343055.1_ASM2634305v1_genomic.fna,11093703,11093703,2975660.3.fna_vs_GCF_026343055.1_ASM2634305v1_genomic.fna_blast.xml,0,0,0,0,0,0,0,0,11093701,0,0,2,0,0,0,2975660_subject_array_1739685750.bin
165609,2975664,NBC_00140,2975664.3,6,https://ftp.ncbi.nlm.nih.gov/genomes/all/GCF/026/342/975/GCF_026342975.1_ASM2634297v1,6,2975664.3.fna,GCF_026342975.1_ASM2634297v1_genomic.fna,12081447,12081447,2975664.3.fna_vs_GCF_026342975.1_ASM2634297v1_genomic.fna_blast.xml,0,0,0,0,0,0,6,0,12081412,0,1,26,2,0,0,2975664_subject_array_1739685760.bin
165612,2975670,NBC_00154,2975670.3,6,https://ftp.ncbi.nlm.nih.gov/genomes/all/GCF/026/342/835/GCF_026342835.1_ASM2634283v1,6,2975670.3.fna,GCF_026342835.1_ASM2634283v1_genomic.fna,10389492,10389492,2975670.3.fna_vs_GCF_026342835.1_ASM2634283v1_genomic.fna_blast.xml,0,0,0,0,0,0,0,0,10389492,0,0,0,0,0,0,2975670_subject_array_1739685769.bin
165616,2975677,NBC_00198,2975677.3,6,https://ftp.ncbi.nlm.nih.gov/genomes/all/GCF/026/342/575/GCF_026342575.1_ASM2634257v1,6,2975677.3.fna,GCF_026342575.1_ASM2634257v1_genomic.fna,9114783,9114783,2975677.3.fna_vs_GCF_026342575.1_ASM2634257v1_genomic.fna_blast.xml,0,0,0,0,0,0,0,0,9114783,0,0,0,0,0,0,2975677_subject_array_1739685775.bin
165717,2975854,NBC_00878,2975854.3,6,https://ftp.ncbi.nlm.nih.gov/genomes/all/GCF/026/341/515/GCF_026341515.1_ASM2634151v1,6,2975854.3.fna,GCF_026341515.1_ASM2634151v1_genomic.fna,11124787,11124787,2975854.3.fna_vs_GCF_026341515.1_ASM2634151v1_genomic.fna_blast.xml,0,0,0,0,0,0,0,0,11124785,0,1,1,0,0,0,2975854_subject_array_1739685786.bin
165721,2975866,NBC_01426,2975866.3,6,https://ftp.ncbi.nlm.nih.gov/genomes/all/GCF/036/231/985/GCF_036231985.1_ASM3623198v1,6,2975866.3.fna,GCF_036231985.1_ASM3623198v1_genomic.fna,9564772,9564772,2975866.3.fna_vs_GCF_036231985.1_ASM3623198v1_genomic.fna_blast.xml,0,0,0,0,0,0,0,0,9564772,0,0,0,0,0,0,2975866_subject_array_1739685793.bin
165733,2975901,NBC_01619,2975901.3,6,https://ftp.ncbi.nlm.nih.gov/genomes/all/GCF/026/339/835/GCF_026339835.1_ASM2633983v1,6,2975901.3.fna,GCF_026339835.1_ASM2633983v1_genomic.fna,8636431,8636431,2975901.3.fna_vs_GCF_026339835.1_ASM2633983v1_genomic.fna_blast.xml,0,0,0,0,0,0,0,0,8636430,0,0,1,0,0,0,2975901_subject_array_1739685799.bin
165758,2975937,NBC_01767,2975937.3,6,https://ftp.ncbi.nlm.nih.gov/genomes/all/GCF/026/339/515/GCF_026339515.1_ASM2633951v1,6,2975937.3.fna,GCF_026339515.1_ASM2633951v1_genomic.fna,10567087,10567087,2975937.3.fna_vs_GCF_026339515.1_ASM2633951v1_genomic.fna_blast.xml,0,0,0,0,0,0,2,0,10567082,0,0,3,0,0,0,2975937_subject_array_1739685808.bin
165762,2975941,NBC_01789,2975941.3,6,https://ftp.ncbi.nlm.nih.gov/genomes/all/GCF/026/339/475/GCF_026339475.1_ASM2633947v1,6,2975941.3.fna,GCF_026339475.1_ASM2633947v1_genomic.fna,7975079,7975079,2975941.3.fna_vs_GCF_026339475.1_ASM2633947v1_genomic.fna_blast.xml,0,0,0,0,0,0,0,0,7975078,0,1,0,0,0,0,2975941_subject_array_1739685813.bin
165965,2979330,HY761,2979330.3,6,https://ftp.ncbi.nlm.nih.gov/genomes/all/GCF/026/743/145/GCF_026743145.1_ASM2674314v1,6,2979330.3.fna,GCF_026743145.1_ASM2674314v1_genomic.fna,3685144,3685144,2979330.3.fna_vs_GCF_026743145.1_ASM2674314v1_genomic.fna_blast.xml,0,0,0,0,0,0,0,0,3685144,0,0,0,0,0,0,2979330_subject_array_1739685816.bin
165974,2979467,WTD-1,2979467.3,6,https://ftp.ncbi.nlm.nih.gov/genomes/all/GCF/030/128/825/GCF_030128825.1_ASM3012882v1,6,2979467.3.fna,GCF_030128825.1_ASM3012882v1_genomic.fna,5674265,5674265,2979467.3.fna_vs_GCF_030128825.1_ASM3012882v1_genomic.fna_blast.xml,0,0,0,0,0,0,0,0,5674265,0,0,0,0,0,0,2979467_subject_array_1739685821.bin
166530,2989821,BT-65,2989821.3,6,https://ftp.ncbi.nlm.nih.gov/genomes/all/GCF/026/107/375/GCF_026107375.2_ASM2610737v2,6,2989821.3.fna,GCF_026107375.2_ASM2610737v2_genomic.fna,4077375,4077375,2989821.3.fna_vs_GCF_026107375.2_ASM2610737v2_genomic.fna_blast.xml,0,0,0,0,0,0,0,0,4077375,0,0,0,0,0,0,2989821_subject_array_1739685824.bin
166635,2991730,KA12,2991730.3,6,https://ftp.ncbi.nlm.nih.gov/genomes/all/GCF/029/125/965/GCF_029125965.1_ASM2912596v1,6,2991730.3.fna,GCF_029125965.1_ASM2912596v1_genomic.fna,7443908,7443908,2991730.3.fna_vs_GCF_029125965.1_ASM2912596v1_genomic.fna_blast.xml,0,0,0,0,0,0,0,0,7443908,0,0,0,0,0,0,2991730_subject_array_1739685829.bin
166810,2994951,AMEEHan,2994951.6,6,https://ftp.ncbi.nlm.nih.gov/genomes/all/GCF/030/996/345/GCF_030996345.1_ASM3099634v1,6,2994951.6.fna,GCF_030996345.1_ASM3099634v1_genomic.fna,2630391,2630391,2994951.6.fna_vs_GCF_030996345.1_ASM3099634v1_genomic.fna_blast.xml,0,0,0,0,0,0,0,0,2630391,0,0,0,0,0,0,2994951_subject_array_1739685831.bin
166829,2995153,SL95,2995153.3,6,https://ftp.ncbi.nlm.nih.gov/genomes/all/GCF/026/672/425/GCF_026672425.1_ASM2667242v1,6,2995153.3.fna,GCF_026672425.1_ASM2667242v1_genomic.fna,5035802,5035802,2995153.3.fna_vs_GCF_026672425.1_ASM2667242v1_genomic.fna_blast.xml,0,0,0,0,0,0,0,0,5035802,0,0,0,0,0,0,2995153_subject_array_1739685835.bin
166958,299766,08-175,299766.119,6,https://ftp.ncbi.nlm.nih.gov/genomes/all/GCF/019/355/415/GCF_019355415.1_ASM1935541v1,6,299766.119.fna,GCF_019355415.1_ASM1935541v1_genomic.fna,5097404,5097404,299766.119.fna_vs_GCF_019355415.1_ASM1935541v1_genomic.fna_blast.xml,0,0,0,0,0,0,0,0,5097404,0,0,0,0,0,0,299766_subject_array_1739685839.bin
167118,299767,54A:C,299767.371,6,https://ftp.ncbi.nlm.nih.gov/genomes/all/GCF/031/875/345/GCF_031875345.1_ASM3187534v1,6,299767.371.fna,GCF_031875345.1_ASM3187534v1_genomic.fna,5271402,5271402,299767.371.fna_vs_GCF_031875345.1_ASM3187534v1_genomic.fna_blast.xml,0,0,0,0,0,0,0,0,5271402,0,0,0,0,0,0,299767_subject_array_1739685843.bin
167135,299767,BIDMC121,299767.183,6,https://ftp.ncbi.nlm.nih.gov/genomes/all/GCF/014/903/995/GCF_014903995.1_ASM1490399v1,6,299767.183.fna,GCF_014903995.1_ASM1490399v1_genomic.fna,5224129,5224129,299767.183.fna_vs_GCF_014903995.1_ASM1490399v1_genomic.fna_blast.xml,0,0,0,0,0,0,0,27666,5196444,0,0,1,18,0,0,299767_subject_array_1739685847.bin
167144,299767,CM-TZ4,299767.310,6,https://ftp.ncbi.nlm.nih.gov/genomes/all/GCF/028/198/205/GCF_028198205.1_ASM2819820v1,6,299767.310.fna,GCF_028198205.1_ASM2819820v1_genomic.fna,5537088,5711988,299767.310.fna_vs_GCF_028198205.1_ASM2819820v1_genomic.fna_blast.xml,0,0,1,0,0,0,1,158219,5550588,0,0,216,2962,0,1,299767_subject_array_1739685851.bin
167186,299767,I9455333cz,299767.334,6,https://ftp.ncbi.nlm.nih.gov/genomes/all/GCF/029/834/565/GCF_029834565.1_ASM2983456v1,6,299767.334.fna,GCF_029834565.1_ASM2983456v1_genomic.fna,5394274,5394274,299767.334.fna_vs_GCF_029834565.1_ASM2983456v1_genomic.fna_blast.xml,0,0,0,0,0,0,0,0,5394274,0,0,0,0,0,0,299767_subject_array_1739685855.bin
167221,2997908,LB-31,2997908.3,6,https://ftp.ncbi.nlm.nih.gov/genomes/all/GCF/026/719/705/GCF_026719705.1_ASM2671970v1,6,2997908.3.fna,GCF_026719705.1_ASM2671970v1_genomic.fna,3545352,3545352,2997908.3.fna_vs_GCF_026719705.1_ASM2671970v1_genomic.fna_blast.xml,0,0,0,0,0,0,0,202,3545150,0,0,0,0,0,0,2997908_subject_array_1739685858.bin
167284,2999064,YH-aer221,2999064.3,6,https://ftp.ncbi.nlm.nih.gov/genomes/all/GCF/026/805/525/GCF_026805525.1_ASM2680552v1,6,2999064.3.fna,GCF_026805525.1_ASM2680552v1_genomic.fna,1586620,1586620,2999064.3.fna_vs_GCF_026805525.1_ASM2680552v1_genomic.fna_blast.xml,0,0,0,0,0,0,0,100,1586520,0,0,0,0,0,0,2999064_subject_array_1739685859.bin
167531,3004092,HUAS 3-15,3004092.3,6,https://ftp.ncbi.nlm.nih.gov/genomes/all/GCF/027/627/435/GCF_027627435.1_ASM2762743v1,6,3004092.3.fna,GCF_027627435.1_ASM2762743v1_genomic.fna,9155765,9155765,3004092.3.fna_vs_GCF_027627435.1_ASM2762743v1_genomic.fna_blast.xml,0,0,0,0,0,0,0,0,9155765,0,0,0,0,0,0,3004092_subject_array_1739685866.bin
167567,300560,KCTC 19046,300560.7,6,https://ftp.ncbi.nlm.nih.gov/genomes/all/GCF/013/149/785/GCF_013149785.1_ASM1314978v1,6,300560.7.fna,GCF_013149785.1_ASM1314978v1_genomic.fna,3968934,3968934,300560.7.fna_vs_GCF_013149785.1_ASM1314978v1_genomic.fna_blast.xml,0,0,0,0,0,0,0,97,3968837,0,0,0,0,0,0,300560_subject_array_1739685869.bin
167728,3015952,21OH12SH02A-Citro,3015952.3,6,https://ftp.ncbi.nlm.nih.gov/genomes/all/GCF/027/919/895/GCF_027919895.1_ASM2791989v1,6,3015952.3.fna,GCF_027919895.1_ASM2791989v1_genomic.fna,5344935,5344935,3015952.3.fna_vs_GCF_027919895.1_ASM2791989v1_genomic.fna_blast.xml,0,0,0,0,0,0,0,0,5344935,0,0,0,0,0,0,3015952_subject_array_1739685873.bin
167762,3016106,WMMD1120,3016106.3,6,https://ftp.ncbi.nlm.nih.gov/genomes/all/GCF/029/626/235/GCF_029626235.1_ASM2962623v1,6,3016106.3.fna,GCF_029626235.1_ASM2962623v1_genomic.fna,7152597,7152597,3016106.3.fna_vs_GCF_029626235.1_ASM2962623v1_genomic.fna_blast.xml,0,0,0,0,0,0,0,0,7152597,0,0,0,0,0,0,3016106_subject_array_1739685878.bin
167950,3019933,INRA P1JP1A,3019933.6,6,https://ftp.ncbi.nlm.nih.gov/genomes/all/GCF/036/936/805/GCF_036936805.1_ASM3693680v1,6,3019933.6.fna,GCF_036936805.1_ASM3693680v1_genomic.fna,8089645,8089645,3019933.6.fna_vs_GCF_036936805.1_ASM3693680v1_genomic.fna_blast.xml,0,0,0,0,0,0,0,0,8089645,0,0,0,0,0,0,3019933_subject_array_1739685884.bin
167951,3019933,TP25,3019933.5,6,https://ftp.ncbi.nlm.nih.gov/genomes/all/GCF/035/964/835/GCF_035964835.1_ASM3596483v1,6,3019933.5.fna,GCF_035964835.1_ASM3596483v1_genomic.fna,7527690,7527690,3019933.5.fna_vs_GCF_035964835.1_ASM3596483v1_genomic.fna_blast.xml,0,0,0,0,0,0,0,0,7527690,0,0,0,0,0,0,3019933_subject_array_1739685891.bin
167952,3019933,TP5,3019933.4,6,https://ftp.ncbi.nlm.nih.gov/genomes/all/GCF/035/923/665/GCF_035923665.1_ASM3592366v1,6,3019933.4.fna,GCF_035923665.1_ASM3592366v1_genomic.fna,7540545,7540545,3019933.4.fna_vs_GCF_035923665.1_ASM3592366v1_genomic.fna_blast.xml,0,0,0,0,0,0,0,0,7540545,0,0,0,0,0,0,3019933_subject_array_1739685897.bin
168075,3023084,GPGPB33,3023084.3,6,https://ftp.ncbi.nlm.nih.gov/genomes/all/GCF/037/853/785/GCF_037853785.1_ASM3785378v1,6,3023084.3.fna,GCF_037853785.1_ASM3785378v1_genomic.fna,2733379,2733379,3023084.3.fna_vs_GCF_037853785.1_ASM3785378v1_genomic.fna_blast.xml,0,0,0,0,0,0,0,0,2733379,0,0,0,0,0,0,3023084_subject_array_1739685899.bin
168649,3030833,M216,3030833.3,6,https://ftp.ncbi.nlm.nih.gov/genomes/all/GCF/030/238/305/GCF_030238305.1_ASM3023830v1,6,3030833.3.fna,GCF_030238305.1_ASM3023830v1_genomic.fna,4170275,4170275,3030833.3.fna_vs_GCF_030238305.1_ASM3023830v1_genomic.fna_blast.xml,0,0,0,0,0,0,0,200,4170075,0,0,0,0,0,0,3030833_subject_array_1739685902.bin
168885,3035471,S2,3035471.4,6,https://ftp.ncbi.nlm.nih.gov/genomes/all/GCF/029/581/395/GCF_029581395.1_ASM2958139v1,6,3035471.4.fna,GCF_029581395.1_ASM2958139v1_genomic.fna,4445845,4445845,3035471.4.fna_vs_GCF_029581395.1_ASM2958139v1_genomic.fna_blast.xml,0,0,0,0,0,0,0,0,4445845,0,0,0,0,0,0,3035471_subject_array_1739685905.bin
168984,3038552,LP006,3038552.3,6,https://ftp.ncbi.nlm.nih.gov/genomes/all/GCF/031/450/995/GCF_031450995.1_ASM3145099v1,6,3038552.3.fna,GCF_031450995.1_ASM3145099v1_genomic.fna,7117475,7117475,3038552.3.fna_vs_GCF_031450995.1_ASM3145099v1_genomic.fna_blast.xml,0,0,0,0,0,0,0,0,7117475,0,0,0,0,0,0,3038552_subject_array_1739685910.bin
168985,3038553,LZ001,3038553.3,6,https://ftp.ncbi.nlm.nih.gov/genomes/all/GCF/031/450/875/GCF_031450875.1_ASM3145087v1,6,3038553.3.fna,GCF_031450875.1_ASM3145087v1_genomic.fna,8964108,8964108,3038553.3.fna_vs_GCF_031450875.1_ASM3145087v1_genomic.fna_blast.xml,0,0,0,0,0,0,0,0,8964108,0,0,0,0,0,0,3038553_subject_array_1739685917.bin
169170,3041495,ELA7,3041495.3,6,https://ftp.ncbi.nlm.nih.gov/genomes/all/GCF/030/182/585/GCF_030182585.1_ASM3018258v1,6,3041495.3.fna,GCF_030182585.1_ASM3018258v1_genomic.fna,3626636,3626636,3041495.3.fna_vs_GCF_030182585.1_ASM3018258v1_genomic.fna_blast.xml,0,0,0,0,0,0,0,0,3626636,0,0,0,0,0,0,3041495_subject_array_1739685920.bin
169233,3042282,V4I23,3042282.3,6,https://ftp.ncbi.nlm.nih.gov/genomes/all/GCF/030/817/975/GCF_030817975.1_ASM3081797v1,6,3042282.3.fna,GCF_030817975.1_ASM3081797v1_genomic.fna,8638746,8638746,3042282.3.fna_vs_GCF_030817975.1_ASM3081797v1_genomic.fna_blast.xml,0,0,0,0,0,0,0,0,8638746,0,0,0,0,0,0,3042282_subject_array_1739685926.bin
169382,3046208,G-O1,3046208.3,6,https://ftp.ncbi.nlm.nih.gov/genomes/all/GCF/030/063/305/GCF_030063305.1_ASM3006330v1,6,3046208.3.fna,GCF_030063305.1_ASM3006330v1_genomic.fna,3143343,3143343,3046208.3.fna_vs_GCF_030063305.1_ASM3006330v1_genomic.fna_blast.xml,0,0,0,0,0,0,0,0,3143343,0,0,0,0,0,0,3046208_subject_array_1739685929.bin
169547,3048005,WJH001,3048005.3,6,https://ftp.ncbi.nlm.nih.gov/genomes/all/GCF/030/070/105/GCF_030070105.1_ASM3007010v1,6,3048005.3.fna,GCF_030070105.1_ASM3007010v1_genomic.fna,3617977,3617977,3048005.3.fna_vs_GCF_030070105.1_ASM3007010v1_genomic.fna_blast.xml,0,0,0,0,0,0,0,488,3617489,0,0,0,0,0,0,3048005_subject_array_1739685932.bin
169946,3053466,HUAS CB01,3053466.8,6,https://ftp.ncbi.nlm.nih.gov/genomes/all/GCF/030/406/905/GCF_030406905.1_ASM3040690v1,6,3053466.8.fna,GCF_030406905.1_ASM3040690v1_genomic.fna,8098788,8098788,3053466.8.fna_vs_GCF_030406905.1_ASM3040690v1_genomic.fna_blast.xml,0,0,0,0,0,0,0,0,8098788,0,0,0,0,0,0,3053466_subject_array_1739685937.bin
170012,3055768,MS-CIW-1,3055768.4,6,https://ftp.ncbi.nlm.nih.gov/genomes/all/GCF/030/444/705/GCF_030444705.1_ASM3044470v1,6,3055768.4.fna,GCF_030444705.1_ASM3044470v1_genomic.fna,4838670,4838670,3055768.4.fna_vs_GCF_030444705.1_ASM3044470v1_genomic.fna_blast.xml,0,0,0,0,0,0,0,0,4838670,0,0,0,0,0,0,3055768_subject_array_1739685942.bin
170029,3056647,GT001,3056647.4,6,https://ftp.ncbi.nlm.nih.gov/genomes/all/GCF/030/382/115/GCF_030382115.1_ASM3038211v1,6,3056647.4.fna,GCF_030382115.1_ASM3038211v1_genomic.fna,7908138,7908138,3056647.4.fna_vs_GCF_030382115.1_ASM3038211v1_genomic.fna_blast.xml,0,0,0,0,0,0,0,0,7908138,0,0,0,0,0,0,3056647_subject_array_1739685950.bin
170077,3057300,SZCCHNS1050,3057300.3,6,https://ftp.ncbi.nlm.nih.gov/genomes/all/GCF/032/484/785/GCF_032484785.1_ASM3248478v1,6,3057300.3.fna,GCF_032484785.1_ASM3248478v1_genomic.fna,7620657,7620657,3057300.3.fna_vs_GCF_032484785.1_ASM3248478v1_genomic.fna_blast.xml,0,0,0,0,0,0,0,0,7620657,0,0,0,0,0,0,3057300_subject_array_1739685956.bin
170268,3058046,YD2,3058046.5,6,https://ftp.ncbi.nlm.nih.gov/genomes/all/GCF/030/410/475/GCF_030410475.1_ASM3041047v1,6,3058046.5.fna,GCF_030410475.1_ASM3041047v1_genomic.fna,3459362,3459362,3058046.5.fna_vs_GCF_030410475.1_ASM3041047v1_genomic.fna_blast.xml,0,0,0,0,0,0,0,300,3459062,0,0,0,0,0,0,3058046_subject_array_1739685959.bin
170383,3062598,DE2,3062598.7,6,https://ftp.ncbi.nlm.nih.gov/genomes/all/GCF/030/758/455/GCF_030758455.1_ASM3075845v1,6,3062598.7.fna,GCF_030758455.1_ASM3075845v1_genomic.fna,4758430,4758430,3062598.7.fna_vs_GCF_030758455.1_ASM3075845v1_genomic.fna_blast.xml,0,0,0,0,0,0,0,0,4758430,0,0,0,0,0,0,3062598_subject_array_1739685962.bin
170540,306545,DSM 16974,306545.3,6,https://ftp.ncbi.nlm.nih.gov/genomes/all/GCF/003/762/925/GCF_003762925.1_ASM376292v1,6,306545.3.fna,GCF_003762925.1_ASM376292v1_genomic.fna,3848416,3848416,306545.3.fna_vs_GCF_003762925.1_ASM376292v1_genomic.fna_blast.xml,0,0,0,0,0,0,0,0,3848416,0,0,0,0,0,0,306545_subject_array_1739685965.bin
171205,308053,2,308053.3,6,https://ftp.ncbi.nlm.nih.gov/genomes/all/GCF/002/754/275/GCF_002754275.1_ASM275427v1,6,308053.3.fna,GCF_002754275.1_ASM275427v1_genomic.fna,5040556,5040556,308053.3.fna_vs_GCF_002754275.1_ASM275427v1_genomic.fna_blast.xml,0,0,0,0,0,0,0,0,5040556,0,0,0,0,0,0,308053_subject_array_1739685969.bin
171219,3081089,M-5,3081089.3,6,https://ftp.ncbi.nlm.nih.gov/genomes/all/GCF/032/911/545/GCF_032911545.1_ASM3291154v1,6,3081089.3.fna,GCF_032911545.1_ASM3291154v1_genomic.fna,3638658,3638658,3081089.3.fna_vs_GCF_032911545.1_ASM3291154v1_genomic.fna_blast.xml,0,0,0,0,0,0,0,100,3638558,0,0,0,0,0,0,3081089_subject_array_1739685972.bin
171221,3081199,IT1-181,3081199.3,6,https://ftp.ncbi.nlm.nih.gov/genomes/all/GCF/033/807/535/GCF_033807535.1_ASM3380753v1,6,3081199.3.fna,GCF_033807535.1_ASM3380753v1_genomic.fna,3699250,3699250,3081199.3.fna_vs_GCF_033807535.1_ASM3380753v1_genomic.fna_blast.xml,0,0,0,0,0,0,0,0,3699250,0,0,0,0,0,0,3081199_subject_array_1739685976.bin
171265,3082862,F690,3082862.3,6,https://ftp.ncbi.nlm.nih.gov/genomes/all/GCF/036/246/285/GCF_036246285.1_ASM3624628v1,6,3082862.3.fna,GCF_036246285.1_ASM3624628v1_genomic.fna,2027391,2027391,3082862.3.fna_vs_GCF_036246285.1_ASM3624628v1_genomic.fna_blast.xml,0,0,0,0,0,0,0,842,2026549,0,0,0,0,0,0,3082862_subject_array_1739685977.bin
171272,3083255,KK11,3083255.3,6,https://ftp.ncbi.nlm.nih.gov/genomes/all/GCF/033/345/435/GCF_033345435.1_ASM3334543v1,6,3083255.3.fna,GCF_033345435.1_ASM3334543v1_genomic.fna,3969970,3969970,3083255.3.fna_vs_GCF_033345435.1_ASM3334543v1_genomic.fna_blast.xml,0,0,0,0,0,0,0,0,3969970,0,0,0,0,0,0,3083255_subject_array_1739685980.bin
171313,3088717,PP10,3088717.3,6,https://ftp.ncbi.nlm.nih.gov/genomes/all/GCF/035/013/165/GCF_035013165.1_ASM3501316v1,6,3088717.3.fna,GCF_035013165.1_ASM3501316v1_genomic.fna,4242629,4242629,3088717.3.fna_vs_GCF_035013165.1_ASM3501316v1_genomic.fna_blast.xml,0,0,0,0,0,0,0,100,4242529,0,0,0,0,0,0,3088717_subject_array_1739685983.bin
171407,3095379,LY1275,3095379.3,6,https://ftp.ncbi.nlm.nih.gov/genomes/all/GCF/034/555/315/GCF_034555315.1_ASM3455531v1,6,3095379.3.fna,GCF_034555315.1_ASM3455531v1_genomic.fna,3232480,3232480,3095379.3.fna_vs_GCF_034555315.1_ASM3455531v1_genomic.fna_blast.xml,0,0,0,0,0,0,0,0,3232480,0,0,0,0,0,0,3095379_subject_array_1739685986.bin
171454,3096535,CFBP9023,3096535.3,6,https://ftp.ncbi.nlm.nih.gov/genomes/all/GCF/034/045/055/GCF_034045055.1_ASM3404505v1,6,3096535.3.fna,GCF_034045055.1_ASM3404505v1_genomic.fna,3657683,3657683,3096535.3.fna_vs_GCF_034045055.1_ASM3404505v1_genomic.fna_blast.xml,0,0,0,0,0,0,0,0,3657683,0,0,0,0,0,0,3096535_subject_array_1739685988.bin
171665,311180,T6124,311180.44,6,https://ftp.ncbi.nlm.nih.gov/genomes/all/GCF/039/565/045/GCF_039565045.1_ASM3956504v1,6,311180.44.fna,GCF_039565045.1_ASM3956504v1_genomic.fna,5297488,5297488,311180.44.fna_vs_GCF_039565045.1_ASM3956504v1_genomic.fna_blast.xml,0,0,0,0,0,0,0,0,5297488,0,0,0,0,0,0,311180_subject_array_1739685992.bin
171673,311230,KU-15,311230.28,6,https://ftp.ncbi.nlm.nih.gov/genomes/all/GCF/023/169/865/GCF_023169865.1_ASM2316986v1,6,311230.28.fna,GCF_023169865.1_ASM2316986v1_genomic.fna,10422345,10422345,311230.28.fna_vs_GCF_023169865.1_ASM2316986v1_genomic.fna_blast.xml,0,0,0,0,0,0,0,0,10422345,0,0,0,0,0,0,311230_subject_array_1739686013.bin
171674,311230,KU-64,311230.25,6,https://ftp.ncbi.nlm.nih.gov/genomes/all/GCF/020/885/575/GCF_020885575.1_ASM2088557v1,6,311230.25.fna,GCF_020885575.1_ASM2088557v1_genomic.fna,10391472,10391472,311230.25.fna_vs_GCF_020885575.1_ASM2088557v1_genomic.fna_blast.xml,0,0,0,0,0,0,0,0,10391472,0,0,0,0,0,0,311230_subject_array_1739686035.bin
171910,316,KOL14.W.20.2,316.587,6,https://ftp.ncbi.nlm.nih.gov/genomes/all/GCF/016/622/455/GCF_016622455.1_ASM1662245v1,6,316.587.fna,GCF_016622455.1_ASM1662245v1_genomic.fna,4843470,4843470,316.587.fna_vs_GCF_016622455.1_ASM1662245v1_genomic.fna_blast.xml,0,0,0,0,0,0,0,0,4843470,0,0,0,0,0,0,316_subject_array_1739686039.bin
171975,316275,LFI1238,316275.23,6,https://ftp.ncbi.nlm.nih.gov/genomes/all/GCF/000/196/495/GCF_000196495.1_ASM19649v1,6,316275.23.fna,GCF_000196495.1_ASM19649v1_genomic.fna,4655660,4655660,316275.23.fna_vs_GCF_000196495.1_ASM19649v1_genomic.fna_blast.xml,0,0,0,0,0,0,1,0,4655659,0,0,0,0,0,0,316275_subject_array_1739686047.bin
172286,317577,2009,684949.3,6,https://ftp.ncbi.nlm.nih.gov/genomes/all/GCF/000/419/625/GCF_000419625.1_ASM41962v1,6,684949.3.fna,GCF_000419625.1_ASM41962v1_genomic.fna,4019382,4019382,684949.3.fna_vs_GCF_000419625.1_ASM41962v1_genomic.fna_blast.xml,0,0,0,0,0,0,0,0,4019382,0,0,0,0,0,0,684949_subject_array_1739686050.bin
172431,31954,1513B,31954.13,6,https://ftp.ncbi.nlm.nih.gov/genomes/all/GCF/004/155/835/GCF_004155835.1_ASM415583v1,6,31954.13.fna,GCF_004155835.1_ASM415583v1_genomic.fna,1855765,1855765,31954.13.fna_vs_GCF_004155835.1_ASM415583v1_genomic.fna_blast.xml,0,0,0,0,0,0,0,0,1855765,0,0,0,0,0,0,31954_subject_array_1739686052.bin
172433,31954,1604B,31954.10,6,https://ftp.ncbi.nlm.nih.gov/genomes/all/GCF/004/155/395/GCF_004155395.1_ASM415539v1,6,31954.10.fna,GCF_004155395.1_ASM415539v1_genomic.fna,1882038,1882038,31954.10.fna_vs_GCF_004155395.1_ASM415539v1_genomic.fna_blast.xml,0,0,0,0,0,0,0,0,1882038,0,0,0,0,0,0,31954_subject_array_1739686053.bin
172435,31954,1629B,31954.12,6,https://ftp.ncbi.nlm.nih.gov/genomes/all/GCF/004/155/725/GCF_004155725.1_ASM415572v1,6,31954.12.fna,GCF_004155725.1_ASM415572v1_genomic.fna,1852430,1852430,31954.12.fna_vs_GCF_004155725.1_ASM415572v1_genomic.fna_blast.xml,0,0,0,0,0,0,0,0,1852430,0,0,0,0,0,0,31954_subject_array_1739686054.bin
172454,31964,CFIA-CsR14,31964.36,6,https://ftp.ncbi.nlm.nih.gov/genomes/all/GCF/002/240/585/GCF_002240585.1_ASM224058v1,6,31964.36.fna,GCF_002240585.1_ASM224058v1_genomic.fna,3411659,3411659,31964.36.fna_vs_GCF_002240585.1_ASM224058v1_genomic.fna_blast.xml,0,0,0,0,0,0,0,0,3411659,0,0,0,0,0,0,31964_subject_array_1739686058.bin
172472,31967,(strain E),31967.4,6,https://ftp.ncbi.nlm.nih.gov/genomes/all/GCF/001/375/595/GCF_001375595.1_Draft_genome_of_P._immobile_strain_E_DSM_1986_,6,31967.4.fna,GCF_001375595.1_Draft_genome_of_P._immobile_strain_E_DSM_1986__genomic.fna,3328570,3328570,31967.4.fna_vs_GCF_001375595.1_Draft_genome_of_P._immobile_strain_E_DSM_1986__genomic.fna_blast.xml,0,0,0,0,0,0,0,0,3328570,0,0,0,0,0,0,31967_subject_array_1739686060.bin
172588,319707,HPB1.1,319707.17,6,https://ftp.ncbi.nlm.nih.gov/genomes/all/GCF/029/854/255/GCF_029854255.1_ASM2985425v1,6,319707.17.fna,GCF_029854255.1_ASM2985425v1_genomic.fna,6224392,6224392,319707.17.fna_vs_GCF_029854255.1_ASM2985425v1_genomic.fna_blast.xml,0,0,0,0,0,0,0,0,6224392,0,0,0,0,0,0,319707_subject_array_1739686065.bin
172644,31998,SR1.6/4,31998.94,6,https://ftp.ncbi.nlm.nih.gov/genomes/all/GCF/036/441/355/GCF_036441355.1_SR1.6_4_Medusa,6,31998.94.fna,GCF_036441355.1_SR1.6_4_Medusa_genomic.fna,5269851,5269851,31998.94.fna_vs_GCF_036441355.1_SR1.6_4_Medusa_genomic.fna_blast.xml,0,0,0,0,0,0,0,166,5269684,0,0,1,0,0,0,31998_subject_array_1739686070.bin
172882,32022,E38,32022.930,6,https://ftp.ncbi.nlm.nih.gov/genomes/all/GCF/021/483/505/GCF_021483505.1_ASM2148350v1,6,32022.930.fna,GCF_021483505.1_ASM2148350v1_genomic.fna,1747573,1747573,32022.930.fna_vs_GCF_021483505.1_ASM2148350v1_genomic.fna_blast.xml,0,0,0,0,0,0,0,0,1747573,0,0,0,0,0,0,32022_subject_array_1739686071.bin
173371,327095,NBRC 106260,327095.3,6,https://ftp.ncbi.nlm.nih.gov/genomes/all/GCF/000/975/095/GCF_000975095.1_ASM97509v1,6,327095.3.fna,GCF_000975095.1_ASM97509v1_genomic.fna,2790392,2790392,327095.3.fna_vs_GCF_000975095.1_ASM97509v1_genomic.fna_blast.xml,0,0,0,0,0,0,0,239,2790153,0,0,0,0,0,0,327095_subject_array_1739686073.bin
173375,327277,LMG 23609,327277.3,6,https://ftp.ncbi.nlm.nih.gov/genomes/all/GCF/000/738/005/GCF_000738005.1_ASM73800v1,6,327277.3.fna,GCF_000738005.1_ASM73800v1_genomic.fna,2362816,2362816,327277.3.fna_vs_GCF_000738005.1_ASM73800v1_genomic.fna_blast.xml,0,0,0,0,0,0,0,0,2362816,0,0,0,0,0,0,327277_subject_array_1739686075.bin
174144,33050,EY-1,33050.5,6,https://ftp.ncbi.nlm.nih.gov/genomes/all/GCF/001/307/295/GCF_001307295.1_ASM130729v1,6,33050.5.fna,GCF_001307295.1_ASM130729v1_genomic.fna,5098553,5098553,33050.5.fna_vs_GCF_001307295.1_ASM130729v1_genomic.fna_blast.xml,0,0,0,0,0,0,0,0,5098553,0,0,0,0,0,0,33050_subject_array_1739686079.bin
174348,332186,NUITM-VS2,332186.87,6,https://ftp.ncbi.nlm.nih.gov/genomes/all/GCF/025/998/315/GCF_025998315.1_ASM2599831v1,6,332186.87.fna,GCF_025998315.1_ASM2599831v1_genomic.fna,5300429,5300429,332186.87.fna_vs_GCF_025998315.1_ASM2599831v1_genomic.fna_blast.xml,0,0,0,0,0,0,0,0,5300429,0,0,0,0,0,0,332186_subject_array_1739686084.bin
174649,337,BD_21g,337.106,6,https://ftp.ncbi.nlm.nih.gov/genomes/all/GCF/030/505/635/GCF_030505635.1_ASM3050563v1,6,337.106.fna,GCF_030505635.1_ASM3050563v1_genomic.fna,7584466,7584466,337.106.fna_vs_GCF_030505635.1_ASM3050563v1_genomic.fna_blast.xml,0,0,0,0,0,0,0,0,7584466,0,0,0,0,0,0,337_subject_array_1739686091.bin
174653,337,BGR15S,337.83,6,https://ftp.ncbi.nlm.nih.gov/genomes/all/GCF/024/760/605/GCF_024760605.1_ASM2476060v1,6,337.83.fna,GCF_024760605.1_ASM2476060v1_genomic.fna,7203527,7203527,337.83.fna_vs_GCF_024760605.1_ASM2476060v1_genomic.fna_blast.xml,0,0,0,0,0,0,0,0,7203526,0,0,1,0,0,0,337_subject_array_1739686097.bin
174656,337,BGR22S,337.71,6,https://ftp.ncbi.nlm.nih.gov/genomes/all/GCF/024/664/055/GCF_024664055.1_ASM2466405v1,6,337.71.fna,GCF_024664055.1_ASM2466405v1_genomic.fna,7175325,7175325,337.71.fna_vs_GCF_024664055.1_ASM2466405v1_genomic.fna_blast.xml,0,0,0,0,0,0,0,0,7175325,0,0,0,0,0,0,337_subject_array_1739686103.bin
174657,337,BGR28S,337.73,6,https://ftp.ncbi.nlm.nih.gov/genomes/all/GCF/024/664/075/GCF_024664075.1_ASM2466407v1,6,337.73.fna,GCF_024664075.1_ASM2466407v1_genomic.fna,7018198,7018198,337.73.fna_vs_GCF_024664075.1_ASM2466407v1_genomic.fna_blast.xml,0,0,0,0,0,0,0,0,7018198,0,0,0,0,0,0,337_subject_array_1739686109.bin
174659,337,BGR35S,337.72,6,https://ftp.ncbi.nlm.nih.gov/genomes/all/GCF/024/664/095/GCF_024664095.1_ASM2466409v1,6,337.72.fna,GCF_024664095.1_ASM2466409v1_genomic.fna,7172030,7172030,337.72.fna_vs_GCF_024664095.1_ASM2466409v1_genomic.fna_blast.xml,0,0,0,0,0,0,0,0,7172030,0,0,0,0,0,0,337_subject_array_1739686115.bin
174660,337,BGR39S,337.54,6,https://ftp.ncbi.nlm.nih.gov/genomes/all/GCF/024/662/455/GCF_024662455.1_ASM2466245v1,6,337.54.fna,GCF_024662455.1_ASM2466245v1_genomic.fna,7098777,7098777,337.54.fna_vs_GCF_024662455.1_ASM2466245v1_genomic.fna_blast.xml,0,0,0,0,0,0,0,0,7098777,0,0,0,0,0,0,337_subject_array_1739686121.bin
174661,337,BGR48S,337.79,6,https://ftp.ncbi.nlm.nih.gov/genomes/all/GCF/024/664/215/GCF_024664215.1_ASM2466421v1,6,337.79.fna,GCF_024664215.1_ASM2466421v1_genomic.fna,6885247,6885247,337.79.fna_vs_GCF_024664215.1_ASM2466421v1_genomic.fna_blast.xml,0,0,0,0,0,0,0,0,6885247,0,0,0,0,0,0,337_subject_array_1739686127.bin
174662,337,BGR49S,337.55,6,https://ftp.ncbi.nlm.nih.gov/genomes/all/GCF/024/662/615/GCF_024662615.1_ASM2466261v1,6,337.55.fna,GCF_024662615.1_ASM2466261v1_genomic.fna,7284104,7284104,337.55.fna_vs_GCF_024662615.1_ASM2466261v1_genomic.fna_blast.xml,0,0,0,0,0,0,0,0,7284104,0,0,0,0,0,0,337_subject_array_1739686134.bin
174663,337,BGR57S,337.56,6,https://ftp.ncbi.nlm.nih.gov/genomes/all/GCF/024/662/735/GCF_024662735.1_ASM2466273v1,6,337.56.fna,GCF_024662735.1_ASM2466273v1_genomic.fna,7284104,7284104,337.56.fna_vs_GCF_024662735.1_ASM2466273v1_genomic.fna_blast.xml,0,0,0,0,0,0,0,0,7284104,0,0,0,0,0,0,337_subject_array_1739686140.bin
174664,337,BGR59S,337.53,6,https://ftp.ncbi.nlm.nih.gov/genomes/all/GCF/024/662/895/GCF_024662895.1_ASM2466289v1,6,337.53.fna,GCF_024662895.1_ASM2466289v1_genomic.fna,7284104,7284104,337.53.fna_vs_GCF_024662895.1_ASM2466289v1_genomic.fna_blast.xml,0,0,0,0,0,0,0,0,7284104,0,0,0,0,0,0,337_subject_array_1739686146.bin
174665,337,BGR68S,337.74,6,https://ftp.ncbi.nlm.nih.gov/genomes/all/GCF/024/664/155/GCF_024664155.1_ASM2466415v1,6,337.74.fna,GCF_024664155.1_ASM2466415v1_genomic.fna,7284104,7284104,337.74.fna_vs_GCF_024664155.1_ASM2466415v1_genomic.fna_blast.xml,0,0,0,0,0,0,0,0,7284104,0,0,0,0,0,0,337_subject_array_1739686153.bin
174666,337,BGR73S,337.78,6,https://ftp.ncbi.nlm.nih.gov/genomes/all/GCF/024/664/175/GCF_024664175.1_ASM2466417v1,6,337.78.fna,GCF_024664175.1_ASM2466417v1_genomic.fna,7284104,7284104,337.78.fna_vs_GCF_024664175.1_ASM2466417v1_genomic.fna_blast.xml,0,0,0,0,0,0,0,0,7284104,0,0,0,0,0,0,337_subject_array_1739686159.bin
174667,337,BGR76S,337.82,6,https://ftp.ncbi.nlm.nih.gov/genomes/all/GCF/024/664/135/GCF_024664135.1_ASM2466413v1,6,337.82.fna,GCF_024664135.1_ASM2466413v1_genomic.fna,7259930,7259930,337.82.fna_vs_GCF_024664135.1_ASM2466413v1_genomic.fna_blast.xml,0,0,0,0,0,0,0,0,7259930,0,0,0,0,0,0,337_subject_array_1739686166.bin
174668,337,BGR79S,337.81,6,https://ftp.ncbi.nlm.nih.gov/genomes/all/GCF/024/664/115/GCF_024664115.1_ASM2466411v1,6,337.81.fna,GCF_024664115.1_ASM2466411v1_genomic.fna,7018200,7018200,337.81.fna_vs_GCF_024664115.1_ASM2466411v1_genomic.fna_blast.xml,0,0,0,0,0,0,0,0,7018200,0,0,0,0,0,0,337_subject_array_1739686172.bin
174671,337,BGR82S,337.52,6,https://ftp.ncbi.nlm.nih.gov/genomes/all/GCF/024/662/475/GCF_024662475.1_ASM2466247v1,6,337.52.fna,GCF_024662475.1_ASM2466247v1_genomic.fna,7284104,7284104,337.52.fna_vs_GCF_024662475.1_ASM2466247v1_genomic.fna_blast.xml,0,0,0,0,0,0,0,0,7284104,0,0,0,0,0,0,337_subject_array_1739686178.bin
174675,337,EW10RS,337.63,6,https://ftp.ncbi.nlm.nih.gov/genomes/all/GCF/024/663/895/GCF_024663895.1_ASM2466389v1,6,337.63.fna,GCF_024663895.1_ASM2466389v1_genomic.fna,7284104,7284104,337.63.fna_vs_GCF_024663895.1_ASM2466389v1_genomic.fna_blast.xml,0,0,0,0,0,0,0,0,7284104,0,0,0,0,0,0,337_subject_array_1739686184.bin
174682,337,PERW1RS,337.60,6,https://ftp.ncbi.nlm.nih.gov/genomes/all/GCF/024/663/615/GCF_024663615.1_ASM2466361v1,6,337.60.fna,GCF_024663615.1_ASM2466361v1_genomic.fna,7284098,7284098,337.60.fna_vs_GCF_024663615.1_ASM2466361v1_genomic.fna_blast.xml,0,0,0,0,0,0,0,0,7284098,0,0,0,0,0,0,337_subject_array_1739686191.bin
174683,337,POW17RS,337.70,6,https://ftp.ncbi.nlm.nih.gov/genomes/all/GCF/024/663/995/GCF_024663995.1_ASM2466399v1,6,337.70.fna,GCF_024663995.1_ASM2466399v1_genomic.fna,7284098,7284098,337.70.fna_vs_GCF_024663995.1_ASM2466399v1_genomic.fna_blast.xml,0,0,0,0,0,0,0,0,7284098,0,0,0,0,0,0,337_subject_array_1739686197.bin
174684,337,PW30RS,337.62,6,https://ftp.ncbi.nlm.nih.gov/genomes/all/GCF/024/663/775/GCF_024663775.1_ASM2466377v1,6,337.62.fna,GCF_024663775.1_ASM2466377v1_genomic.fna,7328421,7328421,337.62.fna_vs_GCF_024663775.1_ASM2466377v1_genomic.fna_blast.xml,0,0,0,0,0,0,0,0,7328421,0,0,0,0,0,0,337_subject_array_1739686203.bin
174688,337,SEW1RS,337.68,6,https://ftp.ncbi.nlm.nih.gov/genomes/all/GCF/024/664/035/GCF_024664035.1_ASM2466403v1,6,337.68.fna,GCF_024664035.1_ASM2466403v1_genomic.fna,7284108,7284108,337.68.fna_vs_GCF_024664035.1_ASM2466403v1_genomic.fna_blast.xml,0,0,0,0,0,0,0,0,7284108,0,0,0,0,0,0,337_subject_array_1739686210.bin
174691,337,SW2RS,337.69,6,https://ftp.ncbi.nlm.nih.gov/genomes/all/GCF/024/663/975/GCF_024663975.1_ASM2466397v1,6,337.69.fna,GCF_024663975.1_ASM2466397v1_genomic.fna,7284108,7284108,337.69.fna_vs_GCF_024663975.1_ASM2466397v1_genomic.fna_blast.xml,0,0,0,0,0,0,0,0,7284108,0,0,0,0,0,0,337_subject_array_1739686216.bin
174692,337,TW34RS,337.65,6,https://ftp.ncbi.nlm.nih.gov/genomes/all/GCF/024/663/375/GCF_024663375.1_ASM2466337v1,6,337.65.fna,GCF_024663375.1_ASM2466337v1_genomic.fna,7284104,7284104,337.65.fna_vs_GCF_024663375.1_ASM2466337v1_genomic.fna_blast.xml,0,0,0,0,0,0,0,0,7284104,0,0,0,0,0,0,337_subject_array_1739686222.bin
174694,337,YH38,337.90,6,https://ftp.ncbi.nlm.nih.gov/genomes/all/GCF/026/651/975/GCF_026651975.1_ASM2665197v1,6,337.90.fna,GCF_026651975.1_ASM2665197v1_genomic.fna,7300229,7300229,337.90.fna_vs_GCF_026651975.1_ASM2665197v1_genomic.fna_blast.xml,0,0,0,0,0,0,0,0,7300229,0,0,0,0,0,0,337_subject_array_1739686228.bin
174695,337,YH43,337.91,6,https://ftp.ncbi.nlm.nih.gov/genomes/all/GCF/026/651/995/GCF_026651995.1_ASM2665199v1,6,337.91.fna,GCF_026651995.1_ASM2665199v1_genomic.fna,7304258,7304258,337.91.fna_vs_GCF_026651995.1_ASM2665199v1_genomic.fna_blast.xml,0,0,0,0,0,0,0,0,7304257,0,0,1,0,0,0,337_subject_array_1739686235.bin
174696,337,YH67,337.92,6,https://ftp.ncbi.nlm.nih.gov/genomes/all/GCF/026/652/015/GCF_026652015.1_ASM2665201v1,6,337.92.fna,GCF_026652015.1_ASM2665201v1_genomic.fna,7292172,7292172,337.92.fna_vs_GCF_026652015.1_ASM2665201v1_genomic.fna_blast.xml,0,0,0,0,0,0,0,0,7292172,0,0,0,0,0,0,337_subject_array_1739686241.bin
174699,337005,DSM 19627,337005.6,6,https://ftp.ncbi.nlm.nih.gov/genomes/all/GCF/006/716/545/GCF_006716545.1_ASM671654v1,6,337005.6.fna,GCF_006716545.1_ASM671654v1_genomic.fna,2547662,2547662,337005.6.fna_vs_GCF_006716545.1_ASM671654v1_genomic.fna_blast.xml,0,0,0,0,0,0,0,0,2547662,0,0,0,0,0,0,337005_subject_array_1739686243.bin
174789,33879,DSM 43045,33879.4,6,https://ftp.ncbi.nlm.nih.gov/genomes/all/GCF/004/216/665/GCF_004216665.1_ASM421666v1,6,33879.4.fna,GCF_004216665.1_ASM421666v1_genomic.fna,3838279,3838279,33879.4.fna_vs_GCF_004216665.1_ASM421666v1_genomic.fna_blast.xml,0,0,0,0,0,0,0,194,3838085,0,0,0,0,0,0,33879_subject_array_1739686246.bin
174898,339,LMC_P73,339.81,6,https://ftp.ncbi.nlm.nih.gov/genomes/all/GCF/003/363/835/GCF_003363835.1_ASM336383v1,6,339.81.fna,GCF_003363835.1_ASM336383v1_genomic.fna,4898426,4898426,339.81.fna_vs_GCF_003363835.1_ASM336383v1_genomic.fna_blast.xml,0,0,0,0,0,0,0,778,4897648,0,0,0,0,0,0,339_subject_array_1739686250.bin
175352,33964,CBA3623,33964.181,6,https://ftp.ncbi.nlm.nih.gov/genomes/all/GCF/007/954/705/GCF_007954705.1_ASM795470v1,6,33964.181.fna,GCF_007954705.1_ASM795470v1_genomic.fna,1969408,1969408,33964.181.fna_vs_GCF_007954705.1_ASM795470v1_genomic.fna_blast.xml,0,0,0,0,0,0,0,0,1969408,0,0,0,0,0,0,33964_subject_array_1739686251.bin
175397,33964,WiKim0101,33964.187,6,https://ftp.ncbi.nlm.nih.gov/genomes/all/GCF/009/707/745/GCF_009707745.1_ASM970774v1,6,33964.187.fna,GCF_009707745.1_ASM970774v1_genomic.fna,2019266,2019266,33964.187.fna_vs_GCF_009707745.1_ASM970774v1_genomic.fna_blast.xml,0,0,0,0,0,0,0,566,2018700,0,0,0,0,0,0,33964_subject_array_1739686253.bin
175471,33970,B5,33970.4,6,https://ftp.ncbi.nlm.nih.gov/genomes/all/GCF/001/047/405/GCF_001047405.1_ASM104740v1,6,33970.4.fna,GCF_001047405.1_ASM104740v1_genomic.fna,2101145,2101145,33970.4.fna_vs_GCF_001047405.1_ASM104740v1_genomic.fna_blast.xml,0,0,0,0,0,0,0,0,2101145,0,0,0,0,0,0,33970_subject_array_1739686254.bin
175740,340,XCC2144,340.322,6,https://ftp.ncbi.nlm.nih.gov/genomes/all/GCF/021/864/585/GCF_021864585.1_ASM2186458v1,6,340.322.fna,GCF_021864585.1_ASM2186458v1_genomic.fna,5033335,5033335,340.322.fna_vs_GCF_021864585.1_ASM2186458v1_genomic.fna_blast.xml,0,0,0,0,0,0,0,0,5033335,0,0,0,0,0,0,340_subject_array_1739686259.bin
176010,34062,NCTC10465,34062.61,6,https://ftp.ncbi.nlm.nih.gov/genomes/all/GCF/900/453/115/GCF_900453115.1_50450_C01,6,34062.61.fna,GCF_900453115.1_50450_C01_genomic.fna,2691416,2691416,34062.61.fna_vs_GCF_900453115.1_50450_C01_genomic.fna_blast.xml,0,0,0,0,0,0,0,0,2691416,0,0,0,0,0,0,34062_subject_array_1739686262.bin
176460,345309,DSM 17673,345309.27,6,https://ftp.ncbi.nlm.nih.gov/genomes/all/GCF/011/742/875/GCF_011742875.1_ASM1174287v1,6,345309.27.fna,GCF_011742875.1_ASM1174287v1_genomic.fna,4221433,4221433,345309.27.fna_vs_GCF_011742875.1_ASM1174287v1_genomic.fna_blast.xml,0,0,0,0,0,0,0,0,4221433,0,0,0,0,0,0,345309_subject_array_1739686266.bin
176550,349934,DSM 19609,349934.3,6,https://ftp.ncbi.nlm.nih.gov/genomes/all/GCF/011/758/645/GCF_011758645.1_ASM1175864v1,6,349934.3.fna,GCF_011758645.1_ASM1175864v1_genomic.fna,3787554,3787554,349934.3.fna_vs_GCF_011758645.1_ASM1175864v1_genomic.fna_blast.xml,0,0,0,0,0,0,0,0,3787554,0,0,0,0,0,0,349934_subject_array_1739686269.bin
176579,351345,MWH-MoIso2,351345.3,6,https://ftp.ncbi.nlm.nih.gov/genomes/all/GCF/002/224/225/GCF_002224225.1_ASM222422v1,6,351345.3.fna,GCF_002224225.1_ASM222422v1_genomic.fna,1775978,1775978,351345.3.fna_vs_GCF_002224225.1_ASM222422v1_genomic.fna_blast.xml,0,0,0,0,0,0,0,0,1775978,0,0,0,0,0,0,351345_subject_array_1739686271.bin
177376,358,CFBP5499,358.247,6,https://ftp.ncbi.nlm.nih.gov/genomes/all/GCF/005/221/325/GCF_005221325.1_ASM522132v1,6,358.247.fna,GCF_005221325.1_ASM522132v1_genomic.fna,6138594,6138594,358.247.fna_vs_GCF_005221325.1_ASM522132v1_genomic.fna_blast.xml,0,0,0,0,0,0,0,0,6138594,0,0,0,0,0,0,358_subject_array_1739686275.bin
177378,358,CFBP5877,358.248,6,https://ftp.ncbi.nlm.nih.gov/genomes/all/GCF/005/221/345/GCF_005221345.1_ASM522134v1,6,358.248.fna,GCF_005221345.1_ASM522134v1_genomic.fna,5996243,5996243,358.248.fna_vs_GCF_005221345.1_ASM522134v1_genomic.fna_blast.xml,0,0,0,0,0,0,0,0,5996243,0,0,0,0,0,0,358_subject_array_1739686280.bin
177381,358,CFBP7129,358.250,6,https://ftp.ncbi.nlm.nih.gov/genomes/all/GCF/005/221/405/GCF_005221405.1_ASM522140v1,6,358.250.fna,GCF_005221405.1_ASM522140v1_genomic.fna,6469646,6469646,358.250.fna_vs_GCF_005221405.1_ASM522140v1_genomic.fna_blast.xml,0,0,0,0,0,0,0,0,6469646,0,0,0,0,0,0,358_subject_array_1739686285.bin
177446,358,Sta004,358.507,6,https://ftp.ncbi.nlm.nih.gov/genomes/all/GCF/025/560/265/GCF_025560265.1_ASM2556026v1,6,358.507.fna,GCF_025560265.1_ASM2556026v1_genomic.fna,5949227,5949227,358.507.fna_vs_GCF_025560265.1_ASM2556026v1_genomic.fna_blast.xml,0,0,0,0,0,0,0,0,5949227,0,0,0,0,0,0,358_subject_array_1739686290.bin
177451,358,Teh001,358.503,6,https://ftp.ncbi.nlm.nih.gov/genomes/all/GCF/025/560/165/GCF_025560165.1_ASM2556016v1,6,358.503.fna,GCF_025560165.1_ASM2556016v1_genomic.fna,5979430,5979430,358.503.fna_vs_GCF_025560165.1_ASM2556016v1_genomic.fna_blast.xml,0,0,0,0,0,0,1,0,5979427,0,0,2,0,0,0,358_subject_array_1739686295.bin
177557,35814,NCTC12912,35814.24,6,https://ftp.ncbi.nlm.nih.gov/genomes/all/GCF/900/445/775/GCF_900445775.1_51726_B01,6,35814.24.fna,GCF_900445775.1_51726_B01_genomic.fna,3780341,3780341,35814.24.fna_vs_GCF_900445775.1_51726_B01_genomic.fna_blast.xml,0,0,0,0,0,0,0,0,3780341,0,0,0,0,0,0,35814_subject_array_1739686301.bin
178041,364198,FG2,364198.7,6,https://ftp.ncbi.nlm.nih.gov/genomes/all/GCF/024/723/895/GCF_024723895.1_ASM2472389v1,6,364198.7.fna,GCF_024723895.1_ASM2472389v1_genomic.fna,2579015,2579015,364198.7.fna_vs_GCF_024723895.1_ASM2472389v1_genomic.fna_blast.xml,0,0,0,0,0,0,0,0,2579015,0,0,0,0,0,0,364198_subject_array_1739686303.bin
178042,364198,PO-M2,364198.3,6,https://ftp.ncbi.nlm.nih.gov/genomes/all/GCF/003/987/225/GCF_003987225.1_ASM398722v1,6,364198.3.fna,GCF_003987225.1_ASM398722v1_genomic.fna,2612526,2612526,364198.3.fna_vs_GCF_003987225.1_ASM398722v1_genomic.fna_blast.xml,0,0,0,0,0,0,0,0,2612526,0,0,0,0,0,0,364198_subject_array_1739686304.bin
178058,364317,EaM3-08,364317.9,6,https://ftp.ncbi.nlm.nih.gov/genomes/all/GCF/026/127/465/GCF_026127465.1_ASM2612746v1,6,364317.9.fna,GCF_026127465.1_ASM2612746v1_genomic.fna,5709246,5709246,364317.9.fna_vs_GCF_026127465.1_ASM2612746v1_genomic.fna_blast.xml,0,0,0,0,0,0,0,0,5709246,0,0,0,0,0,0,364317_subject_array_1739686317.bin
178228,36809,131,36809.637,6,https://ftp.ncbi.nlm.nih.gov/genomes/all/GCF/013/140/085/GCF_013140085.1_ASM1314008v1,6,36809.637.fna,GCF_013140085.1_ASM1314008v1_genomic.fna,4970860,4970860,36809.637.fna_vs_GCF_013140085.1_ASM1314008v1_genomic.fna_blast.xml,0,0,0,0,0,0,0,285,4970575,0,0,0,0,0,0,36809_subject_array_1739686321.bin
178312,36809,A213,36809.450,6,https://ftp.ncbi.nlm.nih.gov/genomes/all/GCF/003/071/925/GCF_003071925.1_ASM307192v1,6,36809.450.fna,GCF_003071925.1_ASM307192v1_genomic.fna,5195902,5195902,36809.450.fna_vs_GCF_003071925.1_ASM307192v1_genomic.fna_blast.xml,0,0,0,0,0,0,0,0,5195902,0,0,0,0,0,0,36809_subject_array_1739686325.bin
178315,36809,A305,36809.434,6,https://ftp.ncbi.nlm.nih.gov/genomes/all/GCF/003/072/425/GCF_003072425.1_ASM307242v1,6,36809.434.fna,GCF_003072425.1_ASM307242v1_genomic.fna,5185855,5185855,36809.434.fna_vs_GCF_003072425.1_ASM307242v1_genomic.fna_blast.xml,0,0,0,0,0,0,0,0,5185855,0,0,0,0,0,0,36809_subject_array_1739686329.bin
178373,36809,G113,36809.545,6,https://ftp.ncbi.nlm.nih.gov/genomes/all/GCF/003/582/895/GCF_003582895.1_ASM358289v1,6,36809.545.fna,GCF_003582895.1_ASM358289v1_genomic.fna,4982859,4982859,36809.545.fna_vs_GCF_003582895.1_ASM358289v1_genomic.fna_blast.xml,0,0,0,0,0,0,0,198,4982661,0,0,0,0,0,0,36809_subject_array_1739686332.bin
178377,36809,G119,36809.453,6,https://ftp.ncbi.nlm.nih.gov/genomes/all/GCF/003/071/865/GCF_003071865.1_ASM307186v1,6,36809.453.fna,GCF_003071865.1_ASM307186v1_genomic.fna,5196076,5196076,36809.453.fna_vs_GCF_003071865.1_ASM307186v1_genomic.fna_blast.xml,0,0,0,0,0,0,0,0,5196076,0,0,0,0,0,0,36809_subject_array_1739686336.bin
178383,36809,G125,36809.538,6,https://ftp.ncbi.nlm.nih.gov/genomes/all/GCF/003/582/765/GCF_003582765.1_ASM358276v1,6,36809.538.fna,GCF_003582765.1_ASM358276v1_genomic.fna,4874519,4874519,36809.538.fna_vs_GCF_003582765.1_ASM358276v1_genomic.fna_blast.xml,0,0,0,0,0,0,0,0,4874519,0,0,0,0,0,0,36809_subject_array_1739686340.bin
178406,36809,G160,36809.460,6,https://ftp.ncbi.nlm.nih.gov/genomes/all/GCF/003/071/705/GCF_003071705.1_ASM307170v1,6,36809.460.fna,GCF_003071705.1_ASM307170v1_genomic.fna,4781069,4781069,36809.460.fna_vs_GCF_003071705.1_ASM307170v1_genomic.fna_blast.xml,0,0,0,0,0,0,0,0,4781069,0,0,0,0,0,0,36809_subject_array_1739686343.bin
178419,36809,G180,36809.513,6,https://ftp.ncbi.nlm.nih.gov/genomes/all/GCF/003/582/265/GCF_003582265.1_ASM358226v1,6,36809.513.fna,GCF_003582265.1_ASM358226v1_genomic.fna,4740614,4740614,36809.513.fna_vs_GCF_003582265.1_ASM358226v1_genomic.fna_blast.xml,0,0,0,0,0,0,0,0,4740614,0,0,0,0,0,0,36809_subject_array_1739686346.bin
178458,36809,G91,36809.448,6,https://ftp.ncbi.nlm.nih.gov/genomes/all/GCF/003/071/975/GCF_003071975.1_ASM307197v1,6,36809.448.fna,GCF_003071975.1_ASM307197v1_genomic.fna,5026101,5026101,36809.448.fna_vs_GCF_003071975.1_ASM307197v1_genomic.fna_blast.xml,0,0,0,0,0,0,0,0,5026101,0,0,0,0,0,0,36809_subject_array_1739686350.bin
178459,36809,G94,36809.454,6,https://ftp.ncbi.nlm.nih.gov/genomes/all/GCF/003/071/845/GCF_003071845.1_ASM307184v1,6,36809.454.fna,GCF_003071845.1_ASM307184v1_genomic.fna,4850174,4850174,36809.454.fna_vs_GCF_003071845.1_ASM307184v1_genomic.fna_blast.xml,0,0,0,0,0,0,0,0,4850174,0,0,0,0,0,0,36809_subject_array_1739686353.bin
178482,36809,JHN_AB_0020_1,36809.657,6,https://ftp.ncbi.nlm.nih.gov/genomes/all/GCF/015/023/835/GCF_015023835.1_ASM1502383v1,6,36809.657.fna,GCF_015023835.1_ASM1502383v1_genomic.fna,5036522,5036522,36809.657.fna_vs_GCF_015023835.1_ASM1502383v1_genomic.fna_blast.xml,0,0,0,0,0,0,0,0,5036522,0,0,0,0,0,0,36809_subject_array_1739686357.bin
178669,36818,10-1-1,36818.4,6,https://ftp.ncbi.nlm.nih.gov/genomes/all/GCF/001/746/425/GCF_001746425.1_ASM174642v1,6,36818.4.fna,GCF_001746425.1_ASM174642v1_genomic.fna,8093975,8093975,36818.4.fna_vs_GCF_001746425.1_ASM174642v1_genomic.fna_blast.xml,0,0,0,0,0,0,0,0,8093975,0,0,0,0,0,0,36818_subject_array_1739686363.bin
179288,374982,PCC 73109,374982.4,6,https://ftp.ncbi.nlm.nih.gov/genomes/all/GCF/001/521/855/GCF_001521855.1_ASM152185v1,6,374982.4.fna,GCF_001521855.1_ASM152185v1_genomic.fna,3298676,3298676,374982.4.fna_vs_GCF_001521855.1_ASM152185v1_genomic.fna_blast.xml,0,0,0,0,0,0,0,0,3298676,0,0,0,0,0,0,374982_subject_array_1739686366.bin
179329,375,USDA 10,375.210,6,https://ftp.ncbi.nlm.nih.gov/genomes/all/GCF/024/171/305/GCF_024171305.1_ASM2417130v1,6,375.210.fna,GCF_024171305.1_ASM2417130v1_genomic.fna,11536906,11536906,375.210.fna_vs_GCF_024171305.1_ASM2417130v1_genomic.fna_blast.xml,0,0,0,0,0,0,0,0,11536906,0,0,0,0,0,0,375_subject_array_1739686387.bin
179348,375,USDA 5,375.209,6,https://ftp.ncbi.nlm.nih.gov/genomes/all/GCF/024/171/065/GCF_024171065.1_ASM2417106v1,6,375.209.fna,GCF_024171065.1_ASM2417106v1_genomic.fna,11232305,11232305,375.209.fna_vs_GCF_024171065.1_ASM2417106v1_genomic.fna_blast.xml,0,0,0,0,0,0,0,0,11232305,0,0,0,0,0,0,375_subject_array_1739686408.bin
179598,37734,CQFYY22-063,37734.283,6,https://ftp.ncbi.nlm.nih.gov/genomes/all/GCF/027/944/555/GCF_027944555.1_ASM2794455v1,6,37734.283.fna,GCF_027944555.1_ASM2794455v1_genomic.fna,158198,3512545,37734.283.fna_vs_GCF_027944555.1_ASM2794455v1_genomic.fna_blast.xml,0,0,0,1,0,0,1,3347375,164651,0,9,41,467,0,0,37734_subject_array_1739686409.bin
179665,37734,V387,37734.257,6,https://ftp.ncbi.nlm.nih.gov/genomes/all/GCF/025/459/525/GCF_025459525.1_ASM2545952v1,6,37734.257.fna,GCF_025459525.1_ASM2545952v1_genomic.fna,3524176,3524176,37734.257.fna_vs_GCF_025459525.1_ASM2545952v1_genomic.fna_blast.xml,0,0,0,0,0,0,0,0,3524176,0,0,0,0,0,0,37734_subject_array_1739686411.bin
179672,37752,NCTC13514,37752.12,6,https://ftp.ncbi.nlm.nih.gov/genomes/all/GCF/900/450/525/GCF_900450525.1_59302_E01,6,37752.12.fna,GCF_900450525.1_59302_E01_genomic.fna,5300119,5300119,37752.12.fna_vs_GCF_900450525.1_59302_E01_genomic.fna_blast.xml,0,0,0,0,0,0,0,0,5300119,0,0,0,0,0,0,37752_subject_array_1739686416.bin
179711,37919,DSM 44240,45461.3,6,https://ftp.ncbi.nlm.nih.gov/genomes/all/GCF/014/138/705/GCF_014138705.1_ASM1413870v1,6,45461.3.fna,GCF_014138705.1_ASM1413870v1_genomic.fna,7822575,7822575,45461.3.fna_vs_GCF_014138705.1_ASM1413870v1_genomic.fna_blast.xml,0,0,0,0,0,0,0,0,7822575,0,0,0,0,0,0,45461_subject_array_1739686421.bin
179719,37919,R7,37919.10,6,https://ftp.ncbi.nlm.nih.gov/genomes/all/GCF/000/736/435/GCF_000736435.1_ASM73643v1,6,37919.10.fna,GCF_000736435.1_ASM73643v1_genomic.fna,10118052,10118052,37919.10.fna_vs_GCF_000736435.1_ASM73643v1_genomic.fna_blast.xml,0,0,0,0,0,0,0,27772,10090249,0,0,5,26,0,0,37919_subject_array_1739686430.bin
180017,382,AK58,382.1222,6,https://ftp.ncbi.nlm.nih.gov/genomes/all/GCF/028/895/165/GCF_028895165.1_ASM2889516v1,6,382.1222.fna,GCF_028895165.1_ASM2889516v1_genomic.fna,7114023,7114023,382.1222.fna_vs_GCF_028895165.1_ASM2889516v1_genomic.fna_blast.xml,0,0,0,0,0,0,0,0,7114023,0,0,0,0,0,0,382_subject_array_1739686437.bin
180035,382,CL374FF,382.1205,6,https://ftp.ncbi.nlm.nih.gov/genomes/all/GCF/028/888/155/GCF_028888155.1_ASM2888815v1,6,382.1205.fna,GCF_028888155.1_ASM2888815v1_genomic.fna,7436312,7436312,382.1205.fna_vs_GCF_028888155.1_ASM2888815v1_genomic.fna_blast.xml,0,0,0,0,0,0,0,0,7436312,0,0,0,0,0,0,382_subject_array_1739686444.bin
180037,382,CO438LL,382.1215,6,https://ftp.ncbi.nlm.nih.gov/genomes/all/GCF/028/895/005/GCF_028895005.1_ASM2889500v1,6,382.1215.fna,GCF_028895005.1_ASM2889500v1_genomic.fna,7239500,7239500,382.1215.fna_vs_GCF_028895005.1_ASM2889500v1_genomic.fna_blast.xml,0,0,0,0,0,0,1,0,7239497,0,0,2,0,0,0,382_subject_array_1739686452.bin
180043,382,H1,382.1203,6,https://ftp.ncbi.nlm.nih.gov/genomes/all/GCF/028/888/125/GCF_028888125.1_ASM2888812v1,6,382.1203.fna,GCF_028888125.1_ASM2888812v1_genomic.fna,6912817,6912817,382.1203.fna_vs_GCF_028888125.1_ASM2888812v1_genomic.fna_blast.xml,0,0,0,0,0,0,0,0,6912817,0,0,0,0,0,0,382_subject_array_1739686459.bin
180083,382,RRI128,382.1171,6,https://ftp.ncbi.nlm.nih.gov/genomes/all/GCF/021/052/665/GCF_021052665.1_ASM2105266v1,6,382.1171.fna,GCF_021052665.1_ASM2105266v1_genomic.fna,7266902,7266902,382.1171.fna_vs_GCF_021052665.1_ASM2105266v1_genomic.fna_blast.xml,0,0,0,0,0,0,0,0,7266902,0,0,0,0,0,0,382_subject_array_1739686466.bin
180242,382245,A449,382245.13,6,https://ftp.ncbi.nlm.nih.gov/genomes/all/GCF/000/196/395/GCF_000196395.1_ASM19639v1,6,382245.13.fna,GCF_000196395.1_ASM19639v1_genomic.fna,5040536,5040536,382245.13.fna_vs_GCF_000196395.1_ASM19639v1_genomic.fna_blast.xml,0,0,0,0,0,0,0,0,5040535,0,0,1,0,0,0,382245_subject_array_1739686471.bin
180354,38293,NCTC11646,38293.35,6,https://ftp.ncbi.nlm.nih.gov/genomes/all/GCF/900/454/675/GCF_900454675.1_58225_B01,6,38293.35.fna,GCF_900454675.1_58225_B01_genomic.fna,4660302,4660302,38293.35.fna_vs_GCF_900454675.1_58225_B01_genomic.fna_blast.xml,0,0,0,0,0,0,0,0,4660302,0,0,0,0,0,0,38293_subject_array_1739686474.bin
180685,384,ATCC 10004,384.1044,6,https://ftp.ncbi.nlm.nih.gov/genomes/all/GCF/033/842/645/GCF_033842645.1_ASM3384264v1,6,384.1044.fna,GCF_033842645.1_ASM3384264v1_genomic.fna,8029099,8029099,384.1044.fna_vs_GCF_033842645.1_ASM3384264v1_genomic.fna_blast.xml,0,0,0,0,0,0,0,0,8029099,0,0,0,0,0,0,384_subject_array_1739686480.bin
180695,384,CC283b,384.1023,6,https://ftp.ncbi.nlm.nih.gov/genomes/all/GCF/029/714/245/GCF_029714245.1_ASM2971424v1,6,384.1023.fna,GCF_029714245.1_ASM2971424v1_genomic.fna,8062127,8062127,384.1023.fna_vs_GCF_029714245.1_ASM2971424v1_genomic.fna_blast.xml,0,0,0,0,0,0,0,0,8062127,0,0,0,0,0,0,384_subject_array_1739686487.bin
180722,384,GLR17,384.432,6,https://ftp.ncbi.nlm.nih.gov/genomes/all/GCF/017/357/305/GCF_017357305.1_ASM1735730v1,6,384.432.fna,GCF_017357305.1_ASM1735730v1_genomic.fna,7503296,7503296,384.432.fna_vs_GCF_017357305.1_ASM1735730v1_genomic.fna_blast.xml,0,0,0,0,0,0,0,0,7503296,0,0,0,0,0,0,384_subject_array_1739686493.bin
180786,384,Norway,384.94,6,https://ftp.ncbi.nlm.nih.gov/genomes/all/GCF/002/953/715/GCF_002953715.1_ASM295371v1,6,384.94.fna,GCF_002953715.1_ASM295371v1_genomic.fna,7788085,7788085,384.94.fna_vs_GCF_002953715.1_ASM295371v1_genomic.fna_blast.xml,0,0,0,0,0,0,0,0,7788085,0,0,0,0,0,0,384_subject_array_1739686499.bin
180787,384,OyaliB,384.431,6,https://ftp.ncbi.nlm.nih.gov/genomes/all/GCF/017/348/875/GCF_017348875.1_ASM1734887v1,6,384.431.fna,GCF_017348875.1_ASM1734887v1_genomic.fna,7465802,7465802,384.431.fna_vs_GCF_017348875.1_ASM1734887v1_genomic.fna_blast.xml,0,0,0,0,0,0,0,0,7465802,0,0,0,0,0,0,384_subject_array_1739686505.bin
180918,384,TP16,384.1051,6,https://ftp.ncbi.nlm.nih.gov/genomes/all/GCF/035/969/035/GCF_035969035.1_ASM3596903v1,6,384.1051.fna,GCF_035969035.1_ASM3596903v1_genomic.fna,8799320,8799320,384.1051.fna_vs_GCF_035969035.1_ASM3596903v1_genomic.fna_blast.xml,0,0,0,0,0,0,0,0,8799320,0,0,0,0,0,0,384_subject_array_1739686512.bin
180919,384,Tp73_4,384.1008,6,https://ftp.ncbi.nlm.nih.gov/genomes/all/GCF/021/391/715/GCF_021391715.1_ASM2139171v1,6,384.1008.fna,GCF_021391715.1_ASM2139171v1_genomic.fna,7583662,7583662,384.1008.fna_vs_GCF_021391715.1_ASM2139171v1_genomic.fna_blast.xml,0,0,0,0,0,0,0,0,7583662,0,0,0,0,0,0,384_subject_array_1739686518.bin
181030,386,22B,386.179,6,https://ftp.ncbi.nlm.nih.gov/genomes/all/GCF/011/604/525/GCF_011604525.1_ASM1160452v1,6,386.179.fna,GCF_011604525.1_ASM1160452v1_genomic.fna,7496056,7496056,386.179.fna_vs_GCF_011604525.1_ASM1160452v1_genomic.fna_blast.xml,0,0,0,0,0,0,0,0,7496055,0,1,0,0,0,0,386_subject_array_1739686524.bin
181031,386,23B,386.180,6,https://ftp.ncbi.nlm.nih.gov/genomes/all/GCF/011/604/505/GCF_011604505.1_ASM1160450v1,6,386.180.fna,GCF_011604505.1_ASM1160450v1_genomic.fna,7932610,7932610,386.180.fna_vs_GCF_011604505.1_ASM1160450v1_genomic.fna_blast.xml,0,0,0,0,0,0,0,0,7932609,0,0,1,0,0,0,386_subject_array_1739686531.bin
181034,386,9B,386.177,6,https://ftp.ncbi.nlm.nih.gov/genomes/all/GCF/011/604/485/GCF_011604485.1_ASM1160448v1,6,386.177.fna,GCF_011604485.1_ASM1160448v1_genomic.fna,7035472,7035472,386.177.fna_vs_GCF_011604485.1_ASM1160448v1_genomic.fna_blast.xml,0,0,0,0,0,0,1,0,7035468,0,1,2,0,0,0,386_subject_array_1739686536.bin
181105,387,UPM791,387.138,6,https://ftp.ncbi.nlm.nih.gov/genomes/all/GCF/002/948/295/GCF_002948295.1_ASM294829v1,6,387.138.fna,GCF_002948295.1_ASM294829v1_genomic.fna,7837567,7837567,387.138.fna_vs_GCF_002948295.1_ASM294829v1_genomic.fna_blast.xml,0,0,0,0,0,0,0,0,7837566,0,0,1,0,0,0,387_subject_array_1739686543.bin
181115,387659,KMM 3046,387659.5,6,https://ftp.ncbi.nlm.nih.gov/genomes/all/GCF/003/413/745/GCF_003413745.1_ASM341374v1,6,387659.5.fna,GCF_003413745.1_ASM341374v1_genomic.fna,3303244,3303244,387659.5.fna_vs_GCF_003413745.1_ASM341374v1_genomic.fna_blast.xml,0,0,0,0,0,0,0,0,3303244,0,0,0,0,0,0,387659_subject_array_1739686545.bin
181171,390637,R2A 31.P,390637.11,6,https://ftp.ncbi.nlm.nih.gov/genomes/all/GCF/020/147/965/GCF_020147965.1_ASM2014796v1,6,390637.11.fna,GCF_020147965.1_ASM2014796v1_genomic.fna,3568533,3568533,390637.11.fna_vs_GCF_020147965.1_ASM2014796v1_genomic.fna_blast.xml,0,0,0,0,0,0,0,404,3568126,0,0,2,1,0,0,390637_subject_array_1739686548.bin
181287,393481,DSM 18423,393481.3,6,https://ftp.ncbi.nlm.nih.gov/genomes/all/GCF/006/716/865/GCF_006716865.1_ASM671686v1,6,393481.3.fna,GCF_006716865.1_ASM671686v1_genomic.fna,4725029,4725029,393481.3.fna_vs_GCF_006716865.1_ASM671686v1_genomic.fna_blast.xml,0,0,0,0,0,0,0,0,4725029,0,0,0,0,0,0,393481_subject_array_1739686552.bin
181647,395631,TA9730,395631.28,6,https://ftp.ncbi.nlm.nih.gov/genomes/all/GCF/030/296/955/GCF_030296955.1_ASM3029695v1,6,395631.28.fna,GCF_030296955.1_ASM3029695v1_genomic.fna,6063247,6063247,395631.28.fna_vs_GCF_030296955.1_ASM3029695v1_genomic.fna_blast.xml,0,0,0,0,0,0,0,0,6063247,0,0,0,0,0,0,395631_subject_array_1739686557.bin
181679,396,N671,396.17,6,https://ftp.ncbi.nlm.nih.gov/genomes/all/GCF/001/664/365/GCF_001664365.1_ASM166436v1,6,396.17.fna,GCF_001664365.1_ASM166436v1_genomic.fna,6906114,6906114,396.17.fna_vs_GCF_001664365.1_ASM166436v1_genomic.fna_blast.xml,0,0,0,0,0,0,0,0,6906114,0,0,0,0,0,0,396_subject_array_1739686563.bin
181680,396,N771,396.19,6,https://ftp.ncbi.nlm.nih.gov/genomes/all/GCF/001/664/405/GCF_001664405.1_ASM166440v1,6,396.19.fna,GCF_001664405.1_ASM166440v1_genomic.fna,6906405,6906405,396.19.fna_vs_GCF_001664405.1_ASM166440v1_genomic.fna_blast.xml,0,0,0,0,0,0,4,0,6906306,0,8,87,0,0,0,396_subject_array_1739686568.bin
181682,396,N841,396.20,6,https://ftp.ncbi.nlm.nih.gov/genomes/all/GCF/001/664/425/GCF_001664425.1_ASM166442v1,6,396.20.fna,GCF_001664425.1_ASM166442v1_genomic.fna,6859907,6859907,396.20.fna_vs_GCF_001664425.1_ASM166442v1_genomic.fna_blast.xml,0,0,0,0,0,0,0,0,6859907,0,0,0,0,0,0,396_subject_array_1739686574.bin
181819,398580,DFL 12,398580.10,6,https://ftp.ncbi.nlm.nih.gov/genomes/all/GCF/000/018/145/GCF_000018145.1_ASM1814v1,6,398580.10.fna,GCF_000018145.1_ASM1814v1_genomic.fna,4417868,4417868,398580.10.fna_vs_GCF_000018145.1_ASM1814v1_genomic.fna_blast.xml,0,0,0,0,0,0,0,0,4417868,0,0,0,0,0,0,398580_subject_array_1739686577.bin
181859,399587,2006LSAL04589,399587.150,6,https://ftp.ncbi.nlm.nih.gov/genomes/all/GCF/943/111/705/GCF_943111705.1_2006LSAL04589,6,399587.150.fna,GCF_943111705.1_2006LSAL04589_genomic.fna,4887071,4887071,399587.150.fna_vs_GCF_943111705.1_2006LSAL04589_genomic.fna_blast.xml,0,0,0,0,0,0,0,0,4887071,0,0,0,0,0,0,399587_subject_array_1739686581.bin
181971,40041,SEZ_14-151,40041.538,6,https://ftp.ncbi.nlm.nih.gov/genomes/all/GCF/021/077/025/GCF_021077025.1_ASM2107702v1,6,40041.538.fna,GCF_021077025.1_ASM2107702v1_genomic.fna,2262055,2262055,40041.538.fna_vs_GCF_021077025.1_ASM2107702v1_genomic.fna_blast.xml,0,0,0,0,0,0,0,0,2262055,0,0,0,0,0,0,40041_subject_array_1739686582.bin
182027,400946,ATCC 51249,400946.13,6,https://ftp.ncbi.nlm.nih.gov/genomes/all/GCF/002/252/325/GCF_002252325.1_ASM225232v1,6,400946.13.fna,GCF_002252325.1_ASM225232v1_genomic.fna,2136105,2136105,400946.13.fna_vs_GCF_002252325.1_ASM225232v1_genomic.fna_blast.xml,0,0,0,0,0,0,0,0,2136105,0,0,0,0,0,0,400946_subject_array_1739686584.bin
182114,40214,GD03920,40214.261,6,https://ftp.ncbi.nlm.nih.gov/genomes/all/GCF/029/839/745/GCF_029839745.1_ASM2983974v1,6,40214.261.fna,GCF_029839745.1_ASM2983974v1_genomic.fna,3873808,3873808,40214.261.fna_vs_GCF_029839745.1_ASM2983974v1_genomic.fna_blast.xml,0,0,0,0,0,0,0,0,3873808,0,0,0,0,0,0,40214_subject_array_1739686587.bin
182131,40214,NCTC10308,40214.47,6,https://ftp.ncbi.nlm.nih.gov/genomes/all/GCF/900/444/855/GCF_900444855.1_46338_D01,6,40214.47.fna,GCF_900444855.1_46338_D01_genomic.fna,3655558,3655558,40214.47.fna_vs_GCF_900444855.1_46338_D01_genomic.fna_blast.xml,0,0,0,0,0,0,0,0,3655558,0,0,0,0,0,0,40214_subject_array_1739686590.bin
182168,40215,Ajun-H1-2,40215.199,6,https://ftp.ncbi.nlm.nih.gov/genomes/all/GCF/035/798/055/GCF_035798055.1_ASM3579805v1,6,40215.199.fna,GCF_035798055.1_ASM3579805v1_genomic.fna,4025181,4025181,40215.199.fna_vs_GCF_035798055.1_ASM3579805v1_genomic.fna_blast.xml,0,0,0,0,0,0,0,0,4025181,0,0,0,0,0,0,40215_subject_array_1739686594.bin
182269,40216,FDAARGOS_731,40216.95,6,https://ftp.ncbi.nlm.nih.gov/genomes/all/GCF/014/069/095/GCF_014069095.1_ASM1406909v1,6,40216.95.fna,GCF_014069095.1_ASM1406909v1_genomic.fna,3377444,3377444,40216.95.fna_vs_GCF_014069095.1_ASM1406909v1_genomic.fna_blast.xml,0,0,0,0,0,0,0,173,3377271,0,0,0,0,0,0,40216_subject_array_1739686596.bin
182610,40324,EA21,40324.471,6,https://ftp.ncbi.nlm.nih.gov/genomes/all/GCF/002/798/945/GCF_002798945.1_ASM279894v1,6,40324.471.fna,GCF_002798945.1_ASM279894v1_genomic.fna,4726489,4726489,40324.471.fna_vs_GCF_002798945.1_ASM279894v1_genomic.fna_blast.xml,0,0,0,0,0,0,0,0,4726488,0,0,1,0,0,0,40324_subject_array_1739686600.bin
182984,40324,msm6,40324.2788,6,https://ftp.ncbi.nlm.nih.gov/genomes/all/GCF/032/025/665/GCF_032025665.1_ASM3202566v1,6,40324.2788.fna,GCF_032025665.1_ASM3202566v1_genomic.fna,4495881,4495881,40324.2788.fna_vs_GCF_032025665.1_ASM3202566v1_genomic.fna_blast.xml,0,0,0,0,0,0,0,0,4495881,0,0,0,0,0,0,40324_subject_array_1739686605.bin
183297,407020,MI1205,407020.3,6,https://ftp.ncbi.nlm.nih.gov/genomes/all/GCF/001/563/285/GCF_001563285.1_ASM156328v1,6,407020.3.fna,GCF_001563285.1_ASM156328v1_genomic.fna,4619375,4619375,407020.3.fna_vs_GCF_001563285.1_ASM156328v1_genomic.fna_blast.xml,0,0,0,0,0,0,0,0,4619375,0,0,0,0,0,0,407020_subject_array_1739686609.bin
183443,410839,DSM 18799,410839.3,6,https://ftp.ncbi.nlm.nih.gov/genomes/all/GCF/026/344/055/GCF_026344055.1_ASM2634405v1,6,410839.3.fna,GCF_026344055.1_ASM2634405v1_genomic.fna,4581777,4581777,410839.3.fna_vs_GCF_026344055.1_ASM2634405v1_genomic.fna_blast.xml,0,0,0,0,0,0,0,0,4581777,0,0,0,0,0,0,410839_subject_array_1739686612.bin
183524,412384,AYG1023,412384.218,6,https://ftp.ncbi.nlm.nih.gov/genomes/all/GCF/030/406/185/GCF_030406185.1_ASM3040618v1,6,412384.218.fna,GCF_030406185.1_ASM3040618v1_genomic.fna,5733652,5733652,412384.218.fna_vs_GCF_030406185.1_ASM3040618v1_genomic.fna_blast.xml,0,0,0,0,0,0,0,0,5733652,0,0,0,0,0,0,412384_subject_array_1739686617.bin
183531,412384,B2,412384.179,6,https://ftp.ncbi.nlm.nih.gov/genomes/all/GCF/022/811/825/GCF_022811825.1_ASM2281182v1,6,412384.179.fna,GCF_022811825.1_ASM2281182v1_genomic.fna,5450197,5450197,412384.179.fna_vs_GCF_022811825.1_ASM2281182v1_genomic.fna_blast.xml,0,0,0,0,0,0,0,0,5450197,0,0,0,0,0,0,412384_subject_array_1739686622.bin
183551,412384,HCL2022-2,412384.191,6,https://ftp.ncbi.nlm.nih.gov/genomes/all/GCF/024/434/365/GCF_024434365.1_ASM2443436v1,6,412384.191.fna,GCF_024434365.1_ASM2443436v1_genomic.fna,5410012,5410012,412384.191.fna_vs_GCF_024434365.1_ASM2443436v1_genomic.fna_blast.xml,0,0,0,0,0,0,0,0,5410012,0,0,0,0,0,0,412384_subject_array_1739686626.bin
183565,412384,KNUC0119,412384.72,6,https://ftp.ncbi.nlm.nih.gov/genomes/all/GCF/018/881/345/GCF_018881345.1_ASM1888134v1,6,412384.72.fna,GCF_018881345.1_ASM1888134v1_genomic.fna,5815073,5815073,412384.72.fna_vs_GCF_018881345.1_ASM1888134v1_genomic.fna_blast.xml,0,0,0,0,0,0,0,0,5815073,0,0,0,0,0,0,412384_subject_array_1739686631.bin
183567,412384,LAD,412384.71,6,https://ftp.ncbi.nlm.nih.gov/genomes/all/GCF/017/743/055/GCF_017743055.1_ASM1774305v1,6,412384.71.fna,GCF_017743055.1_ASM1774305v1_genomic.fna,5956834,5956834,412384.71.fna_vs_GCF_017743055.1_ASM1774305v1_genomic.fna_blast.xml,0,0,0,0,0,0,0,0,5956834,0,0,0,0,0,0,412384_subject_array_1739686637.bin
183597,412384,XT37,412384.217,6,https://ftp.ncbi.nlm.nih.gov/genomes/all/GCF/030/374/065/GCF_030374065.1_ASM3037406v1,6,412384.217.fna,GCF_030374065.1_ASM3037406v1_genomic.fna,5317661,5317661,412384.217.fna_vs_GCF_030374065.1_ASM3037406v1_genomic.fna_blast.xml,0,0,0,0,0,0,0,0,5317661,0,0,0,0,0,0,412384_subject_array_1739686641.bin
183612,412689,KV-663,412689.3,6,https://ftp.ncbi.nlm.nih.gov/genomes/all/GCF/006/716/675/GCF_006716675.1_ASM671667v1,6,412689.3.fna,GCF_006716675.1_ASM671667v1_genomic.fna,5266538,5266538,412689.3.fna_vs_GCF_006716675.1_ASM671667v1_genomic.fna_blast.xml,0,0,0,0,0,0,0,0,5266538,0,0,0,0,0,0,412689_subject_array_1739686645.bin
183849,415214,JCM 16544,415214.3,6,https://ftp.ncbi.nlm.nih.gov/genomes/all/GCF/039/536/545/GCF_039536545.1_ASM3953654v1,6,415214.3.fna,GCF_039536545.1_ASM3953654v1_genomic.fna,3313145,3313145,415214.3.fna_vs_GCF_039536545.1_ASM3953654v1_genomic.fna_blast.xml,0,0,0,0,0,0,0,431,3312714,0,0,0,0,0,0,415214_subject_array_1739686648.bin
183857,415218,DSM 18935,415218.3,6,https://ftp.ncbi.nlm.nih.gov/genomes/all/GCF/007/828/725/GCF_007828725.1_ASM782872v1,6,415218.3.fna,GCF_007828725.1_ASM782872v1_genomic.fna,2953873,2953873,415218.3.fna_vs_GCF_007828725.1_ASM782872v1_genomic.fna_blast.xml,0,0,0,0,0,0,0,0,2953873,0,0,0,0,0,0,415218_subject_array_1739686651.bin
184160,41985,CCUG 35506,41985.3,6,https://ftp.ncbi.nlm.nih.gov/genomes/all/GCF/004/134/865/GCF_004134865.1_ASM413486v1,6,41985.3.fna,GCF_004134865.1_ASM413486v1_genomic.fna,4009498,4009498,41985.3.fna_vs_GCF_004134865.1_ASM413486v1_genomic.fna_blast.xml,0,0,0,0,0,0,0,0,4009498,0,0,0,0,0,0,41985_subject_array_1739686653.bin
184291,424796,DSM 23960,424796.3,6,https://ftp.ncbi.nlm.nih.gov/genomes/all/GCF/014/196/335/GCF_014196335.1_ASM1419633v1,6,424796.3.fna,GCF_014196335.1_ASM1419633v1_genomic.fna,3360201,3360201,424796.3.fna_vs_GCF_014196335.1_ASM1419633v1_genomic.fna_blast.xml,0,0,0,0,0,0,0,0,3360201,0,0,0,0,0,0,424796_subject_array_1739686656.bin
184363,42858,7047,42858.75,6,https://ftp.ncbi.nlm.nih.gov/genomes/all/GCF/030/012/925/GCF_030012925.1_ASM3001292v1,6,42858.75.fna,GCF_030012925.1_ASM3001292v1_genomic.fna,2620702,2620702,42858.75.fna_vs_GCF_030012925.1_ASM3001292v1_genomic.fna_blast.xml,0,0,0,0,0,0,0,0,2620702,0,0,0,0,0,0,42858_subject_array_1739686658.bin
184501,42897,Sflex 21-42,42897.163,6,https://ftp.ncbi.nlm.nih.gov/genomes/all/GCF/029/625/495/GCF_029625495.1_ASM2962549v1,6,42897.163.fna,GCF_029625495.1_ASM2962549v1_genomic.fna,4980722,4980722,42897.163.fna_vs_GCF_029625495.1_ASM2962549v1_genomic.fna_blast.xml,0,0,0,0,0,0,0,0,4980722,0,0,0,0,0,0,42897_subject_array_1739686666.bin
184525,429728,IPL20,429728.4,6,https://ftp.ncbi.nlm.nih.gov/genomes/all/GCF/900/116/545/GCF_900116545.1_IMG-taxon_2675903690_annotated_assembly,6,429728.4.fna,GCF_900116545.1_IMG-taxon_2675903690_annotated_assembly_genomic.fna,3724570,3724570,429728.4.fna_vs_GCF_900116545.1_IMG-taxon_2675903690_annotated_assembly_genomic.fna_blast.xml,0,0,0,0,0,0,0,580,3723990,0,0,0,0,0,0,429728_subject_array_1739686669.bin
184543,43057,SY5,43057.13,6,https://ftp.ncbi.nlm.nih.gov/genomes/all/GCF/021/391/315/GCF_021391315.1_ASM2139131v1,6,43057.13.fna,GCF_021391315.1_ASM2139131v1_genomic.fna,4442977,4442977,43057.13.fna_vs_GCF_021391315.1_ASM2139131v1_genomic.fna_blast.xml,0,0,0,0,0,0,0,0,4442977,0,0,0,0,0,0,43057_subject_array_1739686672.bin
184625,433644,JCM 16023,433644.4,6,https://ftp.ncbi.nlm.nih.gov/genomes/all/GCF/039/531/795/GCF_039531795.1_ASM3953179v1,6,433644.4.fna,GCF_039531795.1_ASM3953179v1_genomic.fna,4164380,4164380,433644.4.fna_vs_GCF_039531795.1_ASM3953179v1_genomic.fna_blast.xml,0,0,0,0,0,0,0,0,4164380,0,0,0,0,0,0,433644_subject_array_1739686675.bin
184866,43765,NCTC7243,43765.18,6,https://ftp.ncbi.nlm.nih.gov/genomes/all/GCF/900/461/385/GCF_900461385.1_52465_H02,6,43765.18.fna,GCF_900461385.1_52465_H02_genomic.fna,2638280,2638280,43765.18.fna_vs_GCF_900461385.1_52465_H02_genomic.fna_blast.xml,0,0,0,0,0,0,0,0,2638280,0,0,0,0,0,0,43765_subject_array_1739686677.bin
184898,43765,p3-SID879,43765.206,6,https://ftp.ncbi.nlm.nih.gov/genomes/all/GCF/025/145/255/GCF_025145255.1_ASM2514525v1,6,43765.206.fna,GCF_025145255.1_ASM2514525v1_genomic.fna,2496688,2496688,43765.206.fna_vs_GCF_025145255.1_ASM2514525v1_genomic.fna_blast.xml,0,0,0,0,0,0,0,0,2496688,0,0,0,0,0,0,43765_subject_array_1739686679.bin
185119,439334,ATCC 700898,439334.677,6,https://ftp.ncbi.nlm.nih.gov/genomes/all/GCF/022/097/135/GCF_022097135.1_ASM2209713v1,6,439334.677.fna,GCF_022097135.1_ASM2209713v1_genomic.fna,5470041,5470041,439334.677.fna_vs_GCF_022097135.1_ASM2209713v1_genomic.fna_blast.xml,0,0,0,0,0,0,0,0,5470041,0,0,0,0,0,0,439334_subject_array_1739686684.bin
185295,43989,ATCC 51142,43989.4,6,https://ftp.ncbi.nlm.nih.gov/genomes/all/GCF/000/017/845/GCF_000017845.1_ASM1784v1,6,43989.4.fna,GCF_000017845.1_ASM1784v1_genomic.fna,5460377,5460377,43989.4.fna_vs_GCF_000017845.1_ASM1784v1_genomic.fna_blast.xml,0,0,0,0,0,0,0,0,5460377,0,0,0,0,0,0,43989_subject_array_1739686688.bin
185453,44009,Edispar-510543-22-WH-flex-hybrid,44009.14,6,https://ftp.ncbi.nlm.nih.gov/genomes/all/GCF/025/599/175/GCF_025599175.1_ASM2559917v1,6,44009.14.fna,GCF_025599175.1_ASM2559917v1_genomic.fna,2662631,2662631,44009.14.fna_vs_GCF_025599175.1_ASM2559917v1_genomic.fna_blast.xml,0,0,0,0,0,0,0,0,2662631,0,0,0,0,0,0,44009_subject_array_1739686690.bin
185731,442,ATCC 9937,442.54,6,https://ftp.ncbi.nlm.nih.gov/genomes/all/GCF/030/450/005/GCF_030450005.1_ASM3045000v1,6,442.54.fna,GCF_030450005.1_ASM3045000v1_genomic.fna,2990259,2990259,442.54.fna_vs_GCF_030450005.1_ASM3045000v1_genomic.fna_blast.xml,0,0,0,0,0,0,0,0,2990259,0,0,0,0,0,0,442_subject_array_1739686693.bin
187061,446860,S43,446860.17,6,https://ftp.ncbi.nlm.nih.gov/genomes/all/GCF/002/849/405/GCF_002849405.1_ASM284940v1,6,446860.17.fna,GCF_002849405.1_ASM284940v1_genomic.fna,3897275,3897275,446860.17.fna_vs_GCF_002849405.1_ASM284940v1_genomic.fna_blast.xml,0,0,0,0,0,0,0,0,3897275,0,0,0,0,0,0,446860_subject_array_1739686696.bin
187497,454594,LG81-27,454594.13,6,https://ftp.ncbi.nlm.nih.gov/genomes/all/GCF/002/926/255/GCF_002926255.2_ASM292625v2,6,454594.13.fna,GCF_002926255.2_ASM292625v2_genomic.fna,5206683,5206683,454594.13.fna_vs_GCF_002926255.2_ASM292625v2_genomic.fna_blast.xml,0,0,0,0,0,0,0,1883,5204790,0,0,0,10,0,0,454594_subject_array_1739686702.bin
187577,45610,R310.10B,45610.4,6,https://ftp.ncbi.nlm.nih.gov/genomes/all/GCF/001/298/525/GCF_001298525.1_ASM129852v1,6,45610.4.fna,GCF_001298525.1_ASM129852v1_genomic.fna,2931580,2931580,45610.4.fna_vs_GCF_001298525.1_ASM129852v1_genomic.fna_blast.xml,0,0,0,0,0,0,0,0,2931580,0,0,0,0,0,0,45610_subject_array_1739686704.bin
187772,45670,DSM 5351,45670.8,6,https://ftp.ncbi.nlm.nih.gov/genomes/all/GCF/003/814/515/GCF_003814515.1_ASM381451v1,6,45670.8.fna,GCF_003814515.1_ASM381451v1_genomic.fna,2485369,2485369,45670.8.fna_vs_GCF_003814515.1_ASM381451v1_genomic.fna_blast.xml,0,0,0,0,0,0,0,98,2485271,0,0,0,0,0,0,45670_subject_array_1739686706.bin
188234,46257,R2leaf,46257.8,6,https://ftp.ncbi.nlm.nih.gov/genomes/all/GCF/002/905/795/GCF_002905795.2_ASM290579v2,6,46257.8.fna,GCF_002905795.2_ASM290579v2_genomic.fna,6576340,6576340,46257.8.fna_vs_GCF_002905795.2_ASM290579v2_genomic.fna_blast.xml,0,0,0,0,0,0,0,0,6576340,0,0,0,0,0,0,46257_subject_array_1739686714.bin
188387,46503,NB2A-29-D6,46503.2411,6,https://ftp.ncbi.nlm.nih.gov/genomes/all/GCF/024/125/345/GCF_024125345.1_ASM2412534v1,6,46503.2411.fna,GCF_024125345.1_ASM2412534v1_genomic.fna,4718822,4718822,46503.2411.fna_vs_GCF_024125345.1_ASM2412534v1_genomic.fna_blast.xml,0,0,0,0,0,0,0,0,4718822,0,0,0,0,0,0,46503_subject_array_1739686717.bin
188506,465817,Et1/99,465817.9,6,https://ftp.ncbi.nlm.nih.gov/genomes/all/GCF/000/026/185/GCF_000026185.1_ASM2618v1,6,465817.9.fna,GCF_000026185.1_ASM2618v1_genomic.fna,4067864,4067864,465817.9.fna_vs_GCF_000026185.1_ASM2618v1_genomic.fna_blast.xml,0,0,0,0,0,0,0,0,4067864,0,0,0,0,0,0,465817_subject_array_1739686720.bin
190238,470,A52,470.6368,6,https://ftp.ncbi.nlm.nih.gov/genomes/all/GCF/004/028/375/GCF_004028375.1_ASM402837v1,6,470.6368.fna,GCF_004028375.1_ASM402837v1_genomic.fna,4023316,4023316,470.6368.fna_vs_GCF_004028375.1_ASM402837v1_genomic.fna_blast.xml,0,0,0,0,0,0,0,0,4023316,0,0,0,0,0,0,470_subject_array_1739686723.bin
190265,470,A85,470.3774,6,https://ftp.ncbi.nlm.nih.gov/genomes/all/GCF/002/210/065/GCF_002210065.1_ASM221006v1,6,470.3774.fna,GCF_002210065.1_ASM221006v1_genomic.fna,4144615,4144615,470.3774.fna_vs_GCF_002210065.1_ASM221006v1_genomic.fna_blast.xml,0,0,0,0,0,0,0,0,4144615,0,0,0,0,0,0,470_subject_array_1739686726.bin
190473,470,AB152,470.21037,6,https://ftp.ncbi.nlm.nih.gov/genomes/all/GCF/029/872/025/GCF_029872025.1_ASM2987202v1,6,470.21037.fna,GCF_029872025.1_ASM2987202v1_genomic.fna,4133466,4133466,470.21037.fna_vs_GCF_029872025.1_ASM2987202v1_genomic.fna_blast.xml,0,0,0,0,0,0,0,0,4133466,0,0,0,0,0,0,470_subject_array_1739686730.bin
191886,470,ATCC 17978,470.15544,6,https://ftp.ncbi.nlm.nih.gov/genomes/all/GCF/020/912/005/GCF_020912005.1_ASM2091200v1,6,470.15544.fna,GCF_020912005.1_ASM2091200v1_genomic.fna,4174864,4174864,470.15544.fna_vs_GCF_020912005.1_ASM2091200v1_genomic.fna_blast.xml,0,0,0,0,0,0,6,0,4163550,0,10,2,11295,0,1,470_subject_array_1739686733.bin
191903,470,Ab-D10a-a,470.11477,6,https://ftp.ncbi.nlm.nih.gov/genomes/all/GCF/012/931/625/GCF_012931625.1_ASM1293162v1,6,470.11477.fna,GCF_012931625.1_ASM1293162v1_genomic.fna,4174734,4174734,470.11477.fna_vs_GCF_012931625.1_ASM1293162v1_genomic.fna_blast.xml,0,0,0,0,0,0,0,0,4174734,0,0,0,0,0,0,470_subject_array_1739686736.bin
192940,470,CRAb2,470.25104,6,https://ftp.ncbi.nlm.nih.gov/genomes/all/GCF/038/441/325/GCF_038441325.1_ASM3844132v1,6,470.25104.fna,GCF_038441325.1_ASM3844132v1_genomic.fna,4351879,4351879,470.25104.fna_vs_GCF_038441325.1_ASM3844132v1_genomic.fna_blast.xml,0,0,0,0,0,0,0,0,4351879,0,0,0,0,0,0,470_subject_array_1739686739.bin
193043,470,DETAB-R21,470.18327,6,https://ftp.ncbi.nlm.nih.gov/genomes/all/GCF/024/205/285/GCF_024205285.1_ASM2420528v1,6,470.18327.fna,GCF_024205285.1_ASM2420528v1_genomic.fna,3887434,3887434,470.18327.fna_vs_GCF_024205285.1_ASM2420528v1_genomic.fna_blast.xml,0,0,0,0,0,0,0,0,3887434,0,0,0,0,0,0,470_subject_array_1739686742.bin
193681,470,JAB108,470.20960,6,https://ftp.ncbi.nlm.nih.gov/genomes/all/GCF/029/714/125/GCF_029714125.1_ASM2971412v1,6,470.20960.fna,GCF_029714125.1_ASM2971412v1_genomic.fna,4223469,4223469,470.20960.fna_vs_GCF_029714125.1_ASM2971412v1_genomic.fna_blast.xml,0,0,0,0,0,0,1,199,4223267,0,0,2,0,0,0,470_subject_array_1739686745.bin
194634,470,NCSR_106,470.25136,6,https://ftp.ncbi.nlm.nih.gov/genomes/all/GCF/039/545/565/GCF_039545565.1_NCSR_106_Hybrid_assembly,6,470.25136.fna,GCF_039545565.1_NCSR_106_Hybrid_assembly_genomic.fna,4220591,4220591,470.25136.fna_vs_GCF_039545565.1_NCSR_106_Hybrid_assembly_genomic.fna_blast.xml,0,0,0,0,0,0,0,0,4220591,0,0,0,0,0,0,470_subject_array_1739686749.bin
194640,470,NCTC13304,470.5452,6,https://ftp.ncbi.nlm.nih.gov/genomes/all/GCF/900/444/715/GCF_900444715.1_53990_B01,6,470.5452.fna,GCF_900444715.1_53990_B01_genomic.fna,4140855,4140855,470.5452.fna_vs_GCF_900444715.1_53990_B01_genomic.fna_blast.xml,0,0,0,0,0,0,0,0,4140855,0,0,0,0,0,0,470_subject_array_1739686752.bin
194642,470,NCTC13420,470.5458,6,https://ftp.ncbi.nlm.nih.gov/genomes/all/GCF/900/444/785/GCF_900444785.1_34555_C01,6,470.5458.fna,GCF_900444785.1_34555_C01_genomic.fna,4076606,4076606,470.5458.fna_vs_GCF_900444785.1_34555_C01_genomic.fna_blast.xml,0,0,0,0,0,0,0,0,4076606,0,0,0,0,0,0,470_subject_array_1739686755.bin
194663,470,NKE-84-2,470.23118,6,https://ftp.ncbi.nlm.nih.gov/genomes/all/GCF/033/034/015/GCF_033034015.1_ASM3303401v1,6,470.23118.fna,GCF_033034015.1_ASM3303401v1_genomic.fna,4053631,4053631,470.23118.fna_vs_GCF_033034015.1_ASM3303401v1_genomic.fna_blast.xml,0,0,0,0,0,0,0,0,4053631,0,0,0,0,0,0,470_subject_array_1739686758.bin
194806,470,PM193665,470.11489,6,https://ftp.ncbi.nlm.nih.gov/genomes/all/GCF/012/935/085/GCF_012935085.1_ASM1293508v1,6,470.11489.fna,GCF_012935085.1_ASM1293508v1_genomic.fna,4180241,4180241,470.11489.fna_vs_GCF_012935085.1_ASM1293508v1_genomic.fna_blast.xml,0,0,0,0,0,0,0,0,4180241,0,0,0,0,0,0,470_subject_array_1739686761.bin
195564,470,T34,470.24016,6,https://ftp.ncbi.nlm.nih.gov/genomes/all/GCF/036/289/705/GCF_036289705.1_ASM3628970v1,6,470.24016.fna,GCF_036289705.1_ASM3628970v1_genomic.fna,4093434,4093434,470.24016.fna_vs_GCF_036289705.1_ASM3628970v1_genomic.fna_blast.xml,0,0,0,0,0,0,0,0,4093434,0,0,0,0,0,0,470_subject_array_1739686764.bin
195913,470,UPAB1,470.9122,6,https://ftp.ncbi.nlm.nih.gov/genomes/all/GCF/006/843/645/GCF_006843645.1_ASM684364v1,6,470.9122.fna,GCF_006843645.1_ASM684364v1_genomic.fna,4136114,4136114,470.9122.fna_vs_GCF_006843645.1_ASM684364v1_genomic.fna_blast.xml,0,0,0,0,0,0,1,0,4136110,0,0,3,0,0,0,470_subject_array_1739686767.bin
195931,470,VB280821,470.18122,6,https://ftp.ncbi.nlm.nih.gov/genomes/all/GCF/023/809/705/GCF_023809705.1_ASM2380970v1,6,470.18122.fna,GCF_023809705.1_ASM2380970v1_genomic.fna,4340713,4340713,470.18122.fna_vs_GCF_023809705.1_ASM2380970v1_genomic.fna_blast.xml,0,0,0,0,0,0,0,0,4340713,0,0,0,0,0,0,470_subject_array_1739686771.bin
195957,470,WB4,470.21041,6,https://ftp.ncbi.nlm.nih.gov/genomes/all/GCF/029/909/475/GCF_029909475.1_ASM2990947v1,6,470.21041.fna,GCF_029909475.1_ASM2990947v1_genomic.fna,3881790,3881790,470.21041.fna_vs_GCF_029909475.1_ASM2990947v1_genomic.fna_blast.xml,0,0,0,0,0,0,0,0,3881790,0,0,0,0,0,0,470_subject_array_1739686774.bin
196482,470934,TYU1,470934.15,6,https://ftp.ncbi.nlm.nih.gov/genomes/all/GCF/002/287/745/GCF_002287745.1_ASM228774v1,6,470934.15.fna,GCF_002287745.1_ASM228774v1_genomic.fna,4942229,4942229,470934.15.fna_vs_GCF_002287745.1_ASM228774v1_genomic.fna_blast.xml,0,0,0,0,0,0,0,0,4942229,0,0,0,0,0,0,470934_subject_array_1739686777.bin
196796,47678,BFG-330,47678.1225,6,https://ftp.ncbi.nlm.nih.gov/genomes/all/GCF/024/793/085/GCF_024793085.1_ASM2479308v1,6,47678.1225.fna,GCF_024793085.1_ASM2479308v1_genomic.fna,5478223,5478223,47678.1225.fna_vs_GCF_024793085.1_ASM2479308v1_genomic.fna_blast.xml,0,0,0,0,0,0,0,0,5478223,0,0,0,0,0,0,47678_subject_array_1739686782.bin
196907,477,NCTC10359,477.11,6,https://ftp.ncbi.nlm.nih.gov/genomes/all/GCF/900/453/205/GCF_900453205.1_58833_A01,6,477.11.fna,GCF_900453205.1_58833_A01_genomic.fna,2827660,2827660,477.11.fna_vs_GCF_900453205.1_58833_A01_genomic.fna_blast.xml,0,0,0,0,0,0,0,0,2827660,0,0,0,0,0,0,477_subject_array_1739686785.bin
196921,47714,TISTR 2593,47714.84,6,https://ftp.ncbi.nlm.nih.gov/genomes/all/GCF/038/419/715/GCF_038419715.1_ASM3841971v1,6,47714.84.fna,GCF_038419715.1_ASM3841971v1_genomic.fna,3192332,3192332,47714.84.fna_vs_GCF_038419715.1_ASM3841971v1_genomic.fna_blast.xml,0,0,0,0,0,0,0,0,3192332,0,0,0,0,0,0,47714_subject_array_1739686788.bin
197234,47716,DC10-5,47716.206,6,https://ftp.ncbi.nlm.nih.gov/genomes/all/GCF/027/925/645/GCF_027925645.1_ASM2792564v1,6,47716.206.fna,GCF_027925645.1_ASM2792564v1_genomic.fna,3839791,8657427,47716.206.fna_vs_GCF_027925645.1_ASM2792564v1_genomic.fna_blast.xml,0,0,812,187,1,0,654,4653431,3891721,0,896,19885,88524,0,1316,47716_subject_array_1739686791.bin
197259,47716,N11-26,47716.205,6,https://ftp.ncbi.nlm.nih.gov/genomes/all/GCF/027/925/665/GCF_027925665.1_ASM2792566v1,6,47716.205.fna,GCF_027925665.1_ASM2792566v1_genomic.fna,8442210,8442210,47716.205.fna_vs_GCF_027925665.1_ASM2792566v1_genomic.fna_blast.xml,0,0,0,0,0,0,0,0,8442210,0,0,0,0,0,0,47716_subject_array_1739686799.bin
198294,480,RSM163,480.496,6,https://ftp.ncbi.nlm.nih.gov/genomes/all/GCF/028/583/385/GCF_028583385.1_ASM2858338v1,6,480.496.fna,GCF_028583385.1_ASM2858338v1_genomic.fna,1890202,1890202,480.496.fna_vs_GCF_028583385.1_ASM2858338v1_genomic.fna_blast.xml,0,0,0,0,0,0,0,0,1890202,0,0,0,0,0,0,480_subject_array_1739686802.bin
198360,481145,SRCM101342,481145.3,6,https://ftp.ncbi.nlm.nih.gov/genomes/all/GCF/002/173/735/GCF_002173735.1_ASM217373v1,6,481145.3.fna,GCF_002173735.1_ASM217373v1_genomic.fna,3287976,3287976,481145.3.fna_vs_GCF_002173735.1_ASM217373v1_genomic.fna_blast.xml,0,0,0,0,0,0,0,0,3287976,0,0,0,0,0,0,481145_subject_array_1739686807.bin
198456,48296,2012N08-034,48296.973,6,https://ftp.ncbi.nlm.nih.gov/genomes/all/GCF/038/441/165/GCF_038441165.1_ASM3844116v1,6,48296.973.fna,GCF_038441165.1_ASM3844116v1_genomic.fna,3901272,3901272,48296.973.fna_vs_GCF_038441165.1_ASM3844116v1_genomic.fna_blast.xml,0,0,0,0,0,0,0,0,3901272,0,0,0,0,0,0,48296_subject_array_1739686812.bin
198470,48296,20204030,48296.752,6,https://ftp.ncbi.nlm.nih.gov/genomes/all/GCF/030/136/985/GCF_030136985.1_ASM3013698v1,6,48296.752.fna,GCF_030136985.1_ASM3013698v1_genomic.fna,3636539,3636539,48296.752.fna_vs_GCF_030136985.1_ASM3013698v1_genomic.fna_blast.xml,0,0,0,0,0,0,0,0,3636539,0,0,0,0,0,0,48296_subject_array_1739686816.bin
198559,48296,AN37,48296.882,6,https://ftp.ncbi.nlm.nih.gov/genomes/all/GCF/034/072/545/GCF_034072545.1_ASM3407254v1,6,48296.882.fna,GCF_034072545.1_ASM3407254v1_genomic.fna,4010028,4010028,48296.882.fna_vs_GCF_034072545.1_ASM3407254v1_genomic.fna_blast.xml,0,0,0,0,0,0,0,0,4010028,0,0,0,0,0,0,48296_subject_array_1739686822.bin
198654,48296,CARB128,48296.901,6,https://ftp.ncbi.nlm.nih.gov/genomes/all/GCF/034/424/115/GCF_034424115.1_ASM3442411v1,6,48296.901.fna,GCF_034424115.1_ASM3442411v1_genomic.fna,4292353,4292353,48296.901.fna_vs_GCF_034424115.1_ASM3442411v1_genomic.fna_blast.xml,0,0,0,0,0,0,0,0,4292353,0,0,0,0,0,0,48296_subject_array_1739686828.bin
198878,48296,WCHAP005046,48296.284,6,https://ftp.ncbi.nlm.nih.gov/genomes/all/GCF/003/051/965/GCF_003051965.2_ASM305196v2,6,48296.284.fna,GCF_003051965.2_ASM305196v2_genomic.fna,4253326,4253251,48296.284.fna_vs_GCF_003051965.2_ASM305196v2_genomic.fna_blast.xml,0,0,0,0,0,0,1,0,4250953,0,0,2,2295,0,0,48296_subject_array_1739686834.bin
198977,483013,LC.270.F.C4,483013.11,6,https://ftp.ncbi.nlm.nih.gov/genomes/all/GCF/032/924/845/GCF_032924845.1_ASM3292484v1,6,483013.11.fna,GCF_032924845.1_ASM3292484v1_genomic.fna,4703457,4703457,483013.11.fna_vs_GCF_032924845.1_ASM3292484v1_genomic.fna_blast.xml,0,0,0,0,0,0,0,0,4703457,0,0,0,0,0,0,483013_subject_array_1739686840.bin
199294,485,10704,485.12786,6,https://ftp.ncbi.nlm.nih.gov/genomes/all/GCF/020/905/055/GCF_020905055.1_ASM2090505v1,6,485.12786.fna,GCF_020905055.1_ASM2090505v1_genomic.fna,2231680,2231680,485.12786.fna_vs_GCF_020905055.1_ASM2090505v1_genomic.fna_blast.xml,0,0,0,0,0,0,0,0,2231680,0,0,0,0,0,0,485_subject_array_1739686844.bin
199420,485,9399,485.12802,6,https://ftp.ncbi.nlm.nih.gov/genomes/all/GCF/020/906/885/GCF_020906885.1_ASM2090688v1,6,485.12802.fna,GCF_020906885.1_ASM2090688v1_genomic.fna,2239087,2239087,485.12802.fna_vs_GCF_020906885.1_ASM2090688v1_genomic.fna_blast.xml,0,0,0,0,0,0,0,0,2239083,0,1,3,0,0,0,485_subject_array_1739686847.bin
199767,485,GHA-ADB-230/2015,485.12769,6,https://ftp.ncbi.nlm.nih.gov/genomes/all/GCF/021/536/145/GCF_021536145.1_ASM2153614v1,6,485.12769.fna,GCF_021536145.1_ASM2153614v1_genomic.fna,2236134,2236134,485.12769.fna_vs_GCF_021536145.1_ASM2153614v1_genomic.fna_blast.xml,0,0,0,0,0,0,0,0,2236134,0,0,0,0,0,0,485_subject_array_1739686850.bin
199773,485,GHA-ADB-348/2019,485.12742,6,https://ftp.ncbi.nlm.nih.gov/genomes/all/GCF/021/535/585/GCF_021535585.1_ASM2153558v1,6,485.12742.fna,GCF_021535585.1_ASM2153558v1_genomic.fna,2219730,2219730,485.12742.fna_vs_GCF_021535585.1_ASM2153558v1_genomic.fna_blast.xml,0,0,0,0,0,0,0,0,2219730,0,0,0,0,0,0,485_subject_array_1739686854.bin
199805,485,GHA-TMH-588/2018,485.12734,6,https://ftp.ncbi.nlm.nih.gov/genomes/all/GCF/021/535/425/GCF_021535425.1_ASM2153542v1,6,485.12734.fna,GCF_021535425.1_ASM2153542v1_genomic.fna,2210504,2210504,485.12734.fna_vs_GCF_021535425.1_ASM2153542v1_genomic.fna_blast.xml,0,0,0,0,0,0,0,0,2210504,0,0,0,0,0,0,485_subject_array_1739686858.bin
199825,485,LRRBGS_0182,485.1343,6,https://ftp.ncbi.nlm.nih.gov/genomes/all/GCF/003/428/755/GCF_003428755.1_ASM342875v1,6,485.1343.fna,GCF_003428755.1_ASM342875v1_genomic.fna,2246609,2246609,485.1343.fna_vs_GCF_003428755.1_ASM342875v1_genomic.fna_blast.xml,0,0,0,0,0,0,0,0,2246609,0,0,0,0,0,0,485_subject_array_1739686863.bin
199950,485,Opaless,485.18368,6,https://ftp.ncbi.nlm.nih.gov/genomes/all/GCF/009/757/075/GCF_009757075.1_ASM975707v1,6,485.18368.fna,GCF_009757075.1_ASM975707v1_genomic.fna,2169718,2169718,485.18368.fna_vs_GCF_009757075.1_ASM975707v1_genomic.fna_blast.xml,0,0,0,0,0,0,0,0,2169718,0,0,0,0,0,0,485_subject_array_1739686867.bin
200239,485751,LD120,485751.3,6,https://ftp.ncbi.nlm.nih.gov/genomes/all/GCF/009/861/525/GCF_009861525.1_ASM986152v1,6,485751.3.fna,GCF_009861525.1_ASM986152v1_genomic.fna,6672566,6672566,485751.3.fna_vs_GCF_009861525.1_ASM986152v1_genomic.fna_blast.xml,0,0,0,0,0,0,0,0,6672566,0,0,0,0,0,0,485751_subject_array_1739686876.bin
201811,487698,msm2,487698.48,6,https://ftp.ncbi.nlm.nih.gov/genomes/all/GCF/032/025/645/GCF_032025645.1_ASM3202564v1,6,487698.48.fna,GCF_032025645.1_ASM3202564v1_genomic.fna,4466463,4466463,487698.48.fna_vs_GCF_032025645.1_ASM3202564v1_genomic.fna_blast.xml,0,0,0,0,0,0,0,0,4466463,0,0,0,0,0,0,487698_subject_array_1739686883.bin
201898,488,NCTC 10774,488.33,6,https://ftp.ncbi.nlm.nih.gov/genomes/all/GCF/900/454/435/GCF_900454435.1_55147_F01,6,488.33.fna,GCF_900454435.1_55147_F01_genomic.fna,2654294,2654294,488.33.fna_vs_GCF_900454435.1_55147_F01_genomic.fna_blast.xml,0,0,0,0,0,0,0,0,2654294,0,0,0,0,0,0,488_subject_array_1739686892.bin
201922,488447,170816,488447.23,6,https://ftp.ncbi.nlm.nih.gov/genomes/all/GCF/002/924/455/GCF_002924455.1_ASM292445v1,6,488447.23.fna,GCF_002924455.1_ASM292445v1_genomic.fna,8628791,8628791,488447.23.fna_vs_GCF_002924455.1_ASM292445v1_genomic.fna_blast.xml,0,0,0,0,0,0,0,0,8628791,0,0,0,0,0,0,488447_subject_array_1739686900.bin
201923,488447,172630038-1,488447.325,6,https://ftp.ncbi.nlm.nih.gov/genomes/all/GCF/028/920/775/GCF_028920775.1_ASM2892077v1,6,488447.325.fna,GCF_028920775.1_ASM2892077v1_genomic.fna,8711463,8711463,488447.325.fna_vs_GCF_028920775.1_ASM2892077v1_genomic.fna_blast.xml,0,0,0,0,0,0,0,0,8711463,0,0,0,0,0,0,488447_subject_array_1739686911.bin
201928,488447,5080,488447.327,6,https://ftp.ncbi.nlm.nih.gov/genomes/all/GCF/029/590/335/GCF_029590335.1_ASM2959033v1,6,488447.327.fna,GCF_029590335.1_ASM2959033v1_genomic.fna,8789975,8789975,488447.327.fna_vs_GCF_029590335.1_ASM2959033v1_genomic.fna_blast.xml,0,0,0,0,0,0,0,0,8789975,0,0,0,0,0,0,488447_subject_array_1739686921.bin
202040,488447,SCAID TST1-2021 (11/270),488447.284,6,https://ftp.ncbi.nlm.nih.gov/genomes/all/GCF/019/915/365/GCF_019915365.1_ASM1991536v1,6,488447.284.fna,GCF_019915365.1_ASM1991536v1_genomic.fna,8363142,8363142,488447.284.fna_vs_GCF_019915365.1_ASM1991536v1_genomic.fna_blast.xml,0,0,0,0,0,0,0,0,8363142,0,0,0,0,0,0,488447_subject_array_1739686932.bin
202052,488447,toggle1,488447.184,6,https://ftp.ncbi.nlm.nih.gov/genomes/all/GCF/018/223/785/GCF_018223785.1_ASM1822378v1,6,488447.184.fna,GCF_018223785.1_ASM1822378v1_genomic.fna,9280736,9280736,488447.184.fna_vs_GCF_018223785.1_ASM1822378v1_genomic.fna_blast.xml,0,0,0,0,0,0,1,0,9280734,0,1,0,0,0,0,488447_subject_array_1739686943.bin
202459,492670,Canada_S1,492670.1869,6,https://ftp.ncbi.nlm.nih.gov/genomes/all/GCF/030/176/975/GCF_030176975.1_ASM3017697v1,6,492670.1869.fna,GCF_030176975.1_ASM3017697v1_genomic.fna,3972814,3972814,492670.1869.fna_vs_GCF_030176975.1_ASM3017697v1_genomic.fna_blast.xml,0,0,0,0,0,0,0,0,3972814,0,0,0,0,0,0,492670_subject_array_1739686949.bin
202902,492670,VTX9,492670.1071,6,https://ftp.ncbi.nlm.nih.gov/genomes/all/GCF/018/398/955/GCF_018398955.1_ASM1839895v1,6,492670.1071.fna,GCF_018398955.1_ASM1839895v1_genomic.fna,4052249,4052249,492670.1071.fna_vs_GCF_018398955.1_ASM1839895v1_genomic.fna_blast.xml,0,0,0,0,0,0,0,0,4052249,0,0,0,0,0,0,492670_subject_array_1739686953.bin
202967,49283,Mbale,49283.19,6,https://ftp.ncbi.nlm.nih.gov/genomes/all/GCF/007/066/225/GCF_007066225.2_IPM_PthMbale_MinION,6,49283.19.fna,GCF_007066225.2_IPM_PthMbale_MinION_genomic.fna,6931708,6931708,49283.19.fna_vs_GCF_007066225.2_IPM_PthMbale_MinION_genomic.fna_blast.xml,0,0,0,0,0,0,0,0,6931708,0,0,0,0,0,0,49283_subject_array_1739686960.bin
202969,49283,NCTC11027,49283.13,6,https://ftp.ncbi.nlm.nih.gov/genomes/all/GCF/900/454/555/GCF_900454555.1_57566_C02,6,49283.13.fna,GCF_900454555.1_57566_C02_genomic.fna,6588883,6588883,49283.13.fna_vs_GCF_900454555.1_57566_C02_genomic.fna_blast.xml,0,0,0,0,0,0,0,0,6588883,0,0,0,0,0,0,49283_subject_array_1739686966.bin
202997,494,NCTC10295,494.4,6,https://ftp.ncbi.nlm.nih.gov/genomes/all/GCF/900/453/875/GCF_900453875.1_44738_H02,6,494.4.fna,GCF_900453875.1_44738_H02_genomic.fna,2549372,2549372,494.4.fna_vs_GCF_900453875.1_44738_H02_genomic.fna_blast.xml,0,0,0,0,0,0,0,0,2549372,0,0,0,0,0,0,494_subject_array_1739686974.bin
203092,501483,JCM 16030,501483.4,6,https://ftp.ncbi.nlm.nih.gov/genomes/all/GCF/039/531/835/GCF_039531835.1_ASM3953183v1,6,501483.4.fna,GCF_039531835.1_ASM3953183v1_genomic.fna,2951758,2951758,501483.4.fna_vs_GCF_039531835.1_ASM3953183v1_genomic.fna_blast.xml,0,0,0,0,0,0,0,288,2951470,0,0,0,0,0,0,501483_subject_array_1739686977.bin
203297,506591,M561,506591.17,6,https://ftp.ncbi.nlm.nih.gov/genomes/all/GCF/025/139/485/GCF_025139485.1_ASM2513948v1,6,506591.17.fna,GCF_025139485.1_ASM2513948v1_genomic.fna,4449613,4449613,506591.17.fna_vs_GCF_025139485.1_ASM2513948v1_genomic.fna_blast.xml,0,0,0,0,0,0,0,0,4449613,0,0,0,0,0,0,506591_subject_array_1739686980.bin
203299,506591,S141,506591.14,6,https://ftp.ncbi.nlm.nih.gov/genomes/all/GCF/025/139/835/GCF_025139835.1_ASM2513983v1,6,506591.14.fna,GCF_025139835.1_ASM2513983v1_genomic.fna,4550682,4550682,506591.14.fna_vs_GCF_025139835.1_ASM2513983v1_genomic.fna_blast.xml,0,0,0,0,0,0,0,0,4550682,0,0,0,0,0,0,506591_subject_array_1739686983.bin
203300,506591,S185,506591.15,6,https://ftp.ncbi.nlm.nih.gov/genomes/all/GCF/025/139/955/GCF_025139955.1_ASM2513995v1,6,506591.15.fna,GCF_025139955.1_ASM2513995v1_genomic.fna,4374948,4374948,506591.15.fna_vs_GCF_025139955.1_ASM2513995v1_genomic.fna_blast.xml,0,0,0,0,0,0,0,0,4374948,0,0,0,0,0,0,506591_subject_array_1739686986.bin
203508,511662,KC 7T,511662.3,6,https://ftp.ncbi.nlm.nih.gov/genomes/all/GCF/006/346/325/GCF_006346325.1_ASM634632v1,6,511662.3.fna,GCF_006346325.1_ASM634632v1_genomic.fna,2861919,2861919,511662.3.fna_vs_GCF_006346325.1_ASM634632v1_genomic.fna_blast.xml,0,0,0,0,0,0,0,0,2861919,0,0,0,0,0,0,511662_subject_array_1739686990.bin
203563,51288,ESBL09,51288.54,6,https://ftp.ncbi.nlm.nih.gov/genomes/all/GCF/036/487/485/GCF_036487485.1_ASM3648748v1,6,51288.54.fna,GCF_036487485.1_ASM3648748v1_genomic.fna,5641422,5641422,51288.54.fna_vs_GCF_036487485.1_ASM3648748v1_genomic.fna_blast.xml,0,0,0,0,0,0,0,0,5641422,0,0,0,0,0,0,51288_subject_array_1739686997.bin
203570,51288,TP1631,51288.25,6,https://ftp.ncbi.nlm.nih.gov/genomes/all/GCF/015/099/135/GCF_015099135.1_ASM1509913v1,6,51288.25.fna,GCF_015099135.1_ASM1509913v1_genomic.fna,5371308,5371308,51288.25.fna_vs_GCF_015099135.1_ASM1509913v1_genomic.fna_blast.xml,0,0,0,0,0,0,0,0,5371308,0,0,0,0,0,0,51288_subject_array_1739687003.bin
203604,515415,JCM 17023,515415.4,6,https://ftp.ncbi.nlm.nih.gov/genomes/all/GCF/015/278/285/GCF_015278285.1_ASM1527828v1,6,515415.4.fna,GCF_015278285.1_ASM1527828v1_genomic.fna,3572497,3572497,515415.4.fna_vs_GCF_015278285.1_ASM1527828v1_genomic.fna_blast.xml,0,0,0,0,0,0,0,0,3572497,0,0,0,0,0,0,515415_subject_array_1739687008.bin
203634,51663,TMW 2.1532,51663.51,6,https://ftp.ncbi.nlm.nih.gov/genomes/all/GCF/001/611/035/GCF_001611035.1_ASM161103v1,6,51663.51.fna,GCF_001611035.1_ASM161103v1_genomic.fna,2201258,2201258,51663.51.fna_vs_GCF_001611035.1_ASM161103v1_genomic.fna_blast.xml,0,0,0,0,0,0,0,0,2201258,0,0,0,0,0,0,51663_subject_array_1739687013.bin
203637,51663,TMW 2.1535,51663.54,6,https://ftp.ncbi.nlm.nih.gov/genomes/all/GCF/001/611/135/GCF_001611135.1_ASM161113v1,6,51663.54.fna,GCF_001611135.1_ASM161113v1_genomic.fna,2509470,2509470,51663.54.fna_vs_GCF_001611135.1_ASM161113v1_genomic.fna_blast.xml,0,0,0,0,0,0,0,0,2509470,0,0,0,0,0,0,51663_subject_array_1739687018.bin
203711,516702,SAS39,516702.4,6,https://ftp.ncbi.nlm.nih.gov/genomes/all/GCF/013/408/655/GCF_013408655.1_ASM1340865v1,6,516702.4.fna,GCF_013408655.1_ASM1340865v1_genomic.fna,6169515,6169515,516702.4.fna_vs_GCF_013408655.1_ASM1340865v1_genomic.fna_blast.xml,0,0,0,0,0,0,0,190,6169325,0,0,0,0,0,0,516702_subject_array_1739687025.bin
203758,518,NCTC10542,518.62,6,https://ftp.ncbi.nlm.nih.gov/genomes/all/GCF/900/445/815/GCF_900445815.1_54949_F01,6,518.62.fna,GCF_900445815.1_54949_F01_genomic.fna,5242858,5242858,518.62.fna_vs_GCF_900445815.1_54949_F01_genomic.fna_blast.xml,0,0,0,0,0,0,0,0,5242858,0,0,0,0,0,0,518_subject_array_1739687031.bin
204739,520,NCTC13668,520.918,6,https://ftp.ncbi.nlm.nih.gov/genomes/all/GCF/900/445/885/GCF_900445885.1_42912_G02,6,520.918.fna,GCF_900445885.1_42912_G02_genomic.fna,4129562,4129562,520.918.fna_vs_GCF_900445885.1_42912_G02_genomic.fna_blast.xml,0,0,0,0,0,0,0,0,4129557,0,3,2,0,0,0,520_subject_array_1739687054.bin
204871,520838,LMR678,520838.5,6,https://ftp.ncbi.nlm.nih.gov/genomes/all/GCF/027/158/085/GCF_027158085.1_ASM2715808v1,6,520838.5.fna,GCF_027158085.1_ASM2715808v1_genomic.fna,7003794,7003794,520838.5.fna_vs_GCF_027158085.1_ASM2715808v1_genomic.fna_blast.xml,0,0,0,5,0,0,11,0,7003704,0,31,43,0,0,0,520838_subject_array_1739687062.bin
204968,522485,87/06,522485.3,6,https://ftp.ncbi.nlm.nih.gov/genomes/all/GCF/002/245/935/GCF_002245935.1_ASM224593v1,6,522485.3.fna,GCF_002245935.1_ASM224593v1_genomic.fna,1735478,1735478,522485.3.fna_vs_GCF_002245935.1_ASM224593v1_genomic.fna_blast.xml,0,0,0,0,0,0,0,0,1735478,0,0,0,0,0,0,522485_subject_array_1739687065.bin
205258,529,SOA01,529.184,6,https://ftp.ncbi.nlm.nih.gov/genomes/all/GCF/016/887/905/GCF_016887905.1_ASM1688790v1,6,529.184.fna,GCF_016887905.1_ASM1688790v1_genomic.fna,4975830,4975830,529.184.fna_vs_GCF_016887905.1_ASM1688790v1_genomic.fna_blast.xml,0,0,0,0,0,0,0,0,4975830,0,0,0,0,0,0,529_subject_array_1739687071.bin
205263,529005,DSM 21299,529005.3,6,https://ftp.ncbi.nlm.nih.gov/genomes/all/GCF/011/762/025/GCF_011762025.1_ASM1176202v1,6,529005.3.fna,GCF_011762025.1_ASM1176202v1_genomic.fna,3389096,3389096,529005.3.fna_vs_GCF_011762025.1_ASM1176202v1_genomic.fna_blast.xml,0,0,0,0,0,0,0,0,3389096,0,0,0,0,0,0,529005_subject_array_1739687075.bin
205333,533240,CS505,533240.53,6,https://ftp.ncbi.nlm.nih.gov/genomes/all/GCF/001/676/585/GCF_001676585.1_ASM167658v1,6,533240.53.fna,GCF_001676585.1_ASM167658v1_genomic.fna,4159260,4159260,533240.53.fna_vs_GCF_001676585.1_ASM167658v1_genomic.fna_blast.xml,0,0,0,0,0,0,0,0,4159260,0,0,0,0,0,0,533240_subject_array_1739687095.bin
205503,53345,NCTC8129,53345.36,6,https://ftp.ncbi.nlm.nih.gov/genomes/all/GCF/900/447/815/GCF_900447815.1_43071_D02,6,53345.36.fna,GCF_900447815.1_43071_D02_genomic.fna,3259358,3259358,53345.36.fna_vs_GCF_900447815.1_43071_D02_genomic.fna_blast.xml,0,0,0,0,0,0,0,0,3259357,0,1,0,0,0,0,53345_subject_array_1739687103.bin
205571,53346,P6,53346.117,6,https://ftp.ncbi.nlm.nih.gov/genomes/all/GCF/020/149/485/GCF_020149485.1_ASM2014948v1,6,53346.117.fna,GCF_020149485.1_ASM2014948v1_genomic.fna,3258263,3258263,53346.117.fna_vs_GCF_020149485.1_ASM2014948v1_genomic.fna_blast.xml,0,0,0,0,0,0,0,0,3258262,0,0,1,0,0,0,53346_subject_array_1739687107.bin
205600,53354,B16897285,53354.22,6,https://ftp.ncbi.nlm.nih.gov/genomes/all/GCF/026/783/285/GCF_026783285.1_ASM2678328v1,6,53354.22.fna,GCF_026783285.1_ASM2678328v1_genomic.fna,2034639,2034639,53354.22.fna_vs_GCF_026783285.1_ASM2678328v1_genomic.fna_blast.xml,0,0,0,0,0,0,0,0,2034639,0,0,0,0,0,0,53354_subject_array_1739687110.bin
205603,53354,D16131892,53354.19,6,https://ftp.ncbi.nlm.nih.gov/genomes/all/GCF/026/783/185/GCF_026783185.1_ASM2678318v1,6,53354.19.fna,GCF_026783185.1_ASM2678318v1_genomic.fna,2243104,2243104,53354.19.fna_vs_GCF_026783185.1_ASM2678318v1_genomic.fna_blast.xml,0,0,0,0,0,0,0,73,2243031,0,0,0,0,0,0,53354_subject_array_1739687113.bin
205795,536,NCTC9757,536.53,6,https://ftp.ncbi.nlm.nih.gov/genomes/all/GCF/900/446/805/GCF_900446805.1_42552_D01,6,536.53.fna,GCF_900446805.1_42552_D01_genomic.fna,4751982,4751982,536.53.fna_vs_GCF_900446805.1_42552_D01_genomic.fna_blast.xml,0,0,0,0,0,0,0,0,4751980,0,0,2,0,0,0,536_subject_array_1739687119.bin
205820,536979,DSM 24787,536979.4,6,https://ftp.ncbi.nlm.nih.gov/genomes/all/GCF/900/129/465/GCF_900129465.1_IMG-taxon_2636416022_annotated_assembly,6,536979.4.fna,GCF_900129465.1_IMG-taxon_2636416022_annotated_assembly_genomic.fna,7130081,7130081,536979.4.fna_vs_GCF_900129465.1_IMG-taxon_2636416022_annotated_assembly_genomic.fna_blast.xml,0,0,0,0,0,0,0,3470,7126611,0,0,0,0,0,0,536979_subject_array_1739687128.bin
205876,539,KCOM 1378,539.16,6,https://ftp.ncbi.nlm.nih.gov/genomes/all/GCF/002/204/395/GCF_002204395.1_ASM220439v1,6,539.16.fna,GCF_002204395.1_ASM220439v1_genomic.fna,2227855,2227855,539.16.fna_vs_GCF_002204395.1_ASM220439v1_genomic.fna_blast.xml,0,0,0,0,0,0,0,894,2226960,0,0,0,1,0,0,539_subject_array_1739687132.bin
206068,54291,GSH0205-8M-1,54291.500,6,https://ftp.ncbi.nlm.nih.gov/genomes/all/GCF/027/945/845/GCF_027945845.1_ASM2794584v1,6,54291.500.fna,GCF_027945845.1_ASM2794584v1_genomic.fna,5971974,6013171,54291.500.fna_vs_GCF_027945845.1_ASM2794584v1_genomic.fna_blast.xml,0,0,0,0,0,0,0,41197,5971974,0,0,0,0,0,0,54291_subject_array_1739687138.bin
206144,54291,SRo1810,54291.231,6,https://ftp.ncbi.nlm.nih.gov/genomes/all/GCF/009/709/685/GCF_009709685.1_ASM970968v1,6,54291.231.fna,GCF_009709685.1_ASM970968v1_genomic.fna,6111658,6111658,54291.231.fna_vs_GCF_009709685.1_ASM970968v1_genomic.fna_blast.xml,0,0,0,0,0,0,0,0,6111658,0,0,0,0,0,0,54291_subject_array_1739687146.bin
206153,54291,WP8-W19-CRE-01,54291.312,6,https://ftp.ncbi.nlm.nih.gov/genomes/all/GCF/014/171/135/GCF_014171135.1_ASM1417113v1,6,54291.312.fna,GCF_014171135.1_ASM1417113v1_genomic.fna,6013171,6013171,54291.312.fna_vs_GCF_014171135.1_ASM1417113v1_genomic.fna_blast.xml,0,0,0,0,0,0,0,0,6013171,0,0,0,0,0,0,54291_subject_array_1739687153.bin
206504,546,140542,546.1553,6,https://ftp.ncbi.nlm.nih.gov/genomes/all/GCF/024/800/305/GCF_024800305.1_ASM2480030v1,6,546.1553.fna,GCF_024800305.1_ASM2480030v1_genomic.fna,5632771,5632771,546.1553.fna_vs_GCF_024800305.1_ASM2480030v1_genomic.fna_blast.xml,0,0,0,0,0,0,0,0,5632771,0,0,0,0,0,0,546_subject_array_1739687160.bin
206747,546,AR_0116,546.451,6,https://ftp.ncbi.nlm.nih.gov/genomes/all/GCF/003/571/565/GCF_003571565.1_ASM357156v1,6,546.451.fna,GCF_003571565.1_ASM357156v1_genomic.fna,5772165,5772165,546.451.fna_vs_GCF_003571565.1_ASM357156v1_genomic.fna_blast.xml,0,0,0,0,0,0,0,0,5772165,0,0,0,0,0,0,546_subject_array_1739687168.bin
206752,546,B18196,546.2257,6,https://ftp.ncbi.nlm.nih.gov/genomes/all/GCF/036/287/605/GCF_036287605.1_ASM3628760v1,6,546.2257.fna,GCF_036287605.1_ASM3628760v1_genomic.fna,5847420,5847420,546.2257.fna_vs_GCF_036287605.1_ASM3628760v1_genomic.fna_blast.xml,0,0,0,0,0,0,0,0,5847420,0,0,0,0,0,0,546_subject_array_1739687175.bin
206762,546,BL77,546.2230,6,https://ftp.ncbi.nlm.nih.gov/genomes/all/GCF/034/624/685/GCF_034624685.1_ASM3462468v1,6,546.2230.fna,GCF_034624685.1_ASM3462468v1_genomic.fna,5829965,5829965,546.2230.fna_vs_GCF_034624685.1_ASM3462468v1_genomic.fna_blast.xml,0,0,0,0,0,0,0,100,5829865,0,0,0,0,0,0,546_subject_array_1739687179.bin
206767,546,C17,546.2445,6,https://ftp.ncbi.nlm.nih.gov/genomes/all/GCF/038/018/215/GCF_038018215.1_ASM3801821v1,6,546.2445.fna,GCF_038018215.1_ASM3801821v1_genomic.fna,5683215,5683215,546.2445.fna_vs_GCF_038018215.1_ASM3801821v1_genomic.fna_blast.xml,0,0,0,0,0,0,0,0,5683215,0,0,0,0,0,0,546_subject_array_1739687187.bin
206840,546,CF-11,546.2002,6,https://ftp.ncbi.nlm.nih.gov/genomes/all/GCF/032/193/425/GCF_032193425.1_ASM3219342v1,6,546.2002.fna,GCF_032193425.1_ASM3219342v1_genomic.fna,5225382,5225382,546.2002.fna_vs_GCF_032193425.1_ASM3219342v1_genomic.fna_blast.xml,0,0,0,0,0,0,0,0,5225382,0,0,0,0,0,0,546_subject_array_1739687192.bin
206867,546,CF-36,546.1975,6,https://ftp.ncbi.nlm.nih.gov/genomes/all/GCF/032/192/875/GCF_032192875.1_ASM3219287v1,6,546.1975.fna,GCF_032192875.1_ASM3219287v1_genomic.fna,5083363,5083363,546.1975.fna_vs_GCF_032192875.1_ASM3219287v1_genomic.fna_blast.xml,0,0,0,0,0,0,0,0,5083363,0,0,0,0,0,0,546_subject_array_1739687199.bin
206869,546,CF-38,546.1958,6,https://ftp.ncbi.nlm.nih.gov/genomes/all/GCF/032/192/555/GCF_032192555.1_ASM3219255v1,6,546.1958.fna,GCF_032192555.1_ASM3219255v1_genomic.fna,5520503,5520503,546.1958.fna_vs_GCF_032192555.1_ASM3219255v1_genomic.fna_blast.xml,0,0,0,0,0,0,0,0,5520503,0,0,0,0,0,0,546_subject_array_1739687204.bin
206871,546,CF-4,546.1978,6,https://ftp.ncbi.nlm.nih.gov/genomes/all/GCF/032/192/955/GCF_032192955.1_ASM3219295v1,6,546.1978.fna,GCF_032192955.1_ASM3219295v1_genomic.fna,5275746,5275746,546.1978.fna_vs_GCF_032192955.1_ASM3219295v1_genomic.fna_blast.xml,0,0,0,0,0,0,0,0,5275746,0,0,0,0,0,0,546_subject_array_1739687210.bin
206886,546,CF-58,546.1956,6,https://ftp.ncbi.nlm.nih.gov/genomes/all/GCF/032/192/505/GCF_032192505.1_ASM3219250v1,6,546.1956.fna,GCF_032192505.1_ASM3219250v1_genomic.fna,5440686,5440686,546.1956.fna_vs_GCF_032192505.1_ASM3219250v1_genomic.fna_blast.xml,0,0,0,0,0,0,0,0,5440686,0,0,0,0,0,0,546_subject_array_1739687217.bin
206888,546,CF-6,546.1954,6,https://ftp.ncbi.nlm.nih.gov/genomes/all/GCF/032/192/495/GCF_032192495.1_ASM3219249v1,6,546.1954.fna,GCF_032192495.1_ASM3219249v1_genomic.fna,5974934,5974934,546.1954.fna_vs_GCF_032192495.1_ASM3219249v1_genomic.fna_blast.xml,0,0,0,0,0,0,0,0,5974934,0,0,0,0,0,0,546_subject_array_1739687223.bin
206900,546,CF-8,546.1938,6,https://ftp.ncbi.nlm.nih.gov/genomes/all/GCF/032/192/175/GCF_032192175.1_ASM3219217v1,6,546.1938.fna,GCF_032192175.1_ASM3219217v1_genomic.fna,5434384,5434384,546.1938.fna_vs_GCF_032192175.1_ASM3219217v1_genomic.fna_blast.xml,0,0,0,0,0,0,0,0,5434384,0,0,0,0,0,0,546_subject_array_1739687230.bin
206901,546,CF-9,546.1936,6,https://ftp.ncbi.nlm.nih.gov/genomes/all/GCF/032/192/105/GCF_032192105.1_ASM3219210v1,6,546.1936.fna,GCF_032192105.1_ASM3219210v1_genomic.fna,5391700,5391700,546.1936.fna_vs_GCF_032192105.1_ASM3219210v1_genomic.fna_blast.xml,0,0,0,0,0,0,0,0,5391700,0,0,0,0,0,0,546_subject_array_1739687235.bin
206906,546,CF12,546.1780,6,https://ftp.ncbi.nlm.nih.gov/genomes/all/GCF/030/007/575/GCF_030007575.1_ASM3000757v1,6,546.1780.fna,GCF_030007575.1_ASM3000757v1_genomic.fna,5197517,5197517,546.1780.fna_vs_GCF_030007575.1_ASM3000757v1_genomic.fna_blast.xml,0,0,0,0,0,0,0,0,5197517,0,0,0,0,0,0,546_subject_array_1739687239.bin
206913,546,CF14695,546.1560,6,https://ftp.ncbi.nlm.nih.gov/genomes/all/GCF/025/218/445/GCF_025218445.1_ASM2521844v1,6,546.1560.fna,GCF_025218445.1_ASM2521844v1_genomic.fna,5434384,5434384,546.1560.fna_vs_GCF_025218445.1_ASM2521844v1_genomic.fna_blast.xml,0,0,0,0,0,0,0,0,5434384,0,0,0,0,0,0,546_subject_array_1739687245.bin
206916,546,CF17067,546.1558,6,https://ftp.ncbi.nlm.nih.gov/genomes/all/GCF/025/218/225/GCF_025218225.1_ASM2521822v1,6,546.1558.fna,GCF_025218225.1_ASM2521822v1_genomic.fna,5391700,5391700,546.1558.fna_vs_GCF_025218225.1_ASM2521822v1_genomic.fna_blast.xml,0,0,0,0,0,0,0,0,5391700,0,0,0,0,0,0,546_subject_array_1739687252.bin
206934,546,CF50935,546.1127,6,https://ftp.ncbi.nlm.nih.gov/genomes/all/GCF/016/939/655/GCF_016939655.1_ASM1693965v1,6,546.1127.fna,GCF_016939655.1_ASM1693965v1_genomic.fna,5608362,5608362,546.1127.fna_vs_GCF_016939655.1_ASM1693965v1_genomic.fna_blast.xml,0,0,0,0,0,0,0,0,5608362,0,0,0,0,0,0,546_subject_array_1739687258.bin
206984,546,E11,546.684,6,https://ftp.ncbi.nlm.nih.gov/genomes/all/GCF/008/931/625/GCF_008931625.1_ASM893162v1,6,546.684.fna,GCF_008931625.1_ASM893162v1_genomic.fna,5540627,5540627,546.684.fna_vs_GCF_008931625.1_ASM893162v1_genomic.fna_blast.xml,0,0,0,0,0,0,0,0,5540627,0,0,0,0,0,0,546_subject_array_1739687264.bin
206987,546,E51,546.685,6,https://ftp.ncbi.nlm.nih.gov/genomes/all/GCF/008/931/685/GCF_008931685.1_ASM893168v1,6,546.685.fna,GCF_008931685.1_ASM893168v1_genomic.fna,5613343,5613343,546.685.fna_vs_GCF_008931685.1_ASM893168v1_genomic.fna_blast.xml,0,0,0,0,0,0,0,0,5613343,0,0,0,0,0,0,546_subject_array_1739687269.bin
207005,546,F3517,546.2258,6,https://ftp.ncbi.nlm.nih.gov/genomes/all/GCF/036/289/085/GCF_036289085.1_ASM3628908v1,6,546.2258.fna,GCF_036289085.1_ASM3628908v1_genomic.fna,5407664,5407664,546.2258.fna_vs_GCF_036289085.1_ASM3628908v1_genomic.fna_blast.xml,0,0,0,0,0,0,0,0,5407664,0,0,0,0,0,0,546_subject_array_1739687274.bin
207117,546,MEI002,546.1497,6,https://ftp.ncbi.nlm.nih.gov/genomes/all/GCF/023/612/475/GCF_023612475.1_ASM2361247v1,6,546.1497.fna,GCF_023612475.1_ASM2361247v1_genomic.fna,5013284,5013284,546.1497.fna_vs_GCF_023612475.1_ASM2361247v1_genomic.fna_blast.xml,0,0,0,0,0,0,0,0,5013284,0,0,0,0,0,0,546_subject_array_1739687279.bin
207119,546,MGH141,546.240,6,https://ftp.ncbi.nlm.nih.gov/genomes/all/GCF/002/151/775/GCF_002151775.1_ASM215177v1,6,546.240.fna,GCF_002151775.1_ASM215177v1_genomic.fna,5695684,5695684,546.240.fna_vs_GCF_002151775.1_ASM215177v1_genomic.fna_blast.xml,0,0,0,0,0,0,0,102459,5593210,0,0,0,15,0,0,546_subject_array_1739687284.bin
207190,546,RHBSTW-00110,546.811,6,https://ftp.ncbi.nlm.nih.gov/genomes/all/GCF/013/589/875/GCF_013589875.1_ASM1358987v1,6,546.811.fna,GCF_013589875.1_ASM1358987v1_genomic.fna,5475757,5475757,546.811.fna_vs_GCF_013589875.1_ASM1358987v1_genomic.fna_blast.xml,0,0,0,0,0,0,0,0,5475757,0,0,0,0,0,0,546_subject_array_1739687292.bin
207198,546,RHBSTW-00199,546.884,6,https://ftp.ncbi.nlm.nih.gov/genomes/all/GCF/014/103/885/GCF_014103885.1_ASM1410388v1,6,546.884.fna,GCF_014103885.1_ASM1410388v1_genomic.fna,5421772,5421772,546.884.fna_vs_GCF_014103885.1_ASM1410388v1_genomic.fna_blast.xml,0,0,0,0,0,0,0,0,5421772,0,0,0,0,0,0,546_subject_array_1739687298.bin
207515,548,035,548.690,6,https://ftp.ncbi.nlm.nih.gov/genomes/all/GCF/011/604/725/GCF_011604725.1_ASM1160472v1,6,548.690.fna,GCF_011604725.1_ASM1160472v1_genomic.fna,5378629,5378629,548.690.fna_vs_GCF_011604725.1_ASM1160472v1_genomic.fna_blast.xml,0,0,0,0,0,0,0,0,5378629,0,0,0,0,0,0,548_subject_array_1739687305.bin
207865,548,RHB08-SO-C04,548.1207,6,https://ftp.ncbi.nlm.nih.gov/genomes/all/GCF/029/717/585/GCF_029717585.1_ASM2971758v1,6,548.1207.fna,GCF_029717585.1_ASM2971758v1_genomic.fna,5496024,5496024,548.1207.fna_vs_GCF_029717585.1_ASM2971758v1_genomic.fna_blast.xml,0,0,0,0,0,0,0,0,5496024,0,0,0,0,0,0,548_subject_array_1739687309.bin
208024,549,AJ2b,549.552,6,https://ftp.ncbi.nlm.nih.gov/genomes/all/GCF/031/891/025/GCF_031891025.1_ASM3189102v1,6,549.552.fna,GCF_031891025.1_ASM3189102v1_genomic.fna,5136510,5136510,549.552.fna_vs_GCF_031891025.1_ASM3189102v1_genomic.fna_blast.xml,0,0,0,0,0,0,0,0,5136510,0,0,0,0,0,0,549_subject_array_1739687314.bin
208113,549,NBBC-01,549.535,6,https://ftp.ncbi.nlm.nih.gov/genomes/all/GCF/030/710/645/GCF_030710645.1_ASM3071064v1,6,549.535.fna,GCF_030710645.1_ASM3071064v1_genomic.fna,4927193,4927193,549.535.fna_vs_GCF_030710645.1_ASM3071064v1_genomic.fna_blast.xml,0,0,0,0,0,0,0,0,4927193,0,0,0,0,0,0,549_subject_array_1739687318.bin
208116,549,NCTC10601,549.98,6,https://ftp.ncbi.nlm.nih.gov/genomes/all/GCF/900/454/395/GCF_900454395.1_58529_C01,6,549.98.fna,GCF_900454395.1_58529_C01_genomic.fna,4756194,4756194,549.98.fna_vs_GCF_900454395.1_58529_C01_genomic.fna_blast.xml,0,0,0,0,0,0,0,0,4756194,0,0,0,0,0,0,549_subject_array_1739687322.bin
208390,550,CCUG 67822,550.3922,6,https://ftp.ncbi.nlm.nih.gov/genomes/all/GCF/025/183/745/GCF_025183745.1_ASM2518374v1,6,550.3922.fna,GCF_025183745.1_ASM2518374v1_genomic.fna,5477697,5477697,550.3922.fna_vs_GCF_025183745.1_ASM2518374v1_genomic.fna_blast.xml,0,0,0,0,0,0,0,0,5477697,0,0,0,0,0,0,550_subject_array_1739687327.bin
208573,550,isolateF,550.4355,6,https://ftp.ncbi.nlm.nih.gov/genomes/all/GCF/032/349/915/GCF_032349915.1_ASM3234991v1,6,550.4355.fna,GCF_032349915.1_ASM3234991v1_genomic.fna,5385662,5385662,550.4355.fna_vs_GCF_032349915.1_ASM3234991v1_genomic.fna_blast.xml,0,0,0,0,0,0,0,0,5385662,0,0,0,0,0,0,550_subject_array_1739687333.bin
208607,551789,DSM 19734,551789.3,6,https://ftp.ncbi.nlm.nih.gov/genomes/all/GCF/000/420/665/GCF_000420665.1_ASM42066v1,6,551789.3.fna,GCF_000420665.1_ASM42066v1_genomic.fna,3400379,3400379,551789.3.fna_vs_GCF_000420665.1_ASM42066v1_genomic.fna_blast.xml,0,0,0,0,0,0,0,0,3400379,0,0,0,0,0,0,551789_subject_array_1739687336.bin
209383,555315,T173,555315.4,6,https://ftp.ncbi.nlm.nih.gov/genomes/all/GCF/017/488/845/GCF_017488845.2_ASM1748884v2,6,555315.4.fna,GCF_017488845.2_ASM1748884v2_genomic.fna,8094263,8094229,555315.4.fna_vs_GCF_017488845.2_ASM1748884v2_genomic.fna_blast.xml,0,0,18,0,0,0,16,28,6160798,0,0,48,1933321,0,0,555315_subject_array_1739687343.bin
209505,55601,NCTC12159,55601.211,6,https://ftp.ncbi.nlm.nih.gov/genomes/all/GCF/900/452/855/GCF_900452855.1_51765_A01,6,55601.211.fna,GCF_900452855.1_51765_A01_genomic.fna,4416484,4416484,55601.211.fna_vs_GCF_900452855.1_51765_A01_genomic.fna_blast.xml,0,0,0,0,0,0,1,0,4416468,0,0,1,14,0,0,55601_subject_array_1739687349.bin
209555,556529,MBE-1,556529.3,6,https://ftp.ncbi.nlm.nih.gov/genomes/all/GCF/022/399/565/GCF_022399565.1_ASM2239956v1,6,556529.3.fna,GCF_022399565.1_ASM2239956v1_genomic.fna,4274743,4274743,556529.3.fna_vs_GCF_022399565.1_ASM2239956v1_genomic.fna_blast.xml,0,0,0,0,0,0,0,0,4274743,0,0,0,0,0,0,556529_subject_array_1739687352.bin
209992,562,07HMPA903,562.139312,6,https://ftp.ncbi.nlm.nih.gov/genomes/all/GCF/025/988/905/GCF_025988905.1_ASM2598890v1,6,562.139312.fna,GCF_025988905.1_ASM2598890v1_genomic.fna,5144288,5144288,562.139312.fna_vs_GCF_025988905.1_ASM2598890v1_genomic.fna_blast.xml,0,0,0,0,0,0,0,0,5144288,0,0,0,0,0,0,562_subject_array_1739687357.bin
210030,562,0H23,562.90793,6,https://ftp.ncbi.nlm.nih.gov/genomes/all/GCF/019/969/525/GCF_019969525.1_ASM1996952v1,6,562.90793.fna,GCF_019969525.1_ASM1996952v1_genomic.fna,5457970,5457970,562.90793.fna_vs_GCF_019969525.1_ASM1996952v1_genomic.fna_blast.xml,0,0,0,0,0,0,0,0,5457970,0,0,0,0,0,0,562_subject_array_1739687364.bin
210054,562,1.3Chl_MAR2019,562.94083,6,https://ftp.ncbi.nlm.nih.gov/genomes/all/GCF/021/887/695/GCF_021887695.1_ASM2188769v1,6,562.94083.fna,GCF_021887695.1_ASM2188769v1_genomic.fna,4829854,4829854,562.94083.fna_vs_GCF_021887695.1_ASM2188769v1_genomic.fna_blast.xml,0,0,0,0,0,0,0,0,4829854,0,0,0,0,0,0,562_subject_array_1739687371.bin
210154,562,10153,562.121928,6,https://ftp.ncbi.nlm.nih.gov/genomes/all/GCF/027/925/825/GCF_027925825.1_ASM2792582v1,6,562.121928.fna,GCF_027925825.1_ASM2792582v1_genomic.fna,6090330,6107920,562.121928.fna_vs_GCF_027925825.1_ASM2792582v1_genomic.fna_blast.xml,0,0,0,0,0,0,0,17590,6090330,0,0,0,0,0,0,562_subject_array_1739687377.bin
210431,562,1212-1-1,562.124736,6,https://ftp.ncbi.nlm.nih.gov/genomes/all/GCF/028/598/295/GCF_028598295.1_ASM2859829v1,6,562.124736.fna,GCF_028598295.1_ASM2859829v1_genomic.fna,5002846,5002846,562.124736.fna_vs_GCF_028598295.1_ASM2859829v1_genomic.fna_blast.xml,0,0,0,0,0,0,0,0,5002846,0,0,0,0,0,0,562_subject_array_1739687383.bin
210476,562,1283,562.19211,6,https://ftp.ncbi.nlm.nih.gov/genomes/all/GCF/002/310/735/GCF_002310735.1_ASM231073v1,6,562.19211.fna,GCF_002310735.1_ASM231073v1_genomic.fna,4920052,4920052,562.19211.fna_vs_GCF_002310735.1_ASM231073v1_genomic.fna_blast.xml,0,0,0,0,0,0,0,0,4920050,0,1,1,0,0,0,562_subject_array_1739687389.bin
210562,562,135,562.78039,6,https://ftp.ncbi.nlm.nih.gov/genomes/all/GCF/019/431/185/GCF_019431185.1_ASM1943118v1,6,562.78039.fna,GCF_019431185.1_ASM1943118v1_genomic.fna,5897998,5897998,562.78039.fna_vs_GCF_019431185.1_ASM1943118v1_genomic.fna_blast.xml,0,0,0,0,0,0,0,0,5897998,0,0,0,0,0,0,562_subject_array_1739687395.bin
210605,562,13KWH46,562.50214,6,https://ftp.ncbi.nlm.nih.gov/genomes/all/GCF/002/951/715/GCF_002951715.1_ASM295171v1,6,562.50214.fna,GCF_002951715.1_ASM295171v1_genomic.fna,5386699,5386699,562.50214.fna_vs_GCF_002951715.1_ASM295171v1_genomic.fna_blast.xml,0,0,0,0,0,0,0,0,5386699,0,0,0,0,0,0,562_subject_array_1739687400.bin
210733,562,14EC029,562.114659,6,https://ftp.ncbi.nlm.nih.gov/genomes/all/GCF/002/853/805/GCF_002853805.1_ASM285380v1,6,562.114659.fna,GCF_002853805.1_ASM285380v1_genomic.fna,5594085,5594085,562.114659.fna_vs_GCF_002853805.1_ASM285380v1_genomic.fna_blast.xml,0,0,0,0,0,0,0,0,5594085,0,0,0,0,0,0,562_subject_array_1739687406.bin
210761,562,1506,562.63739,6,https://ftp.ncbi.nlm.nih.gov/genomes/all/GCF/013/694/285/GCF_013694285.1_ASM1369428v1,6,562.63739.fna,GCF_013694285.1_ASM1369428v1_genomic.fna,4849058,4849058,562.63739.fna_vs_GCF_013694285.1_ASM1369428v1_genomic.fna_blast.xml,0,0,0,0,0,0,0,0,4849058,0,0,0,0,0,0,562_subject_array_1739687411.bin
210848,562,1585m1,562.88758,6,https://ftp.ncbi.nlm.nih.gov/genomes/all/GCF/020/868/245/GCF_020868245.1_ASM2086824v1,6,562.88758.fna,GCF_020868245.1_ASM2086824v1_genomic.fna,5264034,5264034,562.88758.fna_vs_GCF_020868245.1_ASM2086824v1_genomic.fna_blast.xml,0,0,0,0,0,0,0,0,5264034,0,0,0,0,0,0,562_subject_array_1739687416.bin
210854,562,159-1-1,562.124734,6,https://ftp.ncbi.nlm.nih.gov/genomes/all/GCF/028/598/255/GCF_028598255.1_ASM2859825v1,6,562.124734.fna,GCF_028598255.1_ASM2859825v1_genomic.fna,5073774,5073774,562.124734.fna_vs_GCF_028598255.1_ASM2859825v1_genomic.fna_blast.xml,0,0,0,0,0,0,0,0,5073774,0,0,0,0,0,0,562_subject_array_1739687421.bin
211219,562,181.1,562.63855,6,https://ftp.ncbi.nlm.nih.gov/genomes/all/GCF/014/170/615/GCF_014170615.1_ASM1417061v1,6,562.63855.fna,GCF_014170615.1_ASM1417061v1_genomic.fna,5517904,5517904,562.63855.fna_vs_GCF_014170615.1_ASM1417061v1_genomic.fna_blast.xml,0,0,0,0,0,0,0,0,5517904,0,0,0,0,0,0,562_subject_array_1739687427.bin
211580,562,2-331,562.126256,6,https://ftp.ncbi.nlm.nih.gov/genomes/all/GCF/030/012/585/GCF_030012585.1_ASM3001258v1,6,562.126256.fna,GCF_030012585.1_ASM3001258v1_genomic.fna,5202734,5202734,562.126256.fna_vs_GCF_030012585.1_ASM3001258v1_genomic.fna_blast.xml,0,0,0,0,0,0,0,0,5202734,0,0,0,0,0,0,562_subject_array_1739687434.bin
211606,562,2/0,562.38632,6,https://ftp.ncbi.nlm.nih.gov/genomes/all/GCF/003/856/635/GCF_003856635.1_ASM385663v1,6,562.38632.fna,GCF_003856635.1_ASM385663v1_genomic.fna,5319417,5319417,562.38632.fna_vs_GCF_003856635.1_ASM385663v1_genomic.fna_blast.xml,0,0,0,0,0,0,0,0,5319417,0,0,0,0,0,0,562_subject_array_1739687439.bin
211670,562,20.1,562.121924,6,https://ftp.ncbi.nlm.nih.gov/genomes/all/GCF/027/925/685/GCF_027925685.1_ASM2792568v1,6,562.121924.fna,GCF_027925685.1_ASM2792568v1_genomic.fna,5906349,5906349,562.121924.fna_vs_GCF_027925685.1_ASM2792568v1_genomic.fna_blast.xml,0,0,0,0,0,0,0,0,5906349,0,0,0,0,0,0,562_subject_array_1739687446.bin
211676,562,200-3b,562.107305,6,https://ftp.ncbi.nlm.nih.gov/genomes/all/GCF/024/271/735/GCF_024271735.1_ASM2427173v1,6,562.107305.fna,GCF_024271735.1_ASM2427173v1_genomic.fna,5110854,5110854,562.107305.fna_vs_GCF_024271735.1_ASM2427173v1_genomic.fna_blast.xml,0,0,0,0,0,0,0,0,5110854,0,0,0,0,0,0,562_subject_array_1739687453.bin
211688,562,2003-3014,562.107321,6,https://ftp.ncbi.nlm.nih.gov/genomes/all/GCF/024/300/685/GCF_024300685.1_ASM2430068v1,6,562.107321.fna,GCF_024300685.1_ASM2430068v1_genomic.fna,5955072,5955072,562.107321.fna_vs_GCF_024300685.1_ASM2430068v1_genomic.fna_blast.xml,0,0,0,0,0,0,0,0,5955072,0,0,0,0,0,0,562_subject_array_1739687461.bin
211774,562,2013C-3250,562.28744,6,https://ftp.ncbi.nlm.nih.gov/genomes/all/GCF/003/018/875/GCF_003018875.1_ASM301887v1,6,562.28744.fna,GCF_003018875.1_ASM301887v1_genomic.fna,5681977,5681977,562.28744.fna_vs_GCF_003018875.1_ASM301887v1_genomic.fna_blast.xml,0,0,0,0,0,0,0,0,5681977,0,0,0,0,0,0,562_subject_array_1739687467.bin
211902,562,2016C-3936C1,562.14013,6,https://ftp.ncbi.nlm.nih.gov/genomes/all/GCF/001/938/625/GCF_001938625.2_ASM193862v2,6,562.14013.fna,GCF_001938625.2_ASM193862v2_genomic.fna,5439080,5439104,562.14013.fna_vs_GCF_001938625.2_ASM193862v2_genomic.fna_blast.xml,0,0,0,0,0,0,15,217,5438651,0,41,177,3,0,0,562_subject_array_1739687473.bin
211903,562,2016C04-116,562.149297,6,https://ftp.ncbi.nlm.nih.gov/genomes/all/GCF/038/430/275/GCF_038430275.1_ASM3843027v1,6,562.149297.fna,GCF_038430275.1_ASM3843027v1_genomic.fna,5143130,5143130,562.149297.fna_vs_GCF_038430275.1_ASM3843027v1_genomic.fna_blast.xml,0,0,0,0,0,0,0,0,5143130,0,0,0,0,0,0,562_subject_array_1739687477.bin
211913,562,2017.02.03CC,562.139960,6,https://ftp.ncbi.nlm.nih.gov/genomes/all/GCF/036/503/275/GCF_036503275.1_ASM3650327v1,6,562.139960.fna,GCF_036503275.1_ASM3650327v1_genomic.fna,4895691,4895691,562.139960.fna_vs_GCF_036503275.1_ASM3650327v1_genomic.fna_blast.xml,0,0,0,0,0,0,0,0,4895691,0,0,0,0,0,0,562_subject_array_1739687482.bin
211918,562,2017.09.02CC,562.91062,6,https://ftp.ncbi.nlm.nih.gov/genomes/all/GCF/020/886/495/GCF_020886495.2_ASM2088649v2,6,562.91062.fna,GCF_020886495.2_ASM2088649v2_genomic.fna,4952278,4952278,562.91062.fna_vs_GCF_020886495.2_ASM2088649v2_genomic.fna_blast.xml,0,0,0,0,0,0,0,0,4952278,0,0,0,0,0,0,562_subject_array_1739687486.bin
211942,562,2018-11-1BCC,562.139987,6,https://ftp.ncbi.nlm.nih.gov/genomes/all/GCF/036/508/395/GCF_036508395.1_ASM3650839v1,6,562.139987.fna,GCF_036508395.1_ASM3650839v1_genomic.fna,4877859,4877859,562.139987.fna_vs_GCF_036508395.1_ASM3650839v1_genomic.fna_blast.xml,0,0,0,0,0,0,0,0,4877859,0,0,0,0,0,0,562_subject_array_1739687492.bin
211991,562,2023CK-01509,562.138558,6,https://ftp.ncbi.nlm.nih.gov/genomes/all/GCF/034/331/185/GCF_034331185.1_ASM3433118v2,6,562.138558.fna,GCF_034331185.1_ASM3433118v2_genomic.fna,5099852,5099852,562.138558.fna_vs_GCF_034331185.1_ASM3433118v2_genomic.fna_blast.xml,0,0,0,0,0,0,0,0,5099852,0,0,0,0,0,0,562_subject_array_1739687498.bin
212066,562,20779,562.124951,6,https://ftp.ncbi.nlm.nih.gov/genomes/all/GCF/029/523/195/GCF_029523195.1_ASM2952319v1,6,562.124951.fna,GCF_029523195.1_ASM2952319v1_genomic.fna,5299263,5299263,562.124951.fna_vs_GCF_029523195.1_ASM2952319v1_genomic.fna_blast.xml,0,0,0,0,0,0,0,0,5299263,0,0,0,0,0,0,562_subject_array_1739687505.bin
212177,562,210205630,562.11470,6,https://ftp.ncbi.nlm.nih.gov/genomes/all/GCF/001/679/985/GCF_001679985.1_ASM167998v1,6,562.11470.fna,GCF_001679985.1_ASM167998v1_genomic.fna,5424193,5424193,562.11470.fna_vs_GCF_001679985.1_ASM167998v1_genomic.fna_blast.xml,0,0,0,0,0,0,0,0,5424193,0,0,0,0,0,0,562_subject_array_1739687512.bin
212367,562,222B052,562.70645,6,https://ftp.ncbi.nlm.nih.gov/genomes/all/GCF/016/820/475/GCF_016820475.1_ASM1682047v1,6,562.70645.fna,GCF_016820475.1_ASM1682047v1_genomic.fna,5193648,5193648,562.70645.fna_vs_GCF_016820475.1_ASM1682047v1_genomic.fna_blast.xml,0,0,0,0,0,0,0,0,5193648,0,0,0,0,0,0,562_subject_array_1739687519.bin
212401,562,22F46,562.149285,6,https://ftp.ncbi.nlm.nih.gov/genomes/all/GCF/038/396/695/GCF_038396695.1_ASM3839669v1,6,562.149285.fna,GCF_038396695.1_ASM3839669v1_genomic.fna,4745472,4745472,562.149285.fna_vs_GCF_038396695.1_ASM3839669v1_genomic.fna_blast.xml,0,0,0,0,0,0,0,0,4745472,0,0,0,0,0,0,562_subject_array_1739687526.bin
212775,562,266917_2,562.28388,6,https://ftp.ncbi.nlm.nih.gov/genomes/all/GCF/002/946/715/GCF_002946715.1_ASM294671v1,6,562.28388.fna,GCF_002946715.1_ASM294671v1_genomic.fna,5887450,5887450,562.28388.fna_vs_GCF_002946715.1_ASM294671v1_genomic.fna_blast.xml,0,0,0,0,0,0,0,0,5887450,0,0,0,0,0,0,562_subject_array_1739687534.bin
212781,562,268.2,562.63864,6,https://ftp.ncbi.nlm.nih.gov/genomes/all/GCF/014/170/975/GCF_014170975.1_ASM1417097v1,6,562.63864.fna,GCF_014170975.1_ASM1417097v1_genomic.fna,5073447,5073447,562.63864.fna_vs_GCF_014170975.1_ASM1417097v1_genomic.fna_blast.xml,0,0,0,0,0,0,0,0,5073447,0,0,0,0,0,0,562_subject_array_1739687540.bin
212925,562,2D,562.63039,6,https://ftp.ncbi.nlm.nih.gov/genomes/all/GCF/013/425/955/GCF_013425955.1_ASM1342595v1,6,562.63039.fna,GCF_013425955.1_ASM1342595v1_genomic.fna,5363300,5363300,562.63039.fna_vs_GCF_013425955.1_ASM1342595v1_genomic.fna_blast.xml,0,0,0,0,0,0,0,0,5363300,0,0,0,0,0,0,562_subject_array_1739687544.bin
212947,562,2FT39,562.50528,6,https://ftp.ncbi.nlm.nih.gov/genomes/all/GCF/007/352/615/GCF_007352615.1_ASM735261v1,6,562.50528.fna,GCF_007352615.1_ASM735261v1_genomic.fna,5108561,5108561,562.50528.fna_vs_GCF_007352615.1_ASM735261v1_genomic.fna_blast.xml,0,0,0,0,0,0,0,0,5108561,0,0,0,0,0,0,562_subject_array_1739687551.bin
213091,562,3090,562.110767,6,https://ftp.ncbi.nlm.nih.gov/genomes/all/GCF/024/917/995/GCF_024917995.1_ASM2491799v1,6,562.110767.fna,GCF_024917995.1_ASM2491799v1_genomic.fna,5166096,5166096,562.110767.fna_vs_GCF_024917995.1_ASM2491799v1_genomic.fna_blast.xml,0,0,0,0,0,0,0,0,5166096,0,0,0,0,0,0,562_subject_array_1739687558.bin
213748,562,44-1-1,562.124707,6,https://ftp.ncbi.nlm.nih.gov/genomes/all/GCF/028/597/685/GCF_028597685.1_ASM2859768v1,6,562.124707.fna,GCF_028597685.1_ASM2859768v1_genomic.fna,5231673,5231673,562.124707.fna_vs_GCF_028597685.1_ASM2859768v1_genomic.fna_blast.xml,0,0,0,0,0,0,0,0,5231673,0,0,0,0,0,0,562_subject_array_1739687564.bin
213864,562,4747-O26,562.112645,6,https://ftp.ncbi.nlm.nih.gov/genomes/all/GCF/026/135/015/GCF_026135015.1_ASM2613501v1,6,562.112645.fna,GCF_026135015.1_ASM2613501v1_genomic.fna,5856627,5714135,562.112645.fna_vs_GCF_026135015.1_ASM2613501v1_genomic.fna_blast.xml,0,0,302,0,0,0,29,309,104377,0,94,167,5608421,0,436,562_subject_array_1739687572.bin
213976,562,49824_LR,562.135010,6,https://ftp.ncbi.nlm.nih.gov/genomes/all/GCF/032/140/025/GCF_032140025.1_49824_LR,6,562.135010.fna,GCF_032140025.1_49824_LR_genomic.fna,5017859,5017859,562.135010.fna_vs_GCF_032140025.1_49824_LR_genomic.fna_blast.xml,0,0,0,0,0,0,0,0,5017859,0,0,0,0,0,0,562_subject_array_1739687576.bin
214273,562,51008369SK1,562.30390,6,https://ftp.ncbi.nlm.nih.gov/genomes/all/GCF/003/254/065/GCF_003254065.1_ASM325406v1,6,562.30390.fna,GCF_003254065.1_ASM325406v1_genomic.fna,5227855,5227855,562.30390.fna_vs_GCF_003254065.1_ASM325406v1_genomic.fna_blast.xml,0,0,0,0,0,0,0,0,5227855,0,0,0,0,0,0,562_subject_array_1739687581.bin
214285,562,5132,562.126118,6,https://ftp.ncbi.nlm.nih.gov/genomes/all/GCF/029/855/145/GCF_029855145.1_ASM2985514v1,6,562.126118.fna,GCF_029855145.1_ASM2985514v1_genomic.fna,5180851,5180851,562.126118.fna_vs_GCF_029855145.1_ASM2985514v1_genomic.fna_blast.xml,0,0,0,0,0,0,0,0,5180851,0,0,0,0,0,0,562_subject_array_1739687585.bin
214298,562,51467,562.102357,6,https://ftp.ncbi.nlm.nih.gov/genomes/all/GCF/022/953/295/GCF_022953295.1_ASM2295329v1,6,562.102357.fna,GCF_022953295.1_ASM2295329v1_genomic.fna,4978703,4978703,562.102357.fna_vs_GCF_022953295.1_ASM2295329v1_genomic.fna_blast.xml,0,0,0,0,0,0,0,0,4978703,0,0,0,0,0,0,562_subject_array_1739687588.bin
214341,562,5283,562.110761,6,https://ftp.ncbi.nlm.nih.gov/genomes/all/GCF/024/917/655/GCF_024917655.1_ASM2491765v1,6,562.110761.fna,GCF_024917655.1_ASM2491765v1_genomic.fna,5402248,5402248,562.110761.fna_vs_GCF_024917655.1_ASM2491765v1_genomic.fna_blast.xml,0,0,0,0,0,0,0,0,5402248,0,0,0,0,0,0,562_subject_array_1739687594.bin
214459,562,537-20,562.94078,6,https://ftp.ncbi.nlm.nih.gov/genomes/all/GCF/021/869/725/GCF_021869725.1_ASM2186972v1,6,562.94078.fna,GCF_021869725.1_ASM2186972v1_genomic.fna,5116984,5116984,562.94078.fna_vs_GCF_021869725.1_ASM2186972v1_genomic.fna_blast.xml,0,0,0,0,0,0,0,0,5116984,0,0,0,0,0,0,562_subject_array_1739687600.bin
214477,562,5444,562.110766,6,https://ftp.ncbi.nlm.nih.gov/genomes/all/GCF/024/917/955/GCF_024917955.1_ASM2491795v1,6,562.110766.fna,GCF_024917955.1_ASM2491795v1_genomic.fna,5020180,5020180,562.110766.fna_vs_GCF_024917955.1_ASM2491795v1_genomic.fna_blast.xml,0,0,0,0,0,0,0,0,5020180,0,0,0,0,0,0,562_subject_array_1739687604.bin
214610,562,573,562.108811,6,https://ftp.ncbi.nlm.nih.gov/genomes/all/GCF/024/734/095/GCF_024734095.1_ASM2473409v1,6,562.108811.fna,GCF_024734095.1_ASM2473409v1_genomic.fna,5333562,5333562,562.108811.fna_vs_GCF_024734095.1_ASM2473409v1_genomic.fna_blast.xml,0,0,0,0,0,0,0,0,5333562,0,0,0,0,0,0,562_subject_array_1739687609.bin
214969,562,631,562.50951,6,https://ftp.ncbi.nlm.nih.gov/genomes/all/GCF/008/642/395/GCF_008642395.1_ASM864239v1,6,562.50951.fna,GCF_008642395.1_ASM864239v1_genomic.fna,5406033,5406033,562.50951.fna_vs_GCF_008642395.1_ASM864239v1_genomic.fna_blast.xml,0,0,0,0,0,0,0,0,5406033,0,0,0,0,0,0,562_subject_array_1739687614.bin
215006,562,64A:C,562.134958,6,https://ftp.ncbi.nlm.nih.gov/genomes/all/GCF/031/875/285/GCF_031875285.1_ASM3187528v1,6,562.134958.fna,GCF_031875285.1_ASM3187528v1_genomic.fna,5325980,5325980,562.134958.fna_vs_GCF_031875285.1_ASM3187528v1_genomic.fna_blast.xml,0,0,0,0,0,0,0,0,5325980,0,0,0,0,0,0,562_subject_array_1739687620.bin
215023,562,65COLEC,562.71839,6,https://ftp.ncbi.nlm.nih.gov/genomes/all/GCF/017/088/465/GCF_017088465.1_ASM1708846v1,6,562.71839.fna,GCF_017088465.1_ASM1708846v1_genomic.fna,5055327,5055327,562.71839.fna_vs_GCF_017088465.1_ASM1708846v1_genomic.fna_blast.xml,0,0,0,0,0,0,0,0,5055327,0,0,0,0,0,0,562_subject_array_1739687627.bin
215045,562,67-1,562.96091,6,https://ftp.ncbi.nlm.nih.gov/genomes/all/GCF/022/376/675/GCF_022376675.1_ASM2237667v1,6,562.96091.fna,GCF_022376675.1_ASM2237667v1_genomic.fna,5401555,5401555,562.96091.fna_vs_GCF_022376675.1_ASM2237667v1_genomic.fna_blast.xml,0,0,0,0,0,0,0,0,5401555,0,0,0,0,0,0,562_subject_array_1739687634.bin
215066,562,673,562.138877,6,https://ftp.ncbi.nlm.nih.gov/genomes/all/GCF/035/609/265/GCF_035609265.1_ASM3560926v1,6,562.138877.fna,GCF_035609265.1_ASM3560926v1_genomic.fna,5328997,5328997,562.138877.fna_vs_GCF_035609265.1_ASM3560926v1_genomic.fna_blast.xml,0,0,0,0,0,0,0,0,5328997,0,0,0,0,0,0,562_subject_array_1739687638.bin
215182,562,7/2,562.38633,6,https://ftp.ncbi.nlm.nih.gov/genomes/all/GCF/003/856/675/GCF_003856675.1_ASM385667v1,6,562.38633.fna,GCF_003856675.1_ASM385667v1_genomic.fna,5295885,5295885,562.38633.fna_vs_GCF_003856675.1_ASM385667v1_genomic.fna_blast.xml,0,0,0,0,0,0,0,0,5295885,0,0,0,0,0,0,562_subject_array_1739687645.bin
215219,562,702/18,562.77176,6,https://ftp.ncbi.nlm.nih.gov/genomes/all/GCF/019/086/825/GCF_019086825.1_ASM1908682v1,6,562.77176.fna,GCF_019086825.1_ASM1908682v1_genomic.fna,5553029,5553029,562.77176.fna_vs_GCF_019086825.1_ASM1908682v1_genomic.fna_blast.xml,0,0,0,0,0,0,0,0,5553029,0,0,0,0,0,0,562_subject_array_1739687652.bin
215470,562,806883-9-2019,562.111044,6,https://ftp.ncbi.nlm.nih.gov/genomes/all/GCF/025/232/475/GCF_025232475.1_ASM2523247v1,6,562.111044.fna,GCF_025232475.1_ASM2523247v1_genomic.fna,5374510,5374510,562.111044.fna_vs_GCF_025232475.1_ASM2523247v1_genomic.fna_blast.xml,0,0,0,0,0,0,0,0,5374510,0,0,0,0,0,0,562_subject_array_1739687656.bin
215682,562,90-9269,562.22353,6,https://ftp.ncbi.nlm.nih.gov/genomes/all/GCF/002/764/155/GCF_002764155.1_ASM276415v1,6,562.22353.fna,GCF_002764155.1_ASM276415v1_genomic.fna,5102745,5102745,562.22353.fna_vs_GCF_002764155.1_ASM276415v1_genomic.fna_blast.xml,0,0,0,0,0,0,0,99,5102646,0,0,0,0,0,0,562_subject_array_1739687662.bin
215694,562,918:C,562.134959,6,https://ftp.ncbi.nlm.nih.gov/genomes/all/GCF/031/875/365/GCF_031875365.1_ASM3187536v1,6,562.134959.fna,GCF_031875365.1_ASM3187536v1_genomic.fna,4988787,4988787,562.134959.fna_vs_GCF_031875365.1_ASM3187536v1_genomic.fna_blast.xml,0,0,0,0,0,0,0,0,4988787,0,0,0,0,0,0,562_subject_array_1739687666.bin
215776,562,97HMPL473,562.139309,6,https://ftp.ncbi.nlm.nih.gov/genomes/all/GCF/025/988/605/GCF_025988605.1_ASM2598860v1,6,562.139309.fna,GCF_025988605.1_ASM2598860v1_genomic.fna,5313588,5313588,562.139309.fna_vs_GCF_025988605.1_ASM2598860v1_genomic.fna_blast.xml,0,0,0,0,0,0,0,0,5313588,0,0,0,0,0,0,562_subject_array_1739687674.bin
215790,562,98HMPL325,562.139308,6,https://ftp.ncbi.nlm.nih.gov/genomes/all/GCF/025/988/545/GCF_025988545.1_ASM2598854v1,6,562.139308.fna,GCF_025988545.1_ASM2598854v1_genomic.fna,5373540,5373540,562.139308.fna_vs_GCF_025988545.1_ASM2598854v1_genomic.fna_blast.xml,0,0,0,0,0,0,0,0,5373540,0,0,0,0,0,0,562_subject_array_1739687682.bin
215791,562,98HMPL475,562.139306,6,https://ftp.ncbi.nlm.nih.gov/genomes/all/GCF/025/988/505/GCF_025988505.1_ASM2598850v1,6,562.139306.fna,GCF_025988505.1_ASM2598850v1_genomic.fna,5010608,5010608,562.139306.fna_vs_GCF_025988505.1_ASM2598850v1_genomic.fna_blast.xml,0,0,0,0,0,0,0,0,5010608,0,0,0,0,0,0,562_subject_array_1739687688.bin
216154,562,ABWA45,562.17727,6,https://ftp.ncbi.nlm.nih.gov/genomes/all/GCF/002/211/725/GCF_002211725.1_ASM221172v1,6,562.17727.fna,GCF_002211725.1_ASM221172v1_genomic.fna,5466321,5466321,562.17727.fna_vs_GCF_002211725.1_ASM221172v1_genomic.fna_blast.xml,0,0,0,0,0,0,0,0,5466321,0,0,0,0,0,0,562_subject_array_1739687694.bin
216174,562,ADD183,562.137354,6,https://ftp.ncbi.nlm.nih.gov/genomes/all/GCF/033/843/605/GCF_033843605.1_ASM3384360v1,6,562.137354.fna,GCF_033843605.1_ASM3384360v1_genomic.fna,4885828,4885828,562.137354.fna_vs_GCF_033843605.1_ASM3384360v1_genomic.fna_blast.xml,0,0,0,0,0,0,0,23802,4861930,0,0,6,90,0,0,562_subject_array_1739687701.bin
216475,562,AMA1167,562.114635,6,https://ftp.ncbi.nlm.nih.gov/genomes/all/GCF/002/803/905/GCF_002803905.1_ASM280390v1,6,562.114635.fna,GCF_002803905.1_ASM280390v1_genomic.fna,4936673,4936673,562.114635.fna_vs_GCF_002803905.1_ASM280390v1_genomic.fna_blast.xml,0,0,0,0,0,0,0,0,4936673,0,0,0,0,0,0,562_subject_array_1739687707.bin
216526,562,AR437,562.29008,6,https://ftp.ncbi.nlm.nih.gov/genomes/all/GCF/003/073/815/GCF_003073815.1_ASM307381v1,6,562.29008.fna,GCF_003073815.1_ASM307381v1_genomic.fna,4952550,4952550,562.29008.fna_vs_GCF_003073815.1_ASM307381v1_genomic.fna_blast.xml,0,0,0,0,0,0,0,0,4952550,0,0,0,0,0,0,562_subject_array_1739687712.bin
216737,562,AR_0369,562.28435,6,https://ftp.ncbi.nlm.nih.gov/genomes/all/GCF/002/968/715/GCF_002968715.1_ASM296871v1,6,562.28435.fna,GCF_002968715.1_ASM296871v1_genomic.fna,4919661,4919661,562.28435.fna_vs_GCF_002968715.1_ASM296871v1_genomic.fna_blast.xml,0,0,0,0,0,0,0,0,4919661,0,0,0,0,0,0,562_subject_array_1739687716.bin
216740,562,AR_0372,562.28434,6,https://ftp.ncbi.nlm.nih.gov/genomes/all/GCF/002/968/735/GCF_002968735.1_ASM296873v1,6,562.28434.fna,GCF_002968735.1_ASM296873v1_genomic.fna,5487875,5487875,562.28434.fna_vs_GCF_002968735.1_ASM296873v1_genomic.fna_blast.xml,0,0,0,0,0,0,0,0,5487875,0,0,0,0,0,0,562_subject_array_1739687721.bin
216743,562,AR_0433,562.33281,6,https://ftp.ncbi.nlm.nih.gov/genomes/all/GCF/003/324/505/GCF_003324505.1_ASM332450v1,6,562.33281.fna,GCF_003324505.1_ASM332450v1_genomic.fna,4834035,4834035,562.33281.fna_vs_GCF_003324505.1_ASM332450v1_genomic.fna_blast.xml,0,0,0,0,0,0,0,0,4834035,0,0,0,0,0,0,562_subject_array_1739687725.bin
217011,562,AVS0196,562.126384,6,https://ftp.ncbi.nlm.nih.gov/genomes/all/GCF/030/038/515/GCF_030038515.1_ASM3003851v1,6,562.126384.fna,GCF_030038515.1_ASM3003851v1_genomic.fna,5227310,5227310,562.126384.fna_vs_GCF_030038515.1_ASM3003851v1_genomic.fna_blast.xml,0,0,0,0,0,0,0,0,5227310,0,0,0,0,0,0,562_subject_array_1739687730.bin
217048,562,AVS0790,562.126388,6,https://ftp.ncbi.nlm.nih.gov/genomes/all/GCF/030/038/665/GCF_030038665.1_ASM3003866v1,6,562.126388.fna,GCF_030038665.1_ASM3003866v1_genomic.fna,5239732,5239732,562.126388.fna_vs_GCF_030038665.1_ASM3003866v1_genomic.fna_blast.xml,0,0,0,0,0,0,0,0,5239732,0,0,0,0,0,0,562_subject_array_1739687736.bin
217053,562,AVS0968,562.133186,6,https://ftp.ncbi.nlm.nih.gov/genomes/all/GCF/029/990/555/GCF_029990555.1_ASM2999055v1,6,562.133186.fna,GCF_029990555.1_ASM2999055v1_genomic.fna,5300229,5300229,562.133186.fna_vs_GCF_029990555.1_ASM2999055v1_genomic.fna_blast.xml,0,0,0,0,0,0,0,0,5300229,0,0,0,0,0,0,562_subject_array_1739687741.bin
217054,562,AVS0969,562.126383,6,https://ftp.ncbi.nlm.nih.gov/genomes/all/GCF/030/037/255/GCF_030037255.1_ASM3003725v1,6,562.126383.fna,GCF_030037255.1_ASM3003725v1_genomic.fna,5428737,5428737,562.126383.fna_vs_GCF_030037255.1_ASM3003725v1_genomic.fna_blast.xml,0,0,0,0,0,0,0,0,5428737,0,0,0,0,0,0,562_subject_array_1739687748.bin
217291,562,B379,562.92062,6,https://ftp.ncbi.nlm.nih.gov/genomes/all/GCF/021/441/985/GCF_021441985.1_ASM2144198v1,6,562.92062.fna,GCF_021441985.1_ASM2144198v1_genomic.fna,5152502,5152502,562.92062.fna_vs_GCF_021441985.1_ASM2144198v1_genomic.fna_blast.xml,0,0,0,0,0,0,0,0,5152502,0,0,0,0,0,0,562_subject_array_1739687752.bin
217347,562,B771,562.124957,6,https://ftp.ncbi.nlm.nih.gov/genomes/all/GCF/029/536/675/GCF_029536675.1_ASM2953667v1,6,562.124957.fna,GCF_029536675.1_ASM2953667v1_genomic.fna,5341634,5341634,562.124957.fna_vs_GCF_029536675.1_ASM2953667v1_genomic.fna_blast.xml,0,0,0,0,0,0,0,0,5341634,0,0,0,0,0,0,562_subject_array_1739687759.bin
217462,562,BC-BR1421-3,562.89951,6,https://ftp.ncbi.nlm.nih.gov/genomes/all/GCF/021/503/695/GCF_021503695.1_ASM2150369v1,6,562.89951.fna,GCF_021503695.1_ASM2150369v1_genomic.fna,5555979,5555979,562.89951.fna_vs_GCF_021503695.1_ASM2150369v1_genomic.fna_blast.xml,0,0,0,0,0,0,0,0,5555979,0,0,0,0,0,0,562_subject_array_1739687765.bin
217696,562,BR10-DEC,562.45396,6,https://ftp.ncbi.nlm.nih.gov/genomes/all/GCF/004/116/795/GCF_004116795.1_ASM411679v1,6,562.45396.fna,GCF_004116795.1_ASM411679v1_genomic.fna,5094768,5094768,562.45396.fna_vs_GCF_004116795.1_ASM411679v1_genomic.fna_blast.xml,0,0,0,0,0,0,0,120,5094648,0,0,0,0,0,0,562_subject_array_1739687769.bin
218188,562,C324,562.106307,6,https://ftp.ncbi.nlm.nih.gov/genomes/all/GCF/023/738/855/GCF_023738855.1_ASM2373885v1,6,562.106307.fna,GCF_023738855.1_ASM2373885v1_genomic.fna,5208048,5208048,562.106307.fna_vs_GCF_023738855.1_ASM2373885v1_genomic.fna_blast.xml,0,0,0,0,0,0,0,0,5208048,0,0,0,0,0,0,562_subject_array_1739687776.bin
218367,562,CAC124,562.149796,6,https://ftp.ncbi.nlm.nih.gov/genomes/all/GCF/039/624/115/GCF_039624115.1_ASM3962411v1,6,562.149796.fna,GCF_039624115.1_ASM3962411v1_genomic.fna,5584617,5584617,562.149796.fna_vs_GCF_039624115.1_ASM3962411v1_genomic.fna_blast.xml,0,0,0,0,0,0,0,0,5584617,0,0,0,0,0,0,562_subject_array_1739687782.bin
218368,562,CAC139_1_201808,562.108791,6,https://ftp.ncbi.nlm.nih.gov/genomes/all/GCF/024/723/815/GCF_024723815.1_ASM2472381v1,6,562.108791.fna,GCF_024723815.1_ASM2472381v1_genomic.fna,4932009,4932009,562.108791.fna_vs_GCF_024723815.1_ASM2472381v1_genomic.fna_blast.xml,0,0,0,0,0,0,0,0,4932009,0,0,0,0,0,0,562_subject_array_1739687787.bin
218371,562,CAE137,562.149793,6,https://ftp.ncbi.nlm.nih.gov/genomes/all/GCF/039/624/055/GCF_039624055.1_ASM3962405v1,6,562.149793.fna,GCF_039624055.1_ASM3962405v1_genomic.fna,5516907,5516907,562.149793.fna_vs_GCF_039624055.1_ASM3962405v1_genomic.fna_blast.xml,0,0,0,0,0,0,0,0,5516907,0,0,0,0,0,0,562_subject_array_1739687794.bin
218493,562,CCip20_JUN2018,562.94096,6,https://ftp.ncbi.nlm.nih.gov/genomes/all/GCF/021/890/615/GCF_021890615.1_ASM2189061v1,6,562.94096.fna,GCF_021890615.1_ASM2189061v1_genomic.fna,5209882,5209882,562.94096.fna_vs_GCF_021890615.1_ASM2189061v1_genomic.fna_blast.xml,0,0,0,0,0,0,0,0,5209882,0,0,0,0,0,0,562_subject_array_1739687798.bin
218494,562,CCip22_JUN2018,562.94094,6,https://ftp.ncbi.nlm.nih.gov/genomes/all/GCF/021/890/575/GCF_021890575.1_ASM2189057v1,6,562.94094.fna,GCF_021890575.1_ASM2189057v1_genomic.fna,5115572,5115572,562.94094.fna_vs_GCF_021890575.1_ASM2189057v1_genomic.fna_blast.xml,0,0,0,0,0,0,0,0,5115572,0,0,0,0,0,0,562_subject_array_1739687802.bin
218799,562,CFSAN064035,562.33452,6,https://ftp.ncbi.nlm.nih.gov/genomes/all/GCF/003/342/715/GCF_003342715.1_ASM334271v1,6,562.33452.fna,GCF_003342715.1_ASM334271v1_genomic.fna,5492302,5492302,562.33452.fna_vs_GCF_003342715.1_ASM334271v1_genomic.fna_blast.xml,0,0,0,0,0,0,0,0,5492302,0,0,0,0,0,0,562_subject_array_1739687807.bin
219132,562,CP52E,562.108465,6,https://ftp.ncbi.nlm.nih.gov/genomes/all/GCF/024/499/115/GCF_024499115.1_ASM2449911v1,6,562.108465.fna,GCF_024499115.1_ASM2449911v1_genomic.fna,4983686,4983686,562.108465.fna_vs_GCF_024499115.1_ASM2449911v1_genomic.fna_blast.xml,0,0,0,0,0,0,0,0,4983685,0,0,1,0,0,0,562_subject_array_1739687811.bin
219143,562,CPEc171209,562.53996,6,https://ftp.ncbi.nlm.nih.gov/genomes/all/GCF/009/757/205/GCF_009757205.1_ASM975720v1,6,562.53996.fna,GCF_009757205.1_ASM975720v1_genomic.fna,5293485,5293485,562.53996.fna_vs_GCF_009757205.1_ASM975720v1_genomic.fna_blast.xml,0,0,0,0,0,0,0,0,5293485,0,0,0,0,0,0,562_subject_array_1739687816.bin
219153,562,CPO080,562.129467,6,https://ftp.ncbi.nlm.nih.gov/genomes/all/GCF/030/284/285/GCF_030284285.1_ASM3028428v1,6,562.129467.fna,GCF_030284285.1_ASM3028428v1_genomic.fna,5500999,5500999,562.129467.fna_vs_GCF_030284285.1_ASM3028428v1_genomic.fna_blast.xml,0,0,0,0,0,0,0,0,5500999,0,0,0,0,0,0,562_subject_array_1739687820.bin
219187,562,CPww7,562.108466,6,https://ftp.ncbi.nlm.nih.gov/genomes/all/GCF/024/499/095/GCF_024499095.1_ASM2449909v1,6,562.108466.fna,GCF_024499095.1_ASM2449909v1_genomic.fna,5268278,5268278,562.108466.fna_vs_GCF_024499095.1_ASM2449909v1_genomic.fna_blast.xml,0,0,0,0,0,0,0,0,5268278,0,0,0,0,0,0,562_subject_array_1739687825.bin
219201,562,CRE1493,562.114672,6,https://ftp.ncbi.nlm.nih.gov/genomes/all/GCF/002/860/105/GCF_002860105.1_ASM286010v1,6,562.114672.fna,GCF_002860105.1_ASM286010v1_genomic.fna,5256088,5256088,562.114672.fna_vs_GCF_002860105.1_ASM286010v1_genomic.fna_blast.xml,0,0,0,0,0,0,0,0,5256088,0,0,0,0,0,0,562_subject_array_1739687830.bin
219234,562,CREC01,562.89843,6,https://ftp.ncbi.nlm.nih.gov/genomes/all/GCF/019/721/135/GCF_019721135.1_ASM1972113v1,6,562.89843.fna,GCF_019721135.1_ASM1972113v1_genomic.fna,5034429,5034429,562.89843.fna_vs_GCF_019721135.1_ASM1972113v1_genomic.fna_blast.xml,0,0,0,0,0,0,0,0,5034429,0,0,0,0,0,0,562_subject_array_1739687834.bin
219262,562,CT30,562.75646,6,https://ftp.ncbi.nlm.nih.gov/genomes/all/GCF/018/141/265/GCF_018141265.1_ASM1814126v1,6,562.75646.fna,GCF_018141265.1_ASM1814126v1_genomic.fna,5351766,5351766,562.75646.fna_vs_GCF_018141265.1_ASM1814126v1_genomic.fna_blast.xml,0,0,0,0,0,0,0,0,5351766,0,0,0,0,0,0,562_subject_array_1739687838.bin
219277,562,CUVET16-465,562.148265,6,https://ftp.ncbi.nlm.nih.gov/genomes/all/GCF/038/096/105/GCF_038096105.1_ASM3809610v1,6,562.148265.fna,GCF_038096105.1_ASM3809610v1_genomic.fna,4951368,5209523,562.148265.fna_vs_GCF_038096105.1_ASM3809610v1_genomic.fna_blast.xml,0,0,104,23,0,0,59,170559,4982293,0,52,3770,52503,0,160,562_subject_array_1739687843.bin
219281,562,CUVET17-972,562.133991,6,https://ftp.ncbi.nlm.nih.gov/genomes/all/GCF/030/996/545/GCF_030996545.1_ASM3099654v1,6,562.133991.fna,GCF_030996545.1_ASM3099654v1_genomic.fna,5030721,5030721,562.133991.fna_vs_GCF_030996545.1_ASM3099654v1_genomic.fna_blast.xml,0,0,0,0,0,0,0,0,5030721,0,0,0,0,0,0,562_subject_array_1739687847.bin
219299,562,CUVM3,562.122255,6,https://ftp.ncbi.nlm.nih.gov/genomes/all/GCF/028/551/195/GCF_028551195.1_ASM2855119v1,6,562.122255.fna,GCF_028551195.1_ASM2855119v1_genomic.fna,328397,5407506,562.122255.fna_vs_GCF_028551195.1_ASM2855119v1_genomic.fna_blast.xml,0,0,72,16,0,0,19,4983450,355747,0,54,3181,64839,0,128,562_subject_array_1739687848.bin
219445,562,CVRI_05,562.94288,6,https://ftp.ncbi.nlm.nih.gov/genomes/all/GCF/022/180/005/GCF_022180005.1_ASM2218000v1,6,562.94288.fna,GCF_022180005.1_ASM2218000v1_genomic.fna,5559604,5559604,562.94288.fna_vs_GCF_022180005.1_ASM2218000v1_genomic.fna_blast.xml,0,0,0,0,0,0,0,0,5559604,0,0,0,0,0,0,562_subject_array_1739687853.bin
219452,562,CVRI_14,562.94296,6,https://ftp.ncbi.nlm.nih.gov/genomes/all/GCF/022/180/165/GCF_022180165.1_ASM2218016v1,6,562.94296.fna,GCF_022180165.1_ASM2218016v1_genomic.fna,5604798,5604798,562.94296.fna_vs_GCF_022180165.1_ASM2218016v1_genomic.fna_blast.xml,0,0,0,0,0,0,0,0,5604798,0,0,0,0,0,0,562_subject_array_1739687858.bin
219454,562,CVRI_16,562.94298,6,https://ftp.ncbi.nlm.nih.gov/genomes/all/GCF/022/180/205/GCF_022180205.1_ASM2218020v1,6,562.94298.fna,GCF_022180205.1_ASM2218020v1_genomic.fna,5580175,5580175,562.94298.fna_vs_GCF_022180205.1_ASM2218020v1_genomic.fna_blast.xml,0,0,0,0,0,0,0,0,5580175,0,0,0,0,0,0,562_subject_array_1739687863.bin
219457,562,CVRI_19,562.94301,6,https://ftp.ncbi.nlm.nih.gov/genomes/all/GCF/022/180/265/GCF_022180265.1_ASM2218026v1,6,562.94301.fna,GCF_022180265.1_ASM2218026v1_genomic.fna,5566389,5566389,562.94301.fna_vs_GCF_022180265.1_ASM2218026v1_genomic.fna_blast.xml,0,0,0,0,0,0,0,0,5566389,0,0,0,0,0,0,562_subject_array_1739687867.bin
219459,562,CVRI_21,562.94303,6,https://ftp.ncbi.nlm.nih.gov/genomes/all/GCF/022/180/305/GCF_022180305.1_ASM2218030v1,6,562.94303.fna,GCF_022180305.1_ASM2218030v1_genomic.fna,5591345,5591345,562.94303.fna_vs_GCF_022180305.1_ASM2218030v1_genomic.fna_blast.xml,0,0,0,0,0,0,0,0,5591345,0,0,0,0,0,0,562_subject_array_1739687872.bin
219465,562,CX04,562.90808,6,https://ftp.ncbi.nlm.nih.gov/genomes/all/GCF/019/971/015/GCF_019971015.1_ASM1997101v1,6,562.90808.fna,GCF_019971015.1_ASM1997101v1_genomic.fna,5247667,5247667,562.90808.fna_vs_GCF_019971015.1_ASM1997101v1_genomic.fna_blast.xml,0,0,0,0,0,0,0,0,5247667,0,0,0,0,0,0,562_subject_array_1739687877.bin
219479,562,CX14,562.91175,6,https://ftp.ncbi.nlm.nih.gov/genomes/all/GCF/020/105/375/GCF_020105375.1_ASM2010537v1,6,562.91175.fna,GCF_020105375.1_ASM2010537v1_genomic.fna,5059581,5059581,562.91175.fna_vs_GCF_020105375.1_ASM2010537v1_genomic.fna_blast.xml,0,0,0,0,0,0,0,0,5059581,0,0,0,0,0,0,562_subject_array_1739687882.bin
219481,562,CX15,562.90811,6,https://ftp.ncbi.nlm.nih.gov/genomes/all/GCF/019/971/075/GCF_019971075.1_ASM1997107v1,6,562.90811.fna,GCF_019971075.1_ASM1997107v1_genomic.fna,5216002,5216002,562.90811.fna_vs_GCF_019971075.1_ASM1997107v1_genomic.fna_blast.xml,0,0,0,0,0,0,0,0,5216002,0,0,0,0,0,0,562_subject_array_1739687887.bin
219617,562,CrieF1144,562.140291,6,https://ftp.ncbi.nlm.nih.gov/genomes/all/GCF/036/689/785/GCF_036689785.1_ASM3668978v1,6,562.140291.fna,GCF_036689785.1_ASM3668978v1_genomic.fna,5425236,5425236,562.140291.fna_vs_GCF_036689785.1_ASM3668978v1_genomic.fna_blast.xml,0,0,0,0,0,0,0,0,5425236,0,0,0,0,0,0,562_subject_array_1739687891.bin
219698,562,DChl3_JUN2018,562.94102,6,https://ftp.ncbi.nlm.nih.gov/genomes/all/GCF/021/890/775/GCF_021890775.1_ASM2189077v1,6,562.94102.fna,GCF_021890775.1_ASM2189077v1_genomic.fna,4788002,4788002,562.94102.fna_vs_GCF_021890775.1_ASM2189077v1_genomic.fna_blast.xml,0,0,0,0,0,0,0,0,4788002,0,0,0,0,0,0,562_subject_array_1739687896.bin
219734,562,DETEC-S560,562.121942,6,https://ftp.ncbi.nlm.nih.gov/genomes/all/GCF/027/944/675/GCF_027944675.1_ASM2794467v1,6,562.121942.fna,GCF_027944675.1_ASM2794467v1_genomic.fna,5058034,5144201,562.121942.fna_vs_GCF_027944675.1_ASM2794467v1_genomic.fna_blast.xml,0,0,21,9,0,0,2,82307,5058505,0,0,392,2944,0,21,562_subject_array_1739687901.bin
219735,562,DETEC-S565,562.121945,6,https://ftp.ncbi.nlm.nih.gov/genomes/all/GCF/027/944/655/GCF_027944655.1_ASM2794465v1,6,562.121945.fna,GCF_027944655.1_ASM2794465v1_genomic.fna,286867,5203101,562.121945.fna_vs_GCF_027944655.1_ASM2794465v1_genomic.fna_blast.xml,0,0,2,2,0,0,6,4906166,292067,0,41,199,4593,0,25,562_subject_array_1739687901.bin
219932,562,DVT1260,562.110904,6,https://ftp.ncbi.nlm.nih.gov/genomes/all/GCF/025/584/345/GCF_025584345.1_ASM2558434v1,6,562.110904.fna,GCF_025584345.1_ASM2558434v1_genomic.fna,5102047,5102047,562.110904.fna_vs_GCF_025584345.1_ASM2558434v1_genomic.fna_blast.xml,0,0,0,0,0,0,0,0,5102047,0,0,0,0,0,0,562_subject_array_1739687905.bin
219945,562,DVT1275,562.110890,6,https://ftp.ncbi.nlm.nih.gov/genomes/all/GCF/025/584/085/GCF_025584085.1_ASM2558408v1,6,562.110890.fna,GCF_025584085.1_ASM2558408v1_genomic.fna,5229732,5229732,562.110890.fna_vs_GCF_025584085.1_ASM2558408v1_genomic.fna_blast.xml,0,0,0,0,0,0,0,0,5229732,0,0,0,0,0,0,562_subject_array_1739687910.bin
219980,562,DY612,562.125008,6,https://ftp.ncbi.nlm.nih.gov/genomes/all/GCF/029/636/765/GCF_029636765.1_ASM2963676v1,6,562.125008.fna,GCF_029636765.1_ASM2963676v1_genomic.fna,4832576,4832576,562.125008.fna_vs_GCF_029636765.1_ASM2963676v1_genomic.fna_blast.xml,0,0,0,0,0,0,0,0,4832576,0,0,0,0,0,0,562_subject_array_1739687914.bin
220233,562,E2855,562.39145,6,https://ftp.ncbi.nlm.nih.gov/genomes/all/GCF/003/966/425/GCF_003966425.1_ASM396642v1,6,562.39145.fna,GCF_003966425.1_ASM396642v1_genomic.fna,5935076,5935076,562.39145.fna_vs_GCF_003966425.1_ASM396642v1_genomic.fna_blast.xml,0,0,0,0,0,0,0,0,5935076,0,0,0,0,0,0,562_subject_array_1739687920.bin
220234,562,E2863,562.39146,6,https://ftp.ncbi.nlm.nih.gov/genomes/all/GCF/003/966/445/GCF_003966445.1_ASM396644v1,6,562.39146.fna,GCF_003966445.1_ASM396644v1_genomic.fna,5751663,5751663,562.39146.fna_vs_GCF_003966445.1_ASM396644v1_genomic.fna_blast.xml,0,0,0,0,0,0,0,0,5751663,0,0,0,0,0,0,562_subject_array_1739687925.bin
220291,562,E455,562.6970,6,https://ftp.ncbi.nlm.nih.gov/genomes/all/GCF/000/647/795/GCF_000647795.1_ASM64779v2,6,562.6970.fna,GCF_000647795.1_ASM64779v2_genomic.fna,4587712,4587712,562.6970.fna_vs_GCF_000647795.1_ASM64779v2_genomic.fna_blast.xml,0,0,0,0,0,0,0,0,4587712,0,0,0,0,0,0,562_subject_array_1739687930.bin
220322,562,E6474,562.122257,6,https://ftp.ncbi.nlm.nih.gov/genomes/all/GCF/028/551/215/GCF_028551215.1_ASM2855121v1,6,562.122257.fna,GCF_028551215.1_ASM2855121v1_genomic.fna,5065804,5066979,562.122257.fna_vs_GCF_028551215.1_ASM2855121v1_genomic.fna_blast.xml,0,0,0,0,0,0,0,1175,5065804,0,0,0,0,0,0,562_subject_array_1739687934.bin
220372,562,E92,562.124790,6,https://ftp.ncbi.nlm.nih.gov/genomes/all/GCF/029/318/975/GCF_029318975.1_ASM2931897v1,6,562.124790.fna,GCF_029318975.1_ASM2931897v1_genomic.fna,5751882,5751882,562.124790.fna_vs_GCF_029318975.1_ASM2931897v1_genomic.fna_blast.xml,0,0,0,0,0,0,0,0,5751882,0,0,0,0,0,0,562_subject_array_1739687940.bin
220373,562,E94,562.124791,6,https://ftp.ncbi.nlm.nih.gov/genomes/all/GCF/029/319/035/GCF_029319035.1_ASM2931903v1,6,562.124791.fna,GCF_029319035.1_ASM2931903v1_genomic.fna,5751071,5751071,562.124791.fna_vs_GCF_029319035.1_ASM2931903v1_genomic.fna_blast.xml,0,0,0,0,0,0,0,0,5751071,0,0,0,0,0,0,562_subject_array_1739687945.bin
220409,562,EC-14-2-9,562.96077,6,https://ftp.ncbi.nlm.nih.gov/genomes/all/GCF/022/605/345/GCF_022605345.1_ASM2260534v1,6,562.96077.fna,GCF_022605345.1_ASM2260534v1_genomic.fna,5303628,5303628,562.96077.fna_vs_GCF_022605345.1_ASM2260534v1_genomic.fna_blast.xml,0,0,0,0,0,0,0,0,5303628,0,0,0,0,0,0,562_subject_array_1739687950.bin
220477,562,EC00609,562.110951,6,https://ftp.ncbi.nlm.nih.gov/genomes/all/GCF/025/593/685/GCF_025593685.1_ASM2559368v1,6,562.110951.fna,GCF_025593685.1_ASM2559368v1_genomic.fna,5298611,5298611,562.110951.fna_vs_GCF_025593685.1_ASM2559368v1_genomic.fna_blast.xml,0,0,0,0,0,0,0,0,5298611,0,0,0,0,0,0,562_subject_array_1739687954.bin
220486,562,EC00668,562.60284,6,https://ftp.ncbi.nlm.nih.gov/genomes/all/GCF/012/952/605/GCF_012952605.1_ASM1295260v1,6,562.60284.fna,GCF_012952605.1_ASM1295260v1_genomic.fna,5256853,5256853,562.60284.fna_vs_GCF_012952605.1_ASM1295260v1_genomic.fna_blast.xml,0,0,0,0,0,0,0,0,5256853,0,0,0,0,0,0,562_subject_array_1739687959.bin
220487,562,EC00670,562.110941,6,https://ftp.ncbi.nlm.nih.gov/genomes/all/GCF/025/593/475/GCF_025593475.1_ASM2559347v1,6,562.110941.fna,GCF_025593475.1_ASM2559347v1_genomic.fna,5307781,5307781,562.110941.fna_vs_GCF_025593475.1_ASM2559347v1_genomic.fna_blast.xml,0,0,0,0,0,0,0,0,5307781,0,0,0,0,0,0,562_subject_array_1739687963.bin
220496,562,EC00690,562.110933,6,https://ftp.ncbi.nlm.nih.gov/genomes/all/GCF/025/593/335/GCF_025593335.1_ASM2559333v1,6,562.110933.fna,GCF_025593335.1_ASM2559333v1_genomic.fna,5398428,5398428,562.110933.fna_vs_GCF_025593335.1_ASM2559333v1_genomic.fna_blast.xml,0,0,0,0,0,0,0,0,5398428,0,0,0,0,0,0,562_subject_array_1739687968.bin
220655,562,EC16,562.75685,6,https://ftp.ncbi.nlm.nih.gov/genomes/all/GCF/018/316/615/GCF_018316615.1_ASM1831661v1,6,562.75685.fna,GCF_018316615.1_ASM1831661v1_genomic.fna,5317797,5317797,562.75685.fna_vs_GCF_018316615.1_ASM1831661v1_genomic.fna_blast.xml,0,0,0,0,0,0,0,0,5317797,0,0,0,0,0,0,562_subject_array_1739687973.bin
220719,562,EC20017429,562.107118,6,https://ftp.ncbi.nlm.nih.gov/genomes/all/GCF/023/921/205/GCF_023921205.1_ASM2392120v1,6,562.107118.fna,GCF_023921205.1_ASM2392120v1_genomic.fna,5959220,5959220,562.107118.fna_vs_GCF_023921205.1_ASM2392120v1_genomic.fna_blast.xml,0,0,0,0,0,0,0,0,5959220,0,0,0,0,0,0,562_subject_array_1739687978.bin
220732,562,EC21GDE043,562.107196,6,https://ftp.ncbi.nlm.nih.gov/genomes/all/GCF/024/125/695/GCF_024125695.1_ASM2412569v1,6,562.107196.fna,GCF_024125695.1_ASM2412569v1_genomic.fna,5411045,5411045,562.107196.fna_vs_GCF_024125695.1_ASM2412569v1_genomic.fna_blast.xml,0,0,0,0,0,0,0,0,5411045,0,0,0,0,0,0,562_subject_array_1739687982.bin
220735,562,EC21Z-063,562.107309,6,https://ftp.ncbi.nlm.nih.gov/genomes/all/GCF/024/298/465/GCF_024298465.1_ASM2429846v1,6,562.107309.fna,GCF_024298465.1_ASM2429846v1_genomic.fna,4996936,4996936,562.107309.fna_vs_GCF_024298465.1_ASM2429846v1_genomic.fna_blast.xml,0,0,0,0,0,0,1,0,4996935,0,0,0,0,0,0,562_subject_array_1739687987.bin
220736,562,EC21Z-078,562.107315,6,https://ftp.ncbi.nlm.nih.gov/genomes/all/GCF/024/298/705/GCF_024298705.1_ASM2429870v1,6,562.107315.fna,GCF_024298705.1_ASM2429870v1_genomic.fna,5022356,5022356,562.107315.fna_vs_GCF_024298705.1_ASM2429870v1_genomic.fna_blast.xml,0,0,0,0,0,0,1,0,5022355,0,0,0,0,0,0,562_subject_array_1739687991.bin
220737,562,EC21Z-083,562.107312,6,https://ftp.ncbi.nlm.nih.gov/genomes/all/GCF/024/298/545/GCF_024298545.1_ASM2429854v1,6,562.107312.fna,GCF_024298545.1_ASM2429854v1_genomic.fna,5022459,5022459,562.107312.fna_vs_GCF_024298545.1_ASM2429854v1_genomic.fna_blast.xml,0,0,0,0,0,0,0,0,5022459,0,0,0,0,0,0,562_subject_array_1739687995.bin
220738,562,EC21Z-097,562.107313,6,https://ftp.ncbi.nlm.nih.gov/genomes/all/GCF/024/298/525/GCF_024298525.1_ASM2429852v1,6,562.107313.fna,GCF_024298525.1_ASM2429852v1_genomic.fna,5022581,5022581,562.107313.fna_vs_GCF_024298525.1_ASM2429852v1_genomic.fna_blast.xml,0,0,0,0,0,0,0,0,5022581,0,0,0,0,0,0,562_subject_array_1739687999.bin
220787,562,EC256,562.139654,6,https://ftp.ncbi.nlm.nih.gov/genomes/all/GCF/036/281/835/GCF_036281835.1_ASM3628183v1,6,562.139654.fna,GCF_036281835.1_ASM3628183v1_genomic.fna,5506529,5506529,562.139654.fna_vs_GCF_036281835.1_ASM3628183v1_genomic.fna_blast.xml,0,0,0,0,0,0,0,0,5506529,0,0,0,0,0,0,562_subject_array_1739688004.bin
220813,562,EC28,562.58366,6,https://ftp.ncbi.nlm.nih.gov/genomes/all/GCF/011/044/355/GCF_011044355.1_ASM1104435v1,6,562.58366.fna,GCF_011044355.1_ASM1104435v1_genomic.fna,5260133,5260133,562.58366.fna_vs_GCF_011044355.1_ASM1104435v1_genomic.fna_blast.xml,0,0,0,0,0,0,0,0,5260133,0,0,0,0,0,0,562_subject_array_1739688008.bin
220819,562,EC29,562.96018,6,https://ftp.ncbi.nlm.nih.gov/genomes/all/GCF/022/558/645/GCF_022558645.1_ASM2255864v1,6,562.96018.fna,GCF_022558645.1_ASM2255864v1_genomic.fna,5132546,5132546,562.96018.fna_vs_GCF_022558645.1_ASM2255864v1_genomic.fna_blast.xml,0,0,0,0,0,0,0,0,5132546,0,0,0,0,0,0,562_subject_array_1739688013.bin
220890,562,EC361,562.129228,6,https://ftp.ncbi.nlm.nih.gov/genomes/all/GCF/030/296/155/GCF_030296155.1_ASM3029615v1,6,562.129228.fna,GCF_030296155.1_ASM3029615v1_genomic.fna,5566989,5566989,562.129228.fna_vs_GCF_030296155.1_ASM3029615v1_genomic.fna_blast.xml,0,0,0,0,0,0,0,0,5566989,0,0,0,0,0,0,562_subject_array_1739688018.bin
221073,562,EC78,562.50555,6,https://ftp.ncbi.nlm.nih.gov/genomes/all/GCF/007/826/925/GCF_007826925.1_ASM782692v1,6,562.50555.fna,GCF_007826925.1_ASM782692v1_genomic.fna,5119379,5119379,562.50555.fna_vs_GCF_007826925.1_ASM782692v1_genomic.fna_blast.xml,0,0,0,0,0,0,0,0,5119379,0,0,0,0,0,0,562_subject_array_1739688022.bin
221119,562,EC96,562.139244,6,https://ftp.ncbi.nlm.nih.gov/genomes/all/GCF/014/361/285/GCF_014361285.1_ASM1436128v1,6,562.139244.fna,GCF_014361285.1_ASM1436128v1_genomic.fna,4939392,4939392,562.139244.fna_vs_GCF_014361285.1_ASM1436128v1_genomic.fna_blast.xml,0,0,0,0,0,0,0,0,4939391,0,0,1,0,0,0,562_subject_array_1739688026.bin
221600,562,ECOR31,562.45306,6,https://ftp.ncbi.nlm.nih.gov/genomes/all/GCF/001/865/905/GCF_001865905.1_ASM186590v1,6,562.45306.fna,GCF_001865905.1_ASM186590v1_genomic.fna,5443045,5443045,562.45306.fna_vs_GCF_001865905.1_ASM186590v1_genomic.fna_blast.xml,0,0,0,0,0,0,0,0,5443045,0,0,0,0,0,0,562_subject_array_1739688031.bin
221913,562,EC_J_9,562.75745,6,https://ftp.ncbi.nlm.nih.gov/genomes/all/GCF/018/415/995/GCF_018415995.1_ASM1841599v1,6,562.75745.fna,GCF_018415995.1_ASM1841599v1_genomic.fna,5261112,5261112,562.75745.fna_vs_GCF_018415995.1_ASM1841599v1_genomic.fna_blast.xml,0,0,0,0,0,0,1,0,5261111,0,0,0,0,0,0,562_subject_array_1739688036.bin
222490,562,ES5,562.134067,6,https://ftp.ncbi.nlm.nih.gov/genomes/all/GCF/031/432/795/GCF_031432795.1_ASM3143279v1,6,562.134067.fna,GCF_031432795.1_ASM3143279v1_genomic.fna,5324454,5324454,562.134067.fna_vs_GCF_031432795.1_ASM3143279v1_genomic.fna_blast.xml,0,0,0,0,0,0,0,0,5324454,0,0,0,0,0,0,562_subject_array_1739688040.bin
222604,562,ETEC1701,562.126266,6,https://ftp.ncbi.nlm.nih.gov/genomes/all/GCF/030/012/785/GCF_030012785.1_ASM3001278v1,6,562.126266.fna,GCF_030012785.1_ASM3001278v1_genomic.fna,5320948,5320948,562.126266.fna_vs_GCF_030012785.1_ASM3001278v1_genomic.fna_blast.xml,0,0,0,0,0,0,0,0,5320948,0,0,0,0,0,0,562_subject_array_1739688045.bin
222606,562,ETEC1703,562.126263,6,https://ftp.ncbi.nlm.nih.gov/genomes/all/GCF/030/012/745/GCF_030012745.1_ASM3001274v1,6,562.126263.fna,GCF_030012745.1_ASM3001274v1_genomic.fna,5465581,5465581,562.126263.fna_vs_GCF_030012745.1_ASM3001274v1_genomic.fna_blast.xml,0,0,0,0,0,0,0,0,5465581,0,0,0,0,0,0,562_subject_array_1739688050.bin
222611,562,ETEC1716,562.126259,6,https://ftp.ncbi.nlm.nih.gov/genomes/all/GCF/030/012/665/GCF_030012665.1_ASM3001266v1,6,562.126259.fna,GCF_030012665.1_ASM3001266v1_genomic.fna,5483490,5483490,562.126259.fna_vs_GCF_030012665.1_ASM3001266v1_genomic.fna_blast.xml,0,0,0,0,0,0,0,0,5483490,0,0,0,0,0,0,562_subject_array_1739688055.bin
222626,562,ETEC1746,562.126289,6,https://ftp.ncbi.nlm.nih.gov/genomes/all/GCF/030/013/495/GCF_030013495.1_ASM3001349v1,6,562.126289.fna,GCF_030013495.1_ASM3001349v1_genomic.fna,5009601,5009601,562.126289.fna_vs_GCF_030013495.1_ASM3001349v1_genomic.fna_blast.xml,0,0,0,0,0,0,0,0,5009601,0,0,0,0,0,0,562_subject_array_1739688059.bin
222639,562,ETEC4066F,562.129358,6,https://ftp.ncbi.nlm.nih.gov/genomes/all/GCF/030/346/225/GCF_030346225.1_ASM3034622v1,6,562.129358.fna,GCF_030346225.1_ASM3034622v1_genomic.fna,5699760,5699760,562.129358.fna_vs_GCF_030346225.1_ASM3034622v1_genomic.fna_blast.xml,0,0,0,0,0,0,0,0,5699760,0,0,0,0,0,0,562_subject_array_1739688064.bin
222645,562,ETEC4073,562.126278,6,https://ftp.ncbi.nlm.nih.gov/genomes/all/GCF/030/013/265/GCF_030013265.1_ASM3001326v1,6,562.126278.fna,GCF_030013265.1_ASM3001326v1_genomic.fna,5332260,5332260,562.126278.fna_vs_GCF_030013265.1_ASM3001326v1_genomic.fna_blast.xml,0,0,0,0,0,0,0,0,5332260,0,0,0,0,0,0,562_subject_array_1739688068.bin
222654,562,ETEC4084F,562.129357,6,https://ftp.ncbi.nlm.nih.gov/genomes/all/GCF/030/346/145/GCF_030346145.1_ASM3034614v1,6,562.129357.fna,GCF_030346145.1_ASM3034614v1_genomic.fna,5067440,5067440,562.129357.fna_vs_GCF_030346145.1_ASM3034614v1_genomic.fna_blast.xml,0,0,0,0,0,0,0,0,5067440,0,0,0,0,0,0,562_subject_array_1739688073.bin
222737,562,Ec-042-T0,562.102140,6,https://ftp.ncbi.nlm.nih.gov/genomes/all/GCF/022/759/905/GCF_022759905.1_ASM2275990v1,6,562.102140.fna,GCF_022759905.1_ASM2275990v1_genomic.fna,4808195,4808195,562.102140.fna_vs_GCF_022759905.1_ASM2275990v1_genomic.fna_blast.xml,0,0,0,0,0,0,0,0,4808195,0,0,0,0,0,0,562_subject_array_1739688076.bin
222738,562,Ec-042-T20-ESBL,562.102138,6,https://ftp.ncbi.nlm.nih.gov/genomes/all/GCF/022/759/885/GCF_022759885.1_ASM2275988v1,6,562.102138.fna,GCF_022759885.1_ASM2275988v1_genomic.fna,4808210,4808210,562.102138.fna_vs_GCF_022759885.1_ASM2275988v1_genomic.fna_blast.xml,0,0,0,0,0,0,0,0,4808210,0,0,0,0,0,0,562_subject_array_1739688080.bin
222739,562,Ec-042-T20-MAC,562.102139,6,https://ftp.ncbi.nlm.nih.gov/genomes/all/GCF/022/759/865/GCF_022759865.1_ASM2275986v1,6,562.102139.fna,GCF_022759865.1_ASM2275986v1_genomic.fna,4809001,4809001,562.102139.fna_vs_GCF_022759865.1_ASM2275986v1_genomic.fna_blast.xml,0,0,0,0,0,0,0,0,4809001,0,0,0,0,0,0,562_subject_array_1739688084.bin
222740,562,Ec-042-T5-ESBL,562.102137,6,https://ftp.ncbi.nlm.nih.gov/genomes/all/GCF/022/759/845/GCF_022759845.1_ASM2275984v1,6,562.102137.fna,GCF_022759845.1_ASM2275984v1_genomic.fna,4808193,4808193,562.102137.fna_vs_GCF_022759845.1_ASM2275984v1_genomic.fna_blast.xml,0,0,0,0,0,0,0,0,4808193,0,0,0,0,0,0,562_subject_array_1739688087.bin
222741,562,Ec-042-T5-MAC,562.102135,6,https://ftp.ncbi.nlm.nih.gov/genomes/all/GCF/022/759/825/GCF_022759825.1_ASM2275982v1,6,562.102135.fna,GCF_022759825.1_ASM2275982v1_genomic.fna,4808531,4808531,562.102135.fna_vs_GCF_022759825.1_ASM2275982v1_genomic.fna_blast.xml,0,0,0,0,0,0,0,0,4808531,0,0,0,0,0,0,562_subject_array_1739688091.bin
222742,562,Ec-042_e2_T28,562.139681,6,https://ftp.ncbi.nlm.nih.gov/genomes/all/GCF/036/313/985/GCF_036313985.1_ASM3631398v1,6,562.139681.fna,GCF_036313985.1_ASM3631398v1_genomic.fna,4808212,4808212,562.139681.fna_vs_GCF_036313985.1_ASM3631398v1_genomic.fna_blast.xml,0,0,0,0,0,0,0,0,4808212,0,0,0,0,0,0,562_subject_array_1739688095.bin
222835,562,Ec42,562.78001,6,https://ftp.ncbi.nlm.nih.gov/genomes/all/GCF/019/355/455/GCF_019355455.1_ASM1935545v1,6,562.78001.fna,GCF_019355455.1_ASM1935545v1_genomic.fna,5267266,5267266,562.78001.fna_vs_GCF_019355455.1_ASM1935545v1_genomic.fna_blast.xml,0,0,0,0,0,0,0,0,5267266,0,0,0,0,0,0,562_subject_array_1739688099.bin
222836,562,Ec45-2020,562.149332,6,https://ftp.ncbi.nlm.nih.gov/genomes/all/GCF/038/709/795/GCF_038709795.1_ASM3870979v1,6,562.149332.fna,GCF_038709795.1_ASM3870979v1_genomic.fna,5552878,5552878,562.149332.fna_vs_GCF_038709795.1_ASM3870979v1_genomic.fna_blast.xml,0,0,0,0,0,0,0,100,5552778,0,0,0,0,0,0,562_subject_array_1739688103.bin
222878,562,EcH114,562.91614,6,https://ftp.ncbi.nlm.nih.gov/genomes/all/GCF/021/229/545/GCF_021229545.1_ASM2122954v1,6,562.91614.fna,GCF_021229545.1_ASM2122954v1_genomic.fna,5053687,5053687,562.91614.fna_vs_GCF_021229545.1_ASM2122954v1_genomic.fna_blast.xml,0,0,0,0,0,0,0,0,5053687,0,0,0,0,0,0,562_subject_array_1739688107.bin
222886,562,EcH227,562.91620,6,https://ftp.ncbi.nlm.nih.gov/genomes/all/GCF/021/229/675/GCF_021229675.1_ASM2122967v1,6,562.91620.fna,GCF_021229675.1_ASM2122967v1_genomic.fna,5314461,5314461,562.91620.fna_vs_GCF_021229675.1_ASM2122967v1_genomic.fna_blast.xml,0,0,0,0,0,0,0,0,5314461,0,0,0,0,0,0,562_subject_array_1739688111.bin
222892,562,EcH58,562.91607,6,https://ftp.ncbi.nlm.nih.gov/genomes/all/GCF/021/229/415/GCF_021229415.1_ASM2122941v1,6,562.91607.fna,GCF_021229415.1_ASM2122941v1_genomic.fna,4970442,4970442,562.91607.fna_vs_GCF_021229415.1_ASM2122941v1_genomic.fna_blast.xml,0,0,0,0,0,0,0,0,4970442,0,0,0,0,0,0,562_subject_array_1739688116.bin
223002,562,Ecol_545,562.15198,6,https://ftp.ncbi.nlm.nih.gov/genomes/all/GCF/002/012/045/GCF_002012045.1_ASM201204v1,6,562.15198.fna,GCF_002012045.1_ASM201204v1_genomic.fna,5276034,5276034,562.15198.fna_vs_GCF_002012045.1_ASM201204v1_genomic.fna_blast.xml,0,0,0,0,0,0,1,1,5276032,0,0,0,0,0,0,562_subject_array_1739688120.bin
223123,562,FAM21845,562.20498,6,https://ftp.ncbi.nlm.nih.gov/genomes/all/GCF/002/077/195/GCF_002077195.1_ASM207719v1,6,562.20498.fna,GCF_002077195.1_ASM207719v1_genomic.fna,5113593,5113593,562.20498.fna_vs_GCF_002077195.1_ASM207719v1_genomic.fna_blast.xml,0,0,0,0,0,0,0,0,5113593,0,0,0,0,0,0,562_subject_array_1739688125.bin
223214,562,FG116-1,562.138871,6,https://ftp.ncbi.nlm.nih.gov/genomes/all/GCF/035/829/315/GCF_035829315.1_ASM3582931v1,6,562.138871.fna,GCF_035829315.1_ASM3582931v1_genomic.fna,5042173,5042173,562.138871.fna_vs_GCF_035829315.1_ASM3582931v1_genomic.fna_blast.xml,0,0,0,0,0,0,0,0,5042173,0,0,0,0,0,0,562_subject_array_1739688129.bin
223331,562,FHI_NMBU_11,562.70602,6,https://ftp.ncbi.nlm.nih.gov/genomes/all/GCF/016/803/875/GCF_016803875.1_ASM1680387v1,6,562.70602.fna,GCF_016803875.1_ASM1680387v1_genomic.fna,5565139,5565139,562.70602.fna_vs_GCF_016803875.1_ASM1680387v1_genomic.fna_blast.xml,0,0,0,0,0,0,0,0,5565139,0,0,0,0,0,0,562_subject_array_1739688133.bin
224054,562,GD03785,562.126034,6,https://ftp.ncbi.nlm.nih.gov/genomes/all/GCF/029/842/285/GCF_029842285.1_ASM2984228v1,6,562.126034.fna,GCF_029842285.1_ASM2984228v1_genomic.fna,5133103,5133103,562.126034.fna_vs_GCF_029842285.1_ASM2984228v1_genomic.fna_blast.xml,0,0,0,0,0,0,0,0,5133103,0,0,0,0,0,0,562_subject_array_1739688137.bin
224059,562,GD04100,562.126028,6,https://ftp.ncbi.nlm.nih.gov/genomes/all/GCF/029/835/995/GCF_029835995.1_ASM2983599v1,6,562.126028.fna,GCF_029835995.1_ASM2983599v1_genomic.fna,5053404,5053404,562.126028.fna_vs_GCF_029835995.1_ASM2983599v1_genomic.fna_blast.xml,0,0,0,0,0,0,0,0,5053404,0,0,0,0,0,0,562_subject_array_1739688141.bin
224066,562,GD21SC2015PT,562.112418,6,https://ftp.ncbi.nlm.nih.gov/genomes/all/GCF/025/909/955/GCF_025909955.1_ASM2590995v1,6,562.112418.fna,GCF_025909955.1_ASM2590995v1_genomic.fna,5293041,5293041,562.112418.fna_vs_GCF_025909955.1_ASM2590995v1_genomic.fna_blast.xml,0,0,0,0,0,0,0,0,5293041,0,0,0,0,0,0,562_subject_array_1739688145.bin
224481,562,GN06667,562.147841,6,https://ftp.ncbi.nlm.nih.gov/genomes/all/GCF/037/280/675/GCF_037280675.1_ASM3728067v1,6,562.147841.fna,GCF_037280675.1_ASM3728067v1_genomic.fna,5152066,5152066,562.147841.fna_vs_GCF_037280675.1_ASM3728067v1_genomic.fna_blast.xml,0,0,0,0,0,0,0,0,5152065,0,0,1,0,0,0,562_subject_array_1739688149.bin
224926,562,HB14-1,562.104101,6,https://ftp.ncbi.nlm.nih.gov/genomes/all/GCF/023/244/385/GCF_023244385.1_ASM2324438v1,6,562.104101.fna,GCF_023244385.1_ASM2324438v1_genomic.fna,5902079,5902079,562.104101.fna_vs_GCF_023244385.1_ASM2324438v1_genomic.fna_blast.xml,0,0,0,0,0,0,0,0,5902079,0,0,0,0,0,0,562_subject_array_1739688154.bin
224928,562,HB42,562.110999,6,https://ftp.ncbi.nlm.nih.gov/genomes/all/GCF/025/159/115/GCF_025159115.1_ASM2515911v1,6,562.110999.fna,GCF_025159115.1_ASM2515911v1_genomic.fna,5183602,5183602,562.110999.fna_vs_GCF_025159115.1_ASM2515911v1_genomic.fna_blast.xml,0,0,0,0,0,0,0,0,5183602,0,0,0,0,0,0,562_subject_array_1739688158.bin
225293,562,HS4,562.138733,6,https://ftp.ncbi.nlm.nih.gov/genomes/all/GCF/035/666/315/GCF_035666315.1_ASM3566631v1,6,562.138733.fna,GCF_035666315.1_ASM3566631v1_genomic.fna,5541031,5541031,562.138733.fna_vs_GCF_035666315.1_ASM3566631v1_genomic.fna_blast.xml,0,0,0,0,0,0,0,0,5541031,0,0,0,0,0,0,562_subject_array_1739688162.bin
225442,562,HUE1,562.66856,6,https://ftp.ncbi.nlm.nih.gov/genomes/all/GCF/014/679/325/GCF_014679325.1_ASM1467932v1,6,562.66856.fna,GCF_014679325.1_ASM1467932v1_genomic.fna,4742352,4742352,562.66856.fna_vs_GCF_014679325.1_ASM1467932v1_genomic.fna_blast.xml,0,0,0,0,0,0,0,0,4742352,0,0,0,0,0,0,562_subject_array_1739688167.bin
225538,562,HeN100,562.115111,6,https://ftp.ncbi.nlm.nih.gov/genomes/all/GCF/026/427/755/GCF_026427755.1_ASM2642775v1,6,562.115111.fna,GCF_026427755.1_ASM2642775v1_genomic.fna,4922273,4922273,562.115111.fna_vs_GCF_026427755.1_ASM2642775v1_genomic.fna_blast.xml,0,0,0,0,0,0,0,0,4922273,0,0,0,0,0,0,562_subject_array_1739688171.bin
225932,562,IPCEC42,562.112502,6,https://ftp.ncbi.nlm.nih.gov/genomes/all/GCF/026/001/125/GCF_026001125.1_ASM2600112v1,6,562.112502.fna,GCF_026001125.1_ASM2600112v1_genomic.fna,5457093,5457093,562.112502.fna_vs_GCF_026001125.1_ASM2600112v1_genomic.fna_blast.xml,0,0,0,0,0,0,0,0,5457093,0,0,0,0,0,0,562_subject_array_1739688176.bin
225946,562,ISHS7,562.94407,6,https://ftp.ncbi.nlm.nih.gov/genomes/all/GCF/022/349/925/GCF_022349925.1_ASM2234992v1,6,562.94407.fna,GCF_022349925.1_ASM2234992v1_genomic.fna,5042998,5042998,562.94407.fna_vs_GCF_022349925.1_ASM2234992v1_genomic.fna_blast.xml,0,0,0,0,0,0,0,0,5042998,0,0,0,0,0,0,562_subject_array_1739688179.bin
226075,562,JBEHAAB-19-0176,562.139989,6,https://ftp.ncbi.nlm.nih.gov/genomes/all/GCF/036/511/735/GCF_036511735.1_ASM3651173v1,6,562.139989.fna,GCF_036511735.1_ASM3651173v1_genomic.fna,5611213,5611213,562.139989.fna_vs_GCF_036511735.1_ASM3651173v1_genomic.fna_blast.xml,0,0,0,0,0,0,0,0,5611213,0,0,0,0,0,0,562_subject_array_1739688184.bin
226082,562,JE86-ST05,562.139247,6,https://ftp.ncbi.nlm.nih.gov/genomes/all/GCF/015/509/005/GCF_015509005.1_ASM1550900v1,6,562.139247.fna,GCF_015509005.1_ASM1550900v1_genomic.fna,5590628,5590628,562.139247.fna_vs_GCF_015509005.1_ASM1550900v1_genomic.fna_blast.xml,0,0,0,0,0,0,0,0,5590628,0,0,0,0,0,0,562_subject_array_1739688188.bin
226396,562,JNE082640,562.129474,6,https://ftp.ncbi.nlm.nih.gov/genomes/all/GCF/030/295/505/GCF_030295505.1_ASM3029550v1,6,562.129474.fna,GCF_030295505.1_ASM3029550v1_genomic.fna,5109215,5109215,562.129474.fna_vs_GCF_030295505.1_ASM3029550v1_genomic.fna_blast.xml,0,0,0,0,0,0,0,0,5109215,0,0,0,0,0,0,562_subject_array_1739688192.bin
226473,562,JS316,562.66875,6,https://ftp.ncbi.nlm.nih.gov/genomes/all/GCF/014/826/015/GCF_014826015.1_ASM1482601v1,6,562.66875.fna,GCF_014826015.1_ASM1482601v1_genomic.fna,4939208,4939208,562.66875.fna_vs_GCF_014826015.1_ASM1482601v1_genomic.fna_blast.xml,0,0,0,0,0,0,0,0,4939208,0,0,0,0,0,0,562_subject_array_1739688196.bin
226477,562,JSMCR1,562.108469,6,https://ftp.ncbi.nlm.nih.gov/genomes/all/GCF/024/499/305/GCF_024499305.1_ASM2449930v1,6,562.108469.fna,GCF_024499305.1_ASM2449930v1_genomic.fna,5284824,5284824,562.108469.fna_vs_GCF_024499305.1_ASM2449930v1_genomic.fna_blast.xml,0,0,0,0,0,0,0,0,5284824,0,0,0,0,0,0,562_subject_array_1739688200.bin
226491,562,JX21CE35,562.147961,6,https://ftp.ncbi.nlm.nih.gov/genomes/all/GCF/037/477/995/GCF_037477995.1_ASM3747799v1,6,562.147961.fna,GCF_037477995.1_ASM3747799v1_genomic.fna,4850463,4850463,562.147961.fna_vs_GCF_037477995.1_ASM3747799v1_genomic.fna_blast.xml,0,0,0,0,0,0,0,0,4850463,0,0,0,0,0,0,562_subject_array_1739688206.bin
227357,562,KMi025,562.96331,6,https://ftp.ncbi.nlm.nih.gov/genomes/all/GCF/022/494/605/GCF_022494605.1_ASM2249460v1,6,562.96331.fna,GCF_022494605.1_ASM2249460v1_genomic.fna,5136687,5136687,562.96331.fna_vs_GCF_022494605.1_ASM2249460v1_genomic.fna_blast.xml,0,0,0,0,0,0,0,0,5136687,0,0,0,0,0,0,562_subject_array_1739688210.bin
227381,562,KOr024,562.149270,6,https://ftp.ncbi.nlm.nih.gov/genomes/all/GCF/038/396/315/GCF_038396315.1_ASM3839631v1,6,562.149270.fna,GCF_038396315.1_ASM3839631v1_genomic.fna,5112851,5112851,562.149270.fna_vs_GCF_038396315.1_ASM3839631v1_genomic.fna_blast.xml,0,0,0,0,0,0,0,0,5112851,0,0,0,0,0,0,562_subject_array_1739688214.bin
227595,562,L1M1-01,562.140164,6,https://ftp.ncbi.nlm.nih.gov/genomes/all/GCF/036/632/055/GCF_036632055.1_ASM3663205v1,6,562.140164.fna,GCF_036632055.1_ASM3663205v1_genomic.fna,5095446,5095446,562.140164.fna_vs_GCF_036632055.1_ASM3663205v1_genomic.fna_blast.xml,0,0,0,0,0,0,1,0,5095445,0,0,0,0,0,0,562_subject_array_1739688218.bin
227697,562,L725,562.45680,6,https://ftp.ncbi.nlm.nih.gov/genomes/all/GCF/004/301/465/GCF_004301465.1_ASM430146v1,6,562.45680.fna,GCF_004301465.1_ASM430146v1_genomic.fna,5069560,5069560,562.45680.fna_vs_GCF_004301465.1_ASM430146v1_genomic.fna_blast.xml,0,0,0,0,0,0,0,0,5069559,0,0,0,1,0,0,562_subject_array_1739688222.bin
227771,562,LC-1302-2020,562.96044,6,https://ftp.ncbi.nlm.nih.gov/genomes/all/GCF/022/559/875/GCF_022559875.1_ASM2255987v1,6,562.96044.fna,GCF_022559875.1_ASM2255987v1_genomic.fna,5368602,5368602,562.96044.fna_vs_GCF_022559875.1_ASM2255987v1_genomic.fna_blast.xml,0,0,0,0,0,0,0,0,5368602,0,0,0,0,0,0,562_subject_array_1739688227.bin
228071,562,LR-21-1,562.139917,6,https://ftp.ncbi.nlm.nih.gov/genomes/all/GCF/036/494/765/GCF_036494765.1_ASM3649476v1,6,562.139917.fna,GCF_036494765.1_ASM3649476v1_genomic.fna,5322021,5322021,562.139917.fna_vs_GCF_036494765.1_ASM3649476v1_genomic.fna_blast.xml,0,0,0,0,0,0,0,0,5322021,0,0,0,0,0,0,562_subject_array_1739688231.bin
228072,562,LR-24,562.139918,6,https://ftp.ncbi.nlm.nih.gov/genomes/all/GCF/036/494/955/GCF_036494955.1_ASM3649495v1,6,562.139918.fna,GCF_036494955.1_ASM3649495v1_genomic.fna,4942011,4942011,562.139918.fna_vs_GCF_036494955.1_ASM3649495v1_genomic.fna_blast.xml,0,0,0,0,0,0,0,0,4942011,0,0,0,0,0,0,562_subject_array_1739688236.bin
228073,562,LR-25,562.139919,6,https://ftp.ncbi.nlm.nih.gov/genomes/all/GCF/036/495/185/GCF_036495185.1_ASM3649518v1,6,562.139919.fna,GCF_036495185.1_ASM3649518v1_genomic.fna,5106189,5106189,562.139919.fna_vs_GCF_036495185.1_ASM3649518v1_genomic.fna_blast.xml,0,0,0,0,0,0,0,0,5106189,0,0,0,0,0,0,562_subject_array_1739688240.bin
228074,562,LR-27,562.139920,6,https://ftp.ncbi.nlm.nih.gov/genomes/all/GCF/036/495/405/GCF_036495405.1_ASM3649540v1,6,562.139920.fna,GCF_036495405.1_ASM3649540v1_genomic.fna,4910548,4910548,562.139920.fna_vs_GCF_036495405.1_ASM3649540v1_genomic.fna_blast.xml,0,0,0,0,0,0,0,0,4910548,0,0,0,0,0,0,562_subject_array_1739688244.bin
228080,562,LR-46,562.139927,6,https://ftp.ncbi.nlm.nih.gov/genomes/all/GCF/036/496/705/GCF_036496705.1_ASM3649670v1,6,562.139927.fna,GCF_036496705.1_ASM3649670v1_genomic.fna,5130879,5130879,562.139927.fna_vs_GCF_036496705.1_ASM3649670v1_genomic.fna_blast.xml,0,0,0,0,0,0,0,0,5130879,0,0,0,0,0,0,562_subject_array_1739688249.bin
228086,562,LR-60,562.139932,6,https://ftp.ncbi.nlm.nih.gov/genomes/all/GCF/036/497/705/GCF_036497705.1_ASM3649770v1,6,562.139932.fna,GCF_036497705.1_ASM3649770v1_genomic.fna,5313276,5313276,562.139932.fna_vs_GCF_036497705.1_ASM3649770v1_genomic.fna_blast.xml,0,0,0,0,0,0,0,0,5313276,0,0,0,0,0,0,562_subject_array_1739688253.bin
228092,562,LREC5785,562.149340,6,https://ftp.ncbi.nlm.nih.gov/genomes/all/GCF/038/757/645/GCF_038757645.1_ASM3875764v1,6,562.149340.fna,GCF_038757645.1_ASM3875764v1_genomic.fna,5343595,5343595,562.149340.fna_vs_GCF_038757645.1_ASM3875764v1_genomic.fna_blast.xml,0,0,0,0,0,0,0,0,5343595,0,0,0,0,0,0,562_subject_array_1739688257.bin
228108,562,LS45,562.102814,6,https://ftp.ncbi.nlm.nih.gov/genomes/all/GCF/023/022/925/GCF_023022925.1_ASM2302292v1,6,562.102814.fna,GCF_023022925.1_ASM2302292v1_genomic.fna,5487586,5487586,562.102814.fna_vs_GCF_023022925.1_ASM2302292v1_genomic.fna_blast.xml,0,0,0,0,0,0,0,0,5487586,0,0,0,0,0,0,562_subject_array_1739688261.bin
228337,562,LZSFZT33,562.133361,6,https://ftp.ncbi.nlm.nih.gov/genomes/all/GCF/030/846/035/GCF_030846035.1_ASM3084603v1,6,562.133361.fna,GCF_030846035.1_ASM3084603v1_genomic.fna,5592241,5592241,562.133361.fna_vs_GCF_030846035.1_ASM3084603v1_genomic.fna_blast.xml,0,0,0,0,0,0,0,100,5592141,0,0,0,0,0,0,562_subject_array_1739688266.bin
228416,562,M15,562.13777,6,https://ftp.ncbi.nlm.nih.gov/genomes/all/GCF/001/901/165/GCF_001901165.1_ASM190116v1,6,562.13777.fna,GCF_001901165.1_ASM190116v1_genomic.fna,5328503,5328503,562.13777.fna_vs_GCF_001901165.1_ASM190116v1_genomic.fna_blast.xml,0,0,0,0,0,0,0,0,5328503,0,0,0,0,0,0,562_subject_array_1739688270.bin
228417,562,M159-1,562.96090,6,https://ftp.ncbi.nlm.nih.gov/genomes/all/GCF/022/369/015/GCF_022369015.1_ASM2236901v1,6,562.96090.fna,GCF_022369015.1_ASM2236901v1_genomic.fna,4893369,4893369,562.96090.fna_vs_GCF_022369015.1_ASM2236901v1_genomic.fna_blast.xml,0,0,0,0,0,0,0,0,4893369,0,0,0,0,0,0,562_subject_array_1739688274.bin
228523,562,MB10,562.108565,6,https://ftp.ncbi.nlm.nih.gov/genomes/all/GCF/024/585/705/GCF_024585705.1_ASM2458570v1,6,562.108565.fna,GCF_024585705.1_ASM2458570v1_genomic.fna,4741618,4741618,562.108565.fna_vs_GCF_024585705.1_ASM2458570v1_genomic.fna_blast.xml,0,0,0,0,0,0,0,0,4741618,0,0,0,0,0,0,562_subject_array_1739688278.bin
228532,562,MB30,562.108562,6,https://ftp.ncbi.nlm.nih.gov/genomes/all/GCF/024/585/605/GCF_024585605.1_ASM2458560v1,6,562.108562.fna,GCF_024585605.1_ASM2458560v1_genomic.fna,5274775,5274775,562.108562.fna_vs_GCF_024585605.1_ASM2458560v1_genomic.fna_blast.xml,0,0,0,0,0,0,0,0,5274775,0,0,0,0,0,0,562_subject_array_1739688283.bin
228533,562,MB31,562.108556,6,https://ftp.ncbi.nlm.nih.gov/genomes/all/GCF/024/585/585/GCF_024585585.1_ASM2458558v1,6,562.108556.fna,GCF_024585585.1_ASM2458558v1_genomic.fna,5089903,5089903,562.108556.fna_vs_GCF_024585585.1_ASM2458558v1_genomic.fna_blast.xml,0,0,0,0,0,0,0,0,5089903,0,0,0,0,0,0,562_subject_array_1739688288.bin
228545,562,MB7671,562.128870,6,https://ftp.ncbi.nlm.nih.gov/genomes/all/GCF/030/273/345/GCF_030273345.1_ASM3027334v1,6,562.128870.fna,GCF_030273345.1_ASM3027334v1_genomic.fna,4994154,4994154,562.128870.fna_vs_GCF_030273345.1_ASM3027334v1_genomic.fna_blast.xml,0,0,0,0,0,0,0,0,4994154,0,0,0,0,0,0,562_subject_array_1739688292.bin
228572,562,MCJCHV-1,562.33453,6,https://ftp.ncbi.nlm.nih.gov/genomes/all/GCF/003/344/465/GCF_003344465.1_ASM334446v1,6,562.33453.fna,GCF_003344465.1_ASM334446v1_genomic.fna,5042521,5042521,562.33453.fna_vs_GCF_003344465.1_ASM334446v1_genomic.fna_blast.xml,0,0,0,0,0,0,0,0,5042521,0,0,0,0,0,0,562_subject_array_1739688296.bin
228863,562,MFDS1009772,562.140242,6,https://ftp.ncbi.nlm.nih.gov/genomes/all/GCF/036/681/045/GCF_036681045.1_ASM3668104v1,6,562.140242.fna,GCF_036681045.1_ASM3668104v1_genomic.fna,5309702,5309702,562.140242.fna_vs_GCF_036681045.1_ASM3668104v1_genomic.fna_blast.xml,0,0,0,0,0,0,0,0,5309702,0,0,0,0,0,0,562_subject_array_1739688302.bin
228865,562,MFDS1010992,562.140248,6,https://ftp.ncbi.nlm.nih.gov/genomes/all/GCF/036/681/145/GCF_036681145.1_ASM3668114v1,6,562.140248.fna,GCF_036681145.1_ASM3668114v1_genomic.fna,5855232,5855232,562.140248.fna_vs_GCF_036681145.1_ASM3668114v1_genomic.fna_blast.xml,0,0,0,0,0,0,0,0,5855232,0,0,0,0,0,0,562_subject_array_1739688307.bin
228870,562,MFDS1013836,562.140252,6,https://ftp.ncbi.nlm.nih.gov/genomes/all/GCF/036/681/265/GCF_036681265.1_ASM3668126v1,6,562.140252.fna,GCF_036681265.1_ASM3668126v1_genomic.fna,5732940,5732940,562.140252.fna_vs_GCF_036681265.1_ASM3668126v1_genomic.fna_blast.xml,0,0,0,0,0,0,0,0,5732940,0,0,0,0,0,0,562_subject_array_1739688312.bin
228887,562,MFDS1016233,562.140264,6,https://ftp.ncbi.nlm.nih.gov/genomes/all/GCF/036/681/765/GCF_036681765.1_ASM3668176v1,6,562.140264.fna,GCF_036681765.1_ASM3668176v1_genomic.fna,5759132,5759132,562.140264.fna_vs_GCF_036681765.1_ASM3668176v1_genomic.fna_blast.xml,0,0,0,0,0,0,0,0,5759132,0,0,0,0,0,0,562_subject_array_1739688316.bin
228930,562,MGH180,562.16487,6,https://ftp.ncbi.nlm.nih.gov/genomes/all/GCF/002/152/215/GCF_002152215.1_ASM215221v1,6,562.16487.fna,GCF_002152215.1_ASM215221v1_genomic.fna,4783853,4783853,562.16487.fna_vs_GCF_002152215.1_ASM215221v1_genomic.fna_blast.xml,0,0,0,0,0,0,0,120650,4663184,0,0,11,8,0,0,562_subject_array_1739688320.bin
229052,562,MIN-036,562.89788,6,https://ftp.ncbi.nlm.nih.gov/genomes/all/GCF/021/461/215/GCF_021461215.1_ASM2146121v1,6,562.89788.fna,GCF_021461215.1_ASM2146121v1_genomic.fna,5087983,5087983,562.89788.fna_vs_GCF_021461215.1_ASM2146121v1_genomic.fna_blast.xml,0,0,0,0,0,0,0,0,5087983,0,0,0,0,0,0,562_subject_array_1739688324.bin
229093,562,MOC9136,562.138587,6,https://ftp.ncbi.nlm.nih.gov/genomes/all/GCF/034/556/195/GCF_034556195.1_ASM3455619v1,6,562.138587.fna,GCF_034556195.1_ASM3455619v1_genomic.fna,5207559,5207559,562.138587.fna_vs_GCF_034556195.1_ASM3455619v1_genomic.fna_blast.xml,0,0,0,0,0,0,0,0,5207559,0,0,0,0,0,0,562_subject_array_1739688328.bin
231421,562,MRSN346355,562.13546,6,https://ftp.ncbi.nlm.nih.gov/genomes/all/GCF/001/886/575/GCF_001886575.1_ASM188657v1,6,562.13546.fna,GCF_001886575.1_ASM188657v1_genomic.fna,5114354,5114354,562.13546.fna_vs_GCF_001886575.1_ASM188657v1_genomic.fna_blast.xml,0,0,0,0,0,0,0,0,5114354,0,0,0,0,0,0,562_subject_array_1739688332.bin
231422,562,MRSN346595,562.13547,6,https://ftp.ncbi.nlm.nih.gov/genomes/all/GCF/001/886/755/GCF_001886755.1_ASM188675v1,6,562.13547.fna,GCF_001886755.1_ASM188675v1_genomic.fna,5116627,5116627,562.13547.fna_vs_GCF_001886755.1_ASM188675v1_genomic.fna_blast.xml,0,0,0,0,0,0,0,0,5116627,0,0,0,0,0,0,562_subject_array_1739688337.bin
231423,562,MRSN346638,562.13545,6,https://ftp.ncbi.nlm.nih.gov/genomes/all/GCF/001/886/555/GCF_001886555.1_ASM188655v1,6,562.13545.fna,GCF_001886555.1_ASM188655v1_genomic.fna,5116498,5116498,562.13545.fna_vs_GCF_001886555.1_ASM188655v1_genomic.fna_blast.xml,0,0,0,0,0,0,0,0,5116498,0,0,0,0,0,0,562_subject_array_1739688341.bin
231425,562,MRSN352231,562.13544,6,https://ftp.ncbi.nlm.nih.gov/genomes/all/GCF/001/886/535/GCF_001886535.1_ASM188653v1,6,562.13544.fna,GCF_001886535.1_ASM188653v1_genomic.fna,5200916,5200916,562.13544.fna_vs_GCF_001886535.1_ASM188653v1_genomic.fna_blast.xml,0,0,0,0,0,0,0,0,5200915,0,1,0,0,0,0,562_subject_array_1739688346.bin
231647,562,MS20673,562.132114,6,https://ftp.ncbi.nlm.nih.gov/genomes/all/GCF/030/515/355/GCF_030515355.1_ASM3051535v1,6,562.132114.fna,GCF_030515355.1_ASM3051535v1_genomic.fna,5173642,5173642,562.132114.fna_vs_GCF_030515355.1_ASM3051535v1_genomic.fna_blast.xml,0,0,0,0,0,0,0,0,5173642,0,0,0,0,0,0,562_subject_array_1739688350.bin
231649,562,MS20675,562.132097,6,https://ftp.ncbi.nlm.nih.gov/genomes/all/GCF/030/515/235/GCF_030515235.1_ASM3051523v1,6,562.132097.fna,GCF_030515235.1_ASM3051523v1_genomic.fna,5430852,5430852,562.132097.fna_vs_GCF_030515235.1_ASM3051523v1_genomic.fna_blast.xml,0,0,0,0,0,0,0,0,5430852,0,0,0,0,0,0,562_subject_array_1739688355.bin
231651,562,MS21199,562.132104,6,https://ftp.ncbi.nlm.nih.gov/genomes/all/GCF/030/515/195/GCF_030515195.1_ASM3051519v1,6,562.132104.fna,GCF_030515195.1_ASM3051519v1_genomic.fna,5073611,5073611,562.132104.fna_vs_GCF_030515195.1_ASM3051519v1_genomic.fna_blast.xml,0,0,0,0,0,0,0,0,5073611,0,0,0,0,0,0,562_subject_array_1739688359.bin
231877,562,MVC465,562.106240,6,https://ftp.ncbi.nlm.nih.gov/genomes/all/GCF/023/703/035/GCF_023703035.1_ASM2370303v1,6,562.106240.fna,GCF_023703035.1_ASM2370303v1_genomic.fna,5099558,5099558,562.106240.fna_vs_GCF_023703035.1_ASM2370303v1_genomic.fna_blast.xml,0,0,0,0,0,0,0,0,5099558,0,0,0,0,0,0,562_subject_array_1739688363.bin
231878,562,MVC530,562.106241,6,https://ftp.ncbi.nlm.nih.gov/genomes/all/GCF/023/703/195/GCF_023703195.1_ASM2370319v1,6,562.106241.fna,GCF_023703195.1_ASM2370319v1_genomic.fna,5183938,5183938,562.106241.fna_vs_GCF_023703195.1_ASM2370319v1_genomic.fna_blast.xml,0,0,0,0,0,0,0,0,5183938,0,0,0,0,0,0,562_subject_array_1739688367.bin
231890,562,MY440,562.67467,6,https://ftp.ncbi.nlm.nih.gov/genomes/all/GCF/015/472/365/GCF_015472365.1_ASM1547236v1,6,562.67467.fna,GCF_015472365.1_ASM1547236v1_genomic.fna,5290618,5290618,562.67467.fna_vs_GCF_015472365.1_ASM1547236v1_genomic.fna_blast.xml,0,0,0,0,0,0,0,0,5290618,0,0,0,0,0,0,562_subject_array_1739688371.bin
231973,562,N525,562.69586,6,https://ftp.ncbi.nlm.nih.gov/genomes/all/GCF/016/483/015/GCF_016483015.1_ASM1648301v1,6,562.69586.fna,GCF_016483015.1_ASM1648301v1_genomic.fna,5477420,5477420,562.69586.fna_vs_GCF_016483015.1_ASM1648301v1_genomic.fna_blast.xml,0,0,0,0,0,0,0,0,5477420,0,0,0,0,0,0,562_subject_array_1739688376.bin
232103,562,NCTC11114,562.34174,6,https://ftp.ncbi.nlm.nih.gov/genomes/all/GCF/900/448/535/GCF_900448535.1_38344_H02,6,562.34174.fna,GCF_900448535.1_38344_H02_genomic.fna,5158913,5158913,562.34174.fna_vs_GCF_900448535.1_38344_H02_genomic.fna_blast.xml,0,0,1,0,0,0,0,0,5158827,0,1,0,84,0,0,562_subject_array_1739688380.bin
232131,562,NCTC13384,562.34164,6,https://ftp.ncbi.nlm.nih.gov/genomes/all/GCF/900/448/435/GCF_900448435.1_32512_A01,6,562.34164.fna,GCF_900448435.1_32512_A01_genomic.fna,5017843,5017843,562.34164.fna_vs_GCF_900448435.1_32512_A01_genomic.fna_blast.xml,0,0,0,0,0,0,0,0,5017843,0,0,0,0,0,0,562_subject_array_1739688384.bin
232134,562,NCTC13461,562.34274,6,https://ftp.ncbi.nlm.nih.gov/genomes/all/GCF/900/449/685/GCF_900449685.1_39130_B01,6,562.34274.fna,GCF_900449685.1_39130_B01_genomic.fna,5400108,5400108,562.34274.fna_vs_GCF_900449685.1_39130_B01_genomic.fna_blast.xml,0,0,0,0,0,0,0,0,5400108,0,0,0,0,0,0,562_subject_array_1739688388.bin
232137,562,NCTC4168,562.34342,6,https://ftp.ncbi.nlm.nih.gov/genomes/all/GCF/900/450/515/GCF_900450515.1_41906_D01,6,562.34342.fna,GCF_900450515.1_41906_D01_genomic.fna,5608585,5608585,562.34342.fna_vs_GCF_900450515.1_41906_D01_genomic.fna_blast.xml,0,0,0,0,0,0,0,0,5608585,0,0,0,0,0,0,562_subject_array_1739688393.bin
232154,562,NCTC9006,562.34216,6,https://ftp.ncbi.nlm.nih.gov/genomes/all/GCF/900/448/995/GCF_900448995.1_38502_E01,6,562.34216.fna,GCF_900448995.1_38502_E01_genomic.fna,5251497,5251497,562.34216.fna_vs_GCF_900448995.1_38502_E01_genomic.fna_blast.xml,0,0,0,0,0,0,0,0,5251497,0,0,0,0,0,0,562_subject_array_1739688397.bin
232204,562,NCTC9099,562.34331,6,https://ftp.ncbi.nlm.nih.gov/genomes/all/GCF/900/450/345/GCF_900450345.1_40295_F02,6,562.34331.fna,GCF_900450345.1_40295_F02_genomic.fna,5054708,5054708,562.34331.fna_vs_GCF_900450345.1_40295_F02_genomic.fna_blast.xml,0,0,0,0,0,0,0,0,5054680,0,1,0,27,0,0,562_subject_array_1739688401.bin
232226,562,NCTC9707,562.34324,6,https://ftp.ncbi.nlm.nih.gov/genomes/all/GCF/900/450/255/GCF_900450255.1_41236_D01,6,562.34324.fna,GCF_900450255.1_41236_D01_genomic.fna,5274845,5274845,562.34324.fna_vs_GCF_900450255.1_41236_D01_genomic.fna_blast.xml,0,0,0,0,0,0,0,0,5274828,0,0,0,17,0,0,562_subject_array_1739688406.bin
232235,562,NDM-5_201909,562.69585,6,https://ftp.ncbi.nlm.nih.gov/genomes/all/GCF/016/482/975/GCF_016482975.1_ASM1648297v1,6,562.69585.fna,GCF_016482975.1_ASM1648297v1_genomic.fna,5237346,5237346,562.69585.fna_vs_GCF_016482975.1_ASM1648297v1_genomic.fna_blast.xml,0,0,0,0,0,0,0,0,5237346,0,0,0,0,0,0,562_subject_array_1739688410.bin
232482,562,NK-MR1529-1,562.89945,6,https://ftp.ncbi.nlm.nih.gov/genomes/all/GCF/021/503/255/GCF_021503255.1_ASM2150325v1,6,562.89945.fna,GCF_021503255.1_ASM2150325v1_genomic.fna,4954366,4954366,562.89945.fna_vs_GCF_021503255.1_ASM2150325v1_genomic.fna_blast.xml,0,0,0,0,0,0,0,0,4954366,0,0,0,0,0,0,562_subject_array_1739688414.bin
233108,562,OS_09_001_-1.1,562.16368,6,https://ftp.ncbi.nlm.nih.gov/genomes/all/GCF/002/087/815/GCF_002087815.1_ASM208781v1,6,562.16368.fna,GCF_002087815.1_ASM208781v1_genomic.fna,4953094,4953094,562.16368.fna_vs_GCF_002087815.1_ASM208781v1_genomic.fna_blast.xml,0,0,0,0,0,0,0,35485,4917602,0,0,0,6,0,1,562_subject_array_1739688417.bin
233109,562,OS_09_001_14,562.16363,6,https://ftp.ncbi.nlm.nih.gov/genomes/all/GCF/002/087/695/GCF_002087695.1_ASM208769v1,6,562.16363.fna,GCF_002087695.1_ASM208769v1_genomic.fna,4961911,4961911,562.16363.fna_vs_GCF_002087695.1_ASM208769v1_genomic.fna_blast.xml,0,0,0,0,0,0,0,43664,4918244,0,0,0,3,0,0,562_subject_array_1739688421.bin
233319,562,P21_SE1_04.20,562.91961,6,https://ftp.ncbi.nlm.nih.gov/genomes/all/GCF/020/541/025/GCF_020541025.1_ASM2054102v1,6,562.91961.fna,GCF_020541025.1_ASM2054102v1_genomic.fna,5264596,5264596,562.91961.fna_vs_GCF_020541025.1_ASM2054102v1_genomic.fna_blast.xml,0,0,0,0,0,0,0,0,5264596,0,0,0,0,0,0,562_subject_array_1739688425.bin
233372,562,P31_YH1_02.21,562.91959,6,https://ftp.ncbi.nlm.nih.gov/genomes/all/GCF/020/540/985/GCF_020540985.1_ASM2054098v1,6,562.91959.fna,GCF_020540985.1_ASM2054098v1_genomic.fna,5484552,5484552,562.91959.fna_vs_GCF_020540985.1_ASM2054098v1_genomic.fna_blast.xml,0,0,0,0,0,0,0,0,5484552,0,0,0,0,0,0,562_subject_array_1739688430.bin
233736,562,PK5074,562.75631,6,https://ftp.ncbi.nlm.nih.gov/genomes/all/GCF/017/903/455/GCF_017903455.1_ASM1790345v1,6,562.75631.fna,GCF_017903455.1_ASM1790345v1_genomic.fna,5321746,5321746,562.75631.fna_vs_GCF_017903455.1_ASM1790345v1_genomic.fna_blast.xml,0,0,0,0,0,0,0,0,5321746,0,0,0,0,0,0,562_subject_array_1739688435.bin
233746,562,PK8277,562.78016,6,https://ftp.ncbi.nlm.nih.gov/genomes/all/GCF/019/428/665/GCF_019428665.1_ASM1942866v1,6,562.78016.fna,GCF_019428665.1_ASM1942866v1_genomic.fna,4938008,4938008,562.78016.fna_vs_GCF_019428665.1_ASM1942866v1_genomic.fna_blast.xml,0,0,0,0,0,0,0,0,4938008,0,0,0,0,0,0,562_subject_array_1739688440.bin
233955,562,PSJ-14,562.139940,6,https://ftp.ncbi.nlm.nih.gov/genomes/all/GCF/036/499/205/GCF_036499205.1_ASM3649920v1,6,562.139940.fna,GCF_036499205.1_ASM3649920v1_genomic.fna,5086252,5086252,562.139940.fna_vs_GCF_036499205.1_ASM3649920v1_genomic.fna_blast.xml,0,0,0,0,0,0,0,0,5086252,0,0,0,0,0,0,562_subject_array_1739688444.bin
233960,562,PSJ-32-1,562.139945,6,https://ftp.ncbi.nlm.nih.gov/genomes/all/GCF/036/500/085/GCF_036500085.1_ASM3650008v1,6,562.139945.fna,GCF_036500085.1_ASM3650008v1_genomic.fna,4722446,4722446,562.139945.fna_vs_GCF_036500085.1_ASM3650008v1_genomic.fna_blast.xml,0,0,0,0,0,0,0,0,4722446,0,0,0,0,0,0,562_subject_array_1739688449.bin
233966,562,PSS-08-2,562.139951,6,https://ftp.ncbi.nlm.nih.gov/genomes/all/GCF/036/501/305/GCF_036501305.1_ASM3650130v1,6,562.139951.fna,GCF_036501305.1_ASM3650130v1_genomic.fna,5164800,5164800,562.139951.fna_vs_GCF_036501305.1_ASM3650130v1_genomic.fna_blast.xml,0,0,0,0,0,0,0,0,5164800,0,0,0,0,0,0,562_subject_array_1739688454.bin
234222,562,QEC11-421,562.69512,6,https://ftp.ncbi.nlm.nih.gov/genomes/all/GCF/016/446/335/GCF_016446335.1_ASM1644633v1,6,562.69512.fna,GCF_016446335.1_ASM1644633v1_genomic.fna,5084514,5084514,562.69512.fna_vs_GCF_016446335.1_ASM1644633v1_genomic.fna_blast.xml,0,0,0,0,0,0,0,0,5084514,0,0,0,0,0,0,562_subject_array_1739688459.bin
235002,562,Res13-Lact-EB12-05,562.67516,6,https://ftp.ncbi.nlm.nih.gov/genomes/all/GCF/015/571/955/GCF_015571955.1_ASM1557195v1,6,562.67516.fna,GCF_015571955.1_ASM1557195v1_genomic.fna,5018506,5018506,562.67516.fna_vs_GCF_015571955.1_ASM1557195v1_genomic.fna_blast.xml,0,0,0,0,0,0,0,0,5018506,0,0,0,0,0,0,562_subject_array_1739688463.bin
235003,562,Res13-Lact-ER02-39,562.67517,6,https://ftp.ncbi.nlm.nih.gov/genomes/all/GCF/015/571/875/GCF_015571875.1_ASM1557187v1,6,562.67517.fna,GCF_015571875.1_ASM1557187v1_genomic.fna,5106761,5106761,562.67517.fna_vs_GCF_015571875.1_ASM1557187v1_genomic.fna_blast.xml,0,0,0,0,0,0,0,0,5106761,0,0,0,0,0,0,562_subject_array_1739688468.bin
235004,562,Res13-Lact-PEA06-10,562.67513,6,https://ftp.ncbi.nlm.nih.gov/genomes/all/GCF/015/571/775/GCF_015571775.1_ASM1557177v1,6,562.67513.fna,GCF_015571775.1_ASM1557177v1_genomic.fna,5115450,5115450,562.67513.fna_vs_GCF_015571775.1_ASM1557177v1_genomic.fna_blast.xml,0,0,0,0,0,0,0,0,5115450,0,0,0,0,0,0,562_subject_array_1739688472.bin
235007,562,Res13-Lact-PEB14-36,562.67515,6,https://ftp.ncbi.nlm.nih.gov/genomes/all/GCF/015/571/815/GCF_015571815.1_ASM1557181v1,6,562.67515.fna,GCF_015571815.1_ASM1557181v1_genomic.fna,5018513,5018513,562.67515.fna_vs_GCF_015571815.1_ASM1557181v1_genomic.fna_blast.xml,0,0,0,0,0,0,0,0,5018513,0,0,0,0,0,0,562_subject_array_1739688477.bin
235008,562,Res13-Lact-PER02-33,562.67512,6,https://ftp.ncbi.nlm.nih.gov/genomes/all/GCF/015/571/655/GCF_015571655.1_ASM1557165v1,6,562.67512.fna,GCF_015571655.1_ASM1557165v1_genomic.fna,5116488,5116488,562.67512.fna_vs_GCF_015571655.1_ASM1557165v1_genomic.fna_blast.xml,0,0,0,0,0,0,0,0,5116488,0,0,0,0,0,0,562_subject_array_1739688481.bin
235009,562,Res13-Lact-PER04-33,562.67511,6,https://ftp.ncbi.nlm.nih.gov/genomes/all/GCF/015/571/635/GCF_015571635.1_ASM1557163v1,6,562.67511.fna,GCF_015571635.1_ASM1557163v1_genomic.fna,5109444,5109444,562.67511.fna_vs_GCF_015571635.1_ASM1557163v1_genomic.fna_blast.xml,0,0,0,0,0,0,0,0,5109444,0,0,0,0,0,0,562_subject_array_1739688486.bin
235010,562,Res13-Lact-PER12-33-A,562.67510,6,https://ftp.ncbi.nlm.nih.gov/genomes/all/GCF/015/571/615/GCF_015571615.1_ASM1557161v1,6,562.67510.fna,GCF_015571615.1_ASM1557161v1_genomic.fna,5113968,5113968,562.67510.fna_vs_GCF_015571615.1_ASM1557161v1_genomic.fna_blast.xml,0,0,0,0,0,0,0,1,5113967,0,0,0,0,0,0,562_subject_array_1739688491.bin
235011,562,Res13-Sevr-PER06-05-b-A,562.67508,6,https://ftp.ncbi.nlm.nih.gov/genomes/all/GCF/015/571/555/GCF_015571555.1_ASM1557155v1,6,562.67508.fna,GCF_015571555.1_ASM1557155v1_genomic.fna,5113439,5113439,562.67508.fna_vs_GCF_015571555.1_ASM1557155v1_genomic.fna_blast.xml,0,0,0,0,0,0,0,0,5113439,0,0,0,0,0,0,562_subject_array_1739688496.bin
235364,562,SA186,562.38635,6,https://ftp.ncbi.nlm.nih.gov/genomes/all/GCF/003/856/995/GCF_003856995.1_ASM385699v1,6,562.38635.fna,GCF_003856995.1_ASM385699v1_genomic.fna,5585941,5585941,562.38635.fna_vs_GCF_003856995.1_ASM385699v1_genomic.fna_blast.xml,0,0,0,0,0,0,0,0,5585941,0,0,0,0,0,0,562_subject_array_1739688500.bin
235450,562,SBF22,562.74548,6,https://ftp.ncbi.nlm.nih.gov/genomes/all/GCF/017/638/985/GCF_017638985.1_ASM1763898v1,6,562.74548.fna,GCF_017638985.1_ASM1763898v1_genomic.fna,5221827,5221827,562.74548.fna_vs_GCF_017638985.1_ASM1763898v1_genomic.fna_blast.xml,0,0,0,0,0,0,0,0,5221827,0,0,0,0,0,0,562_subject_array_1739688504.bin
235660,562,SCPM-O-B-9427,562.90848,6,https://ftp.ncbi.nlm.nih.gov/genomes/all/GCF/020/808/965/GCF_020808965.1_ASM2080896v1,6,562.90848.fna,GCF_020808965.1_ASM2080896v1_genomic.fna,5492674,5492674,562.90848.fna_vs_GCF_020808965.1_ASM2080896v1_genomic.fna_blast.xml,0,0,0,0,0,0,0,0,5492674,0,0,0,0,0,0,562_subject_array_1739688508.bin
235667,562,SCU-105,562.60262,6,https://ftp.ncbi.nlm.nih.gov/genomes/all/GCF/012/934/455/GCF_012934455.1_ASM1293445v1,6,562.60262.fna,GCF_012934455.1_ASM1293445v1_genomic.fna,5367348,5367348,562.60262.fna_vs_GCF_012934455.1_ASM1293445v1_genomic.fna_blast.xml,0,0,0,0,0,0,0,0,5367348,0,0,0,0,0,0,562_subject_array_1739688512.bin
235671,562,SCU-111,562.60265,6,https://ftp.ncbi.nlm.nih.gov/genomes/all/GCF/012/934/515/GCF_012934515.1_ASM1293451v1,6,562.60265.fna,GCF_012934515.1_ASM1293451v1_genomic.fna,5079785,5079785,562.60265.fna_vs_GCF_012934515.1_ASM1293451v1_genomic.fna_blast.xml,0,0,0,0,0,0,0,0,5079785,0,0,0,0,0,0,562_subject_array_1739688516.bin
235675,562,SCU-116,562.60267,6,https://ftp.ncbi.nlm.nih.gov/genomes/all/GCF/012/934/555/GCF_012934555.1_ASM1293455v1,6,562.60267.fna,GCF_012934555.1_ASM1293455v1_genomic.fna,5167467,5167467,562.60267.fna_vs_GCF_012934555.1_ASM1293455v1_genomic.fna_blast.xml,0,0,0,0,0,0,0,0,5167467,0,0,0,0,0,0,562_subject_array_1739688520.bin
235905,562,SF-468,562.7586,6,https://ftp.ncbi.nlm.nih.gov/genomes/all/GCF/001/280/345/GCF_001280345.1_ASM128034v1,6,562.7586.fna,GCF_001280345.1_ASM128034v1_genomic.fna,5358643,5358643,562.7586.fna_vs_GCF_001280345.1_ASM128034v1_genomic.fna_blast.xml,0,0,0,0,0,0,0,0,5358643,0,0,0,0,0,0,562_subject_array_1739688524.bin
236089,562,SLDY13,562.148163,6,https://ftp.ncbi.nlm.nih.gov/genomes/all/GCF/037/953/405/GCF_037953405.1_ASM3795340v1,6,562.148163.fna,GCF_037953405.1_ASM3795340v1_genomic.fna,5063911,5063911,562.148163.fna_vs_GCF_037953405.1_ASM3795340v1_genomic.fna_blast.xml,0,0,0,0,0,0,0,0,5063911,0,0,0,0,0,0,562_subject_array_1739688528.bin
236214,562,SO-ECO14-18,562.112659,6,https://ftp.ncbi.nlm.nih.gov/genomes/all/GCF/026/135/945/GCF_026135945.1_ASM2613594v1,6,562.112659.fna,GCF_026135945.1_ASM2613594v1_genomic.fna,5329437,5329437,562.112659.fna_vs_GCF_026135945.1_ASM2613594v1_genomic.fna_blast.xml,0,0,0,0,0,0,0,0,5329437,0,0,0,0,0,0,562_subject_array_1739688532.bin
236295,562,ST361,562.110775,6,https://ftp.ncbi.nlm.nih.gov/genomes/all/GCF/024/918/335/GCF_024918335.1_ASM2491833v1,6,562.110775.fna,GCF_024918335.1_ASM2491833v1_genomic.fna,5084854,5084854,562.110775.fna_vs_GCF_024918335.1_ASM2491833v1_genomic.fna_blast.xml,0,0,0,0,0,0,1,0,5084852,0,0,1,0,0,0,562_subject_array_1739688537.bin
236296,562,ST405,562.115494,6,https://ftp.ncbi.nlm.nih.gov/genomes/all/GCF/947/390/085/GCF_947390085.1_17-8104735_assembly,6,562.115494.fna,GCF_947390085.1_17-8104735_assembly_genomic.fna,5392969,5392969,562.115494.fna_vs_GCF_947390085.1_17-8104735_assembly_genomic.fna_blast.xml,0,0,0,0,0,0,0,0,5392969,0,0,0,0,0,0,562_subject_array_1739688541.bin
236305,562,ST940,562.115492,6,https://ftp.ncbi.nlm.nih.gov/genomes/all/GCF/947/390/195/GCF_947390195.1_17-8104575_assembly,6,562.115492.fna,GCF_947390195.1_17-8104575_assembly_genomic.fna,5142452,5142452,562.115492.fna_vs_GCF_947390195.1_17-8104575_assembly_genomic.fna_blast.xml,0,0,0,0,0,0,0,0,5142452,0,0,0,0,0,0,562_subject_array_1739688546.bin
236469,562,STEC1588,562.131927,6,https://ftp.ncbi.nlm.nih.gov/genomes/all/GCF/030/413/785/GCF_030413785.1_ASM3041378v1,6,562.131927.fna,GCF_030413785.1_ASM3041378v1_genomic.fna,5134479,5134479,562.131927.fna_vs_GCF_030413785.1_ASM3041378v1_genomic.fna_blast.xml,0,0,0,0,0,0,0,0,5134479,0,0,0,0,0,0,562_subject_array_1739688550.bin
237029,562,TCM_B_2,562.75744,6,https://ftp.ncbi.nlm.nih.gov/genomes/all/GCF/018/415/975/GCF_018415975.1_ASM1841597v1,6,562.75744.fna,GCF_018415975.1_ASM1841597v1_genomic.fna,5380316,5380316,562.75744.fna_vs_GCF_018415975.1_ASM1841597v1_genomic.fna_blast.xml,0,0,0,0,0,0,0,0,5380316,0,0,0,0,0,0,562_subject_array_1739688555.bin
237052,562,THUN_287,562.78296,6,https://ftp.ncbi.nlm.nih.gov/genomes/all/GCF/019/656/475/GCF_019656475.1_ASM1965647v1,6,562.78296.fna,GCF_019656475.1_ASM1965647v1_genomic.fna,5358683,5358683,562.78296.fna_vs_GCF_019656475.1_ASM1965647v1_genomic.fna_blast.xml,0,0,0,0,0,0,0,0,5358683,0,0,0,0,0,0,562_subject_array_1739688559.bin
237118,562,TUM10008,562.135209,6,https://ftp.ncbi.nlm.nih.gov/genomes/all/GCF/032/375/225/GCF_032375225.1_ASM3237522v1,6,562.135209.fna,GCF_032375225.1_ASM3237522v1_genomic.fna,5225713,5225713,562.135209.fna_vs_GCF_032375225.1_ASM3237522v1_genomic.fna_blast.xml,0,0,0,0,0,0,0,0,5225713,0,0,0,0,0,0,562_subject_array_1739688564.bin
237133,562,TUM12357,562.134243,6,https://ftp.ncbi.nlm.nih.gov/genomes/all/GCF/031/663/975/GCF_031663975.1_ASM3166397v1,6,562.134243.fna,GCF_031663975.1_ASM3166397v1_genomic.fna,5275646,5275646,562.134243.fna_vs_GCF_031663975.1_ASM3166397v1_genomic.fna_blast.xml,0,0,0,0,0,0,0,0,5275646,0,0,0,0,0,0,562_subject_array_1739688570.bin
237449,562,TUM2802,562.135213,6,https://ftp.ncbi.nlm.nih.gov/genomes/all/GCF/032/377/095/GCF_032377095.1_ASM3237709v1,6,562.135213.fna,GCF_032377095.1_ASM3237709v1_genomic.fna,5273199,5273199,562.135213.fna_vs_GCF_032377095.1_ASM3237709v1_genomic.fna_blast.xml,0,0,0,0,0,0,0,0,5273199,0,0,0,0,0,0,562_subject_array_1739688574.bin
237740,562,U90,562.70400,6,https://ftp.ncbi.nlm.nih.gov/genomes/all/GCF/016/696/665/GCF_016696665.1_ASM1669666v1,6,562.70400.fna,GCF_016696665.1_ASM1669666v1_genomic.fna,5451109,5451109,562.70400.fna_vs_GCF_016696665.1_ASM1669666v1_genomic.fna_blast.xml,0,0,0,0,0,0,0,0,5451109,0,0,0,0,0,0,562_subject_array_1739688579.bin
237769,562,UCI122,562.16489,6,https://ftp.ncbi.nlm.nih.gov/genomes/all/GCF/002/152/255/GCF_002152255.1_ASM215225v1,6,562.16489.fna,GCF_002152255.1_ASM215225v1_genomic.fna,5113386,5113386,562.16489.fna_vs_GCF_002152255.1_ASM215225v1_genomic.fna_blast.xml,0,0,0,0,0,0,0,37421,5075943,0,0,1,21,0,0,562_subject_array_1739688583.bin
237780,562,UCICRE-135,562.67189,6,https://ftp.ncbi.nlm.nih.gov/genomes/all/GCF/014/902/195/GCF_014902195.1_ASM1490219v1,6,562.67189.fna,GCF_014902195.1_ASM1490219v1_genomic.fna,5437390,5437390,562.67189.fna_vs_GCF_014902195.1_ASM1490219v1_genomic.fna_blast.xml,0,0,0,0,0,0,0,94124,5343250,0,0,0,15,0,1,562_subject_array_1739688587.bin
237818,562,UK_Dog_Liverpool,562.33783,6,https://ftp.ncbi.nlm.nih.gov/genomes/all/GCF/003/413/625/GCF_003413625.1_ASM341362v1,6,562.33783.fna,GCF_003413625.1_ASM341362v1_genomic.fna,5114849,5114849,562.33783.fna_vs_GCF_003413625.1_ASM341362v1_genomic.fna_blast.xml,0,0,0,0,0,0,0,0,5114849,0,0,0,0,0,0,562_subject_array_1739688591.bin
238144,562,UPEC-455U/190220,562.78059,6,https://ftp.ncbi.nlm.nih.gov/genomes/all/GCF/019/443/605/GCF_019443605.1_ASM1944360v1,6,562.78059.fna,GCF_019443605.1_ASM1944360v1_genomic.fna,5192928,5192928,562.78059.fna_vs_GCF_019443605.1_ASM1944360v1_genomic.fna_blast.xml,0,0,0,0,0,0,0,0,5192928,0,0,0,0,0,0,562_subject_array_1739688595.bin
238678,562,VE-F10,562.128954,6,https://ftp.ncbi.nlm.nih.gov/genomes/all/GCF/030/161/935/GCF_030161935.2_ASM3016193v2,6,562.128954.fna,GCF_030161935.2_ASM3016193v2_genomic.fna,5008605,5008605,562.128954.fna_vs_GCF_030161935.2_ASM3016193v2_genomic.fna_blast.xml,0,0,0,0,0,0,0,0,5008605,0,0,0,0,0,0,562_subject_array_1739688599.bin
239362,562,WP3-W18-CRE-03,562.63825,6,https://ftp.ncbi.nlm.nih.gov/genomes/all/GCF/014/168/775/GCF_014168775.1_ASM1416877v1,6,562.63825.fna,GCF_014168775.1_ASM1416877v1_genomic.fna,5218294,5218294,562.63825.fna_vs_GCF_014168775.1_ASM1416877v1_genomic.fna_blast.xml,0,0,0,0,0,0,0,0,5218294,0,0,0,0,0,0,562_subject_array_1739688603.bin
239366,562,WP4-S17-ESBL-08,562.63832,6,https://ftp.ncbi.nlm.nih.gov/genomes/all/GCF/014/169/035/GCF_014169035.1_ASM1416903v1,6,562.63832.fna,GCF_014169035.1_ASM1416903v1_genomic.fna,5203078,5203078,562.63832.fna_vs_GCF_014169035.1_ASM1416903v1_genomic.fna_blast.xml,0,0,0,0,0,0,0,0,5203078,0,0,0,0,0,0,562_subject_array_1739688608.bin
239377,562,WP5-W18-ESBL-11,562.63838,6,https://ftp.ncbi.nlm.nih.gov/genomes/all/GCF/014/169/275/GCF_014169275.1_ASM1416927v1,6,562.63838.fna,GCF_014169275.1_ASM1416927v1_genomic.fna,5055147,5055147,562.63838.fna_vs_GCF_014169275.1_ASM1416927v1_genomic.fna_blast.xml,0,0,0,0,0,0,0,0,5055147,0,0,0,0,0,0,562_subject_array_1739688612.bin
239379,562,WP7-S17-ESBL-04,562.63843,6,https://ftp.ncbi.nlm.nih.gov/genomes/all/GCF/014/169/475/GCF_014169475.1_ASM1416947v1,6,562.63843.fna,GCF_014169475.1_ASM1416947v1_genomic.fna,4964366,4964366,562.63843.fna_vs_GCF_014169475.1_ASM1416947v1_genomic.fna_blast.xml,0,0,0,0,0,0,0,0,4964366,0,0,0,0,0,0,562_subject_array_1739688616.bin
239380,562,WP7-S18-ESBL-09,562.63844,6,https://ftp.ncbi.nlm.nih.gov/genomes/all/GCF/014/169/575/GCF_014169575.1_ASM1416957v1,6,562.63844.fna,GCF_014169575.1_ASM1416957v1_genomic.fna,5435456,5435456,562.63844.fna_vs_GCF_014169575.1_ASM1416957v1_genomic.fna_blast.xml,0,0,0,0,0,0,0,0,5435456,0,0,0,0,0,0,562_subject_array_1739688620.bin
239381,562,WP8-S17-ESBL-05,562.63845,6,https://ftp.ncbi.nlm.nih.gov/genomes/all/GCF/014/169/595/GCF_014169595.1_ASM1416959v1,6,562.63845.fna,GCF_014169595.1_ASM1416959v1_genomic.fna,5065434,5065434,562.63845.fna_vs_GCF_014169595.1_ASM1416959v1_genomic.fna_blast.xml,0,0,0,0,0,0,0,0,5065434,0,0,0,0,0,0,562_subject_array_1739688624.bin
239533,562,XDL,562.51602,6,https://ftp.ncbi.nlm.nih.gov/genomes/all/GCF/008/949/495/GCF_008949495.1_ASM894949v1,6,562.51602.fna,GCF_008949495.1_ASM894949v1_genomic.fna,5540143,5540143,562.51602.fna_vs_GCF_008949495.1_ASM894949v1_genomic.fna_blast.xml,0,0,0,0,0,0,1,0,5540141,0,0,1,0,0,0,562_subject_array_1739688629.bin
239626,562,X_13,562.115240,6,https://ftp.ncbi.nlm.nih.gov/genomes/all/GCF/026/619/895/GCF_026619895.1_ASM2661989v1,6,562.115240.fna,GCF_026619895.1_ASM2661989v1_genomic.fna,5169979,5169979,562.115240.fna_vs_GCF_026619895.1_ASM2661989v1_genomic.fna_blast.xml,0,0,0,0,0,0,0,0,5169979,0,0,0,0,0,0,562_subject_array_1739688633.bin
239634,562,X_21,562.115231,6,https://ftp.ncbi.nlm.nih.gov/genomes/all/GCF/026/619/765/GCF_026619765.1_ASM2661976v1,6,562.115231.fna,GCF_026619765.1_ASM2661976v1_genomic.fna,5421622,5421622,562.115231.fna_vs_GCF_026619765.1_ASM2661976v1_genomic.fna_blast.xml,0,0,0,0,0,0,0,0,5421622,0,0,0,0,0,0,562_subject_array_1739688638.bin
239636,562,X_23,562.115233,6,https://ftp.ncbi.nlm.nih.gov/genomes/all/GCF/026/619/715/GCF_026619715.1_ASM2661971v1,6,562.115233.fna,GCF_026619715.1_ASM2661971v1_genomic.fna,5351289,5351289,562.115233.fna_vs_GCF_026619715.1_ASM2661971v1_genomic.fna_blast.xml,0,0,0,0,0,0,0,0,5351289,0,0,0,0,0,0,562_subject_array_1739688642.bin
239653,562,X_52,562.115212,6,https://ftp.ncbi.nlm.nih.gov/genomes/all/GCF/026/615/485/GCF_026615485.1_ASM2661548v1,6,562.115212.fna,GCF_026615485.1_ASM2661548v1_genomic.fna,5166792,5166792,562.115212.fna_vs_GCF_026615485.1_ASM2661548v1_genomic.fna_blast.xml,0,0,0,0,0,0,0,0,5166792,0,0,0,0,0,0,562_subject_array_1739688646.bin
239660,562,X_62,562.115206,6,https://ftp.ncbi.nlm.nih.gov/genomes/all/GCF/026/615/275/GCF_026615275.1_ASM2661527v1,6,562.115206.fna,GCF_026615275.1_ASM2661527v1_genomic.fna,5162209,5162209,562.115206.fna_vs_GCF_026615275.1_ASM2661527v1_genomic.fna_blast.xml,0,0,0,0,0,0,0,0,5162209,0,0,0,0,0,0,562_subject_array_1739688650.bin
239661,562,X_65,562.115205,6,https://ftp.ncbi.nlm.nih.gov/genomes/all/GCF/026/615/255/GCF_026615255.1_ASM2661525v1,6,562.115205.fna,GCF_026615255.1_ASM2661525v1_genomic.fna,5584002,5584002,562.115205.fna_vs_GCF_026615255.1_ASM2661525v1_genomic.fna_blast.xml,0,0,0,0,0,0,0,0,5584002,0,0,0,0,0,0,562_subject_array_1739688654.bin
239663,562,X_67,562.115204,6,https://ftp.ncbi.nlm.nih.gov/genomes/all/GCF/026/615/155/GCF_026615155.1_ASM2661515v1,6,562.115204.fna,GCF_026615155.1_ASM2661515v1_genomic.fna,4912597,4912597,562.115204.fna_vs_GCF_026615155.1_ASM2661515v1_genomic.fna_blast.xml,0,0,0,0,0,0,0,0,4912597,0,0,0,0,0,0,562_subject_array_1739688658.bin
239854,562,YPE10,562.51572,6,https://ftp.ncbi.nlm.nih.gov/genomes/all/GCF/008/807/135/GCF_008807135.1_ASM880713v1,6,562.51572.fna,GCF_008807135.1_ASM880713v1_genomic.fna,5137627,5137627,562.51572.fna_vs_GCF_008807135.1_ASM880713v1_genomic.fna_blast.xml,0,0,0,0,0,0,0,0,5137627,0,0,0,0,0,0,562_subject_array_1739688663.bin
239921,562,YZ3-11,562.136241,6,https://ftp.ncbi.nlm.nih.gov/genomes/all/GCF/033/037/735/GCF_033037735.1_ASM3303773v1,6,562.136241.fna,GCF_033037735.1_ASM3303773v1_genomic.fna,5033860,5033860,562.136241.fna_vs_GCF_033037735.1_ASM3303773v1_genomic.fna_blast.xml,0,0,0,0,0,0,0,0,5033860,0,0,0,0,0,0,562_subject_array_1739688667.bin
239978,562,Z0117EC0094,562.106238,6,https://ftp.ncbi.nlm.nih.gov/genomes/all/GCF/023/668/005/GCF_023668005.1_ASM2366800v1,6,562.106238.fna,GCF_023668005.1_ASM2366800v1_genomic.fna,5479328,5479328,562.106238.fna_vs_GCF_023668005.1_ASM2366800v1_genomic.fna_blast.xml,0,0,0,0,0,0,0,0,5479328,0,0,0,0,0,0,562_subject_array_1739688671.bin
240009,562,Z1323HEC0011,562.148034,6,https://ftp.ncbi.nlm.nih.gov/genomes/all/GCF/037/553/955/GCF_037553955.1_ASM3755395v1,6,562.148034.fna,GCF_037553955.1_ASM3755395v1_genomic.fna,4806860,4806860,562.148034.fna_vs_GCF_037553955.1_ASM3755395v1_genomic.fna_blast.xml,0,0,0,0,0,0,0,0,4806860,0,0,0,0,0,0,562_subject_array_1739688675.bin
240022,562,Z1323PEC0013,562.147983,6,https://ftp.ncbi.nlm.nih.gov/genomes/all/GCF/037/526/635/GCF_037526635.1_ASM3752663v1,6,562.147983.fna,GCF_037526635.1_ASM3752663v1_genomic.fna,4963928,4963928,562.147983.fna_vs_GCF_037526635.1_ASM3752663v1_genomic.fna_blast.xml,0,0,0,0,0,0,0,0,4963928,0,0,0,0,0,0,562_subject_array_1739688679.bin
240024,562,Z1331,562.68770,6,https://ftp.ncbi.nlm.nih.gov/genomes/all/GCF/016/433/195/GCF_016433195.1_ASM1643319v1,6,562.68770.fna,GCF_016433195.1_ASM1643319v1_genomic.fna,4920155,4920155,562.68770.fna_vs_GCF_016433195.1_ASM1643319v1_genomic.fna_blast.xml,0,0,0,0,0,0,0,0,4920155,0,0,0,0,0,0,562_subject_array_1739688684.bin
240066,562,ZF31,562.58375,6,https://ftp.ncbi.nlm.nih.gov/genomes/all/GCF/011/045/875/GCF_011045875.1_ASM1104587v1,6,562.58375.fna,GCF_011045875.1_ASM1104587v1_genomic.fna,4792435,4792435,562.58375.fna_vs_GCF_011045875.1_ASM1104587v1_genomic.fna_blast.xml,0,0,0,0,0,0,0,0,4792435,0,0,0,0,0,0,562_subject_array_1739688688.bin
240067,562,ZF34,562.58376,6,https://ftp.ncbi.nlm.nih.gov/genomes/all/GCF/011/045/895/GCF_011045895.1_ASM1104589v1,6,562.58376.fna,GCF_011045895.1_ASM1104589v1_genomic.fna,4789677,4789677,562.58376.fna_vs_GCF_011045895.1_ASM1104589v1_genomic.fna_blast.xml,0,0,0,0,0,0,0,0,4789677,0,0,0,0,0,0,562_subject_array_1739688692.bin
240185,562,ZJ859,562.77448,6,https://ftp.ncbi.nlm.nih.gov/genomes/all/GCF/019/297/305/GCF_019297305.1_ASM1929730v1,6,562.77448.fna,GCF_019297305.1_ASM1929730v1_genomic.fna,5127206,5127206,562.77448.fna_vs_GCF_019297305.1_ASM1929730v1_genomic.fna_blast.xml,0,0,0,0,0,0,0,0,5127206,0,0,0,0,0,0,562_subject_array_1739688697.bin
240628,562,elppa6,562.94175,6,https://ftp.ncbi.nlm.nih.gov/genomes/all/GCF/020/827/615/GCF_020827615.1_ASM2082761v1,6,562.94175.fna,GCF_020827615.1_ASM2082761v1_genomic.fna,5138601,5138601,562.94175.fna_vs_GCF_020827615.1_ASM2082761v1_genomic.fna_blast.xml,0,0,0,0,0,0,0,0,5138601,0,0,0,0,0,0,562_subject_array_1739688701.bin
240742,562,isolateA,562.135178,6,https://ftp.ncbi.nlm.nih.gov/genomes/all/GCF/032/354/275/GCF_032354275.1_ASM3235427v1,6,562.135178.fna,GCF_032354275.1_ASM3235427v1_genomic.fna,5027703,5027703,562.135178.fna_vs_GCF_032354275.1_ASM3235427v1_genomic.fna_blast.xml,0,0,0,0,0,0,0,0,5027703,0,0,0,0,0,0,562_subject_array_1739688705.bin
240743,562,isolateD,562.135177,6,https://ftp.ncbi.nlm.nih.gov/genomes/all/GCF/032/351/055/GCF_032351055.1_ASM3235105v1,6,562.135177.fna,GCF_032351055.1_ASM3235105v1_genomic.fna,4988840,4988840,562.135177.fna_vs_GCF_032351055.1_ASM3235105v1_genomic.fna_blast.xml,0,0,0,0,0,0,0,0,4988840,0,0,0,0,0,0,562_subject_array_1739688709.bin
241233,562,xz018,562.77158,6,https://ftp.ncbi.nlm.nih.gov/genomes/all/GCF/019/054/175/GCF_019054175.1_ASM1905417v1,6,562.77158.fna,GCF_019054175.1_ASM1905417v1_genomic.fna,5018095,5018095,562.77158.fna_vs_GCF_019054175.1_ASM1905417v1_genomic.fna_blast.xml,0,0,0,0,0,0,0,0,5018095,0,0,0,0,0,0,562_subject_array_1739688713.bin
241335,564,22C057LT,564.485,6,https://ftp.ncbi.nlm.nih.gov/genomes/all/GCF/036/511/175/GCF_036511175.1_ASM3651117v1,6,564.485.fna,GCF_036511175.1_ASM3651117v1_genomic.fna,5131361,5131361,564.485.fna_vs_GCF_036511175.1_ASM3651117v1_genomic.fna_blast.xml,0,0,0,0,0,0,0,0,5131361,0,0,0,0,0,0,564_subject_array_1739688716.bin
241374,564,EF20JDJ4045,564.382,6,https://ftp.ncbi.nlm.nih.gov/genomes/all/GCF/020/883/415/GCF_020883415.1_ASM2088341v1,6,564.382.fna,GCF_020883415.1_ASM2088341v1_genomic.fna,5125452,5125452,564.382.fna_vs_GCF_020883415.1_ASM2088341v1_genomic.fna_blast.xml,0,0,0,0,0,0,0,0,5125452,0,0,0,0,0,0,564_subject_array_1739688720.bin
241425,564,RHB02-C22,564.124,6,https://ftp.ncbi.nlm.nih.gov/genomes/all/GCF/013/923/185/GCF_013923185.1_ASM1392318v1,6,564.124.fna,GCF_013923185.1_ASM1392318v1_genomic.fna,4950899,4950899,564.124.fna_vs_GCF_013923185.1_ASM1392318v1_genomic.fna_blast.xml,0,0,0,0,0,0,0,0,4950899,0,0,0,0,0,0,564_subject_array_1739688724.bin
241426,564,RHB02-E1-C03,564.448,6,https://ftp.ncbi.nlm.nih.gov/genomes/all/GCF/029/718/025/GCF_029718025.1_ASM2971802v1,6,564.448.fna,GCF_029718025.1_ASM2971802v1_genomic.fna,4951068,4951068,564.448.fna_vs_GCF_029718025.1_ASM2971802v1_genomic.fna_blast.xml,0,0,0,0,0,0,0,0,4951068,0,0,0,0,0,0,564_subject_array_1739688727.bin
241434,564,RHB18-C03,564.138,6,https://ftp.ncbi.nlm.nih.gov/genomes/all/GCF/013/710/195/GCF_013710195.1_ASM1371019v1,6,564.138.fna,GCF_013710195.1_ASM1371019v1_genomic.fna,4690828,4690828,564.138.fna_vs_GCF_013710195.1_ASM1371019v1_genomic.fna_blast.xml,0,0,0,0,0,0,0,0,4690828,0,0,0,0,0,0,564_subject_array_1739688730.bin
241447,564,RHB28-C13,564.88,6,https://ftp.ncbi.nlm.nih.gov/genomes/all/GCF/013/596/835/GCF_013596835.1_ASM1359683v1,6,564.88.fna,GCF_013596835.1_ASM1359683v1_genomic.fna,5152230,5152230,564.88.fna_vs_GCF_013596835.1_ASM1359683v1_genomic.fna_blast.xml,0,0,0,0,0,0,0,0,5152230,0,0,0,0,0,0,564_subject_array_1739688734.bin
241450,564,RHB30-C06,564.132,6,https://ftp.ncbi.nlm.nih.gov/genomes/all/GCF/014/104/895/GCF_014104895.1_ASM1410489v1,6,564.132.fna,GCF_014104895.1_ASM1410489v1_genomic.fna,4877637,4877637,564.132.fna_vs_GCF_014104895.1_ASM1410489v1_genomic.fna_blast.xml,0,0,0,0,0,0,0,0,4877637,0,0,0,0,0,0,564_subject_array_1739688738.bin
241468,564,RHB38-C07,564.101,6,https://ftp.ncbi.nlm.nih.gov/genomes/all/GCF/013/813/205/GCF_013813205.1_ASM1381320v1,6,564.101.fna,GCF_013813205.1_ASM1381320v1_genomic.fna,4856194,4856194,564.101.fna_vs_GCF_013813205.1_ASM1381320v1_genomic.fna_blast.xml,0,0,0,0,0,0,0,0,4856194,0,0,0,0,0,0,564_subject_array_1739688741.bin
241469,564,RHB41-C15,564.98,6,https://ftp.ncbi.nlm.nih.gov/genomes/all/GCF/013/801/845/GCF_013801845.1_ASM1380184v1,6,564.98.fna,GCF_013801845.1_ASM1380184v1_genomic.fna,4909259,4909259,564.98.fna_vs_GCF_013801845.1_ASM1380184v1_genomic.fna_blast.xml,0,0,0,0,0,0,0,0,4909259,0,0,0,0,0,0,564_subject_array_1739688745.bin
241470,564,RHB41-C20,564.97,6,https://ftp.ncbi.nlm.nih.gov/genomes/all/GCF/013/801/425/GCF_013801425.1_ASM1380142v1,6,564.97.fna,GCF_013801425.1_ASM1380142v1_genomic.fna,4909259,4909259,564.97.fna_vs_GCF_013801425.1_ASM1380142v1_genomic.fna_blast.xml,0,0,0,0,0,0,0,0,4909259,0,0,0,0,0,0,564_subject_array_1739688748.bin
241475,564,RHB44-C01,564.449,6,https://ftp.ncbi.nlm.nih.gov/genomes/all/GCF/029/720/005/GCF_029720005.1_ASM2972000v1,6,564.449.fna,GCF_029720005.1_ASM2972000v1_genomic.fna,4838630,4838630,564.449.fna_vs_GCF_029720005.1_ASM2972000v1_genomic.fna_blast.xml,0,0,0,0,0,0,0,0,4838630,0,0,0,0,0,0,564_subject_array_1739688752.bin
241478,564,RY44,564.456,6,https://ftp.ncbi.nlm.nih.gov/genomes/all/GCF/030/411/935/GCF_030411935.1_ASM3041193v1,6,564.456.fna,GCF_030411935.1_ASM3041193v1_genomic.fna,5010748,5010748,564.456.fna_vs_GCF_030411935.1_ASM3041193v1_genomic.fna_blast.xml,0,0,0,0,0,0,0,0,5010748,0,0,0,0,0,0,564_subject_array_1739688755.bin
241509,56448,3046,56448.75,6,https://ftp.ncbi.nlm.nih.gov/genomes/all/GCF/011/761/705/GCF_011761705.1_ASM1176170v1,6,56448.75.fna,GCF_011761705.1_ASM1176170v1_genomic.fna,4877301,4877301,56448.75.fna_vs_GCF_011761705.1_ASM1176170v1_genomic.fna_blast.xml,0,0,0,0,0,0,0,0,4877301,0,0,0,0,0,0,56448_subject_array_1739688759.bin
241522,56448,CFBP 7651,56448.24,6,https://ftp.ncbi.nlm.nih.gov/genomes/all/GCF/001/013/505/GCF_001013505.1_ASM101350v1,6,56448.24.fna,GCF_001013505.1_ASM101350v1_genomic.fna,5032011,5032011,56448.24.fna_vs_GCF_001013505.1_ASM101350v1_genomic.fna_blast.xml,0,0,0,0,0,0,0,200,5031811,0,0,0,0,0,0,56448_subject_array_1739688764.bin
241537,56448,CFBP7604,56448.31,6,https://ftp.ncbi.nlm.nih.gov/genomes/all/GCF/002/939/825/GCF_002939825.1_ASM293982v1,6,56448.31.fna,GCF_002939825.1_ASM293982v1_genomic.fna,4846899,4846899,56448.31.fna_vs_GCF_002939825.1_ASM293982v1_genomic.fna_blast.xml,0,0,0,0,0,0,0,0,4846899,0,0,0,0,0,0,56448_subject_array_1739688768.bin
241826,568102,DSM 22014,568102.3,6,https://ftp.ncbi.nlm.nih.gov/genomes/all/GCF/002/088/935/GCF_002088935.1_ASM208893v1,6,568102.3.fna,GCF_002088935.1_ASM208893v1_genomic.fna,3775089,3775089,568102.3.fna_vs_GCF_002088935.1_ASM208893v1_genomic.fna_blast.xml,0,0,0,0,0,0,0,64,3775025,0,0,0,0,0,0,568102_subject_array_1739688771.bin
241946,57043,GN22-13,57043.14,6,https://ftp.ncbi.nlm.nih.gov/genomes/all/GCF/017/303/175/GCF_017303175.1_ASM1730317v1,6,57043.14.fna,GCF_017303175.1_ASM1730317v1_genomic.fna,3063259,3063259,57043.14.fna_vs_GCF_017303175.1_ASM1730317v1_genomic.fna_blast.xml,0,0,0,0,0,0,0,0,3063259,0,0,0,0,0,0,57043_subject_array_1739688773.bin
241947,57043,GN8-5,57043.15,6,https://ftp.ncbi.nlm.nih.gov/genomes/all/GCF/017/303/215/GCF_017303215.1_ASM1730321v1,6,57043.15.fna,GCF_017303215.1_ASM1730321v1_genomic.fna,3063803,3063803,57043.15.fna_vs_GCF_017303215.1_ASM1730321v1_genomic.fna_blast.xml,0,0,0,0,0,0,0,0,3063803,0,0,0,0,0,0,57043_subject_array_1739688775.bin
241948,57043,JCM 9172,57043.37,6,https://ftp.ncbi.nlm.nih.gov/genomes/all/GCF/039/533/925/GCF_039533925.1_ASM3953392v1,6,57043.37.fna,GCF_039533925.1_ASM3953392v1_genomic.fna,3240381,3240381,57043.37.fna_vs_GCF_039533925.1_ASM3953392v1_genomic.fna_blast.xml,0,0,0,0,0,0,0,3782,3236599,0,0,0,0,0,0,57043_subject_array_1739688777.bin
242073,571,45,571.1857,6,https://ftp.ncbi.nlm.nih.gov/genomes/all/GCF/033/865/735/GCF_033865735.1_ASM3386573v1,6,571.1857.fna,GCF_033865735.1_ASM3386573v1_genomic.fna,6539865,6539865,571.1857.fna_vs_GCF_033865735.1_ASM3386573v1_genomic.fna_blast.xml,0,0,0,0,0,0,0,0,6539865,0,0,0,0,0,0,571_subject_array_1739688782.bin
242143,571,86,571.1855,6,https://ftp.ncbi.nlm.nih.gov/genomes/all/GCF/033/864/495/GCF_033864495.1_ASM3386449v1,6,571.1855.fna,GCF_033864495.1_ASM3386449v1_genomic.fna,6239181,6239181,571.1855.fna_vs_GCF_033864495.1_ASM3386449v1_genomic.fna_blast.xml,0,0,0,0,0,0,0,0,6239181,0,0,0,0,0,0,571_subject_array_1739688787.bin
242168,571,CAV1015,571.199,6,https://ftp.ncbi.nlm.nih.gov/genomes/all/GCF/001/870/185/GCF_001870185.1_ASM187018v1,6,571.199.fna,GCF_001870185.1_ASM187018v1_genomic.fna,6582387,6582387,571.199.fna_vs_GCF_001870185.1_ASM187018v1_genomic.fna_blast.xml,0,0,0,0,0,0,0,0,6582387,0,0,0,0,0,0,571_subject_array_1739688792.bin
242169,571,CAV1099,571.63,6,https://ftp.ncbi.nlm.nih.gov/genomes/all/GCF/001/022/295/GCF_001022295.1_ASM102229v1,6,571.63.fna,GCF_001022295.1_ASM102229v1_genomic.fna,6630537,6630537,571.63.fna_vs_GCF_001022295.1_ASM102229v1_genomic.fna_blast.xml,0,0,0,0,0,0,0,0,6630537,0,0,0,0,0,0,571_subject_array_1739688797.bin
242170,571,CAV1335,571.108,6,https://ftp.ncbi.nlm.nih.gov/genomes/all/GCF/001/022/115/GCF_001022115.1_ASM102211v1,6,571.108.fna,GCF_001022115.1_ASM102211v1_genomic.fna,6673117,6673117,571.108.fna_vs_GCF_001022115.1_ASM102211v1_genomic.fna_blast.xml,0,0,0,0,0,0,0,0,6673117,0,0,0,0,0,0,571_subject_array_1739688802.bin
242446,573,0113481141,573.44541,6,https://ftp.ncbi.nlm.nih.gov/genomes/all/GCF/021/138/155/GCF_021138155.1_ASM2113815v1,6,573.44541.fna,GCF_021138155.1_ASM2113815v1_genomic.fna,5810429,5810429,573.44541.fna_vs_GCF_021138155.1_ASM2113815v1_genomic.fna_blast.xml,0,0,0,0,0,0,0,0,5810429,0,0,0,0,0,0,573_subject_array_1739688807.bin
242627,573,1050,573.20030,6,https://ftp.ncbi.nlm.nih.gov/genomes/all/GCF/003/443/755/GCF_003443755.1_ASM344375v1,6,573.20030.fna,GCF_003443755.1_ASM344375v1_genomic.fna,5977633,5977633,573.20030.fna_vs_GCF_003443755.1_ASM344375v1_genomic.fna_blast.xml,0,0,0,0,0,0,0,0,5977633,0,0,0,0,0,0,573_subject_array_1739688811.bin
242659,573,10MC160002271,573.50963,6,https://ftp.ncbi.nlm.nih.gov/genomes/all/GCF/025/144/525/GCF_025144525.1_ASM2514452v1,6,573.50963.fna,GCF_025144525.1_ASM2514452v1_genomic.fna,5806556,5806556,573.50963.fna_vs_GCF_025144525.1_ASM2514452v1_genomic.fna_blast.xml,0,0,0,0,0,0,0,0,5806556,0,0,0,0,0,0,573_subject_array_1739688815.bin
242674,573,11159,573.34100,6,https://ftp.ncbi.nlm.nih.gov/genomes/all/GCF/015/278/295/GCF_015278295.1_ASM1527829v1,6,573.34100.fna,GCF_015278295.1_ASM1527829v1_genomic.fna,5717767,5717767,573.34100.fna_vs_GCF_015278295.1_ASM1527829v1_genomic.fna_blast.xml,0,0,0,0,0,0,0,0,5717767,0,0,0,0,0,0,573_subject_array_1739688820.bin
242788,573,130119,573.56492,6,https://ftp.ncbi.nlm.nih.gov/genomes/all/GCF/030/284/505/GCF_030284505.1_ASM3028450v1,6,573.56492.fna,GCF_030284505.1_ASM3028450v1_genomic.fna,5880899,5880899,573.56492.fna_vs_GCF_030284505.1_ASM3028450v1_genomic.fna_blast.xml,0,0,0,0,0,0,0,1,5880898,0,0,0,0,0,0,573_subject_array_1739688824.bin
242853,573,140253,573.48971,6,https://ftp.ncbi.nlm.nih.gov/genomes/all/GCF/023/572/965/GCF_023572965.1_ASM2357296v1,6,573.48971.fna,GCF_023572965.1_ASM2357296v1_genomic.fna,5884181,5884181,573.48971.fna_vs_GCF_023572965.1_ASM2357296v1_genomic.fna_blast.xml,0,0,0,0,0,0,0,0,5884181,0,0,0,0,0,0,573_subject_array_1739688829.bin
242924,573,15056,573.58415,6,https://ftp.ncbi.nlm.nih.gov/genomes/all/GCF/030/845/515/GCF_030845515.1_ASM3084551v1,6,573.58415.fna,GCF_030845515.1_ASM3084551v1_genomic.fna,5968211,5968211,573.58415.fna_vs_GCF_030845515.1_ASM3084551v1_genomic.fna_blast.xml,0,0,0,0,0,0,0,0,5968211,0,0,0,0,0,0,573_subject_array_1739688834.bin
242967,573,15K218,573.63270,6,https://ftp.ncbi.nlm.nih.gov/genomes/all/GCF/033/433/995/GCF_033433995.1_ASM3343399v1,6,573.63270.fna,GCF_033433995.1_ASM3343399v1_genomic.fna,5743688,5743688,573.63270.fna_vs_GCF_033433995.1_ASM3343399v1_genomic.fna_blast.xml,0,0,0,0,0,0,0,0,5743688,0,0,0,0,0,0,573_subject_array_1739688838.bin
243074,573,16HN-35,573.56503,6,https://ftp.ncbi.nlm.nih.gov/genomes/all/GCF/030/323/825/GCF_030323825.1_ASM3032382v1,6,573.56503.fna,GCF_030323825.1_ASM3032382v1_genomic.fna,5816532,5816532,573.56503.fna_vs_GCF_030323825.1_ASM3032382v1_genomic.fna_blast.xml,0,0,0,0,0,0,0,0,5816532,0,0,0,0,0,0,573_subject_array_1739688843.bin
243288,573,181,573.69410,6,https://ftp.ncbi.nlm.nih.gov/genomes/all/GCF/037/477/755/GCF_037477755.1_ASM3747775v1,6,573.69410.fna,GCF_037477755.1_ASM3747775v1_genomic.fna,5729678,5729678,573.69410.fna_vs_GCF_037477755.1_ASM3747775v1_genomic.fna_blast.xml,0,0,0,0,0,0,0,0,5729678,0,0,0,0,0,0,573_subject_array_1739688847.bin
243320,573,184,573.69419,6,https://ftp.ncbi.nlm.nih.gov/genomes/all/GCF/037/477/865/GCF_037477865.1_ASM3747786v1,6,573.69419.fna,GCF_037477865.1_ASM3747786v1_genomic.fna,5590962,5590962,573.69419.fna_vs_GCF_037477865.1_ASM3747786v1_genomic.fna_blast.xml,0,0,0,0,0,0,0,100,5590862,0,0,0,0,0,0,573_subject_array_1739688851.bin
243325,573,1851,573.54905,6,https://ftp.ncbi.nlm.nih.gov/genomes/all/GCF/029/717/305/GCF_029717305.1_ASM2971730v1,6,573.54905.fna,GCF_029717305.1_ASM2971730v1_genomic.fna,5729066,5729066,573.54905.fna_vs_GCF_029717305.1_ASM2971730v1_genomic.fna_blast.xml,0,0,0,0,0,0,0,0,5729066,0,0,0,0,0,0,573_subject_array_1739688855.bin
243399,573,19110124,573.34139,6,https://ftp.ncbi.nlm.nih.gov/genomes/all/GCF/015/353/095/GCF_015353095.1_ASM1535309v1,6,573.34139.fna,GCF_015353095.1_ASM1535309v1_genomic.fna,5627995,5627995,573.34139.fna_vs_GCF_015353095.1_ASM1535309v1_genomic.fna_blast.xml,0,0,0,0,0,0,0,0,5627995,0,0,0,0,0,0,573_subject_array_1739688860.bin
243405,573,192,573.69414,6,https://ftp.ncbi.nlm.nih.gov/genomes/all/GCF/037/477/735/GCF_037477735.1_ASM3747773v1,6,573.69414.fna,GCF_037477735.1_ASM3747773v1_genomic.fna,5586396,5586396,573.69414.fna_vs_GCF_037477735.1_ASM3747773v1_genomic.fna_blast.xml,0,0,0,0,0,0,0,0,5586396,0,0,0,0,0,0,573_subject_array_1739688864.bin
243455,573,20040580,573.59031,6,https://ftp.ncbi.nlm.nih.gov/genomes/all/GCF/031/624/185/GCF_031624185.1_ASM3162418v1,6,573.59031.fna,GCF_031624185.1_ASM3162418v1_genomic.fna,5847938,5847938,573.59031.fna_vs_GCF_031624185.1_ASM3162418v1_genomic.fna_blast.xml,0,0,0,0,0,0,0,0,5847938,0,0,0,0,0,0,573_subject_array_1739688868.bin
243465,573,2014C06-217,573.72942,6,https://ftp.ncbi.nlm.nih.gov/genomes/all/GCF/038/430/465/GCF_038430465.1_ASM3843046v1,6,573.72942.fna,GCF_038430465.1_ASM3843046v1_genomic.fna,5783275,5783275,573.72942.fna_vs_GCF_038430465.1_ASM3843046v1_genomic.fna_blast.xml,0,0,0,0,0,0,0,0,5783275,0,0,0,0,0,0,573_subject_array_1739688873.bin
243511,573,2016C07-245,573.72944,6,https://ftp.ncbi.nlm.nih.gov/genomes/all/GCF/038/430/125/GCF_038430125.1_ASM3843012v1,6,573.72944.fna,GCF_038430125.1_ASM3843012v1_genomic.fna,5902098,5902098,573.72944.fna_vs_GCF_038430125.1_ASM3843012v1_genomic.fna_blast.xml,0,0,0,0,0,0,0,0,5902098,0,0,0,0,0,0,573_subject_array_1739688877.bin
243673,573,2020C07-166,573.57205,6,https://ftp.ncbi.nlm.nih.gov/genomes/all/GCF/030/490/045/GCF_030490045.1_ASM3049004v1,6,573.57205.fna,GCF_030490045.1_ASM3049004v1_genomic.fna,5938609,5938609,573.57205.fna_vs_GCF_030490045.1_ASM3049004v1_genomic.fna_blast.xml,0,0,0,0,0,0,0,0,5938609,0,0,0,0,0,0,573_subject_array_1739688882.bin
243677,573,2020C08-162,573.57169,6,https://ftp.ncbi.nlm.nih.gov/genomes/all/GCF/030/490/105/GCF_030490105.1_ASM3049010v1,6,573.57169.fna,GCF_030490105.1_ASM3049010v1_genomic.fna,5976957,5976957,573.57169.fna_vs_GCF_030490105.1_ASM3049010v1_genomic.fna_blast.xml,0,0,0,0,0,0,0,0,5976957,0,0,0,0,0,0,573_subject_array_1739688886.bin
243710,573,2020S05-051,573.57168,6,https://ftp.ncbi.nlm.nih.gov/genomes/all/GCF/030/490/405/GCF_030490405.1_ASM3049040v1,6,573.57168.fna,GCF_030490405.1_ASM3049040v1_genomic.fna,5857666,5857666,573.57168.fna_vs_GCF_030490405.1_ASM3049040v1_genomic.fna_blast.xml,0,0,0,0,0,0,0,0,5857665,0,0,1,0,0,0,573_subject_array_1739688891.bin
243712,573,2020S06-160,573.57185,6,https://ftp.ncbi.nlm.nih.gov/genomes/all/GCF/030/490/615/GCF_030490615.1_ASM3049061v1,6,573.57185.fna,GCF_030490615.1_ASM3049061v1_genomic.fna,6044506,6044506,573.57185.fna_vs_GCF_030490615.1_ASM3049061v1_genomic.fna_blast.xml,0,0,0,0,0,0,1,0,6044505,0,0,0,0,0,0,573_subject_array_1739688895.bin
243746,573,2024CK-00065,573.69659,6,https://ftp.ncbi.nlm.nih.gov/genomes/all/GCF/037/890/715/GCF_037890715.1_ASM3789071v1,6,573.69659.fna,GCF_037890715.1_ASM3789071v1_genomic.fna,5705106,5705106,573.69659.fna_vs_GCF_037890715.1_ASM3789071v1_genomic.fna_blast.xml,0,0,0,0,0,0,0,0,5705106,0,0,0,0,0,0,573_subject_array_1739688900.bin
243798,573,21072329,573.47303,6,https://ftp.ncbi.nlm.nih.gov/genomes/all/GCF/022/982/715/GCF_022982715.1_ASM2298271v1,6,573.47303.fna,GCF_022982715.1_ASM2298271v1_genomic.fna,5739036,5739036,573.47303.fna_vs_GCF_022982715.1_ASM2298271v1_genomic.fna_blast.xml,0,0,0,0,0,0,0,0,5739036,0,0,0,0,0,0,573_subject_array_1739688904.bin
243804,573,21080534,573.47304,6,https://ftp.ncbi.nlm.nih.gov/genomes/all/GCF/022/982/595/GCF_022982595.1_ASM2298259v1,6,573.47304.fna,GCF_022982595.1_ASM2298259v1_genomic.fna,5762480,5762480,573.47304.fna_vs_GCF_022982595.1_ASM2298259v1_genomic.fna_blast.xml,0,0,0,0,0,0,0,0,5762480,0,0,0,0,0,0,573_subject_array_1739688908.bin
243854,573,22-MO00052,573.73025,6,https://ftp.ncbi.nlm.nih.gov/genomes/all/GCF/038/447/555/GCF_038447555.1_ASM3844755v1,6,573.73025.fna,GCF_038447555.1_ASM3844755v1_genomic.fna,5518681,5518681,573.73025.fna_vs_GCF_038447555.1_ASM3844755v1_genomic.fna_blast.xml,0,0,0,0,0,0,0,0,5518681,0,0,0,0,0,0,573_subject_array_1739688913.bin
244182,573,3085hy,573.64814,6,https://ftp.ncbi.nlm.nih.gov/genomes/all/GCF/035/621/275/GCF_035621275.1_ASM3562127v1,6,573.64814.fna,GCF_035621275.1_ASM3562127v1_genomic.fna,5717230,5717230,573.64814.fna_vs_GCF_035621275.1_ASM3562127v1_genomic.fna_blast.xml,0,0,0,0,0,0,0,0,5717230,0,0,0,0,0,0,573_subject_array_1739688917.bin
244238,573,3189STDY6864259,573.27570,6,https://ftp.ncbi.nlm.nih.gov/genomes/all/GCF/900/474/365/GCF_900474365.1_56772_C01,6,573.27570.fna,GCF_900474365.1_56772_C01_genomic.fna,5706120,5706120,573.27570.fna_vs_GCF_900474365.1_56772_C01_genomic.fna_blast.xml,0,0,0,0,0,0,0,0,5706120,0,0,0,0,0,0,573_subject_array_1739688921.bin
244261,573,331,573.69415,6,https://ftp.ncbi.nlm.nih.gov/genomes/all/GCF/037/477/825/GCF_037477825.1_ASM3747782v1,6,573.69415.fna,GCF_037477825.1_ASM3747782v1_genomic.fna,5719465,5719465,573.69415.fna_vs_GCF_037477825.1_ASM3747782v1_genomic.fna_blast.xml,0,0,0,0,0,0,0,0,5719465,0,0,0,0,0,0,573_subject_array_1739688925.bin
244262,573,33221,573.49395,6,https://ftp.ncbi.nlm.nih.gov/genomes/all/GCF/023/913/555/GCF_023913555.1_ASM2391355v1,6,573.49395.fna,GCF_023913555.1_ASM2391355v1_genomic.fna,6099444,6099444,573.49395.fna_vs_GCF_023913555.1_ASM2391355v1_genomic.fna_blast.xml,0,0,0,0,0,0,3,0,6099281,0,3,157,0,0,0,573_subject_array_1739688930.bin
244267,573,3347684I,573.37301,6,https://ftp.ncbi.nlm.nih.gov/genomes/all/GCF/018/128/445/GCF_018128445.1_ASM1812844v1,6,573.37301.fna,GCF_018128445.1_ASM1812844v1_genomic.fna,5689667,5689667,573.37301.fna_vs_GCF_018128445.1_ASM1812844v1_genomic.fna_blast.xml,0,0,0,0,0,0,0,0,5689667,0,0,0,0,0,0,573_subject_array_1739688935.bin
244272,573,33Kpn22,573.36095,6,https://ftp.ncbi.nlm.nih.gov/genomes/all/GCF/016/801/375/GCF_016801375.1_ASM1680137v1,6,573.36095.fna,GCF_016801375.1_ASM1680137v1_genomic.fna,6102548,6102548,573.36095.fna_vs_GCF_016801375.1_ASM1680137v1_genomic.fna_blast.xml,0,0,0,0,0,0,0,0,6102548,0,0,0,0,0,0,573_subject_array_1739688939.bin
244695,573,46,573.46010,6,https://ftp.ncbi.nlm.nih.gov/genomes/all/GCF/022/559/765/GCF_022559765.1_ASM2255976v1,6,573.46010.fna,GCF_022559765.1_ASM2255976v1_genomic.fna,5968428,5968428,573.46010.fna_vs_GCF_022559765.1_ASM2255976v1_genomic.fna_blast.xml,0,0,0,0,0,0,0,0,5968428,0,0,0,0,0,0,573_subject_array_1739688944.bin
245076,573,50700,573.44553,6,https://ftp.ncbi.nlm.nih.gov/genomes/all/GCF/021/166/115/GCF_021166115.1_ASM2116611v1,6,573.44553.fna,GCF_021166115.1_ASM2116611v1_genomic.fna,5932249,5932249,573.44553.fna_vs_GCF_021166115.1_ASM2116611v1_genomic.fna_blast.xml,0,0,0,0,0,0,0,0,5932249,0,0,0,0,0,0,573_subject_array_1739688948.bin
245090,573,51015,573.31291,6,https://ftp.ncbi.nlm.nih.gov/genomes/all/GCF/011/769/825/GCF_011769825.1_ASM1176982v1,6,573.31291.fna,GCF_011769825.1_ASM1176982v1_genomic.fna,5977824,5977824,573.31291.fna_vs_GCF_011769825.1_ASM1176982v1_genomic.fna_blast.xml,0,0,0,0,0,0,0,0,5977824,0,0,0,0,0,0,573_subject_array_1739688953.bin
245121,573,535,573.73586,6,https://ftp.ncbi.nlm.nih.gov/genomes/all/GCF/039/705/005/GCF_039705005.1_ASM3970500v1,6,573.73586.fna,GCF_039705005.1_ASM3970500v1_genomic.fna,6069736,6069736,573.73586.fna_vs_GCF_039705005.1_ASM3970500v1_genomic.fna_blast.xml,0,0,0,0,0,0,0,0,6069736,0,0,0,0,0,0,573_subject_array_1739688957.bin
245145,573,5764,573.58438,6,https://ftp.ncbi.nlm.nih.gov/genomes/all/GCF/030/845/975/GCF_030845975.1_ASM3084597v1,6,573.58438.fna,GCF_030845975.1_ASM3084597v1_genomic.fna,5706873,5706873,573.58438.fna_vs_GCF_030845975.1_ASM3084597v1_genomic.fna_blast.xml,0,0,0,0,0,0,0,0,5706873,0,0,0,0,0,0,573_subject_array_1739688962.bin
245154,573,5844,573.62670,6,https://ftp.ncbi.nlm.nih.gov/genomes/all/GCF/032/878/755/GCF_032878755.1_ASM3287875v1,6,573.62670.fna,GCF_032878755.1_ASM3287875v1_genomic.fna,5631947,5631947,573.62670.fna_vs_GCF_032878755.1_ASM3287875v1_genomic.fna_blast.xml,0,0,0,0,0,0,0,0,5631947,0,0,0,0,0,0,573_subject_array_1739688966.bin
245232,573,6072,573.64510,6,https://ftp.ncbi.nlm.nih.gov/genomes/all/GCF/033/849/915/GCF_033849915.1_ASM3384991v1,6,573.64510.fna,GCF_033849915.1_ASM3384991v1_genomic.fna,6013842,6013842,573.64510.fna_vs_GCF_033849915.1_ASM3384991v1_genomic.fna_blast.xml,0,0,0,0,0,0,0,0,6013842,0,0,0,0,0,0,573_subject_array_1739688971.bin
245238,573,60783_minion,573.64606,6,https://ftp.ncbi.nlm.nih.gov/genomes/all/GCF/035/016/945/GCF_035016945.1_ASM3501694v1,6,573.64606.fna,GCF_035016945.1_ASM3501694v1_genomic.fna,5593118,5593118,573.64606.fna_vs_GCF_035016945.1_ASM3501694v1_genomic.fna_blast.xml,0,0,0,0,0,0,0,0,5593118,0,0,0,0,0,0,573_subject_array_1739688975.bin
245248,573,60802_minion,573.64604,6,https://ftp.ncbi.nlm.nih.gov/genomes/all/GCF/035/016/985/GCF_035016985.1_ASM3501698v1,6,573.64604.fna,GCF_035016985.1_ASM3501698v1_genomic.fna,6020579,6020579,573.64604.fna_vs_GCF_035016985.1_ASM3501698v1_genomic.fna_blast.xml,0,0,0,0,0,0,0,0,6020579,0,0,0,0,0,0,573_subject_array_1739688979.bin
245301,573,646,573.27517,6,https://ftp.ncbi.nlm.nih.gov/genomes/all/GCF/008/573/035/GCF_008573035.1_ASM857303v1,6,573.27517.fna,GCF_008573035.1_ASM857303v1_genomic.fna,6078494,6078494,573.27517.fna_vs_GCF_008573035.1_ASM857303v1_genomic.fna_blast.xml,0,0,0,0,0,0,0,0,6078494,0,0,0,0,0,0,573_subject_array_1739688984.bin
245313,573,6604.68,573.44531,6,https://ftp.ncbi.nlm.nih.gov/genomes/all/GCF/021/137/815/GCF_021137815.1_ASM2113781v1,6,573.44531.fna,GCF_021137815.1_ASM2113781v1_genomic.fna,5565437,5565437,573.44531.fna_vs_GCF_021137815.1_ASM2113781v1_genomic.fna_blast.xml,0,0,0,0,0,0,0,0,5565437,0,0,0,0,0,0,573_subject_array_1739688988.bin
245445,573,857,573.51892,6,https://ftp.ncbi.nlm.nih.gov/genomes/all/GCF/025/946/985/GCF_025946985.1_ASM2594698v1,6,573.51892.fna,GCF_025946985.1_ASM2594698v1_genomic.fna,5897228,5897228,573.51892.fna_vs_GCF_025946985.1_ASM2594698v1_genomic.fna_blast.xml,0,0,0,0,0,0,0,0,5897228,0,0,0,0,0,0,573_subject_array_1739688993.bin
245792,573,AMR180026,573.62642,6,https://ftp.ncbi.nlm.nih.gov/genomes/all/GCF/032/827/515/GCF_032827515.1_ASM3282751v1,6,573.62642.fna,GCF_032827515.1_ASM3282751v1_genomic.fna,5926636,5926636,573.62642.fna_vs_GCF_032827515.1_ASM3282751v1_genomic.fna_blast.xml,0,0,0,0,0,0,0,0,5926636,0,0,0,0,0,0,573_subject_array_1739688997.bin
245805,573,ARGID_13046,573.44257,6,https://ftp.ncbi.nlm.nih.gov/genomes/all/GCF/922/823/425/GCF_922823425.1_ARGID_13046,6,573.44257.fna,GCF_922823425.1_ARGID_13046_genomic.fna,5817679,5817679,573.44257.fna_vs_GCF_922823425.1_ARGID_13046_genomic.fna_blast.xml,0,0,0,0,0,0,0,0,5817679,0,0,0,0,0,0,573_subject_array_1739689002.bin
245813,573,ARGID_25120,573.44283,6,https://ftp.ncbi.nlm.nih.gov/genomes/all/GCF/922/829/465/GCF_922829465.1_ARGID_25120,6,573.44283.fna,GCF_922829465.1_ARGID_25120_genomic.fna,5564140,5564140,573.44283.fna_vs_GCF_922829465.1_ARGID_25120_genomic.fna_blast.xml,0,0,0,0,0,0,0,0,5564140,0,0,0,0,0,0,573_subject_array_1739689006.bin
245819,573,ARGID_28504,573.44260,6,https://ftp.ncbi.nlm.nih.gov/genomes/all/GCF/922/823/815/GCF_922823815.1_ARGID_28504,6,573.44260.fna,GCF_922823815.1_ARGID_28504_genomic.fna,5653337,5653337,573.44260.fna_vs_GCF_922823815.1_ARGID_28504_genomic.fna_blast.xml,0,0,0,0,0,0,0,0,5653337,0,0,0,0,0,0,573_subject_array_1739689010.bin
245829,573,ARGID_32407,573.44280,6,https://ftp.ncbi.nlm.nih.gov/genomes/all/GCF/922/827/295/GCF_922827295.1_ARGID_32407,6,573.44280.fna,GCF_922827295.1_ARGID_32407_genomic.fna,5715050,5715050,573.44280.fna_vs_GCF_922827295.1_ARGID_32407_genomic.fna_blast.xml,0,0,0,0,0,0,0,0,5715050,0,0,0,0,0,0,573_subject_array_1739689014.bin
245832,573,ARGID_33503,573.44277,6,https://ftp.ncbi.nlm.nih.gov/genomes/all/GCF/922/827/125/GCF_922827125.1_ARGID_33503,6,573.44277.fna,GCF_922827125.1_ARGID_33503_genomic.fna,5573652,5573652,573.44277.fna_vs_GCF_922827125.1_ARGID_33503_genomic.fna_blast.xml,0,0,0,0,0,0,0,0,5573652,0,0,0,0,0,0,573_subject_array_1739689018.bin
245833,573,ARGID_33542,573.44278,6,https://ftp.ncbi.nlm.nih.gov/genomes/all/GCF/922/827/155/GCF_922827155.1_ARGID_33542,6,573.44278.fna,GCF_922827155.1_ARGID_33542_genomic.fna,5826840,5826840,573.44278.fna_vs_GCF_922827155.1_ARGID_33542_genomic.fna_blast.xml,0,0,0,0,0,0,0,0,5826840,0,0,0,0,0,0,573_subject_array_1739689023.bin
245846,573,AR_0003,573.7027,6,https://ftp.ncbi.nlm.nih.gov/genomes/all/GCF/001/875/025/GCF_001875025.1_ASM187502v1,6,573.7027.fna,GCF_001875025.1_ASM187502v1_genomic.fna,5886119,5886119,573.7027.fna_vs_GCF_001875025.1_ASM187502v1_genomic.fna_blast.xml,0,0,0,0,0,0,0,0,5886119,0,0,0,0,0,0,573_subject_array_1739689027.bin
245858,573,AR_0046,573.20065,6,https://ftp.ncbi.nlm.nih.gov/genomes/all/GCF/003/571/745/GCF_003571745.1_ASM357174v1,6,573.20065.fna,GCF_003571745.1_ASM357174v1_genomic.fna,5768716,5768716,573.20065.fna_vs_GCF_003571745.1_ASM357174v1_genomic.fna_blast.xml,0,0,0,0,0,0,0,0,5768716,0,0,0,0,0,0,573_subject_array_1739689031.bin
245864,573,AR_0076,573.20059,6,https://ftp.ncbi.nlm.nih.gov/genomes/all/GCF/003/571/525/GCF_003571525.1_ASM357152v1,6,573.20059.fna,GCF_003571525.1_ASM357152v1_genomic.fna,5595201,5595201,573.20059.fna_vs_GCF_003571525.1_ASM357152v1_genomic.fna_blast.xml,0,0,0,0,0,0,0,0,5595201,0,0,0,0,0,0,573_subject_array_1739689036.bin
245867,573,AR_0097,573.20063,6,https://ftp.ncbi.nlm.nih.gov/genomes/all/GCF/003/571/645/GCF_003571645.1_ASM357164v1,6,573.20063.fna,GCF_003571645.1_ASM357164v1_genomic.fna,5703725,5703725,573.20063.fna_vs_GCF_003571645.1_ASM357164v1_genomic.fna_blast.xml,0,0,0,0,0,0,0,0,5703725,0,0,0,0,0,0,573_subject_array_1739689040.bin
245874,573,AR_0112,573.15420,6,https://ftp.ncbi.nlm.nih.gov/genomes/all/GCF/002/180/155/GCF_002180155.1_ASM218015v1,6,573.15420.fna,GCF_002180155.1_ASM218015v1_genomic.fna,5859680,5859680,573.15420.fna_vs_GCF_002180155.1_ASM218015v1_genomic.fna_blast.xml,0,0,0,0,0,0,0,0,5859680,0,0,0,0,0,0,573_subject_array_1739689044.bin
245875,573,AR_0113,573.12772,6,https://ftp.ncbi.nlm.nih.gov/genomes/all/GCF/002/192/335/GCF_002192335.1_ASM219233v1,6,573.12772.fna,GCF_002192335.1_ASM219233v1_genomic.fna,5849839,5849839,573.12772.fna_vs_GCF_002192335.1_ASM219233v1_genomic.fna_blast.xml,0,0,0,0,0,0,0,0,5849839,0,0,0,0,0,0,573_subject_array_1739689049.bin
245877,573,AR_0117,573.9721,6,https://ftp.ncbi.nlm.nih.gov/genomes/all/GCF/002/055/765/GCF_002055765.1_ASM205576v1,6,573.9721.fna,GCF_002055765.1_ASM205576v1_genomic.fna,5838292,5838292,573.9721.fna_vs_GCF_002055765.1_ASM205576v1_genomic.fna_blast.xml,0,0,0,0,0,0,0,0,5838292,0,0,0,0,0,0,573_subject_array_1739689053.bin
245879,573,AR_0125,573.12778,6,https://ftp.ncbi.nlm.nih.gov/genomes/all/GCF/002/197/505/GCF_002197505.1_ASM219750v1,6,573.12778.fna,GCF_002197505.1_ASM219750v1_genomic.fna,5726558,5726558,573.12778.fna_vs_GCF_002197505.1_ASM219750v1_genomic.fna_blast.xml,0,0,0,0,0,0,0,0,5726558,0,0,0,0,0,0,573_subject_array_1739689057.bin
245881,573,AR_0129,573.15107,6,https://ftp.ncbi.nlm.nih.gov/genomes/all/GCF/002/180/295/GCF_002180295.1_ASM218029v1,6,573.15107.fna,GCF_002180295.1_ASM218029v1_genomic.fna,5835823,5835823,573.15107.fna_vs_GCF_002180295.1_ASM218029v1_genomic.fna_blast.xml,0,0,0,0,0,0,0,0,5835823,0,0,0,0,0,0,573_subject_array_1739689062.bin
245892,573,AR_0152,573.12781,6,https://ftp.ncbi.nlm.nih.gov/genomes/all/GCF/002/202/235/GCF_002202235.1_ASM220223v1,6,573.12781.fna,GCF_002202235.1_ASM220223v1_genomic.fna,5782129,5782129,573.12781.fna_vs_GCF_002202235.1_ASM220223v1_genomic.fna_blast.xml,0,0,0,0,0,0,0,0,5782129,0,0,0,0,0,0,573_subject_array_1739689066.bin
246062,573,B18185,573.65150,6,https://ftp.ncbi.nlm.nih.gov/genomes/all/GCF/036/347/655/GCF_036347655.1_ASM3634765v1,6,573.65150.fna,GCF_036347655.1_ASM3634765v1_genomic.fna,5798884,5798884,573.65150.fna_vs_GCF_036347655.1_ASM3634765v1_genomic.fna_blast.xml,0,0,0,0,0,0,0,0,5798884,0,0,0,0,0,0,573_subject_array_1739689070.bin
246237,573,BA4946,573.52803,6,https://ftp.ncbi.nlm.nih.gov/genomes/all/GCF/026/427/375/GCF_026427375.1_ASM2642737v1,6,573.52803.fna,GCF_026427375.1_ASM2642737v1_genomic.fna,5795589,5795589,573.52803.fna_vs_GCF_026427375.1_ASM2642737v1_genomic.fna_blast.xml,0,0,0,0,0,0,0,0,5795589,0,0,0,0,0,0,573_subject_array_1739689075.bin
246353,573,BJ17-0103,573.49092,6,https://ftp.ncbi.nlm.nih.gov/genomes/all/GCF/023/700/625/GCF_023700625.1_ASM2370062v1,6,573.49092.fna,GCF_023700625.1_ASM2370062v1_genomic.fna,5821712,5821712,573.49092.fna_vs_GCF_023700625.1_ASM2370062v1_genomic.fna_blast.xml,0,0,0,0,0,0,0,0,5821712,0,0,0,0,0,0,573_subject_array_1739689079.bin
246360,573,BJ17-0111,573.49090,6,https://ftp.ncbi.nlm.nih.gov/genomes/all/GCF/023/700/525/GCF_023700525.1_ASM2370052v1,6,573.49090.fna,GCF_023700525.1_ASM2370052v1_genomic.fna,5778903,5778903,573.49090.fna_vs_GCF_023700525.1_ASM2370052v1_genomic.fna_blast.xml,0,0,0,0,0,0,0,0,5778903,0,0,0,0,0,0,573_subject_array_1739689084.bin
246366,573,BJ17-0117,573.49077,6,https://ftp.ncbi.nlm.nih.gov/genomes/all/GCF/023/700/335/GCF_023700335.1_ASM2370033v1,6,573.49077.fna,GCF_023700335.1_ASM2370033v1_genomic.fna,5665380,5665380,573.49077.fna_vs_GCF_023700335.1_ASM2370033v1_genomic.fna_blast.xml,0,0,0,0,0,0,0,0,5665380,0,0,0,0,0,0,573_subject_array_1739689088.bin
246449,573,BSIKPN-11,573.51775,6,https://ftp.ncbi.nlm.nih.gov/genomes/all/GCF/025/677/745/GCF_025677745.1_ASM2567774v1,6,573.51775.fna,GCF_025677745.1_ASM2567774v1_genomic.fna,6131305,6131305,573.51775.fna_vs_GCF_025677745.1_ASM2567774v1_genomic.fna_blast.xml,0,0,0,0,0,0,0,0,6131305,0,0,0,0,0,0,573_subject_array_1739689092.bin
246450,573,BSIKPN-9,573.51776,6,https://ftp.ncbi.nlm.nih.gov/genomes/all/GCF/025/677/765/GCF_025677765.1_ASM2567776v1,6,573.51776.fna,GCF_025677765.1_ASM2567776v1_genomic.fna,6116606,6116606,573.51776.fna_vs_GCF_025677765.1_ASM2567776v1_genomic.fna_blast.xml,0,0,0,0,0,0,0,0,6116606,0,0,0,0,0,0,573_subject_array_1739689097.bin
246581,573,C2972,573.30813,6,https://ftp.ncbi.nlm.nih.gov/genomes/all/GCF/010/183/625/GCF_010183625.1_ASM1018362v1,6,573.30813.fna,GCF_010183625.1_ASM1018362v1_genomic.fna,5893476,5893476,573.30813.fna_vs_GCF_010183625.1_ASM1018362v1_genomic.fna_blast.xml,0,0,0,0,0,0,0,100,5893376,0,0,0,0,0,0,573_subject_array_1739689102.bin
246685,573,CARKW-3,573.65206,6,https://ftp.ncbi.nlm.nih.gov/genomes/all/GCF/036/321/465/GCF_036321465.1_ASM3632146v1,6,573.65206.fna,GCF_036321465.1_ASM3632146v1_genomic.fna,5930188,5930188,573.65206.fna_vs_GCF_036321465.1_ASM3632146v1_genomic.fna_blast.xml,0,0,0,0,0,0,0,0,5930188,0,0,0,0,0,0,573_subject_array_1739689106.bin
246689,573,CAV1193,573.1924,6,https://ftp.ncbi.nlm.nih.gov/genomes/all/GCF/001/456/135/GCF_001456135.1_ASM145613v1,6,573.1924.fna,GCF_001456135.1_ASM145613v1_genomic.fna,5874698,5874698,573.1924.fna_vs_GCF_001456135.1_ASM145613v1_genomic.fna_blast.xml,0,0,0,0,0,0,0,0,5874698,0,0,0,0,0,0,573_subject_array_1739689111.bin
246690,573,CAV1344,573.1500,6,https://ftp.ncbi.nlm.nih.gov/genomes/all/GCF/001/022/175/GCF_001022175.1_ASM102217v1,6,573.1500.fna,GCF_001022175.1_ASM102217v1_genomic.fna,5810009,5810009,573.1500.fna_vs_GCF_001022175.1_ASM102217v1_genomic.fna_blast.xml,0,0,0,0,0,0,0,0,5810009,0,0,0,0,0,0,573_subject_array_1739689115.bin
246810,573,CDI231,573.38719,6,https://ftp.ncbi.nlm.nih.gov/genomes/all/GCF/019/107/685/GCF_019107685.1_ASM1910768v1,6,573.38719.fna,GCF_019107685.1_ASM1910768v1_genomic.fna,5933005,5933005,573.38719.fna_vs_GCF_019107685.1_ASM1910768v1_genomic.fna_blast.xml,0,0,0,0,0,0,0,0,5933005,0,0,0,0,0,0,573_subject_array_1739689120.bin
246811,573,CDI694,573.38720,6,https://ftp.ncbi.nlm.nih.gov/genomes/all/GCF/019/107/705/GCF_019107705.1_ASM1910770v1,6,573.38720.fna,GCF_019107705.1_ASM1910770v1_genomic.fna,5935755,5935755,573.38720.fna_vs_GCF_019107705.1_ASM1910770v1_genomic.fna_blast.xml,0,0,0,0,0,0,0,0,5935755,0,0,0,0,0,0,573_subject_array_1739689124.bin
246958,573,CHN23026,573.51039,6,https://ftp.ncbi.nlm.nih.gov/genomes/all/GCF/025/244/645/GCF_025244645.1_ASM2524464v1,6,573.51039.fna,GCF_025244645.1_ASM2524464v1_genomic.fna,5555527,5555527,573.51039.fna_vs_GCF_025244645.1_ASM2524464v1_genomic.fna_blast.xml,0,0,0,0,0,0,0,0,5555527,0,0,0,0,0,0,573_subject_array_1739689128.bin
247427,573,CR-HvKP1,573.25981,6,https://ftp.ncbi.nlm.nih.gov/genomes/all/GCF/005/853/785/GCF_005853785.1_ASM585378v1,6,573.25981.fna,GCF_005853785.1_ASM585378v1_genomic.fna,5862723,5862723,573.25981.fna_vs_GCF_005853785.1_ASM585378v1_genomic.fna_blast.xml,0,0,0,0,0,0,1,0,5862722,0,0,0,0,0,0,573_subject_array_1739689133.bin
247428,573,CR-HvKP4,573.25983,6,https://ftp.ncbi.nlm.nih.gov/genomes/all/GCF/005/854/245/GCF_005854245.1_ASM585424v1,6,573.25983.fna,GCF_005854245.1_ASM585424v1_genomic.fna,5861748,5861748,573.25983.fna_vs_GCF_005854245.1_ASM585424v1_genomic.fna_blast.xml,0,0,0,0,0,0,0,0,5861748,0,0,0,0,0,0,573_subject_array_1739689137.bin
247429,573,CR-HvKP5,573.25982,6,https://ftp.ncbi.nlm.nih.gov/genomes/all/GCF/005/854/025/GCF_005854025.1_ASM585402v1,6,573.25982.fna,GCF_005854025.1_ASM585402v1_genomic.fna,5880866,5880866,573.25982.fna_vs_GCF_005854025.1_ASM585402v1_genomic.fna_blast.xml,0,0,0,0,0,0,0,0,5880866,0,0,0,0,0,0,573_subject_array_1739689142.bin
247433,573,CR14,573.9632,6,https://ftp.ncbi.nlm.nih.gov/genomes/all/GCF/001/952/915/GCF_001952915.1_ASM195291v1,6,573.9632.fna,GCF_001952915.1_ASM195291v1_genomic.fna,6063895,6063895,573.9632.fna_vs_GCF_001952915.1_ASM195291v1_genomic.fna_blast.xml,0,0,0,0,0,0,0,0,6063895,0,0,0,0,0,0,573_subject_array_1739689146.bin
247439,573,CRE-22,573.65186,6,https://ftp.ncbi.nlm.nih.gov/genomes/all/GCF/036/287/375/GCF_036287375.1_ASM3628737v1,6,573.65186.fna,GCF_036287375.1_ASM3628737v1_genomic.fna,5993115,5993115,573.65186.fna_vs_GCF_036287375.1_ASM3628737v1_genomic.fna_blast.xml,0,0,0,0,0,0,0,0,5993115,0,0,0,0,0,0,573_subject_array_1739689151.bin
247699,573,CRKP-08,573.50167,6,https://ftp.ncbi.nlm.nih.gov/genomes/all/GCF/024/706/825/GCF_024706825.1_ASM2470682v1,6,573.50167.fna,GCF_024706825.1_ASM2470682v1_genomic.fna,5834689,5834689,573.50167.fna_vs_GCF_024706825.1_ASM2470682v1_genomic.fna_blast.xml,0,0,0,0,0,0,0,0,5834689,0,0,0,0,0,0,573_subject_array_1739689155.bin
247702,573,CRKP-11,573.50170,6,https://ftp.ncbi.nlm.nih.gov/genomes/all/GCF/024/706/805/GCF_024706805.1_ASM2470680v1,6,573.50170.fna,GCF_024706805.1_ASM2470680v1_genomic.fna,5816804,5816804,573.50170.fna_vs_GCF_024706805.1_ASM2470680v1_genomic.fna_blast.xml,0,0,0,0,0,0,0,0,5816804,0,0,0,0,0,0,573_subject_array_1739689160.bin
247713,573,CRKP-21,573.50165,6,https://ftp.ncbi.nlm.nih.gov/genomes/all/GCF/024/706/855/GCF_024706855.1_ASM2470685v1,6,573.50165.fna,GCF_024706855.1_ASM2470685v1_genomic.fna,5879201,5879201,573.50165.fna_vs_GCF_024706855.1_ASM2470685v1_genomic.fna_blast.xml,0,0,0,0,0,0,0,0,5879201,0,0,0,0,0,0,573_subject_array_1739689164.bin
247728,573,CRKP-B8,573.58397,6,https://ftp.ncbi.nlm.nih.gov/genomes/all/GCF/030/717/705/GCF_030717705.1_ASM3071770v1,6,573.58397.fna,GCF_030717705.1_ASM3071770v1_genomic.fna,5938675,5938675,573.58397.fna_vs_GCF_030717705.1_ASM3071770v1_genomic.fna_blast.xml,0,0,0,0,0,0,0,0,5938674,0,0,1,0,0,0,573_subject_array_1739689169.bin
247731,573,CRKP-F1,573.58396,6,https://ftp.ncbi.nlm.nih.gov/genomes/all/GCF/030/717/725/GCF_030717725.1_ASM3071772v1,6,573.58396.fna,GCF_030717725.1_ASM3071772v1_genomic.fna,5843268,5843268,573.58396.fna_vs_GCF_030717725.1_ASM3071772v1_genomic.fna_blast.xml,0,0,0,0,0,0,0,0,5843267,0,0,1,0,0,0,573_subject_array_1739689173.bin
247786,573,CRKP66R,573.34091,6,https://ftp.ncbi.nlm.nih.gov/genomes/all/GCF/015/277/755/GCF_015277755.1_ASM1527775v1,6,573.34091.fna,GCF_015277755.1_ASM1527775v1_genomic.fna,5839515,5839515,573.34091.fna_vs_GCF_015277755.1_ASM1527775v1_genomic.fna_blast.xml,0,0,0,0,0,0,0,0,5839515,0,0,0,0,0,0,573_subject_array_1739689177.bin
247792,573,CRKP78R,573.35106,6,https://ftp.ncbi.nlm.nih.gov/genomes/all/GCF/016/403/085/GCF_016403085.1_ASM1640308v1,6,573.35106.fna,GCF_016403085.1_ASM1640308v1_genomic.fna,5871488,5871488,573.35106.fna_vs_GCF_016403085.1_ASM1640308v1_genomic.fna_blast.xml,0,0,0,0,0,0,0,0,5871488,0,0,0,0,0,0,573_subject_array_1739689182.bin
247832,573,CRKP_14,573.53598,6,https://ftp.ncbi.nlm.nih.gov/genomes/all/GCF/028/223/615/GCF_028223615.1_ASM2822361v1,6,573.53598.fna,GCF_028223615.1_ASM2822361v1_genomic.fna,5793201,5810744,573.53598.fna_vs_GCF_028223615.1_ASM2822361v1_genomic.fna_blast.xml,0,0,0,0,0,0,0,15625,5795119,0,0,0,0,0,0,573_subject_array_1739689186.bin
247834,573,CRKP_16,573.53599,6,https://ftp.ncbi.nlm.nih.gov/genomes/all/GCF/028/223/205/GCF_028223205.1_ASM2822320v1,6,573.53599.fna,GCF_028223205.1_ASM2822320v1_genomic.fna,5684378,5895613,573.53599.fna_vs_GCF_028223205.1_ASM2822320v1_genomic.fna_blast.xml,0,0,54,16,0,0,43,161505,5717634,0,52,3085,13152,0,72,573_subject_array_1739689191.bin
247837,573,CRKP_19,573.53594,6,https://ftp.ncbi.nlm.nih.gov/genomes/all/GCF/028/222/115/GCF_028222115.1_ASM2822211v1,6,573.53594.fna,GCF_028222115.1_ASM2822211v1_genomic.fna,5887474,5887474,573.53594.fna_vs_GCF_028222115.1_ASM2822211v1_genomic.fna_blast.xml,0,0,0,0,0,0,0,0,5887474,0,0,0,0,0,0,573_subject_array_1739689195.bin
247864,573,CRKP_44,573.53571,6,https://ftp.ncbi.nlm.nih.gov/genomes/all/GCF/028/219/495/GCF_028219495.1_ASM2821949v1,6,573.53571.fna,GCF_028219495.1_ASM2821949v1_genomic.fna,6028562,6028562,573.53571.fna_vs_GCF_028219495.1_ASM2821949v1_genomic.fna_blast.xml,0,0,0,0,0,0,0,0,6028562,0,0,0,0,0,0,573_subject_array_1739689200.bin
247865,573,CRKP_45,573.53570,6,https://ftp.ncbi.nlm.nih.gov/genomes/all/GCF/028/219/375/GCF_028219375.1_ASM2821937v1,6,573.53570.fna,GCF_028219375.1_ASM2821937v1_genomic.fna,6011056,6016652,573.53570.fna_vs_GCF_028219375.1_ASM2821937v1_genomic.fna_blast.xml,0,0,10,0,0,0,0,5070,6011056,0,0,50,456,0,10,573_subject_array_1739689205.bin
248040,573,CriePir335,573.49405,6,https://ftp.ncbi.nlm.nih.gov/genomes/all/GCF/024/007/435/GCF_024007435.1_ASM2400743v1,6,573.49405.fna,GCF_024007435.1_ASM2400743v1_genomic.fna,5690106,5690106,573.49405.fna_vs_GCF_024007435.1_ASM2400743v1_genomic.fna_blast.xml,0,0,0,0,0,0,0,0,5690106,0,0,0,0,0,0,573_subject_array_1739689209.bin
248041,573,CriePir336,573.49404,6,https://ftp.ncbi.nlm.nih.gov/genomes/all/GCF/024/007/175/GCF_024007175.1_ASM2400717v1,6,573.49404.fna,GCF_024007175.1_ASM2400717v1_genomic.fna,5723733,5723733,573.49404.fna_vs_GCF_024007175.1_ASM2400717v1_genomic.fna_blast.xml,0,0,0,0,0,0,0,0,5723733,0,0,0,0,0,0,573_subject_array_1739689213.bin
248048,573,CriePt491,573.54355,6,https://ftp.ncbi.nlm.nih.gov/genomes/all/GCF/029/223/335/GCF_029223335.1_ASM2922333v1,6,573.54355.fna,GCF_029223335.1_ASM2922333v1_genomic.fna,5812317,5812317,573.54355.fna_vs_GCF_029223335.1_ASM2922333v1_genomic.fna_blast.xml,0,0,0,0,0,0,0,0,5812317,0,0,0,0,0,0,573_subject_array_1739689217.bin
248187,573,DMCPKP4,573.50133,6,https://ftp.ncbi.nlm.nih.gov/genomes/all/GCF/024/700/185/GCF_024700185.1_ASM2470018v1,6,573.50133.fna,GCF_024700185.1_ASM2470018v1_genomic.fna,5988432,5988432,573.50133.fna_vs_GCF_024700185.1_ASM2470018v1_genomic.fna_blast.xml,0,0,0,0,0,0,0,0,5988432,0,0,0,0,0,0,573_subject_array_1739689222.bin
248201,573,DX2-3hy,573.57254,6,https://ftp.ncbi.nlm.nih.gov/genomes/all/GCF/030/506/095/GCF_030506095.1_ASM3050609v1,6,573.57254.fna,GCF_030506095.1_ASM3050609v1_genomic.fna,5794571,5794571,573.57254.fna_vs_GCF_030506095.1_ASM3050609v1_genomic.fna_blast.xml,0,0,0,0,0,0,0,0,5794570,0,0,1,0,0,0,573_subject_array_1739689226.bin
248204,573,DX3-2hy,573.57264,6,https://ftp.ncbi.nlm.nih.gov/genomes/all/GCF/030/506/115/GCF_030506115.1_ASM3050611v1,6,573.57264.fna,GCF_030506115.1_ASM3050611v1_genomic.fna,5794206,5794206,573.57264.fna_vs_GCF_030506115.1_ASM3050611v1_genomic.fna_blast.xml,0,0,0,0,0,0,0,0,5794205,0,0,1,0,0,0,573_subject_array_1739689231.bin
248373,573,EGKP4,573.52392,6,https://ftp.ncbi.nlm.nih.gov/genomes/all/GCF/017/161/505/GCF_017161505.1_ASM1716150v1,6,573.52392.fna,GCF_017161505.1_ASM1716150v1_genomic.fna,5761802,5761802,573.52392.fna_vs_GCF_017161505.1_ASM1716150v1_genomic.fna_blast.xml,0,0,0,0,0,0,0,0,5761802,0,0,0,0,0,0,573_subject_array_1739689235.bin
248374,573,EGKP5,573.45200,6,https://ftp.ncbi.nlm.nih.gov/genomes/all/GCF/022/341/465/GCF_022341465.1_ASM2234146v1,6,573.45200.fna,GCF_022341465.1_ASM2234146v1_genomic.fna,5745895,5745895,573.45200.fna_vs_GCF_022341465.1_ASM2234146v1_genomic.fna_blast.xml,0,0,0,0,0,0,0,0,5745895,0,0,0,0,0,0,573_subject_array_1739689239.bin
248375,573,EGKP6,573.52391,6,https://ftp.ncbi.nlm.nih.gov/genomes/all/GCF/017/161/155/GCF_017161155.1_ASM1716115v1,6,573.52391.fna,GCF_017161155.1_ASM1716115v1_genomic.fna,5746424,5746424,573.52391.fna_vs_GCF_017161155.1_ASM1716115v1_genomic.fna_blast.xml,0,0,0,0,0,0,0,0,5746424,0,0,0,0,0,0,573_subject_array_1739689244.bin
248376,573,EGKP7,573.52393,6,https://ftp.ncbi.nlm.nih.gov/genomes/all/GCF/017/161/485/GCF_017161485.1_ASM1716148v1,6,573.52393.fna,GCF_017161485.1_ASM1716148v1_genomic.fna,5748078,5748078,573.52393.fna_vs_GCF_017161485.1_ASM1716148v1_genomic.fna_blast.xml,0,0,0,0,0,0,0,0,5748078,0,0,0,0,0,0,573_subject_array_1739689248.bin
248377,573,EGKP8,573.52586,6,https://ftp.ncbi.nlm.nih.gov/genomes/all/GCF/026/192/315/GCF_026192315.1_ASM2619231v1,6,573.52586.fna,GCF_026192315.1_ASM2619231v1_genomic.fna,5745558,5745558,573.52586.fna_vs_GCF_026192315.1_ASM2619231v1_genomic.fna_blast.xml,0,0,0,0,0,0,0,0,5745558,0,0,0,0,0,0,573_subject_array_1739689252.bin
248439,573,ESBL_DR09,573.37192,6,https://ftp.ncbi.nlm.nih.gov/genomes/all/GCF/017/639/065/GCF_017639065.1_ASM1763906v1,6,573.37192.fna,GCF_017639065.1_ASM1763906v1_genomic.fna,5601981,5601981,573.37192.fna_vs_GCF_017639065.1_ASM1763906v1_genomic.fna_blast.xml,0,0,0,0,0,0,0,0,5601981,0,0,0,0,0,0,573_subject_array_1739689256.bin
250151,573,F9,573.62316,6,https://ftp.ncbi.nlm.nih.gov/genomes/all/GCF/031/885/215/GCF_031885215.1_ASM3188521v1,6,573.62316.fna,GCF_031885215.1_ASM3188521v1_genomic.fna,6003273,6003273,573.62316.fna_vs_GCF_031885215.1_ASM3188521v1_genomic.fna_blast.xml,0,0,0,0,0,0,0,0,6003273,0,0,0,0,0,0,573_subject_array_1739689261.bin
250161,573,FDAARGOS_439,573.15312,6,https://ftp.ncbi.nlm.nih.gov/genomes/all/GCF/002/591/075/GCF_002591075.1_ASM259107v1,6,573.15312.fna,GCF_002591075.1_ASM259107v1_genomic.fna,5752865,5752865,573.15312.fna_vs_GCF_002591075.1_ASM259107v1_genomic.fna_blast.xml,0,0,0,0,0,0,0,0,5752862,0,0,3,0,0,0,573_subject_array_1739689265.bin
250162,573,FDAARGOS_440,573.15317,6,https://ftp.ncbi.nlm.nih.gov/genomes/all/GCF/002/635/725/GCF_002635725.1_ASM263572v1,6,573.15317.fna,GCF_002635725.1_ASM263572v1_genomic.fna,5606744,5606744,573.15317.fna_vs_GCF_002635725.1_ASM263572v1_genomic.fna_blast.xml,0,0,0,0,0,0,0,0,5606743,0,1,0,0,0,0,573_subject_array_1739689269.bin
250191,573,FJ8-TC,573.57333,6,https://ftp.ncbi.nlm.nih.gov/genomes/all/GCF/030/544/975/GCF_030544975.1_ASM3054497v1,6,573.57333.fna,GCF_030544975.1_ASM3054497v1_genomic.fna,5986115,5986115,573.57333.fna_vs_GCF_030544975.1_ASM3054497v1_genomic.fna_blast.xml,0,0,0,0,0,0,0,0,5986115,0,0,0,0,0,0,573_subject_array_1739689274.bin
250192,573,FK 6768,573.35063,6,https://ftp.ncbi.nlm.nih.gov/genomes/all/GCF/015/999/625/GCF_015999625.1_ASM1599962v1,6,573.35063.fna,GCF_015999625.1_ASM1599962v1_genomic.fna,5868563,5868563,573.35063.fna_vs_GCF_015999625.1_ASM1599962v1_genomic.fna_blast.xml,0,0,0,0,0,0,0,0,5868563,0,0,0,0,0,0,573_subject_array_1739689278.bin
250306,573,FYH-SY,573.59032,6,https://ftp.ncbi.nlm.nih.gov/genomes/all/GCF/031/624/155/GCF_031624155.1_ASM3162415v1,6,573.59032.fna,GCF_031624155.1_ASM3162415v1_genomic.fna,5953624,5953624,573.59032.fna_vs_GCF_031624155.1_ASM3162415v1_genomic.fna_blast.xml,0,0,0,0,0,0,0,0,5953624,0,0,0,0,0,0,573_subject_array_1739689282.bin
250450,573,GIMC1008:Kpn-20467,573.55061,6,https://ftp.ncbi.nlm.nih.gov/genomes/all/GCF/029/814/385/GCF_029814385.1_ASM2981438v1,6,573.55061.fna,GCF_029814385.1_ASM2981438v1_genomic.fna,5573457,5573457,573.55061.fna_vs_GCF_029814385.1_ASM2981438v1_genomic.fna_blast.xml,0,0,0,0,0,0,0,95,5573358,0,0,0,4,0,0,573_subject_array_1739689286.bin
250508,573,GN03826,573.69396,6,https://ftp.ncbi.nlm.nih.gov/genomes/all/GCF/037/289/385/GCF_037289385.1_ASM3728938v1,6,573.69396.fna,GCF_037289385.1_ASM3728938v1_genomic.fna,5799485,5799485,573.69396.fna_vs_GCF_037289385.1_ASM3728938v1_genomic.fna_blast.xml,0,0,0,0,0,0,0,0,5799485,0,0,0,0,0,0,573_subject_array_1739689290.bin
250510,573,GN04029,573.69395,6,https://ftp.ncbi.nlm.nih.gov/genomes/all/GCF/037/287/575/GCF_037287575.1_ASM3728757v1,6,573.69395.fna,GCF_037287575.1_ASM3728757v1_genomic.fna,5799486,5799486,573.69395.fna_vs_GCF_037287575.1_ASM3728757v1_genomic.fna_blast.xml,0,0,0,0,0,0,0,0,5799486,0,0,0,0,0,0,573_subject_array_1739689295.bin
250799,573,HNLR14-1,573.69543,6,https://ftp.ncbi.nlm.nih.gov/genomes/all/GCF/037/646/425/GCF_037646425.1_ASM3764642v1,6,573.69543.fna,GCF_037646425.1_ASM3764642v1_genomic.fna,5602570,5602570,573.69543.fna_vs_GCF_037646425.1_ASM3764642v1_genomic.fna_blast.xml,0,0,0,0,0,0,0,0,5602570,0,0,0,0,0,0,573_subject_array_1739689299.bin
250801,573,HNLR8-1,573.69676,6,https://ftp.ncbi.nlm.nih.gov/genomes/all/GCF/037/968/335/GCF_037968335.2_ASM3796833v2,6,573.69676.fna,GCF_037968335.2_ASM3796833v2_genomic.fna,5834856,5834856,573.69676.fna_vs_GCF_037968335.2_ASM3796833v2_genomic.fna_blast.xml,0,0,0,0,0,0,1,0,5834855,0,0,0,0,0,0,573_subject_array_1739689303.bin
250811,573,HSKP1,573.51880,6,https://ftp.ncbi.nlm.nih.gov/genomes/all/GCF/025/884/255/GCF_025884255.1_ASM2588425v1,6,573.51880.fna,GCF_025884255.1_ASM2588425v1_genomic.fna,5627370,5627370,573.51880.fna_vs_GCF_025884255.1_ASM2588425v1_genomic.fna_blast.xml,0,0,0,0,0,0,0,0,5627370,0,0,0,0,0,0,573_subject_array_1739689307.bin
250989,573,ID_0186_21,573.54233,6,https://ftp.ncbi.nlm.nih.gov/genomes/all/GCF/029/079/265/GCF_029079265.1_ASM2907926v1,6,573.54233.fna,GCF_029079265.1_ASM2907926v1_genomic.fna,5686433,5686433,573.54233.fna_vs_GCF_029079265.1_ASM2907926v1_genomic.fna_blast.xml,0,0,0,0,0,0,0,0,5686433,0,0,0,0,0,0,573_subject_array_1739689311.bin
251062,573,ID_1243_21,573.54156,6,https://ftp.ncbi.nlm.nih.gov/genomes/all/GCF/029/076/025/GCF_029076025.1_ASM2907602v1,6,573.54156.fna,GCF_029076025.1_ASM2907602v1_genomic.fna,5829273,5829273,573.54156.fna_vs_GCF_029076025.1_ASM2907602v1_genomic.fna_blast.xml,0,0,0,0,0,0,0,0,5829273,0,0,0,0,0,0,573_subject_array_1739689315.bin
251094,573,INF019,573.45093,6,https://ftp.ncbi.nlm.nih.gov/genomes/all/GCF/020/149/785/GCF_020149785.1_ASM2014978v1,6,573.45093.fna,GCF_020149785.1_ASM2014978v1_genomic.fna,5776619,5776619,573.45093.fna_vs_GCF_020149785.1_ASM2014978v1_genomic.fna_blast.xml,0,0,0,0,0,0,0,0,5776619,0,0,0,0,0,0,573_subject_array_1739689319.bin
251112,573,INF274,573.15376,6,https://ftp.ncbi.nlm.nih.gov/genomes/all/GCF/002/753/605/GCF_002753605.1_ASM275360v1,6,573.15376.fna,GCF_002753605.1_ASM275360v1_genomic.fna,5732200,5732200,573.15376.fna_vs_GCF_002753605.1_ASM275360v1_genomic.fna_blast.xml,0,0,0,0,0,0,0,0,5732200,0,0,0,0,0,0,573_subject_array_1739689323.bin
251174,573,IR12183_1,573.48984,6,https://ftp.ncbi.nlm.nih.gov/genomes/all/GCF/023/573/865/GCF_023573865.1_ASM2357386v1,6,573.48984.fna,GCF_023573865.1_ASM2357386v1_genomic.fna,5680874,5680874,573.48984.fna_vs_GCF_023573865.1_ASM2357386v1_genomic.fna_blast.xml,0,0,0,0,0,0,0,0,5680874,0,0,0,0,0,0,573_subject_array_1739689328.bin
251175,573,IR12197_1,573.48985,6,https://ftp.ncbi.nlm.nih.gov/genomes/all/GCF/023/573/885/GCF_023573885.1_ASM2357388v1,6,573.48985.fna,GCF_023573885.1_ASM2357388v1_genomic.fna,5974119,5974119,573.48985.fna_vs_GCF_023573885.1_ASM2357388v1_genomic.fna_blast.xml,0,0,0,0,0,0,0,0,5974119,0,0,0,0,0,0,573_subject_array_1739689332.bin
251236,573,IT0132R1,573.37726,6,https://ftp.ncbi.nlm.nih.gov/genomes/all/GCF/018/350/405/GCF_018350405.1_ASM1835040v1,6,573.37726.fna,GCF_018350405.1_ASM1835040v1_genomic.fna,5912254,5912254,573.37726.fna_vs_GCF_018350405.1_ASM1835040v1_genomic.fna_blast.xml,0,0,0,0,0,0,0,0,5912252,0,1,1,0,0,0,573_subject_array_1739689336.bin
251237,573,IT0132R2,573.37725,6,https://ftp.ncbi.nlm.nih.gov/genomes/all/GCF/018/350/395/GCF_018350395.1_ASM1835039v1,6,573.37725.fna,GCF_018350395.1_ASM1835039v1_genomic.fna,5856152,5856152,573.37725.fna_vs_GCF_018350395.1_ASM1835039v1_genomic.fna_blast.xml,0,0,0,0,0,0,0,0,5856151,0,0,1,0,0,0,573_subject_array_1739689341.bin
251298,573,JHTS002,573.19899,6,https://ftp.ncbi.nlm.nih.gov/genomes/all/GCF/003/335/005/GCF_003335005.1_ASM333500v1,6,573.19899.fna,GCF_003335005.1_ASM333500v1_genomic.fna,5649525,5649525,573.19899.fna_vs_GCF_003335005.1_ASM333500v1_genomic.fna_blast.xml,0,0,0,0,0,0,0,0,5649525,0,0,0,0,0,0,573_subject_array_1739689345.bin
251404,573,JX-CR-hvKP-1,573.34149,6,https://ftp.ncbi.nlm.nih.gov/genomes/all/GCF/015/356/055/GCF_015356055.1_ASM1535605v1,6,573.34149.fna,GCF_015356055.1_ASM1535605v1_genomic.fna,5827883,5827883,573.34149.fna_vs_GCF_015356055.1_ASM1535605v1_genomic.fna_blast.xml,0,0,0,0,0,0,0,0,5827883,0,0,0,0,0,0,573_subject_array_1739689349.bin
251408,573,JX-CR-hvKP-2,573.34150,6,https://ftp.ncbi.nlm.nih.gov/genomes/all/GCF/015/356/035/GCF_015356035.1_ASM1535603v1,6,573.34150.fna,GCF_015356035.1_ASM1535603v1_genomic.fna,5995772,5995772,573.34150.fna_vs_GCF_015356035.1_ASM1535603v1_genomic.fna_blast.xml,0,0,0,0,0,0,0,0,5995772,0,0,0,0,0,0,573_subject_array_1739689354.bin
251410,573,JX-CR-hvKP-4,573.34145,6,https://ftp.ncbi.nlm.nih.gov/genomes/all/GCF/015/355/995/GCF_015355995.1_ASM1535599v1,6,573.34145.fna,GCF_015355995.1_ASM1535599v1_genomic.fna,5965960,5965960,573.34145.fna_vs_GCF_015355995.1_ASM1535599v1_genomic.fna_blast.xml,0,0,0,0,0,0,0,0,5965960,0,0,0,0,0,0,573_subject_array_1739689358.bin
251413,573,JX-CR-hvKP-7,573.34144,6,https://ftp.ncbi.nlm.nih.gov/genomes/all/GCF/015/355/915/GCF_015355915.1_ASM1535591v1,6,573.34144.fna,GCF_015355915.1_ASM1535591v1_genomic.fna,5908679,5908679,573.34144.fna_vs_GCF_015355915.1_ASM1535591v1_genomic.fna_blast.xml,0,0,0,0,0,0,0,0,5908679,0,0,0,0,0,0,573_subject_array_1739689363.bin
251414,573,JX-CR-hvKP-8,573.34151,6,https://ftp.ncbi.nlm.nih.gov/genomes/all/GCF/015/355/935/GCF_015355935.1_ASM1535593v1,6,573.34151.fna,GCF_015355935.1_ASM1535593v1_genomic.fna,5893299,5893299,573.34151.fna_vs_GCF_015355935.1_ASM1535593v1_genomic.fna_blast.xml,0,0,0,0,0,0,0,0,5893299,0,0,0,0,0,0,573_subject_array_1739689367.bin
251415,573,JX-CR-hvKP-9,573.34143,6,https://ftp.ncbi.nlm.nih.gov/genomes/all/GCF/015/355/895/GCF_015355895.1_ASM1535589v1,6,573.34143.fna,GCF_015355895.1_ASM1535589v1_genomic.fna,5923020,5923020,573.34143.fna_vs_GCF_015355895.1_ASM1535589v1_genomic.fna_blast.xml,0,0,0,0,0,0,0,0,5923020,0,0,0,0,0,0,573_subject_array_1739689372.bin
251417,573,JXHV-KP2,573.73100,6,https://ftp.ncbi.nlm.nih.gov/genomes/all/GCF/039/545/785/GCF_039545785.1_ASM3954578v1,6,573.73100.fna,GCF_039545785.1_ASM3954578v1_genomic.fna,5958055,5958055,573.73100.fna_vs_GCF_039545785.1_ASM3954578v1_genomic.fna_blast.xml,0,0,0,0,0,0,0,0,5958055,0,0,0,0,0,0,573_subject_array_1739689376.bin
251419,573,JXLV-KP19,573.73047,6,https://ftp.ncbi.nlm.nih.gov/genomes/all/GCF/038/979/805/GCF_038979805.1_ASM3897980v1,6,573.73047.fna,GCF_038979805.1_ASM3897980v1_genomic.fna,5915288,5915288,573.73047.fna_vs_GCF_038979805.1_ASM3897980v1_genomic.fna_blast.xml,0,0,0,0,0,0,0,0,5915288,0,0,0,0,0,0,573_subject_array_1739689381.bin
251600,573,K2606,573.30880,6,https://ftp.ncbi.nlm.nih.gov/genomes/all/GCF/011/006/575/GCF_011006575.1_ASM1100657v1,6,573.30880.fna,GCF_011006575.1_ASM1100657v1_genomic.fna,5815774,5815774,573.30880.fna_vs_GCF_011006575.1_ASM1100657v1_genomic.fna_blast.xml,0,0,0,0,0,0,0,0,5815774,0,0,0,0,0,0,573_subject_array_1739689385.bin
251613,573,K30821,573.51781,6,https://ftp.ncbi.nlm.nih.gov/genomes/all/GCF/025/725/705/GCF_025725705.1_ASM2572570v1,6,573.51781.fna,GCF_025725705.1_ASM2572570v1_genomic.fna,5872946,5872946,573.51781.fna_vs_GCF_025725705.1_ASM2572570v1_genomic.fna_blast.xml,0,0,0,0,0,0,0,0,5872946,0,0,0,0,0,0,573_subject_array_1739689389.bin
251763,573,K82,573.55236,6,https://ftp.ncbi.nlm.nih.gov/genomes/all/GCF/030/020/895/GCF_030020895.1_ASM3002089v1,6,573.55236.fna,GCF_030020895.1_ASM3002089v1_genomic.fna,5758229,5758229,573.55236.fna_vs_GCF_030020895.1_ASM3002089v1_genomic.fna_blast.xml,0,0,0,0,0,0,0,0,5758229,0,0,0,0,0,0,573_subject_array_1739689394.bin
251823,573,KH1,573.50178,6,https://ftp.ncbi.nlm.nih.gov/genomes/all/GCF/024/734/155/GCF_024734155.1_ASM2473415v1,6,573.50178.fna,GCF_024734155.1_ASM2473415v1_genomic.fna,5800187,5800187,573.50178.fna_vs_GCF_024734155.1_ASM2473415v1_genomic.fna_blast.xml,0,0,0,0,0,0,0,0,5800187,0,0,0,0,0,0,573_subject_array_1739689398.bin
251824,573,KH2,573.50181,6,https://ftp.ncbi.nlm.nih.gov/genomes/all/GCF/024/734/175/GCF_024734175.1_ASM2473417v1,6,573.50181.fna,GCF_024734175.1_ASM2473417v1_genomic.fna,5799845,5799845,573.50181.fna_vs_GCF_024734175.1_ASM2473417v1_genomic.fna_blast.xml,0,0,0,0,0,0,0,0,5799845,0,0,0,0,0,0,573_subject_array_1739689402.bin
251968,573,KLP00155,573.31584,6,https://ftp.ncbi.nlm.nih.gov/genomes/all/GCF/012/952/505/GCF_012952505.1_ASM1295250v1,6,573.31584.fna,GCF_012952505.1_ASM1295250v1_genomic.fna,5909815,5909815,573.31584.fna_vs_GCF_012952505.1_ASM1295250v1_genomic.fna_blast.xml,0,0,0,0,0,0,0,0,5909815,0,0,0,0,0,0,573_subject_array_1739689407.bin
251972,573,KLP00213,573.31579,6,https://ftp.ncbi.nlm.nih.gov/genomes/all/GCF/012/952/385/GCF_012952385.1_ASM1295238v1,6,573.31579.fna,GCF_012952385.1_ASM1295238v1_genomic.fna,5407132,5407132,573.31579.fna_vs_GCF_012952385.1_ASM1295238v1_genomic.fna_blast.xml,0,0,0,0,0,0,0,0,5407132,0,0,0,0,0,0,573_subject_array_1739689411.bin
251976,573,KLP1,573.62636,6,https://ftp.ncbi.nlm.nih.gov/genomes/all/GCF/032/759/475/GCF_032759475.1_ASM3275947v1,6,573.62636.fna,GCF_032759475.1_ASM3275947v1_genomic.fna,5751760,5751760,573.62636.fna_vs_GCF_032759475.1_ASM3275947v1_genomic.fna_blast.xml,0,0,0,0,0,0,0,0,5751760,0,0,0,0,0,0,573_subject_array_1739689415.bin
252082,573,KP-26Pi,573.45778,6,https://ftp.ncbi.nlm.nih.gov/genomes/all/GCF/022/370/195/GCF_022370195.1_ASM2237019v1,6,573.45778.fna,GCF_022370195.1_ASM2237019v1_genomic.fna,5893567,5893567,573.45778.fna_vs_GCF_022370195.1_ASM2237019v1_genomic.fna_blast.xml,0,0,0,0,0,0,0,100,5893467,0,0,0,0,0,0,573_subject_array_1739689419.bin
252103,573,KP-C76,573.39713,6,https://ftp.ncbi.nlm.nih.gov/genomes/all/GCF/019/434/275/GCF_019434275.1_ASM1943427v1,6,573.39713.fna,GCF_019434275.1_ASM1943427v1_genomic.fna,5894462,5894462,573.39713.fna_vs_GCF_019434275.1_ASM1943427v1_genomic.fna_blast.xml,0,0,0,0,0,0,0,0,5894462,0,0,0,0,0,0,573_subject_array_1739689423.bin
252104,573,KP-CT77,573.39711,6,https://ftp.ncbi.nlm.nih.gov/genomes/all/GCF/019/434/295/GCF_019434295.1_ASM1943429v1,6,573.39711.fna,GCF_019434295.1_ASM1943429v1_genomic.fna,5916103,5916103,573.39711.fna_vs_GCF_019434295.1_ASM1943429v1_genomic.fna_blast.xml,0,0,0,0,0,0,0,0,5916103,0,0,0,0,0,0,573_subject_array_1739689428.bin
252137,573,KP-SC771,573.36701,6,https://ftp.ncbi.nlm.nih.gov/genomes/all/GCF/017/584/335/GCF_017584335.1_ASM1758433v1,6,573.36701.fna,GCF_017584335.1_ASM1758433v1_genomic.fna,5601047,5601047,573.36701.fna_vs_GCF_017584335.1_ASM1758433v1_genomic.fna_blast.xml,0,0,0,0,0,0,0,0,5601047,0,0,0,0,0,0,573_subject_array_1739689432.bin
252183,573,KP0028,573.53489,6,https://ftp.ncbi.nlm.nih.gov/genomes/all/GCF/027/585/055/GCF_027585055.1_ASM2758505v1,6,573.53489.fna,GCF_027585055.1_ASM2758505v1_genomic.fna,5524698,5524698,573.53489.fna_vs_GCF_027585055.1_ASM2758505v1_genomic.fna_blast.xml,0,0,0,0,0,0,0,0,5524698,0,0,0,0,0,0,573_subject_array_1739689436.bin
252188,573,KP0177,573.53487,6,https://ftp.ncbi.nlm.nih.gov/genomes/all/GCF/027/584/985/GCF_027584985.1_ASM2758498v1,6,573.53487.fna,GCF_027584985.1_ASM2758498v1_genomic.fna,332415,5692516,573.53487.fna_vs_GCF_027584985.1_ASM2758498v1_genomic.fna_blast.xml,0,0,62,14,0,0,25,5294558,364344,0,27,3127,30273,0,86,573_subject_array_1739689437.bin
252295,573,KP124-index197,573.64626,6,https://ftp.ncbi.nlm.nih.gov/genomes/all/GCF/035/184/765/GCF_035184765.2_ASM3518476v2,6,573.64626.fna,GCF_035184765.2_ASM3518476v2_genomic.fna,5743979,5743979,573.64626.fna_vs_GCF_035184765.2_ASM3518476v2_genomic.fna_blast.xml,0,0,0,0,0,0,0,0,5743979,0,0,0,0,0,0,573_subject_array_1739689441.bin
252331,573,KP1462023BGR,573.64666,6,https://ftp.ncbi.nlm.nih.gov/genomes/all/GCF/963/693/505/GCF_963693505.1_KP1462023,6,573.64666.fna,GCF_963693505.1_KP1462023_genomic.fna,5684808,5684808,573.64666.fna_vs_GCF_963693505.1_KP1462023_genomic.fna_blast.xml,0,0,0,0,0,0,0,0,5684808,0,0,0,0,0,0,573_subject_array_1739689445.bin
252429,573,KP184,573.54671,6,https://ftp.ncbi.nlm.nih.gov/genomes/all/GCF/029/291/355/GCF_029291355.1_ASM2929135v1,6,573.54671.fna,GCF_029291355.1_ASM2929135v1_genomic.fna,5817114,5817114,573.54671.fna_vs_GCF_029291355.1_ASM2929135v1_genomic.fna_blast.xml,0,0,0,0,0,0,0,0,5817114,0,0,0,0,0,0,573_subject_array_1739689450.bin
252436,573,KP1878,573.37266,6,https://ftp.ncbi.nlm.nih.gov/genomes/all/GCF/018/075/325/GCF_018075325.1_ASM1807532v1,6,573.37266.fna,GCF_018075325.1_ASM1807532v1_genomic.fna,5830905,5830905,573.37266.fna_vs_GCF_018075325.1_ASM1807532v1_genomic.fna_blast.xml,0,0,0,0,0,0,1,0,5830903,0,0,1,0,0,0,573_subject_array_1739689454.bin
252471,573,KP1906522,573.65191,6,https://ftp.ncbi.nlm.nih.gov/genomes/all/GCF/036/287/765/GCF_036287765.1_ASM3628776v1,6,573.65191.fna,GCF_036287765.1_ASM3628776v1_genomic.fna,5740849,5740849,573.65191.fna_vs_GCF_036287765.1_ASM3628776v1_genomic.fna_blast.xml,0,0,0,0,0,0,0,0,5740849,0,0,0,0,0,0,573_subject_array_1739689458.bin
252528,573,KP20194a,573.31875,6,https://ftp.ncbi.nlm.nih.gov/genomes/all/GCF/013/349/085/GCF_013349085.1_ASM1334908v1,6,573.31875.fna,GCF_013349085.1_ASM1334908v1_genomic.fna,5882292,5882292,573.31875.fna_vs_GCF_013349085.1_ASM1334908v1_genomic.fna_blast.xml,0,0,0,0,0,0,0,0,5882292,0,0,0,0,0,0,573_subject_array_1739689462.bin
252529,573,KP20194a2,573.31874,6,https://ftp.ncbi.nlm.nih.gov/genomes/all/GCF/013/349/065/GCF_013349065.1_ASM1334906v1,6,573.31874.fna,GCF_013349065.1_ASM1334906v1_genomic.fna,5885324,5885324,573.31874.fna_vs_GCF_013349065.1_ASM1334906v1_genomic.fna_blast.xml,0,0,0,0,0,0,0,0,5885324,0,0,0,0,0,0,573_subject_array_1739689467.bin
252530,573,KP20194b,573.31873,6,https://ftp.ncbi.nlm.nih.gov/genomes/all/GCF/013/349/045/GCF_013349045.1_ASM1334904v1,6,573.31873.fna,GCF_013349045.1_ASM1334904v1_genomic.fna,5881004,5881004,573.31873.fna_vs_GCF_013349045.1_ASM1334904v1_genomic.fna_blast.xml,0,0,0,0,0,0,0,0,5881004,0,0,0,0,0,0,573_subject_array_1739689471.bin
252531,573,KP20194b2,573.31865,6,https://ftp.ncbi.nlm.nih.gov/genomes/all/GCF/013/348/885/GCF_013348885.1_ASM1334888v1,6,573.31865.fna,GCF_013348885.1_ASM1334888v1_genomic.fna,5883119,5883119,573.31865.fna_vs_GCF_013348885.1_ASM1334888v1_genomic.fna_blast.xml,0,0,0,0,0,0,0,0,5883119,0,0,0,0,0,0,573_subject_array_1739689475.bin
252532,573,KP20194c,573.31867,6,https://ftp.ncbi.nlm.nih.gov/genomes/all/GCF/013/348/925/GCF_013348925.1_ASM1334892v1,6,573.31867.fna,GCF_013348925.1_ASM1334892v1_genomic.fna,5871874,5871874,573.31867.fna_vs_GCF_013348925.1_ASM1334892v1_genomic.fna_blast.xml,0,0,0,0,0,0,0,0,5871874,0,0,0,0,0,0,573_subject_array_1739689480.bin
252533,573,KP20194c3,573.31871,6,https://ftp.ncbi.nlm.nih.gov/genomes/all/GCF/013/349/025/GCF_013349025.1_ASM1334902v1,6,573.31871.fna,GCF_013349025.1_ASM1334902v1_genomic.fna,5883673,5883673,573.31871.fna_vs_GCF_013349025.1_ASM1334902v1_genomic.fna_blast.xml,0,0,0,0,0,0,0,0,5883673,0,0,0,0,0,0,573_subject_array_1739689484.bin
252534,573,KP20194c4,573.31872,6,https://ftp.ncbi.nlm.nih.gov/genomes/all/GCF/013/349/005/GCF_013349005.1_ASM1334900v1,6,573.31872.fna,GCF_013349005.1_ASM1334900v1_genomic.fna,5883488,5883488,573.31872.fna_vs_GCF_013349005.1_ASM1334900v1_genomic.fna_blast.xml,0,0,0,0,0,0,0,0,5883488,0,0,0,0,0,0,573_subject_array_1739689488.bin
252535,573,KP20194c5,573.31870,6,https://ftp.ncbi.nlm.nih.gov/genomes/all/GCF/013/348/985/GCF_013348985.1_ASM1334898v1,6,573.31870.fna,GCF_013348985.1_ASM1334898v1_genomic.fna,5872065,5872065,573.31870.fna_vs_GCF_013348985.1_ASM1334898v1_genomic.fna_blast.xml,0,0,0,0,0,0,0,0,5872065,0,0,0,0,0,0,573_subject_array_1739689493.bin
252536,573,KP20194d,573.31869,6,https://ftp.ncbi.nlm.nih.gov/genomes/all/GCF/013/348/945/GCF_013348945.1_ASM1334894v1,6,573.31869.fna,GCF_013348945.1_ASM1334894v1_genomic.fna,5871563,5871563,573.31869.fna_vs_GCF_013348945.1_ASM1334894v1_genomic.fna_blast.xml,0,0,0,0,0,0,0,0,5871563,0,0,0,0,0,0,573_subject_array_1739689497.bin
252537,573,KP20194e,573.31868,6,https://ftp.ncbi.nlm.nih.gov/genomes/all/GCF/013/348/965/GCF_013348965.1_ASM1334896v1,6,573.31868.fna,GCF_013348965.1_ASM1334896v1_genomic.fna,5882289,5882289,573.31868.fna_vs_GCF_013348965.1_ASM1334896v1_genomic.fna_blast.xml,0,0,0,0,0,0,0,0,5882289,0,0,0,0,0,0,573_subject_array_1739689501.bin
252538,573,KP20194f,573.31866,6,https://ftp.ncbi.nlm.nih.gov/genomes/all/GCF/013/348/905/GCF_013348905.1_ASM1334890v1,6,573.31866.fna,GCF_013348905.1_ASM1334890v1_genomic.fna,5882345,5882345,573.31866.fna_vs_GCF_013348905.1_ASM1334890v1_genomic.fna_blast.xml,0,0,0,0,0,0,0,0,5882345,0,0,0,0,0,0,573_subject_array_1739689506.bin
252646,573,KP2310,573.64482,6,https://ftp.ncbi.nlm.nih.gov/genomes/all/GCF/033/807/335/GCF_033807335.1_ASM3380733v1,6,573.64482.fna,GCF_033807335.1_ASM3380733v1_genomic.fna,5731692,5731692,573.64482.fna_vs_GCF_033807335.1_ASM3380733v1_genomic.fna_blast.xml,0,0,0,0,0,0,0,0,5731692,0,0,0,0,0,0,573_subject_array_1739689510.bin
252658,573,KP2509,573.37708,6,https://ftp.ncbi.nlm.nih.gov/genomes/all/GCF/018/279/325/GCF_018279325.1_ASM1827932v1,6,573.37708.fna,GCF_018279325.1_ASM1827932v1_genomic.fna,6011248,6011248,573.37708.fna_vs_GCF_018279325.1_ASM1827932v1_genomic.fna_blast.xml,0,0,0,0,0,0,0,0,6011248,0,0,0,0,0,0,573_subject_array_1739689514.bin
252670,573,KP2722,573.53618,6,https://ftp.ncbi.nlm.nih.gov/genomes/all/GCF/028/471/925/GCF_028471925.1_ASM2847192v1,6,573.53618.fna,GCF_028471925.1_ASM2847192v1_genomic.fna,5815793,6084045,573.53618.fna_vs_GCF_028471925.1_ASM2847192v1_genomic.fna_blast.xml,0,0,14,11,0,0,35,237045,5829432,0,43,1812,15631,0,22,573_subject_array_1739689518.bin
252701,573,KP31122023BGR,573.64670,6,https://ftp.ncbi.nlm.nih.gov/genomes/all/GCF/963/854/595/GCF_963854595.1_KP31122023,6,573.64670.fna,GCF_963854595.1_KP31122023_genomic.fna,5820489,5820489,573.64670.fna_vs_GCF_963854595.1_KP31122023_genomic.fna_blast.xml,0,0,0,0,0,0,0,0,5820489,0,0,0,0,0,0,573_subject_array_1739689523.bin
252734,573,KP3682,573.64717,6,https://ftp.ncbi.nlm.nih.gov/genomes/all/GCF/035/584/575/GCF_035584575.1_ASM3558457v1,6,573.64717.fna,GCF_035584575.1_ASM3558457v1_genomic.fna,5917445,5917445,573.64717.fna_vs_GCF_035584575.1_ASM3558457v1_genomic.fna_blast.xml,0,0,0,0,0,0,0,0,5917445,0,0,0,0,0,0,573_subject_array_1739689528.bin
252768,573,KP4814,573.37193,6,https://ftp.ncbi.nlm.nih.gov/genomes/all/GCF/017/640/385/GCF_017640385.1_ASM1764038v1,6,573.37193.fna,GCF_017640385.1_ASM1764038v1_genomic.fna,5814746,5814746,573.37193.fna_vs_GCF_017640385.1_ASM1764038v1_genomic.fna_blast.xml,0,0,0,0,0,0,0,0,5814744,0,0,2,0,0,0,573_subject_array_1739689532.bin
252799,573,KP58,573.27958,6,https://ftp.ncbi.nlm.nih.gov/genomes/all/GCF/008/728/695/GCF_008728695.1_ASM872869v1,6,573.27958.fna,GCF_008728695.1_ASM872869v1_genomic.fna,5920915,5920915,573.27958.fna_vs_GCF_008728695.1_ASM872869v1_genomic.fna_blast.xml,0,0,0,0,0,0,0,0,5920915,0,0,0,0,0,0,573_subject_array_1739689536.bin
252820,573,KP6870155,573.52958,6,https://ftp.ncbi.nlm.nih.gov/genomes/all/GCF/027/126/715/GCF_027126715.1_ASM2712671v1,6,573.52958.fna,GCF_027126715.1_ASM2712671v1_genomic.fna,5554356,5554356,573.52958.fna_vs_GCF_027126715.1_ASM2712671v1_genomic.fna_blast.xml,0,0,0,0,0,0,0,0,5554356,0,0,0,0,0,0,573_subject_array_1739689540.bin
252855,573,KP81_L15_03.23_ST147_NDM5,573.63164,6,https://ftp.ncbi.nlm.nih.gov/genomes/all/GCF/033/245/165/GCF_033245165.1_ASM3324516v1,6,573.63164.fna,GCF_033245165.1_ASM3324516v1_genomic.fna,6092869,6092869,573.63164.fna_vs_GCF_033245165.1_ASM3324516v1_genomic.fna_blast.xml,0,0,0,0,0,0,0,0,6092869,0,0,0,0,0,0,573_subject_array_1739689545.bin
252860,573,KP8336,573.58458,6,https://ftp.ncbi.nlm.nih.gov/genomes/all/GCF/030/929/955/GCF_030929955.1_ASM3092995v1,6,573.58458.fna,GCF_030929955.1_ASM3092995v1_genomic.fna,5689458,5689458,573.58458.fna_vs_GCF_030929955.1_ASM3092995v1_genomic.fna_blast.xml,0,0,0,0,0,0,0,0,5689458,0,0,0,0,0,0,573_subject_array_1739689549.bin
252898,573,KP99_L14_14.23_ST147_NDM5_OXA48,573.63158,6,https://ftp.ncbi.nlm.nih.gov/genomes/all/GCF/033/238/325/GCF_033238325.1_ASM3323832v1,6,573.63158.fna,GCF_033238325.1_ASM3323832v1_genomic.fna,6137484,6137484,573.63158.fna_vs_GCF_033238325.1_ASM3323832v1_genomic.fna_blast.xml,0,0,0,0,0,0,0,0,6137484,0,0,0,0,0,0,573_subject_array_1739689553.bin
252902,573,KPA2,573.50186,6,https://ftp.ncbi.nlm.nih.gov/genomes/all/GCF/024/750/555/GCF_024750555.1_ASM2475055v1,6,573.50186.fna,GCF_024750555.1_ASM2475055v1_genomic.fna,5734998,5734998,573.50186.fna_vs_GCF_024750555.1_ASM2475055v1_genomic.fna_blast.xml,0,0,0,0,0,0,0,0,5734998,0,0,0,0,0,0,573_subject_array_1739689557.bin
252964,573,KPH1,573.50111,6,https://ftp.ncbi.nlm.nih.gov/genomes/all/GCF/024/666/265/GCF_024666265.1_ASM2466626v1,6,573.50111.fna,GCF_024666265.1_ASM2466626v1_genomic.fna,5641225,5641225,573.50111.fna_vs_GCF_024666265.1_ASM2466626v1_genomic.fna_blast.xml,0,0,0,0,0,0,0,0,5641225,0,0,0,0,0,0,573_subject_array_1739689561.bin
252971,573,KPJCL-3,573.53046,6,https://ftp.ncbi.nlm.nih.gov/genomes/all/GCF/027/414/695/GCF_027414695.1_ASM2741469v1,6,573.53046.fna,GCF_027414695.1_ASM2741469v1_genomic.fna,6010274,6010274,573.53046.fna_vs_GCF_027414695.1_ASM2741469v1_genomic.fna_blast.xml,0,0,0,0,0,0,0,0,6010274,0,0,0,0,0,0,573_subject_array_1739689566.bin
252973,573,KPJCL-5,573.53045,6,https://ftp.ncbi.nlm.nih.gov/genomes/all/GCF/027/414/675/GCF_027414675.1_ASM2741467v1,6,573.53045.fna,GCF_027414675.1_ASM2741467v1_genomic.fna,5949739,5949739,573.53045.fna_vs_GCF_027414675.1_ASM2741467v1_genomic.fna_blast.xml,0,0,0,0,0,0,0,0,5949739,0,0,0,0,0,0,573_subject_array_1739689570.bin
253018,573,KPN1023,573.64812,6,https://ftp.ncbi.nlm.nih.gov/genomes/all/GCF/035/620/095/GCF_035620095.1_ASM3562009v1,6,573.64812.fna,GCF_035620095.1_ASM3562009v1_genomic.fna,5913132,5913132,573.64812.fna_vs_GCF_035620095.1_ASM3562009v1_genomic.fna_blast.xml,0,0,0,0,0,0,0,0,5913132,0,0,0,0,0,0,573_subject_array_1739689575.bin
253024,573,KPN1482,573.12458,6,https://ftp.ncbi.nlm.nih.gov/genomes/all/GCF/002/156/745/GCF_002156745.1_ASM215674v1,6,573.12458.fna,GCF_002156745.1_ASM215674v1_genomic.fna,5965284,5965284,573.12458.fna_vs_GCF_002156745.1_ASM215674v1_genomic.fna_blast.xml,0,0,0,0,0,0,0,0,5965284,0,0,0,0,0,0,573_subject_array_1739689579.bin
253046,573,KPN673,573.31298,6,https://ftp.ncbi.nlm.nih.gov/genomes/all/GCF/012/027/185/GCF_012027185.1_ASM1202718v1,6,573.31298.fna,GCF_012027185.1_ASM1202718v1_genomic.fna,6038294,6038294,573.31298.fna_vs_GCF_012027185.1_ASM1202718v1_genomic.fna_blast.xml,0,0,0,0,0,0,0,0,6038294,0,0,0,0,0,0,573_subject_array_1739689583.bin
253048,573,KPN697,573.31296,6,https://ftp.ncbi.nlm.nih.gov/genomes/all/GCF/012/027/155/GCF_012027155.1_ASM1202715v1,6,573.31296.fna,GCF_012027155.1_ASM1202715v1_genomic.fna,5881923,5881923,573.31296.fna_vs_GCF_012027155.1_ASM1202715v1_genomic.fna_blast.xml,0,0,0,0,0,0,0,0,5881923,0,0,0,0,0,0,573_subject_array_1739689588.bin
253052,573,KPN908,573.31295,6,https://ftp.ncbi.nlm.nih.gov/genomes/all/GCF/012/027/135/GCF_012027135.1_ASM1202713v1,6,573.31295.fna,GCF_012027135.1_ASM1202713v1_genomic.fna,6080522,6080522,573.31295.fna_vs_GCF_012027135.1_ASM1202713v1_genomic.fna_blast.xml,0,0,0,0,0,0,0,0,6080522,0,0,0,0,0,0,573_subject_array_1739689592.bin
253070,573,KPNIH50,573.17821,6,https://ftp.ncbi.nlm.nih.gov/genomes/all/GCF/002/903/005/GCF_002903005.1_ASM290300v1,6,573.17821.fna,GCF_002903005.1_ASM290300v1_genomic.fna,6209759,6209759,573.17821.fna_vs_GCF_002903005.1_ASM290300v1_genomic.fna_blast.xml,0,0,0,0,0,0,0,0,6209759,0,0,0,0,0,0,573_subject_array_1739689596.bin
253168,573,KP_Goe_828304,573.7356,6,https://ftp.ncbi.nlm.nih.gov/genomes/all/GCF/001/908/695/GCF_001908695.1_ASM190869v1,6,573.7356.fna,GCF_001908695.1_ASM190869v1_genomic.fna,5914083,5914083,573.7356.fna_vs_GCF_001908695.1_ASM190869v1_genomic.fna_blast.xml,0,0,0,0,0,0,0,0,5914083,0,0,0,0,0,0,573_subject_array_1739689601.bin
253188,573,KU-C1985,573.44657,6,https://ftp.ncbi.nlm.nih.gov/genomes/all/GCF/020/515/055/GCF_020515055.1_ASM2051505v1,6,573.44657.fna,GCF_020515055.1_ASM2051505v1_genomic.fna,5290307,5290307,573.44657.fna_vs_GCF_020515055.1_ASM2051505v1_genomic.fna_blast.xml,0,0,0,0,0,0,0,0,5290307,0,0,0,0,0,0,573_subject_array_1739689604.bin
253412,573,Kp2-1,573.65176,6,https://ftp.ncbi.nlm.nih.gov/genomes/all/GCF/036/417/615/GCF_036417615.1_ASM3641761v1,6,573.65176.fna,GCF_036417615.1_ASM3641761v1_genomic.fna,5983092,5983092,573.65176.fna_vs_GCF_036417615.1_ASM3641761v1_genomic.fna_blast.xml,0,0,0,0,0,0,0,0,5983092,0,0,0,0,0,0,573_subject_array_1739689609.bin
253449,573,Kp3-8,573.65178,6,https://ftp.ncbi.nlm.nih.gov/genomes/all/GCF/036/417/415/GCF_036417415.1_ASM3641741v1,6,573.65178.fna,GCF_036417415.1_ASM3641741v1_genomic.fna,5915414,5915414,573.65178.fna_vs_GCF_036417415.1_ASM3641741v1_genomic.fna_blast.xml,0,0,0,0,0,0,0,0,5915414,0,0,0,0,0,0,573_subject_array_1739689613.bin
253595,573,KpH249,573.44631,6,https://ftp.ncbi.nlm.nih.gov/genomes/all/GCF/021/229/875/GCF_021229875.1_ASM2122987v1,6,573.44631.fna,GCF_021229875.1_ASM2122987v1_genomic.fna,5813062,5813062,573.44631.fna_vs_GCF_021229875.1_ASM2122987v1_genomic.fna_blast.xml,0,0,0,0,0,0,0,0,5813062,0,0,0,0,0,0,573_subject_array_1739689617.bin
253668,573,KpPF25,573.35099,6,https://ftp.ncbi.nlm.nih.gov/genomes/all/GCF/016/066/025/GCF_016066025.1_ASM1606602v1,6,573.35099.fna,GCF_016066025.1_ASM1606602v1_genomic.fna,5469485,5469485,573.35099.fna_vs_GCF_016066025.1_ASM1606602v1_genomic.fna_blast.xml,0,0,0,0,0,0,0,0,5469485,0,0,0,0,0,0,573_subject_array_1739689621.bin
253693,573,Kp_Goe_121641,573.7360,6,https://ftp.ncbi.nlm.nih.gov/genomes/all/GCF/001/913/175/GCF_001913175.1_ASM191317v1,6,573.7360.fna,GCF_001913175.1_ASM191317v1_genomic.fna,5627728,5627728,573.7360.fna_vs_GCF_001913175.1_ASM191317v1_genomic.fna_blast.xml,0,0,0,0,0,0,0,0,5627727,0,0,1,0,0,0,573_subject_array_1739689625.bin
253694,573,Kp_Goe_149473,573.7352,6,https://ftp.ncbi.nlm.nih.gov/genomes/all/GCF/001/908/595/GCF_001908595.1_ASM190859v1,6,573.7352.fna,GCF_001908595.1_ASM190859v1_genomic.fna,5916317,5916317,573.7352.fna_vs_GCF_001908595.1_ASM190859v1_genomic.fna_blast.xml,0,0,0,0,0,0,0,0,5916317,0,0,0,0,0,0,573_subject_array_1739689629.bin
253695,573,Kp_Goe_149832,573.7358,6,https://ftp.ncbi.nlm.nih.gov/genomes/all/GCF/001/908/875/GCF_001908875.1_ASM190887v1,6,573.7358.fna,GCF_001908875.1_ASM190887v1_genomic.fna,5920288,5920288,573.7358.fna_vs_GCF_001908875.1_ASM190887v1_genomic.fna_blast.xml,0,0,0,0,0,0,0,0,5920288,0,0,0,0,0,0,573_subject_array_1739689633.bin
253696,573,Kp_Goe_152021,573.7355,6,https://ftp.ncbi.nlm.nih.gov/genomes/all/GCF/001/908/675/GCF_001908675.1_ASM190867v1,6,573.7355.fna,GCF_001908675.1_ASM190867v1_genomic.fna,5921376,5921376,573.7355.fna_vs_GCF_001908675.1_ASM190867v1_genomic.fna_blast.xml,0,0,0,0,0,0,0,0,5921376,0,0,0,0,0,0,573_subject_array_1739689637.bin
253703,573,Kp_Goe_827024,573.7353,6,https://ftp.ncbi.nlm.nih.gov/genomes/all/GCF/001/908/625/GCF_001908625.1_ASM190862v1,6,573.7353.fna,GCF_001908625.1_ASM190862v1_genomic.fna,5907691,5907691,573.7353.fna_vs_GCF_001908625.1_ASM190862v1_genomic.fna_blast.xml,0,0,0,0,0,0,1,0,5907690,0,0,0,0,0,0,573_subject_array_1739689641.bin
253704,573,Kp_Goe_827026,573.7354,6,https://ftp.ncbi.nlm.nih.gov/genomes/all/GCF/001/908/655/GCF_001908655.1_ASM190865v1,6,573.7354.fna,GCF_001908655.1_ASM190865v1_genomic.fna,5913496,5913496,573.7354.fna_vs_GCF_001908655.1_ASM190865v1_genomic.fna_blast.xml,0,0,0,0,0,0,0,0,5913496,0,0,0,0,0,0,573_subject_array_1739689645.bin
254038,573,L2388,573.56483,6,https://ftp.ncbi.nlm.nih.gov/genomes/all/GCF/030/262/515/GCF_030262515.1_ASM3026251v1,6,573.56483.fna,GCF_030262515.1_ASM3026251v1_genomic.fna,5614837,5614837,573.56483.fna_vs_GCF_030262515.1_ASM3026251v1_genomic.fna_blast.xml,0,0,0,0,0,0,0,0,5614837,0,0,0,0,0,0,573_subject_array_1739689649.bin
254062,573,L388,573.18070,6,https://ftp.ncbi.nlm.nih.gov/genomes/all/GCF/003/112/125/GCF_003112125.1_ASM311212v1,6,573.18070.fna,GCF_003112125.1_ASM311212v1_genomic.fna,5945388,5945388,573.18070.fna_vs_GCF_003112125.1_ASM311212v1_genomic.fna_blast.xml,0,0,0,0,0,0,0,100,5945288,0,0,0,0,0,0,573_subject_array_1739689654.bin
254065,573,L39_2,573.27210,6,https://ftp.ncbi.nlm.nih.gov/genomes/all/GCF/006/494/895/GCF_006494895.1_ASM649489v1,6,573.27210.fna,GCF_006494895.1_ASM649489v1_genomic.fna,5910465,5910465,573.27210.fna_vs_GCF_006494895.1_ASM649489v1_genomic.fna_blast.xml,0,0,0,0,0,0,0,0,5910465,0,0,0,0,0,0,573_subject_array_1739689658.bin
254076,573,L482,573.27211,6,https://ftp.ncbi.nlm.nih.gov/genomes/all/GCF/006/494/915/GCF_006494915.1_ASM649491v1,6,573.27211.fna,GCF_006494915.1_ASM649491v1_genomic.fna,5864169,5864169,573.27211.fna_vs_GCF_006494915.1_ASM649491v1_genomic.fna_blast.xml,0,0,0,0,0,0,0,0,5864169,0,0,0,0,0,0,573_subject_array_1739689663.bin
254196,573,LH375,573.28581,6,https://ftp.ncbi.nlm.nih.gov/genomes/all/GCF/009/387/915/GCF_009387915.1_ASM938791v1,6,573.28581.fna,GCF_009387915.1_ASM938791v1_genomic.fna,5372573,5372573,573.28581.fna_vs_GCF_009387915.1_ASM938791v1_genomic.fna_blast.xml,0,0,0,0,0,0,0,0,5372573,0,0,0,0,0,0,573_subject_array_1739689667.bin
254326,573,M941,573.34020,6,https://ftp.ncbi.nlm.nih.gov/genomes/all/GCF/014/905/815/GCF_014905815.1_ASM1490581v1,6,573.34020.fna,GCF_014905815.1_ASM1490581v1_genomic.fna,5746759,5746759,573.34020.fna_vs_GCF_014905815.1_ASM1490581v1_genomic.fna_blast.xml,0,0,0,0,0,0,0,0,5746759,0,0,0,0,0,0,573_subject_array_1739689671.bin
254425,573,MGH172,573.9812,6,https://ftp.ncbi.nlm.nih.gov/genomes/all/GCF/002/152/655/GCF_002152655.1_ASM215265v1,6,573.9812.fna,GCF_002152655.1_ASM215265v1_genomic.fna,5706625,5706625,573.9812.fna_vs_GCF_002152655.1_ASM215265v1_genomic.fna_blast.xml,0,0,0,0,0,0,5,116663,5589899,0,8,21,29,0,0,573_subject_array_1739689675.bin
254586,573,MRK9,573.31384,6,https://ftp.ncbi.nlm.nih.gov/genomes/all/GCF/009/937/845/GCF_009937845.1_ASM993784v1,6,573.31384.fna,GCF_009937845.1_ASM993784v1_genomic.fna,5940676,5940676,573.31384.fna_vs_GCF_009937845.1_ASM993784v1_genomic.fna_blast.xml,0,0,0,0,0,0,0,3160,5937492,0,0,3,20,0,1,573_subject_array_1739689679.bin
254939,573,NARST 67024,573.44658,6,https://ftp.ncbi.nlm.nih.gov/genomes/all/GCF/020/515/075/GCF_020515075.1_ASM2051507v1,6,573.44658.fna,GCF_020515075.1_ASM2051507v1_genomic.fna,5846828,5846828,573.44658.fna_vs_GCF_020515075.1_ASM2051507v1_genomic.fna_blast.xml,0,0,0,0,0,0,0,0,5846828,0,0,0,0,0,0,573_subject_array_1739689683.bin
254947,573,NB5306,573.23266,6,https://ftp.ncbi.nlm.nih.gov/genomes/all/GCF/004/006/035/GCF_004006035.1_ASM400603v1,6,573.23266.fna,GCF_004006035.1_ASM400603v1_genomic.fna,5360721,5360721,573.23266.fna_vs_GCF_004006035.1_ASM400603v1_genomic.fna_blast.xml,0,0,0,0,0,0,0,0,5360721,0,0,0,0,0,0,573_subject_array_1739689687.bin
255030,573,NH25,573.17931,6,https://ftp.ncbi.nlm.nih.gov/genomes/all/GCF/003/031/325/GCF_003031325.1_ASM303132v1,6,573.17931.fna,GCF_003031325.1_ASM303132v1_genomic.fna,5947820,5947820,573.17931.fna_vs_GCF_003031325.1_ASM303132v1_genomic.fna_blast.xml,0,0,0,0,0,0,0,0,5947820,0,0,0,0,0,0,573_subject_array_1739689691.bin
255291,573,NR0694,573.53485,6,https://ftp.ncbi.nlm.nih.gov/genomes/all/GCF/027/584/835/GCF_027584835.1_ASM2758483v1,6,573.53485.fna,GCF_027584835.1_ASM2758483v1_genomic.fna,293959,5722891,573.53485.fna_vs_GCF_027584835.1_ASM2758483v1_genomic.fna_blast.xml,0,0,1,5,0,0,24,5395674,321470,0,68,1414,4233,0,2,573_subject_array_1739689692.bin
255298,573,NR1932,573.53472,6,https://ftp.ncbi.nlm.nih.gov/genomes/all/GCF/027/584/435/GCF_027584435.1_ASM2758443v1,6,573.53472.fna,GCF_027584435.1_ASM2758443v1_genomic.fna,5561697,5561697,573.53472.fna_vs_GCF_027584435.1_ASM2758443v1_genomic.fna_blast.xml,0,0,0,0,0,0,0,0,5561697,0,0,0,0,0,0,573_subject_array_1739689696.bin
255303,573,NR3537,573.53470,6,https://ftp.ncbi.nlm.nih.gov/genomes/all/GCF/027/584/385/GCF_027584385.1_ASM2758438v1,6,573.53470.fna,GCF_027584385.1_ASM2758438v1_genomic.fna,5501971,5579633,573.53470.fna_vs_GCF_027584385.1_ASM2758438v1_genomic.fna_blast.xml,0,0,20,0,0,0,9,63584,5507055,0,11,762,8176,0,16,573_subject_array_1739689700.bin
255343,573,NU-CRE047,573.52176,6,https://ftp.ncbi.nlm.nih.gov/genomes/all/GCF/002/812/665/GCF_002812665.1_ASM281266v1,6,573.52176.fna,GCF_002812665.1_ASM281266v1_genomic.fna,6067344,6067344,573.52176.fna_vs_GCF_002812665.1_ASM281266v1_genomic.fna_blast.xml,0,0,0,0,0,0,0,0,6067344,0,0,0,0,0,0,573_subject_array_1739689705.bin
255372,573,Nord9_R85,573.45112,6,https://ftp.ncbi.nlm.nih.gov/genomes/all/GCF/021/899/575/GCF_021899575.1_ASM2189957v1,6,573.45112.fna,GCF_021899575.1_ASM2189957v1_genomic.fna,5933854,5933854,573.45112.fna_vs_GCF_021899575.1_ASM2189957v1_genomic.fna_blast.xml,0,0,0,0,0,0,0,0,5933854,0,0,0,0,0,0,573_subject_array_1739689709.bin
255414,573,Ocean Ranger,573.35060,6,https://ftp.ncbi.nlm.nih.gov/genomes/all/GCF/015/992/425/GCF_015992425.1_ASM1599242v1,6,573.35060.fna,GCF_015992425.1_ASM1599242v1_genomic.fna,5988606,5988606,573.35060.fna_vs_GCF_015992425.1_ASM1599242v1_genomic.fna_blast.xml,0,0,0,0,0,0,0,0,5988606,0,0,0,0,0,0,573_subject_array_1739689713.bin
256105,573,R1701,573.25949,6,https://ftp.ncbi.nlm.nih.gov/genomes/all/GCF/005/239/265/GCF_005239265.1_ASM523926v1,6,573.25949.fna,GCF_005239265.1_ASM523926v1_genomic.fna,5897286,5897286,573.25949.fna_vs_GCF_005239265.1_ASM523926v1_genomic.fna_blast.xml,0,0,0,0,0,0,0,0,5897286,0,0,0,0,0,0,573_subject_array_1739689717.bin
256194,573,RHB30-C05,573.32337,6,https://ftp.ncbi.nlm.nih.gov/genomes/all/GCF/013/826/045/GCF_013826045.1_ASM1382604v1,6,573.32337.fna,GCF_013826045.1_ASM1382604v1_genomic.fna,5696582,5696582,573.32337.fna_vs_GCF_013826045.1_ASM1382604v1_genomic.fna_blast.xml,0,0,0,0,0,0,0,0,5696582,0,0,0,0,0,0,573_subject_array_1739689722.bin
256199,573,RHBSTW-00001,573.32314,6,https://ftp.ncbi.nlm.nih.gov/genomes/all/GCF/013/708/685/GCF_013708685.1_ASM1370868v1,6,573.32314.fna,GCF_013708685.1_ASM1370868v1_genomic.fna,5377681,5377681,573.32314.fna_vs_GCF_013708685.1_ASM1370868v1_genomic.fna_blast.xml,0,0,0,0,0,0,0,0,5377681,0,0,0,0,0,0,573_subject_array_1739689725.bin
256470,573,S234,573.50060,6,https://ftp.ncbi.nlm.nih.gov/genomes/all/GCF/024/584/455/GCF_024584455.1_ASM2458445v1,6,573.50060.fna,GCF_024584455.1_ASM2458445v1_genomic.fna,5894068,5894068,573.50060.fna_vs_GCF_024584455.1_ASM2458445v1_genomic.fna_blast.xml,0,0,0,0,0,0,0,0,5894068,0,0,0,0,0,0,573_subject_array_1739689730.bin
256522,573,SB1067,573.44668,6,https://ftp.ncbi.nlm.nih.gov/genomes/all/GCF/020/525/845/GCF_020525845.1_ASM2052584v1,6,573.44668.fna,GCF_020525845.1_ASM2052584v1_genomic.fna,5510448,5510448,573.44668.fna_vs_GCF_020525845.1_ASM2052584v1_genomic.fna_blast.xml,0,0,0,0,0,0,0,0,5510448,0,0,0,0,0,0,573_subject_array_1739689734.bin
256570,573,SCAID TST1-2021 (15/226),573.44048,6,https://ftp.ncbi.nlm.nih.gov/genomes/all/GCF/019/915/345/GCF_019915345.1_ASM1991534v1,6,573.44048.fna,GCF_019915345.1_ASM1991534v1_genomic.fna,5642663,5642663,573.44048.fna_vs_GCF_019915345.1_ASM1991534v1_genomic.fna_blast.xml,0,0,0,0,0,0,0,0,5642663,0,0,0,0,0,0,573_subject_array_1739689738.bin
256595,573,SCCH87:Kpn2182174,573.55059,6,https://ftp.ncbi.nlm.nih.gov/genomes/all/GCF/029/814/295/GCF_029814295.1_ASM2981429v1,6,573.55059.fna,GCF_029814295.1_ASM2981429v1_genomic.fna,5844175,5844175,573.55059.fna_vs_GCF_029814295.1_ASM2981429v1_genomic.fna_blast.xml,0,0,0,0,0,0,0,494,5843679,0,0,0,2,0,0,573_subject_array_1739689743.bin
256816,573,SH010621x2x10,573.55079,6,https://ftp.ncbi.nlm.nih.gov/genomes/all/GCF/029/846/155/GCF_029846155.1_ASM2984615v1,6,573.55079.fna,GCF_029846155.1_ASM2984615v1_genomic.fna,5644884,5644884,573.55079.fna_vs_GCF_029846155.1_ASM2984615v1_genomic.fna_blast.xml,0,0,0,0,0,0,0,0,5644884,0,0,0,0,0,0,573_subject_array_1739689747.bin
256820,573,SH22PE16,573.55088,6,https://ftp.ncbi.nlm.nih.gov/genomes/all/GCF/029/867/025/GCF_029867025.1_ASM2986702v1,6,573.55088.fna,GCF_029867025.1_ASM2986702v1_genomic.fna,5521607,5521607,573.55088.fna_vs_GCF_029867025.1_ASM2986702v1_genomic.fna_blast.xml,0,0,0,0,0,0,0,0,5521607,0,0,0,0,0,0,573_subject_array_1739689751.bin
256934,573,SKGH01,573.4021,6,https://ftp.ncbi.nlm.nih.gov/genomes/all/GCF/001/644/765/GCF_001644765.1_ASM164476v1,6,573.4021.fna,GCF_001644765.1_ASM164476v1_genomic.fna,6088457,6088457,573.4021.fna_vs_GCF_001644765.1_ASM164476v1_genomic.fna_blast.xml,0,0,0,0,0,0,0,0,6088457,0,0,0,0,0,0,573_subject_array_1739689755.bin
257126,573,ST147,573.52982,6,https://ftp.ncbi.nlm.nih.gov/genomes/all/GCF/947/390/165/GCF_947390165.1_17-8104687_assembly,6,573.52982.fna,GCF_947390165.1_17-8104687_assembly_genomic.fna,5926901,5926901,573.52982.fna_vs_GCF_947390165.1_17-8104687_assembly_genomic.fna_blast.xml,0,0,0,0,0,0,0,0,5926901,0,0,0,0,0,0,573_subject_array_1739689759.bin
257128,573,ST15,573.52987,6,https://ftp.ncbi.nlm.nih.gov/genomes/all/GCF/947/390/215/GCF_947390215.1_17-8104592_assembly,6,573.52987.fna,GCF_947390215.1_17-8104592_assembly_genomic.fna,5929496,5929496,573.52987.fna_vs_GCF_947390215.1_17-8104592_assembly_genomic.fna_blast.xml,0,0,0,0,0,0,0,0,5929496,0,0,0,0,0,0,573_subject_array_1739689763.bin
257129,573,ST16,573.52989,6,https://ftp.ncbi.nlm.nih.gov/genomes/all/GCF/947/390/345/GCF_947390345.1_17-8104601_assembly,6,573.52989.fna,GCF_947390345.1_17-8104601_assembly_genomic.fna,5575877,5575877,573.52989.fna_vs_GCF_947390345.1_17-8104601_assembly_genomic.fna_blast.xml,0,0,0,0,0,0,0,0,5575877,0,0,0,0,0,0,573_subject_array_1739689767.bin
257159,573,STIN_90,573.45227,6,https://ftp.ncbi.nlm.nih.gov/genomes/all/GCF/022/353/705/GCF_022353705.1_ASM2235370v1,6,573.45227.fna,GCF_022353705.1_ASM2235370v1_genomic.fna,5867209,5867209,573.45227.fna_vs_GCF_022353705.1_ASM2235370v1_genomic.fna_blast.xml,0,0,0,0,0,0,0,0,5867209,0,0,0,0,0,0,573_subject_array_1739689771.bin
257166,573,STLIN_19,573.45873,6,https://ftp.ncbi.nlm.nih.gov/genomes/all/GCF/022/494/375/GCF_022494375.1_ASM2249437v1,6,573.45873.fna,GCF_022494375.1_ASM2249437v1_genomic.fna,5661685,5661685,573.45873.fna_vs_GCF_022494375.1_ASM2249437v1_genomic.fna_blast.xml,0,0,0,0,0,0,0,0,5661685,0,0,0,0,0,0,573_subject_array_1739689775.bin
257232,573,SYCC2,573.52904,6,https://ftp.ncbi.nlm.nih.gov/genomes/all/GCF/026/626/105/GCF_026626105.1_ASM2662610v1,6,573.52904.fna,GCF_026626105.1_ASM2662610v1_genomic.fna,5836871,5836871,573.52904.fna_vs_GCF_026626105.1_ASM2662610v1_genomic.fna_blast.xml,0,0,0,0,0,0,0,0,5836870,0,0,0,1,0,0,573_subject_array_1739689779.bin
257235,573,SZP4-9-2,573.37782,6,https://ftp.ncbi.nlm.nih.gov/genomes/all/GCF/018/449/045/GCF_018449045.1_ASM1844904v1,6,573.37782.fna,GCF_018449045.1_ASM1844904v1_genomic.fna,5907503,5907503,573.37782.fna_vs_GCF_018449045.1_ASM1844904v1_genomic.fna_blast.xml,0,0,0,0,0,0,0,0,5907503,0,0,0,0,0,0,573_subject_array_1739689783.bin
257304,573,THO-004,573.34031,6,https://ftp.ncbi.nlm.nih.gov/genomes/all/GCF/015/138/775/GCF_015138775.1_ASM1513877v1,6,573.34031.fna,GCF_015138775.1_ASM1513877v1_genomic.fna,5455881,5455881,573.34031.fna_vs_GCF_015138775.1_ASM1513877v1_genomic.fna_blast.xml,0,0,0,0,0,0,0,0,5455881,0,0,0,0,0,0,573_subject_array_1739689787.bin
257623,573,UCI110,573.9831,6,https://ftp.ncbi.nlm.nih.gov/genomes/all/GCF/002/153/255/GCF_002153255.1_ASM215325v1,6,573.9831.fna,GCF_002153255.1_ASM215325v1_genomic.fna,5626979,5626979,573.9831.fna_vs_GCF_002153255.1_ASM215325v1_genomic.fna_blast.xml,0,0,0,0,0,0,0,126578,5500394,0,0,0,7,0,0,573_subject_array_1739689791.bin
257793,573,VA126,573.55275,6,https://ftp.ncbi.nlm.nih.gov/genomes/all/GCF/030/061/795/GCF_030061795.1_ASM3006179v1,6,573.55275.fna,GCF_030061795.1_ASM3006179v1_genomic.fna,5757426,5757426,573.55275.fna_vs_GCF_030061795.1_ASM3006179v1_genomic.fna_blast.xml,0,0,0,0,0,0,0,0,5757425,0,0,1,0,0,0,573_subject_array_1739689795.bin
257795,573,VA32,573.55273,6,https://ftp.ncbi.nlm.nih.gov/genomes/all/GCF/030/061/815/GCF_030061815.1_ASM3006181v1,6,573.55273.fna,GCF_030061815.1_ASM3006181v1_genomic.fna,5730122,5730122,573.55273.fna_vs_GCF_030061815.1_ASM3006181v1_genomic.fna_blast.xml,0,0,0,0,0,0,0,0,5730121,0,0,1,0,0,0,573_subject_array_1739689799.bin
257800,573,VA681,573.55269,6,https://ftp.ncbi.nlm.nih.gov/genomes/all/GCF/030/061/665/GCF_030061665.1_ASM3006166v1,6,573.55269.fna,GCF_030061665.1_ASM3006166v1_genomic.fna,5554568,5554568,573.55269.fna_vs_GCF_030061665.1_ASM3006166v1_genomic.fna_blast.xml,0,0,0,0,0,0,0,0,5554566,0,1,1,0,0,0,573_subject_array_1739689803.bin
258165,573,WCHKP020030,573.18146,6,https://ftp.ncbi.nlm.nih.gov/genomes/all/GCF/003/038/215/GCF_003038215.3_ASM303821v3,6,573.18146.fna,GCF_003038215.3_ASM303821v3_genomic.fna,5909803,5909803,573.18146.fna_vs_GCF_003038215.3_ASM303821v3_genomic.fna_blast.xml,0,0,0,0,0,0,1,0,5904197,0,1,8,5595,0,1,573_subject_array_1739689807.bin
258275,573,WCHKP115068,573.25794,6,https://ftp.ncbi.nlm.nih.gov/genomes/all/GCF/004/322/795/GCF_004322795.1_ASM432279v1,6,573.25794.fna,GCF_004322795.1_ASM432279v1_genomic.fna,5667576,5667576,573.25794.fna_vs_GCF_004322795.1_ASM432279v1_genomic.fna_blast.xml,0,0,0,0,0,0,0,0,5667576,0,0,0,0,0,0,573_subject_array_1739689811.bin
258332,573,WKB04,573.50157,6,https://ftp.ncbi.nlm.nih.gov/genomes/all/GCF/024/705/635/GCF_024705635.1_ASM2470563v1,6,573.50157.fna,GCF_024705635.1_ASM2470563v1_genomic.fna,5761774,5761774,573.50157.fna_vs_GCF_024705635.1_ASM2470563v1_genomic.fna_blast.xml,0,0,0,0,0,0,0,0,5761774,0,0,0,0,0,0,573_subject_array_1739689815.bin
258340,573,WSCRKP,573.45172,6,https://ftp.ncbi.nlm.nih.gov/genomes/all/GCF/021/560/095/GCF_021560095.1_ASM2156009v1,6,573.45172.fna,GCF_021560095.1_ASM2156009v1_genomic.fna,5893149,5893149,573.45172.fna_vs_GCF_021560095.1_ASM2156009v1_genomic.fna_blast.xml,0,0,0,0,0,0,0,0,5893149,0,0,0,0,0,0,573_subject_array_1739689820.bin
258438,573,WYKP589,573.55256,6,https://ftp.ncbi.nlm.nih.gov/genomes/all/GCF/030/035/485/GCF_030035485.1_ASM3003548v1,6,573.55256.fna,GCF_030035485.1_ASM3003548v1_genomic.fna,5895536,5895536,573.55256.fna_vs_GCF_030035485.1_ASM3003548v1_genomic.fna_blast.xml,0,0,0,0,0,0,1,0,5895535,0,0,0,0,0,0,573_subject_array_1739689824.bin
258439,573,WYKP594,573.55258,6,https://ftp.ncbi.nlm.nih.gov/genomes/all/GCF/030/035/505/GCF_030035505.1_ASM3003550v1,6,573.55258.fna,GCF_030035505.1_ASM3003550v1_genomic.fna,5897553,5897553,573.55258.fna_vs_GCF_030035505.1_ASM3003550v1_genomic.fna_blast.xml,0,0,0,0,0,0,0,0,5897553,0,0,0,0,0,0,573_subject_array_1739689828.bin
258488,573,X-CRHVKP-130,573.54333,6,https://ftp.ncbi.nlm.nih.gov/genomes/all/GCF/029/167/725/GCF_029167725.1_ASM2916772v1,6,573.54333.fna,GCF_029167725.1_ASM2916772v1_genomic.fna,5847666,5847666,573.54333.fna_vs_GCF_029167725.1_ASM2916772v1_genomic.fna_blast.xml,0,0,0,0,0,0,0,0,5847666,0,0,0,0,0,0,573_subject_array_1739689832.bin
258525,573,XHKP502,573.49557,6,https://ftp.ncbi.nlm.nih.gov/genomes/all/GCF/024/346/815/GCF_024346815.1_ASM2434681v1,6,573.49557.fna,GCF_024346815.1_ASM2434681v1_genomic.fna,5887904,5887904,573.49557.fna_vs_GCF_024346815.1_ASM2434681v1_genomic.fna_blast.xml,0,0,0,0,0,0,0,0,5887904,0,0,0,0,0,0,573_subject_array_1739689837.bin
258566,573,X_57,573.52828,6,https://ftp.ncbi.nlm.nih.gov/genomes/all/GCF/026/615/355/GCF_026615355.1_ASM2661535v1,6,573.52828.fna,GCF_026615355.1_ASM2661535v1_genomic.fna,5849105,5849105,573.52828.fna_vs_GCF_026615355.1_ASM2661535v1_genomic.fna_blast.xml,0,0,0,0,0,0,0,0,5849105,0,0,0,0,0,0,573_subject_array_1739689841.bin
258623,573,YTF44-1,573.37783,6,https://ftp.ncbi.nlm.nih.gov/genomes/all/GCF/018/449/065/GCF_018449065.1_ASM1844906v1,6,573.37783.fna,GCF_018449065.1_ASM1844906v1_genomic.fna,5729997,5729997,573.37783.fna_vs_GCF_018449065.1_ASM1844906v1_genomic.fna_blast.xml,0,0,0,0,0,0,0,0,5729997,0,0,0,0,0,0,573_subject_array_1739689845.bin
258635,573,YZ22PK089,573.56486,6,https://ftp.ncbi.nlm.nih.gov/genomes/all/GCF/030/271/995/GCF_030271995.1_ASM3027199v1,6,573.56486.fna,GCF_030271995.1_ASM3027199v1_genomic.fna,5512388,5512388,573.56486.fna_vs_GCF_030271995.1_ASM3027199v1_genomic.fna_blast.xml,0,0,0,0,0,0,0,0,5512388,0,0,0,0,0,0,573_subject_array_1739689849.bin
258637,573,YZE1-3D,573.57102,6,https://ftp.ncbi.nlm.nih.gov/genomes/all/GCF/030/412/885/GCF_030412885.1_ASM3041288v1,6,573.57102.fna,GCF_030412885.1_ASM3041288v1_genomic.fna,5734026,5734026,573.57102.fna_vs_GCF_030412885.1_ASM3041288v1_genomic.fna_blast.xml,0,0,0,0,0,0,0,0,5734026,0,0,0,0,0,0,573_subject_array_1739689853.bin
258638,573,YZEF2-2C,573.56983,6,https://ftp.ncbi.nlm.nih.gov/genomes/all/GCF/030/369/655/GCF_030369655.1_ASM3036965v1,6,573.56983.fna,GCF_030369655.1_ASM3036965v1_genomic.fna,5735832,5735832,573.56983.fna_vs_GCF_030369655.1_ASM3036965v1_genomic.fna_blast.xml,0,0,0,0,0,0,0,0,5735832,0,0,0,0,0,0,573_subject_array_1739689857.bin
258649,573,Z0117KP0003,573.49018,6,https://ftp.ncbi.nlm.nih.gov/genomes/all/GCF/023/657/875/GCF_023657875.1_ASM2365787v1,6,573.49018.fna,GCF_023657875.1_ASM2365787v1_genomic.fna,5851380,5851380,573.49018.fna_vs_GCF_023657875.1_ASM2365787v1_genomic.fna_blast.xml,0,0,0,0,0,0,0,0,5851380,0,0,0,0,0,0,573_subject_array_1739689861.bin
258653,573,Z0117KP0007,573.49075,6,https://ftp.ncbi.nlm.nih.gov/genomes/all/GCF/023/667/965/GCF_023667965.1_ASM2366796v1,6,573.49075.fna,GCF_023667965.1_ASM2366796v1_genomic.fna,5560386,5560386,573.49075.fna_vs_GCF_023667965.1_ASM2366796v1_genomic.fna_blast.xml,0,0,0,0,0,0,0,0,5560385,0,1,0,0,0,0,573_subject_array_1739689865.bin
258835,573,ZRKP01,573.34071,6,https://ftp.ncbi.nlm.nih.gov/genomes/all/GCF/015/239/295/GCF_015239295.1_ASM1523929v1,6,573.34071.fna,GCF_015239295.1_ASM1523929v1_genomic.fna,5892312,5892312,573.34071.fna_vs_GCF_015239295.1_ASM1523929v1_genomic.fna_blast.xml,0,0,0,0,0,0,0,0,5892312,0,0,0,0,0,0,573_subject_array_1739689870.bin
258836,573,ZRKP02,573.34073,6,https://ftp.ncbi.nlm.nih.gov/genomes/all/GCF/015/239/135/GCF_015239135.1_ASM1523913v1,6,573.34073.fna,GCF_015239135.1_ASM1523913v1_genomic.fna,5877289,5877289,573.34073.fna_vs_GCF_015239135.1_ASM1523913v1_genomic.fna_blast.xml,0,0,0,0,0,0,0,0,5877289,0,0,0,0,0,0,573_subject_array_1739689874.bin
258837,573,ZRKP03,573.34072,6,https://ftp.ncbi.nlm.nih.gov/genomes/all/GCF/015/238/895/GCF_015238895.1_ASM1523889v1,6,573.34072.fna,GCF_015238895.1_ASM1523889v1_genomic.fna,5857642,5857642,573.34072.fna_vs_GCF_015238895.1_ASM1523889v1_genomic.fna_blast.xml,0,0,0,0,0,0,0,0,5857642,0,0,0,0,0,0,573_subject_array_1739689879.bin
258838,573,ZRKP04,573.34074,6,https://ftp.ncbi.nlm.nih.gov/genomes/all/GCF/015/238/655/GCF_015238655.1_ASM1523865v1,6,573.34074.fna,GCF_015238655.1_ASM1523865v1_genomic.fna,5887750,5887750,573.34074.fna_vs_GCF_015238655.1_ASM1523865v1_genomic.fna_blast.xml,0,0,0,0,0,0,0,0,5887750,0,0,0,0,0,0,573_subject_array_1739689883.bin
258851,573,ZRYYKP3A,573.29379,6,https://ftp.ncbi.nlm.nih.gov/genomes/all/GCF/009/797/785/GCF_009797785.1_ASM979778v1,6,573.29379.fna,GCF_009797785.1_ASM979778v1_genomic.fna,5988898,5988898,573.29379.fna_vs_GCF_009797785.1_ASM979778v1_genomic.fna_blast.xml,0,0,0,0,0,0,0,0,5988898,0,0,0,0,0,0,573_subject_array_1739689888.bin
258855,573,ZRYYKP7A,573.29377,6,https://ftp.ncbi.nlm.nih.gov/genomes/all/GCF/009/797/725/GCF_009797725.1_ASM979772v1,6,573.29377.fna,GCF_009797725.1_ASM979772v1_genomic.fna,5944534,5944534,573.29377.fna_vs_GCF_009797725.1_ASM979772v1_genomic.fna_blast.xml,0,0,0,0,0,0,0,0,5944534,0,0,0,0,0,0,573_subject_array_1739689892.bin
258876,573,Zam_UTH_37,573.35508,6,https://ftp.ncbi.nlm.nih.gov/genomes/all/GCF/016/587/075/GCF_016587075.1_ASM1658707v1,6,573.35508.fna,GCF_016587075.1_ASM1658707v1_genomic.fna,5429090,5429090,573.35508.fna_vs_GCF_016587075.1_ASM1658707v1_genomic.fna_blast.xml,0,0,0,0,0,0,0,0,5429090,0,0,0,0,0,0,573_subject_array_1739689896.bin
258886,573,bat15,573.45868,6,https://ftp.ncbi.nlm.nih.gov/genomes/all/GCF/022/492/895/GCF_022492895.1_ASM2249289v1,6,573.45868.fna,GCF_022492895.1_ASM2249289v1_genomic.fna,5847041,5847041,573.45868.fna_vs_GCF_022492895.1_ASM2249289v1_genomic.fna_blast.xml,0,0,0,0,0,0,0,0,5847041,0,0,0,0,0,0,573_subject_array_1739689900.bin
258887,573,bat16,573.45865,6,https://ftp.ncbi.nlm.nih.gov/genomes/all/GCF/022/492/875/GCF_022492875.1_ASM2249287v1,6,573.45865.fna,GCF_022492875.1_ASM2249287v1_genomic.fna,5861552,5861552,573.45865.fna_vs_GCF_022492875.1_ASM2249287v1_genomic.fna_blast.xml,0,0,0,0,0,0,0,0,5861552,0,0,0,0,0,0,573_subject_array_1739689904.bin
258888,573,bat17,573.45866,6,https://ftp.ncbi.nlm.nih.gov/genomes/all/GCF/022/492/855/GCF_022492855.1_ASM2249285v1,6,573.45866.fna,GCF_022492855.1_ASM2249285v1_genomic.fna,5846862,5846862,573.45866.fna_vs_GCF_022492855.1_ASM2249285v1_genomic.fna_blast.xml,0,0,0,0,0,0,0,0,5846862,0,0,0,0,0,0,573_subject_array_1739689909.bin
259023,573,hvKP319,573.49887,6,https://ftp.ncbi.nlm.nih.gov/genomes/all/GCF/024/496/145/GCF_024496145.1_ASM2449614v1,6,573.49887.fna,GCF_024496145.1_ASM2449614v1_genomic.fna,5987907,5987907,573.49887.fna_vs_GCF_024496145.1_ASM2449614v1_genomic.fna_blast.xml,0,0,0,0,0,0,0,0,5987907,0,0,0,0,0,0,573_subject_array_1739689913.bin
259024,573,hvKP323,573.49885,6,https://ftp.ncbi.nlm.nih.gov/genomes/all/GCF/024/496/125/GCF_024496125.1_ASM2449612v1,6,573.49885.fna,GCF_024496125.1_ASM2449612v1_genomic.fna,5875851,5875851,573.49885.fna_vs_GCF_024496125.1_ASM2449612v1_genomic.fna_blast.xml,0,0,0,0,0,0,0,0,5875851,0,0,0,0,0,0,573_subject_array_1739689917.bin
259027,573,hvKP841,573.49889,6,https://ftp.ncbi.nlm.nih.gov/genomes/all/GCF/024/496/185/GCF_024496185.1_ASM2449618v1,6,573.49889.fna,GCF_024496185.1_ASM2449618v1_genomic.fna,5864440,5864440,573.49889.fna_vs_GCF_024496185.1_ASM2449618v1_genomic.fna_blast.xml,0,0,0,0,0,0,0,0,5864440,0,0,0,0,0,0,573_subject_array_1739689922.bin
259028,573,hvKP859,573.49888,6,https://ftp.ncbi.nlm.nih.gov/genomes/all/GCF/024/496/205/GCF_024496205.1_ASM2449620v1,6,573.49888.fna,GCF_024496205.1_ASM2449620v1_genomic.fna,5756932,5756932,573.49888.fna_vs_GCF_024496205.1_ASM2449620v1_genomic.fna_blast.xml,0,0,0,0,0,0,0,0,5756932,0,0,0,0,0,0,573_subject_array_1739689926.bin
259036,573,isolateK,573.62384,6,https://ftp.ncbi.nlm.nih.gov/genomes/all/GCF/032/343/715/GCF_032343715.1_ASM3234371v1,6,573.62384.fna,GCF_032343715.1_ASM3234371v1_genomic.fna,5682215,5682215,573.62384.fna_vs_GCF_032343715.1_ASM3234371v1_genomic.fna_blast.xml,0,0,0,0,0,0,0,0,5682215,0,0,0,0,0,0,573_subject_array_1739689930.bin
259395,573,kp5152,573.44816,6,https://ftp.ncbi.nlm.nih.gov/genomes/all/GCF/021/442/065/GCF_021442065.1_ASM2144206v1,6,573.44816.fna,GCF_021442065.1_ASM2144206v1_genomic.fna,5887462,5887462,573.44816.fna_vs_GCF_021442065.1_ASM2144206v1_genomic.fna_blast.xml,0,0,0,0,0,0,0,0,5887462,0,0,0,0,0,0,573_subject_array_1739689934.bin
259605,575,FDAARGOS_428,575.14,6,https://ftp.ncbi.nlm.nih.gov/genomes/all/GCF/002/588/355/GCF_002588355.1_ASM258835v1,6,575.14.fna,GCF_002588355.1_ASM258835v1_genomic.fna,5921050,5921050,575.14.fna_vs_GCF_002588355.1_ASM258835v1_genomic.fna_blast.xml,0,0,0,0,0,0,0,0,5921050,0,0,0,0,0,0,575_subject_array_1739689938.bin
259680,576456,N1,576456.3,6,https://ftp.ncbi.nlm.nih.gov/genomes/all/GCF/004/124/335/GCF_004124335.1_ASM412433v1,6,576456.3.fna,GCF_004124335.1_ASM412433v1_genomic.fna,7207104,7207104,576456.3.fna_vs_GCF_004124335.1_ASM412433v1_genomic.fna_blast.xml,0,0,0,0,0,0,0,0,7207104,0,0,0,0,0,0,576456_subject_array_1739689944.bin
259824,57706,JX21CE32,57706.305,6,https://ftp.ncbi.nlm.nih.gov/genomes/all/GCF/037/477/975/GCF_037477975.1_ASM3747797v1,6,57706.305.fna,GCF_037477975.1_ASM3747797v1_genomic.fna,5133040,5133040,57706.305.fna_vs_GCF_037477975.1_ASM3747797v1_genomic.fna_blast.xml,0,0,0,0,0,0,0,0,5133040,0,0,0,0,0,0,57706_subject_array_1739689947.bin
259883,57706,THB2,57706.233,6,https://ftp.ncbi.nlm.nih.gov/genomes/all/GCF/030/166/475/GCF_030166475.1_ASM3016647v1,6,57706.233.fna,GCF_030166475.1_ASM3016647v1_genomic.fna,5005181,5005181,57706.233.fna_vs_GCF_030166475.1_ASM3016647v1_genomic.fna_blast.xml,0,0,0,0,0,0,0,0,5005181,0,0,0,0,0,0,57706_subject_array_1739689951.bin
260636,582,NCTC232,582.173,6,https://ftp.ncbi.nlm.nih.gov/genomes/all/GCF/900/453/135/GCF_900453135.1_52313_D01,6,582.173.fna,GCF_900453135.1_52313_D01_genomic.fna,3854715,3854715,582.173.fna_vs_GCF_900453135.1_52313_D01_genomic.fna_blast.xml,0,0,0,0,0,0,0,0,3854715,0,0,0,0,0,0,582_subject_array_1739689954.bin
260737,582692,2941sda1,582692.6,6,https://ftp.ncbi.nlm.nih.gov/genomes/all/GCF/024/159/105/GCF_024159105.1_ASM2415910v1,6,582692.6.fna,GCF_024159105.1_ASM2415910v1_genomic.fna,6929459,6929459,582692.6.fna_vs_GCF_024159105.1_ASM2415910v1_genomic.fna_blast.xml,0,0,0,0,0,0,0,0,6929459,0,0,0,0,0,0,582692_subject_array_1739689958.bin
260783,58343,W1I15,58343.16,6,https://ftp.ncbi.nlm.nih.gov/genomes/all/GCF/030/818/105/GCF_030818105.1_ASM3081810v1,6,58343.16.fna,GCF_030818105.1_ASM3081810v1_genomic.fna,10050426,10050426,58343.16.fna_vs_GCF_030818105.1_ASM3081810v1_genomic.fna_blast.xml,0,0,0,0,0,0,0,0,10050426,0,0,0,0,0,0,58343_subject_array_1739689965.bin
260906,584,258-1e,584.2451,6,https://ftp.ncbi.nlm.nih.gov/genomes/all/GCF/028/463/455/GCF_028463455.1_ASM2846345v1,6,584.2451.fna,GCF_028463455.1_ASM2846345v1_genomic.fna,626444,3956730,584.2451.fna_vs_GCF_028463455.1_ASM2846345v1_genomic.fna_blast.xml,0,0,5,6,0,0,81,3279747,658896,0,131,2537,15312,0,15,584_subject_array_1739689966.bin
260911,584,259-3c,584.2443,6,https://ftp.ncbi.nlm.nih.gov/genomes/all/GCF/028/463/325/GCF_028463325.1_ASM2846332v1,6,584.2443.fna,GCF_028463325.1_ASM2846332v1_genomic.fna,3948737,3956079,584.2443.fna_vs_GCF_028463325.1_ASM2846332v1_genomic.fna_blast.xml,0,0,0,0,0,0,0,5702,3949557,0,0,0,820,0,0,584_subject_array_1739689969.bin
260988,584,AR379,584.300,6,https://ftp.ncbi.nlm.nih.gov/genomes/all/GCF/003/073/935/GCF_003073935.1_ASM307393v1,6,584.300.fna,GCF_003073935.1_ASM307393v1_genomic.fna,4238045,4238045,584.300.fna_vs_GCF_003073935.1_ASM307393v1_genomic.fna_blast.xml,0,0,0,0,0,0,0,0,4238045,0,0,0,0,0,0,584_subject_array_1739689971.bin
261533,584,PM53415,584.1607,6,https://ftp.ncbi.nlm.nih.gov/genomes/all/GCF/017/114/525/GCF_017114525.1_ASM1711452v1,6,584.1607.fna,GCF_017114525.1_ASM1711452v1_genomic.fna,4449693,4449693,584.1607.fna_vs_GCF_017114525.1_ASM1711452v1_genomic.fna_blast.xml,0,0,0,0,0,0,0,0,4449693,0,0,0,0,0,0,584_subject_array_1739689974.bin
261590,584,PmSE_190687,584.2381,6,https://ftp.ncbi.nlm.nih.gov/genomes/all/GCF/027/270/465/GCF_027270465.1_ASM2727046v1,6,584.2381.fna,GCF_027270465.1_ASM2727046v1_genomic.fna,4168520,4168520,584.2381.fna_vs_GCF_027270465.1_ASM2727046v1_genomic.fna_blast.xml,0,0,0,0,0,0,0,0,4168520,0,0,0,0,0,0,584_subject_array_1739689977.bin
261772,585,KCTC 2579,585.33,6,https://ftp.ncbi.nlm.nih.gov/genomes/all/GCF/002/894/405/GCF_002894405.1_ASM289440v1,6,585.33.fna,GCF_002894405.1_ASM289440v1_genomic.fna,3639158,3639158,585.33.fna_vs_GCF_002894405.1_ASM289440v1_genomic.fna_blast.xml,0,0,0,0,0,0,0,0,3639158,0,0,0,0,0,0,585_subject_array_1739689979.bin
261829,585396,11128,585396.4,6,https://ftp.ncbi.nlm.nih.gov/genomes/all/GCF/000/010/765/GCF_000010765.1_ASM1076v1,6,585396.4.fna,GCF_000010765.1_ASM1076v1_genomic.fna,5766081,5766081,585396.4.fna_vs_GCF_000010765.1_ASM1076v1_genomic.fna_blast.xml,0,0,0,0,0,0,0,0,5766081,0,0,0,0,0,0,585396_subject_array_1739689983.bin
262005,587,KZN406,587.663,6,https://ftp.ncbi.nlm.nih.gov/genomes/all/GCF/037/447/815/GCF_037447815.1_ASM3744781v1,6,587.663.fna,GCF_037447815.1_ASM3744781v1_genomic.fna,4393133,4393133,587.663.fna_vs_GCF_037447815.1_ASM3744781v1_genomic.fna_blast.xml,0,0,0,0,0,0,0,0,4393133,0,0,0,0,0,0,587_subject_array_1739689986.bin
262381,588,CAVP490,588.277,6,https://ftp.ncbi.nlm.nih.gov/genomes/all/GCF/029/277/985/GCF_029277985.1_ASM2927798v1,6,588.277.fna,GCF_029277985.1_ASM2927798v1_genomic.fna,4622190,4622190,588.277.fna_vs_GCF_029277985.1_ASM2927798v1_genomic.fna_blast.xml,0,0,0,0,0,0,0,0,4622190,0,0,0,0,0,0,588_subject_array_1739689989.bin
262382,588,CAVP496,588.275,6,https://ftp.ncbi.nlm.nih.gov/genomes/all/GCF/029/277/825/GCF_029277825.1_ASM2927782v1,6,588.275.fna,GCF_029277825.1_ASM2927782v1_genomic.fna,4653186,4653186,588.275.fna_vs_GCF_029277825.1_ASM2927782v1_genomic.fna_blast.xml,0,0,0,0,0,0,0,0,4653186,0,0,0,0,0,0,588_subject_array_1739689992.bin
262505,591020,2002017,591020.3,6,https://ftp.ncbi.nlm.nih.gov/genomes/all/GCF/000/022/245/GCF_000022245.1_ASM2224v1,6,591020.3.fna,GCF_000022245.1_ASM2224v1_genomic.fna,4894492,4894492,591020.3.fna_vs_GCF_000022245.1_ASM2224v1_genomic.fna_blast.xml,0,0,0,0,0,0,0,0,4894492,0,0,0,0,0,0,591020_subject_array_1739689999.bin
262583,59201,3018683606,59201.3269,6,https://ftp.ncbi.nlm.nih.gov/genomes/all/GCF/022/760/155/GCF_022760155.1_ASM2276015v1,6,59201.3269.fna,GCF_022760155.1_ASM2276015v1_genomic.fna,5149873,5149873,59201.3269.fna_vs_GCF_022760155.1_ASM2276015v1_genomic.fna_blast.xml,0,0,0,0,0,0,0,0,5149873,0,0,0,0,0,0,59201_subject_array_1739690002.bin
262660,59201,C7,59201.3844,6,https://ftp.ncbi.nlm.nih.gov/genomes/all/GCF/031/036/455/GCF_031036455.1_ASM3103645v1,6,59201.3844.fna,GCF_031036455.1_ASM3103645v1_genomic.fna,4966750,4966750,59201.3844.fna_vs_GCF_031036455.1_ASM3103645v1_genomic.fna_blast.xml,0,0,0,0,0,0,0,0,4966750,0,0,0,0,0,0,59201_subject_array_1739690006.bin
262961,59201,SA972816,59201.251,6,https://ftp.ncbi.nlm.nih.gov/genomes/all/GCF/001/700/595/GCF_001700595.1_ASM170059v1,6,59201.251.fna,GCF_001700595.1_ASM170059v1_genomic.fna,5085029,5085029,59201.251.fna_vs_GCF_001700595.1_ASM170059v1_genomic.fna_blast.xml,0,0,0,0,0,0,0,0,5085027,0,1,1,0,0,0,59201_subject_array_1739690009.bin
263067,592316,At-9b,592316.4,6,https://ftp.ncbi.nlm.nih.gov/genomes/all/GCF/000/175/935/GCF_000175935.2_ASM17593v2,6,592316.4.fna,GCF_000175935.2_ASM17593v2_genomic.fna,6312783,6312783,592316.4.fna_vs_GCF_000175935.2_ASM17593v2_genomic.fna_blast.xml,0,0,0,0,0,0,0,0,6312783,0,0,0,0,0,0,592316_subject_array_1739690013.bin
263271,595,AR-0410,595.383,6,https://ftp.ncbi.nlm.nih.gov/genomes/all/GCF/008/973/565/GCF_008973565.1_ASM897356v1,6,595.383.fna,GCF_008973565.1_ASM897356v1_genomic.fna,5044591,5044591,595.383.fna_vs_GCF_008973565.1_ASM897356v1_genomic.fna_blast.xml,0,0,0,0,0,0,0,0,5044591,0,0,0,0,0,0,595_subject_array_1739690017.bin
263536,595671,DSM 24782,595671.3,6,https://ftp.ncbi.nlm.nih.gov/genomes/all/GCF/004/364/555/GCF_004364555.1_ASM436455v1,6,595671.3.fna,GCF_004364555.1_ASM436455v1_genomic.fna,3709865,3709865,595671.3.fna_vs_GCF_004364555.1_ASM436455v1_genomic.fna_blast.xml,0,0,0,0,0,0,0,0,3709865,0,0,0,0,0,0,595671_subject_array_1739690019.bin
263827,600,08CEB5805SAL,600.100,6,https://ftp.ncbi.nlm.nih.gov/genomes/all/GCF/943/066/465/GCF_943066465.1_08CEB5805SAL,6,600.100.fna,GCF_943066465.1_08CEB5805SAL_genomic.fna,4780346,4780346,600.100.fna_vs_GCF_943066465.1_08CEB5805SAL_genomic.fna_blast.xml,0,0,0,0,0,0,0,0,4780346,0,0,0,0,0,0,600_subject_array_1739690022.bin
263987,60520,CK401,60520.29,6,https://ftp.ncbi.nlm.nih.gov/genomes/all/GCF/013/113/675/GCF_013113675.1_ASM1311367v1,6,60520.29.fna,GCF_013113675.1_ASM1311367v1_genomic.fna,3289751,3289751,60520.29.fna_vs_GCF_013113675.1_ASM1311367v1_genomic.fna_blast.xml,0,0,0,0,0,0,0,0,3289751,0,0,0,0,0,0,60520_subject_array_1739690025.bin
263991,60520,KCCM 11826P,60520.64,6,https://ftp.ncbi.nlm.nih.gov/genomes/all/GCF/021/869/545/GCF_021869545.1_ASM2186954v1,6,60520.64.fna,GCF_021869545.1_ASM2186954v1_genomic.fna,3302590,3302590,60520.64.fna_vs_GCF_021869545.1_ASM2186954v1_genomic.fna_blast.xml,0,0,0,0,0,0,0,0,3302590,0,0,0,0,0,0,60520_subject_array_1739690027.bin
264175,60890,P128,60890.9,6,https://ftp.ncbi.nlm.nih.gov/genomes/all/GCF/002/381/365/GCF_002381365.1_ASM238136v1,6,60890.9.fna,GCF_002381365.1_ASM238136v1_genomic.fna,4349350,4349350,60890.9.fna_vs_GCF_002381365.1_ASM238136v1_genomic.fna_blast.xml,0,0,0,0,0,0,0,0,4349350,0,0,0,0,0,0,60890_subject_array_1739690030.bin
264288,611,02EB10828SAL,611.699,6,https://ftp.ncbi.nlm.nih.gov/genomes/all/GCF/943/066/375/GCF_943066375.1_02EB10828SAL,6,611.699.fna,GCF_943066375.1_02EB10828SAL_genomic.fna,4756383,4756383,611.699.fna_vs_GCF_943066375.1_02EB10828SAL_genomic.fna_blast.xml,0,0,0,0,0,0,0,0,4756383,0,0,0,0,0,0,611_subject_array_1739690033.bin
264294,611,12-4374,611.65,6,https://ftp.ncbi.nlm.nih.gov/genomes/all/GCF/001/441/225/GCF_001441225.1_ASM144122v1,6,611.65.fna,GCF_001441225.1_ASM144122v1_genomic.fna,4992458,4992458,611.65.fna_vs_GCF_001441225.1_ASM144122v1_genomic.fna_blast.xml,0,0,0,0,0,0,0,0,4992458,0,0,0,0,0,0,611_subject_array_1739690037.bin
264532,611301,DAR73889,611301.296,6,https://ftp.ncbi.nlm.nih.gov/genomes/all/GCF/016/801/655/GCF_016801655.1_ASM1680165v1,6,611301.296.fna,GCF_016801655.1_ASM1680165v1_genomic.fna,5596105,5596105,611301.296.fna_vs_GCF_016801655.1_ASM1680165v1_genomic.fna_blast.xml,0,0,0,0,0,0,1,0,5596103,0,0,1,0,0,0,611301_subject_array_1739690041.bin
264583,611301,LL174-05,611301.287,6,https://ftp.ncbi.nlm.nih.gov/genomes/all/GCF/014/694/175/GCF_014694175.1_ASM1469417v1,6,611301.287.fna,GCF_014694175.1_ASM1469417v1_genomic.fna,5319254,5319254,611301.287.fna_vs_GCF_014694175.1_ASM1469417v1_genomic.fna_blast.xml,0,0,0,0,0,0,0,0,5319254,0,0,0,0,0,0,611301_subject_array_1739690046.bin
264668,614069,NBRC 102030,614069.11,6,https://ftp.ncbi.nlm.nih.gov/genomes/all/GCF/030/161/835/GCF_030161835.1_ASM3016183v1,6,614069.11.fna,GCF_030161835.1_ASM3016183v1_genomic.fna,4614570,4614570,614069.11.fna_vs_GCF_030161835.1_ASM3016183v1_genomic.fna_blast.xml,0,0,0,0,0,0,0,0,4614570,0,0,0,0,0,0,614069_subject_array_1739690049.bin
264674,61435,11a,61435.6,6,https://ftp.ncbi.nlm.nih.gov/genomes/all/GCF/001/460/955/GCF_001460955.1_ASM146095v1,6,61435.6.fna,GCF_001460955.1_ASM146095v1_genomic.fna,1324522,1324522,61435.6.fna_vs_GCF_001460955.1_ASM146095v1_genomic.fna_blast.xml,0,0,0,0,0,0,1,0,1324507,0,12,2,0,0,0,61435_subject_array_1739690050.bin
264695,614671,KCTC 22446,614671.3,6,https://ftp.ncbi.nlm.nih.gov/genomes/all/GCF/003/012/815/GCF_003012815.1_ASM301281v1,6,614671.3.fna,GCF_003012815.1_ASM301281v1_genomic.fna,2507679,2507679,614671.3.fna_vs_GCF_003012815.1_ASM301281v1_genomic.fna_blast.xml,0,0,0,0,0,0,0,0,2507679,0,0,0,0,0,0,614671_subject_array_1739690052.bin
264776,615,14ES,615.2501,6,https://ftp.ncbi.nlm.nih.gov/genomes/all/GCF/002/738/105/GCF_002738105.1_ASM273810v1,6,615.2501.fna,GCF_002738105.1_ASM273810v1_genomic.fna,5328682,5328682,615.2501.fna_vs_GCF_002738105.1_ASM273810v1_genomic.fna_blast.xml,0,0,0,0,0,0,0,0,5328682,0,0,0,0,0,0,615_subject_array_1739690056.bin
265024,615,CAV1492,615.105,6,https://ftp.ncbi.nlm.nih.gov/genomes/all/GCF/001/022/215/GCF_001022215.1_ASM102221v1,6,615.105.fna,GCF_001022215.1_ASM102221v1_genomic.fna,5828402,5828402,615.105.fna_vs_GCF_001022215.1_ASM102221v1_genomic.fna_blast.xml,0,0,0,0,0,0,1,0,5828401,0,0,0,0,0,0,615_subject_array_1739690060.bin
265025,615,CAV1761,615.650,6,https://ftp.ncbi.nlm.nih.gov/genomes/all/GCF/003/146/705/GCF_003146705.1_ASM314670v1,6,615.650.fna,GCF_003146705.1_ASM314670v1_genomic.fna,5896859,5896859,615.650.fna_vs_GCF_003146705.1_ASM314670v1_genomic.fna_blast.xml,0,0,0,0,0,0,0,0,5896859,0,0,0,0,0,0,615_subject_array_1739690065.bin
265078,615,EL116,615.829,6,https://ftp.ncbi.nlm.nih.gov/genomes/all/GCF/003/958/575/GCF_003958575.1_ASM395857v1,6,615.829.fna,GCF_003958575.1_ASM395857v1_genomic.fna,5254956,5254956,615.829.fna_vs_GCF_003958575.1_ASM395857v1_genomic.fna_blast.xml,0,0,0,0,0,0,0,0,5254956,0,0,0,0,0,0,615_subject_array_1739690068.bin
265189,615,MGH136,615.482,6,https://ftp.ncbi.nlm.nih.gov/genomes/all/GCF/002/153/355/GCF_002153355.1_ASM215335v1,6,615.482.fna,GCF_002153355.1_ASM215335v1_genomic.fna,5311324,5311324,615.482.fna_vs_GCF_002153355.1_ASM215335v1_genomic.fna_blast.xml,0,0,0,0,0,0,0,80257,5231048,0,0,1,18,0,0,615_subject_array_1739690072.bin
265345,615,SJC1058,615.2550,6,https://ftp.ncbi.nlm.nih.gov/genomes/all/GCF/946/411/905/GCF_946411905.1_SJC1058,6,615.2550.fna,GCF_946411905.1_SJC1058_genomic.fna,5599521,5599521,615.2550.fna_vs_GCF_946411905.1_SJC1058_genomic.fna_blast.xml,0,0,0,0,0,0,0,0,5599521,0,0,0,0,0,0,615_subject_array_1739690076.bin
265547,615,ZM-BH-PA16,615.2988,6,https://ftp.ncbi.nlm.nih.gov/genomes/all/GCF/031/844/585/GCF_031844585.1_ASM3184458v1,6,615.2988.fna,GCF_031844585.1_ASM3184458v1_genomic.fna,5284630,5284630,615.2988.fna_vs_GCF_031844585.1_ASM3184458v1_genomic.fna_blast.xml,0,0,0,0,0,0,0,1875,5282745,0,0,0,10,0,0,615_subject_array_1739690080.bin
265789,61645,CPO316,61645.751,6,https://ftp.ncbi.nlm.nih.gov/genomes/all/GCF/030/283/785/GCF_030283785.1_ASM3028378v1,6,61645.751.fna,GCF_030283785.1_ASM3028378v1_genomic.fna,5124266,5124266,61645.751.fna_vs_GCF_030283785.1_ASM3028378v1_genomic.fna_blast.xml,0,0,0,0,0,0,0,0,5124266,0,0,0,0,0,0,61645_subject_array_1739690084.bin
265796,61645,CZ863,61645.397,6,https://ftp.ncbi.nlm.nih.gov/genomes/all/GCF/018/145/685/GCF_018145685.1_ASM1814568v1,6,61645.397.fna,GCF_018145685.1_ASM1814568v1_genomic.fna,4835825,4835825,61645.397.fna_vs_GCF_018145685.1_ASM1814568v1_genomic.fna_blast.xml,0,0,0,0,0,0,0,0,4835825,0,0,0,0,0,0,61645_subject_array_1739690087.bin
265868,61645,JBIWA002,61645.483,6,https://ftp.ncbi.nlm.nih.gov/genomes/all/GCF/019/968/865/GCF_019968865.1_ASM1996886v1,6,61645.483.fna,GCF_019968865.1_ASM1996886v1_genomic.fna,5207969,5207969,61645.483.fna_vs_GCF_019968865.1_ASM1996886v1_genomic.fna_blast.xml,0,0,0,0,0,0,0,0,5207969,0,0,0,0,0,0,61645_subject_array_1739690091.bin
265873,61645,KU-C2135,61645.491,6,https://ftp.ncbi.nlm.nih.gov/genomes/all/GCF/020/515/135/GCF_020515135.1_ASM2051513v1,6,61645.491.fna,GCF_020515135.1_ASM2051513v1_genomic.fna,4891373,4891373,61645.491.fna_vs_GCF_020515135.1_ASM2051513v1_genomic.fna_blast.xml,0,0,0,0,0,0,0,0,4891373,0,0,0,0,0,0,61645_subject_array_1739690095.bin
265921,61645,RHBSTW-00831,61645.332,6,https://ftp.ncbi.nlm.nih.gov/genomes/all/GCF/014/101/235/GCF_014101235.1_ASM1410123v1,6,61645.332.fna,GCF_014101235.1_ASM1410123v1_genomic.fna,5050660,5050660,61645.332.fna_vs_GCF_014101235.1_ASM1410123v1_genomic.fna_blast.xml,0,0,0,0,0,0,0,0,5050660,0,0,0,0,0,0,61645_subject_array_1739690099.bin
265924,61645,RU-E319.3,61645.848,6,https://ftp.ncbi.nlm.nih.gov/genomes/all/GCF/033/031/045/GCF_033031045.1_ASM3303104v1,6,61645.848.fna,GCF_033031045.1_ASM3303104v1_genomic.fna,4931430,4931430,61645.848.fna_vs_GCF_033031045.1_ASM3303104v1_genomic.fna_blast.xml,0,0,0,0,0,0,0,0,4931430,0,0,0,0,0,0,61645_subject_array_1739690102.bin
265925,61645,RU-E328,61645.849,6,https://ftp.ncbi.nlm.nih.gov/genomes/all/GCF/033/031/085/GCF_033031085.1_ASM3303108v1,6,61645.849.fna,GCF_033031085.1_ASM3303108v1_genomic.fna,4931391,4931391,61645.849.fna_vs_GCF_033031085.1_ASM3303108v1_genomic.fna_blast.xml,0,0,0,0,0,0,0,0,4931391,0,0,0,0,0,0,61645_subject_array_1739690106.bin
266078,618,FDAARGOS_353,618.3,6,https://ftp.ncbi.nlm.nih.gov/genomes/all/GCF/002/206/385/GCF_002206385.2_ASM220638v2,6,618.3.fna,GCF_002206385.2_ASM220638v2_genomic.fna,5526508,5527432,618.3.fna_vs_GCF_002206385.2_ASM220638v2_genomic.fna_blast.xml,0,0,0,0,0,0,0,0,5526508,0,924,0,0,0,0,618_subject_array_1739690110.bin
266214,62140,JZ-6,62140.10,6,https://ftp.ncbi.nlm.nih.gov/genomes/all/GCF/022/558/965/GCF_022558965.1_ASM2255896v1,6,62140.10.fna,GCF_022558965.1_ASM2255896v1_genomic.fna,4422440,4422440,62140.10.fna_vs_GCF_022558965.1_ASM2255896v1_genomic.fna_blast.xml,0,0,0,0,0,0,0,0,4422440,0,0,0,0,0,0,62140_subject_array_1739690114.bin
266263,622,NCDC 599-52,622.569,6,https://ftp.ncbi.nlm.nih.gov/genomes/all/GCF/032/363/495/GCF_032363495.1_ASM3236349v1,6,622.569.fna,GCF_032363495.1_ASM3236349v1_genomic.fna,4905571,4905571,622.569.fna_vs_GCF_032363495.1_ASM3236349v1_genomic.fna_blast.xml,0,0,0,0,0,0,0,0,4905571,0,0,0,0,0,0,622_subject_array_1739690123.bin
266353,623,993131,623.2302,6,https://ftp.ncbi.nlm.nih.gov/genomes/all/GCF/030/645/165/GCF_030645165.1_ASM3064516v1,6,623.2302.fna,GCF_030645165.1_ASM3064516v1_genomic.fna,4852704,4852704,623.2302.fna_vs_GCF_030645165.1_ASM3064516v1_genomic.fna_blast.xml,0,0,0,0,0,0,0,0,4852704,0,0,0,0,0,0,623_subject_array_1739690131.bin
266451,623,FDAARGOS_713,623.1269,6,https://ftp.ncbi.nlm.nih.gov/genomes/all/GCF/013/391/345/GCF_013391345.1_ASM1339134v1,6,623.1269.fna,GCF_013391345.1_ASM1339134v1_genomic.fna,4823785,4823785,623.1269.fna_vs_GCF_013391345.1_ASM1339134v1_genomic.fna_blast.xml,0,0,0,0,0,0,0,158,4823627,0,0,0,0,0,0,623_subject_array_1739690139.bin
266452,623,FDAARGOS_714,623.1268,6,https://ftp.ncbi.nlm.nih.gov/genomes/all/GCF/013/391/325/GCF_013391325.1_ASM1339132v1,6,623.1268.fna,GCF_013391325.1_ASM1339132v1_genomic.fna,4999643,4999643,623.1268.fna_vs_GCF_013391325.1_ASM1339132v1_genomic.fna_blast.xml,0,0,0,0,0,0,0,414,4999226,0,0,0,3,0,0,623_subject_array_1739690153.bin
266502,623,PNUSAE076676,623.2322,6,https://ftp.ncbi.nlm.nih.gov/genomes/all/GCF/033/870/275/GCF_033870275.1_ASM3387027v1,6,623.2322.fna,GCF_033870275.1_ASM3387027v1_genomic.fna,4974498,4974498,623.2322.fna_vs_GCF_033870275.1_ASM3387027v1_genomic.fna_blast.xml,0,0,0,0,0,0,0,0,4974498,0,0,0,0,0,0,623_subject_array_1739690161.bin
266504,623,R20.0053,623.2354,6,https://ftp.ncbi.nlm.nih.gov/genomes/all/GCF/038/361/275/GCF_038361275.1_ASM3836127v1,6,623.2354.fna,GCF_038361275.1_ASM3836127v1_genomic.fna,5081199,5081199,623.2354.fna_vs_GCF_038361275.1_ASM3836127v1_genomic.fna_blast.xml,0,0,0,0,0,0,19,0,5080914,0,28,238,0,0,0,623_subject_array_1739690170.bin
266561,623,STLEFF_27,623.1651,6,https://ftp.ncbi.nlm.nih.gov/genomes/all/GCF/022/494/035/GCF_022494035.1_ASM2249403v1,6,623.1651.fna,GCF_022494035.1_ASM2249403v1_genomic.fna,4976683,4976683,623.1651.fna_vs_GCF_022494035.1_ASM2249403v1_genomic.fna_blast.xml,0,0,0,0,0,0,0,0,4976683,0,0,0,0,0,0,623_subject_array_1739690176.bin
266568,623,STLIN_17,623.1659,6,https://ftp.ncbi.nlm.nih.gov/genomes/all/GCF/022/494/355/GCF_022494355.1_ASM2249435v1,6,623.1659.fna,GCF_022494355.1_ASM2249435v1_genomic.fna,4789582,4789582,623.1659.fna_vs_GCF_022494355.1_ASM2249435v1_genomic.fna_blast.xml,0,0,0,0,0,0,0,0,4789582,0,0,0,0,0,0,623_subject_array_1739690184.bin
266570,623,STLIN_6,623.1661,6,https://ftp.ncbi.nlm.nih.gov/genomes/all/GCF/022/494/435/GCF_022494435.1_ASM2249443v1,6,623.1661.fna,GCF_022494435.1_ASM2249443v1_genomic.fna,4998483,4998483,623.1661.fna_vs_GCF_022494435.1_ASM2249443v1_genomic.fna_blast.xml,0,0,0,0,0,0,0,0,4998483,0,0,0,0,0,0,623_subject_array_1739690190.bin
266575,623,SWHEFF_67,623.1631,6,https://ftp.ncbi.nlm.nih.gov/genomes/all/GCF/022/353/945/GCF_022353945.1_ASM2235394v1,6,623.1631.fna,GCF_022353945.1_ASM2235394v1_genomic.fna,4722987,4722987,623.1631.fna_vs_GCF_022353945.1_ASM2235394v1_genomic.fna_blast.xml,0,0,0,0,0,0,0,0,4722987,0,0,0,0,0,0,623_subject_array_1739690197.bin
266577,623,SWHIN_101,623.1645,6,https://ftp.ncbi.nlm.nih.gov/genomes/all/GCF/022/354/705/GCF_022354705.1_ASM2235470v1,6,623.1645.fna,GCF_022354705.1_ASM2235470v1_genomic.fna,5210949,5210949,623.1645.fna_vs_GCF_022354705.1_ASM2235470v1_genomic.fna_blast.xml,0,0,0,0,0,0,0,0,5210949,0,0,0,0,0,0,623_subject_array_1739690203.bin
267323,624,CIP_106347,624.3938,6,https://ftp.ncbi.nlm.nih.gov/genomes/all/GCF/025/908/455/GCF_025908455.1_ASM2590845v1,6,624.3938.fna,GCF_025908455.1_ASM2590845v1_genomic.fna,5052585,5052585,624.3938.fna_vs_GCF_025908455.1_ASM2590845v1_genomic.fna_blast.xml,0,0,0,0,0,0,0,0,5052585,0,0,0,0,0,0,624_subject_array_1739690222.bin
267324,624,CS14,624.4463,6,https://ftp.ncbi.nlm.nih.gov/genomes/all/GCF/038/298/665/GCF_038298665.1_ASM3829866v1,6,624.4463.fna,GCF_038298665.1_ASM3829866v1_genomic.fna,5187468,5187468,624.4463.fna_vs_GCF_038298665.1_ASM3829866v1_genomic.fna_blast.xml,0,0,0,0,0,0,0,0,5187468,0,0,0,0,0,0,624_subject_array_1739690242.bin
267393,624,FDAARGOS_90,624.637,6,https://ftp.ncbi.nlm.nih.gov/genomes/all/GCF/001/558/295/GCF_001558295.2_ASM155829v2,6,624.637.fna,GCF_001558295.2_ASM155829v2_genomic.fna,4988242,4988340,624.637.fna_vs_GCF_001558295.2_ASM155829v2_genomic.fna_blast.xml,0,0,0,0,0,0,0,0,4988242,0,98,0,0,0,0,624_subject_array_1739690260.bin
267524,624,NCTC7924,624.1596,6,https://ftp.ncbi.nlm.nih.gov/genomes/all/GCF/900/457/235/GCF_900457235.1_58116_C02,6,624.1596.fna,GCF_900457235.1_58116_C02_genomic.fna,5203610,5203610,624.1596.fna_vs_GCF_900457235.1_58116_C02_genomic.fna_blast.xml,0,0,0,0,0,0,0,0,5203610,0,0,0,0,0,0,624_subject_array_1739690280.bin
267823,626418,BGR1,626418.3,6,https://ftp.ncbi.nlm.nih.gov/genomes/all/GCF/000/022/645/GCF_000022645.2_ASM2264v1,6,626418.3.fna,GCF_000022645.2_ASM2264v1_genomic.fna,7284683,7284636,626418.3.fna_vs_GCF_000022645.2_ASM2264v1_genomic.fna_blast.xml,0,0,0,1,0,0,54,54,7284377,0,18,129,3,0,0,626418_subject_array_1739690291.bin
267908,627343,CP4,627343.4,6,https://ftp.ncbi.nlm.nih.gov/genomes/all/GCF/000/498/655/GCF_000498655.1_ASM49865v1,6,627343.4.fna,GCF_000498655.1_ASM49865v1_genomic.fna,2163236,2163236,627343.4.fna_vs_GCF_000498655.1_ASM49865v1_genomic.fna_blast.xml,0,0,0,0,0,0,0,0,2163236,0,0,0,0,0,0,627343_subject_array_1739690294.bin
268541,632772,B4,632772.20,6,https://ftp.ncbi.nlm.nih.gov/genomes/all/GCF/000/010/805/GCF_000010805.1_ASM1080v1,6,632772.20.fna,GCF_000010805.1_ASM1080v1_genomic.fna,8834939,8834939,632772.20.fna_vs_GCF_000010805.1_ASM1080v1_genomic.fna_blast.xml,0,0,0,0,0,0,0,0,8834939,0,0,0,0,0,0,632772_subject_array_1739690303.bin
268604,633,NCTC1101,633.131,6,https://ftp.ncbi.nlm.nih.gov/genomes/all/GCF/900/460/645/GCF_900460645.1_56080_E02,6,633.131.fna,GCF_900460645.1_56080_E02_genomic.fna,4726818,4726818,633.131.fna_vs_GCF_900460645.1_56080_E02_genomic.fna_blast.xml,0,0,0,0,0,0,0,0,4726818,0,0,0,0,0,0,633_subject_array_1739690310.bin
269263,642227,LMG 23360,642227.6,6,https://ftp.ncbi.nlm.nih.gov/genomes/all/GCF/000/757/425/GCF_000757425.2_Tmorbiroseiassem5,6,642227.6.fna,GCF_000757425.2_Tmorbiroseiassem5_genomic.fna,4413398,4413398,642227.6.fna_vs_GCF_000757425.2_Tmorbiroseiassem5_genomic.fna_blast.xml,0,0,0,0,0,0,0,0,4413398,0,0,0,0,0,0,642227_subject_array_1739690316.bin
269720,645,S121,645.43,6,https://ftp.ncbi.nlm.nih.gov/genomes/all/GCF/002/214/245/GCF_002214245.1_ASM221424v1,6,645.43.fna,GCF_002214245.1_ASM221424v1_genomic.fna,5069859,5069859,645.43.fna_vs_GCF_002214245.1_ASM221424v1_genomic.fna_blast.xml,0,0,0,0,0,0,0,0,5069859,0,0,0,0,0,0,645_subject_array_1739690334.bin
269724,645,S44,645.45,6,https://ftp.ncbi.nlm.nih.gov/genomes/all/GCF/002/214/305/GCF_002214305.1_ASM221430v1,6,645.45.fna,GCF_002214305.1_ASM221430v1_genomic.fna,5082912,5082912,645.45.fna_vs_GCF_002214305.1_ASM221430v1_genomic.fna_blast.xml,0,0,0,0,0,0,0,0,5082912,0,0,0,0,0,0,645_subject_array_1739690353.bin
269910,648,BC11,648.948,6,https://ftp.ncbi.nlm.nih.gov/genomes/all/GCF/026/651/405/GCF_026651405.1_ASM2665140v1,6,648.948.fna,GCF_026651405.1_ASM2665140v1_genomic.fna,4599369,4599369,648.948.fna_vs_GCF_026651405.1_ASM2665140v1_genomic.fna_blast.xml,0,0,0,0,0,0,0,0,4599369,0,0,0,0,0,0,648_subject_array_1739690360.bin
270045,648,G77,648.1312,6,https://ftp.ncbi.nlm.nih.gov/genomes/all/GCF/036/226/205/GCF_036226205.1_ASM3622620v1,6,648.1312.fna,GCF_036226205.1_ASM3622620v1_genomic.fna,4972286,4972286,648.1312.fna_vs_GCF_036226205.1_ASM3622620v1_genomic.fna_blast.xml,0,0,0,0,0,0,0,0,4972286,0,0,0,0,0,0,648_subject_array_1739690367.bin
270079,648,KAM329,648.1309,6,https://ftp.ncbi.nlm.nih.gov/genomes/all/GCF/015/508/545/GCF_015508545.1_ASM1550854v2,6,648.1309.fna,GCF_015508545.1_ASM1550854v2_genomic.fna,5171984,5171984,648.1309.fna_vs_GCF_015508545.1_ASM1550854v2_genomic.fna_blast.xml,0,0,0,0,0,0,0,0,5171984,0,0,0,0,0,0,648_subject_array_1739690375.bin
270150,648,KAM479,648.937,6,https://ftp.ncbi.nlm.nih.gov/genomes/all/GCF/026/000/055/GCF_026000055.1_ASM2600005v1,6,648.937.fna,GCF_026000055.1_ASM2600005v1_genomic.fna,4992385,4992385,648.937.fna_vs_GCF_026000055.1_ASM2600005v1_genomic.fna_blast.xml,0,0,0,0,0,0,0,0,4992385,0,0,0,0,0,0,648_subject_array_1739690385.bin
270401,65058,11021B-1,65058.513,6,https://ftp.ncbi.nlm.nih.gov/genomes/all/GCF/024/341/845/GCF_024341845.1_ASM2434184v1,6,65058.513.fna,GCF_024341845.1_ASM2434184v1_genomic.fna,2520008,2520008,65058.513.fna_vs_GCF_024341845.1_ASM2434184v1_genomic.fna_blast.xml,0,0,0,0,0,0,0,87,2519921,0,0,0,0,0,0,65058_subject_array_1739690388.bin
270404,65058,11031B-1,65058.512,6,https://ftp.ncbi.nlm.nih.gov/genomes/all/GCF/024/341/785/GCF_024341785.1_ASM2434178v1,6,65058.512.fna,GCF_024341785.1_ASM2434178v1_genomic.fna,2471864,2471864,65058.512.fna_vs_GCF_024341785.1_ASM2434178v1_genomic.fna_blast.xml,0,0,0,0,0,0,0,84,2471780,0,0,0,0,0,0,65058_subject_array_1739690392.bin
270405,65058,12109B-1,65058.511,6,https://ftp.ncbi.nlm.nih.gov/genomes/all/GCF/024/341/765/GCF_024341765.1_ASM2434176v1,6,65058.511.fna,GCF_024341765.1_ASM2434176v1_genomic.fna,2472441,2472441,65058.511.fna_vs_GCF_024341765.1_ASM2434176v1_genomic.fna_blast.xml,0,0,0,0,0,0,0,0,2472441,0,0,0,0,0,0,65058_subject_array_1739690395.bin
270421,65058,MSK011,65058.524,6,https://ftp.ncbi.nlm.nih.gov/genomes/all/GCF/030/232/465/GCF_030232465.1_ASM3023246v1,6,65058.524.fna,GCF_030232465.1_ASM3023246v1_genomic.fna,2533710,2533710,65058.524.fna_vs_GCF_030232465.1_ASM3023246v1_genomic.fna_blast.xml,0,0,0,0,0,0,0,100,2533610,0,0,0,0,0,0,65058_subject_array_1739690398.bin
270429,650891,YCSA40,650891.7,6,https://ftp.ncbi.nlm.nih.gov/genomes/all/GCF/012/070/355/GCF_012070355.1_ASM1207035v1,6,650891.7.fna,GCF_012070355.1_ASM1207035v1_genomic.fna,3935899,3935899,650891.7.fna_vs_GCF_012070355.1_ASM1207035v1_genomic.fna_blast.xml,0,0,0,0,0,0,0,100,3935799,0,0,0,0,0,0,650891_subject_array_1739690403.bin
270516,653929,DSM 22554,653929.4,6,https://ftp.ncbi.nlm.nih.gov/genomes/all/GCF/004/339/765/GCF_004339765.1_ASM433976v1,6,653929.4.fna,GCF_004339765.1_ASM433976v1_genomic.fna,3081443,3081443,653929.4.fna_vs_GCF_004339765.1_ASM433976v1_genomic.fna_blast.xml,0,0,0,0,0,0,0,0,3081443,0,0,0,0,0,0,653929_subject_array_1739690407.bin
270566,654,71474,654.660,6,https://ftp.ncbi.nlm.nih.gov/genomes/all/GCF/020/639/385/GCF_020639385.1_ASM2063938v1,6,654.660.fna,GCF_020639385.1_ASM2063938v1_genomic.fna,4640721,4640721,654.660.fna_vs_GCF_020639385.1_ASM2063938v1_genomic.fna_blast.xml,0,0,0,0,0,0,0,0,4640721,0,0,0,0,0,0,654_subject_array_1739690413.bin
270651,654,CARB02,654.996,6,https://ftp.ncbi.nlm.nih.gov/genomes/all/GCF/036/487/425/GCF_036487425.1_ASM3648742v1,6,654.996.fna,GCF_036487425.1_ASM3648742v1_genomic.fna,5245896,5245896,654.996.fna_vs_GCF_036487425.1_ASM3648742v1_genomic.fna_blast.xml,0,0,0,0,0,0,0,0,5245896,0,0,0,0,0,0,654_subject_array_1739690422.bin
270712,654,HD6448,654.711,6,https://ftp.ncbi.nlm.nih.gov/genomes/all/GCF/022/921/155/GCF_022921155.1_ASM2292115v1,6,654.711.fna,GCF_022921155.1_ASM2292115v1_genomic.fna,5198147,5198147,654.711.fna_vs_GCF_022921155.1_ASM2292115v1_genomic.fna_blast.xml,0,0,0,0,0,0,0,0,5198147,0,0,0,0,0,0,654_subject_array_1739690431.bin
270787,654,WP3-W19-ESBL-03,654.350,6,https://ftp.ncbi.nlm.nih.gov/genomes/all/GCF/014/168/995/GCF_014168995.1_ASM1416899v1,6,654.350.fna,GCF_014168995.1_ASM1416899v1_genomic.fna,4980290,4980290,654.350.fna_vs_GCF_014168995.1_ASM1416899v1_genomic.fna_blast.xml,0,0,0,0,0,0,0,0,4980290,0,0,0,0,0,0,654_subject_array_1739690439.bin
270788,654,WP8-W19-CRE-03,654.352,6,https://ftp.ncbi.nlm.nih.gov/genomes/all/GCF/014/169/835/GCF_014169835.1_ASM1416983v1,6,654.352.fna,GCF_014169835.1_ASM1416983v1_genomic.fna,4792142,4792142,654.352.fna_vs_GCF_014169835.1_ASM1416983v1_genomic.fna_blast.xml,0,0,0,0,0,0,0,0,4792142,0,0,0,0,0,0,654_subject_array_1739690446.bin
270912,65700,MDCuke,65700.174,6,https://ftp.ncbi.nlm.nih.gov/genomes/all/GCF/021/365/535/GCF_021365535.1_ASM2136553v1,6,65700.174.fna,GCF_021365535.1_ASM2136553v1_genomic.fna,5054064,5054064,65700.174.fna_vs_GCF_021365535.1_ASM2136553v1_genomic.fna_blast.xml,0,0,0,0,0,0,0,0,5054064,0,0,0,0,0,0,65700_subject_array_1739690461.bin
270914,65700,SCR3,65700.172,6,https://ftp.ncbi.nlm.nih.gov/genomes/all/GCF/021/365/485/GCF_021365485.1_ASM2136548v1,6,65700.172.fna,GCF_021365485.1_ASM2136548v1_genomic.fna,4974774,4974774,65700.172.fna_vs_GCF_021365485.1_ASM2136548v1_genomic.fna_blast.xml,0,0,0,0,0,0,0,0,4974774,0,0,0,0,0,0,65700_subject_array_1739690476.bin
271087,660067,L-1,660067.3,6,https://ftp.ncbi.nlm.nih.gov/genomes/all/GCF/016/758/255/GCF_016758255.1_ASM1675825v1,6,660067.3.fna,GCF_016758255.1_ASM1675825v1_genomic.fna,3222269,3222269,660067.3.fna_vs_GCF_016758255.1_ASM1675825v1_genomic.fna_blast.xml,0,0,0,0,0,0,0,0,3222269,0,0,0,0,0,0,660067_subject_array_1739690481.bin
271118,661398,DSM 25564,661398.3,6,https://ftp.ncbi.nlm.nih.gov/genomes/all/GCF/008/710/705/GCF_008710705.1_ASM871070v1,6,661398.3.fna,GCF_008710705.1_ASM871070v1_genomic.fna,3178485,3178485,661398.3.fna_vs_GCF_008710705.1_ASM871070v1_genomic.fna_blast.xml,0,0,0,0,0,0,0,0,3178485,0,0,0,0,0,0,661398_subject_array_1739690485.bin
271128,661491,DSM 21349,661491.3,6,https://ftp.ncbi.nlm.nih.gov/genomes/all/GCF/014/138/045/GCF_014138045.1_ASM1413804v1,6,661491.3.fna,GCF_014138045.1_ASM1413804v1_genomic.fna,4460265,4460265,661491.3.fna_vs_GCF_014138045.1_ASM1413804v1_genomic.fna_blast.xml,0,0,0,0,0,0,0,0,4460265,0,0,0,0,0,0,661491_subject_array_1739690491.bin
271524,66374,NBRC 13794,66374.5,6,https://ftp.ncbi.nlm.nih.gov/genomes/all/GCF/016/755/855/GCF_016755855.1_ASM1675585v1,6,66374.5.fna,GCF_016755855.1_ASM1675585v1_genomic.fna,9047340,9047340,66374.5.fna_vs_GCF_016755855.1_ASM1675585v1_genomic.fna_blast.xml,0,0,0,0,0,0,0,0,9047340,0,0,0,0,0,0,66374_subject_array_1739690505.bin
271614,664693,DSM 45584,664693.10,6,https://ftp.ncbi.nlm.nih.gov/genomes/all/GCF/014/203/395/GCF_014203395.1_ASM1420339v1,6,664693.10.fna,GCF_014203395.1_ASM1420339v1_genomic.fna,8541735,8541735,664693.10.fna_vs_GCF_014203395.1_ASM1420339v1_genomic.fna_blast.xml,0,0,0,0,0,0,0,0,8541735,0,0,0,0,0,0,664693_subject_array_1739690518.bin
271642,665126,16,665126.4,6,https://ftp.ncbi.nlm.nih.gov/genomes/all/GCF/001/305/515/GCF_001305515.1_ASM130551v1,6,665126.4.fna,GCF_001305515.1_ASM130551v1_genomic.fna,6484983,6484983,665126.4.fna_vs_GCF_001305515.1_ASM130551v1_genomic.fna_blast.xml,0,0,1,0,0,0,0,23972,6460978,0,0,5,27,0,0,665126_subject_array_1739690529.bin
273111,668,ES401,668.115,6,https://ftp.ncbi.nlm.nih.gov/genomes/all/GCF/004/685/055/GCF_004685055.1_ASM468505v1,6,668.115.fna,GCF_004685055.1_ASM468505v1_genomic.fna,4283732,4283732,668.115.fna_vs_GCF_004685055.1_ASM468505v1_genomic.fna_blast.xml,0,0,0,0,0,0,0,0,4283732,0,0,0,0,0,0,668_subject_array_1739690535.bin
273129,668,MB13B2,668.166,6,https://ftp.ncbi.nlm.nih.gov/genomes/all/GCF/017/921/865/GCF_017921865.1_ASM1792186v1,6,668.166.fna,GCF_017921865.1_ASM1792186v1_genomic.fna,4580007,4580007,668.166.fna_vs_GCF_017921865.1_ASM1792186v1_genomic.fna_blast.xml,0,0,0,0,0,0,0,0,4580007,0,0,0,0,0,0,668_subject_array_1739690541.bin
274899,670,NUK/7,670.3210,6,https://ftp.ncbi.nlm.nih.gov/genomes/all/GCF/016/132/485/GCF_016132485.1_ASM1613248v1,6,670.3210.fna,GCF_016132485.1_ASM1613248v1_genomic.fna,5421490,5421490,670.3210.fna_vs_GCF_016132485.1_ASM1613248v1_genomic.fna_blast.xml,0,0,0,0,0,0,0,3044,5013783,0,0,3,404660,0,0,670_subject_array_1739690549.bin
275209,670,TW01,670.7308,6,https://ftp.ncbi.nlm.nih.gov/genomes/all/GCF/033/441/455/GCF_033441455.1_ASM3344145v1,6,670.7308.fna,GCF_033441455.1_ASM3344145v1_genomic.fna,5620273,5620273,670.7308.fna_vs_GCF_033441455.1_ASM3344145v1_genomic.fna_blast.xml,0,0,0,0,0,0,0,0,5620273,0,0,0,0,0,0,670_subject_array_1739690557.bin
275255,670,VP157,670.3839,6,https://ftp.ncbi.nlm.nih.gov/genomes/all/GCF/021/730/085/GCF_021730085.1_ASM2173008v1,6,670.3839.fna,GCF_021730085.1_ASM2173008v1_genomic.fna,5549882,5549882,670.3839.fna_vs_GCF_021730085.1_ASM2173008v1_genomic.fna_blast.xml,0,0,0,0,0,0,0,0,5549882,0,0,0,0,0,0,670_subject_array_1739690565.bin
275419,670,vp-HL-202005,670.6425,6,https://ftp.ncbi.nlm.nih.gov/genomes/all/GCF/026/970/915/GCF_026970915.1_ASM2697091v1,6,670.6425.fna,GCF_026970915.1_ASM2697091v1_genomic.fna,5888577,5888577,670.6425.fna_vs_GCF_026970915.1_ASM2697091v1_genomic.fna_blast.xml,0,0,0,0,0,0,0,0,5888577,0,0,0,0,0,0,670_subject_array_1739690574.bin
275436,670079,DSM 22826,670079.3,6,https://ftp.ncbi.nlm.nih.gov/genomes/all/GCF/014/190/875/GCF_014190875.1_ASM1419087v1,6,670079.3.fna,GCF_014190875.1_ASM1419087v1_genomic.fna,4137774,4137774,670079.3.fna_vs_GCF_014190875.1_ASM1419087v1_genomic.fna_blast.xml,0,0,0,0,0,0,0,0,4137774,0,0,0,0,0,0,670079_subject_array_1739690581.bin
275870,673,2010V-1120,673.16,6,https://ftp.ncbi.nlm.nih.gov/genomes/all/GCF/014/525/045/GCF_014525045.1_ASM1452504v1,6,673.16.fna,GCF_014525045.1_ASM1452504v1_genomic.fna,4220951,4220951,673.16.fna_vs_GCF_014525045.1_ASM1452504v1_genomic.fna_blast.xml,0,0,0,0,0,0,0,0,4220951,0,0,0,0,0,0,673_subject_array_1739690586.bin
275877,673,NCTC11645,673.11,6,https://ftp.ncbi.nlm.nih.gov/genomes/all/GCF/900/450/715/GCF_900450715.1_57195_G02,6,673.11.fna,GCF_900450715.1_57195_G02_genomic.fna,4075285,4075285,673.11.fna_vs_GCF_900450715.1_57195_G02_genomic.fna_blast.xml,0,0,0,0,0,0,0,0,4075285,0,0,0,0,0,0,673_subject_array_1739690592.bin
276051,674529,BFG-132,674529.352,6,https://ftp.ncbi.nlm.nih.gov/genomes/all/GCF/024/791/705/GCF_024791705.1_ASM2479170v1,6,674529.352.fna,GCF_024791705.1_ASM2479170v1_genomic.fna,6574615,6574615,674529.352.fna_vs_GCF_024791705.1_ASM2479170v1_genomic.fna_blast.xml,0,0,0,0,0,0,0,0,6574614,0,1,0,0,0,0,674529_subject_array_1739690602.bin
276054,674529,BFG-147,674529.353,6,https://ftp.ncbi.nlm.nih.gov/genomes/all/GCF/024/792/375/GCF_024792375.1_ASM2479237v1,6,674529.353.fna,GCF_024792375.1_ASM2479237v1_genomic.fna,6179469,6179469,674529.353.fna_vs_GCF_024792375.1_ASM2479237v1_genomic.fna_blast.xml,0,0,0,0,0,0,0,0,6179469,0,0,0,0,0,0,674529_subject_array_1739690611.bin
276126,675635,CB1190,675635.36,6,https://ftp.ncbi.nlm.nih.gov/genomes/all/GCF/000/196/675/GCF_000196675.2_ASM19667v2,6,675635.36.fna,GCF_000196675.2_ASM19667v2_genomic.fna,7440794,7440794,675635.36.fna_vs_GCF_000196675.2_ASM19667v2_genomic.fna_blast.xml,0,0,0,0,0,0,0,0,7440794,0,0,0,0,0,0,675635_subject_array_1739690621.bin
276247,676200,NBRC 106265,676200.3,6,https://ftp.ncbi.nlm.nih.gov/genomes/all/GCF/000/975/135/GCF_000975135.1_ASM97513v1,6,676200.3.fna,GCF_000975135.1_ASM97513v1_genomic.fna,2565694,2565694,676200.3.fna_vs_GCF_000975135.1_ASM97513v1_genomic.fna_blast.xml,0,0,0,0,0,0,1,806,2564886,0,0,1,0,0,0,676200_subject_array_1739690625.bin
276349,67827,LHC5-1,67827.92,6,https://ftp.ncbi.nlm.nih.gov/genomes/all/GCF/020/271/725/GCF_020271725.1_ASM2027172v1,6,67827.92.fna,GCF_020271725.1_ASM2027172v1_genomic.fna,5253470,5253470,67827.92.fna_vs_GCF_020271725.1_ASM2027172v1_genomic.fna_blast.xml,0,0,0,0,0,0,0,0,5253470,0,0,0,0,0,0,67827_subject_array_1739690632.bin
276419,680,20130629003S01,680.60,6,https://ftp.ncbi.nlm.nih.gov/genomes/all/GCF/002/140/055/GCF_002140055.1_ASM214005v1,6,680.60.fna,GCF_002140055.1_ASM214005v1_genomic.fna,6371321,6371321,680.60.fna_vs_GCF_002140055.1_ASM214005v1_genomic.fna_blast.xml,0,0,0,0,0,0,0,0,6371321,0,0,0,0,0,0,680_subject_array_1739690641.bin
276424,680,BoB-90,680.82,6,https://ftp.ncbi.nlm.nih.gov/genomes/all/GCF/002/906/455/GCF_002906455.1_ASM290645v1,6,680.82.fna,GCF_002906455.1_ASM290645v1_genomic.fna,6171067,6171067,680.82.fna_vs_GCF_002906455.1_ASM290645v1_genomic.fna_blast.xml,0,0,0,0,0,0,0,0,6171067,0,0,0,0,0,0,680_subject_array_1739690652.bin
276436,680,LA16-V1,680.61,6,https://ftp.ncbi.nlm.nih.gov/genomes/all/GCF/002/142/655/GCF_002142655.1_ASM214265v1,6,680.61.fna,GCF_002142655.1_ASM214265v1_genomic.fna,6124368,6124368,680.61.fna_vs_GCF_002142655.1_ASM214265v1_genomic.fna_blast.xml,0,0,0,0,0,0,0,0,6124368,0,0,0,0,0,0,680_subject_array_1739690661.bin
276438,680,LJC011,680.344,6,https://ftp.ncbi.nlm.nih.gov/genomes/all/GCF/024/442/235/GCF_024442235.1_ASM2444223v1,6,680.344.fna,GCF_024442235.1_ASM2444223v1_genomic.fna,5532342,5532342,680.344.fna_vs_GCF_024442235.1_ASM2444223v1_genomic.fna_blast.xml,0,0,0,0,0,0,0,0,5532342,0,0,0,0,0,0,680_subject_array_1739690669.bin
276443,680,LMB29,680.55,6,https://ftp.ncbi.nlm.nih.gov/genomes/all/GCF/001/969/325/GCF_001969325.1_ASM196932v1,6,680.55.fna,GCF_001969325.1_ASM196932v1_genomic.fna,6195978,6195978,680.55.fna_vs_GCF_001969325.1_ASM196932v1_genomic.fna_blast.xml,0,0,0,0,0,0,0,0,6195978,0,0,0,0,0,0,680_subject_array_1739690678.bin
276494,680127,B1,680127.21,6,https://ftp.ncbi.nlm.nih.gov/genomes/all/GCF/014/982/445/GCF_014982445.1_ASM1498244v1,6,680127.21.fna,GCF_014982445.1_ASM1498244v1_genomic.fna,4870922,4870922,680127.21.fna_vs_GCF_014982445.1_ASM1498244v1_genomic.fna_blast.xml,0,0,0,0,0,0,0,100,4870822,0,0,0,0,0,0,680127_subject_array_1739690683.bin
276628,68239,NBC_01697,68239.15,6,https://ftp.ncbi.nlm.nih.gov/genomes/all/GCF/026/339/635/GCF_026339635.1_ASM2633963v1,6,68239.15.fna,GCF_026339635.1_ASM2633963v1_genomic.fna,10597776,10597776,68239.15.fna_vs_GCF_026339635.1_ASM2633963v1_genomic.fna_blast.xml,0,0,0,0,0,0,0,0,10597776,0,0,0,0,0,0,68239_subject_array_1739690698.bin
276632,68239,P8-A2,68239.28,6,https://ftp.ncbi.nlm.nih.gov/genomes/all/GCF/032/595/465/GCF_032595465.1_ASM3259546v1,6,68239.28.fna,GCF_032595465.1_ASM3259546v1_genomic.fna,13234767,13234767,68239.28.fna_vs_GCF_032595465.1_ASM3259546v1_genomic.fna_blast.xml,0,0,0,0,0,0,0,0,13234767,0,0,0,0,0,0,68239_subject_array_1739690719.bin
276660,68270,KCTC9218,68270.12,6,https://ftp.ncbi.nlm.nih.gov/genomes/all/GCF/022/698/305/GCF_022698305.1_ASM2269830v1,6,68270.12.fna,GCF_022698305.1_ASM2269830v1_genomic.fna,9967045,9967045,68270.12.fna_vs_GCF_022698305.1_ASM2269830v1_genomic.fna_blast.xml,0,0,0,0,0,0,0,0,9967045,0,0,0,0,0,0,68270_subject_array_1739690736.bin
276712,683308,CH37,683308.3,6,https://ftp.ncbi.nlm.nih.gov/genomes/all/GCF/014/895/535/GCF_014895535.1_ASM1489553v1,6,683308.3.fna,GCF_014895535.1_ASM1489553v1_genomic.fna,9717021,9717021,683308.3.fna_vs_GCF_014895535.1_ASM1489553v1_genomic.fna_blast.xml,0,0,0,0,0,0,0,0,9717021,0,0,0,0,0,0,683308_subject_array_1739690750.bin
276824,684663,JCM 17931,684663.5,6,https://ftp.ncbi.nlm.nih.gov/genomes/all/GCF/039/541/935/GCF_039541935.1_ASM3954193v1,6,684663.5.fna,GCF_039541935.1_ASM3954193v1_genomic.fna,2925332,2925332,684663.5.fna_vs_GCF_039541935.1_ASM3954193v1_genomic.fna_blast.xml,0,0,0,0,0,0,0,0,2925332,0,0,0,0,0,0,684663_subject_array_1739690754.bin
276973,688867,DSM 25262,688867.3,6,https://ftp.ncbi.nlm.nih.gov/genomes/all/GCF/900/167/975/GCF_900167975.1_IMG-taxon_2595698225_annotated_assembly,6,688867.3.fna,GCF_900167975.1_IMG-taxon_2595698225_annotated_assembly_genomic.fna,7241272,7241272,688867.3.fna_vs_GCF_900167975.1_IMG-taxon_2595698225_annotated_assembly_genomic.fna_blast.xml,0,0,0,0,0,0,0,5547,7235725,0,0,0,0,0,0,688867_subject_array_1739690764.bin
276980,68892,NCTC13771,68892.14,6,https://ftp.ncbi.nlm.nih.gov/genomes/all/GCF/900/459/415/GCF_900459415.1_45473_C02,6,68892.14.fna,GCF_900459415.1_45473_C02_genomic.fna,2023648,2023648,68892.14.fna_vs_GCF_900459415.1_45473_C02_genomic.fna_blast.xml,0,0,0,0,0,0,0,0,2023648,0,0,0,0,0,0,68892_subject_array_1739690767.bin
277295,699248,FA-1,699248.3,6,https://ftp.ncbi.nlm.nih.gov/genomes/all/GCF/000/286/075/GCF_000286075.1_ASM28607v1,6,699248.3.fna,GCF_000286075.1_ASM28607v1_genomic.fna,2062017,2062017,699248.3.fna_vs_GCF_000286075.1_ASM28607v1_genomic.fna_blast.xml,0,0,0,0,0,0,0,0,2062017,0,0,0,0,0,0,699248_subject_array_1739690770.bin
277552,70346,XM9F202-2,70346.5,6,https://ftp.ncbi.nlm.nih.gov/genomes/all/GCF/016/607/565/GCF_016607565.1_ASM1660756v1,6,70346.5.fna,GCF_016607565.1_ASM1660756v1_genomic.fna,3481134,3481134,70346.5.fna_vs_GCF_016607565.1_ASM1660756v1_genomic.fna_blast.xml,0,0,0,0,0,0,1,1,3481132,0,0,0,0,0,0,70346_subject_array_1739690773.bin
277671,708131,MWH-HuqW11,708131.15,6,https://ftp.ncbi.nlm.nih.gov/genomes/all/GCF/029/894/305/GCF_029894305.1_ASM2989430v1,6,708131.15.fna,GCF_029894305.1_ASM2989430v1_genomic.fna,1658895,1658895,708131.15.fna_vs_GCF_029894305.1_ASM2989430v1_genomic.fna_blast.xml,0,0,0,0,0,0,0,0,1658895,0,0,0,0,0,0,708131_subject_array_1739690775.bin
277809,71388,IAM 14596,71388.4,6,https://ftp.ncbi.nlm.nih.gov/genomes/all/GCF/003/568/965/GCF_003568965.1_Vhalioticoli,6,71388.4.fna,GCF_003568965.1_Vhalioticoli_genomic.fna,4092510,4092510,71388.4.fna_vs_GCF_003568965.1_Vhalioticoli_genomic.fna_blast.xml,0,0,0,0,0,0,0,68179,4024329,0,0,0,2,0,0,71388_subject_array_1739690778.bin
277819,714,23R,714.784,6,https://ftp.ncbi.nlm.nih.gov/genomes/all/GCF/023/559/725/GCF_023559725.1_ASM2355972v1,6,714.784.fna,GCF_023559725.1_ASM2355972v1_genomic.fna,2164891,2164891,714.784.fna_vs_GCF_023559725.1_ASM2355972v1_genomic.fna_blast.xml,0,0,0,0,0,0,0,0,2164891,0,0,0,0,0,0,714_subject_array_1739690779.bin
277836,714,3R,714.789,6,https://ftp.ncbi.nlm.nih.gov/genomes/all/GCF/024/678/085/GCF_024678085.1_ASM2467808v1,6,714.789.fna,GCF_024678085.1_ASM2467808v1_genomic.fna,2344181,2344181,714.789.fna_vs_GCF_024678085.1_ASM2467808v1_genomic.fna_blast.xml,0,0,0,0,0,0,0,0,2344181,0,0,0,0,0,0,714_subject_array_1739690781.bin
278343,72407,90CM2,72407.1604,6,https://ftp.ncbi.nlm.nih.gov/genomes/all/GCF/018/604/765/GCF_018604765.1_ASM1860476v1,6,72407.1604.fna,GCF_018604765.1_ASM1860476v1_genomic.fna,5890098,5890098,72407.1604.fna_vs_GCF_018604765.1_ASM1860476v1_genomic.fna_blast.xml,0,0,0,0,0,0,0,0,5890098,0,0,0,0,0,0,72407_subject_array_1739690785.bin
278393,72407,CS00013,72407.2098,6,https://ftp.ncbi.nlm.nih.gov/genomes/all/GCF/030/177/035/GCF_030177035.1_ASM3017703v1,6,72407.2098.fna,GCF_030177035.1_ASM3017703v1_genomic.fna,5514225,5514225,72407.2098.fna_vs_GCF_030177035.1_ASM3017703v1_genomic.fna_blast.xml,0,0,0,0,0,0,0,0,5514225,0,0,0,0,0,0,72407_subject_array_1739690789.bin
278397,72407,CS00491,72407.2096,6,https://ftp.ncbi.nlm.nih.gov/genomes/all/GCF/030/122/725/GCF_030122725.1_ASM3012272v1,6,72407.2096.fna,GCF_030122725.1_ASM3012272v1_genomic.fna,5773344,5773344,72407.2096.fna_vs_GCF_030122725.1_ASM3012272v1_genomic.fna_blast.xml,0,0,0,0,0,0,0,0,5773344,0,0,0,0,0,0,72407_subject_array_1739690794.bin
278402,72407,DD01635,72407.1749,6,https://ftp.ncbi.nlm.nih.gov/genomes/all/GCF/023/066/785/GCF_023066785.1_ASM2306678v1,6,72407.1749.fna,GCF_023066785.1_ASM2306678v1_genomic.fna,5975177,5975177,72407.1749.fna_vs_GCF_023066785.1_ASM2306678v1_genomic.fna_blast.xml,0,0,0,0,0,0,0,0,5975177,0,0,0,0,0,0,72407_subject_array_1739690802.bin
278403,72407,DD01653,72407.1748,6,https://ftp.ncbi.nlm.nih.gov/genomes/all/GCF/023/066/765/GCF_023066765.1_ASM2306676v1,6,72407.1748.fna,GCF_023066765.1_ASM2306676v1_genomic.fna,5919133,5919133,72407.1748.fna_vs_GCF_023066765.1_ASM2306676v1_genomic.fna_blast.xml,0,0,0,0,0,0,0,0,5919133,0,0,0,0,0,0,72407_subject_array_1739690811.bin
278405,72407,DD01754,72407.1747,6,https://ftp.ncbi.nlm.nih.gov/genomes/all/GCF/023/066/745/GCF_023066745.1_ASM2306674v1,6,72407.1747.fna,GCF_023066745.1_ASM2306674v1_genomic.fna,6008596,6008596,72407.1747.fna_vs_GCF_023066745.1_ASM2306674v1_genomic.fna_blast.xml,0,0,0,0,0,0,0,0,6008596,0,0,0,0,0,0,72407_subject_array_1739690820.bin
278406,72407,DD01845,72407.1750,6,https://ftp.ncbi.nlm.nih.gov/genomes/all/GCF/023/066/805/GCF_023066805.1_ASM2306680v1,6,72407.1750.fna,GCF_023066805.1_ASM2306680v1_genomic.fna,5926330,5926330,72407.1750.fna_vs_GCF_023066805.1_ASM2306680v1_genomic.fna_blast.xml,0,0,0,0,0,0,0,0,5926330,0,0,0,0,0,0,72407_subject_array_1739690828.bin
278410,72407,DD02280,72407.1743,6,https://ftp.ncbi.nlm.nih.gov/genomes/all/GCF/023/066/665/GCF_023066665.1_ASM2306666v1,6,72407.1743.fna,GCF_023066665.1_ASM2306666v1_genomic.fna,5913197,5913197,72407.1743.fna_vs_GCF_023066665.1_ASM2306666v1_genomic.fna_blast.xml,0,0,0,0,0,0,0,0,5913197,0,0,0,0,0,0,72407_subject_array_1739690836.bin
278414,72407,DD02391,72407.1746,6,https://ftp.ncbi.nlm.nih.gov/genomes/all/GCF/023/066/725/GCF_023066725.1_ASM2306672v1,6,72407.1746.fna,GCF_023066725.1_ASM2306672v1_genomic.fna,5844807,5844807,72407.1746.fna_vs_GCF_023066725.1_ASM2306672v1_genomic.fna_blast.xml,0,0,0,0,0,0,0,0,5844807,0,0,0,0,0,0,72407_subject_array_1739690844.bin
278525,72407,KP96_L17_12.23_ST6796_NDM5,72407.2154,6,https://ftp.ncbi.nlm.nih.gov/genomes/all/GCF/033/802/785/GCF_033802785.1_ASM3380278v1,6,72407.2154.fna,GCF_033802785.1_ASM3380278v1_genomic.fna,5972399,5972399,72407.2154.fna_vs_GCF_033802785.1_ASM3380278v1_genomic.fna_blast.xml,0,0,0,0,0,0,0,0,5972399,0,0,0,0,0,0,72407_subject_array_1739690852.bin
278576,72407,KPN857,72407.1717,6,https://ftp.ncbi.nlm.nih.gov/genomes/all/GCF/021/442/005/GCF_021442005.1_ASM2144200v1,6,72407.1717.fna,GCF_021442005.1_ASM2144200v1_genomic.fna,5868295,5868295,72407.1717.fna_vs_GCF_021442005.1_ASM2144200v1_genomic.fna_blast.xml,0,0,0,0,0,0,0,0,5868295,0,0,0,0,0,0,72407_subject_array_1739690861.bin
278625,72407,Kpn37,72407.1928,6,https://ftp.ncbi.nlm.nih.gov/genomes/all/GCF/025/026/745/GCF_025026745.1_ASM2502674v1,6,72407.1928.fna,GCF_025026745.1_ASM2502674v1_genomic.fna,5635111,5635111,72407.1928.fna_vs_GCF_025026745.1_ASM2502674v1_genomic.fna_blast.xml,0,0,0,0,0,0,0,0,5635111,0,0,0,0,0,0,72407_subject_array_1739690869.bin
278630,72407,Kpn76,72407.1936,6,https://ftp.ncbi.nlm.nih.gov/genomes/all/GCF/025/026/855/GCF_025026855.1_ASM2502685v1,6,72407.1936.fna,GCF_025026855.1_ASM2502685v1_genomic.fna,5557176,5557176,72407.1936.fna_vs_GCF_025026855.1_ASM2502685v1_genomic.fna_blast.xml,0,0,0,0,0,0,0,0,5557176,0,0,0,0,0,0,72407_subject_array_1739690876.bin
278641,72407,LC-1873/18,72407.2032,6,https://ftp.ncbi.nlm.nih.gov/genomes/all/GCF/026/247/925/GCF_026247925.1_ASM2624792v1,6,72407.2032.fna,GCF_026247925.1_ASM2624792v1_genomic.fna,5843910,5843910,72407.2032.fna_vs_GCF_026247925.1_ASM2624792v1_genomic.fna_blast.xml,0,0,0,0,0,0,0,0,5843910,0,0,0,0,0,0,72407_subject_array_1739690884.bin
278734,72407,SA-KpST14,72407.1506,6,https://ftp.ncbi.nlm.nih.gov/genomes/all/GCF/017/301/375/GCF_017301375.1_ASM1730137v1,6,72407.1506.fna,GCF_017301375.1_ASM1730137v1_genomic.fna,5906615,5906615,72407.1506.fna_vs_GCF_017301375.1_ASM1730137v1_genomic.fna_blast.xml,0,0,0,0,0,0,0,0,5906615,0,0,0,0,0,0,72407_subject_array_1739690892.bin
278744,72407,SCKP020079,72407.2008,6,https://ftp.ncbi.nlm.nih.gov/genomes/all/GCF/002/852/975/GCF_002852975.3_ASM285297v3,6,72407.2008.fna,GCF_002852975.3_ASM285297v3_genomic.fna,5896463,5896463,72407.2008.fna_vs_GCF_002852975.3_ASM285297v3_genomic.fna_blast.xml,0,0,0,0,0,0,0,0,5896463,0,0,0,0,0,0,72407_subject_array_1739690900.bin
278745,72407,SCKP020143,72407.2019,6,https://ftp.ncbi.nlm.nih.gov/genomes/all/GCF/002/853/435/GCF_002853435.3_ASM285343v3,6,72407.2019.fna,GCF_002853435.3_ASM285343v3_genomic.fna,5852348,5852348,72407.2019.fna_vs_GCF_002853435.3_ASM285343v3_genomic.fna_blast.xml,0,0,0,0,0,0,0,0,5852348,0,0,0,0,0,0,72407_subject_array_1739690908.bin
278866,72407,T1,72407.2101,6,https://ftp.ncbi.nlm.nih.gov/genomes/all/GCF/030/263/875/GCF_030263875.1_ASM3026387v1,6,72407.2101.fna,GCF_030263875.1_ASM3026387v1_genomic.fna,5947914,5947914,72407.2101.fna_vs_GCF_030263875.1_ASM3026387v1_genomic.fna_blast.xml,0,0,0,0,0,0,0,0,5947914,0,0,0,0,0,0,72407_subject_array_1739690915.bin
278982,72407,WRC21_AI1646PC,72407.1653,6,https://ftp.ncbi.nlm.nih.gov/genomes/all/GCF/019/317/125/GCF_019317125.1_ASM1931712v1,6,72407.1653.fna,GCF_019317125.1_ASM1931712v1_genomic.fna,5656208,5656208,72407.1653.fna_vs_GCF_019317125.1_ASM1931712v1_genomic.fna_blast.xml,0,0,0,0,0,0,0,0,5656208,0,0,0,0,0,0,72407_subject_array_1739690922.bin
278999,72407,WRC31_S468MPCH,72407.1660,6,https://ftp.ncbi.nlm.nih.gov/genomes/all/GCF/019/317/265/GCF_019317265.1_ASM1931726v1,6,72407.1660.fna,GCF_019317265.1_ASM1931726v1_genomic.fna,5735332,5735332,72407.1660.fna_vs_GCF_019317265.1_ASM1931726v1_genomic.fna_blast.xml,0,0,0,0,0,0,0,0,5735332,0,0,0,0,0,0,72407_subject_array_1739690929.bin
280586,744512,DSM 103679,744512.3,6,https://ftp.ncbi.nlm.nih.gov/genomes/all/GCF/014/202/035/GCF_014202035.1_ASM1420203v1,6,744512.3.fna,GCF_014202035.1_ASM1420203v1_genomic.fna,2869177,2869177,744512.3.fna_vs_GCF_014202035.1_ASM1420203v1_genomic.fna_blast.xml,0,0,0,0,0,0,0,247,2868923,0,0,2,5,0,0,744512_subject_array_1739690934.bin
280604,745310,MM-1,745310.14,6,https://ftp.ncbi.nlm.nih.gov/genomes/all/GCF/000/347/675/GCF_000347675.2_ASM34767v2,6,745310.14.fna,GCF_000347675.2_ASM34767v2_genomic.fna,4633613,4633613,745310.14.fna_vs_GCF_000347675.2_ASM34767v2_genomic.fna_blast.xml,0,0,0,0,0,0,0,0,4633613,0,0,0,0,0,0,745310_subject_array_1739690939.bin
280651,747,18BRD-001,747.2252,6,https://ftp.ncbi.nlm.nih.gov/genomes/all/GCF/029/906/285/GCF_029906285.1_ASM2990628v1,6,747.2252.fna,GCF_029906285.1_ASM2990628v1_genomic.fna,2586323,2586323,747.2252.fna_vs_GCF_029906285.1_ASM2990628v1_genomic.fna_blast.xml,0,0,0,0,0,0,0,0,2586323,0,0,0,0,0,0,747_subject_array_1739690942.bin
280704,747,36655,747.1921,6,https://ftp.ncbi.nlm.nih.gov/genomes/all/GCF/023/556/055/GCF_023556055.1_ASM2355605v1,6,747.1921.fna,GCF_023556055.1_ASM2355605v1_genomic.fna,2304005,2304005,747.1921.fna_vs_GCF_023556055.1_ASM2355605v1_genomic.fna_blast.xml,0,0,0,0,0,0,0,0,2304005,0,0,0,0,0,0,747_subject_array_1739690944.bin
281062,74700,ATCC 51999,74700.4,6,https://ftp.ncbi.nlm.nih.gov/genomes/all/GCF/004/365/505/GCF_004365505.1_ASM436550v1,6,74700.4.fna,GCF_004365505.1_ASM436550v1_genomic.fna,829337,829337,74700.4.fna_vs_GCF_004365505.1_ASM436550v1_genomic.fna_blast.xml,0,0,0,0,0,0,0,0,829337,0,0,0,0,0,0,74700_subject_array_1739690945.bin
281160,74829,KOL14.W25.495.B5,74829.36,6,https://ftp.ncbi.nlm.nih.gov/genomes/all/GCF/016/622/525/GCF_016622525.1_ASM1662252v1,6,74829.36.fna,GCF_016622525.1_ASM1662252v1_genomic.fna,4356257,4356257,74829.36.fna_vs_GCF_016622525.1_ASM1662252v1_genomic.fna_blast.xml,0,0,0,0,0,0,0,31,4356226,0,0,0,0,0,0,74829_subject_array_1739690950.bin
281438,754515,ES3225-GEN-MYC,754515.4,6,https://ftp.ncbi.nlm.nih.gov/genomes/all/GCF/018/914/045/GCF_018914045.1_ASM1891404v1,6,754515.4.fna,GCF_018914045.1_ASM1891404v1_genomic.fna,768068,768068,754515.4.fna_vs_GCF_018914045.1_ASM1891404v1_genomic.fna_blast.xml,0,0,0,0,0,0,0,0,768068,0,0,0,0,0,0,754515_subject_array_1739690951.bin
281441,754523,WSM1689,754523.3,6,https://ftp.ncbi.nlm.nih.gov/genomes/all/GCF/000/517/605/GCF_000517605.1_ASM51760v1,6,754523.3.fna,GCF_000517605.1_ASM51760v1_genomic.fna,6903379,6903379,754523.3.fna_vs_GCF_000517605.1_ASM51760v1_genomic.fna_blast.xml,0,0,0,0,0,0,0,0,6903379,0,0,0,0,0,0,754523_subject_array_1739690956.bin
281515,756892,80-1-2,756892.71,6,https://ftp.ncbi.nlm.nih.gov/genomes/all/GCF/012/278/735/GCF_012278735.1_ASM1227873v1,6,756892.71.fna,GCF_012278735.1_ASM1227873v1_genomic.fna,3038308,3038308,756892.71.fna_vs_GCF_012278735.1_ASM1227873v1_genomic.fna_blast.xml,0,0,0,0,0,0,0,0,3038308,0,0,0,0,0,0,756892_subject_array_1739690959.bin
281516,756892,94-2,756892.72,6,https://ftp.ncbi.nlm.nih.gov/genomes/all/GCF/012/278/715/GCF_012278715.1_ASM1227871v1,6,756892.72.fna,GCF_012278715.1_ASM1227871v1_genomic.fna,3195659,3195659,756892.72.fna_vs_GCF_012278715.1_ASM1227871v1_genomic.fna_blast.xml,0,0,0,0,0,0,0,0,3195659,0,0,0,0,0,0,756892_subject_array_1739690961.bin
281635,756892,XG03,756892.63,6,https://ftp.ncbi.nlm.nih.gov/genomes/all/GCF/009/914/395/GCF_009914395.1_ASM991439v1,6,756892.63.fna,GCF_009914395.1_ASM991439v1_genomic.fna,3277303,3277303,756892.63.fna_vs_GCF_009914395.1_ASM991439v1_genomic.fna_blast.xml,0,0,0,0,0,0,0,0,3277303,0,0,0,0,0,0,756892_subject_array_1739690964.bin
281670,758782,THE68,758782.6,6,https://ftp.ncbi.nlm.nih.gov/genomes/all/GCF/009/938/265/GCF_009938265.1_ASM993826v1,6,758782.6.fna,GCF_009938265.1_ASM993826v1_genomic.fna,7982451,7982451,758782.6.fna_vs_GCF_009938265.1_ASM993826v1_genomic.fna_blast.xml,0,0,0,0,0,0,0,0,7982451,0,0,0,0,0,0,758782_subject_array_1739690971.bin
281819,75985,36267_S_46,75985.991,6,https://ftp.ncbi.nlm.nih.gov/genomes/all/GCF/039/617/775/GCF_039617775.1_ASM3961777v1,6,75985.991.fna,GCF_039617775.1_ASM3961777v1_genomic.fna,2676559,2676559,75985.991.fna_vs_GCF_039617775.1_ASM3961777v1_genomic.fna_blast.xml,0,0,0,0,0,0,0,0,2676559,0,0,0,0,0,0,75985_subject_array_1739690973.bin
281855,75985,39168_S_24,75985.965,6,https://ftp.ncbi.nlm.nih.gov/genomes/all/GCF/039/617/275/GCF_039617275.1_ASM3961727v1,6,75985.965.fna,GCF_039617275.1_ASM3961727v1_genomic.fna,2721720,2721720,75985.965.fna_vs_GCF_039617275.1_ASM3961727v1_genomic.fna_blast.xml,0,0,0,0,0,0,0,0,2721720,0,0,0,0,0,0,75985_subject_array_1739690975.bin
281860,75985,39324_S_16,75985.963,6,https://ftp.ncbi.nlm.nih.gov/genomes/all/GCF/039/617/235/GCF_039617235.1_ASM3961723v1,6,75985.963.fna,GCF_039617235.1_ASM3961723v1_genomic.fna,2716951,2716951,75985.963.fna_vs_GCF_039617235.1_ASM3961723v1_genomic.fna_blast.xml,0,0,0,0,0,0,0,0,2716951,0,0,0,0,0,0,75985_subject_array_1739690978.bin
281914,75985,MH050,75985.949,6,https://ftp.ncbi.nlm.nih.gov/genomes/all/GCF/039/616/955/GCF_039616955.1_ASM3961695v1,6,75985.949.fna,GCF_039616955.1_ASM3961695v1_genomic.fna,2780698,2780698,75985.949.fna_vs_GCF_039616955.1_ASM3961695v1_genomic.fna_blast.xml,0,0,0,0,0,0,0,0,2780698,0,0,0,0,0,0,75985_subject_array_1739690980.bin
282027,760788,GA17484,760788.3,6,https://ftp.ncbi.nlm.nih.gov/genomes/all/GCF/000/279/855/GCF_000279855.1_ASM27985v1,6,760788.3.fna,GCF_000279855.1_ASM27985v1_genomic.fna,2037743,2037743,760788.3.fna_vs_GCF_000279855.1_ASM27985v1_genomic.fna_blast.xml,0,0,0,0,0,0,0,0,2037743,0,0,0,0,0,0,760788_subject_array_1739690982.bin
282067,761193,DSM 19594,761193.3,6,https://ftp.ncbi.nlm.nih.gov/genomes/all/GCF/000/218/895/GCF_000218895.1_ASM21889v1,6,761193.3.fna,GCF_000218895.1_ASM21889v1_genomic.fna,6919729,6919729,761193.3.fna_vs_GCF_000218895.1_ASM21889v1_genomic.fna_blast.xml,0,0,0,0,0,0,0,0,6919729,0,0,0,0,0,0,761193_subject_array_1739690988.bin
282644,76860,1001254J_160919_C10,76860.26,6,https://ftp.ncbi.nlm.nih.gov/genomes/all/GCF/015/559/305/GCF_015559305.1_ASM1555930v1,6,76860.26.fna,GCF_015559305.1_ASM1555930v1_genomic.fna,1755446,1755446,76860.26.fna_vs_GCF_015559305.1_ASM1555930v1_genomic.fna_blast.xml,0,0,0,0,0,0,0,345,1755101,0,0,0,0,0,0,76860_subject_array_1739690989.bin
283226,80878,DSM 7270,80878.16,6,https://ftp.ncbi.nlm.nih.gov/genomes/all/GCF/006/716/905/GCF_006716905.1_ASM671690v1,6,80878.16.fna,GCF_006716905.1_ASM671690v1_genomic.fna,4651394,4651394,80878.16.fna_vs_GCF_006716905.1_ASM671690v1_genomic.fna_blast.xml,0,0,0,0,0,0,0,0,4651394,0,0,0,0,0,0,80878_subject_array_1739690993.bin
283287,813,R26833extract,813.64,6,https://ftp.ncbi.nlm.nih.gov/genomes/all/GCF/001/398/155/GCF_001398155.1_7501_6_49,6,813.64.fna,GCF_001398155.1_7501_6_49_genomic.fna,1062525,1062525,813.64.fna_vs_GCF_001398155.1_7501_6_49_genomic.fna_blast.xml,0,0,0,0,0,0,0,0,1062525,0,0,0,0,0,0,813_subject_array_1739690994.bin
283625,817,GB-124,817.1715,6,https://ftp.ncbi.nlm.nih.gov/genomes/all/GCF/014/893/755/GCF_014893755.1_ASM1489375v1,6,817.1715.fna,GCF_014893755.1_ASM1489375v1_genomic.fna,5141158,5141158,817.1715.fna_vs_GCF_014893755.1_ASM1489375v1_genomic.fna_blast.xml,0,0,0,0,0,0,0,0,5141158,0,0,0,0,0,0,817_subject_array_1739690998.bin
283860,818,BFG-114,818.2138,6,https://ftp.ncbi.nlm.nih.gov/genomes/all/GCF/024/788/465/GCF_024788465.1_ASM2478846v1,6,818.2138.fna,GCF_024788465.1_ASM2478846v1_genomic.fna,6796438,6796438,818.2138.fna_vs_GCF_024788465.1_ASM2478846v1_genomic.fna_blast.xml,0,0,0,0,0,0,0,0,6796438,0,0,0,0,0,0,818_subject_array_1739691003.bin
283865,818,BFG-123,818.2141,6,https://ftp.ncbi.nlm.nih.gov/genomes/all/GCF/024/788/765/GCF_024788765.1_ASM2478876v1,6,818.2141.fna,GCF_024788765.1_ASM2478876v1_genomic.fna,6720086,6720086,818.2141.fna_vs_GCF_024788765.1_ASM2478876v1_genomic.fna_blast.xml,0,0,0,0,0,0,0,0,6720086,0,0,0,0,0,0,818_subject_array_1739691008.bin
283881,818,BFG-270,818.2154,6,https://ftp.ncbi.nlm.nih.gov/genomes/all/GCF/024/790/645/GCF_024790645.1_ASM2479064v1,6,818.2154.fna,GCF_024790645.1_ASM2479064v1_genomic.fna,6802271,6802271,818.2154.fna_vs_GCF_024790645.1_ASM2479064v1_genomic.fna_blast.xml,0,0,0,0,0,0,0,0,6802267,0,0,1,3,0,0,818_subject_array_1739691014.bin
283883,818,BFG-331,818.2170,6,https://ftp.ncbi.nlm.nih.gov/genomes/all/GCF/024/792/525/GCF_024792525.1_ASM2479252v1,6,818.2170.fna,GCF_024792525.1_ASM2479252v1_genomic.fna,6644768,6644768,818.2170.fna_vs_GCF_024792525.1_ASM2479252v1_genomic.fna_blast.xml,0,0,0,0,0,0,0,0,6644768,0,0,0,0,0,0,818_subject_array_1739691019.bin
283888,818,BFG-368,818.2130,6,https://ftp.ncbi.nlm.nih.gov/genomes/all/GCF/024/787/385/GCF_024787385.1_ASM2478738v1,6,818.2130.fna,GCF_024787385.1_ASM2478738v1_genomic.fna,6539322,6539322,818.2130.fna_vs_GCF_024787385.1_ASM2478738v1_genomic.fna_blast.xml,0,0,0,0,0,0,0,0,6539322,0,0,0,0,0,0,818_subject_array_1739691024.bin
283891,818,BFG-390,818.2160,6,https://ftp.ncbi.nlm.nih.gov/genomes/all/GCF/024/791/185/GCF_024791185.1_ASM2479118v1,6,818.2160.fna,GCF_024791185.1_ASM2479118v1_genomic.fna,6450916,6450916,818.2160.fna_vs_GCF_024791185.1_ASM2479118v1_genomic.fna_blast.xml,0,0,0,0,0,0,0,0,6450860,0,0,1,54,0,1,818_subject_array_1739691029.bin
283899,818,BFG-601,818.2155,6,https://ftp.ncbi.nlm.nih.gov/genomes/all/GCF/024/790/745/GCF_024790745.1_ASM2479074v1,6,818.2155.fna,GCF_024790745.1_ASM2479074v1_genomic.fna,6833791,6833791,818.2155.fna_vs_GCF_024790745.1_ASM2479074v1_genomic.fna_blast.xml,0,0,0,0,0,0,0,0,6833791,0,0,0,0,0,0,818_subject_array_1739691034.bin
284290,820,BFG-366,820.5956,6,https://ftp.ncbi.nlm.nih.gov/genomes/all/GCF/024/788/565/GCF_024788565.1_ASM2478856v1,6,820.5956.fna,GCF_024788565.1_ASM2478856v1_genomic.fna,5125430,5125430,820.5956.fna_vs_GCF_024788565.1_ASM2478856v1_genomic.fna_blast.xml,0,0,0,0,0,0,0,0,5125430,0,0,0,0,0,0,820_subject_array_1739691038.bin
284292,820,BFG-377,820.5963,6,https://ftp.ncbi.nlm.nih.gov/genomes/all/GCF/024/793/825/GCF_024793825.1_ASM2479382v1,6,820.5963.fna,GCF_024793825.1_ASM2479382v1_genomic.fna,4961242,4961242,820.5963.fna_vs_GCF_024793825.1_ASM2479382v1_genomic.fna_blast.xml,0,0,0,0,0,0,0,0,4961242,0,0,0,0,0,0,820_subject_array_1739691042.bin
285268,82633,FDAARGOS_1472,82633.31,6,https://ftp.ncbi.nlm.nih.gov/genomes/all/GCF/019/931/045/GCF_019931045.1_ASM1993104v1,6,82633.31.fna,GCF_019931045.1_ASM1993104v1_genomic.fna,6483357,6483357,82633.31.fna_vs_GCF_019931045.1_ASM1993104v1_genomic.fna_blast.xml,0,0,0,0,0,0,0,0,6483357,0,0,0,0,0,0,82633_subject_array_1739691047.bin
285348,82801,EGm139,82801.14,6,https://ftp.ncbi.nlm.nih.gov/genomes/all/GCF/030/126/965/GCF_030126965.1_ASM3012696v1,6,82801.14.fna,GCF_030126965.1_ASM3012696v1_genomic.fna,2419701,2419701,82801.14.fna_vs_GCF_030126965.1_ASM3012696v1_genomic.fna_blast.xml,0,0,0,0,0,0,0,0,2419701,0,0,0,0,0,0,82801_subject_array_1739691049.bin
285486,83219,SC7-37,83219.16,6,https://ftp.ncbi.nlm.nih.gov/genomes/all/GCF/016/801/755/GCF_016801755.1_ASM1680175v1,6,83219.16.fna,GCF_016801755.1_ASM1680175v1_genomic.fna,4046066,4046066,83219.16.fna_vs_GCF_016801755.1_ASM1680175v1_genomic.fna_blast.xml,0,0,0,0,0,0,0,0,4046066,0,0,0,0,0,0,83219_subject_array_1739691051.bin
285555,83334,1175,83334.215,6,https://ftp.ncbi.nlm.nih.gov/genomes/all/GCF/001/939/185/GCF_001939185.1_ASM193918v1,6,83334.215.fna,GCF_001939185.1_ASM193918v1_genomic.fna,5648519,5648519,83334.215.fna_vs_GCF_001939185.1_ASM193918v1_genomic.fna_blast.xml,0,0,0,0,0,0,0,0,5648519,0,0,0,0,0,0,83334_subject_array_1739691057.bin
285780,83554,Corella_41C,83554.129,6,https://ftp.ncbi.nlm.nih.gov/genomes/all/GCF/029/813/365/GCF_029813365.1_ASM2981336v1,6,83554.129.fna,GCF_029813365.1_ASM2981336v1_genomic.fna,1180162,1180162,83554.129.fna_vs_GCF_029813365.1_ASM2981336v1_genomic.fna_blast.xml,0,0,0,0,0,0,0,0,1180162,0,0,0,0,0,0,83554_subject_array_1739691058.bin
285788,83554,Foal2_C,83554.112,6,https://ftp.ncbi.nlm.nih.gov/genomes/all/GCF/023/606/505/GCF_023606505.1_ASM2360650v1,6,83554.112.fna,GCF_023606505.1_ASM2360650v1_genomic.fna,1173561,1173561,83554.112.fna_vs_GCF_023606505.1_ASM2360650v1_genomic.fna_blast.xml,0,0,0,0,0,0,0,0,1173561,0,0,0,0,0,0,83554_subject_array_1739691059.bin
285804,83554,NZ_Budgie,83554.127,6,https://ftp.ncbi.nlm.nih.gov/genomes/all/GCF/029/813/315/GCF_029813315.1_ASM2981331v1,6,83554.127.fna,GCF_029813315.1_ASM2981331v1_genomic.fna,1179516,1179516,83554.127.fna_vs_GCF_029813315.1_ASM2981331v1_genomic.fna_blast.xml,0,0,0,0,0,0,0,0,1179516,0,0,0,0,0,0,83554_subject_array_1739691059.bin
285810,83554,Racing_Pigeon24,83554.114,6,https://ftp.ncbi.nlm.nih.gov/genomes/all/GCF/023/606/545/GCF_023606545.1_ASM2360654v1,6,83554.114.fna,GCF_023606545.1_ASM2360654v1_genomic.fna,1174294,1174294,83554.114.fna_vs_GCF_023606545.1_ASM2360654v1_genomic.fna_blast.xml,0,0,0,0,0,0,0,0,1174294,0,0,0,0,0,0,83554_subject_array_1739691060.bin
285821,83555,10DC83,83555.41,6,https://ftp.ncbi.nlm.nih.gov/genomes/all/GCF/900/118/925/GCF_900118925.1_7067_6_63,6,83555.41.fna,GCF_900118925.1_7067_6_63_genomic.fna,1163620,1163620,83555.41.fna_vs_GCF_900118925.1_7067_6_63_genomic.fna_blast.xml,0,0,0,0,0,0,0,0,1163620,0,0,0,0,0,0,83555_subject_array_1739691061.bin
285925,83655,E61,83655.114,6,https://ftp.ncbi.nlm.nih.gov/genomes/all/GCF/008/931/385/GCF_008931385.1_ASM893138v1,6,83655.114.fna,GCF_008931385.1_ASM893138v1_genomic.fna,5693841,5693841,83655.114.fna_vs_GCF_008931385.1_ASM893138v1_genomic.fna_blast.xml,0,0,0,0,0,0,0,0,5693841,0,0,0,0,0,0,83655_subject_array_1739691065.bin
285981,83655,WWCOL-134,83655.452,6,https://ftp.ncbi.nlm.nih.gov/genomes/all/GCF/039/085/625/GCF_039085625.1_ASM3908562v1,6,83655.452.fna,GCF_039085625.1_ASM3908562v1_genomic.fna,5081163,5081163,83655.452.fna_vs_GCF_039085625.1_ASM3908562v1_genomic.fna_blast.xml,0,0,0,0,0,0,0,0,5081163,0,0,0,0,0,0,83655_subject_array_1739691070.bin
286103,839,JCM 8259,839.125,6,https://ftp.ncbi.nlm.nih.gov/genomes/all/GCF/019/973/335/GCF_019973335.1_ASM1997333v1,6,839.125.fna,GCF_019973335.1_ASM1997333v1_genomic.fna,3587200,3587200,839.125.fna_vs_GCF_019973335.1_ASM1997333v1_genomic.fna_blast.xml,0,0,0,0,0,0,0,437,3586759,0,0,0,4,0,0,839_subject_array_1739691073.bin
286110,83963,PSP1,83963.20,6,https://ftp.ncbi.nlm.nih.gov/genomes/all/GCF/029/870/755/GCF_029870755.1_ASM2987075v1,6,83963.20.fna,GCF_029870755.1_ASM2987075v1_genomic.fna,6520578,6520578,83963.20.fna_vs_GCF_029870755.1_ASM2987075v1_genomic.fna_blast.xml,0,0,0,0,0,0,0,0,6520578,0,0,0,0,0,0,83963_subject_array_1739691079.bin
286941,85581,KC-Na-1,85581.18,6,https://ftp.ncbi.nlm.nih.gov/genomes/all/GCF/002/142/615/GCF_002142615.1_ASM214261v1,6,85581.18.fna,GCF_002142615.1_ASM214261v1_genomic.fna,4544586,4544586,85581.18.fna_vs_GCF_002142615.1_ASM214261v1_genomic.fna_blast.xml,0,0,0,0,0,0,0,0,4544586,0,0,0,0,0,0,85581_subject_array_1739691083.bin
287290,85991,L1,85991.5,6,https://ftp.ncbi.nlm.nih.gov/genomes/all/GCF/001/469/535/GCF_001469535.1_ASM146953v1,6,85991.5.fna,GCF_001469535.1_ASM146953v1_genomic.fna,1113816,1113816,85991.5.fna_vs_GCF_001469535.1_ASM146953v1_genomic.fna_blast.xml,0,0,0,0,0,0,0,0,1113816,0,0,0,0,0,0,85991_subject_array_1739691084.bin
287581,86664,1480ba3,86664.54,6,https://ftp.ncbi.nlm.nih.gov/genomes/all/GCF/024/159/305/GCF_024159305.1_ASM2415930v1,6,86664.54.fna,GCF_024159305.1_ASM2415930v1_genomic.fna,4111671,4111671,86664.54.fna_vs_GCF_024159305.1_ASM2415930v1_genomic.fna_blast.xml,0,0,0,0,0,0,0,0,4111671,0,0,0,0,0,0,86664_subject_array_1739691090.bin
287743,869279,GNS-1,869279.7,6,https://ftp.ncbi.nlm.nih.gov/genomes/all/GCF/001/306/145/GCF_001306145.1_ASM130614v1,6,869279.7.fna,GCF_001306145.1_ASM130614v1_genomic.fna,3012066,3012066,869279.7.fna_vs_GCF_001306145.1_ASM130614v1_genomic.fna_blast.xml,0,0,0,0,0,0,0,0,3012066,0,0,0,0,0,0,869279_subject_array_1739691092.bin
287886,873533,ATCC 33269,873533.3,6,https://ftp.ncbi.nlm.nih.gov/genomes/all/GCF/000/185/145/GCF_000185145.2_ASM18514v2,6,873533.3.fna,GCF_000185145.2_ASM18514v2_genomic.fna,2836154,2839537,873533.3.fna_vs_GCF_000185145.2_ASM18514v2_genomic.fna_blast.xml,0,0,13,0,0,0,5,7965,307610,0,5,200,2523731,0,8,873533_subject_array_1739691094.bin
287900,875171,LH4,875171.6,6,https://ftp.ncbi.nlm.nih.gov/genomes/all/GCF/003/047/105/GCF_003047105.1_ASM304710v1,6,875171.6.fna,GCF_003047105.1_ASM304710v1_genomic.fna,4437368,4437368,875171.6.fna_vs_GCF_003047105.1_ASM304710v1_genomic.fna_blast.xml,0,0,0,0,0,0,1,419,4436948,0,0,0,0,0,0,875171_subject_array_1739691098.bin
287974,87883,2004Ycf347,87883.747,6,https://ftp.ncbi.nlm.nih.gov/genomes/all/GCF/023/896/255/GCF_023896255.1_ASM2389625v1,6,87883.747.fna,GCF_023896255.1_ASM2389625v1_genomic.fna,6610064,6610064,87883.747.fna_vs_GCF_023896255.1_ASM2389625v1_genomic.fna_blast.xml,0,0,0,0,0,0,0,0,6610064,0,0,0,0,0,0,87883_subject_array_1739691103.bin
287984,87883,2010Ycf503,87883.719,6,https://ftp.ncbi.nlm.nih.gov/genomes/all/GCF/023/374/775/GCF_023374775.1_ASM2337477v1,6,87883.719.fna,GCF_023374775.1_ASM2337477v1_genomic.fna,6534180,6534180,87883.719.fna_vs_GCF_023374775.1_ASM2337477v1_genomic.fna_blast.xml,0,0,0,0,0,0,0,0,6534180,0,0,0,0,0,0,87883_subject_array_1739691108.bin
288332,87883,P1Bm2012a,87883.377,6,https://ftp.ncbi.nlm.nih.gov/genomes/all/GCF/017/301/895/GCF_017301895.1_ASM1730189v1,6,87883.377.fna,GCF_017301895.1_ASM1730189v1_genomic.fna,6496445,6496445,87883.377.fna_vs_GCF_017301895.1_ASM1730189v1_genomic.fna_blast.xml,0,0,0,0,0,0,0,0,6496445,0,0,0,0,0,0,87883_subject_array_1739691113.bin
288747,883078,ATCC 49717,883078.3,6,https://ftp.ncbi.nlm.nih.gov/genomes/all/GCF/000/314/675/GCF_000314675.2_Afip_broo_ATCC_49717_V1,6,883078.3.fna,GCF_000314675.2_Afip_broo_ATCC_49717_V1_genomic.fna,5259998,5261968,883078.3.fna_vs_GCF_000314675.2_Afip_broo_ATCC_49717_V1_genomic.fna_blast.xml,0,0,0,0,0,0,0,1965,5260003,0,0,0,0,0,0,883078_subject_array_1739691117.bin
288789,883812,DSM 18751,883812.5,6,https://ftp.ncbi.nlm.nih.gov/genomes/all/GCF/002/217/735/GCF_002217735.1_ASM221773v1,6,883812.5.fna,GCF_002217735.1_ASM221773v1_genomic.fna,3794830,3794830,883812.5.fna_vs_GCF_002217735.1_ASM221773v1_genomic.fna_blast.xml,0,0,0,0,0,0,0,0,3794830,0,0,0,0,0,0,883812_subject_array_1739691121.bin
288867,885042,CCM 7855,885042.3,6,https://ftp.ncbi.nlm.nih.gov/genomes/all/GCF/014/635/305/GCF_014635305.1_ASM1463530v1,6,885042.3.fna,GCF_014635305.1_ASM1463530v1_genomic.fna,4809572,4809572,885042.3.fna_vs_GCF_014635305.1_ASM1463530v1_genomic.fna_blast.xml,0,0,0,0,0,0,0,0,4809572,0,0,0,0,0,0,885042_subject_array_1739691124.bin
288912,886913,Bu72,886913.3,6,https://ftp.ncbi.nlm.nih.gov/genomes/all/GCF/000/504/665/GCF_000504665.1_ASM50466v1,6,886913.3.fna,GCF_000504665.1_ASM50466v1_genomic.fna,7423506,7423806,886913.3.fna_vs_GCF_000504665.1_ASM50466v1_genomic.fna_blast.xml,0,0,0,0,0,0,0,300,7423506,0,0,0,0,0,0,886913_subject_array_1739691130.bin
289329,90245,NCTC11999,90245.6,6,https://ftp.ncbi.nlm.nih.gov/genomes/all/GCF/900/454/255/GCF_900454255.1_58529_D01,6,90245.6.fna,GCF_900454255.1_58529_D01_genomic.fna,2732245,2732245,90245.6.fna_vs_GCF_900454255.1_58529_D01_genomic.fna_blast.xml,0,0,0,0,0,0,0,0,2732245,0,0,0,0,0,0,90245_subject_array_1739691132.bin
290338,90371,AUSMDU00027951,90371.5037,6,https://ftp.ncbi.nlm.nih.gov/genomes/all/GCF/907/163/195/GCF_907163195.1_AUSMDU00027951,6,90371.5037.fna,GCF_907163195.1_AUSMDU00027951_genomic.fna,5232853,5232853,90371.5037.fna_vs_GCF_907163195.1_AUSMDU00027951_genomic.fna_blast.xml,0,0,0,0,0,0,0,0,5232853,0,0,0,0,0,0,90371_subject_array_1739691137.bin
290578,90371,CVM 28321-a,90371.4807,6,https://ftp.ncbi.nlm.nih.gov/genomes/all/GCF/016/452/165/GCF_016452165.1_ASM1645216v1,6,90371.4807.fna,GCF_016452165.1_ASM1645216v1_genomic.fna,5230756,5230756,90371.4807.fna_vs_GCF_016452165.1_ASM1645216v1_genomic.fna_blast.xml,0,0,0,0,0,0,0,0,5230756,0,0,0,0,0,0,90371_subject_array_1739691141.bin
291015,90371,SARA1,90371.4831,6,https://ftp.ncbi.nlm.nih.gov/genomes/all/GCF/016/773/285/GCF_016773285.1_ASM1677328v1,6,90371.4831.fna,GCF_016773285.1_ASM1677328v1_genomic.fna,4967117,4967117,90371.4831.fna_vs_GCF_016773285.1_ASM1677328v1_genomic.fna_blast.xml,0,0,0,0,0,0,0,0,4967117,0,0,0,0,0,0,90371_subject_array_1739691145.bin
291117,90371,SO21,90371.3754,6,https://ftp.ncbi.nlm.nih.gov/genomes/all/GCF/009/497/855/GCF_009497855.1_ASM949785v1,6,90371.3754.fna,GCF_009497855.1_ASM949785v1_genomic.fna,5060451,5060451,90371.3754.fna_vs_GCF_009497855.1_ASM949785v1_genomic.fna_blast.xml,0,0,0,0,0,0,0,0,5060451,0,0,0,0,0,0,90371_subject_array_1739691149.bin
291147,90371,ST931R,90371.1940,6,https://ftp.ncbi.nlm.nih.gov/genomes/all/GCF/001/729/225/GCF_001729225.1_ASM172922v1,6,90371.1940.fna,GCF_001729225.1_ASM172922v1_genomic.fna,5172494,5172494,90371.1940.fna_vs_GCF_001729225.1_ASM172922v1_genomic.fna_blast.xml,0,0,0,0,0,0,0,0,5172494,0,0,0,0,0,0,90371_subject_array_1739691153.bin
291607,913,Nb-106,913.12,6,https://ftp.ncbi.nlm.nih.gov/genomes/all/GCF/024/171/415/GCF_024171415.1_ASM2417141v1,6,913.12.fna,GCF_024171415.1_ASM2417141v1_genomic.fna,4004833,4004833,913.12.fna_vs_GCF_024171415.1_ASM2417141v1_genomic.fna_blast.xml,0,0,0,0,0,0,0,0,4004833,0,0,0,0,0,0,913_subject_array_1739691157.bin
291781,91822,NCTC13315,91822.3,6,https://ftp.ncbi.nlm.nih.gov/genomes/all/GCF/900/452/395/GCF_900452395.1_50618_B01,6,91822.3.fna,GCF_900452395.1_50618_B01_genomic.fna,3538304,3538304,91822.3.fna_vs_GCF_900452395.1_50618_B01_genomic.fna_blast.xml,0,0,0,0,0,0,0,0,3538304,0,0,0,0,0,0,91822_subject_array_1739691160.bin
291870,92404,B1T1,92404.3,6,https://ftp.ncbi.nlm.nih.gov/genomes/all/GCF/016/924/775/GCF_016924775.1_ASM1692477v1,6,92404.3.fna,GCF_016924775.1_ASM1692477v1_genomic.fna,844999,844999,92404.3.fna_vs_GCF_016924775.1_ASM1692477v1_genomic.fna_blast.xml,0,0,0,0,0,0,0,0,844999,0,0,0,0,0,0,92404_subject_array_1739691161.bin
291913,92644,F913,92644.8,6,https://ftp.ncbi.nlm.nih.gov/genomes/all/GCF/002/891/865/GCF_002891865.1_ASM289186v1,6,92644.8.fna,GCF_002891865.1_ASM289186v1_genomic.fna,11608319,11608319,92644.8.fna_vs_GCF_002891865.1_ASM289186v1_genomic.fna_blast.xml,0,0,0,0,0,0,0,15521,11592764,0,3,20,11,0,0,92644_subject_array_1739691172.bin
292054,929102,CV56,929102.3,6,https://ftp.ncbi.nlm.nih.gov/genomes/all/GCF/000/192/705/GCF_000192705.1_ASM19270v1,6,929102.3.fna,GCF_000192705.1_ASM19270v1_genomic.fna,2518737,2518737,929102.3.fna_vs_GCF_000192705.1_ASM19270v1_genomic.fna_blast.xml,0,0,0,0,0,0,0,0,2518737,0,0,0,0,0,0,929102_subject_array_1739691174.bin
292061,92947,SPU_B003,92947.3,6,https://ftp.ncbi.nlm.nih.gov/genomes/all/GCF/002/117/445/GCF_002117445.1_ASM211744v1,6,92947.3.fna,GCF_002117445.1_ASM211744v1_genomic.fna,2713835,2713835,92947.3.fna_vs_GCF_002117445.1_ASM211744v1_genomic.fna_blast.xml,0,0,0,0,0,0,0,0,2713835,0,0,0,0,0,0,92947_subject_array_1739691176.bin
292062,929506,BKT015925,929506.3,6,https://ftp.ncbi.nlm.nih.gov/genomes/all/GCF/000/204/565/GCF_000204565.1_ASM20456v1,6,929506.3.fna,GCF_000204565.1_ASM20456v1_genomic.fna,3207592,3207592,929506.3.fna_vs_GCF_000204565.1_ASM20456v1_genomic.fna_blast.xml,0,0,0,0,0,0,0,0,3207592,0,0,0,0,0,0,929506_subject_array_1739691179.bin
292068,929562,DSM 17448,929562.3,6,https://ftp.ncbi.nlm.nih.gov/genomes/all/GCF/000/263/195/GCF_000263195.1_ASM26319v1,6,929562.3.fna,GCF_000263195.1_ASM26319v1_genomic.fna,5220361,5220361,929562.3.fna_vs_GCF_000263195.1_ASM26319v1_genomic.fna_blast.xml,0,0,0,0,0,0,0,0,5220361,0,0,0,0,0,0,929562_subject_array_1739691183.bin
292358,935553,TOM,935553.4,6,https://ftp.ncbi.nlm.nih.gov/genomes/all/GCF/000/372/205/GCF_000372205.1_ASM37220v1,6,935553.4.fna,GCF_000372205.1_ASM37220v1_genomic.fna,7357668,7357668,935553.4.fna_vs_GCF_000372205.1_ASM37220v1_genomic.fna_blast.xml,0,0,0,0,0,0,0,0,7357668,0,0,0,0,0,0,935553_subject_array_1739691189.bin
292484,938155,Chongqingii CQ16Z1,938155.4,6,https://ftp.ncbi.nlm.nih.gov/genomes/all/GCF/015/566/135/GCF_015566135.1_ASM1556613v1,6,938155.4.fna,GCF_015566135.1_ASM1556613v1_genomic.fna,2654961,2654961,938155.4.fna_vs_GCF_015566135.1_ASM1556613v1_genomic.fna_blast.xml,0,0,0,0,0,0,0,0,2654961,0,0,0,0,0,0,938155_subject_array_1739691192.bin
292535,941280,B1117-PB_2011,941280.23,6,https://ftp.ncbi.nlm.nih.gov/genomes/all/GCF/005/671/135/GCF_005671135.1_ASM567113v1,6,941280.23.fna,GCF_005671135.1_ASM567113v1_genomic.fna,5354246,5354246,941280.23.fna_vs_GCF_005671135.1_ASM567113v1_genomic.fna_blast.xml,0,0,0,0,0,0,0,0,5354246,0,0,0,0,0,0,941280_subject_array_1739691196.bin
292539,941280,B1194-PB_2012,941280.11,6,https://ftp.ncbi.nlm.nih.gov/genomes/all/GCF/005/670/845/GCF_005670845.1_ASM567084v1,6,941280.11.fna,GCF_005670845.1_ASM567084v1_genomic.fna,5481746,5481746,941280.11.fna_vs_GCF_005670845.1_ASM567084v1_genomic.fna_blast.xml,0,0,0,0,0,0,0,0,5481746,0,0,0,0,0,0,941280_subject_array_1739691201.bin
292546,941280,B1360-PB_2012,941280.18,6,https://ftp.ncbi.nlm.nih.gov/genomes/all/GCF/005/671/035/GCF_005671035.1_ASM567103v1,6,941280.18.fna,GCF_005671035.1_ASM567103v1_genomic.fna,5383481,5383481,941280.18.fna_vs_GCF_005671035.1_ASM567103v1_genomic.fna_blast.xml,0,0,0,0,0,0,0,0,5383481,0,0,0,0,0,0,941280_subject_array_1739691205.bin
292563,941322,2017_APHA,941322.132,6,https://ftp.ncbi.nlm.nih.gov/genomes/all/GCF/014/217/155/GCF_014217155.1_ASM1421715v1,6,941322.132.fna,GCF_014217155.1_ASM1421715v1_genomic.fna,5144044,5144044,941322.132.fna_vs_GCF_014217155.1_ASM1421715v1_genomic.fna_blast.xml,0,0,0,0,0,0,0,0,5144044,0,0,0,0,0,0,941322_subject_array_1739691210.bin
292564,941322,2019_APHA,941322.131,6,https://ftp.ncbi.nlm.nih.gov/genomes/all/GCF/014/217/135/GCF_014217135.1_ASM1421713v1,6,941322.131.fna,GCF_014217135.1_ASM1421713v1_genomic.fna,5190371,5190371,941322.131.fna_vs_GCF_014217135.1_ASM1421713v1_genomic.fna_blast.xml,0,0,0,0,0,0,0,0,5190371,0,0,0,0,0,0,941322_subject_array_1739691214.bin
292756,94625,MF13.2C,94625.47,6,https://ftp.ncbi.nlm.nih.gov/genomes/all/GCF/020/526/685/GCF_020526685.1_ASM2052668v1,6,94625.47.fna,GCF_020526685.1_ASM2052668v1_genomic.fna,4571499,4571499,94625.47.fna_vs_GCF_020526685.1_ASM2052668v1_genomic.fna_blast.xml,0,0,1,0,0,0,0,2269,4569219,0,0,1,9,0,0,94625_subject_array_1739691217.bin
292779,94626,SY-3,94626.23,6,https://ftp.ncbi.nlm.nih.gov/genomes/all/GCF/023/108/915/GCF_023108915.1_ASM2310891v1,6,94626.23.fna,GCF_023108915.1_ASM2310891v1_genomic.fna,5448015,5448015,94626.23.fna_vs_GCF_023108915.1_ASM2310891v1_genomic.fna_blast.xml,0,0,0,0,0,0,0,0,5448015,0,0,0,0,0,0,94626_subject_array_1739691222.bin
293177,95486,FDAARGOS_187,95486.341,6,https://ftp.ncbi.nlm.nih.gov/genomes/all/GCF/002/891/255/GCF_002891255.1_ASM289125v1,6,95486.341.fna,GCF_002891255.1_ASM289125v1_genomic.fna,7465327,7465327,95486.341.fna_vs_GCF_002891255.1_ASM289125v1_genomic.fna_blast.xml,0,0,0,0,0,0,0,0,7465327,0,0,0,0,0,0,95486_subject_array_1739691227.bin
293415,95486,toggle3,95486.641,6,https://ftp.ncbi.nlm.nih.gov/genomes/all/GCF/018/228/625/GCF_018228625.1_ASM1822862v1,6,95486.641.fna,GCF_018228625.1_ASM1822862v1_genomic.fna,8143477,8143477,95486.641.fna_vs_GCF_018228625.1_ASM1822862v1_genomic.fna_blast.xml,0,0,0,0,0,0,1,0,8143476,0,0,0,0,0,0,95486_subject_array_1739691234.bin
294604,992025,NQ4228,992025.3,6,https://ftp.ncbi.nlm.nih.gov/genomes/all/GCF/000/274/925/GCF_000274925.1_ASM27492v1,6,992025.3.fna,GCF_000274925.1_ASM27492v1_genomic.fna,1653281,1653281,992025.3.fna_vs_GCF_000274925.1_ASM27492v1_genomic.fna_blast.xml,0,0,0,0,0,0,0,0,1653281,0,0,0,0,0,0,992025_subject_array_1739691235.bin
294605,992026,NQ4099,992026.3,6,https://ftp.ncbi.nlm.nih.gov/genomes/all/GCF/000/274/565/GCF_000274565.1_ASM27456v1,6,992026.3.fna,GCF_000274565.1_ASM27456v1_genomic.fna,1650644,1650644,992026.3.fna_vs_GCF_000274565.1_ASM27456v1_genomic.fna_blast.xml,0,0,0,0,0,0,0,0,1650644,0,0,0,0,0,0,992026_subject_array_1739691236.bin
294606,992027,NQ4053,992027.3,6,https://ftp.ncbi.nlm.nih.gov/genomes/all/GCF/000/274/605/GCF_000274605.1_ASM27460v1,6,992027.3.fna,GCF_000274605.1_ASM27460v1_genomic.fna,1652030,1652030,992027.3.fna_vs_GCF_000274605.1_ASM27460v1_genomic.fna_blast.xml,0,0,0,0,0,0,0,0,1652030,0,0,0,0,0,0,992027_subject_array_1739691238.bin
294644,992072,Hp P-1,992072.3,6,https://ftp.ncbi.nlm.nih.gov/genomes/all/GCF/000/274/785/GCF_000274785.1_ASM27478v1,6,992072.3.fna,GCF_000274785.1_ASM27478v1_genomic.fna,1669637,1669637,992072.3.fna_vs_GCF_000274785.1_ASM27478v1_genomic.fna_blast.xml,0,0,0,0,0,0,0,0,1669637,0,0,0,0,0,0,992072_subject_array_1739691239.bin
294645,992073,Hp P-2,992073.3,6,https://ftp.ncbi.nlm.nih.gov/genomes/all/GCF/000/274/805/GCF_000274805.1_ASM27480v1,6,992073.3.fna,GCF_000274805.1_ASM27480v1_genomic.fna,1693870,1693870,992073.3.fna_vs_GCF_000274805.1_ASM27480v1_genomic.fna_blast.xml,0,0,0,0,0,0,0,0,1693870,0,0,0,0,0,0,992073_subject_array_1739691240.bin
294669,992111,Hp P-25c,992111.3,6,https://ftp.ncbi.nlm.nih.gov/genomes/all/GCF/000/274/465/GCF_000274465.1_ASM27446v1,6,992111.3.fna,GCF_000274465.1_ASM27446v1_genomic.fna,1669110,1669110,992111.3.fna_vs_GCF_000274465.1_ASM27446v1_genomic.fna_blast.xml,0,0,0,0,0,0,0,0,1669110,0,0,0,0,0,0,992111_subject_array_1739691241.bin
294761,993414,DSM 24323,993414.3,6,https://ftp.ncbi.nlm.nih.gov/genomes/all/GCF/004/364/645/GCF_004364645.1_ASM436464v1,6,993414.3.fna,GCF_004364645.1_ASM436464v1_genomic.fna,3473971,3473971,993414.3.fna_vs_GCF_004364645.1_ASM436464v1_genomic.fna_blast.xml,0,0,0,0,0,0,0,0,3473971,0,0,0,0,0,0,993414_subject_array_1739691244.bin
295035,999541,BSR3,999541.3,6,https://ftp.ncbi.nlm.nih.gov/genomes/all/GCF/000/194/745/GCF_000194745.1_ASM19474v1,6,999541.3.fna,GCF_000194745.1_ASM19474v1_genomic.fna,9052299,9052299,999541.3.fna_vs_GCF_000194745.1_ASM19474v1_genomic.fna_blast.xml,0,0,0,0,0,0,0,1,9052298,0,0,0,0,0,0,999541_subject_array_1739691251.bin
