#name,species,division,taxonomy_id,assembly,assembly_accession,genebuild,variation,microarray,pan_compara,peptide_compara,genome_alignments,other_alignments,core_db,species_id,#assembly_accession,bioproject,biosample,wgs_master,refseq_category,taxid,species_taxid,organism_name,infraspecific_name,isolate,version_status,assembly_level,release_type,genome_rep,seq_rel_date,asm_name,asm_submitter,gbrs_paired_asm,paired_asm_comp,ftp_path,excluded_from_refseq,relation_to_type_material,asm_not_live_date,assembly_type,group,genome_size,genome_size_ungapped,gc_percent,replicon_count,scaffold_count,contig_count,annotation_provider,annotation_name,annotation_date,total_gene_count,protein_coding_gene_count,non_coding_gene_count,pubmed_id,fasta_filename,downloaded_filename
kluyveromyces_marxianus_dmku3_1042_gca_001417885,EnsemblFungi,1003335,Kmar_1.0,GCA_001417885.1,2016-12-YamaguchiUniversity,N,N,N,N,N,Y,fungi_ascomycota3_collection_core_61_114_1,116,,GCF_001417885.1,PRJNA264644,SAMD00067077,na,reference genome,1003335,4911,Kluyveromyces marxianus DMKU3-1042,strain=DMKU3-1042,na,latest,Complete Genome,Major,Full,2014-01-14,Kmar_1.0,Yamaguchi University,GCA_001417885.1,identical,https://ftp.ncbi.nlm.nih.gov/genomes/all/GCF/001/417/885/GCF_001417885.1_Kmar_1.0,na,na,na,haploid,fungi,10920159,10920159,40.0,8,8,8,Yamaguchi University,Annotation submitted by Yamaguchi University,2024-12-04,5151,4941,210,25834639,Kluyveromyces_marxianus_dmku3_1042_gca_001417885.Kmar_1.0.dna.toplevel.fa,GCF_001417885.1_Kmar_1.0_genomic.fna.gz
trichoderma_asperellum_gca_013423425,EnsemblFungi,101201,Tasp_IC-1_01,GCA_013423425.1,2020-07-Chubuuniversity,N,N,N,N,N,Y,fungi_ascomycota5_collection_core_61_114_1,230,,GCF_020647865.1,PRJNA1128265,SAMN17838724,na,reference genome,101201,101201,Trichoderma asperellum,strain=FT101,na,latest,Complete Genome,Major,Full,2021-10-27,ASM2064786v1,Academia Sinica,GCA_020647865.1,different,https://ftp.ncbi.nlm.nih.gov/genomes/all/GCF/020/647/865/GCF_020647865.1_ASM2064786v1,na,na,na,haploid,fungi,37545380,37545380,47.0,7,7,7,Academia Sinica,Annotation submitted by Academia Sinica,2024-06-26,12041,11857,184,34908505,Trichoderma_asperellum_gca_013423425.Tasp_IC-1_01.dna.toplevel.fa,GCF_020647865.1_ASM2064786v1_genomic.fna.gz
fusarium_pseudograminearum,EnsemblFungi,1028729,FP7,GCA_000303195.1,2014-03-CSIRO,N,N,N,Y,N,Y,fusarium_pseudograminearum_core_61_114_1,1,,GCF_000303195.2,PRJNA242845,SAMN02981337,AFNW00000000.1,reference genome,1028729,101028,Fusarium pseudograminearum CS3096,strain=CS3096,na,latest,Chromosome,Major,Full,2015-04-15,FP7,CSIRO,GCA_000303195.2,identical,https://ftp.ncbi.nlm.nih.gov/genomes/all/GCF/000/303/195/GCF_000303195.2_FP7,na,na,na,haploid,fungi,36863345,36825645,48.0,4,279,656,CSIRO,Annotation submitted by CSIRO,2024-01-17,12445,12445,0,23028337,,GCF_000303195.2_FP7_genomic.fna.gz
aspergillus_versicolor_cbs_583_65_gca_001890125,EnsemblFungi,1036611,Aspve1,GCA_001890125.1,2016-12-DOEJointGenomeInstitute,N,N,N,N,N,Y,fungi_ascomycota3_collection_core_61_114_1,208,,GCF_001890125.1,PRJNA721993,SAMN02744095,MRBN00000000.1,reference genome,1036611,46472,Aspergillus versicolor CBS 583.65,strain=CBS 583.65,na,latest,Scaffold,Major,Full,2016-12-06,Aspve1,DOE Joint Genome Institute,GCA_001890125.1,identical,https://ftp.ncbi.nlm.nih.gov/genomes/all/GCF/001/890/125/GCF_001890125.1_Aspve1,na,assembly designated as neotype,na,haploid,fungi,33126810,33121003,50.0,0,51,129,DOE Joint Genome Institute,Annotation submitted by DOE Joint Genome Institute,2025-02-21,13361,13219,141,na,Aspergillus_versicolor_cbs_583_65_gca_001890125.Aspve1.dna.toplevel.fa,GCF_001890125.1_Aspve1_genomic.fna.gz
aspergillus_sydowii_cbs_593_65_gca_001890705,EnsemblFungi,1036612,Aspsy1,GCA_001890705.1,2016-12-DOEJointGenomeInstitute,N,N,N,N,N,Y,fungi_ascomycota3_collection_core_61_114_1,258,,GCF_001890705.1,PRJNA721994,SAMN02744090,MRCH00000000.1,reference genome,1036612,75750,Aspergillus sydowii CBS 593.65,strain=CBS 593.65,na,latest,Scaffold,Major,Full,2016-12-08,Aspsy1,DOE Joint Genome Institute,GCA_001890705.1,identical,https://ftp.ncbi.nlm.nih.gov/genomes/all/GCF/001/890/705/GCF_001890705.1_Aspsy1,na,assembly designated as neotype,na,haploid,fungi,34381026,34349148,50.0,0,97,1181,DOE Joint Genome Institute,Annotation submitted by DOE Joint Genome Institute,2025-02-21,13716,13578,137,na,Aspergillus_sydowii_cbs_593_65_gca_001890705.Aspsy1.dna.toplevel.fa,GCF_001890705.1_Aspsy1_genomic.fna.gz
tilletiaria_anomala_ubc_951_gca_000711695,EnsemblFungi,1037660,Tilletiaria anomala UBC 951 v1.0,GCA_000711695.1,2014-05-DOEJointGenomeInstitute,N,N,N,Y,N,Y,fungi_basidiomycota1_collection_core_61_114_1,60,,GCF_000711695.1,PRJNA292597,SAMN00794506,JMSN00000000.1,reference genome,1037660,5281,Tilletiaria anomala UBC 951,strain=UBC 951,na,latest,Contig,Major,Full,2014-05-23,Tilletiaria anomala UBC 951 v1.0,DOE Joint Genome Institute,GCA_000711695.1,identical,https://ftp.ncbi.nlm.nih.gov/genomes/all/GCF/000/711/695/GCF_000711695.1_Tilletiaria_anomala_UBC_951_v1.0,na,assembly from type material,na,haploid,fungi,18704010,18704010,56.0,0,289,289,NCBI RefSeq,Annotation submitted by NCBI RefSeq,2015-08-12,6869,6805,63,24926052,Tilletiaria_anomala_ubc_951_gca_000711695.Tilletiaria_anomala_UBC_951_v1.0.dna.toplevel.fa,GCF_000711695.1_Tilletiaria_anomala_UBC_951_v1.0_genomic.fna.gz
wickerhamomyces_ciferrii_gca_000313485,EnsemblFungi,1041607,ASM31348v1,GCA_000313485.1,2012-12-CenterforBiotechnology,N,N,N,Y,N,Y,fungi_ascomycota1_collection_core_61_114_1,99,,GCF_000313485.1,PRJNA248426,SAMEA2272793,CAIF00000000.1,reference genome,1041607,1041607,Wickerhamomyces ciferrii,strain=NRRL Y-1031 F-60-10,na,latest,Contig,Major,Full,2012-09-21,ASM31348v1,Center for Biotechnology,GCA_000313485.1,identical,https://ftp.ncbi.nlm.nih.gov/genomes/all/GCF/000/313/485/GCF_000313485.1_ASM31348v1,na,assembly from type material,na,haploid,fungi,15901152,15901152,30.5,0,364,364,Center for Biotechnology,Annotation submitted by Center for Biotechnology,2024-12-04,6702,6702,0,na,Wickerhamomyces_ciferrii_gca_000313485.ASM31348v1.dna.toplevel.fa,GCF_000313485.1_ASM31348v1_genomic.fna.gz
aureobasidium_pullulans_exf_150_gca_000721785,EnsemblFungi,1043002,"Aureobasidium pullulans var. pullulans EXF-150, assembly version 1.0",GCA_000721785.1,2014-07-DOEJointGenomeInstitute,N,N,N,N,N,Y,fungi_ascomycota1_collection_core_61_114_1,202,,GCF_000721785.1,PRJNA554128,SAMN02744100,AYEO00000000.1,reference genome,1043002,5580,Aureobasidium pullulans EXF-150,strain=EXF-150,na,latest,Scaffold,Major,Full,2014-07-08,"Aureobasidium pullulans var. pullulans EXF-150, assembly version 1.0",DOE Joint Genome Institute,GCA_000721785.1,identical,https://ftp.ncbi.nlm.nih.gov/genomes/all/GCF/000/721/785/GCF_000721785.1_Aureobasidium_pullulans_var._pullulans_EXF-150_assembly_version_1.0,na,na,na,haploid,fungi,29621078,29585801,50.0,0,186,209,DOE Joint Genome Institute,Annotation submitted by DOE Joint Genome Institute,2019-07-12,11844,11844,0,24984952,Aureobasidium_pullulans_exf_150_gca_000721785.Aureobasidium_pullulans_var._pullulans_EXF-150_assembly_version_1.0.dna.toplevel.fa,GCA_000721785.1_genomic.fna.gz
aureobasidium_melanogenum_cbs_110374_gca_000721775,EnsemblFungi,1043003,Aureobasidium pullulans var. melanogenum CBS 110374 v1.0,GCA_000721775.1,2014-07-DOEJointGenomeInstitute,N,N,N,Y,N,Y,fungi_ascomycota1_collection_core_61_114_1,195,,GCF_000721775.1,PRJNA721987,SAMN02744098,AYEN00000000.1,reference genome,1043003,46634,Aureobasidium melanogenum CBS 110374,strain=CBS 110374,na,latest,Scaffold,Major,Full,2014-07-08,Aureobasidium pullulans var. melanogenum CBS 110374 v1.0,DOE Joint Genome Institute,GCA_000721775.1,identical,https://ftp.ncbi.nlm.nih.gov/genomes/all/GCF/000/721/775/GCF_000721775.1_Aureobasidium_pullulans_var._melanogenum_CBS_110374_v1.0,na,na,na,haploid,fungi,26203324,26199752,50.0,0,150,174,DOE Joint Genome Institute,Annotation submitted by DOE Joint Genome Institute,2021-04-21,10582,10582,0,24984952,Aureobasidium_melanogenum_cbs_110374_gca_000721775.Aureobasidium_pullulans_var._melanogenum_CBS_110374_v1.0.dna.toplevel.fa,GCF_000721775.1_Aureobasidium_pullulans_var._melanogenum_CBS_110374_v1.0_genomic.fna.gz
aureobasidium_namibiae_cbs_147_97_gca_000721765,EnsemblFungi,1043004,Aureobasidium pullulans var. namibiae CBS 147.97 v1.0,GCA_000721765.1,2015-08-DOEJointGenomeInstitute,N,N,N,N,N,Y,fungi_ascomycota1_collection_core_61_114_1,234,,GCF_000721765.1,PRJNA292600,SAMN02744099,AYEM00000000.1,reference genome,1043004,559561,Aureobasidium namibiae CBS 147.97,strain=CBS 147.97,na,latest,Scaffold,Major,Full,2014-07-08,Aureobasidium pullulans var. namibiae CBS 147.97 v1.0,DOE Joint Genome Institute,GCA_000721765.1,identical,https://ftp.ncbi.nlm.nih.gov/genomes/all/GCF/000/721/765/GCF_000721765.1_Aureobasidium_pullulans_var._namibiae_CBS_147.97_v1.0,na,assembly from type material,na,haploid,fungi,25428601,25427801,51.0,0,47,55,DOE Joint Genome Institute,Annotation submitted by DOE Joint Genome Institute,2024-01-05,10259,10259,0,24984952,Aureobasidium_namibiae_cbs_147_97_gca_000721765.Aureobasidium_pullulans_var._namibiae_CBS_147.97_v1.0.dna.toplevel.fa,GCF_000721765.1_Aureobasidium_pullulans_var._namibiae_CBS_147.97_v1.0_genomic.fna.gz
aureobasidium_subglaciale_exf_2481_gca_000721755,EnsemblFungi,1043005,Aureobasidium pullulans var. subglaciale EXF-2481 v1.0,GCA_000721755.1,2015-08-JGI,N,N,N,N,N,Y,fungi_ascomycota1_collection_core_61_114_1,219,,GCF_000721755.1,PRJNA292599,SAMN02744088,AYYB00000000.1,reference genome,1043005,1042127,Aureobasidium subglaciale EXF-2481,strain=EXF-2481,na,latest,Scaffold,Major,Full,2014-07-08,Aureobasidium pullulans var. subglaciale EXF-2481 v1.0,JGI,GCA_000721755.1,identical,https://ftp.ncbi.nlm.nih.gov/genomes/all/GCF/000/721/755/GCF_000721755.1_Aureobasidium_pullulans_var._subglaciale_EXF-2481_v1.0,na,assembly from type material,na,haploid,fungi,25796716,25791175,51.0,0,75,85,JGI,Annotation submitted by JGI,2024-01-05,10792,10792,0,24984952,Aureobasidium_subglaciale_exf_2481_gca_000721755.Aureobasidium_pullulans_var._subglaciale_EXF-2481_v1.0.dna.toplevel.fa,GCF_000721755.1_Aureobasidium_pullulans_var._subglaciale_EXF-2481_v1.0_genomic.fna.gz
apiotrichum_porosum_gca_003942205,EnsemblFungi,105984,ASM394220v1,GCA_003942205.1,2018-12-KarlsruheInstituteofTechnology,N,N,N,N,N,Y,fungi_basidiomycota1_collection_core_61_114_1,233,,GCF_003942205.1,PRJNA531017,SAMN10458770,RSCE00000000.1,reference genome,105984,105984,Apiotrichum porosum,strain=DSM 27194,na,latest,Contig,Major,Full,2018-12-12,ASM394220v1,Karlsruhe Institute of Technology,GCA_003942205.1,identical,https://ftp.ncbi.nlm.nih.gov/genomes/all/GCF/003/942/205/GCF_003942205.1_ASM394220v1,na,na,na,haploid,fungi,25479456,25479456,59.0,0,32,32,Karlsruhe Institute of Technology,Annotation submitted by Karlsruhe Institute of Technology,2023-12-28,9719,9143,576,na,Apiotrichum_porosum_gca_003942205.ASM394220v1.dna.toplevel.fa,GCF_003942205.1_ASM394220v1_genomic.fna.gz
pneumocystis_murina_b123_gca_000349005,EnsemblFungi,1069680,Pneumo_murina_B123_V4,GCA_000349005.2,2016-12-BroadInstitute,N,N,N,Y,N,Y,fungi_ascomycota1_collection_core_61_114_1,134,,GCF_000349005.2,PRJNA245145,SAMN00102820,AFWA00000000.2,reference genome,1069680,263815,Pneumocystis murina B123,strain=B123,na,latest,Contig,Major,Full,2015-12-22,Pneumo_murina_B123_V4,Broad Institute,GCA_000349005.2,identical,https://ftp.ncbi.nlm.nih.gov/genomes/all/GCF/000/349/005/GCF_000349005.2_Pneumo_murina_B123_V4,na,na,na,haploid,fungi,7501343,7501343,27.0,0,20,20,Broad Institute,Annotation submitted by Broad Institute,2017-08-29,3675,3623,52,na,Pneumocystis_murina_b123_gca_000349005.Pneumo_murina_B123_V4.dna.toplevel.fa,GCF_000349005.2_Pneumo_murina_B123_V4_genomic.fna.gz
naumovozyma_dairenensis_cbs_421_gca_000227115,EnsemblFungi,1071378,ASM22711v2,GCA_000227115.2,2015-02-WolfeLaboratorySmurfitInstituteofGeneticsTrinityCollegeDublinIreland,N,N,N,Y,N,Y,fungi_ascomycota1_collection_core_61_114_1,61,,GCF_000227115.2,PRJNA79341,SAMEA2272418,na,reference genome,1071378,27289,Naumovozyma dairenensis CBS 421,strain=type strain:CBS 421,na,latest,Chromosome,Major,Full,2012-08-20,ASM22711v2,"Wolfe Laboratory, Smurfit Institute of Genetics, Trinity College Dublin, Ireland",GCA_000227115.2,identical,https://ftp.ncbi.nlm.nih.gov/genomes/all/GCF/000/227/115/GCF_000227115.2_ASM22711v2,na,assembly from type material,na,haploid,fungi,13527580,13485324,34.0,11,11,11,"Wolfe Laboratory, Smurfit Institute of Genetics, Trinity College Dublin, Ireland","Annotation submitted by Wolfe Laboratory, Smurfit Institute of Genetics, Trinity College Dublin, Ireland",2024-12-04,5814,5546,268,22123960,Naumovozyma_dairenensis_cbs_421_gca_000227115.ASM22711v2.dna.toplevel.fa, Ireland"_genomic.fna.gz
tetrapisispora_blattae_cbs_6284_gca_000315915,EnsemblFungi,1071380,ASM31591v1,GCA_000315915.1,2015-02-WolfeLaboratorySmurfitInstituteofGeneticsTrinityCollegeDublinIreland,N,N,N,Y,N,Y,fungi_ascomycota1_collection_core_61_114_1,15,,GCF_000315915.1,PRJNA188088,SAMEA2271984,na,reference genome,1071380,1071379,Henningerozyma blattae CBS 6284,strain=type strain:CBS 6284,na,latest,Chromosome,Major,Full,2012-05-11,ASM31591v1,"Wolfe Laboratory, Smurfit Institute of Genetics, Trinity College Dublin, Ireland",GCA_000315915.1,identical,https://ftp.ncbi.nlm.nih.gov/genomes/all/GCF/000/315/915/GCF_000315915.1_ASM31591v1,na,assembly from type material,na,haploid,fungi,14048593,14045573,31.5,10,10,10,"Wolfe Laboratory, Smurfit Institute of Genetics, Trinity College Dublin, Ireland","Annotation submitted by Wolfe Laboratory, Smurfit Institute of Genetics, Trinity College Dublin, Ireland",2024-12-02,5725,5388,337,22123960,Tetrapisispora_blattae_cbs_6284_gca_000315915.ASM31591v1.dna.toplevel.fa, Ireland"_genomic.fna.gz
tetrapisispora_phaffii_cbs_4417_gca_000236905,EnsemblFungi,1071381,ASM23690v1,GCA_000236905.1,2015-02-WolfeLaboratorySmurfitInstituteofGeneticsTrinityCollegeDublinIreland,N,N,N,Y,N,Y,fungi_ascomycota1_collection_core_61_114_1,179,,GCF_000236905.1,PRJNA79335,SAMEA2272094,na,reference genome,1071381,113608,Tetrapisispora phaffii CBS 4417,strain=type strain:CBS 4417,na,latest,Chromosome,Major,Full,2011-11-17,ASM23690v1,"Wolfe Laboratory, Smurfit Institute of Genetics, Trinity College Dublin, Ireland",GCA_000236905.1,identical,https://ftp.ncbi.nlm.nih.gov/genomes/all/GCF/000/236/905/GCF_000236905.1_ASM23690v1,na,assembly from type material,na,haploid,fungi,12115070,12099635,33.5,16,17,17,"Wolfe Laboratory, Smurfit Institute of Genetics, Trinity College Dublin, Ireland","Annotation submitted by Wolfe Laboratory, Smurfit Institute of Genetics, Trinity College Dublin, Ireland",2024-12-04,5462,5252,210,22123960,Tetrapisispora_phaffii_cbs_4417_gca_000236905.ASM23690v1.dna.toplevel.fa, Ireland"_genomic.fna.gz
kazachstania_africana_cbs_2517_gca_000304475,EnsemblFungi,1071382,Ka_CBS2517,GCA_000304475.1,2020-06-WolfeLaboratorySmurfitInstituteofGeneticsTrinityCollegeDublinIreland,N,N,N,Y,N,Y,fungi_ascomycota1_collection_core_61_114_1,75,,GCF_000304475.1,PRJNA178246,SAMEA2272790,na,reference genome,1071382,432096,Kazachstania africana CBS 2517,strain=type strain:CBS 2517,na,latest,Chromosome,Major,Full,2012-01-17,Ka_CBS2517,"Wolfe Laboratory, Smurfit Institute of Genetics, Trinity College Dublin, Ireland",GCA_000304475.1,identical,https://ftp.ncbi.nlm.nih.gov/genomes/all/GCF/000/304/475/GCF_000304475.1_Ka_CBS2517,na,assembly from type material,na,haploid,fungi,11130140,11126917,36.5,12,12,12,"Wolfe Laboratory, Smurfit Institute of Genetics, Trinity College Dublin, Ireland","Annotation submitted by Wolfe Laboratory, Smurfit Institute of Genetics, Trinity College Dublin, Ireland",2024-12-04,5646,5375,271,22123960,Kazachstania_africana_cbs_2517_gca_000304475.Ka_CBS2517.dna.toplevel.fa, Ireland"_genomic.fna.gz
kazachstania_naganishii_cbs_8797_gca_000348985,EnsemblFungi,1071383,ASM34898v1,GCA_000348985.1,2015-02-WolfeLaboratorySmurfitInstituteofGeneticsTrinityCollegeDublinIreland,N,N,N,Y,N,Y,fungi_ascomycota1_collection_core_61_114_1,57,,GCF_000348985.1,PRJNA244480,SAMEA2272481,na,reference genome,1071383,588726,Huiozyma naganishii CBS 8797,strain=type strain:CBS 8797,na,latest,Chromosome,Major,Full,2012-09-05,ASM34898v1,"Wolfe Laboratory, Smurfit Institute of Genetics, Trinity College Dublin, Ireland",GCA_000348985.1,identical,https://ftp.ncbi.nlm.nih.gov/genomes/all/GCF/000/348/985/GCF_000348985.1_ASM34898v1,na,assembly from type material,na,haploid,fungi,10845821,10842414,46.0,13,13,13,"Wolfe Laboratory, Smurfit Institute of Genetics, Trinity College Dublin, Ireland","Annotation submitted by Wolfe Laboratory, Smurfit Institute of Genetics, Trinity College Dublin, Ireland",2024-12-02,5486,5319,167,22123960,Kazachstania_naganishii_cbs_8797_gca_000348985.ASM34898v1.dna.toplevel.fa, Ireland"_genomic.fna.gz
aspergillus_wentii_dto_134e9_gca_001890725,EnsemblFungi,1073089,Aspwe1,GCA_001890725.1,2016-12-DOEJointGenomeInstitute,N,N,N,N,N,Y,fungi_ascomycota3_collection_core_61_114_1,217,,GCF_001890725.1,PRJNA721995,SAMN02744089,LJSE00000000.1,reference genome,1073089,5066,Aspergillus wentii DTO 134E9,strain=DTO 134E9,na,latest,Scaffold,Major,Full,2016-12-08,Aspwe1,DOE Joint Genome Institute,GCA_001890725.1,identical,https://ftp.ncbi.nlm.nih.gov/genomes/all/GCF/001/890/725/GCF_001890725.1_Aspwe1,na,na,na,haploid,fungi,31350635,31295010,48.0,0,27,118,DOE Joint Genome Institute,Annotation submitted by DOE Joint Genome Institute,2025-02-21,12657,12433,221,na,Aspergillus_wentii_dto_134e9_gca_001890725.Aspwe1.dna.toplevel.fa,GCF_001890725.1_Aspwe1_genomic.fna.gz
penicilliopsis_zonata_cbs_506_65_gca_001890105,EnsemblFungi,1073090,Aspzo1,GCA_001890105.1,2016-12-DOEJointGenomeInstitute,N,N,N,Y,N,Y,fungi_ascomycota3_collection_core_61_114_1,229,,GCF_001890105.1,PRJNA395482,SAMN02194405,MRBM00000000.1,reference genome,1073090,41063,Penicilliopsis zonata CBS 506.65,strain=CBS 506.65,na,latest,Scaffold,Major,Full,2016-12-08,Aspzo1,DOE Joint Genome Institute,GCA_001890105.1,identical,https://ftp.ncbi.nlm.nih.gov/genomes/all/GCF/001/890/105/GCF_001890105.1_Aspzo1,na,assembly from type material,na,haploid,fungi,26088231,26015890,50.0,0,246,428,DOE Joint Genome Institute,Annotation submitted by DOE Joint Genome Institute,2017-10-03,10027,9869,155,na,Penicilliopsis_zonata_cbs_506_65_gca_001890105.Aspzo1.dna.toplevel.fa,GCF_001890105.1_Aspzo1_genomic.fna.gz
zasmidium_cellare_atcc_36951_gca_010093935,EnsemblFungi,1080233,Zasce1,GCA_010093935.1,2020-02-DOEJointGenomeInstitute,N,N,N,N,N,Y,fungi_ascomycota4_collection_core_61_114_1,212,,GCF_010093935.1,PRJNA625780,SAMN00809353,JAAEIS000000000.1,reference genome,1080233,395010,Zasmidium cellare ATCC 36951,strain=ATCC 36951,na,latest,Scaffold,Major,Full,2020-01-31,Zasce1,DOE Joint Genome Institute,GCA_010093935.1,identical,https://ftp.ncbi.nlm.nih.gov/genomes/all/GCF/010/093/935/GCF_010093935.1_Zasce1,na,assembly designated as neotype,na,haploid,fungi,38247703,38198564,53.5,0,267,365,DOE Joint Genome Institute,Annotation submitted by DOE Joint Genome Institute,2020-04-27,16072,16015,50,na,Zasmidium_cellare_atcc_36951_gca_010093935.Zasce1.dna.toplevel.fa,GCF_010093935.1_Zasce1_genomic.fna.gz
saccharomyces_eubayanus_gca_001298625,EnsemblFungi,1080349,SEUB3.0,GCA_001298625.1,2015-09-UniversityofWisconsinMadison,N,N,N,N,N,Y,fungi_ascomycota3_collection_core_61_114_1,37,,GCF_001298625.1,PRJNA342694,SAMN02716114,JMCK00000000.1,reference genome,1080349,1080349,Saccharomyces eubayanus,strain=FM1318,na,latest,Chromosome,Major,Full,2015-11-04,SEUB3.0,University of Wisconsin-Madison,GCA_001298625.1,identical,https://ftp.ncbi.nlm.nih.gov/genomes/all/GCF/001/298/625/GCF_001298625.1_SEUB3.0,na,na,na,haploid,fungi,11670174,11548202,40.0,17,23,23,University of Wisconsin-Madison,Annotation submitted by University of Wisconsin-Madison,2024-12-04,5687,5379,308,26269586,Saccharomyces_eubayanus_gca_001298625.SEUB3.0.dna.toplevel.fa,GCF_001298625.1_SEUB3.0_genomic.fna.gz
metarhizium_album_arsef_1941_gca_000804445,EnsemblFungi,1081103,MAM 1.0 for version 1 of the Metarhizium album genome,GCA_000804445.1,2014-12-ShanghaiInstitutesforBiologicalSciencesCAS,N,N,N,N,N,Y,fungi_ascomycota2_collection_core_61_114_1,22,,GCF_000804445.1,PRJNA721988,SAMN03268435,AZHE00000000.1,reference genome,1081103,92629,Metarhizium album ARSEF 1941,strain=ARSEF 1941,na,latest,Scaffold,Major,Full,2014-12-18,MAM 1.0 for version 1 of the Metarhizium album genome,"Shanghai Institutes for Biological Sciences, CAS",GCA_000804445.1,identical,https://ftp.ncbi.nlm.nih.gov/genomes/all/GCF/000/804/445/GCF_000804445.1_MAM_1.0_for_version_1_of_the_Metarhizium_album_genome,na,na,na,haploid,fungi,30449065,30132239,53.0,0,257,257,"Shanghai Institutes for Biological Sciences, CAS","Annotation submitted by Shanghai Institutes for Biological Sciences, CAS",2021-04-20,8472,8472,0,25368161,Metarhizium_album_arsef_1941_gca_000804445.MAM_1.0_for_version_1_of_the_Metarhizium_album_genome.dna.toplevel.fa,identical_genomic.fna.gz
cordyceps_fumosorosea_arsef_2679_gca_001636725,EnsemblFungi,1081104,ISF 1.0,GCA_001636725.1,2016-05-ShanghaiInstitutesforBiologicalSciencesCAS,N,N,N,N,N,Y,fungi_ascomycota3_collection_core_61_114_1,163,,GCF_001636725.1,PRJNA342686,SAMN04908328,AZHB00000000.1,reference genome,1081104,114497,Cordyceps fumosorosea ARSEF 2679,strain=ARSEF 2679,na,latest,Scaffold,Major,Full,2016-05-04,ISF 1.0,"Shanghai Institutes for Biological Sciences, CAS",GCA_001636725.1,identical,https://ftp.ncbi.nlm.nih.gov/genomes/all/GCF/001/636/725/GCF_001636725.1_ISF_1.0,na,na,na,haploid,fungi,33485962,33399778,53.5,0,430,430,"Shanghai Institutes for Biological Sciences, CAS","Annotation submitted by Shanghai Institutes for Biological Sciences, CAS",2017-08-28,10061,10061,0,27071652,Cordyceps_fumosorosea_arsef_2679_gca_001636725.ISF_1.0.dna.toplevel.fa,identical_genomic.fna.gz
fusarium_odoratissimum_nrrl_54006_gca_000260195,EnsemblFungi,1089451,FO_II5_V1,GCA_000260195.2,2014-04-BroadInstitute,N,N,N,N,N,Y,fungi_ascomycota1_collection_core_61_114_1,38,,GCF_000260195.1,PRJNA309638,SAMN02981379,AGND00000000.1,reference genome,1089451,2502994,Fusarium odoratissimum NRRL 54006,strain=54006,na,latest,Scaffold,Major,Full,2014-02-19,FO_II5_V1,Broad Institute,GCA_000260195.2,identical,https://ftp.ncbi.nlm.nih.gov/genomes/all/GCF/000/260/195/GCF_000260195.1_FO_II5_V1,na,na,na,haploid,fungi,46553780,46425687,47.5,0,418,716,Broad Institute,Annotation submitted by Broad Institute,2020-08-07,16975,16634,334,na,Fusarium_odoratissimum_nrrl_54006_gca_000260195.FO_II5_V1.dna.toplevel.fa,GCF_000260195.1_FO_II5_V1_genomic.fna.gz
aspergillus_bombycis_gca_001792695,EnsemblFungi,109264,ASM179269v1,GCA_001792695.1,2016-11-USDAARSSRRC,N,N,N,N,N,Y,fungi_ascomycota3_collection_core_61_114_1,211,,GCF_001792695.1,PRJNA395481,SAMN04942831,LYCR00000000.1,reference genome,109264,109264,Aspergillus bombycis,strain=NRRL26010,na,latest,Contig,Major,Full,2016-10-19,ASM179269v1,USDA-ARS-SRRC,GCA_001792695.1,identical,https://ftp.ncbi.nlm.nih.gov/genomes/all/GCF/001/792/695/GCF_001792695.1_ASM179269v1,na,assembly from type material,na,haploid,fungi,37474605,37474605,49.0,0,450,450,USDA-ARS-SRRC,Annotation submitted by USDA-ARS-SRRC,2025-02-21,12262,12262,0,27664179,Aspergillus_bombycis_gca_001792695.ASM179269v1.dna.toplevel.fa,GCF_001792695.1_ASM179269v1_genomic.fna.gz
phialemoniopsis_curvata_gca_004353045,EnsemblFungi,1093900,ASM435304v1,GCA_004353045.1,2019-07-UESAFRL,N,N,N,N,N,Y,fungi_ascomycota4_collection_core_61_114_1,110,,GCF_004353045.1,PRJNA576244,SAMN11041535,SKBQ00000000.1,reference genome,1093900,1093900,Thyridium curvatum,strain=D216,na,latest,Contig,Major,Full,2019-03-15,ASM435304v1,UES / AFRL,GCA_004353045.1,identical,https://ftp.ncbi.nlm.nih.gov/genomes/all/GCF/004/353/045/GCF_004353045.1_ASM435304v1,na,na,na,haploid,fungi,40366568,40366568,55.0,0,359,359,UES / AFRL,Annotation submitted by UES / AFRL,2023-12-28,12451,12451,0,na,Phialemoniopsis_curvata_gca_004353045.ASM435304v1.dna.toplevel.fa,GCF_004353045.1_ASM435304v1_genomic.fna.gz
hyaloscypha_bicolor_e_gca_002865645,EnsemblFungi,1095630,Melbi2,GCA_002865645.1,2018-01-DOEJointGenomeInstitute,N,N,N,N,N,Y,fungi_ascomycota4_collection_core_61_114_1,63,,GCF_002865645.1,PRJNA453592,SAMN02194342,LXPI00000000.1,reference genome,1095630,2482752,Hyaloscypha bicolor E,strain=E,na,latest,Scaffold,Major,Full,2018-01-08,Melbi2,DOE Joint Genome Institute,GCA_002865645.1,identical,https://ftp.ncbi.nlm.nih.gov/genomes/all/GCF/002/865/645/GCF_002865645.1_Melbi2,na,na,na,haploid,fungi,82384847,82267893,38.5,0,206,301,DOE Joint Genome Institute,Annotation submitted by DOE Joint Genome Institute,2020-02-07,18640,18598,28,na,Hyaloscypha_bicolor_e_gca_002865645.Melbi2.dna.toplevel.fa,GCF_002865645.1_Melbi2_genomic.fna.gz
glarea_lozoyensis_atcc_20868_gca_000409485,EnsemblFungi,1116229,GLAREA,GCA_000409485.1,2013-06-InstituteOfMicrobiologyChineseAcademyofSciences,N,N,N,Y,N,Y,fungi_ascomycota1_collection_core_61_114_1,137,,GCF_000409485.1,PRJNA246203,SAMN02981444,ALVE00000000.1,reference genome,1116229,101852,Glarea lozoyensis ATCC 20868,strain=ATCC 20868,na,latest,Scaffold,Major,Full,2013-06-14,GLAREA,"Institute Of Microbiology, Chinese Academy of Sciences ",GCA_000409485.1,identical,https://ftp.ncbi.nlm.nih.gov/genomes/all/GCF/000/409/485/GCF_000409485.1_GLAREA,na,assembly from type material,na,haploid,fungi,39509734,39168639,46.0,0,22,239,"Institute Of Microbiology, Chinese Academy of Sciences ","Annotation submitted by Institute Of Microbiology, Chinese Academy of Sciences ",2024-01-05,13081,13081,0,23688303,Glarea_lozoyensis_atcc_20868_gca_000409485.GLAREA.dna.toplevel.fa,identical_genomic.fna.gz
ramularia_collo_cygni_gca_900074925,EnsemblFungi,112498,version 1,GCA_900074925.1,2017-10-TechnischeUniversitatMunchenWZW,N,N,N,Y,N,Y,fungi_ascomycota4_collection_core_61_114_1,15,,GCF_900074925.1,PRJNA430539,SAMEA3894895,FJUY00000000.1,reference genome,112498,112498,Ramularia collo-cygni,strain=URUG2,na,latest,Scaffold,Major,Full,2017-10-29,version 1,Technische Universitat Munchen - WZW,GCA_900074925.1,identical,https://ftp.ncbi.nlm.nih.gov/genomes/all/GCF/900/074/925/GCF_900074925.1_version_1,na,na,na,haploid,fungi,32254922,31464045,51.0,0,78,78,Technische Universitat Munchen - WZW,Annotation submitted by Technische Universitat Munchen - WZW,2018-02-01,11544,11491,53,na,Ramularia_collo_cygni_gca_900074925.version_1.dna.toplevel.fa,GCF_900074925.1_version_1_genomic.fna.gz
rhodotorula_toruloides_np11_gca_000320785,EnsemblFungi,1130832,RHOziaDV1.0,GCA_000320785.2,2013-04-DalianInstituteofChemicalPhysics,N,N,N,N,N,Y,fungi_basidiomycota1_collection_core_61_114_1,12,,GCF_000320785.1,PRJNA264108,SAMN01081617,ALAU00000000.1,reference genome,1130832,5286,Rhodotorula toruloides NP11,strain=NP11,na,latest,Scaffold,Major,Full,2013-04-01,RHOziaDV1.0,Dalian Institute of Chemical Physics,GCA_000320785.2,identical,https://ftp.ncbi.nlm.nih.gov/genomes/all/GCF/000/320/785/GCF_000320785.1_RHOziaDV1.0,na,na,na,haploid,fungi,20223942,20180280,62.0,0,94,304,Dalian Institute of Chemical Physics,Annotation submitted by Dalian Institute of Chemical Physics,2024-01-02,8171,8140,0,23047670,Rhodotorula_toruloides_np11_gca_000320785.RHOziaDV1.0.dna.toplevel.fa,GCF_000320785.1_RHOziaDV1.0_genomic.fna.gz
candida_orthopsilosis_co_90_125_gca_000315875,EnsemblFungi,1136231,ASM31587v1,GCA_000315875.1,2017-08-TrinityCollegeDublin,N,N,N,N,N,Y,fungi_ascomycota1_collection_core_61_114_1,177,,GCF_000315875.1,PRJNA172186,SAMEA2272376,na,reference genome,1136231,273371,Candida orthopsilosis Co 90-125,strain=Co 90-125,na,latest,Chromosome,Major,Full,2012-03-14,ASM31587v1,Trinity College Dublin,GCA_000315875.1,identical,https://ftp.ncbi.nlm.nih.gov/genomes/all/GCF/000/315/875/GCF_000315875.1_ASM31587v1,na,na,na,haploid,fungi,12659401,12482133,37.5,8,8,8,Trinity College Dublin,Annotation submitted by Trinity College Dublin,2017-09-26,5782,5678,82,22563396,Candida_orthopsilosis_co_90_125_gca_000315875.ASM31587v1.dna.toplevel.fa,GCF_000315875.1_ASM31587v1_genomic.fna.gz
pseudomassariella_vexata_gca_002105095,EnsemblFungi,1141098,Pseve2,GCA_002105095.1,2017-05-DOEJointGenomeInstitute,N,N,N,Y,N,Y,fungi_ascomycota3_collection_core_61_114_1,272,,GCF_002105095.1,PRJNA721998,SAMN05421895,MCFJ00000000.1,reference genome,1141098,1141098,Pseudomassariella vexata,strain=CBS 129021,na,latest,Contig,Major,Full,2017-04-20,Pseve2,DOE Joint Genome Institute,GCA_002105095.1,identical,https://ftp.ncbi.nlm.nih.gov/genomes/all/GCF/002/105/095/GCF_002105095.1_Pseve2,na,assembly from type material,na,haploid,fungi,44711451,44711451,50.5,0,37,37,DOE Joint Genome Institute,Annotation submitted by DOE Joint Genome Institute,2021-04-20,12950,12564,382,na,Pseudomassariella_vexata_gca_002105095.Pseve2.dna.toplevel.fa,GCF_002105095.1_Pseve2_genomic.fna.gz
didymella_exigua_cbs_183_55_gca_010094145,EnsemblFungi,1150837,Didex1,GCA_010094145.1,2020-02-DOEJointGenomeInstitute,N,N,N,N,N,Y,fungi_ascomycota4_collection_core_61_114_1,143,,GCF_010094145.1,PRJNA625768,SAMN02745736,VOSY00000000.1,reference genome,1150837,100019,Didymella exigua CBS 183.55,strain=CBS 183.55,na,latest,Scaffold,Major,Full,2020-01-31,Didex1,DOE Joint Genome Institute,GCA_010094145.1,identical,https://ftp.ncbi.nlm.nih.gov/genomes/all/GCF/010/094/145/GCF_010094145.1_Didex1,na,assembly designated as neotype,na,haploid,fungi,34389227,33658318,53.0,0,176,1010,DOE Joint Genome Institute,Annotation submitted by DOE Joint Genome Institute,2020-04-21,12508,12355,124,na,Didymella_exigua_cbs_183_55_gca_010094145.Didex1.dna.toplevel.fa,GCF_010094145.1_Didex1_genomic.fna.gz
ustilaginoidea_virens_gca_000687475,EnsemblFungi,1159556,Assembly for version 1 of the Villosiclava virens genome,GCA_000687475.1,2014-06-ChinaAgriculturalUniversity,N,N,N,Y,N,Y,fungi_ascomycota1_collection_core_61_114_1,102,,GCF_000687475.1,PRJNA756324,SAMN02693461,na,reference genome,1159556,1159556,Ustilaginoidea virens,strain=UV-8b,na,latest,Complete Genome,Major,Full,2021-05-20,ASM68747v2,China Agricultural University,GCA_000687475.2,identical,https://ftp.ncbi.nlm.nih.gov/genomes/all/GCF/000/687/475/GCF_000687475.1_ASM68747v2,na,na,na,haploid,fungi,37060086,37060086,50.0,7,7,7,China Agricultural University,Annotation submitted by China Agricultural University,2021-11-23,8297,8297,0,na,Ustilaginoidea_virens_gca_000687475.Assembly_for_version_1_of_the_Villosiclava_virens_genome.dna.toplevel.fa,GCF_000687475.1_ASM68747v2_genomic.fna.gz
ustilaginoidea_virens_gca_000965225,EnsemblFungi,1159556,ASM96522v2,GCA_000965225.2,2016-09-ComputationalBiologyResearchCenterCBRCNationalInstituteofAdvancedIndustrialScienceandTechnologyAIST,N,N,N,N,N,Y,fungi_ascomycota3_collection_core_61_114_1,169,,GCF_000687475.1,PRJNA756324,SAMN02693461,na,reference genome,1159556,1159556,Ustilaginoidea virens,strain=UV-8b,na,latest,Complete Genome,Major,Full,2021-05-20,ASM68747v2,China Agricultural University,GCA_000687475.2,identical,https://ftp.ncbi.nlm.nih.gov/genomes/all/GCF/000/687/475/GCF_000687475.1_ASM68747v2,na,na,na,haploid,fungi,37060086,37060086,50.0,7,7,7,China Agricultural University,Annotation submitted by China Agricultural University,2021-11-23,8297,8297,0,na,Ustilaginoidea_virens_gca_000965225.ASM96522v2.dna.toplevel.fa,GCF_000687475.1_ASM68747v2_genomic.fna.gz
aspergillus_glaucus_cbs_516_65_gca_001890805,EnsemblFungi,1160497,Aspgl1,GCA_001890805.1,2016-12-DOEJointGenomeInstitute,N,N,N,N,N,Y,fungi_ascomycota3_collection_core_61_114_1,226,,GCF_001890805.1,PRJNA395483,SAMN02194406,LSTL00000000.1,reference genome,1160497,41413,Aspergillus glaucus CBS 516.65,strain=CBS 516.65,na,latest,Scaffold,Major,Full,2016-12-08,Aspgl1,DOE Joint Genome Institute,GCA_001890805.1,identical,https://ftp.ncbi.nlm.nih.gov/genomes/all/GCF/001/890/805/GCF_001890805.1_Aspgl1,na,assembly designated as neotype,na,haploid,fungi,27993362,27781411,49.5,0,82,433,DOE Joint Genome Institute,Annotation submitted by DOE Joint Genome Institute,2025-02-21,11428,11253,172,na,Aspergillus_glaucus_cbs_516_65_gca_001890805.Aspgl1.dna.toplevel.fa,GCF_001890805.1_Aspgl1_genomic.fna.gz
coniosporium_apollinis_cbs_100218_gca_000281105,EnsemblFungi,1168221,Coni_apol_CBS100218 _V1,GCA_000281105.1,2013-05-BroadInstitute,N,N,N,Y,N,Y,fungi_ascomycota1_collection_core_61_114_1,11,,GCF_000281105.1,PRJNA245130,SAMN00989094,AJKL00000000.1,reference genome,1168221,61459,Coniosporium apollinis CBS 100218,strain=CBS 100218,na,latest,Scaffold,Major,Full,2012-07-31,Coni_apol_CBS100218 _V1,Broad Institute,GCA_000281105.1,identical,https://ftp.ncbi.nlm.nih.gov/genomes/all/GCF/000/281/105/GCF_000281105.1_Coni_apol_CBS100218_V1,na,na,na,haploid,fungi,28645321,28506104,52.0,0,169,241,Broad Institute,Annotation submitted by Broad Institute,2024-01-02,9367,9308,55,na,Coniosporium_apollinis_cbs_100218_gca_000281105.Coni_apol_CBS100218__V1.dna.toplevel.fa,GCF_000281105.1_Coni_apol_CBS100218_V1_genomic.fna.gz
aplosporella_prunicola_cbs_121167_gca_010093885,EnsemblFungi,1176127,Aplpr1,GCA_010093885.1,2020-02-DOEJointGenomeInstitute,N,N,N,N,N,Y,fungi_ascomycota4_collection_core_61_114_1,238,,GCF_010093885.1,PRJNA625763,SAMN02745735,JAAEIQ000000000.1,reference genome,1176127,462254,Aplosporella prunicola CBS 121167,strain=CBS 121167,na,latest,Scaffold,Major,Full,2020-01-31,Aplpr1,DOE Joint Genome Institute,GCA_010093885.1,identical,https://ftp.ncbi.nlm.nih.gov/genomes/all/GCF/010/093/885/GCF_010093885.1_Aplpr1,na,assembly from type material,na,haploid,fungi,32818685,32468423,54.5,0,334,763,DOE Joint Genome Institute,Annotation submitted by DOE Joint Genome Institute,2020-04-21,12738,12531,167,na,Aplosporella_prunicola_cbs_121167_gca_010093885.Aplpr1.dna.toplevel.fa,GCF_010093885.1_Aplpr1_genomic.fna.gz
encephalitozoon_romaleae_sj_2008_gca_000280035,EnsemblFungi,1178016,ASM28003v2,GCA_000280035.2,2014-10-UniversityofOttawa,N,N,N,N,N,Y,fungi_microsporidia1_collection_core_61_114_1,6,,GCF_000280035.1,PRJNA215743,SAMN03081437,na,reference genome,1178016,571949,Encephalitozoon romaleae SJ-2008,strain=SJ-2008,na,latest,Chromosome,Major,Full,2012-07-19,ASM28003v2,University of Ottawa,GCA_000280035.2,identical,https://ftp.ncbi.nlm.nih.gov/genomes/all/GCF/000/280/035/GCF_000280035.1_ASM28003v2,na,na,na,haploid,fungi,2187595,2187595,40.5,11,13,13,University of Ottawa,Annotation submitted by University of Ottawa,2017-06-02,1883,1831,51,22802648,Encephalitozoon_romaleae_sj_2008_gca_000280035.ASM28003v2.dna.toplevel.fa,GCF_000280035.1_ASM28003v2_genomic.fna.gz
capronia_coronata_cbs_617_96_gca_000585585,EnsemblFungi,1182541,Capr_coro_CBS_617_96_V1,GCA_000585585.1,2017-06-BroadInstitute,N,N,N,N,N,Y,fungi_ascomycota1_collection_core_61_114_1,33,,GCF_000585585.1,PRJNA245124,SAMN00974099,AMWN00000000.1,reference genome,1182541,43229,Capronia coronata CBS 617.96,strain=CBS 617.96,na,latest,Scaffold,Major,Full,2014-03-05,Capr_coro_CBS_617_96_V1,Broad Institute,GCA_000585585.1,identical,https://ftp.ncbi.nlm.nih.gov/genomes/all/GCF/000/585/585/GCF_000585585.1_Capr_coro_CBS_617_96_V1,na,assembly from type material,na,haploid,fungi,25807613,25800341,53.0,0,11,11,Broad Institute,Annotation submitted by Broad Institute,2024-01-05,9231,9231,0,na,Capronia_coronata_cbs_617_96_gca_000585585.Capr_coro_CBS_617_96_V1.dna.toplevel.fa,GCF_000585585.1_Capr_coro_CBS_617_96_V1_genomic.fna.gz
capronia_epimyces_cbs_606_96_gca_000585565,EnsemblFungi,1182542,Capr_epim_CBS_606_96_V1,GCA_000585565.1,2017-06-BroadInstitute,N,N,N,Y,N,Y,fungi_ascomycota1_collection_core_61_114_1,81,,GCF_000585565.1,PRJNA245125,SAMN00974100,AMGY00000000.1,reference genome,1182542,43228,Capronia epimyces CBS 606.96,strain=CBS 606.96,na,latest,Scaffold,Major,Full,2014-03-05,Capr_epim_CBS_606_96_V1,Broad Institute,GCA_000585565.1,identical,https://ftp.ncbi.nlm.nih.gov/genomes/all/GCF/000/585/565/GCF_000585565.1_Capr_epim_CBS_606_96_V1,na,na,na,haploid,fungi,28889638,28761473,53.5,0,18,18,Broad Institute,Annotation submitted by Broad Institute,2024-01-05,10468,10468,0,na,Capronia_epimyces_cbs_606_96_gca_000585565.Capr_epim_CBS_606_96_V1.dna.toplevel.fa,GCF_000585565.1_Capr_epim_CBS_606_96_V1_genomic.fna.gz
cladophialophora_psammophila_cbs_110553_gca_000585535,EnsemblFungi,1182543,Clad_psam_CBS_110553_V1,GCA_000585535.1,2017-06-BroadInstitute,N,N,N,N,N,Y,fungi_ascomycota1_collection_core_61_114_1,107,,GCF_000585535.1,PRJNA245127,SAMN00974101,AMGX00000000.1,reference genome,1182543,1182553,Cladophialophora psammophila CBS 110553,strain=CBS 110553,na,latest,Scaffold,Major,Full,2014-03-05,Clad_psam_CBS_110553_V1,Broad Institute,GCA_000585535.1,identical,https://ftp.ncbi.nlm.nih.gov/genomes/all/GCF/000/585/535/GCF_000585535.1_Clad_psam_CBS_110553_V1,na,assembly from type material,na,haploid,fungi,39420127,39333014,50.5,0,123,123,Broad Institute,Annotation submitted by Broad Institute,2024-01-05,13421,13421,0,na,Cladophialophora_psammophila_cbs_110553_gca_000585535.Clad_psam_CBS_110553_V1.dna.toplevel.fa,GCF_000585535.1_Clad_psam_CBS_110553_V1_genomic.fna.gz
cladophialophora_yegresii_cbs_114405_gca_000585515,EnsemblFungi,1182544,Clad_yegr_CBS_114405_V1,GCA_000585515.1,2017-06-BroadInstitute,N,N,N,N,N,Y,fungi_ascomycota1_collection_core_61_114_1,84,,GCF_000585515.1,PRJNA245128,SAMN00974102,AMGW00000000.1,reference genome,1182544,470704,Cladophialophora yegresii CBS 114405,strain=CBS 114405,na,latest,Scaffold,Major,Full,2014-03-05,Clad_yegr_CBS_114405_V1,Broad Institute,GCA_000585515.1,identical,https://ftp.ncbi.nlm.nih.gov/genomes/all/GCF/000/585/515/GCF_000585515.1_Clad_yegr_CBS_114405_V1,na,assembly from type material,na,haploid,fungi,27898422,27887733,54.0,0,8,8,Broad Institute,Annotation submitted by Broad Institute,2024-01-05,10118,10118,0,na,Cladophialophora_yegresii_cbs_114405_gca_000585515.Clad_yegr_CBS_114405_V1.dna.toplevel.fa,GCF_000585515.1_Clad_yegr_CBS_114405_V1_genomic.fna.gz
exophiala_aquamarina_cbs_119918_gca_000709125,EnsemblFungi,1182545,Exop_aqua_CBS_119918_V1,GCA_000709125.1,2017-06-BroadInstitute,N,N,N,Y,N,Y,fungi_ascomycota1_collection_core_61_114_1,222,,GCF_000709125.1,PRJNA292601,SAMN00974103,AMGV00000000.1,reference genome,1182545,1033840,Exophiala aquamarina CBS 119918,strain=CBS 119918,na,latest,Scaffold,Major,Full,2014-06-16,Exop_aqua_CBS_119918_V1,Broad Institute,GCA_000709125.1,identical,https://ftp.ncbi.nlm.nih.gov/genomes/all/GCF/000/709/125/GCF_000709125.1_Exop_aqua_CBS_119918_V1,na,assembly from type material,na,haploid,fungi,41566958,40982715,49.0,0,151,151,Broad Institute,Annotation submitted by Broad Institute,2024-01-05,13118,13118,0,na,Exophiala_aquamarina_cbs_119918_gca_000709125.Exop_aqua_CBS_119918_V1.dna.toplevel.fa,GCF_000709125.1_Exop_aqua_CBS_119918_V1_genomic.fna.gz
trichosporon_asahii_var_asahii_cbs_2479_gca_000293215,EnsemblFungi,1186058,Trichosporon asahii 1,GCA_000293215.1,2016-11-BeijingMilitaryCommandGeneralHospitalofPLAChina,N,N,N,N,N,Y,fungi_basidiomycota1_collection_core_61_114_1,50,,GCF_000293215.1,PRJNA296794,SAMN02981437,ALBS00000000.1,reference genome,1186058,82508,Trichosporon asahii var. asahii CBS 2479,strain=CBS 2479,na,latest,Scaffold,Major,Full,2013-01-23,Trichosporon asahii 1,"Beijing Military Command General Hospital of PLA, China",GCA_000293215.1,identical,https://ftp.ncbi.nlm.nih.gov/genomes/all/GCF/000/293/215/GCF_000293215.1_Trichosporon_asahii_1,na,assembly from type material,na,haploid,fungi,24507743,24271266,59.5,0,77,341,"Beijing Military Command General Hospital of PLA, China","Annotation submitted by Beijing Military Command General Hospital of PLA, China",2024-01-02,8834,8311,523,14641628;23104369,Trichosporon_asahii_var_asahii_cbs_2479_gca_000293215.Trichosporon_asahii_1.dna.toplevel.fa,identical_genomic.fna.gz
talaromyces_amestolkiae_gca_001896365,EnsemblFungi,1196081,ASM189636v1,GCA_001896365.1,2018-06-CentrodeInvestigacionesBiologicas,N,N,N,N,N,Y,fungi_ascomycota5_collection_core_61_114_1,54,,GCF_001896365.1,PRJNA721996,SAMN05751675,MIKG00000000.1,reference genome,1196081,1196081,Talaromyces amestolkiae,strain=CIB,na,latest,Scaffold,Major,Full,2016-12-09,ASM189636v1,Centro de Investigaciones Biologicas,GCA_001896365.1,identical,https://ftp.ncbi.nlm.nih.gov/genomes/all/GCF/001/896/365/GCF_001896365.1_ASM189636v1,na,na,na,haploid,fungi,33721883,33714149,46.5,0,212,212,Centro de Investigaciones Biologicas,Annotation submitted by Centro de Investigaciones Biologicas,2021-04-20,10404,10403,0,28649280,Talaromyces_amestolkiae_gca_001896365.ASM189636v1.dna.toplevel.fa,GCF_001896365.1_ASM189636v1_genomic.fna.gz
ustilago_hordei_gca_000286035,EnsemblFungi,120017,ASM28603v1,GCA_000286035.1,2013-09-HelmholtzZentrumMuenchenIBIS,N,N,N,Y,N,Y,fungi_basidiomycota1_collection_core_61_114_1,39,,GCF_900519145.1,PRJNA727466,SAMEA4827382,ULHA00000000.1,reference genome,120017,120017,Ustilago hordei,strain=Uho2,na,latest,Contig,Major,Full,2021-02-23,Uho2_v1,Technische Universitat Munchen - WZW,GCA_900519145.1,identical,https://ftp.ncbi.nlm.nih.gov/genomes/all/GCF/900/519/145/GCF_900519145.1_Uho2_v1,na,na,na,haploid,fungi,26637005,26637005,51.0,0,45,45,Technische Universitat Munchen - WZW,Annotation submitted by Technische Universitat Munchen - WZW,2021-09-15,7703,7449,254,na,Ustilago_hordei_gca_000286035.ASM28603v1.dna.toplevel.fa,GCF_900519145.1_Uho2_v1_genomic.fna.gz
colletotrichum_orchidophilum_gca_001831195,EnsemblFungi,1209926,CORC01,GCA_001831195.1,2016-11-UniversityofWesternBrittany,N,N,N,N,N,Y,fungi_ascomycota3_collection_core_61_114_1,255,,GCF_001831195.1,PRJNA411788,SAMN05771038,MJBS00000000.1,reference genome,1209926,1209926,Colletotrichum orchidophilum,strain=IMI 309357,na,latest,Scaffold,Major,Full,2016-10-21,CORC01,University of Western Brittany,GCA_001831195.1,identical,https://ftp.ncbi.nlm.nih.gov/genomes/all/GCF/001/831/195/GCF_001831195.1_CORC01,na,na,na,haploid,fungi,48556462,48552182,51.0,0,321,321,University of Western Brittany,Annotation submitted by University of Western Brittany,2022-02-25,14452,14452,0,na,Colletotrichum_orchidophilum_gca_001831195.CORC01.dna.toplevel.fa,GCF_001831195.1_CORC01_genomic.fna.gz
colletotrichum_gloeosporioides,EnsemblFungi,1213859,Colletotrichum gloeosporioides Nara gc-5,GCA_000319635.1,2012-12-RIKEN,N,N,N,Y,N,Y,colletotrichum_gloeosporioides_core_61_114_1,1,,GCF_000319635.2,PRJNA225509,SAMN02981487,ANPB00000000.2,reference genome,1213859,690256,Colletotrichum fructicola Nara gc5,strain=Nara gc5,na,latest,Contig,Major,Full,2020-05-12,ASM31963v2,RIKEN Plant Science Center,GCA_000319635.2,identical,https://ftp.ncbi.nlm.nih.gov/genomes/all/GCF/000/319/635/GCF_000319635.2_ASM31963v2,na,na,na,haploid,fungi,59542867,59542867,53.0,0,12,12,RIKEN Plant Science Center,Annotation submitted by RIKEN Plant Science Center,2024-06-26,17388,17388,0,na,,GCF_000319635.2_ASM31963v2_genomic.fna.gz
talaromyces_rugulosus_gca_013368755,EnsemblFungi,121627,ASM1336875v1,GCA_013368755.1,2020-07-XianJiaotongUniversity,N,N,N,N,N,Y,fungi_ascomycota5_collection_core_61_114_1,224,,GCF_013368755.1,PRJNA645155,SAMN15229550,na,reference genome,121627,121627,Talaromyces rugulosus,strain=W13939,na,latest,Complete Genome,Major,Full,2020-06-23,ASM1336875v1,Xi'an Jiaotong University,GCA_013368755.1,identical,https://ftp.ncbi.nlm.nih.gov/genomes/all/GCF/013/368/755/GCF_013368755.1_ASM1336875v1,na,na,na,haploid,fungi,35758560,35758560,47.0,6,6,6,Xi'an Jiaotong University,Annotation submitted by Xi'an Jiaotong University,2020-08-05,11971,11901,70,33048598,Talaromyces_rugulosus_gca_013368755.ASM1336875v1.dna.toplevel.fa,GCF_013368755.1_ASM1336875v1_genomic.fna.gz
aspergillus_tanneri_gca_004798825,EnsemblFungi,1220188,ASM479882v1,GCA_004798825.1,2019-09-JCVI,N,N,N,N,N,Y,fungi_ascomycota5_collection_core_61_114_1,182,,GCF_003426965.1,PRJNA625766,SAMN09761659,QUQM00000000.1,reference genome,1220188,1220188,Aspergillus tanneri,strain=NIH1004,na,latest,Contig,Major,Full,2018-08-24,ASM342696v1,JCVI,GCA_003426965.1,identical,https://ftp.ncbi.nlm.nih.gov/genomes/all/GCF/003/426/965/GCF_003426965.1_ASM342696v1,na,assembly from type material,na,haploid,fungi,38719388,38719388,47.5,0,14,14,JCVI,Annotation submitted by JCVI,2025-02-22,11845,11682,163,na,Aspergillus_tanneri_gca_004798825.ASM479882v1.dna.toplevel.fa,GCF_003426965.1_ASM342696v1_genomic.fna.gz
aspergillus_tanneri_gca_003426965,EnsemblFungi,1220188,ASM342696v1,GCA_003426965.1,2020-01-JCVI,N,N,N,N,N,Y,fungi_ascomycota5_collection_core_61_114_1,101,,GCF_003426965.1,PRJNA625766,SAMN09761659,QUQM00000000.1,reference genome,1220188,1220188,Aspergillus tanneri,strain=NIH1004,na,latest,Contig,Major,Full,2018-08-24,ASM342696v1,JCVI,GCA_003426965.1,identical,https://ftp.ncbi.nlm.nih.gov/genomes/all/GCF/003/426/965/GCF_003426965.1_ASM342696v1,na,assembly from type material,na,haploid,fungi,38719388,38719388,47.5,0,14,14,JCVI,Annotation submitted by JCVI,2025-02-22,11845,11682,163,na,Aspergillus_tanneri_gca_003426965.ASM342696v1.dna.toplevel.fa,GCF_003426965.1_ASM342696v1_genomic.fna.gz
cyphellophora_europaea_cbs_101466_gca_000365145,EnsemblFungi,1220924,Phia_euro_CBS_101466_V1,GCA_000365145.2,2014-01-BroadInstitute,N,N,N,Y,N,Y,fungi_ascomycota1_collection_core_61_114_1,80,,GCF_000365145.1,PRJNA245131,SAMN02981492,AOBU00000000.1,reference genome,1220924,293227,Cyphellophora europaea CBS 101466,strain=CBS 101466,na,latest,Scaffold,Major,Full,2013-12-11,Phia_euro_CBS_101466_V1,Broad Institute,GCA_000365145.2,identical,https://ftp.ncbi.nlm.nih.gov/genomes/all/GCF/000/365/145/GCF_000365145.1_Phia_euro_CBS_101466_V1,na,assembly from type material,na,haploid,fungi,28781303,28719617,54.0,0,19,106,Broad Institute,Annotation submitted by Broad Institute,2024-01-04,11153,11094,58,na,Cyphellophora_europaea_cbs_101466_gca_000365145.Phia_euro_CBS_101466_V1.dna.toplevel.fa,GCF_000365145.1_Phia_euro_CBS_101466_V1_genomic.fna.gz
cercospora_beticola_gca_002742065,EnsemblFungi,122368,CB0940_V2,GCA_002742065.1,2017-11-VIB,N,N,N,N,N,Y,fungi_ascomycota3_collection_core_61_114_1,278,,GCF_033473495.1,PRJNA1120886,SAMN37303012,na,reference genome,122368,122368,Cercospora beticola,na,Cb09-40,latest,Complete Genome,Major,Full,2023-11-09,ASM3347349v1,USDA-ARS,GCA_033473495.1,identical,https://ftp.ncbi.nlm.nih.gov/genomes/all/GCF/033/473/495/GCF_033473495.1_ASM3347349v1,na,na,na,haploid,fungi,36074111,36074111,51.0,10,10,10,USDA-ARS,Annotation submitted by USDA-ARS,2024-06-10,13212,13144,68,na,Cercospora_beticola_gca_002742065.CB0940_V2.dna.toplevel.fa,GCF_033473495.1_ASM3347349v1_genomic.fna.gz
fusarium_proliferatum_et1_gca_900067095,EnsemblFungi,1227346,F. proliferatum ET1 version 1,GCA_900067095.1,2016-12-InstituteofBioinformaticsandSystemsBiology,N,N,N,N,N,Y,fungi_ascomycota3_collection_core_61_114_1,223,,GCF_900067095.1,PRJNA576857,SAMEA3862493,FJOF00000000.1,reference genome,1227346,948311,Fusarium proliferatum ET1,strain=ET1,na,latest,Scaffold,Major,Full,2016-12-06,F. proliferatum ET1 version 1,Institute of Bioinformatics and Systems Biology,GCA_900067095.1,identical,https://ftp.ncbi.nlm.nih.gov/genomes/all/GCF/900/067/095/GCF_900067095.1_F._proliferatum_ET1_version_1,na,na,na,haploid,fungi,45210324,44903268,48.5,0,32,32,Institute of Bioinformatics and Systems Biology,Annotation submitted by Institute of Bioinformatics and Systems Biology,2023-12-28,16488,16129,359,na,Fusarium_proliferatum_et1_gca_900067095.F._proliferatum_ET1_version_1.dna.toplevel.fa,GCF_900067095.1_F._proliferatum_ET1_version_1_genomic.fna.gz
pestalotiopsis_fici_w106_1_gca_000516985,EnsemblFungi,1229662,PFICI,GCA_000516985.1,2014-04-Instituteofmicrobiologychineseacademyofsciences,N,N,N,Y,N,Y,fungi_ascomycota1_collection_core_61_114_1,76,,GCF_000516985.1,PRJNA245144,SAMN02369365,ARNU00000000.1,reference genome,1229662,393283,Pestalotiopsis fici W106-1,strain=W106-1,na,latest,Scaffold,Major,Full,2014-01-10,PFICI,"Institute of microbiology, chinese academy of sciences",GCA_000516985.1,identical,https://ftp.ncbi.nlm.nih.gov/genomes/all/GCF/000/516/985/GCF_000516985.1_PFICI,na,na,na,haploid,fungi,51910726,51862826,48.5,0,39,518,"Institute of microbiology, chinese academy of sciences","Annotation submitted by Institute of microbiology, chinese academy of sciences",2024-01-05,15413,15413,0,25623211,Pestalotiopsis_fici_w106_1_gca_000516985.PFICI.dna.toplevel.fa,identical_genomic.fna.gz
malassezia_sympodialis_atcc_42132_gca_000349305,EnsemblFungi,1230383,ASM34930v2,GCA_000349305.2,2015-09-SciLifeLab,N,N,N,N,N,Y,fungi_basidiomycota1_collection_core_61_114_1,15,,GCF_000349305.1,PRJNA264005,SAMEA2271934,CANK00000000.1,reference genome,1230383,76777,Malassezia sympodialis ATCC 42132,strain=ATCC 42132,na,latest,Scaffold,Major,Full,2013-03-18,ASM34930v2,SciLifeLab,GCA_000349305.2,identical,https://ftp.ncbi.nlm.nih.gov/genomes/all/GCF/000/349/305/GCF_000349305.1_ASM34930v2,na,na,na,haploid,fungi,7669689,7654697,59.0,0,65,88,SciLifeLab,Annotation submitted by SciLifeLab,2024-01-02,3517,3318,0,na,Malassezia_sympodialis_atcc_42132_gca_000349305.ASM34930v2.dna.toplevel.fa,GCF_000349305.1_ASM34930v2_genomic.fna.gz
malassezia_sympodialis_atcc_42132_gca_900149145,EnsemblFungi,1230383,Msy_ATCC_42132_Feb2016,GCA_900149145.1,2017-01-SCIENCEFORLIFELABORATORY,N,N,N,N,N,Y,fungi_basidiomycota1_collection_core_61_114_1,158,,GCF_000349305.1,PRJNA264005,SAMEA2271934,CANK00000000.1,reference genome,1230383,76777,Malassezia sympodialis ATCC 42132,strain=ATCC 42132,na,latest,Scaffold,Major,Full,2013-03-18,ASM34930v2,SciLifeLab,GCA_000349305.2,identical,https://ftp.ncbi.nlm.nih.gov/genomes/all/GCF/000/349/305/GCF_000349305.1_ASM34930v2,na,na,na,haploid,fungi,7669689,7654697,59.0,0,65,88,SciLifeLab,Annotation submitted by SciLifeLab,2024-01-02,3517,3318,0,na,Malassezia_sympodialis_atcc_42132_gca_900149145.Msy_ATCC_42132_Feb2016.dna.toplevel.fa,GCF_000349305.1_ASM34930v2_genomic.fna.gz
candida_duobushaemulonis,EnsemblFungi,1231522,GCA002926085v1,GCA_002926085.1,2018-05-01,N,N,N,Y,N,Y,candida_duobushaemulonis_core_61_114_1,1,,GCF_002926085.2,PRJNA479899,SAMN08161465,PKFP00000000.1,reference genome,1231522,1231522,Candidozyma duobushaemuli,strain=B09383,na,latest,Contig,Minor,Full,2018-02-13,CanDuoHae_v1.0,Centers for Disease Control and Prevention,GCA_002926085.1,identical,https://ftp.ncbi.nlm.nih.gov/genomes/all/GCF/002/926/085/GCF_002926085.2_CanDuoHae_v1.0,na,na,na,haploid,fungi,12557957,12557957,47.0,0,7,7,Centers for Disease Control and Prevention,Annotation submitted by Centers for Disease Control and Prevention,2019-05-31,5329,5173,154,30559369,Candida_duobushaemulonis.GCA002926085v1.dna.toplevel.fa,GCF_002926085.2_CanDuoHae_v1.0_genomic.fna.gz
lachancea_lanzarotensis_gca_000938715,EnsemblFungi,1245769,LALA0,GCA_000938715.1,2015-02-INRAUMR1319,N,N,N,Y,N,Y,fungi_ascomycota2_collection_core_61_114_1,97,,GCF_000938715.1,PRJNA413304,SAMEA3170909,CDLU00000000.1,reference genome,1245769,1245769,Lachancea lanzarotensis,strain=CBS 12615,na,latest,Scaffold,Major,Full,2015-01-21,LALA0,INRA UMR 1319,GCA_000938715.1,identical,https://ftp.ncbi.nlm.nih.gov/genomes/all/GCF/000/938/715/GCF_000938715.1_LALA0,na,assembly from type material,na,haploid,fungi,11092131,11091689,44.5,0,24,34,INRA UMR 1319,Annotation submitted by INRA UMR 1319,2024-12-04,5317,5055,204,na,Lachancea_lanzarotensis_gca_000938715.LALA0.dna.toplevel.fa,GCF_000938715.1_LALA0_genomic.fna.gz
endocarpon_pusillum_z07020_gca_000464535,EnsemblFungi,1263415,EPUS,GCA_000464535.1,2013-09-chineseacademyofscience,N,N,N,Y,N,Y,fungi_ascomycota1_collection_core_61_114_1,21,,GCF_000464535.1,PRJNA245134,SAMN02981524,APWS00000000.1,reference genome,1263415,364733,Endocarpon pusillum Z07020,strain=Z07020,na,latest,Scaffold,Major,Full,2013-09-05,EPUS,chinese academy of science,GCA_000464535.1,identical,https://ftp.ncbi.nlm.nih.gov/genomes/all/GCF/000/464/535/GCF_000464535.1_EPUS,na,na,na,haploid,fungi,37130611,36775460,46.0,0,908,1731,chinese academy of science,Annotation submitted by chinese academy of science,2024-01-04,9238,9238,0,24438332,Endocarpon_pusillum_z07020_gca_000464535.EPUS.dna.toplevel.fa,GCF_000464535.1_EPUS_genomic.fna.gz
anthracocystis_flocculosa_pf_1_gca_000417875,EnsemblFungi,1277687,Pflocc_1.0,GCA_000417875.1,2014-07-UniversiteLaval,N,N,N,Y,N,Y,fungi_basidiomycota1_collection_core_61_114_1,14,,GCF_000417875.1,PRJNA245148,SAMN02981510,AOUS00000000.1,reference genome,1277687,84751,Pseudozyma flocculosa PF-1,strain=PF-1,na,latest,Scaffold,Major,Full,2013-07-08,Pflocc_1.0,Université Laval,GCA_000417875.1,identical,https://ftp.ncbi.nlm.nih.gov/genomes/all/GCF/000/417/875/GCF_000417875.1_Pflocc_1.0,na,na,na,haploid,fungi,23305380,22963743,65.5,0,39,1104,Université Laval,Annotation submitted by Université Laval,2021-12-10,6877,6877,0,23800965,Anthracocystis_flocculosa_pf_1_gca_000417875.Pflocc_1.0.dna.toplevel.fa,GCF_000417875.1_Pflocc_1.0_genomic.fna.gz
cladophialophora_carrionii_cbs_160_54_gca_000365165,EnsemblFungi,1279043,Clad_carr_CBS_160_54_V1,GCA_000365165.2,2014-05-BroadInstitute,N,N,N,N,N,Y,fungi_ascomycota1_collection_core_61_114_1,77,,GCF_000365165.1,PRJNA245126,SAMN01919308,AOFF00000000.1,reference genome,1279043,86049,Cladophialophora carrionii CBS 160.54,strain=CBS 160.54,na,latest,Scaffold,Major,Full,2013-12-11,Clad_carr_CBS_160_54_V1,Broad Institute,GCA_000365165.2,identical,https://ftp.ncbi.nlm.nih.gov/genomes/all/GCF/000/365/165/GCF_000365165.1_Clad_carr_CBS_160_54_V1,na,assembly from type material,na,haploid,fungi,28991111,28979941,54.5,0,19,102,Broad Institute,Annotation submitted by Broad Institute,2024-01-05,10428,10373,47,na,Cladophialophora_carrionii_cbs_160_54_gca_000365165.Clad_carr_CBS_160_54_V1.dna.toplevel.fa,GCF_000365165.1_Clad_carr_CBS_160_54_V1_genomic.fna.gz
meira_miltonrushii_gca_003144205,EnsemblFungi,1280837,Meimi1,GCA_003144205.1,2018-05-DOEJointGenomeInstitute,N,N,N,Y,N,Y,fungi_basidiomycota1_collection_core_61_114_1,226,,GCF_003144205.1,PRJNA479903,SAMN02787052,MCHC00000000.1,reference genome,1280837,1280837,Meira miltonrushii,strain=MCA 3882,na,latest,Scaffold,Major,Full,2018-05-21,Meimi1,DOE Joint Genome Institute,GCA_003144205.1,identical,https://ftp.ncbi.nlm.nih.gov/genomes/all/GCF/003/144/205/GCF_003144205.1_Meimi1,na,assembly from type material,na,haploid,fungi,17383515,17279528,43.0,0,32,136,DOE Joint Genome Institute,Annotation submitted by DOE Joint Genome Institute,2020-02-10,7485,7444,40,29771364,Meira_miltonrushii_gca_003144205.Meimi1.dna.toplevel.fa,GCF_003144205.1_Meimi1_genomic.fna.gz
phaeoacremonium_minimum_ucrpa7_gca_000392275,EnsemblFungi,1286976,UCRPA7V03,GCA_000392275.1,2013-05-UCDavis,N,N,N,Y,N,Y,fungi_ascomycota1_collection_core_61_114_1,170,,GCF_000392275.1,PRJNA245153,SAMN01908518,AORD00000000.1,reference genome,1286976,223192,Phaeoacremonium minimum UCRPA7,strain=UCRPA7,na,latest,Scaffold,Major,Full,2013-05-16,UCRPA7V03,UC Davis,GCA_000392275.1,identical,https://ftp.ncbi.nlm.nih.gov/genomes/all/GCF/000/392/275/GCF_000392275.1_UCRPA7V03,na,na,na,haploid,fungi,47465449,47381958,49.5,0,624,1278,UC Davis,Annotation submitted by UC Davis,2017-07-12,8834,8834,0,23814032,Phaeoacremonium_minimum_ucrpa7_gca_000392275.UCRPA7V03.dna.toplevel.fa,GCF_000392275.1_UCRPA7V03_genomic.fna.gz
cryptococcus_wingfieldii_cbs_7118_gca_001720155,EnsemblFungi,1295528,Tsuc_wing_CBS7118_V1,GCA_001720155.1,2016-09-BroadInstitute,N,N,N,N,N,Y,fungi_basidiomycota1_collection_core_61_114_1,150,,GCF_001720155.1,PRJNA352843,SAMN02086247,AWGH00000000.1,reference genome,1295528,5619,Cryptococcus wingfieldii CBS 7118,strain=CBS 7118,na,latest,Scaffold,Major,Full,2016-09-06,Tsuc_wing_CBS7118_V1,Broad Institute,GCA_001720155.1,identical,https://ftp.ncbi.nlm.nih.gov/genomes/all/GCF/001/720/155/GCF_001720155.1_Tsuc_wing_CBS7118_V1,na,assembly from type material,na,haploid,fungi,19969799,19893900,53.5,0,83,83,Broad Institute,Annotation submitted by Broad Institute,2017-08-28,8314,8094,220,na,Cryptococcus_wingfieldii_cbs_7118_gca_001720155.Tsuc_wing_CBS7118_V1.dna.toplevel.fa,GCF_001720155.1_Tsuc_wing_CBS7118_V1_genomic.fna.gz
cryptococcus_depauperatus_cbs_7841_gca_001720195,EnsemblFungi,1295531,Filo_depa_CBS7841_V1,GCA_001720195.1,2016-09-BroadInstitute,N,N,N,N,N,Y,fungi_basidiomycota1_collection_core_61_114_1,153,,GCF_001720195.1,PRJNA1105951,SAMN02086252,na,reference genome,1295531,5208,Cryptococcus depauperatus CBS 7841,strain=CBS 7841,na,latest,Complete Genome,Major,Full,2024-07-02,ASM172019v2,"Department of Molecular Genetics and Microbiology, Duke University",GCA_001720195.2,identical,https://ftp.ncbi.nlm.nih.gov/genomes/all/GCF/001/720/195/GCF_001720195.1_ASM172019v2,na,assembly from synonym type material,na,haploid,fungi,16179376,16179376,45.0,8,8,8,"Department of Molecular Genetics and Microbiology, Duke University","Annotation submitted by Department of Molecular Genetics and Microbiology, Duke University",2024-07-02,6455,6341,67,35713948,Cryptococcus_depauperatus_cbs_7841_gca_001720195.Filo_depa_CBS7841_V1.dna.toplevel.fa,identical_genomic.fna.gz
cryptococcus_amylolentus_cbs_6039_gca_001720205,EnsemblFungi,1295533,Cryp_amyl_CBS6039_V3,GCA_001720205.1,2016-09-BroadInstitute,N,N,N,N,N,Y,fungi_basidiomycota1_collection_core_61_114_1,149,,GCF_001720205.1,PRJNA352837,SAMN02086251,AWGJ00000000.1,reference genome,1295533,104669,Cryptococcus amylolentus CBS 6039,strain=CBS 6039,na,latest,Scaffold,Major,Full,2016-09-06,Cryp_amyl_CBS6039_V3,Broad Institute,GCA_001720205.1,identical,https://ftp.ncbi.nlm.nih.gov/genomes/all/GCF/001/720/205/GCF_001720205.1_Cryp_amyl_CBS6039_V3,na,assembly from type material,na,haploid,fungi,20254996,20253913,53.5,0,15,15,Broad Institute,Annotation submitted by Broad Institute,2017-08-28,8503,8249,248,na,Cryptococcus_amylolentus_cbs_6039_gca_001720205.Cryp_amyl_CBS6039_V3.dna.toplevel.fa,GCF_001720205.1_Cryp_amyl_CBS6039_V3_genomic.fna.gz
kwoniella_pini_cbs_10737_gca_000512605,EnsemblFungi,1296096,Cryp_pinu_CBS10737_V1,GCA_000512605.2,2016-07-BroadInstitute,N,N,N,N,N,Y,fungi_basidiomycota1_collection_core_61_114_1,134,,GCF_000512605.2,PRJNA352840,SAMN01932741,na,reference genome,1296096,453459,Kwoniella pini CBS 10737,strain=CBS 10737,na,latest,Complete Genome,Major,Full,2024-12-07,ASM51260v3,"Department of Molecular Genetics and Microbiology, Duke University",GCA_000512605.3,identical,https://ftp.ncbi.nlm.nih.gov/genomes/all/GCF/000/512/605/GCF_000512605.2_ASM51260v3,na,assembly from type material,na,haploid,fungi,20887338,20887338,40.5,11,11,11,"Department of Molecular Genetics and Microbiology, Duke University","Annotation submitted by Department of Molecular Genetics and Microbiology, Duke University",2024-12-07,7877,7809,47,na,Kwoniella_pini_cbs_10737_gca_000512605.Cryp_pinu_CBS10737_V1.dna.toplevel.fa,identical_genomic.fna.gz
kwoniella_bestiolae_cbs_10118_gca_000512585,EnsemblFungi,1296100,Cryp_best_CBS10118_V1,GCA_000512585.2,2016-07-BroadInstitute,N,N,N,Y,N,Y,fungi_basidiomycota1_collection_core_61_114_1,126,,GCF_000512585.2,PRJNA352838,SAMN01932836,na,reference genome,1296100,324769,Kwoniella bestiolae CBS 10118,strain=CBS 10118,na,latest,Complete Genome,Major,Full,2024-06-21,ASM51258v3,"Department of Molecular Genetics and Microbiology, Duke University",GCA_000512585.3,identical,https://ftp.ncbi.nlm.nih.gov/genomes/all/GCF/000/512/585/GCF_000512585.2_ASM51258v3,na,assembly from type material,na,haploid,fungi,24551665,24551665,47.5,8,8,8,"Department of Molecular Genetics and Microbiology, Duke University","Annotation submitted by Department of Molecular Genetics and Microbiology, Duke University",2024-06-21,9214,9111,64,na,Kwoniella_bestiolae_cbs_10118_gca_000512585.Cryp_best_CBS10118_V1.dna.toplevel.fa,identical_genomic.fna.gz
cryptococcus_gattii_vgiv_ind107_gca_000835755,EnsemblFungi,1296105,Cryp_gatt_IND107_V2,GCA_000835755.1,2015-02-BroadInstitute,N,N,N,N,N,Y,fungi_basidiomycota1_collection_core_61_114_1,67,,GCF_000835755.1,PRJNA1140275,SAMN01932842,ATAM00000000.2,reference genome,1296105,1859121,Cryptococcus tetragattii IND107,strain=IND107,na,latest,Chromosome,Major,Full,2024-06-25,ASM83575v2,Broad Institute,GCA_000835755.2,identical,https://ftp.ncbi.nlm.nih.gov/genomes/all/GCF/000/835/755/GCF_000835755.1_ASM83575v2,na,na,na,haploid,fungi,17799622,17799622,48.0,14,15,15,Broad Institute,Annotation submitted by Broad Institute,2024-07-31,6807,6646,92,na,Cryptococcus_gattii_vgiv_ind107_gca_000835755.Cryp_gatt_IND107_V2.dna.toplevel.fa,GCF_000835755.1_ASM83575v2_genomic.fna.gz
cryptococcus_gattii_ca1280_gca_000836335,EnsemblFungi,1296109,Cryp_gatt_CA1280_V1,GCA_000836335.1,2015-02-BroadInstitute,N,N,N,N,N,Y,fungi_basidiomycota1_collection_core_61_114_1,75,,GCF_000836335.1,PRJNA1140281,SAMN01932846,na,reference genome,1296109,552467,Cryptococcus bacillisporus CA1280,strain=CA1280,na,latest,Complete Genome,Major,Full,2024-07-31,ASM83633v2,"Department of Molecular Genetics and Microbiology, Duke University",GCA_000836335.2,identical,https://ftp.ncbi.nlm.nih.gov/genomes/all/GCF/000/836/335/GCF_000836335.1_ASM83633v2,na,na,na,haploid,fungi,17825526,17825526,48.0,14,14,14,"Department of Molecular Genetics and Microbiology, Duke University","Annotation submitted by Department of Molecular Genetics and Microbiology, Duke University",2024-07-31,6809,6694,57,na,Cryptococcus_gattii_ca1280_gca_000836335.Cryp_gatt_CA1280_V1.dna.toplevel.fa,identical_genomic.fna.gz
kwoniella_dejecticola_cbs_10117_gca_000512565,EnsemblFungi,1296121,Cryp_deje_CBS10117_V1,GCA_000512565.2,2016-06-BroadInstitute,N,N,N,N,N,Y,fungi_basidiomycota1_collection_core_61_114_1,145,,GCF_000512565.2,PRJNA342698,SAMN01932837,na,reference genome,1296121,324770,Kwoniella dejecticola CBS 10117,strain=CBS 10117,na,latest,Complete Genome,Major,Full,2024-06-24,ASM51256v3,"Department of Molecular Genetics and Microbiology, Duke University",GCA_000512565.3,identical,https://ftp.ncbi.nlm.nih.gov/genomes/all/GCF/000/512/565/GCF_000512565.2_ASM51256v3,na,assembly from type material,na,haploid,fungi,23932770,23932770,48.5,11,11,11,"Department of Molecular Genetics and Microbiology, Duke University","Annotation submitted by Department of Molecular Genetics and Microbiology, Duke University",2024-06-24,8719,8632,64,na,Kwoniella_dejecticola_cbs_10117_gca_000512565.Cryp_deje_CBS10117_V1.dna.toplevel.fa,identical_genomic.fna.gz
kwoniella_mangroviensis_cbs_8507_gca_000507465,EnsemblFungi,1296122,Kwon_mang_CBS8507_V2,GCA_000507465.3,2016-07-BroadInstitute,N,N,N,N,N,Y,fungi_basidiomycota1_collection_core_61_114_1,128,,GCF_000507465.2,PRJNA352839,SAMN01932738,ASQE00000000.2,reference genome,1296122,463800,Kwoniella mangroviensis CBS 8507,strain=CBS 8507,na,latest,Chromosome,Major,Full,2024-03-14,ASM50746v4,Broad Institute,GCA_000507465.4,identical,https://ftp.ncbi.nlm.nih.gov/genomes/all/GCF/000/507/465/GCF_000507465.2_ASM50746v4,na,assembly from type material,na,haploid,fungi,22796923,22796923,45.0,3,4,4,Broad Institute,Annotation submitted by Broad Institute,2024-05-28,8610,8516,65,38234769,Kwoniella_mangroviensis_cbs_8507_gca_000507465.Kwon_mang_CBS8507_V2.dna.toplevel.fa,GCF_000507465.2_ASM50746v4_genomic.fna.gz
wallemia_ichthyophaga_exf_994_gca_000400465,EnsemblFungi,1299270,Wallemia ichthyophaga version 1.0,GCA_000400465.1,2016-06-BGI,N,N,N,Y,N,Y,fungi_basidiomycota1_collection_core_61_114_1,24,,GCF_000400465.1,PRJNA215734,SAMN02981518,APLC00000000.1,reference genome,1299270,245174,Wallemia ichthyophaga EXF-994,strain=EXF-994,na,latest,Scaffold,Major,Full,2013-05-20,Wallemia ichthyophaga version 1.0,BGI,GCA_000400465.1,identical,https://ftp.ncbi.nlm.nih.gov/genomes/all/GCF/000/400/465/GCF_000400465.1_Wallemia_ichthyophaga_version_1.0,na,assembly designated as neotype,na,haploid,fungi,9655632,9624672,45.5,0,82,101,BGI,Annotation submitted by BGI,2023-09-15,5000,4863,127,24034603,Wallemia_ichthyophaga_exf_994_gca_000400465.Wallemia_ichthyophaga_version_1.0.dna.toplevel.fa,GCF_000400465.1_Wallemia_ichthyophaga_version_1.0_genomic.fna.gz
pseudozyma_hubeiensis_sy62_gca_000403515,EnsemblFungi,1305764,ASM40351v1,GCA_000403515.1,2015-11-KitamiInstituteofTechnology,N,N,N,Y,N,Y,fungi_basidiomycota1_collection_core_61_114_1,7,,GCF_000403515.1,PRJNA264001,SAMD00002584,BAOW00000000.1,reference genome,1305764,327079,Pseudozyma hubeiensis SY62,strain=SY62,na,latest,Scaffold,Major,Full,2013-05-16,ASM40351v1,Kitami Institute of Technology,GCA_000403515.1,identical,https://ftp.ncbi.nlm.nih.gov/genomes/all/GCF/000/403/515/GCF_000403515.1_ASM40351v1,na,na,na,haploid,fungi,18442938,18435583,56.5,0,74,160,NCBI RefSeq,Annotation submitted by NCBI RefSeq,2015-04-20,7619,7472,147,23814110,Pseudozyma_hubeiensis_sy62_gca_000403515.ASM40351v1.dna.toplevel.fa,GCF_000403515.1_ASM40351v1_genomic.fna.gz
sodiomyces_alkalinus_f11_gca_003711515,EnsemblFungi,1314773,Sodal1,GCA_003711515.1,2019-06-DOEJointGenomeInstitute,N,N,N,N,N,Y,fungi_ascomycota4_collection_core_61_114_1,160,,GCF_003711515.1,PRJNA531015,SAMN02745840,NITX00000000.1,reference genome,1314773,1302862,Sodiomyces alkalinus F11,strain=F11,na,latest,Scaffold,Major,Full,2018-11-05,Sodal1,DOE Joint Genome Institute,GCA_003711515.1,identical,https://ftp.ncbi.nlm.nih.gov/genomes/all/GCF/003/711/515/GCF_003711515.1_Sodal1,na,assembly from type material,na,haploid,fungi,43450096,43138642,49.0,0,29,611,DOE Joint Genome Institute,Annotation submitted by DOE Joint Genome Institute,2019-04-05,9625,9403,191,30368956,Sodiomyces_alkalinus_f11_gca_003711515.Sodal1.dna.toplevel.fa,GCF_003711515.1_Sodal1_genomic.fna.gz
laetiporus_sulphureus_93_53_gca_001632365,EnsemblFungi,1314785,Laesu1,GCA_001632365.1,2016-06-DOEJointGenomeInstitute,N,N,N,Y,N,Y,fungi_basidiomycota1_collection_core_61_114_1,131,,GCF_001632365.1,PRJNA721992,SAMN02745959,LOAX00000000.1,reference genome,1314785,5630,Laetiporus sulphureus 93-53,strain=93-53,na,latest,Scaffold,Major,Full,2016-04-27,Laesu1,DOE Joint Genome Institute,GCA_001632365.1,identical,https://ftp.ncbi.nlm.nih.gov/genomes/all/GCF/001/632/365/GCF_001632365.1_Laesu1,na,na,na,haploid,fungi,39909705,39034642,51.5,0,399,1203,DOE Joint Genome Institute,Annotation submitted by DOE Joint Genome Institute,2021-04-20,13840,13739,100,26659563,Laetiporus_sulphureus_93_53_gca_001632365.Laesu1.dna.toplevel.fa,GCF_001632365.1_Laesu1_genomic.fna.gz
penicillium_subrubescens_gca_001908125,EnsemblFungi,1316194,ASM190812v1,GCA_001908125.1,2017-01-CBSKNAWFungalBiodiversityCentreInstituteoftheRoyalNetherlandsAcademyofArtsandScience,N,N,N,N,N,Y,fungi_ascomycota3_collection_core_61_114_1,234,,GCF_028828155.1,PRJNA973687,SAMN30185375,JAQKAJ000000000.1,reference genome,1316194,1316194,Penicillium subrubescens,strain=IBT 31985,na,latest,Contig,Major,Full,2023-02-23,ASM2882815v1,Aalborg University,GCA_028828155.1,identical,https://ftp.ncbi.nlm.nih.gov/genomes/all/GCF/028/828/155/GCF_028828155.1_ASM2882815v1,na,assembly from type material,na,haploid,fungi,39968067,39968067,49.0,0,14,14,Aalborg University,Annotation submitted by Aalborg University,2023-06-12,13458,13458,0,36726175,Penicillium_subrubescens_gca_001908125.ASM190812v1.dna.toplevel.fa,GCF_028828155.1_ASM2882815v1_genomic.fna.gz
lachnellula_hyalina_gca_007821495,EnsemblFungi,1316788,CFIA_Lhya_EG2017,GCA_007821495.1,2020-01-CanadianFoodInspectionAgencyCFIA,N,N,N,N,N,Y,fungi_ascomycota5_collection_core_61_114_1,40,,GCF_007821495.1,PRJNA576247,SAMN08668878,QGMH00000000.1,reference genome,1316788,1316788,Lachnellula hyalina,strain=CBS 185.66,na,latest,Contig,Major,Full,2019-08-01,CFIA_Lhya_EG2017,Canadian Food Inspection Agency (CFIA),GCA_007821495.1,identical,https://ftp.ncbi.nlm.nih.gov/genomes/all/GCF/007/821/495/GCF_007821495.1_CFIA_Lhya_EG2017,na,assembly from type material,na,haploid,fungi,33828344,33828344,47.0,0,685,685,Canadian Food Inspection Agency (CFIA),Annotation submitted by Canadian Food Inspection Agency (CFIA),2019-10-09,9248,9157,82,na,Lachnellula_hyalina_gca_007821495.CFIA_Lhya_EG2017.dna.toplevel.fa,GCF_007821495.1_CFIA_Lhya_EG2017_genomic.fna.gz
aspergillus_pseudotamarii_gca_009193445,EnsemblFungi,132259,Asppset1,GCA_009193445.1,2019-10-DOEJointGenomeInstitute,N,N,N,N,N,Y,fungi_ascomycota5_collection_core_61_114_1,110,,GCF_009193445.1,PRJNA602439,SAMN05446752,STFH00000000.1,reference genome,132259,132259,Aspergillus pseudotamarii,strain=CBS 117625,na,latest,Scaffold,Major,Full,2019-10-18,Asppset1,DOE Joint Genome Institute,GCA_009193445.1,identical,https://ftp.ncbi.nlm.nih.gov/genomes/all/GCF/009/193/445/GCF_009193445.1_Asppset1,na,na,na,haploid,fungi,38243929,38221759,48.0,0,249,365,DOE Joint Genome Institute,Annotation submitted by DOE Joint Genome Institute,2025-02-22,13663,13428,234,na,Aspergillus_pseudotamarii_gca_009193445.Asppset1.dna.toplevel.fa,GCF_009193445.1_Asppset1_genomic.fna.gz
lentinus_tigrinus_alcf2ss1_7_gca_003813185,EnsemblFungi,1328758,Lenti7_1,GCA_003813185.1,2019-06-DOEJointGenomeInstitute,N,N,N,N,N,Y,fungi_basidiomycota1_collection_core_61_114_1,258,,GCF_003813185.1,PRJNA1151046,SAMN02744685,QKKD00000000.1,reference genome,1328758,5365,Lentinus tigrinus ALCF2SS1-7,strain=ALCF2SS1-7,na,latest,Scaffold,Major,Full,2018-11-21,Lenti7_1,DOE Joint Genome Institute,GCA_003813185.1,identical,https://ftp.ncbi.nlm.nih.gov/genomes/all/GCF/003/813/185/GCF_003813185.1_Lenti7_1,na,na,na,haploid,fungi,39530113,39175507,56.0,0,207,503,DOE Joint Genome Institute,Annotation submitted by DOE Joint Genome Institute,2024-09-04,15665,15364,290,na,Lentinus_tigrinus_alcf2ss1_7_gca_003813185.Lenti7_1.dna.toplevel.fa,GCF_003813185.1_Lenti7_1_genomic.fna.gz
xylona_heveae_tc161_gca_001619985,EnsemblFungi,1328760,Xylona heveae TC161 v1.0,GCA_001619985.1,2016-06-DOEJointGenomeInstitute,N,N,N,Y,N,Y,fungi_ascomycota3_collection_core_61_114_1,106,,GCF_001619985.1,PRJNA342690,SAMN02744854,JXCS00000000.1,reference genome,1328760,1217826,Xylona heveae TC161,strain=TC161,na,latest,Scaffold,Major,Full,2016-04-14,Xylona heveae TC161 v1.0,DOE Joint Genome Institute,GCA_001619985.1,identical,https://ftp.ncbi.nlm.nih.gov/genomes/all/GCF/001/619/985/GCF_001619985.1_Xylona_heveae_TC161_v1.0,na,assembly from type material,na,haploid,fungi,24337763,24318220,48.0,0,27,125,NCBI RefSeq,Annotation submitted by NCBI RefSeq,2016-09-22,8346,8201,145,26693682,Xylona_heveae_tc161_gca_001619985.Xylona_heveae_TC161_v1.0.dna.toplevel.fa,GCF_001619985.1_Xylona_heveae_TC161_v1.0_genomic.fna.gz
rhizopus_microsporus_atcc_52813_gca_002708625,EnsemblFungi,1340429,Rhimi1_1,GCA_002708625.1,2017-11-DOEJointGenomeInstitute,N,N,N,N,N,Y,fungi_mucoromycota1_collection_core_61_114_1,26,,GCF_002708625.1,PRJNA430271,SAMN02745869,JOSV00000000.1,reference genome,1340429,58291,Rhizopus microsporus ATCC 52813,strain=ATCC 52813,na,latest,Scaffold,Major,Full,2017-10-23,Rhimi1_1,DOE Joint Genome Institute,GCA_002708625.1,identical,https://ftp.ncbi.nlm.nih.gov/genomes/all/GCF/002/708/625/GCF_002708625.1_Rhimi1_1,na,na,na,haploid,fungi,25972395,25347720,37.5,0,131,823,DOE Joint Genome Institute,Annotation submitted by DOE Joint Genome Institute,2022-04-18,10958,10888,70,27956601,Rhizopus_microsporus_atcc_52813_gca_002708625.Rhimi1_1.dna.toplevel.fa,GCF_002708625.1_Rhimi1_1_genomic.fna.gz
aspergillus_welwitschiae_gca_003344945,EnsemblFungi,1341132,Aspwel1,GCA_003344945.1,2018-08-DOEJointGenomeInstitute,N,N,N,N,N,Y,fungi_ascomycota4_collection_core_61_114_1,149,,GCF_003344945.1,PRJNA495497,SAMN05446521,QQZQ00000000.1,reference genome,1341132,1341132,Aspergillus welwitschiae,strain=CBS 139.54b,na,latest,Scaffold,Major,Full,2018-07-30,Aspwel1,DOE Joint Genome Institute,GCA_003344945.1,identical,https://ftp.ncbi.nlm.nih.gov/genomes/all/GCF/003/344/945/GCF_003344945.1_Aspwel1,na,na,na,haploid,fungi,37511876,37478041,49.5,0,396,514,DOE Joint Genome Institute,Annotation submitted by DOE Joint Genome Institute,2025-02-22,13955,13682,268,na,Aspergillus_welwitschiae_gca_003344945.Aspwel1.dna.toplevel.fa,GCF_003344945.1_Aspwel1_genomic.fna.gz
ascoidea_rubescens_dsm_1968_gca_001661345,EnsemblFungi,1344418,Ascru1,GCA_001661345.1,2016-09-DOEJointGenomeInstitute,N,N,N,Y,N,Y,fungi_ascomycota3_collection_core_61_114_1,174,,GCF_001661345.1,PRJNA374039,SAMN02746076,LYBR00000000.1,reference genome,1344418,54195,Ascoidea rubescens DSM 1968,strain=DSM 1968,na,latest,Scaffold,Major,Full,2016-09-15,Ascru1,DOE Joint Genome Institute,GCA_001661345.1,identical,https://ftp.ncbi.nlm.nih.gov/genomes/all/GCF/001/661/345/GCF_001661345.1_Ascru1,na,na,na,haploid,fungi,17503998,17458255,33.0,0,63,326,DOE Joint Genome Institute,Annotation submitted by DOE Joint Genome Institute,2024-12-04,6962,6785,176,27535936,Ascoidea_rubescens_dsm_1968_gca_001661345.Ascru1.dna.toplevel.fa,GCF_001661345.1_Ascru1_genomic.fna.gz
ordospora_colligata_oc4_gca_000803265,EnsemblFungi,1354746,ASM80326v1,GCA_000803265.1,2015-01-UniversityofBritishColumbia,N,N,N,Y,N,Y,fungi_microsporidia1_collection_core_61_114_1,20,,GCF_000803265.1,PRJNA302310,SAMN02867507,JOKQ00000000.1,reference genome,1354746,174685,Ordospora colligata OC4,strain=OC4,na,latest,Contig,Major,Full,2014-12-17,ASM80326v1,University of British Columbia,GCA_000803265.1,identical,https://ftp.ncbi.nlm.nih.gov/genomes/all/GCF/000/803/265/GCF_000803265.1_ASM80326v1,na,na,na,haploid,fungi,2290528,2290528,38.5,0,15,15,University of British Columbia,Annotation submitted by University of British Columbia,2024-01-05,1879,1820,59,25587016,Ordospora_colligata_oc4_gca_000803265.ASM80326v1.dna.toplevel.fa,GCF_000803265.1_ASM80326v1_genomic.fna.gz
kalmanozyma_brasiliensis_ghg001_gca_000497045,EnsemblFungi,1365824,PSEUBRA1,GCA_000497045.1,2014-04-LaboratorioNacionaldeCienciaeTecnologiadoBioetanol,N,N,N,Y,N,Y,fungi_basidiomycota1_collection_core_61_114_1,11,,GCF_000497045.1,PRJNA292598,SAMN02334589,AWXO00000000.1,reference genome,1365824,1392244,Kalmanozyma brasiliensis GHG001,strain=GHG001,na,latest,Scaffold,Major,Full,2013-11-15,PSEUBRA1,Laboratorio Nacional de Ciencia e Tecnologia do Bioetanol,GCA_000497045.1,identical,https://ftp.ncbi.nlm.nih.gov/genomes/all/GCF/000/497/045/GCF_000497045.1_PSEUBRA1,na,assembly from type material,na,haploid,fungi,17325407,17323034,58.0,0,45,132,Brazilian Biorenewables National Laboratory (LNBR/CNPEM),Annotation submitted by Brazilian Biorenewables National Laboratory (LNBR/CNPEM),2023-09-13,6542,6421,121,24356824;24682702,Kalmanozyma_brasiliensis_ghg001_gca_000497045.PSEUBRA1.dna.toplevel.fa,GCF_000497045.1_PSEUBRA1_genomic.fna.gz
fonsecaea_erecta_gca_001651985,EnsemblFungi,1367422,ASM165198v1,GCA_001651985.1,2016-06-FederalUniversityofParana,N,N,N,Y,N,Y,fungi_ascomycota3_collection_core_61_114_1,166,,GCF_001651985.1,PRJNA342681,SAMN04497957,LVYI00000000.1,reference genome,1367422,1367422,Fonsecaea erecta,strain=CBS 125763,na,latest,Scaffold,Major,Full,2016-05-25,ASM165198v1,Federal University of Parana,GCA_001651985.1,identical,https://ftp.ncbi.nlm.nih.gov/genomes/all/GCF/001/651/985/GCF_001651985.1_ASM165198v1,na,na,na,haploid,fungi,34747975,34728508,53.0,0,57,57,Federal University of Parana,Annotation submitted by Federal University of Parana,2017-08-28,12120,12090,30,na,Fonsecaea_erecta_gca_001651985.ASM165198v1.dna.toplevel.fa,GCF_001651985.1_ASM165198v1_genomic.fna.gz
pochonia_chlamydosporia_170_gca_001653235,EnsemblFungi,1380566,ASM165323v2,GCA_001653235.2,2017-07-TheInstituteofVegetablesandFlowersCAAS,N,N,N,Y,N,Y,fungi_ascomycota3_collection_core_61_114_1,135,,GCF_001653235.2,PRJNA342685,SAMN02296946,LSBJ00000000.2,reference genome,1380566,280754,Pochonia chlamydosporia 170,na,170,latest,Chromosome,Major,Full,2017-07-10,ASM165323v2,The Institute of Vegetables and Flowers CAAS,GCA_001653235.2,identical,https://ftp.ncbi.nlm.nih.gov/genomes/all/GCF/001/653/235/GCF_001653235.2_ASM165323v2,na,na,na,haploid,fungi,44215803,44192108,49.5,7,49,49,The Institute of Vegetables and Flowers CAAS,Annotation submitted by The Institute of Vegetables and Flowers CAAS,2017-09-08,14318,14204,113,27416025,Pochonia_chlamydosporia_170_gca_001653235.ASM165323v2.dna.toplevel.fa,GCF_001653235.2_ASM165323v2_genomic.fna.gz
kuraishia_capsulata_cbs_1993_gca_000576695,EnsemblFungi,1382522,AUH_PRJEB4427_v1,GCA_000576695.1,2015-08-GenoscopeCEA,N,N,N,Y,N,Y,fungi_ascomycota1_collection_core_61_114_1,35,,GCF_000576695.1,PRJNA264007,SAMEA3138920,CBUD000000000.2,reference genome,1382522,317047,Kuraishia capsulata CBS 1993,strain=CBS 1993,na,latest,Scaffold,Major,Full,2014-02-11,AUH_PRJEB4427_v1,Genoscope CEA,GCA_000576695.1,identical,https://ftp.ncbi.nlm.nih.gov/genomes/all/GCF/000/576/695/GCF_000576695.1_AUH_PRJEB4427_v1,na,assembly from type material,na,haploid,fungi,11371246,11337613,45.5,0,7,57,Genoscope CEA,Annotation submitted by Genoscope CEA,2020-02-04,5988,5988,0,na,Kuraishia_capsulata_cbs_1993_gca_000576695.AUH_PRJEB4427_v1.dna.toplevel.fa,GCF_000576695.1_AUH_PRJEB4427_v1_genomic.fna.gz
aspergillus_ruber_cbs_135680_gca_000600275,EnsemblFungi,1388766,Eurhe1,GCA_000600275.1,2014-05-DOEJointGenomeInstitute,N,N,N,N,N,Y,fungi_ascomycota1_collection_core_61_114_1,78,,GCF_000600275.1,PRJNA721986,SAMN02744096,AWRT00000000.1,reference genome,1388766,396024,Aspergillus ruber CBS 135680,strain=CBS 135680,na,latest,Scaffold,Major,Full,2014-03-27,Eurhe1,DOE Joint Genome Institute,GCA_000600275.1,identical,https://ftp.ncbi.nlm.nih.gov/genomes/all/GCF/000/600/275/GCF_000600275.1_Eurhe1,na,na,na,haploid,fungi,26209327,26075740,49.0,0,110,371,DOE Joint Genome Institute,Annotation submitted by DOE Joint Genome Institute,2025-02-21,10229,10054,173,24811710,Aspergillus_ruber_cbs_135680_gca_000600275.Eurhe1.dna.toplevel.fa,GCF_000600275.1_Eurhe1_genomic.fna.gz
eremomyces_bilateralis_cbs_781_70_gca_010015585,EnsemblFungi,1392243,Erebi1,GCA_010015585.1,2020-03-DOEJointGenomeInstitute,N,N,N,N,N,Y,fungi_ascomycota4_collection_core_61_114_1,199,,GCF_010015585.1,PRJNA625771,SAMN02744867,JAADKC000000000.1,reference genome,1392243,1341166,Eremomyces bilateralis CBS 781.70,strain=CBS 781.70,na,latest,Scaffold,Major,Full,2020-01-29,Erebi1,DOE Joint Genome Institute,GCA_010015585.1,identical,https://ftp.ncbi.nlm.nih.gov/genomes/all/GCF/010/015/585/GCF_010015585.1_Erebi1,na,assembly from type material,na,haploid,fungi,26864015,26620102,52.0,0,95,351,DOE Joint Genome Institute,Annotation submitted by DOE Joint Genome Institute,2020-04-21,9933,9874,57,na,Eremomyces_bilateralis_cbs_781_70_gca_010015585.Erebi1.dna.toplevel.fa,GCF_010015585.1_Erebi1_genomic.fna.gz
dothidotthia_symphoricarpi_cbs_119687_gca_010015815,EnsemblFungi,1392245,Dotsy1,GCA_010015815.1,2020-02-DOEJointGenomeInstitute,N,N,N,N,N,Y,fungi_ascomycota4_collection_core_61_114_1,241,,GCF_010015815.1,PRJNA625770,SAMN02745847,JAADKQ000000000.1,reference genome,1392245,548649,Dothidotthia symphoricarpi CBS 119687,strain=CBS 119687,na,latest,Scaffold,Major,Full,2020-01-29,Dotsy1,DOE Joint Genome Institute,GCA_010015815.1,identical,https://ftp.ncbi.nlm.nih.gov/genomes/all/GCF/010/015/815/GCF_010015815.1_Dotsy1,na,assembly from type material,na,haploid,fungi,34433519,34250354,48.0,0,59,349,DOE Joint Genome Institute,Annotation submitted by DOE Joint Genome Institute,2020-04-21,11821,11704,113,na,Dothidotthia_symphoricarpi_cbs_119687_gca_010015815.Dotsy1.dna.toplevel.fa,GCF_010015815.1_Dotsy1_genomic.fna.gz
aspergillus_campestris_ibt_28561_gca_002847485,EnsemblFungi,1392248,Aspcam1,GCA_002847485.1,2018-01-DOEJointGenomeInstitute,N,N,N,N,N,Y,fungi_ascomycota4_collection_core_61_114_1,18,,GCF_002847485.1,PRJNA453590,SAMN02744593,MSFM00000000.1,reference genome,1392248,41068,Aspergillus campestris IBT 28561,strain=IBT 28561,na,latest,Contig,Major,Full,2017-12-27,Aspcam1,DOE Joint Genome Institute,GCA_002847485.1,identical,https://ftp.ncbi.nlm.nih.gov/genomes/all/GCF/002/847/485/GCF_002847485.1_Aspcam1,na,na,na,haploid,fungi,28257496,28257496,51.0,0,62,62,DOE Joint Genome Institute,Annotation submitted by DOE Joint Genome Institute,2025-02-21,9823,9654,163,na,Aspergillus_campestris_ibt_28561_gca_002847485.Aspcam1.dna.toplevel.fa,GCF_002847485.1_Aspcam1_genomic.fna.gz
aspergillus_steynii_ibt_23096_gca_002849105,EnsemblFungi,1392250,Aspste1,GCA_002849105.1,2018-01-DOEJointGenomeInstitute,N,N,N,N,N,Y,fungi_ascomycota4_collection_core_61_114_1,7,,GCF_002849105.1,PRJNA453591,SAMN02744649,MSFO00000000.1,reference genome,1392250,306088,Aspergillus steynii IBT 23096,strain=IBT 23096,na,latest,Contig,Major,Full,2017-12-30,Aspste1,DOE Joint Genome Institute,GCA_002849105.1,identical,https://ftp.ncbi.nlm.nih.gov/genomes/all/GCF/002/849/105/GCF_002849105.1_Aspste1,na,assembly from type material,na,haploid,fungi,37847960,37847960,49.0,0,37,37,DOE Joint Genome Institute,Annotation submitted by DOE Joint Genome Institute,2025-02-21,13145,12916,218,na,Aspergillus_steynii_ibt_23096_gca_002849105.Aspste1.dna.toplevel.fa,GCF_002849105.1_Aspste1_genomic.fna.gz
aspergillus_novofumigatus_ibt_16806_gca_002847465,EnsemblFungi,1392255,Aspnov1,GCA_002847465.1,2018-01-DOEJointGenomeInstitute,N,N,N,N,N,Y,fungi_ascomycota3_collection_core_61_114_1,275,,GCF_002847465.1,PRJNA453589,SAMN02744592,MSZS00000000.1,reference genome,1392255,340412,Aspergillus novofumigatus IBT 16806,strain=IBT 16806,na,latest,Contig,Major,Full,2017-12-27,Aspnov1,DOE Joint Genome Institute,GCA_002847465.1,identical,https://ftp.ncbi.nlm.nih.gov/genomes/all/GCF/002/847/465/GCF_002847465.1_Aspnov1,na,assembly from type material,na,haploid,fungi,32440129,32440129,49.0,0,62,62,DOE Joint Genome Institute,Annotation submitted by DOE Joint Genome Institute,2025-02-21,11614,11421,182,na,Aspergillus_novofumigatus_ibt_16806_gca_002847465.Aspnov1.dna.toplevel.fa,GCF_002847465.1_Aspnov1_genomic.fna.gz
aspergillus_ochraceoroseus_ibt_24754_gca_002846915,EnsemblFungi,1392256,Aspergillus ochraceoroseus IBT 24754 v1.1,GCA_002846915.2,2018-04-DOEJointGenomeInstitute,N,N,N,N,N,Y,fungi_ascomycota3_collection_core_61_114_1,279,,GCF_002846915.1,PRJNA722000,SAMN02744596,MSFN00000000.2,reference genome,1392256,138278,Aspergillus ochraceoroseus IBT 24754,strain=IBT 24754,na,latest,Contig,Major,Full,2018-04-16,Aspergillus ochraceoroseus IBT 24754 v1.1,DOE Joint Genome Institute,GCA_002846915.2,identical,https://ftp.ncbi.nlm.nih.gov/genomes/all/GCF/002/846/915/GCF_002846915.1_Aspergillus_ochraceoroseus_IBT_24754_v1.1,na,na,na,haploid,fungi,27718211,27718211,44.0,0,34,34,DOE Joint Genome Institute,Annotation submitted by DOE Joint Genome Institute,2025-02-21,8970,8821,146,29317534,Aspergillus_ochraceoroseus_ibt_24754_gca_002846915.Aspergillus_ochraceoroseus_IBT_24754_v1.1.dna.toplevel.fa,GCF_002846915.1_Aspergillus_ochraceoroseus_IBT_24754_v1.1_genomic.fna.gz
sporothrix_schenckii_1099_18_gca_000961545,EnsemblFungi,1397361,S_schenckii_v1,GCA_000961545.1,2015-10-LNCC,N,N,N,N,N,Y,fungi_ascomycota2_collection_core_61_114_1,170,,GCF_000961545.1,PRJNA319337,SAMN03199974,AXCR00000000.1,reference genome,1397361,29908,Sporothrix schenckii 1099-18,strain=1099-18,na,latest,Contig,Major,Full,2015-03-24,S_schenckii_v1,LNCC,GCA_000961545.1,identical,https://ftp.ncbi.nlm.nih.gov/genomes/all/GCF/000/961/545/GCF_000961545.1_S_schenckii_v1,na,na,na,haploid,fungi,32375103,32375103,55.0,0,16,16,LNCC,Annotation submitted by LNCC,2022-04-19,10389,10277,112,25480940;25351875,Sporothrix_schenckii_1099_18_gca_000961545.S_schenckii_v1.dna.toplevel.fa,GCF_000961545.1_S_schenckii_v1_genomic.fna.gz
sporothrix_brasiliensis_5110_gca_000820605,EnsemblFungi,1398154,S_brasiliensis_5110_v1,GCA_000820605.1,2015-10-LNCC,N,N,N,Y,N,Y,fungi_ascomycota2_collection_core_61_114_1,116,,GCF_000820605.1,PRJNA721989,SAMN03201250,AWTV00000000.1,reference genome,1398154,545650,Sporothrix brasiliensis 5110,strain=5110,na,latest,Contig,Major,Full,2015-01-16,S_brasiliensis_5110_v1,LNCC,GCA_000820605.1,identical,https://ftp.ncbi.nlm.nih.gov/genomes/all/GCF/000/820/605/GCF_000820605.1_S_brasiliensis_5110_v1,na,na,na,haploid,fungi,33205847,33205847,54.5,0,13,13,LNCC,Annotation submitted by LNCC,2021-04-20,9231,9091,140,25351875,Sporothrix_brasiliensis_5110_gca_000820605.S_brasiliensis_5110_v1.dna.toplevel.fa,GCF_000820605.1_S_brasiliensis_5110_v1_genomic.fna.gz
sparassis_crispa_gca_003851025,EnsemblFungi,139825,SCP_1.1,GCA_003851025.1,2019-01-DepartmentofPediatricCardiologyTokyoWomensMedicalUniversity,N,N,N,N,N,Y,fungi_basidiomycota2_collection_core_61_114_1,62,,GCF_003851025.1,PRJNA514748,SAMD00076077,BFAD00000000.1,reference genome,139825,139825,Sparassis crispa,na,na,latest,Contig,Major,Full,2018-11-07,SCP_1.1,"Department of Pediatric Cardiology, Tokyo Women's Medical University",GCA_003851025.1,identical,https://ftp.ncbi.nlm.nih.gov/genomes/all/GCF/003/851/025/GCF_003851025.1_SCP_1.1,na,na,na,haploid,fungi,39020349,39020349,51.5,0,32,32,"Department of Pediatric Cardiology, Tokyo Women's Medical University","Annotation submitted by Department of Pediatric Cardiology, Tokyo Women's Medical University",2019-01-15,13339,13157,182,30375506,Sparassis_crispa_gca_003851025.SCP_1.1.dna.toplevel.fa,identical_genomic.fna.gz
rasamsonia_emersonii_cbs_393_64_gca_000968595,EnsemblFungi,1408163,ASM96859v1,GCA_000968595.1,2015-04-DSMBiobasedProductsServicesBV,N,N,N,Y,N,Y,fungi_ascomycota2_collection_core_61_114_1,242,,GCF_000968595.1,PRJNA292605,SAMN03453569,LASV00000000.1,reference genome,1408163,68825,Rasamsonia emersonii CBS 393.64,strain=CBS 393.64,na,latest,Contig,Major,Full,2015-04-03,ASM96859v1,DSM Bio-based Products & Services B.V.,GCA_000968595.1,identical,https://ftp.ncbi.nlm.nih.gov/genomes/all/GCF/000/968/595/GCF_000968595.1_ASM96859v1,na,assembly from type material,na,haploid,fungi,28248805,28248805,50.5,0,862,862,NCBI RefSeq,Annotation submitted by NCBI RefSeq,2015-08-12,9841,9841,0,na,Rasamsonia_emersonii_cbs_393_64_gca_000968595.ASM96859v1.dna.toplevel.fa,GCF_000968595.1_ASM96859v1_genomic.fna.gz
pneumocystis_jirovecii_ru7_gca_001477535,EnsemblFungi,1408657,Pneu_jiro_RU7_V2,GCA_001477535.1,2016-01-BroadInstitute,N,N,N,Y,N,Y,fungi_ascomycota3_collection_core_61_114_1,51,,GCF_001477535.1,PRJNA342697,SAMN02380716,LFWA00000000.1,reference genome,1408657,42068,Pneumocystis jirovecii RU7,strain=RU7,na,latest,Contig,Major,Full,2015-12-22,Pneu_jiro_RU7_V2,Broad Institute,GCA_001477535.1,identical,https://ftp.ncbi.nlm.nih.gov/genomes/all/GCF/001/477/535/GCF_001477535.1_Pneu_jiro_RU7_V2,na,na,na,haploid,fungi,8396240,8396240,28.5,0,70,70,Broad Institute,Annotation submitted by Broad Institute,2022-04-19,3811,3761,50,na,Pneumocystis_jirovecii_ru7_gca_001477535.Pneu_jiro_RU7_V2.dna.toplevel.fa,GCF_001477535.1_Pneu_jiro_RU7_V2_genomic.fna.gz
pneumocystis_carinii_b80_gca_001477545,EnsemblFungi,1408658,Pneu_cari_B80_V3,GCA_001477545.1,2016-01-BroadInstitute,N,N,N,Y,N,Y,fungi_ascomycota3_collection_core_61_114_1,53,,GCF_001477545.1,PRJNA342696,SAMN02380717,LFVZ00000000.1,reference genome,1408658,4754,Pneumocystis carinii B80,strain=B80,na,latest,Contig,Major,Full,2015-12-22,Pneu_cari_B80_V3,Broad Institute,GCA_001477545.1,identical,https://ftp.ncbi.nlm.nih.gov/genomes/all/GCF/001/477/545/GCF_001477545.1_Pneu_cari_B80_V3,na,na,na,haploid,fungi,7661456,7661456,28.0,0,62,62,Broad Institute,Annotation submitted by Broad Institute,2017-08-28,3695,3646,49,na,Pneumocystis_carinii_b80_gca_001477545.Pneu_cari_B80_V3.dna.toplevel.fa,GCF_001477545.1_Pneu_cari_B80_V3_genomic.fna.gz
talaromyces_atroroseus_gca_001907595,EnsemblFungi,1441469,ASM190759v1,GCA_001907595.1,2017-08-TechnicalUniversityofDenmark,N,N,N,Y,N,Y,fungi_ascomycota3_collection_core_61_114_1,202,,GCF_001907595.1,PRJNA374571,SAMN03339010,LFMY00000000.1,reference genome,1441469,1441469,Talaromyces atroroseus,strain=IBT 11181,na,latest,Scaffold,Major,Full,2016-12-16,ASM190759v1,Technical University of Denmark,GCA_001907595.1,identical,https://ftp.ncbi.nlm.nih.gov/genomes/all/GCF/001/907/595/GCF_001907595.1_ASM190759v1,na,na,na,haploid,fungi,30858562,30834766,44.5,0,48,48,Technical University of Denmark,Annotation submitted by Technical University of Denmark,2017-08-28,9523,9523,0,na,Talaromyces_atroroseus_gca_001907595.ASM190759v1.dna.toplevel.fa,GCF_001907595.1_ASM190759v1_genomic.fna.gz
fonsecaea_pedrosoi_cbs_271_37_gca_000835455,EnsemblFungi,1442368,Fons_pedr_CBS_271_37_V1,GCA_000835455.1,2015-02-BroadInstitute,N,N,N,N,N,Y,fungi_ascomycota2_collection_core_61_114_1,71,,GCF_000835455.1,PRJNA292603,SAMN02567656,JYBS00000000.1,reference genome,1442368,40355,Fonsecaea pedrosoi CBS 271.37,strain=CBS 271.37,na,latest,Scaffold,Major,Full,2015-02-23,Fons_pedr_CBS_271_37_V1,Broad Institute,GCA_000835455.1,identical,https://ftp.ncbi.nlm.nih.gov/genomes/all/GCF/000/835/455/GCF_000835455.1_Fons_pedr_CBS_271_37_V1,na,assembly designated as neotype,na,haploid,fungi,34688880,34632884,52.5,0,11,98,Broad Institute,Annotation submitted by Broad Institute,2024-01-05,12573,12527,41,na,Fonsecaea_pedrosoi_cbs_271_37_gca_000835455.Fons_pedr_CBS_271_37_V1.dna.toplevel.fa,GCF_000835455.1_Fons_pedr_CBS_271_37_V1_genomic.fna.gz
rhinocladiella_mackenziei_cbs_650_93_gca_000835555,EnsemblFungi,1442369,Rhin_mack_CBS_650_93_V1,GCA_000835555.1,2015-02-BroadInstitute,N,N,N,Y,N,Y,fungi_ascomycota2_collection_core_61_114_1,153,,GCF_000835555.1,PRJNA292602,SAMN02567657,JYBU00000000.1,reference genome,1442369,86056,Rhinocladiella mackenziei CBS 650.93,strain=CBS 650.93,na,latest,Scaffold,Major,Full,2015-02-23,Rhin_mack_CBS_650_93_V1,Broad Institute,GCA_000835555.1,identical,https://ftp.ncbi.nlm.nih.gov/genomes/all/GCF/000/835/555/GCF_000835555.1_Rhin_mack_CBS_650_93_V1,na,assembly from type material,na,haploid,fungi,32474431,32433268,50.5,0,17,130,Broad Institute,Annotation submitted by Broad Institute,2024-01-05,11418,11382,33,na,Rhinocladiella_mackenziei_cbs_650_93_gca_000835555.Rhin_mack_CBS_650_93_V1.dna.toplevel.fa,GCF_000835555.1_Rhin_mack_CBS_650_93_V1_genomic.fna.gz
cladophialophora_bantiana_cbs_173_52_gca_000835475,EnsemblFungi,1442370,Clad_bant_CBS_173_52_V1,GCA_000835475.1,2015-02-BroadInstitute,N,N,N,N,N,Y,fungi_ascomycota2_collection_core_61_114_1,152,,GCF_000835475.1,PRJNA319323,SAMN02567658,JYBT00000000.1,reference genome,1442370,89940,Cladophialophora bantiana CBS 173.52,strain=CBS 173.52,na,latest,Scaffold,Major,Full,2015-02-23,Clad_bant_CBS_173_52_V1,Broad Institute,GCA_000835475.1,identical,https://ftp.ncbi.nlm.nih.gov/genomes/all/GCF/000/835/475/GCF_000835475.1_Clad_bant_CBS_173_52_V1,na,assembly from synonym type material,na,haploid,fungi,36722552,36639109,51.5,0,60,140,Broad Institute,Annotation submitted by Broad Institute,2024-01-05,12817,12762,51,na,Cladophialophora_bantiana_cbs_173_52_gca_000835475.Clad_bant_CBS_173_52_V1.dna.toplevel.fa,GCF_000835475.1_Clad_bant_CBS_173_52_V1_genomic.fna.gz
fonsecaea_multimorphosa_cbs_102226_gca_000836435,EnsemblFungi,1442371,Fons_mult_CBS_102226_V1,GCA_000836435.1,2015-03-BroadInstitute,N,N,N,N,N,Y,fungi_ascomycota2_collection_core_61_114_1,146,,GCF_000836435.1,PRJNA319325,SAMN02567659,JYBV00000000.1,reference genome,1442371,979981,Fonsecaea multimorphosa CBS 102226,strain=CBS 102226,na,latest,Scaffold,Major,Full,2015-02-25,Fons_mult_CBS_102226_V1,Broad Institute,GCA_000836435.1,identical,https://ftp.ncbi.nlm.nih.gov/genomes/all/GCF/000/836/435/GCF_000836435.1_Fons_mult_CBS_102226_V1,na,na,na,haploid,fungi,33447075,33428689,52.5,0,67,133,Broad Institute,Annotation submitted by Broad Institute,2024-01-22,12405,12369,35,na,Fonsecaea_multimorphosa_cbs_102226_gca_000836435.Fons_mult_CBS_102226_V1.dna.toplevel.fa,GCF_000836435.1_Fons_mult_CBS_102226_V1_genomic.fna.gz
aspergillus_neoniger_cbs_115656_gca_003184625,EnsemblFungi,1448310,Aspneo1,GCA_003184625.1,2018-06-DOEJointGenomeInstitute,N,N,N,N,N,Y,fungi_ascomycota4_collection_core_61_114_1,46,,GCF_003184625.1,PRJNA479911,SAMN05660318,MSFP00000000.1,reference genome,1448310,1196635,Aspergillus neoniger CBS 115656,strain=CBS 115656,na,latest,Scaffold,Major,Full,2018-06-04,Aspneo1,DOE Joint Genome Institute,GCA_003184625.1,identical,https://ftp.ncbi.nlm.nih.gov/genomes/all/GCF/003/184/625/GCF_003184625.1_Aspneo1,na,assembly from type material,na,haploid,fungi,35416444,35398163,49.0,0,169,243,DOE Joint Genome Institute,Annotation submitted by DOE Joint Genome Institute,2025-02-22,12218,11934,280,na,Aspergillus_neoniger_cbs_115656_gca_003184625.Aspneo1.dna.toplevel.fa,GCF_003184625.1_Aspneo1_genomic.fna.gz
aspergillus_vadensis_cbs_113365_gca_003184925,EnsemblFungi,1448311,Aspvad1,GCA_003184925.1,2018-06-DOEJointGenomeInstitute,N,N,N,N,N,Y,fungi_ascomycota4_collection_core_61_114_1,53,,GCF_003184925.1,PRJNA479920,SAMN05661105,MSFS00000000.1,reference genome,1448311,288669,Aspergillus vadensis CBS 113365,strain=CBS 113365,na,latest,Scaffold,Major,Full,2018-06-04,Aspvad1,DOE Joint Genome Institute,GCA_003184925.1,identical,https://ftp.ncbi.nlm.nih.gov/genomes/all/GCF/003/184/925/GCF_003184925.1_Aspvad1,na,assembly from type material,na,haploid,fungi,35663374,35658646,49.0,0,60,107,DOE Joint Genome Institute,Annotation submitted by DOE Joint Genome Institute,2025-02-22,12402,12130,265,na,Aspergillus_vadensis_cbs_113365_gca_003184925.Aspvad1.dna.toplevel.fa,GCF_003184925.1_Aspvad1_genomic.fna.gz
aspergillus_japonicus_cbs_114_51_gca_003184785,EnsemblFungi,1448312,Aspjap1,GCA_003184785.1,2018-06-DOEJointGenomeInstitute,N,N,N,N,N,Y,fungi_ascomycota4_collection_core_61_114_1,105,,GCF_003184785.1,PRJNA479916,SAMN05660717,PSTF00000000.1,reference genome,1448312,34381,Aspergillus japonicus CBS 114.51,strain=CBS 114.51,na,latest,Scaffold,Major,Full,2018-06-04,Aspjap1,DOE Joint Genome Institute,GCA_003184785.1,identical,https://ftp.ncbi.nlm.nih.gov/genomes/all/GCF/003/184/785/GCF_003184785.1_Aspjap1,na,assembly designated as neotype,na,haploid,fungi,36099954,36080550,51.0,0,163,319,DOE Joint Genome Institute,Annotation submitted by DOE Joint Genome Institute,2025-02-22,12338,12015,317,na,Aspergillus_japonicus_cbs_114_51_gca_003184785.Aspjap1.dna.toplevel.fa,GCF_003184785.1_Aspjap1_genomic.fna.gz
aspergillus_piperis_cbs_112811_gca_003184755,EnsemblFungi,1448313,Asppip1,GCA_003184755.1,2018-06-DOEJointGenomeInstitute,N,N,N,N,N,Y,fungi_ascomycota4_collection_core_61_114_1,68,,GCF_003184755.1,PRJNA479914,SAMN05660207,PSTD00000000.1,reference genome,1448313,319630,Aspergillus piperis CBS 112811,strain=CBS 112811,na,latest,Scaffold,Major,Full,2018-06-04,Asppip1,DOE Joint Genome Institute,GCA_003184755.1,identical,https://ftp.ncbi.nlm.nih.gov/genomes/all/GCF/003/184/755/GCF_003184755.1_Asppip1,na,assembly from type material,na,haploid,fungi,35280331,35269699,49.0,0,47,122,DOE Joint Genome Institute,Annotation submitted by DOE Joint Genome Institute,2025-02-22,12357,12068,284,na,Aspergillus_piperis_cbs_112811_gca_003184755.Asppip1.dna.toplevel.fa,GCF_003184755.1_Asppip1_genomic.fna.gz
aspergillus_eucalypticola_cbs_122712_gca_003184535,EnsemblFungi,1448314,Aspeuc1,GCA_003184535.1,2018-06-DOEJointGenomeInstitute,N,N,N,N,N,Y,fungi_ascomycota4_collection_core_61_114_1,33,,GCF_003184535.1,PRJNA479907,SAMN05660444,MSFU00000000.1,reference genome,1448314,1340029,Aspergillus eucalypticola CBS 122712,strain=CBS 122712,na,latest,Contig,Major,Full,2018-06-04,Aspeuc1,DOE Joint Genome Institute,GCA_003184535.1,identical,https://ftp.ncbi.nlm.nih.gov/genomes/all/GCF/003/184/535/GCF_003184535.1_Aspeuc1,na,assembly from type material,na,haploid,fungi,34792412,34792412,49.0,0,131,131,DOE Joint Genome Institute,Annotation submitted by DOE Joint Genome Institute,2025-02-21,12127,11853,270,na,Aspergillus_eucalypticola_cbs_122712_gca_003184535.Aspeuc1.dna.toplevel.fa,GCF_003184535.1_Aspeuc1_genomic.fna.gz
aspergillus_uvarum_cbs_121591_gca_003184745,EnsemblFungi,1448315,Aspuva1,GCA_003184745.1,2018-06-DOEJointGenomeInstitute,N,N,N,N,N,Y,fungi_ascomycota4_collection_core_61_114_1,75,,GCF_003184745.1,PRJNA479913,SAMN05660759,MSFT00000000.1,reference genome,1448315,446911,Aspergillus uvarum CBS 121591,strain=CBS 121591,na,latest,Scaffold,Major,Full,2018-06-04,Aspuva1,DOE Joint Genome Institute,GCA_003184745.1,identical,https://ftp.ncbi.nlm.nih.gov/genomes/all/GCF/003/184/745/GCF_003184745.1_Aspuva1,na,assembly from type material,na,haploid,fungi,35850703,35840536,51.0,0,172,252,DOE Joint Genome Institute,Annotation submitted by DOE Joint Genome Institute,2025-02-22,12342,12009,329,na,Aspergillus_uvarum_cbs_121591_gca_003184745.Aspuva1.dna.toplevel.fa,GCF_003184745.1_Aspuva1_genomic.fna.gz
aspergillus_ibericus_cbs_121593_gca_003184845,EnsemblFungi,1448316,Aspibe1,GCA_003184845.1,2018-06-DOEJointGenomeInstitute,N,N,N,N,N,Y,fungi_ascomycota5_collection_core_61_114_1,178,,GCF_003184845.1,PRJNA479918,SAMN05660294,PSTI00000000.1,reference genome,1448316,301854,Aspergillus ibericus CBS 121593,strain=CBS 121593,na,latest,Scaffold,Major,Full,2018-06-04,Aspibe1,DOE Joint Genome Institute,GCA_003184845.1,identical,https://ftp.ncbi.nlm.nih.gov/genomes/all/GCF/003/184/845/GCF_003184845.1_Aspibe1,na,assembly from type material,na,haploid,fungi,33437983,33425899,50.5,0,116,201,DOE Joint Genome Institute,Annotation submitted by DOE Joint Genome Institute,2025-02-22,11983,11674,304,na,Aspergillus_ibericus_cbs_121593_gca_003184845.Aspibe1.dna.toplevel.fa,GCF_003184845.1_Aspibe1_genomic.fna.gz
aspergillus_costaricaensis_cbs_115574_gca_003184835,EnsemblFungi,1448317,Aspcos1,GCA_003184835.1,2018-06-DOEJointGenomeInstitute,N,N,N,N,N,Y,fungi_ascomycota5_collection_core_61_114_1,128,,GCF_003184835.1,PRJNA479917,SAMN05660767,PSTH00000000.1,reference genome,1448317,319631,Aspergillus costaricaensis CBS 115574,strain=CBS 115574,na,latest,Scaffold,Major,Full,2018-06-04,Aspcos1,DOE Joint Genome Institute,GCA_003184835.1,identical,https://ftp.ncbi.nlm.nih.gov/genomes/all/GCF/003/184/835/GCF_003184835.1_Aspcos1,na,assembly from type material,na,haploid,fungi,36947918,36926566,47.5,0,86,174,DOE Joint Genome Institute,Annotation submitted by DOE Joint Genome Institute,2025-02-22,12234,11962,267,na,Aspergillus_costaricaensis_cbs_115574_gca_003184835.Aspcos1.dna.toplevel.fa,GCF_003184835.1_Aspcos1_genomic.fna.gz
aspergillus_fijiensis_cbs_313_89_gca_003184825,EnsemblFungi,1448319,Aspfij1,GCA_003184825.1,2018-06-DOEJointGenomeInstitute,N,N,N,N,N,Y,fungi_ascomycota5_collection_core_61_114_1,180,,GCF_003184825.1,PRJNA722001,SAMN05660285,PSTG00000000.1,reference genome,1448319,1191702,Aspergillus fijiensis CBS 313.89,strain=CBS 313.89,na,latest,Scaffold,Major,Full,2018-06-04,Aspfij1,DOE Joint Genome Institute,GCA_003184825.1,identical,https://ftp.ncbi.nlm.nih.gov/genomes/all/GCF/003/184/825/GCF_003184825.1_Aspfij1,na,assembly from type material,na,haploid,fungi,36513906,36500514,50.0,0,149,218,DOE Joint Genome Institute,Annotation submitted by DOE Joint Genome Institute,2025-02-22,12324,12006,315,na,Aspergillus_fijiensis_cbs_313_89_gca_003184825.Aspfij1.dna.toplevel.fa,GCF_003184825.1_Aspfij1_genomic.fna.gz
aspergillus_heteromorphus_cbs_117_55_gca_003184545,EnsemblFungi,1448321,Asphet1,GCA_003184545.1,2018-06-DOEJointGenomeInstitute,N,N,N,N,N,Y,fungi_ascomycota4_collection_core_61_114_1,82,,GCF_003184545.1,PRJNA479908,SAMN05660217,MSFL00000000.1,reference genome,1448321,51019,Aspergillus heteromorphus CBS 117.55,strain=CBS 117.55,na,latest,Contig,Major,Full,2018-06-04,Asphet1,DOE Joint Genome Institute,GCA_003184545.1,identical,https://ftp.ncbi.nlm.nih.gov/genomes/all/GCF/003/184/545/GCF_003184545.1_Asphet1,na,assembly designated as neotype,na,haploid,fungi,35607567,35607567,48.0,0,205,205,DOE Joint Genome Institute,Annotation submitted by DOE Joint Genome Institute,2025-02-21,11088,10782,305,na,Aspergillus_heteromorphus_cbs_117_55_gca_003184545.Asphet1.dna.toplevel.fa,GCF_003184545.1_Asphet1_genomic.fna.gz
aspergillus_aculeatinus_cbs_121060_gca_003184765,EnsemblFungi,1448322,Aspacu1,GCA_003184765.1,2018-06-DOEJointGenomeInstitute,N,N,N,N,N,Y,fungi_ascomycota4_collection_core_61_114_1,54,,GCF_003184765.1,PRJNA479915,SAMN05660730,PSTE00000000.1,reference genome,1448322,487661,Aspergillus aculeatinus CBS 121060,strain=CBS 121060,na,latest,Scaffold,Major,Full,2018-06-04,Aspacu1,DOE Joint Genome Institute,GCA_003184765.1,identical,https://ftp.ncbi.nlm.nih.gov/genomes/all/GCF/003/184/765/GCF_003184765.1_Aspacu1,na,assembly from type material,na,haploid,fungi,36471649,36442703,50.5,0,121,325,DOE Joint Genome Institute,Annotation submitted by DOE Joint Genome Institute,2025-02-22,12350,12024,323,na,Aspergillus_aculeatinus_cbs_121060_gca_003184765.Aspacu1.dna.toplevel.fa,GCF_003184765.1_Aspacu1_genomic.fna.gz
aaosphaeria_arxii_cbs_175_79_gca_010015735,EnsemblFungi,1450172,Aaoar1,GCA_010015735.1,2020-02-DOEJointGenomeInstitute,N,N,N,N,N,Y,fungi_ascomycota5_collection_core_61_114_1,48,,GCF_010015735.1,PRJNA625762,SAMN05661102,JAADKL000000000.1,reference genome,1450172,1450171,Aaosphaeria arxii CBS 175.79,strain=CBS 175.79,na,latest,Scaffold,Major,Full,2020-01-29,Aaoar1,DOE Joint Genome Institute,GCA_010015735.1,identical,https://ftp.ncbi.nlm.nih.gov/genomes/all/GCF/010/015/735/GCF_010015735.1_Aaoar1,na,assembly from type material,na,haploid,fungi,38901049,38765871,50.0,0,55,235,DOE Joint Genome Institute,Annotation submitted by DOE Joint Genome Institute,2020-04-21,14293,14201,89,na,Aaosphaeria_arxii_cbs_175_79_gca_010015735.Aaoar1.dna.toplevel.fa,GCF_010015735.1_Aaoar1_genomic.fna.gz
aspergillus_niger_cbs_101883_gca_003184595,EnsemblFungi,1450533,Asplac1,GCA_003184595.1,2018-06-DOEJointGenomeInstitute,N,N,N,N,N,Y,fungi_ascomycota4_collection_core_61_114_1,85,,GCF_003184595.1,PRJNA479910,SAMN05660348,MSFR00000000.1,na,1450533,5061,Aspergillus niger CBS 101883,strain=CBS 101883,na,latest,Scaffold,Major,Full,2018-06-04,Asplac1,DOE Joint Genome Institute,GCA_003184595.1,identical,https://ftp.ncbi.nlm.nih.gov/genomes/all/GCF/003/184/595/GCF_003184595.1_Asplac1,na,assembly from synonym type material,na,haploid,fungi,35853610,35830544,49.5,0,107,197,DOE Joint Genome Institute,Annotation submitted by DOE Joint Genome Institute,2025-02-22,13355,13078,272,na,Aspergillus_niger_cbs_101883_gca_003184595.Asplac1.dna.toplevel.fa,GCF_003184595.1_Asplac1_genomic.fna.gz
aspergillus_brunneoviolaceus_cbs_621_78_gca_003184695,EnsemblFungi,1450534,Aspbru1,GCA_003184695.1,2018-06-DOEJointGenomeInstitute,N,N,N,N,N,Y,fungi_ascomycota4_collection_core_61_114_1,66,,GCF_003184695.1,PRJNA479912,SAMN05660981,PSTC00000000.1,reference genome,1450534,1191711,Aspergillus brunneoviolaceus CBS 621.78,strain=CBS 621.78,na,latest,Scaffold,Major,Full,2018-06-04,Aspbru1,DOE Joint Genome Institute,GCA_003184695.1,identical,https://ftp.ncbi.nlm.nih.gov/genomes/all/GCF/003/184/695/GCF_003184695.1_Aspbru1,na,assembly from type material,na,haploid,fungi,37477200,37451358,49.5,0,153,259,DOE Joint Genome Institute,Annotation submitted by DOE Joint Genome Institute,2025-02-22,12377,12059,316,na,Aspergillus_brunneoviolaceus_cbs_621_78_gca_003184695.Aspbru1.dna.toplevel.fa,GCF_003184695.1_Aspbru1_genomic.fna.gz
aspergillus_sclerotioniger_cbs_115572_gca_003184525,EnsemblFungi,1450535,Aspscl1,GCA_003184525.1,2018-06-DOEJointGenomeInstitute,N,N,N,N,N,Y,fungi_ascomycota4_collection_core_61_114_1,38,,GCF_003184525.1,PRJNA479906,SAMN05661070,MSFK00000000.1,reference genome,1450535,319627,Aspergillus sclerotioniger CBS 115572,strain=CBS 115572,na,latest,Contig,Major,Full,2018-06-04,Aspscl1,DOE Joint Genome Institute,GCA_003184525.1,identical,https://ftp.ncbi.nlm.nih.gov/genomes/all/GCF/003/184/525/GCF_003184525.1_Aspscl1,na,assembly from type material,na,haploid,fungi,36720365,36720365,49.5,0,138,138,DOE Joint Genome Institute,Annotation submitted by DOE Joint Genome Institute,2025-02-21,12603,12291,310,na,Aspergillus_sclerotioniger_cbs_115572_gca_003184525.Aspscl1.dna.toplevel.fa,GCF_003184525.1_Aspscl1_genomic.fna.gz
aspergillus_homomorphus_cbs_101889_gca_003184865,EnsemblFungi,1450537,Asphom1,GCA_003184865.1,2018-06-DOEJointGenomeInstitute,N,N,N,N,N,Y,fungi_ascomycota5_collection_core_61_114_1,15,,GCF_003184865.1,PRJNA479919,SAMN05660655,PSTJ00000000.1,reference genome,1450537,319626,Aspergillus homomorphus CBS 101889,strain=CBS 101889,na,latest,Scaffold,Major,Full,2018-06-04,Asphom1,DOE Joint Genome Institute,GCA_003184865.1,identical,https://ftp.ncbi.nlm.nih.gov/genomes/all/GCF/003/184/865/GCF_003184865.1_Asphom1,na,assembly from type material,na,haploid,fungi,34054866,34020472,50.0,0,152,247,DOE Joint Genome Institute,Annotation submitted by DOE Joint Genome Institute,2025-02-22,11651,11349,301,na,Aspergillus_homomorphus_cbs_101889_gca_003184865.Asphom1.dna.toplevel.fa,GCF_003184865.1_Asphom1_genomic.fna.gz
aspergillus_saccharolyticus_jop_1030_1_gca_003184585,EnsemblFungi,1450539,Aspsac1,GCA_003184585.1,2018-06-DOEJointGenomeInstitute,N,N,N,N,N,Y,fungi_ascomycota4_collection_core_61_114_1,94,,GCF_003184585.1,PRJNA479909,SAMN05660449,MSFQ00000000.1,reference genome,1450539,979771,Aspergillus saccharolyticus JOP 1030-1,strain=JOP 1030-1,na,latest,Scaffold,Major,Full,2018-06-04,Aspsac1,DOE Joint Genome Institute,GCA_003184585.1,identical,https://ftp.ncbi.nlm.nih.gov/genomes/all/GCF/003/184/585/GCF_003184585.1_Aspsac1,na,na,na,haploid,fungi,31096189,31063439,50.5,0,120,229,DOE Joint Genome Institute,Annotation submitted by DOE Joint Genome Institute,2025-02-21,10375,10058,314,na,Aspergillus_saccharolyticus_jop_1030_1_gca_003184585.Aspsac1.dna.toplevel.fa,GCF_003184585.1_Aspsac1_genomic.fna.gz
paraphaeosphaeria_sporulosa_gca_001642045,EnsemblFungi,1460663,Parsp1,GCA_001642045.1,2016-06-DOEJointGenomeInstitute,N,N,N,Y,N,Y,fungi_ascomycota3_collection_core_61_114_1,144,,GCF_001642045.1,PRJNA342679,SAMN02745364,LXPO00000000.1,reference genome,1460663,1460663,Paraphaeosphaeria sporulosa,strain=AP3s5-JAC2a,na,latest,Scaffold,Major,Full,2016-05-11,Parsp1,DOE Joint Genome Institute,GCA_001642045.1,identical,https://ftp.ncbi.nlm.nih.gov/genomes/all/GCF/001/642/045/GCF_001642045.1_Parsp1,na,na,na,haploid,fungi,38464024,38084891,53.5,0,61,445,DOE Joint Genome Institute,Annotation submitted by DOE Joint Genome Institute,2024-01-07,14839,14729,104,na,Paraphaeosphaeria_sporulosa_gca_001642045.Parsp1.dna.toplevel.fa,GCF_001642045.1_Parsp1_genomic.fna.gz
phialocephala_scopiformis_gca_001500285,EnsemblFungi,149040,Phisc1,GCA_001500285.1,2016-06-DOEJointGenomeInstitute,N,N,N,Y,N,Y,fungi_ascomycota3_collection_core_61_114_1,123,,GCF_001500285.1,PRJNA342682,SAMN04009710,LKNI00000000.1,reference genome,149040,149040,Mollisia scopiformis,strain=CBS 120377,na,latest,Scaffold,Major,Full,2016-01-07,Phisc1,DOE Joint Genome Institute,GCA_001500285.1,identical,https://ftp.ncbi.nlm.nih.gov/genomes/all/GCF/001/500/285/GCF_001500285.1_Phisc1,na,na,na,haploid,fungi,48876257,48619125,47.5,0,71,345,DOE Joint Genome Institute,Annotation submitted by DOE Joint Genome Institute,2021-12-09,18648,18556,82,26950333,Phialocephala_scopiformis_gca_001500285.Phisc1.dna.toplevel.fa,GCF_001500285.1_Phisc1_genomic.fna.gz
aspergillus_pseudonomius_gca_009193645,EnsemblFungi,1506151,Asppsen1,GCA_009193645.1,2019-11-DOEJointGenomeInstitute,N,N,N,N,N,Y,fungi_ascomycota5_collection_core_61_114_1,97,,GCF_009193645.1,PRJNA602443,SAMN05446751,STFR00000000.1,reference genome,1506151,1506151,Aspergillus pseudonomiae,strain=CBS 119388,na,latest,Scaffold,Major,Full,2019-10-18,Asppsen1,DOE Joint Genome Institute,GCA_009193645.1,identical,https://ftp.ncbi.nlm.nih.gov/genomes/all/GCF/009/193/645/GCF_009193645.1_Asppsen1,na,assembly from type material,na,haploid,fungi,37780514,37763833,48.5,0,374,515,DOE Joint Genome Institute,Annotation submitted by DOE Joint Genome Institute,2025-02-22,13621,13384,233,na,Aspergillus_pseudonomius_gca_009193645.Asppsen1.dna.toplevel.fa,GCF_009193645.1_Asppsen1_genomic.fna.gz
aspergillus_pseudonomius_gca_009176395,EnsemblFungi,1506151,Asppse1,GCA_009176395.1,2020-02-DOEJointGenomeInstitute,N,N,N,N,N,Y,fungi_ascomycota4_collection_core_61_114_1,195,,GCF_009193645.1,PRJNA602443,SAMN05446751,STFR00000000.1,reference genome,1506151,1506151,Aspergillus pseudonomiae,strain=CBS 119388,na,latest,Scaffold,Major,Full,2019-10-18,Asppsen1,DOE Joint Genome Institute,GCA_009193645.1,identical,https://ftp.ncbi.nlm.nih.gov/genomes/all/GCF/009/193/645/GCF_009193645.1_Asppsen1,na,assembly from type material,na,haploid,fungi,37780514,37763833,48.5,0,374,515,DOE Joint Genome Institute,Annotation submitted by DOE Joint Genome Institute,2025-02-22,13621,13384,233,na,Aspergillus_pseudonomius_gca_009176395.Asppse1.dna.toplevel.fa,GCF_009193645.1_Asppsen1_genomic.fna.gz
ceraceosorus_guamensis_gca_003144195,EnsemblFungi,1522189,Cersp1,GCA_003144195.1,2018-05-DOEJointGenomeInstitute,N,N,N,Y,N,Y,fungi_basidiomycota1_collection_core_61_114_1,225,,GCF_003144195.1,PRJNA479902,SAMN02919188,MCHD00000000.1,reference genome,1522189,1522189,Ceraceosorus guamensis,strain=MCA 4658,na,latest,Scaffold,Major,Full,2018-05-21,Cersp1,DOE Joint Genome Institute,GCA_003144195.1,identical,https://ftp.ncbi.nlm.nih.gov/genomes/all/GCF/003/144/195/GCF_003144195.1_Cersp1,na,assembly from type material,na,haploid,fungi,24148100,24121162,56.0,0,251,356,DOE Joint Genome Institute,Annotation submitted by DOE Joint Genome Institute,2018-07-12,7861,7822,38,29771364,Ceraceosorus_guamensis_gca_003144195.Cersp1.dna.toplevel.fa,GCF_003144195.1_Cersp1_genomic.fna.gz
alternaria_arborescens_gca_004154815,EnsemblFungi,156630,ASM415481v1,GCA_004154815.1,2019-03-NIABEastMallingResearch,N,N,N,N,N,Y,fungi_ascomycota4_collection_core_61_114_1,179,,GCF_004154835.1,PRJNA531023,SAMN06205217,PDUP00000000.1,reference genome,156630,156630,Alternaria arborescens,strain=FERA 675,na,latest,Scaffold,Major,Full,2019-02-11,ASM415483v1,NIAB-East Malling Research,GCA_004154835.1,identical,https://ftp.ncbi.nlm.nih.gov/genomes/all/GCF/004/154/835/GCF_004154835.1_ASM415483v1,na,na,na,haploid,fungi,33943449,33943344,51.0,0,325,325,Harrison Lab NIAB-EMR,Harrison Lab NIAB-EMR Release 1.01,2019-04-05,12895,12885,0,na,Alternaria_arborescens_gca_004154815.ASM415481v1.dna.toplevel.fa,GCF_004154835.1_ASM415483v1_genomic.fna.gz
alternaria_arborescens_gca_004154835,EnsemblFungi,156630,ASM415483v1,GCA_004154835.1,2019-03-NIABEastMallingResearch,N,N,N,N,N,Y,fungi_ascomycota5_collection_core_61_114_1,8,,GCF_004154835.1,PRJNA531023,SAMN06205217,PDUP00000000.1,reference genome,156630,156630,Alternaria arborescens,strain=FERA 675,na,latest,Scaffold,Major,Full,2019-02-11,ASM415483v1,NIAB-East Malling Research,GCA_004154835.1,identical,https://ftp.ncbi.nlm.nih.gov/genomes/all/GCF/004/154/835/GCF_004154835.1_ASM415483v1,na,na,na,haploid,fungi,33943449,33943344,51.0,0,325,325,Harrison Lab NIAB-EMR,Harrison Lab NIAB-EMR Release 1.01,2019-04-05,12895,12885,0,na,Alternaria_arborescens_gca_004154835.ASM415483v1.dna.toplevel.fa,GCF_004154835.1_ASM415483v1_genomic.fna.gz
alternaria_arborescens_gca_004155955,EnsemblFungi,156630,ASM415595v1,GCA_004155955.1,2019-03-NIABEastMallingResearch,N,N,N,N,N,Y,fungi_ascomycota4_collection_core_61_114_1,200,,GCF_004154835.1,PRJNA531023,SAMN06205217,PDUP00000000.1,reference genome,156630,156630,Alternaria arborescens,strain=FERA 675,na,latest,Scaffold,Major,Full,2019-02-11,ASM415483v1,NIAB-East Malling Research,GCA_004154835.1,identical,https://ftp.ncbi.nlm.nih.gov/genomes/all/GCF/004/154/835/GCF_004154835.1_ASM415483v1,na,na,na,haploid,fungi,33943449,33943344,51.0,0,325,325,Harrison Lab NIAB-EMR,Harrison Lab NIAB-EMR Release 1.01,2019-04-05,12895,12885,0,na,Alternaria_arborescens_gca_004155955.ASM415595v1.dna.toplevel.fa,GCF_004154835.1_ASM415483v1_genomic.fna.gz
jaminaea_rosea_gca_003144245,EnsemblFungi,1569628,Jamsp1,GCA_003144245.1,2018-05-DOEJointGenomeInstitute,N,N,N,Y,N,Y,fungi_basidiomycota1_collection_core_61_114_1,223,,GCF_003144245.1,PRJNA479904,SAMN05446219,MCHB00000000.1,reference genome,1569628,1569628,Jaminaea rosea,strain=MCA 5214,na,latest,Scaffold,Major,Full,2018-05-21,Jamsp1,DOE Joint Genome Institute,GCA_003144245.1,identical,https://ftp.ncbi.nlm.nih.gov/genomes/all/GCF/003/144/245/GCF_003144245.1_Jamsp1,na,assembly from type material,na,haploid,fungi,16615586,16613265,59.5,0,21,43,DOE Joint Genome Institute,Annotation submitted by DOE Joint Genome Institute,2018-07-06,6904,6858,44,29771364,Jaminaea_rosea_gca_003144245.Jamsp1.dna.toplevel.fa,GCF_003144245.1_Jamsp1_genomic.fna.gz
phialophora_attinorum_gca_001299255,EnsemblFungi,1664694,ASM129925v1,GCA_001299255.1,2015-10-CBSKNAWFungalBiodiversityCentre,N,N,N,N,N,Y,fungi_ascomycota3_collection_core_61_114_1,40,,GCF_001299255.1,PRJNA309727,SAMN03765150,LFJN00000000.1,reference genome,1664694,1664694,Cyphellophora attinorum,strain=CBS 131958,na,latest,Contig,Major,Full,2015-09-25,ASM129925v1,CBS-KNAW Fungal Biodiversity Centre,GCA_001299255.1,identical,https://ftp.ncbi.nlm.nih.gov/genomes/all/GCF/001/299/255/GCF_001299255.1_ASM129925v1,na,assembly from type material,na,haploid,fungi,30363635,30363635,53.5,0,131,131,CBS-KNAW Fungal Biodiversity Centre,Annotation submitted by CBS-KNAW Fungal Biodiversity Centre,2023-12-28,11841,11841,0,26586868,Phialophora_attinorum_gca_001299255.ASM129925v1.dna.toplevel.fa,GCF_001299255.1_ASM129925v1_genomic.fna.gz
pseudomicrostroma_glucosiphilum_gca_003144135,EnsemblFungi,1684307,Rhodsp1,GCA_003144135.1,2018-05-DOEJointGenomeInstitute,N,N,N,Y,N,Y,fungi_basidiomycota1_collection_core_61_114_1,222,,GCF_003144135.1,PRJNA479901,SAMN05428992,MCHA00000000.1,reference genome,1684307,1684307,Pseudomicrostroma glucosiphilum,strain=MCA 4718,na,latest,Scaffold,Major,Full,2018-05-21,Rhodsp1,DOE Joint Genome Institute,GCA_003144135.1,identical,https://ftp.ncbi.nlm.nih.gov/genomes/all/GCF/003/144/135/GCF_003144135.1_Rhodsp1,na,assembly from type material,na,haploid,fungi,17184282,17163232,56.5,0,30,87,DOE Joint Genome Institute,Annotation submitted by DOE Joint Genome Institute,2018-07-06,6727,6681,45,29771364,Pseudomicrostroma_glucosiphilum_gca_003144135.Rhodsp1.dna.toplevel.fa,GCF_003144135.1_Rhodsp1_genomic.fna.gz
kwoniella_shandongensis_gca_008629635,EnsemblFungi,1734106,Kwon_shan_CBS_12478_V1,GCA_008629635.1,2020-01-BroadInstitute,N,N,N,N,N,Y,fungi_basidiomycota2_collection_core_61_114_1,13,,GCF_008629635.2,PRJNA602435,SAMN07457167,na,reference genome,1734106,1734106,Kwoniella shandongensis,strain=CBS 12478,na,latest,Complete Genome,Major,Full,2024-06-24,ASM862963v2,"Department of Molecular Genetics and Microbiology, Duke University",GCA_008629635.2,identical,https://ftp.ncbi.nlm.nih.gov/genomes/all/GCF/008/629/635/GCF_008629635.2_ASM862963v2,na,assembly from type material,na,haploid,fungi,21305292,21305292,50.0,14,14,14,"Department of Molecular Genetics and Microbiology, Duke University","Annotation submitted by Department of Molecular Genetics and Microbiology, Duke University",2024-06-24,7418,7347,46,na,Kwoniella_shandongensis_gca_008629635.Kwon_shan_CBS_12478_V1.dna.toplevel.fa,identical_genomic.fna.gz
nematocida_displodere_gca_001642395,EnsemblFungi,1805483,ASM164239v1,GCA_001642395.1,2016-05-UniversityofCaliforniaSanDiego,N,N,N,Y,N,Y,fungi_microsporidia1_collection_core_61_114_1,25,,GCF_001642395.1,PRJNA1151049,SAMN04499096,LTDL00000000.1,reference genome,1805483,1805483,Nematocida displodere,strain=JUm2807,na,latest,Scaffold,Major,Full,2016-05-11,ASM164239v1,University of California San Diego,GCA_001642395.1,identical,https://ftp.ncbi.nlm.nih.gov/genomes/all/GCF/001/642/395/GCF_001642395.1_ASM164239v1,na,na,na,haploid,fungi,3066400,3057189,49.0,0,42,42,University of California San Diego,Annotation submitted by University of California San Diego,2024-09-04,2278,2278,0,27362540,Nematocida_displodere_gca_001642395.ASM164239v1.dna.toplevel.fa,GCF_001642395.1_ASM164239v1_genomic.fna.gz
synchytrium_microbalum_gca_006535985,EnsemblFungi,1806994,ASM653598v1,GCA_006535985.1,2019-07-AgricultureandAgriFoodCanada,N,N,N,N,N,Y,fungi_chytridiomycota1_collection_core_61_114_1,15,,GCF_006535985.1,PRJNA576245,SAMN08987497,QEAO00000000.1,reference genome,1806994,1806994,Synchytrium microbalum,strain=JEL517,na,latest,Scaffold,Major,Full,2019-07-01,ASM653598v1,Agriculture and Agri-Food Canada,GCA_006535985.1,identical,https://ftp.ncbi.nlm.nih.gov/genomes/all/GCF/006/535/985/GCF_006535985.1_ASM653598v1,na,assembly from type material,na,haploid,fungi,26244175,26237389,43.5,0,169,169,Agriculture and Agri-Food Canada,Annotation submitted by Agriculture and Agri-Food Canada,2019-10-09,6304,6304,0,31209237,Synchytrium_microbalum_gca_006535985.ASM653598v1.dna.toplevel.fa,GCF_006535985.1_ASM653598v1_genomic.fna.gz
aspergillus_mulundensis_gca_003369625,EnsemblFungi,1810919,ASM336962v1,GCA_003369625.1,2018-10-TheUniversityofTexasHealthScienceCenteratHouston,N,N,N,N,N,Y,fungi_ascomycota4_collection_core_61_114_1,211,,GCF_003369625.1,PRJNA495496,SAMN07195632,PVWQ00000000.1,reference genome,1810919,1810919,Aspergillus mulundensis,strain=DSM 5745,na,latest,Scaffold,Major,Full,2018-08-10,ASM336962v1,The University of Texas Health Science Center at Houston,GCA_003369625.1,identical,https://ftp.ncbi.nlm.nih.gov/genomes/all/GCF/003/369/625/GCF_003369625.1_ASM336962v1,na,assembly from type material,na,haploid,fungi,45341896,44209275,43.0,0,160,160,The University of Texas Health Science Center at Houston,Annotation submitted by The University of Texas Health Science Center at Houston,2025-02-22,11603,11603,0,30018880,Aspergillus_mulundensis_gca_003369625.ASM336962v1.dna.toplevel.fa,GCF_003369625.1_ASM336962v1_genomic.fna.gz
penicillium_arizonense_gca_001773325,EnsemblFungi,1835702,ASM177332v1,GCA_001773325.1,2016-11-ChalmersUniversityofTechnology,N,N,N,N,N,Y,fungi_ascomycota3_collection_core_61_114_1,253,,GCF_001773325.1,PRJNA395479,SAMN04884538,LXJU00000000.1,reference genome,1835702,1835702,Penicillium arizonense,strain=CBS 141311,na,latest,Scaffold,Major,Full,2016-10-18,ASM177332v1,Chalmers University of Technology,GCA_001773325.1,identical,https://ftp.ncbi.nlm.nih.gov/genomes/all/GCF/001/773/325/GCF_001773325.1_ASM177332v1,na,assembly from type material,na,haploid,fungi,33729052,33718215,49.0,0,396,396,Chalmers University of Technology,Annotation submitted by Chalmers University of Technology,2017-09-29,12200,12200,0,27739446,Penicillium_arizonense_gca_001773325.ASM177332v1.dna.toplevel.fa,GCF_001773325.1_ASM177332v1_genomic.fna.gz
dacryopinax_primogenitus_gca_000292625,EnsemblFungi,1858805,Dacryopinax sp. DJM 731 SSP1 v1.0,GCA_000292625.1,2013-03-DOEJointGenomeInstitute,N,N,N,Y,N,Y,fungi_basidiomycota1_collection_core_61_114_1,1,,GCF_000292625.1,PRJNA721985,SAMN02981302,AEUS00000000.1,reference genome,1858805,1858805,Dacryopinax primogenitus,strain=DJM-731 SS1,na,latest,Scaffold,Major,Full,2012-08-23,Dacryopinax sp. DJM 731 SSP1 v1.0,DOE Joint Genome Institute,GCA_000292625.1,identical,https://ftp.ncbi.nlm.nih.gov/genomes/all/GCF/000/292/625/GCF_000292625.1_Dacryopinax_sp._DJM_731_SSP1_v1.0,na,assembly from type material,na,haploid,fungi,29503487,27600925,52.0,0,99,964,DOE Joint Genome Institute,Annotation submitted by DOE Joint Genome Institute,2021-04-21,10298,10237,59,22745431,Dacryopinax_primogenitus_gca_000292625.Dacryopinax_sp._DJM_731_SSP1_v1.0.dna.toplevel.fa,GCF_000292625.1_Dacryopinax_sp._DJM_731_SSP1_v1.0_genomic.fna.gz
nematocida_sp_1_ertm2_gca_000250695,EnsemblFungi,1913371,Nema_parisii_ERTm2_V1,GCA_000250695.1,2012-03-BroadInstitute,N,N,N,N,N,Y,fungi_microsporidia1_collection_core_61_114_1,13,,GCF_000738915.1,PRJNA925087,SAMN00779735,AKIJ00000000.1,reference genome,1913371,1913371,Nematocida ausubeli,strain=ERTm6,na,latest,Scaffold,Major,Full,2014-08-11,Nema_sp_1_ERTm6_V2,Broad Institute,GCA_000738915.1,identical,https://ftp.ncbi.nlm.nih.gov/genomes/all/GCF/000/738/915/GCF_000738915.1_Nema_sp_1_ERTm6_V2,na,na,na,haploid,fungi,4276041,4228442,38.5,0,24,24,Broad Institute,Annotation submitted by Broad Institute,2023-01-26,2490,2430,60,25237020,Nematocida_sp_1_ertm2_gca_000250695.Nema_parisii_ERTm2_V1.dna.toplevel.fa,GCF_000738915.1_Nema_sp_1_ERTm6_V2_genomic.fna.gz
nematocida_sp_1_ertm6_gca_000738915,EnsemblFungi,1913371,Nema_sp_1_ERTm6_V2,GCA_000738915.1,2015-12-BroadInstitute,N,N,N,N,N,Y,fungi_microsporidia1_collection_core_61_114_1,21,,GCF_000738915.1,PRJNA925087,SAMN00779735,AKIJ00000000.1,reference genome,1913371,1913371,Nematocida ausubeli,strain=ERTm6,na,latest,Scaffold,Major,Full,2014-08-11,Nema_sp_1_ERTm6_V2,Broad Institute,GCA_000738915.1,identical,https://ftp.ncbi.nlm.nih.gov/genomes/all/GCF/000/738/915/GCF_000738915.1_Nema_sp_1_ERTm6_V2,na,na,na,haploid,fungi,4276041,4228442,38.5,0,24,24,Broad Institute,Annotation submitted by Broad Institute,2023-01-26,2490,2430,60,25237020,Nematocida_sp_1_ertm6_gca_000738915.Nema_sp_1_ERTm6_V2.dna.toplevel.fa,GCF_000738915.1_Nema_sp_1_ERTm6_V2_genomic.fna.gz
fusarium_mangiferae_gca_900044065,EnsemblFungi,192010,Genome assembly version 1,GCA_900044065.1,2016-12-InstituteofBioinformaticsandSystemsBiology,N,N,N,N,N,Y,fungi_ascomycota3_collection_core_61_114_1,244,,GCF_900044065.1,PRJNA732906,SAMEA3862491,FCQH00000000.1,reference genome,192010,192010,Fusarium mangiferae,strain=MRC7560,na,latest,Scaffold,Major,Full,2016-12-06,Genome assembly version 1,Institute of Bioinformatics and Systems Biology,GCA_900044065.1,identical,https://ftp.ncbi.nlm.nih.gov/genomes/all/GCF/900/044/065/GCF_900044065.1_Genome_assembly_version_1,na,na,na,haploid,fungi,46292722,45713559,48.0,0,254,254,Institute of Bioinformatics and Systems Biology,Annotation submitted by Institute of Bioinformatics and Systems Biology,2023-12-29,16140,15796,344,na,Fusarium_mangiferae_gca_900044065.Genome_assembly_version_1.dna.toplevel.fa,GCF_900044065.1_Genome_assembly_version_1_genomic.fna.gz
malassezia_vespertilionis_gca_002818225,EnsemblFungi,2020962,ASM281822v1,GCA_002818225.1,2017-12-USForestService,N,N,N,N,N,Y,fungi_basidiomycota1_collection_core_61_114_1,214,,GCF_029542925.1,PRJNA973670,SAMN27958052,na,reference genome,2020962,2020962,Malassezia vespertilionis,strain=CBS 15041,na,latest,Complete Genome,Major,Full,2023-04-03,ASM2954292v1,Duke University,GCA_029542925.1,identical,https://ftp.ncbi.nlm.nih.gov/genomes/all/GCF/029/542/925/GCF_029542925.1_ASM2954292v1,na,assembly from type material,na,haploid,fungi,7595203,7595203,56.5,9,9,9,Duke University,Annotation submitted by Duke University,2023-05-19,4022,3964,58,na,Malassezia_vespertilionis_gca_002818225.ASM281822v1.dna.toplevel.fa,GCF_029542925.1_ASM2954292v1_genomic.fna.gz
histoplasma_capsulatum_nam1_gca_000149585,EnsemblFungi,2059318,ASM14958v1,GCA_000149585.1,2007-09-BroadInstitute,N,N,N,N,N,Y,fungi_ascomycota1_collection_core_61_114_1,117,,GCF_000149585.1,PRJNA20041,SAMN02953633,AAJI00000000.1,reference genome,2059318,2059318,Histoplasma mississippiense (nom. inval.),strain=NAm1,na,latest,Scaffold,Major,Full,2007-07-02,ASM14958v1,Broad Institute,GCA_000149585.1,identical,https://ftp.ncbi.nlm.nih.gov/genomes/all/GCF/000/149/585/GCF_000149585.1_ASM14958v1,na,na,na,haploid,fungi,32988475,30607615,46.0,0,275,2867,Broad Institute,Annotation submitted by Broad Institute,2017-07-12,9402,9313,77,na,Histoplasma_capsulatum_nam1_gca_000149585.ASM14958v1.dna.toplevel.fa,GCF_000149585.1_ASM14958v1_genomic.fna.gz
aspergillus_alliaceus_gca_009176365,EnsemblFungi,209559,Aspalli1,GCA_009176365.1,2019-11-DOEJointGenomeInstitute,N,N,N,N,N,Y,fungi_ascomycota5_collection_core_61_114_1,209,,GCF_009176365.1,PRJNA602437,SAMN05446797,SWAS00000000.1,reference genome,209559,209559,Aspergillus alliaceus,strain=CBS 536.65,na,latest,Scaffold,Major,Full,2019-10-18,Aspalli1,DOE Joint Genome Institute,GCA_009176365.1,identical,https://ftp.ncbi.nlm.nih.gov/genomes/all/GCF/009/176/365/GCF_009176365.1_Aspalli1,na,assembly from type material,na,haploid,fungi,40168528,40141194,47.0,0,331,418,DOE Joint Genome Institute,Annotation submitted by DOE Joint Genome Institute,2025-02-22,13336,13098,237,na,Aspergillus_alliaceus_gca_009176365.Aspalli1.dna.toplevel.fa,GCF_009176365.1_Aspalli1_genomic.fna.gz
aspergillus_alliaceus_gca_009193605,EnsemblFungi,209559,Aspalbe1,GCA_009193605.1,2019-11-DOEJointGenomeInstitute,N,N,N,N,N,Y,fungi_ascomycota5_collection_core_61_114_1,136,,GCF_009176365.1,PRJNA602437,SAMN05446797,SWAS00000000.1,reference genome,209559,209559,Aspergillus alliaceus,strain=CBS 536.65,na,latest,Scaffold,Major,Full,2019-10-18,Aspalli1,DOE Joint Genome Institute,GCA_009176365.1,identical,https://ftp.ncbi.nlm.nih.gov/genomes/all/GCF/009/176/365/GCF_009176365.1_Aspalli1,na,assembly from type material,na,haploid,fungi,40168528,40141194,47.0,0,331,418,DOE Joint Genome Institute,Annotation submitted by DOE Joint Genome Institute,2025-02-22,13336,13098,237,na,Aspergillus_alliaceus_gca_009193605.Aspalbe1.dna.toplevel.fa,GCF_009176365.1_Aspalli1_genomic.fna.gz
exophiala_mesophila_gca_000836275,EnsemblFungi,212818,Exop_meso_CBS40295_V1,GCA_000836275.1,2016-06-BroadInstitute,N,N,N,N,N,Y,fungi_ascomycota2_collection_core_61_114_1,108,,GCF_000836275.1,PRJNA326655,SAMN03176949,JYBW00000000.1,reference genome,212818,212818,Exophiala mesophila,strain=CBS 40295,na,latest,Scaffold,Major,Full,2015-02-23,Exop_meso_CBS40295_V1,Broad Institute,GCA_000836275.1,identical,https://ftp.ncbi.nlm.nih.gov/genomes/all/GCF/000/836/275/GCF_000836275.1_Exop_meso_CBS40295_V1,na,assembly from type material,na,haploid,fungi,29273723,29256826,50.5,0,9,64,Broad Institute,Annotation submitted by Broad Institute,2024-01-05,9237,9181,51,na,Exophiala_mesophila_gca_000836275.Exop_meso_CBS40295_V1.dna.toplevel.fa,GCF_000836275.1_Exop_meso_CBS40295_V1_genomic.fna.gz
exophiala_mesophila_gca_004011775,EnsemblFungi,212818,ASM401177v1,GCA_004011775.1,2019-01-UniversityofCaliforniaRiverside,N,N,N,N,N,Y,fungi_ascomycota4_collection_core_61_114_1,165,,GCF_000836275.1,PRJNA326655,SAMN03176949,JYBW00000000.1,reference genome,212818,212818,Exophiala mesophila,strain=CBS 40295,na,latest,Scaffold,Major,Full,2015-02-23,Exop_meso_CBS40295_V1,Broad Institute,GCA_000836275.1,identical,https://ftp.ncbi.nlm.nih.gov/genomes/all/GCF/000/836/275/GCF_000836275.1_Exop_meso_CBS40295_V1,na,assembly from type material,na,haploid,fungi,29273723,29256826,50.5,0,9,64,Broad Institute,Annotation submitted by Broad Institute,2024-01-05,9237,9181,51,na,Exophiala_mesophila_gca_004011775.ASM401177v1.dna.toplevel.fa,GCF_000836275.1_Exop_meso_CBS40295_V1_genomic.fna.gz
cryptococcus_neoformans,EnsemblFungi,214684,ASM9104v1,GCA_000091045.1,2016-06-ENA,N,N,N,Y,N,Y,cryptococcus_neoformans_core_61_114_1,1,,GCF_000091045.1,PRJNA10698,SAMN03081418,na,reference genome,214684,40410,Cryptococcus deneoformans JEC21,strain=JEC21,na,latest,Chromosome,Major,Full,2005-01-07,ASM9104v1,TIGR,GCA_000091045.1,identical,https://ftp.ncbi.nlm.nih.gov/genomes/all/GCF/000/091/045/GCF_000091045.1_ASM9104v1,na,na,na,haploid,fungi,19051922,19050125,48.5,14,14,14,TIGR,Annotation submitted by TIGR,2018-04-11,7004,6632,134,15653466,,GCF_000091045.1_ASM9104v1_genomic.fna.gz
exophiala_oligosperma_gca_000835515,EnsemblFungi,215243,Exop_olig_CBS72588_V1,GCA_000835515.1,2016-06-BroadInstitute,N,N,N,N,N,Y,fungi_ascomycota2_collection_core_61_114_1,121,,GCF_000835515.1,PRJNA326654,SAMN03176945,JYCA00000000.1,reference genome,215243,215243,Exophiala oligosperma,strain=CBS 72588,na,latest,Scaffold,Major,Full,2015-02-23,Exop_olig_CBS72588_V1,Broad Institute,GCA_000835515.1,identical,https://ftp.ncbi.nlm.nih.gov/genomes/all/GCF/000/835/515/GCF_000835515.1_Exop_olig_CBS72588_V1,na,na,na,haploid,fungi,38224514,37920466,50.5,0,143,287,Broad Institute,Annotation submitted by Broad Institute,2024-01-05,11938,11893,44,na,Exophiala_oligosperma_gca_000835515.Exop_olig_CBS72588_V1.dna.toplevel.fa,GCF_000835515.1_Exop_olig_CBS72588_V1_genomic.fna.gz
acaromyces_ingoldii_gca_003144295,EnsemblFungi,215250,Acain1,GCA_003144295.1,2018-05-DOEJointGenomeInstitute,N,N,N,Y,N,Y,fungi_basidiomycota1_collection_core_61_114_1,217,,GCF_003144295.1,PRJNA479905,SAMN02787018,MCOI00000000.1,reference genome,215250,215250,Acaromyces ingoldii,strain=MCA 4198,na,latest,Scaffold,Major,Full,2018-05-21,Acain1,DOE Joint Genome Institute,GCA_003144295.1,identical,https://ftp.ncbi.nlm.nih.gov/genomes/all/GCF/003/144/295/GCF_003144295.1_Acain1,na,assembly designated as reftype,na,haploid,fungi,19330111,19314861,57.5,0,28,69,DOE Joint Genome Institute,Annotation submitted by DOE Joint Genome Institute,2018-07-06,8071,8026,45,29771364,Acaromyces_ingoldii_gca_003144295.Acain1.dna.toplevel.fa,GCF_003144295.1_Acain1_genomic.fna.gz
saccharomyces_kudriavzevii_ifo_1802_gca_000167075,EnsemblFungi,226230,Saccharomyces_kudriavzevii_strain_IFO1802_v1.0,GCA_000167075.2,2012-08-WashingtonUniversitySchoolofMedicine,N,N,N,N,N,Y,fungi_ascomycota1_collection_core_61_114_1,126,,GCF_947243775.1,PRJNA973683,SAMEA111517677,na,reference genome,226230,114524,Saccharomyces kudriavzevii IFO 1802,strain=IFO1802,na,latest,Complete Genome,Major,Full,2022-11-01,Skud-IFO1802,UNIVERSITY COLLEGE DUBLIN,GCA_947243775.1,identical,https://ftp.ncbi.nlm.nih.gov/genomes/all/GCF/947/243/775/GCF_947243775.1_Skud-IFO1802,na,assembly from type material,na,haploid,fungi,11913776,11913776,40.0,16,16,16,UNIVERSITY COLLEGE DUBLIN,Annotation submitted by UNIVERSITY COLLEGE DUBLIN,2024-12-04,5880,5603,273,na,Saccharomyces_kudriavzevii_ifo_1802_gca_000167075.Saccharomyces_kudriavzevii_strain_IFO1802_v1.0.dna.toplevel.fa,GCF_947243775.1_Skud-IFO1802_genomic.fna.gz
aspergillus_nidulans,EnsemblFungi,227321,ASM1142v1,GCA_000011425.1,2015-02-ENA,N,N,Y,Y,N,Y,aspergillus_nidulans_core_61_114_1,1,,GCF_000011425.1,PRJNA848821,SAMEA2272224,na,reference genome,227321,162425,Aspergillus nidulans FGSC A4,strain=FGSC A4,na,latest,Chromosome,Major,Full,2009-09-24,ASM1142v1,Eurofungbase (Eurofung),GCA_000011425.1,identical,https://ftp.ncbi.nlm.nih.gov/genomes/all/GCF/000/011/425/GCF_000011425.1_ASM1142v1,na,na,na,haploid,fungi,29828291,29817824,50.5,8,8,8,Eurofungbase (Eurofung),Annotation submitted by Eurofungbase (Eurofung),2023-04-13,10518,10455,0,19146970,,GCF_000011425.1_ASM1142v1_genomic.fna.gz
aspergillus_nidulans_fgsc_a4_gca_000149205,EnsemblFungi,227321,ASM14920v2,GCA_000149205.2,2015-03-BroadInstitute,N,N,N,N,N,Y,fungi_ascomycota2_collection_core_61_114_1,41,,GCF_000011425.1,PRJNA848821,SAMEA2272224,na,reference genome,227321,162425,Aspergillus nidulans FGSC A4,strain=FGSC A4,na,latest,Chromosome,Major,Full,2009-09-24,ASM1142v1,Eurofungbase (Eurofung),GCA_000011425.1,identical,https://ftp.ncbi.nlm.nih.gov/genomes/all/GCF/000/011/425/GCF_000011425.1_ASM1142v1,na,na,na,haploid,fungi,29828291,29817824,50.5,8,8,8,Eurofungbase (Eurofung),Annotation submitted by Eurofungbase (Eurofung),2023-04-13,10518,10455,0,19146970,Aspergillus_nidulans_fgsc_a4_gca_000149205.ASM14920v2.dna.toplevel.fa,GCF_000011425.1_ASM1142v1_genomic.fna.gz
fusarium_graminearum_ph_1_gca_000240135,EnsemblFungi,229533,ASM24013v3,GCA_000240135.3,2013-11-InternationalGibberellazeaeGenomicsConsortium,N,N,N,N,N,Y,fungi_ascomycota3_collection_core_61_114_1,47,,GCF_000240135.3,PRJNA243,SAMN02953593,AACM00000000.2,reference genome,229533,5518,Fusarium graminearum PH-1,strain=PH-1; NRRL 31084,na,latest,Chromosome,Major,Full,2008-11-21,ASM24013v3,International Gibberella zeae Genomics Consortium,GCA_000240135.3,different,https://ftp.ncbi.nlm.nih.gov/genomes/all/GCF/000/240/135/GCF_000240135.3_ASM24013v3,na,na,na,haploid,fungi,36458046,36223641,48.5,4,31,433,International Gibberella zeae Genomics Consortium,Annotation submitted by International Gibberella zeae Genomics Consortium,2024-01-02,13725,13312,402,17823352,Fusarium_graminearum_ph_1_gca_000240135.ASM24013v3.dna.toplevel.fa,GCF_000240135.3_ASM24013v3_genomic.fna.gz
fusarium_graminearum,EnsemblFungi,229533,GCA900044135v1,GCA_900044135.1,VEuPathDB-2017-01-25,N,N,N,Y,N,Y,fusarium_graminearum_core_61_114_1,1,,GCF_000240135.3,PRJNA243,SAMN02953593,AACM00000000.2,reference genome,229533,5518,Fusarium graminearum PH-1,strain=PH-1; NRRL 31084,na,latest,Chromosome,Major,Full,2008-11-21,ASM24013v3,International Gibberella zeae Genomics Consortium,GCA_000240135.3,different,https://ftp.ncbi.nlm.nih.gov/genomes/all/GCF/000/240/135/GCF_000240135.3_ASM24013v3,na,na,na,haploid,fungi,36458046,36223641,48.5,4,31,433,International Gibberella zeae Genomics Consortium,Annotation submitted by International Gibberella zeae Genomics Consortium,2024-01-02,13725,13312,402,17823352,Fusarium_graminearum.GCA900044135v1.dna.toplevel.fa,GCF_000240135.3_ASM24013v3_genomic.fna.gz
fusarium_coffeatum_gca_003316985,EnsemblFungi,231269,ASM331698v1,GCA_003316985.1,2018-08-CSIRO,N,N,N,N,N,Y,fungi_ascomycota5_collection_core_61_114_1,31,,GCF_003316985.1,PRJNA576242,SAMN08667433,QKXC00000000.1,reference genome,231269,231269,Fusarium coffeatum,strain=FIESC_28,na,latest,Contig,Major,Full,2018-07-13,ASM331698v1,CSIRO,GCA_003316985.1,identical,https://ftp.ncbi.nlm.nih.gov/genomes/all/GCF/003/316/985/GCF_003316985.1_ASM331698v1,na,na,na,haploid,fungi,37769732,37769732,48.5,0,550,550,CSIRO,Annotation submitted by CSIRO,2019-10-22,11779,11779,0,na,Fusarium_coffeatum_gca_003316985.ASM331698v1.dna.toplevel.fa,GCF_003316985.1_ASM331698v1_genomic.fna.gz
cryptococcus_neoformans_var_grubii_h99_gca_000149245,EnsemblFungi,235443,CNA3,GCA_000149245.3,2019-07-BroadInstitute,N,N,N,N,N,Y,fungi_basidiomycota1_collection_core_61_114_1,49,,GCF_000149245.1,PRJNA177334,SAMN03081441,na,reference genome,235443,5207,Cryptococcus neoformans H99,strain=H99,na,latest,Chromosome,Major,Full,2014-02-07,CNA3,Broad Institute,GCA_000149245.3,identical,https://ftp.ncbi.nlm.nih.gov/genomes/all/GCF/000/149/245/GCF_000149245.1_CNA3,na,na,na,haploid,fungi,18891193,18891093,48.0,14,14,14,Broad Institute,Annotation submitted by Broad Institute,2018-04-04,8338,6975,1359,24743168,Cryptococcus_neoformans_var_grubii_h99_gca_000149245.CNA3.dna.toplevel.fa,GCF_000149245.1_CNA3_genomic.fna.gz
diplodia_corticola_gca_001883845,EnsemblFungi,236234,ASM188384v1,GCA_001883845.1,2016-11-UniversityofAveiro,N,N,N,N,N,Y,fungi_ascomycota3_collection_core_61_114_1,230,,GCF_001883845.1,PRJNA374862,SAMN05253255,MNUE00000000.1,reference genome,236234,236234,Diplodia corticola,strain=CBS 112549,na,latest,Scaffold,Major,Full,2016-11-18,ASM188384v1,University of Aveiro,GCA_001883845.1,identical,https://ftp.ncbi.nlm.nih.gov/genomes/all/GCF/001/883/845/GCF_001883845.1_ASM188384v1,na,assembly from type material,na,haploid,fungi,34986079,34974097,57.0,0,181,181,University of Aveiro,Annotation submitted by University of Aveiro,2023-12-28,10831,10831,0,na,Diplodia_corticola_gca_001883845.ASM188384v1.dna.toplevel.fa,GCF_001883845.1_ASM188384v1_genomic.fna.gz
candida_albicans_sc5314_gca_000784635,EnsemblFungi,237561,Cand_albi_SC5314_V4,GCA_000784635.1,2014-11-BroadInstitute,N,N,N,N,N,Y,fungi_ascomycota2_collection_core_61_114_1,24,,GCF_000182965.3,PRJNA14005,SAMN02953594,na,reference genome,237561,5476,Candida albicans SC5314,strain=SC5314,na,latest,Chromosome,Major,Full,2016-10-12,ASM18296v3,Stanford University,GCA_000182965.3,identical,https://ftp.ncbi.nlm.nih.gov/genomes/all/GCF/000/182/965/GCF_000182965.3_ASM18296v3,na,na,na,haploid,fungi,14282666,14276407,33.5,8,8,8,CGD,CGD A22-s07-m01-r01,2022-04-18,6263,6030,215,17419877;24025428;15123810,Candida_albicans_sc5314_gca_000784635.Cand_albi_SC5314_V4.dna.toplevel.fa,GCF_000182965.3_ASM18296v3_genomic.fna.gz
candida_albicans_sc5314_gca_000784655,EnsemblFungi,237561,Cand_albi_SC5314_V3,GCA_000784655.1,2014-11-BroadInstitute,N,N,N,N,N,Y,fungi_ascomycota2_collection_core_61_114_1,37,,GCF_000182965.3,PRJNA14005,SAMN02953594,na,reference genome,237561,5476,Candida albicans SC5314,strain=SC5314,na,latest,Chromosome,Major,Full,2016-10-12,ASM18296v3,Stanford University,GCA_000182965.3,identical,https://ftp.ncbi.nlm.nih.gov/genomes/all/GCF/000/182/965/GCF_000182965.3_ASM18296v3,na,na,na,haploid,fungi,14282666,14276407,33.5,8,8,8,CGD,CGD A22-s07-m01-r01,2022-04-18,6263,6030,215,17419877;24025428;15123810,Candida_albicans_sc5314_gca_000784655.Cand_albi_SC5314_V3.dna.toplevel.fa,GCF_000182965.3_ASM18296v3_genomic.fna.gz
candida_albicans,EnsemblFungi,237561,GCA000182965v3,GCA_000182965.3,2016-03-02,N,N,N,Y,N,Y,candida_albicans_core_61_114_3,1,,GCF_000182965.3,PRJNA14005,SAMN02953594,na,reference genome,237561,5476,Candida albicans SC5314,strain=SC5314,na,latest,Chromosome,Major,Full,2016-10-12,ASM18296v3,Stanford University,GCA_000182965.3,identical,https://ftp.ncbi.nlm.nih.gov/genomes/all/GCF/000/182/965/GCF_000182965.3_ASM18296v3,na,na,na,haploid,fungi,14282666,14276407,33.5,8,8,8,CGD,CGD A22-s07-m01-r01,2022-04-18,6263,6030,215,17419877;24025428;15123810,Candida_albicans.GCA000182965v3.dna.toplevel.fa,GCF_000182965.3_ASM18296v3_genomic.fna.gz
coprinopsis_cinerea_okayama7_130_gca_000182895,EnsemblFungi,240176,CC3,GCA_000182895.1,2014-08-BroadInstitute,N,N,N,Y,N,Y,fungi_basidiomycota1_collection_core_61_114_1,44,,GCF_000182895.1,PRJNA29797,SAMN02953595,AACS00000000.2,reference genome,240176,5346,Coprinopsis cinerea okayama7#130,strain=okayama7#130,na,latest,Contig,Major,Full,2010-06-16,CC3,Broad Institute,GCA_000182895.1,identical,https://ftp.ncbi.nlm.nih.gov/genomes/all/GCF/000/182/895/GCF_000182895.1_CC3,na,na,na,haploid,fungi,36150142,36150142,51.5,13,67,67,Broad Institute,Annotation submitted by Broad Institute,2017-09-05,13657,13355,290,20547848,Coprinopsis_cinerea_okayama7_130_gca_000182895.CC3.dna.toplevel.fa,GCF_000182895.1_CC3_genomic.fna.gz
magnaporthe_oryzae,EnsemblFungi,242507,MG8,GCA_000002495.2,2011-03-Broad,N,N,N,Y,Y,Y,magnaporthe_oryzae_core_61_114_8,1,,GCF_000002495.2,PRJNA1433,SAMN02953596,AACU00000000.3,reference genome,242507,318829,Pyricularia oryzae 70-15,strain=70-15,na,latest,Chromosome,Major,Full,2011-10-14,MG8,International Rice Blast Genome Consortium,GCA_000002495.2,identical,https://ftp.ncbi.nlm.nih.gov/genomes/all/GCF/000/002/495/GCF_000002495.2_MG8,na,na,na,haploid,fungi,40979121,40949321,51.5,7,53,216,International Rice Blast Genome Consortium,Annotation submitted by International Rice Blast Genome Consortium,2019-11-29,13184,12825,228,15846337,,GCF_000002495.2_MG8_genomic.fna.gz
neohortaea_acidophila_gca_010093505,EnsemblFungi,245834,Horac1,GCA_010093505.1,2020-02-DOEJointGenomeInstitute,N,N,N,N,N,Y,fungi_ascomycota5_collection_core_61_114_1,170,,GCF_010093505.1,PRJNA625775,SAMN05446851,JAAEJE000000000.1,reference genome,245834,245834,Neohortaea acidophila,strain=CBS 113389,na,latest,Scaffold,Major,Full,2020-01-31,Horac1,DOE Joint Genome Institute,GCA_010093505.1,identical,https://ftp.ncbi.nlm.nih.gov/genomes/all/GCF/010/093/505/GCF_010093505.1_Horac1,na,assembly from type material,na,haploid,fungi,20432448,20414840,56.5,0,39,67,DOE Joint Genome Institute,Annotation submitted by DOE Joint Genome Institute,2020-04-21,9858,9826,26,na,Neohortaea_acidophila_gca_010093505.Horac1.dna.toplevel.fa,GCF_010093505.1_Horac1_genomic.fna.gz
rhizopus_delemar_ra_99_880_gca_000149305,EnsemblFungi,246409,RO3,GCA_000149305.1,2012-04-BroadInstitute,N,N,N,Y,N,Y,fungi_mucoromycota1_collection_core_61_114_1,9,,GCF_000149305.1,PRJNA1151041,SAMN02953598,AACW00000000.2,reference genome,246409,936053,Rhizopus delemar RA 99-880,strain=RA 99-880,na,latest,Scaffold,Major,Full,2009-05-27,RO3,Broad Institute,GCA_000149305.1,identical,https://ftp.ncbi.nlm.nih.gov/genomes/all/GCF/000/149/305/GCF_000149305.1_RO3,na,na,na,haploid,fungi,46087117,45262477,35.5,0,81,389,Broad Institute,Annotation submitted by Broad Institute,2024-09-04,17703,17459,243,19578406,Rhizopus_delemar_ra_99_880_gca_000149305.RO3.dna.toplevel.fa,GCF_000149305.1_RO3_genomic.fna.gz
coccidioides_immitis_rs_gca_000149335,EnsemblFungi,246410,ASM14933v2,GCA_000149335.2,2015-03-BroadInstitute,N,N,N,N,N,Y,fungi_ascomycota1_collection_core_61_114_1,92,,GCF_000149335.2,PRJNA16822,SAMN02953601,AAEC00000000.3,reference genome,246410,5501,Coccidioides immitis RS,strain=RS,na,latest,Scaffold,Major,Full,2009-10-29,ASM14933v2,Broad Institute,GCA_000149335.2,identical,https://ftp.ncbi.nlm.nih.gov/genomes/all/GCF/000/149/335/GCF_000149335.2_ASM14933v2,na,na,na,haploid,fungi,28947925,28947525,46.0,0,6,10,Broad Institute,Annotation submitted by Broad Institute,2022-05-02,9905,9757,144,20516208,Coccidioides_immitis_rs_gca_000149335.ASM14933v2.dna.toplevel.fa,GCF_000149335.2_ASM14933v2_genomic.fna.gz
verruconis_gallopava_gca_000836295,EnsemblFungi,253628,O_gall_CBS43764,GCA_000836295.1,2016-06-BroadInstitute,N,N,N,N,N,Y,fungi_ascomycota2_collection_core_61_114_1,135,,GCF_000836295.1,PRJNA326657,SAMN03176948,JYBX00000000.1,reference genome,253628,253628,Verruconis gallopava,strain=CBS 43764,na,latest,Scaffold,Major,Full,2015-02-23,O_gall_CBS43764,Broad Institute,GCA_000836295.1,identical,https://ftp.ncbi.nlm.nih.gov/genomes/all/GCF/000/836/295/GCF_000836295.1_O_gall_CBS43764,na,assembly from type material,na,haploid,fungi,31780469,31348514,49.0,0,367,565,Broad Institute,Annotation submitted by Broad Institute,2024-01-05,9871,9818,48,na,Verruconis_gallopava_gca_000836295.O_gall_CBS43764.dna.toplevel.fa,GCF_000836295.1_O_gall_CBS43764_genomic.fna.gz
fonsecaea_monophora_gca_001642475,EnsemblFungi,254056,ASM164247v1,GCA_001642475.1,2016-05-FederalUniversityofParana,N,N,N,N,N,Y,fungi_ascomycota3_collection_core_61_114_1,130,,GCF_001642475.1,PRJNA342681,SAMN04498468,LVKK00000000.1,reference genome,254056,254056,Fonsecaea monophora,strain=CBS 269.37,na,latest,Contig,Major,Full,2016-05-11,ASM164247v1,Federal University of Parana,GCA_001642475.1,identical,https://ftp.ncbi.nlm.nih.gov/genomes/all/GCF/001/642/475/GCF_001642475.1_ASM164247v1,na,assembly from type material,na,haploid,fungi,35229797,35229797,52.0,0,324,324,Federal University of Parana,Annotation submitted by Federal University of Parana,2017-10-03,12021,11984,37,na,Fonsecaea_monophora_gca_001642475.ASM164247v1.dna.toplevel.fa,GCF_001642475.1_ASM164247v1_genomic.fna.gz
byssochlamys_spectabilis_gca_004022145,EnsemblFungi,264951,Paevar1,GCA_004022145.1,2019-01-DOEJointGenomeInstitute,N,N,N,N,N,Y,fungi_ascomycota5_collection_core_61_114_1,18,,GCF_004022145.1,PRJNA531022,SAMN08778357,RCNU00000000.1,reference genome,264951,264951,Paecilomyces variotii,strain=CBS 101075,na,latest,Contig,Major,Full,2019-01-14,Paevar1,DOE Joint Genome Institute,GCA_004022145.1,identical,https://ftp.ncbi.nlm.nih.gov/genomes/all/GCF/004/022/145/GCF_004022145.1_Paevar1,na,assembly from synonym type material,na,haploid,fungi,30105809,30105809,46.5,0,86,86,DOE Joint Genome Institute,Annotation submitted by DOE Joint Genome Institute,2019-04-05,9415,9270,142,30619145,Byssochlamys_spectabilis_gca_004022145.Paevar1.dna.toplevel.fa,GCF_004022145.1_Paevar1_genomic.fna.gz
venustampulla_echinocandica_gca_003357145,EnsemblFungi,2656787,ASM335714v1,GCA_003357145.1,2018-10-TheUniversityofTexasHealthScienceCenteratHouston,N,N,N,N,N,Y,fungi_ascomycota4_collection_core_61_114_1,183,,GCF_003357145.1,PRJNA602438,SAMN07173322,NPIC00000000.1,reference genome,2656787,2656787,Venustampulla echinocandica,strain=BP 5553,na,latest,Scaffold,Major,Full,2018-08-03,ASM335714v1,The University of Texas Health Science Center at Houston,GCA_003357145.1,identical,https://ftp.ncbi.nlm.nih.gov/genomes/all/GCF/003/357/145/GCF_003357145.1_ASM335714v1,na,assembly from type material,na,haploid,fungi,33639795,33586049,48.0,0,32,32,The University of Texas Health Science Center at Houston,Annotation submitted by The University of Texas Health Science Center at Houston,2020-01-24,10707,10707,0,30018880,Venustampulla_echinocandica_gca_003357145.ASM335714v1.dna.toplevel.fa,GCF_003357145.1_ASM335714v1_genomic.fna.gz
fusarium_flagelliforme_gca_003012295,EnsemblFungi,2675880,FIESC_12_NRRL13405_FIE12Z_contigs,GCA_003012295.1,2018-10-RobertProctorssharedsubmissions,N,N,N,N,N,Y,fungi_ascomycota5_collection_core_61_114_1,141,,GCF_020744385.1,PRJNA801208,SAMN06296991,JAHBOO000000000.1,reference genome,2675880,2675880,Fusarium flagelliforme,strain=FIESC 12 MPI-CAGE-AA-0113,na,latest,Contig,Major,Full,2021-11-05,Fuseq1,DOE Joint Genome Institute,GCA_020744385.1,identical,https://ftp.ncbi.nlm.nih.gov/genomes/all/GCF/020/744/385/GCF_020744385.1_Fuseq1,na,na,na,haploid,fungi,40328194,40328194,48.0,0,15,15,DOE Joint Genome Institute,Annotation submitted by DOE Joint Genome Institute,2022-01-28,13910,13580,328,na,Fusarium_flagelliforme_gca_003012295.FIESC_12_NRRL13405_FIE12Z_contigs.dna.toplevel.fa,GCF_020744385.1_Fuseq1_genomic.fna.gz
naumovozyma_castellii_cbs_4309_gca_000237345,EnsemblFungi,27288,ASM23734v1,GCA_000237345.1,2015-02-WolfeLaboratorySmurfitInstituteofGeneticsTrinityCollegeDublin,N,N,N,Y,N,Y,fungi_ascomycota1_collection_core_61_114_1,46,,GCF_000237345.1,PRJNA79343,SAMEA2271985,na,reference genome,27288,27288,Naumovozyma castellii,strain=type strain:CBS 4309,na,latest,Chromosome,Major,Full,2011-08-01,ASM23734v1,"Wolfe Laboratory, Smurfit Institute of Genetics, Trinity College Dublin",GCA_000237345.1,identical,https://ftp.ncbi.nlm.nih.gov/genomes/all/GCF/000/237/345/GCF_000237345.1_ASM23734v1,na,assembly from type material,na,haploid,fungi,11219539,11219419,37.0,10,10,10,"Wolfe Laboratory, Smurfit Institute of Genetics, Trinity College Dublin","Annotation submitted by Wolfe Laboratory, Smurfit Institute of Genetics, Trinity College Dublin",2024-12-04,5867,5589,278,22123960,Naumovozyma_castellii_cbs_4309_gca_000237345.ASM23734v1.dna.toplevel.fa,GCA_000237345.1_genomic.fna.gz
penicillium_expansum_gca_000769735,EnsemblFungi,27334,ASM76973v1,GCA_000769735.1,2014-11-CenterforGenomicRegulationCRG,N,N,N,N,N,Y,fungi_ascomycota1_collection_core_61_114_1,241,,GCF_000769745.1,PRJNA319326,SAMN02928573,JQFZ00000000.1,reference genome,27334,27334,Penicillium expansum,strain=MD-8,na,latest,Contig,Major,Full,2014-10-28,ASM76974v1,Center for Genomic Regulation (CRG),GCA_000769745.1,identical,https://ftp.ncbi.nlm.nih.gov/genomes/all/GCF/000/769/745/GCF_000769745.1_ASM76974v1,na,na,na,haploid,fungi,32356048,32356048,47.5,0,382,382,Center for Genomic Regulation (CRG),Annotation submitted by Center for Genomic Regulation (CRG),2017-08-28,11060,11060,0,25338147,Penicillium_expansum_gca_000769735.ASM76973v1.dna.toplevel.fa,GCF_000769745.1_ASM76974v1_genomic.fna.gz
penicillium_expansum_gca_000769755,EnsemblFungi,27334,PEX1,GCA_000769755.1,2014-11-CenterforGenomicRegulationCRG,N,N,N,N,N,Y,fungi_ascomycota1_collection_core_61_114_1,237,,GCF_000769745.1,PRJNA319326,SAMN02928573,JQFZ00000000.1,reference genome,27334,27334,Penicillium expansum,strain=MD-8,na,latest,Contig,Major,Full,2014-10-28,ASM76974v1,Center for Genomic Regulation (CRG),GCA_000769745.1,identical,https://ftp.ncbi.nlm.nih.gov/genomes/all/GCF/000/769/745/GCF_000769745.1_ASM76974v1,na,na,na,haploid,fungi,32356048,32356048,47.5,0,382,382,Center for Genomic Regulation (CRG),Annotation submitted by Center for Genomic Regulation (CRG),2017-08-28,11060,11060,0,25338147,Penicillium_expansum_gca_000769755.PEX1.dna.toplevel.fa,GCF_000769745.1_ASM76974v1_genomic.fna.gz
protomyces_lactucaedebilis_gca_002105105,EnsemblFungi,2754530,Prola1,GCA_002105105.1,2017-05-DOEJointGenomeInstitute,N,N,N,Y,N,Y,fungi_ascomycota4_collection_core_61_114_1,14,,GCF_002105105.1,PRJNA721999,SAMN05421899,MCFI00000000.1,reference genome,2754530,2754530,Protomyces lactucae-debilis,strain=12-1054,na,latest,Contig,Major,Full,2017-04-20,Prola1,DOE Joint Genome Institute,GCA_002105105.1,identical,https://ftp.ncbi.nlm.nih.gov/genomes/all/GCF/002/105/105/GCF_002105105.1_Prola1,na,na,na,haploid,fungi,12928838,12928838,51.0,0,44,44,DOE Joint Genome Institute,Annotation submitted by DOE Joint Genome Institute,2021-04-20,6768,6722,45,na,Protomyces_lactucaedebilis_gca_002105105.Prola1.dna.toplevel.fa,GCF_002105105.1_Prola1_genomic.fna.gz
sporisorium_graminicola_gca_005498985,EnsemblFungi,280036,PGRAM_IIB_1.0,GCA_005498985.1,2019-09-UniversityofLiverpoolInstituteofIntegrativeBiology,N,N,N,N,N,Y,fungi_basidiomycota1_collection_core_61_114_1,255,,GCF_005498985.1,PRJNA554127,SAMN10959236,SRRM00000000.1,reference genome,280036,280036,Sporisorium graminicola,strain=CBS 10092,na,latest,Chromosome,Major,Full,2019-06-06,PGRAM_IIB_1.0,"University of Liverpool, Institute of Integrative Biology",GCA_005498985.1,identical,https://ftp.ncbi.nlm.nih.gov/genomes/all/GCF/005/498/985/GCF_005498985.1_PGRAM_IIB_1.0,na,assembly from type material,na,haploid,fungi,19565848,19565448,56.5,22,22,22,"University of Liverpool, Institute of Integrative Biology","Annotation submitted by University of Liverpool, Institute of Integrative Biology",2019-07-17,6602,6591,0,na,Sporisorium_graminicola_gca_005498985.PGRAM_IIB_1.0.dna.toplevel.fa,identical_genomic.fna.gz
cryptococcus_neoformans_var_neoformans_b_3501a_gca_000149385,EnsemblFungi,283643,ASM14938v1,GCA_000149385.1,2010-03-StanfordUniversity,N,N,N,N,N,Y,fungi_basidiomycota1_collection_core_61_114_1,6,,GCF_000149385.1,PRJNA19119,SAMN02953604,AAEY00000000.1,na,283643,40410,Cryptococcus deneoformans B-3501A,strain=B-3501A,na,latest,Chromosome,Major,Full,2004-07-16,ASM14938v1,Stanford University,GCA_000149385.1,identical,https://ftp.ncbi.nlm.nih.gov/genomes/all/GCF/000/149/385/GCF_000149385.1_ASM14938v1,na,na,na,haploid,fungi,19699782,18519482,48.5,14,14,70,Stanford University,Annotation submitted by Stanford University,2023-09-13,6609,6500,109,15653466,Cryptococcus_neoformans_var_neoformans_b_3501a_gca_000149385.ASM14938v1.dna.toplevel.fa,GCF_000149385.1_ASM14938v1_genomic.fna.gz
debaryomyces_hansenii_cbs767_gca_000006445,EnsemblFungi,284592,ASM644v2,GCA_000006445.2,2015-02-GenolevuresConsortium,N,N,N,Y,N,Y,fungi_ascomycota1_collection_core_61_114_1,19,,GCF_000006445.2,PRJNA12410,SAMEA3138183,na,reference genome,284592,4959,Debaryomyces hansenii CBS767,strain=CBS767,na,latest,Chromosome,Major,Full,2008-09-16,ASM644v2,Genolevures Consortium,GCA_000006445.2,different,https://ftp.ncbi.nlm.nih.gov/genomes/all/GCF/000/006/445/GCF_000006445.2_ASM644v2,na,assembly from type material,na,haploid,fungi,12152486,12151761,36.5,7,7,7,Genolevures Consortium,Annotation submitted by Genolevures Consortium,2021-05-25,6520,6282,236,15229592;18673395,Debaryomyces_hansenii_cbs767_gca_000006445.ASM644v2.dna.toplevel.fa,GCF_000006445.2_ASM644v2_genomic.fna.gz
ashbya_gossypii,EnsemblFungi,284811,ASM9102v1,GCA_000091025.3,2010-10-AGD,N,Y,N,Y,Y,Y,ashbya_gossypii_core_61_114_1,1,,GCF_000091025.4,PRJNA10623,SAMN03081415,na,reference genome,284811,33169,Eremothecium gossypii ATCC 10895,strain=ATCC 10895,na,latest,Complete Genome,Major,Full,2010-10-18,ASM9102v4,"Biozentrum, University of Basel, Switzerland",GCA_000091025.4,identical,https://ftp.ncbi.nlm.nih.gov/genomes/all/GCF/000/091/025/GCF_000091025.4_ASM9102v4,na,na,na,haploid,fungi,9095748,9095748,52.0,7,7,7,"Biozentrum, University of Basel, Switzerland","Annotation submitted by Biozentrum, University of Basel, Switzerland",2024-12-04,5317,4776,538,15001715,,GCA_000091025.4_genomic.fna.gz
encephalitozoon_cuniculi_gb_m1_gca_000091225,EnsemblFungi,284813,ASM9122v2,GCA_000091225.2,2017-03-Genoscope,N,N,N,N,N,Y,fungi_microsporidia1_collection_core_61_114_1,7,,GCF_000091225.2,PRJNA155,SAMEA3138295,na,reference genome,284813,6035,Encephalitozoon cuniculi GB-M1,na,GB-M1,latest,Chromosome,Major,Full,2017-03-09,ASM9122v2,Genoscope,GCA_000091225.2,identical,https://ftp.ncbi.nlm.nih.gov/genomes/all/GCF/000/091/225/GCF_000091225.2_ASM9122v2,na,na,na,haploid,fungi,2497519,2496719,47.5,11,11,11,Genoscope,Annotation submitted by Genoscope,2022-12-22,2155,2122,33,11719806;20003517,Encephalitozoon_cuniculi_gb_m1_gca_000091225.ASM9122v2.dna.toplevel.fa,GCF_000091225.2_ASM9122v2_genomic.fna.gz
kluyveromyces_lactis_gca_000002515,EnsemblFungi,28985,ASM251v1,GCA_000002515.1,2015-02-GenolevuresConsortium,N,N,N,N,N,Y,fungi_ascomycota1_collection_core_61_114_1,43,,GCF_000002515.2,PRJNA12377,SAMEA3138170,na,reference genome,28985,28985,Kluyveromyces lactis,strain=NRRL Y-1140,na,latest,Complete Genome,Major,Full,2004-07-02,ASM251v1,Genolevures Consortium,GCA_000002515.1,different,https://ftp.ncbi.nlm.nih.gov/genomes/all/GCF/000/002/515/GCF_000002515.2_ASM251v1,na,na,na,haploid,fungi,10689156,10689156,39.0,6,6,6,Genolevures Consortium,Annotation submitted by Genolevures Consortium,2024-12-04,5335,5084,251,15229592;15691736,Kluyveromyces_lactis_gca_000002515.ASM251v1.dna.toplevel.fa,GCF_000002515.2_ASM251v1_genomic.fna.gz
aspergillus_lentulus_gca_010723975,EnsemblFungi,293939,ASM1072397v1,GCA_010723975.1,2020-02-MedicalMycologyResearchCenter,N,N,N,N,N,Y,fungi_ascomycota5_collection_core_61_114_1,119,,GCF_010724455.1,PRJNA625765,SAMD00166943,BLKH00000000.1,reference genome,293939,293939,Aspergillus lentulus,strain=IFM 58399,na,latest,Scaffold,Major,Full,2020-02-04,ASM1072445v1,Medical Mycology Research Center,GCA_010724455.1,identical,https://ftp.ncbi.nlm.nih.gov/genomes/all/GCF/010/724/455/GCF_010724455.1_ASM1072445v1,na,na,na,haploid,fungi,30229310,30225830,50.0,0,760,760,Medical Mycology Research Center,Annotation submitted by Medical Mycology Research Center,2025-02-22,10506,10293,213,na,Aspergillus_lentulus_gca_010723975.ASM1072397v1.dna.toplevel.fa,GCF_010724455.1_ASM1072445v1_genomic.fna.gz
aspergillus_lentulus_gca_010724455,EnsemblFungi,293939,ASM1072445v1,GCA_010724455.1,2020-02-MedicalMycologyResearchCenter,N,N,N,N,N,Y,fungi_ascomycota5_collection_core_61_114_1,198,,GCF_010724455.1,PRJNA625765,SAMD00166943,BLKH00000000.1,reference genome,293939,293939,Aspergillus lentulus,strain=IFM 58399,na,latest,Scaffold,Major,Full,2020-02-04,ASM1072445v1,Medical Mycology Research Center,GCA_010724455.1,identical,https://ftp.ncbi.nlm.nih.gov/genomes/all/GCF/010/724/455/GCF_010724455.1_ASM1072445v1,na,na,na,haploid,fungi,30229310,30225830,50.0,0,760,760,Medical Mycology Research Center,Annotation submitted by Medical Mycology Research Center,2025-02-22,10506,10293,213,na,Aspergillus_lentulus_gca_010724455.ASM1072445v1.dna.toplevel.fa,GCF_010724455.1_ASM1072445v1_genomic.fna.gz
aspergillus_lentulus_gca_010724575,EnsemblFungi,293939,ASM1072457v1,GCA_010724575.1,2020-02-MedicalMycologyResearchCenter,N,N,N,N,N,Y,fungi_ascomycota4_collection_core_61_114_1,112,,GCF_010724455.1,PRJNA625765,SAMD00166943,BLKH00000000.1,reference genome,293939,293939,Aspergillus lentulus,strain=IFM 58399,na,latest,Scaffold,Major,Full,2020-02-04,ASM1072445v1,Medical Mycology Research Center,GCA_010724455.1,identical,https://ftp.ncbi.nlm.nih.gov/genomes/all/GCF/010/724/455/GCF_010724455.1_ASM1072445v1,na,na,na,haploid,fungi,30229310,30225830,50.0,0,760,760,Medical Mycology Research Center,Annotation submitted by Medical Mycology Research Center,2025-02-22,10506,10293,213,na,Aspergillus_lentulus_gca_010724575.ASM1072457v1.dna.toplevel.fa,GCF_010724455.1_ASM1072445v1_genomic.fna.gz
aspergillus_lentulus_gca_010724635,EnsemblFungi,293939,ASM1072463v1,GCA_010724635.1,2020-02-MedicalMycologyResearchCenter,N,N,N,N,N,Y,fungi_ascomycota5_collection_core_61_114_1,174,,GCF_010724455.1,PRJNA625765,SAMD00166943,BLKH00000000.1,reference genome,293939,293939,Aspergillus lentulus,strain=IFM 58399,na,latest,Scaffold,Major,Full,2020-02-04,ASM1072445v1,Medical Mycology Research Center,GCA_010724455.1,identical,https://ftp.ncbi.nlm.nih.gov/genomes/all/GCF/010/724/455/GCF_010724455.1_ASM1072445v1,na,na,na,haploid,fungi,30229310,30225830,50.0,0,760,760,Medical Mycology Research Center,Annotation submitted by Medical Mycology Research Center,2025-02-22,10506,10293,213,na,Aspergillus_lentulus_gca_010724635.ASM1072463v1.dna.toplevel.fa,GCF_010724455.1_ASM1072445v1_genomic.fna.gz
aspergillus_lentulus_gca_010724915,EnsemblFungi,293939,ASM1072491v1,GCA_010724915.1,2020-02-MedicalMycologyResearchCenter,N,N,N,N,N,Y,fungi_ascomycota4_collection_core_61_114_1,131,,GCF_010724455.1,PRJNA625765,SAMD00166943,BLKH00000000.1,reference genome,293939,293939,Aspergillus lentulus,strain=IFM 58399,na,latest,Scaffold,Major,Full,2020-02-04,ASM1072445v1,Medical Mycology Research Center,GCA_010724455.1,identical,https://ftp.ncbi.nlm.nih.gov/genomes/all/GCF/010/724/455/GCF_010724455.1_ASM1072445v1,na,na,na,haploid,fungi,30229310,30225830,50.0,0,760,760,Medical Mycology Research Center,Annotation submitted by Medical Mycology Research Center,2025-02-22,10506,10293,213,na,Aspergillus_lentulus_gca_010724915.ASM1072491v1.dna.toplevel.fa,GCF_010724455.1_ASM1072445v1_genomic.fna.gz
aspergillus_lentulus,EnsemblFungi,293939,GCA001445615v2,GCA_001445615.2,VEuPathDB-2022-09-26,N,N,N,N,N,Y,aspergillus_lentulus_core_61_114_2,1,,GCF_010724455.1,PRJNA625765,SAMD00166943,BLKH00000000.1,reference genome,293939,293939,Aspergillus lentulus,strain=IFM 58399,na,latest,Scaffold,Major,Full,2020-02-04,ASM1072445v1,Medical Mycology Research Center,GCA_010724455.1,identical,https://ftp.ncbi.nlm.nih.gov/genomes/all/GCF/010/724/455/GCF_010724455.1_ASM1072445v1,na,na,na,haploid,fungi,30229310,30225830,50.0,0,760,760,Medical Mycology Research Center,Annotation submitted by Medical Mycology Research Center,2025-02-22,10506,10293,213,na,Aspergillus_lentulus.GCA001445615v2.dna.toplevel.fa,GCF_010724455.1_ASM1072445v1_genomic.fna.gz
meyerozyma_guilliermondii_atcc_6260_gca_000149425,EnsemblFungi,294746,ASM14942v1,GCA_000149425.1,2009-06-BroadInstitute,N,N,N,Y,N,Y,fungi_ascomycota1_collection_core_61_114_1,17,,GCF_000149425.1,PRJNA19593,SAMN02953607,AAFM00000000.1,reference genome,294746,4929,Meyerozyma guilliermondii ATCC 6260,strain=ATCC 6260,na,latest,Scaffold,Major,Full,2007-05-08,ASM14942v1,Broad Institute,GCA_000149425.1,identical,https://ftp.ncbi.nlm.nih.gov/genomes/all/GCF/000/149/425/GCF_000149425.1_ASM14942v1,na,assembly from synonym type material,na,haploid,fungi,10609954,10574537,44.0,0,9,71,Broad Institute,Annotation submitted by Broad Institute,2023-11-13,6062,5920,136,19465905,Meyerozyma_guilliermondii_atcc_6260_gca_000149425.ASM14942v1.dna.toplevel.fa,GCF_000149425.1_ASM14942v1_genomic.fna.gz
candida_tropicalis,EnsemblFungi,294747,GCA000006335v3,GCA_000006335.3,2015-03-12,N,N,N,Y,N,Y,candida_tropicalis_core_61_114_3,1,,GCF_000006335.3,PRJNA39569,SAMN02953608,AAFN00000000.2,reference genome,294747,5482,Candida tropicalis MYA-3404,strain=MYA-3404,na,latest,Scaffold,Minor,Full,2009-06-18,ASM633v3,Broad Institute,GCA_000006335.3,identical,https://ftp.ncbi.nlm.nih.gov/genomes/all/GCF/000/006/335/GCF_000006335.3_ASM633v3,na,na,na,haploid,fungi,14579835,14525295,33.0,0,23,127,Broad Institute,Annotation submitted by Broad Institute,2018-04-11,6441,6254,186,19465905,Candida_tropicalis.GCA000006335v3.dna.toplevel.fa,GCF_000006335.3_ASM633v3_genomic.fna.gz
cryptococcus_gattii_vgii_r265_gca_000149475,EnsemblFungi,294750,CNB2,GCA_000149475.3,2015-08-BroadInstitute,N,N,N,N,N,Y,fungi_basidiomycota1_collection_core_61_114_1,113,,GCF_002954075.1,PRJNA1072634,SAMN02953610,na,reference genome,294750,1859096,Cryptococcus deuterogattii R265,na,R265,latest,Chromosome,Major,Full,2018-02-27,C. deuterogattii_R265_chr,Jawaharlal Nehru Centre for Advanced Scientific Research,GCA_002954075.1,different,https://ftp.ncbi.nlm.nih.gov/genomes/all/GCF/002/954/075/GCF_002954075.1_C._deuterogattii_R265_chr,na,assembly from type material,na,haploid,fungi,17550122,17549805,48.0,14,14,14,Jawaharlal Nehru Centre for Advanced Scientific Research,Annotation submitted by Jawaharlal Nehru Centre for Advanced Scientific Research,2024-02-14,6673,6408,199,29507212;21304167,Cryptococcus_gattii_vgii_r265_gca_000149475.CNB2.dna.toplevel.fa,GCF_002954075.1_C._deuterogattii_R265_chr_genomic.fna.gz
penicillium_vulpinum_gca_002072255,EnsemblFungi,29845,ASM207225v1,GCA_002072255.1,2017-04-ChalmersUniversityofTechnology,N,N,N,N,N,Y,fungi_ascomycota3_collection_core_61_114_1,206,,GCF_028829585.1,PRJNA973687,SAMN30185383,JAQKAQ000000000.1,reference genome,29845,29845,Penicillium vulpinum,strain=IBT 29486,na,latest,Contig,Major,Full,2023-02-23,ASM2882958v1,Aalborg University,GCA_028829585.1,identical,https://ftp.ncbi.nlm.nih.gov/genomes/all/GCF/028/829/585/GCF_028829585.1_ASM2882958v1,na,na,na,haploid,fungi,31511571,31511571,47.5,0,6,6,Aalborg University,Annotation submitted by Aalborg University,2023-06-12,11521,11521,0,36726175,Penicillium_vulpinum_gca_002072255.ASM207225v1.dna.toplevel.fa,GCF_028829585.1_ASM2882958v1_genomic.fna.gz
chaetomium_globosum_cbs_148_51_gca_000143365,EnsemblFungi,306901,ASM14336v1,GCA_000143365.1,2010-06-TheGenomeSequencingPlatformTheGenomeAssemblyTeam,N,N,N,Y,N,Y,fungi_ascomycota1_collection_core_61_114_1,138,,GCF_000143365.1,PRJNA16821,SAMN02953614,AAFU00000000.1,reference genome,306901,38033,Chaetomium globosum CBS 148.51,strain=CBS 148.51,na,latest,Scaffold,Major,Full,2006-02-17,ASM14336v1,"The Genome Sequencing Platform, The Genome Assembly Team",GCA_000143365.1,identical,https://ftp.ncbi.nlm.nih.gov/genomes/all/GCF/000/143/365/GCF_000143365.1_ASM14336v1,na,na,na,haploid,fungi,34276485,33726808,56.0,0,21,1228,"The Genome Sequencing Platform, The Genome Assembly Team","Annotation submitted by The Genome Sequencing Platform, The Genome Assembly Team",2021-11-15,11224,11040,182,na,Chaetomium_globosum_cbs_148_51_gca_000143365.ASM14336v1.dna.toplevel.fa,identical_genomic.fna.gz
westerdykella_ornata_gca_010094085,EnsemblFungi,318751,Wesor1,GCA_010094085.1,2020-02-DOEJointGenomeInstitute,N,N,N,N,N,Y,fungi_ascomycota5_collection_core_61_114_1,175,,GCF_010094085.1,PRJNA625779,SAMN02745974,JAAEJA000000000.1,reference genome,318751,318751,Westerdykella ornata,strain=CBS 379.55,na,latest,Scaffold,Major,Full,2020-01-31,Wesor1,DOE Joint Genome Institute,GCA_010094085.1,identical,https://ftp.ncbi.nlm.nih.gov/genomes/all/GCF/010/094/085/GCF_010094085.1_Wesor1,na,assembly from type material,na,haploid,fungi,26979746,26898023,53.0,0,94,208,DOE Joint Genome Institute,Annotation submitted by DOE Joint Genome Institute,2020-04-27,10501,10405,94,na,Westerdykella_ornata_gca_010094085.Wesor1.dna.toplevel.fa,GCF_010094085.1_Wesor1_genomic.fna.gz
phaeosphaeria_nodorum,EnsemblFungi,321614,ASM14691v1,GCA_000146915.1,2008-01-ENA,N,N,N,Y,N,Y,phaeosphaeria_nodorum_core_61_114_1,1,,GCF_000146915.1,PRJNA21049,SAMN02953619,AAGI00000000.1,reference genome,321614,13684,Parastagonospora nodorum SN15,strain=SN15,na,latest,Scaffold,Major,Full,2007-11-20,ASM14691v2,Broad Institute,GCA_000146915.2,identical,https://ftp.ncbi.nlm.nih.gov/genomes/all/GCF/000/146/915/GCF_000146915.1_ASM14691v2,na,na,na,haploid,fungi,37164226,36999838,50.5,0,107,493,Broad Institute,Annotation submitted by Broad Institute,2023-04-03,16114,15990,96,18024570,,GCF_000146915.1_ASM14691v2_genomic.fna.gz
scheffersomyces_stipitis_cbs_6054_gca_000209165,EnsemblFungi,322104,ASM20916v1,GCA_000209165.1,2014-05-DOEJointGenomeInstitute,N,N,N,Y,N,Y,fungi_ascomycota1_collection_core_61_114_1,97,,GCF_000209165.1,PRJNA18881,SAMN02746101,AAVQ00000000.1,reference genome,322104,4924,Scheffersomyces stipitis CBS 6054,strain=CBS 6054,na,latest,Chromosome,Major,Full,2007-02-26,ASM20916v1,DOE Joint Genome Institute,GCA_000209165.1,identical,https://ftp.ncbi.nlm.nih.gov/genomes/all/GCF/000/209/165/GCF_000209165.1_ASM20916v1,na,na,na,haploid,fungi,15441179,15441079,41.0,8,8,9,DOE Joint Genome Institute,Annotation submitted by DOE Joint Genome Institute,2017-06-05,5819,5818,1,17334359,Scheffersomyces_stipitis_cbs_6054_gca_000209165.ASM20916v1.dna.toplevel.fa,GCF_000209165.1_ASM20916v1_genomic.fna.gz
aspergillus_fumigatus,EnsemblFungi,330879,GCA000002655v1,GCA_000002655.1,VEuPathDB-2015-09-27,N,N,N,Y,N,Y,aspergillus_fumigatus_core_61_114_1,1,,GCF_000002655.1,PRJNA14003,SAMN00115746,AAHF00000000.1,reference genome,330879,746128,Aspergillus fumigatus Af293,strain=Af293,na,latest,Chromosome,Major,Full,2005-06-10,ASM265v1,J. Craig Venter Institute,GCA_000002655.1,identical,https://ftp.ncbi.nlm.nih.gov/genomes/all/GCF/000/002/655/GCF_000002655.1_ASM265v1,na,na,na,haploid,fungi,29384958,28809958,50.0,8,8,19,J. Craig Venter Institute,Annotation submitted by J. Craig Venter Institute,2025-03-14,9914,9629,228,16372009,Aspergillus_fumigatus.GCA000002655v1.dna.toplevel.fa,GCF_000002655.1_ASM265v1_genomic.fna.gz
aspergillus_fischeri,EnsemblFungi,331117,GCA000149645v4,GCA_000149645.4,VEuPathDB-2022-09-26,N,N,N,Y,N,Y,aspergillus_fischeri_core_61_114_4,1,,GCF_000149645.3,PRJNA18475,SAMN02953637,AAKE00000000.3,reference genome,331117,36630,Aspergillus fischeri NRRL 181,strain=NRRL 181,na,latest,Scaffold,Minor,Full,2006-12-14,ASM14964v4,TIGR,GCA_000149645.4,identical,https://ftp.ncbi.nlm.nih.gov/genomes/all/GCF/000/149/645/GCF_000149645.3_ASM14964v4,na,assembly designated as neotype,na,haploid,fungi,31377515,31368615,49.5,0,163,252,TIGR,Annotation submitted by TIGR,2025-02-22,10664,10386,252,18404212,Aspergillus_fischeri.GCA000149645v4.dna.toplevel.fa,GCF_000149645.3_ASM14964v4_genomic.fna.gz
purpureocillium_lilacinum_gca_001653205,EnsemblFungi,33203,ASM165320v1,GCA_001653205.1,2016-06-TheInstituteofVegetablesandFlowersCAAS,N,N,N,Y,N,Y,fungi_ascomycota3_collection_core_61_114_1,138,,GCF_023168085.1,PRJNA1120879,SAMD00429430,BQKW00000000.1,reference genome,33203,33203,Purpureocillium lilacinum,strain=CBS 284.36,na,latest,Contig,Major,Full,2022-04-01,PurlilCBS_1.0,Medical Mycology Research Center,GCA_023168085.2,different,https://ftp.ncbi.nlm.nih.gov/genomes/all/GCF/023/168/085/GCF_023168085.1_PurlilCBS_1.0,na,assembly from type material,na,haploid,fungi,38571925,38571925,58.5,0,10,10,Medical Mycology Research Center,Annotation submitted by Medical Mycology Research Center,2024-06-10,10642,10532,110,na,Purpureocillium_lilacinum_gca_001653205.ASM165320v1.dna.toplevel.fa,GCF_023168085.1_PurlilCBS_1.0_genomic.fna.gz
purpureocillium_lilacinum_gca_001653265,EnsemblFungi,33203,ASM165326v1,GCA_001653265.1,2016-06-TheInstituteofVegetablesandFlowersCAAS,N,N,N,N,N,Y,fungi_ascomycota3_collection_core_61_114_1,152,,GCF_023168085.1,PRJNA1120879,SAMD00429430,BQKW00000000.1,reference genome,33203,33203,Purpureocillium lilacinum,strain=CBS 284.36,na,latest,Contig,Major,Full,2022-04-01,PurlilCBS_1.0,Medical Mycology Research Center,GCA_023168085.2,different,https://ftp.ncbi.nlm.nih.gov/genomes/all/GCF/023/168/085/GCF_023168085.1_PurlilCBS_1.0,na,assembly from type material,na,haploid,fungi,38571925,38571925,58.5,0,10,10,Medical Mycology Research Center,Annotation submitted by Medical Mycology Research Center,2024-06-10,10642,10532,110,na,Purpureocillium_lilacinum_gca_001653265.ASM165326v1.dna.toplevel.fa,GCF_023168085.1_PurlilCBS_1.0_genomic.fna.gz
purpureocillium_lilacinum_gca_003144605,EnsemblFungi,33203,ASM314460v1,GCA_003144605.1,2018-05-HuazhongAgriculturalUniversity,N,N,N,N,N,Y,fungi_ascomycota4_collection_core_61_114_1,40,,GCF_023168085.1,PRJNA1120879,SAMD00429430,BQKW00000000.1,reference genome,33203,33203,Purpureocillium lilacinum,strain=CBS 284.36,na,latest,Contig,Major,Full,2022-04-01,PurlilCBS_1.0,Medical Mycology Research Center,GCA_023168085.2,different,https://ftp.ncbi.nlm.nih.gov/genomes/all/GCF/023/168/085/GCF_023168085.1_PurlilCBS_1.0,na,assembly from type material,na,haploid,fungi,38571925,38571925,58.5,0,10,10,Medical Mycology Research Center,Annotation submitted by Medical Mycology Research Center,2024-06-10,10642,10532,110,na,Purpureocillium_lilacinum_gca_003144605.ASM314460v1.dna.toplevel.fa,GCF_023168085.1_PurlilCBS_1.0_genomic.fna.gz
botrytis_cinerea,EnsemblFungi,332648,ASM83294v1,GCA_000143535.4,2016-12-WURAPOLLO,N,N,N,Y,N,Y,botrytis_cinerea_core_61_114_3,1,,GCF_000143535.2,PRJNA20061,SAMN02953628,na,reference genome,332648,40559,Botrytis cinerea B05.10,strain=B05.10,na,latest,Complete Genome,Major,Full,2015-02-05,ASM14353v4,"Syngenta Biotechnology, Inc.",GCA_000143535.4,identical,https://ftp.ncbi.nlm.nih.gov/genomes/all/GCF/000/143/535/GCF_000143535.2_ASM14353v4,na,na,na,haploid,fungi,42630066,42630066,42.0,18,18,18,"Syngenta Biotechnology, Inc.","Annotation submitted by Syngenta Biotechnology, Inc.",2018-04-17,11698,11698,0,23104368;21876677;26913498,,identical_genomic.fna.gz
fusarium_verticillioides,EnsemblFungi,334819,ASM14955v1,GCA_000149555.1,2010-12-BROAD/2011-04,N,N,N,Y,Y,Y,fusarium_verticillioides_core_61_114_3,1,,GCF_000149555.1,PRJNA245136,SAMN02953630,AAIM00000000.2,reference genome,334819,117187,Fusarium verticillioides 7600,strain=7600,na,latest,Chromosome,Major,Full,2011-07-06,ASM14955v1,"Syngenta Biotechnology, Inc.",GCA_000149555.1,different,https://ftp.ncbi.nlm.nih.gov/genomes/all/GCF/000/149/555/GCF_000149555.1_ASM14955v1,na,na,na,haploid,fungi,41791161,41700345,48.5,11,36,210,"Syngenta Biotechnology, Inc.","Annotation submitted by Syngenta Biotechnology, Inc.",2023-04-03,16290,15890,396,22178648;17823352;20237561,,different_genomic.fna.gz
zymoseptoria_tritici,EnsemblFungi,336722,MG2,GCA_000219625.1,2011-07-JGI,Y,N,Y,Y,N,Y,zymoseptoria_tritici_core_61_114_2,1,,GCF_000219625.1,PRJNA170847,SAMN02746078,ACPE00000000.1,reference genome,336722,1047171,Zymoseptoria tritici IPO323,strain=IPO323,na,latest,Chromosome,Major,Full,2011-07-06,MYCGR v2.0,DOE Joint Genome Institute,GCA_000219625.1,identical,https://ftp.ncbi.nlm.nih.gov/genomes/all/GCF/000/219/625/GCF_000219625.1_MYCGR_v2.0,na,assembly from type material,na,haploid,fungi,39686251,39678910,52.0,21,21,24,DOE Joint Genome Institute,Annotation submitted by DOE Joint Genome Institute,2020-02-07,10942,10941,0,21695235,,GCF_000219625.1_MYCGR_v2.0_genomic.fna.gz
uncinocarpus_reesii_1704_gca_000003515,EnsemblFungi,336963,ASM351v2,GCA_000003515.2,2014-08-BroadInstitute,N,N,N,Y,N,Y,fungi_ascomycota1_collection_core_61_114_1,2,,GCF_000003515.1,PRJNA39807,SAMN02953631,AAIW00000000.1,reference genome,336963,33188,Uncinocarpus reesii 1704,strain=1704,na,latest,Scaffold,Major,Full,2009-05-21,ASM351v2,Broad Institute,GCA_000003515.2,identical,https://ftp.ncbi.nlm.nih.gov/genomes/all/GCF/000/003/515/GCF_000003515.1_ASM351v2,na,na,na,haploid,fungi,22327935,22146268,48.5,0,44,582,Broad Institute,Annotation submitted by Broad Institute,2023-11-13,7855,7759,96,na,Uncinocarpus_reesii_1704_gca_000003515.ASM351v2.dna.toplevel.fa,GCF_000003515.1_ASM351v2_genomic.fna.gz
aspergillus_terreus,EnsemblFungi,341663,ASM14961v1,GCA_000149615.1,2010-06-ENA,N,N,N,Y,N,Y,aspergillus_terreus_core_61_114_1,1,,GCF_000149615.1,PRJNA17637,SAMN02953635,AAJN00000000.1,reference genome,341663,33178,Aspergillus terreus NIH2624,strain=NIH2624,na,latest,Scaffold,Major,Full,2006-09-08,ASM14961v1,Broad Institute,GCA_000149615.1,identical,https://ftp.ncbi.nlm.nih.gov/genomes/all/GCF/000/149/615/GCF_000149615.1_ASM14961v1,na,na,na,haploid,fungi,29331195,29197939,53.0,0,26,267,Broad Institute,Annotation submitted by Broad Institute,2025-02-21,10551,10401,147,na,,GCF_000149615.1_ASM14961v1_genomic.fna.gz
pseudogymnoascus_verrucosus_gca_001662655,EnsemblFungi,342668,ASM166265v1,GCA_001662655.1,2018-03-USForestService,N,N,N,N,N,Y,fungi_ascomycota3_collection_core_61_114_1,146,,GCF_001662655.1,PRJNA342683,SAMN03382556,LAJO00000000.1,reference genome,342668,342668,Pseudogymnoascus verrucosus,strain=UAMH 10579,na,latest,Scaffold,Major,Full,2016-06-24,ASM166265v1,US Forest Service,GCA_001662655.1,identical,https://ftp.ncbi.nlm.nih.gov/genomes/all/GCF/001/662/655/GCF_001662655.1_ASM166265v1,na,assembly from type material,na,haploid,fungi,30174856,30160056,50.5,0,151,313,US Forest Service,Annotation submitted by US Forest Service,2023-09-11,10799,10685,114,29295979,Pseudogymnoascus_verrucosus_gca_001662655.ASM166265v1.dna.toplevel.fa,GCF_001662655.1_ASM166265v1_genomic.fna.gz
aspergillus_clavatus,EnsemblFungi,344612,ASM271v1,GCA_000002715.1,2008-11-ENA,N,N,N,Y,N,Y,aspergillus_clavatus_core_61_114_1,1,,GCF_000002715.2,PRJNA18467,SAMN02953636,AAKD00000000.3,reference genome,344612,5057,Aspergillus clavatus NRRL 1,strain=NRRL 1,na,latest,Scaffold,Minor,Full,2006-12-14,ASM271v1,J. Craig Venter Institute,GCA_000002715.1,identical,https://ftp.ncbi.nlm.nih.gov/genomes/all/GCF/000/002/715/GCF_000002715.2_ASM271v1,na,assembly from type material,na,haploid,fungi,27859441,27850641,49.0,0,143,231,J. Craig Venter Institute,Annotation submitted by J. Craig Venter Institute,2025-02-21,9375,9117,235,18404212,,GCF_000002715.2_ASM271v1_genomic.fna.gz
fomitopsis_rosea_gca_004679265,EnsemblFungi,34475,ASM467926v1,GCA_004679265.1,2019-05-IHIZittauTUDresden,N,N,N,N,N,Y,fungi_basidiomycota2_collection_core_61_114_1,49,,GCF_022264815.1,PRJNA835131,SAMN08778392,JADCUA000000000.1,reference genome,34475,34475,Rhodofomes roseus,strain=CIRM-BRFM 1785,na,latest,Contig,Major,Full,2022-02-15,Fomros1,DOE Joint Genome Institute,GCA_022264815.1,identical,https://ftp.ncbi.nlm.nih.gov/genomes/all/GCF/022/264/815/GCF_022264815.1_Fomros1,na,na,na,haploid,fungi,38369625,38369625,56.0,0,80,80,DOE Joint Genome Institute,Annotation submitted by DOE Joint Genome Institute,2022-05-06,13143,12986,153,33538380,Fomitopsis_rosea_gca_004679265.ASM467926v1.dna.toplevel.fa,GCF_022264815.1_Fomros1_genomic.fna.gz
exophiala_xenobiotica_gca_000835505,EnsemblFungi,348802,Exop_xeno_CBS118157_V1,GCA_000835505.1,2016-06-BroadInstitute,N,N,N,N,N,Y,fungi_ascomycota2_collection_core_61_114_1,88,,GCF_000835505.1,PRJNA326602,SAMN03176944,JYCB00000000.1,reference genome,348802,348802,Exophiala xenobiotica,strain=CBS 118157,na,latest,Scaffold,Major,Full,2015-02-23,Exop_xeno_CBS118157_V1,Broad Institute,GCA_000835505.1,identical,https://ftp.ncbi.nlm.nih.gov/genomes/all/GCF/000/835/505/GCF_000835505.1_Exop_xeno_CBS118157_V1,na,assembly from type material,na,haploid,fungi,31405760,31388042,51.5,0,15,64,Broad Institute,Annotation submitted by Broad Institute,2024-01-05,12077,12019,53,na,Exophiala_xenobiotica_gca_000835505.Exop_xeno_CBS118157_V1.dna.toplevel.fa,GCF_000835505.1_Exop_xeno_CBS118157_V1_genomic.fna.gz
saccharomycodes_ludwigii_gca_900491785,EnsemblFungi,36035,S_ludwigii_v1,GCA_900491785.1,2018-09-TechnischeUniversitatMunchenWZW,N,N,N,N,N,Y,fungi_ascomycota4_collection_core_61_114_1,232,,GCF_020623625.1,PRJNA801202,SAMN13064121,JACTOA000000000.1,reference genome,36035,36035,Saccharomycodes ludwigii,strain=NBRC 1722,na,latest,Chromosome,Major,Full,2021-10-26,UHD_SCDLUD_16,University of Heidelberg,GCA_020623625.1,identical,https://ftp.ncbi.nlm.nih.gov/genomes/all/GCF/020/623/625/GCF_020623625.1_UHD_SCDLUD_16,na,na,na,haploid,fungi,12500424,12400424,31.0,7,8,8,University of Heidelberg,Annotation submitted by University of Heidelberg,2024-12-04,5335,5026,309,na,Saccharomycodes_ludwigii_gca_900491785.S_ludwigii_v1.dna.toplevel.fa,GCF_020623625.1_UHD_SCDLUD_16_genomic.fna.gz
fusarium_poae_gca_001675295,EnsemblFungi,36050,FPOA1.0,GCA_001675295.1,2016-06-WageningenUR,N,N,N,N,N,Y,fungi_ascomycota3_collection_core_61_114_1,155,,GCF_019609905.1,PRJNA774197,SAMN13054494,WOUF00000000.1,reference genome,36050,36050,Fusarium poae,strain=DAOMC 252244,na,latest,Chromosome,Major,Full,2021-08-19,ASM1960990v1,Agriculture and Agri-Food Canada,GCA_019609905.1,identical,https://ftp.ncbi.nlm.nih.gov/genomes/all/GCF/019/609/905/GCF_019609905.1_ASM1960990v1,na,na,na,haploid,fungi,43859651,43859651,46.5,4,12,12,Agriculture and Agri-Food Canada,Annotation submitted by Agriculture and Agri-Food Canada,2021-11-23,14125,13851,274,34348672,Fusarium_poae_gca_001675295.FPOA1.0.dna.toplevel.fa,GCF_019609905.1_ASM1960990v1_genomic.fna.gz
penicillium_coprophilum_gca_002072405,EnsemblFungi,36646,ASM207240v1,GCA_002072405.1,2017-04-ChalmersUniversityofTechnology,N,N,N,N,N,Y,fungi_ascomycota3_collection_core_61_114_1,219,,GCF_028826855.1,PRJNA973687,SAMN30185323,JAPQKM000000000.1,reference genome,36646,36646,Penicillium coprophilum,strain=IBT 35676,na,latest,Contig,Major,Full,2023-02-23,ASM2882685v1,Aalborg University,GCA_028826855.1,identical,https://ftp.ncbi.nlm.nih.gov/genomes/all/GCF/028/826/855/GCF_028826855.1_ASM2882685v1,na,na,na,haploid,fungi,29014640,29014640,48.0,0,7,7,Aalborg University,Annotation submitted by Aalborg University,2023-06-02,10983,10982,0,36726175,Penicillium_coprophilum_gca_002072405.ASM207240v1.dna.toplevel.fa,GCF_028826855.1_ASM2882685v1_genomic.fna.gz
neurospora_crassa,EnsemblFungi,367110,NC12,GCA_000182925.2,2014-01-ENA,N,N,Y,Y,N,Y,neurospora_crassa_core_61_114_2,1,,GCF_000182925.2,PRJNA132,SAMN02953583,AABX00000000.3,reference genome,367110,5141,Neurospora crassa OR74A,strain=OR74A,na,latest,Chromosome,Major,Full,2013-10-25,NC12,Broad Institute,GCA_000182925.2,identical,https://ftp.ncbi.nlm.nih.gov/genomes/all/GCF/000/182/925/GCF_000182925.2_NC12,na,na,na,haploid,fungi,41037538,40996763,48.5,7,20,411,Broad Institute,Annotation submitted by Broad Institute,2023-04-03,10590,9757,815,12712197,,GCF_000182925.2_NC12_genomic.fna.gz
cryptococcus_gattii_wm276_gca_000185945,EnsemblFungi,367775,ASM18594v1,GCA_000185945.1,2014-10-CanadasMichaelSmithGenomeSciencesCentre,N,N,N,N,N,Y,fungi_basidiomycota1_collection_core_61_114_1,25,,GCF_000185945.1,PRJNA62089,SAMN03081419,na,reference genome,367775,37769,Cryptococcus gattii WM276,strain=WM276,na,latest,Chromosome,Major,Full,2011-01-12,ASM18594v1,Canada's Michael Smith Genome Sciences Centre,GCA_000185945.1,identical,https://ftp.ncbi.nlm.nih.gov/genomes/all/GCF/000/185/945/GCF_000185945.1_ASM18594v1,na,na,na,haploid,fungi,18374760,18361704,48.0,14,14,14,Canada's Michael Smith Genome Sciences Centre,Annotation submitted by Canada's Michael Smith Genome Sciences Centre,2023-04-14,6580,6565,0,21304167,Cryptococcus_gattii_wm276_gca_000185945.ASM18594v1.dna.toplevel.fa,GCF_000185945.1_ASM18594v1_genomic.fna.gz
clavispora_lusitaniae_gca_001673695,EnsemblFungi,36911,ASM167369v2,GCA_001673695.2,2017-06-BordeauxUniversity,N,N,N,N,N,Y,fungi_ascomycota3_collection_core_61_114_1,276,,GCF_014636115.1,PRJNA1128260,SAMN11056370,JAASFG000000000.1,reference genome,36911,36911,Clavispora lusitaniae,strain=FDAARGOS_655,na,latest,Contig,Major,Full,2020-09-18,ASM1463611v1,US Food and Drug Administration,GCA_014636115.1,different,https://ftp.ncbi.nlm.nih.gov/genomes/all/GCF/014/636/115/GCF_014636115.1_ASM1463611v1,na,na,na,haploid,fungi,12128633,12128633,44.5,0,8,8,US Food and Drug Administration,Annotation submitted by US Food and Drug Administration,2024-06-26,5702,5483,219,na,Clavispora_lusitaniae_gca_001673695.ASM167369v2.dna.toplevel.fa,GCF_014636115.1_ASM1463611v1_genomic.fna.gz
clavispora_lusitaniae_gca_009498055,EnsemblFungi,36911,ASM949805v1,GCA_009498055.1,2019-11-UniversityofLausanne,N,N,N,N,N,Y,fungi_ascomycota4_collection_core_61_114_1,187,,GCF_014636115.1,PRJNA1128260,SAMN11056370,JAASFG000000000.1,reference genome,36911,36911,Clavispora lusitaniae,strain=FDAARGOS_655,na,latest,Contig,Major,Full,2020-09-18,ASM1463611v1,US Food and Drug Administration,GCA_014636115.1,different,https://ftp.ncbi.nlm.nih.gov/genomes/all/GCF/014/636/115/GCF_014636115.1_ASM1463611v1,na,na,na,haploid,fungi,12128633,12128633,44.5,0,8,8,US Food and Drug Administration,Annotation submitted by US Food and Drug Administration,2024-06-26,5702,5483,219,na,Clavispora_lusitaniae_gca_009498055.ASM949805v1.dna.toplevel.fa,GCF_014636115.1_ASM1463611v1_genomic.fna.gz
clavispora_lusitaniae_gca_009498075,EnsemblFungi,36911,ASM949807v1,GCA_009498075.1,2019-11-UniversityofLausanne,N,N,N,N,N,Y,fungi_ascomycota4_collection_core_61_114_1,151,,GCF_014636115.1,PRJNA1128260,SAMN11056370,JAASFG000000000.1,reference genome,36911,36911,Clavispora lusitaniae,strain=FDAARGOS_655,na,latest,Contig,Major,Full,2020-09-18,ASM1463611v1,US Food and Drug Administration,GCA_014636115.1,different,https://ftp.ncbi.nlm.nih.gov/genomes/all/GCF/014/636/115/GCF_014636115.1_ASM1463611v1,na,na,na,haploid,fungi,12128633,12128633,44.5,0,8,8,US Food and Drug Administration,Annotation submitted by US Food and Drug Administration,2024-06-26,5702,5483,219,na,Clavispora_lusitaniae_gca_009498075.ASM949807v1.dna.toplevel.fa,GCF_014636115.1_ASM1463611v1_genomic.fna.gz
clavispora_lusitaniae_gca_009498095,EnsemblFungi,36911,ASM949809v1,GCA_009498095.1,2019-11-UniversityofLausanne,N,N,N,N,N,Y,fungi_ascomycota4_collection_core_61_114_1,142,,GCF_014636115.1,PRJNA1128260,SAMN11056370,JAASFG000000000.1,reference genome,36911,36911,Clavispora lusitaniae,strain=FDAARGOS_655,na,latest,Contig,Major,Full,2020-09-18,ASM1463611v1,US Food and Drug Administration,GCA_014636115.1,different,https://ftp.ncbi.nlm.nih.gov/genomes/all/GCF/014/636/115/GCF_014636115.1_ASM1463611v1,na,na,na,haploid,fungi,12128633,12128633,44.5,0,8,8,US Food and Drug Administration,Annotation submitted by US Food and Drug Administration,2024-06-26,5702,5483,219,na,Clavispora_lusitaniae_gca_009498095.ASM949809v1.dna.toplevel.fa,GCF_014636115.1_ASM1463611v1_genomic.fna.gz
clavispora_lusitaniae_gca_009498115,EnsemblFungi,36911,ASM949811v1,GCA_009498115.1,2019-11-UniversityofLausanne,N,N,N,N,N,Y,fungi_ascomycota5_collection_core_61_114_1,109,,GCF_014636115.1,PRJNA1128260,SAMN11056370,JAASFG000000000.1,reference genome,36911,36911,Clavispora lusitaniae,strain=FDAARGOS_655,na,latest,Contig,Major,Full,2020-09-18,ASM1463611v1,US Food and Drug Administration,GCA_014636115.1,different,https://ftp.ncbi.nlm.nih.gov/genomes/all/GCF/014/636/115/GCF_014636115.1_ASM1463611v1,na,na,na,haploid,fungi,12128633,12128633,44.5,0,8,8,US Food and Drug Administration,Annotation submitted by US Food and Drug Administration,2024-06-26,5702,5483,219,na,Clavispora_lusitaniae_gca_009498115.ASM949811v1.dna.toplevel.fa,GCF_014636115.1_ASM1463611v1_genomic.fna.gz
clavispora_lusitaniae_gca_009498135,EnsemblFungi,36911,ASM949813v1,GCA_009498135.1,2019-11-UniversityofLausanne,N,N,N,N,N,Y,fungi_ascomycota4_collection_core_61_114_1,201,,GCF_014636115.1,PRJNA1128260,SAMN11056370,JAASFG000000000.1,reference genome,36911,36911,Clavispora lusitaniae,strain=FDAARGOS_655,na,latest,Contig,Major,Full,2020-09-18,ASM1463611v1,US Food and Drug Administration,GCA_014636115.1,different,https://ftp.ncbi.nlm.nih.gov/genomes/all/GCF/014/636/115/GCF_014636115.1_ASM1463611v1,na,na,na,haploid,fungi,12128633,12128633,44.5,0,8,8,US Food and Drug Administration,Annotation submitted by US Food and Drug Administration,2024-06-26,5702,5483,219,na,Clavispora_lusitaniae_gca_009498135.ASM949813v1.dna.toplevel.fa,GCF_014636115.1_ASM1463611v1_genomic.fna.gz
talaromyces_marneffei_gca_009556855,EnsemblFungi,37727,ASM955685v1,GCA_009556855.1,2019-11-BroadInstitute,N,N,N,N,N,Y,fungi_ascomycota4_collection_core_61_114_1,175,,GCF_009556855.1,PRJNA945037,SAMN10960796,na,reference genome,37727,37727,Talaromyces marneffei,na,11CN-20-091,latest,Complete Genome,Major,Full,2019-11-05,ASM955685v1,Broad Institute,GCA_009556855.1,identical,https://ftp.ncbi.nlm.nih.gov/genomes/all/GCF/009/556/855/GCF_009556855.1_ASM955685v1,na,na,na,haploid,fungi,28198338,28198338,47.0,8,8,8,Broad Institute,Annotation submitted by Broad Institute,2023-03-16,10066,9994,50,na,Talaromyces_marneffei_gca_009556855.ASM955685v1.dna.toplevel.fa,GCF_009556855.1_ASM955685v1_genomic.fna.gz
talaromyces_marneffei_gca_009650675,EnsemblFungi,37727,ASM965067v1,GCA_009650675.1,2020-03-BroadInstitute,N,N,N,N,N,Y,fungi_ascomycota5_collection_core_61_114_1,151,,GCF_009556855.1,PRJNA945037,SAMN10960796,na,reference genome,37727,37727,Talaromyces marneffei,na,11CN-20-091,latest,Complete Genome,Major,Full,2019-11-05,ASM955685v1,Broad Institute,GCA_009556855.1,identical,https://ftp.ncbi.nlm.nih.gov/genomes/all/GCF/009/556/855/GCF_009556855.1_ASM955685v1,na,na,na,haploid,fungi,28198338,28198338,47.0,8,8,8,Broad Institute,Annotation submitted by Broad Institute,2023-03-16,10066,9994,50,na,Talaromyces_marneffei_gca_009650675.ASM965067v1.dna.toplevel.fa,GCF_009556855.1_ASM955685v1_genomic.fna.gz
pseudocercospora_fijiensis_cirad86_gca_000340215,EnsemblFungi,383855,Mycfi2,GCA_000340215.1,2013-04-DOEJointGenomeInstitute,N,N,N,Y,N,Y,fungi_ascomycota1_collection_core_61_114_1,98,,GCF_000340215.1,PRJNA245146,SAMN02744058,AIHZ00000000.1,reference genome,383855,1873960,Pseudocercospora fijiensis CIRAD86,strain=CIRAD86,na,latest,Scaffold,Major,Full,2013-02-26,Mycfi2,DOE Joint Genome Institute,GCA_000340215.1,identical,https://ftp.ncbi.nlm.nih.gov/genomes/all/GCF/000/340/215/GCF_000340215.1_Mycfi2,na,na,na,haploid,fungi,74141167,73730520,45.0,0,56,778,DOE Joint Genome Institute,Annotation submitted by DOE Joint Genome Institute,2020-02-05,13125,13059,48,23236275,Pseudocercospora_fijiensis_cirad86_gca_000340215.Mycfi2.dna.toplevel.fa,GCF_000340215.1_Mycfi2_genomic.fna.gz
trematosphaeria_pertusa_gca_010094035,EnsemblFungi,390896,Trepe1,GCA_010094035.1,2020-02-DOEJointGenomeInstitute,N,N,N,N,N,Y,fungi_ascomycota4_collection_core_61_114_1,247,,GCF_010094035.1,PRJNA625778,SAMN05660896,JAAEIY000000000.1,reference genome,390896,390896,Trematosphaeria pertusa,strain=CBS 122368,na,latest,Scaffold,Major,Full,2020-01-31,Trepe1,DOE Joint Genome Institute,GCA_010094035.1,identical,https://ftp.ncbi.nlm.nih.gov/genomes/all/GCF/010/094/035/GCF_010094035.1_Trepe1,na,assembly from type material,na,haploid,fungi,47745773,47061615,51.5,0,101,812,DOE Joint Genome Institute,Annotation submitted by DOE Joint Genome Institute,2020-04-27,17364,17296,62,na,Trematosphaeria_pertusa_gca_010094035.Trepe1.dna.toplevel.fa,GCF_010094035.1_Trepe1_genomic.fna.gz
trichoderma_gamsii_gca_001481775,EnsemblFungi,398673,TGAM01v2,GCA_001481775.2,2018-03-UniversityofPisa,N,N,N,N,N,Y,fungi_ascomycota3_collection_core_61_114_1,49,,GCF_001481775.2,PRJNA342687,SAMN02849381,JPDN00000000.2,reference genome,398673,398673,Trichoderma gamsii,strain=T6085,na,latest,Scaffold,Major,Full,2018-02-02,TGAM01v2,University of Pisa,GCA_001481775.2,identical,https://ftp.ncbi.nlm.nih.gov/genomes/all/GCF/001/481/775/GCF_001481775.2_TGAM01v2,na,na,na,haploid,fungi,37908251,37907810,49.0,0,172,172,University of Pisa,Annotation submitted by University of Pisa,2018-04-04,11171,11171,0,26893428,Trichoderma_gamsii_gca_001481775.TGAM01v2.dna.toplevel.fa,GCF_001481775.2_TGAM01v2_genomic.fna.gz
schizosaccharomyces_japonicus,EnsemblFungi,402676,SJ5,GCA_000149845.2,2013-08-Broad,N,N,N,Y,Y,Y,schizosaccharomyces_japonicus_core_61_114_2,1,,GCF_000149845.2,PRJNA32667,SAMN02953668,AATM00000000.2,reference genome,402676,4897,Schizosaccharomyces japonicus yFS275,strain=yFS275,na,latest,Scaffold,Major,Full,2013-08-16,SJ5,Broad Institute,GCA_000149845.2,identical,https://ftp.ncbi.nlm.nih.gov/genomes/all/GCF/000/149/845/GCF_000149845.2_SJ5,na,na,na,haploid,fungi,11733154,11135996,44.0,0,32,87,Broad Institute,Annotation submitted by Broad Institute,2017-10-11,5224,4878,337,21511999,,GCF_000149845.2_SJ5_genomic.fna.gz
nosema_ceranae_gca_000988165,EnsemblFungi,40302,ASM98816v1,GCA_000988165.1,2015-05-UniversityofOttawa,N,N,N,N,N,Y,fungi_microsporidia1_collection_core_61_114_1,22,,GCF_000988165.1,PRJNA445857,SAMN02213592,JPQZ00000000.1,reference genome,40302,40302,Vairimorpha ceranae,strain=PA08 1199,na,latest,Contig,Major,Full,2015-05-05,ASM98816v1,University of Ottawa,GCA_000988165.1,identical,https://ftp.ncbi.nlm.nih.gov/genomes/all/GCF/000/988/165/GCF_000988165.1_ASM98816v1,na,na,na,haploid,fungi,5690748,5690748,25.5,0,536,536,University of Ottawa,Annotation submitted by University of Ottawa,2018-03-31,3265,3209,37,25914091,Nosema_ceranae_gca_000988165.ASM98816v1.dna.toplevel.fa,GCF_000988165.1_ASM98816v1_genomic.fna.gz
aspergillus_thermomutatus_gca_002237265,EnsemblFungi,41047,ASM223726v2,GCA_002237265.2,2018-10-UniversityofMontreal,N,N,N,N,N,Y,fungi_ascomycota3_collection_core_61_114_1,280,,GCF_002237265.1,PRJNA495493,SAMN07177963,NKHU00000000.2,reference genome,41047,41047,Aspergillus thermomutatus,strain=HMR AF 39,na,latest,Contig,Major,Full,2018-09-12,ASM223726v2,University of Montreal,GCA_002237265.2,identical,https://ftp.ncbi.nlm.nih.gov/genomes/all/GCF/002/237/265/GCF_002237265.1_ASM223726v2,na,na,na,haploid,fungi,30945974,30945974,50.0,0,647,647,University of Montreal,Annotation submitted by University of Montreal,2025-02-21,9701,9701,0,na,Aspergillus_thermomutatus_gca_002237265.ASM223726v2.dna.toplevel.fa,GCF_002237265.1_ASM223726v2_genomic.fna.gz
aspergillus_candidus_gca_002847045,EnsemblFungi,41067,Aspcand1,GCA_002847045.1,2018-01-DOEJointGenomeInstitute,N,N,N,N,N,Y,fungi_ascomycota3_collection_core_61_114_1,282,,GCF_002847045.1,PRJNA453588,SAMN05446799,PKFS00000000.1,reference genome,41067,41067,Aspergillus candidus,strain=CBS 102.13,na,latest,Scaffold,Major,Full,2017-12-21,Aspcand1,DOE Joint Genome Institute,GCA_002847045.1,identical,https://ftp.ncbi.nlm.nih.gov/genomes/all/GCF/002/847/045/GCF_002847045.1_Aspcand1,na,na,na,haploid,fungi,27317772,27309638,52.0,0,268,316,DOE Joint Genome Institute,Annotation submitted by DOE Joint Genome Institute,2025-02-21,9803,9639,163,na,Aspergillus_candidus_gca_002847045.Aspcand1.dna.toplevel.fa,GCF_002847045.1_Aspcand1_genomic.fna.gz
trichoderma_virens,EnsemblFungi,413071,ASM17099v1,GCA_000170995.2,2011-11-JGI,N,N,N,Y,Y,Y,trichoderma_virens_core_61_114_2,1,,GCF_000170995.1,PRJNA264113,SAMN02744059,ABDF00000000.2,reference genome,413071,29875,Trichoderma virens Gv29-8,strain=Gv29-8,na,latest,Scaffold,Major,Full,2011-11-29,TRIVI v2.0,DOE Joint Genome Institute,GCA_000170995.2,identical,https://ftp.ncbi.nlm.nih.gov/genomes/all/GCF/000/170/995/GCF_000170995.1_TRIVI_v2.0,na,na,na,haploid,fungi,39022666,39022654,49.0,0,93,93,DOE Joint Genome Institute,Annotation submitted by DOE Joint Genome Institute,2023-12-29,12382,12382,0,21501500,,GCF_000170995.1_TRIVI_v2.0_genomic.fna.gz
penicillium_antarcticum_gca_002072345,EnsemblFungi,416450,ASM207234v1,GCA_002072345.1,2017-04-ChalmersUniversityofTechnology,N,N,N,Y,N,Y,fungi_ascomycota3_collection_core_61_114_1,225,,GCF_028974205.1,PRJNA973687,SAMN30185295,JAPZBM000000000.1,reference genome,416450,416450,Penicillium antarcticum,strain=IBT 31339,na,latest,Contig,Major,Full,2023-02-23,ASM2897420v1,Aalborg University,GCA_028974205.1,identical,https://ftp.ncbi.nlm.nih.gov/genomes/all/GCF/028/974/205/GCF_028974205.1_ASM2897420v1,na,na,na,haploid,fungi,30836278,30836278,49.0,0,11,11,Aalborg University,Annotation submitted by Aalborg University,2023-07-27,11212,11212,0,36726175,Penicillium_antarcticum_gca_002072345.ASM207234v1.dna.toplevel.fa,GCF_028974205.1_ASM2897420v1_genomic.fna.gz
puccinia_graminis,EnsemblFungi,418459,ASM14992v1,GCA_000149925.1,2012-02-Broad,Y,N,Y,Y,Y,Y,puccinia_graminis_core_61_114_1,1,,GCF_000149925.1,PRJNA66375,SAMN00013043,AAWC00000000.1,reference genome,418459,5297,Puccinia graminis f. sp. tritici CRL 75-36-700-3,strain=CRL 75-36-700-3,na,latest,Scaffold,Major,Full,2008-08-26,ASM14992v1,Broad Institute,GCA_000149925.1,identical,https://ftp.ncbi.nlm.nih.gov/genomes/all/GCF/000/149/925/GCF_000149925.1_ASM14992v1,na,na,na,haploid,fungi,88644628,81521292,43.5,0,392,4557,Broad Institute,Annotation submitted by Broad Institute,2023-11-13,16308,15799,436,na,,GCF_000149925.1_ASM14992v1_genomic.fna.gz
candida_pseudohaemulonis,EnsemblFungi,418784,GCA003013735v1,GCA_003013735.1,2018-03-22,N,N,N,Y,N,Y,candida_pseudohaemulonis_core_61_114_1,1,,GCF_003013735.1,PRJNA453594,SAMN08714088,PYFQ00000000.1,reference genome,418784,418784,Candidozyma pseudohaemuli,strain=B12108,na,latest,Scaffold,Major,Full,2018-03-22,Cand_pseudohaemulonii_B12108,Broad Institute of MIT and Harvard,GCA_003013735.1,identical,https://ftp.ncbi.nlm.nih.gov/genomes/all/GCF/003/013/735/GCF_003013735.1_Cand_pseudohaemulonii_B12108,na,na,na,haploid,fungi,12591275,12590698,47.0,0,36,36,Broad Institute of MIT and Harvard,Annotation submitted by Broad Institute of MIT and Harvard,2018-04-26,5285,5134,150,30559369,Candida_pseudohaemulonis.GCA003013735v1.dna.toplevel.fa,GCF_003013735.1_Cand_pseudohaemulonii_B12108_genomic.fna.gz
diplodia_seriata_gca_001006355,EnsemblFungi,420778,UCDDS831v0.1,GCA_001006355.1,2015-05-UniversityofCaliforniaDavis,N,N,N,N,N,Y,fungi_ascomycota2_collection_core_61_114_1,238,,GCF_021436955.1,PRJNA1140289,SAMN24407916,JAJVCZ000000000.3,reference genome,420778,420778,Diplodia seriata,strain=FDS-637,na,latest,Contig,Major,Full,2024-06-24,ASM2143695v3,Agriculture and Agri-Food Canada,GCA_021436955.3,identical,https://ftp.ncbi.nlm.nih.gov/genomes/all/GCF/021/436/955/GCF_021436955.1_ASM2143695v3,na,na,na,haploid,fungi,37536239,37536239,56.5,0,21,21,Agriculture and Agri-Food Canada,Annotation submitted by Agriculture and Agri-Food Canada,2024-07-31,10707,10553,154,na,Diplodia_seriata_gca_001006355.UCDDS831v0.1.dna.toplevel.fa,GCF_021436955.1_ASM2143695v3_genomic.fna.gz
diplodia_seriata_gca_001975905,EnsemblFungi,420778,Dipser v1,GCA_001975905.1,2017-03-INRA,N,N,N,N,N,Y,fungi_ascomycota3_collection_core_61_114_1,227,,GCF_021436955.1,PRJNA1140289,SAMN24407916,JAJVCZ000000000.3,reference genome,420778,420778,Diplodia seriata,strain=FDS-637,na,latest,Contig,Major,Full,2024-06-24,ASM2143695v3,Agriculture and Agri-Food Canada,GCA_021436955.3,identical,https://ftp.ncbi.nlm.nih.gov/genomes/all/GCF/021/436/955/GCF_021436955.1_ASM2143695v3,na,na,na,haploid,fungi,37536239,37536239,56.5,0,21,21,Agriculture and Agri-Food Canada,Annotation submitted by Agriculture and Agri-Food Canada,2024-07-31,10707,10553,154,na,,GCF_021436955.1_ASM2143695v3_genomic.fna.gz
zygotorulaspora_mrakii_gca_013402915,EnsemblFungi,42260,ASM1340291v1,GCA_013402915.1,2020-07-UniversityCollegeDublin,N,N,N,N,N,Y,fungi_ascomycota5_collection_core_61_114_1,227,,GCF_013402915.1,PRJNA670754,SAMN14605243,na,reference genome,42260,42260,Zygotorulaspora mrakii,strain=NRRL Y-6702,na,latest,Complete Genome,Major,Full,2020-07-12,ASM1340291v1,University College Dublin,GCA_013402915.1,identical,https://ftp.ncbi.nlm.nih.gov/genomes/all/GCF/013/402/915/GCF_013402915.1_ASM1340291v1,na,na,na,haploid,fungi,10412516,10412516,40.0,8,8,8,University College Dublin,Annotation submitted by University College Dublin,2024-12-04,5246,5038,201,na,Zygotorulaspora_mrakii_gca_013402915.ASM1340291v1.dna.toplevel.fa,GCF_013402915.1_ASM1340291v1_genomic.fna.gz
fusarium_oxysporum,EnsemblFungi,426428,FO2,GCA_000222805.1,2011-02-Broad,Y,N,N,Y,Y,Y,fusarium_oxysporum_core_61_114_2,1,,GCF_000149955.1,PRJNA342688,SAMN02953675,AAXH00000000.1,na,426428,5507,Fusarium oxysporum f. sp. lycopersici 4287,strain=4287,na,latest,Chromosome,Major,Full,2015-08-20,ASM14995v2,Broad Institute,GCA_000149955.2,different,https://ftp.ncbi.nlm.nih.gov/genomes/all/GCF/000/149/955/GCF_000149955.1_ASM14995v2,na,na,na,haploid,fungi,61386934,59936783,48.5,15,114,1362,Broad Institute,Annotation submitted by Broad Institute,2023-09-15,21353,20924,420,20237561,,GCF_000149955.1_ASM14995v2_genomic.fna.gz
fusarium_oxysporum_f_sp_lycopersici_4287_gca_000149955,EnsemblFungi,426428,ASM14995v2,GCA_000149955.2,2015-09-BroadInstitute,N,N,N,N,N,Y,fungi_ascomycota3_collection_core_61_114_1,39,,GCF_000149955.1,PRJNA342688,SAMN02953675,AAXH00000000.1,na,426428,5507,Fusarium oxysporum f. sp. lycopersici 4287,strain=4287,na,latest,Chromosome,Major,Full,2015-08-20,ASM14995v2,Broad Institute,GCA_000149955.2,different,https://ftp.ncbi.nlm.nih.gov/genomes/all/GCF/000/149/955/GCF_000149955.1_ASM14995v2,na,na,na,haploid,fungi,61386934,59936783,48.5,15,114,1362,Broad Institute,Annotation submitted by Broad Institute,2023-09-15,21353,20924,420,20237561,Fusarium_oxysporum_f_sp_lycopersici_4287_gca_000149955.ASM14995v2.dna.toplevel.fa,GCF_000149955.1_ASM14995v2_genomic.fna.gz
trichoderma_reesei,EnsemblFungi,431241,v2.0,GCA_000167675.2,2011-07-JGI,N,N,N,N,N,Y,trichoderma_reesei_core_61_114_2,1,,GCF_000167675.1,PRJNA225530,SAMN02746107,AAIL00000000.2,reference genome,431241,51453,Trichoderma reesei QM6a,strain=QM6a,na,latest,Scaffold,Major,Full,2011-07-18,v2.0,DOE Joint Genome Institute,GCA_000167675.2,identical,https://ftp.ncbi.nlm.nih.gov/genomes/all/GCF/000/167/675/GCF_000167675.1_v2.0,na,assembly from type material,na,haploid,fungi,33395713,33348591,53.0,0,77,121,DOE Joint Genome Institute,Annotation submitted by DOE Joint Genome Institute,2020-02-05,9116,9109,0,18454138,Trichoderma_reesei.GCA000167675v2.dna.toplevel.fa,GCF_000167675.1_v2.0_genomic.fna.gz
trichoderma_reesei,EnsemblFungi,431241,GCA000167675v2,GCA_000167675.2,VEuPathDB-2021-11-01,N,N,N,Y,N,Y,trichoderma_reesei_core_61_114_2,1,,GCF_000167675.1,PRJNA225530,SAMN02746107,AAIL00000000.2,reference genome,431241,51453,Trichoderma reesei QM6a,strain=QM6a,na,latest,Scaffold,Major,Full,2011-07-18,v2.0,DOE Joint Genome Institute,GCA_000167675.2,identical,https://ftp.ncbi.nlm.nih.gov/genomes/all/GCF/000/167/675/GCF_000167675.1_v2.0,na,assembly from type material,na,haploid,fungi,33395713,33348591,53.0,0,77,121,DOE Joint Genome Institute,Annotation submitted by DOE Joint Genome Institute,2020-02-05,9116,9109,0,18454138,Trichoderma_reesei.GCA000167675v2.dna.toplevel.fa,GCF_000167675.1_v2.0_genomic.fna.gz
vanderwaltozyma_polyspora_dsm_70294_gca_000150035,EnsemblFungi,436907,ASM15003v1,GCA_000150035.1,2007-08-TrinityCollegeDublinIreland,N,N,N,Y,N,Y,fungi_ascomycota1_collection_core_61_114_1,44,,GCF_000150035.1,PRJNA20539,SAMN02953681,AAZN00000000.1,reference genome,436907,36033,Vanderwaltozyma polyspora DSM 70294,strain=DSM 70294,na,latest,Scaffold,Major,Full,2007-08-17,ASM15003v1,"Trinity College Dublin, Ireland",GCA_000150035.1,identical,https://ftp.ncbi.nlm.nih.gov/genomes/all/GCF/000/150/035/GCF_000150035.1_ASM15003v1,na,assembly from type material,na,haploid,fungi,14674591,14661591,33.0,0,281,411,"Trinity College Dublin, Ireland","Annotation submitted by Trinity College Dublin, Ireland",2024-12-04,5764,5325,241,17494770,Vanderwaltozyma_polyspora_dsm_70294_gca_000150035.ASM15003v1.dna.toplevel.fa,identical_genomic.fna.gz
talaromyces_stipitatus_atcc_10500_gca_000003125,EnsemblFungi,441959,JCVI-TSTA1-3.0,GCA_000003125.1,2008-12-JCraigVenterInstitute,N,N,N,Y,N,Y,fungi_ascomycota1_collection_core_61_114_1,47,,GCF_000003125.1,PRJNA38857,SAMN02953686,ABAS00000000.1,reference genome,441959,28564,Talaromyces stipitatus ATCC 10500,strain=ATCC 10500,na,latest,Scaffold,Major,Full,2008-12-22,JCVI-TSTA1-3.0,J. Craig Venter Institute,GCA_000003125.1,identical,https://ftp.ncbi.nlm.nih.gov/genomes/all/GCF/000/003/125/GCF_000003125.1_JCVI-TSTA1-3.0,na,assembly from type material,na,haploid,fungi,35685443,35558430,46.0,0,820,960,J. Craig Venter Institute,Annotation submitted by J. Craig Venter Institute,2023-11-13,12572,12455,104,25676766,Talaromyces_stipitatus_atcc_10500_gca_000003125.JCVI-TSTA1-3.0.dna.toplevel.fa,GCF_000003125.1_JCVI-TSTA1-3.0_genomic.fna.gz
coccidioides_posadasii_str_silveira_gca_000170175,EnsemblFungi,443226,CPS2,GCA_000170175.2,2011-01-CoccidioidesGenomeResourcesConsortiumTheBroadInstituteGenomeSequencingPlatform,N,N,N,Y,N,Y,fungi_ascomycota1_collection_core_61_114_1,89,,GCF_018416015.2,PRJNA1128268,SAMN00004989,na,reference genome,443226,199306,Coccidioides posadasii str. Silveira,strain=Silveira,na,latest,Complete Genome,Minor,Full,2022-02-01,ASM1841601v2,Northern Arizona University,GCA_018416015.2,identical,https://ftp.ncbi.nlm.nih.gov/genomes/all/GCF/018/416/015/GCF_018416015.2_ASM1841601v2,na,na,na,haploid,fungi,28193268,28193268,46.5,9,9,9,Northern Arizona University,Annotation submitted by Northern Arizona University,2024-09-24,8438,8299,137,na,Coccidioides_posadasii_str_silveira_gca_000170175.CPS2.dna.toplevel.fa,GCF_018416015.2_ASM1841601v2_genomic.fna.gz
histoplasma_capsulatum_g186ar_gca_000150115,EnsemblFungi,447093,ASM15011v1,GCA_000150115.1,2009-03-WashU,N,N,N,N,N,Y,fungi_ascomycota1_collection_core_61_114_1,109,,GCF_000150115.1,PRJNA786948,SAMN02953690,ABBS00000000.2,reference genome,447093,5037,Histoplasma capsulatum G186AR,strain=G186AR,na,latest,Scaffold,Major,Full,2009-03-23,ASM15011v1,WashU,GCA_000150115.1,identical,https://ftp.ncbi.nlm.nih.gov/genomes/all/GCF/000/150/115/GCF_000150115.1_ASM15011v1,na,na,na,haploid,fungi,30438878,30238072,44.5,0,86,355,WashU,Annotation submitted by WashU,2022-04-19,9363,9253,109,na,Histoplasma_capsulatum_g186ar_gca_000150115.ASM15011v1.dna.toplevel.fa,GCF_000150115.1_ASM15011v1_genomic.fna.gz
lasiodiplodia_theobromae_gca_008931885,EnsemblFungi,45133,ASM893188v1,GCA_008931885.1,2019-11-UniversityofAveiro,N,N,N,N,N,Y,fungi_ascomycota4_collection_core_61_114_1,138,,GCF_012971845.1,PRJNA645153,SAMN07172427,QCYV00000000.1,reference genome,45133,45133,Lasiodiplodia theobromae,strain=AM2As,na,latest,Contig,Major,Full,2020-05-04,ASM1297184v1,Beltsville Agricultural Research Center,GCA_012971845.1,identical,https://ftp.ncbi.nlm.nih.gov/genomes/all/GCF/012/971/845/GCF_012971845.1_ASM1297184v1,na,na,na,haploid,fungi,43694574,43694574,54.5,0,296,296,Beltsville Agricultural Research Center,Annotation submitted by Beltsville Agricultural Research Center,2020-08-04,13054,13054,0,31580730,Lasiodiplodia_theobromae_gca_008931885.ASM893188v1.dna.toplevel.fa,GCF_012971845.1_ASM1297184v1_genomic.fna.gz
pyrenophora_tritici_repentis_gca_003171545,EnsemblFungi,45151,PtrARCrossB10,GCA_003171545.1,2018-07-CurtinUniversity,N,N,N,N,N,Y,fungi_ascomycota4_collection_core_61_114_1,87,,GCF_003171515.1,PRJNA1128263,SAMN07420926,NQIK00000000.2,reference genome,45151,45151,Pyrenophora tritici-repentis,strain=M4,na,latest,Chromosome,Major,Full,2021-10-07,CUR_PTRM4_2.2,Curtin University,GCA_003171515.3,identical,https://ftp.ncbi.nlm.nih.gov/genomes/all/GCF/003/171/515/GCF_003171515.1_CUR_PTRM4_2.2,na,na,na,haploid,fungi,40738834,40738194,51.0,10,40,40,Curtin University,Annotation submitted by Curtin University,2024-06-26,15455,15455,0,29685100,Pyrenophora_tritici_repentis_gca_003171545.PtrARCrossB10.dna.toplevel.fa,GCF_003171515.1_CUR_PTRM4_2.2_genomic.fna.gz
pyrenophora_tritici_repentis_gca_003231325,EnsemblFungi,45151,Ptr134,GCA_003231325.1,2018-07-CurtinUniversity,N,N,N,N,N,Y,fungi_ascomycota4_collection_core_61_114_1,64,,GCF_003171515.1,PRJNA1128263,SAMN07420926,NQIK00000000.2,reference genome,45151,45151,Pyrenophora tritici-repentis,strain=M4,na,latest,Chromosome,Major,Full,2021-10-07,CUR_PTRM4_2.2,Curtin University,GCA_003171515.3,identical,https://ftp.ncbi.nlm.nih.gov/genomes/all/GCF/003/171/515/GCF_003171515.1_CUR_PTRM4_2.2,na,na,na,haploid,fungi,40738834,40738194,51.0,10,40,40,Curtin University,Annotation submitted by Curtin University,2024-06-26,15455,15455,0,29685100,Pyrenophora_tritici_repentis_gca_003231325.Ptr134.dna.toplevel.fa,GCF_003171515.1_CUR_PTRM4_2.2_genomic.fna.gz
pyrenophora_tritici_repentis_gca_003231345,EnsemblFungi,45151,Ptr5213,GCA_003231345.1,2018-07-CurtinUniversity,N,N,N,N,N,Y,fungi_ascomycota4_collection_core_61_114_1,39,,GCF_003171515.1,PRJNA1128263,SAMN07420926,NQIK00000000.2,reference genome,45151,45151,Pyrenophora tritici-repentis,strain=M4,na,latest,Chromosome,Major,Full,2021-10-07,CUR_PTRM4_2.2,Curtin University,GCA_003171515.3,identical,https://ftp.ncbi.nlm.nih.gov/genomes/all/GCF/003/171/515/GCF_003171515.1_CUR_PTRM4_2.2,na,na,na,haploid,fungi,40738834,40738194,51.0,10,40,40,Curtin University,Annotation submitted by Curtin University,2024-06-26,15455,15455,0,29685100,Pyrenophora_tritici_repentis_gca_003231345.Ptr5213.dna.toplevel.fa,GCF_003171515.1_CUR_PTRM4_2.2_genomic.fna.gz
pyrenophora_tritici_repentis_gca_003231355,EnsemblFungi,45151,Ptr11137,GCA_003231355.1,2018-07-CurtinUniversity,N,N,N,N,N,Y,fungi_ascomycota4_collection_core_61_114_1,44,,GCF_003171515.1,PRJNA1128263,SAMN07420926,NQIK00000000.2,reference genome,45151,45151,Pyrenophora tritici-repentis,strain=M4,na,latest,Chromosome,Major,Full,2021-10-07,CUR_PTRM4_2.2,Curtin University,GCA_003171515.3,identical,https://ftp.ncbi.nlm.nih.gov/genomes/all/GCF/003/171/515/GCF_003171515.1_CUR_PTRM4_2.2,na,na,na,haploid,fungi,40738834,40738194,51.0,10,40,40,Curtin University,Annotation submitted by Curtin University,2024-06-26,15455,15455,0,29685100,Pyrenophora_tritici_repentis_gca_003231355.Ptr11137.dna.toplevel.fa,GCF_003171515.1_CUR_PTRM4_2.2_genomic.fna.gz
pyrenophora_tritici_repentis_gca_003231365,EnsemblFungi,45151,Ptr239,GCA_003231365.1,2018-07-CurtinUniversity,N,N,N,N,N,Y,fungi_ascomycota4_collection_core_61_114_1,91,,GCF_003171515.1,PRJNA1128263,SAMN07420926,NQIK00000000.2,reference genome,45151,45151,Pyrenophora tritici-repentis,strain=M4,na,latest,Chromosome,Major,Full,2021-10-07,CUR_PTRM4_2.2,Curtin University,GCA_003171515.3,identical,https://ftp.ncbi.nlm.nih.gov/genomes/all/GCF/003/171/515/GCF_003171515.1_CUR_PTRM4_2.2,na,na,na,haploid,fungi,40738834,40738194,51.0,10,40,40,Curtin University,Annotation submitted by Curtin University,2024-06-26,15455,15455,0,29685100,Pyrenophora_tritici_repentis_gca_003231365.Ptr239.dna.toplevel.fa,GCF_003171515.1_CUR_PTRM4_2.2_genomic.fna.gz
pyrenophora_tritici_repentis_gca_003231425,EnsemblFungi,45151,Ptr86-124,GCA_003231425.1,2019-11-CurtinUniversity,N,N,N,N,N,Y,fungi_ascomycota4_collection_core_61_114_1,52,,GCF_003171515.1,PRJNA1128263,SAMN07420926,NQIK00000000.2,reference genome,45151,45151,Pyrenophora tritici-repentis,strain=M4,na,latest,Chromosome,Major,Full,2021-10-07,CUR_PTRM4_2.2,Curtin University,GCA_003171515.3,identical,https://ftp.ncbi.nlm.nih.gov/genomes/all/GCF/003/171/515/GCF_003171515.1_CUR_PTRM4_2.2,na,na,na,haploid,fungi,40738834,40738194,51.0,10,40,40,Curtin University,Annotation submitted by Curtin University,2024-06-26,15455,15455,0,29685100,Pyrenophora_tritici_repentis_gca_003231425.Ptr86-124.dna.toplevel.fa,GCF_003171515.1_CUR_PTRM4_2.2_genomic.fna.gz
pyrenophora_tritici_repentis_gca_008692205,EnsemblFungi,45151,Ptr_V0001,GCA_008692205.1,2019-11-CurtinUniversity,N,N,N,N,N,Y,fungi_ascomycota4_collection_core_61_114_1,130,,GCF_003171515.1,PRJNA1128263,SAMN07420926,NQIK00000000.2,reference genome,45151,45151,Pyrenophora tritici-repentis,strain=M4,na,latest,Chromosome,Major,Full,2021-10-07,CUR_PTRM4_2.2,Curtin University,GCA_003171515.3,identical,https://ftp.ncbi.nlm.nih.gov/genomes/all/GCF/003/171/515/GCF_003171515.1_CUR_PTRM4_2.2,na,na,na,haploid,fungi,40738834,40738194,51.0,10,40,40,Curtin University,Annotation submitted by Curtin University,2024-06-26,15455,15455,0,29685100,Pyrenophora_tritici_repentis_gca_008692205.Ptr_V0001.dna.toplevel.fa,GCF_003171515.1_CUR_PTRM4_2.2_genomic.fna.gz
candida_haemuloni,EnsemblFungi,45357,GCA002926055v1,GCA_002926055.1,2018-05-01,N,N,N,Y,N,Y,candida_haemuloni_core_61_114_1,1,,GCF_002926055.2,PRJNA479898,SAMN08161437,PKFO00000000.1,reference genome,45357,45357,Candidozyma haemuli,strain=B11899,na,latest,Contig,Minor,Full,2018-02-13,CanHae_1.0,Centers for Disease Control and Prevention,GCA_002926055.1,identical,https://ftp.ncbi.nlm.nih.gov/genomes/all/GCF/002/926/055/GCF_002926055.2_CanHae_1.0,na,na,na,haploid,fungi,13274804,13274804,45.5,0,11,11,Centers for Disease Control and Prevention,Annotation submitted by Centers for Disease Control and Prevention,2018-07-06,5409,5249,157,30559369,Candida_haemuloni.GCA002926055v1.dna.toplevel.fa,GCF_002926055.2_CanHae_1.0_genomic.fna.gz
wickerhamiella_sorbophila_gca_002251995,EnsemblFungi,45607,ASM225199v2,GCA_002251995.2,2018-03-KRIBB,N,N,N,Y,N,Y,fungi_ascomycota4_collection_core_61_114_1,72,,GCF_002251995.1,PRJNA453587,SAMN06765614,NDIQ00000000.1,reference genome,45607,45607,Wickerhamiella sorbophila,strain=DS02,na,latest,Contig,Major,Full,2017-08-15,ASM225199v2,KRIBB,GCA_002251995.2,identical,https://ftp.ncbi.nlm.nih.gov/genomes/all/GCF/002/251/995/GCF_002251995.1_ASM225199v2,na,na,na,haploid,fungi,8129113,8129113,48.5,0,21,21,KRIBB,Annotation submitted by KRIBB,2018-05-01,4740,4740,0,na,Wickerhamiella_sorbophila_gca_002251995.ASM225199v2.dna.toplevel.fa,GCF_002251995.1_ASM225199v2_genomic.fna.gz
rhizoctonia_solani_gca_001286725,EnsemblFungi,456999,AG22IIIB,GCA_001286725.1,2015-08-CEBITEC,N,N,N,N,N,Y,fungi_basidiomycota1_collection_core_61_114_1,106,,GCF_016906535.1,PRJNA727464,SAMN14572378,na,reference genome,456999,456999,Rhizoctonia solani,strain=AG-1 IA,XN,latest,Complete Genome,Major,Full,2021-02-18,ASM1690653v1,China Agricultural University,GCA_016906535.1,identical,https://ftp.ncbi.nlm.nih.gov/genomes/all/GCF/016/906/535/GCF_016906535.1_ASM1690653v1,na,na,na,haploid,fungi,40703773,40703773,47.5,16,16,16,China Agricultural University,Annotation submitted by China Agricultural University,2021-08-27,12425,12301,119,na,Rhizoctonia_solani_gca_001286725.AG22IIIB.dna.toplevel.fa,GCF_016906535.1_ASM1690653v1_genomic.fna.gz
ogataea_polymorpha_gca_001664045,EnsemblFungi,460523,Hanpo2,GCA_001664045.1,2016-09-JGIPGF,N,N,N,Y,N,Y,fungi_ascomycota3_collection_core_61_114_1,148,,GCF_001664045.1,PRJNA342693,SAMN00726693,AECK00000000.1,reference genome,460523,460523,Ogataea polymorpha,strain=NCYC 495 leu1.1,na,latest,Contig,Major,Full,2016-06-17,Hanpo2,JGI-PGF,GCA_001664045.1,identical,https://ftp.ncbi.nlm.nih.gov/genomes/all/GCF/001/664/045/GCF_001664045.1_Hanpo2,na,na,na,haploid,fungi,8974371,8974371,48.0,0,7,7,JGI-PGF,Annotation submitted by JGI-PGF,2020-02-05,5233,5153,80,27535936,Ogataea_polymorpha_gca_001664045.Hanpo2.dna.toplevel.fa,GCF_001664045.1_Hanpo2_genomic.fna.gz
pseudovirgaria_hyperparasitica_gca_010093815,EnsemblFungi,470096,Psehy1,GCA_010093815.1,2020-02-DOEJointGenomeInstitute,N,N,N,N,N,Y,fungi_ascomycota4_collection_core_61_114_1,168,,GCF_010093815.1,PRJNA625776,SAMN02745604,JAAEJS000000000.1,reference genome,470096,470096,Pseudovirgaria hyperparasitica,strain=CBS 121739,na,latest,Scaffold,Major,Full,2020-01-31,Psehy1,DOE Joint Genome Institute,GCA_010093815.1,identical,https://ftp.ncbi.nlm.nih.gov/genomes/all/GCF/010/093/815/GCF_010093815.1_Psehy1,na,assembly from type material,na,haploid,fungi,35440147,35168868,47.5,0,122,543,DOE Joint Genome Institute,Annotation submitted by DOE Joint Genome Institute,2020-04-21,11298,11218,75,na,Pseudovirgaria_hyperparasitica_gca_010093815.Psehy1.dna.toplevel.fa,GCF_010093815.1_Psehy1_genomic.fna.gz
torulaspora_globosa_gca_013694445,EnsemblFungi,48254,ASM1369444v1,GCA_013694445.1,2020-07-UniversityCollegeDublin,N,N,N,N,N,Y,fungi_ascomycota5_collection_core_61_114_1,233,,GCF_014133895.1,PRJNA670758,SAMN14605265,na,reference genome,48254,48254,Torulaspora globosa,strain=CBS764,na,latest,Complete Genome,Major,Full,2020-08-10,ASM1413389v1,University College Dublin,GCA_014133895.1,identical,https://ftp.ncbi.nlm.nih.gov/genomes/all/GCF/014/133/895/GCF_014133895.1_ASM1413389v1,na,assembly from type material,na,haploid,fungi,9281121,9281121,46.0,8,8,8,University College Dublin,Annotation submitted by University College Dublin,2024-12-04,5129,4930,198,na,Torulaspora_globosa_gca_013694445.ASM1369444v1.dna.toplevel.fa,GCF_014133895.1_ASM1413389v1_genomic.fna.gz
torulaspora_globosa_gca_014133895,EnsemblFungi,48254,ASM1413389v1,GCA_014133895.1,2020-08-UniversityCollegeDublin,N,N,N,N,N,Y,fungi_ascomycota5_collection_core_61_114_1,234,,GCF_014133895.1,PRJNA670758,SAMN14605265,na,reference genome,48254,48254,Torulaspora globosa,strain=CBS764,na,latest,Complete Genome,Major,Full,2020-08-10,ASM1413389v1,University College Dublin,GCA_014133895.1,identical,https://ftp.ncbi.nlm.nih.gov/genomes/all/GCF/014/133/895/GCF_014133895.1_ASM1413389v1,na,assembly from type material,na,haploid,fungi,9281121,9281121,46.0,8,8,8,University College Dublin,Annotation submitted by University College Dublin,2024-12-04,5129,4930,198,na,Torulaspora_globosa_gca_014133895.ASM1413389v1.dna.toplevel.fa,GCF_014133895.1_ASM1413389v1_genomic.fna.gz
schizosaccharomyces_octosporus,EnsemblFungi,483514,SO6,GCA_000150505.2,2013-07-Broad,N,N,N,Y,Y,Y,schizosaccharomyces_octosporus_core_61_114_2,1,,GCF_000150505.1,PRJNA264110,SAMN02953709,ABHY00000000.3,reference genome,483514,4899,Schizosaccharomyces octosporus yFS286,strain=yFS286,na,latest,Scaffold,Major,Full,2013-07-30,SO6,Broad Institute,GCA_000150505.2,identical,https://ftp.ncbi.nlm.nih.gov/genomes/all/GCF/000/150/505/GCF_000150505.1_SO6,na,na,na,haploid,fungi,11634473,11262981,37.5,0,5,18,Broad Institute,Annotation submitted by Broad Institute,2023-12-29,5347,4986,361,21511999,,GCF_000150505.1_SO6_genomic.fna.gz
laccaria_bicolor_s238n_h82_gca_000143565,EnsemblFungi,486041,V1.0,GCA_000143565.1,2008-03-LaccariaGenomeConsortium,N,N,N,N,N,Y,fungi_basidiomycota1_collection_core_61_114_1,23,,GCF_000143565.1,PRJNA29019,SAMN02769624,ABFE00000000.1,reference genome,486041,29883,Laccaria bicolor S238N-H82,strain=S238N-H82,na,latest,Scaffold,Major,Full,2008-01-11,V1.0,Laccaria Genome Consortium,GCA_000143565.1,identical,https://ftp.ncbi.nlm.nih.gov/genomes/all/GCF/000/143/565/GCF_000143565.1_V1.0,na,na,na,haploid,fungi,64877444,58683330,47.0,0,665,4401,Laccaria Genome Consortium,Annotation submitted by Laccaria Genome Consortium,2023-11-13,18261,18213,0,18322534,Laccaria_bicolor_s238n_h82_gca_000143565.V1.0.dna.toplevel.fa,GCF_000143565.1_V1.0_genomic.fna.gz
pichia_kudriavzevii_gca_000764455,EnsemblFungi,4909,ASM76445v1,GCA_000764455.1,2014-10-UniversityofIllinoisUrbanaChampaignCarverBiotechnologyCenter,N,N,N,Y,N,Y,fungi_ascomycota1_collection_core_61_114_1,238,,GCF_003054445.1,PRJNA545694,SAMN08558011,na,reference genome,4909,4909,Pichia kudriavzevii,strain=CBS573,na,latest,Complete Genome,Major,Full,2018-04-17,ASM305444v1,University College Dublin,GCA_003054445.1,different,https://ftp.ncbi.nlm.nih.gov/genomes/all/GCF/003/054/445/GCF_003054445.1_ASM305444v1,na,assembly from synonym type material,na,haploid,fungi,10812555,10812555,38.5,5,5,5,University College Dublin,Annotation submitted by University College Dublin,2019-06-16,5324,5139,185,na,Pichia_kudriavzevii_gca_000764455.ASM76445v1.dna.toplevel.fa,GCF_003054445.1_ASM305444v1_genomic.fna.gz
pichia_kudriavzevii_gca_001983325,EnsemblFungi,4909,ASM198332v1,GCA_001983325.1,2017-03-WUR,N,N,N,N,N,Y,fungi_ascomycota3_collection_core_61_114_1,213,,GCF_003054445.1,PRJNA545694,SAMN08558011,na,reference genome,4909,4909,Pichia kudriavzevii,strain=CBS573,na,latest,Complete Genome,Major,Full,2018-04-17,ASM305444v1,University College Dublin,GCA_003054445.1,different,https://ftp.ncbi.nlm.nih.gov/genomes/all/GCF/003/054/445/GCF_003054445.1_ASM305444v1,na,assembly from synonym type material,na,haploid,fungi,10812555,10812555,38.5,5,5,5,University College Dublin,Annotation submitted by University College Dublin,2019-06-16,5324,5139,185,na,Pichia_kudriavzevii_gca_001983325.ASM198332v1.dna.toplevel.fa,GCF_003054445.1_ASM305444v1_genomic.fna.gz
pichia_kudriavzevii_gca_002166775,EnsemblFungi,4909,Cand_krus_Ckrusei653_V21,GCA_002166775.1,2017-06-BroadInstitute,N,N,N,N,N,Y,fungi_ascomycota3_collection_core_61_114_1,265,,GCF_003054445.1,PRJNA545694,SAMN08558011,na,reference genome,4909,4909,Pichia kudriavzevii,strain=CBS573,na,latest,Complete Genome,Major,Full,2018-04-17,ASM305444v1,University College Dublin,GCA_003054445.1,different,https://ftp.ncbi.nlm.nih.gov/genomes/all/GCF/003/054/445/GCF_003054445.1_ASM305444v1,na,assembly from synonym type material,na,haploid,fungi,10812555,10812555,38.5,5,5,5,University College Dublin,Annotation submitted by University College Dublin,2019-06-16,5324,5139,185,na,Pichia_kudriavzevii_gca_002166775.Cand_krus_Ckrusei653_V21.dna.toplevel.fa,GCF_003054445.1_ASM305444v1_genomic.fna.gz
pichia_kudriavzevii_gca_003054445,EnsemblFungi,4909,ASM305444v1,GCA_003054445.1,2019-06-UniversityCollegeDublin,N,N,N,N,N,Y,fungi_ascomycota4_collection_core_61_114_1,93,,GCF_003054445.1,PRJNA545694,SAMN08558011,na,reference genome,4909,4909,Pichia kudriavzevii,strain=CBS573,na,latest,Complete Genome,Major,Full,2018-04-17,ASM305444v1,University College Dublin,GCA_003054445.1,different,https://ftp.ncbi.nlm.nih.gov/genomes/all/GCF/003/054/445/GCF_003054445.1_ASM305444v1,na,assembly from synonym type material,na,haploid,fungi,10812555,10812555,38.5,5,5,5,University College Dublin,Annotation submitted by University College Dublin,2019-06-16,5324,5139,185,na,Pichia_kudriavzevii_gca_003054445.ASM305444v1.dna.toplevel.fa,GCF_003054445.1_ASM305444v1_genomic.fna.gz
torulaspora_delbrueckii_gca_000243375,EnsemblFungi,4950,ASM24337v1,GCA_000243375.1,2015-02-WolfeLaboratorySmurfitInstituteofGeneticsTrinityCollegeDublinIreland,N,N,N,Y,N,Y,fungi_ascomycota1_collection_core_61_114_1,42,,GCF_000243375.1,PRJNA79345,SAMEA2272433,na,reference genome,4950,4950,Torulaspora delbrueckii,strain=type strain:CBS 1146,na,latest,Chromosome,Major,Full,2011-12-08,ASM24337v1,"Wolfe Laboratory, Smurfit Institute of Genetics, Trinity College Dublin, Ireland",GCA_000243375.1,identical,https://ftp.ncbi.nlm.nih.gov/genomes/all/GCF/000/243/375/GCF_000243375.1_ASM24337v1,na,assembly designated as neotype,na,haploid,fungi,9220678,9218568,42.0,8,8,8,"Wolfe Laboratory, Smurfit Institute of Genetics, Trinity College Dublin, Ireland","Annotation submitted by Wolfe Laboratory, Smurfit Institute of Genetics, Trinity College Dublin, Ireland",2024-12-04,5174,4970,204,22123960,Torulaspora_delbrueckii_gca_000243375.ASM24337v1.dna.toplevel.fa, Ireland"_genomic.fna.gz
yarrowia_lipolytica_gca_001761485,EnsemblFungi,4952,ASM176148v1,GCA_001761485.1,2016-10-UniversityofCaliforniaIrvine,N,N,N,N,N,Y,fungi_ascomycota3_collection_core_61_114_1,193,,GCF_001761485.1,PRJNA1159202,SAMN04088558,na,reference genome,4952,4952,Yarrowia lipolytica,strain=CLIB89(W29),na,latest,Complete Genome,Major,Full,2016-10-12,ASM176148v1,"University of California, Irvine",GCA_001761485.1,different,https://ftp.ncbi.nlm.nih.gov/genomes/all/GCF/001/761/485/GCF_001761485.1_ASM176148v1,na,na,na,haploid,fungi,20500066,20500066,49.0,6,6,6,"University of California, Irvine","Annotation submitted by University of California, Irvine",2024-09-10,8689,7918,652,27603307,Yarrowia_lipolytica_gca_001761485.ASM176148v1.dna.toplevel.fa,different_genomic.fna.gz
yarrowia_lipolytica_gca_003367845,EnsemblFungi,4952,YarliYB567,GCA_003367845.1,2018-08-DOEJointGenomeInstitute,N,N,N,N,N,Y,fungi_ascomycota5_collection_core_61_114_1,206,,GCF_001761485.1,PRJNA1159202,SAMN04088558,na,reference genome,4952,4952,Yarrowia lipolytica,strain=CLIB89(W29),na,latest,Complete Genome,Major,Full,2016-10-12,ASM176148v1,"University of California, Irvine",GCA_001761485.1,different,https://ftp.ncbi.nlm.nih.gov/genomes/all/GCF/001/761/485/GCF_001761485.1_ASM176148v1,na,na,na,haploid,fungi,20500066,20500066,49.0,6,6,6,"University of California, Irvine","Annotation submitted by University of California, Irvine",2024-09-10,8689,7918,652,27603307,Yarrowia_lipolytica_gca_003367845.YarliYB567.dna.toplevel.fa,different_genomic.fna.gz
yarrowia_lipolytica_gca_003367865,EnsemblFungi,4952,YarliYB392,GCA_003367865.1,2018-08-DOEJointGenomeInstitute,N,N,N,N,N,Y,fungi_ascomycota4_collection_core_61_114_1,203,,GCF_001761485.1,PRJNA1159202,SAMN04088558,na,reference genome,4952,4952,Yarrowia lipolytica,strain=CLIB89(W29),na,latest,Complete Genome,Major,Full,2016-10-12,ASM176148v1,"University of California, Irvine",GCA_001761485.1,different,https://ftp.ncbi.nlm.nih.gov/genomes/all/GCF/001/761/485/GCF_001761485.1_ASM176148v1,na,na,na,haploid,fungi,20500066,20500066,49.0,6,6,6,"University of California, Irvine","Annotation submitted by University of California, Irvine",2024-09-10,8689,7918,652,27603307,Yarrowia_lipolytica_gca_003367865.YarliYB392.dna.toplevel.fa,different_genomic.fna.gz
yarrowia_lipolytica_gca_003367925,EnsemblFungi,4952,YarliYB419,GCA_003367925.1,2018-08-DOEJointGenomeInstitute,N,N,N,N,N,Y,fungi_ascomycota4_collection_core_61_114_1,228,,GCF_001761485.1,PRJNA1159202,SAMN04088558,na,reference genome,4952,4952,Yarrowia lipolytica,strain=CLIB89(W29),na,latest,Complete Genome,Major,Full,2016-10-12,ASM176148v1,"University of California, Irvine",GCA_001761485.1,different,https://ftp.ncbi.nlm.nih.gov/genomes/all/GCF/001/761/485/GCF_001761485.1_ASM176148v1,na,na,na,haploid,fungi,20500066,20500066,49.0,6,6,6,"University of California, Irvine","Annotation submitted by University of California, Irvine",2024-09-10,8689,7918,652,27603307,Yarrowia_lipolytica_gca_003367925.YarliYB419.dna.toplevel.fa,different_genomic.fna.gz
yarrowia_lipolytica_gca_003367945,EnsemblFungi,4952,YarliYB566,GCA_003367945.1,2018-08-DOEJointGenomeInstitute,N,N,N,N,N,Y,fungi_ascomycota5_collection_core_61_114_1,194,,GCF_001761485.1,PRJNA1159202,SAMN04088558,na,reference genome,4952,4952,Yarrowia lipolytica,strain=CLIB89(W29),na,latest,Complete Genome,Major,Full,2016-10-12,ASM176148v1,"University of California, Irvine",GCA_001761485.1,different,https://ftp.ncbi.nlm.nih.gov/genomes/all/GCF/001/761/485/GCF_001761485.1_ASM176148v1,na,na,na,haploid,fungi,20500066,20500066,49.0,6,6,6,"University of California, Irvine","Annotation submitted by University of California, Irvine",2024-09-10,8689,7918,652,27603307,Yarrowia_lipolytica_gca_003367945.YarliYB566.dna.toplevel.fa,different_genomic.fna.gz
yarrowia_lipolytica_gca_003367965,EnsemblFungi,4952,YarliYB420,GCA_003367965.1,2018-08-DOEJointGenomeInstitute,N,N,N,N,N,Y,fungi_ascomycota5_collection_core_61_114_1,35,,GCF_001761485.1,PRJNA1159202,SAMN04088558,na,reference genome,4952,4952,Yarrowia lipolytica,strain=CLIB89(W29),na,latest,Complete Genome,Major,Full,2016-10-12,ASM176148v1,"University of California, Irvine",GCA_001761485.1,different,https://ftp.ncbi.nlm.nih.gov/genomes/all/GCF/001/761/485/GCF_001761485.1_ASM176148v1,na,na,na,haploid,fungi,20500066,20500066,49.0,6,6,6,"University of California, Irvine","Annotation submitted by University of California, Irvine",2024-09-10,8689,7918,652,27603307,Yarrowia_lipolytica_gca_003367965.YarliYB420.dna.toplevel.fa,different_genomic.fna.gz
yarrowia_lipolytica_gca_003698155,EnsemblFungi,4952,Yarlip1,GCA_003698155.1,2018-11-DOEJointGenomeInstitute,N,N,N,N,N,Y,fungi_ascomycota4_collection_core_61_114_1,235,,GCF_001761485.1,PRJNA1159202,SAMN04088558,na,reference genome,4952,4952,Yarrowia lipolytica,strain=CLIB89(W29),na,latest,Complete Genome,Major,Full,2016-10-12,ASM176148v1,"University of California, Irvine",GCA_001761485.1,different,https://ftp.ncbi.nlm.nih.gov/genomes/all/GCF/001/761/485/GCF_001761485.1_ASM176148v1,na,na,na,haploid,fungi,20500066,20500066,49.0,6,6,6,"University of California, Irvine","Annotation submitted by University of California, Irvine",2024-09-10,8689,7918,652,27603307,Yarrowia_lipolytica_gca_003698155.Yarlip1.dna.toplevel.fa,different_genomic.fna.gz
yarrowia_lipolytica_gca_014490615,EnsemblFungi,4952,ASM1449061v1,GCA_014490615.1,2020-09-UniBielefeld,N,N,N,N,N,Y,fungi_ascomycota5_collection_core_61_114_1,232,,GCF_001761485.1,PRJNA1159202,SAMN04088558,na,reference genome,4952,4952,Yarrowia lipolytica,strain=CLIB89(W29),na,latest,Complete Genome,Major,Full,2016-10-12,ASM176148v1,"University of California, Irvine",GCA_001761485.1,different,https://ftp.ncbi.nlm.nih.gov/genomes/all/GCF/001/761/485/GCF_001761485.1_ASM176148v1,na,na,na,haploid,fungi,20500066,20500066,49.0,6,6,6,"University of California, Irvine","Annotation submitted by University of California, Irvine",2024-09-10,8689,7918,652,27603307,Yarrowia_lipolytica_gca_014490615.ASM1449061v1.dna.toplevel.fa,different_genomic.fna.gz
zygosaccharomyces_rouxii_gca_000026365,EnsemblFungi,4956,ASM2636v1,GCA_000026365.1,2015-02-GenolevuresConsortium,N,N,N,Y,N,Y,fungi_ascomycota1_collection_core_61_114_1,168,,GCF_000026365.1,PRJNA39573,SAMEA3138235,na,reference genome,4956,4956,Zygosaccharomyces rouxii,strain=CBS 732,na,latest,Chromosome,Major,Full,2009-06-05,ASM2636v1,Genolevures Consortium,GCA_000026365.1,identical,https://ftp.ncbi.nlm.nih.gov/genomes/all/GCF/000/026/365/GCF_000026365.1_ASM2636v1,na,assembly from type material,na,haploid,fungi,9764635,9763366,39.0,7,7,7,Genolevures Consortium,Annotation submitted by Genolevures Consortium,2024-12-04,5323,4991,332,19525356,Zygosaccharomyces_rouxii_gca_000026365.ASM2636v1.dna.toplevel.fa,GCF_000026365.1_ASM2636v1_genomic.fna.gz
zygosaccharomyces_rouxii_gca_001972345,EnsemblFungi,4956,ZYGR_assembly01,GCA_001972345.1,2017-04-YamasaCorporation,N,N,N,N,N,Y,fungi_ascomycota3_collection_core_61_114_1,221,,GCF_000026365.1,PRJNA39573,SAMEA3138235,na,reference genome,4956,4956,Zygosaccharomyces rouxii,strain=CBS 732,na,latest,Chromosome,Major,Full,2009-06-05,ASM2636v1,Genolevures Consortium,GCA_000026365.1,identical,https://ftp.ncbi.nlm.nih.gov/genomes/all/GCF/000/026/365/GCF_000026365.1_ASM2636v1,na,assembly from type material,na,haploid,fungi,9764635,9763366,39.0,7,7,7,Genolevures Consortium,Annotation submitted by Genolevures Consortium,2024-12-04,5323,4991,332,19525356,Zygosaccharomyces_rouxii_gca_001972345.ZYGR_assembly01.dna.toplevel.fa,GCF_000026365.1_ASM2636v1_genomic.fna.gz
_candida_auris_gca_001189475,EnsemblFungi,498019,ASM118947v1,GCA_001189475.1,2015-08-IndianInstituteofScienceIISc,N,N,N,N,N,Y,fungi_ascomycota3_collection_core_61_114_1,44,,GCF_003013715.1,PRJNA535510,SAMN05379608,na,reference genome,498019,498019,Candidozyma auris,strain=B11220,na,latest,Complete Genome,Major,Full,2019-09-10,ASM301371v2,Centers for Disease Control and Prevention,GCA_003013715.2,identical,https://ftp.ncbi.nlm.nih.gov/genomes/all/GCF/003/013/715/GCF_003013715.1_ASM301371v2,na,assembly from type material,na,haploid,fungi,12249773,12249773,45.5,7,7,7,Centers for Disease Control and Prevention,Annotation submitted by Centers for Disease Control and Prevention,2024-12-03,5494,5327,163,30559369,_candida_auris_gca_001189475.ASM118947v1.dna.toplevel.fa,GCF_003013715.1_ASM301371v2_genomic.fna.gz
candida_auris,EnsemblFungi,498019,GCA002759435v2,GCA_002759435.2,2017-11-15,N,N,N,Y,N,Y,candida_auris_core_61_114_2,1,,GCF_003013715.1,PRJNA535510,SAMN05379608,na,reference genome,498019,498019,Candidozyma auris,strain=B11220,na,latest,Complete Genome,Major,Full,2019-09-10,ASM301371v2,Centers for Disease Control and Prevention,GCA_003013715.2,identical,https://ftp.ncbi.nlm.nih.gov/genomes/all/GCF/003/013/715/GCF_003013715.1_ASM301371v2,na,assembly from type material,na,haploid,fungi,12249773,12249773,45.5,7,7,7,Centers for Disease Control and Prevention,Annotation submitted by Centers for Disease Control and Prevention,2024-12-03,5494,5327,163,30559369,Candida_auris.GCA002759435v2.dna.toplevel.fa,GCF_003013715.1_ASM301371v2_genomic.fna.gz
_candida_auris_gca_002775015,EnsemblFungi,498019,Cand_auris_B11221_V1,GCA_002775015.1,2017-11-CentersforDiseaseControlandPrevention,N,N,N,N,N,Y,fungi_ascomycota3_collection_core_61_114_1,294,,GCF_003013715.1,PRJNA535510,SAMN05379608,na,reference genome,498019,498019,Candidozyma auris,strain=B11220,na,latest,Complete Genome,Major,Full,2019-09-10,ASM301371v2,Centers for Disease Control and Prevention,GCA_003013715.2,identical,https://ftp.ncbi.nlm.nih.gov/genomes/all/GCF/003/013/715/GCF_003013715.1_ASM301371v2,na,assembly from type material,na,haploid,fungi,12249773,12249773,45.5,7,7,7,Centers for Disease Control and Prevention,Annotation submitted by Centers for Disease Control and Prevention,2024-12-03,5494,5327,163,30559369,_candida_auris_gca_002775015.Cand_auris_B11221_V1.dna.toplevel.fa,GCF_003013715.1_ASM301371v2_genomic.fna.gz
_candida_auris_gca_003014415,EnsemblFungi,498019,Cand_auris_B11243,GCA_003014415.1,2018-03-CentersforDiseaseControlandPrevention,N,N,N,N,N,Y,fungi_ascomycota4_collection_core_61_114_1,32,,GCF_003013715.1,PRJNA535510,SAMN05379608,na,reference genome,498019,498019,Candidozyma auris,strain=B11220,na,latest,Complete Genome,Major,Full,2019-09-10,ASM301371v2,Centers for Disease Control and Prevention,GCA_003013715.2,identical,https://ftp.ncbi.nlm.nih.gov/genomes/all/GCF/003/013/715/GCF_003013715.1_ASM301371v2,na,assembly from type material,na,haploid,fungi,12249773,12249773,45.5,7,7,7,Centers for Disease Control and Prevention,Annotation submitted by Centers for Disease Control and Prevention,2024-12-03,5494,5327,163,30559369,_candida_auris_gca_003014415.Cand_auris_B11243.dna.toplevel.fa,GCF_003013715.1_ASM301371v2_genomic.fna.gz
_candida_auris_gca_003013715,EnsemblFungi,498019,ASM301371v2,GCA_003013715.2,2019-09-CentersforDiseaseControlandPrevention,N,N,N,N,N,Y,fungi_ascomycota4_collection_core_61_114_1,90,,GCF_003013715.1,PRJNA535510,SAMN05379608,na,reference genome,498019,498019,Candidozyma auris,strain=B11220,na,latest,Complete Genome,Major,Full,2019-09-10,ASM301371v2,Centers for Disease Control and Prevention,GCA_003013715.2,identical,https://ftp.ncbi.nlm.nih.gov/genomes/all/GCF/003/013/715/GCF_003013715.1_ASM301371v2,na,assembly from type material,na,haploid,fungi,12249773,12249773,45.5,7,7,7,Centers for Disease Control and Prevention,Annotation submitted by Centers for Disease Control and Prevention,2024-12-03,5494,5327,163,30559369,_candida_auris_gca_003013715.ASM301371v2.dna.toplevel.fa,GCF_003013715.1_ASM301371v2_genomic.fna.gz
_candida_auris_gca_008275145,EnsemblFungi,498019,ASM827514v1,GCA_008275145.1,2019-09-CentersforDiseaseControlandPrevention,N,N,N,N,N,Y,fungi_ascomycota4_collection_core_61_114_1,216,,GCF_003013715.1,PRJNA535510,SAMN05379608,na,reference genome,498019,498019,Candidozyma auris,strain=B11220,na,latest,Complete Genome,Major,Full,2019-09-10,ASM301371v2,Centers for Disease Control and Prevention,GCA_003013715.2,identical,https://ftp.ncbi.nlm.nih.gov/genomes/all/GCF/003/013/715/GCF_003013715.1_ASM301371v2,na,assembly from type material,na,haploid,fungi,12249773,12249773,45.5,7,7,7,Centers for Disease Control and Prevention,Annotation submitted by Centers for Disease Control and Prevention,2024-12-03,5494,5327,163,30559369,_candida_auris_gca_008275145.ASM827514v1.dna.toplevel.fa,GCF_003013715.1_ASM301371v2_genomic.fna.gz
_candida_auris_gca_007168705,EnsemblFungi,498019,ASM716870v1,GCA_007168705.1,2019-10-LaboratoryofBacterialGenomicsPathogenGenomicsCenterNationalInstituteofInfectiousDiseases,N,N,N,N,N,Y,fungi_ascomycota4_collection_core_61_114_1,144,,GCF_003013715.1,PRJNA535510,SAMN05379608,na,reference genome,498019,498019,Candidozyma auris,strain=B11220,na,latest,Complete Genome,Major,Full,2019-09-10,ASM301371v2,Centers for Disease Control and Prevention,GCA_003013715.2,identical,https://ftp.ncbi.nlm.nih.gov/genomes/all/GCF/003/013/715/GCF_003013715.1_ASM301371v2,na,assembly from type material,na,haploid,fungi,12249773,12249773,45.5,7,7,7,Centers for Disease Control and Prevention,Annotation submitted by Centers for Disease Control and Prevention,2024-12-03,5494,5327,163,30559369,_candida_auris_gca_007168705.ASM716870v1.dna.toplevel.fa,GCF_003013715.1_ASM301371v2_genomic.fna.gz
verticillium_dahliae,EnsemblFungi,498257,ASM15067v2,GCA_000150675.2,2011-09-ENA,N,N,N,Y,N,Y,verticillium_dahliae_core_61_114_2,1,,GCF_000150675.1,PRJNA225532,SAMN02953716,ABJE00000000.1,reference genome,498257,27337,Verticillium dahliae VdLs.17,strain=VdLs.17,na,latest,Scaffold,Major,Full,2011-09-15,ASM15067v2,Broad Institute,GCA_000150675.2,identical,https://ftp.ncbi.nlm.nih.gov/genomes/all/GCF/000/150/675/GCF_000150675.1_ASM15067v2,na,na,na,haploid,fungi,33828453,32903115,56.0,8,52,1562,Broad Institute,Annotation submitted by Broad Institute,2020-01-30,10811,10535,274,na,,GCF_000150675.1_ASM15067v2_genomic.fna.gz
kockovaella_imperatae_gca_002102565,EnsemblFungi,4999,Kocim1,GCA_002102565.1,2017-05-DOEJointGenomeInstitute,N,N,N,Y,N,Y,fungi_basidiomycota1_collection_core_61_114_1,190,,GCF_002102565.1,PRJNA396742,SAMN05445367,NBSH00000000.1,reference genome,4999,4999,Kockovaella imperatae,strain=NRRL Y-17943,na,latest,Contig,Major,Full,2017-04-20,Kocim1,DOE Joint Genome Institute,GCA_002102565.1,identical,https://ftp.ncbi.nlm.nih.gov/genomes/all/GCF/002/102/565/GCF_002102565.1_Kocim1,na,na,na,haploid,fungi,17465713,17465713,52.0,0,38,38,DOE Joint Genome Institute,Annotation submitted by DOE Joint Genome Institute,2017-08-28,7428,7392,32,na,Kockovaella_imperatae_gca_002102565.Kocim1.dna.toplevel.fa,GCF_002102565.1_Kocim1_genomic.fna.gz
metarhizium_brunneum_gca_013426205,EnsemblFungi,500148,ASM1342620v1,GCA_013426205.1,2020-07-SwanseaUniversity,N,N,N,N,N,Y,fungi_ascomycota5_collection_core_61_114_1,231,,GCF_013426205.1,PRJNA1128270,SAMN15394350,na,reference genome,500148,500148,Metarhizium brunneum,strain=4556,na,latest,Complete Genome,Major,Full,2020-07-20,ASM1342620v1,Swansea University,GCA_013426205.1,different,https://ftp.ncbi.nlm.nih.gov/genomes/all/GCF/013/426/205/GCF_013426205.1_ASM1342620v1,na,na,na,haploid,fungi,37771916,37771916,50.5,7,7,7,Swansea University,Annotation submitted by Swansea University,2024-06-26,11555,11405,150,na,Metarhizium_brunneum_gca_013426205.ASM1342620v1.dna.toplevel.fa,GCF_013426205.1_ASM1342620v1_genomic.fna.gz
brettanomyces_bruxellensis_gca_900496985,EnsemblFungi,5007,dekkera_v2,GCA_900496985.1,2018-10-SCIENCEFORLIFELABORATORYDEPARTMENTOFBIOCHEMISTRYANDBIOPHYSICSSTOCKHOLMUNIVERSITY,N,N,N,N,N,Y,fungi_ascomycota5_collection_core_61_114_1,69,,GCF_011074885.1,PRJNA691332,SAMN12257691,na,reference genome,5007,5007,Brettanomyces bruxellensis,strain=UCD 2041,na,latest,Complete Genome,Major,Full,2020-10-30,ASM1107488v2,Australian Wine Research Institute,GCA_011074885.2,identical,https://ftp.ncbi.nlm.nih.gov/genomes/all/GCF/011/074/885/GCF_011074885.1_ASM1107488v2,na,na,na,haploid,fungi,13150648,13150648,40.0,9,9,9,Australian Wine Research Institute,Annotation submitted by Australian Wine Research Institute,2021-09-16,5342,5243,99,32122298,Brettanomyces_bruxellensis_gca_900496985.dekkera_v2.dna.toplevel.fa,GCF_011074885.1_ASM1107488v2_genomic.fna.gz
brettanomyces_bruxellensis_gca_902155815,EnsemblFungi,5007,DEBR_UMY321v1,GCA_902155815.1,2020-02-UDS,N,N,N,N,N,Y,fungi_ascomycota4_collection_core_61_114_1,122,,GCF_011074885.1,PRJNA691332,SAMN12257691,na,reference genome,5007,5007,Brettanomyces bruxellensis,strain=UCD 2041,na,latest,Complete Genome,Major,Full,2020-10-30,ASM1107488v2,Australian Wine Research Institute,GCA_011074885.2,identical,https://ftp.ncbi.nlm.nih.gov/genomes/all/GCF/011/074/885/GCF_011074885.1_ASM1107488v2,na,na,na,haploid,fungi,13150648,13150648,40.0,9,9,9,Australian Wine Research Institute,Annotation submitted by Australian Wine Research Institute,2021-09-16,5342,5243,99,32122298,Brettanomyces_bruxellensis_gca_902155815.DEBR_UMY321v1.dna.toplevel.fa,GCF_011074885.1_ASM1107488v2_genomic.fna.gz
paracoccidioides_sp_lutzii_pb01_gca_000150705,EnsemblFungi,502779,Paracocci_br_Pb01_V2,GCA_000150705.2,2014-11-BroadInstitute,N,N,N,N,N,Y,fungi_ascomycota1_collection_core_61_114_1,121,,GCF_000150705.2,PRJNA48325,SAMN02953719,ABKH00000000.2,reference genome,502779,1048829,Paracoccidioides lutzii Pb01,strain=Pb01,na,latest,Scaffold,Major,Full,2014-11-03,Paracocci_br_Pb01_V2,Broad Institute,GCA_000150705.2,identical,https://ftp.ncbi.nlm.nih.gov/genomes/all/GCF/000/150/705/GCF_000150705.2_Paracocci_br_Pb01_V2,na,assembly from type material,na,haploid,fungi,32925248,32625232,43.0,0,110,672,Broad Institute,Annotation submitted by Broad Institute,2017-10-11,8953,8826,124,22046142,Paracoccidioides_sp_lutzii_pb01_gca_000150705.Paracocci_br_Pb01_V2.dna.toplevel.fa,GCF_000150705.2_Paracocci_br_Pb01_V2_genomic.fna.gz
paracoccidioides_brasiliensis_pb18_gca_000150735,EnsemblFungi,502780,Paracocci_br_Pb18_V2,GCA_000150735.2,2014-10-BroadInstitute,N,N,N,Y,N,Y,fungi_ascomycota1_collection_core_61_114_1,74,,GCF_000150735.1,PRJNA264517,SAMN02953720,ABKI00000000.2,reference genome,502780,121759,Paracoccidioides brasiliensis Pb18,strain=Pb18,na,latest,Scaffold,Major,Full,2014-10-24,Paracocci_br_Pb18_V2,Broad Institute,GCA_000150735.2,identical,https://ftp.ncbi.nlm.nih.gov/genomes/all/GCF/000/150/735/GCF_000150735.1_Paracocci_br_Pb18_V2,na,na,na,haploid,fungi,29952540,29468725,44.5,0,57,556,Broad Institute,Annotation submitted by Broad Institute,2022-04-18,8522,8390,131,22046142,Paracoccidioides_brasiliensis_pb18_gca_000150735.Paracocci_br_Pb18_V2.dna.toplevel.fa,GCF_000150735.1_Paracocci_br_Pb18_V2_genomic.fna.gz
aspergillus_flavus_gca_002443195,EnsemblFungi,5059,ASM244319v2,GCA_002443195.2,2018-06-USDAARS,N,N,N,N,N,Y,fungi_ascomycota4_collection_core_61_114_1,198,,GCF_009017415.1,PRJNA1225730,SAMN12911038,na,reference genome,5059,5059,Aspergillus flavus,strain=NRRL 3357,na,latest,Complete Genome,Major,Full,2019-10-13,ASM901741v1,"University of California, Berkeley",GCA_009017415.1,identical,https://ftp.ncbi.nlm.nih.gov/genomes/all/GCF/009/017/415/GCF_009017415.1_ASM901741v1,na,na,na,haploid,fungi,37749288,37749288,47.5,8,8,8,"University of California, Berkeley","Annotation submitted by University of California, Berkeley",2025-02-19,13956,13707,246,na,Aspergillus_flavus_gca_002443195.ASM244319v2.dna.toplevel.fa,identical_genomic.fna.gz
aspergillus_flavus_gca_002443215,EnsemblFungi,5059,ASM244321v2,GCA_002443215.2,2018-06-USDAARS,N,N,N,N,N,Y,fungi_ascomycota4_collection_core_61_114_1,125,,GCF_009017415.1,PRJNA1225730,SAMN12911038,na,reference genome,5059,5059,Aspergillus flavus,strain=NRRL 3357,na,latest,Complete Genome,Major,Full,2019-10-13,ASM901741v1,"University of California, Berkeley",GCA_009017415.1,identical,https://ftp.ncbi.nlm.nih.gov/genomes/all/GCF/009/017/415/GCF_009017415.1_ASM901741v1,na,na,na,haploid,fungi,37749288,37749288,47.5,8,8,8,"University of California, Berkeley","Annotation submitted by University of California, Berkeley",2025-02-19,13956,13707,246,na,Aspergillus_flavus_gca_002443215.ASM244321v2.dna.toplevel.fa,identical_genomic.fna.gz
aspergillus_flavus_gca_002456175,EnsemblFungi,5059,ASM245617v2,GCA_002456175.2,2018-06-USDAARS,N,N,N,N,N,Y,fungi_ascomycota4_collection_core_61_114_1,234,,GCF_009017415.1,PRJNA1225730,SAMN12911038,na,reference genome,5059,5059,Aspergillus flavus,strain=NRRL 3357,na,latest,Complete Genome,Major,Full,2019-10-13,ASM901741v1,"University of California, Berkeley",GCA_009017415.1,identical,https://ftp.ncbi.nlm.nih.gov/genomes/all/GCF/009/017/415/GCF_009017415.1_ASM901741v1,na,na,na,haploid,fungi,37749288,37749288,47.5,8,8,8,"University of California, Berkeley","Annotation submitted by University of California, Berkeley",2025-02-19,13956,13707,246,na,Aspergillus_flavus_gca_002456175.ASM245617v2.dna.toplevel.fa,identical_genomic.fna.gz
aspergillus_flavus_gca_003709025,EnsemblFungi,5059,ASM370902v1,GCA_003709025.1,2018-11-USDAARSSRRC,N,N,N,N,N,Y,fungi_ascomycota5_collection_core_61_114_1,126,,GCF_009017415.1,PRJNA1225730,SAMN12911038,na,reference genome,5059,5059,Aspergillus flavus,strain=NRRL 3357,na,latest,Complete Genome,Major,Full,2019-10-13,ASM901741v1,"University of California, Berkeley",GCA_009017415.1,identical,https://ftp.ncbi.nlm.nih.gov/genomes/all/GCF/009/017/415/GCF_009017415.1_ASM901741v1,na,na,na,haploid,fungi,37749288,37749288,47.5,8,8,8,"University of California, Berkeley","Annotation submitted by University of California, Berkeley",2025-02-19,13956,13707,246,na,Aspergillus_flavus_gca_003709025.ASM370902v1.dna.toplevel.fa,identical_genomic.fna.gz
aspergillus_flavus_gca_009176375,EnsemblFungi,5059,Asppari1,GCA_009176375.1,2019-10-DOEJointGenomeInstitute,N,N,N,N,N,Y,fungi_ascomycota4_collection_core_61_114_1,136,,GCF_009017415.1,PRJNA1225730,SAMN12911038,na,reference genome,5059,5059,Aspergillus flavus,strain=NRRL 3357,na,latest,Complete Genome,Major,Full,2019-10-13,ASM901741v1,"University of California, Berkeley",GCA_009017415.1,identical,https://ftp.ncbi.nlm.nih.gov/genomes/all/GCF/009/017/415/GCF_009017415.1_ASM901741v1,na,na,na,haploid,fungi,37749288,37749288,47.5,8,8,8,"University of California, Berkeley","Annotation submitted by University of California, Berkeley",2025-02-19,13956,13707,246,na,Aspergillus_flavus_gca_009176375.Asppari1.dna.toplevel.fa,identical_genomic.fna.gz
aspergillus_flavus_gca_014117485,EnsemblFungi,5059,ASM1411748v1,GCA_014117485.1,2020-08-UniversityofGeorgia,N,N,N,N,N,Y,fungi_ascomycota5_collection_core_61_114_1,221,,GCF_009017415.1,PRJNA1225730,SAMN12911038,na,reference genome,5059,5059,Aspergillus flavus,strain=NRRL 3357,na,latest,Complete Genome,Major,Full,2019-10-13,ASM901741v1,"University of California, Berkeley",GCA_009017415.1,identical,https://ftp.ncbi.nlm.nih.gov/genomes/all/GCF/009/017/415/GCF_009017415.1_ASM901741v1,na,na,na,haploid,fungi,37749288,37749288,47.5,8,8,8,"University of California, Berkeley","Annotation submitted by University of California, Berkeley",2025-02-19,13956,13707,246,na,Aspergillus_flavus_gca_014117485.ASM1411748v1.dna.toplevel.fa,identical_genomic.fna.gz
aspergillus_niger,EnsemblFungi,5061,ASM285v2,GCA_000002855.2,2015-03-ENA,N,N,N,Y,N,Y,aspergillus_niger_core_61_114_2,1,,GCF_000002855.4,PRJNA19263,SAMEA3283178,na,reference genome,5061,5061,Aspergillus niger,na,na,latest,Scaffold,Major,Full,2007-04-11,ASM285v2,"DSM, The Netherlands",GCA_000002855.2,identical,https://ftp.ncbi.nlm.nih.gov/genomes/all/GCF/000/002/855/GCF_000002855.4_ASM285v2,na,na,na,haploid,fungi,33975768,33930600,50.5,8,19,468,"DSM, The Netherlands","Annotation submitted by DSM, The Netherlands",2025-02-21,14404,14058,329,na,,identical_genomic.fna.gz
aspergillus_niger_gca_001515345,EnsemblFungi,5061,ASM151534v1,GCA_001515345.1,2016-02-ShandongUniversitylushanwang,N,N,N,N,N,Y,fungi_ascomycota3_collection_core_61_114_1,121,,GCF_000002855.4,PRJNA19263,SAMEA3283178,na,reference genome,5061,5061,Aspergillus niger,na,na,latest,Scaffold,Major,Full,2007-04-11,ASM285v2,"DSM, The Netherlands",GCA_000002855.2,identical,https://ftp.ncbi.nlm.nih.gov/genomes/all/GCF/000/002/855/GCF_000002855.4_ASM285v2,na,na,na,haploid,fungi,33975768,33930600,50.5,8,19,468,"DSM, The Netherlands","Annotation submitted by DSM, The Netherlands",2025-02-21,14404,14058,329,na,Aspergillus_niger_gca_001515345.ASM151534v1.dna.toplevel.fa,identical_genomic.fna.gz
aspergillus_niger_gca_900248155,EnsemblFungi,5061,Aniger_ATCC 64974_N402,GCA_900248155.1,2018-01-WAGENINGENUNIVERSITY,N,N,N,N,N,Y,fungi_ascomycota4_collection_core_61_114_1,50,,GCF_000002855.4,PRJNA19263,SAMEA3283178,na,reference genome,5061,5061,Aspergillus niger,na,na,latest,Scaffold,Major,Full,2007-04-11,ASM285v2,"DSM, The Netherlands",GCA_000002855.2,identical,https://ftp.ncbi.nlm.nih.gov/genomes/all/GCF/000/002/855/GCF_000002855.4_ASM285v2,na,na,na,haploid,fungi,33975768,33930600,50.5,8,19,468,"DSM, The Netherlands","Annotation submitted by DSM, The Netherlands",2025-02-21,14404,14058,329,na,Aspergillus_niger_gca_900248155.Aniger_ATCC_64974_N402.dna.toplevel.fa,identical_genomic.fna.gz
aspergillus_niger_gca_002211485,EnsemblFungi,5061,ASM221148v2,GCA_002211485.2,2020-01-USFoodandDrugAdministration,N,N,N,N,N,Y,fungi_ascomycota4_collection_core_61_114_1,4,,GCF_000002855.4,PRJNA19263,SAMEA3283178,na,reference genome,5061,5061,Aspergillus niger,na,na,latest,Scaffold,Major,Full,2007-04-11,ASM285v2,"DSM, The Netherlands",GCA_000002855.2,identical,https://ftp.ncbi.nlm.nih.gov/genomes/all/GCF/000/002/855/GCF_000002855.4_ASM285v2,na,na,na,haploid,fungi,33975768,33930600,50.5,8,19,468,"DSM, The Netherlands","Annotation submitted by DSM, The Netherlands",2025-02-21,14404,14058,329,na,Aspergillus_niger_gca_002211485.ASM221148v2.dna.toplevel.fa,identical_genomic.fna.gz
aspergillus_tubingensis_gca_013340325,EnsemblFungi,5068,ASM1334032v1,GCA_013340325.1,2020-06-WasedaUniversity,N,N,N,N,N,Y,fungi_ascomycota5_collection_core_61_114_1,223,,GCF_013340325.1,PRJNA645154,SAMD00216538,BLWE00000000.1,reference genome,5068,5068,Aspergillus tubingensis,strain=WU-2223L,na,latest,Scaffold,Major,Full,2020-06-09,ASM1334032v1,Waseda University,GCA_013340325.1,identical,https://ftp.ncbi.nlm.nih.gov/genomes/all/GCF/013/340/325/GCF_013340325.1_ASM1334032v1,na,na,na,haploid,fungi,35047229,35047219,49.5,0,15,15,Waseda University,Annotation submitted by Waseda University,2025-02-22,11809,11476,333,na,Aspergillus_tubingensis_gca_013340325.ASM1334032v1.dna.toplevel.fa,GCF_013340325.1_ASM1334032v1_genomic.fna.gz
penicillium_chrysogenum_gca_000710275,EnsemblFungi,5076,ASM71027v1,GCA_000710275.1,2016-04-RuhrUniveristaetBochum,N,N,N,N,N,Y,fungi_ascomycota3_collection_core_61_114_1,102,,GCF_028827035.1,PRJNA973687,SAMN30185319,JAPQKU000000000.1,reference genome,5076,5076,Penicillium chrysogenum,strain=IBT 35668,na,latest,Contig,Major,Full,2023-02-23,ASM2882703v1,Aalborg University,GCA_028827035.1,identical,https://ftp.ncbi.nlm.nih.gov/genomes/all/GCF/028/827/035/GCF_028827035.1_ASM2882703v1,na,na,na,haploid,fungi,32379777,32379777,49.0,0,4,4,Aalborg University,Annotation submitted by Aalborg University,2023-06-20,11975,11974,0,36726175,Penicillium_chrysogenum_gca_000710275.ASM71027v1.dna.toplevel.fa,GCF_028827035.1_ASM2882703v1_genomic.fna.gz
penicillium_griseofulvum_gca_001561935,EnsemblFungi,5078,ASM156193v1,GCA_001561935.1,2016-03-UniversityofTurin,N,N,N,N,N,Y,fungi_ascomycota3_collection_core_61_114_1,117,,GCF_001561935.1,PRJNA721990,SAMN03860337,LHQR00000000.1,reference genome,5078,5078,Penicillium griseofulvum,strain=PG3,na,latest,Contig,Major,Full,2016-02-16,ASM156193v1,University of Turin,GCA_001561935.1,identical,https://ftp.ncbi.nlm.nih.gov/genomes/all/GCF/001/561/935/GCF_001561935.1_ASM156193v1,na,na,na,haploid,fungi,29140916,29140916,47.5,0,92,92,University of Turin,Annotation submitted by University of Turin,2021-04-20,9629,9629,0,26729047,Penicillium_griseofulvum_gca_001561935.ASM156193v1.dna.toplevel.fa,GCF_001561935.1_ASM156193v1_genomic.fna.gz
aspergillus_oryzae,EnsemblFungi,510516,ASM18445v3,GCA_000184455.3,2016-12-ENA,N,N,N,Y,N,Y,aspergillus_oryzae_core_61_114_3,1,,GCF_000184455.2,PRJNA28175,SAMD00067075,na,reference genome,510516,5062,Aspergillus oryzae RIB40,strain=RIB40,na,latest,Chromosome,Major,Full,2011-06-24,ASM18445v3,"National Institute of Technology and Evaluation (NITE), Japan",GCA_000184455.3,identical,https://ftp.ncbi.nlm.nih.gov/genomes/all/GCF/000/184/455/GCF_000184455.2_ASM18445v3,na,na,na,haploid,fungi,37882812,37088482,48.5,8,11,27,"National Institute of Technology and Evaluation (NITE), Japan","Annotation submitted by National Institute of Technology and Evaluation (NITE), Japan",2025-02-21,12347,12074,270,16372010,,identical_genomic.fna.gz
neurospora_tetrasperma_fgsc_2508_gca_000213175,EnsemblFungi,510951,v2.0,GCA_000213175.1,2011-06-USDOEJointGenomeInstituteJGIPGF,N,N,N,N,N,Y,fungi_ascomycota1_collection_core_61_114_1,100,,GCF_000213175.1,PRJNA264105,SAMN02769628,AFBT00000000.1,reference genome,510951,40127,Neurospora tetrasperma FGSC 2508,strain=FGSC 2508,na,latest,Scaffold,Major,Full,2011-06-21,v2.0,US DOE Joint Genome Institute (JGI-PGF),GCA_000213175.1,identical,https://ftp.ncbi.nlm.nih.gov/genomes/all/GCF/000/213/175/GCF_000213175.1_v2.0,na,na,na,haploid,fungi,39146333,38490894,49.5,0,81,551,US DOE Joint Genome Institute (JGI-PGF),Annotation submitted by US DOE Joint Genome Institute (JGI-PGF),2023-12-29,10379,10379,0,21750257,Neurospora_tetrasperma_fgsc_2508_gca_000213175.v2.0.dna.toplevel.fa,GCF_000213175.1_v2.0_genomic.fna.gz
sordaria_macrospora_gca_008692325,EnsemblFungi,5147,ASM869232v1,GCA_008692325.1,2020-01-RuhrUniversityBochum,N,N,N,N,N,Y,fungi_ascomycota5_collection_core_61_114_1,215,,GCF_033870435.1,PRJNA1128257,SAMN20088412,na,reference genome,5147,5147,Sordaria macrospora,strain=SN1693,na,latest,Complete Genome,Major,Full,2023-11-21,ASM3387043v1,Ruhr-University Bochum,GCA_033870435.1,identical,https://ftp.ncbi.nlm.nih.gov/genomes/all/GCF/033/870/435/GCF_033870435.1_ASM3387043v1,na,na,na,haploid,fungi,39444728,39444728,52.0,7,7,7,Ruhr-University Bochum,Annotation submitted by Ruhr-University Bochum,2024-06-26,10804,10309,495,38112417,Sordaria_macrospora_gca_008692325.ASM869232v1.dna.toplevel.fa,GCF_033870435.1_ASM3387043v1_genomic.fna.gz
podospora_anserina_s_mat_gca_000226545,EnsemblFungi,515849,ASM22654v1,GCA_000226545.1,2013-08-GenoscopeCentreNationaldeSequencage,N,N,N,N,N,Y,fungi_ascomycota1_collection_core_61_114_1,1,,GCF_000226545.1,PRJNA29799,na,na,reference genome,515849,2587412,Podospora anserina S mat+,strain=S mat+,na,latest,Contig,Major,Full,2008-05-14,ASM22654v1,Genoscope - Centre National de Séquençage,GCA_000226545.1,identical,https://ftp.ncbi.nlm.nih.gov/genomes/all/GCF/000/226/545/GCF_000226545.1_ASM22654v1,na,na,na,haploid,fungi,34718894,34250768,52.0,7,33,33,Genoscope - Centre National de Séquençage,Annotation submitted by Genoscope - Centre National de Séquençage,2018-04-11,10527,10518,0,na,Podospora_anserina_s_mat_gca_000226545.ASM22654v1.dna.toplevel.fa,GCF_000226545.1_ASM22654v1_genomic.fna.gz
verticillium_alfalfae_vams_102_gca_000150825,EnsemblFungi,526221,ASM15082v1,GCA_000150825.1,2009-10-BroadInstitute,N,N,N,N,N,Y,fungi_ascomycota1_collection_core_61_114_1,103,,GCF_000150825.1,PRJNA51263,SAMN02953725,ABPE00000000.1,reference genome,526221,1051613,Verticillium alfalfae VaMs.102,strain=VaMs.102,na,latest,Scaffold,Major,Full,2008-06-16,ASM15082v1,Broad Institute,GCA_000150825.1,identical,https://ftp.ncbi.nlm.nih.gov/genomes/all/GCF/000/150/825/GCF_000150825.1_ASM15082v1,na,na,na,haploid,fungi,32833495,30299901,56.0,0,26,4147,Broad Institute,Annotation submitted by Broad Institute,2017-07-12,10488,10237,245,na,Verticillium_alfalfae_vams_102_gca_000150825.ASM15082v1.dna.toplevel.fa,GCF_000150825.1_ASM15082v1_genomic.fna.gz
lentinula_edodes_gca_002003045,EnsemblFungi,5353,Lened_assembly01,GCA_002003045.1,2017-04-IwateBiotechnologyResearchCenter,N,N,N,Y,N,Y,fungi_basidiomycota1_collection_core_61_114_1,157,,GCF_021015755.1,PRJNA801212,SAMN08778769,JABWDW000000000.1,reference genome,5353,5353,Lentinula edodes,strain=Le(Bin) 0899 ss11,na,latest,Contig,Major,Full,2021-11-30,Lenedo1,DOE Joint Genome Institute,GCA_021015755.1,identical,https://ftp.ncbi.nlm.nih.gov/genomes/all/GCF/021/015/755/GCF_021015755.1_Lenedo1,na,na,na,haploid,fungi,45594472,45594472,46.0,0,128,128,DOE Joint Genome Institute,Annotation submitted by DOE Joint Genome Institute,2022-01-28,14392,14078,311,na,Lentinula_edodes_gca_002003045.Lened_assembly01.dna.toplevel.fa,GCF_021015755.1_Lenedo1_genomic.fna.gz
nannizzia_gypsea_cbs_118893_gca_000150975,EnsemblFungi,535722,MS_CBS118893,GCA_000150975.2,2015-07-BroadInstitute,N,N,N,Y,N,Y,fungi_ascomycota1_collection_core_61_114_1,180,,GCF_000150975.2,PRJNA61175,SAMN02953728,ABQE00000000.1,reference genome,535722,63402,Nannizzia gypsea CBS 118893,strain=CBS 118893,na,latest,Scaffold,Minor,Full,2015-07-16,MS_CBS118893,Broad Institute,GCA_000150975.2,identical,https://ftp.ncbi.nlm.nih.gov/genomes/all/GCF/000/150/975/GCF_000150975.2_MS_CBS118893,na,na,na,haploid,fungi,23249403,23092619,48.5,0,18,317,Broad Institute,Annotation submitted by Broad Institute,2017-10-10,9029,8921,108,na,Nannizzia_gypsea_cbs_118893_gca_000150975.MS_CBS118893.dna.toplevel.fa,GCF_000150975.2_MS_CBS118893_genomic.fna.gz
ascochyta_rabiei_gca_001630375,EnsemblFungi,5454,AscRab1.0,GCA_001630375.1,2016-05-NationalInstituteofPlantGenomeResearch,N,N,N,Y,N,Y,fungi_ascomycota3_collection_core_61_114_1,159,,GCF_004011695.2,PRJNA691330,SAMN10613128,na,reference genome,5454,5454,Ascochyta rabiei,na,Me14,latest,Complete Genome,Major,Full,2022-08-25,ASM401169v2,Curtin University,GCA_004011695.2,identical,https://ftp.ncbi.nlm.nih.gov/genomes/all/GCF/004/011/695/GCF_004011695.2_ASM401169v2,na,na,na,haploid,fungi,40846718,40846718,49.0,22,22,22,Curtin University,Annotation submitted by Curtin University,2023-09-19,11642,11525,105,32345704,Ascochyta_rabiei_gca_001630375.AscRab1.0.dna.toplevel.fa,GCF_004011695.2_ASM401169v2_genomic.fna.gz
_candida_glabrata_gca_001466525,EnsemblFungi,5478,ASM146652v1,GCA_001466525.1,2016-01-OsloUniversityHospitalRikshopitalet,N,N,N,N,N,Y,fungi_ascomycota3_collection_core_61_114_1,52,,GCF_010111755.1,PRJNA1120907,SAMN13613350,na,reference genome,5478,5478,Nakaseomyces glabratus,strain=ATCC 2001,na,latest,Chromosome,Major,Full,2020-02-03,ASM1011175v1,Johns Hopkins Medical Institution,GCA_010111755.1,identical,https://ftp.ncbi.nlm.nih.gov/genomes/all/GCF/010/111/755/GCF_010111755.1_ASM1011175v1,na,assembly from type material,na,haploid,fungi,12726212,12725212,39.0,13,13,13,Johns Hopkins Medical Institution,Annotation submitted by Johns Hopkins Medical Institution,2024-12-04,5508,5258,239,32068314,_candida_glabrata_gca_001466525.ASM146652v1.dna.toplevel.fa,GCF_010111755.1_ASM1011175v1_genomic.fna.gz
_candida_glabrata_gca_001466535,EnsemblFungi,5478,ASM146653v1,GCA_001466535.1,2016-01-OsloUniversityHospitalRikshopitalet,N,N,N,N,N,Y,fungi_ascomycota3_collection_core_61_114_1,58,,GCF_010111755.1,PRJNA1120907,SAMN13613350,na,reference genome,5478,5478,Nakaseomyces glabratus,strain=ATCC 2001,na,latest,Chromosome,Major,Full,2020-02-03,ASM1011175v1,Johns Hopkins Medical Institution,GCA_010111755.1,identical,https://ftp.ncbi.nlm.nih.gov/genomes/all/GCF/010/111/755/GCF_010111755.1_ASM1011175v1,na,assembly from type material,na,haploid,fungi,12726212,12725212,39.0,13,13,13,Johns Hopkins Medical Institution,Annotation submitted by Johns Hopkins Medical Institution,2024-12-04,5508,5258,239,32068314,_candida_glabrata_gca_001466535.ASM146653v1.dna.toplevel.fa,GCF_010111755.1_ASM1011175v1_genomic.fna.gz
_candida_glabrata_gca_001466565,EnsemblFungi,5478,ASM146656v1,GCA_001466565.1,2016-01-OsloUniversityHospitalRikshopitalet,N,N,N,N,N,Y,fungi_ascomycota3_collection_core_61_114_1,56,,GCF_010111755.1,PRJNA1120907,SAMN13613350,na,reference genome,5478,5478,Nakaseomyces glabratus,strain=ATCC 2001,na,latest,Chromosome,Major,Full,2020-02-03,ASM1011175v1,Johns Hopkins Medical Institution,GCA_010111755.1,identical,https://ftp.ncbi.nlm.nih.gov/genomes/all/GCF/010/111/755/GCF_010111755.1_ASM1011175v1,na,assembly from type material,na,haploid,fungi,12726212,12725212,39.0,13,13,13,Johns Hopkins Medical Institution,Annotation submitted by Johns Hopkins Medical Institution,2024-12-04,5508,5258,239,32068314,_candida_glabrata_gca_001466565.ASM146656v1.dna.toplevel.fa,GCF_010111755.1_ASM1011175v1_genomic.fna.gz
_candida_glabrata_gca_001466575,EnsemblFungi,5478,ASM146657v1,GCA_001466575.1,2016-01-OsloUniversityHospitalRikshopitalet,N,N,N,N,N,Y,fungi_ascomycota3_collection_core_61_114_1,50,,GCF_010111755.1,PRJNA1120907,SAMN13613350,na,reference genome,5478,5478,Nakaseomyces glabratus,strain=ATCC 2001,na,latest,Chromosome,Major,Full,2020-02-03,ASM1011175v1,Johns Hopkins Medical Institution,GCA_010111755.1,identical,https://ftp.ncbi.nlm.nih.gov/genomes/all/GCF/010/111/755/GCF_010111755.1_ASM1011175v1,na,assembly from type material,na,haploid,fungi,12726212,12725212,39.0,13,13,13,Johns Hopkins Medical Institution,Annotation submitted by Johns Hopkins Medical Institution,2024-12-04,5508,5258,239,32068314,_candida_glabrata_gca_001466575.ASM146657v1.dna.toplevel.fa,GCF_010111755.1_ASM1011175v1_genomic.fna.gz
_candida_glabrata_gca_001466635,EnsemblFungi,5478,ASM146663v1,GCA_001466635.1,2016-01-OsloUniversityHospitalRikshopitalet,N,N,N,N,N,Y,fungi_ascomycota3_collection_core_61_114_1,60,,GCF_010111755.1,PRJNA1120907,SAMN13613350,na,reference genome,5478,5478,Nakaseomyces glabratus,strain=ATCC 2001,na,latest,Chromosome,Major,Full,2020-02-03,ASM1011175v1,Johns Hopkins Medical Institution,GCA_010111755.1,identical,https://ftp.ncbi.nlm.nih.gov/genomes/all/GCF/010/111/755/GCF_010111755.1_ASM1011175v1,na,assembly from type material,na,haploid,fungi,12726212,12725212,39.0,13,13,13,Johns Hopkins Medical Institution,Annotation submitted by Johns Hopkins Medical Institution,2024-12-04,5508,5258,239,32068314,_candida_glabrata_gca_001466635.ASM146663v1.dna.toplevel.fa,GCF_010111755.1_ASM1011175v1_genomic.fna.gz
_candida_glabrata_gca_001466685,EnsemblFungi,5478,ASM146668v1,GCA_001466685.1,2016-01-OsloUniversityHospitalRikshopitalet,N,N,N,N,N,Y,fungi_ascomycota3_collection_core_61_114_1,59,,GCF_010111755.1,PRJNA1120907,SAMN13613350,na,reference genome,5478,5478,Nakaseomyces glabratus,strain=ATCC 2001,na,latest,Chromosome,Major,Full,2020-02-03,ASM1011175v1,Johns Hopkins Medical Institution,GCA_010111755.1,identical,https://ftp.ncbi.nlm.nih.gov/genomes/all/GCF/010/111/755/GCF_010111755.1_ASM1011175v1,na,assembly from type material,na,haploid,fungi,12726212,12725212,39.0,13,13,13,Johns Hopkins Medical Institution,Annotation submitted by Johns Hopkins Medical Institution,2024-12-04,5508,5258,239,32068314,_candida_glabrata_gca_001466685.ASM146668v1.dna.toplevel.fa,GCF_010111755.1_ASM1011175v1_genomic.fna.gz
_candida_glabrata_gca_002219185,EnsemblFungi,5478,ASM221918v1,GCA_002219185.1,2017-07-UniversityofLausanne,N,N,N,N,N,Y,fungi_ascomycota4_collection_core_61_114_1,6,,GCF_010111755.1,PRJNA1120907,SAMN13613350,na,reference genome,5478,5478,Nakaseomyces glabratus,strain=ATCC 2001,na,latest,Chromosome,Major,Full,2020-02-03,ASM1011175v1,Johns Hopkins Medical Institution,GCA_010111755.1,identical,https://ftp.ncbi.nlm.nih.gov/genomes/all/GCF/010/111/755/GCF_010111755.1_ASM1011175v1,na,assembly from type material,na,haploid,fungi,12726212,12725212,39.0,13,13,13,Johns Hopkins Medical Institution,Annotation submitted by Johns Hopkins Medical Institution,2024-12-04,5508,5258,239,32068314,_candida_glabrata_gca_002219185.ASM221918v1.dna.toplevel.fa,GCF_010111755.1_ASM1011175v1_genomic.fna.gz
_candida_glabrata_gca_002219195,EnsemblFungi,5478,ASM221919v1,GCA_002219195.1,2017-07-UniversityofLausanne,N,N,N,N,N,Y,fungi_ascomycota3_collection_core_61_114_1,267,,GCF_010111755.1,PRJNA1120907,SAMN13613350,na,reference genome,5478,5478,Nakaseomyces glabratus,strain=ATCC 2001,na,latest,Chromosome,Major,Full,2020-02-03,ASM1011175v1,Johns Hopkins Medical Institution,GCA_010111755.1,identical,https://ftp.ncbi.nlm.nih.gov/genomes/all/GCF/010/111/755/GCF_010111755.1_ASM1011175v1,na,assembly from type material,na,haploid,fungi,12726212,12725212,39.0,13,13,13,Johns Hopkins Medical Institution,Annotation submitted by Johns Hopkins Medical Institution,2024-12-04,5508,5258,239,32068314,_candida_glabrata_gca_002219195.ASM221919v1.dna.toplevel.fa,GCF_010111755.1_ASM1011175v1_genomic.fna.gz
_candida_glabrata_gca_010111755,EnsemblFungi,5478,ASM1011175v1,GCA_010111755.1,2020-02-JohnsHopkinsMedicalInstitution,N,N,N,N,N,Y,fungi_ascomycota4_collection_core_61_114_1,222,,GCF_010111755.1,PRJNA1120907,SAMN13613350,na,reference genome,5478,5478,Nakaseomyces glabratus,strain=ATCC 2001,na,latest,Chromosome,Major,Full,2020-02-03,ASM1011175v1,Johns Hopkins Medical Institution,GCA_010111755.1,identical,https://ftp.ncbi.nlm.nih.gov/genomes/all/GCF/010/111/755/GCF_010111755.1_ASM1011175v1,na,assembly from type material,na,haploid,fungi,12726212,12725212,39.0,13,13,13,Johns Hopkins Medical Institution,Annotation submitted by Johns Hopkins Medical Institution,2024-12-04,5508,5258,239,32068314,_candida_glabrata_gca_010111755.ASM1011175v1.dna.toplevel.fa,GCF_010111755.1_ASM1011175v1_genomic.fna.gz
_candida_glabrata_gca_014217725,EnsemblFungi,5478,ASM1421772v1,GCA_014217725.1,2020-08-JohnsHopkinsMedicalInstitution,N,N,N,N,N,Y,fungi_ascomycota5_collection_core_61_114_1,222,,GCF_010111755.1,PRJNA1120907,SAMN13613350,na,reference genome,5478,5478,Nakaseomyces glabratus,strain=ATCC 2001,na,latest,Chromosome,Major,Full,2020-02-03,ASM1011175v1,Johns Hopkins Medical Institution,GCA_010111755.1,identical,https://ftp.ncbi.nlm.nih.gov/genomes/all/GCF/010/111/755/GCF_010111755.1_ASM1011175v1,na,assembly from type material,na,haploid,fungi,12726212,12725212,39.0,13,13,13,Johns Hopkins Medical Institution,Annotation submitted by Johns Hopkins Medical Institution,2024-12-04,5508,5258,239,32068314,_candida_glabrata_gca_014217725.ASM1421772v1.dna.toplevel.fa,GCF_010111755.1_ASM1011175v1_genomic.fna.gz
diutina_rugosa_gca_008704595,EnsemblFungi,5481,ASM870459v1,GCA_008704595.1,2020-02-CentreforGenomicRegulation,N,N,N,N,N,Y,fungi_ascomycota4_collection_core_61_114_1,166,,GCF_008704595.1,PRJNA629604,SAMN11490865,SWFT00000000.1,reference genome,5481,5481,Diutina rugosa,strain=CBS 613,na,latest,Scaffold,Major,Full,2019-09-26,ASM870459v1,Centre for Genomic Regulation,GCA_008704595.1,identical,https://ftp.ncbi.nlm.nih.gov/genomes/all/GCF/008/704/595/GCF_008704595.1_ASM870459v1,na,assembly from type material,na,haploid,fungi,13445959,13433795,49.5,0,169,169,Centre for Genomic Regulation,Annotation submitted by Centre for Genomic Regulation,2020-05-06,5819,5815,0,31575637,Diutina_rugosa_gca_008704595.ASM870459v1.dna.toplevel.fa,GCF_008704595.1_ASM870459v1_genomic.fna.gz
microsporum_canis_cbs_113480_gca_000151145,EnsemblFungi,554155,ASM15114v1,GCA_000151145.1,2010-06-BroadInstitute,N,N,N,Y,N,Y,fungi_ascomycota1_collection_core_61_114_1,16,,GCF_000151145.1,PRJNA49289,SAMN02953735,ABVF00000000.1,reference genome,554155,63405,Microsporum canis CBS 113480,strain=CBS 113480,na,latest,Scaffold,Major,Full,2008-10-22,ASM15114v1,Broad Institute,GCA_000151145.1,identical,https://ftp.ncbi.nlm.nih.gov/genomes/all/GCF/000/151/145/GCF_000151145.1_ASM15114v1,na,na,na,haploid,fungi,23241642,23116036,47.5,0,16,309,Broad Institute,Annotation submitted by Broad Institute,2019-11-27,8847,8765,81,na,Microsporum_canis_cbs_113480_gca_000151145.ASM15114v1.dna.toplevel.fa,GCF_000151145.1_ASM15114v1_genomic.fna.gz
saccharomyces_cerevisiae,EnsemblFungi,559292,R64-1-1,GCA_000146045.2,2018-08-SGD,Y,Y,Y,Y,Y,Y,saccharomyces_cerevisiae_core_61_114_4,1,,GCF_000146045.2,PRJNA128,na,na,reference genome,559292,4932,Saccharomyces cerevisiae S288C,strain=S288C,na,latest,Complete Genome,Major,Full,2014-12-17,R64,Saccharomyces Genome Database,GCA_000146045.2,different,https://ftp.ncbi.nlm.nih.gov/genomes/all/GCF/000/146/045/GCF_000146045.2_R64,na,na,na,haploid,fungi,12071326,12071326,38.5,16,16,16,SGD,SGD R64-5-1,2025-03-05,6477,6021,438,7670463;7813418;9169869;1574125;9169867;8091229;9169872;7731988;9169870;9169868;9169873;8196765;9169875;8641269;9872396;8849441;9169871;9169874;34897464,,GCF_000146045.2_R64_genomic.fna.gz
lachancea_thermotolerans_cbs_6340_gca_000142805,EnsemblFungi,559295,ASM14280v1,GCA_000142805.1,2015-02-GenolevuresConsortium,N,N,N,N,N,Y,fungi_ascomycota1_collection_core_61_114_1,49,,GCF_000142805.1,PRJNA39575,SAMEA3138300,na,reference genome,559295,381046,Lachancea thermotolerans CBS 6340,strain=CBS 6340,na,latest,Chromosome,Major,Full,2009-06-05,ASM14280v1,Génolevures Consortium,GCA_000142805.1,identical,https://ftp.ncbi.nlm.nih.gov/genomes/all/GCF/000/142/805/GCF_000142805.1_ASM14280v1,na,assembly from type material,na,haploid,fungi,10392862,10390139,47.5,8,8,8,Génolevures Consortium,Annotation submitted by Génolevures Consortium,2024-12-04,5384,5092,292,19525356,Lachancea_thermotolerans_cbs_6340_gca_000142805.ASM14280v1.dna.toplevel.fa,GCF_000142805.1_ASM14280v1_genomic.fna.gz
blastomyces_dermatitidis_er_3_gca_000003525,EnsemblFungi,559297,BD_ER3_V1,GCA_000003525.2,2016-06-BroadInstitute,N,N,N,Y,N,Y,fungi_ascomycota1_collection_core_61_114_1,6,,GCF_000003525.1,PRJNA319322,SAMN02953741,ACBT00000000.1,reference genome,559297,5039,Blastomyces dermatitidis ER-3,strain=ER-3,na,latest,Scaffold,Major,Full,2009-02-24,BD_ER3_V1,Broad Institute,GCA_000003525.2,identical,https://ftp.ncbi.nlm.nih.gov/genomes/all/GCF/000/003/525/GCF_000003525.1_BD_ER3_V1,na,na,na,haploid,fungi,66568269,66230255,37.0,0,25,591,Broad Institute,Annotation submitted by Broad Institute,2022-04-19,10080,9754,132,na,Blastomyces_dermatitidis_er_3_gca_000003525.BD_ER3_V1.dna.toplevel.fa,GCF_000003525.1_BD_ER3_V1_genomic.fna.gz
blastomyces_gilchristii_slh14081_gca_000003855,EnsemblFungi,559298,BD_SLH14081_V1,GCA_000003855.2,2016-06-BroadInstitute,N,N,N,N,N,Y,fungi_ascomycota1_collection_core_61_114_1,119,,GCF_000003855.2,PRJNA41099,SAMN02953742,ACBU00000000.1,reference genome,559298,1681229,Blastomyces gilchristii SLH14081,strain=SLH14081,na,latest,Scaffold,Minor,Full,2009-02-24,BD_SLH14081_V1,Broad Institute,GCA_000003855.2,identical,https://ftp.ncbi.nlm.nih.gov/genomes/all/GCF/000/003/855/GCF_000003855.2_BD_SLH14081_V1,na,na,na,haploid,fungi,75353942,74342981,36.0,0,100,1791,Broad Institute,Annotation submitted by Broad Institute,2019-11-27,10148,9692,150,na,Blastomyces_gilchristii_slh14081_gca_000003855.BD_SLH14081_V1.dna.toplevel.fa,GCF_000003855.2_BD_SLH14081_V1_genomic.fna.gz
trichophyton_rubrum_cbs_118892_gca_000151425,EnsemblFungi,559305,ASM15142v1,GCA_000151425.1,2014-08-BroadInstitute,N,N,N,N,N,Y,fungi_ascomycota1_collection_core_61_114_1,71,,GCF_000151425.1,PRJNA65025,SAMN02953760,ACPH00000000.1,reference genome,559305,5551,Trichophyton rubrum CBS 118892,strain=CBS 118892,na,latest,Scaffold,Major,Full,2009-11-30,ASM15142v1,Broad Institute,GCA_000151425.1,identical,https://ftp.ncbi.nlm.nih.gov/genomes/all/GCF/000/151/425/GCF_000151425.1_ASM15142v1,na,na,na,haploid,fungi,22502330,22100498,48.5,0,35,622,Broad Institute,Annotation submitted by Broad Institute,2022-04-18,8713,8616,96,na,Trichophyton_rubrum_cbs_118892_gca_000151425.ASM15142v1.dna.toplevel.fa,GCF_000151425.1_ASM15142v1_genomic.fna.gz
alternaria_alternata_gca_001642055,EnsemblFungi,5599,Altal1,GCA_001642055.1,2016-06-DOEJointGenomeInstitute,N,N,N,Y,N,Y,fungi_ascomycota3_collection_core_61_114_1,150,,GCF_001642055.1,PRJNA342680,SAMN02745592,LXPP00000000.1,reference genome,5599,5599,Alternaria alternata,strain=SRC1lrK2f,na,latest,Scaffold,Major,Full,2016-05-11,Altal1,DOE Joint Genome Institute,GCA_001642055.1,identical,https://ftp.ncbi.nlm.nih.gov/genomes/all/GCF/001/642/055/GCF_001642055.1_Altal1,na,na,na,haploid,fungi,32990834,32986874,51.5,0,79,91,NCBI RefSeq,Annotation submitted by NCBI RefSeq,2016-09-26,13577,13466,106,na,Alternaria_alternata_gca_001642055.Altal1.dna.toplevel.fa,GCF_001642055.1_Altal1_genomic.fna.gz
alternaria_alternata_gca_004154755,EnsemblFungi,5599,ASM415475v1,GCA_004154755.1,2019-03-NIABEastMallingResearch,N,N,N,N,N,Y,fungi_ascomycota5_collection_core_61_114_1,181,,GCF_001642055.1,PRJNA342680,SAMN02745592,LXPP00000000.1,reference genome,5599,5599,Alternaria alternata,strain=SRC1lrK2f,na,latest,Scaffold,Major,Full,2016-05-11,Altal1,DOE Joint Genome Institute,GCA_001642055.1,identical,https://ftp.ncbi.nlm.nih.gov/genomes/all/GCF/001/642/055/GCF_001642055.1_Altal1,na,na,na,haploid,fungi,32990834,32986874,51.5,0,79,91,NCBI RefSeq,Annotation submitted by NCBI RefSeq,2016-09-26,13577,13466,106,na,Alternaria_alternata_gca_004154755.ASM415475v1.dna.toplevel.fa,GCF_001642055.1_Altal1_genomic.fna.gz
scedosporium_apiospermum_gca_000732125,EnsemblFungi,563466,ScApio1.0,GCA_000732125.1,2018-04-LUNAMAngersUniversity,N,N,N,Y,N,Y,fungi_ascomycota1_collection_core_61_114_1,218,,GCF_000732125.1,PRJNA319335,SAMN02727168,JOWA00000000.1,reference genome,563466,563466,Scedosporium apiospermum,strain=IHEM 14462,na,latest,Scaffold,Major,Full,2014-07-21,ScApio1.0,LUNAM - Angers University,GCA_000732125.1,identical,https://ftp.ncbi.nlm.nih.gov/genomes/all/GCF/000/732/125/GCF_000732125.1_ScApio1.0,na,na,na,haploid,fungi,43437139,43202145,50.5,0,176,176,LUNAM - Angers University,Annotation submitted by LUNAM - Angers University,2023-09-11,10920,8376,0,25278533,Scedosporium_apiospermum_gca_000732125.ScApio1.0.dna.toplevel.fa,GCF_000732125.1_ScApio1.0_genomic.fna.gz
fusarium_venenatum_gca_900007375,EnsemblFungi,56646,ASM90000737v1,GCA_900007375.1,2018-03-ROTHAMSTEDRESEARCH,N,N,N,N,N,Y,fungi_ascomycota4_collection_core_61_114_1,103,,GCF_020744135.1,PRJNA1120880,SAMN10362839,JAGMVI000000000.1,reference genome,56646,56646,Fusarium venenatum,strain=MPI-CAGE-CH-0201,na,latest,Contig,Major,Full,2021-11-04,Fusven1,DOE Joint Genome Institute,GCA_020744135.1,identical,https://ftp.ncbi.nlm.nih.gov/genomes/all/GCF/020/744/135/GCF_020744135.1_Fusven1,na,na,na,haploid,fungi,37452605,37452605,47.5,0,9,9,DOE Joint Genome Institute,Annotation submitted by DOE Joint Genome Institute,2024-06-10,13158,12844,308,na,Fusarium_venenatum_gca_900007375.ASM90000737v1.dna.toplevel.fa,GCF_020744135.1_Fusven1_genomic.fna.gz
cladophialophora_immunda_gca_000835495,EnsemblFungi,569365,Clad_immu_CBS83496_V1,GCA_000835495.1,2016-06-BroadInstitute,N,N,N,N,N,Y,fungi_ascomycota2_collection_core_61_114_1,59,,GCF_000835495.1,PRJNA326656,SAMN03176946,JYBZ00000000.1,reference genome,569365,569365,Cladophialophora immunda,strain=CBS 83496,na,latest,Scaffold,Major,Full,2015-02-23,Clad_immu_CBS83496_V1,Broad Institute,GCA_000835495.1,identical,https://ftp.ncbi.nlm.nih.gov/genomes/all/GCF/000/835/495/GCF_000835495.1_Clad_immu_CBS83496_V1,na,assembly from type material,na,haploid,fungi,43029152,42968387,53.0,0,277,363,Broad Institute,Annotation submitted by Broad Institute,2024-01-05,12879,12830,45,na,Cladophialophora_immunda_gca_000835495.Clad_immu_CBS83496_V1.dna.toplevel.fa,GCF_000835495.1_Clad_immu_CBS83496_V1_genomic.fna.gz
thermothelomyces_thermophilus_atcc_42464_gca_000226095,EnsemblFungi,573729,ASM22609v1,GCA_000226095.1,2016-06-DOEJointGenomeInstitute,N,N,N,N,N,Y,fungi_ascomycota1_collection_core_61_114_1,51,,GCF_000226095.1,PRJNA79339,SAMN00739435,na,reference genome,573729,78579,Thermothelomyces thermophilus ATCC 42464,strain=ATCC 42464,na,latest,Complete Genome,Major,Full,2011-09-16,ASM22609v1,DOE Joint Genome Institute,GCA_000226095.1,identical,https://ftp.ncbi.nlm.nih.gov/genomes/all/GCF/000/226/095/GCF_000226095.1_ASM22609v1,na,na,na,haploid,fungi,38744216,38744216,51.5,7,7,7,DOE Joint Genome Institute,Annotation submitted by DOE Joint Genome Institute,2020-09-19,9292,9097,192,21964414,Thermothelomyces_thermophilus_atcc_42464_gca_000226095.ASM22609v1.dna.toplevel.fa,GCF_000226095.1_ASM22609v1_genomic.fna.gz
candida_dubliniensis_cd36_gca_000026945,EnsemblFungi,573826,ASM2694v1,GCA_000026945.1,2015-02-WellcomeTrustSangerInstitute,N,N,N,N,N,Y,fungi_ascomycota1_collection_core_61_114_1,140,,GCF_000026945.1,PRJNA38659,SAMEA2272258,na,reference genome,573826,42374,Candida dubliniensis CD36,strain=CD36,na,latest,Complete Genome,Major,Full,2009-02-16,ASM2694v1,Wellcome Trust Sanger Institute,GCA_000026945.1,identical,https://ftp.ncbi.nlm.nih.gov/genomes/all/GCF/000/026/945/GCF_000026945.1_ASM2694v1,na,assembly from type material,na,haploid,fungi,14618422,14618422,33.0,8,8,8,Wellcome Trust Sanger Institute,Annotation submitted by Wellcome Trust Sanger Institute,2017-08-28,6093,5859,112,19745113,Candida_dubliniensis_cd36_gca_000026945.ASM2694v1.dna.toplevel.fa,GCF_000026945.1_ASM2694v1_genomic.fna.gz
mytilinidion_resinicola_gca_010093595,EnsemblFungi,574789,Mytre1,GCA_010093595.1,2020-02-DOEJointGenomeInstitute,N,N,N,N,N,Y,fungi_ascomycota4_collection_core_61_114_1,111,,GCF_010093595.1,PRJNA625774,SAMN05446164,JAAEJJ000000000.1,reference genome,574789,574789,Mytilinidion resinicola,strain=CBS 304.34,na,latest,Scaffold,Major,Full,2020-01-31,Mytre1,DOE Joint Genome Institute,GCA_010093595.1,identical,https://ftp.ncbi.nlm.nih.gov/genomes/all/GCF/010/093/595/GCF_010093595.1_Mytre1,na,assembly from type material,na,haploid,fungi,47275052,46750081,50.5,0,73,577,DOE Joint Genome Institute,Annotation submitted by DOE Joint Genome Institute,2020-04-21,16878,16792,77,na,Mytilinidion_resinicola_gca_010093595.Mytre1.dna.toplevel.fa,GCF_010093595.1_Mytre1_genomic.fna.gz
thermothielavioides_terrestris_nrrl_8126_gca_000226115,EnsemblFungi,578455,ASM22611v1,GCA_000226115.1,2014-09-DOEJointGenomeInstitute,N,N,N,N,N,Y,fungi_ascomycota1_collection_core_61_114_1,30,,GCF_000226115.1,PRJNA79337,SAMN02744067,na,reference genome,578455,2587410,Thermothielavioides terrestris NRRL 8126,strain=NRRL 8126,na,latest,Complete Genome,Major,Full,2011-09-16,ASM22611v1,DOE Joint Genome Institute,GCA_000226115.1,identical,https://ftp.ncbi.nlm.nih.gov/genomes/all/GCF/000/226/115/GCF_000226115.1_ASM22611v1,na,na,na,haploid,fungi,36912256,36912256,54.5,6,6,6,DOE Joint Genome Institute,Annotation submitted by DOE Joint Genome Institute,2019-11-29,9958,9802,152,21964414,Thermothielavioides_terrestris_nrrl_8126_gca_000226115.ASM22611v1.dna.toplevel.fa,GCF_000226115.1_ASM22611v1_genomic.fna.gz
tremella_mesenterica_dsm_1558_gca_000271645,EnsemblFungi,578456,Treme1,GCA_000271645.1,2013-05-DOEJointGenomeInstitute,N,N,N,Y,N,Y,fungi_basidiomycota1_collection_core_61_114_1,17,,GCF_000271645.1,PRJNA225529,SAMN02744056,AFVY00000000.1,reference genome,578456,5217,Tremella mesenterica DSM 1558,strain=Fries,na,latest,Scaffold,Major,Full,2012-06-22,Treme1,DOE Joint Genome Institute,GCA_000271645.1,identical,https://ftp.ncbi.nlm.nih.gov/genomes/all/GCF/000/271/645/GCF_000271645.1_Treme1,na,na,na,haploid,fungi,28639919,27987508,46.5,0,45,484,DOE Joint Genome Institute,Annotation submitted by DOE Joint Genome Institute,2020-02-05,8292,8291,0,22745431,Tremella_mesenterica_dsm_1558_gca_000271645.Treme1.dna.toplevel.fa,GCF_000271645.1_Treme1_genomic.fna.gz
serpula_lacrymans_var_lacrymans_s7_9_gca_000218685,EnsemblFungi,578457,v1.0,GCA_000218685.1,2011-06-USDOEJointGenomeInstituteJGIPGF,N,N,N,N,N,Y,fungi_basidiomycota1_collection_core_61_114_1,20,,GCF_000218685.1,PRJNA225516,SAMN02744068,AEQB00000000.1,reference genome,578457,85982,Serpula lacrymans var. lacrymans S7.9,strain=S7.9,na,latest,Scaffold,Major,Full,2011-06-17,v1.0,US DOE Joint Genome Institute (JGI-PGF),GCA_000218685.1,identical,https://ftp.ncbi.nlm.nih.gov/genomes/all/GCF/000/218/685/GCF_000218685.1_v1.0,na,na,na,haploid,fungi,42797233,42400076,45.5,0,46,434,US DOE Joint Genome Institute (JGI-PGF),Annotation submitted by US DOE Joint Genome Institute (JGI-PGF),2023-12-29,12908,12905,0,21764756,Serpula_lacrymans_var_lacrymans_s7_9_gca_000218685.v1.0.dna.toplevel.fa,GCF_000218685.1_v1.0_genomic.fna.gz
schizophyllum_commune,EnsemblFungi,578458,GCA000143185v2,GCA_000143185.2,VEuPathDB-GCA000143185v2.0,N,N,N,Y,N,Y,schizophyllum_commune_core_61_114_2,1,,GCF_000143185.2,PRJNA51487,SAMN02194201,ADMJ00000000.2,reference genome,578458,5334,Schizophyllum commune H4-8,strain=H4-8,na,latest,Scaffold,Major,Full,2022-05-17,Schco3,US DOE Joint Genome Institute (JGI-PGF),GCA_000143185.2,identical,https://ftp.ncbi.nlm.nih.gov/genomes/all/GCF/000/143/185/GCF_000143185.2_Schco3,na,na,na,haploid,fungi,38670379,38611179,57.5,0,25,72,US DOE Joint Genome Institute (JGI-PGF),Annotation submitted by US DOE Joint Genome Institute (JGI-PGF),2022-08-29,16467,16187,279,20622885,Schizophyllum_commune.GCA000143185v2.dna.toplevel.fa,GCF_000143185.2_Schco3_genomic.fna.gz
rhodotorula_graminis_wp1_gca_001329695,EnsemblFungi,578459,Rhoba1_1,GCA_001329695.1,2016-06-DOEJointGenomeInstitute,N,N,N,Y,N,Y,fungi_basidiomycota1_collection_core_61_114_1,117,,GCF_001329695.1,PRJNA342700,SAMN00138171,JTAO00000000.1,reference genome,578459,29898,Rhodotorula graminis WP1,strain=WP1,na,latest,Scaffold,Major,Full,2015-10-19,Rhoba1_1,DOE Joint Genome Institute,GCA_001329695.1,identical,https://ftp.ncbi.nlm.nih.gov/genomes/all/GCF/001/329/695/GCF_001329695.1_Rhoba1_1,na,na,na,haploid,fungi,21013998,20777263,68.0,0,26,322,DOE Joint Genome Institute,Annotation submitted by DOE Joint Genome Institute,2020-02-05,7376,7222,151,26441909,Rhodotorula_graminis_wp1_gca_001329695.Rhoba1_1.dna.toplevel.fa,GCF_001329695.1_Rhoba1_1_genomic.fna.gz
trichoderma_citrinoviride_gca_003025115,EnsemblFungi,58853,Trici v4.0,GCA_003025115.1,2018-04-DOEJointGenomeInstitute,N,N,N,N,N,Y,fungi_ascomycota4_collection_core_61_114_1,79,,GCF_003025115.1,PRJNA453598,SAMN05369575,MBDI00000000.1,reference genome,58853,58853,Trichoderma citrinoviride,strain=TUCIM 6016,na,latest,Scaffold,Major,Full,2018-03-30,Trici v4.0,DOE Joint Genome Institute,GCA_003025115.1,identical,https://ftp.ncbi.nlm.nih.gov/genomes/all/GCF/003/025/115/GCF_003025115.1_Trici_v4.0,na,na,na,haploid,fungi,33215161,33131031,52.5,0,533,754,DOE Joint Genome Institute,Annotation submitted by DOE Joint Genome Institute,2018-04-27,9929,9734,195,na,Trichoderma_citrinoviride_gca_003025115.Trici_v4.0.dna.toplevel.fa,GCF_003025115.1_Trici_v4.0_genomic.fna.gz
rhizophagus_irregularis_gca_001593125,EnsemblFungi,588596,ASM159312v1,GCA_001593125.1,2017-12-UniversityofOttawa,N,N,N,N,N,Y,fungi_mucoromycota1_collection_core_61_114_1,20,,GCF_026210795.1,PRJNA1128271,SAMN31081226,na,reference genome,588596,588596,Rhizophagus irregularis,na,DAOM-197198,latest,Chromosome,Major,Full,2022-11-16,ASM2621079v1,Royal Botanic Gardens Kew,GCA_026210795.1,identical,https://ftp.ncbi.nlm.nih.gov/genomes/all/GCF/026/210/795/GCF_026210795.1_ASM2621079v1,na,na,na,haploid,fungi,146773001,146771001,28.0,32,32,32,Royal Botanic Gardens Kew,Annotation submitted by Royal Botanic Gardens Kew,2024-06-26,30147,30147,0,na,Rhizophagus_irregularis_gca_001593125.ASM159312v1.dna.toplevel.fa,GCF_026210795.1_ASM2621079v1_genomic.fna.gz
rhizophagus_irregularis_gca_001593155,EnsemblFungi,588596,ASM159315v1,GCA_001593155.1,2017-12-UniversityofOttawa,N,N,N,N,N,Y,fungi_mucoromycota1_collection_core_61_114_1,25,,GCF_026210795.1,PRJNA1128271,SAMN31081226,na,reference genome,588596,588596,Rhizophagus irregularis,na,DAOM-197198,latest,Chromosome,Major,Full,2022-11-16,ASM2621079v1,Royal Botanic Gardens Kew,GCA_026210795.1,identical,https://ftp.ncbi.nlm.nih.gov/genomes/all/GCF/026/210/795/GCF_026210795.1_ASM2621079v1,na,na,na,haploid,fungi,146773001,146771001,28.0,32,32,32,Royal Botanic Gardens Kew,Annotation submitted by Royal Botanic Gardens Kew,2024-06-26,30147,30147,0,na,Rhizophagus_irregularis_gca_001593155.ASM159315v1.dna.toplevel.fa,GCF_026210795.1_ASM2621079v1_genomic.fna.gz
rhizophagus_irregularis_gca_001593205,EnsemblFungi,588596,ASM159320v1,GCA_001593205.1,2017-12-UniversityofOttawa,N,N,N,N,N,Y,fungi_mucoromycota1_collection_core_61_114_1,24,,GCF_026210795.1,PRJNA1128271,SAMN31081226,na,reference genome,588596,588596,Rhizophagus irregularis,na,DAOM-197198,latest,Chromosome,Major,Full,2022-11-16,ASM2621079v1,Royal Botanic Gardens Kew,GCA_026210795.1,identical,https://ftp.ncbi.nlm.nih.gov/genomes/all/GCF/026/210/795/GCF_026210795.1_ASM2621079v1,na,na,na,haploid,fungi,146773001,146771001,28.0,32,32,32,Royal Botanic Gardens Kew,Annotation submitted by Royal Botanic Gardens Kew,2024-06-26,30147,30147,0,na,Rhizophagus_irregularis_gca_001593205.ASM159320v1.dna.toplevel.fa,GCF_026210795.1_ASM2621079v1_genomic.fna.gz
rhizophagus_irregularis_gca_001593145,EnsemblFungi,588596,ASM159314v1,GCA_001593145.1,2018-01-UniversityofOttawa,N,N,N,N,N,Y,fungi_mucoromycota1_collection_core_61_114_1,28,,GCF_026210795.1,PRJNA1128271,SAMN31081226,na,reference genome,588596,588596,Rhizophagus irregularis,na,DAOM-197198,latest,Chromosome,Major,Full,2022-11-16,ASM2621079v1,Royal Botanic Gardens Kew,GCA_026210795.1,identical,https://ftp.ncbi.nlm.nih.gov/genomes/all/GCF/026/210/795/GCF_026210795.1_ASM2621079v1,na,na,na,haploid,fungi,146773001,146771001,28.0,32,32,32,Royal Botanic Gardens Kew,Annotation submitted by Royal Botanic Gardens Kew,2024-06-26,30147,30147,0,na,Rhizophagus_irregularis_gca_001593145.ASM159314v1.dna.toplevel.fa,GCF_026210795.1_ASM2621079v1_genomic.fna.gz
tilletiopsis_washingtonensis_gca_003144115,EnsemblFungi,58919,Tilwa1,GCA_003144115.1,2018-05-DOEJointGenomeInstitute,N,N,N,Y,N,Y,fungi_basidiomycota1_collection_core_61_114_1,229,,GCF_003144115.1,PRJNA480019,SAMN05503900,MKCN00000000.1,reference genome,58919,58919,Tilletiopsis washingtonensis,strain=MCA 4186,na,latest,Scaffold,Major,Full,2018-05-21,Tilwa1,DOE Joint Genome Institute,GCA_003144115.1,identical,https://ftp.ncbi.nlm.nih.gov/genomes/all/GCF/003/144/115/GCF_003144115.1_Tilwa1,na,na,na,haploid,fungi,18761941,18597370,67.5,0,38,263,DOE Joint Genome Institute,Annotation submitted by DOE Joint Genome Institute,2018-07-12,7053,7005,48,29771364,Tilletiopsis_washingtonensis_gca_003144115.Tilwa1.dna.toplevel.fa,GCF_003144115.1_Tilwa1_genomic.fna.gz
agaricus_bisporus_var_burnettii_jb137_s8_gca_000300555,EnsemblFungi,597362,Agabi_varbur_1,GCA_000300555.1,2012-10-JGI,N,N,N,Y,N,Y,fungi_basidiomycota1_collection_core_61_114_1,51,,GCF_000300555.1,PRJNA242539,SAMN00188834,AEOL00000000.1,na,597362,5341,Agaricus bisporus var. burnettii JB137-S8,strain=JB137-s8,na,latest,Scaffold,Major,Full,2012-10-16,Agabi_varbur_1,JGI,GCA_000300555.1,identical,https://ftp.ncbi.nlm.nih.gov/genomes/all/GCF/000/300/555/GCF_000300555.1_Agabi_varbur_1,na,na,na,haploid,fungi,32614392,31234014,46.5,0,2016,2526,JGI,Annotation submitted by JGI,2024-01-02,11443,11255,184,23045686,Agaricus_bisporus_var_burnettii_jb137_s8_gca_000300555.Agabi_varbur_1.dna.toplevel.fa,GCF_000300555.1_Agabi_varbur_1_genomic.fna.gz
fibroporia_radiculosa_gca_000313525,EnsemblFungi,599839,ASM31352v1,GCA_000313525.1,2015-09-ForestProductsMississippiStateUniversity,N,N,N,Y,N,Y,fungi_basidiomycota1_collection_core_61_114_1,36,,GCF_000313525.1,PRJNA244785,SAMEA2272653,CAGC00000000.1,reference genome,599839,599839,Fibroporia radiculosa,strain=TFFH 294,na,latest,Scaffold,Major,Full,2012-03-30,ASM31352v1,"Forest Products, Mississippi State University",GCA_000313525.1,identical,https://ftp.ncbi.nlm.nih.gov/genomes/all/GCF/000/313/525/GCF_000313525.1_ASM31352v1,na,na,na,haploid,fungi,28378039,28216918,51.0,0,861,1823,NCBI RefSeq,Annotation submitted by NCBI RefSeq,2015-04-16,9184,9184,0,na,Fibroporia_radiculosa_gca_000313525.ASM31352v1.dna.toplevel.fa,identical_genomic.fna.gz
penicillium_solitum_gca_002072235,EnsemblFungi,60172,ASM207223v1,GCA_002072235.1,2017-04-ChalmersUniversityofTechnology,N,N,N,N,N,Y,fungi_ascomycota3_collection_core_61_114_1,236,,GCF_028829755.1,PRJNA973687,SAMN30185373,JAQKAH000000000.1,reference genome,60172,60172,Penicillium solitum,strain=IBT 25940,na,latest,Contig,Major,Full,2023-02-23,ASM2882975v1,Aalborg University,GCA_028829755.1,different,https://ftp.ncbi.nlm.nih.gov/genomes/all/GCF/028/829/755/GCF_028829755.1_ASM2882975v1,na,na,na,haploid,fungi,33256298,33256298,48.0,0,8,8,Aalborg University,Annotation submitted by Aalborg University,2024-06-10,12720,12720,0,36726175,Penicillium_solitum_gca_002072235.ASM207223v1.dna.toplevel.fa,GCF_028829755.1_ASM2882975v1_genomic.fna.gz
aspergillus_caelatus_gca_009193585,EnsemblFungi,61420,Aspcae1,GCA_009193585.1,2019-11-DOEJointGenomeInstitute,N,N,N,N,N,Y,fungi_ascomycota5_collection_core_61_114_1,14,,GCF_009193585.1,PRJNA602440,SAMN05445973,STFO00000000.1,reference genome,61420,61420,Aspergillus caelatus,strain=CBS 763.97,na,latest,Scaffold,Major,Full,2019-10-18,Aspcae1,DOE Joint Genome Institute,GCA_009193585.1,identical,https://ftp.ncbi.nlm.nih.gov/genomes/all/GCF/009/193/585/GCF_009193585.1_Aspcae1,na,assembly from type material,na,haploid,fungi,40016351,40004407,47.5,0,729,814,DOE Joint Genome Institute,Annotation submitted by DOE Joint Genome Institute,2025-02-22,14157,13913,244,na,Aspergillus_caelatus_gca_009193585.Aspcae1.dna.toplevel.fa,GCF_009193585.1_Aspcae1_genomic.fna.gz
spathaspora_passalidarum_nrrl_y_27907_gca_000223485,EnsemblFungi,619300,Spathaspora passalidarum v2.0,GCA_000223485.1,2011-08-DOEJointGenomeInstitute,N,N,N,Y,N,Y,fungi_ascomycota1_collection_core_61_114_1,125,,GCF_000223485.1,PRJNA225527,SAMN00714472,AEIK00000000.1,reference genome,619300,340170,Spathaspora passalidarum NRRL Y-27907,strain=NRRL Y-27907,na,latest,Scaffold,Major,Full,2011-08-25,Spathaspora passalidarum v2.0,DOE Joint Genome Institute,GCA_000223485.1,identical,https://ftp.ncbi.nlm.nih.gov/genomes/all/GCF/000/223/485/GCF_000223485.1_Spathaspora_passalidarum_v2.0,na,assembly from type material,na,haploid,fungi,13182099,13079731,37.5,0,8,26,DOE Joint Genome Institute,Annotation submitted by DOE Joint Genome Institute,2023-12-29,5978,5978,0,21788494,Spathaspora_passalidarum_nrrl_y_27907_gca_000223485.Spathaspora_passalidarum_v2.0.dna.toplevel.fa,GCF_000223485.1_Spathaspora_passalidarum_v2.0_genomic.fna.gz
komagataella_pastoris,EnsemblFungi,644223,ASM2700v1,GCA_000027005.1,2009-07-VIB,N,N,N,Y,N,Y,komagataella_pastoris_core_61_114_1,1,,GCF_000027005.1,PRJNA39439,SAMEA2272385,na,reference genome,644223,460519,Komagataella phaffii GS115,strain=GS115,na,latest,Chromosome,Major,Full,2009-05-25,ASM2700v1,"Unit for Molecular Glycobiology, Department for Molecular Biomedical Research, VIB, UGent, Belgium",GCA_000027005.1,identical,https://ftp.ncbi.nlm.nih.gov/genomes/all/GCF/000/027/005/GCF_000027005.1_ASM2700v1,na,na,na,haploid,fungi,9216378,9215851,41.0,4,4,4,"Unit for Molecular Glycobiology, Department for Molecular Biomedical Research, VIB, UGent, Belgium","Annotation submitted by Unit for Molecular Glycobiology, Department for Molecular Biomedical Research, VIB, UGent, Belgium",2023-02-17,5040,5040,0,19465926,, UGent_genomic.fna.gz
komagataella_phaffii_gs115_gca_001746955,EnsemblFungi,644223,ASM174695v1,GCA_001746955.1,2016-09-MassachusettsInstituteofTechnology,N,N,N,Y,N,Y,fungi_ascomycota3_collection_core_61_114_1,190,,GCF_000027005.1,PRJNA39439,SAMEA2272385,na,reference genome,644223,460519,Komagataella phaffii GS115,strain=GS115,na,latest,Chromosome,Major,Full,2009-05-25,ASM2700v1,"Unit for Molecular Glycobiology, Department for Molecular Biomedical Research, VIB, UGent, Belgium",GCA_000027005.1,identical,https://ftp.ncbi.nlm.nih.gov/genomes/all/GCF/000/027/005/GCF_000027005.1_ASM2700v1,na,na,na,haploid,fungi,9216378,9215851,41.0,4,4,4,"Unit for Molecular Glycobiology, Department for Molecular Biomedical Research, VIB, UGent, Belgium","Annotation submitted by Unit for Molecular Glycobiology, Department for Molecular Biomedical Research, VIB, UGent, Belgium",2023-02-17,5040,5040,0,19465926,Komagataella_phaffii_gs115_gca_001746955.ASM174695v1.dna.toplevel.fa, UGent_genomic.fna.gz
gaeumannomyces_graminis,EnsemblFungi,644352,Gae_graminis_V2,GCA_000145635.1,2012-08-ENA,N,N,N,Y,N,Y,gaeumannomyces_graminis_core_61_114_1,1,,GCF_000145635.1,PRJNA225513,SAMN02981249,ADBI00000000.1,reference genome,644352,36779,Gaeumannomyces tritici R3-111a-1,strain=R3-111a-1,na,latest,Scaffold,Major,Full,2010-08-25,Gae_graminis_V2,Broad Institute,GCA_000145635.1,identical,https://ftp.ncbi.nlm.nih.gov/genomes/all/GCF/000/145/635/GCF_000145635.1_Gae_graminis_V2,na,na,na,haploid,fungi,43618147,40880106,57.0,0,513,1808,Broad Institute,Annotation submitted by Broad Institute,2017-07-12,14749,14458,211,na,,GCF_000145635.1_Gae_graminis_V2_genomic.fna.gz
colletotrichum_graminicola,EnsemblFungi,645133,C_graminicola_M1_001_V1,GCA_000149035.1,2011-11-Broad,N,N,N,Y,N,Y,colletotrichum_graminicola_core_61_114_1,1,,GCF_000149035.1,PRJNA225514,SAMN02953757,ACOD00000000.1,reference genome,645133,31870,Colletotrichum graminicola M1.001,strain=M1.001,na,latest,Scaffold,Major,Full,2010-10-12,C_graminicola_M1_001_V1,Broad Institute,GCA_000149035.1,identical,https://ftp.ncbi.nlm.nih.gov/genomes/all/GCF/000/149/035/GCF_000149035.1_C_graminicola_M1_001_V1,na,assembly from type material,na,haploid,fungi,51604658,50866947,49.0,0,653,1151,Broad Institute,Annotation submitted by Broad Institute,2022-02-25,12399,12019,379,na,,GCF_000149035.1_C_graminicola_M1_001_V1_genomic.fna.gz
spizellomyces_punctatus_daom_br117_gca_000182565,EnsemblFungi,645134,S_punctatus_V1,GCA_000182565.2,2015-07-BroadInstitute,N,N,N,Y,N,Y,fungi_chytridiomycota1_collection_core_61_114_1,2,,GCF_000182565.1,PRJNA319336,SAMN00716787,ACOE00000000.1,reference genome,645134,109760,Spizellomyces punctatus DAOM BR117,strain=DAOM BR117,na,latest,Scaffold,Major,Full,2015-07-29,S_punctatus_V1,Broad Institute,GCA_000182565.2,identical,https://ftp.ncbi.nlm.nih.gov/genomes/all/GCF/000/182/565/GCF_000182565.1_S_punctatus_V1,na,na,na,haploid,fungi,24131112,23906001,47.5,0,38,329,Broad Institute,Annotation submitted by Broad Institute,2022-04-18,9169,8950,214,na,Spizellomyces_punctatus_daom_br117_gca_000182565.S_punctatus_V1.dna.toplevel.fa,GCF_000182565.1_S_punctatus_V1_genomic.fna.gz
lobosporangium_transversale_gca_002105155,EnsemblFungi,64571,Lobtra1,GCA_002105155.1,2017-05-DOEJointGenomeInstitute,N,N,N,Y,N,Y,fungi_mucoromycota1_collection_core_61_114_1,19,,GCF_002105155.1,PRJNA396744,SAMN05421885,MCFF00000000.1,reference genome,64571,64571,Lobosporangium transversale,strain=NRRL 3116,na,latest,Contig,Major,Full,2017-04-20,Lobtra1,DOE Joint Genome Institute,GCA_002105155.1,identical,https://ftp.ncbi.nlm.nih.gov/genomes/all/GCF/002/105/155/GCF_002105155.1_Lobtra1,na,assembly from type material,na,haploid,fungi,42768949,42768949,41.5,0,138,138,DOE Joint Genome Institute,Annotation submitted by DOE Joint Genome Institute,2017-08-29,11983,11818,165,na,Lobosporangium_transversale_gca_002105155.Lobtra1.dna.toplevel.fa,GCF_002105155.1_Lobtra1_genomic.fna.gz
phanerochaete_carnosa_hhb_10118_sp_gca_000300595,EnsemblFungi,650164,Phanerochaete carnosa HHB-10118-Sp v1.0,GCA_000300595.1,2012-10-DOEJointGenomeInstitute,N,N,N,N,N,Y,fungi_basidiomycota1_collection_core_61_114_1,48,,GCF_000300595.1,PRJNA242544,SAMN02981278,AEHB00000000.1,reference genome,650164,231932,Phanerochaete carnosa HHB-10118-sp,strain=HHB-10118-sp,na,latest,Scaffold,Major,Full,2012-10-16,Phanerochaete carnosa HHB-10118-Sp v1.0,DOE Joint Genome Institute,GCA_000300595.1,identical,https://ftp.ncbi.nlm.nih.gov/genomes/all/GCF/000/300/595/GCF_000300595.1_Phanerochaete_carnosa_HHB-10118-Sp_v1.0,na,na,na,haploid,fungi,46293325,43133388,53.0,0,1137,2598,DOE Joint Genome Institute,Annotation submitted by DOE Joint Genome Institute,2020-02-05,14080,13918,138,22937793,Phanerochaete_carnosa_hhb_10118_sp_gca_000300595.Phanerochaete_carnosa_HHB-10118-Sp_v1.0.dna.toplevel.fa,GCF_000300595.1_Phanerochaete_carnosa_HHB-10118-Sp_v1.0_genomic.fna.gz
schizosaccharomyces_cryophilus,EnsemblFungi,653667,SCY4,GCA_000004155.2,2013-08-Broad,N,N,N,Y,Y,Y,schizosaccharomyces_cryophilus_core_61_114_2,1,,GCF_000004155.1,PRJNA264109,SAMN02953762,ACQJ00000000.2,reference genome,653667,866546,Schizosaccharomyces cryophilus OY26,strain=OY26,na,latest,Scaffold,Major,Full,2013-07-31,SCY4,Broad Institute,GCA_000004155.2,identical,https://ftp.ncbi.nlm.nih.gov/genomes/all/GCF/000/004/155/GCF_000004155.1_SCY4,na,assembly from type material,na,haploid,fungi,11554764,11523874,37.5,0,30,198,Broad Institute,Annotation submitted by Broad Institute,2023-12-29,5494,5155,338,21511999,,GCF_000004155.1_SCY4_genomic.fna.gz
beauveria_bassiana_arsef_2860_gca_000280675,EnsemblFungi,655819,ASM28067v1,GCA_000280675.1,2012-08-ZhejiangUniversityChina,N,N,N,N,N,Y,fungi_ascomycota1_collection_core_61_114_1,115,,GCF_000280675.1,PRJNA225503,SAMN02981247,ADAH00000000.1,reference genome,655819,176275,Beauveria bassiana ARSEF 2860,strain=ARSEF 2860,na,latest,Scaffold,Major,Full,2012-08-14,ASM28067v1,"Zhejiang University, China",GCA_000280675.1,identical,https://ftp.ncbi.nlm.nih.gov/genomes/all/GCF/000/280/675/GCF_000280675.1_ASM28067v1,na,na,na,haploid,fungi,33693936,33594836,51.5,0,235,1226,"Zhejiang University, China","Annotation submitted by Zhejiang University, China",2024-01-02,10364,10364,0,22761991,Beauveria_bassiana_arsef_2860_gca_000280675.ASM28067v1.dna.toplevel.fa,identical_genomic.fna.gz
metarhizium_anisopliae_arsef_23_gca_000187425,EnsemblFungi,655844,MAA 2.0,GCA_000187425.2,2014-12-MetarhiziumgenomesequencingConsortium,N,N,N,N,N,Y,fungi_ascomycota1_collection_core_61_114_1,129,,GCF_000187425.2,PRJNA245140,SAMN02981260,ADNJ00000000.2,reference genome,655844,568076,Metarhizium robertsii ARSEF 23,strain=ARSEF 23,na,latest,Scaffold,Major,Full,2014-12-19,MAA 2.0,Metarhizium genome sequencing Consortium,GCA_000187425.2,identical,https://ftp.ncbi.nlm.nih.gov/genomes/all/GCF/000/187/425/GCF_000187425.2_MAA_2.0,na,na,na,haploid,fungi,41656800,38960102,51.5,0,90,90,Metarhizium genome sequencing Consortium,Annotation submitted by Metarhizium genome sequencing Consortium,2023-12-29,11688,11688,0,25368161;21253567,Metarhizium_anisopliae_arsef_23_gca_000187425.MAA_2.0.dna.toplevel.fa,GCF_000187425.2_MAA_2.0_genomic.fna.gz
grosmannia_clavigera_kw1407_gca_000143105,EnsemblFungi,655863,Sanger-454-IlluminaPA_2.0,GCA_000143105.2,2011-02-TheTriaProject,N,N,N,Y,N,Y,fungi_ascomycota1_collection_core_61_114_1,106,,GCF_000143105.1,PRJNA264104,SAMN02953765,ACXQ00000000.2,reference genome,655863,226899,Grosmannia clavigera kw1407,strain=kw1407,na,latest,Scaffold,Major,Full,2011-01-31,Sanger-454-IlluminaPA_2.0,Michael Smith Laboratories at UBC,GCA_000143105.2,identical,https://ftp.ncbi.nlm.nih.gov/genomes/all/GCF/000/143/105/GCF_000143105.1_Sanger-454-IlluminaPA_2.0,na,na,na,haploid,fungi,29794006,29128709,53.5,0,289,333,Michael Smith Laboratories at UBC,Annotation submitted by Michael Smith Laboratories at UBC,2023-12-29,8311,8311,0,21262841,Grosmannia_clavigera_kw1407_gca_000143105.Sanger-454-IlluminaPA_2.0.dna.toplevel.fa,GCF_000143105.1_Sanger-454-IlluminaPA_2.0_genomic.fna.gz
pseudogymnoascus_destructans_gca_001641265,EnsemblFungi,655981,ASM164126v1,GCA_001641265.1,2018-03-USForestService,N,N,N,N,N,Y,fungi_ascomycota3_collection_core_61_114_1,149,,GCF_001641265.1,PRJNA342683,SAMN03382554,LAJJ00000000.1,reference genome,655981,655981,Pseudogymnoascus destructans,strain=20631-21,na,latest,Scaffold,Major,Full,2016-05-10,ASM164126v1,US Forest Service,GCA_001641265.1,identical,https://ftp.ncbi.nlm.nih.gov/genomes/all/GCF/001/641/265/GCF_001641265.1_ASM164126v1,na,assembly from type material,na,haploid,fungi,35818201,35810421,49.0,0,83,86,US Forest Service,Annotation submitted by US Forest Service,2023-12-29,9620,9405,215,na,Pseudogymnoascus_destructans_gca_001641265.ASM164126v1.dna.toplevel.fa,GCF_001641265.1_ASM164126v1_genomic.fna.gz
fusarium_oxysporum_fo47_gca_000271705,EnsemblFungi,660027,FO_Fo47_V1,GCA_000271705.2,2014-04-BroadInstitute,N,N,N,N,N,Y,fungi_ascomycota1_collection_core_61_114_1,28,,GCF_013085055.1,PRJNA950323,SAMN14572364,na,reference genome,660027,5507,Fusarium oxysporum Fo47,strain=Fo47,na,latest,Complete Genome,Major,Full,2020-05-13,ASM1308505v1,Xi'an Jiaotong University,GCA_013085055.1,identical,https://ftp.ncbi.nlm.nih.gov/genomes/all/GCF/013/085/055/GCF_013085055.1_ASM1308505v1,na,na,na,haploid,fungi,50358849,50358849,47.5,12,12,12,Xi'an Jiaotong University,Annotation submitted by Xi'an Jiaotong University,2023-09-15,16502,16202,295,32552518,Fusarium_oxysporum_fo47_gca_000271705.FO_Fo47_V1.dna.toplevel.fa,GCF_013085055.1_ASM1308505v1_genomic.fna.gz
fusarium_oxysporum_fo47_gca_013085055,EnsemblFungi,660027,ASM1308505v1,GCA_013085055.1,2020-07-XianJiaotongUniversity,N,N,N,N,N,Y,fungi_ascomycota5_collection_core_61_114_1,228,,GCF_013085055.1,PRJNA950323,SAMN14572364,na,reference genome,660027,5507,Fusarium oxysporum Fo47,strain=Fo47,na,latest,Complete Genome,Major,Full,2020-05-13,ASM1308505v1,Xi'an Jiaotong University,GCA_013085055.1,identical,https://ftp.ncbi.nlm.nih.gov/genomes/all/GCF/013/085/055/GCF_013085055.1_ASM1308505v1,na,na,na,haploid,fungi,50358849,50358849,47.5,12,12,12,Xi'an Jiaotong University,Annotation submitted by Xi'an Jiaotong University,2023-09-15,16502,16202,295,32552518,Fusarium_oxysporum_fo47_gca_013085055.ASM1308505v1.dna.toplevel.fa,GCF_013085055.1_ASM1308505v1_genomic.fna.gz
fusarium_solani,EnsemblFungi,660122,v2.0,GCA_000151355.1,2.0,N,N,N,Y,Y,Y,fusarium_solani_core_61_114_1,1,,GCF_000151355.1,PRJNA51499,SAMN02746079,ACJF00000000.1,reference genome,660122,2747968,Fusarium vanettenii 77-13-4,na,77-13-4,latest,Scaffold,Major,Full,2009-08-27,v2.0,DOE Joint Genome Institute,GCA_000151355.1,identical,https://ftp.ncbi.nlm.nih.gov/genomes/all/GCF/000/151/355/GCF_000151355.1_v2.0,na,na,na,haploid,fungi,51286497,51230363,51.0,17,209,233,DOE Joint Genome Institute,Annotation submitted by DOE Joint Genome Institute,2020-08-07,15708,15708,0,19714214,,GCF_000151355.1_v2.0_genomic.fna.gz
trichophyton_verrucosum_hki_0517_gca_000151505,EnsemblFungi,663202,ASM15150v1,GCA_000151505.1,2014-08-ArthrodermaGenomeSequencingConsortium,N,N,N,N,N,Y,fungi_ascomycota1_collection_core_61_114_1,86,,GCF_000151505.1,PRJNA51485,SAMN02953766,ACYE00000000.1,reference genome,663202,63417,Trichophyton verrucosum HKI 0517,strain=HKI 0517,na,latest,Scaffold,Major,Full,2010-03-17,ASM15150v1,NCBI,GCA_000151505.1,identical,https://ftp.ncbi.nlm.nih.gov/genomes/all/GCF/000/151/505/GCF_000151505.1_ASM15150v1,na,na,na,haploid,fungi,22540967,22539417,48.0,0,523,523,NCBI RefSeq,Annotation submitted by NCBI RefSeq,2012-09-13,8075,8017,41,na,Trichophyton_verrucosum_hki_0517_gca_000151505.ASM15150v1.dna.toplevel.fa,GCF_000151505.1_ASM15150v1_genomic.fna.gz
trichophyton_benhamiae_cbs_112371_gca_000151125,EnsemblFungi,663331,ASM15112v2,GCA_000151125.2,2016-11-ArthrodermaGenomeSequencingConsortium,N,N,N,N,N,Y,fungi_ascomycota1_collection_core_61_114_1,157,,GCF_000151125.1,PRJNA51431,SAMN02953733,ABSU00000000.1,reference genome,663331,63400,Trichophyton benhamiae CBS 112371,strain=CBS 112371,na,latest,Contig,Major,Full,2010-03-17,ASM15112v2,Arthroderma Genome Sequencing Consortium,GCA_000151125.2,identical,https://ftp.ncbi.nlm.nih.gov/genomes/all/GCF/000/151/125/GCF_000151125.1_ASM15112v2,na,na,na,haploid,fungi,22224160,22224160,48.5,0,68,68,Arthroderma Genome Sequencing Consortium,Annotation submitted by Arthroderma Genome Sequencing Consortium,2023-12-29,8031,7973,39,na,Trichophyton_benhamiae_cbs_112371_gca_000151125.ASM15112v2.dna.toplevel.fa,GCF_000151125.1_ASM15112v2_genomic.fna.gz
sclerotinia_sclerotiorum,EnsemblFungi,665079,ASM14694v1,GCA_000146945.1,2007-08-Broad,N,N,N,Y,N,Y,sclerotinia_sclerotiorum_core_61_114_1,1,,GCF_000146945.2,PRJNA20263,SAMN02953621,AAGT00000000.1,reference genome,665079,5180,Sclerotinia sclerotiorum 1980 UF-70,strain=1980,na,latest,Scaffold,Minor,Full,2015-07-16,ASM14694v2,Broad Institute,GCA_000146945.2,identical,https://ftp.ncbi.nlm.nih.gov/genomes/all/GCF/000/146/945/GCF_000146945.2_ASM14694v2,na,na,na,haploid,fungi,38330312,38001451,42.0,0,36,679,Broad Institute,Annotation submitted by Broad Institute,2023-04-03,14714,14490,220,na,,GCF_000146945.2_ASM14694v2_genomic.fna.gz
sclerotinia_sclerotiorum_1980_uf_70_gca_001857865,EnsemblFungi,665079,ASM185786v1,GCA_001857865.1,2016-11-CurtinUniversity,N,N,N,N,N,Y,fungi_ascomycota3_collection_core_61_114_1,203,,GCF_000146945.2,PRJNA20263,SAMN02953621,AAGT00000000.1,reference genome,665079,5180,Sclerotinia sclerotiorum 1980 UF-70,strain=1980,na,latest,Scaffold,Minor,Full,2015-07-16,ASM14694v2,Broad Institute,GCA_000146945.2,identical,https://ftp.ncbi.nlm.nih.gov/genomes/all/GCF/000/146/945/GCF_000146945.2_ASM14694v2,na,na,na,haploid,fungi,38330312,38001451,42.0,0,36,679,Broad Institute,Annotation submitted by Broad Institute,2023-04-03,14714,14490,220,na,Sclerotinia_sclerotiorum_1980_uf_70_gca_001857865.ASM185786v1.dna.toplevel.fa,GCF_000146945.2_ASM14694v2_genomic.fna.gz
bipolaris_sorokiniana_nd90pr_gca_000338995,EnsemblFungi,665912,Cocsa1,GCA_000338995.1,2013-02-JGI,N,N,N,N,N,Y,fungi_ascomycota1_collection_core_61_114_1,161,,GCF_000338995.1,PRJNA245122,SAMN02981285,AEIN00000000.1,reference genome,665912,45130,Bipolaris sorokiniana ND90Pr,strain=ND90Pr,na,latest,Scaffold,Major,Full,2013-02-19,Cocsa1,JGI,GCA_000338995.1,identical,https://ftp.ncbi.nlm.nih.gov/genomes/all/GCF/000/338/995/GCF_000338995.1_Cocsa1,na,na,na,haploid,fungi,34409167,33212626,50.0,0,154,503,JGI,Annotation submitted by JGI,2020-02-06,12304,12210,92,23236275,Bipolaris_sorokiniana_nd90pr_gca_000338995.Cocsa1.dna.toplevel.fa,GCF_000338995.1_Cocsa1_genomic.fna.gz
gloeophyllum_trabeum_atcc_11539_gca_000344685,EnsemblFungi,670483,Glotr1_1,GCA_000344685.1,2013-07-JGI,N,N,N,Y,N,Y,fungi_basidiomycota1_collection_core_61_114_1,21,,GCF_000344685.1,PRJNA245137,SAMN02743873,AFVP00000000.1,reference genome,670483,104355,Gloeophyllum trabeum ATCC 11539,strain=ATCC 11539,na,latest,Scaffold,Major,Full,2013-03-21,Glotr1_1,JGI,GCA_000344685.1,identical,https://ftp.ncbi.nlm.nih.gov/genomes/all/GCF/000/344/685/GCF_000344685.1_Glotr1_1,na,na,na,haploid,fungi,37178225,34429137,53.0,0,442,1454,JGI,Annotation submitted by JGI,2024-01-02,11883,11753,123,22745431,Gloeophyllum_trabeum_atcc_11539_gca_000344685.Glotr1_1.dna.toplevel.fa,GCF_000344685.1_Glotr1_1_genomic.fna.gz
postia_placenta_mad_698_r_sb12_gca_002117355,EnsemblFungi,670580,PosplRSB12_1,GCA_002117355.1,2017-05-DOEJointGenomeInstitute,N,N,N,N,N,Y,fungi_basidiomycota1_collection_core_61_114_1,177,,GCF_002117355.1,PRJNA445945,SAMN02193972,NEDQ00000000.1,reference genome,670580,104341,Postia placenta MAD-698-R-SB12,strain=MAD-698-R-SB12,na,latest,Scaffold,Major,Full,2017-05-03,PosplRSB12_1,DOE Joint Genome Institute,GCA_002117355.1,identical,https://ftp.ncbi.nlm.nih.gov/genomes/all/GCF/002/117/355/GCF_002117355.1_PosplRSB12_1,na,na,na,haploid,fungi,42452888,39840202,54.0,0,549,1614,DOE Joint Genome Institute,Annotation submitted by DOE Joint Genome Institute,2018-03-31,12716,12537,163,na,Postia_placenta_mad_698_r_sb12_gca_002117355.PosplRSB12_1.dna.toplevel.fa,GCF_002117355.1_PosplRSB12_1_genomic.fna.gz
wallemia_mellicola_cbs_633_66_gca_000263375,EnsemblFungi,671144,Wallemia sebi v1.0,GCA_000263375.1,2013-06-JGI,N,N,N,N,N,Y,fungi_basidiomycota1_collection_core_61_114_1,42,,GCF_000263375.1,PRJNA225533,SAMN02769629,AFQX00000000.1,reference genome,671144,1708541,Wallemia mellicola CBS 633.66,strain=CBS 633.66,na,latest,Scaffold,Major,Full,2012-05-29,Wallemia sebi v1.0,JGI,GCA_000263375.1,identical,https://ftp.ncbi.nlm.nih.gov/genomes/all/GCF/000/263/375/GCF_000263375.1_Wallemia_sebi_v1.0,na,assembly from type material,na,haploid,fungi,9815586,9798416,40.0,0,56,106,JGI,Annotation submitted by JGI,2017-07-12,5395,5277,116,22326418,Wallemia_mellicola_cbs_633_66_gca_000263375.Wallemia_sebi_v1.0.dna.toplevel.fa,GCF_000263375.1_Wallemia_sebi_v1.0_genomic.fna.gz
exserohilum_turcica_et28a_gca_000359705,EnsemblFungi,671987,Setospaeria trucica Et28A v1.0,GCA_000359705.1,2013-04-JGI,N,N,N,Y,N,Y,fungi_ascomycota1_collection_core_61_114_1,67,,GCF_000359705.1,PRJNA245152,SAMN00120049,AIHT00000000.1,reference genome,671987,93612,Exserohilum turcica Et28A,strain=Et28A,na,latest,Scaffold,Major,Full,2013-04-25,Setospaeria trucica Et28A v1.0,JGI,GCA_000359705.1,identical,https://ftp.ncbi.nlm.nih.gov/genomes/all/GCF/000/359/705/GCF_000359705.1_Setospaeria_trucica_Et28A_v1.0,na,na,na,haploid,fungi,43013545,38252428,51.5,0,407,2126,JGI,Annotation submitted by JGI,2020-02-07,11835,11687,146,23236275;23357949,Exserohilum_turcica_et28a_gca_000359705.Setospaeria_trucica_Et28A_v1.0.dna.toplevel.fa,GCF_000359705.1_Setospaeria_trucica_Et28A_v1.0_genomic.fna.gz
wickerhamomyces_anomalus_nrrl_y_366_8_gca_001661255,EnsemblFungi,683960,Wican1,GCA_001661255.1,2016-09-JGIPSF,N,N,N,Y,N,Y,fungi_ascomycota3_collection_core_61_114_1,182,,GCF_001661255.1,PRJNA352844,SAMN00138384,LWUN00000000.1,reference genome,683960,4927,Wickerhamomyces anomalus NRRL Y-366-8,strain=NRRL Y-366-8,na,latest,Scaffold,Major,Full,2016-09-09,Wican1,JGI-PSF,GCA_001661255.1,identical,https://ftp.ncbi.nlm.nih.gov/genomes/all/GCF/001/661/255/GCF_001661255.1_Wican1,na,na,na,haploid,fungi,14145566,13720216,34.5,0,46,222,JGI-PSF,Annotation submitted by JGI-PSF,2024-12-04,6571,6417,154,27535936,Wickerhamomyces_anomalus_nrrl_y_366_8_gca_001661255.Wican1.dna.toplevel.fa,GCF_001661255.1_Wican1_genomic.fna.gz
batrachochytrium_dendrobatidis_jam81_gca_000203795,EnsemblFungi,684364,v1.0,GCA_000203795.1,2011-04-USDOEJointGenomeInstituteJGIPGF,N,N,N,N,N,Y,fungi_chytridiomycota1_collection_core_61_114_1,1,,GCF_000203795.2,PRJNA225502,SAMN02746048,ADAR00000000.1,reference genome,684364,109871,Batrachochytrium dendrobatidis JAM81,strain=JAM81,na,latest,Scaffold,Minor,Full,2011-04-12,v1.1,US DOE Joint Genome Institute (JGI-PGF),GCA_000203795.2,identical,https://ftp.ncbi.nlm.nih.gov/genomes/all/GCF/000/203/795/GCF_000203795.2_v1.1,na,na,na,haploid,fungi,23810896,23632276,39.5,0,62,425,US DOE Joint Genome Institute (JGI-PGF),Annotation submitted by US DOE Joint Genome Institute (JGI-PGF),2024-01-18,8386,8386,0,na,Batrachochytrium_dendrobatidis_jam81_gca_000203795.v1.0.dna.toplevel.fa,GCF_000203795.2_v1.1_genomic.fna.gz
aspergillus_aculeatus_atcc_16872_gca_001890905,EnsemblFungi,690307,Aspac1,GCA_001890905.1,2016-12-JGI,N,N,N,N,N,Y,fungi_ascomycota3_collection_core_61_114_1,209,,GCF_001890905.1,PRJNA374040,SAMN00788628,MRCK00000000.1,reference genome,690307,5053,Aspergillus aculeatus ATCC 16872,strain=ATCC 16872,na,latest,Scaffold,Major,Full,2016-12-08,Aspac1,JGI,GCA_001890905.1,identical,https://ftp.ncbi.nlm.nih.gov/genomes/all/GCF/001/890/905/GCF_001890905.1_Aspac1,na,assembly from type material,na,haploid,fungi,35424414,35185997,51.0,0,660,852,JGI,Annotation submitted by JGI,2025-02-21,11152,10830,321,na,Aspergillus_aculeatus_atcc_16872_gca_001890905.Aspac1.dna.toplevel.fa,GCF_001890905.1_Aspac1_genomic.fna.gz
sphaerulina_musiva_so2202_gca_000320565,EnsemblFungi,692275,Septoria musiva SO2202 v1.0,GCA_000320565.2,2016-06-JGI,N,N,N,Y,N,Y,fungi_ascomycota1_collection_core_61_114_1,93,,GCF_000320565.1,PRJNA264111,SAMN00120232,AEFD00000000.1,reference genome,692275,85929,Sphaerulina musiva SO2202,strain=SO2202,na,latest,Scaffold,Major,Full,2013-02-27,Septoria musiva SO2202 v1.0,JGI,GCA_000320565.2,identical,https://ftp.ncbi.nlm.nih.gov/genomes/all/GCF/000/320/565/GCF_000320565.1_Septoria_musiva_SO2202_v1.0,na,na,na,haploid,fungi,29352103,28917357,51.0,0,72,458,JGI,Annotation submitted by JGI,2020-02-05,10228,10144,76,23236275,Sphaerulina_musiva_so2202_gca_000320565.Septoria_musiva_SO2202_v1.0.dna.toplevel.fa,GCF_000320565.1_Septoria_musiva_SO2202_v1.0_genomic.fna.gz
fomitiporia_mediterranea_mf3_22_gca_000271605,EnsemblFungi,694068,Fomme1,GCA_000271605.1,2013-05-JGI,N,N,N,Y,N,Y,fungi_basidiomycota1_collection_core_61_114_1,18,,GCF_000271605.1,PRJNA225512,SAMN02981288,AEJJ00000000.1,reference genome,694068,208960,Fomitiporia mediterranea MF3/22,strain=MF3/22,na,latest,Scaffold,Major,Full,2012-06-29,Fomme1,JGI,GCA_000271605.1,identical,https://ftp.ncbi.nlm.nih.gov/genomes/all/GCF/000/271/605/GCF_000271605.1_Fomme1,na,na,na,haploid,fungi,63354419,56770801,41.0,0,1412,3952,JGI,Annotation submitted by JGI,2020-02-04,11411,11330,81,22745431,Fomitiporia_mediterranea_mf3_22_gca_000271605.Fomme1.dna.toplevel.fa,GCF_000271605.1_Fomme1_genomic.fna.gz
saitoella_complicata_nrrl_y_17804_gca_000227095,EnsemblFungi,698492,Scomplicata_3.0,GCA_000227095.3,2015-06-Saitoellacomplicatagenomesequencingconsortium,N,N,N,N,N,Y,fungi_ascomycota2_collection_core_61_114_1,198,,GCF_001661265.1,PRJNA352842,SAMN00760712,AEUO00000000.1,reference genome,698492,5606,Saitoella complicata NRRL Y-17804,strain=NRRL Y-17804,na,latest,Scaffold,Major,Full,2016-09-09,Saico1,JGI-PSF,GCA_001661265.1,identical,https://ftp.ncbi.nlm.nih.gov/genomes/all/GCF/001/661/265/GCF_001661265.1_Saico1,na,assembly from type material,na,haploid,fungi,14136186,14112686,52.5,0,35,97,JGI-PSF,Annotation submitted by JGI-PSF,2020-02-05,7200,7023,177,27535936,Saitoella_complicata_nrrl_y_17804_gca_000227095.Scomplicata_3.0.dna.toplevel.fa,GCF_001661265.1_Saico1_genomic.fna.gz
saitoella_complicata_nrrl_y_17804_gca_001661265,EnsemblFungi,698492,Saico1,GCA_001661265.1,2016-09-JGIPSF,N,N,N,N,N,Y,fungi_ascomycota3_collection_core_61_114_1,173,,GCF_001661265.1,PRJNA352842,SAMN00760712,AEUO00000000.1,reference genome,698492,5606,Saitoella complicata NRRL Y-17804,strain=NRRL Y-17804,na,latest,Scaffold,Major,Full,2016-09-09,Saico1,JGI-PSF,GCA_001661265.1,identical,https://ftp.ncbi.nlm.nih.gov/genomes/all/GCF/001/661/265/GCF_001661265.1_Saico1,na,assembly from type material,na,haploid,fungi,14136186,14112686,52.5,0,35,97,JGI-PSF,Annotation submitted by JGI-PSF,2020-02-05,7200,7023,177,27535936,Saitoella_complicata_nrrl_y_17804_gca_001661265.Saico1.dna.toplevel.fa,GCF_001661265.1_Saico1_genomic.fna.gz
baudoinia_panamericana_uamh_10762_gca_000338955,EnsemblFungi,717646,Bauco1,GCA_000338955.1,2016-06-JGI,N,N,N,Y,N,Y,fungi_ascomycota1_collection_core_61_114_1,4,,GCF_000338955.1,PRJNA245120,SAMN02981283,AEIF00000000.1,reference genome,717646,1709381,Baudoinia panamericana UAMH 10762,strain=UAMH 10762,na,latest,Scaffold,Major,Full,2013-02-11,Bauco1,JGI,GCA_000338955.1,identical,https://ftp.ncbi.nlm.nih.gov/genomes/all/GCF/000/338/955/GCF_000338955.1_Bauco1,na,assembly from type material,na,haploid,fungi,21875620,21865565,55.0,0,19,36,JGI,Annotation submitted by JGI,2020-02-03,10541,10500,38,23236275,Baudoinia_panamericana_uamh_10762_gca_000338955.Bauco1.dna.toplevel.fa,GCF_000338955.1_Bauco1_genomic.fna.gz
trametes_versicolor_fp_101664_ss1_gca_000271585,EnsemblFungi,717944,Trametes versicolor v1.0,GCA_000271585.1,2013-05-JGI,N,N,N,N,N,Y,fungi_basidiomycota1_collection_core_61_114_1,43,,GCF_000271585.1,PRJNA242547,SAMN02981287,AEJI00000000.1,reference genome,717944,5325,Trametes versicolor FP-101664 SS1,strain=FP-101664 SS1,na,latest,Scaffold,Major,Full,2012-06-22,Trametes versicolor v1.0,JGI,GCA_000271585.1,identical,https://ftp.ncbi.nlm.nih.gov/genomes/all/GCF/000/271/585/GCF_000271585.1_Trametes_versicolor_v1.0,na,na,na,haploid,fungi,44794008,42885174,57.5,0,283,977,JGI,Annotation submitted by JGI,2022-04-18,14562,14292,268,22745431,Trametes_versicolor_fp_101664_ss1_gca_000271585.Trametes_versicolor_v1.0.dna.toplevel.fa,GCF_000271585.1_Trametes_versicolor_v1.0_genomic.fna.gz
stereum_hirsutum_fp_91666_ss1_gca_000264905,EnsemblFungi,721885,Stehi1,GCA_000264905.1,2013-05-JGI,N,N,N,Y,N,Y,fungi_basidiomycota1_collection_core_61_114_1,41,,GCF_000264905.1,PRJNA225528,SAMN02981277,AEGX00000000.1,reference genome,721885,40492,Stereum hirsutum FP-91666 SS1,strain=FP-91666 SS1,na,latest,Scaffold,Major,Full,2012-06-04,Stehi1,JGI,GCA_000264905.1,identical,https://ftp.ncbi.nlm.nih.gov/genomes/all/GCF/000/264/905/GCF_000264905.1_Stehi1,na,na,na,haploid,fungi,46511623,45647489,51.5,0,159,669,JGI,Annotation submitted by JGI,2024-01-02,14449,14062,339,22745431,Stereum_hirsutum_fp_91666_ss1_gca_000264905.Stehi1.dna.toplevel.fa,GCF_000264905.1_Stehi1_genomic.fna.gz
dichomitus_squalens_lyad_421_ss1_gca_000275845,EnsemblFungi,732165,Dichomitus squalens v1.0,GCA_000275845.1,2013-05-JGI,N,N,N,Y,N,Y,fungi_basidiomycota1_collection_core_61_114_1,3,,GCF_000275845.1,PRJNA242541,SAMN02981282,AEID00000000.1,reference genome,732165,114155,Dichomitus squalens LYAD-421 SS1,strain=LYAD-421 SS1,na,latest,Scaffold,Major,Full,2012-07-12,Dichomitus squalens v1.0,JGI,GCA_000275845.1,identical,https://ftp.ncbi.nlm.nih.gov/genomes/all/GCF/000/275/845/GCF_000275845.1_Dichomitus_squalens_v1.0,na,na,na,haploid,fungi,42748430,39457462,55.5,0,542,1865,JGI,Annotation submitted by JGI,2020-02-04,12497,12275,214,22745431,Dichomitus_squalens_lyad_421_ss1_gca_000275845.Dichomitus_squalens_v1.0.dna.toplevel.fa,GCF_000275845.1_Dichomitus_squalens_v1.0_genomic.fna.gz
punctularia_strigosozonata_hhb_11173_ss5_gca_000264995,EnsemblFungi,741275,Punctularia strigosozonata v1.0,GCA_000264995.1,2013-05-JGI,N,N,N,Y,N,Y,fungi_basidiomycota1_collection_core_61_114_1,13,,GCF_000264995.1,PRJNA242546,SAMN00632096,AEGM00000000.1,reference genome,741275,202698,Punctularia strigosozonata HHB-11173 SS5,strain=HHB-11173 SS5,na,latest,Scaffold,Major,Full,2012-06-11,Punctularia strigosozonata v1.0,JGI,GCA_000264995.1,identical,https://ftp.ncbi.nlm.nih.gov/genomes/all/GCF/000/264/995/GCF_000264995.1_Punctularia_strigosozonata_v1.0,na,na,na,haploid,fungi,34171901,33070052,55.0,0,195,854,JGI,Annotation submitted by JGI,2024-01-02,11644,11537,105,22745431,Punctularia_strigosozonata_hhb_11173_ss5_gca_000264995.Punctularia_strigosozonata_v1.0.dna.toplevel.fa,GCF_000264995.1_Punctularia_strigosozonata_v1.0_genomic.fna.gz
coniophora_puteana_rwd_64_598_ss2_gca_000271625,EnsemblFungi,741705,Conpu1,GCA_000271625.1,2019-10-DOEJointGenomeInstitute,N,N,N,Y,N,Y,fungi_basidiomycota1_collection_core_61_114_1,4,,GCF_000271625.1,PRJNA245129,SAMN02981286,AEIT00000000.1,reference genome,741705,80637,Coniophora puteana RWD-64-598 SS2,strain=RWD-64-598 SS2,na,latest,Scaffold,Major,Full,2012-06-25,Conpu1,DOE Joint Genome Institute,GCA_000271625.1,identical,https://ftp.ncbi.nlm.nih.gov/genomes/all/GCF/000/271/625/GCF_000271625.1_Conpu1,na,na,na,haploid,fungi,42968544,41864241,52.5,0,210,692,DOE Joint Genome Institute,Annotation submitted by DOE Joint Genome Institute,2024-01-02,13894,13756,137,22745431,Coniophora_puteana_rwd_64_598_ss2_gca_000271625.Conpu1.dna.toplevel.fa,GCF_000271625.1_Conpu1_genomic.fna.gz
heterobasidion_irregulare_tc_32_1_gca_000320585,EnsemblFungi,747525,Heterobasidion irregulare v2.0,GCA_000320585.2,2014-04-JGI,N,N,N,Y,N,Y,fungi_basidiomycota1_collection_core_61_114_1,29,,GCF_000320585.1,PRJNA245138,SAMN02743865,AEOJ00000000.1,reference genome,747525,984962,Heterobasidion irregulare TC 32-1,strain=TC 32-1,na,latest,Scaffold,Major,Full,2014-01-17,Heterobasidion irregulare v2.0,JGI,GCA_000320585.2,identical,https://ftp.ncbi.nlm.nih.gov/genomes/all/GCF/000/320/585/GCF_000320585.1_Heterobasidion_irregulare_v2.0,na,na,na,haploid,fungi,33649967,33649644,52.0,0,15,18,JGI,Annotation submitted by JGI,2024-01-02,13270,13269,0,22463738,Heterobasidion_irregulare_tc_32_1_gca_000320585.Heterobasidion_irregulare_v2.0.dna.toplevel.fa,GCF_000320585.1_Heterobasidion_irregulare_v2.0_genomic.fna.gz
melampsora_laricipopulina,EnsemblFungi,747676,v1.0,GCA_000204055.1,2011-04-JGI,N,N,N,Y,N,Y,melampsora_laricipopulina_core_61_114_1,1,,GCF_000204055.1,PRJNA242542,SAMN02744053,AECX00000000.1,reference genome,747676,203908,Melampsora larici-populina 98AG31,strain=98AG31,na,latest,Scaffold,Major,Full,2011-04-13,v1.0,US DOE Joint Genome Institute (JGI-PGF),GCA_000204055.1,identical,https://ftp.ncbi.nlm.nih.gov/genomes/all/GCF/000/204/055/GCF_000204055.1_v1.0,na,na,na,haploid,fungi,101129028,97682699,41.0,0,462,3254,US DOE Joint Genome Institute (JGI-PGF),Annotation submitted by US DOE Joint Genome Institute (JGI-PGF),2023-12-29,16263,16255,0,21536894,,GCF_000204055.1_v1.0_genomic.fna.gz
arthrobotrys_oligospora_atcc_24927_gca_000225545,EnsemblFungi,756982,AOL24927 1.0,GCA_000225545.1,2011-09-LaboratoryforConservationandUtilizationofBioresourcesYunnanUniversityKunming650091PRChina,N,N,N,Y,N,Y,fungi_ascomycota1_collection_core_61_114_1,185,,GCF_000225545.1,PRJNA245119,SAMN02981262,ADOT00000000.1,reference genome,756982,2813651,Orbilia oligospora ATCC 24927,strain=ATCC 24927,na,latest,Scaffold,Major,Full,2011-09-08,AOL24927 1.0,"Laboratory for Conservation and Utilization of Bio-resources, Yunnan University, Kunming 650091, P. R. China",GCA_000225545.1,identical,https://ftp.ncbi.nlm.nih.gov/genomes/all/GCF/000/225/545/GCF_000225545.1_AOL24927_1.0,na,na,na,haploid,fungi,40072829,39966216,44.5,0,215,323,"Laboratory for Conservation and Utilization of Bio-resources, Yunnan University, Kunming 650091, P. R. China","Annotation submitted by Laboratory for Conservation and Utilization of Bio-resources, Yunnan University, Kunming 650091, P. R. China",2021-03-04,11479,11479,0,na,Arthrobotrys_oligospora_atcc_24927_gca_000225545.AOL24927_1.0.dna.toplevel.fa, P. R. China"_genomic.fna.gz
chaetomium_thermophilum_var_thermophilum_dsm_1495_gca_000221225,EnsemblFungi,759272,CTHT_3.0,GCA_000221225.1,2011-07-EMBL,N,N,N,N,N,Y,fungi_ascomycota1_collection_core_61_114_1,26,,GCF_000221225.1,PRJNA225505,SAMN02981263,ADUW00000000.1,reference genome,759272,209285,Thermochaetoides thermophila DSM 1495,strain=DSM 1495,na,latest,Scaffold,Major,Full,2011-07-22,CTHT_3.0,EMBL,GCA_000221225.1,identical,https://ftp.ncbi.nlm.nih.gov/genomes/all/GCF/000/221/225/GCF_000221225.1_CTHT_3.0,na,assembly from type material,na,haploid,fungi,28322806,28312548,52.5,0,21,112,EMBL,Annotation submitted by EMBL,2024-12-02,7473,7164,241,21784248,Chaetomium_thermophilum_var_thermophilum_dsm_1495_gca_000221225.CTHT_3.0.dna.toplevel.fa,GCF_000221225.1_CTHT_3.0_genomic.fna.gz
colletotrichum_higginsianum_imi_349063_gca_001672515,EnsemblFungi,759273,ASM167251v1,GCA_001672515.1,2016-06-GATCBiotechAG,N,N,N,N,N,Y,fungi_ascomycota3_collection_core_61_114_1,160,,GCF_001672515.1,PRJNA342684,SAMN04420120,LTAN00000000.1,reference genome,759273,80884,Colletotrichum higginsianum IMI 349063,strain=IMI 349063,na,latest,Chromosome,Major,Full,2016-06-21,ASM167251v1,GATC Biotech AG,GCA_001672515.1,identical,https://ftp.ncbi.nlm.nih.gov/genomes/all/GCF/001/672/515/GCF_001672515.1_ASM167251v1,na,na,na,haploid,fungi,50716103,50716103,54.5,12,25,25,GATC Biotech AG,Annotation submitted by GATC Biotech AG,2022-02-26,14651,14651,0,na,Colletotrichum_higginsianum_imi_349063_gca_001672515.ASM167251v1.dna.toplevel.fa,GCF_001672515.1_ASM167251v1_genomic.fna.gz
pichia_membranifaciens_nrrl_y_2026_gca_001661235,EnsemblFungi,763406,Picme2,GCA_001661235.1,2016-09-JGIPSF,N,N,N,Y,N,Y,fungi_ascomycota3_collection_core_61_114_1,189,,GCF_001661235.1,PRJNA352841,SAMN00760710,AEHA00000000.1,reference genome,763406,4926,Pichia membranifaciens NRRL Y-2026,strain=NRRL Y-2026,na,latest,Scaffold,Major,Full,2016-09-09,Picme2,JGI-PSF,GCA_001661235.1,identical,https://ftp.ncbi.nlm.nih.gov/genomes/all/GCF/001/661/235/GCF_001661235.1_Picme2,na,assembly from type material,na,haploid,fungi,11582150,11433774,45.0,0,10,144,NCBI RefSeq,Annotation submitted by NCBI RefSeq,2016-11-14,5701,5542,159,27535936,Pichia_membranifaciens_nrrl_y_2026_gca_001661235.Picme2.dna.toplevel.fa,GCF_001661235.1_Picme2_genomic.fna.gz
mixia_osmundae_iam_14324_gca_000708205,EnsemblFungi,764103,Mixia osmundae v1.0,GCA_000708205.1,2014-06-DOEJointGenomeInstitute,N,N,N,N,N,Y,fungi_basidiomycota1_collection_core_61_114_1,61,,GCF_000708205.1,PRJNA302309,SAMN02863149,AYOQ00000000.1,reference genome,764103,34349,Mixia osmundae IAM 14324,strain=IAM 14324,na,latest,Scaffold,Major,Full,2014-06-23,Mixia osmundae v1.0,DOE Joint Genome Institute,GCA_000708205.1,identical,https://ftp.ncbi.nlm.nih.gov/genomes/all/GCF/000/708/205/GCF_000708205.1_Mixia_osmundae_v1.0,na,na,na,haploid,fungi,13634488,13556769,55.5,0,156,208,DOE Joint Genome Institute,Annotation submitted by DOE Joint Genome Institute,2024-01-05,6838,6838,0,24372469,Mixia_osmundae_iam_14324_gca_000708205.Mixia_osmundae_v1.0.dna.toplevel.fa,GCF_000708205.1_Mixia_osmundae_v1.0_genomic.fna.gz
mixia_osmundae_iam_14324_gca_000241205,EnsemblFungi,764103,Mosmundae_2.0,GCA_000241205.2,2015-10-Mixiaosmundaegenomesequencingconsortium,N,N,N,Y,N,Y,fungi_basidiomycota1_collection_core_61_114_1,52,,GCF_000708205.1,PRJNA302309,SAMN02863149,AYOQ00000000.1,reference genome,764103,34349,Mixia osmundae IAM 14324,strain=IAM 14324,na,latest,Scaffold,Major,Full,2014-06-23,Mixia osmundae v1.0,DOE Joint Genome Institute,GCA_000708205.1,identical,https://ftp.ncbi.nlm.nih.gov/genomes/all/GCF/000/708/205/GCF_000708205.1_Mixia_osmundae_v1.0,na,na,na,haploid,fungi,13634488,13556769,55.5,0,156,208,DOE Joint Genome Institute,Annotation submitted by DOE Joint Genome Institute,2024-01-05,6838,6838,0,24372469,Mixia_osmundae_iam_14324_gca_000241205.Mosmundae_2.0.dna.toplevel.fa,GCF_000708205.1_Mixia_osmundae_v1.0_genomic.fna.gz
malassezia_restricta_gca_003290485,EnsemblFungi,76775,ASM329048v1,GCA_003290485.1,2018-07-KoreaPolarResearchInstitute,N,N,N,N,N,Y,fungi_basidiomycota1_collection_core_61_114_1,256,,GCF_003290485.1,PRJNA495494,SAMN09478194,na,reference genome,76775,76775,Malassezia restricta,strain=KCTC 27527,na,latest,Complete Genome,Major,Full,2018-07-09,ASM329048v1,Korea Polar Research Institute,GCA_003290485.1,identical,https://ftp.ncbi.nlm.nih.gov/genomes/all/GCF/003/290/485/GCF_003290485.1_ASM329048v1,na,na,na,haploid,fungi,7330907,7330907,56.0,9,9,9,Korea Polar Research Institute,Annotation submitted by Korea Polar Research Institute,2022-04-18,4544,4406,138,na,Malassezia_restricta_gca_003290485.ASM329048v1.dna.toplevel.fa,GCF_003290485.1_ASM329048v1_genomic.fna.gz
aspergillus_brasiliensis_cbs_101740_gca_001889945,EnsemblFungi,767769,Aspbr1,GCA_001889945.1,2017-05-DOEJointGenomeInstitute,N,N,N,N,N,Y,fungi_ascomycota3_collection_core_61_114_1,243,,GCF_001889945.1,PRJNA1151043,SAMN00203938,LJXV00000000.1,reference genome,767769,319629,Aspergillus brasiliensis CBS 101740,strain=CBS 101740,na,latest,Scaffold,Major,Full,2016-12-08,Aspbr1,DOE Joint Genome Institute,GCA_001889945.1,identical,https://ftp.ncbi.nlm.nih.gov/genomes/all/GCF/001/889/945/GCF_001889945.1_Aspbr1,na,assembly from type material,na,haploid,fungi,35804080,35651645,50.5,0,103,288,DOE Joint Genome Institute,Annotation submitted by DOE Joint Genome Institute,2024-09-04,13259,12985,269,na,Aspergillus_brasiliensis_cbs_101740_gca_001889945.Aspbr1.dna.toplevel.fa,GCF_001889945.1_Aspbr1_genomic.fna.gz
malassezia_pachydermatis_gca_001278385,EnsemblFungi,77020,MalaPachy,GCA_001278385.1,2015-10-UniversityofUtrecht,N,N,N,N,N,Y,fungi_basidiomycota1_collection_core_61_114_1,103,,GCF_001278385.1,PRJNA309726,SAMN03838212,LGAV00000000.1,reference genome,77020,77020,Malassezia pachydermatis,strain=CBS 1879,na,latest,Scaffold,Major,Full,2015-09-02,MalaPachy,University of Utrecht,GCA_001278385.1,identical,https://ftp.ncbi.nlm.nih.gov/genomes/all/GCF/001/278/385/GCF_001278385.1_MalaPachy,na,assembly designated as neotype,na,haploid,fungi,8150648,8149729,55.0,0,91,91,University of Utrecht,Annotation submitted by University of Utrecht,2017-08-28,4202,4202,0,26472839,Malassezia_pachydermatis_gca_001278385.MalaPachy.dna.toplevel.fa,GCF_001278385.1_MalaPachy_genomic.fna.gz
cenococcum_geophilum_1_58_gca_001692895,EnsemblFungi,794803,Cenococcum geophilum 1.58 v2.0,GCA_001692895.1,2018-07-DOEJointGenomeInstitute,N,N,N,N,N,Y,fungi_ascomycota4_collection_core_61_114_1,208,,GCF_001692895.1,PRJNA1151040,SAMN04110467,LKKR00000000.1,reference genome,794803,5570,Cenococcum geophilum 1.58,strain=1.58,na,latest,Scaffold,Major,Full,2016-07-26,Cenococcum geophilum 1.58 v2.0,DOE Joint Genome Institute,GCA_001692895.1,identical,https://ftp.ncbi.nlm.nih.gov/genomes/all/GCF/001/692/895/GCF_001692895.1_Cenococcum_geophilum_1.58_v2.0,na,na,na,haploid,fungi,177557160,177413650,37.5,0,268,625,DOE Joint Genome Institute,Annotation submitted by DOE Joint Genome Institute,2024-09-04,14733,14695,31,27601008,Cenococcum_geophilum_1_58_gca_001692895.Cenococcum_geophilum_1.58_v2.0.dna.toplevel.fa,GCF_001692895.1_Cenococcum_geophilum_1.58_v2.0_genomic.fna.gz
sugiyamaella_lignohabitans_gca_001640025,EnsemblFungi,796027,ASM164002v2,GCA_001640025.2,2016-10-UniversityofNaturalResourcesandLifeSciences,N,N,N,Y,N,Y,fungi_ascomycota3_collection_core_61_114_1,185,,GCF_001640025.1,PRJNA342695,SAMN04417247,na,reference genome,796027,796027,Sugiyamaella lignohabitans,strain=CBS 10342,na,latest,Complete Genome,Major,Full,2016-05-06,ASM164002v2,University of Natural Resources and Life Sciences,GCA_001640025.2,different,https://ftp.ncbi.nlm.nih.gov/genomes/all/GCF/001/640/025/GCF_001640025.1_ASM164002v2,na,assembly from type material,na,haploid,fungi,15938258,15938258,45.0,4,4,4,University of Natural Resources and Life Sciences,Annotation submitted by University of Natural Resources and Life Sciences,2024-01-07,5341,5128,213,na,Sugiyamaella_lignohabitans_gca_001640025.ASM164002v2.dna.toplevel.fa,GCF_001640025.1_ASM164002v2_genomic.fna.gz
moesziomyces_antarcticus_gca_000747765,EnsemblFungi,84753,ASM74776v1,GCA_000747765.1,2014-09-NationalInstituteofAdvancedIndustrialScienceandTechnology,N,N,N,N,N,Y,fungi_basidiomycota1_collection_core_61_114_1,57,,GCF_000747765.1,PRJNA302316,SAMD00018595,BBIZ00000000.1,reference genome,84753,84753,Moesziomyces antarcticus,strain=JCM 10317,na,latest,Scaffold,Major,Full,2014-08-21,ASM74776v1,National Institute of Advanced Industrial Science and Technology,GCA_000747765.1,identical,https://ftp.ncbi.nlm.nih.gov/genomes/all/GCF/000/747/765/GCF_000747765.1_ASM74776v1,na,assembly from type material,na,haploid,fungi,18111965,18080654,61.0,0,197,276,National Institute of Advanced Industrial Science and Technology,Annotation submitted by National Institute of Advanced Industrial Science and Technology,2023-12-29,6885,6764,121,25291760,Moesziomyces_antarcticus_gca_000747765.ASM74776v1.dna.toplevel.fa,GCF_000747765.1_ASM74776v1_genomic.fna.gz
moesziomyces_antarcticus_gca_900322835,EnsemblFungi,84753,Pse_antar_v1,GCA_900322835.1,2019-08-TechnischeUniversitatMunchenWZW,N,N,N,N,N,Y,fungi_basidiomycota1_collection_core_61_114_1,265,,GCF_000747765.1,PRJNA302316,SAMD00018595,BBIZ00000000.1,reference genome,84753,84753,Moesziomyces antarcticus,strain=JCM 10317,na,latest,Scaffold,Major,Full,2014-08-21,ASM74776v1,National Institute of Advanced Industrial Science and Technology,GCA_000747765.1,identical,https://ftp.ncbi.nlm.nih.gov/genomes/all/GCF/000/747/765/GCF_000747765.1_ASM74776v1,na,assembly from type material,na,haploid,fungi,18111965,18080654,61.0,0,197,276,National Institute of Advanced Industrial Science and Technology,Annotation submitted by National Institute of Advanced Industrial Science and Technology,2023-12-29,6885,6764,121,25291760,Moesziomyces_antarcticus_gca_900322835.Pse_antar_v1.dna.toplevel.fa,GCF_000747765.1_ASM74776v1_genomic.fna.gz
fonsecaea_nubica_gca_001646965,EnsemblFungi,856822,ASM164696v1,GCA_001646965.1,2016-06-FederalUniversityofParana,N,N,N,N,N,Y,fungi_ascomycota3_collection_core_61_114_1,154,,GCF_001646965.1,PRJNA342681,SAMN04498467,LVCJ00000000.1,reference genome,856822,856822,Fonsecaea nubica,strain=CBS 269.64,na,latest,Scaffold,Major,Full,2016-05-18,ASM164696v1,Federal University of Parana,GCA_001646965.1,identical,https://ftp.ncbi.nlm.nih.gov/genomes/all/GCF/001/646/965/GCF_001646965.1_ASM164696v1,na,assembly from type material,na,haploid,fungi,33787447,33787347,52.5,0,258,258,Federal University of Parana,Annotation submitted by Federal University of Parana,2017-10-02,11717,11681,36,na,Fonsecaea_nubica_gca_001646965.ASM164696v1.dna.toplevel.fa,GCF_001646965.1_ASM164696v1_genomic.fna.gz
amorphotheca_resinae_atcc_22711_gca_003019875,EnsemblFungi,857342,Amore1,GCA_003019875.1,2018-04-DOEJointGenomeInstitute,N,N,N,Y,N,Y,fungi_ascomycota4_collection_core_61_114_1,56,,GCF_003019875.1,PRJNA453595,SAMN00788613,MADK00000000.1,reference genome,857342,5101,Amorphotheca resinae ATCC 22711,strain=ATCC 22711,na,latest,Scaffold,Major,Full,2018-03-27,Amore1,DOE Joint Genome Institute,GCA_003019875.1,identical,https://ftp.ncbi.nlm.nih.gov/genomes/all/GCF/003/019/875/GCF_003019875.1_Amore1,na,na,na,haploid,fungi,28632918,28460037,47.5,0,32,309,DOE Joint Genome Institute,Annotation submitted by DOE Joint Genome Institute,2018-04-26,9642,9642,0,29315638,Amorphotheca_resinae_atcc_22711_gca_003019875.Amore1.dna.toplevel.fa,GCF_003019875.1_Amore1_genomic.fna.gz
exophiala_dermatitidis_nih_ut8656_gca_000230625,EnsemblFungi,858893,Exop_derm_V1,GCA_000230625.1,2012-02-BroadInstitute,N,N,N,N,N,Y,fungi_ascomycota1_collection_core_61_114_1,123,,GCF_000230625.1,PRJNA225511,SAMN00760826,AFPA00000000.1,reference genome,858893,5970,Exophiala dermatitidis NIH/UT8656,strain=NIH/UT8656,na,latest,Scaffold,Major,Full,2011-10-19,Exop_derm_V1,Broad Institute,GCA_000230625.1,identical,https://ftp.ncbi.nlm.nih.gov/genomes/all/GCF/000/230/625/GCF_000230625.1_Exop_derm_V1,na,na,na,haploid,fungi,26350763,26346203,51.5,0,10,238,Broad Institute,Annotation submitted by Broad Institute,2024-01-02,9355,9284,70,28348446,Exophiala_dermatitidis_nih_ut8656_gca_000230625.Exop_derm_V1.dna.toplevel.fa,GCF_000230625.1_Exop_derm_V1_genomic.fna.gz
metschnikowia_bicuspidata_var_bicuspidata_nrrl_yb_4993_gca_001664035,EnsemblFungi,869754,Metbi1,GCA_001664035.1,2016-07-DOEJointGenomeInstitute,N,N,N,Y,N,Y,fungi_ascomycota3_collection_core_61_114_1,156,,GCF_001664035.1,PRJNA342692,SAMN00773783,LXTC00000000.1,reference genome,869754,27322,Metschnikowia bicuspidata var. bicuspidata NRRL YB-4993,strain=NRRL YB-4993,na,latest,Scaffold,Major,Full,2016-06-17,Metbi1,DOE Joint Genome Institute,GCA_001664035.1,identical,https://ftp.ncbi.nlm.nih.gov/genomes/all/GCF/001/664/035/GCF_001664035.1_Metbi1,na,assembly from type material,na,haploid,fungi,16055203,15677757,48.0,0,48,48,DOE Joint Genome Institute,Annotation submitted by DOE Joint Genome Institute,2017-08-29,6090,5837,249,27535936,Metschnikowia_bicuspidata_var_bicuspidata_nrrl_yb_4993_gca_001664035.Metbi1.dna.toplevel.fa,GCF_001664035.1_Metbi1_genomic.fna.gz
ogataea_parapolymorpha_dl_1_gca_000187245,EnsemblFungi,871575,Hansenula_2,GCA_000187245.3,2014-05-Centre,N,N,N,Y,N,Y,fungi_ascomycota1_collection_core_61_114_1,186,,GCF_000187245.1,PRJNA264114,SAMN02981294,AEOI00000000.2,reference genome,871575,1005962,Ogataea parapolymorpha DL-1,strain=DL-1,na,latest,Chromosome,Major,Full,2013-12-20,Hansenula_2,Centre,GCA_000187245.3,identical,https://ftp.ncbi.nlm.nih.gov/genomes/all/GCF/000/187/245/GCF_000187245.1_Hansenula_2,na,assembly from synonym type material,na,haploid,fungi,8874589,8870389,48.0,7,7,10,Centre,Annotation submitted by Centre,2023-12-29,5408,5325,83,24279325,Ogataea_parapolymorpha_dl_1_gca_000187245.Hansenula_2.dna.toplevel.fa,GCF_000187245.1_Hansenula_2_genomic.fna.gz
botrytis_porri_gca_004786265,EnsemblFungi,87229,ASM478626v1,GCA_004786265.1,2019-05-WageningenUniversity,N,N,N,N,N,Y,fungi_ascomycota5_collection_core_61_114_1,82,,GCF_014898465.1,PRJNA691331,SAMN10219764,RCTA00000000.1,reference genome,87229,87229,Botrytis porri,strain=MUCL 3234,na,latest,Contig,Major,Full,2020-10-20,ASM1489846v1,Wageningen University,GCA_014898465.1,identical,https://ftp.ncbi.nlm.nih.gov/genomes/all/GCF/014/898/465/GCF_014898465.1_ASM1489846v1,na,assembly from type material,na,haploid,fungi,46789968,46789968,40.0,0,31,31,Wageningen University,Annotation submitted by Wageningen University,2021-02-12,12076,12076,0,na,Botrytis_porri_gca_004786265.ASM478626v1.dna.toplevel.fa,GCF_014898465.1_ASM1489846v1_genomic.fna.gz
encephalitozoon_intestinalis_atcc_50506_gca_000146465,EnsemblFungi,876142,ASM14646v1,GCA_000146465.1,2014-10-KeelinglabUniversityofBritishColumbia,N,N,N,N,N,Y,fungi_microsporidia1_collection_core_61_114_1,10,,GCF_000146465.1,PRJNA51607,SAMN03081424,na,reference genome,876142,58839,Encephalitozoon intestinalis ATCC 50506,strain=ATCC 50506,na,latest,Chromosome,Major,Full,2010-08-16,ASM14646v1,"Keeling lab, University of British Columbia",GCA_000146465.1,identical,https://ftp.ncbi.nlm.nih.gov/genomes/all/GCF/000/146/465/GCF_000146465.1_ASM14646v1,na,na,na,haploid,fungi,2216898,2216798,41.5,11,11,11,"Keeling lab, University of British Columbia","Annotation submitted by Keeling lab, University of British Columbia",2022-04-18,2010,1938,72,20865802;22802648,Encephalitozoon_intestinalis_atcc_50506_gca_000146465.ASM14646v1.dna.toplevel.fa,identical_genomic.fna.gz
cutaneotrichosporon_oleaginosum_gca_001027345,EnsemblFungi,879819,Triol1,GCA_001027345.1,2016-06-DOEJointGenomeInstitute,N,N,N,Y,N,Y,fungi_basidiomycota1_collection_core_61_114_1,100,,GCF_008065305.1,PRJNA1120906,SAMN09399338,QKWL00000000.1,reference genome,879819,879819,Cutaneotrichosporon oleaginosum,strain=ATCC 20508,na,latest,Contig,Major,Full,2019-08-22,ASM806530v1,Ruhr-University Bochum,GCA_008065305.1,identical,https://ftp.ncbi.nlm.nih.gov/genomes/all/GCF/008/065/305/GCF_008065305.1_ASM806530v1,na,na,na,haploid,fungi,19820908,19820908,60.5,0,8,8,Ruhr-University Bochum,Annotation submitted by Ruhr-University Bochum,2024-06-10,7911,7911,0,31490920,Cutaneotrichosporon_oleaginosum_gca_001027345.Triol1.dna.toplevel.fa,GCF_008065305.1_ASM806530v1_genomic.fna.gz
cutaneotrichosporon_oleaginosum_gca_008065305,EnsemblFungi,879819,ASM806530v1,GCA_008065305.1,2020-01-RuhrUniversityBochum,N,N,N,N,N,Y,fungi_basidiomycota2_collection_core_61_114_1,7,,GCF_008065305.1,PRJNA1120906,SAMN09399338,QKWL00000000.1,reference genome,879819,879819,Cutaneotrichosporon oleaginosum,strain=ATCC 20508,na,latest,Contig,Major,Full,2019-08-22,ASM806530v1,Ruhr-University Bochum,GCA_008065305.1,identical,https://ftp.ncbi.nlm.nih.gov/genomes/all/GCF/008/065/305/GCF_008065305.1_ASM806530v1,na,na,na,haploid,fungi,19820908,19820908,60.5,0,8,8,Ruhr-University Bochum,Annotation submitted by Ruhr-University Bochum,2024-06-10,7911,7911,0,31490920,Cutaneotrichosporon_oleaginosum_gca_008065305.ASM806530v1.dna.toplevel.fa,GCF_008065305.1_ASM806530v1_genomic.fna.gz
nematocida_parisii_ertm1_gca_000250985,EnsemblFungi,881290,Nema_parisii_ERTm1_V3,GCA_000250985.1,2012-05-BroadInstitute,N,N,N,N,N,Y,fungi_microsporidia1_collection_core_61_114_1,8,,GCF_000250985.1,PRJNA242543,SAMN02981274,AEFF00000000.2,reference genome,881290,586133,Nematocida parisii ERTm1,strain=ERTm1,na,latest,Scaffold,Major,Full,2012-05-14,Nema_parisii_ERTm1_V3,Broad Institute,GCA_000250985.1,identical,https://ftp.ncbi.nlm.nih.gov/genomes/all/GCF/000/250/985/GCF_000250985.1_Nema_parisii_ERTm1_V3,na,na,na,haploid,fungi,4071346,4029057,34.5,0,65,126,Broad Institute,Annotation submitted by Broad Institute,2024-01-02,2724,2661,63,na,Nematocida_parisii_ertm1_gca_000250985.Nema_parisii_ERTm1_V3.dna.toplevel.fa,GCF_000250985.1_Nema_parisii_ERTm1_V3_genomic.fna.gz
encephalitozoon_hellem_atcc_50504_gca_000277815,EnsemblFungi,907965,ASM27781v3,GCA_000277815.3,2017-06-UniversityofBritishColumbia,N,N,N,N,N,Y,fungi_microsporidia1_collection_core_61_114_1,3,,GCF_000277815.2,PRJNA173349,SAMN03081428,na,reference genome,907965,27973,Encephalitozoon hellem ATCC 50504,strain=ATCC 50504,na,latest,Chromosome,Major,Full,2012-07-16,ASM27781v3,University of British Columbia,GCA_000277815.3,identical,https://ftp.ncbi.nlm.nih.gov/genomes/all/GCF/000/277/815/GCF_000277815.2_ASM27781v3,na,na,na,haploid,fungi,2251784,2251784,43.5,11,12,12,University of British Columbia,Annotation submitted by University of British Columbia,2023-09-27,2006,1928,78,22802648,Encephalitozoon_hellem_atcc_50504_gca_000277815.ASM27781v3.dna.toplevel.fa,GCF_000277815.2_ASM27781v3_genomic.fna.gz
aspergillus_udagawae_gca_001078395,EnsemblFungi,91492,Aud_assembly01,GCA_001078395.1,2016-05-MedicalMycologyResearchCenter,N,N,N,N,N,Y,fungi_ascomycota3_collection_core_61_114_1,31,,GCF_001078395.1,PRJNA758027,SAMD00031778,BBXM00000000.2,reference genome,91492,91492,Aspergillus udagawae,strain=IFM 46973,na,latest,Scaffold,Major,Full,2021-03-12,Aud_assembly02,Medical Mycology Research Center,GCA_001078395.2,different,https://ftp.ncbi.nlm.nih.gov/genomes/all/GCF/001/078/395/GCF_001078395.1_Aud_assembly02,na,assembly from type material,na,haploid,fungi,32252303,32035701,49.5,0,17,17,Medical Mycology Research Center,Annotation submitted by Medical Mycology Research Center,2025-02-22,11009,10795,214,26251487,Aspergillus_udagawae_gca_001078395.Aud_assembly01.dna.toplevel.fa,GCF_001078395.1_Aud_assembly02_genomic.fna.gz
aspergillus_udagawae_gca_010724135,EnsemblFungi,91492,ASM1072413v1,GCA_010724135.1,2020-02-MedicalMycologyResearchCenter,N,N,N,N,N,Y,fungi_ascomycota5_collection_core_61_114_1,124,,GCF_001078395.1,PRJNA758027,SAMD00031778,BBXM00000000.2,reference genome,91492,91492,Aspergillus udagawae,strain=IFM 46973,na,latest,Scaffold,Major,Full,2021-03-12,Aud_assembly02,Medical Mycology Research Center,GCA_001078395.2,different,https://ftp.ncbi.nlm.nih.gov/genomes/all/GCF/001/078/395/GCF_001078395.1_Aud_assembly02,na,assembly from type material,na,haploid,fungi,32252303,32035701,49.5,0,17,17,Medical Mycology Research Center,Annotation submitted by Medical Mycology Research Center,2025-02-22,11009,10795,214,26251487,Aspergillus_udagawae_gca_010724135.ASM1072413v1.dna.toplevel.fa,GCF_001078395.1_Aud_assembly02_genomic.fna.gz
aspergillus_udagawae_gca_010724255,EnsemblFungi,91492,ASM1072425v1,GCA_010724255.1,2020-02-MedicalMycologyResearchCenter,N,N,N,N,N,Y,fungi_ascomycota5_collection_core_61_114_1,34,,GCF_001078395.1,PRJNA758027,SAMD00031778,BBXM00000000.2,reference genome,91492,91492,Aspergillus udagawae,strain=IFM 46973,na,latest,Scaffold,Major,Full,2021-03-12,Aud_assembly02,Medical Mycology Research Center,GCA_001078395.2,different,https://ftp.ncbi.nlm.nih.gov/genomes/all/GCF/001/078/395/GCF_001078395.1_Aud_assembly02,na,assembly from type material,na,haploid,fungi,32252303,32035701,49.5,0,17,17,Medical Mycology Research Center,Annotation submitted by Medical Mycology Research Center,2025-02-22,11009,10795,214,26251487,Aspergillus_udagawae_gca_010724255.ASM1072425v1.dna.toplevel.fa,GCF_001078395.1_Aud_assembly02_genomic.fna.gz
aspergillus_udagawae_gca_010724335,EnsemblFungi,91492,ASM1072433v1,GCA_010724335.1,2020-02-MedicalMycologyResearchCenter,N,N,N,N,N,Y,fungi_ascomycota4_collection_core_61_114_1,133,,GCF_001078395.1,PRJNA758027,SAMD00031778,BBXM00000000.2,reference genome,91492,91492,Aspergillus udagawae,strain=IFM 46973,na,latest,Scaffold,Major,Full,2021-03-12,Aud_assembly02,Medical Mycology Research Center,GCA_001078395.2,different,https://ftp.ncbi.nlm.nih.gov/genomes/all/GCF/001/078/395/GCF_001078395.1_Aud_assembly02,na,assembly from type material,na,haploid,fungi,32252303,32035701,49.5,0,17,17,Medical Mycology Research Center,Annotation submitted by Medical Mycology Research Center,2025-02-22,11009,10795,214,26251487,Aspergillus_udagawae_gca_010724335.ASM1072433v1.dna.toplevel.fa,GCF_001078395.1_Aud_assembly02_genomic.fna.gz
aspergillus_udagawae_gca_010724795,EnsemblFungi,91492,ASM1072479v1,GCA_010724795.1,2020-02-MedicalMycologyResearchCenter,N,N,N,N,N,Y,fungi_ascomycota5_collection_core_61_114_1,157,,GCF_001078395.1,PRJNA758027,SAMD00031778,BBXM00000000.2,reference genome,91492,91492,Aspergillus udagawae,strain=IFM 46973,na,latest,Scaffold,Major,Full,2021-03-12,Aud_assembly02,Medical Mycology Research Center,GCA_001078395.2,different,https://ftp.ncbi.nlm.nih.gov/genomes/all/GCF/001/078/395/GCF_001078395.1_Aud_assembly02,na,assembly from type material,na,haploid,fungi,32252303,32035701,49.5,0,17,17,Medical Mycology Research Center,Annotation submitted by Medical Mycology Research Center,2025-02-22,11009,10795,214,26251487,Aspergillus_udagawae_gca_010724795.ASM1072479v1.dna.toplevel.fa,GCF_001078395.1_Aud_assembly02_genomic.fna.gz
exophiala_spinifera_gca_000836115,EnsemblFungi,91928,Exop_spin_CBS89968_V1,GCA_000836115.1,2016-06-BroadInstitute,N,N,N,N,N,Y,fungi_ascomycota2_collection_core_61_114_1,44,,GCF_000836115.1,PRJNA326653,SAMN03176947,JYBY00000000.1,reference genome,91928,91928,Exophiala spinifera,strain=CBS 89968,na,latest,Scaffold,Major,Full,2015-02-23,Exop_spin_CBS89968_V1,Broad Institute,GCA_000836115.1,identical,https://ftp.ncbi.nlm.nih.gov/genomes/all/GCF/000/836/115/GCF_000836115.1_Exop_spin_CBS89968_V1,na,assembly from type material,na,haploid,fungi,32912349,32873413,51.5,0,28,143,Broad Institute,Annotation submitted by Broad Institute,2024-01-05,12110,12049,58,na,Exophiala_spinifera_gca_000836115.Exop_spin_CBS89968_V1.dna.toplevel.fa,GCF_000836115.1_Exop_spin_CBS89968_V1_genomic.fna.gz
bipolaris_zeicola_26_r_13_gca_000523435,EnsemblFungi,930089,Cochliobolus carbonum v1.0,GCA_000523435.1,2014-04-JGI,N,N,N,N,N,Y,fungi_ascomycota1_collection_core_61_114_1,122,,GCF_000523435.1,PRJNA245123,SAMN02981449,AMCN00000000.1,reference genome,930089,5017,Bipolaris zeicola 26-R-13,strain=26-R-13,na,latest,Scaffold,Major,Full,2014-01-30,Cochliobolus carbonum v1.0,JGI,GCA_000523435.1,identical,https://ftp.ncbi.nlm.nih.gov/genomes/all/GCF/000/523/435/GCF_000523435.1_Cochliobolus_carbonum_v1.0,na,na,na,haploid,fungi,31267936,31249390,51.0,0,844,882,JGI,Annotation submitted by JGI,2024-01-05,12848,12848,0,23357949,Bipolaris_zeicola_26_r_13_gca_000523435.Cochliobolus_carbonum_v1.0.dna.toplevel.fa,GCF_000523435.1_Cochliobolus_carbonum_v1.0_genomic.fna.gz
bipolaris_oryzae_atcc_44560_gca_000523455,EnsemblFungi,930090,Cochliobolus miyabeanus v1.0,GCA_000523455.1,2014-04-JGI,N,N,N,Y,N,Y,fungi_ascomycota1_collection_core_61_114_1,158,,GCF_000523455.1,PRJNA245121,SAMN02981450,AMCO00000000.1,reference genome,930090,101162,Bipolaris oryzae ATCC 44560,strain=ATCC 44560,na,latest,Scaffold,Major,Full,2014-01-30,Cochliobolus miyabeanus v1.0,JGI,GCA_000523455.1,identical,https://ftp.ncbi.nlm.nih.gov/genomes/all/GCF/000/523/455/GCF_000523455.1_Cochliobolus_miyabeanus_v1.0,na,na,na,haploid,fungi,31362097,31327767,50.5,0,619,671,JGI,Annotation submitted by JGI,2024-01-05,12000,12000,0,23357949,Bipolaris_oryzae_atcc_44560_gca_000523455.Cochliobolus_miyabeanus_v1.0.dna.toplevel.fa,GCF_000523455.1_Cochliobolus_miyabeanus_v1.0_genomic.fna.gz
eremothecium_cymbalariae_dbvpg_7215_gca_000235365,EnsemblFungi,931890,ASM23536v1,GCA_000235365.1,2014-10-CarlsbergLaboratory,N,N,N,Y,N,Y,fungi_ascomycota1_collection_core_61_114_1,154,,GCF_000235365.1,PRJNA78153,SAMN03081426,na,reference genome,931890,45285,Eremothecium cymbalariae DBVPG#7215,strain=DBVPG#7215,na,latest,Chromosome,Major,Full,2011-11-14,ASM23536v1,Carlsberg Laboratory,GCA_000235365.1,identical,https://ftp.ncbi.nlm.nih.gov/genomes/all/GCF/000/235/365/GCF_000235365.1_ASM23536v1,na,na,na,haploid,fungi,9669424,9669411,40.5,8,8,8,Carlsberg Laboratory,Annotation submitted by Carlsberg Laboratory,2024-12-04,4852,4433,151,22384365,Eremothecium_cymbalariae_dbvpg_7215_gca_000235365.ASM23536v1.dna.toplevel.fa,GCF_000235365.1_ASM23536v1_genomic.fna.gz
vavraia_culicis_subsp_floridensis_gca_000192795,EnsemblFungi,948595,Vavr_culi_floridensis_V1,GCA_000192795.1,2014-05-BroadInstitute,N,N,N,Y,N,Y,fungi_microsporidia1_collection_core_61_114_1,12,,GCF_000192795.1,PRJNA242548,SAMN02981300,AEUG00000000.1,reference genome,948595,103449,Vavraia culicis subsp. floridensis,strain=floridensis,na,latest,Scaffold,Major,Full,2011-03-22,Vavr_culi_floridensis_V1,Broad Institute,GCA_000192795.1,identical,https://ftp.ncbi.nlm.nih.gov/genomes/all/GCF/000/192/795/GCF_000192795.1_Vavr_culi_floridensis_V1,na,na,na,haploid,fungi,6118689,6033837,39.5,0,379,501,NCBI RefSeq,Annotation submitted by NCBI RefSeq,2014-07-23,2825,2773,52,na,Vavraia_culicis_subsp_floridensis_gca_000192795.Vavr_culi_floridensis_V1.dna.toplevel.fa,GCF_000192795.1_Vavr_culi_floridensis_V1_genomic.fna.gz
arthrobotrys_flagrans_gca_004000055,EnsemblFungi,97331,DF_1.0,GCA_004000055.1,2019-01-InstituteforAppliedBiosciences,N,N,N,N,N,Y,fungi_ascomycota5_collection_core_61_114_1,83,,GCF_004000055.1,PRJNA1151047,SAMN10185917,SAEB00000000.1,reference genome,97331,97331,Arthrobotrys flagrans,"strain=CBS H-5679, /ecotype=Germany",na,latest,Contig,Major,Full,2019-01-08,DF_1.0,Institute for Applied Biosciences,GCA_004000055.1,identical,https://ftp.ncbi.nlm.nih.gov/genomes/all/GCF/004/000/055/GCF_004000055.1_DF_1.0,na,na,na,haploid,fungi,36645795,36645795,45.0,0,14,14,Institute for Applied Biosciences,Annotation submitted by Institute for Applied Biosciences,2024-09-04,9927,9897,0,30917129,Arthrobotrys_flagrans_gca_004000055.DF_1.0.dna.toplevel.fa,identical_genomic.fna.gz
cordyceps_militaris_cm01_gca_000225605,EnsemblFungi,983644,CmilitarisCM01_v01,GCA_000225605.1,2012-05-ShanghaiInstitutesforBiologicalSciencesSIBSChineseAcademyofSciences,N,N,N,N,N,Y,fungi_ascomycota1_collection_core_61_114_1,172,,GCF_000225605.1,PRJNA225510,SAMN02981304,AEVU00000000.1,reference genome,983644,73501,Cordyceps militaris CM01,strain=CM01,na,latest,Scaffold,Major,Full,2011-09-12,CmilitarisCM01_v01,"Shanghai Institutes for Biological Sciences (SIBS), Chinese Academy of Sciences",GCA_000225605.1,identical,https://ftp.ncbi.nlm.nih.gov/genomes/all/GCF/000/225/605/GCF_000225605.1_CmilitarisCM01_v01,na,na,na,haploid,fungi,32268578,32212078,51.5,0,32,597,"Shanghai Institutes for Biological Sciences (SIBS), Chinese Academy of Sciences","Annotation submitted by Shanghai Institutes for Biological Sciences (SIBS), Chinese Academy of Sciences",2024-01-02,9651,9651,0,22112802,Cordyceps_militaris_cm01_gca_000225605.CmilitarisCM01_v01.dna.toplevel.fa,identical_genomic.fna.gz
trichoderma_harzianum_cbs_226_95_gca_003025095,EnsemblFungi,983964,Triha v1.0,GCA_003025095.1,2018-04-DOEJointGenomeInstitute,N,N,N,N,N,Y,fungi_ascomycota4_collection_core_61_114_1,31,,GCF_003025095.1,PRJNA453596,SAMN00761861,MBGI00000000.1,reference genome,983964,5544,Trichoderma harzianum CBS 226.95,strain=CBS 226.95,na,latest,Scaffold,Major,Full,2018-03-30,Triha v1.0,DOE Joint Genome Institute,GCA_003025095.1,identical,https://ftp.ncbi.nlm.nih.gov/genomes/all/GCF/003/025/095/GCF_003025095.1_Triha_v1.0,na,assembly designated as neotype,na,haploid,fungi,40980648,40956379,47.5,0,532,841,DOE Joint Genome Institute,Annotation submitted by DOE Joint Genome Institute,2018-04-26,14294,14064,205,na,Trichoderma_harzianum_cbs_226_95_gca_003025095.Triha_v1.0.dna.toplevel.fa,GCF_003025095.1_Triha_v1.0_genomic.fna.gz
cyberlindnera_jadinii_nrrl_y_1542_gca_001661405,EnsemblFungi,983966,Cybja1,GCA_001661405.1,2016-09-DOEJointGenomeInstitute,N,N,N,N,N,Y,fungi_ascomycota3_collection_core_61_114_1,194,,GCF_001661405.1,PRJNA374042,SAMN02616005,LTAD00000000.1,reference genome,983966,4903,Cyberlindnera jadinii NRRL Y-1542,strain=NRRL Y-1542,na,latest,Scaffold,Major,Full,2016-09-15,Cybja1,DOE Joint Genome Institute,GCA_001661405.1,identical,https://ftp.ncbi.nlm.nih.gov/genomes/all/GCF/001/661/405/GCF_001661405.1_Cybja1,na,assembly from type material,na,haploid,fungi,13018415,12757021,44.5,0,76,392,DOE Joint Genome Institute,Annotation submitted by DOE Joint Genome Institute,2024-12-04,6184,6032,152,27535936,Cyberlindnera_jadinii_nrrl_y_1542_gca_001661405.Cybja1.dna.toplevel.fa,GCF_001661405.1_Cybja1_genomic.fna.gz
drechmeria_coniospora_gca_001625195,EnsemblFungi,98403,ASM162519v1,GCA_001625195.1,2016-03-BiotechnologyResearchInstituteChineseAcademyofAgriculturalSciences,N,N,N,Y,N,Y,fungi_ascomycota3_collection_core_61_114_1,104,,GCF_001625195.1,PRJNA721991,SAMN03387934,LAYC00000000.1,reference genome,98403,98403,Drechmeria coniospora,strain=ARSEF 6962,na,latest,Chromosome,Major,Full,2016-04-24,ASM162519v1,"Biotechnology Research Institute, Chinese Academy of Agricultural Sciences",GCA_001625195.1,identical,https://ftp.ncbi.nlm.nih.gov/genomes/all/GCF/001/625/195/GCF_001625195.1_ASM162519v1,na,na,na,haploid,fungi,32831003,32193096,55.0,3,28,28,"Biotechnology Research Institute, Chinese Academy of Agricultural Sciences","Annotation submitted by Biotechnology Research Institute, Chinese Academy of Agricultural Sciences",2021-04-20,8445,8236,141,26975455,Drechmeria_coniospora_gca_001625195.ASM162519v1.dna.toplevel.fa,identical_genomic.fna.gz
hyphopichia_burtonii_nrrl_y_1933_gca_001661395,EnsemblFungi,984485,Hypbu1,GCA_001661395.1,2016-09-DOEJointGenomeInstitute,N,N,N,Y,N,Y,fungi_ascomycota3_collection_core_61_114_1,196,,GCF_001661395.1,PRJNA374043,SAMN00794652,LYBQ00000000.1,reference genome,984485,717740,Hyphopichia burtonii NRRL Y-1933,strain=NRRL Y-1933,na,latest,Scaffold,Major,Full,2016-09-15,Hypbu1,DOE Joint Genome Institute,GCA_001661395.1,identical,https://ftp.ncbi.nlm.nih.gov/genomes/all/GCF/001/661/395/GCF_001661395.1_Hypbu1,na,assembly from type material,na,haploid,fungi,12403110,12346325,35.0,0,27,243,NCBI RefSeq,Annotation submitted by NCBI RefSeq,2017-02-15,6166,5995,171,27535936,Hyphopichia_burtonii_nrrl_y_1933_gca_001661395.Hypbu1.dna.toplevel.fa,GCF_001661395.1_Hypbu1_genomic.fna.gz
babjeviella_inositovora_nrrl_y_12698_gca_001661335,EnsemblFungi,984486,Babin1,GCA_001661335.1,2016-09-DOEJointGenomeInstitute,N,N,N,Y,N,Y,fungi_ascomycota3_collection_core_61_114_1,172,,GCF_001661335.1,PRJNA352836,SAMN00794393,LWKO00000000.1,reference genome,984486,45609,Babjeviella inositovora NRRL Y-12698,strain=NRRL Y-12698,na,latest,Scaffold,Major,Full,2016-09-09,Babin1,DOE Joint Genome Institute,GCA_001661335.1,identical,https://ftp.ncbi.nlm.nih.gov/genomes/all/GCF/001/661/335/GCF_001661335.1_Babin1,na,assembly from type material,na,haploid,fungi,15221050,15052886,48.0,0,49,211,DOE Joint Genome Institute,Annotation submitted by DOE Joint Genome Institute,2020-02-03,6795,6397,393,27535936,Babjeviella_inositovora_nrrl_y_12698_gca_001661335.Babin1.dna.toplevel.fa,GCF_001661335.1_Babin1_genomic.fna.gz
suhomyces_tanzawaensis_nrrl_y_17324_gca_001661415,EnsemblFungi,984487,Canta1,GCA_001661415.1,2016-09-DOEJointGenomeInstitute,N,N,N,Y,N,Y,fungi_ascomycota3_collection_core_61_114_1,191,,GCF_001661415.1,PRJNA374041,SAMN00794653,LYME00000000.1,reference genome,984487,46583,Suhomyces tanzawaensis NRRL Y-17324,strain=NRRL Y-17324,na,latest,Scaffold,Major,Full,2016-09-15,Canta1,DOE Joint Genome Institute,GCA_001661415.1,identical,https://ftp.ncbi.nlm.nih.gov/genomes/all/GCF/001/661/415/GCF_001661415.1_Canta1,na,assembly from type material,na,haploid,fungi,13136204,13103345,45.5,0,16,249,DOE Joint Genome Institute,Annotation submitted by DOE Joint Genome Institute,2019-11-29,6143,5884,257,27535936,Suhomyces_tanzawaensis_nrrl_y_17324_gca_001661415.Canta1.dna.toplevel.fa,GCF_001661415.1_Canta1_genomic.fna.gz
vittaforma_corneae_atcc_50505_gca_000231115,EnsemblFungi,993615,Vitt_corn_V1,GCA_000231115.1,2012-12-BroadInstitute,N,N,N,Y,N,Y,fungi_microsporidia1_collection_core_61_114_1,16,,GCF_000231115.1,PRJNA242549,SAMN02981316,AEYK00000000.1,reference genome,993615,42399,Vittaforma corneae ATCC 50505,strain=ATCC 50505,na,latest,Scaffold,Major,Full,2011-10-21,Vitt_corn_V1,Broad Institute,GCA_000231115.1,identical,https://ftp.ncbi.nlm.nih.gov/genomes/all/GCF/000/231/115/GCF_000231115.1_Vitt_corn_V1,na,na,na,haploid,fungi,3213516,3148737,36.5,0,220,314,Broad Institute,Annotation submitted by Broad Institute,2024-01-02,2293,2239,54,na,Vittaforma_corneae_atcc_50505_gca_000231115.Vitt_corn_V1.dna.toplevel.fa,GCF_000231115.1_Vitt_corn_V1_genomic.fna.gz
