subject_length,matched_bases,similarity
33034,33034,1.0
34446,34446,1.0
30536,30536,1.0
35937,35937,1.0
35938,35938,1.0
32621,32621,1.0
35524,35524,1.0
36519,36519,1.0
26263,26263,1.0
36001,36001,1.0
35514,35514,1.0
34794,34794,1.0
31323,31323,1.0
34185,34185,1.0
3603,3602,0.9997224535109631
3741,3737,0.9989307671745522
6483,6471,0.998149005090236
426,426,1.0
1140,789,0.6921052631578948
1115,591,0.5300448430493273
1754,1754,1.0
1194,1120,0.9380234505862647
1548,1483,0.9580103359173127
1612,1579,0.9795285359801489
1646,1436,0.8724179829890644
3414,3369,0.9868189806678384
1040,885,0.8509615384615384
1832,1604,0.8755458515283843
1439,1413,0.9819318971507992
1867,1833,0.9817889662560257
1147,1129,0.984306887532694
1635,1279,0.782262996941896
6964,1666,0.2392303273980471
1305,1297,0.9938697318007663
852,776,0.9107981220657277
330611,330611,1.0
11158,11158,1.0
9028,9028,1.0
168903,168903,1.0
10079,10079,1.0
37370,37370,1.0
40739,40739,1.0
5899,5897,0.9996609594846584
2744,2744,1.0
5596,5596,1.0
360,360,1.0
43785,43785,1.0
162114,162114,1.0
60942,60942,1.0
11550,11550,1.0
61670,61670,1.0
36717,36717,1.0
36524,36524,1.0
5454,5454,1.0
4415,4415,1.0
7320,7320,1.0
11014,11014,1.0
9760,9760,1.0
9799,9799,1.0
161773,161773,1.0
4003,4003,1.0
159857,159857,1.0
6825,6825,1.0
39600,39600,1.0
4113,4113,1.0
30624,30624,1.0
6087,6087,1.0
7349,7349,1.0
6744,6744,1.0
52297,52297,1.0
15465,15465,1.0
4789,4788,0.9997911881394863
329,329,1.0
4491,4491,1.0
7489,7489,1.0
3027,3027,1.0
2689,2689,1.0
124884,124884,1.0
112930,112930,1.0
302,302,1.0
7860,7860,1.0
7614,7614,1.0
7902,7902,1.0
7815,7815,1.0
7857,7857,1.0
5220,2785,0.5335249042145593
8533,8533,1.0
8323,8323,1.0
13246,13246,1.0
8273,8273,1.0
8101,8101,1.0
6395,6395,1.0
7308,7308,1.0
4679,4679,1.0
2630,2630,1.0
4788,4788,1.0
35937,35937,1.0
9392,9392,1.0
7286,7286,1.0
7555,7555,1.0
247,247,1.0
2994,2993,0.9996659986639946
8482,8482,1.0
8419,8419,1.0
48502,48502,1.0
3569,3569,1.0
5577,5577,1.0
14927,14927,1.0
5386,5386,1.0
19366,19366,1.0
3466,3466,1.0
2319,2319,1.0
7390,7390,1.0
8507,8507,1.0
10976,10976,1.0
6955,6955,1.0
4697,4697,1.0
9741,9741,1.0
11965,11965,1.0
9202,9202,1.0
34214,34214,1.0
7353,7353,1.0
7348,7348,1.0
12573,12573,1.0
246,246,1.0
9189,9189,1.0
371,371,1.0
1291,1291,1.0
2750,2750,1.0
4701,4699,0.9995745586045522
254,254,1.0
7389,7389,1.0
10723,10723,1.0
10707,10707,1.0
10735,10735,1.0
2701,2701,1.0
7835,7835,1.0
6331,6331,1.0
9474,9474,1.0
6151,6151,1.0
3311,3311,1.0
3027,3027,1.0
8952,8952,1.0
7478,7478,1.0
7212,7212,1.0
150224,150224,1.0
12734,12734,1.0
134226,134226,1.0
7462,7462,1.0
8024,8024,1.0
15894,15894,1.0
5894,5894,1.0
6296,6296,1.0
8332,8332,1.0
5833,5833,1.0
8805,8805,1.0
4266,4265,0.9997655883731833
3811,3811,1.0
5096,2763,0.5421899529042387
5149,5149,1.0
9256,9256,1.0
6211,6211,1.0
8785,8785,1.0
5307,5307,1.0
9640,9640,1.0
7945,7945,1.0
8374,8374,1.0
8095,8095,1.0
7906,7906,1.0
7746,7746,1.0
5153,5153,1.0
5323,5323,1.0
5517,5517,1.0
7868,7868,1.0
11932,11932,1.0
7437,7437,1.0
300,300,1.0
11703,11703,1.0
9623,9623,1.0
8557,8557,1.0
360,360,1.0
4776,4775,0.9997906197654941
9494,9494,1.0
6355,6355,1.0
1239,1239,1.0
360,360,1.0
10682,10682,1.0
7161,7161,1.0
4449,4449,1.0
7919,7919,1.0
7855,7855,1.0
7961,7961,1.0
7723,7723,1.0
7560,7560,1.0
7856,7856,1.0
8027,8027,1.0
7434,7434,1.0
15480,15480,1.0
4041,4041,1.0
39937,39937,1.0
7687,7687,1.0
11624,11624,1.0
7413,7413,1.0
13720,13720,1.0
9704,9704,1.0
7152,7152,1.0
3166,3166,1.0
8607,8607,1.0
133894,133894,1.0
4193,4193,1.0
3588,3588,1.0
22195,22195,1.0
12226,12226,1.0
4009,4009,1.0
8174,8174,1.0
14104,14104,1.0
4615,4615,1.0
6366,6366,1.0
2705,2705,1.0
8159,8159,1.0
184439,184439,1.0
315,315,1.0
11131,11131,1.0
7732,7732,1.0
9399,9399,1.0
6376,6376,1.0
19296,19296,1.0
4801,4801,1.0
5372,5372,1.0
159378,159378,1.0
5243,5243,1.0
9924,9924,1.0
11141,11141,1.0
7759,7759,1.0
8028,8028,1.0
7100,7100,1.0
7184,7184,1.0
7313,7313,1.0
7989,7989,1.0
4279,4279,1.0
32355,32355,1.0
5130,5130,1.0
5106,5106,1.0
8135,8135,1.0
22172,22172,1.0
9392,9392,1.0
153080,153080,1.0
5075,5075,1.0
3699,3699,1.0
10359,10359,1.0
10688,10688,1.0
7876,7876,1.0
4201,4201,1.0
6618,6618,1.0
4726,4726,1.0
6089,6089,1.0
190289,190289,1.0
30536,30536,1.0
8178,8178,1.0
4877,4877,1.0
6362,6362,1.0
6656,6656,1.0
6495,6495,1.0
7015,7015,1.0
9475,9475,1.0
3684,3684,1.0
3879,3879,1.0
1801,1801,1.0
10326,10326,1.0
11488,11488,1.0
7761,7761,1.0
1758,1758,1.0
6509,6509,1.0
154675,154675,1.0
8106,8106,1.0
6424,6424,1.0
9181,9181,1.0
15191,15191,1.0
152222,152222,1.0
10871,10871,1.0
6227,6227,1.0
9535,9535,1.0
8855,8855,1.0
3803,3803,1.0
3662,3662,1.0
102653,102653,1.0
19343,19343,1.0
119451,119451,1.0
4767,4767,1.0
315,315,1.0
12002,12002,1.0
9264,9264,1.0
28451,28451,1.0
16934,16934,1.0
7206,7206,1.0
10820,10820,1.0
145597,145597,1.0
7414,7414,1.0
3392,3392,1.0
12708,12708,1.0
2706,2706,1.0
6311,6311,1.0
10011,10011,1.0
131995,131995,1.0
34446,34446,1.0
134416,134416,1.0
8088,8088,1.0
9384,9384,1.0
4215,4215,1.0
33593,33593,1.0
7348,7348,1.0
5941,5941,1.0
49127,49127,1.0
46375,46375,1.0
26111,26111,1.0
18234,18234,1.0
31754,31754,1.0
8002,8002,1.0
366,366,1.0
15690,15690,1.0
8448,8448,1.0
15644,15644,1.0
6813,6813,1.0
1993,1993,1.0
8372,8372,1.0
8744,8744,1.0
8454,8454,1.0
8651,8651,1.0
26263,26263,1.0
15428,15428,1.0
128413,128413,1.0
5163,5163,1.0
5202,5202,1.0
161046,161046,1.0
6035,6035,1.0
41491,41491,1.0
108409,108409,1.0
15140,15140,1.0
6625,6625,1.0
236120,236120,1.0
4529,4529,1.0
6883,6883,1.0
356,356,1.0
359,359,1.0
10862,10862,1.0
7440,7440,1.0
5284,5284,1.0
5241,5241,1.0
8832,8832,1.0
34815,34815,1.0
3852,3852,1.0
4718,4718,1.0
5695,5695,1.0
15456,15456,1.0
6099,6099,1.0
40751,40751,1.0
39732,39732,1.0
4532,4532,1.0
35466,35466,1.0
4014,4014,1.0
288539,288539,1.0
3909,3909,1.0
4563,4563,1.0
2915,2915,1.0
5662,5662,1.0
17904,17904,1.0
15384,15384,1.0
12035,12035,1.0
39807,39807,1.0
177874,177874,1.0
7565,7565,1.0
13222,13222,1.0
29355,29355,1.0
41401,41401,1.0
178733,178733,1.0
2037,2037,1.0
8784,8784,1.0
6891,6891,1.0
41724,41724,1.0
8432,8432,1.0
6440,6440,1.0
7003,7003,1.0
56426,56426,1.0
45636,45636,1.0
8018,8018,1.0
26163,26163,1.0
9835,9835,1.0
2764,2764,1.0
230138,230138,1.0
33034,33034,1.0
11660,11660,1.0
39898,39896,0.9999498721740439
232392,232392,1.0
14900,14900,1.0
130608,130608,1.0
12704,12704,1.0
3080,3080,1.0
9491,9491,1.0
18959,18959,1.0
8284,8284,1.0
8612,8612,1.0
5194,2782,0.535618020793223
5194,2732,0.5259915286869464
4148,4148,1.0
6364,6364,1.0
100999,100999,1.0
4326,4326,1.0
9709,9709,1.0
336,336,1.0
6827,6827,1.0
7442,7442,1.0
4082,4082,1.0
31007,31007,1.0
6562,6562,1.0
9588,9588,1.0
10649,10649,1.0
159160,159160,1.0
144575,144575,1.0
4594,4594,1.0
27317,27317,1.0
21129,21129,1.0
131405,131405,1.0
50550,50550,1.0
12301,12301,1.0
42942,42942,1.0
108873,108873,1.0
35538,35538,1.0
41834,41834,1.0
36949,36949,1.0
31301,31301,1.0
124784,124784,1.0
335593,335593,1.0
6383,6383,1.0
4268,4268,1.0
5358,5358,1.0
32621,32621,1.0
38347,38347,1.0
18246,18246,1.0
7352,7352,1.0
38297,38297,1.0
893,893,1.0
682,682,1.0
37667,37667,1.0
5776,5776,1.0
6366,6366,1.0
6311,6311,1.0
195859,195859,1.0
8657,8657,1.0
11019,11019,1.0
6614,6614,1.0
123500,123500,1.0
2767,2767,1.0
2748,2748,1.0
10205,10205,1.0
150773,150773,1.0
7687,7687,1.0
212482,212482,1.0
31028,31028,1.0
40248,40248,1.0
1821,1821,1.0
5853,5853,1.0
8072,8072,1.0
118584,118584,1.0
108252,108252,1.0
49534,49534,1.0
15717,15717,1.0
7560,7560,1.0
130759,130759,1.0
139342,139342,1.0
9476,9476,1.0
8303,8303,1.0
43106,43106,1.0
16492,16492,1.0
1114,1114,1.0
40900,40900,1.0
11442,11442,1.0
40834,40834,1.0
9591,9591,1.0
309286,309286,1.0
11822,11822,1.0
292,292,1.0
35994,35994,1.0
35580,35580,1.0
43081,43081,1.0
37618,37618,1.0
53373,53373,1.0
6834,6834,1.0
33106,33106,1.0
31508,31508,1.0
8918,8918,1.0
57416,57416,1.0
6882,6882,1.0
77672,77672,1.0
5076,5076,1.0
7564,7564,1.0
7879,7879,1.0
6298,6298,1.0
42575,42575,1.0
2737,2737,1.0
5964,5964,1.0
8660,8660,1.0
8405,8405,1.0
9515,9515,1.0
7767,7767,1.0
2672,2672,1.0
220,220,1.0
7389,7389,1.0
7559,7559,1.0
52797,52797,1.0
146454,146454,1.0
46675,46675,1.0
205719,205719,1.0
9992,9992,1.0
9596,9596,1.0
9324,9324,1.0
133719,133719,1.0
1347,1347,1.0
1353,1353,1.0
1952,1952,1.0
5698,5698,1.0
1360,1360,1.0
11411,11411,1.0
2741,2741,1.0
11900,11900,1.0
2746,2746,1.0
28033,28033,1.0
4421,4421,1.0
15646,15646,1.0
37074,37074,1.0
5804,5804,1.0
15600,15600,1.0
9332,9332,1.0
306,306,1.0
3762,3761,0.9997341839447103
5722,5722,1.0
9532,9532,1.0
2561,2561,1.0
111362,111362,1.0
836,836,1.0
7932,7932,1.0
8512,8511,0.9998825187969925
4763,4763,1.0
9672,9672,1.0
14116,7673,0.5435675828846699
241087,241087,1.0
1104,1104,1.0
33507,33507,1.0
155060,155060,1.0
4733,4732,0.999788717515318
322,322,1.0
12507,12506,0.999920044774926
4029,4028,0.9997517994539588
9584,9584,1.0
10038,10038,1.0
370,370,1.0
284,284,1.0
399,399,1.0
369,369,1.0
7743,7743,1.0
6277,6277,1.0
2766,2766,1.0
8363,8363,1.0
1004,1004,1.0
1015,1015,1.0
5283,5283,1.0
7599,7599,1.0
4019,4019,1.0
7351,7351,1.0
10080,10080,1.0
9779,9779,1.0
5179,5179,1.0
3911,3911,1.0
2757,2757,1.0
6514,6514,1.0
256,256,1.0
363,363,1.0
370,370,1.0
11832,11831,0.9999154834347532
4437,4437,1.0
9871,9871,1.0
6357,6357,1.0
1168,1168,1.0
7059,7059,1.0
4114,4114,1.0
6673,6673,1.0
10600,10600,1.0
337,337,1.0
360,360,1.0
1009,1009,1.0
1000,1000,1.0
1022,1022,1.0
224499,224499,1.0
10140,10140,1.0
10116,10116,1.0
12602,12602,1.0
12333,12333,1.0
5273,5273,1.0
248,248,1.0
301,301,1.0
364,364,1.0
10839,10839,1.0
5669,5669,1.0
7383,7383,1.0
10943,10943,1.0
2743,2743,1.0
9663,9663,1.0
5641,5641,1.0
2758,2758,1.0
4579,4579,1.0
14042,14042,1.0
4212,4212,1.0
7610,7610,1.0
371,371,1.0
1165,1165,1.0
8797,8797,1.0
10035,10035,1.0
9650,9650,1.0
9275,9275,1.0
9010,9010,1.0
8550,8550,1.0
6927,6927,1.0
7768,7768,1.0
5966,5966,1.0
8832,8831,0.9998867753623188
10818,10818,1.0
324,324,1.0
4569,2363,0.517181002407529
1022,1022,1.0
1017,1017,1.0
5845,5845,1.0
4054,4054,1.0
2580,2580,1.0
6099,6099,1.0
4647,4647,1.0
2861,2861,1.0
822,821,0.9987834549878345
2773,2773,1.0
826,826,1.0
1118,1118,1.0
6128,6128,1.0
377,377,1.0
388,388,1.0
6507,6507,1.0
4253,4253,1.0
717,717,1.0
393,393,1.0
5206,2814,0.5405301575105648
8146,8146,1.0
2835,2835,1.0
1432,1432,1.0
4674,4674,1.0
5133,5133,1.0
8747,8747,1.0
6513,6513,1.0
295,295,1.0
359,359,1.0
1374,1374,1.0
2749,2749,1.0
2766,2766,1.0
2739,2739,1.0
11675,11675,1.0
11824,11824,1.0
366,366,1.0
46012,46012,1.0
9185,9185,1.0
11919,11918,0.9999161003439886
457,457,1.0
7304,7304,1.0
7590,7590,1.0
3182,3182,1.0
8828,8828,1.0
7491,7491,1.0
7374,7374,1.0
7055,7055,1.0
10053,10053,1.0
149955,149955,1.0
149599,149599,1.0
2781,2781,1.0
618,618,1.0
9848,9848,1.0
10142,10142,1.0
8451,8451,1.0
9465,9465,1.0
230,230,1.0
4844,4844,1.0
9624,9624,1.0
7857,7857,1.0
29576,29576,1.0
9585,9585,1.0
2734,2734,1.0
2844,2844,1.0
2728,2728,1.0
9612,9612,1.0
497,497,1.0
2617,2617,1.0
2891,2891,1.0
2514,2514,1.0
2599,2599,1.0
2474,2474,1.0
2343,2343,1.0
4132,4132,1.0
119217,119217,1.0
6318,6318,1.0
7453,7453,1.0
36798,36798,1.0
6450,6450,1.0
7729,7729,1.0
2755,2755,1.0
15522,15522,1.0
35450,35450,1.0
32308,32308,1.0
2768,2768,1.0
2749,2749,1.0
741,741,1.0
1305,1305,1.0
9646,9646,1.0
8033,8033,1.0
209771,209771,1.0
6524,6524,1.0
3323,3323,1.0
43411,43411,1.0
158482,158482,1.0
10690,10690,1.0
2746,2746,1.0
2745,2745,1.0
231621,231621,1.0
18891,18891,1.0
11826,11826,1.0
18630,18630,1.0
44010,44010,1.0
29174,1884,0.06457804894769315
2753,2753,1.0
7841,7841,1.0
7276,7276,1.0
5908,5908,1.0
4176,4176,1.0
6039,6039,1.0
5078,5078,1.0
5002,5002,1.0
5380,5380,1.0
5028,5028,1.0
2757,2757,1.0
4276,4276,1.0
33350,33350,1.0
43075,43075,1.0
42259,42259,1.0
6340,6340,1.0
40149,40149,1.0
6056,6056,1.0
131526,131526,1.0
8253,8253,1.0
48247,48247,1.0
4258,4258,1.0
40679,40679,1.0
2750,2750,1.0
330,330,1.0
7880,1957,0.2483502538071066
9812,9812,1.0
4152,4152,1.0
149696,149696,1.0
8374,8374,1.0
6303,6303,1.0
9878,9878,1.0
11991,7908,0.6594946209657243
11991,5182,0.43215745142189976
7388,7388,1.0
7458,7458,1.0
8126,8126,1.0
3644,3644,1.0
9518,9518,1.0
43198,43198,1.0
19604,19604,1.0
45503,45503,1.0
7461,7461,1.0
1356,1356,1.0
7591,7591,1.0
8289,8289,1.0
8513,8513,1.0
1354,1354,1.0
4086,4086,1.0
5784,5784,1.0
2782,2782,1.0
9899,9899,1.0
6610,6610,1.0
2744,2744,1.0
2748,2748,1.0
40014,40014,1.0
2748,2748,1.0
2761,2761,1.0
43604,43604,1.0
44970,44970,1.0
42722,42722,1.0
2787,2787,1.0
2734,2734,1.0
2754,2754,1.0
280334,280334,1.0
2731,2731,1.0
2668,2668,1.0
2661,2661,1.0
2773,2773,1.0
2760,2760,1.0
2593,2593,1.0
2756,2756,1.0
2754,2754,1.0
2714,2714,1.0
2761,2761,1.0
41831,41831,1.0
37359,37359,1.0
5685,5685,1.0
17919,17919,1.0
2739,2739,1.0
2766,2766,1.0
16784,16784,1.0
18227,18227,1.0
59472,59472,1.0
75931,75931,1.0
50913,50913,1.0
57050,57050,1.0
67480,67480,1.0
69777,69777,1.0
56275,56275,1.0
156102,156102,1.0
110865,110865,1.0
70797,70797,1.0
113220,113220,1.0
5533,5533,1.0
29751,29751,1.0
16527,16527,1.0
4576,4576,1.0
10348,6085,0.5880363355237727
10348,4751,0.4591225357557016
129908,129908,1.0
7542,7542,1.0
44082,44082,1.0
30728,30728,1.0
36596,36596,1.0
5677,5676,0.9998238506253303
5723,5723,1.0
9608,9608,1.0
2735,2735,1.0
5666,5666,1.0
5270,5270,1.0
4981,4981,1.0
8300,8300,1.0
39672,39672,1.0
37555,37555,1.0
129593,129593,1.0
5256,5256,1.0
9524,9524,1.0
57930,57930,1.0
16687,16687,1.0
43033,43033,1.0
4694,4694,1.0
10140,10140,1.0
43769,43769,1.0
44373,44373,1.0
1337,1337,1.0
1342,1342,1.0
59866,59866,1.0
62706,62706,1.0
75898,75898,1.0
167560,167560,1.0
7448,7448,1.0
4048,4048,1.0
34692,34692,1.0
10155,10155,1.0
10538,10538,1.0
1349,1349,1.0
2752,2752,1.0
2755,2755,1.0
15192,15192,1.0
99657,99657,1.0
10857,10857,1.0
5499,5499,1.0
5335,5335,1.0
42519,42519,1.0
1351,1351,1.0
1387,1387,1.0
1356,1356,1.0
1307,1307,1.0
1344,1344,1.0
1996,1996,1.0
32684,32684,1.0
10787,10787,1.0
11375,11375,1.0
15045,15045,1.0
164018,164018,1.0
110907,110907,1.0
46339,46339,1.0
5207,5207,1.0
244834,244834,1.0
15378,15378,1.0
57455,57455,1.0
9394,9394,1.0
11034,11034,1.0
7118,7118,1.0
6966,6966,1.0
7438,7438,1.0
173591,173591,1.0
9346,9346,1.0
131160,131160,1.0
8394,8394,1.0
37611,37611,1.0
134721,134721,1.0
15909,8161,0.5129800741718524
15909,8058,0.506505751461437
14935,14935,1.0
68999,68999,1.0
233234,233234,1.0
138390,138390,1.0
63882,63882,1.0
48177,48177,1.0
163025,163025,1.0
14796,14796,1.0
8587,8587,1.0
86155,86155,1.0
15702,15702,1.0
54865,54865,1.0
4744,4744,1.0
3923,3923,1.0
4421,4421,1.0
9644,9644,1.0
42935,42935,1.0
9591,9591,1.0
359853,359853,1.0
2746,2746,1.0
2738,2738,1.0
2751,2751,1.0
139962,139962,1.0
134431,134431,1.0
16650,16650,1.0
30636,30636,1.0
6034,6034,1.0
48024,48024,1.0
8741,8741,1.0
39043,39043,1.0
49220,49220,1.0
2786,2786,1.0
2773,2773,1.0
38384,38384,1.0
40190,40190,1.0
41708,41708,1.0
42493,42493,1.0
1012,1012,1.0
16473,16473,1.0
17385,17385,1.0
1360,1360,1.0
9711,9711,1.0
7355,7355,1.0
2784,2784,1.0
32172,32172,1.0
20869,20869,1.0
27553,27553,1.0
106332,106332,1.0
48836,48836,1.0
41391,41391,1.0
2763,2763,1.0
2606,2606,1.0
2742,2742,1.0
8708,2494,0.28640330730362884
2779,2779,1.0
94800,94800,1.0
51601,51601,1.0
121750,121750,1.0
28337,28337,1.0
1354,1354,1.0
667,667,1.0
39853,39853,1.0
148317,148317,1.0
207439,207439,1.0
36748,36748,1.0
5310,5310,1.0
43783,43783,1.0
58638,58638,1.0
47399,47399,1.0
42415,42415,1.0
3018,3018,1.0
4693,4693,1.0
3051,3051,1.0
39786,39786,1.0
17663,17663,1.0
39166,39166,1.0
186250,186250,1.0
9540,9540,1.0
9463,9463,1.0
86462,86462,1.0
81755,81755,1.0
105903,105903,1.0
4302,4302,1.0
7965,7965,1.0
7965,7965,1.0
3024,3024,1.0
1262,1262,1.0
18855,18855,1.0
5129,5129,1.0
13782,13782,1.0
12133,12133,1.0
3904,3904,1.0
19176,1125,0.05866708385481852
6624,6624,1.0
6653,6653,1.0
34246,34246,1.0
171096,171096,1.0
5132,5132,1.0
4432,4432,1.0
221454,221454,1.0
4642,4642,1.0
30741,30741,1.0
5610,5610,1.0
4721,4721,1.0
4393,4393,1.0
10035,10035,1.0
4682,4682,1.0
2587,2587,1.0
5723,5723,1.0
1346,1346,1.0
75294,75294,1.0
7429,7429,1.0
235646,235646,1.0
7107,7107,1.0
15882,15882,1.0
36012,36012,1.0
5359,5359,1.0
15948,15948,1.0
2735,2735,1.0
15450,15450,1.0
11940,11940,1.0
15246,15246,1.0
9149,9149,1.0
18875,18875,1.0
355,355,1.0
781,781,1.0
615,615,1.0
10112,10112,1.0
38439,38439,1.0
140131,140131,1.0
9104,9104,1.0
11066,11066,1.0
65195,65195,1.0
8289,8289,1.0
7476,7476,1.0
5039,5039,1.0
20933,20933,1.0
41092,41092,1.0
11597,11597,1.0
8026,8026,1.0
150715,150715,1.0
1988,1988,1.0
7722,7722,1.0
8101,8101,1.0
131522,131522,1.0
29926,29926,1.0
14885,14885,1.0
647,647,1.0
2747,2747,1.0
196280,196280,1.0
2777,2777,1.0
7453,7453,1.0
2768,2768,1.0
34450,34450,1.0
45176,45176,1.0
252401,252401,1.0
178249,178249,1.0
8295,8295,1.0
36674,36674,1.0
6621,6621,1.0
63649,63649,1.0
3683,3683,1.0
40793,40793,1.0
9751,9751,1.0
12020,12020,1.0
6185,6185,1.0
15450,15450,1.0
14844,14844,1.0
7494,7494,1.0
5914,5914,1.0
46900,46900,1.0
6820,6820,1.0
7428,7428,1.0
1379,1379,1.0
37966,37966,1.0
7650,7650,1.0
1032,1032,1.0
1209,1209,1.0
166259,166259,1.0
2746,2746,1.0
194711,194711,1.0
7263,7263,1.0
7801,7801,1.0
2249,2249,1.0
2635,2635,1.0
7434,7434,1.0
131217,131217,1.0
3883,3883,1.0
5268,5268,1.0
34704,34704,1.0
11440,11440,1.0
130706,130706,1.0
172963,172963,1.0
180500,180500,1.0
55770,55770,1.0
18199,18199,1.0
39620,39620,1.0
42732,42732,1.0
43883,43883,1.0
44283,44283,1.0
41318,41318,1.0
45861,45861,1.0
43095,43095,1.0
44777,44777,1.0
43681,43681,1.0
45286,45286,1.0
43576,43576,1.0
43155,43155,1.0
43114,43114,1.0
41902,41902,1.0
42802,42802,1.0
41690,41690,1.0
43231,43231,1.0
42431,42431,1.0
43440,43440,1.0
138715,138715,1.0
1323,1323,1.0
13883,13883,1.0
37639,37639,1.0
9611,9611,1.0
39503,39503,1.0
8170,8170,1.0
149622,149622,1.0
9723,9723,1.0
6907,6907,1.0
5823,5823,1.0
6000,6000,1.0
2758,2758,1.0
2745,2745,1.0
1347,1347,1.0
9695,9695,1.0
30889,30889,1.0
6321,6321,1.0
1991,1991,1.0
8478,8478,1.0
2751,2751,1.0
46072,46072,1.0
5455,2785,0.5105407882676444
407339,407339,1.0
134394,134394,1.0
7009,7009,1.0
62730,62730,1.0
5470,5470,1.0
10429,10429,1.0
28475,28475,1.0
16494,16494,1.0
14954,14954,1.0
18954,18954,1.0
36615,36615,1.0
1358,1358,1.0
4530,4530,1.0
44856,44856,1.0
36466,36466,1.0
4375,4375,1.0
9035,9035,1.0
4975,4975,1.0
10940,10940,1.0
185683,185683,1.0
46219,46219,1.0
171823,171823,1.0
6181,6181,1.0
131384,131384,1.0
5230,5230,1.0
7412,7412,1.0
11034,11034,1.0
211215,211215,1.0
45251,45251,1.0
2757,2757,1.0
1365,1365,1.0
12807,12807,1.0
135135,135135,1.0
13952,13952,1.0
17635,17635,1.0
13936,13936,1.0
156487,156487,1.0
10305,10305,1.0
1354,1354,1.0
6582,6582,1.0
43785,43785,1.0
46643,46643,1.0
1354,1354,1.0
1350,1350,1.0
2745,2745,1.0
895,895,1.0
10046,10046,1.0
4094,4094,1.0
2745,2745,1.0
6607,6607,1.0
3962,3962,1.0
40867,40867,1.0
1331,1331,1.0
132959,132959,1.0
19212,19212,1.0
39104,39104,1.0
39199,39199,1.0
42999,42999,1.0
43365,43365,1.0
49639,49639,1.0
59446,59446,1.0
66015,66015,1.0
37974,37974,1.0
8197,8197,1.0
4431,4431,1.0
5486,5486,1.0
6068,6068,1.0
6071,6071,1.0
6039,6039,1.0
6068,6068,1.0
6068,6068,1.0
6065,6065,1.0
6051,6051,1.0
5538,5538,1.0
6259,6259,1.0
5486,5486,1.0
52162,52162,1.0
9544,9544,1.0
14462,14462,1.0
8226,8226,1.0
7454,7454,1.0
53325,53325,1.0
16067,16067,1.0
12333,12333,1.0
10375,10375,1.0
147544,147544,1.0
5079,5079,1.0
5278,5278,1.0
38239,38239,1.0
38194,38194,1.0
240596,7604,0.0316048479608971
7568,7568,1.0
7722,7722,1.0
8739,8739,1.0
9548,9548,1.0
9345,9345,1.0
190054,190054,1.0
7542,7542,1.0
2063,2063,1.0
7531,7531,1.0
126629,126629,1.0
8096,2440,0.30138339920948615
5172,2702,0.5224284609435421
5188,5188,1.0
44385,44385,1.0
104710,104710,1.0
7866,7866,1.0
191100,191100,1.0
7263,7263,1.0
7259,7259,1.0
30505,30505,1.0
74483,74483,1.0
70654,70654,1.0
56852,56852,1.0
68427,68427,1.0
64494,64494,1.0
69059,69059,1.0
64787,64787,1.0
34525,34525,1.0
42289,42289,1.0
52047,52047,1.0
67188,67188,1.0
56692,56692,1.0
78296,78296,1.0
153766,153766,1.0
161475,161475,1.0
231801,231801,1.0
220859,220859,1.0
2768,2768,1.0
5900,5900,1.0
7711,7711,1.0
6858,6858,1.0
84264,84264,1.0
38092,38092,1.0
8539,8539,1.0
2762,2762,1.0
198050,198050,1.0
8386,8386,1.0
135454,135454,1.0
3573,3573,1.0
177300,177300,1.0
7801,7801,1.0
7970,7970,1.0
5215,2790,0.5349952061361457
6485,6485,1.0
7382,7382,1.0
2767,2767,1.0
2784,2784,1.0
2752,2752,1.0
168041,168041,1.0
156922,156922,1.0
28538,28538,1.0
26537,26537,1.0
6279,6279,1.0
17039,17039,1.0
40938,40938,1.0
30510,30510,1.0
27453,27453,1.0
2744,2744,1.0
2744,2744,1.0
1898,1898,1.0
34683,34683,1.0
2792,2792,1.0
9890,9890,1.0
60238,60238,1.0
11545,11545,1.0
165890,165890,1.0
26660,26660,1.0
2756,2756,1.0
174059,174059,1.0
7522,7522,1.0
132239,132239,1.0
2035,2035,1.0
1962,1962,1.0
1358,1358,1.0
1380,1380,1.0
8281,8281,1.0
10851,10851,1.0
2728,2728,1.0
1357,1357,1.0
162109,162109,1.0
9004,9004,1.0
6662,6662,1.0
1346,1346,1.0
8380,8380,1.0
7393,7393,1.0
43128,43128,1.0
152372,152372,1.0
17481,17481,1.0
131204,131204,1.0
321240,321240,1.0
10837,10837,1.0
1367,1367,1.0
6485,6485,1.0
44061,44061,1.0
44857,44857,1.0
38564,38564,1.0
42271,42271,1.0
7390,7390,1.0
6794,6794,1.0
36415,36415,1.0
10510,10510,1.0
10793,10793,1.0
70153,70153,1.0
36019,36019,1.0
43420,43420,1.0
44041,44041,1.0
288047,288047,1.0
111953,111953,1.0
2762,2762,1.0
2745,2745,1.0
43265,43265,1.0
43282,43282,1.0
9816,9816,1.0
131331,131331,1.0
45445,45445,1.0
72415,72415,1.0
38197,38197,1.0
4172,4172,1.0
38528,38528,1.0
30286,30286,1.0
30482,30482,1.0
29114,29114,1.0
9499,9499,1.0
10815,10815,1.0
10755,10755,1.0
10874,10874,1.0
2742,2742,1.0
6395,6395,1.0
8855,8855,1.0
2728,2728,1.0
295146,295146,1.0
5261,5261,1.0
3245,3245,1.0
56538,56538,1.0
42572,42572,1.0
186262,186262,1.0
35741,35741,1.0
48674,48674,1.0
36690,36690,1.0
37446,37446,1.0
5040,5040,1.0
96944,96944,1.0
137969,137969,1.0
172764,172764,1.0
2753,2753,1.0
38760,38760,1.0
8590,8590,1.0
5779,5779,1.0
52414,52414,1.0
8115,8115,1.0
1336,1336,1.0
1350,1350,1.0
2760,2760,1.0
23814,23814,1.0
15486,15486,1.0
124121,124121,1.0
47021,47021,1.0
43864,43864,1.0
11966,11966,1.0
11930,11930,1.0
10180,10180,1.0
46214,46214,1.0
6223,6223,1.0
4293,4293,1.0
5229,5229,1.0
49902,49902,1.0
29739,29739,1.0
33985,33985,1.0
44520,44520,1.0
2761,2761,1.0
2757,2757,1.0
2753,2753,1.0
2745,2745,1.0
2751,2751,1.0
2740,2740,1.0
43249,43249,1.0
40863,40863,1.0
2752,2752,1.0
34659,34659,1.0
1358,1358,1.0
1342,1342,1.0
1356,1356,1.0
1346,1346,1.0
1344,1344,1.0
1372,1372,1.0
1378,1378,1.0
1349,1349,1.0
1346,1346,1.0
18098,18098,1.0
46365,46365,1.0
47382,47382,1.0
5164,2769,0.5362122385747483
5164,2747,0.5319519752130132
15180,15180,1.0
6375,6375,1.0
17171,17171,1.0
28203,28203,1.0
1346,1346,1.0
35055,35055,1.0
9804,9804,1.0
9689,9689,1.0
9659,9659,1.0
9711,9711,1.0
4449,4449,1.0
9236,9236,1.0
8926,8926,1.0
8404,8404,1.0
218948,218948,1.0
42232,42232,1.0
47785,47785,1.0
42973,42973,1.0
8727,8727,1.0
42972,42972,1.0
84201,84201,1.0
83319,83319,1.0
9636,9636,1.0
38867,38867,1.0
137619,137619,1.0
42653,42653,1.0
48172,48172,1.0
35822,35822,1.0
38124,38124,1.0
70579,70579,1.0
79232,79232,1.0
36409,36409,1.0
40539,40539,1.0
58692,58692,1.0
164270,164270,1.0
9711,9711,1.0
9456,9456,1.0
9355,9355,1.0
9343,9343,1.0
9628,9628,1.0
17938,17938,1.0
51277,51277,1.0
52250,52250,1.0
31787,31787,1.0
8406,8406,1.0
5077,5077,1.0
6718,6718,1.0
9005,9005,1.0
1356,1356,1.0
368683,368683,1.0
344691,344691,1.0
1354,1354,1.0
142072,142072,1.0
43200,43200,1.0
41593,41593,1.0
5075,5075,1.0
24655,24655,1.0
15135,15135,1.0
7870,7870,1.0
27165,27165,1.0
27751,27751,1.0
37313,37313,1.0
9058,9058,1.0
14214,14214,1.0
53746,53746,1.0
9570,9570,1.0
9730,9730,1.0
7099,7099,1.0
170523,170523,1.0
52975,52975,1.0
7295,7295,1.0
58663,58663,1.0
1371,1371,1.0
43011,43011,1.0
1361,1361,1.0
39577,39577,1.0
36895,36895,1.0
38179,38179,1.0
40449,40449,1.0
294,294,1.0
13071,13071,1.0
40881,40881,1.0
186713,186713,1.0
7742,7742,1.0
1361,1361,1.0
63395,63395,1.0
2756,2756,1.0
1358,1358,1.0
169794,169794,1.0
5193,5193,1.0
33507,33507,1.0
156179,156179,1.0
5387,5387,1.0
5816,5816,1.0
1338,1338,1.0
8412,8412,1.0
26253,26253,1.0
2725,2725,1.0
396,396,1.0
2803,2803,1.0
77554,77554,1.0
45625,45625,1.0
43548,43548,1.0
1339,1339,1.0
7326,7326,1.0
39245,39245,1.0
2746,2746,1.0
35543,35543,1.0
7556,7556,1.0
62337,62337,1.0
190032,190032,1.0
18762,18762,1.0
2845,2845,1.0
6867,6867,1.0
7674,7674,1.0
2740,2740,1.0
28326,28326,1.0
28773,28773,1.0
2723,2723,1.0
2761,2761,1.0
2750,2750,1.0
45051,45051,1.0
9836,9836,1.0
41172,41172,1.0
8550,8550,1.0
1362,1362,1.0
55597,55597,1.0
111382,111382,1.0
2747,2747,1.0
1196,1196,1.0
7458,7458,1.0
31686,31686,1.0
124279,124279,1.0
10448,3316,0.3173813169984686
10448,7132,0.6826186830015314
5920,5920,1.0
9742,9742,1.0
9842,9842,1.0
7713,7713,1.0
8463,8463,1.0
7582,7582,1.0
2736,2736,1.0
2740,2740,1.0
27657,27657,1.0
5808,5808,1.0
38815,38815,1.0
44342,44342,1.0
5674,5674,1.0
7961,7961,1.0
231255,231255,1.0
2756,2756,1.0
7277,7277,1.0
2737,2737,1.0
13111,13111,1.0
316674,316674,1.0
7212,7212,1.0
6381,6381,1.0
39136,39136,1.0
2724,2724,1.0
2755,2755,1.0
9656,9656,1.0
10207,10207,1.0
53572,53572,1.0
50968,50968,1.0
51478,51478,1.0
51621,51621,1.0
52892,52892,1.0
2771,2771,1.0
38677,38677,1.0
70110,70110,1.0
39816,39816,1.0
137947,137947,1.0
39252,39252,1.0
41181,41181,1.0
69904,69904,1.0
38841,38841,1.0
29305,29305,1.0
19282,19282,1.0
8305,8305,1.0
8032,8032,1.0
2780,2780,1.0
58037,58037,1.0
76312,76312,1.0
75811,75811,1.0
68090,68090,1.0
2584,2584,1.0
6539,6539,1.0
38457,38457,1.0
6290,6290,1.0
2794,2794,1.0
9227,9227,1.0
60195,60195,1.0
39989,39989,1.0
42954,42954,1.0
7564,7564,1.0
42961,42961,1.0
4198,4198,1.0
8089,8089,1.0
18343,18343,1.0
2767,2767,1.0
47453,47453,1.0
64427,64427,1.0
66530,66530,1.0
53104,53104,1.0
154641,154641,1.0
3983,3983,1.0
43079,43079,1.0
37635,37635,1.0
15330,15330,1.0
44929,44929,1.0
49487,49487,1.0
2743,2743,1.0
154017,154017,1.0
154906,154906,1.0
155372,155372,1.0
153894,153894,1.0
164602,164602,1.0
7260,7260,1.0
64618,64618,1.0
58554,58554,1.0
58471,58471,1.0
58578,58578,1.0
64807,64807,1.0
47057,47057,1.0
68952,68952,1.0
35638,35638,1.0
2757,2757,1.0
5081,5081,1.0
4139,4139,1.0
38753,38753,1.0
119343,119343,1.0
47342,47342,1.0
155122,155122,1.0
7310,7310,1.0
54896,54896,1.0
62147,62147,1.0
356,356,1.0
2804,2804,1.0
46872,46872,1.0
50930,50930,1.0
8929,8929,1.0
6171,6171,1.0
132562,132562,1.0
111724,111724,1.0
4193,4193,1.0
14398,14398,1.0
7890,7890,1.0
7020,7020,1.0
12926,12926,1.0
39472,39472,1.0
4731,4731,1.0
4547,4547,1.0
6206,6206,1.0
6285,6285,1.0
6154,6154,1.0
8500,8500,1.0
9650,9650,1.0
4652,4652,1.0
6528,6528,1.0
6310,6310,1.0
8913,8913,1.0
26487,26487,1.0
26396,26396,1.0
26552,26552,1.0
39867,39867,1.0
7988,7988,1.0
8647,3478,0.4022204232681855
6151,6151,1.0
9973,9973,1.0
127615,127615,1.0
40287,40287,1.0
348,348,1.0
3437,3437,1.0
8759,8759,1.0
36885,36885,1.0
45344,45344,1.0
36632,36632,1.0
42526,42526,1.0
148634,148634,1.0
6435,6435,1.0
13196,13196,1.0
4009,4009,1.0
148371,148371,1.0
37456,37456,1.0
34952,34952,1.0
6633,6633,1.0
13696,13696,1.0
66235,66235,1.0
7422,7422,1.0
66390,66390,1.0
8256,8256,1.0
8791,8791,1.0
38934,38934,1.0
41941,41941,1.0
6449,6449,1.0
2740,2740,1.0
8654,2689,0.310723364917957
65764,65764,1.0
84576,84576,1.0
8210,8210,1.0
9792,9792,1.0
2751,2751,1.0
8222,8222,1.0
43016,43016,1.0
69378,69378,1.0
8542,8542,1.0
2757,2757,1.0
5196,5196,1.0
1898,1898,1.0
7802,7802,1.0
2140,2140,1.0
274,274,1.0
2759,2759,1.0
2784,2784,1.0
8604,8604,1.0
7118,7118,1.0
9467,9467,1.0
7149,7149,1.0
44899,44899,1.0
43152,43152,1.0
21115,21115,1.0
7722,7722,1.0
6506,6506,1.0
7346,7346,1.0
7227,7227,1.0
2752,2752,1.0
1349,1349,1.0
7781,7781,1.0
142111,142111,1.0
10411,10411,1.0
10723,10723,1.0
10941,10941,1.0
7048,7048,1.0
11526,11526,1.0
5242,5242,1.0
30570,30570,1.0
2896,2896,1.0
168394,168394,1.0
3776,3776,1.0
165429,165429,1.0
141291,141291,1.0
43931,43931,1.0
60074,60074,1.0
2754,2754,1.0
2743,2743,1.0
1337,1337,1.0
10865,10865,1.0
5759,5759,1.0
73325,73325,1.0
74611,74611,1.0
8995,8995,1.0
6434,6434,1.0
11752,11752,1.0
11631,11631,1.0
7961,7961,1.0
5104,5104,1.0
10814,10814,1.0
166418,166418,1.0
171451,171451,1.0
44080,44080,1.0
62715,62715,1.0
88487,88487,1.0
37184,37184,1.0
31276,31276,1.0
6842,6842,1.0
226205,226205,1.0
44492,44492,1.0
41441,41441,1.0
1384,1384,1.0
6580,6580,1.0
10282,10282,1.0
7632,7632,1.0
7205,7205,1.0
7215,7215,1.0
342,342,1.0
12337,12337,1.0
6094,6094,1.0
8433,8433,1.0
31147,31147,1.0
5673,5673,1.0
11064,11064,1.0
31250,31250,1.0
7982,7982,1.0
4806,4806,1.0
34920,34920,1.0
7989,7989,1.0
8517,8517,1.0
16354,16354,1.0
1315,1315,1.0
2386,2386,1.0
1833,1833,1.0
2774,2774,1.0
1815,1815,1.0
107530,107530,1.0
2791,2791,1.0
2162,2162,1.0
2819,2819,1.0
1803,1803,1.0
2072,2072,1.0
2782,2782,1.0
2160,2160,1.0
2757,2757,1.0
1739,1739,1.0
7184,7184,1.0
39896,39896,1.0
40975,40975,1.0
6586,6586,1.0
194454,194454,1.0
1369,1369,1.0
2166,2166,1.0
7498,7498,1.0
12390,12390,1.0
29459,29459,1.0
28643,28643,1.0
28625,28625,1.0
32182,32182,1.0
40761,40761,1.0
17036,17036,1.0
8242,8242,1.0
9502,9502,1.0
7586,7586,1.0
191761,191761,1.0
2751,2751,1.0
5390,2756,0.511317254174397
90435,90435,1.0
1364,1364,1.0
1363,1363,1.0
5168,5168,1.0
6534,6534,1.0
16614,16614,1.0
7317,7317,1.0
4534,1433,0.3160564622849581
2744,2744,1.0
2807,2807,1.0
2814,2814,1.0
9098,9098,1.0
6780,6780,1.0
8662,8662,1.0
11381,11381,1.0
24186,24186,1.0
15684,15684,1.0
17602,17602,1.0
135797,135797,1.0
37235,37235,1.0
43970,43970,1.0
35525,35525,1.0
36674,36674,1.0
45169,45169,1.0
43144,43144,1.0
2808,2808,1.0
2823,2823,1.0
36270,36270,1.0
37856,37856,1.0
34882,34882,1.0
38764,38764,1.0
41119,41119,1.0
39576,39576,1.0
43809,43809,1.0
155445,155445,1.0
38497,38497,1.0
248526,248526,1.0
74901,74901,1.0
72544,72544,1.0
158006,158006,1.0
51376,51376,1.0
42822,42822,1.0
157486,157486,1.0
58652,58652,1.0
5018,5018,1.0
368454,368454,1.0
8082,8082,1.0
176677,176677,1.0
1767,1767,1.0
5112,5112,1.0
108592,108592,1.0
1347,1347,1.0
1354,1354,1.0
1366,1366,1.0
145289,145289,1.0
7148,7148,1.0
52141,52141,1.0
156344,156344,1.0
15764,15764,1.0
11563,11563,1.0
174436,174436,1.0
9782,9782,1.0
9965,9965,1.0
9489,9489,1.0
2910,2910,1.0
3690,3690,1.0
2878,2878,1.0
2797,2797,1.0
2064,2064,1.0
3629,3629,1.0
3729,3729,1.0
3759,3759,1.0
3770,3770,1.0
3899,3899,1.0
3808,3808,1.0
3798,3798,1.0
3736,3736,1.0
3748,3748,1.0
2952,2952,1.0
3763,3763,1.0
3790,3790,1.0
3371,3371,1.0
2765,2765,1.0
3718,3718,1.0
2897,2897,1.0
2908,2908,1.0
2785,2785,1.0
3818,3818,1.0
2735,2735,1.0
3253,3253,1.0
3705,3705,1.0
2897,2897,1.0
3787,3787,1.0
2856,2856,1.0
16622,16622,1.0
6155,6155,1.0
6517,6517,1.0
361,361,1.0
9505,9505,1.0
2768,2768,1.0
7737,7737,1.0
7342,7342,1.0
37068,37068,1.0
9750,9750,1.0
172253,172253,1.0
17666,17666,1.0
22743,22743,1.0
2981,2981,1.0
9741,9741,1.0
7510,7510,1.0
9745,9745,1.0
6085,6085,1.0
4944,4944,1.0
7951,7951,1.0
8086,8086,1.0
5232,5232,1.0
18935,18935,1.0
18940,18940,1.0
1334,1334,1.0
4926,4926,1.0
4952,4952,1.0
8035,8035,1.0
7641,7641,1.0
7678,7678,1.0
59199,59199,1.0
59598,59598,1.0
59798,59798,1.0
41207,41207,1.0
73453,73453,1.0
176788,176788,1.0
4286,4286,1.0
7181,7181,1.0
29276,29276,1.0
2744,2744,1.0
8126,8126,1.0
3322,3322,1.0
3427,3427,1.0
4247,4247,1.0
2591,2591,1.0
9870,9870,1.0
2763,2763,1.0
5866,5866,1.0
6643,6643,1.0
2762,2762,1.0
45413,45413,1.0
156742,156742,1.0
3431,3431,1.0
170605,170605,1.0
2707,2707,1.0
1379,1379,1.0
26128,3914,0.14980097979179424
7510,7510,1.0
1331,1331,1.0
3065,3065,1.0
163875,163875,1.0
225268,225268,1.0
617453,617453,1.0
2792,2792,1.0
1351,1351,1.0
2754,2754,1.0
7543,7543,1.0
167716,167716,1.0
164093,164093,1.0
165540,165540,1.0
169947,169947,1.0
5905,5905,1.0
2736,2736,1.0
8127,8127,1.0
2605,2605,1.0
2582,2582,1.0
10820,10820,1.0
5086,5086,1.0
1383,1383,1.0
2764,2764,1.0
1259,1259,1.0
1392,1392,1.0
5639,5639,1.0
198519,198519,1.0
194022,194022,1.0
184095,184095,1.0
184409,184409,1.0
9682,9682,1.0
9070,9070,1.0
169285,169285,1.0
10436,10436,1.0
5199,2760,0.5308713214079631
9311,9311,1.0
2797,2797,1.0
5196,5196,1.0
2739,2739,1.0
1385,1385,1.0
2723,2723,1.0
2724,2724,1.0
1373,1373,1.0
1354,1354,1.0
10113,10113,1.0
35203,35203,1.0
40986,40986,1.0
59230,59230,1.0
9760,9760,1.0
9917,9917,1.0
1356,1356,1.0
1416,1416,1.0
1838,1838,1.0
1751,1751,1.0
1703,1703,1.0
1760,1760,1.0
7259,7259,1.0
7219,7219,1.0
7182,7182,1.0
7125,7125,1.0
7309,7309,1.0
3956,3956,1.0
2799,2799,1.0
44055,44055,1.0
124335,124335,1.0
2860,2860,1.0
3893,3893,1.0
7489,7489,1.0
15131,15131,1.0
2740,2740,1.0
5026,5026,1.0
125956,125956,1.0
49675,49675,1.0
39162,39162,1.0
39562,39562,1.0
10638,10638,1.0
61440,61440,1.0
5813,5813,1.0
2164,2164,1.0
7241,7241,1.0
35499,35499,1.0
3929,3929,1.0
8837,8837,1.0
6704,6704,1.0
19063,19063,1.0
39270,39270,1.0
159801,159801,1.0
235229,235229,1.0
36953,36953,1.0
127065,127065,1.0
41518,41518,1.0
37664,37664,1.0
114768,114768,1.0
40973,40973,1.0
37236,37236,1.0
40555,40555,1.0
7679,7679,1.0
7906,7906,1.0
118351,118351,1.0
38368,38368,1.0
88322,88322,1.0
32317,32317,1.0
56506,56506,1.0
190789,190789,1.0
181044,181044,1.0
179563,179563,1.0
174079,174079,1.0
176428,176428,1.0
183806,183806,1.0
174285,174285,1.0
175230,175230,1.0
232878,232878,1.0
191195,191195,1.0
176184,176184,1.0
182180,182180,1.0
84565,84565,1.0
30651,30651,1.0
93198,93198,1.0
47279,47279,1.0
157061,157061,1.0
5475,5475,1.0
2782,2782,1.0
2824,2824,1.0
7584,7584,1.0
346754,346754,1.0
1396,1396,1.0
7723,7723,1.0
9999,9999,1.0
9682,9682,1.0
6942,6942,1.0
2383,2383,1.0
2566,2566,1.0
101487,101487,1.0
1957,1957,1.0
29017,29017,1.0
29074,29074,1.0
26284,26284,1.0
50661,50661,1.0
165919,165919,1.0
72332,72332,1.0
135041,135041,1.0
33004,33004,1.0
62668,62668,1.0
2641,2641,1.0
7519,7519,1.0
7458,7458,1.0
7401,7401,1.0
7532,7532,1.0
7408,7408,1.0
7769,7769,1.0
7310,7310,1.0
6423,6423,1.0
6175,6175,1.0
6519,6519,1.0
6791,6791,1.0
2689,2689,1.0
41090,41090,1.0
178563,178563,1.0
75960,75960,1.0
43032,43032,1.0
5819,5819,1.0
7801,7801,1.0
3480,3480,1.0
1395,1395,1.0
6688,6688,1.0
8082,8082,1.0
20128,20128,1.0
7632,7632,1.0
7686,7686,1.0
7718,7718,1.0
4926,4926,1.0
40940,40940,1.0
45530,45530,1.0
23931,23931,1.0
205791,205791,1.0
7259,7259,1.0
7753,7753,1.0
5514,5514,1.0
10990,10990,1.0
20192,20192,1.0
1377,1377,1.0
31616,31616,1.0
72917,72917,1.0
7749,7749,1.0
6543,6543,1.0
8198,8198,1.0
151483,151483,1.0
89916,89916,1.0
10438,10438,1.0
7753,7753,1.0
7693,7693,1.0
175699,175699,1.0
6495,6495,1.0
7048,7048,1.0
7784,7784,1.0
5278,5278,1.0
5177,5177,1.0
4152,4152,1.0
5666,5666,1.0
9595,9595,1.0
145964,145964,1.0
1259197,1259042,0.9998769056787778
157950,157950,1.0
7873,7873,1.0
7774,7774,1.0
8315,8315,1.0
13384,13384,1.0
18927,18927,1.0
218041,218041,1.0
6119,6119,1.0
7391,7391,1.0
7326,7326,1.0
49576,49576,1.0
9626,9626,1.0
36661,36661,1.0
38013,38013,1.0
7103,7103,1.0
262391,262391,1.0
30332,30332,1.0
39283,39283,1.0
74431,74431,1.0
8159,8159,1.0
7488,7488,1.0
10347,10347,1.0
13830,13830,1.0
13807,13807,1.0
9565,9565,1.0
65839,65839,1.0
65766,65766,1.0
16404,16404,1.0
26340,26340,1.0
8638,8638,1.0
9649,9649,1.0
6506,6506,1.0
219474,219474,1.0
196691,196691,1.0
18659,18659,1.0
6514,6514,1.0
662,662,1.0
3048,3048,1.0
132662,132662,1.0
156897,156897,1.0
95299,95299,1.0
18168,18168,1.0
44077,44077,1.0
81184,81184,1.0
24645,24645,1.0
46140,46140,1.0
157304,157304,1.0
284757,284757,1.0
5076,5076,1.0
13459,13459,1.0
48072,48072,1.0
14270,14270,1.0
49330,49330,1.0
46586,46586,1.0
39474,39474,1.0
51342,51342,1.0
45890,45890,1.0
47055,47055,1.0
47741,47741,1.0
47536,47536,1.0
5065,5065,1.0
4595,4595,1.0
38684,38684,1.0
49135,49135,1.0
43221,43221,1.0
40058,40058,1.0
54024,54024,1.0
69420,69420,1.0
60714,60714,1.0
8210,8210,1.0
47159,47159,1.0
31806,31806,1.0
6707,6707,1.0
7855,7855,1.0
21592,21592,1.0
185139,185139,1.0
11688,11688,1.0
11245,11245,1.0
11616,11616,1.0
11877,11877,1.0
689,689,1.0
2762,2762,1.0
2747,2747,1.0
30578,30578,1.0
26041,26041,1.0
26083,26083,1.0
26689,26689,1.0
26077,26077,1.0
26227,26227,1.0
26223,26223,1.0
10791,10791,1.0
2675,2675,1.0
2660,2660,1.0
2656,2656,1.0
3765,3765,1.0
31100,31100,1.0
7611,7611,1.0
5421,5421,1.0
10733,10733,1.0
10656,10656,1.0
8770,8770,1.0
8549,8549,1.0
9694,9694,1.0
2359,2359,1.0
9543,9543,1.0
66275,66275,1.0
1362,1362,1.0
14717,14717,1.0
32414,32414,1.0
32582,32582,1.0
32384,32384,1.0
31772,31772,1.0
32023,32023,1.0
15867,15867,1.0
8008,8008,1.0
30505,30505,1.0
5331,5331,1.0
10057,10057,1.0
36711,36711,1.0
2783,2783,1.0
7140,7140,1.0
1764,1764,1.0
8601,8601,1.0
7582,7582,1.0
42844,42844,1.0
42966,42966,1.0
4138,4138,1.0
9124,9124,1.0
2459,2459,1.0
2882,2882,1.0
7696,7696,1.0
15276,15276,1.0
11139,4061,0.3645749169584343
127732,127732,1.0
9660,9660,1.0
43786,43786,1.0
108853,108853,1.0
10731,10731,1.0
46271,46271,1.0
280538,280538,1.0
52474,52474,1.0
149273,149273,1.0
167292,167292,1.0
41164,41164,1.0
9908,9908,1.0
33609,33609,1.0
43376,43376,1.0
18397,18397,1.0
49981,49981,1.0
4987,4987,1.0
43788,43788,1.0
46387,46387,1.0
40128,40128,1.0
2751,2751,1.0
7293,7293,1.0
7319,7319,1.0
7236,7236,1.0
7341,7341,1.0
7271,7271,1.0
7596,7596,1.0
7635,7635,1.0
7348,7348,1.0
1376,1376,1.0
17972,17972,1.0
18078,18078,1.0
41992,41992,1.0
53996,53996,1.0
166687,166687,1.0
104936,104936,1.0
2741,2741,1.0
1379,1379,1.0
10798,10798,1.0
4927,4927,1.0
7659,7659,1.0
3640,3640,1.0
8410,8410,1.0
9630,9630,1.0
6916,6916,1.0
41938,41938,1.0
31766,31766,1.0
33594,33594,1.0
35700,35700,1.0
35652,35652,1.0
26201,26201,1.0
36847,36847,1.0
39783,39783,1.0
44988,44988,1.0
42784,42784,1.0
42832,42832,1.0
49116,49116,1.0
38889,38889,1.0
43581,43581,1.0
61167,61167,1.0
58065,58065,1.0
42123,42123,1.0
40758,40758,1.0
13467,13467,1.0
6796,6796,1.0
11895,5135,0.43169398907103823
5012,5012,1.0
2034,2034,1.0
8857,8857,1.0
4145,4145,1.0
5053,5053,1.0
301,301,1.0
61847,61847,1.0
2771,2771,1.0
39974,39974,1.0
8224,8224,1.0
7551,7551,1.0
123876,123876,1.0
7757,7757,1.0
8050,8050,1.0
17798,17798,1.0
2816,2816,1.0
10303,10303,1.0
5843,5843,1.0
9847,9847,1.0
1358,1358,1.0
1316,1316,1.0
8344,8344,1.0
2806,2806,1.0
2789,2789,1.0
2716,2716,1.0
2816,2816,1.0
8877,8877,1.0
1362,1362,1.0
11634,11634,1.0
7916,7916,1.0
2589,2589,1.0
1478,1478,1.0
11902,11902,1.0
7583,7583,1.0
692,692,1.0
6838,6838,1.0
6471,6471,1.0
10943,10943,1.0
12292,12292,1.0
9266,9266,1.0
67170,67170,1.0
58104,58104,1.0
9544,9544,1.0
29214,29214,1.0
77448,77448,1.0
50255,50255,1.0
122024,122024,1.0
29505,29505,1.0
29729,29729,1.0
29612,29612,1.0
29574,29574,1.0
29348,29348,1.0
103299,103299,1.0
29371,29371,1.0
60894,60894,1.0
29516,29516,1.0
37612,37612,1.0
29202,29202,1.0
45517,45517,1.0
29516,29516,1.0
29506,29506,1.0
40474,40474,1.0
69855,69855,1.0
169158,169158,1.0
153962,153962,1.0
158305,158305,1.0
7954,7954,1.0
77315,77315,1.0
156176,156176,1.0
133572,133572,1.0
4472,4472,1.0
162596,162596,1.0
1352,1352,1.0
1360,1360,1.0
28494,28494,1.0
9512,9512,1.0
211518,211518,1.0
119082,119082,1.0
7212,7212,1.0
2598,2598,1.0
8328,8328,1.0
6581,6581,1.0
6518,6518,1.0
6124,6124,1.0
6956,6956,1.0
7001,7001,1.0
9508,9508,1.0
2781,2781,1.0
178193,178193,1.0
167396,167396,1.0
147940,147940,1.0
358663,358663,1.0
76631,76631,1.0
43731,43731,1.0
46054,46054,1.0
215710,215710,1.0
279967,279967,1.0
218929,218929,1.0
223720,223720,1.0
221828,221828,1.0
219216,219216,1.0
9538,9538,1.0
27431,27431,1.0
51071,51071,1.0
9842,9842,1.0
38513,38513,1.0
59203,59203,1.0
37282,37282,1.0
43457,43457,1.0
41549,41549,1.0
48396,48396,1.0
31674,31674,1.0
72570,72570,1.0
60523,60523,1.0
172879,172879,1.0
176043,176043,1.0
44784,44784,1.0
41148,41148,1.0
38253,38253,1.0
139806,139806,1.0
31841,31841,1.0
93017,93017,1.0
66116,66116,1.0
156628,156628,1.0
3762,3762,1.0
44546,44546,1.0
37151,37151,1.0
49433,49433,1.0
44492,44492,1.0
59080,59080,1.0
42606,42606,1.0
143986,143986,1.0
34117,34117,1.0
41726,41726,1.0
49329,49329,1.0
291144,291144,1.0
5990,5990,1.0
12154,12154,1.0
6460,6460,1.0
290304,290304,1.0
39188,39188,1.0
1479,1479,1.0
1350,1350,1.0
168066,168066,1.0
39646,39646,1.0
44401,44401,1.0
166499,166499,1.0
56621,56621,1.0
166452,166452,1.0
38329,38329,1.0
182833,182833,1.0
38309,38309,1.0
49116,49116,1.0
39282,39282,1.0
136326,136326,1.0
26836,26836,1.0
45552,45552,1.0
74669,74669,1.0
93839,93839,1.0
172474,172474,1.0
136947,136947,1.0
44485,44485,1.0
69391,69391,1.0
42608,42608,1.0
219372,219372,1.0
48454,48454,1.0
18919,18919,1.0
60496,60496,1.0
45354,45354,1.0
345809,345809,1.0
43551,43551,1.0
41572,41572,1.0
111506,111506,1.0
157785,157785,1.0
1335,1335,1.0
231743,231743,1.0
42391,42391,1.0
49390,49390,1.0
45364,45364,1.0
44400,44400,1.0
160646,160646,1.0
49335,49335,1.0
47355,47355,1.0
1389,1389,1.0
1378,1378,1.0
7288,7288,1.0
40048,40048,1.0
38997,38997,1.0
202949,202949,1.0
44375,44375,1.0
38759,38759,1.0
42780,42780,1.0
3405,3405,1.0
37595,37595,1.0
41567,41567,1.0
40710,40710,1.0
47288,47288,1.0
8427,8427,1.0
78751,78751,1.0
39026,39026,1.0
39578,39578,1.0
44510,44510,1.0
45366,45366,1.0
45805,45805,1.0
41528,41528,1.0
44120,44120,1.0
40029,40029,1.0
41351,41351,1.0
47090,47090,1.0
43741,43741,1.0
50552,50552,1.0
141836,141836,1.0
40155,40155,1.0
41468,41468,1.0
38964,38964,1.0
36566,36566,1.0
44030,44030,1.0
30119,30119,1.0
5157,5157,1.0
5140,5140,1.0
5087,5087,1.0
7826,7826,1.0
5273,5273,1.0
5013,5013,1.0
5333,5333,1.0
5349,5349,1.0
4994,4994,1.0
4970,4970,1.0
168809,168809,1.0
159624,159624,1.0
42406,42406,1.0
36932,36932,1.0
91715,91715,1.0
40071,40071,1.0
40917,40917,1.0
38002,38002,1.0
62952,62952,1.0
92777,92777,1.0
122696,122696,1.0
3523,3523,1.0
42461,42461,1.0
3562,3562,1.0
42689,42689,1.0
47595,47595,1.0
152427,152427,1.0
45554,45554,1.0
47611,47611,1.0
26215,26215,1.0
243050,243050,1.0
49219,49219,1.0
26449,26449,1.0
29564,29564,1.0
43870,43870,1.0
39012,39012,1.0
64144,64144,1.0
1350,1350,1.0
132978,132978,1.0
4899,4899,1.0
4914,4914,1.0
5372,5372,1.0
5294,5294,1.0
5213,5213,1.0
5136,5136,1.0
5176,5176,1.0
9621,9621,1.0
4772,4772,1.0
30024,30024,1.0
76107,76107,1.0
41796,41796,1.0
147737,147737,1.0
174413,174413,1.0
149844,149844,1.0
42746,42746,1.0
157834,157834,1.0
7519,7519,1.0
7554,7554,1.0
1670,1670,1.0
1021348,1021348,1.0
9796,9796,1.0
4776,4776,1.0
102319,102319,1.0
68527,68527,1.0
342,342,1.0
45606,45606,1.0
36947,36947,1.0
47252,47252,1.0
36429,36342,0.9976117928024376
142349,142349,1.0
37740,37740,1.0
37095,37095,1.0
48814,48814,1.0
42963,42963,1.0
1719,1719,1.0
233501,233501,1.0
2748,2748,1.0
22786,22786,1.0
2676,2676,1.0
2664,2664,1.0
2690,2690,1.0
2649,2649,1.0
43984,43984,1.0
3971,3971,1.0
160221,160221,1.0
3966,3966,1.0
6337,6337,1.0
6226,6226,1.0
2351,2351,1.0
2743,2743,1.0
180421,180421,1.0
1390,1390,1.0
49458,49458,1.0
49259,49259,1.0
49425,49425,1.0
50161,50161,1.0
34892,34892,1.0
39921,39921,1.0
42084,42084,1.0
147284,147284,1.0
34302,34302,1.0
171211,171211,1.0
36838,36838,1.0
38682,38682,1.0
40489,40489,1.0
44714,44714,1.0
5413,5413,1.0
7551,7551,1.0
7619,7619,1.0
1364,1364,1.0
13298,13298,1.0
11120,11120,1.0
11088,11088,1.0
12016,12016,1.0
11918,11918,1.0
11980,11980,1.0
11976,11976,1.0
47325,47325,1.0
198013,198013,1.0
45728,45728,1.0
39573,39573,1.0
38987,38987,1.0
40803,40803,1.0
79114,79114,1.0
126434,126434,1.0
40695,40695,1.0
180977,180977,1.0
46917,46917,1.0
38327,38327,1.0
76705,76705,1.0
76802,76802,1.0
38374,38374,1.0
208007,208007,1.0
186468,186468,1.0
56958,56958,1.0
40658,40658,1.0
192497,192497,1.0
40931,40931,1.0
38834,38834,1.0
40929,40929,1.0
175430,175430,1.0
44557,44557,1.0
74485,74485,1.0
129155,129155,1.0
205622,205622,1.0
45730,45730,1.0
40231,40231,1.0
44892,44892,1.0
76718,76718,1.0
26407,26407,1.0
25865,25865,1.0
133057,133057,1.0
46997,46997,1.0
158621,158621,1.0
46198,46198,1.0
182801,182801,1.0
53028,53028,1.0
131332,131332,1.0
44945,44945,1.0
161978,161978,1.0
26769,26769,1.0
3230,3230,1.0
14847,14847,1.0
50861,50861,1.0
1335,1335,1.0
5033,5033,1.0
10081,10081,1.0
20070,20070,1.0
19979,19979,1.0
20074,20074,1.0
11197,11197,1.0
4655,4655,1.0
2063,2063,1.0
8397,8397,1.0
5142,5142,1.0
28072,28072,1.0
9314,9314,1.0
41491,41491,1.0
40192,40192,1.0
47724,47724,1.0
9718,9718,1.0
135982,135982,1.0
57611,57611,1.0
10865,10865,1.0
33277,33277,1.0
177211,177211,1.0
178807,178807,1.0
107218,107218,1.0
2517,2517,1.0
8879,8879,1.0
11279,11279,1.0
34391,34391,1.0
8785,8785,1.0
46150,46150,1.0
9868,9868,1.0
9075,9075,1.0
2739,2739,1.0
2539,2539,1.0
2495,2495,1.0
2744,2744,1.0
1798,1798,1.0
7397,7397,1.0
45781,45781,1.0
2742,2742,1.0
281182,281182,1.0
228750,228750,1.0
307691,307691,1.0
282895,282895,1.0
52057,52057,1.0
51252,51252,1.0
80955,80955,1.0
43882,43882,1.0
56279,56279,1.0
47109,47109,1.0
51552,51552,1.0
76179,76179,1.0
75736,75736,1.0
49894,49894,1.0
52617,52617,1.0
74711,74711,1.0
68598,68598,1.0
76479,76479,1.0
459984,459984,1.0
59407,59407,1.0
42185,42185,1.0
21248,21248,1.0
51214,51214,1.0
54291,54291,1.0
76134,76134,1.0
74519,74519,1.0
49107,49107,1.0
45572,45572,1.0
53369,53369,1.0
39108,39108,1.0
45242,45242,1.0
102105,102105,1.0
143855,143855,1.0
35722,35722,1.0
103257,103257,1.0
51821,51821,1.0
41392,41392,1.0
19527,19527,1.0
53359,53359,1.0
69048,69048,1.0
27190,27190,1.0
31185,31185,1.0
46639,46639,1.0
51077,51077,1.0
52643,52643,1.0
2754,2754,1.0
43378,43378,1.0
35430,35430,1.0
176227,176227,1.0
1224,1224,1.0
157482,157482,1.0
142563,142563,1.0
156558,156558,1.0
154872,154872,1.0
32189,32189,1.0
7583,7583,1.0
1060,1060,1.0
5736,5736,1.0
7537,7537,1.0
7286,7286,1.0
5612,5612,1.0
247511,247511,1.0
171407,171407,1.0
223989,223989,1.0
103910,103910,1.0
45942,45942,1.0
47552,47552,1.0
50679,50679,1.0
171797,171797,1.0
39784,39784,1.0
59626,59626,1.0
38275,38275,1.0
69278,69278,1.0
39981,39981,1.0
37378,37378,1.0
37644,37644,1.0
179063,179063,1.0
53102,53102,1.0
37324,37324,1.0
8555,8555,1.0
42724,42724,1.0
5983,5983,1.0
5329,5329,1.0
10985,10985,1.0
10600,10600,1.0
1832,1832,1.0
7069,7069,1.0
2669,2669,1.0
4195,4195,1.0
10770,10770,1.0
1292,1292,1.0
2766,2766,1.0
358,358,1.0
72394,72394,1.0
43458,43458,1.0
29742,29742,1.0
42215,42215,1.0
42313,42313,1.0
43447,43447,1.0
59746,59746,1.0
59454,59454,1.0
135281,135281,1.0
72098,72098,1.0
59254,59254,1.0
38099,38099,1.0
65132,65132,1.0
9499,9499,1.0
64756,64756,1.0
145865,145865,1.0
75994,75994,1.0
39189,39189,1.0
39148,39148,1.0
72961,72961,1.0
11703,11703,1.0
71443,71443,1.0
38776,38776,1.0
72534,72534,1.0
6453,6453,1.0
145343,145343,1.0
57447,57447,1.0
34844,34844,1.0
42902,42902,1.0
53664,53664,1.0
72369,72369,1.0
28760,28760,1.0
6478,6478,1.0
100418,100418,1.0
6277,6277,1.0
29631,29631,1.0
32337,32337,1.0
28674,28674,1.0
32382,32382,1.0
155631,155631,1.0
41475,41475,1.0
1908524,1908524,1.0
31090,31090,1.0
30910,30910,1.0
8576,8576,1.0
42652,42652,1.0
55282,55282,1.0
41294,41294,1.0
7219,4772,0.661033384125225
46978,46978,1.0
58305,58305,1.0
140633,140633,1.0
129052,129052,1.0
3919,3919,1.0
17052,17052,1.0
673,673,1.0
7267,7267,1.0
5163,2734,0.5295370908386597
76050,76050,1.0
70657,70657,1.0
48229,48229,1.0
59179,59179,1.0
57155,57155,1.0
72108,72108,1.0
52519,52519,1.0
77367,77367,1.0
54314,54314,1.0
70838,70838,1.0
52102,52102,1.0
70115,70115,1.0
70120,70120,1.0
74533,74533,1.0
108297,108297,1.0
109960,109960,1.0
58043,58043,1.0
55213,55213,1.0
53588,53588,1.0
76129,76129,1.0
18643,18643,1.0
2825,2825,1.0
76483,76483,1.0
50690,50690,1.0
53253,53253,1.0
163019,163019,1.0
3780,3780,1.0
134643,134643,1.0
42874,42874,1.0
14319,14319,1.0
7228,7228,1.0
258139,258139,1.0
2473870,2473870,1.0
28035,28035,1.0
5403,5403,1.0
2572,2572,1.0
2775,2775,1.0
6398,6398,1.0
2834,2834,1.0
128367,128367,1.0
6795,6795,1.0
7989,3496,0.4376017023407185
7985,7985,1.0
31967,31967,1.0
136910,136910,1.0
53701,53701,1.0
69815,69815,1.0
70236,70236,1.0
53636,53636,1.0
76586,76586,1.0
69309,69309,1.0
7539,7539,1.0
29266,29266,1.0
29377,29377,1.0
29511,29511,1.0
29467,29467,1.0
29514,29514,1.0
29443,29443,1.0
29464,29464,1.0
29200,29200,1.0
29140,29140,1.0
159991,159991,1.0
7562,7562,1.0
7616,7616,1.0
8507,8507,1.0
9472,9472,1.0
5722,5722,1.0
148803,148803,1.0
4945,4945,1.0
12676,12676,1.0
11806,11806,1.0
2786,2786,1.0
9271,9271,1.0
42940,42940,1.0
43686,43686,1.0
17486,17486,1.0
101818,101818,1.0
7647,7647,1.0
39860,39860,1.0
9359,9359,1.0
42957,42957,1.0
34145,34145,1.0
5280,5280,1.0
39758,39758,1.0
33628,33628,1.0
42480,42480,1.0
42665,42665,1.0
52282,52282,1.0
42749,42749,1.0
10692,10692,1.0
40931,40931,1.0
38880,38880,1.0
44459,44459,1.0
146193,146193,1.0
33996,33996,1.0
164297,164297,1.0
39874,39874,1.0
49836,49836,1.0
49246,49246,1.0
81656,81656,1.0
154701,154701,1.0
165238,165238,1.0
39844,39844,1.0
156648,156648,1.0
156338,156338,1.0
50354,50354,1.0
80382,80382,1.0
36969,36969,1.0
41757,41757,1.0
28301,28301,1.0
2020,2020,1.0
2282,2282,1.0
4129,4129,1.0
37375,37375,1.0
5479,5479,1.0
6379,6379,1.0
7807,7807,1.0
7228,7228,1.0
412,412,1.0
7838,7838,1.0
4464,4464,1.0
1777,1777,1.0
43394,43394,1.0
40471,40471,1.0
41604,41604,1.0
44578,44578,1.0
132123,132123,1.0
1127,1127,1.0
139738,139738,1.0
8424,8424,1.0
1118,1118,1.0
52873,52873,1.0
88135,88135,1.0
92495,92495,1.0
148567,148567,1.0
76217,76217,1.0
88097,88097,1.0
45344,45344,1.0
37372,37372,1.0
50755,50755,1.0
88255,88255,1.0
52390,52390,1.0
75894,75894,1.0
52344,52344,1.0
15602,15602,1.0
52823,52823,1.0
45798,45798,1.0
76323,76323,1.0
43869,43869,1.0
68196,68196,1.0
51319,51319,1.0
52122,52122,1.0
93147,93147,1.0
43940,43940,1.0
74210,74210,1.0
31080,31080,1.0
17276,17276,1.0
41386,41386,1.0
43564,43564,1.0
168876,168876,1.0
5084,5084,1.0
127188,127188,1.0
9557,9557,1.0
1348,1348,1.0
5805,5805,1.0
9554,9554,1.0
9160,9160,1.0
2753,2753,1.0
2760,2760,1.0
1365,1365,1.0
6996,6996,1.0
7697,7697,1.0
10346,10346,1.0
12656,12656,1.0
124688,124688,1.0
7435,7435,1.0
1364,1364,1.0
7315,7315,1.0
2761,2761,1.0
4767,4767,1.0
1378,1378,1.0
8305,8305,1.0
610033,610033,1.0
10673,10673,1.0
6654,6654,1.0
245717,245717,1.0
2668,2668,1.0
2398,2398,1.0
2249,2249,1.0
2121,2121,1.0
1960,1960,1.0
1700,1700,1.0
2253,2253,1.0
1628,1628,1.0
1722,1722,1.0
2259,2259,1.0
10688,10688,1.0
9023,9023,1.0
5552,5552,1.0
120420,120420,1.0
1365,1365,1.0
10176,10176,1.0
1359,1359,1.0
7435,7435,1.0
7596,7596,1.0
62466,62466,1.0
42906,42906,1.0
43301,43301,1.0
159590,159590,1.0
109558,109558,1.0
48800,48800,1.0
5075,5075,1.0
39651,39651,1.0
56789,56789,1.0
17869,17869,1.0
40692,40692,1.0
47162,47162,1.0
53159,53159,1.0
70841,70841,1.0
43017,43017,1.0
72329,72329,1.0
271084,271084,1.0
38966,38966,1.0
46145,46145,1.0
43454,43454,1.0
173276,173276,1.0
51236,51236,1.0
68262,68262,1.0
52974,52974,1.0
51250,51250,1.0
56024,56024,1.0
43766,43766,1.0
246964,246964,1.0
77837,77837,1.0
40739,40739,1.0
46243,46243,1.0
42240,42240,1.0
142094,142094,1.0
128546,128546,1.0
45550,45550,1.0
39207,39207,1.0
51797,51797,1.0
69099,69099,1.0
75568,75568,1.0
57775,57775,1.0
77792,77792,1.0
92417,92417,1.0
45696,45696,1.0
170438,170438,1.0
48775,48775,1.0
8460,8460,1.0
189311,189311,1.0
33525,33525,1.0
71629,71629,1.0
43050,43050,1.0
8176,8176,1.0
76184,76184,1.0
54791,54791,1.0
41687,41687,1.0
53124,53124,1.0
38772,38772,1.0
71058,71058,1.0
98287,98287,1.0
50781,50781,1.0
71565,71565,1.0
44306,44306,1.0
41529,41529,1.0
52963,52963,1.0
53396,53396,1.0
42093,42093,1.0
46739,46739,1.0
218339,218339,1.0
198533,198533,1.0
39078,39078,1.0
204815,204815,1.0
43153,43153,1.0
7911,1368,0.17292377701934017
10929,10929,1.0
9687,9687,1.0
6253,6253,1.0
6301,6301,1.0
6300,6300,1.0
6317,6317,1.0
6500,6500,1.0
9840,9840,1.0
10220,10220,1.0
1168989,1167315,0.9985679933686288
15088,15088,1.0
5275,5275,1.0
6318,6318,1.0
6639,6639,1.0
9501,9501,1.0
153158,153158,1.0
152710,152710,1.0
67949,67949,1.0
53003,53003,1.0
222006,222006,1.0
76260,76260,1.0
110569,110569,1.0
70506,70506,1.0
48984,48984,1.0
148612,148612,1.0
78064,78064,1.0
52481,52481,1.0
157568,157568,1.0
48420,48420,1.0
54470,54470,1.0
59016,59016,1.0
34553,34553,1.0
69864,69864,1.0
52379,52379,1.0
64613,64613,1.0
51421,51421,1.0
41650,41650,1.0
75772,75772,1.0
53169,53169,1.0
51083,51083,1.0
51308,51308,1.0
50844,50844,1.0
68720,68720,1.0
71341,71341,1.0
52288,52288,1.0
153882,153882,1.0
38616,38616,1.0
53177,53177,1.0
151924,151924,1.0
497513,497513,1.0
53142,53142,1.0
54411,54411,1.0
59231,59231,1.0
53684,53684,1.0
62991,62991,1.0
156646,156646,1.0
53597,53597,1.0
68494,68494,1.0
56461,56461,1.0
43036,43036,1.0
42594,42594,1.0
53526,53526,1.0
69279,69279,1.0
154573,154573,1.0
35725,35725,1.0
76797,76797,1.0
40411,40411,1.0
155586,155586,1.0
106327,106327,1.0
51821,51821,1.0
68311,68311,1.0
69641,69641,1.0
68711,68711,1.0
47180,47180,1.0
60588,60588,1.0
51813,51813,1.0
57387,57387,1.0
59672,59672,1.0
53137,53137,1.0
28941,28941,1.0
37328,37328,1.0
5006,5006,1.0
2818,2818,1.0
2220,2220,1.0
5016,5016,1.0
163023,163023,1.0
2806,2806,1.0
2383,2383,1.0
8228,8228,1.0
2067,2067,1.0
1915,1915,1.0
1831,1831,1.0
152460,152460,1.0
9739,9739,1.0
59254,59254,1.0
9798,9798,1.0
52136,52136,1.0
66316,66316,1.0
2858,2858,1.0
55098,55098,1.0
1784,1784,1.0
1711,1711,1.0
1896,1896,1.0
2208,2208,1.0
2236,2236,1.0
2225,2225,1.0
8194,8194,1.0
1790,1790,1.0
1030,1030,1.0
1379,1379,1.0
2980,2980,1.0
3062,3062,1.0
2925,2925,1.0
995,995,1.0
1001,1001,1.0
7467,7467,1.0
2308,2308,1.0
2087,2087,1.0
1753,1753,1.0
2479,2479,1.0
2526,2526,1.0
7314,7314,1.0
8659,8659,1.0
10513,10513,1.0
7637,7637,1.0
7256,7256,1.0
1344,1344,1.0
7475,7475,1.0
7802,7802,1.0
8976,8976,1.0
19917,19917,1.0
8398,8398,1.0
7204,7204,1.0
2830,2830,1.0
9910,9910,1.0
10891,10891,1.0
12273,12273,1.0
7443,7443,1.0
8931,8931,1.0
9578,9578,1.0
7376,7376,1.0
19199,19199,1.0
8013,8013,1.0
5193,5193,1.0
2753,2753,1.0
5108,5108,1.0
2589,2589,1.0
9700,9700,1.0
167266,167266,1.0
162910,162910,1.0
64113,64113,1.0
169148,169148,1.0
168470,168470,1.0
139020,139020,1.0
42392,42392,1.0
51781,51781,1.0
152778,152778,1.0
65243,65243,1.0
108483,108483,1.0
72028,72028,1.0
51378,51378,1.0
72583,72583,1.0
53255,53255,1.0
54279,54279,1.0
70667,70667,1.0
56702,56702,1.0
57315,57315,1.0
50101,50101,1.0
18899,18899,1.0
31709,31709,1.0
5327,5327,1.0
53513,53513,1.0
42764,42764,1.0
159837,159837,1.0
38269,38269,1.0
159656,159656,1.0
54173,54173,1.0
67383,67383,1.0
47112,47112,1.0
158750,158750,1.0
158100,158100,1.0
55584,55584,1.0
54452,54452,1.0
160541,160541,1.0
82438,82438,1.0
8914,8914,1.0
6233,6233,1.0
5534,5534,1.0
10878,10878,1.0
8132,8132,1.0
7424,7424,1.0
144898,144898,1.0
149459,149459,1.0
39425,39425,1.0
37380,37380,1.0
149162,149162,1.0
93794,93794,1.0
42597,42597,1.0
39360,39360,1.0
41750,41750,1.0
133048,133048,1.0
138036,138036,1.0
38392,38392,1.0
40472,40472,1.0
68807,68807,1.0
131952,131952,1.0
51090,51090,1.0
62661,62661,1.0
75028,75028,1.0
50610,50610,1.0
41569,41569,1.0
39965,39965,1.0
68386,68386,1.0
1374,1374,1.0
1353,1353,1.0
67150,67150,1.0
11840,11840,1.0
9525,9525,1.0
28015,28015,1.0
39093,39093,1.0
25740,25740,1.0
43056,43056,1.0
137090,137090,1.0
135831,135831,1.0
41156,41156,1.0
28193,28193,1.0
28427,28427,1.0
43767,43767,1.0
28022,28022,1.0
28336,28336,1.0
26752,26752,1.0
41941,41941,1.0
66676,66676,1.0
3377,3377,1.0
306862,306862,1.0
282356,282356,1.0
8431,8431,1.0
204054,204054,1.0
220222,220222,1.0
5257,5257,1.0
5153,5153,1.0
4642,4642,1.0
13954,13954,1.0
6677,6677,1.0
9292,9292,1.0
6577,6577,1.0
11123,11123,1.0
45480,45480,1.0
11467,1934,0.16865788785209732
2089,2089,1.0
2614,2614,1.0
3120,3120,1.0
2698,2698,1.0
2026,2026,1.0
2549,2549,1.0
1901,1901,1.0
2911,2911,1.0
6286,6286,1.0
43734,43734,1.0
12276,12276,1.0
12265,12265,1.0
8842,8842,1.0
1406,1406,1.0
2778,2778,1.0
10044,10044,1.0
6530,6530,1.0
151109,151109,1.0
32965,32965,1.0
9760,9760,1.0
6835,6835,1.0
2741,2741,1.0
2152,2152,1.0
2121,2121,1.0
2259,2259,1.0
119638,119638,1.0
2831,2831,1.0
2836,2836,1.0
180800,180800,1.0
370920,370920,1.0
6002,6002,1.0
1773,1773,1.0
6598,6598,1.0
11367,11367,1.0
3415,3415,1.0
33452,33452,1.0
1437,1437,1.0
8287,8287,1.0
7310,7310,1.0
7167,7167,1.0
9564,9564,1.0
9591,9591,1.0
151601,151601,1.0
2590,2590,1.0
2601,2601,1.0
2564,2564,1.0
2477,2477,1.0
2603,2603,1.0
687,687,1.0
8884,8884,1.0
36838,36838,1.0
44332,44332,1.0
46440,46440,1.0
44844,44844,1.0
71248,71248,1.0
132541,132541,1.0
162816,162816,1.0
45746,45746,1.0
71778,71778,1.0
50440,50440,1.0
160281,160281,1.0
46847,46847,1.0
167318,167318,1.0
10365,10365,1.0
10320,10320,1.0
521,521,1.0
4236,4236,1.0
1002,1002,1.0
11550,11550,1.0
4733,4733,1.0
9355,9355,1.0
2169,2169,1.0
2149,2149,1.0
7589,7589,1.0
17656,17656,1.0
2231,2231,1.0
2367,2367,1.0
2232,2232,1.0
24835,863,0.03474934568149789
14927,14927,1.0
14851,14851,1.0
7998,7998,1.0
40002,40002,1.0
10021,10021,1.0
5322,5322,1.0
2439,2439,1.0
859,859,1.0
31491,31491,1.0
8021,8021,1.0
9136,9136,1.0
733,733,1.0
1359,1359,1.0
1966,1966,1.0
1783,1783,1.0
9553,9553,1.0
11900,11900,1.0
6158,6158,1.0
12233,12233,1.0
9491,9491,1.0
11135,11135,1.0
18530,18530,1.0
102759,102759,1.0
5145,5145,1.0
11176,11176,1.0
11139,11139,1.0
11120,11120,1.0
15480,15480,1.0
14885,14885,1.0
17187,17187,1.0
7353,7353,1.0
15480,15480,1.0
15432,15432,1.0
15456,15456,1.0
15234,15234,1.0
18162,18162,1.0
18406,18406,1.0
11070,11070,1.0
19152,19152,1.0
11097,11097,1.0
9165,9165,1.0
15024,15024,1.0
11526,11526,1.0
17262,17262,1.0
12240,12240,1.0
15312,15312,1.0
11019,11019,1.0
12045,12045,1.0
5654,5654,1.0
2714,2714,1.0
5303,5303,1.0
5309,5309,1.0
11082,11082,1.0
16182,16182,1.0
28096,28096,1.0
12278,12278,1.0
11202,11202,1.0
6705,6705,1.0
5300,5300,1.0
6431,6431,1.0
13534,13534,1.0
10002,10002,1.0
11190,11190,1.0
11903,11903,1.0
16698,16698,1.0
11492,11492,1.0
9409,9409,1.0
13100,13100,1.0
15438,15438,1.0
11156,11156,1.0
11482,11482,1.0
11103,11103,1.0
11876,11876,1.0
15442,15442,1.0
13203,13203,1.0
11220,11220,1.0
15444,15444,1.0
11056,11056,1.0
15396,15396,1.0
15624,15624,1.0
15504,15504,1.0
11124,11124,1.0
11141,11141,1.0
17412,17412,1.0
11980,11980,1.0
15888,15888,1.0
4089,4089,1.0
369360,369360,1.0
178171,178171,1.0
32799,32799,1.0
141907,141907,1.0
140903,140903,1.0
43871,43871,1.0
168402,168402,1.0
32975,32975,1.0
29616,29616,1.0
155997,155997,1.0
138658,138658,1.0
45648,45648,1.0
163424,163424,1.0
140807,140807,1.0
54506,54506,1.0
59601,59601,1.0
156446,156446,1.0
42351,42351,1.0
45718,45718,1.0
7037,7037,1.0
58550,58550,1.0
62699,62699,1.0
5986,5986,1.0
133824,133824,1.0
169062,169062,1.0
67744,67744,1.0
34773,34773,1.0
134369,134369,1.0
66854,66854,1.0
59578,59578,1.0
52869,52869,1.0
53332,53332,1.0
40981,40981,1.0
157308,157308,1.0
348532,348532,1.0
165179,165179,1.0
166783,166783,1.0
44366,44366,1.0
38646,38646,1.0
155346,155346,1.0
40286,40286,1.0
7679,7679,1.0
46237,46237,1.0
46547,46547,1.0
42654,42654,1.0
43510,43510,1.0
53744,53744,1.0
42600,42600,1.0
99730,99730,1.0
49640,49640,1.0
40923,40923,1.0
40161,40161,1.0
17972,17972,1.0
8047,8047,1.0
8155,8155,1.0
139004,139004,1.0
36844,36844,1.0
7321,7321,1.0
2547,2547,1.0
1865,1865,1.0
8976,8976,1.0
8568,8568,1.0
9524,9524,1.0
7496,7496,1.0
8489,8489,1.0
12983,12983,1.0
32661,32661,1.0
10023,10023,1.0
2763,2763,1.0
2782,2782,1.0
3912,3912,1.0
2904,2904,1.0
2833,2833,1.0
4023,4023,1.0
3584,3584,1.0
5749,5749,1.0
2389,2389,1.0
3393,3393,1.0
2603,2603,1.0
2711,2711,1.0
4715,4715,1.0
3999,3999,1.0
3175,3175,1.0
3333,3333,1.0
2917,2917,1.0
2658,2658,1.0
3161,3161,1.0
2676,2676,1.0
2262,2260,0.9991158267020336
2834,2834,1.0
1064,1064,1.0
2296,2296,1.0
2735,2735,1.0
2914,2914,1.0
2855,2855,1.0
2122,2122,1.0
2159,2159,1.0
2229,2229,1.0
2130,2130,1.0
2174,2174,1.0
2290,2290,1.0
2288,2288,1.0
2187,2187,1.0
2224,2224,1.0
2199,2199,1.0
2175,2175,1.0
2197,2197,1.0
10889,10889,1.0
8336,8336,1.0
7369,7369,1.0
1755,1755,1.0
1790,1790,1.0
4861,4861,1.0
5085,5085,1.0
9741,9741,1.0
42544,42544,1.0
6408,6408,1.0
4928,4928,1.0
164999,164999,1.0
120938,120938,1.0
2739,2739,1.0
10192,10192,1.0
8712,8712,1.0
5820,5820,1.0
9562,9562,1.0
7093,7093,1.0
4844,4844,1.0
5189,5189,1.0
5770,5770,1.0
5064,5064,1.0
4899,4899,1.0
5167,5167,1.0
5181,5181,1.0
5055,5055,1.0
5159,5159,1.0
2948,2948,1.0
148981,148981,1.0
7213,7213,1.0
31735,31735,1.0
139981,139981,1.0
2752,2752,1.0
18569,18569,1.0
50109,50109,1.0
31249,31249,1.0
4882,4882,1.0
5755,5755,1.0
35814,35814,1.0
4893,4893,1.0
43748,43748,1.0
41880,41880,1.0
6945,6945,1.0
5076,5076,1.0
10290,10290,1.0
3246,3246,1.0
2223,2223,1.0
8952,8952,1.0
6006,6006,1.0
4988,4988,1.0
1169,1169,1.0
1132,1132,1.0
2115,2115,1.0
2243,2243,1.0
2147,2147,1.0
2277,2277,1.0
2234,2234,1.0
2273,2273,1.0
2196,2196,1.0
2193,2193,1.0
2249,2249,1.0
967,967,1.0
1040,1040,1.0
7836,7836,1.0
3892,3892,1.0
3865,3865,1.0
2776,2776,1.0
145704,145704,1.0
2542,2542,1.0
3962,3962,1.0
2806,2806,1.0
8531,8531,1.0
9816,9816,1.0
5049,5049,1.0
2460,2460,1.0
2661,2661,1.0
2234,2234,1.0
2254,2254,1.0
2155,2155,1.0
1605,1605,1.0
2042,2042,1.0
2077,2077,1.0
2290,2290,1.0
2238,2238,1.0
2478,2478,1.0
2089,2089,1.0
2906,2906,1.0
2861,2861,1.0
2309,2309,1.0
2605,2605,1.0
139132,139132,1.0
3588,3588,1.0
3348,3348,1.0
2638,2638,1.0
2751,2751,1.0
2496,2496,1.0
4037,4037,1.0
2741,2741,1.0
4202,4202,1.0
2711,2711,1.0
2846,2846,1.0
2220,2220,1.0
2472,2472,1.0
7853,7853,1.0
7687,7687,1.0
7593,7593,1.0
2485,2485,1.0
2529,2529,1.0
2532,2532,1.0
2651,2651,1.0
182380,182380,1.0
125767,125767,1.0
14953,14953,1.0
2243109,2243109,1.0
8096,8096,1.0
7661,7661,1.0
5187,5187,1.0
2934,2934,1.0
15684,15684,1.0
2530,2530,1.0
140913,140913,1.0
1759,1759,1.0
4817,4817,1.0
49577,49577,1.0
109871,109871,1.0
60727,60727,1.0
66299,66299,1.0
86246,86246,1.0
60285,60285,1.0
55832,55832,1.0
90460,90460,1.0
44716,44716,1.0
7531,7531,1.0
59419,59419,1.0
56537,56537,1.0
54986,54986,1.0
57052,57052,1.0
63334,63334,1.0
58211,58211,1.0
45808,45808,1.0
66181,66181,1.0
37238,37238,1.0
43639,43639,1.0
61251,61251,1.0
53636,53636,1.0
46869,46869,1.0
71200,71200,1.0
159914,159914,1.0
42093,42093,1.0
74806,74806,1.0
56637,56637,1.0
43129,43129,1.0
5077,5077,1.0
5210,5210,1.0
9720,9720,1.0
8041,8041,1.0
10125,10125,1.0
2414,2414,1.0
2423,2423,1.0
10284,10284,1.0
10242,10242,1.0
2656,2656,1.0
2456,2456,1.0
2632,2632,1.0
1835,1835,1.0
2434,2434,1.0
2422,2422,1.0
1825,1825,1.0
2096,2096,1.0
1976,1976,1.0
2184,2184,1.0
1806,1806,1.0
1981,1981,1.0
2307,2307,1.0
2161,2161,1.0
2212,2212,1.0
7796,7796,1.0
2255,2255,1.0
2817,2817,1.0
1990,1990,1.0
1741,1741,1.0
2784,2784,1.0
2537,2537,1.0
1769,1769,1.0
2109,2109,1.0
1763,1763,1.0
1942,1942,1.0
2007,2007,1.0
1865,1865,1.0
2142,2142,1.0
3907,3907,1.0
3612,3612,1.0
3812,3812,1.0
6083,6083,1.0
10009,10009,1.0
9617,9617,1.0
8287,8287,1.0
2932,2932,1.0
2756,2756,1.0
5019,5019,1.0
2737,2737,1.0
3774,3774,1.0
3621,3621,1.0
4956,4956,1.0
5047,5047,1.0
5075,5075,1.0
5046,5046,1.0
5039,5039,1.0
2952,2952,1.0
8850,8850,1.0
2112,2112,1.0
2089,2089,1.0
2189,2189,1.0
2123,2123,1.0
2251,2251,1.0
12917,12917,1.0
27004,27004,1.0
6617,6617,1.0
4613,4613,1.0
6688,6688,1.0
2235,2235,1.0
2199,2199,1.0
7641,7641,1.0
8003,8003,1.0
157977,157977,1.0
174885,174885,1.0
228143,228143,1.0
5132,5132,1.0
6334,6334,1.0
6219,6219,1.0
1982,1982,1.0
7143,7143,1.0
1370,1370,1.0
226084,226084,1.0
7521,7521,1.0
8121,8121,1.0
2872,2872,1.0
10485,10485,1.0
39422,39422,1.0
157498,157498,1.0
36892,36892,1.0
16080,16080,1.0
8376,8376,1.0
4083,4083,1.0
15478,15478,1.0
47142,47142,1.0
8865,8865,1.0
9108,9108,1.0
9786,9786,1.0
2741,2741,1.0
6988,6988,1.0
190768,190768,1.0
3141,3141,1.0
3753,3753,1.0
4194,4194,1.0
20261,20261,1.0
194701,194701,1.0
7769,7769,1.0
5181,5181,1.0
9575,9575,1.0
5704,5704,1.0
214699,214699,1.0
9246,9246,1.0
2796,2796,1.0
39167,39167,1.0
87999,87999,1.0
29438,29438,1.0
29806,29806,1.0
53721,53721,1.0
123475,123475,1.0
36814,36814,1.0
42092,42092,1.0
87510,87510,1.0
45403,45403,1.0
170341,170341,1.0
98170,98170,1.0
29421,29421,1.0
47800,47800,1.0
145519,145519,1.0
29503,29503,1.0
88403,88403,1.0
38389,38389,1.0
162160,162160,1.0
130008,130008,1.0
41268,41268,1.0
158099,158099,1.0
73008,73008,1.0
29327,29327,1.0
29511,29511,1.0
73882,73882,1.0
166977,166977,1.0
49816,49816,1.0
147745,147745,1.0
159492,159492,1.0
167063,167063,1.0
29323,29323,1.0
159071,159071,1.0
108065,108065,1.0
29496,29496,1.0
28527,28527,1.0
87603,87603,1.0
29454,29454,1.0
29394,29394,1.0
41480,41480,1.0
348113,348113,1.0
58076,58076,1.0
164302,164302,1.0
29003,29003,1.0
33828,33828,1.0
86231,86231,1.0
29428,29428,1.0
29741,29741,1.0
39639,39639,1.0
29423,29423,1.0
161239,161239,1.0
43227,43227,1.0
29442,29442,1.0
28921,28921,1.0
56776,56776,1.0
43642,43642,1.0
29377,29377,1.0
68365,68365,1.0
37146,37146,1.0
44613,44613,1.0
37359,37359,1.0
29261,29261,1.0
29247,29247,1.0
38810,38810,1.0
73050,73050,1.0
29494,29494,1.0
45169,45169,1.0
29412,29412,1.0
29264,29264,1.0
39530,39530,1.0
40214,40214,1.0
77327,77327,1.0
33756,33756,1.0
39725,39725,1.0
38742,38742,1.0
346602,346602,1.0
29264,29264,1.0
29751,29751,1.0
240413,240413,1.0
29255,29255,1.0
167785,167785,1.0
29264,29264,1.0
7025,7025,1.0
2903,2903,1.0
3218,3218,1.0
4590,4590,1.0
2218,2218,1.0
1375,1375,1.0
351,351,1.0
8041,8041,1.0
7291,7291,1.0
7596,7596,1.0
1789,1789,1.0
5318,5318,1.0
5159,5159,1.0
6169,6169,1.0
29726,29726,1.0
29463,29463,1.0
29330,29330,1.0
29324,29324,1.0
29594,29594,1.0
29461,29461,1.0
29347,29347,1.0
29440,29440,1.0
29517,29517,1.0
28876,28876,1.0
29506,29506,1.0
6258,6258,1.0
3442,3442,1.0
4609,4609,1.0
4451,4451,1.0
4815,4815,1.0
4501,4501,1.0
4656,4656,1.0
4671,4671,1.0
4366,4366,1.0
4949,4949,1.0
4552,4552,1.0
4624,4624,1.0
4654,4654,1.0
4686,4686,1.0
4631,4631,1.0
4424,4424,1.0
4199,4199,1.0
4453,4453,1.0
4666,4666,1.0
683,683,1.0
5961,5961,1.0
532,532,1.0
33090,33090,1.0
9829,9829,1.0
241564,241564,1.0
31848,31848,1.0
10870,10870,1.0
4230,4230,1.0
6327,6327,1.0
15395,15395,1.0
10119,10119,1.0
2745,2745,1.0
2152,2152,1.0
2530,2530,1.0
124244,124244,1.0
7320,7320,1.0
1815,1815,1.0
1901,1901,1.0
2061,2061,1.0
2237,2237,1.0
1241,1241,1.0
1876,1876,1.0
2293,2293,1.0
1799,1799,1.0
2305,2305,1.0
2291,2291,1.0
1063,1063,1.0
1635,1635,1.0
1895,1895,1.0
1999,1999,1.0
1894,1894,1.0
2469,2469,1.0
1826,1826,1.0
1240,1240,1.0
2292,2292,1.0
1600,1600,1.0
2257,2257,1.0
2167,2167,1.0
10893,10893,1.0
7476,7476,1.0
10938,10938,1.0
2253,2253,1.0
2188,2188,1.0
651523,651523,1.0
11649,11649,1.0
160358,160358,1.0
9855,9855,1.0
8496,8496,1.0
8087,8087,1.0
14729,14729,1.0
2794,2794,1.0
3542,3542,1.0
132831,132831,1.0
8105,8105,1.0
496396,496292,0.9997904898508448
168401,168401,1.0
43804,43804,1.0
42612,42612,1.0
32847,32847,1.0
167435,167435,1.0
57677,57677,1.0
68016,68016,1.0
39014,39014,1.0
29508,29508,1.0
47636,47636,1.0
48211,48211,1.0
39552,39552,1.0
43587,43587,1.0
41632,41632,1.0
41666,41666,1.0
175720,175720,1.0
177534,177534,1.0
9867,9867,1.0
10761,10761,1.0
3956,3956,1.0
1767,1767,1.0
2744,2744,1.0
196300,196300,1.0
193301,193301,1.0
182309,182309,1.0
473558,473558,1.0
1705,1705,1.0
32939,32939,1.0
35159,35159,1.0
34064,34064,1.0
171454,171454,1.0
171045,171045,1.0
8334,8334,1.0
178262,178262,1.0
35685,35685,1.0
2765,2765,1.0
1387,1387,1.0
1381,1381,1.0
5032,5032,1.0
5024,5024,1.0
5352,5352,1.0
5041,5041,1.0
5201,5201,1.0
4903,4903,1.0
2776,2776,1.0
7233,7233,1.0
7197,7197,1.0
5358,5358,1.0
1353,1353,1.0
1353,1353,1.0
328,328,1.0
434,434,1.0
5111,5111,1.0
22780,22780,1.0
13188,13188,1.0
11214,11214,1.0
12162,12162,1.0
11072,11072,1.0
14494,14494,1.0
188534,188534,1.0
16133,16133,1.0
8887,8887,1.0
14478,14478,1.0
2923,2923,1.0
10795,10795,1.0
12706,12706,1.0
14627,14627,1.0
90000,90000,1.0
136896,136896,1.0
15696,15696,1.0
11003,11003,1.0
13769,13769,1.0
23193,23193,1.0
2531,2531,1.0
11183,11183,1.0
10877,10877,1.0
9527,9527,1.0
2754,2754,1.0
10815,10815,1.0
10017,10017,1.0
12004,12004,1.0
11395,11395,1.0
7771,7771,1.0
38049,38049,1.0
29767,29767,1.0
24837,24837,1.0
415,415,1.0
15618,15618,1.0
7656,7656,1.0
7810,7810,1.0
6929,6929,1.0
7333,7333,1.0
19537,19537,1.0
22879,22879,1.0
21414,21414,1.0
21779,21779,1.0
16248,16248,1.0
24521,24521,1.0
18554,18554,1.0
26315,26315,1.0
16053,16053,1.0
18697,18697,1.0
9653,9653,1.0
8768,8768,1.0
205896,205896,1.0
9809,9809,1.0
4850,4850,1.0
167467,167467,1.0
63569,63569,1.0
2272,2272,1.0
2234,2234,1.0
127011,127011,1.0
9850,9850,1.0
8543,8543,1.0
6139,6139,1.0
3747,3747,1.0
1813,1813,1.0
6733,6733,1.0
2497,2497,1.0
2922,2922,1.0
2733,2733,1.0
2768,2768,1.0
2903,2903,1.0
5221,5221,1.0
6393,6393,1.0
4781,4781,1.0
4178,4178,1.0
11877,11877,1.0
4784,4784,1.0
11343,11343,1.0
5056,5056,1.0
5007,5007,1.0
9632,9632,1.0
4942,4942,1.0
4742,4742,1.0
5997,5997,1.0
98392,98392,1.0
7707,7707,1.0
5163,5163,1.0
135952,135952,1.0
6888,6888,1.0
4634,4634,1.0
19351,19351,1.0
94109,94109,1.0
67617,67617,1.0
56275,56275,1.0
39235,39235,1.0
65955,65955,1.0
60919,60919,1.0
68735,68735,1.0
142987,142987,1.0
61035,61035,1.0
41149,41149,1.0
50418,50418,1.0
188632,188632,1.0
43963,43963,1.0
56982,56982,1.0
36595,36595,1.0
39593,39593,1.0
77779,77779,1.0
43012,43012,1.0
44203,44203,1.0
41098,41098,1.0
149732,149732,1.0
73419,73419,1.0
68355,68355,1.0
41526,41526,1.0
149218,149218,1.0
46596,46596,1.0
56669,56669,1.0
40938,40938,1.0
50515,50515,1.0
68367,68367,1.0
69030,69030,1.0
177643,177643,1.0
41563,41563,1.0
62851,62851,1.0
166313,166313,1.0
51637,51637,1.0
40114,40114,1.0
67774,67774,1.0
68472,68472,1.0
68227,68227,1.0
15524,15524,1.0
18655,18655,1.0
29407,29407,1.0
40491,40491,1.0
41338,41338,1.0
33900,33900,1.0
41868,41868,1.0
40740,40740,1.0
37976,37976,1.0
33509,33509,1.0
38084,38084,1.0
70270,70270,1.0
48594,48594,1.0
53141,53141,1.0
66103,66103,1.0
44249,44249,1.0
47618,47618,1.0
51366,51366,1.0
134270,134270,1.0
176081,176081,1.0
58671,58671,1.0
27395,27395,1.0
120098,120098,1.0
178182,178182,1.0
50768,50768,1.0
35644,35644,1.0
58065,58065,1.0
49037,49037,1.0
161989,161989,1.0
49847,49847,1.0
49316,49316,1.0
142348,142348,1.0
33755,33755,1.0
45653,45653,1.0
49714,49714,1.0
59878,59878,1.0
39133,39133,1.0
182145,182145,1.0
48754,48754,1.0
43098,43098,1.0
59670,59670,1.0
80798,80798,1.0
75626,75626,1.0
43680,43680,1.0
167124,167124,1.0
40024,40024,1.0
39399,39399,1.0
51409,51409,1.0
72790,72790,1.0
49462,49462,1.0
28489,28489,1.0
37246,37246,1.0
18609,18609,1.0
44492,44492,1.0
56826,56826,1.0
5851,5851,1.0
52647,52647,1.0
31522,31522,1.0
49203,49203,1.0
50882,50882,1.0
66708,66708,1.0
41698,41698,1.0
68346,68346,1.0
49158,49158,1.0
69118,69118,1.0
52643,52643,1.0
126341,126341,1.0
28111,28111,1.0
43150,43150,1.0
90743,90743,1.0
58637,58637,1.0
52357,52357,1.0
27935,27935,1.0
58546,58546,1.0
57766,57766,1.0
27608,27608,1.0
51355,51355,1.0
43809,43809,1.0
93879,93879,1.0
57168,57168,1.0
43190,43190,1.0
162101,162101,1.0
40670,40670,1.0
40829,40829,1.0
58985,58985,1.0
26975,26975,1.0
87372,87372,1.0
42265,42265,1.0
50165,50165,1.0
52055,52055,1.0
248088,248088,1.0
34155,34155,1.0
61235,61235,1.0
61511,61511,1.0
27783,27783,1.0
48216,48216,1.0
38751,38751,1.0
42508,42508,1.0
41149,41149,1.0
33274,33274,1.0
111751,111751,1.0
44952,44952,1.0
57328,57328,1.0
75816,75816,1.0
57293,57293,1.0
61081,61081,1.0
170527,170527,1.0
41805,41805,1.0
53387,53387,1.0
41449,41449,1.0
37995,37995,1.0
53042,53042,1.0
50078,50078,1.0
43724,43724,1.0
44846,44846,1.0
80148,80148,1.0
172733,172733,1.0
42881,42881,1.0
52392,52392,1.0
44576,44576,1.0
44222,44222,1.0
40477,40477,1.0
43189,43189,1.0
76964,76964,1.0
15541,15541,1.0
9362,9362,1.0
153714,153714,1.0
43595,43595,1.0
38392,38392,1.0
86252,86252,1.0
50614,50614,1.0
1317,1317,1.0
109801,109801,1.0
52967,52967,1.0
76271,76271,1.0
43225,43225,1.0
38625,38625,1.0
170473,170473,1.0
84583,84583,1.0
44461,44461,1.0
72378,72378,1.0
38663,38663,1.0
167431,167431,1.0
39474,39474,1.0
59416,59416,1.0
162486,162486,1.0
49949,49949,1.0
170336,170336,1.0
116138,116138,1.0
32675,32675,1.0
49421,49421,1.0
35764,35764,1.0
222888,222888,1.0
28144,28144,1.0
43900,43900,1.0
4184,4184,1.0
77266,77266,1.0
49452,49452,1.0
41560,41560,1.0
75933,75933,1.0
68839,68839,1.0
72825,72825,1.0
55617,55617,1.0
34176,34176,1.0
49717,49717,1.0
43145,43145,1.0
52927,52927,1.0
43228,43228,1.0
44573,44573,1.0
41931,41931,1.0
45673,45673,1.0
52530,52530,1.0
10316,10316,1.0
45161,45161,1.0
58472,58472,1.0
48689,48689,1.0
170822,170822,1.0
40000,40000,1.0
167298,167298,1.0
53455,53455,1.0
40759,40759,1.0
54439,54439,1.0
55108,55008,0.9981853814328229
52088,52088,1.0
45626,45626,1.0
72139,72139,1.0
88698,88698,1.0
59052,59052,1.0
58338,58338,1.0
22613,22613,1.0
68871,68871,1.0
170286,170286,1.0
51161,51161,1.0
68293,68293,1.0
29237,29237,1.0
162252,162252,1.0
206713,206713,1.0
59652,59652,1.0
62738,62738,1.0
5181,5181,1.0
14243,14243,1.0
223932,223932,1.0
32846,32846,1.0
60934,60934,1.0
110764,110764,1.0
36065,36065,1.0
197361,197361,1.0
52139,52139,1.0
171541,171541,1.0
41507,41507,1.0
52261,52261,1.0
51543,51543,1.0
55094,55094,1.0
140961,140961,1.0
8506,8506,1.0
53219,53219,1.0
76269,76269,1.0
29605,29605,1.0
71214,71214,1.0
52955,52955,1.0
7270,7270,1.0
66111,66111,1.0
75167,75167,1.0
5027,5027,1.0
56528,56528,1.0
9654,9654,1.0
50113,50113,1.0
41054,41054,1.0
60609,60609,1.0
57253,57253,1.0
62181,62181,1.0
7417,7417,1.0
137918,137918,1.0
138877,138877,1.0
30664,30664,1.0
2788,2788,1.0
153401,153401,1.0
41243,41243,1.0
44360,44360,1.0
38886,38886,1.0
42158,42158,1.0
34783,34783,1.0
4468,4468,1.0
4273,4273,1.0
43216,43216,1.0
54295,53956,0.9937563311538816
59802,59802,1.0
41291,41291,1.0
309208,309208,1.0
162327,162327,1.0
32000,31156,0.973625
169223,169223,1.0
29733,29733,1.0
36712,36712,1.0
56451,56451,1.0
35703,35703,1.0
43745,43745,1.0
41486,41486,1.0
147589,147589,1.0
40592,40592,1.0
51711,51711,1.0
4623,4623,1.0
177688,177688,1.0
5001,5001,1.0
33509,33509,1.0
58000,58000,1.0
73420,73420,1.0
50854,50854,1.0
42593,42593,1.0
50918,50918,1.0
60747,60747,1.0
46895,46895,1.0
87712,87712,1.0
56505,56505,1.0
41843,41843,1.0
130952,130952,1.0
40860,40860,1.0
60754,60754,1.0
45552,45552,1.0
31075,31075,1.0
45218,45218,1.0
45532,45532,1.0
45045,45045,1.0
156833,156833,1.0
53184,53184,1.0
154434,154434,1.0
60216,60216,1.0
50827,50827,1.0
32894,32894,1.0
131704,131704,1.0
9590,9590,1.0
9130,9130,1.0
14924,14924,1.0
10173,10173,1.0
6656,6656,1.0
134742,133592,0.9914651704739428
106071,106071,1.0
51492,51492,1.0
76276,76276,1.0
36315,36315,1.0
6421,6421,1.0
15078,15078,1.0
98765,98765,1.0
48666,48666,1.0
138234,138234,1.0
31703,31703,1.0
41620,41620,1.0
41085,41085,1.0
141298,141298,1.0
75987,75987,1.0
81541,81541,1.0
10423,10423,1.0
52155,52155,1.0
34997,34997,1.0
75339,75339,1.0
142096,142096,1.0
45633,45633,1.0
12429,6391,0.5142006597473651
93464,93464,1.0
37990,37990,1.0
8628,8628,1.0
8607,8607,1.0
8613,8613,1.0
8612,8612,1.0
8540,8540,1.0
168771,168771,1.0
44974,44974,1.0
75796,75796,1.0
131903,131903,1.0
11907,11907,1.0
5003,5003,1.0
44496,44496,1.0
133531,133531,1.0
49797,49797,1.0
33399,33399,1.0
72192,72192,1.0
36051,36051,1.0
64323,64323,1.0
54312,54312,1.0
62220,62220,1.0
41941,41941,1.0
1846,1846,1.0
1853,1853,1.0
1722,1722,1.0
1714,1714,1.0
1210,1210,1.0
1223,1223,1.0
1210,1210,1.0
33596,33596,1.0
2965,2965,1.0
24847,24847,1.0
127726,127726,1.0
60875,60875,1.0
151417,151417,1.0
9581,9581,1.0
140122,140122,1.0
5212,5212,1.0
129563,129563,1.0
5203,5203,1.0
7925,7925,1.0
6038,6038,1.0
7663,7663,1.0
111248,111248,1.0
8660,8660,1.0
7897,7897,1.0
7047,7047,1.0
6360,6360,1.0
8187,8187,1.0
124049,124049,1.0
5713,5712,0.9998249606161387
1361,1361,1.0
29763,29763,1.0
70812,70812,1.0
17714,17714,1.0
17412,2135,0.12261658626234781
3003,3003,1.0
4020,4020,1.0
3124,3124,1.0
1709,1709,1.0
2546,2546,1.0
2987,2987,1.0
2939,2939,1.0
2304,2304,1.0
2205,2205,1.0
2191,2191,1.0
1932,1932,1.0
2164,2164,1.0
1915,1915,1.0
1898,1898,1.0
2023,2023,1.0
1587,1587,1.0
1677,1677,1.0
4301,4301,1.0
1963,1963,1.0
1888,1888,1.0
3531,3531,1.0
3208,3208,1.0
2678,2678,1.0
2746,2746,1.0
1217,1217,1.0
1082,1082,1.0
1131,1131,1.0
1821,1821,1.0
3481,3481,1.0
838,838,1.0
2862,2862,1.0
1045,1045,1.0
1931,1931,1.0
2301,2301,1.0
4441,4441,1.0
2198,2198,1.0
1776,1776,1.0
2259,2259,1.0
1113,1113,1.0
3091,3091,1.0
6380,6380,1.0
1096,1096,1.0
4282,4282,1.0
2022,2022,1.0
1182,1182,1.0
1632,1632,1.0
3049,3049,1.0
2999,2999,1.0
2039,2039,1.0
2927,2927,1.0
1802,1802,1.0
1762,1762,1.0
2175,2175,1.0
2256,2256,1.0
3910,3910,1.0
1137,1137,1.0
2903,2903,1.0
1693,1693,1.0
1912,1912,1.0
1660,1660,1.0
1775,1775,1.0
2732,2732,1.0
1627,1627,1.0
1123,1123,1.0
9006,9006,1.0
7313,7313,1.0
7518,7518,1.0
2748,2748,1.0
6017,6017,1.0
362276,362276,1.0
2984,2984,1.0
17608,17608,1.0
4765,4765,1.0
7470,7470,1.0
8183,8183,1.0
7382,7382,1.0
37545,37545,1.0
37556,37556,1.0
3674,3674,1.0
12512,6403,0.5117487212276215
38073,38073,1.0
7367,7367,1.0
5620,5620,1.0
1335,1335,1.0
5211,5211,1.0
5625,5625,1.0
3038,3038,1.0
15247,15247,1.0
5726,5726,1.0
2762,2762,1.0
2748,2748,1.0
134272,134272,1.0
105555,105555,1.0
8919,8919,1.0
24662,24662,1.0
125171,125171,1.0
9896,9896,1.0
2755,2755,1.0
2608,2608,1.0
2861,2861,1.0
2712,2712,1.0
2623,2623,1.0
2723,2723,1.0
2468,2468,1.0
2684,2684,1.0
2589,2589,1.0
2645,2645,1.0
2568,2568,1.0
3060,3060,1.0
2750,2750,1.0
2355,2355,1.0
1845,1845,1.0
1856,1856,1.0
2002,2002,1.0
2684,2684,1.0
2782,2782,1.0
2194,2194,1.0
2230,2230,1.0
2247,2247,1.0
2125,2125,1.0
2240,2240,1.0
2384,2384,1.0
2308,2308,1.0
2164,2164,1.0
2226,2226,1.0
14334,14334,1.0
1474,1474,1.0
1280,1280,1.0
8082,8082,1.0
1939,1939,1.0
137448,136448,0.9927245212734997
9518,9518,1.0
9419,9419,1.0
4483,4483,1.0
11163,11163,1.0
7535,7535,1.0
5100,5100,1.0
5813,5813,1.0
1386,1386,1.0
23676,23676,1.0
20433,20433,1.0
6350,6350,1.0
372707,372707,1.0
16146,16146,1.0
8531,8531,1.0
9357,9357,1.0
8644,8644,1.0
9168,9168,1.0
9622,9622,1.0
128058,128058,1.0
10206,10206,1.0
10864,10864,1.0
9630,9630,1.0
28434,28434,1.0
9310,9310,1.0
9537,9537,1.0
7788,7788,1.0
5071,5071,1.0
2803,2803,1.0
3782,3782,1.0
9369,9369,1.0
5162,5162,1.0
2715,2715,1.0
126965,126965,1.0
2471,2471,1.0
2522,2522,1.0
2479,2479,1.0
4998,4998,1.0
2631,2631,1.0
10122,10122,1.0
10158,10158,1.0
5224,5224,1.0
2742,2742,1.0
3260,3260,1.0
3138,3138,1.0
2264,2264,1.0
2262,2262,1.0
13434,13434,1.0
4789,4789,1.0
27709,27709,1.0
7317,7317,1.0
3021,3021,1.0
1784,1784,1.0
2651,2651,1.0
5016,5016,1.0
1828,1828,1.0
2320,2320,1.0
2356,2356,1.0
6966,6966,1.0
1051,1051,1.0
3124,3124,1.0
2187,2187,1.0
3811,3811,1.0
1864,1864,1.0
2103,2103,1.0
2433,2433,1.0
2985,2985,1.0
1173,1173,1.0
4851,4851,1.0
2533,2533,1.0
2854,2854,1.0
2369,2369,1.0
5184,5184,1.0
2029,2029,1.0
2522,2522,1.0
748,748,1.0
745,745,1.0
2568,2568,1.0
10913,10913,1.0
42140,42140,1.0
10908,10908,1.0
8246,8246,1.0
10644,10644,1.0
133492,133492,1.0
6400,6400,1.0
8915,8915,1.0
8930,8930,1.0
8904,8904,1.0
8908,8908,1.0
6863,6863,1.0
52684,52684,1.0
52689,52689,1.0
93139,93139,1.0
9808,9808,1.0
52924,52924,1.0
2759,2759,1.0
8798,8798,1.0
3935,3935,1.0
9863,9863,1.0
9868,9868,1.0
9224,9224,1.0
6775,6775,1.0
2506,2506,1.0
2742,2742,1.0
2740,2740,1.0
9443,9443,1.0
32690,32690,1.0
7484,7484,1.0
9859,9859,1.0
7961,7961,1.0
7527,7527,1.0
7402,7402,1.0
7282,7282,1.0
7253,7253,1.0
7277,7277,1.0
7149,7149,1.0
4639,4639,1.0
7299,7299,1.0
5748,5748,1.0
9778,9778,1.0
12162,12162,1.0
115510,115510,1.0
8946,8946,1.0
6434,6434,1.0
4268,4268,1.0
4388,4388,1.0
9837,9837,1.0
31314,31314,1.0
29581,29581,1.0
2397,2397,1.0
2414,2414,1.0
2718,2718,1.0
2387,2387,1.0
2297,2297,1.0
2054,2054,1.0
5124,5124,1.0
6379,6379,1.0
9148,9148,1.0
4224,4224,1.0
7747,7747,1.0
6608,6608,1.0
5224,5224,1.0
29162,29162,1.0
8537,2496,0.292374370387724
32995,32995,1.0
30161,30161,1.0
2220,2220,1.0
92618,92618,1.0
41207,41207,1.0
152069,152069,1.0
38975,38975,1.0
73752,73752,1.0
83324,83324,1.0
17562,17562,1.0
36938,36938,1.0
50183,50183,1.0
93754,93754,1.0
45858,45858,1.0
17119,17119,1.0
58308,58308,1.0
75462,75462,1.0
80650,80650,1.0
56212,56212,1.0
93577,93577,1.0
36629,36629,1.0
42418,42418,1.0
165868,165868,1.0
49768,49768,1.0
6673,6673,1.0
45417,45417,1.0
75680,75680,1.0
138081,138081,1.0
8506,8506,1.0
45858,45858,1.0
43851,43851,1.0
49033,49033,1.0
46570,46570,1.0
41871,41871,1.0
43505,43505,1.0
133798,133798,1.0
90552,90552,1.0
17727,17727,1.0
93843,93843,1.0
44262,44262,1.0
9639,9639,1.0
45537,45537,1.0
32637,32637,1.0
46600,46600,1.0
55524,55524,1.0
54990,54990,1.0
74073,74073,1.0
39873,39873,1.0
33477,33477,1.0
38243,38243,1.0
167619,167619,1.0
47020,47020,1.0
47020,47020,1.0
38243,38243,1.0
170650,170650,1.0
66611,66611,1.0
21697,21697,1.0
29254,29254,1.0
41857,41857,1.0
29338,29338,1.0
161552,161552,1.0
223935,223935,1.0
17861,17861,1.0
22884,22884,1.0
246390,246390,1.0
168993,168993,1.0
162151,162151,1.0
34396,34396,1.0
40008,40008,1.0
26502,26502,1.0
40273,40273,1.0
32409,32409,1.0
39274,39274,1.0
41809,41809,1.0
163201,163201,1.0
41224,41224,1.0
108050,108050,1.0
32649,32649,1.0
162308,162308,1.0
42201,42201,1.0
49167,49167,1.0
162359,162359,1.0
45285,45285,1.0
93686,93686,1.0
167231,167231,1.0
52738,52738,1.0
24320,24320,1.0
217124,217124,1.0
161140,161140,1.0
61626,61626,1.0
35068,35068,1.0
163041,163041,1.0
222832,222832,1.0
251042,251042,1.0
31987,31987,1.0
52501,52501,1.0
111325,111325,1.0
229501,229501,1.0
22179,22179,1.0
157855,157855,1.0
17641,17641,1.0
170770,170770,1.0
41918,41918,1.0
161929,161929,1.0
51802,51802,1.0
37933,37933,1.0
57804,57804,1.0
50934,50934,1.0
162415,162415,1.0
43773,43773,1.0
157501,157501,1.0
180219,180219,1.0
58566,58566,1.0
38773,38773,1.0
52726,52726,1.0
53431,53431,1.0
75147,75147,1.0
72697,72697,1.0
36202,36202,1.0
159878,159878,1.0
39434,39434,1.0
52496,52496,1.0
44268,44268,1.0
32729,32729,1.0
162375,162375,1.0
22825,22825,1.0
47898,47898,1.0
94555,94555,1.0
92580,92580,1.0
22240,22240,1.0
38071,38071,1.0
41760,41760,1.0
50082,50082,1.0
11843,11843,1.0
160985,160985,1.0
45206,45206,1.0
87662,87662,1.0
13169,13169,1.0
29249,29249,1.0
166634,166634,1.0
40570,40570,1.0
168272,168272,1.0
12930,12930,1.0
8525,8525,1.0
169621,169621,1.0
43277,43277,1.0
39158,39158,1.0
12978,12978,1.0
33105,33105,1.0
168758,168758,1.0
44570,44570,1.0
52077,52077,1.0
40749,40749,1.0
44536,44536,1.0
164443,164443,1.0
33697,33697,1.0
42429,42429,1.0
165772,165772,1.0
72979,72979,1.0
8938,8938,1.0
246290,246290,1.0
39640,39640,1.0
78302,78302,1.0
93129,93129,1.0
53623,53623,1.0
59265,59265,1.0
44513,44513,1.0
39235,39235,1.0
39616,39616,1.0
163345,163345,1.0
44885,44885,1.0
54167,54167,1.0
29347,29347,1.0
241147,241147,1.0
25905,25905,1.0
44929,44929,1.0
39444,39444,1.0
76012,76012,1.0
41005,41005,1.0
244840,244840,1.0
240761,240761,1.0
158081,158081,1.0
103445,103445,1.0
13732,13732,1.0
12291,12291,1.0
15462,15462,1.0
10925,10925,1.0
59443,59443,1.0
13490,13490,1.0
53717,53717,1.0
12734,12734,1.0
60606,60606,1.0
76972,76972,1.0
98136,98136,1.0
58871,58871,1.0
14191,14191,1.0
50346,50346,1.0
43982,43982,1.0
194437,194437,1.0
11165,11165,1.0
49286,49286,1.0
53411,53411,1.0
59337,59337,1.0
11541,11541,1.0
43293,43293,1.0
174307,174307,1.0
42395,42395,1.0
12774,12774,1.0
221908,221908,1.0
43267,43267,1.0
50636,50636,1.0
12860,12860,1.0
50127,50127,1.0
52437,52437,1.0
47880,47880,1.0
51290,51290,1.0
77832,77832,1.0
58560,58560,1.0
46895,46895,1.0
53486,53486,1.0
52428,52428,1.0
39696,39696,1.0
9924,9924,1.0
41170,41170,1.0
48670,48670,1.0
54751,54751,1.0
53935,53935,1.0
46877,46877,1.0
49894,49894,1.0
44872,44872,1.0
42979,42979,1.0
8683,8683,1.0
51884,51884,1.0
10787,10787,1.0
43602,43602,1.0
13408,13408,1.0
11280,11280,1.0
50509,50509,1.0
9591,9591,1.0
7202,7202,1.0
52561,52561,1.0
12247,12247,1.0
52129,52129,1.0
104906,104906,1.0
43516,43516,1.0
12651,12651,1.0
14731,14731,1.0
11103,11103,1.0
11370,11370,1.0
13706,13706,1.0
10306,10306,1.0
10833,10833,1.0
2749,2749,1.0
7753,7753,1.0
8126,8126,1.0
10588,10588,1.0
14623,14623,1.0
10056,10056,1.0
10154,10154,1.0
2905,2905,1.0
19406,19406,1.0
5166,5166,1.0
2621,2621,1.0
2636,2636,1.0
21004,21004,1.0
15207,15207,1.0
23635,23635,1.0
19293,19293,1.0
360610,360610,1.0
2759,2759,1.0
41981,41981,1.0
5050,5050,1.0
9220,9220,1.0
9070,9070,1.0
9018,9018,1.0
9875,9875,1.0
11308,11308,1.0
11238,11238,1.0
6719,6719,1.0
10025,10025,1.0
5414,5414,1.0
6205,6205,1.0
9850,9850,1.0
10193,10193,1.0
10562,10562,1.0
4662,4662,1.0
11557,11557,1.0
2000,2000,1.0
2738,2738,1.0
2229,2229,1.0
8155,8155,1.0
4564,4564,1.0
2753,2753,1.0
131855,131855,1.0
5857,5857,1.0
191983,191983,1.0
42927,42927,1.0
125114,125114,1.0
88421,88421,1.0
42894,42894,1.0
198190,198190,1.0
33181,33181,1.0
42685,42685,1.0
134927,134927,1.0
41887,41887,1.0
89937,89937,1.0
41807,41807,1.0
88994,88994,1.0
37395,37395,1.0
8916,8916,1.0
39949,39949,1.0
45342,45342,1.0
42696,42696,1.0
41105,41105,1.0
42696,42696,1.0
174830,174830,1.0
42186,42186,1.0
47564,47564,1.0
43788,43788,1.0
46575,46575,1.0
216121,216121,1.0
169936,169936,1.0
41063,41063,1.0
59518,59518,1.0
89010,89010,1.0
42702,42702,1.0
114180,114180,1.0
168929,168929,1.0
186386,186386,1.0
49979,49979,1.0
38979,38979,1.0
42820,42820,1.0
89817,89817,1.0
77375,77375,1.0
34563,34563,1.0
40498,40498,1.0
40470,40470,1.0
185102,185102,1.0
42696,42696,1.0
40443,40443,1.0
9224,9224,1.0
31481,31481,1.0
11931,11931,1.0
10869,10869,1.0
10735,10735,1.0
5371,5371,1.0
7018,7018,1.0
11919,11919,1.0
327147,327147,1.0
2757,2757,1.0
10623,10623,1.0
10864,10864,1.0
4284,4284,1.0
7599,7599,1.0
33562,33562,1.0
4580,4580,1.0
589068,573945,0.9743272423557212
163005,163005,1.0
9756,9756,1.0
8051,8051,1.0
7915,7915,1.0
7835,7835,1.0
7567,7567,1.0
7401,7401,1.0
2791,2791,1.0
1365,1365,1.0
5186,5186,1.0
2226,2226,1.0
4208,4208,1.0
9839,9839,1.0
10233,10233,1.0
9888,9888,1.0
7768,7768,1.0
12648,12648,1.0
10305,10305,1.0
8805,8805,1.0
3220,3220,1.0
2645,2645,1.0
9073,9073,1.0
13072,13072,1.0
3252,3252,1.0
3226,3226,1.0
3211,3211,1.0
8729,8729,1.0
10892,10892,1.0
8943,8943,1.0
2543,2543,1.0
3023,3023,1.0
2782,2782,1.0
3168,3168,1.0
8358,8358,1.0
3325,3325,1.0
2841,2841,1.0
2803,2803,1.0
2892,2892,1.0
2721,2721,1.0
9949,9949,1.0
2729,2729,1.0
8507,8507,1.0
2642,2642,1.0
2662,2662,1.0
3250,3250,1.0
9512,9512,1.0
2850,2850,1.0
3342,3342,1.0
6313,6313,1.0
5201,5201,1.0
6784,6784,1.0
4902,4902,1.0
9107,9107,1.0
8955,8955,1.0
3936,3936,1.0
3049,3049,1.0
10188,10188,1.0
3152,3152,1.0
11177,11177,1.0
12839,12839,1.0
2718,2718,1.0
4288,4288,1.0
12877,12877,1.0
3113,3113,1.0
5221,5221,1.0
10283,10283,1.0
3458,3458,1.0
3570,3570,1.0
8584,8584,1.0
11081,11081,1.0
3179,3179,1.0
4213,4213,1.0
2252,2252,1.0
9110,9110,1.0
3057,3057,1.0
3344,3344,1.0
2223,2223,1.0
3639,3639,1.0
4971,4971,1.0
2654,2654,1.0
2767,2767,1.0
3237,3237,1.0
3215,3215,1.0
2721,2721,1.0
3447,3447,1.0
2748,2748,1.0
2585,2585,1.0
2750,2750,1.0
3034,3034,1.0
16196,16196,1.0
2791,2791,1.0
4491,4491,1.0
13517,13517,1.0
3164,3164,1.0
2768,2768,1.0
3284,3284,1.0
9214,9214,1.0
3119,3119,1.0
2802,2802,1.0
2566,2566,1.0
2787,2787,1.0
3076,3076,1.0
112536,112536,1.0
8518,8518,1.0
3244,3244,1.0
4044,4044,1.0
3537,3537,1.0
8175,8175,1.0
2816,2816,1.0
6589,6589,1.0
2317,2317,1.0
2962,2962,1.0
9570,9570,1.0
7382,7382,1.0
6877,6877,1.0
2417,2417,1.0
3003,3003,1.0
12996,12996,1.0
3477,3477,1.0
9997,9997,1.0
4198,4198,1.0
9324,9324,1.0
6009,6009,1.0
7198,7198,1.0
5703,5703,1.0
5547,5547,1.0
11058,11058,1.0
2953,2953,1.0
10000,10000,1.0
12395,12395,1.0
5516,5516,1.0
11112,11112,1.0
5991,5991,1.0
10256,10256,1.0
9893,9893,1.0
8675,8675,1.0
11540,11540,1.0
12384,12384,1.0
6856,6856,1.0
2629,2629,1.0
9599,9599,1.0
9154,9154,1.0
4371,4371,1.0
11035,11035,1.0
10973,10973,1.0
7612,7612,1.0
11959,11959,1.0
2785,2785,1.0
6969,6969,1.0
2677,2677,1.0
10817,10817,1.0
2881,2881,1.0
4401,4401,1.0
2544,2544,1.0
2328,2328,1.0
10084,10084,1.0
3610,3610,1.0
9591,9591,1.0
9888,9888,1.0
2687,2687,1.0
3906,3906,1.0
8000,8000,1.0
4282,4282,1.0
10177,10177,1.0
4998,4998,1.0
2624,2624,1.0
3950,3950,1.0
3790,3790,1.0
9211,9211,1.0
2584,2584,1.0
3705,3705,1.0
11189,11189,1.0
8452,8452,1.0
4557,4557,1.0
3256,3256,1.0
9925,9925,1.0
10128,10128,1.0
9974,9974,1.0
8497,8497,1.0
8856,8856,1.0
9054,9054,1.0
9973,9973,1.0
11374,11374,1.0
5818,5818,1.0
3761,3761,1.0
4035,4035,1.0
4234,4234,1.0
12469,12469,1.0
29385,29385,1.0
3226,3226,1.0
24648,24648,1.0
9521,9521,1.0
9528,9528,1.0
9840,9840,1.0
20278,20278,1.0
4527,4527,1.0
9864,9864,1.0
9166,9166,1.0
10108,10108,1.0
8647,8647,1.0
8920,8920,1.0
10859,10859,1.0
9450,9450,1.0
8870,8870,1.0
6214,6214,1.0
6969,6969,1.0
9983,9983,1.0
8879,8879,1.0
9895,9895,1.0
7927,7927,1.0
9663,9663,1.0
9416,9416,1.0
10714,10714,1.0
9404,9404,1.0
6040,6040,1.0
8818,8818,1.0
9410,9410,1.0
8697,8697,1.0
9273,9273,1.0
9460,9460,1.0
8729,8729,1.0
9338,9338,1.0
8711,8711,1.0
9395,9395,1.0
10551,10551,1.0
9113,9113,1.0
10278,10278,1.0
12016,12016,1.0
10929,10929,1.0
8702,8702,1.0
3675,3675,1.0
9348,9348,1.0
10040,10040,1.0
9780,9780,1.0
12524,12524,1.0
8045,8045,1.0
12483,12483,1.0
9484,9484,1.0
9186,9186,1.0
4376,4376,1.0
10676,10676,1.0
9206,9206,1.0
8411,8411,1.0
9928,9928,1.0
5074,5074,1.0
7273,7273,1.0
7826,7826,1.0
8407,8407,1.0
11457,11457,1.0
8143,8143,1.0
9323,9323,1.0
7927,7927,1.0
13842,13842,1.0
7822,7822,1.0
8407,8407,1.0
4797,4797,1.0
9149,9149,1.0
10613,10613,1.0
7349,7349,1.0
8334,8334,1.0
7599,7599,1.0
8221,8221,1.0
8628,8628,1.0
10355,10355,1.0
9632,9632,1.0
8487,8487,1.0
8677,8677,1.0
9953,9953,1.0
9153,9153,1.0
9352,9352,1.0
6729,6729,1.0
10608,10608,1.0
6098,6098,1.0
8854,8854,1.0
9029,9029,1.0
9382,9382,1.0
8466,8466,1.0
9502,9502,1.0
9110,9110,1.0
9188,9188,1.0
8546,8546,1.0
9234,9234,1.0
8733,8733,1.0
8658,8658,1.0
9665,9665,1.0
8923,8923,1.0
8626,8626,1.0
10456,10456,1.0
9376,9376,1.0
9559,9559,1.0
9233,9233,1.0
12772,12772,1.0
8817,8817,1.0
9751,9751,1.0
8621,8621,1.0
10121,10121,1.0
9396,9396,1.0
6503,6503,1.0
9245,9245,1.0
8839,8839,1.0
7981,7981,1.0
10091,10091,1.0
10342,10342,1.0
8918,8918,1.0
10897,10897,1.0
9176,9176,1.0
10546,10546,1.0
9364,9364,1.0
8887,8887,1.0
10149,10149,1.0
8351,8351,1.0
9386,9386,1.0
9261,9261,1.0
11435,11435,1.0
11379,11379,1.0
1723,1723,1.0
5695,5695,1.0
2375,2375,1.0
10845,10845,1.0
3970,3970,1.0
28763,28763,1.0
3833,3833,1.0
2758,2758,1.0
7081,7081,1.0
4958,4958,1.0
19864,19864,1.0
8267,8267,1.0
10610,10610,1.0
10327,10327,1.0
11938,11938,1.0
9481,9481,1.0
6453,6453,1.0
2642,2642,1.0
11022,11022,1.0
2716,2716,1.0
8848,8848,1.0
6381,6381,1.0
6097,6097,1.0
9565,9565,1.0
8652,8652,1.0
2982,2982,1.0
9177,9177,1.0
10106,10106,1.0
9037,9037,1.0
3209,3209,1.0
9316,9316,1.0
8842,8842,1.0
9910,9910,1.0
9660,9660,1.0
10129,10129,1.0
3518,3518,1.0
8923,8923,1.0
1684,1684,1.0
24854,24819,0.9985917759716746
9487,9487,1.0
10976,10976,1.0
9555,9555,1.0
3498,3498,1.0
3501,3501,1.0
9129,9129,1.0
9856,9856,1.0
9773,9773,1.0
9598,9598,1.0
9296,9296,1.0
8860,8860,1.0
4193,4193,1.0
10308,10308,1.0
10429,10429,1.0
8974,8974,1.0
8774,8774,1.0
9100,9100,1.0
11560,11560,1.0
5082,5082,1.0
10003,10003,1.0
10472,10472,1.0
3593,3593,1.0
4755,4755,1.0
4822,4822,1.0
7171,7171,1.0
4209,4209,1.0
8821,8821,1.0
10236,10236,1.0
3375,3375,1.0
7447,7447,1.0
8489,8489,1.0
8601,8601,1.0
2281,2281,1.0
10912,10912,1.0
15783,15783,1.0
8837,8837,1.0
9539,9539,1.0
9743,9743,1.0
11119,11119,1.0
9155,9155,1.0
10140,10140,1.0
3507,3507,1.0
7804,7804,1.0
4268,4268,1.0
8895,8895,1.0
8739,8739,1.0
9716,9716,1.0
4431,4431,1.0
11218,11218,1.0
3717,3717,1.0
8991,8991,1.0
10033,10033,1.0
9551,9551,1.0
3559,3559,1.0
7484,7484,1.0
6659,6659,1.0
9550,9550,1.0
2664,2664,1.0
10297,10297,1.0
8158,8158,1.0
13549,13549,1.0
8524,8524,1.0
4264,4264,1.0
11290,11290,1.0
2308,2308,1.0
10120,10120,1.0
8664,8664,1.0
5336,5336,1.0
4059,4059,1.0
8031,8031,1.0
8467,8467,1.0
3643,3643,1.0
3474,3474,1.0
8091,8091,1.0
9272,9272,1.0
10528,10528,1.0
9997,9997,1.0
6618,6618,1.0
8783,8783,1.0
2971,2971,1.0
9299,9299,1.0
9182,9182,1.0
4035,4035,1.0
6682,6682,1.0
4130,4130,1.0
10903,10903,1.0
8712,8712,1.0
6891,6891,1.0
10445,10445,1.0
2495,2495,1.0
9041,9041,1.0
8685,8685,1.0
2286,2286,1.0
7849,7849,1.0
9887,9887,1.0
3092,3092,1.0
8266,8266,1.0
2592,2592,1.0
4145,4145,1.0
9126,9126,1.0
9291,9291,1.0
3164,3164,1.0
5160,5160,1.0
3992,3992,1.0
8375,8375,1.0
11157,11157,1.0
2247,2247,1.0
10076,10076,1.0
2730,2730,1.0
9223,9223,1.0
9103,9103,1.0
3851,3851,1.0
8831,8831,1.0
10481,10481,1.0
6293,6293,1.0
8410,8410,1.0
4473,4473,1.0
9339,9339,1.0
10473,10473,1.0
3615,3615,1.0
4326,4326,1.0
5363,5363,1.0
8610,8610,1.0
2677,2677,1.0
8658,8658,1.0
2930,2930,1.0
8377,8377,1.0
4380,4380,1.0
8943,8943,1.0
5795,5795,1.0
9077,9077,1.0
3995,3995,1.0
5933,5933,1.0
2073,2073,1.0
8281,8281,1.0
13389,13389,1.0
8916,8916,1.0
3196,3196,1.0
7691,7691,1.0
5029,5029,1.0
8860,8860,1.0
9828,9828,1.0
8890,8890,1.0
13109,13109,1.0
9463,9463,1.0
7594,7594,1.0
4007,4007,1.0
8215,8215,1.0
9356,9356,1.0
4177,4177,1.0
4382,4382,1.0
5313,5313,1.0
10234,10234,1.0
7094,7094,1.0
2934,2934,1.0
5859,5859,1.0
3090,3090,1.0
8752,8752,1.0
13741,13741,1.0
2863,2863,1.0
6754,6754,1.0
4779,4779,1.0
4288,4288,1.0
4917,4917,1.0
9081,9081,1.0
12303,12303,1.0
3332,3332,1.0
7192,7192,1.0
4836,4836,1.0
7966,7966,1.0
4484,4484,1.0
10360,10360,1.0
2824,2824,1.0
3216,3216,1.0
5595,5595,1.0
8465,8465,1.0
8922,8922,1.0
3181,3181,1.0
6761,6761,1.0
8464,8464,1.0
14440,14440,1.0
4711,4711,1.0
8352,8352,1.0
7810,7810,1.0
7552,7552,1.0
2550,2550,1.0
5197,5197,1.0
3343,3343,1.0
10019,10019,1.0
9025,9025,1.0
7505,7505,1.0
4581,4581,1.0
11349,11349,1.0
4560,4560,1.0
5440,5440,1.0
8678,8678,1.0
2724,2724,1.0
4536,4536,1.0
5094,5094,1.0
6372,6372,1.0
4303,4303,1.0
5510,5510,1.0
9667,9667,1.0
4180,4180,1.0
4716,4716,1.0
9865,9865,1.0
4633,4633,1.0
11834,11834,1.0
4496,4496,1.0
10123,10123,1.0
4423,4423,1.0
10012,10012,1.0
4963,4963,1.0
9538,9538,1.0
12155,12155,1.0
8938,8938,1.0
4409,4409,1.0
9142,9142,1.0
11670,11670,1.0
5222,5222,1.0
3628,3628,1.0
9702,9702,1.0
10959,10959,1.0
4854,4854,1.0
8636,8636,1.0
8882,8882,1.0
3932,3932,1.0
5430,5430,1.0
10908,10908,1.0
9854,9854,1.0
4221,4221,1.0
10378,10378,1.0
3051,3051,1.0
11297,11297,1.0
10069,10069,1.0
8382,8382,1.0
9763,9763,1.0
4084,4084,1.0
8681,8681,1.0
3714,3714,1.0
12379,12379,1.0
11332,11332,1.0
4570,4570,1.0
3776,3776,1.0
4000,4000,1.0
7620,7620,1.0
4863,4863,1.0
8033,8033,1.0
2981,2981,1.0
9074,9074,1.0
11280,11280,1.0
3570,3570,1.0
5904,5904,1.0
5278,5278,1.0
9035,9035,1.0
4629,4629,1.0
11079,11079,1.0
8691,8691,1.0
2539,2539,1.0
5321,5321,1.0
9836,9836,1.0
12566,12566,1.0
9614,9614,1.0
3008,3008,1.0
6056,6056,1.0
10107,10107,1.0
5040,5040,1.0
7736,7736,1.0
1793,1793,1.0
13000,13000,1.0
4740,4740,1.0
7500,7500,1.0
3799,3799,1.0
1790,1790,1.0
10473,10473,1.0
9185,9185,1.0
8476,8476,1.0
3675,3675,1.0
3348,3348,1.0
3319,3319,1.0
8840,8840,1.0
10184,10184,1.0
4692,4692,1.0
2209,2209,1.0
2723,2723,1.0
8763,8763,1.0
9581,9581,1.0
3919,3919,1.0
11260,11260,1.0
11668,11668,1.0
12513,12513,1.0
4632,4632,1.0
8127,8127,1.0
2585,2585,1.0
4118,4118,1.0
2781,2781,1.0
10126,10126,1.0
8747,8747,1.0
4427,4427,1.0
2702,2702,1.0
10183,10183,1.0
4971,4971,1.0
9171,9171,1.0
2566,2566,1.0
9311,9311,1.0
11145,11145,1.0
12535,12535,1.0
2781,2781,1.0
3908,3908,1.0
4130,4130,1.0
9458,9458,1.0
3694,3694,1.0
4369,4369,1.0
6096,6096,1.0
9247,9247,1.0
9147,9147,1.0
8176,8176,1.0
6206,6206,1.0
9319,9319,1.0
3718,3718,1.0
5218,5218,1.0
11515,11515,1.0
8604,8604,1.0
8778,8778,1.0
2791,2791,1.0
4752,4752,1.0
2583,2583,1.0
4175,4175,1.0
9795,9795,1.0
9763,9763,1.0
2799,2799,1.0
3456,3456,1.0
4775,4775,1.0
10025,10025,1.0
10061,10061,1.0
6570,6570,1.0
12660,12660,1.0
10046,10046,1.0
13161,13161,1.0
4067,4067,1.0
4560,4560,1.0
6235,6235,1.0
7396,7396,1.0
7696,7696,1.0
3959,3959,1.0
9549,9549,1.0
4823,4823,1.0
9435,9435,1.0
5804,5804,1.0
5394,5394,1.0
10962,10962,1.0
8961,8961,1.0
3284,3284,1.0
3229,3229,1.0
9478,9478,1.0
2748,2748,1.0
4551,4551,1.0
9528,9528,1.0
3791,3791,1.0
3685,3685,1.0
9621,9621,1.0
8848,8848,1.0
8941,8941,1.0
2841,2841,1.0
3815,3815,1.0
12441,12441,1.0
9166,9166,1.0
4928,4928,1.0
11931,11931,1.0
8799,8799,1.0
3015,3015,1.0
9758,9758,1.0
8804,8804,1.0
2961,2961,1.0
3108,3108,1.0
4772,4772,1.0
6021,6021,1.0
3540,3540,1.0
3964,3964,1.0
3206,3206,1.0
9158,9158,1.0
7548,7548,1.0
7652,7652,1.0
9487,9487,1.0
5094,5094,1.0
8235,8235,1.0
9345,9345,1.0
10315,10315,1.0
9650,9650,1.0
4925,4925,1.0
4964,4964,1.0
9309,9309,1.0
9145,9145,1.0
10650,10650,1.0
9086,9086,1.0
9186,9186,1.0
4230,4230,1.0
5420,5420,1.0
9388,9388,1.0
3195,3195,1.0
9141,9141,1.0
5077,5077,1.0
5448,5448,1.0
11270,11270,1.0
3929,3929,1.0
2981,2981,1.0
2768,2768,1.0
8926,8926,1.0
8687,8687,1.0
14639,14639,1.0
8223,8223,1.0
224064,224064,1.0
4228,4228,1.0
3446,3446,1.0
4792,4792,1.0
10194,10194,1.0
6844,6844,1.0
3875,3875,1.0
10162,10162,1.0
10445,10445,1.0
6041,6041,1.0
3557,3557,1.0
4650,4650,1.0
10153,10153,1.0
9235,9235,1.0
3631,3631,1.0
10072,10072,1.0
5682,5682,1.0
9166,9166,1.0
9266,9266,1.0
4981,4981,1.0
5635,5635,1.0
10856,10856,1.0
3608,3608,1.0
8313,8313,1.0
9789,9789,1.0
3325,3325,1.0
9058,9058,1.0
13693,13693,1.0
9287,9287,1.0
9820,9820,1.0
3668,3668,1.0
3891,3891,1.0
7388,7388,1.0
9658,9658,1.0
10423,10423,1.0
9440,9440,1.0
9301,9301,1.0
8307,8307,1.0
10153,10153,1.0
5117,5117,1.0
2613,2613,1.0
9668,9668,1.0
9614,9614,1.0
4168,4168,1.0
8342,8342,1.0
9481,9481,1.0
8951,8951,1.0
9635,9635,1.0
6111,6111,1.0
8905,8905,1.0
8253,8253,1.0
8772,8772,1.0
6083,6083,1.0
2571,2571,1.0
3770,3770,1.0
12044,12044,1.0
4886,4886,1.0
2835,2835,1.0
9596,9596,1.0
3259,3259,1.0
3085,3085,1.0
8964,8964,1.0
4225,4225,1.0
4778,4778,1.0
8114,8114,1.0
11507,11507,1.0
9596,9596,1.0
5037,5037,1.0
4250,4250,1.0
8903,8903,1.0
9480,9480,1.0
3663,3663,1.0
2892,2892,1.0
3611,3611,1.0
5032,5032,1.0
3679,3679,1.0
2872,2872,1.0
5917,5917,1.0
2816,2816,1.0
10857,10857,1.0
2012,2012,1.0
7418,7418,1.0
2275,2275,1.0
6288,6288,1.0
10841,10841,1.0
8673,8673,1.0
5102,5102,1.0
2469,2469,1.0
2704,2704,1.0
8978,8978,1.0
13776,13776,1.0
3737,3737,1.0
8318,8318,1.0
2143,2143,1.0
1370,1370,1.0
4668,4668,1.0
1375,1375,1.0
2750,2750,1.0
2781,2781,1.0
1311,1311,1.0
8566,8566,1.0
11748,11748,1.0
4931,4931,1.0
10182,10182,1.0
14984,14984,1.0
5558,5558,1.0
12209,12209,1.0
4635,4635,1.0
208501,208501,1.0
6271,6271,1.0
9956,9956,1.0
4467,4467,1.0
5659,5659,1.0
6003,6003,1.0
4884,4884,1.0
2945,2945,1.0
3883,3883,1.0
2696,2696,1.0
2847,2847,1.0
4683,4683,1.0
2841,2841,1.0
9903,9903,1.0
9876,9876,1.0
4739,4739,1.0
4112,4112,1.0
4443,4443,1.0
2790,2790,1.0
2972,2972,1.0
5144,5144,1.0
4947,4947,1.0
9733,9733,1.0
8999,8999,1.0
15441,15441,1.0
11226,11226,1.0
12965,12965,1.0
9952,9952,1.0
16121,16121,1.0
9096,9096,1.0
4975,4975,1.0
164540,164540,1.0
4571,4571,1.0
6718,6718,1.0
7404,7404,1.0
4605,4605,1.0
10310,10310,1.0
3491,3491,1.0
2714,2714,1.0
2976,2976,1.0
12473,12473,1.0
3042,3042,1.0
9939,9939,1.0
15446,15446,1.0
2738,2738,1.0
1364,1364,1.0
1347,1347,1.0
10017,10017,1.0
173861,173861,1.0
10173,10173,1.0
10095,10095,1.0
7414,7414,1.0
4100,4100,1.0
10173,10173,1.0
10182,10182,1.0
10173,10173,1.0
30353,30353,1.0
11743,11743,1.0
2696,2696,1.0
9314,9314,1.0
7977,7977,1.0
11731,11731,1.0
4297,4297,1.0
10644,10644,1.0
8197,8197,1.0
4059,4059,1.0
9305,9305,1.0
6216,6216,1.0
10647,10647,1.0
2836,2836,1.0
11448,11448,1.0
10755,10755,1.0
9558,9558,1.0
11652,11652,1.0
9421,9421,1.0
6527,6527,1.0
8824,8824,1.0
10266,10266,1.0
10232,10232,1.0
10251,10251,1.0
10215,10215,1.0
10203,10203,1.0
10269,10269,1.0
11330,11330,1.0
11525,11525,1.0
2822,2822,1.0
9547,9547,1.0
12548,12548,1.0
9961,9961,1.0
10655,10655,1.0
3243,3243,1.0
17562,17562,1.0
2208,2208,1.0
4676,4676,1.0
7533,7533,1.0
7454,7454,1.0
7958,7958,1.0
4576,4576,1.0
2196,2196,1.0
2182,2182,1.0
4742,4742,1.0
7991,7991,1.0
4729,4729,1.0
2243,2243,1.0
376207,376207,1.0
7475,7475,1.0
3880,3880,1.0
111453,107881,0.9679506159547073
2784,2784,1.0
144673,144673,1.0
7329,7329,1.0
6712,6712,1.0
10101,10101,1.0
7949,7949,1.0
11094,11094,1.0
1228,1228,1.0
7092,7092,1.0
7085,7085,1.0
7746,7746,1.0
6640,6640,1.0
9096,9096,1.0
10519,10519,1.0
8882,8882,1.0
8335,8335,1.0
8630,8630,1.0
8518,8518,1.0
6612,6612,1.0
152388,152388,1.0
10884,10884,1.0
10937,10937,1.0
9506,9506,1.0
9111,9111,1.0
9748,9748,1.0
10050,10050,1.0
7615,7615,1.0
7903,7903,1.0
9136,9136,1.0
10897,10897,1.0
6730,6730,1.0
7429,7429,1.0
5953,5953,1.0
9555,9555,1.0
3170,3170,1.0
1873,1873,1.0
15098,15098,1.0
9834,9834,1.0
5060,5060,1.0
5014,5014,1.0
4752,4752,1.0
4877,4877,1.0
13389,13389,1.0
10493,10493,1.0
10370,10370,1.0
4196,4196,1.0
13202,13202,1.0
7253,7253,1.0
5845,5845,1.0
5945,5945,1.0
115042,115042,1.0
350731,350731,1.0
5052,5052,1.0
7326,7326,1.0
5269,5269,1.0
7398,7398,1.0
5979,5979,1.0
204237,204237,1.0
7461,7461,1.0
10000,10000,1.0
5879,5879,1.0
8696,8696,1.0
8372,8372,1.0
5225,5225,1.0
8468,8468,1.0
35555,35555,1.0
395405,395405,1.0
9580,9580,1.0
6656,6656,1.0
4562,4562,1.0
9760,9760,1.0
11450,11450,1.0
8399,8399,1.0
4242,4242,1.0
147346,147346,1.0
13104,13104,1.0
12957,12957,1.0
13205,13205,1.0
13209,13209,1.0
11528,11528,1.0
7066,7066,1.0
10863,10863,1.0
15596,15596,1.0
5070,5070,1.0
11181,11181,1.0
6386,6386,1.0
11422,11422,1.0
13294,13294,1.0
13784,13784,1.0
4981,4981,1.0
13695,13695,1.0
13593,13593,1.0
10853,10853,1.0
12536,12536,1.0
15721,15721,1.0
13155,13155,1.0
10968,10968,1.0
11457,11457,1.0
12403,12403,1.0
11290,11290,1.0
13189,13189,1.0
13070,13070,1.0
10941,10941,1.0
13141,13141,1.0
1844,1844,1.0
11355,11355,1.0
11478,11478,1.0
11397,11397,1.0
12193,12193,1.0
7299,7299,1.0
8019,8019,1.0
9403,9395,0.9991492076996703
3383,3383,1.0
3316,3316,1.0
7812,7701,0.9857910906298003
8541,8541,1.0
207914,207914,1.0
34190,34190,1.0
36391,36391,1.0
36306,36306,1.0
8349,8349,1.0
36493,36493,1.0
33356,33356,1.0
32735,32735,1.0
29923,29923,1.0
35439,35439,1.0
35035,35035,1.0
2971,2971,1.0
6958,6958,1.0
33945,33945,1.0
9428,9428,1.0
14964,14964,1.0
5819,5819,1.0
8216,8216,1.0
27682,27682,1.0
9445,9445,1.0
6347,6347,1.0
28487,28487,1.0
1902,1902,1.0
2572,2572,1.0
3420,3420,1.0
20414,20414,1.0
29812,29812,1.0
8136,8136,1.0
5889,5889,1.0
5898,5898,1.0
5921,5921,1.0
2389,2389,1.0
9126,9126,1.0
5877,5877,1.0
167212,167212,1.0
10646,10646,1.0
1819,1819,1.0
3367,3367,1.0
2857,2857,1.0
2100,2100,1.0
9324,9324,1.0
10867,10867,1.0
2709,2709,1.0
2968,2968,1.0
13766,13766,1.0
11470,11470,1.0
9176,9176,1.0
6363,6363,1.0
6363,6363,1.0
9969,9969,1.0
2105,2105,1.0
2199,2199,1.0
2211,2211,1.0
2231,2231,1.0
5533,5533,1.0
5144,5144,1.0
8612,8612,1.0
8703,8703,1.0
9691,9691,1.0
5189,5189,1.0
10026,10026,1.0
127941,127941,1.0
3387,3387,1.0
7279,7279,1.0
7996,7996,1.0
2653,2653,1.0
1908,1908,1.0
1928,1928,1.0
8080,8080,1.0
7582,7582,1.0
2745,2745,1.0
7676,7676,1.0
7476,7476,1.0
7462,7462,1.0
6295,6295,1.0
35030,35030,1.0
7480,7480,1.0
1971,1971,1.0
3024,3024,1.0
2343,2343,1.0
3925,3925,1.0
1942,1942,1.0
12614,12614,1.0
11851,11851,1.0
5772,5772,1.0
4832,4832,1.0
18848,18848,1.0
12102,12102,1.0
11092,11092,1.0
11900,11900,1.0
10152,10152,1.0
10232,10232,1.0
176688,176688,1.0
9426,9426,1.0
6930,6930,1.0
2784,2784,1.0
9780,9780,1.0
204055,204055,1.0
200223,200223,1.0
10187,10187,1.0
5850,5850,1.0
7194,7194,1.0
2585,2585,1.0
3081,3081,1.0
2204,2204,1.0
8218,8218,1.0
7600,7600,1.0
2629,2629,1.0
30620,30620,1.0
304,304,1.0
6203,6203,1.0
6564,6564,1.0
2611,2611,1.0
6339,6339,1.0
7964,7964,1.0
142974,142974,1.0
8681,8681,1.0
9932,9932,1.0
12426,12426,1.0
142925,142925,1.0
3453,3453,1.0
3453,3453,1.0
293123,293123,1.0
6861,6861,1.0
9283,9283,1.0
20106,20106,1.0
6692,6692,1.0
9130,9130,1.0
4990,4990,1.0
13156,13156,1.0
2255,2255,1.0
648,648,1.0
1473573,1473473,0.9999321377359656
18222,18222,1.0
9693,9693,1.0
6125,6125,1.0
1723,1723,1.0
9500,9500,1.0
5656,5656,1.0
2571,2571,1.0
2581,2581,1.0
2892,2892,1.0
181035,181035,1.0
7507,7507,1.0
7682,7682,1.0
1811,1811,1.0
7502,7502,1.0
2194,2194,1.0
2963,2963,1.0
7836,7836,1.0
2974,2974,1.0
2740,2740,1.0
7392,7392,1.0
2798,2798,1.0
7677,7677,1.0
12512,1907,0.15241368286445012
6519,6519,1.0
6233,6233,1.0
127879,127879,1.0
5745,5745,1.0
10252,10252,1.0
8448,8448,1.0
3482,3482,1.0
3253,3253,1.0
3960,3960,1.0
1413,1413,1.0
1838258,1838258,1.0
2003191,2003191,1.0
2077288,2077288,1.0
20222,20222,1.0
16823,4838,0.2875824763716341
12230,12230,1.0
15462,15462,1.0
15378,15378,1.0
15140,15140,1.0
13106,13106,1.0
10881,10881,1.0
14409,14409,1.0
12790,12790,1.0
12486,12486,1.0
12625,12624,0.9999207920792079
12659,12659,1.0
12674,12674,1.0
11092,11092,1.0
11135,11135,1.0
11271,11271,1.0
11068,11068,1.0
15411,15411,1.0
15264,15264,1.0
15370,15370,1.0
30111,30111,1.0
27318,27318,1.0
20795,20795,1.0
20307,20307,1.0
9655,9655,1.0
10967,10967,1.0
7245,7245,1.0
7373,7373,1.0
8530,8530,1.0
7398,7398,1.0
7399,7399,1.0
7367,7367,1.0
7295,7295,1.0
7441,7441,1.0
7137,7137,1.0
7208,7208,1.0
7570,7570,1.0
7406,7406,1.0
7563,7563,1.0
7399,7399,1.0
7272,7272,1.0
7339,7339,1.0
9905,9905,1.0
9431,9431,1.0
9073,9073,1.0
8255,8255,1.0
6463,6463,1.0
6532,6532,1.0
43810,43810,1.0
3229,3229,1.0
3064,3064,1.0
3193,3193,1.0
3312,3312,1.0
3234,3234,1.0
3153,3153,1.0
3301,3301,1.0
3246,3246,1.0
3676,3676,1.0
2871,2871,1.0
2912,2912,1.0
2199,2199,1.0
2019,2019,1.0
2002,2002,1.0
2454,2454,1.0
3208,3208,1.0
3198,3198,1.0
3197,3197,1.0
3223,3223,1.0
3187,3187,1.0
3175,3175,1.0
3198,3198,1.0
3187,3187,1.0
3230,3230,1.0
3223,3223,1.0
3257,3257,1.0
2899,2899,1.0
137998,137998,1.0
107439,107439,1.0
175360,175360,1.0
7203,7203,1.0
7120,7120,1.0
7609,7609,1.0
7444,7444,1.0
1862,1862,1.0
1760,1760,1.0
2094,2094,1.0
1880,1880,1.0
1944,1944,1.0
2069,2069,1.0
1935,1935,1.0
1699,1699,1.0
1771,1771,1.0
1741,1741,1.0
1818,1818,1.0
1688,1688,1.0
2379,2379,1.0
1746,1746,1.0
1760,1760,1.0
1844,1844,1.0
1809,1809,1.0
1923,1923,1.0
1916,1916,1.0
1838,1838,1.0
1838,1838,1.0
1760,1760,1.0
1750,1750,1.0
1761,1761,1.0
1757,1757,1.0
1764,1764,1.0
1843,1843,1.0
1759,1759,1.0
1740,1740,1.0
1867,1867,1.0
1780,1780,1.0
1794,1794,1.0
1795,1795,1.0
1710,1710,1.0
13387,13387,1.0
16883,16883,1.0
14817,14817,1.0
9531,9531,1.0
9143,9143,1.0
9188,9188,1.0
8883,8883,1.0
9687,9687,1.0
9609,9609,1.0
9188,9188,1.0
8880,8880,1.0
10479,10479,1.0
10465,10465,1.0
10767,10767,1.0
9538,9538,1.0
9777,9777,1.0
2629,2629,1.0
2621,2621,1.0
2626,2626,1.0
2754,2754,1.0
2788,2788,1.0
2615,2615,1.0
2761,2761,1.0
2728,2728,1.0
2749,2749,1.0
2740,2740,1.0
2652,2652,1.0
2751,2751,1.0
2609,2609,1.0
2739,2739,1.0
2753,2753,1.0
2762,2762,1.0
2687,2687,1.0
2600,2600,1.0
2633,2633,1.0
2603,2603,1.0
2664,2664,1.0
2666,2666,1.0
2605,2605,1.0
2771,2771,1.0
2764,2764,1.0
2803,2803,1.0
2619,2619,1.0
2639,2639,1.0
2617,2617,1.0
2735,2735,1.0
2739,2739,1.0
2758,2758,1.0
2747,2747,1.0
2645,2645,1.0
2602,2602,1.0
2744,2744,1.0
2832,2832,1.0
2557,2557,1.0
2200,2200,1.0
2193,2193,1.0
2238,2238,1.0
2145,2145,1.0
2190,2190,1.0
2191,2191,1.0
2250,2250,1.0
2172,2172,1.0
2250,2250,1.0
2205,2205,1.0
2230,2230,1.0
2155,2155,1.0
2185,2185,1.0
2140,2140,1.0
2209,2209,1.0
2237,2237,1.0
2233,2233,1.0
2109,2109,1.0
2202,2202,1.0
2310,2310,1.0
2153,2153,1.0
1998,1998,1.0
2220,2220,1.0
2217,2217,1.0
3278,3278,1.0
6965,6965,1.0
103531,103531,1.0
380011,380011,1.0
7510,7510,1.0
7344,7344,1.0
7574,7574,1.0
7668,7668,1.0
7531,7531,1.0
7899,7899,1.0
7891,7891,1.0
7238,7238,1.0
7203,7203,1.0
7226,7226,1.0
7227,7227,1.0
7622,7622,1.0
8249,8249,1.0
7519,7519,1.0
5050,5050,1.0
4441,4441,1.0
4615,4615,1.0
5263,5263,1.0
5439,5439,1.0
4786,4786,1.0
5267,5267,1.0
4395,4395,1.0
4986,4986,1.0
5342,5342,1.0
5049,5049,1.0
5205,5205,1.0
4822,4822,1.0
4936,4936,1.0
5114,5114,1.0
5249,5249,1.0
274793,274793,1.0
5040,5040,1.0
5019,5019,1.0
5187,5187,1.0
5058,5058,1.0
5371,5371,1.0
5067,5067,1.0
8174,8174,1.0
8208,8208,1.0
9455,9455,1.0
9100,9100,1.0
11385,11385,1.0
11395,11395,1.0
11391,11391,1.0
11344,11344,1.0
11494,11494,1.0
11530,11530,1.0
1371,1371,1.0
1359,1359,1.0
1351,1351,1.0
1350,1350,1.0
1333,1333,1.0
1359,1359,1.0
1359,1359,1.0
1338,1338,1.0
1377,1377,1.0
1346,1346,1.0
1342,1342,1.0
1371,1371,1.0
1334,1334,1.0
1337,1337,1.0
4590,4590,1.0
4587,4587,1.0
4619,4619,1.0
4944,4944,1.0
1245,1245,1.0
9164,3365,0.36719773024879965
11465,11465,1.0
3811,3811,1.0
28586,28586,1.0
2755,2755,1.0
2753,2753,1.0
2804,2804,1.0
6944,6944,1.0
2778,2778,1.0
8749,8749,1.0
2747,2747,1.0
9599,9599,1.0
2748,2748,1.0
2659,2659,1.0
2755,2755,1.0
7852,7852,1.0
2622,2622,1.0
1358,1358,1.0
1096,1096,1.0
2634,2634,1.0
2781,2781,1.0
5515,5515,1.0
2745,2745,1.0
2756,2756,1.0
5105,5105,1.0
2769,2769,1.0
1356,1356,1.0
2764,2764,1.0
1398,1398,1.0
1401,1401,1.0
12298,12298,1.0
2753,2753,1.0
7324,7324,1.0
9283,9283,1.0
2428,2428,1.0
1367,1367,1.0
1348,1348,1.0
1350,1350,1.0
5194,5194,1.0
5228,5228,1.0
5109,5109,1.0
13669,13669,1.0
1100,1100,1.0
1306,1306,1.0
1093,1093,1.0
2744,2744,1.0
9101,9101,1.0
1021,1021,1.0
1000,1000,1.0
7264,7264,1.0
2758,2758,1.0
2746,2746,1.0
11276,11276,1.0
8881,8881,1.0
2609,2609,1.0
2590,2590,1.0
2629,2629,1.0
2608,2608,1.0
2638,2638,1.0
2767,2767,1.0
1370,1370,1.0
1359,1359,1.0
1300,1300,1.0
2731,2731,1.0
8178,8178,1.0
8327,8327,1.0
2759,2759,1.0
9448,9448,1.0
2767,2767,1.0
7702,7702,1.0
7438,7438,1.0
7805,7805,1.0
2601,2601,1.0
5348,2819,0.5271129394166043
2813,2813,1.0
1367,1367,1.0
2751,2751,1.0
7333,7333,1.0
1010,1010,1.0
996,996,1.0
1022,1022,1.0
1009,1009,1.0
1003,1003,1.0
8259,8259,1.0
2739,2739,1.0
9702,9702,1.0
8804,8804,1.0
8810,8810,1.0
15444,15444,1.0
15180,15180,1.0
14926,14926,1.0
14931,14931,1.0
15017,15017,1.0
10843,10843,1.0
13296,13296,1.0
11649,11649,1.0
12118,12118,1.0
13220,13220,1.0
11954,11954,1.0
12957,12957,1.0
12212,12212,1.0
11684,11684,1.0
12258,12258,1.0
11744,11744,1.0
11764,11764,1.0
40930,40930,1.0
1900,1900,1.0
107772,107772,1.0
7688,7688,1.0
7138,7138,1.0
7497,7497,1.0
7704,7704,1.0
7339,7339,1.0
7773,7773,1.0
7409,7409,1.0
3873,3873,1.0
5407,5407,1.0
5038,5038,1.0
4995,4995,1.0
4832,4832,1.0
4822,4822,1.0
4909,4909,1.0
4456,4456,1.0
5148,5148,1.0
5172,5172,1.0
5284,5284,1.0
2600,2600,1.0
2609,2609,1.0
2609,2609,1.0
2575,2575,1.0
2580,2580,1.0
2408,2408,1.0
2459,2459,1.0
2460,2460,1.0
2471,2471,1.0
2459,2459,1.0
2565,2565,1.0
2516,2516,1.0
2582,2582,1.0
2575,2575,1.0
2609,2609,1.0
2640,2640,1.0
2601,2601,1.0
2403,2403,1.0
2600,2600,1.0
1377,1377,1.0
1360,1360,1.0
12823,12823,1.0
7268,7268,1.0
8249,8249,1.0
8017,8017,1.0
8902,8902,1.0
8973,8973,1.0
16236,16236,1.0
15342,15342,1.0
16050,16050,1.0
15516,15516,1.0
15522,15522,1.0
13350,13350,1.0
11287,11287,1.0
13170,13170,1.0
13038,13038,1.0
11121,11121,1.0
30148,30148,1.0
25425,25425,1.0
7782,7782,1.0
8201,8201,1.0
7746,7746,1.0
131557,131557,1.0
1742,1742,1.0
1856,1856,1.0
14714,14714,1.0
14072,14072,1.0
10376,10376,1.0
10254,10254,1.0
8431,8431,1.0
1354,1354,1.0
14904,14904,1.0
13373,13373,1.0
1370,1370,1.0
1361,1361,1.0
1391,1391,1.0
9560,9560,1.0
10950,10950,1.0
12983,12983,1.0
1385,1385,1.0
333,333,1.0
11700,11700,1.0
19043,19043,1.0
7556,7556,1.0
7536,7536,1.0
7745,7745,1.0
1805,1805,1.0
2928,2928,1.0
8112,8112,1.0
3533,3533,1.0
9585,9585,1.0
6635,6635,1.0
2692,2692,1.0
2777,2777,1.0
4146,4146,1.0
7567,7567,1.0
3161,3161,1.0
3173,3173,1.0
2213,2213,1.0
2290,2290,1.0
2040,2040,1.0
1987,1987,1.0
2010,2010,1.0
2244,2244,1.0
1905,1905,1.0
1937,1937,1.0
1769,1769,1.0
2174,2174,1.0
2826,2826,1.0
5360,5360,1.0
5312,5312,1.0
2222,2222,1.0
2270,2270,1.0
2199,2199,1.0
2494,2494,1.0
1860,1860,1.0
2103,2103,1.0
2546,2546,1.0
2054,2054,1.0
2232,2232,1.0
2125,2125,1.0
2142,2142,1.0
6357,6357,1.0
5398,5398,1.0
2176,2176,1.0
2125,2125,1.0
2321,2321,1.0
2093,2093,1.0
2123,2123,1.0
2134,2134,1.0
4662,4662,1.0
5497,5497,1.0
2212,2212,1.0
2246,2246,1.0
2336,2336,1.0
2112,2112,1.0
1899,1899,1.0
8971,8971,1.0
4026,4026,1.0
3028,3028,1.0
6310,6310,1.0
41178,41178,1.0
2218,2218,1.0
1955,1955,1.0
1889,1889,1.0
2127,2127,1.0
3226,3226,1.0
1991,1991,1.0
1995,1995,1.0
1997,1997,1.0
2205,2205,1.0
2188,2188,1.0
2309,2309,1.0
4892,4892,1.0
5004,5004,1.0
6434,6434,1.0
2220,2220,1.0
2156,2156,1.0
2152,2152,1.0
2055,2055,1.0
2046,2046,1.0
3156,3156,1.0
1587,1587,1.0
5909,5909,1.0
5907,5907,1.0
1805,1805,1.0
4982,4982,1.0
4660,4660,1.0
4671,4671,1.0
3356,3356,1.0
3333,3333,1.0
2445,2445,1.0
4979,4979,1.0
4844,4844,1.0
2445,2445,1.0
1931,1931,1.0
1760,1760,1.0
2203,2203,1.0
1890,1890,1.0
2085,2085,1.0
6252,6252,1.0
6219,6219,1.0
2603,2603,1.0
11798,11798,1.0
5228,5228,1.0
20949,20949,1.0
183261,183261,1.0
2843,2843,1.0
5215,5215,1.0
147790,147790,1.0
5329,5329,1.0
11699,11699,1.0
2730,2730,1.0
1361,1361,1.0
7446,7446,1.0
8071,8071,1.0
5890,5890,1.0
4993,4993,1.0
6994,6994,1.0
11336,11336,1.0
6373,6373,1.0
7679,7679,1.0
15205,15205,1.0
3387,3387,1.0
3389,3389,1.0
8620,8620,1.0
3999,3999,1.0
2812,2812,1.0
7390,7390,1.0
6818,6818,1.0
5234,5234,1.0
2803,2803,1.0
7644,7644,1.0
7424,7424,1.0
15763,15763,1.0
2945,2945,1.0
15322,15322,1.0
5422,5422,1.0
2645,2628,0.9935727788279773
8225,8225,1.0
8300,8300,1.0
8809,8809,1.0
2296,2296,1.0
7126,7126,1.0
11291,11291,1.0
3601,3601,1.0
12313,12313,1.0
8977,8977,1.0
12940,12940,1.0
11413,11413,1.0
3394,3394,1.0
3423,3423,1.0
3433,3433,1.0
3408,3408,1.0
8966,8966,1.0
1989,1989,1.0
1740,1740,1.0
1639,1639,1.0
5068,5068,1.0
11798,11798,1.0
4696,4696,1.0
9552,9552,1.0
10744,10744,1.0
7373,7373,1.0
7726,7726,1.0
130202,130202,1.0
5249,5249,1.0
5397,5397,1.0
19936,19936,1.0
10804,10804,1.0
8838,8838,1.0
165695,165695,1.0
8138,8138,1.0
11919,11919,1.0
166748,166748,1.0
2505,2505,1.0
119054,119054,1.0
7173,7173,1.0
4880,4880,1.0
21527,21527,1.0
3977,3977,1.0
8536,8536,1.0
8620,8620,1.0
6208,6208,1.0
7285,7285,1.0
12626,12626,1.0
4947,4947,1.0
6310,6310,1.0
4825,4825,1.0
7864,7864,1.0
9784,9784,1.0
2997,2997,1.0
5541,5541,1.0
1778,1778,1.0
7372,7372,1.0
2748,2748,1.0
7456,7456,1.0
9002,9002,1.0
6278,6278,1.0
10609,10609,1.0
10310,10310,1.0
5415,5415,1.0
6735,6735,1.0
9952,9952,1.0
2070,2070,1.0
5281,5281,1.0
8393,8393,1.0
7408,7408,1.0
2895,2895,1.0
5252,5252,1.0
4939,4939,1.0
5082,5082,1.0
5160,5160,1.0
4586,4586,1.0
3478,3478,1.0
3412,3412,1.0
11230,11230,1.0
1712,1712,1.0
2029,2029,1.0
2046,2046,1.0
2197,2197,1.0
11713,11713,1.0
7624,7624,1.0
4857,4857,1.0
8145,8145,1.0
6453,6453,1.0
10663,10663,1.0
5016,5016,1.0
5082,5082,1.0
5491,5491,1.0
2077,2077,1.0
6001,6001,1.0
158250,158250,1.0
10280,10280,1.0
1702,1702,1.0
8051,8051,1.0
6453,6453,1.0
2379,2379,1.0
9214,9214,1.0
3406,3406,1.0
7131,7131,1.0
6985,6985,1.0
4726,4726,1.0
5038,5038,1.0
1264,1264,1.0
19275,19275,1.0
155555,155555,1.0
7967,7967,1.0
8625,8625,1.0
3243,3243,1.0
8890,8890,1.0
6303,6303,1.0
5034,5034,1.0
3743,3743,1.0
2480,2480,1.0
7876,7876,1.0
7312,7312,1.0
35906,35906,1.0
8139,8139,1.0
4978,4978,1.0
6052,6052,1.0
2066,2066,1.0
3187,3187,1.0
2394,2394,1.0
2293,2293,1.0
10910,10910,1.0
10836,10836,1.0
4554,4554,1.0
4382,4382,1.0
7935,7935,1.0
7292,7292,1.0
1711,1711,1.0
4911,4911,1.0
5327,5327,1.0
5941,5941,1.0
10794,10794,1.0
3443,3443,1.0
3411,3411,1.0
2942,2942,1.0
1991,1991,1.0
2016,2016,1.0
1914,1914,1.0
7863,7863,1.0
7342,7342,1.0
12774,12774,1.0
7869,7869,1.0
10311,10311,1.0
112307,112307,1.0
9503,9503,1.0
5206,5206,1.0
3991,3991,1.0
4962,4962,1.0
15954,15954,1.0
7106,7106,1.0
10198,10198,1.0
14663,14663,1.0
8192,8192,1.0
9811,9811,1.0
7167,7167,1.0
7119,7119,1.0
7215,7215,1.0
27952,27952,1.0
1259,1259,1.0
8806,8806,1.0
7106,7106,1.0
8684,8684,1.0
3394,3394,1.0
3687,3687,1.0
7658,7658,1.0
2568,2568,1.0
9228,9228,1.0
5338,5338,1.0
5018,5018,1.0
1886,1886,1.0
2046,2046,1.0
12895,12895,1.0
1899,1899,1.0
8051,8051,1.0
9838,9838,1.0
2747,2747,1.0
11170,11170,1.0
1900,1900,1.0
17320,17320,1.0
7188,7188,1.0
9437,9437,1.0
6060,6060,1.0
2458,2458,1.0
2197,2197,1.0
7107,7107,1.0
5839,5839,1.0
4442,4442,1.0
3554,3554,1.0
1706,1706,1.0
2887,2887,1.0
109270,109270,1.0
46450,46450,1.0
74997,74997,1.0
57701,57701,1.0
31200,31200,1.0
51160,51160,1.0
76174,76174,1.0
37374,37374,1.0
53972,53972,1.0
49186,49186,1.0
43827,43827,1.0
58866,58866,1.0
50348,50348,1.0
43665,43665,1.0
49492,49492,1.0
43226,43226,1.0
50773,50773,1.0
135279,135279,1.0
168733,168733,1.0
160570,160570,1.0
65994,65994,1.0
47575,47575,1.0
37994,37994,1.0
38261,38261,1.0
135400,135400,1.0
66158,66158,1.0
135391,135391,1.0
88308,88308,1.0
50298,50298,1.0
49628,49628,1.0
46723,46723,1.0
37809,37809,1.0
93191,93191,1.0
378379,378379,1.0
58951,58951,1.0
103218,103218,1.0
158136,158136,1.0
43478,43478,1.0
47881,47881,1.0
234900,234900,1.0
40556,40556,1.0
52738,52738,1.0
134973,134973,1.0
49658,49658,1.0
56168,56168,1.0
35284,35284,1.0
37219,37219,1.0
35948,35948,1.0
37429,37429,1.0
38067,38067,1.0
38555,38555,1.0
134073,134073,1.0
42292,42292,1.0
42765,42765,1.0
123490,123490,1.0
47405,47405,1.0
157034,157034,1.0
66182,66182,1.0
91212,91212,1.0
92338,92338,1.0
40493,40493,1.0
70912,70912,1.0
72321,72321,1.0
53018,53018,1.0
41152,41152,1.0
76350,76350,1.0
279845,279845,1.0
40551,40551,1.0
118537,118537,1.0
41402,41402,1.0
41642,41642,1.0
239276,239276,1.0
357154,357154,1.0
47718,47718,1.0
168188,168188,1.0
77874,77874,1.0
84419,84419,1.0
87709,87709,1.0
45415,45415,1.0
41289,41289,1.0
130138,130138,1.0
139928,139928,1.0
188427,188427,1.0
49879,49879,1.0
49419,49419,1.0
51027,51027,1.0
50909,50909,1.0
61818,61818,1.0
61292,61292,1.0
164706,164706,1.0
129454,129454,1.0
43075,43075,1.0
42601,42601,1.0
44389,44389,1.0
43336,43336,1.0
44183,44183,1.0
43707,43707,1.0
43374,43374,1.0
42830,42830,1.0
44371,44371,1.0
60005,60005,1.0
58353,58353,1.0
59173,59173,1.0
75380,75380,1.0
58159,58159,1.0
58279,58279,1.0
57899,57899,1.0
29339,29339,1.0
29491,29491,1.0
29422,29422,1.0
29511,29511,1.0
63513,63513,1.0
57081,57081,1.0
58619,58619,1.0
67592,67592,1.0
76268,76268,1.0
44194,44194,1.0
63560,63560,1.0
69409,69409,1.0
45888,45888,1.0
40409,40409,1.0
87646,87646,1.0
45580,45580,1.0
80228,80228,1.0
83724,83724,1.0
273501,273501,1.0
271182,271182,1.0
271088,271088,1.0
273224,273224,1.0
54312,54312,1.0
89596,89596,1.0
84694,84694,1.0
88531,88531,1.0
175814,175814,1.0
176055,176055,1.0
51094,51094,1.0
53278,53278,1.0
50332,50332,1.0
52298,52298,1.0
61164,61164,1.0
75973,75973,1.0
59794,59794,1.0
59315,59315,1.0
170496,170496,1.0
41546,41546,1.0
42633,42633,1.0
155286,155286,1.0
278136,278136,1.0
50564,50564,1.0
171175,171175,1.0
156281,156281,1.0
45373,45373,1.0
49797,49797,1.0
70707,70707,1.0
58247,58247,1.0
39122,39122,1.0
40879,40879,1.0
40598,40598,1.0
41608,41608,1.0
41208,41208,1.0
41514,41514,1.0
131976,131976,1.0
131086,131086,1.0
133486,133486,1.0
133047,133047,1.0
133710,133710,1.0
490380,490380,1.0
49808,49808,1.0
50930,50930,1.0
56076,56076,1.0
87570,87570,1.0
235108,235108,1.0
162422,162422,1.0
45428,45428,1.0
41712,41712,1.0
41081,41081,1.0
41598,41598,1.0
27595,27595,1.0
60030,60030,1.0
74491,74491,1.0
45159,45159,1.0
43015,43015,1.0
58714,58714,1.0
60835,60835,1.0
65100,65100,1.0
71547,71547,1.0
70428,70428,1.0
71092,71092,1.0
47780,47780,1.0
47624,47624,1.0
47285,47285,1.0
166283,166283,1.0
139262,139262,1.0
47760,47760,1.0
43060,43060,1.0
49579,49579,1.0
159323,159323,1.0
60237,60237,1.0
47319,47319,1.0
154938,154938,1.0
138036,138036,1.0
35985,35985,1.0
67277,67277,1.0
49562,49562,1.0
50727,50727,1.0
70265,70265,1.0
92816,92816,1.0
43679,43679,1.0
241654,241654,1.0
42925,42925,1.0
48491,48459,0.9993400837268771
266743,266743,1.0
157235,157235,1.0
41391,41391,1.0
41873,41873,1.0
51092,51092,1.0
171911,171911,1.0
111671,111671,1.0
87575,87575,1.0
90092,90092,1.0
166002,166002,1.0
168112,168112,1.0
66291,66291,1.0
66789,66789,1.0
279696,279696,1.0
96542,96542,1.0
16523,16523,1.0
44829,44829,1.0
67383,67383,1.0
67743,67743,1.0
66392,66392,1.0
44408,44408,1.0
42475,42475,1.0
104329,104329,1.0
112225,112225,1.0
67498,67498,1.0
111103,111103,1.0
128241,128241,1.0
128602,128602,1.0
84916,84916,1.0
87609,87609,1.0
272458,272458,1.0
41593,41593,1.0
237722,237722,1.0
41489,41489,1.0
45909,45909,1.0
45936,45936,1.0
41651,41651,1.0
127084,127084,1.0
56341,56341,1.0
45058,45058,1.0
58842,58842,1.0
40366,40366,1.0
41934,41934,1.0
41525,41525,1.0
132454,132454,1.0
93848,93848,1.0
19741,19741,1.0
58139,58139,1.0
354378,354378,1.0
39640,39640,1.0
39403,39403,1.0
39307,39307,1.0
61437,61437,1.0
10584,10584,1.0
51894,51894,1.0
52856,52856,1.0
39964,39964,1.0
40934,40934,1.0
40789,40789,1.0
40836,40836,1.0
115154,115154,1.0
167467,167467,1.0
167298,167298,1.0
44549,44549,1.0
61670,61670,1.0
41257,41157,0.9975761688925515
38232,38032,0.9947687800795145
236053,235887,0.9992967680986897
41308,41308,1.0
175206,175206,1.0
40353,40353,1.0
165213,165213,1.0
104373,104373,1.0
51308,51308,1.0
52213,52213,1.0
50877,50877,1.0
50864,50864,1.0
51578,51578,1.0
74914,74914,1.0
51339,51339,1.0
56719,56719,1.0
111688,111688,1.0
58899,58899,1.0
51889,51889,1.0
55600,55600,1.0
52169,52169,1.0
50486,50486,1.0
109086,109086,1.0
57278,57278,1.0
51426,51426,1.0
61147,61147,1.0
51381,51381,1.0
53171,53171,1.0
50364,50364,1.0
50988,50988,1.0
51702,51702,1.0
51083,51083,1.0
59749,59749,1.0
50965,50965,1.0
48963,48963,1.0
49228,49228,1.0
55363,55363,1.0
52494,52494,1.0
61567,61567,1.0
51500,51500,1.0
50645,50645,1.0
51235,51235,1.0
65270,65270,1.0
43895,43895,1.0
56147,56147,1.0
55601,55601,1.0
40525,40525,1.0
23219,23219,1.0
35883,35883,1.0
53812,53812,1.0
35099,35099,1.0
53197,53197,1.0
51889,51889,1.0
50672,50672,1.0
44530,44530,1.0
43193,43193,1.0
252197,252197,1.0
7190,7190,1.0
7648,7648,1.0
5278,5278,1.0
137452,137452,1.0
11892,11892,1.0
6855,6855,1.0
5218,5218,1.0
7566,7566,1.0
3434,3434,1.0
16274,16274,1.0
14619,14619,1.0
14027,14027,1.0
10182,10182,1.0
2765,2765,1.0
2760,2760,1.0
2767,2767,1.0
2630,2630,1.0
173451,173352,0.9994292336164105
8651,8651,1.0
10308,10308,1.0
687,687,1.0
677,677,1.0
686,686,1.0
731,731,1.0
685,685,1.0
694,694,1.0
349604,348815,0.9977431608334001
11872,11872,1.0
3249,3249,1.0
3313,3313,1.0
3847,3847,1.0
2765,2765,1.0
24893,24893,1.0
1353,1353,1.0
1351,1351,1.0
1221,1221,1.0
5836,5836,1.0
2807,2807,1.0
13072,13072,1.0
4281,4281,1.0
1369,1369,1.0
15107,15107,1.0
51543,51543,1.0
9707,9707,1.0
13559,13559,1.0
9591,9591,1.0
10398,10398,1.0
15111,15111,1.0
20398,20398,1.0
19867,19867,1.0
25960,25960,1.0
7396,7396,1.0
6714,6714,1.0
2740,2740,1.0
2739,2739,1.0
8970,8970,1.0
7656,7656,1.0
9321,9321,1.0
8648,8648,1.0
120023,120023,1.0
3010,3010,1.0
8300,8300,1.0
11599,11599,1.0
3182,3182,1.0
113971,113971,1.0
2782,2782,1.0
9660,9660,1.0
3174,3174,1.0
7009,7009,1.0
7102,7102,1.0
9560,9560,1.0
9646,9646,1.0
11774,11774,1.0
17940,17940,1.0
17220,17220,1.0
8638,8638,1.0
8843,8843,1.0
8496,8496,1.0
7400,7400,1.0
8593,8593,1.0
2364,2364,1.0
67324,67324,1.0
7551,7551,1.0
7543,7543,1.0
7637,7637,1.0
34185,34185,1.0
326592,325896,0.9978689006466784
198157,198157,1.0
199721,199721,1.0
48659,48659,1.0
182284,182284,1.0
171719,171719,1.0
181187,181187,1.0
5688,5688,1.0
29903,29903,1.0
31393,31393,1.0
27102,27102,1.0
30742,30742,1.0
18239,18239,1.0
15301,15301,1.0
18410,18410,1.0
13162,13162,1.0
14939,14939,1.0
29409,29409,1.0
30859,30859,1.0
28128,28128,1.0
28539,28539,1.0
42127,42127,1.0
42399,42399,1.0
42564,42564,1.0
37553,37553,1.0
40564,40564,1.0
41803,41803,1.0
43552,43552,1.0
43698,43698,1.0
41987,41987,1.0
44705,44705,1.0
43444,43444,1.0
40866,40866,1.0
216628,216628,1.0
223270,223270,1.0
196842,196842,1.0
174670,174670,1.0
175557,175557,1.0
175559,175559,1.0
138339,138339,1.0
137031,137031,1.0
145647,145647,1.0
141018,141018,1.0
148564,148564,1.0
148481,148481,1.0
148243,148243,1.0
147590,147590,1.0
145542,145542,1.0
140218,140218,1.0
140906,140906,1.0
139750,139750,1.0
141028,141028,1.0
171216,171216,1.0
197450,197450,1.0
154371,154371,1.0
162598,162598,1.0
42542,42542,1.0
43444,43444,1.0
80617,80617,1.0
43017,42890,0.9970476788246507
46318,46318,1.0
41510,41510,1.0
42409,42409,1.0
151419,151419,1.0
135764,135764,1.0
40525,40525,1.0
43865,43865,1.0
108418,108418,1.0
36745,36745,1.0
38731,38731,1.0
36499,36499,1.0
35203,35203,1.0
103737,103737,1.0
39210,39210,1.0
80297,80297,1.0
85138,85138,1.0
44539,44539,1.0
43872,43872,1.0
79099,79099,1.0
41310,41310,1.0
44862,44862,1.0
32813,32813,1.0
73787,73787,1.0
7929,7929,1.0
38890,38890,1.0
139681,139681,1.0
45260,45260,1.0
44559,44559,1.0
149813,149813,1.0
40765,40765,1.0
40395,40395,1.0
41283,41283,1.0
39631,39631,1.0
32826,32826,1.0
149268,149268,1.0
40291,40291,1.0
41841,41841,1.0
43557,43557,1.0
40605,40605,1.0
41697,41697,1.0
41335,41335,1.0
44623,44623,1.0
51099,51099,1.0
50552,50552,1.0
53263,53263,1.0
42641,42641,1.0
18023,18023,1.0
39790,39790,1.0
35209,35209,1.0
53333,53333,1.0
37817,37817,1.0
38411,38411,1.0
39522,39522,1.0
40785,40785,1.0
155053,155053,1.0
40751,40751,1.0
41116,41116,1.0
40163,40163,1.0
44793,44793,1.0
40995,40995,1.0
44609,44609,1.0
43121,43121,1.0
42042,42042,1.0
42771,42771,1.0
44018,44018,1.0
44970,44964,0.999866577718479
39300,39300,1.0
37775,37775,1.0
46717,46717,1.0
44094,44094,1.0
44234,44234,1.0
18546,18546,1.0
18275,18275,1.0
259700,259700,1.0
43211,43211,1.0
35100,35100,1.0
33540,33540,1.0
39906,39906,1.0
50800,50800,1.0
44245,44245,1.0
107263,107263,1.0
50339,50339,1.0
54319,54319,1.0
50526,50526,1.0
40214,40214,1.0
40491,40491,1.0
49088,49088,1.0
39693,39693,1.0
53092,53092,1.0
38670,38670,1.0
37287,37287,1.0
30413,30413,1.0
47631,47631,1.0
110901,110901,1.0
45385,45385,1.0
9174,9174,1.0
204930,204930,1.0
120295,120295,1.0
44597,44597,1.0
49090,49090,1.0
40048,40048,1.0
39064,39064,1.0
39216,39216,1.0
45423,45423,1.0
45175,45175,1.0
48262,48262,1.0
47647,47647,1.0
43012,43012,1.0
49807,49807,1.0
50774,50774,1.0
42351,42351,1.0
142072,142072,1.0
28765,28765,1.0
17602,17602,1.0
44911,34639,0.7712809779341364
44024,44024,1.0
44601,44601,1.0
117842,117842,1.0
44638,44638,1.0
94005,94005,1.0
42518,42518,1.0
50552,50552,1.0
42439,42439,1.0
42167,42167,1.0
38202,38202,1.0
46486,46486,1.0
43619,43619,1.0
45962,45962,1.0
136589,136589,1.0
136468,136468,1.0
39215,39215,1.0
39195,39195,1.0
39902,39902,1.0
59779,59779,1.0
62030,62030,1.0
60332,60332,1.0
60160,60160,1.0
261365,261365,1.0
113299,113299,1.0
111671,111671,1.0
41730,41730,1.0
121986,121986,1.0
120622,120622,1.0
40142,40142,1.0
106185,106185,1.0
40657,40657,1.0
44784,44784,1.0
42686,42686,1.0
54867,54867,1.0
77354,77354,1.0
45814,45814,1.0
47868,47868,1.0
39919,39919,1.0
41567,41567,1.0
78891,78891,1.0
50316,50316,1.0
44895,44895,1.0
159631,159631,1.0
157281,157281,1.0
87196,87196,1.0
44603,44603,1.0
42551,42551,1.0
41872,41872,1.0
42890,42890,1.0
50249,50249,1.0
40945,40945,1.0
61716,61716,1.0
49573,49573,1.0
48211,48211,1.0
34075,34075,1.0
36636,36636,1.0
54286,54286,1.0
54725,54725,1.0
58391,58391,1.0
45495,45495,1.0
81076,81076,1.0
17603,17603,1.0
44349,44349,1.0
76889,76889,1.0
40923,40923,1.0
39482,39482,1.0
141124,141124,1.0
79221,79221,1.0
139450,139450,1.0
38823,38823,1.0
11648,11648,1.0
43036,43036,1.0
41135,41135,1.0
78646,78646,1.0
156801,156801,1.0
43184,43184,1.0
39034,39034,1.0
38391,38391,1.0
40694,40694,1.0
40075,40075,1.0
51811,51811,1.0
37714,37714,1.0
38288,38288,1.0
41832,41832,1.0
39752,39752,1.0
15010,15010,1.0
45135,45135,1.0
142978,142978,1.0
41297,41297,1.0
51818,51818,1.0
149229,149229,1.0
112558,112558,1.0
115739,115739,1.0
42085,42085,1.0
43337,43337,1.0
44205,44205,1.0
46644,46644,1.0
45779,45779,1.0
46585,46585,1.0
45756,45756,1.0
42250,42250,1.0
50354,50354,1.0
50048,50048,1.0
40484,40484,1.0
61939,61939,1.0
40552,40552,1.0
39699,39699,1.0
40822,40822,1.0
42696,42696,1.0
42750,42750,1.0
40635,40635,1.0
41161,41161,1.0
40540,40540,1.0
40337,40337,1.0
38684,38684,1.0
61769,61769,1.0
53912,53912,1.0
62312,62312,1.0
52935,52935,1.0
97757,97757,1.0
54065,54065,1.0
101665,101665,1.0
40578,40578,1.0
40184,40184,1.0
39628,39628,1.0
43416,43416,1.0
39825,39825,1.0
49788,49788,1.0
56708,56708,1.0
55572,55572,1.0
54148,54148,1.0
54189,54189,1.0
67118,67118,1.0
43758,43758,1.0
47921,47921,1.0
53549,53549,1.0
150925,150925,1.0
266532,266532,1.0
49372,49372,1.0
40914,40914,1.0
50403,50403,1.0
111607,111607,1.0
111601,111601,1.0
109306,109096,0.9980787879896803
39883,39883,1.0
72821,72821,1.0
38821,38821,1.0
112582,112582,1.0
110926,110926,1.0
110664,110664,1.0
111999,111999,1.0
110091,110091,1.0
116832,116832,1.0
110926,110926,1.0
111447,111447,1.0
112564,112564,1.0
39906,39906,1.0
176495,176495,1.0
244950,244950,1.0
40833,40833,1.0
52195,52195,1.0
51265,51265,1.0
52992,52992,1.0
90490,90490,1.0
30930,30930,1.0
39747,39747,1.0
49292,49292,1.0
40387,40387,1.0
45477,45477,1.0
67234,67234,1.0
68389,68389,1.0
43077,43077,1.0
10313,10313,1.0
20430,20430,1.0
14123,14123,1.0
14714,14714,1.0
28224,28224,1.0
43237,43237,1.0
43571,43571,1.0
37311,37311,1.0
41706,41706,1.0
55668,55668,1.0
53085,53085,1.0
112106,112106,1.0
49344,49344,1.0
50132,50132,1.0
49468,49468,1.0
220934,220934,1.0
308141,308141,1.0
322272,322272,1.0
317489,317489,1.0
181082,181082,1.0
33961,33893,0.9979977032478431
24480,24480,1.0
40131,40131,1.0
253323,253323,1.0
261658,261658,1.0
41344,41344,1.0
44364,44364,1.0
40441,40441,1.0
43686,43686,1.0
40729,40729,1.0
40651,40651,1.0
42818,42818,1.0
114274,114274,1.0
39382,39382,1.0
45185,45185,1.0
49665,49665,1.0
32014,32014,1.0
41775,41775,1.0
61703,61703,1.0
44609,44609,1.0
41394,41394,1.0
40060,40060,1.0
40725,40725,1.0
68472,68472,1.0
103628,103628,1.0
104354,104354,1.0
42330,42330,1.0
255356,255356,1.0
39266,39266,1.0
39551,39551,1.0
102789,102789,1.0
42067,42067,1.0
38396,38396,1.0
56214,56214,1.0
137973,137973,1.0
140527,140527,1.0
104410,104410,1.0
152770,152770,1.0
48195,48195,1.0
114275,114275,1.0
39928,39928,1.0
43113,43113,1.0
43706,43706,1.0
42577,42577,1.0
41165,41165,1.0
43440,43440,1.0
44103,44103,1.0
43206,43206,1.0
38802,38802,1.0
38317,38317,1.0
38449,38449,1.0
42363,42363,1.0
158485,158485,1.0
44716,44716,1.0
72362,72362,1.0
39688,39688,1.0
139069,139069,1.0
17700,17700,1.0
39648,39648,1.0
37152,37152,1.0
111851,111851,1.0
41823,41823,1.0
42042,42042,1.0
41126,41126,1.0
40539,40539,1.0
45803,45803,1.0
43310,43310,1.0
44013,44013,1.0
43402,43402,1.0
43825,43825,1.0
43724,43724,1.0
72290,72290,1.0
72305,72305,1.0
44168,44168,1.0
71915,71915,1.0
71992,71992,1.0
49861,49861,1.0
31324,31324,1.0
38091,38091,1.0
40236,40236,1.0
41219,41219,1.0
41059,41059,1.0
50910,50910,1.0
30791,30791,1.0
142567,142567,1.0
39767,39767,1.0
39793,39793,1.0
51170,51170,1.0
40352,40352,1.0
83219,83219,1.0
36776,36776,1.0
53215,53215,1.0
40898,40898,1.0
49106,49106,1.0
38820,38820,1.0
110377,110377,1.0
55119,55119,1.0
61830,61830,1.0
41024,41024,1.0
112496,112496,1.0
113760,113760,1.0
61073,61073,1.0
36213,36213,1.0
41578,41578,1.0
41267,41267,1.0
9944,9944,1.0
9296,9296,1.0
9368,9368,1.0
17034,17034,1.0
16159,16159,1.0
39695,39695,1.0
49427,49427,1.0
39536,39536,1.0
54579,54579,1.0
88403,88403,1.0
43264,43264,1.0
43446,43446,1.0
91510,91510,1.0
237307,237307,1.0
45424,45424,1.0
43264,43264,1.0
223950,223950,1.0
43630,43630,1.0
40599,40599,1.0
122563,122563,1.0
42291,42291,1.0
41912,41912,1.0
53965,53965,1.0
40058,40058,1.0
44851,44851,1.0
276734,276734,1.0
50187,50187,1.0
158607,158607,1.0
82744,82744,1.0
81920,81920,1.0
80342,80342,1.0
84608,84608,1.0
80361,80361,1.0
43029,43029,1.0
61600,61600,1.0
71283,71283,1.0
72472,72472,1.0
151194,151194,1.0
46835,46835,1.0
47116,47116,1.0
40466,40466,1.0
40242,40242,1.0
50865,50865,1.0
115471,115471,1.0
107601,107601,1.0
75687,75687,1.0
46553,46553,1.0
15307,15307,1.0
27754,27754,1.0
42481,42481,1.0
38421,38421,1.0
66220,66220,1.0
110964,110964,1.0
42932,42932,1.0
16748,16748,1.0
45035,45035,1.0
55391,55391,1.0
44696,44696,1.0
41960,41960,1.0
40448,40448,1.0
42282,42282,1.0
139100,139100,1.0
69844,69844,1.0
70774,70774,1.0
50740,50740,1.0
43223,43223,1.0
49822,49822,1.0
50605,50605,1.0
43922,43922,1.0
177907,177907,1.0
181570,181570,1.0
146203,126504,0.8652626827082892
59132,59132,1.0
54894,54894,1.0
112523,112523,1.0
51606,51606,1.0
156430,156430,1.0
76041,76041,1.0
76621,76621,1.0
59097,59097,1.0
147443,147443,1.0
43516,43516,1.0
34730,34730,1.0
75764,75764,1.0
144974,144974,1.0
19089,19089,1.0
65415,65415,1.0
65737,65737,1.0
92122,92122,1.0
32651,31914,0.9774279501393526
58916,58916,1.0
36278,36278,1.0
276025,276025,1.0
46854,46854,1.0
59100,59100,1.0
40907,40907,1.0
40163,40163,1.0
229929,229929,1.0
230024,229807,0.999056620178764
66189,66189,1.0
65847,65847,1.0
145162,145162,1.0
48288,48288,1.0
47866,47866,1.0
44260,44260,1.0
38576,38576,1.0
145759,145759,1.0
59715,59715,1.0
45221,45221,1.0
45177,45177,1.0
46094,46094,1.0
47820,47820,1.0
39485,39485,1.0
40611,40611,1.0
40035,40035,1.0
37880,37880,1.0
42276,42276,1.0
39778,39778,1.0
170764,170764,1.0
76008,76008,1.0
68869,68869,1.0
74895,74895,1.0
41820,41820,1.0
66095,66095,1.0
73679,73679,1.0
40847,40847,1.0
164037,164037,1.0
76335,76335,1.0
74509,74509,1.0
57742,57742,1.0
46133,46133,1.0
17961,17961,1.0
46807,46807,1.0
147890,147890,1.0
43504,43504,1.0
43184,43184,1.0
19046,19046,1.0
42735,42735,1.0
43126,43126,1.0
40769,40769,1.0
37947,37947,1.0
38675,38675,1.0
38526,38526,1.0
125726,125726,1.0
130473,130473,1.0
133886,133886,1.0
133007,133007,1.0
133195,133195,1.0
131909,131909,1.0
42248,42248,1.0
153268,153268,1.0
58476,58476,1.0
129015,129015,1.0
58078,58078,1.0
131250,131250,1.0
109515,109474,0.9996256220609049
58197,58197,1.0
54473,54473,1.0
69660,69660,1.0
58528,58528,1.0
159398,159398,1.0
40721,40721,1.0
18212,18212,1.0
19679,19679,1.0
19428,19428,1.0
145127,145127,1.0
128338,128338,1.0
70030,70030,1.0
65905,65905,1.0
66086,66086,1.0
76485,76485,1.0
242446,242446,1.0
120120,120120,1.0
60218,60218,1.0
61343,61343,1.0
74710,74710,1.0
136442,136442,1.0
140816,140816,1.0
136608,136608,1.0
159862,159862,1.0
146618,146618,1.0
145400,145400,1.0
62853,62853,1.0
68621,68621,1.0
114080,114080,1.0
54307,54307,1.0
49952,49952,1.0
52438,52438,1.0
53494,53494,1.0
144685,144685,1.0
49990,49990,1.0
49935,49935,1.0
76261,76261,1.0
122963,122963,1.0
115893,115893,1.0
138690,138690,1.0
124279,124279,1.0
102915,102915,1.0
101390,101390,1.0
97408,97408,1.0
97988,97988,1.0
53932,53932,1.0
54396,54396,1.0
238099,238099,1.0
45751,45751,1.0
112513,112513,1.0
43943,43943,1.0
77394,77394,1.0
49660,49660,1.0
114855,114855,1.0
107763,107763,1.0
44381,44381,1.0
56714,56714,1.0
42846,42846,1.0
45644,45644,1.0
44104,44104,1.0
273933,273933,1.0
60899,60899,1.0
109654,109654,1.0
110466,110466,1.0
73168,73168,1.0
161583,161583,1.0
168532,168532,1.0
52329,52329,1.0
68745,68745,1.0
53981,53981,1.0
159365,159365,1.0
53392,53392,1.0
159961,159961,1.0
57805,57805,1.0
65690,65690,1.0
147321,147321,1.0
111039,111039,1.0
114986,114986,1.0
61544,61544,1.0
111636,111636,1.0
67785,67785,1.0
66892,66892,1.0
67813,67813,1.0
67485,67485,1.0
60978,60978,1.0
59727,59727,1.0
108640,108640,1.0
110775,110775,1.0
77514,77514,1.0
237509,237509,1.0
60278,60278,1.0
61623,61623,1.0
71538,71538,1.0
60531,60531,1.0
68155,68155,1.0
148180,148180,1.0
148842,148842,1.0
34751,34751,1.0
34711,34711,1.0
38028,38028,1.0
39262,39262,1.0
39039,39039,1.0
43236,43236,1.0
38268,38268,1.0
38385,38385,1.0
38527,38527,1.0
38501,38501,1.0
38134,38134,1.0
38214,38214,1.0
39365,39365,1.0
38502,38502,1.0
40542,40542,1.0
36912,36912,1.0
52092,52092,1.0
92760,92760,1.0
31118,31118,1.0
174924,174924,1.0
56391,56391,1.0
77221,77221,1.0
118452,118452,1.0
116606,116606,1.0
45385,45385,1.0
118118,118118,1.0
119416,119416,1.0
121040,121040,1.0
18635,18635,1.0
18899,18899,1.0
53692,53692,1.0
90710,90710,1.0
11569,11569,1.0
52464,52464,1.0
52767,52767,1.0
109372,109372,1.0
109539,109539,1.0
110183,110183,1.0
112006,112006,1.0
112117,112117,1.0
112477,112477,1.0
113503,113503,1.0
114059,114059,1.0
143800,143800,1.0
4526,4526,1.0
54982,54982,1.0
57731,57731,1.0
54442,54442,1.0
56163,56163,1.0
73623,73623,1.0
224680,224680,1.0
31194,31194,1.0
39179,39179,1.0
33041,33041,1.0
37583,37583,1.0
74704,74704,1.0
27302,27302,1.0
30674,30674,1.0
30778,30778,1.0
30961,30961,1.0
68964,68964,1.0
30692,30692,1.0
31945,31945,1.0
30862,30862,1.0
28349,28349,1.0
28785,28785,1.0
28811,28811,1.0
29026,29026,1.0
30811,30811,1.0
30882,30882,1.0
31033,31033,1.0
31181,31181,1.0
31375,31375,1.0
31379,31379,1.0
31495,31495,1.0
31901,31901,1.0
32150,32150,1.0
32270,32270,1.0
32682,32682,1.0
28983,28983,1.0
30116,30116,1.0
76466,76466,1.0
72674,72674,1.0
32477,32477,1.0
32393,32393,1.0
29513,29513,1.0
30446,30446,1.0
29952,29952,1.0
157458,157458,1.0
78145,78145,1.0
69396,69396,1.0
27203,27203,1.0
157665,157665,1.0
234670,234670,1.0
160766,160766,1.0
31342,31342,1.0
32662,32662,1.0
32118,32118,1.0
32150,32150,1.0
31128,31128,1.0
32848,32848,1.0
37100,37100,1.0
29203,29203,1.0
30597,30597,1.0
30927,30927,1.0
30584,30584,1.0
156585,156585,1.0
32895,32895,1.0
28721,28721,1.0
30401,30401,1.0
30989,30989,1.0
27948,27948,1.0
32458,32458,1.0
32529,32529,1.0
30926,30926,1.0
32555,32555,1.0
31819,31819,1.0
30852,30852,1.0
31014,31014,1.0
31883,31883,1.0
28917,28917,1.0
31123,31123,1.0
31508,31508,1.0
29306,29306,1.0
26874,26874,1.0
30690,30690,1.0
29953,29953,1.0
29203,29203,1.0
30072,30072,1.0
30945,30945,1.0
29557,29557,1.0
29668,29668,1.0
30339,30339,1.0
31049,31049,1.0
30247,30247,1.0
30132,30132,1.0
29454,29454,1.0
158639,158639,1.0
161502,161502,1.0
31978,31978,1.0
75880,75880,1.0
76918,76918,1.0
39309,39309,1.0
158143,158143,1.0
32575,32575,1.0
74675,74675,1.0
74830,74830,1.0
157013,157013,1.0
165975,165975,1.0
157630,157630,1.0
154811,154811,1.0
166560,166560,1.0
71020,71020,1.0
155297,155297,1.0
70408,70408,1.0
168223,168223,1.0
32312,32312,1.0
31374,31374,1.0
39642,39642,1.0
38322,38322,1.0
34141,34141,1.0
32302,32302,1.0
39086,39086,1.0
33839,33839,1.0
158755,158755,1.0
75873,75873,1.0
33807,33807,1.0
156329,156329,1.0
31123,31123,1.0
30164,30164,1.0
31834,31834,1.0
157741,157741,1.0
76239,76239,1.0
167547,167547,1.0
48201,48201,1.0
52401,52401,1.0
70678,70678,1.0
50782,50782,1.0
75239,75239,1.0
45507,45507,1.0
68762,68762,1.0
160795,160795,1.0
38850,38850,1.0
29075,29075,1.0
28396,28396,1.0
32697,32697,1.0
33851,33851,1.0
60205,60205,1.0
166210,166210,1.0
30832,30832,1.0
30162,30162,1.0
27642,27642,1.0
29652,29652,1.0
29218,29218,1.0
32653,32653,1.0
29340,29340,1.0
29925,29925,1.0
25327,25327,1.0
69061,69061,1.0
165927,165927,1.0
164746,164746,1.0
167922,167922,1.0
165151,165151,1.0
166330,166330,1.0
158087,158087,1.0
158892,158892,1.0
160400,160400,1.0
46623,46623,1.0
143249,143249,1.0
144232,144232,1.0
151015,151015,1.0
156130,156130,1.0
156801,156801,1.0
157254,157254,1.0
157920,157920,1.0
158230,158230,1.0
158905,158905,1.0
159128,159128,1.0
158706,158706,1.0
75929,75929,1.0
166487,166487,1.0
152926,152926,1.0
59833,59833,1.0
60551,60551,1.0
62054,62054,1.0
57909,57909,1.0
31106,31106,1.0
30745,30745,1.0
30556,30556,1.0
31050,31050,1.0
44219,44219,1.0
51854,51854,1.0
51012,51012,1.0
51111,51111,1.0
51277,51277,1.0
51627,51627,1.0
50732,50732,1.0
53145,53145,1.0
51048,51048,1.0
51739,51739,1.0
50971,50971,1.0
50709,50709,1.0
49530,49530,1.0
51662,51662,1.0
51154,51154,1.0
48613,48613,1.0
46660,46660,1.0
49043,49043,1.0
50309,50309,1.0
50168,50168,1.0
50713,50713,1.0
52866,52866,1.0
54438,54438,1.0
51487,51487,1.0
51780,51780,1.0
47844,47844,1.0
50241,50241,1.0
50381,50381,1.0
49935,49935,1.0
49316,49316,1.0
37655,37655,1.0
43094,43094,1.0
49477,49477,1.0
49045,49045,1.0
49916,49916,1.0
49835,49835,1.0
221431,221431,1.0
263735,263735,1.0
262653,262653,1.0
51643,51643,1.0
49890,49890,1.0
125658,125658,1.0
128179,128179,1.0
132949,132949,1.0
123023,123023,1.0
40298,40298,1.0
62668,62668,1.0
62020,62020,1.0
61564,61564,1.0
58371,58371,1.0
57123,57123,1.0
62822,62822,1.0
56224,56224,1.0
64900,64900,1.0
61580,61580,1.0
40469,40469,1.0
42562,42562,1.0
41670,41670,1.0
41793,41793,1.0
18742,18742,1.0
18838,18838,1.0
17966,17966,1.0
18136,18136,1.0
18737,18737,1.0
18186,18186,1.0
18286,18286,1.0
18168,18168,1.0
17927,17927,1.0
18818,18818,1.0
18415,18415,1.0
58326,58326,1.0
57198,57198,1.0
57248,57248,1.0
55023,55023,1.0
57849,57849,1.0
49168,49168,1.0
46703,46703,1.0
50126,50126,1.0
46685,46685,1.0
46288,46288,1.0
41969,41969,1.0
48763,48763,1.0
47224,47224,1.0
47142,47142,1.0
45560,45560,1.0
26054,26054,1.0
21684,21684,1.0
21054,21054,1.0
27206,27206,1.0
25032,25032,1.0
26061,26061,1.0
19105,19105,1.0
25722,25722,1.0
27180,27180,1.0
26357,26357,1.0
26865,26865,1.0
20083,20083,1.0
18466,18466,1.0
18932,18932,1.0
20784,20784,1.0
21781,21781,1.0
18379,18379,1.0
18753,18753,1.0
102679,102679,1.0
99915,99825,0.9990992343491968
60746,60746,1.0
65797,65797,1.0
65554,65554,1.0
65629,65629,1.0
65680,65680,1.0
66657,66657,1.0
65918,65918,1.0
65852,65852,1.0
66295,66295,1.0
101660,101660,1.0
91159,91159,1.0
5084,2658,0.522816679779701
69471,69471,1.0
70668,70668,1.0
71552,71552,1.0
69448,69448,1.0
70992,70992,1.0
72217,72217,1.0
69897,69897,1.0
69867,69867,1.0
60430,60430,1.0
58899,58899,1.0
58678,58678,1.0
58390,58390,1.0
54611,54611,1.0
61395,61395,1.0
61808,61808,1.0
61535,61535,1.0
59925,59925,1.0
63874,63874,1.0
58150,58150,1.0
61208,61208,1.0
57666,57666,1.0
60321,60321,1.0
60618,60618,1.0
61027,61027,1.0
61318,61318,1.0
62236,62236,1.0
61761,61761,1.0
61594,61594,1.0
61772,61772,1.0
61945,61945,1.0
59646,59646,1.0
60031,60031,1.0
57034,57034,1.0
56439,56439,1.0
59947,59947,1.0
60494,60494,1.0
60746,60746,1.0
62067,62067,1.0
61222,61222,1.0
62558,62558,1.0
60934,60934,1.0
60143,60143,1.0
62153,62153,1.0
61464,61464,1.0
62293,62293,1.0
60989,60989,1.0
60311,60311,1.0
61882,61882,1.0
60526,60526,1.0
62192,62192,1.0
60757,60757,1.0
59969,59969,1.0
58569,58569,1.0
57737,57737,1.0
58824,58824,1.0
59815,59815,1.0
60222,60222,1.0
57647,57647,1.0
58098,58098,1.0
54685,54685,1.0
55189,55189,1.0
57797,57797,1.0
59478,59478,1.0
58397,58397,1.0
58368,58368,1.0
58150,58150,1.0
59482,59482,1.0
56418,56418,1.0
57155,57155,1.0
60228,60228,1.0
59306,59306,1.0
58166,58166,1.0
57861,57861,1.0
54974,54974,1.0
57754,57754,1.0
57955,57955,1.0
58731,58731,1.0
55471,55471,1.0
58962,58962,1.0
60190,60190,1.0
53058,53058,1.0
58701,58701,1.0
58423,58423,1.0
55945,55945,1.0
57001,57001,1.0
58074,58074,1.0
54356,54356,1.0
58106,58106,1.0
58027,58027,1.0
59268,59268,1.0
57984,57984,1.0
54857,54857,1.0
58009,58009,1.0
57159,57159,1.0
58297,58297,1.0
56515,56515,1.0
56125,56125,1.0
58666,58666,1.0
58758,58758,1.0
58230,58230,1.0
57526,57526,1.0
57789,57789,1.0
57356,57356,1.0
59540,59540,1.0
58604,58604,1.0
55735,55735,1.0
59346,59346,1.0
58930,58930,1.0
56147,56147,1.0
54513,54513,1.0
59093,59093,1.0
58608,58608,1.0
58079,58079,1.0
55178,55178,1.0
57437,57437,1.0
54814,54814,1.0
55307,55307,1.0
50832,50832,1.0
43511,43511,1.0
48399,48399,1.0
48783,48783,1.0
49075,49075,1.0
46561,46561,1.0
48424,48424,1.0
48699,48699,1.0
47229,47229,1.0
46484,46484,1.0
45680,45680,1.0
46732,46732,1.0
47612,47612,1.0
50415,50415,1.0
50513,50513,1.0
49808,49808,1.0
58072,58072,1.0
147659,147659,1.0
149506,149506,1.0
151671,151671,1.0
147009,147009,1.0
149335,149335,1.0
146307,146307,1.0
151514,151514,1.0
144998,144998,1.0
150473,150473,1.0
150947,150947,1.0
151202,151202,1.0
147702,147702,1.0
17362,17362,1.0
17385,17385,1.0
17442,17442,1.0
17426,17426,1.0
17049,17049,1.0
17349,17349,1.0
17510,17510,1.0
17450,17450,1.0
17451,17451,1.0
17491,17491,1.0
64096,64096,1.0
57061,57061,1.0
60497,60497,1.0
63828,63828,1.0
60362,60362,1.0
61382,61382,1.0
59111,59111,1.0
59549,59549,1.0
59573,59573,1.0
56232,56232,1.0
59489,59489,1.0
58387,58387,1.0
58279,58279,1.0
56734,56734,1.0
60056,60056,1.0
59837,59837,1.0
59078,59078,1.0
59128,59128,1.0
58536,58536,1.0
60975,60975,1.0
61426,61426,1.0
61382,61382,1.0
59214,59214,1.0
59087,59087,1.0
61736,61736,1.0
54417,54417,1.0
60438,60438,1.0
59878,59878,1.0
59618,59618,1.0
60727,60727,1.0
60924,60924,1.0
62716,62716,1.0
63971,63971,1.0
57567,57567,1.0
55830,55830,1.0
58573,58573,1.0
52018,52018,1.0
49604,49604,1.0
50678,50678,1.0
48916,48916,1.0
55006,55006,1.0
55829,55829,1.0
57973,57973,1.0
58176,58176,1.0
57430,57430,1.0
57555,57555,1.0
57472,57472,1.0
57312,57312,1.0
57306,57306,1.0
57448,57448,1.0
59268,59268,1.0
58844,58844,1.0
59761,59761,1.0
58301,58301,1.0
59210,59210,1.0
58928,58928,1.0
61219,61219,1.0
61248,61248,1.0
66507,66507,1.0
75586,75586,1.0
76075,76075,1.0
77086,77086,1.0
77031,77031,1.0
76315,76315,1.0
77876,77876,1.0
70183,70183,1.0
77566,77566,1.0
70373,70373,1.0
83412,83412,1.0
83601,83601,1.0
84303,84303,1.0
82356,82356,1.0
28169,28169,1.0
27636,27636,1.0
44526,44526,1.0
42452,42452,1.0
43707,43707,1.0
44033,44033,1.0
44938,44938,1.0
75687,75687,1.0
43357,43357,1.0
43089,43089,1.0
44251,44251,1.0
43977,43977,1.0
43891,43891,1.0
43603,43603,1.0
43496,43496,1.0
43746,43746,1.0
44045,44045,1.0
44163,44163,1.0
43950,43950,1.0
43940,43940,1.0
43850,43850,1.0
17452,17452,1.0
52849,52849,1.0
52581,52581,1.0
46888,46888,1.0
43143,43143,1.0
43099,43099,1.0
43366,43366,1.0
44904,44904,1.0
42311,42311,1.0
41077,41077,1.0
42430,42430,1.0
41752,41752,1.0
45389,45389,1.0
44739,44739,1.0
44877,44877,1.0
44998,44998,1.0
44842,44842,1.0
42382,42382,1.0
43886,43886,1.0
44333,44333,1.0
41988,41988,1.0
43779,43779,1.0
42396,42396,1.0
40580,40580,1.0
44205,44205,1.0
41278,41278,1.0
46195,46195,1.0
46503,46503,1.0
46077,46077,1.0
47407,47407,1.0
44732,44732,1.0
44222,44222,1.0
40844,40844,1.0
43233,43233,1.0
42249,42249,1.0
46454,46454,1.0
46833,46833,1.0
45126,45126,1.0
47393,47393,1.0
48285,48285,1.0
48608,48608,1.0
45881,45881,1.0
45049,45049,1.0
46905,46905,1.0
47657,47657,1.0
47604,47604,1.0
45367,45367,1.0
47483,47483,1.0
47611,47611,1.0
44605,44605,1.0
46667,46667,1.0
46907,46907,1.0
46391,46391,1.0
45424,45424,1.0
50493,50493,1.0
50129,50129,1.0
51956,51956,1.0
50272,50272,1.0
50834,50834,1.0
50632,50632,1.0
50547,50547,1.0
49299,49299,1.0
50483,50483,1.0
49372,49372,1.0
50574,50574,1.0
50374,50374,1.0
50643,50643,1.0
50602,50602,1.0
53011,53011,1.0
52628,52628,1.0
52743,52743,1.0
49395,49395,1.0
48829,48829,1.0
48941,48941,1.0
48883,48883,1.0
48481,48481,1.0
48803,48803,1.0
51631,51631,1.0
51566,51566,1.0
51393,51393,1.0
50558,50558,1.0
164254,164254,1.0
156514,156514,1.0
160330,160330,1.0
155886,155886,1.0
156170,156170,1.0
151100,151100,1.0
153772,153772,1.0
156354,156354,1.0
156554,156554,1.0
150830,150830,1.0
138896,138896,1.0
152435,152435,1.0
136319,136319,1.0
136361,136361,1.0
48596,48596,1.0
50293,50293,1.0
48229,48229,1.0
45614,45614,1.0
50062,50062,1.0
47895,47895,1.0
50657,50657,1.0
50006,50006,1.0
51594,51594,1.0
50693,50693,1.0
51182,51182,1.0
51052,51052,1.0
47409,47409,1.0
51800,51800,1.0
50341,50341,1.0
51633,51633,1.0
52879,52879,1.0
53277,53277,1.0
50346,50346,1.0
53432,53432,1.0
53594,53594,1.0
53420,53420,1.0
50013,50013,1.0
53254,53254,1.0
52202,52202,1.0
50514,50514,1.0
51509,51509,1.0
50283,50283,1.0
51591,51591,1.0
51809,51809,1.0
47079,47079,1.0
51679,51679,1.0
51029,51029,1.0
51131,51131,1.0
51440,51440,1.0
51483,51483,1.0
51300,51300,1.0
51257,51257,1.0
51575,51575,1.0
53545,53545,1.0
53136,53136,1.0
49937,49937,1.0
53001,53001,1.0
52618,52618,1.0
53399,53399,1.0
53085,53085,1.0
53366,53366,1.0
53377,53377,1.0
53467,53467,1.0
53598,53598,1.0
41608,41608,1.0
43597,43597,1.0
48939,48939,1.0
49847,49847,1.0
49526,49526,1.0
48466,48466,1.0
51014,51014,1.0
45806,45806,1.0
168403,168403,1.0
165795,165795,1.0
167516,167516,1.0
168496,168496,1.0
166514,166514,1.0
165549,165549,1.0
167318,167318,1.0
166677,166677,1.0
168697,168697,1.0
166040,166040,1.0
168805,168805,1.0
166176,166176,1.0
168638,168638,1.0
168410,168410,1.0
168241,168241,1.0
167076,167076,1.0
169650,169650,1.0
170121,170121,1.0
167728,167728,1.0
167826,167826,1.0
168828,168828,1.0
168670,168670,1.0
168642,168642,1.0
164987,164987,1.0
166848,166848,1.0
170054,170054,1.0
166083,166083,1.0
168756,168756,1.0
167600,167600,1.0
168084,168084,1.0
166423,166423,1.0
167812,167812,1.0
163825,163825,1.0
166833,166833,1.0
167892,167892,1.0
165017,165017,1.0
168266,168266,1.0
169805,169805,1.0
172360,172360,1.0
167484,167484,1.0
167247,167247,1.0
170740,170740,1.0
167678,167678,1.0
164870,164870,1.0
169060,169060,1.0
169604,169604,1.0
167948,167948,1.0
44834,44834,1.0
159514,159514,1.0
55145,55145,1.0
46321,46321,1.0
55171,55171,1.0
57352,57352,1.0
58603,58603,1.0
60898,60898,1.0
58352,58352,1.0
39744,39744,1.0
57085,57085,1.0
61164,61164,1.0
61129,61129,1.0
62420,62420,1.0
61644,61644,1.0
73834,73834,1.0
74096,74096,1.0
74744,74744,1.0
70211,70211,1.0
73898,73898,1.0
73413,73413,1.0
44384,44384,1.0
42650,42650,1.0
43134,43134,1.0
42414,42414,1.0
43305,43305,1.0
41882,41882,1.0
43108,43108,1.0
43513,43513,1.0
43444,43444,1.0
43878,43878,1.0
40955,40955,1.0
41131,41131,1.0
40448,40448,1.0
26559,26559,1.0
26526,26526,1.0
28093,28093,1.0
36032,36032,1.0
22434,22434,1.0
21750,21750,1.0
22029,22029,1.0
22242,22242,1.0
21562,21562,1.0
21078,21072,0.999715343011671
21980,21980,1.0
21704,21704,1.0
22185,22185,1.0
21710,21710,1.0
21906,21906,1.0
22703,22703,1.0
21749,21749,1.0
21458,21458,1.0
22220,22220,1.0
21834,21834,1.0
21869,21869,1.0
22109,22109,1.0
21749,21707,0.9980688767299646
22405,22405,1.0
23281,23281,1.0
22410,22410,1.0
21746,21746,1.0
20751,20751,1.0
20030,20030,1.0
21144,21108,0.9982973893303064
21006,21006,1.0
22099,22099,1.0
21629,21629,1.0
42565,42565,1.0
39803,39803,1.0
40530,40530,1.0
41149,41149,1.0
40147,40147,1.0
41087,41087,1.0
40093,40093,1.0
39161,39161,1.0
54381,54381,1.0
55774,55774,1.0
55560,55560,1.0
55990,55990,1.0
50316,50316,1.0
60137,60137,1.0
59807,59807,1.0
59879,59879,1.0
130914,130914,1.0
42371,42371,1.0
38709,38709,1.0
45111,45111,1.0
45108,45108,1.0
46435,46435,1.0
46048,46048,1.0
45985,45985,1.0
45999,45971,0.9993912911150242
45346,45346,1.0
45585,45585,1.0
44823,44823,1.0
45780,45780,1.0
45878,45878,1.0
45621,45621,1.0
30189,30189,1.0
6856,6856,1.0
6945,6945,1.0
7273,7273,1.0
6386,6386,1.0
8280,8280,1.0
3669,3669,1.0
18251,18251,1.0
18266,18266,1.0
17253,17253,1.0
10611,10611,1.0
10272,10272,1.0
10579,10579,1.0
10636,10636,1.0
10046,10046,1.0
7653,7653,1.0
6275,6275,1.0
11672,11672,1.0
6367,6367,1.0
8436,8436,1.0
7043,7043,1.0
20424,20424,1.0
2112,2112,1.0
1761,1761,1.0
1812,1812,1.0
2759,2759,1.0
9417,9417,1.0
2738,2738,1.0
6028,6028,1.0
2785,2785,1.0
2754,2754,1.0
2764,2764,1.0
2772,2772,1.0
2757,2757,1.0
127320,127320,1.0
2760,2760,1.0
11681,11681,1.0
11519,11519,1.0
117276,117176,0.9991473106176881
2755,2755,1.0
129492,129492,1.0
154158,154158,1.0
3180,3180,1.0
2333,2333,1.0
2748,2748,1.0
1758,1758,1.0
2080,2080,1.0
1753,1753,1.0
2151,2151,1.0
2134,2134,1.0
1674,1674,1.0
2135,2135,1.0
2120,2120,1.0
7278,7278,1.0
7062,7062,1.0
7112,7112,1.0
8029,8029,1.0
5095,5095,1.0
5090,5090,1.0
5096,5096,1.0
165809,165809,1.0
144144,144144,1.0
16992,16992,1.0
20148,20148,1.0
8989,8989,1.0
6627,6627,1.0
6761,6761,1.0
17221,17221,1.0
14280,14280,1.0
13398,13398,1.0
170141,170141,1.0
167359,167359,1.0
221923,221923,1.0
213743,213743,1.0
120108,120108,1.0
170275,168175,0.987667009249743
7178,7178,1.0
545,545,1.0
139089,139089,1.0
12654,12654,1.0
129528,129528,1.0
11211,11211,1.0
11156,11156,1.0
4913,4913,1.0
15186,15186,1.0
11284,11284,1.0
11216,11216,1.0
15850,15850,1.0
4222,4222,1.0
13320,13320,1.0
142900,142900,1.0
12730,12730,1.0
1413,1413,1.0
9998,9998,1.0
13168,13168,1.0
11988,11988,1.0
1342,1342,1.0
2752,2752,1.0
11624,11624,1.0
1361,1361,1.0
12949,12949,1.0
1005,1005,1.0
7145,7145,1.0
17357,17357,1.0
9974,9974,1.0
14486,14486,1.0
4339,4339,1.0
4449,4449,1.0
5069,5069,1.0
5091,5091,1.0
8261,8261,1.0
2749,2749,1.0
8213,8213,1.0
2774,2774,1.0
5631,5631,1.0
9769,9769,1.0
9952,9952,1.0
2790,2790,1.0
2738,2738,1.0
115728,115728,1.0
9434,9434,1.0
9556,9556,1.0
13469,13469,1.0
12595,12595,1.0
9550,9550,1.0
11519,11519,1.0
15270,15270,1.0
11705,11705,1.0
18300,18300,1.0
2734,2734,1.0
12185,12185,1.0
5810,5810,1.0
6296,6296,1.0
2842,2842,1.0
10041,10041,1.0
3056,3056,1.0
2597,2597,1.0
2736,2736,1.0
36206,36206,1.0
4001,4001,1.0
14512,14512,1.0
10821,10821,1.0
12639,12639,1.0
12580,12580,1.0
25068,25068,1.0
1353,1353,1.0
7408,7408,1.0
3867,3867,1.0
5964,5964,1.0
1355,1355,1.0
1369,1369,1.0
666,666,1.0
1277,1277,1.0
1276,1276,1.0
1295,1295,1.0
109717,109717,1.0
116729,116729,1.0
5327,5327,1.0
4700,4700,1.0
5322,5322,1.0
5215,5215,1.0
1333,1333,1.0
136380,133985,0.982438774013785
7592,7592,1.0
1336,1336,1.0
4214,4214,1.0
986,986,1.0
990,990,1.0
14028,14028,1.0
9446,9446,1.0
12096,12096,1.0
107063,107063,1.0
2713,2713,1.0
2881,2881,1.0
6784,6784,1.0
5112,5112,1.0
5236,5236,1.0
4175,4175,1.0
5464,5464,1.0
2588,2588,1.0
1770,1770,1.0
5215,2635,0.5052732502396932
4835,4835,1.0
2945,2945,1.0
9645,9645,1.0
5230,2768,0.5292543021032505
7296,7296,1.0
1988,1988,1.0
5338,5338,1.0
5265,2786,0.5291547958214625
1350,1350,1.0
8203,8203,1.0
17003,17003,1.0
10066,10066,1.0
9540,9540,1.0
5190,2768,0.5333333333333333
211086,211086,1.0
8885,8885,1.0
99517,99517,1.0
46305,46305,1.0
170020,170020,1.0
121442,121394,0.999604749592398
43490,43490,1.0
171598,170698,0.9947551836268488
193624,165249,0.8534530843283891
70679,70679,1.0
167034,167034,1.0
167773,167773,1.0
74325,74325,1.0
186570,186570,1.0
174231,174231,1.0
166442,166442,1.0
175437,175437,1.0
32090,32090,1.0
167132,167132,1.0
167058,167058,1.0
36306,36306,1.0
171975,171975,1.0
163469,163469,1.0
172450,172450,1.0
32618,32618,1.0
55765,55765,1.0
65869,65869,1.0
66251,66251,1.0
221116,221116,1.0
167544,167544,1.0
70494,70494,1.0
71702,71702,1.0
167849,167849,1.0
67527,67527,1.0
172614,172614,1.0
170531,170531,1.0
164366,164366,1.0
172379,172379,1.0
175774,175774,1.0
151867,151867,1.0
52304,52304,1.0
164983,164983,1.0
165795,165795,1.0
166130,166130,1.0
168695,168695,1.0
64827,64827,1.0
58695,58695,1.0
58755,58755,1.0
58767,58767,1.0
52531,52531,1.0
67081,67081,1.0
90023,90023,1.0
164715,164715,1.0
64105,64105,1.0
72658,72658,1.0
94878,94878,1.0
144311,144311,1.0
59215,59215,1.0
64370,64370,1.0
67359,67359,1.0
58677,58677,1.0
67773,67773,1.0
67802,67802,1.0
162630,162630,1.0
66808,66808,1.0
68626,68626,1.0
68190,68190,1.0
66915,66915,1.0
58474,58474,1.0
57880,57880,1.0
59136,59136,1.0
59495,59495,1.0
57572,57572,1.0
57916,57916,1.0
58281,58281,1.0
167379,167379,1.0
167803,167803,1.0
169215,169215,1.0
155101,155101,1.0
78071,78071,1.0
59655,59655,1.0
71059,71059,1.0
58069,58069,1.0
67662,67662,1.0
65218,65218,1.0
73210,73210,1.0
135653,135653,1.0
52024,52024,1.0
35343,35343,1.0
121089,121089,1.0
59454,59454,1.0
58972,58972,1.0
59514,59514,1.0
58650,58650,1.0
59448,59448,1.0
120106,120106,1.0
128289,128289,1.0
17508,17508,1.0
59400,59400,1.0
60468,60468,1.0
59122,59122,1.0
67311,67311,1.0
67086,67086,1.0
59022,59022,1.0
132977,132977,1.0
58718,58718,1.0
54000,54000,1.0
69021,69021,1.0
131234,131234,1.0
17711,17711,1.0
48540,48540,1.0
58924,58924,1.0
52466,52466,1.0
59449,59449,1.0
59759,59759,1.0
66184,66184,1.0
64714,64714,1.0
133090,133090,1.0
79328,79328,1.0
68059,68059,1.0
58136,58136,1.0
75087,75087,1.0
68021,68021,1.0
93030,93030,1.0
126552,126552,1.0
126550,126550,1.0
166579,166579,1.0
99494,99494,1.0
85669,85669,1.0
85371,85371,1.0
44763,44763,1.0
44086,44086,1.0
44153,44153,1.0
43872,43872,1.0
60418,60418,1.0
75576,75576,1.0
151073,151073,1.0
132885,132885,1.0
58460,58460,1.0
31809,31809,1.0
32336,32336,1.0
31096,31096,1.0
128425,128425,1.0
126504,126504,1.0
126683,126683,1.0
127684,127684,1.0
127019,127019,1.0
61691,61691,1.0
59846,59846,1.0
59979,59979,1.0
60393,60393,1.0
59501,59501,1.0
57764,57764,1.0
53702,53702,1.0
60127,60127,1.0
69258,69258,1.0
58364,58364,1.0
36616,36616,1.0
38038,38038,1.0
60042,60042,1.0
53622,53622,1.0
18477,18477,1.0
58203,58203,1.0
98826,98826,1.0
98340,98340,1.0
93787,93787,1.0
101662,101662,1.0
92600,92600,1.0
99882,99882,1.0
91101,91101,1.0
99985,99985,1.0
93559,93559,1.0
92668,92668,1.0
101437,101437,1.0
89781,89781,1.0
102434,102434,1.0
102301,102301,1.0
101082,101082,1.0
98164,98164,1.0
99212,99212,1.0
95150,95150,1.0
83412,83412,1.0
92815,92815,1.0
103665,103665,1.0
101153,101153,1.0
97290,97290,1.0
100198,100198,1.0
99168,99168,1.0
96055,96055,1.0
97422,97422,1.0
103832,103832,1.0
98557,98557,1.0
98308,98308,1.0
99848,99848,1.0
101532,101532,1.0
98095,98095,1.0
94826,94826,1.0
96717,96717,1.0
98667,98667,1.0
97886,97886,1.0
26863,26863,1.0
17471,17471,1.0
86301,86301,1.0
28950,28950,1.0
54468,54468,1.0
109434,109434,1.0
37727,37727,1.0
54168,54168,1.0
128602,128602,1.0
26319,26319,1.0
160410,160410,1.0
17056,17056,1.0
18642,18642,1.0
72623,72623,1.0
76617,76617,1.0
58358,58358,1.0
70823,70823,1.0
14130,14130,1.0
5860,5860,1.0
49276,49276,1.0
1676,1676,1.0
1684,1684,1.0
5230,2790,0.5334608030592735
5265,2746,0.5215574548907882
75813,75813,1.0
75943,75943,1.0
76821,76821,1.0
76358,76358,1.0
76058,76058,1.0
76731,76731,1.0
75606,75606,1.0
296707,296707,1.0
307210,307210,1.0
46148,46148,1.0
37729,37729,1.0
37011,37011,1.0
37840,37840,1.0
37578,37578,1.0
37496,37496,1.0
37414,37414,1.0
37033,37033,1.0
265146,265146,1.0
266838,266838,1.0
261719,261719,1.0
265442,265442,1.0
265891,265891,1.0
266175,266175,1.0
259771,259771,1.0
263237,263237,1.0
266939,266939,1.0
263916,263916,1.0
267169,267169,1.0
265635,265635,1.0
305260,305260,1.0
309157,309157,1.0
7045,7045,1.0
37129,37129,1.0
38059,38059,1.0
74196,74196,1.0
60925,60925,1.0
150892,150892,1.0
61048,61048,1.0
72979,72979,1.0
47186,47186,1.0
43978,43978,1.0
78833,78833,1.0
43175,43175,1.0
42624,42624,1.0
37547,37547,1.0
124695,124695,1.0
124169,124169,1.0
53385,53385,1.0
39649,39649,1.0
76821,76821,1.0
63301,63301,1.0
42293,42293,1.0
76759,76759,1.0
61934,61934,1.0
56593,56593,1.0
35270,35270,1.0
36603,36603,1.0
75181,75181,1.0
92367,92367,1.0
99984,99984,1.0
92241,92241,1.0
100971,100971,1.0
100314,100314,1.0
96466,96466,1.0
93391,93391,1.0
98001,98001,1.0
99704,99704,1.0
93564,93564,1.0
97536,97536,1.0
104564,104564,1.0
92361,92361,1.0
94533,94533,1.0
91714,91714,1.0
95815,95815,1.0
92132,92132,1.0
134896,134896,1.0
212633,212633,1.0
97065,97065,1.0
98573,98573,1.0
96892,96892,1.0
100650,100650,1.0
100255,100255,1.0
101130,101130,1.0
102100,102100,1.0
104085,104085,1.0
104752,104752,1.0
97706,97706,1.0
98182,98182,1.0
156127,156127,1.0
76339,76339,1.0
42701,42701,1.0
41187,41187,1.0
41515,41515,1.0
41658,41658,1.0
40542,40542,1.0
40987,40987,1.0
44342,44342,1.0
43110,43110,1.0
39791,39791,1.0
39799,39799,1.0
39857,39857,1.0
43470,43470,1.0
43067,43067,1.0
42439,42439,1.0
43141,43141,1.0
43314,43314,1.0
43553,43553,1.0
42820,42820,1.0
42788,42788,1.0
43015,43015,1.0
43133,43133,1.0
42828,42828,1.0
42887,42887,1.0
43733,43733,1.0
42859,42859,1.0
46276,46276,1.0
45238,45238,1.0
265389,265389,1.0
34593,34593,1.0
34239,34239,1.0
36733,36733,1.0
35936,35936,1.0
36773,36773,1.0
37598,37598,1.0
35928,35928,1.0
35920,35920,1.0
36827,36827,1.0
36333,36333,1.0
38840,38840,1.0
34096,34096,1.0
34790,34790,1.0
40037,40037,1.0
34355,34355,1.0
37028,37028,1.0
39069,39069,1.0
34912,34912,1.0
37005,37005,1.0
35697,35697,1.0
35715,35715,1.0
38531,38531,1.0
38258,38258,1.0
36576,36576,1.0
39965,39965,1.0
36011,36011,1.0
37281,37281,1.0
34759,34759,1.0
37303,37303,1.0
34022,34022,1.0
36350,36350,1.0
35299,35299,1.0
34277,34277,1.0
37757,37757,1.0
34083,34083,1.0
39707,39707,1.0
36884,36884,1.0
34328,34328,1.0
34059,34059,1.0
35653,35653,1.0
36168,36168,1.0
35444,35444,1.0
37235,37235,1.0
34292,34292,1.0
35843,35843,1.0
33284,33284,1.0
34019,34019,1.0
35025,35025,1.0
35663,35663,1.0
34507,34507,1.0
37715,37715,1.0
36298,36298,1.0
35395,35395,1.0
37202,37202,1.0
36164,36164,1.0
35988,35988,1.0
35921,35921,1.0
35835,35835,1.0
36979,36979,1.0
35211,35211,1.0
35535,35535,1.0
35256,35256,1.0
35283,35283,1.0
34821,34821,1.0
36250,36250,1.0
35382,35382,1.0
37222,37222,1.0
37181,37181,1.0
36836,36836,1.0
34276,34276,1.0
35917,35917,1.0
33930,33930,1.0
35443,35443,1.0
34999,34999,1.0
38253,38253,1.0
41169,41169,1.0
42706,42706,1.0
43859,43859,1.0
40808,40808,1.0
63364,63364,1.0
103424,103424,1.0
115454,115454,1.0
114174,114174,1.0
121350,121350,1.0
71419,71419,1.0
15840,15840,1.0
14927,14927,1.0
40317,40317,1.0
39448,39448,1.0
36407,36407,1.0
37783,37783,1.0
45171,45171,1.0
44507,44507,1.0
40065,40065,1.0
42563,42563,1.0
174783,174783,1.0
172763,172763,1.0
173871,173871,1.0
170126,170126,1.0
170318,170318,1.0
134464,134464,1.0
133697,133697,1.0
130666,130666,1.0
130929,130929,1.0
126614,126614,1.0
127551,127551,1.0
51268,51268,1.0
51668,51668,1.0
53453,53453,1.0
54546,54546,1.0
53826,53826,1.0
52807,52807,1.0
49780,49780,1.0
51628,51628,1.0
52698,52698,1.0
53473,53473,1.0
46463,46463,1.0
44079,44079,1.0
45413,45413,1.0
46684,46684,1.0
44730,44730,1.0
45072,45072,1.0
46042,46042,1.0
46653,46653,1.0
47680,47680,1.0
47953,47953,1.0
47735,47735,1.0
47336,47336,1.0
46784,46784,1.0
48198,48198,1.0
47716,47716,1.0
47548,47548,1.0
48397,48397,1.0
46717,46717,1.0
47306,47306,1.0
45043,45043,1.0
53182,53182,1.0
53155,53155,1.0
51789,51789,1.0
35330,35330,1.0
45263,45263,1.0
39940,39940,1.0
45306,45306,1.0
42261,42261,1.0
37730,37730,1.0
37211,37211,1.0
62978,62978,1.0
39535,39535,1.0
82302,82302,1.0
82521,82521,1.0
53867,53867,1.0
49447,49447,1.0
51476,51476,1.0
50433,50433,1.0
53234,53234,1.0
56481,56481,1.0
52490,52490,1.0
65232,65232,1.0
177834,177834,1.0
57429,57429,1.0
82008,82008,1.0
82931,82931,1.0
80647,80647,1.0
80919,80919,1.0
81528,81528,1.0
47243,47243,1.0
74717,74717,1.0
73099,73099,1.0
70466,70466,1.0
72458,72458,1.0
78126,78126,1.0
77174,77174,1.0
77869,77869,1.0
78314,78314,1.0
77655,77655,1.0
77178,77178,1.0
76359,76359,1.0
73045,73045,1.0
75871,75871,1.0
73752,73752,1.0
76232,76232,1.0
73308,73308,1.0
73001,73001,1.0
73345,73345,1.0
72728,72728,1.0
74361,74361,1.0
74962,74962,1.0
76332,76332,1.0
72896,72896,1.0
68270,68270,1.0
74437,74437,1.0
73275,73275,1.0
72444,72444,1.0
72231,72231,1.0
42969,42969,1.0
58966,58966,1.0
113685,113685,1.0
16927,16927,1.0
18271,18271,1.0
18292,18292,1.0
42322,42322,1.0
301543,301543,1.0
152762,152762,1.0
153811,153811,1.0
154206,154206,1.0
156502,156502,1.0
156186,156186,1.0
158577,158577,1.0
156878,156878,1.0
143349,143349,1.0
47982,47982,1.0
48382,48382,1.0
48948,48948,1.0
48123,48123,1.0
47618,47618,1.0
47166,47166,1.0
48092,48092,1.0
31738,31738,1.0
32106,32106,1.0
30077,30077,1.0
35129,35129,1.0
31564,30908,0.9792168292992016
33349,33349,1.0
33007,33007,1.0
31962,31962,1.0
33368,33368,1.0
32867,32867,1.0
29512,29512,1.0
36280,36280,1.0
36481,36481,1.0
30280,30280,1.0
33247,33247,1.0
29546,29546,1.0
29180,29180,1.0
32949,32949,1.0
37312,37312,1.0
40166,40166,1.0
61401,61401,1.0
39046,39046,1.0
38900,38900,1.0
37847,37847,1.0
37252,37252,1.0
37761,37761,1.0
37631,37631,1.0
37848,37848,1.0
36805,36805,1.0
37969,37969,1.0
41655,41655,1.0
59782,59782,1.0
41227,41227,1.0
60908,60908,1.0
60973,60973,1.0
253367,253367,1.0
182723,182723,1.0
58059,58059,1.0
59084,59084,1.0
58739,58739,1.0
57401,57401,1.0
58690,58690,1.0
58208,58208,1.0
58287,58287,1.0
57866,57866,1.0
57846,57846,1.0
57847,57847,1.0
90669,90669,1.0
50485,50485,1.0
253383,253383,1.0
161350,161350,1.0
262639,262639,1.0
38080,38080,1.0
44942,44942,1.0
59762,59762,1.0
260310,260310,1.0
262372,262372,1.0
259831,259831,1.0
167069,167069,1.0
187320,187320,1.0
192454,192454,1.0
228827,228827,1.0
240842,240842,1.0
180224,180224,1.0
167040,167040,1.0
207623,207623,1.0
206821,206821,1.0
49492,49492,1.0
61818,61818,1.0
60628,60628,1.0
60626,60626,1.0
18554,18554,1.0
75106,75106,1.0
89910,89910,1.0
90187,90187,1.0
90382,90282,0.998893585005864
86289,86289,1.0
112127,112127,1.0
76622,76622,1.0
76626,76626,1.0
78078,78078,1.0
75747,75747,1.0
76631,76631,1.0
75007,75007,1.0
75646,75646,1.0
76083,76083,1.0
76899,76899,1.0
76964,76964,1.0
77359,77359,1.0
77187,77187,1.0
77307,77307,1.0
79429,79429,1.0
75809,75809,1.0
16223,16223,1.0
16604,16604,1.0
15896,15896,1.0
16658,16658,1.0
237367,237367,1.0
235066,235066,1.0
57214,57214,1.0
57986,57986,1.0
18058,18058,1.0
47816,47816,1.0
57664,57664,1.0
91072,91072,1.0
88657,88657,1.0
234546,234546,1.0
44715,44715,1.0
38505,38505,1.0
86124,86124,1.0
56858,56858,1.0
57099,57099,1.0
56744,56744,1.0
90743,90743,1.0
253740,253740,1.0
36396,36396,1.0
60789,60789,1.0
61427,61427,1.0
62354,62354,1.0
61662,61662,1.0
61860,61860,1.0
40447,40447,1.0
43055,43055,1.0
44204,44204,1.0
44284,44284,1.0
44111,44111,1.0
43792,43792,1.0
43100,43100,1.0
43471,43471,1.0
44124,44124,1.0
41850,41850,1.0
41823,41823,1.0
44354,44354,1.0
42622,42622,1.0
40873,40873,1.0
47545,47545,1.0
39433,39433,1.0
110591,110591,1.0
286783,286783,1.0
168689,168689,1.0
165667,165667,1.0
167995,167995,1.0
160627,160627,1.0
166879,166879,1.0
168638,168638,1.0
160928,160928,1.0
164998,164998,1.0
161151,161151,1.0
160590,160590,1.0
165868,165868,1.0
34556,34556,1.0
33953,33953,1.0
33245,33245,1.0
34932,34932,1.0
32092,32092,1.0
34580,34580,1.0
33507,33507,1.0
34785,34785,1.0
35966,35966,1.0
35153,35153,1.0
42019,42019,1.0
33791,33791,1.0
35353,35353,1.0
39384,39384,1.0
36876,36876,1.0
35543,35543,1.0
38383,38383,1.0
40404,40404,1.0
37080,37080,1.0
36490,36490,1.0
36471,36471,1.0
36775,36775,1.0
38139,38139,1.0
34907,34907,1.0
34123,34123,1.0
37594,37594,1.0
35786,35786,1.0
35688,35688,1.0
36931,36931,1.0
34469,34469,1.0
35056,35056,1.0
36587,36587,1.0
35913,35913,1.0
34289,34289,1.0
34825,34825,1.0
39878,39878,1.0
49169,49169,1.0
49532,49532,1.0
47333,47333,1.0
48833,48833,1.0
50707,50707,1.0
49370,49370,1.0
48129,48129,1.0
47129,47129,1.0
48837,48837,1.0
49482,49482,1.0
47797,47797,1.0
48245,48245,1.0
48021,48021,1.0
49371,49371,1.0
46281,46281,1.0
48082,48082,1.0
48050,48050,1.0
47720,47720,1.0
46218,46218,1.0
45696,45696,1.0
45716,45716,1.0
48797,48797,1.0
48490,48490,1.0
48258,48258,1.0
47956,47956,1.0
46774,46774,1.0
46100,46100,1.0
48190,48190,1.0
46373,46373,1.0
47997,47997,1.0
57839,57839,1.0
58107,58107,1.0
57919,57919,1.0
58277,58277,1.0
60958,60958,1.0
63743,63743,1.0
42318,42318,1.0
42622,42622,1.0
42567,42567,1.0
42858,42858,1.0
43329,43329,1.0
43318,43318,1.0
43408,43408,1.0
44200,44200,1.0
56408,56408,1.0
61660,61660,1.0
61862,61764,0.9984158287801882
62341,62341,1.0
59242,59242,1.0
58220,58220,1.0
64088,64088,1.0
63783,63783,1.0
63962,63962,1.0
62951,62951,1.0
64024,64024,1.0
57666,57666,1.0
57599,57599,1.0
57600,57600,1.0
39549,39549,1.0
40165,40165,1.0
38554,38554,1.0
40375,40375,1.0
39748,39748,1.0
39660,39660,1.0
40397,40397,1.0
40353,40353,1.0
39399,39399,1.0
164756,164756,1.0
37268,37268,1.0
44804,44804,1.0
41800,41800,1.0
45011,45011,1.0
44488,44488,1.0
46017,46017,1.0
43104,43104,1.0
45536,45536,1.0
45243,45243,1.0
47082,47082,1.0
45251,45251,1.0
43627,43627,1.0
43945,43945,1.0
45904,45904,1.0
45901,45901,1.0
44295,44295,1.0
44550,44550,1.0
44476,44476,1.0
44283,44283,1.0
44283,44283,1.0
44798,44798,1.0
45256,45256,1.0
44443,44443,1.0
44281,44281,1.0
44776,44776,1.0
44417,44417,1.0
42624,42624,1.0
45207,45207,1.0
44583,44583,1.0
44849,44849,1.0
44887,44887,1.0
44715,44715,1.0
44963,44963,1.0
44612,44612,1.0
45204,45204,1.0
45204,45204,1.0
44825,44825,1.0
45201,45201,1.0
44882,44882,1.0
37369,37369,1.0
52629,52629,1.0
45510,45510,1.0
44239,44239,1.0
44768,44768,1.0
43791,43791,1.0
41392,41392,1.0
42147,42147,1.0
42375,42241,0.9968377581120944
42879,42879,1.0
41993,41993,1.0
40748,40748,1.0
41581,41581,1.0
41757,41757,1.0
43221,43221,1.0
42813,42813,1.0
43018,43018,1.0
41598,41222,0.9909611038992259
43760,43760,1.0
42262,42262,1.0
43747,43747,1.0
43628,43628,1.0
41332,41332,1.0
42425,42425,1.0
42894,42894,1.0
43620,43620,1.0
44880,44880,1.0
42662,42662,1.0
43129,43129,1.0
42378,42378,1.0
43324,43324,1.0
43359,43359,1.0
42541,42541,1.0
41850,41850,1.0
43125,43125,1.0
42503,42503,1.0
42439,42439,1.0
43468,43468,1.0
43985,43985,1.0
43193,43193,1.0
43205,43205,1.0
41854,41854,1.0
42600,42600,1.0
42160,42160,1.0
40629,40629,1.0
40781,40781,1.0
42078,42078,1.0
40731,40731,1.0
41941,41941,1.0
42689,42689,1.0
41147,41147,1.0
42847,42847,1.0
42345,42345,1.0
43428,43428,1.0
43203,43203,1.0
43605,43605,1.0
42124,42124,1.0
45805,45805,1.0
43947,43947,1.0
44723,44723,1.0
44391,44391,1.0
44240,44240,1.0
43969,43969,1.0
42462,42462,1.0
43372,43372,1.0
42145,42145,1.0
45288,45288,1.0
45176,45176,1.0
45566,45566,1.0
58238,58238,1.0
58405,58405,1.0
58839,58839,1.0
57822,57822,1.0
57542,57542,1.0
58377,58377,1.0
58120,58120,1.0
58242,58242,1.0
57758,57758,1.0
58044,58044,1.0
58217,58217,1.0
53094,53094,1.0
55957,55957,1.0
55686,55686,1.0
55366,55366,1.0
56033,56033,1.0
55691,55691,1.0
55210,55210,1.0
53154,53154,1.0
52659,52659,1.0
52987,52987,1.0
53614,53614,1.0
53975,53975,1.0
54347,54347,1.0
53352,53352,1.0
53496,53496,1.0
40567,40567,1.0
41876,41876,1.0
42169,42169,1.0
41712,41712,1.0
41522,41522,1.0
42139,42139,1.0
41814,41814,1.0
41692,41692,1.0
41594,41594,1.0
42129,42129,1.0
42174,42174,1.0
42655,42655,1.0
41958,41958,1.0
40883,40883,1.0
41195,41195,1.0
41417,41417,1.0
41340,41340,1.0
41200,41200,1.0
41003,41003,1.0
41448,41448,1.0
41261,41261,1.0
41379,41379,1.0
41685,41685,1.0
41510,41510,1.0
41147,41147,1.0
41814,41814,1.0
41471,41471,1.0
41531,41531,1.0
41665,41665,1.0
69165,69165,1.0
34742,34742,1.0
37429,37429,1.0
47895,47895,1.0
39738,39738,1.0
129136,129136,1.0
56362,56362,1.0
38341,38341,1.0
49798,49798,1.0
54301,54301,1.0
33432,33432,1.0
16662,16662,1.0
186095,186095,1.0
42211,42211,1.0
45431,45431,1.0
35189,35189,1.0
57163,57163,1.0
93606,93606,1.0
84560,84560,1.0
46226,46226,1.0
18290,18290,1.0
17554,17554,1.0
17827,17827,1.0
18418,18418,1.0
18277,18277,1.0
14601,14601,1.0
14205,14205,1.0
38137,38137,1.0
37409,37409,1.0
37765,37765,1.0
37129,37129,1.0
38234,38234,1.0
37566,37566,1.0
37544,37544,1.0
37536,37536,1.0
42378,42378,1.0
43182,43182,1.0
41834,41834,1.0
42874,42874,1.0
41822,41822,1.0
42954,42954,1.0
50446,50446,1.0
15013,15013,1.0
15771,15771,1.0
15675,15675,1.0
16302,16302,1.0
15369,15369,1.0
15193,15193,1.0
94775,94775,1.0
93536,93536,1.0
93975,93975,1.0
93656,93656,1.0
92730,92730,1.0
93031,93031,1.0
94315,94315,1.0
92558,92558,1.0
91394,91394,1.0
92408,92408,1.0
91700,91700,1.0
91543,91543,1.0
92319,92319,1.0
92420,92420,1.0
92114,92114,1.0
92835,92835,1.0
93296,93296,1.0
91901,91901,1.0
92467,92467,1.0
92393,92393,1.0
88705,88705,1.0
92515,92515,1.0
92710,92710,1.0
63654,63654,1.0
62874,62874,1.0
64149,64149,1.0
64746,64746,1.0
64021,64021,1.0
94844,94844,1.0
97330,97330,1.0
97636,97636,1.0
98536,98536,1.0
98440,98440,1.0
94020,94020,1.0
98951,98951,1.0
98800,98800,1.0
99689,99689,1.0
100180,100180,1.0
99272,99272,1.0
98739,98739,1.0
99455,99455,1.0
99229,99229,1.0
28946,28946,1.0
7180,7180,1.0
6608,6608,1.0
6454,6454,1.0
6372,6372,1.0
6062,6062,1.0
6564,6564,1.0
10061,10061,1.0
7540,7540,1.0
6117,6117,1.0
8529,8529,1.0
7311,7311,1.0
7878,7878,1.0
3878,3878,1.0
3999,3999,1.0
4073,4073,1.0
3670,3670,1.0
4169,4169,1.0
3976,3976,1.0
3727,3727,1.0
3862,3862,1.0
3818,3818,1.0
3867,3867,1.0
3420,3420,1.0
4294,4294,1.0
3615,3615,1.0
4222,4222,1.0
3944,3944,1.0
4096,4096,1.0
4058,4058,1.0
3980,3980,1.0
3791,3791,1.0
4212,4212,1.0
3545,3545,1.0
4535,4535,1.0
3634,3634,1.0
4072,4072,1.0
3966,3966,1.0
3529,3529,1.0
4022,4022,1.0
3973,3973,1.0
4257,4257,1.0
4044,4044,1.0
3596,3596,1.0
3710,3710,1.0
4075,4075,1.0
3622,3622,1.0
4261,4261,1.0
4061,4061,1.0
3923,3923,1.0
3655,3655,1.0
3870,3870,1.0
3590,3590,1.0
3570,3570,1.0
3587,3587,1.0
3526,3526,1.0
3708,3708,1.0
3924,3924,1.0
3970,3970,1.0
3991,3991,1.0
3685,3685,1.0
3902,3902,1.0
3757,3757,1.0
3503,3503,1.0
3799,3799,1.0
3679,3679,1.0
3452,3452,1.0
3680,3680,1.0
3592,3592,1.0
3867,3867,1.0
4265,4265,1.0
4058,4058,1.0
4170,4170,1.0
4037,4037,1.0
3935,3935,1.0
4288,4288,1.0
3502,3502,1.0
3928,3928,1.0
3724,3724,1.0
3756,3756,1.0
3736,3736,1.0
3753,3753,1.0
4308,4308,1.0
3858,3858,1.0
3761,3761,1.0
3871,3871,1.0
4069,4069,1.0
3800,3800,1.0
3933,3933,1.0
4014,4014,1.0
3550,3550,1.0
3983,3983,1.0
3710,3710,1.0
4423,4423,1.0
3932,3932,1.0
4074,4074,1.0
3765,3765,1.0
4229,4229,1.0
3933,3933,1.0
4420,4420,1.0
3364,3364,1.0
3634,3634,1.0
4513,4513,1.0
4392,4392,1.0
3642,3642,1.0
3543,3543,1.0
3749,3749,1.0
3669,3669,1.0
4458,4458,1.0
3575,3575,1.0
3469,3469,1.0
3934,3934,1.0
4021,4021,1.0
3662,3662,1.0
4311,4311,1.0
4349,4349,1.0
4209,4209,1.0
3641,3641,1.0
3942,3942,1.0
3538,3538,1.0
3515,3515,1.0
3661,3661,1.0
3892,3892,1.0
3672,3672,1.0
3526,3526,1.0
4201,4201,1.0
3579,3579,1.0
4008,4008,1.0
3326,3326,1.0
4155,4155,1.0
3827,3827,1.0
4295,4295,1.0
3547,3547,1.0
3540,3540,1.0
3667,3667,1.0
3595,3595,1.0
3569,3569,1.0
4588,4588,1.0
3568,3568,1.0
3716,3716,1.0
3739,3739,1.0
3554,3554,1.0
3631,3631,1.0
3655,3655,1.0
3931,3931,1.0
3384,3384,1.0
3536,3536,1.0
3901,3901,1.0
3678,3678,1.0
3556,3556,1.0
3621,3621,1.0
3637,3637,1.0
4095,4095,1.0
4380,4380,1.0
4137,4137,1.0
3760,3760,1.0
3846,3846,1.0
4418,4418,1.0
4378,4378,1.0
3976,3976,1.0
4306,4306,1.0
4343,4343,1.0
4228,4228,1.0
3819,3819,1.0
3375,3375,1.0
3524,3524,1.0
3791,3791,1.0
3469,3469,1.0
3335,3335,1.0
3666,3666,1.0
3636,3636,1.0
3562,3562,1.0
3696,3696,1.0
3541,3541,1.0
3608,3608,1.0
3558,3558,1.0
3576,3576,1.0
3843,3843,1.0
3570,3570,1.0
3929,3929,1.0
3810,3810,1.0
4757,4757,1.0
4082,4082,1.0
4235,4235,1.0
3927,3927,1.0
4175,4175,1.0
3851,3851,1.0
4112,4112,1.0
3918,3918,1.0
4004,4004,1.0
3758,3758,1.0
3294,3294,1.0
3483,3483,1.0
3430,3430,1.0
3737,3737,1.0
3431,3431,1.0
3510,3510,1.0
3540,3540,1.0
3637,3637,1.0
3627,3627,1.0
3701,3701,1.0
3312,3312,1.0
3508,3508,1.0
3605,3605,1.0
4141,4141,1.0
3386,3386,1.0
3428,3428,1.0
3970,3970,1.0
4099,4099,1.0
4211,4211,1.0
3646,3646,1.0
3641,3641,1.0
3456,3456,1.0
3507,3507,1.0
3512,3512,1.0
3679,3679,1.0
3727,3727,1.0
3903,3903,1.0
3888,3888,1.0
3620,3620,1.0
3231,3231,1.0
4145,4145,1.0
4013,4013,1.0
4027,4027,1.0
4194,4194,1.0
3966,3966,1.0
3651,3651,1.0
3695,3695,1.0
3698,3698,1.0
3421,3421,1.0
3908,3908,1.0
3901,3901,1.0
3547,3547,1.0
3654,3654,1.0
3295,3295,1.0
3647,3647,1.0
3765,3765,1.0
3259,3259,1.0
3708,3708,1.0
4460,4460,1.0
3695,3695,1.0
3694,3694,1.0
3901,3901,1.0
3364,3364,1.0
3211,3211,1.0
3996,3996,1.0
3467,3467,1.0
4021,4021,1.0
3608,3608,1.0
3914,3914,1.0
3647,3647,1.0
4120,4120,1.0
3803,3803,1.0
3856,3856,1.0
3542,3542,1.0
3490,3490,1.0
3660,3660,1.0
4067,4067,1.0
3618,3618,1.0
3875,3875,1.0
3981,3981,1.0
3801,3801,1.0
3892,3892,1.0
4073,4073,1.0
4032,4032,1.0
3731,3731,1.0
3459,3459,1.0
3251,3251,1.0
4154,4154,1.0
3718,3718,1.0
3548,3548,1.0
3577,3577,1.0
3382,3382,1.0
3681,3681,1.0
3876,3876,1.0
3813,3813,1.0
3734,3734,1.0
3417,3417,1.0
3496,3496,1.0
3784,3784,1.0
3553,3553,1.0
3832,3832,1.0
3804,3804,1.0
3659,3659,1.0
3937,3937,1.0
3296,3296,1.0
3477,3477,1.0
4087,4087,1.0
3556,3556,1.0
3901,3901,1.0
3487,3487,1.0
3635,3635,1.0
3750,3750,1.0
3850,3850,1.0
3865,3865,1.0
3771,3771,1.0
3873,3873,1.0
3784,3784,1.0
4005,4005,1.0
3975,3975,1.0
3557,3557,1.0
4374,4374,1.0
4400,4400,1.0
4084,4084,1.0
3509,3509,1.0
3498,3498,1.0
3799,3799,1.0
3686,3686,1.0
3369,3369,1.0
3303,3303,1.0
4018,4018,1.0
3948,3948,1.0
4402,4402,1.0
3847,3847,1.0
4267,4267,1.0
3808,3808,1.0
3831,3831,1.0
3779,3779,1.0
3854,3854,1.0
3404,3404,1.0
3732,3732,1.0
3775,3775,1.0
3675,3675,1.0
4350,4350,1.0
4750,4750,1.0
4953,4953,1.0
5067,5067,1.0
4444,4444,1.0
4699,4699,1.0
3499,3499,1.0
3906,3906,1.0
3670,3670,1.0
4250,4250,1.0
4080,4080,1.0
3826,3826,1.0
3763,3763,1.0
3959,3959,1.0
4247,4247,1.0
4037,4037,1.0
3458,3458,1.0
3657,3657,1.0
3539,3539,1.0
3870,3870,1.0
3474,3474,1.0
4002,4002,1.0
3763,3763,1.0
3650,3650,1.0
4064,4064,1.0
3589,3589,1.0
3904,3904,1.0
4049,4049,1.0
3567,3567,1.0
3459,3459,1.0
3915,3915,1.0
3474,3474,1.0
4030,4030,1.0
3796,3796,1.0
4381,4381,1.0
3810,3810,1.0
4451,4451,1.0
3790,3790,1.0
3612,3612,1.0
4313,4313,1.0
3581,3581,1.0
3995,3995,1.0
3836,3836,1.0
3802,3802,1.0
4960,4960,1.0
3826,3826,1.0
3734,3734,1.0
3869,3869,1.0
3368,3368,1.0
3420,3420,1.0
3954,3954,1.0
3764,3764,1.0
3441,3441,1.0
3658,3658,1.0
3601,3601,1.0
3591,3591,1.0
3696,3696,1.0
3530,3530,1.0
3621,3621,1.0
3558,3558,1.0
3865,3865,1.0
3678,3678,1.0
4407,4407,1.0
4269,4269,1.0
3716,3716,1.0
3542,3542,1.0
3681,3681,1.0
3509,3509,1.0
3558,3558,1.0
3708,3708,1.0
3718,3718,1.0
3801,3801,1.0
3572,3572,1.0
3824,3824,1.0
4433,4433,1.0
3991,3991,1.0
4083,4083,1.0
3782,3782,1.0
3960,3960,1.0
4210,4210,1.0
4061,4061,1.0
3713,3713,1.0
4204,4204,1.0
3766,3766,1.0
3884,3884,1.0
4265,4265,1.0
3952,3952,1.0
4309,4309,1.0
3452,3452,1.0
4226,4226,1.0
4185,4185,1.0
4151,4151,1.0
3634,3634,1.0
4042,4042,1.0
3808,3808,1.0
3764,3764,1.0
4103,4103,1.0
4353,4353,1.0
4096,4096,1.0
3601,3601,1.0
4036,4036,1.0
3691,3691,1.0
3604,3604,1.0
4729,4729,1.0
4061,4061,1.0
4463,4463,1.0
4245,4245,1.0
4610,4610,1.0
3970,3970,1.0
3746,3746,1.0
4376,4376,1.0
4198,4198,1.0
4025,4025,1.0
4334,4334,1.0
4034,4034,1.0
4061,4061,1.0
4507,4507,1.0
4133,4133,1.0
4084,4084,1.0
4645,4645,1.0
3612,3612,1.0
4385,4385,1.0
4458,4458,1.0
4171,4171,1.0
4620,4620,1.0
4452,4452,1.0
4359,4359,1.0
4681,4681,1.0
3915,3915,1.0
3625,3625,1.0
4744,4744,1.0
3992,3992,1.0
4509,4509,1.0
3968,3968,1.0
4202,4202,1.0
4343,4343,1.0
4161,4161,1.0
3846,3846,1.0
3997,3997,1.0
4013,4013,1.0
3800,3800,1.0
3857,3857,1.0
3606,3606,1.0
3802,3802,1.0
3742,3742,1.0
3659,3659,1.0
3770,3770,1.0
3845,3845,1.0
3802,3802,1.0
3969,3969,1.0
3766,3766,1.0
3748,3748,1.0
3738,3738,1.0
3860,3860,1.0
3722,3722,1.0
3811,3811,1.0
3652,3652,1.0
4004,4004,1.0
3883,3883,1.0
4019,4019,1.0
4061,4061,1.0
4095,4095,1.0
4035,4035,1.0
4064,4064,1.0
4038,4038,1.0
4017,4017,1.0
4002,4002,1.0
3775,3775,1.0
3722,3722,1.0
3650,3650,1.0
4170,4170,1.0
3840,3840,1.0
4006,4006,1.0
3844,3844,1.0
3966,3966,1.0
3787,3787,1.0
3805,3805,1.0
3865,3865,1.0
3833,3833,1.0
4058,4058,1.0
3700,3700,1.0
3984,3984,1.0
3978,3978,1.0
3780,3780,1.0
4012,4012,1.0
3809,3809,1.0
4160,4160,1.0
3951,3951,1.0
3940,3940,1.0
4182,4182,1.0
3911,3911,1.0
3693,3693,1.0
3893,3893,1.0
4056,4056,1.0
3969,3969,1.0
4016,4016,1.0
3966,3966,1.0
4001,4001,1.0
3673,3673,1.0
4090,4090,1.0
3936,3936,1.0
3946,3946,1.0
4228,4228,1.0
3843,3843,1.0
4090,4090,1.0
4112,4112,1.0
3831,3831,1.0
4054,4054,1.0
3788,3788,1.0
3697,3697,1.0
4152,4152,1.0
4057,4057,1.0
3756,3756,1.0
3382,3382,1.0
4040,4040,1.0
3698,3698,1.0
4083,4083,1.0
4565,4565,1.0
4507,4507,1.0
3692,3692,1.0
3819,3819,1.0
3767,3767,1.0
3720,3720,1.0
3798,3798,1.0
3846,3846,1.0
4847,4847,1.0
3806,3806,1.0
3739,3739,1.0
4434,4434,1.0
4549,4549,1.0
3958,3958,1.0
4292,4292,1.0
4078,4078,1.0
4040,4040,1.0
3642,3642,1.0
4154,4154,1.0
4668,4668,1.0
3887,3887,1.0
3677,3677,1.0
4260,4260,1.0
4559,4559,1.0
4026,4026,1.0
3768,3768,1.0
4169,4169,1.0
4058,4058,1.0
4367,4367,1.0
3905,3905,1.0
4023,4023,1.0
3659,3659,1.0
4698,4698,1.0
4349,4349,1.0
3819,3819,1.0
4694,4694,1.0
3951,3951,1.0
4303,4303,1.0
4129,4129,1.0
4034,4034,1.0
3994,3994,1.0
3924,3924,1.0
4215,4215,1.0
4312,4312,1.0
3964,3964,1.0
4079,4079,1.0
4022,4022,1.0
3877,3877,1.0
4386,4386,1.0
3927,3927,1.0
4356,4356,1.0
3786,3786,1.0
3697,3697,1.0
4439,4439,1.0
3840,3840,1.0
3960,3960,1.0
4337,4337,1.0
3748,3748,1.0
4471,4471,1.0
3788,3788,1.0
3801,3801,1.0
3617,3617,1.0
3679,3679,1.0
3818,3818,1.0
3798,3798,1.0
3757,3757,1.0
3846,3846,1.0
4118,4118,1.0
3949,3949,1.0
3888,3888,1.0
4056,4056,1.0
3935,3935,1.0
4393,4393,1.0
4722,4722,1.0
4569,4569,1.0
4380,4380,1.0
4583,4583,1.0
3999,3999,1.0
4060,4060,1.0
4247,4247,1.0
4575,4575,1.0
4303,4303,1.0
4471,4471,1.0
4652,4652,1.0
4385,4385,1.0
4395,4395,1.0
4358,4358,1.0
4038,4038,1.0
4020,4020,1.0
4092,4092,1.0
3988,3988,1.0
4047,4047,1.0
4024,4024,1.0
3982,3982,1.0
4029,4029,1.0
3965,3965,1.0
4015,4015,1.0
4144,4144,1.0
3811,3811,1.0
3899,3899,1.0
3651,3651,1.0
4194,4194,1.0
3809,3809,1.0
3729,3729,1.0
3533,3533,1.0
3576,3576,1.0
3805,3805,1.0
4104,4104,1.0
4110,4110,1.0
3713,3713,1.0
3896,3896,1.0
3815,3815,1.0
3953,3953,1.0
3912,3912,1.0
3643,3643,1.0
3911,3911,1.0
3924,3924,1.0
3710,3710,1.0
3750,3750,1.0
3886,3886,1.0
3783,3783,1.0
4032,4032,1.0
3857,3857,1.0
3969,3969,1.0
4254,4254,1.0
4291,4291,1.0
4408,4408,1.0
3709,3709,1.0
4806,4806,1.0
4794,4794,1.0
3863,3863,1.0
3784,3784,1.0
3553,3553,1.0
3621,3621,1.0
3629,3629,1.0
3846,3846,1.0
3861,3861,1.0
3556,3556,1.0
3594,3594,1.0
3827,3827,1.0
3664,3664,1.0
3719,3719,1.0
4031,4031,1.0
3965,3965,1.0
3772,3772,1.0
3581,3581,1.0
3662,3662,1.0
3641,3641,1.0
3808,3808,1.0
3717,3717,1.0
3668,3668,1.0
3605,3605,1.0
3623,3623,1.0
3855,3855,1.0
3830,3830,1.0
3692,3692,1.0
3804,3804,1.0
4246,4246,1.0
3758,3758,1.0
3600,3600,1.0
3898,3898,1.0
4023,4023,1.0
3830,3830,1.0
3937,3937,1.0
4205,4205,1.0
3952,3952,1.0
3725,3725,1.0
3906,3906,1.0
3870,3870,1.0
3787,3787,1.0
3740,3740,1.0
3990,3990,1.0
3760,3760,1.0
3784,3784,1.0
3992,3992,1.0
3921,3921,1.0
3661,3661,1.0
4060,4060,1.0
4188,4188,1.0
4125,4125,1.0
3916,3916,1.0
4107,4107,1.0
4283,4283,1.0
4133,4133,1.0
3993,3993,1.0
4109,4109,1.0
4156,4156,1.0
4286,4286,1.0
4210,4210,1.0
3923,3923,1.0
4122,4122,1.0
4268,4268,1.0
3803,3803,1.0
3613,3613,1.0
3848,3848,1.0
3894,3894,1.0
4156,4156,1.0
3767,3767,1.0
3787,3787,1.0
3611,3611,1.0
4239,4239,1.0
4599,4599,1.0
3838,3838,1.0
3577,3577,1.0
3714,3714,1.0
3546,3546,1.0
3809,3809,1.0
3694,3694,1.0
4023,4023,1.0
4208,4208,1.0
3782,3782,1.0
3614,3614,1.0
4427,4427,1.0
4280,4280,1.0
4575,4575,1.0
4213,4213,1.0
3768,3768,1.0
3841,3841,1.0
3863,3863,1.0
3873,3873,1.0
3922,3922,1.0
4407,4407,1.0
3586,3586,1.0
3453,3453,1.0
3671,3671,1.0
3678,3678,1.0
4262,4262,1.0
4423,4423,1.0
4108,4108,1.0
4679,4679,1.0
4289,4289,1.0
4000,4000,1.0
3914,3914,1.0
4493,4493,1.0
4263,4263,1.0
4106,4106,1.0
4644,4644,1.0
4421,4421,1.0
4074,4074,1.0
3714,3714,1.0
4110,4110,1.0
3930,3930,1.0
3990,3990,1.0
4009,4009,1.0
3952,3952,1.0
4219,4219,1.0
4388,4388,1.0
4196,4196,1.0
4454,4454,1.0
4149,4149,1.0
3903,3903,1.0
3995,3995,1.0
4136,4136,1.0
4069,4069,1.0
4053,4053,1.0
4744,4744,1.0
4017,4017,1.0
4230,4230,1.0
3912,3912,1.0
4025,4025,1.0
4060,4060,1.0
4015,4015,1.0
3976,3976,1.0
4513,4513,1.0
3287,3287,1.0
3861,3861,1.0
4698,4698,1.0
3992,3992,1.0
3553,3553,1.0
3626,3626,1.0
14852,14852,1.0
14444,14444,1.0
4095,4095,1.0
4252,4252,1.0
4029,4029,1.0
3631,3631,1.0
3752,3752,1.0
3784,3784,1.0
3680,3680,1.0
3762,3762,1.0
4335,4335,1.0
3741,3741,1.0
3872,3872,1.0
4106,4106,1.0
3849,3849,1.0
3694,3694,1.0
3833,3833,1.0
5123,5123,1.0
3826,3826,1.0
4179,4179,1.0
3663,3663,1.0
3760,3760,1.0
3900,3900,1.0
4387,4387,1.0
3956,3956,1.0
4114,4114,1.0
4026,4026,1.0
4297,4297,1.0
5034,5034,1.0
4243,4243,1.0
4150,4150,1.0
3901,3901,1.0
3981,3981,1.0
4361,4361,1.0
3836,3836,1.0
4024,4024,1.0
4266,4266,1.0
3919,3919,1.0
4463,4463,1.0
4287,4287,1.0
4299,4299,1.0
3951,3951,1.0
3720,3720,1.0
4358,4358,1.0
3882,3882,1.0
4394,4394,1.0
3958,3958,1.0
3944,3944,1.0
4417,4417,1.0
4183,4183,1.0
4646,4646,1.0
4348,4348,1.0
4335,4335,1.0
3941,3941,1.0
4067,4067,1.0
3779,3779,1.0
3831,3831,1.0
4621,4621,1.0
3402,3402,1.0
3836,3836,1.0
4158,4158,1.0
3845,3845,1.0
4732,4732,1.0
3897,3897,1.0
4074,4074,1.0
4402,4402,1.0
3992,3992,1.0
4204,4204,1.0
4593,4593,1.0
4382,4382,1.0
3891,3891,1.0
4373,4373,1.0
23666,23666,1.0
20269,20269,1.0
26097,26097,1.0
34025,34025,1.0
41525,41525,1.0
17602,17602,1.0
71075,71075,1.0
71795,71795,1.0
80551,80551,1.0
31202,31202,1.0
37078,37078,1.0
20488,20488,1.0
19940,19940,1.0
19541,19541,1.0
16992,16992,1.0
16133,16133,1.0
10775,10775,1.0
10198,10198,1.0
10798,10798,1.0
17189,17189,1.0
18925,18925,1.0
18212,18212,1.0
18655,18655,1.0
48863,48863,1.0
58919,58919,1.0
55060,55060,1.0
51347,51347,1.0
51465,51465,1.0
54250,54250,1.0
49926,49926,1.0
49154,49154,1.0
38255,38255,1.0
39020,39020,1.0
38122,38122,1.0
38579,38579,1.0
38223,38223,1.0
41303,41303,1.0
39676,39676,1.0
39701,39701,1.0
39705,39705,1.0
38613,38613,1.0
42045,42045,1.0
41797,41797,1.0
42052,42052,1.0
42495,42495,1.0
42882,42882,1.0
42679,42679,1.0
42792,42792,1.0
7325,7325,1.0
14886,14886,1.0
2740,2740,1.0
228089,228089,1.0
1356,1356,1.0
1208707,1208707,1.0
1385869,1385869,1.0
1016844,1016844,1.0
1439508,1439508,1.0
1516267,1515867,0.999736194219092
739,739,1.0
305119,305119,1.0
5642,5642,1.0
1676,1676,1.0
2690,2690,1.0
668031,668031,1.0
12842,12842,1.0
7443,7443,1.0
7917,7917,1.0
7104,7104,1.0
1664,1664,1.0
1768,1768,1.0
2093,2093,1.0
2528,2528,1.0
2780,2780,1.0
2526,2526,1.0
2523,2523,1.0
2455,2455,1.0
2568,2568,1.0
2504,2504,1.0
9041,9041,1.0
7321,7321,1.0
6218,6218,1.0
5317,5317,1.0
2344,2344,1.0
2217,2217,1.0
2309,2309,1.0
2195,2195,1.0
2122,2122,1.0
2125,2125,1.0
2106,2106,1.0
2104,2104,1.0
2162,2162,1.0
2159,2159,1.0
2175,2175,1.0
2249,2249,1.0
2141,2141,1.0
2201,2201,1.0
2211,2211,1.0
2121,2121,1.0
2238,2238,1.0
2196,2196,1.0
2373,2373,1.0
2238,2238,1.0
2240,2240,1.0
1224839,1224839,1.0
1098002,1098002,1.0
7908,7908,1.0
2056,2056,1.0
223083,223083,1.0
12965,12965,1.0
21523,21523,1.0
16560,16560,1.0
15043,15043,1.0
15326,15326,1.0
7862,7862,1.0
48395,48395,1.0
31218,31218,1.0
30134,30134,1.0
29342,29342,1.0
116726,116726,1.0
437255,437255,1.0
142633,142633,1.0
132233,132233,1.0
7433,7433,1.0
31743,31743,1.0
37031,37031,1.0
7890,7890,1.0
1372,1372,1.0
11906,11906,1.0
11169,11169,1.0
3539,3539,1.0
7073,7073,1.0
4424,4424,1.0
3661,3661,1.0
11504,11504,1.0
8204,8204,1.0
8532,8532,1.0
7780,7780,1.0
3018,3018,1.0
11877,11877,1.0
1035,1035,1.0
14432,14432,1.0
12434,12434,1.0
15408,15408,1.0
4432,4432,1.0
9218,9218,1.0
8049,8049,1.0
7994,7994,1.0
7969,7969,1.0
8173,8173,1.0
7471,7471,1.0
7790,7790,1.0
7965,7965,1.0
7871,7871,1.0
8591,8591,1.0
8084,8084,1.0
11110,11110,1.0
8170,8170,1.0
5224,5224,1.0
7510,7510,1.0
2964,2964,1.0
14670,14670,1.0
3165,3165,1.0
8112,8112,1.0
13875,13875,1.0
11563,11563,1.0
3128,3128,1.0
4982,4982,1.0
4123,4123,1.0
12308,12308,1.0
11434,11434,1.0
2752,2752,1.0
8122,8122,1.0
1337,1337,1.0
1355,1355,1.0
12754,12754,1.0
12571,12571,1.0
12783,12783,1.0
1355,1355,1.0
1343,1343,1.0
1352,1352,1.0
1375,1375,1.0
2336,2336,1.0
2547,2547,1.0
2039,2039,1.0
2012,2012,1.0
14776,14776,1.0
2618,2618,1.0
222870,222870,1.0
5419,5419,1.0
4619,4619,1.0
5492,5492,1.0
2235,2235,1.0
2952,2952,1.0
13885,13885,1.0
12583,12583,1.0
13062,13062,1.0
1353,1353,1.0
2409,2409,1.0
6844,6844,1.0
2880,2880,1.0
2528,2528,1.0
1671,1671,1.0
2557,2557,1.0
11583,11583,1.0
2740,2740,1.0
2782,2782,1.0
4219,4219,1.0
9866,9866,1.0
7407,7407,1.0
11518,11518,1.0
13841,13841,1.0
3412,3412,1.0
2442,2442,1.0
9450,9450,1.0
7506,7506,1.0
2605,2605,1.0
2325,2325,1.0
14814,14814,1.0
3744,3744,1.0
13706,13706,1.0
11142,11142,1.0
10625,10625,1.0
10385,10385,1.0
8332,8332,1.0
8343,8343,1.0
7947,7947,1.0
7504,7504,1.0
8318,8318,1.0
2028,2028,1.0
2127,2127,1.0
2528,2528,1.0
3885,3885,1.0
154465,154465,1.0
2388,2388,1.0
14545,14545,1.0
11155,11155,1.0
11231,11231,1.0
7601,7601,1.0
10071,10071,1.0
13546,13546,1.0
8298,8298,1.0
7825,7825,1.0
2145,2145,1.0
9851,9851,1.0
12041,12041,1.0
2607,2607,1.0
2855,2855,1.0
14932,14932,1.0
15025,15025,1.0
6829,6829,1.0
1873,1873,1.0
7863,7863,1.0
11472,11472,1.0
14043,14043,1.0
2760,2760,1.0
2273,2273,1.0
2195,2195,1.0
2184,2184,1.0
2237,2237,1.0
2265,2265,1.0
2204,2204,1.0
2172,2172,1.0
2136,2136,1.0
2160,2160,1.0
2167,2167,1.0
2250,2250,1.0
2257,2257,1.0
2150,2150,1.0
2107,2107,1.0
2326,2326,1.0
2129,2129,1.0
2358,2358,1.0
2218,2218,1.0
13875,13875,1.0
12430,12430,1.0
5155,5155,1.0
11018,11018,1.0
2154,2154,1.0
2003,2003,1.0
9670,9670,1.0
27209,27209,1.0
2211,2211,1.0
2236,2236,1.0
2153,2153,1.0
2185,2185,1.0
2121,2121,1.0
2213,2213,1.0
2242,2242,1.0
2708,2708,1.0
8014,8014,1.0
2131,2131,1.0
2181,2181,1.0
2182,2182,1.0
2195,2195,1.0
2217,2217,1.0
2226,2226,1.0
2290,2290,1.0
9532,9532,1.0
2177,2177,1.0
2198,2198,1.0
2239,2239,1.0
2099,2099,1.0
2257,2257,1.0
2183,2183,1.0
2206,2206,1.0
2054,2054,1.0
2171,2171,1.0
2497,2497,1.0
3871,3871,1.0
4262,4262,1.0
4482,4482,1.0
2516,2516,1.0
3411,3411,1.0
2850,2850,1.0
2338,2338,1.0
2202,2202,1.0
2200,2200,1.0
2280,2280,1.0
2255,2255,1.0
2844,2844,1.0
2857,2857,1.0
2976,2976,1.0
2593,2593,1.0
3030,3030,1.0
2749,2749,1.0
2936,2936,1.0
2852,2852,1.0
2848,2848,1.0
2793,2793,1.0
2276,2276,1.0
2876,2876,1.0
8759,8759,1.0
8904,8904,1.0
6617,6617,1.0
6713,6713,1.0
1671,1671,1.0
4283,4283,1.0
16914,16914,1.0
27163,27163,1.0
2214,2214,1.0
11524,11192,0.9711905588337383
2435,2435,1.0
2595,2595,1.0
2650,2650,1.0
6821,6821,1.0
1897,1897,1.0
2161,2161,1.0
2086,2086,1.0
2199,2199,1.0
7479,7479,1.0
1591,1591,1.0
1547,1547,1.0
13295,13295,1.0
4428,4428,1.0
4348,4348,1.0
11512,11512,1.0
11272,11272,1.0
1735,1735,1.0
1606,1606,1.0
7829,7829,1.0
1889,1889,1.0
15277,15277,1.0
4116,4116,1.0
2546,2546,1.0
9852,9852,1.0
4427,4427,1.0
13392,13392,1.0
2054,2054,1.0
2222,2222,1.0
2216,2216,1.0
2173,2173,1.0
2142,2142,1.0
2189,2189,1.0
2160,2160,1.0
2183,2183,1.0
2534,2534,1.0
2532,2532,1.0
2442,2442,1.0
2608,2608,1.0
2528,2528,1.0
2419,2419,1.0
9234,9234,1.0
4225,4225,1.0
2603,2603,1.0
13949,13949,1.0
9621,9621,1.0
9631,9631,1.0
6099,6099,1.0
6153,6153,1.0
6712,6712,1.0
6265,6265,1.0
6593,6593,1.0
7496,7496,1.0
6108,6108,1.0
6162,6162,1.0
6223,6223,1.0
9037,9037,1.0
10718,10718,1.0
1787,1787,1.0
3056,3056,1.0
3763,3763,1.0
11177,11177,1.0
1375,1375,1.0
13163,13163,1.0
2191,2191,1.0
2156,2156,1.0
2892,2892,1.0
14961,14961,1.0
4315,4315,1.0
2204,2204,1.0
2171,2171,1.0
2108,2108,1.0
2198,2198,1.0
1531,1531,1.0
2510,2510,1.0
5386,5386,1.0
2804,2804,1.0
35275,35275,1.0
11801,11801,1.0
9795,9795,1.0
12376,12376,1.0
13262,13262,1.0
10002,10002,1.0
11441,11441,1.0
10895,10895,1.0
14855,14855,1.0
14106,14106,1.0
14386,14386,1.0
4519,4519,1.0
9813,9813,1.0
12564,12564,1.0
12047,12047,1.0
15923,15923,1.0
9196,9196,1.0
134617,134617,1.0
13721,13721,1.0
2411,2411,1.0
2572,2572,1.0
3147,3147,1.0
2572,2572,1.0
2332,2332,1.0
2632,2632,1.0
2871,2871,1.0
2773,2773,1.0
2701,2701,1.0
2734,2734,1.0
2857,2857,1.0
2806,2806,1.0
2795,2795,1.0
2479,2479,1.0
13332,13332,1.0
13165,13165,1.0
8907,8907,1.0
11584,11584,1.0
16009,16009,1.0
3634,3634,1.0
3305,3305,1.0
2544,2544,1.0
2513,2513,1.0
2744,2744,1.0
16017,16017,1.0
2797,2797,1.0
3107,3107,1.0
2804,2804,1.0
2419,2419,1.0
2193,2193,1.0
2815,2815,1.0
2735,2735,1.0
4379,4379,1.0
3149,3149,1.0
2506,2506,1.0
6356,6356,1.0
11139,11139,1.0
2720,2720,1.0
2583,2583,1.0
2850,2850,1.0
368,368,1.0
11652,11652,1.0
7033,7033,1.0
6981,6981,1.0
3439,3439,1.0
13871,13871,1.0
19509,19509,1.0
12795,12795,1.0
5343,5342,0.9998128392288976
5850,5849,0.9998290598290598
5681,5680,0.99982397465235
8806,8806,1.0
2802,2802,1.0
16767,16767,1.0
9092,9092,1.0
12117,12117,1.0
12756,12756,1.0
7794,7794,1.0
9634,9634,1.0
8799,8799,1.0
7506,7506,1.0
13120,13120,1.0
9221,9221,1.0
7321,7321,1.0
354,354,1.0
14958,14958,1.0
6974,6974,1.0
10882,10882,1.0
2750,2750,1.0
16113,16113,1.0
7466,7466,1.0
11920,11920,1.0
8384,8384,1.0
13625,13625,1.0
11891,11891,1.0
17738,17738,1.0
8896,8896,1.0
7301,7301,1.0
7281,7281,1.0
11010,11010,1.0
10739,10739,1.0
11035,11035,1.0
10758,10758,1.0
7382,7382,1.0
10961,10961,1.0
12769,12769,1.0
12521,12521,1.0
12265,12265,1.0
2865,2865,1.0
2507,2507,1.0
114825,114825,1.0
8009,8009,1.0
2496,2496,1.0
7779,7779,1.0
14102,14102,1.0
12370,12370,1.0
9069,9069,1.0
14211,14211,1.0
3507,3507,1.0
6253,6253,1.0
6648,6648,1.0
6641,6641,1.0
7171,7171,1.0
5969,5969,1.0
4100,4100,1.0
3767,3767,1.0
2580,2580,1.0
3176,3176,1.0
2760,2760,1.0
3820,3820,1.0
3409,3409,1.0
3389,3389,1.0
4104,4104,1.0
3223,3223,1.0
4557,4557,1.0
5234,5234,1.0
2792,2792,1.0
128587,128587,1.0
7477,7477,1.0
12081,12081,1.0
6992,6992,1.0
10710,10710,1.0
10776,10776,1.0
5959,5959,1.0
18371,18371,1.0
122075,122075,1.0
3520,3520,1.0
3607,3607,1.0
2659,2659,1.0
9525,9525,1.0
36652,36552,0.9972716359270981
11561,11561,1.0
2804,2804,1.0
2421,2421,1.0
2550,2550,1.0
2561,2561,1.0
2487,2487,1.0
2362,2362,1.0
2300,2300,1.0
1944,1944,1.0
2207,2207,1.0
2122,2122,1.0
2075,2075,1.0
7460,7460,1.0
9081,9081,1.0
9080,9080,1.0
3146,3146,1.0
12659,12659,1.0
6811,6811,1.0
8869,8869,1.0
2923,2923,1.0
10988,10988,1.0
35595,35595,1.0
11251,11251,1.0
9444,9444,1.0
12149,12149,1.0
161734,161734,1.0
13969,13969,1.0
1970,1970,1.0
2570,2570,1.0
3067,3067,1.0
2805,2805,1.0
13764,13764,1.0
14593,14593,1.0
2895,2895,1.0
2696,2696,1.0
2404,2404,1.0
2545,2545,1.0
2746,2746,1.0
2697,2697,1.0
2685,2685,1.0
2645,2645,1.0
2579,2579,1.0
2578,2578,1.0
2575,2575,1.0
2546,2546,1.0
2522,2522,1.0
2521,2521,1.0
2518,2518,1.0
2500,2500,1.0
2489,2489,1.0
2489,2489,1.0
2470,2470,1.0
2438,2438,1.0
2420,2420,1.0
2393,2393,1.0
2386,2386,1.0
2347,2347,1.0
2339,2339,1.0
2329,2329,1.0
2315,2315,1.0
3729,3729,1.0
2548,2548,1.0
2434,2434,1.0
2357,2357,1.0
2352,2352,1.0
2336,2336,1.0
2315,2315,1.0
2215,2215,1.0
2206,2206,1.0
2170,2170,1.0
2135,2135,1.0
2884,2884,1.0
2736,2736,1.0
2668,2668,1.0
2475,2475,1.0
2451,2451,1.0
2412,2412,1.0
2408,2408,1.0
2308,2308,1.0
2823,2823,1.0
2748,2748,1.0
2577,2577,1.0
2568,2568,1.0
2556,2556,1.0
2496,2496,1.0
2493,2493,1.0
2363,2363,1.0
2259,2259,1.0
2366,2366,1.0
2863,2863,1.0
2851,2851,1.0
2697,2697,1.0
2553,2553,1.0
2515,2515,1.0
2505,2505,1.0
2462,2462,1.0
2427,2427,1.0
2338,2338,1.0
2339,2339,1.0
2327,2327,1.0
2291,2291,1.0
2270,2270,1.0
2247,2247,1.0
2240,2240,1.0
2193,2193,1.0
2101,2101,1.0
3000,3000,1.0
2352,2352,1.0
3324,3324,1.0
3111,3111,1.0
3103,3103,1.0
3060,3060,1.0
2889,2889,1.0
2778,2778,1.0
2660,2660,1.0
2618,2618,1.0
2522,2522,1.0
6643,6643,1.0
6222,6222,1.0
2879,2879,1.0
6179,6179,1.0
2313,2313,1.0
5185,5185,1.0
3561,3561,1.0
3286,3286,1.0
2861,2861,1.0
3376,3376,1.0
2697,2697,1.0
2100,2100,1.0
2430,2430,1.0
2850,2850,1.0
2898,2898,1.0
2877,2877,1.0
2484,2484,1.0
2428,2428,1.0
2493,2493,1.0
2837,2837,1.0
10933,10933,1.0
10940,10940,1.0
9875,9875,1.0
9211,9211,1.0
9817,9817,1.0
13722,13722,1.0
17631,17631,1.0
8354,8354,1.0
8349,8349,1.0
6313,6313,1.0
7881,7881,1.0
11833,11833,1.0
18939,18939,1.0
19113,19113,1.0
316,316,1.0
2087,2087,1.0
4501,4501,1.0
6271,6271,1.0
12157,12157,1.0
11542,11542,1.0
9651,9651,1.0
13736,13736,1.0
8645,8645,1.0
20336,20336,1.0
324,324,1.0
2218,2218,1.0
2745,2745,1.0
2833,2833,1.0
6847,6847,1.0
11217,11217,1.0
6450,6450,1.0
14666,14666,1.0
10121,10121,1.0
6724,6724,1.0
13833,13833,1.0
2085,2085,1.0
2455,2455,1.0
7127,7127,1.0
9666,9666,1.0
7621,7621,1.0
7160,7160,1.0
1788,1788,1.0
2931,2931,1.0
1876,1876,1.0
2093,2093,1.0
2102,2102,1.0
44924,44864,0.9986644110052533
10183,10183,1.0
9318,9318,1.0
13069,13069,1.0
10983,10983,1.0
2471,2471,1.0
2441,2441,1.0
9491,9491,1.0
2667,2667,1.0
9734,9734,1.0
116875,116875,1.0
10128,10128,1.0
4474,4474,1.0
29110,29110,1.0
13601,13601,1.0
4225,4225,1.0
36144,36144,1.0
31537,31537,1.0
12965,12965,1.0
14086,14086,1.0
12361,12361,1.0
13066,13066,1.0
8681,8681,1.0
11987,11987,1.0
7533,7533,1.0
12971,12971,1.0
12539,12539,1.0
11623,11623,1.0
10976,10976,1.0
10800,10800,1.0
6408,6408,1.0
12077,12077,1.0
14053,14053,1.0
12432,12432,1.0
10951,10951,1.0
10977,10977,1.0
10969,10969,1.0
10971,10971,1.0
10773,10773,1.0
10846,10846,1.0
10991,10991,1.0
11093,11093,1.0
28850,28850,1.0
20454,20454,1.0
2805,2805,1.0
12702,12702,1.0
12118,12118,1.0
132068,132068,1.0
113840,113840,1.0
15948,15948,1.0
5949,5949,1.0
166590,165423,0.9929947775976949
147609,147609,1.0
144008,144008,1.0
141537,141537,1.0
133999,133999,1.0
127227,127227,1.0
13166,13166,1.0
13392,13392,1.0
12940,12940,1.0
12994,12994,1.0
13719,13719,1.0
12480,12480,1.0
13025,13025,1.0
12193,12193,1.0
9865,9865,1.0
12886,12886,1.0
11694,11694,1.0
10920,10920,1.0
11740,11740,1.0
11682,11682,1.0
10646,10646,1.0
15073,15073,1.0
14438,14438,1.0
10509,10509,1.0
6708,6708,1.0
6728,6728,1.0
11278,11278,1.0
7307,7307,1.0
11167,11167,1.0
11465,11465,1.0
5278,5278,1.0
4678,4678,1.0
4105,4105,1.0
5318,5318,1.0
9698,9698,1.0
10142,10142,1.0
6245,6245,1.0
5494,5494,1.0
5420,5420,1.0
5368,5368,1.0
5227,5227,1.0
4894,4894,1.0
11921,11921,1.0
9816,9816,1.0
6348,6348,1.0
4373,4373,1.0
2826,2826,1.0
8379,8379,1.0
8422,8422,1.0
12173,12173,1.0
12443,12443,1.0
130540,130540,1.0
11880,11880,1.0
7553,7553,1.0
120899,120899,1.0
6110,6110,1.0
1853,1853,1.0
3787,3787,1.0
4425,4425,1.0
4642,4642,1.0
2015,2015,1.0
5096,5096,1.0
6089,6089,1.0
4102,4102,1.0
4631,4631,1.0
204633,204633,1.0
8624,8624,1.0
6326,6326,1.0
6659,6659,1.0
6187,6187,1.0
6178,6178,1.0
2598,2598,1.0
13131,13131,1.0
6138,6138,1.0
12836,12836,1.0
8866,8866,1.0
2385,2385,1.0
2326,2326,1.0
4620,4620,1.0
8829,8829,1.0
13299,13299,1.0
8200,8200,1.0
4323,4323,1.0
4382,4382,1.0
4302,4302,1.0
4387,4387,1.0
5429,5429,1.0
4269,4269,1.0
1573504,1572370,0.9992793154640852
8845,8845,1.0
5216,5216,1.0
7942,7942,1.0
8412,8412,1.0
9800,9800,1.0
2694,2694,1.0
4219,4219,1.0
2181,2181,1.0
2151,2151,1.0
186217,186217,1.0
2342,2342,1.0
13199,13199,1.0
4203,4203,1.0
11221,11221,1.0
2812,2812,1.0
2674,2674,1.0
2460,2460,1.0
2250,2250,1.0
13972,13972,1.0
13118,13118,1.0
8780,8780,1.0
4966,4966,1.0
4231,4231,1.0
4087,4087,1.0
10812,10812,1.0
3919,3919,1.0
3162,3162,1.0
12570,12570,1.0
9841,9841,1.0
13589,13589,1.0
165657,165657,1.0
7247,7247,1.0
7733,7733,1.0
1967,1967,1.0
6057,6057,1.0
11112,11112,1.0
5194,5194,1.0
15623,15623,1.0
1788,1788,1.0
6006,6006,1.0
6056,6056,1.0
9867,9867,1.0
5051,5051,1.0
13361,13361,1.0
7584,7584,1.0
13049,13049,1.0
13196,13196,1.0
14433,14433,1.0
7334,7334,1.0
9536,9536,1.0
9925,9925,1.0
14227,14227,1.0
11828,11828,1.0
10853,10853,1.0
1916,1916,1.0
1939,1939,1.0
1806,1806,1.0
1882,1882,1.0
1930,1930,1.0
1829,1829,1.0
1846,1846,1.0
4350,4350,1.0
4354,4354,1.0
1879,1879,1.0
2532,2532,1.0
1723,1723,1.0
1821,1821,1.0
12286,12286,1.0
142291,142291,1.0
4772,4772,1.0
13131,13131,1.0
9055,9055,1.0
14002,14002,1.0
8301,8301,1.0
14536,14536,1.0
14360,14360,1.0
125247,125247,1.0
4322,4322,1.0
9707,9707,1.0
10798,10798,1.0
11290,11290,1.0
2759,2759,1.0
2812,2812,1.0
7364,7364,1.0
13605,13605,1.0
11712,11712,1.0
7018,7018,1.0
1956,1956,1.0
1848,1848,1.0
2339,2339,1.0
1919,1919,1.0
2680,2680,1.0
11195,11195,1.0
11434,11434,1.0
10680,10680,1.0
10114,10114,1.0
4593,4593,1.0
4604,4604,1.0
4518,4518,1.0
3807,3807,1.0
4322,4322,1.0
5608,5608,1.0
4812,4812,1.0
4625,4625,1.0
4545,4545,1.0
3492,3492,1.0
1728,1728,1.0
1741,1741,1.0
1758,1758,1.0
1803,1803,1.0
1810,1810,1.0
1812,1812,1.0
2320,2320,1.0
12445,12445,1.0
13939,13939,1.0
1758,1758,1.0
2076,2076,1.0
1805,1805,1.0
1745,1745,1.0
1803,1803,1.0
1762,1762,1.0
2024,2024,1.0
1786,1786,1.0
1766,1766,1.0
1793,1793,1.0
1860,1860,1.0
1704,1704,1.0
1767,1767,1.0
1895,1895,1.0
92274,92274,1.0
25580,25580,1.0
6096,6096,1.0
288858,288858,1.0
15378,15378,1.0
7557,7557,1.0
1421182,1421182,1.0
1476527,1476527,1.0
45336,45336,1.0
45810,45810,1.0
39295,39295,1.0
40547,40547,1.0
41500,41500,1.0
40579,40579,1.0
68064,68064,1.0
53559,53559,1.0
53040,53040,1.0
51940,51940,1.0
52854,52854,1.0
54869,54869,1.0
52376,52376,1.0
51548,51548,1.0
52615,52615,1.0
52288,52288,1.0
53673,53673,1.0
53998,53998,1.0
53793,53793,1.0
53372,53372,1.0
51780,51780,1.0
50725,50725,1.0
13626,13626,1.0
4605,3119,0.6773072747014115
1777,1776,0.9994372537985369
1514,985,0.6505944517833554
2326,2268,0.9750644883920895
1934,1671,0.8640124095139607
4607,4348,0.9437812025179075
1711,1697,0.9918176504967855
14861,14648,0.9856671825583743
1928,1920,0.995850622406639
