col1,col2,col3,col4,col5,col6,col7,query_fna,subject_fna,query_length,subject_length,blast_output,n_of_-7,n_of_-6,n_of_-5,n_of_-4,n_of_-3,n_of_-2,n_of_-1,n_of_0,n_of_1,n_of_2,n_of_3,n_of_4,n_of_5,n_of_6,n_of_7,binary_filename
28,1001583,KB290,1001583.3,10,https://ftp.ncbi.nlm.nih.gov/genomes/all/GCF/000/359/625/GCF_000359625.1_ASM35962v1,10,1001583.3.fna,GCF_000359625.1_ASM35962v1_genomic.fna, 2587877, 2587877,1001583.3.fna_vs_GCF_000359625.1_ASM35962v1_genomic.fna_blast.xml,0,0,0,0,0,0,0,0,2587877,0,0,0,0,0,0,1001583_subject_array_1739892017.bin
89,1002227,VKM B-2663,1002227.6,10,https://ftp.ncbi.nlm.nih.gov/genomes/all/GCF/020/523/625/GCF_020523625.1_ASM2052362v1,10,1002227.6.fna,GCF_020523625.1_ASM2052362v1_genomic.fna, 2924133, 2924133,1002227.6.fna_vs_GCF_020523625.1_ASM2052362v1_genomic.fna_blast.xml,0,0,0,0,0,0,0,712,2923421,0,0,0,0,0,0,1002227_subject_array_1739892018.bin
772,1017270,NIO-1003,1017270.12,10,https://ftp.ncbi.nlm.nih.gov/genomes/all/GCF/900/094/955/GCF_900094955.1_IMG-taxon_2616645019_annotated_assembly,10,1017270.12.fna,GCF_900094955.1_IMG-taxon_2616645019_annotated_assembly_genomic.fna, 4500901, 4500901,1017270.12.fna_vs_GCF_900094955.1_IMG-taxon_2616645019_annotated_assembly_genomic.fna_blast.xml,0,0,0,0,0,0,2,364,4500491,0,2,42,0,0,0,1017270_subject_array_1739892020.bin
1021,1034769,HW567,1034769.3,10,https://ftp.ncbi.nlm.nih.gov/genomes/all/GCF/000/374/185/GCF_000374185.1_ASM37418v1,10,1034769.3.fna,GCF_000374185.1_ASM37418v1_genomic.fna, 6835319, 6836219,1034769.3.fna_vs_GCF_000374185.1_ASM37418v1_genomic.fna_blast.xml,0,0,0,0,0,0,0,886,6835319,0,0,0,14,0,0,1034769_subject_array_1739892023.bin
1052,1036177,NC8,1036177.3,10,https://ftp.ncbi.nlm.nih.gov/genomes/all/GCF/000/247/735/GCF_000247735.1_ASM24773v2,10,1036177.3.fna,GCF_000247735.1_ASM24773v2_genomic.fna, 3207224, 3207224,1036177.3.fna_vs_GCF_000247735.1_ASM24773v2_genomic.fna_blast.xml,0,0,0,0,0,0,0,0,3207223,0,0,1,0,0,0,1036177_subject_array_1739892024.bin
1076,103729,DSM 44256,103729.3,10,https://ftp.ncbi.nlm.nih.gov/genomes/all/GCF/024/171/945/GCF_024171945.1_ASM2417194v1,10,103729.3.fna,GCF_024171945.1_ASM2417194v1_genomic.fna, 7638937, 7638937,103729.3.fna_vs_GCF_024171945.1_ASM2417194v1_genomic.fna_blast.xml,0,0,0,0,0,0,0,0,7638937,0,0,0,0,0,0,103729_subject_array_1739892027.bin
1508,104662,DSM 13484,104662.3,10,https://ftp.ncbi.nlm.nih.gov/genomes/all/GCF/007/830/125/GCF_007830125.1_ASM783012v1,10,104662.3.fna,GCF_007830125.1_ASM783012v1_genomic.fna, 7000708, 7000708,104662.3.fna_vs_GCF_007830125.1_ASM783012v1_genomic.fna_blast.xml,0,0,0,0,0,0,0,6347,6994361,0,0,0,0,0,0,104662_subject_array_1739892029.bin
1537,1048394,DSM 25625,1048394.3,10,https://ftp.ncbi.nlm.nih.gov/genomes/all/GCF/002/797/855/GCF_002797855.1_ASM279785v1,10,1048394.3.fna,GCF_002797855.1_ASM279785v1_genomic.fna, 3882495, 3882495,1048394.3.fna_vs_GCF_002797855.1_ASM279785v1_genomic.fna_blast.xml,0,0,0,0,0,0,0,0,3882495,0,0,0,0,0,0,1048394_subject_array_1739892031.bin
1709,105219,Patient MN16,105219.69,10,https://ftp.ncbi.nlm.nih.gov/genomes/all/GCF/030/550/865/GCF_030550865.1_ASM3055086v1,10,105219.69.fna,GCF_030550865.1_ASM3055086v1_genomic.fna, 5338286, 5338286,105219.69.fna_vs_GCF_030550865.1_ASM3055086v1_genomic.fna_blast.xml,0,0,0,0,0,0,0,0,5338283,0,0,0,3,0,0,105219_subject_array_1739892033.bin
1971,105841,DFI.1.3,105841.109,10,https://ftp.ncbi.nlm.nih.gov/genomes/all/GCF/020/564/175/GCF_020564175.1_ASM2056417v1,10,105841.109.fna,GCF_020564175.1_ASM2056417v1_genomic.fna, 3210774, 3210774,105841.109.fna_vs_GCF_020564175.1_ASM2056417v1_genomic.fna_blast.xml,0,0,0,0,0,0,1,0,3210771,0,0,2,0,0,0,105841_subject_array_1739892034.bin
2319,106654,MIN-004,106654.275,10,https://ftp.ncbi.nlm.nih.gov/genomes/all/GCF/021/460/585/GCF_021460585.1_ASM2146058v1,10,106654.275.fna,GCF_021460585.1_ASM2146058v1_genomic.fna, 3918015, 3918015,106654.275.fna_vs_GCF_021460585.1_ASM2146058v1_genomic.fna_blast.xml,0,0,0,0,0,0,0,0,3916715,0,0,0,1299,0,1,106654_subject_array_1739892035.bin
2463,1069628,GA08825,1069628.3,10,https://ftp.ncbi.nlm.nih.gov/genomes/all/GCF/000/252/185/GCF_000252185.1_ASM25218v2,10,1069628.3.fna,GCF_000252185.1_ASM25218v2_genomic.fna, 2103417, 2103417,1069628.3.fna_vs_GCF_000252185.1_ASM25218v2_genomic.fna_blast.xml,0,0,0,0,0,0,0,0,2103411,0,1,3,2,0,0,1069628_subject_array_1739892037.bin
2482,1070896,BR1,1070896.5,10,https://ftp.ncbi.nlm.nih.gov/genomes/all/GCF/002/812/725/GCF_002812725.1_ASM281272v1,10,1070896.5.fna,GCF_002812725.1_ASM281272v1_genomic.fna, 3817759, 3817759,1070896.5.fna_vs_GCF_002812725.1_ASM281272v1_genomic.fna_blast.xml,0,0,0,0,0,0,0,0,3817759,0,0,0,0,0,0,1070896_subject_array_1739892038.bin
2570,1073328,DSM 25030,1073328.4,10,https://ftp.ncbi.nlm.nih.gov/genomes/all/GCF/900/106/825/GCF_900106825.1_IMG-taxon_2617270731_annotated_assembly,10,1073328.4.fna,GCF_900106825.1_IMG-taxon_2617270731_annotated_assembly_genomic.fna, 3744005, 3744005,1073328.4.fna_vs_GCF_900106825.1_IMG-taxon_2617270731_annotated_assembly_genomic.fna_blast.xml,0,0,0,0,0,0,0,0,3744005,0,0,0,0,0,0,1073328_subject_array_1739892039.bin
2972,1077464,OD_326128_08,1077464.30,10,https://ftp.ncbi.nlm.nih.gov/genomes/all/GCF/002/096/355/GCF_002096355.1_ASM209635v1,10,1077464.30.fna,GCF_002096355.1_ASM209635v1_genomic.fna, 1847293, 1847293,1077464.30.fna_vs_GCF_002096355.1_ASM209635v1_genomic.fna_blast.xml,0,0,0,0,0,0,0,0,1847292,0,0,1,0,0,0,1077464_subject_array_1739892040.bin
3188,1080365,MA18/5M,1080365.4,10,https://ftp.ncbi.nlm.nih.gov/genomes/all/GCF/000/235/805/GCF_000235805.1_ASM23580v2,10,1080365.4.fna,GCF_000235805.1_ASM23580v2_genomic.fna, 1989583, 1989583,1080365.4.fna_vs_GCF_000235805.1_ASM23580v2_genomic.fna_blast.xml,0,0,0,0,0,0,0,0,1989583,0,0,0,0,0,0,1080365_subject_array_1739892040.bin
3587,1089545,DSM 44591,1089545.3,10,https://ftp.ncbi.nlm.nih.gov/genomes/all/GCF/000/384/295/GCF_000384295.1_ASM38429v1,10,1089545.3.fna,GCF_000384295.1_ASM38429v1_genomic.fna, 10857603, 10858503,1089545.3.fna_vs_GCF_000384295.1_ASM38429v1_genomic.fna_blast.xml,0,0,1,0,0,0,0,635,10857796,0,0,20,51,0,0,1089545_subject_array_1739892045.bin
3795,1094558,Th239,1094558.3,10,https://ftp.ncbi.nlm.nih.gov/genomes/all/GCF/000/278/275/GCF_000278275.1_Bart_tami_Th239_V1,10,1094558.3.fna,GCF_000278275.1_Bart_tami_Th239_V1_genomic.fna, 2252122, 2260792,1094558.3.fna_vs_GCF_000278275.1_Bart_tami_Th239_V1_genomic.fna_blast.xml,0,0,0,0,0,0,0,8656,2252136,0,0,0,0,0,0,1094558_subject_array_1739892046.bin
3796,1094559,Th307,1094559.3,10,https://ftp.ncbi.nlm.nih.gov/genomes/all/GCF/000/279/995/GCF_000279995.1_Bart_tami_Th307_V1,10,1094559.3.fna,GCF_000279995.1_Bart_tami_Th307_V1_genomic.fna, 2245003, 2254945,1094559.3.fna_vs_GCF_000279995.1_Bart_tami_Th307_V1_genomic.fna_blast.xml,0,0,0,0,0,0,0,9937,2245008,0,0,0,0,0,0,1094559_subject_array_1739892047.bin
3881,1095731,ATCC 27335,1316583.3,10,https://ftp.ncbi.nlm.nih.gov/genomes/all/GCF/000/413/475/GCF_000413475.1_Stre_inte_ATCC_27335_V1,10,1316583.3.fna,GCF_000413475.1_Stre_inte_ATCC_27335_V1_genomic.fna, 1951449, 1951449,1316583.3.fna_vs_GCF_000413475.1_Stre_inte_ATCC_27335_V1_genomic.fna_blast.xml,0,0,0,0,0,0,0,0,1951449,0,0,0,0,0,0,1316583_subject_array_1739892047.bin
4046,1101191,10,1101191.3,10,https://ftp.ncbi.nlm.nih.gov/genomes/all/GCF/000/519/085/GCF_000519085.1_ASM51908v1,10,1101191.3.fna,GCF_000519085.1_ASM51908v1_genomic.fna, 4972980, 4982370,1101191.3.fna_vs_GCF_000519085.1_ASM51908v1_genomic.fna_blast.xml,0,0,0,0,0,0,0,9389,4972981,0,0,0,0,0,0,1101191_subject_array_1739892049.bin
4156,1105120,GA60190,1105120.3,10,https://ftp.ncbi.nlm.nih.gov/genomes/all/GCF/000/279/515/GCF_000279515.1_ASM27951v1,10,1105120.3.fna,GCF_000279515.1_ASM27951v1_genomic.fna, 2104178, 2104178,1105120.3.fna_vs_GCF_000279515.1_ASM27951v1_genomic.fna_blast.xml,0,0,0,0,0,0,0,0,2104178,0,0,0,0,0,0,1105120_subject_array_1739892050.bin
4231,1108963,SMXD51,1108963.3,10,https://ftp.ncbi.nlm.nih.gov/genomes/all/GCF/000/260/335/GCF_000260335.1_ASM26033v1,10,1108963.3.fna,GCF_000260335.1_ASM26033v1_genomic.fna, 1967690, 1967690,1108963.3.fna_vs_GCF_000260335.1_ASM26033v1_genomic.fna_blast.xml,0,0,0,0,0,0,0,0,1967690,0,0,0,0,0,0,1108963_subject_array_1739892051.bin
4238,110933,JCM 11952,110933.9,10,https://ftp.ncbi.nlm.nih.gov/genomes/all/GCF/039/527/045/GCF_039527045.1_ASM3952704v1,10,110933.9.fna,GCF_039527045.1_ASM3952704v1_genomic.fna, 4072252, 4072252,110933.9.fna_vs_GCF_039527045.1_ASM3952704v1_genomic.fna_blast.xml,0,0,0,0,0,0,0,344,4071908,0,0,0,0,0,0,110933_subject_array_1739892052.bin
4761,1117645,SBRL-21-120,1117645.802,10,https://ftp.ncbi.nlm.nih.gov/genomes/all/GCF/023/336/605/GCF_023336605.1_ASM2333660v1,10,1117645.802.fna,GCF_023336605.1_ASM2333660v1_genomic.fna, 4044035, 4044035,1117645.802.fna_vs_GCF_023336605.1_ASM2333660v1_genomic.fna_blast.xml,0,0,0,0,0,0,0,0,4044035,0,0,0,0,0,0,1117645_subject_array_1739892054.bin
4763,1117645,SBRL-22-038,1117645.804,10,https://ftp.ncbi.nlm.nih.gov/genomes/all/GCF/023/336/485/GCF_023336485.1_ASM2333648v1,10,1117645.804.fna,GCF_023336485.1_ASM2333648v1_genomic.fna, 4050371, 4050371,1117645.804.fna_vs_GCF_023336485.1_ASM2333648v1_genomic.fna_blast.xml,0,0,0,0,0,0,0,341,4050030,0,0,0,0,0,0,1117645_subject_array_1739892055.bin
4998,1121125,DSM 23858,1121125.3,10,https://ftp.ncbi.nlm.nih.gov/genomes/all/GCF/000/421/705/GCF_000421705.1_ASM42170v1,10,1121125.3.fna,GCF_000421705.1_ASM42170v1_genomic.fna, 3164519, 3164519,1121125.3.fna_vs_GCF_000421705.1_ASM42170v1_genomic.fna_blast.xml,0,0,0,0,0,0,0,0,3164519,0,0,0,0,0,0,1121125_subject_array_1739892056.bin
5486,1123013,DSM 23366,1123013.3,10,https://ftp.ncbi.nlm.nih.gov/genomes/all/GCF/000/423/505/GCF_000423505.1_ASM42350v1,10,1123013.3.fna,GCF_000423505.1_ASM42350v1_genomic.fna, 2222738, 2223047,1123013.3.fna_vs_GCF_000423505.1_ASM42350v1_genomic.fna_blast.xml,0,0,0,0,0,0,2,247,2222784,0,5,9,0,0,0,1123013_subject_array_1739892057.bin
5565,1123270,DSM 16222,1123270.3,10,https://ftp.ncbi.nlm.nih.gov/genomes/all/GCF/000/420/305/GCF_000420305.1_ASM42030v1,10,1123270.3.fna,GCF_000420305.1_ASM42030v1_genomic.fna, 3068208, 3068208,1123270.3.fna_vs_GCF_000420305.1_ASM42030v1_genomic.fna_blast.xml,0,0,0,0,0,0,0,0,3068208,0,0,0,0,0,0,1123270_subject_array_1739892058.bin
5666,1123488,DSM 15806,1123488.3,10,https://ftp.ncbi.nlm.nih.gov/genomes/all/GCF/000/420/065/GCF_000420065.1_ASM42006v1,10,1123488.3.fna,GCF_000420065.1_ASM42006v1_genomic.fna, 2022936, 2022936,1123488.3.fna_vs_GCF_000420065.1_ASM42006v1_genomic.fna_blast.xml,0,0,0,0,0,0,0,0,2022936,0,0,0,0,0,0,1123488_subject_array_1739892059.bin
5728,1124743,KCTC 29219,1124743.4,10,https://ftp.ncbi.nlm.nih.gov/genomes/all/GCF/004/331/345/GCF_004331345.1_ASM433134v1,10,1124743.4.fna,GCF_004331345.1_ASM433134v1_genomic.fna, 8785001, 8785001,1124743.4.fna_vs_GCF_004331345.1_ASM433134v1_genomic.fna_blast.xml,0,0,0,0,0,0,0,0,8785001,0,0,0,0,0,0,1124743_subject_array_1739892062.bin
6071,1133559,CGMCC 1.11031,1133559.7,10,https://ftp.ncbi.nlm.nih.gov/genomes/all/GCF/014/636/415/GCF_014636415.1_ASM1463641v1,10,1133559.7.fna,GCF_014636415.1_ASM1463641v1_genomic.fna, 3008832, 3008832,1133559.7.fna_vs_GCF_014636415.1_ASM1463641v1_genomic.fna_blast.xml,0,0,0,0,0,0,0,0,3008832,0,0,0,0,0,0,1133559_subject_array_1739892063.bin
6248,1134687,ARGID_31165,1134687.579,10,https://ftp.ncbi.nlm.nih.gov/genomes/all/GCF/922/832/915/GCF_922832915.1_ARGID_31165,10,1134687.579.fna,GCF_922832915.1_ARGID_31165_genomic.fna, 6483293, 6483293,1134687.579.fna_vs_GCF_922832915.1_ARGID_31165_genomic.fna_blast.xml,0,0,0,0,0,0,0,0,6483293,0,0,0,0,0,0,1134687_subject_array_1739892066.bin
6297,1134687,CPO433,1134687.824,10,https://ftp.ncbi.nlm.nih.gov/genomes/all/GCF/030/294/485/GCF_030294485.1_ASM3029448v1,10,1134687.824.fna,GCF_030294485.1_ASM3029448v1_genomic.fna, 6234411, 6234411,1134687.824.fna_vs_GCF_030294485.1_ASM3029448v1_genomic.fna_blast.xml,0,0,0,0,0,0,0,0,6234411,0,0,0,0,0,0,1134687_subject_array_1739892068.bin
6425,1134687,KO45182,1134687.279,10,https://ftp.ncbi.nlm.nih.gov/genomes/all/GCF/017/114/595/GCF_017114595.1_ASM1711459v1,10,1134687.279.fna,GCF_017114595.1_ASM1711459v1_genomic.fna, 6636409, 6636409,1134687.279.fna_vs_GCF_017114595.1_ASM1711459v1_genomic.fna_blast.xml,0,0,0,0,0,0,0,0,6636409,0,0,0,0,0,0,1134687_subject_array_1739892071.bin
6496,1134687,RHBSTW-00167,1134687.199,10,https://ftp.ncbi.nlm.nih.gov/genomes/all/GCF/013/624/375/GCF_013624375.1_ASM1362437v1,10,1134687.199.fna,GCF_013624375.1_ASM1362437v1_genomic.fna, 6544295, 6544295,1134687.199.fna_vs_GCF_013624375.1_ASM1362437v1_genomic.fna_blast.xml,0,0,0,0,0,0,0,0,6544295,0,0,0,0,0,0,1134687_subject_array_1739892073.bin
6894,1141663,Dmel1,1141663.3,10,https://ftp.ncbi.nlm.nih.gov/genomes/all/GCF/000/314/835/GCF_000314835.2_ASM31483v2,10,1141663.3.fna,GCF_000314835.2_ASM31483v2_genomic.fna, 4251508, 4348646,1141663.3.fna_vs_GCF_000314835.2_ASM31483v2_genomic.fna_blast.xml,0,0,0,0,0,0,0,97127,4251517,0,0,1,1,0,0,1141663_subject_array_1739892075.bin
6903,1141887,1PNM-20,1141887.3,10,https://ftp.ncbi.nlm.nih.gov/genomes/all/GCF/002/288/825/GCF_002288825.1_ASM228882v1,10,1141887.3.fna,GCF_002288825.1_ASM228882v1_genomic.fna, 3757425, 3757425,1141887.3.fna_vs_GCF_002288825.1_ASM228882v1_genomic.fna_blast.xml,0,0,0,0,0,0,0,0,3757425,0,0,0,0,0,0,1141887_subject_array_1739892077.bin
6997,1145112,R32b,1145112.3,10,https://ftp.ncbi.nlm.nih.gov/genomes/all/GCF/000/299/835/GCF_000299835.1_ASM29983v1,10,1145112.3.fna,GCF_000299835.1_ASM29983v1_genomic.fna, 1582461, 1582461,1145112.3.fna_vs_GCF_000299835.1_ASM29983v1_genomic.fna_blast.xml,0,0,0,0,0,0,0,0,1582461,0,0,0,0,0,0,1145112_subject_array_1739892077.bin
7773,1156994,HI049,1156994.3,10,https://ftp.ncbi.nlm.nih.gov/genomes/all/GCF/000/359/865/GCF_000359865.1_Stap_aure_HI049_V1,10,1156994.3.fna,GCF_000359865.1_Stap_aure_HI049_V1_genomic.fna, 2896459, 2900844,1156994.3.fna_vs_GCF_000359865.1_Stap_aure_HI049_V1_genomic.fna_blast.xml,0,0,0,0,0,0,0,4367,2896477,0,0,0,0,0,0,1156994_subject_array_1739892078.bin
7778,1156999,HI022,1156999.3,10,https://ftp.ncbi.nlm.nih.gov/genomes/all/GCF/000/359/805/GCF_000359805.1_Stap_aure_HI022_V1,10,1156999.3.fna,GCF_000359805.1_Stap_aure_HI022_V1_genomic.fna, 2842691, 2845606,1156999.3.fna_vs_GCF_000359805.1_Stap_aure_HI022_V1_genomic.fna_blast.xml,0,0,0,0,0,0,0,2875,2842722,0,0,1,8,0,0,1156999_subject_array_1739892079.bin
7779,1157000,HI049C,1157000.3,10,https://ftp.ncbi.nlm.nih.gov/genomes/all/GCF/000/359/845/GCF_000359845.1_Stap_aure_HI049C_V1,10,1157000.3.fna,GCF_000359845.1_Stap_aure_HI049C_V1_genomic.fna, 2912098, 2915328,1157000.3.fna_vs_GCF_000359845.1_Stap_aure_HI049C_V1_genomic.fna_blast.xml,0,0,0,0,0,0,0,3204,2912114,0,0,1,9,0,0,1157000_subject_array_1739892081.bin
8024,1158158,AKL10,1158158.3,10,https://ftp.ncbi.nlm.nih.gov/genomes/all/GCF/000/381/845/GCF_000381845.1_ASM38184v1,10,1158158.3.fna,GCF_000381845.1_ASM38184v1_genomic.fna, 2986102, 2986682,1158158.3.fna_vs_GCF_000381845.1_ASM38184v1_genomic.fna_blast.xml,0,0,0,0,0,0,3,580,2986068,0,3,15,13,0,0,1158158_subject_array_1739892082.bin
8099,1158498,M1520,1158498.3,10,https://ftp.ncbi.nlm.nih.gov/genomes/all/GCF/000/363/625/GCF_000363625.1_Stap_aure_M1520_V1,10,1158498.3.fna,GCF_000363625.1_Stap_aure_M1520_V1_genomic.fna, 2833336, 2846176,1158498.3.fna_vs_GCF_000363625.1_Stap_aure_M1520_V1_genomic.fna_blast.xml,0,0,0,0,0,0,0,12807,2833337,0,30,0,2,0,0,1158498_subject_array_1739892083.bin
8122,1158521,M0306,1158521.3,10,https://ftp.ncbi.nlm.nih.gov/genomes/all/GCF/000/360/705/GCF_000360705.1_Stap_aure_M0306_V1,10,1158521.3.fna,GCF_000360705.1_Stap_aure_M0306_V1_genomic.fna, 2891397, 2899129,1158521.3.fna_vs_GCF_000360705.1_Stap_aure_M0306_V1_genomic.fna_blast.xml,0,0,0,0,0,0,0,7699,2891429,0,0,0,1,0,0,1158521_subject_array_1739892084.bin
8262,1158761,ALJ12,1158761.3,10,https://ftp.ncbi.nlm.nih.gov/genomes/all/GCF/000/378/305/GCF_000378305.1_ASM37830v1,10,1158761.3.fna,GCF_000378305.1_ASM37830v1_genomic.fna, 2778287, 2779390,1158761.3.fna_vs_GCF_000378305.1_ASM37830v1_genomic.fna_blast.xml,0,0,0,0,0,0,0,1100,2778286,0,1,3,0,0,0,1158761_subject_array_1739892085.bin
8351,1159208,SPAR10,1159208.3,10,https://ftp.ncbi.nlm.nih.gov/genomes/all/GCF/000/279/535/GCF_000279535.1_ASM27953v1,10,1159208.3.fna,GCF_000279535.1_ASM27953v1_genomic.fna, 1758646, 1758646,1159208.3.fna_vs_GCF_000279535.1_ASM27953v1_genomic.fna_blast.xml,0,0,0,0,0,0,0,0,1758646,0,0,0,0,0,0,1159208_subject_array_1739892086.bin
8488,1160185,80/101,1160185.3,10,https://ftp.ncbi.nlm.nih.gov/genomes/all/GCF/000/370/225/GCF_000370225.1_Bruc_abor_80_101_V1,10,1160185.3.fna,GCF_000370225.1_Bruc_abor_80_101_V1_genomic.fna, 3278530, 3278730,1160185.3.fna_vs_GCF_000370225.1_Bruc_abor_80_101_V1_genomic.fna_blast.xml,0,0,0,0,0,0,0,200,3278530,0,0,0,0,0,0,1160185_subject_array_1739892087.bin
8503,1160202,F5/04-7,1160202.3,10,https://ftp.ncbi.nlm.nih.gov/genomes/all/GCF/000/370/425/GCF_000370425.1_Bruc_abor_F5_04-7_V1,10,1160202.3.fna,GCF_000370425.1_Bruc_abor_F5_04-7_V1_genomic.fna, 3279278, 3279933,1160202.3.fna_vs_GCF_000370425.1_Bruc_abor_F5_04-7_V1_genomic.fna_blast.xml,0,0,0,0,0,0,0,653,3279278,0,0,0,2,0,0,1160202_subject_array_1739892088.bin
8507,1160206,877/67,1160206.3,10,https://ftp.ncbi.nlm.nih.gov/genomes/all/GCF/000/370/325/GCF_000370325.1_Bruc_abor_877_67_V1,10,1160206.3.fna,GCF_000370325.1_Bruc_abor_877_67_V1_genomic.fna, 3278482, 3278582,1160206.3.fna_vs_GCF_000370325.1_Bruc_abor_877_67_V1_genomic.fna_blast.xml,0,0,0,0,0,0,0,100,3278482,0,0,0,0,0,0,1160206_subject_array_1739892089.bin
8518,1160218,R3/07-2,1160218.3,10,https://ftp.ncbi.nlm.nih.gov/genomes/all/GCF/000/367/025/GCF_000367025.1_Bruc_meli_R3_07-2_V1,10,1160218.3.fna,GCF_000367025.1_Bruc_meli_R3_07-2_V1_genomic.fna, 3300654, 3300654,1160218.3.fna_vs_GCF_000367025.1_Bruc_meli_R3_07-2_V1_genomic.fna_blast.xml,0,0,0,0,0,0,0,0,3300654,0,0,0,0,0,0,1160218_subject_array_1739892090.bin
8519,1160219,F1/06 B10,1160219.3,10,https://ftp.ncbi.nlm.nih.gov/genomes/all/GCF/000/370/645/GCF_000370645.1_Bruc_meli_F1_06_B10_V1,10,1160219.3.fna,GCF_000370645.1_Bruc_meli_F1_06_B10_V1_genomic.fna, 3296085, 3296860,1160219.3.fna_vs_GCF_000370645.1_Bruc_meli_F1_06_B10_V1_genomic.fna_blast.xml,0,0,0,0,0,0,0,775,3296085,0,0,0,0,0,0,1160219_subject_array_1739892092.bin
8528,1160228,63/261,1160228.3,10,https://ftp.ncbi.nlm.nih.gov/genomes/all/GCF/000/371/125/GCF_000371125.1_Bruc_suis_63_261_V1,10,1160228.3.fna,GCF_000371125.1_Bruc_suis_63_261_V1_genomic.fna, 3320162, 3321466,1160228.3.fna_vs_GCF_000371125.1_Bruc_suis_63_261_V1_genomic.fna_blast.xml,0,0,0,0,0,0,0,1304,3320162,0,0,0,0,0,0,1160228_subject_array_1739892093.bin
8533,1160233,92/29,1160233.3,10,https://ftp.ncbi.nlm.nih.gov/genomes/all/GCF/000/366/205/GCF_000366205.1_Bruc_suis_92_29_V1,10,1160233.3.fna,GCF_000366205.1_Bruc_suis_92_29_V1_genomic.fna, 3308809, 3308809,1160233.3.fna_vs_GCF_000366205.1_Bruc_suis_92_29_V1_genomic.fna_blast.xml,0,0,0,0,0,0,0,0,3308809,0,0,0,0,0,0,1160233_subject_array_1739892094.bin
8592,1160769,CVM 33836,1160769.32,10,https://ftp.ncbi.nlm.nih.gov/genomes/all/GCF/016/452/125/GCF_016452125.1_ASM1645212v1,10,1160769.32.fna,GCF_016452125.1_ASM1645212v1_genomic.fna, 5479495, 5479495,1160769.32.fna_vs_GCF_016452125.1_ASM1645212v1_genomic.fna_blast.xml,0,0,0,0,0,0,0,0,5479494,0,0,1,0,0,0,1160769_subject_array_1739892096.bin
8647,1162281,ITTR,1162281.3,10,https://ftp.ncbi.nlm.nih.gov/genomes/all/GCF/000/257/435/GCF_000257435.1_RcoIn1.0,10,1162281.3.fna,GCF_000257435.1_RcoIn1.0_genomic.fna, 1249482, 1249482,1162281.3.fna_vs_GCF_000257435.1_RcoIn1.0_genomic.fna_blast.xml,0,0,0,0,0,0,0,0,1249482,0,0,0,0,0,0,1162281_subject_array_1739892097.bin
8802,1169205,544,1169205.3,10,https://ftp.ncbi.nlm.nih.gov/genomes/all/GCF/000/369/945/GCF_000369945.1_Bruc_abor_544_V1,10,1169205.3.fna,GCF_000369945.1_Bruc_abor_544_V1_genomic.fna, 3289725, 3296863,1169205.3.fna_vs_GCF_000369945.1_Bruc_abor_544_V1_genomic.fna_blast.xml,0,0,0,0,0,0,0,7118,3289725,0,20,0,0,0,0,1169205_subject_array_1739892098.bin
8809,1169212,67/93,1169212.3,10,https://ftp.ncbi.nlm.nih.gov/genomes/all/GCF/000/370/165/GCF_000370165.1_Bruc_abor_67_93_V1,10,1169212.3.fna,GCF_000370165.1_Bruc_abor_67_93_V1_genomic.fna, 3303572, 3307750,1169212.3.fna_vs_GCF_000370165.1_Bruc_abor_67_93_V1_genomic.fna_blast.xml,0,0,0,0,0,0,0,4177,3303572,0,0,0,1,0,0,1169212_subject_array_1739892099.bin
8812,1169215,84/26,1169215.3,10,https://ftp.ncbi.nlm.nih.gov/genomes/all/GCF/000/370/265/GCF_000370265.1_Bruc_abor_84_26_V1,10,1169215.3.fna,GCF_000370265.1_Bruc_abor_84_26_V1_genomic.fna, 3302433, 3305799,1169215.3.fna_vs_GCF_000370265.1_Bruc_abor_84_26_V1_genomic.fna_blast.xml,0,0,0,0,0,0,0,3356,3302433,0,10,0,0,0,0,1169215_subject_array_1739892101.bin
8816,1169219,F10/05-11,1169219.3,10,https://ftp.ncbi.nlm.nih.gov/genomes/all/GCF/000/370/385/GCF_000370385.1_Bruc_abor_F10_05-11_V1,10,1169219.3.fna,GCF_000370385.1_Bruc_abor_F10_05-11_V1_genomic.fna, 3289520, 3292824,1169219.3.fna_vs_GCF_000370385.1_Bruc_abor_F10_05-11_V1_genomic.fna_blast.xml,0,0,0,0,0,0,0,3294,3289520,0,10,0,0,0,0,1169219_subject_array_1739892102.bin
8818,1169221,R42-08,1169221.3,10,https://ftp.ncbi.nlm.nih.gov/genomes/all/GCF/000/370/565/GCF_000370565.1_Bruc_abor_R42-08_V1,10,1169221.3.fna,GCF_000370565.1_Bruc_abor_R42-08_V1_genomic.fna, 3287838, 3291715,1169221.3.fna_vs_GCF_000370565.1_Bruc_abor_R42-08_V1_genomic.fna_blast.xml,0,0,0,0,0,0,0,3845,3287840,0,30,0,0,0,0,1169221_subject_array_1739892103.bin
8822,1169225,F6/05-6,1169225.3,10,https://ftp.ncbi.nlm.nih.gov/genomes/all/GCF/000/367/005/GCF_000367005.1_Bruc_meli_F6_05-6_V1,10,1169225.3.fna,GCF_000367005.1_Bruc_meli_F6_05-6_V1_genomic.fna, 3298746, 3298746,1169225.3.fna_vs_GCF_000367005.1_Bruc_meli_F6_05-6_V1_genomic.fna_blast.xml,0,0,0,0,0,0,0,0,3298746,0,0,0,0,0,0,1169225_subject_array_1739892104.bin
8826,1169229,UK31/99,1169229.3,10,https://ftp.ncbi.nlm.nih.gov/genomes/all/GCF/000/370/845/GCF_000370845.1_Bruc_meli_UK31_99_V1,10,1169229.3.fna,GCF_000370845.1_Bruc_meli_UK31_99_V1_genomic.fna, 3322249, 3323800,1169229.3.fna_vs_GCF_000370845.1_Bruc_meli_UK31_99_V1_genomic.fna_blast.xml,0,0,0,0,0,0,0,1541,3322249,0,10,0,0,0,0,1169229_subject_array_1739892106.bin
8851,1169256,M0964,1169256.3,10,https://ftp.ncbi.nlm.nih.gov/genomes/all/GCF/000/362/325/GCF_000362325.1_Stap_aure_M0964_V1,10,1169256.3.fna,GCF_000362325.1_Stap_aure_M0964_V1_genomic.fna, 2880400, 2880620,1169256.3.fna_vs_GCF_000362325.1_Stap_aure_M0964_V1_genomic.fna_blast.xml,0,0,0,0,0,0,0,220,2880400,0,0,0,0,0,0,1169256_subject_array_1739892107.bin
8889,1169294,T9,1169294.3,10,https://ftp.ncbi.nlm.nih.gov/genomes/all/GCF/000/393/035/GCF_000393035.1_Ente_faec_T9_V1,10,1169294.3.fna,GCF_000393035.1_Ente_faec_T9_V1_genomic.fna, 2987641, 2991936,1169294.3.fna_vs_GCF_000393035.1_Ente_faec_T9_V1_genomic.fna_blast.xml,0,0,0,0,0,0,0,4285,2987641,0,10,0,0,0,0,1169294_subject_array_1739892108.bin
9179,1173585,HKCCA0519,1173585.24,10,https://ftp.ncbi.nlm.nih.gov/genomes/all/GCF/013/032/845/GCF_013032845.1_ASM1303284v1,10,1173585.24.fna,GCF_013032845.1_ASM1303284v1_genomic.fna, 3749616, 3749616,1173585.24.fna_vs_GCF_013032845.1_ASM1303284v1_genomic.fna_blast.xml,0,0,0,0,0,0,0,0,3749616,0,0,0,0,0,0,1173585_subject_array_1739892109.bin
9202,1173585,HKCCD6232,1173585.11,10,https://ftp.ncbi.nlm.nih.gov/genomes/all/GCF/013/030/305/GCF_013030305.1_ASM1303030v1,10,1173585.11.fna,GCF_013030305.1_ASM1303030v1_genomic.fna, 3812334, 3812334,1173585.11.fna_vs_GCF_013030305.1_ASM1303030v1_genomic.fna_blast.xml,0,0,0,0,0,0,0,0,3812334,0,0,0,0,0,0,1173585_subject_array_1739892111.bin
9213,1173585,HKCCD9083,1173585.9,10,https://ftp.ncbi.nlm.nih.gov/genomes/all/GCF/013/030/235/GCF_013030235.1_ASM1303023v1,10,1173585.9.fna,GCF_013030235.1_ASM1303023v1_genomic.fna, 3789683, 3789683,1173585.9.fna_vs_GCF_013030235.1_ASM1303023v1_genomic.fna_blast.xml,0,0,0,0,0,0,0,0,3789683,0,0,0,0,0,0,1173585_subject_array_1739892112.bin
9688,1183413,DG3-1,1183413.7,10,https://ftp.ncbi.nlm.nih.gov/genomes/all/GCF/019/048/945/GCF_019048945.1_ASM1904894v1,10,1183413.7.fna,GCF_019048945.1_ASM1904894v1_genomic.fna, 6181010, 6181010,1183413.7.fna_vs_GCF_019048945.1_ASM1904894v1_genomic.fna_blast.xml,0,0,0,0,0,0,0,0,6181010,0,0,0,0,0,0,1183413_subject_array_1739892115.bin
9729,1185324,CECT 5714,1185324.5,10,https://ftp.ncbi.nlm.nih.gov/genomes/all/GCF/019/192/945/GCF_019192945.1_ASM1919294v1,10,1185324.5.fna,GCF_019192945.1_ASM1919294v1_genomic.fna, 1920050, 1920050,1185324.5.fna_vs_GCF_019192945.1_ASM1919294v1_genomic.fna_blast.xml,0,0,0,0,0,0,0,0,1920050,0,0,0,0,0,0,1185324_subject_array_1739892115.bin
10173,1185650,531,1185650.754,10,https://ftp.ncbi.nlm.nih.gov/genomes/all/GCF/900/139/925/GCF_900139925.1_10660_1_42,10,1185650.754.fna,GCF_900139925.1_10660_1_42_genomic.fna, 4836479, 4836479,1185650.754.fna_vs_GCF_900139925.1_10660_1_42_genomic.fna_blast.xml,0,0,0,0,0,0,0,0,4836477,0,2,0,0,0,0,1185650_subject_array_1739892117.bin
10210,1185650,591,1185650.98,10,https://ftp.ncbi.nlm.nih.gov/genomes/all/GCF/900/140/545/GCF_900140545.1_10702_1_20,10,1185650.98.fna,GCF_900140545.1_10702_1_20_genomic.fna, 4818729, 4818729,1185650.98.fna_vs_GCF_900140545.1_10702_1_20_genomic.fna_blast.xml,0,0,0,0,0,0,2,0,4818720,0,1,6,0,0,0,1185650_subject_array_1739892119.bin
10226,1185650,608,1185650.72,10,https://ftp.ncbi.nlm.nih.gov/genomes/all/GCF/900/139/815/GCF_900139815.1_10660_1_26,10,1185650.72.fna,GCF_900139815.1_10660_1_26_genomic.fna, 4965306, 4965306,1185650.72.fna_vs_GCF_900139815.1_10660_1_26_genomic.fna_blast.xml,0,0,0,0,0,0,0,0,4965305,0,0,1,0,0,0,1185650_subject_array_1739892120.bin
10315,1185650,706,1185650.174,10,https://ftp.ncbi.nlm.nih.gov/genomes/all/GCF/900/139/675/GCF_900139675.1_10660_1_1,10,1185650.174.fna,GCF_900139675.1_10660_1_1_genomic.fna, 5017737, 5017737,1185650.174.fna_vs_GCF_900139675.1_10660_1_1_genomic.fna_blast.xml,0,0,0,0,0,0,0,0,5017737,0,0,0,0,0,0,1185650_subject_array_1739892122.bin
10369,1185650,779,1185650.524,10,https://ftp.ncbi.nlm.nih.gov/genomes/all/GCF/900/134/155/GCF_900134155.1_11861_7_48,10,1185650.524.fna,GCF_900134155.1_11861_7_48_genomic.fna, 5198561, 5198561,1185650.524.fna_vs_GCF_900134155.1_11861_7_48_genomic.fna_blast.xml,0,0,0,0,0,0,0,9031,5189513,0,0,4,13,0,0,1185650_subject_array_1739892124.bin
10464,1185650,944,1185650.397,10,https://ftp.ncbi.nlm.nih.gov/genomes/all/GCF/900/133/775/GCF_900133775.1_12163_1_22,10,1185650.397.fna,GCF_900133775.1_12163_1_22_genomic.fna, 4891140, 4891140,1185650.397.fna_vs_GCF_900133775.1_12163_1_22_genomic.fna_blast.xml,0,0,0,0,0,0,0,3580,4887557,0,0,1,2,0,0,1185650_subject_array_1739892125.bin
10503,1185650,A137,1185650.903,10,https://ftp.ncbi.nlm.nih.gov/genomes/all/GCF/002/802/075/GCF_002802075.1_ASM280207v1,10,1185650.903.fna,GCF_002802075.1_ASM280207v1_genomic.fna, 4932758, 4932758,1185650.903.fna_vs_GCF_002802075.1_ASM280207v1_genomic.fna_blast.xml,0,0,0,0,0,0,0,0,4932758,0,0,0,0,0,0,1185650_subject_array_1739892127.bin
10508,1185650,A197,1185650.838,10,https://ftp.ncbi.nlm.nih.gov/genomes/all/GCF/002/800/585/GCF_002800585.1_ASM280058v1,10,1185650.838.fna,GCF_002800585.1_ASM280058v1_genomic.fna, 4875652, 4875652,1185650.838.fna_vs_GCF_002800585.1_ASM280058v1_genomic.fna_blast.xml,0,0,0,0,0,0,0,0,4875652,0,0,0,0,0,0,1185650_subject_array_1739892129.bin
10664,1185650,T545,1185650.1184,10,https://ftp.ncbi.nlm.nih.gov/genomes/all/GCF/030/515/085/GCF_030515085.1_ASM3051508v1,10,1185650.1184.fna,GCF_030515085.1_ASM3051508v1_genomic.fna, 4920047, 4920047,1185650.1184.fna_vs_GCF_030515085.1_ASM3051508v1_genomic.fna_blast.xml,0,0,0,0,0,0,0,0,4920047,0,0,0,0,0,0,1185650_subject_array_1739892130.bin
10665,1185650,T5538,1185650.1181,10,https://ftp.ncbi.nlm.nih.gov/genomes/all/GCF/030/514/365/GCF_030514365.1_ASM3051436v1,10,1185650.1181.fna,GCF_030514365.1_ASM3051436v1_genomic.fna, 5058240, 5058240,1185650.1181.fna_vs_GCF_030514365.1_ASM3051436v1_genomic.fna_blast.xml,0,0,0,0,0,0,0,0,5058240,0,0,0,0,0,0,1185650_subject_array_1739892132.bin
10672,1185650,T6814,1185650.1169,10,https://ftp.ncbi.nlm.nih.gov/genomes/all/GCF/030/514/175/GCF_030514175.1_ASM3051417v1,10,1185650.1169.fna,GCF_030514175.1_ASM3051417v1_genomic.fna, 5026434, 5026434,1185650.1169.fna_vs_GCF_030514175.1_ASM3051417v1_genomic.fna_blast.xml,0,0,0,0,0,0,0,0,5026182,0,0,0,252,0,0,1185650_subject_array_1739892134.bin
10682,1185650,T8845,1185650.1228,10,https://ftp.ncbi.nlm.nih.gov/genomes/all/GCF/030/513/865/GCF_030513865.1_ASM3051386v1,10,1185650.1228.fna,GCF_030513865.1_ASM3051386v1_genomic.fna, 5048580, 5048580,1185650.1228.fna_vs_GCF_030513865.1_ASM3051386v1_genomic.fna_blast.xml,0,0,0,0,0,0,0,0,5048030,0,0,0,550,0,0,1185650_subject_array_1739892135.bin
11324,119857,19KM1164,119857.225,10,https://ftp.ncbi.nlm.nih.gov/genomes/all/GCF/014/243/115/GCF_014243115.1_ASM1424311v1,10,119857.225.fna,GCF_014243115.1_ASM1424311v1_genomic.fna, 1859363, 1859363,119857.225.fna_vs_GCF_014243115.1_ASM1424311v1_genomic.fna_blast.xml,0,0,0,0,0,0,0,0,1859363,0,0,0,0,0,0,119857_subject_array_1739892137.bin
11583,1198683,CNGB 247,1198683.3,10,https://ftp.ncbi.nlm.nih.gov/genomes/all/GCF/000/371/145/GCF_000371145.1_Bruc_suis_CNGB_247_V1,10,1198683.3.fna,GCF_000371145.1_Bruc_suis_CNGB_247_V1_genomic.fna, 3306444, 3306601,1198683.3.fna_vs_GCF_000371145.1_Bruc_suis_CNGB_247_V1_genomic.fna_blast.xml,0,0,0,0,0,0,0,157,3306444,0,0,0,0,0,0,1198683_subject_array_1739892138.bin
11598,1198698,78/32,1198698.3,10,https://ftp.ncbi.nlm.nih.gov/genomes/all/GCF/000/370/205/GCF_000370205.1_Bruc_abor_78_32_V1,10,1198698.3.fna,GCF_000370205.1_Bruc_abor_78_32_V1_genomic.fna, 3281782, 3282227,1198698.3.fna_vs_GCF_000370205.1_Bruc_abor_78_32_V1_genomic.fna_blast.xml,0,0,0,0,0,0,0,445,3281782,0,0,0,0,0,0,1198698_subject_array_1739892139.bin
11691,1201290,BAL6_X,1201290.3,10,https://ftp.ncbi.nlm.nih.gov/genomes/all/GCF/000/443/995/GCF_000443995.1_Hybrid_CA1_filtered,10,1201290.3.fna,GCF_000443995.1_Hybrid_CA1_filtered_genomic.fna, 3233679, 3233679,1201290.3.fna_vs_GCF_000443995.1_Hybrid_CA1_filtered_genomic.fna_blast.xml,0,0,0,0,0,0,0,0,3233679,0,0,0,0,0,0,1201290_subject_array_1739892140.bin
11754,1203561,KPL1824,1203561.3,10,https://ftp.ncbi.nlm.nih.gov/genomes/all/GCF/000/478/095/GCF_000478095.1_Cory_sp_KPL1824_V1,10,1203561.3.fna,GCF_000478095.1_Cory_sp_KPL1824_V1_genomic.fna, 2626959, 2638979,1203561.3.fna_vs_GCF_000478095.1_Cory_sp_KPL1824_V1_genomic.fna_blast.xml,0,0,0,0,0,0,0,12000,2626960,0,0,0,19,0,0,1203561_subject_array_1739892141.bin
11811,1206085,DSM 45627,1206085.4,10,https://ftp.ncbi.nlm.nih.gov/genomes/all/GCF/900/129/455/GCF_900129455.1_IMG-taxon_2695420949_annotated_assembly,10,1206085.4.fna,GCF_900129455.1_IMG-taxon_2695420949_annotated_assembly_genomic.fna, 4480046, 4480046,1206085.4.fna_vs_GCF_900129455.1_IMG-taxon_2695420949_annotated_assembly_genomic.fna_blast.xml,0,0,0,0,0,0,0,0,4480045,0,0,1,0,0,0,1206085_subject_array_1739892142.bin
12018,1211806,CGMCC 1.12274,1211806.3,10,https://ftp.ncbi.nlm.nih.gov/genomes/all/GCF/002/813/245/GCF_002813245.1_ASM281324v1,10,1211806.3.fna,GCF_002813245.1_ASM281324v1_genomic.fna, 3495912, 3495912,1211806.3.fna_vs_GCF_002813245.1_ASM281324v1_genomic.fna_blast.xml,0,0,0,0,0,0,0,0,3495912,0,0,0,0,0,0,1211806_subject_array_1739892144.bin
12458,1218494,F044-1,1218494.18,10,https://ftp.ncbi.nlm.nih.gov/genomes/all/GCF/019/972/795/GCF_019972795.1_ASM1997279v1,10,1218494.18.fna,GCF_019972795.1_ASM1997279v1_genomic.fna, 1920498, 1920498,1218494.18.fna_vs_GCF_019972795.1_ASM1997279v1_genomic.fna_blast.xml,0,0,0,0,0,0,0,0,1920498,0,0,0,0,0,0,1218494_subject_array_1739892144.bin
12589,1220511,wVulC,1220511.4,10,https://ftp.ncbi.nlm.nih.gov/genomes/all/GCF/001/027/565/GCF_001027565.1_ASM102756v1,10,1220511.4.fna,GCF_001027565.1_ASM102756v1_genomic.fna, 1663741, 1663741,1220511.4.fna_vs_GCF_001027565.1_ASM102756v1_genomic.fna_blast.xml,0,0,0,0,0,0,0,0,1663741,0,0,0,0,0,0,1220511_subject_array_1739892145.bin
12848,1225127,DSM 45962,1225127.3,10,https://ftp.ncbi.nlm.nih.gov/genomes/all/GCF/900/112/525/GCF_900112525.1_IMG-taxon_2599185298_annotated_assembly,10,1225127.3.fna,GCF_900112525.1_IMG-taxon_2599185298_annotated_assembly_genomic.fna, 4316910, 4316910,1225127.3.fna_vs_GCF_900112525.1_IMG-taxon_2599185298_annotated_assembly_genomic.fna_blast.xml,0,0,0,0,0,0,1,0,4316905,0,2,2,0,0,0,1225127_subject_array_1739892147.bin
13324,1238,Ps-2192A,1238.370,10,https://ftp.ncbi.nlm.nih.gov/genomes/all/GCF/012/272/975/GCF_012272975.1_ASM1227297v1,10,1238.370.fna,GCF_012272975.1_ASM1227297v1_genomic.fna, 3701548, 3701548,1238.370.fna_vs_GCF_012272975.1_ASM1227297v1_genomic.fna_blast.xml,0,0,0,0,0,0,0,0,3701548,0,0,0,0,0,0,1238_subject_array_1739892160.bin
13326,1238,Ps-8942B,1238.368,10,https://ftp.ncbi.nlm.nih.gov/genomes/all/GCF/010/092/565/GCF_010092565.1_ASM1009256v1,10,1238.368.fna,GCF_010092565.1_ASM1009256v1_genomic.fna, 3713500, 3713500,1238.368.fna_vs_GCF_010092565.1_ASM1009256v1_genomic.fna_blast.xml,0,0,0,0,0,0,0,0,3713500,0,0,0,0,0,0,1238_subject_array_1739892178.bin
13419,123824,DSM 25797,123824.4,10,https://ftp.ncbi.nlm.nih.gov/genomes/all/GCF/003/814/575/GCF_003814575.1_ASM381457v1,10,123824.4.fna,GCF_003814575.1_ASM381457v1_genomic.fna, 2124926, 2124926,123824.4.fna_vs_GCF_003814575.1_ASM381457v1_genomic.fna_blast.xml,0,0,0,0,0,0,0,0,2124926,0,0,0,0,0,0,123824_subject_array_1739892179.bin
13681,1245,Dm-2019-12,1245.241,10,https://ftp.ncbi.nlm.nih.gov/genomes/all/GCF/018/257/055/GCF_018257055.1_ASM1825705v1,10,1245.241.fna,GCF_018257055.1_ASM1825705v1_genomic.fna, 2110548, 2110548,1245.241.fna_vs_GCF_018257055.1_ASM1825705v1_genomic.fna_blast.xml,0,0,0,0,0,0,0,0,2110548,0,0,0,0,0,0,1245_subject_array_1739892180.bin
13682,1245,F-21,1245.629,10,https://ftp.ncbi.nlm.nih.gov/genomes/all/GCF/030/668/605/GCF_030668605.1_ASM3066860v1,10,1245.629.fna,GCF_030668605.1_ASM3066860v1_genomic.fna, 1899844, 1899844,1245.629.fna_vs_GCF_030668605.1_ASM3066860v1_genomic.fna_blast.xml,0,0,0,0,0,0,0,0,1899844,0,0,0,0,0,0,1245_subject_array_1739892181.bin
13815,1245,WC0331,1245.167,10,https://ftp.ncbi.nlm.nih.gov/genomes/all/GCF/008/690/745/GCF_008690745.1_ASM869074v1,10,1245.167.fna,GCF_008690745.1_ASM869074v1_genomic.fna, 2018130, 2018130,1245.167.fna_vs_GCF_008690745.1_ASM869074v1_genomic.fna_blast.xml,0,0,0,0,0,0,0,97,2018032,0,1,0,0,0,0,1245_subject_array_1739892181.bin
14186,1249,WpK4,1249.20,10,https://ftp.ncbi.nlm.nih.gov/genomes/all/GCF/004/214/915/GCF_004214915.1_ASM421491v1,10,1249.20.fna,GCF_004214915.1_ASM421491v1_genomic.fna, 2039164, 2039164,1249.20.fna_vs_GCF_004214915.1_ASM421491v1_genomic.fna_blast.xml,0,0,0,0,0,0,0,96,2039068,0,0,0,0,0,0,1249_subject_array_1739892182.bin
14372,1254,FAM19071,1254.201,10,https://ftp.ncbi.nlm.nih.gov/genomes/all/GCF/009/807/905/GCF_009807905.1_ASM980790v1,10,1254.201.fna,GCF_009807905.1_ASM980790v1_genomic.fna, 2044227, 2044227,1254.201.fna_vs_GCF_009807905.1_ASM980790v1_genomic.fna_blast.xml,0,0,0,0,0,0,0,0,2044227,0,0,0,0,0,0,1254_subject_array_1739892183.bin
14591,1255,FAM 20746,1255.167,10,https://ftp.ncbi.nlm.nih.gov/genomes/all/GCF/015/613/005/GCF_015613005.1_ASM1561300v1,10,1255.167.fna,GCF_015613005.1_ASM1561300v1_genomic.fna, 1853328, 1853328,1255.167.fna_vs_GCF_015613005.1_ASM1561300v1_genomic.fna_blast.xml,0,0,0,0,0,0,0,200,1853128,0,0,0,0,0,0,1255_subject_array_1739892183.bin
14661,1255,SPARC2,1255.323,10,https://ftp.ncbi.nlm.nih.gov/genomes/all/GCF/019/793/535/GCF_019793535.1_SPARC2,10,1255.323.fna,GCF_019793535.1_SPARC2_genomic.fna, 1736516, 1736516,1255.323.fna_vs_GCF_019793535.1_SPARC2_genomic.fna_blast.xml,0,0,0,0,0,0,0,0,1736516,0,0,0,0,0,0,1255_subject_array_1739892184.bin
14747,1257041,ATCC 25175,1257041.3,10,https://ftp.ncbi.nlm.nih.gov/genomes/all/GCF/000/347/875/GCF_000347875.1_ATCC25175_V1,10,1257041.3.fna,GCF_000347875.1_ATCC25175_V1_genomic.fna, 1999673, 1999673,1257041.3.fna_vs_GCF_000347875.1_ATCC25175_V1_genomic.fna_blast.xml,0,0,0,0,0,0,0,0,1999673,0,0,0,0,0,0,1257041_subject_array_1739892185.bin
14947,1261403,DSM 27148,1261403.3,10,https://ftp.ncbi.nlm.nih.gov/genomes/all/GCF/003/610/535/GCF_003610535.1_ASM361053v1,10,1261403.3.fna,GCF_003610535.1_ASM361053v1_genomic.fna, 5800440, 5800440,1261403.3.fna_vs_GCF_003610535.1_ASM361053v1_genomic.fna_blast.xml,0,0,0,0,0,0,0,305,5800135,0,0,0,0,0,0,1261403_subject_array_1739892187.bin
15310,1267423,p014b,1267423.21,10,https://ftp.ncbi.nlm.nih.gov/genomes/all/GCF/024/105/415/GCF_024105415.1_ASM2410541v1,10,1267423.21.fna,GCF_024105415.1_ASM2410541v1_genomic.fna, 4700298, 4700298,1267423.21.fna_vs_GCF_024105415.1_ASM2410541v1_genomic.fna_blast.xml,0,0,0,0,0,0,0,0,4700298,0,0,0,0,0,0,1267423_subject_array_1739892188.bin
16282,1280,18/1-3 SG,1280.31247,10,https://ftp.ncbi.nlm.nih.gov/genomes/all/GCF/016/425/155/GCF_016425155.1_ASM1642515v1,10,1280.31247.fna,GCF_016425155.1_ASM1642515v1_genomic.fna, 2725849, 2725849,1280.31247.fna_vs_GCF_016425155.1_ASM1642515v1_genomic.fna_blast.xml,0,0,0,0,0,0,0,0,2725849,0,0,0,0,0,0,1280_subject_array_1739892189.bin
16434,1280,23/11-13 HW,1280.31275,10,https://ftp.ncbi.nlm.nih.gov/genomes/all/GCF/016/425/745/GCF_016425745.1_ASM1642574v1,10,1280.31275.fna,GCF_016425745.1_ASM1642574v1_genomic.fna, 2724748, 2724748,1280.31275.fna_vs_GCF_016425745.1_ASM1642574v1_genomic.fna_blast.xml,0,0,0,0,0,0,0,0,2724748,0,0,0,0,0,0,1280_subject_array_1739892190.bin
16758,1280,363P,1280.14673,10,https://ftp.ncbi.nlm.nih.gov/genomes/all/GCF/002/572/865/GCF_002572865.1_ASM257286v1,10,1280.14673.fna,GCF_002572865.1_ASM257286v1_genomic.fna, 2824187, 2824187,1280.14673.fna_vs_GCF_002572865.1_ASM257286v1_genomic.fna_blast.xml,0,0,0,0,0,0,0,1874,2822313,0,0,0,0,0,0,1280_subject_array_1739892191.bin
18507,1280,BSN39,1280.50126,10,https://ftp.ncbi.nlm.nih.gov/genomes/all/GCF/036/628/495/GCF_036628495.1_ASM3662849v1,10,1280.50126.fna,GCF_036628495.1_ASM3662849v1_genomic.fna, 2716300, 2716300,1280.50126.fna_vs_GCF_036628495.1_ASM3662849v1_genomic.fna_blast.xml,0,0,0,0,0,0,0,0,2716300,0,0,0,0,0,0,1280_subject_array_1739892192.bin
18625,1280,BZ-26,1280.45023,10,https://ftp.ncbi.nlm.nih.gov/genomes/all/GCF/027/944/125/GCF_027944125.1_ASM2794412v1,10,1280.45023.fna,GCF_027944125.1_ASM2794412v1_genomic.fna, 1212551, 2673942,1280.45023.fna_vs_GCF_027944125.1_ASM2794412v1_genomic.fna_blast.xml,0,0,50,16,0,0,43,1444467,1221045,0,71,1182,6984,0,84,1280_subject_array_1739892193.bin
21398,1280,JSNZ,1280.18563,10,https://ftp.ncbi.nlm.nih.gov/genomes/all/GCF/003/717/315/GCF_003717315.1_ASM371731v1,10,1280.18563.fna,GCF_003717315.1_ASM371731v1_genomic.fna, 2692570, 2692570,1280.18563.fna_vs_GCF_003717315.1_ASM371731v1_genomic.fna_blast.xml,0,0,0,0,0,0,0,100,2692470,0,0,0,0,0,0,1280_subject_array_1739892194.bin
21541,1280,KM218,1280.30924,10,https://ftp.ncbi.nlm.nih.gov/genomes/all/GCF/015/277/655/GCF_015277655.1_ASM1527765v1,10,1280.30924.fna,GCF_015277655.1_ASM1527765v1_genomic.fna, 2799428, 2799428,1280.30924.fna_vs_GCF_015277655.1_ASM1527765v1_genomic.fna_blast.xml,0,0,0,0,0,0,0,1200,2798228,0,0,0,0,0,0,1280_subject_array_1739892195.bin
23753,1280,SA803,1280.41603,10,https://ftp.ncbi.nlm.nih.gov/genomes/all/GCF/023/655/255/GCF_023655255.1_ASM2365525v1,10,1280.41603.fna,GCF_023655255.1_ASM2365525v1_genomic.fna, 2730615, 2730615,1280.41603.fna_vs_GCF_023655255.1_ASM2365525v1_genomic.fna_blast.xml,0,0,0,0,0,0,0,583,2730032,0,0,0,0,0,0,1280_subject_array_1739892196.bin
23765,1280,SA975,1280.41598,10,https://ftp.ncbi.nlm.nih.gov/genomes/all/GCF/023/655/135/GCF_023655135.1_ASM2365513v1,10,1280.41598.fna,GCF_023655135.1_ASM2365513v1_genomic.fna, 2729473, 2729473,1280.41598.fna_vs_GCF_023655135.1_ASM2365513v1_genomic.fna_blast.xml,0,0,0,0,0,0,0,666,2728807,0,0,0,0,0,0,1280_subject_array_1739892197.bin
25625,1280,YNSA274,1280.21123,10,https://ftp.ncbi.nlm.nih.gov/genomes/all/GCF/005/861/815/GCF_005861815.1_ASM586181v1,10,1280.21123.fna,GCF_005861815.1_ASM586181v1_genomic.fna, 2773710, 2773710,1280.21123.fna_vs_GCF_005861815.1_ASM586181v1_genomic.fna_blast.xml,0,0,0,0,0,0,0,90,2773620,0,0,0,0,0,0,1280_subject_array_1739892198.bin
25826,1280,sp17,1280.3382,10,https://ftp.ncbi.nlm.nih.gov/genomes/all/GCF/000/981/055/GCF_000981055.1_ASM98105v1,10,1280.3382.fna,GCF_000981055.1_ASM98105v1_genomic.fna, 2684712, 2684712,1280.3382.fna_vs_GCF_000981055.1_ASM98105v1_genomic.fna_blast.xml,0,0,0,0,0,0,0,0,2684712,0,0,0,0,0,0,1280_subject_array_1739892199.bin
26455,1282,252,1282.3956,10,https://ftp.ncbi.nlm.nih.gov/genomes/all/GCF/014/156/385/GCF_014156385.1_ASM1415638v1,10,1282.3956.fna,GCF_014156385.1_ASM1415638v1_genomic.fna, 2515570, 2515570,1282.3956.fna_vs_GCF_014156385.1_ASM1415638v1_genomic.fna_blast.xml,0,0,0,0,0,0,0,532,2515036,0,0,0,2,0,0,1282_subject_array_1739892200.bin
27005,1282,EYE_701,1282.4908,10,https://ftp.ncbi.nlm.nih.gov/genomes/all/GCF/023/147/255/GCF_023147255.1_ASM2314725v1,10,1282.4908.fna,GCF_023147255.1_ASM2314725v1_genomic.fna, 2326800, 2326800,1282.4908.fna_vs_GCF_023147255.1_ASM2314725v1_genomic.fna_blast.xml,0,0,0,0,0,0,0,0,2326800,0,0,0,0,0,0,1282_subject_array_1739892200.bin
28405,1283299,Iso977N,1283299.3,10,https://ftp.ncbi.nlm.nih.gov/genomes/all/GCF/000/424/625/GCF_000424625.1_ASM42462v1,10,1283299.3.fna,GCF_000424625.1_ASM42462v1_genomic.fna, 5695228, 5695417,1283299.3.fna_vs_GCF_000424625.1_ASM42462v1_genomic.fna_blast.xml,0,0,0,0,0,0,1,155,5695237,0,2,3,18,0,1,1283299_subject_array_1739892202.bin
28541,1286,DRD-34,1286.208,10,https://ftp.ncbi.nlm.nih.gov/genomes/all/GCF/030/971/165/GCF_030971165.1_ASM3097116v1,10,1286.208.fna,GCF_030971165.1_ASM3097116v1_genomic.fna, 2565441, 2565441,1286.208.fna_vs_GCF_030971165.1_ASM3097116v1_genomic.fna_blast.xml,0,0,0,0,0,0,0,996,2564420,0,2,23,0,0,0,1286_subject_array_1739892203.bin
28795,1288,47-83,1288.102,10,https://ftp.ncbi.nlm.nih.gov/genomes/all/GCF/900/098/615/GCF_900098615.1_10900_2_26,10,1288.102.fna,GCF_900098615.1_10900_2_26_genomic.fna, 2794368, 2794368,1288.102.fna_vs_GCF_900098615.1_10900_2_26_genomic.fna_blast.xml,0,0,0,0,0,0,0,0,2794368,0,0,0,0,0,0,1288_subject_array_1739892204.bin
28806,1288,DSM 28566,1288.338,10,https://ftp.ncbi.nlm.nih.gov/genomes/all/GCF/024/621/885/GCF_024621885.1_ASM2462188v1,10,1288.338.fna,GCF_024621885.1_ASM2462188v1_genomic.fna, 2712559, 2712559,1288.338.fna_vs_GCF_024621885.1_ASM2462188v1_genomic.fna_blast.xml,0,0,0,0,0,0,0,0,2712559,0,0,0,0,0,0,1288_subject_array_1739892205.bin
29629,129339,BGSC 92A1,129339.4,10,https://ftp.ncbi.nlm.nih.gov/genomes/all/GCF/002/217/665/GCF_002217665.1_ASM221766v1,10,129339.4.fna,GCF_002217665.1_ASM221766v1_genomic.fna, 3357711, 3357711,129339.4.fna_vs_GCF_002217665.1_ASM221766v1_genomic.fna_blast.xml,0,0,0,0,0,0,0,0,3357711,0,0,0,0,0,0,129339_subject_array_1739892206.bin
29651,1293904,Ver075,1293904.3,10,https://ftp.ncbi.nlm.nih.gov/genomes/all/GCF/000/709/855/GCF_000709855.1_Bart_baci_Ver075_V1,10,1293904.3.fna,GCF_000709855.1_Bart_baci_Ver075_V1_genomic.fna, 1412164, 1413194,1293904.3.fna_vs_GCF_000709855.1_Bart_baci_Ver075_V1_genomic.fna_blast.xml,0,0,0,0,0,0,0,1000,1412164,0,30,0,0,0,0,1293904_subject_array_1739892207.bin
29653,1293906,Cond044,1293906.3,10,https://ftp.ncbi.nlm.nih.gov/genomes/all/GCF/000/709/775/GCF_000709775.1_Bart_baci_Cond044_V1,10,1293906.3.fna,GCF_000709775.1_Bart_baci_Cond044_V1_genomic.fna, 1433055, 1439147,1293906.3.fna_vs_GCF_000709775.1_Bart_baci_Cond044_V1_genomic.fna_blast.xml,0,0,0,0,0,0,0,6072,1433055,0,20,0,0,0,0,1293906_subject_array_1739892208.bin
29804,1295773,TKK_02_0057,1295773.3,10,https://ftp.ncbi.nlm.nih.gov/genomes/all/GCF/000/659/785/GCF_000659785.1_Myco_tube_TKK_02_0057_V1,10,1295773.3.fna,GCF_000659785.1_Myco_tube_TKK_02_0057_V1_genomic.fna, 4406101, 4407771,1295773.3.fna_vs_GCF_000659785.1_Myco_tube_TKK_02_0057_V1_genomic.fna_blast.xml,0,0,0,0,0,0,0,1531,4406162,0,70,2,6,0,0,1295773_subject_array_1739892209.bin
30106,1296,UFMG-H6,1296.155,10,https://ftp.ncbi.nlm.nih.gov/genomes/all/GCF/012/102/515/GCF_012102515.1_ASM1210251v1,10,1296.155.fna,GCF_012102515.1_ASM1210251v1_genomic.fna, 2764112, 2764112,1296.155.fna_vs_GCF_012102515.1_ASM1210251v1_genomic.fna_blast.xml,0,0,0,0,0,0,0,100,2764012,0,0,0,0,0,0,1296_subject_array_1739892210.bin
30520,1302,A11129118,1302.552,10,https://ftp.ncbi.nlm.nih.gov/genomes/all/GCF/026/783/125/GCF_026783125.1_ASM2678312v1,10,1302.552.fna,GCF_026783125.1_ASM2678312v1_genomic.fna, 2249164, 2249164,1302.552.fna_vs_GCF_026783125.1_ASM2678312v1_genomic.fna_blast.xml,0,0,0,0,0,0,0,676,2248488,0,0,0,0,0,0,1302_subject_array_1739892211.bin
30523,1302,A14000093,1302.549,10,https://ftp.ncbi.nlm.nih.gov/genomes/all/GCF/026/783/065/GCF_026783065.1_ASM2678306v1,10,1302.549.fna,GCF_026783065.1_ASM2678306v1_genomic.fna, 2212403, 2212403,1302.549.fna_vs_GCF_026783065.1_ASM2678306v1_genomic.fna_blast.xml,0,0,0,0,0,0,0,0,2212403,0,0,0,0,0,0,1302_subject_array_1739892212.bin
30638,1302690,RG1-1,1302690.5,10,https://ftp.ncbi.nlm.nih.gov/genomes/all/GCF/001/953/305/GCF_001953305.1_ASM195330v1,10,1302690.5.fna,GCF_001953305.1_ASM195330v1_genomic.fna, 5696047, 5696047,1302690.5.fna_vs_GCF_001953305.1_ASM195330v1_genomic.fna_blast.xml,0,0,0,0,0,0,0,52406,5643641,0,0,0,0,0,0,1302690_subject_array_1739892214.bin
30659,1303,A11055407,1303.1125,10,https://ftp.ncbi.nlm.nih.gov/genomes/all/GCF/026/782/585/GCF_026782585.1_ASM2678258v1,10,1303.1125.fna,GCF_026782585.1_ASM2678258v1_genomic.fna, 1816699, 1816699,1303.1125.fna_vs_GCF_026782585.1_ASM2678258v1_genomic.fna_blast.xml,0,0,0,0,0,0,0,305,1816394,0,0,0,0,0,0,1303_subject_array_1739892214.bin
30661,1303,A12046407,1303.1124,10,https://ftp.ncbi.nlm.nih.gov/genomes/all/GCF/026/782/555/GCF_026782555.1_ASM2678255v1,10,1303.1124.fna,GCF_026782555.1_ASM2678255v1_genomic.fna, 1879146, 1879146,1303.1124.fna_vs_GCF_026782555.1_ASM2678255v1_genomic.fna_blast.xml,0,0,0,0,0,0,0,95,1879051,0,0,0,0,0,0,1303_subject_array_1739892215.bin
30668,1303,A14000569,1303.1116,10,https://ftp.ncbi.nlm.nih.gov/genomes/all/GCF/026/782/405/GCF_026782405.1_ASM2678240v1,10,1303.1116.fna,GCF_026782405.1_ASM2678240v1_genomic.fna, 1911527, 1911527,1303.1116.fna_vs_GCF_026782405.1_ASM2678240v1_genomic.fna_blast.xml,0,0,0,0,0,0,0,65,1911462,0,0,0,0,0,0,1303_subject_array_1739892216.bin
30672,1303,A15000402,1303.1111,10,https://ftp.ncbi.nlm.nih.gov/genomes/all/GCF/026/782/325/GCF_026782325.1_ASM2678232v1,10,1303.1111.fna,GCF_026782325.1_ASM2678232v1_genomic.fna, 1993585, 1993585,1303.1111.fna_vs_GCF_026782325.1_ASM2678232v1_genomic.fna_blast.xml,0,0,0,0,0,0,0,79,1993506,0,0,0,0,0,0,1303_subject_array_1739892216.bin
31061,1305,A17000466,1305.901,10,https://ftp.ncbi.nlm.nih.gov/genomes/all/GCF/026/781/465/GCF_026781465.1_ASM2678146v1,10,1305.901.fna,GCF_026781465.1_ASM2678146v1_genomic.fna, 2357343, 2357343,1305.901.fna_vs_GCF_026781465.1_ASM2678146v1_genomic.fna_blast.xml,0,0,0,0,0,0,0,0,2357343,0,0,0,0,0,0,1305_subject_array_1739892217.bin
31064,1305,B15805315,1305.900,10,https://ftp.ncbi.nlm.nih.gov/genomes/all/GCF/026/781/315/GCF_026781315.1_ASM2678131v1,10,1305.900.fna,GCF_026781315.1_ASM2678131v1_genomic.fna, 2338498, 2338498,1305.900.fna_vs_GCF_026781315.1_ASM2678131v1_genomic.fna_blast.xml,0,0,0,0,0,0,0,44,2338454,0,0,0,0,0,0,1305_subject_array_1739892218.bin
31113,1305,S28,1305.584,10,https://ftp.ncbi.nlm.nih.gov/genomes/all/GCF/008/329/445/GCF_008329445.1_ASM832944v1,10,1305.584.fna,GCF_008329445.1_ASM832944v1_genomic.fna, 2367753, 2367753,1305.584.fna_vs_GCF_008329445.1_ASM832944v1_genomic.fna_blast.xml,0,0,0,0,0,0,0,0,2367752,0,1,0,0,0,0,1305_subject_array_1739892219.bin
33223,1307,WUSS296,1307.5556,10,https://ftp.ncbi.nlm.nih.gov/genomes/all/GCF/024/136/205/GCF_024136205.1_ASM2413620v1,10,1307.5556.fna,GCF_024136205.1_ASM2413620v1_genomic.fna, 2188715, 2188715,1307.5556.fna_vs_GCF_024136205.1_ASM2413620v1_genomic.fna_blast.xml,0,0,0,0,0,0,0,0,2188714,0,0,1,0,0,0,1307_subject_array_1739892220.bin
33519,1308,KLDS3.1012,1308.47,10,https://ftp.ncbi.nlm.nih.gov/genomes/all/GCF/001/266/475/GCF_001266475.1_ASM126647v1,10,1308.47.fna,GCF_001266475.1_ASM126647v1_genomic.fna, 1868018, 1868018,1308.47.fna_vs_GCF_001266475.1_ASM126647v1_genomic.fna_blast.xml,0,0,0,0,0,0,0,28662,1839302,0,0,1,53,0,0,1308_subject_array_1739892220.bin
33641,1309,09DC3,1309.695,10,https://ftp.ncbi.nlm.nih.gov/genomes/all/GCF/032/380/025/GCF_032380025.1_ASM3238002v1,10,1309.695.fna,GCF_032380025.1_ASM3238002v1_genomic.fna, 2005694, 2005694,1309.695.fna_vs_GCF_032380025.1_ASM3238002v1_genomic.fna_blast.xml,0,0,0,0,0,0,0,0,2005694,0,0,0,0,0,0,1309_subject_array_1739892221.bin
33642,1309,09DCb1,1309.697,10,https://ftp.ncbi.nlm.nih.gov/genomes/all/GCF/032/380/095/GCF_032380095.1_ASM3238009v1,10,1309.697.fna,GCF_032380095.1_ASM3238009v1_genomic.fna, 1949148, 1949148,1309.697.fna_vs_GCF_032380095.1_ASM3238009v1_genomic.fna_blast.xml,0,0,0,0,0,0,0,0,1949148,0,0,0,0,0,0,1309_subject_array_1739892222.bin
33657,1309,12RB3,1309.694,10,https://ftp.ncbi.nlm.nih.gov/genomes/all/GCF/032/379/895/GCF_032379895.1_ASM3237989v1,10,1309.694.fna,GCF_032379895.1_ASM3237989v1_genomic.fna, 1940295, 1940295,1309.694.fna_vs_GCF_032379895.1_ASM3237989v1_genomic.fna_blast.xml,0,0,0,0,0,0,0,0,1940295,0,0,0,0,0,0,1309_subject_array_1739892222.bin
33853,1310165,GRsMep,1310165.85,10,https://ftp.ncbi.nlm.nih.gov/genomes/all/GCF/024/460/955/GCF_024460955.1_ASM2446095v1,10,1310165.85.fna,GCF_024460955.1_ASM2446095v1_genomic.fna, 5837336, 5837336,1310165.85.fna_vs_GCF_024460955.1_ASM2446095v1_genomic.fna_blast.xml,0,0,0,0,0,0,0,0,5837336,0,0,0,0,0,0,1310165_subject_array_1739892224.bin
42279,1314,20061V1I1,1314.2048,10,https://ftp.ncbi.nlm.nih.gov/genomes/all/GCF/900/992/765/GCF_900992765.1_8113_6_17,10,1314.2048.fna,GCF_900992765.1_8113_6_17_genomic.fna, 1725891, 1725891,1314.2048.fna_vs_GCF_900992765.1_8113_6_17_genomic.fna_blast.xml,0,0,0,0,0,0,0,0,1725891,0,0,0,0,0,0,1314_subject_array_1739892225.bin
42335,1314,31010V1S1,1314.1465,10,https://ftp.ncbi.nlm.nih.gov/genomes/all/GCF/900/986/855/GCF_900986855.1_9262_5_7,10,1314.1465.fna,GCF_900986855.1_9262_5_7_genomic.fna, 1810563, 1810563,1314.1465.fna_vs_GCF_900986855.1_9262_5_7_genomic.fna_blast.xml,0,0,0,0,0,0,0,0,1810563,0,0,0,0,0,0,1314_subject_array_1739892226.bin
42356,1314,31039V1S1,1314.1407,10,https://ftp.ncbi.nlm.nih.gov/genomes/all/GCF/900/986/275/GCF_900986275.1_9262_5_12,10,1314.1407.fna,GCF_900986275.1_9262_5_12_genomic.fna, 1813355, 1813355,1314.1407.fna_vs_GCF_900986275.1_9262_5_12_genomic.fna_blast.xml,0,0,0,0,0,0,0,0,1813355,0,0,0,0,0,0,1314_subject_array_1739892226.bin
42419,1314,31109V4S1,1314.1556,10,https://ftp.ncbi.nlm.nih.gov/genomes/all/GCF/900/987/765/GCF_900987765.1_9262_7_64,10,1314.1556.fna,GCF_900987765.1_9262_7_64_genomic.fna, 1672566, 1672566,1314.1556.fna_vs_GCF_900987765.1_9262_7_64_genomic.fna_blast.xml,0,0,0,0,0,0,0,0,1672566,0,0,0,0,0,0,1314_subject_array_1739892227.bin
42471,1314,31158V3S1,1314.1493,10,https://ftp.ncbi.nlm.nih.gov/genomes/all/GCF/900/987/135/GCF_900987135.1_9262_6_21,10,1314.1493.fna,GCF_900987135.1_9262_6_21_genomic.fna, 1672975, 1672975,1314.1493.fna_vs_GCF_900987135.1_9262_6_21_genomic.fna_blast.xml,0,0,0,0,0,0,0,0,1672975,0,0,0,0,0,0,1314_subject_array_1739892227.bin
42498,1314,31176V4S1,1314.1571,10,https://ftp.ncbi.nlm.nih.gov/genomes/all/GCF/900/987/915/GCF_900987915.1_9262_7_80,10,1314.1571.fna,GCF_900987915.1_9262_7_80_genomic.fna, 1728726, 1728726,1314.1571.fna_vs_GCF_900987915.1_9262_7_80_genomic.fna_blast.xml,0,0,0,0,0,0,0,0,1728726,0,0,0,0,0,0,1314_subject_array_1739892228.bin
42503,1314,33016V3S1,1314.1481,10,https://ftp.ncbi.nlm.nih.gov/genomes/all/GCF/900/987/015/GCF_900987015.1_9262_5_84,10,1314.1481.fna,GCF_900987015.1_9262_5_84_genomic.fna, 1750862, 1750862,1314.1481.fna_vs_GCF_900987015.1_9262_5_84_genomic.fna_blast.xml,0,0,0,0,0,0,0,0,1750862,0,0,0,0,0,0,1314_subject_array_1739892229.bin
42512,1314,33052V2S1,1314.1464,10,https://ftp.ncbi.nlm.nih.gov/genomes/all/GCF/900/986/845/GCF_900986845.1_9262_5_69,10,1314.1464.fna,GCF_900986845.1_9262_5_69_genomic.fna, 1806760, 1806760,1314.1464.fna_vs_GCF_900986845.1_9262_5_69_genomic.fna_blast.xml,0,0,0,0,0,0,0,0,1806760,0,0,0,0,0,0,1314_subject_array_1739892229.bin
42526,1314,33115V3S1,1314.1487,10,https://ftp.ncbi.nlm.nih.gov/genomes/all/GCF/900/987/075/GCF_900987075.1_9262_5_90,10,1314.1487.fna,GCF_900987075.1_9262_5_90_genomic.fna, 1672693, 1672693,1314.1487.fna_vs_GCF_900987075.1_9262_5_90_genomic.fna_blast.xml,0,0,0,0,0,0,0,0,1672693,0,0,0,0,0,0,1314_subject_array_1739892230.bin
42553,1314,33160V2T1,1314.1572,10,https://ftp.ncbi.nlm.nih.gov/genomes/all/GCF/900/987/925/GCF_900987925.1_9262_7_81,10,1314.1572.fna,GCF_900987925.1_9262_7_81_genomic.fna, 1743460, 1743460,1314.1572.fna_vs_GCF_900987925.1_9262_7_81_genomic.fna_blast.xml,0,0,0,0,0,0,0,0,1743460,0,0,0,0,0,0,1314_subject_array_1739892230.bin
42641,1314,A915,1314.1145,10,https://ftp.ncbi.nlm.nih.gov/genomes/all/GCF/900/983/655/GCF_900983655.1_19944_6_158,10,1314.1145.fna,GCF_900983655.1_19944_6_158_genomic.fna, 1743002, 1743002,1314.1145.fna_vs_GCF_900983655.1_19944_6_158_genomic.fna_blast.xml,0,0,0,0,0,0,0,0,1743002,0,0,0,0,0,0,1314_subject_array_1739892231.bin
42699,1314,Bra010,1314.1278,10,https://ftp.ncbi.nlm.nih.gov/genomes/all/GCF/900/984/975/GCF_900984975.1_19944_7_44,10,1314.1278.fna,GCF_900984975.1_19944_7_44_genomic.fna, 1752563, 1752563,1314.1278.fna_vs_GCF_900984975.1_19944_7_44_genomic.fna_blast.xml,0,0,0,0,0,0,0,0,1752563,0,0,0,0,0,0,1314_subject_array_1739892231.bin
42864,1314,GAS05207,1314.2307,10,https://ftp.ncbi.nlm.nih.gov/genomes/all/GCF/900/995/355/GCF_900995355.1_19944_8_98,10,1314.2307.fna,GCF_900995355.1_19944_8_98_genomic.fna, 1716672, 1716672,1314.2307.fna_vs_GCF_900995355.1_19944_8_98_genomic.fna_blast.xml,0,0,0,0,0,0,0,71,1716601,0,0,0,0,0,0,1314_subject_array_1739892232.bin
42879,1314,GAS0830,1314.2294,10,https://ftp.ncbi.nlm.nih.gov/genomes/all/GCF/900/995/225/GCF_900995225.1_19944_8_89,10,1314.2294.fna,GCF_900995225.1_19944_8_89_genomic.fna, 1754455, 1754455,1314.2294.fna_vs_GCF_900995225.1_19944_8_89_genomic.fna_blast.xml,0,0,0,0,0,0,0,45,1754410,0,0,0,0,0,0,1314_subject_array_1739892233.bin
43021,1314,GAS131141,1314.1196,10,https://ftp.ncbi.nlm.nih.gov/genomes/all/GCF/900/984/165/GCF_900984165.1_19944_7_131,10,1314.1196.fna,GCF_900984165.1_19944_7_131_genomic.fna, 1844185, 1844185,1314.1196.fna_vs_GCF_900984165.1_19944_7_131_genomic.fna_blast.xml,0,0,0,0,0,0,0,39,1844146,0,0,0,0,0,0,1314_subject_array_1739892233.bin
43075,1314,GAS13507,1314.1164,10,https://ftp.ncbi.nlm.nih.gov/genomes/all/GCF/900/983/845/GCF_900983845.1_19944_7_100,10,1314.1164.fna,GCF_900983845.1_19944_7_100_genomic.fna, 1808494, 1808494,1314.1164.fna_vs_GCF_900983845.1_19944_7_100_genomic.fna_blast.xml,0,0,0,0,0,0,0,32,1808462,0,0,0,0,0,0,1314_subject_array_1739892234.bin
43340,1314,K10238,1314.1828,10,https://ftp.ncbi.nlm.nih.gov/genomes/all/GCF/900/990/555/GCF_900990555.1_8898_2_35,10,1314.1828.fna,GCF_900990555.1_8898_2_35_genomic.fna, 1799985, 1799985,1314.1828.fna_vs_GCF_900990555.1_8898_2_35_genomic.fna_blast.xml,0,0,0,0,0,0,0,0,1799985,0,0,0,0,0,0,1314_subject_array_1739892234.bin
43393,1314,K17011,1314.1072,10,https://ftp.ncbi.nlm.nih.gov/genomes/all/GCF/900/982/925/GCF_900982925.1_11822_8_19,10,1314.1072.fna,GCF_900982925.1_11822_8_19_genomic.fna, 1790898, 1790898,1314.1072.fna_vs_GCF_900982925.1_11822_8_19_genomic.fna_blast.xml,0,0,0,0,0,0,0,307,1790591,0,0,0,0,0,0,1314_subject_array_1739892235.bin
43414,1314,K19952,1314.1801,10,https://ftp.ncbi.nlm.nih.gov/genomes/all/GCF/900/990/285/GCF_900990285.1_8898_1_83,10,1314.1801.fna,GCF_900990285.1_8898_1_83_genomic.fna, 1797596, 1797596,1314.1801.fna_vs_GCF_900990285.1_8898_1_83_genomic.fna_blast.xml,0,0,0,0,0,0,0,71,1797525,0,0,0,0,0,0,1314_subject_array_1739892235.bin
43477,1314,K3589,1314.1050,10,https://ftp.ncbi.nlm.nih.gov/genomes/all/GCF/900/982/655/GCF_900982655.1_11791_7_72,10,1314.1050.fna,GCF_900982655.1_11791_7_72_genomic.fna, 1826942, 1826942,1314.1050.fna_vs_GCF_900982655.1_11791_7_72_genomic.fna_blast.xml,0,0,0,0,0,0,0,250,1826692,0,0,0,0,0,0,1314_subject_array_1739892236.bin
43491,1314,K37914,1314.1318,10,https://ftp.ncbi.nlm.nih.gov/genomes/all/GCF/900/985/385/GCF_900985385.1_8898_2_70,10,1314.1318.fna,GCF_900985385.1_8898_2_70_genomic.fna, 1792341, 1792341,1314.1318.fna_vs_GCF_900985385.1_8898_2_70_genomic.fna_blast.xml,0,0,0,0,0,0,0,0,1792341,0,0,0,0,0,0,1314_subject_array_1739892237.bin
43495,1314,K3828,1314.1361,10,https://ftp.ncbi.nlm.nih.gov/genomes/all/GCF/900/985/815/GCF_900985815.1_8898_3_50,10,1314.1361.fna,GCF_900985815.1_8898_3_50_genomic.fna, 1763123, 1763123,1314.1361.fna_vs_GCF_900985815.1_8898_3_50_genomic.fna_blast.xml,0,0,0,0,0,0,0,0,1763123,0,0,0,0,0,0,1314_subject_array_1739892237.bin
43519,1314,K44582,1314.1685,10,https://ftp.ncbi.nlm.nih.gov/genomes/all/GCF/900/989/125/GCF_900989125.1_8849_2_42,10,1314.1685.fna,GCF_900989125.1_8849_2_42_genomic.fna, 1725516, 1725516,1314.1685.fna_vs_GCF_900989125.1_8849_2_42_genomic.fna_blast.xml,0,0,0,0,0,0,0,0,1725516,0,0,0,0,0,0,1314_subject_array_1739892238.bin
43525,1314,K4656,1314.1367,10,https://ftp.ncbi.nlm.nih.gov/genomes/all/GCF/900/985/875/GCF_900985875.1_8898_3_56,10,1314.1367.fna,GCF_900985875.1_8898_3_56_genomic.fna, 1853245, 1853245,1314.1367.fna_vs_GCF_900985875.1_8898_3_56_genomic.fna_blast.xml,0,0,0,0,0,0,0,0,1853245,0,0,0,0,0,0,1314_subject_array_1739892238.bin
43551,1314,K5086,1314.1826,10,https://ftp.ncbi.nlm.nih.gov/genomes/all/GCF/900/990/535/GCF_900990535.1_8898_2_32,10,1314.1826.fna,GCF_900990535.1_8898_2_32_genomic.fna, 1762018, 1762018,1314.1826.fna_vs_GCF_900990535.1_8898_2_32_genomic.fna_blast.xml,0,0,0,0,0,0,0,0,1762018,0,0,0,0,0,0,1314_subject_array_1739892239.bin
43610,1314,K8015,1314.1335,10,https://ftp.ncbi.nlm.nih.gov/genomes/all/GCF/900/985/555/GCF_900985555.1_8898_3_2,10,1314.1335.fna,GCF_900985555.1_8898_3_2_genomic.fna, 1713162, 1713162,1314.1335.fna_vs_GCF_900985555.1_8898_3_2_genomic.fna_blast.xml,0,0,0,0,0,0,0,0,1713162,0,0,0,0,0,0,1314_subject_array_1739892240.bin
43621,1314,K9189,1314.1402,10,https://ftp.ncbi.nlm.nih.gov/genomes/all/GCF/900/986/225/GCF_900986225.1_8898_3_95,10,1314.1402.fna,GCF_900986225.1_8898_3_95_genomic.fna, 1773241, 1773241,1314.1402.fna_vs_GCF_900986225.1_8898_3_95_genomic.fna_blast.xml,0,0,0,0,0,0,0,0,1773241,0,0,0,0,0,0,1314_subject_array_1739892240.bin
43626,1314,K9374,1314.1078,10,https://ftp.ncbi.nlm.nih.gov/genomes/all/GCF/900/982/985/GCF_900982985.1_11822_8_11,10,1314.1078.fna,GCF_900982985.1_11822_8_11_genomic.fna, 1768264, 1768264,1314.1078.fna_vs_GCF_900982985.1_11822_8_11_genomic.fna_blast.xml,0,0,0,0,0,0,0,1289,1766975,0,0,0,0,0,0,1314_subject_array_1739892241.bin
43633,1314,K9466,1314.1060,10,https://ftp.ncbi.nlm.nih.gov/genomes/all/GCF/900/982/805/GCF_900982805.1_11791_7_84,10,1314.1060.fna,GCF_900982805.1_11791_7_84_genomic.fna, 1767886, 1767886,1314.1060.fna_vs_GCF_900982805.1_11791_7_84_genomic.fna_blast.xml,0,0,0,0,0,0,0,291,1767595,0,0,0,0,0,0,1314_subject_array_1739892241.bin
43637,1314,K9887,1314.1079,10,https://ftp.ncbi.nlm.nih.gov/genomes/all/GCF/900/982/995/GCF_900982995.1_11822_8_13,10,1314.1079.fna,GCF_900982995.1_11822_8_13_genomic.fna, 1824020, 1824020,1314.1079.fna_vs_GCF_900982995.1_11822_8_13_genomic.fna_blast.xml,0,0,0,0,0,0,0,301,1823719,0,0,0,0,0,0,1314_subject_array_1739892242.bin
43792,1314,NS1043,1314.1891,10,https://ftp.ncbi.nlm.nih.gov/genomes/all/GCF/900/991/195/GCF_900991195.1_7368_6_61,10,1314.1891.fna,GCF_900991195.1_7368_6_61_genomic.fna, 1751676, 1751676,1314.1891.fna_vs_GCF_900991195.1_7368_6_61_genomic.fna_blast.xml,0,0,0,0,0,0,0,0,1751676,0,0,0,0,0,0,1314_subject_array_1739892243.bin
43805,1314,NS1210,1314.2319,10,https://ftp.ncbi.nlm.nih.gov/genomes/all/GCF/900/995/475/GCF_900995475.1_5386_1_4,10,1314.2319.fna,GCF_900995475.1_5386_1_4_genomic.fna, 1735571, 1735571,1314.2319.fna_vs_GCF_900995475.1_5386_1_4_genomic.fna_blast.xml,0,0,0,0,0,0,0,0,1735571,0,0,0,0,0,0,1314_subject_array_1739892243.bin
43882,1314,NS35,1314.1857,10,https://ftp.ncbi.nlm.nih.gov/genomes/all/GCF/900/990/855/GCF_900990855.1_5817_5_1,10,1314.1857.fna,GCF_900990855.1_5817_5_1_genomic.fna, 1817476, 1817476,1314.1857.fna_vs_GCF_900990855.1_5817_5_1_genomic.fna_blast.xml,0,0,0,0,0,0,0,0,1817476,0,0,0,0,0,0,1314_subject_array_1739892244.bin
43914,1314,NS476,1314.1860,10,https://ftp.ncbi.nlm.nih.gov/genomes/all/GCF/900/990/885/GCF_900990885.1_5817_5_12,10,1314.1860.fna,GCF_900990885.1_5817_5_12_genomic.fna, 1723842, 1723842,1314.1860.fna_vs_GCF_900990885.1_5817_5_12_genomic.fna_blast.xml,0,0,0,0,0,0,0,0,1723842,0,0,0,0,0,0,1314_subject_array_1739892244.bin
43967,1314,NS581,1314.2364,10,https://ftp.ncbi.nlm.nih.gov/genomes/all/GCF/900/995/925/GCF_900995925.1_5749_2_11,10,1314.2364.fna,GCF_900995925.1_5749_2_11_genomic.fna, 1731014, 1731014,1314.2364.fna_vs_GCF_900995925.1_5749_2_11_genomic.fna_blast.xml,0,0,0,0,0,0,0,0,1731014,0,0,0,0,0,0,1314_subject_array_1739892245.bin
44017,1314,NS730,1314.2304,10,https://ftp.ncbi.nlm.nih.gov/genomes/all/GCF/900/995/325/GCF_900995325.1_5364_8_4,10,1314.2304.fna,GCF_900995325.1_5364_8_4_genomic.fna, 1750471, 1750471,1314.2304.fna_vs_GCF_900995325.1_5364_8_4_genomic.fna_blast.xml,0,0,0,0,0,0,0,0,1750471,0,0,0,0,0,0,1314_subject_array_1739892246.bin
44109,1314,SST2102-1,1314.288,10,https://ftp.ncbi.nlm.nih.gov/genomes/all/GCF/001/638/585/GCF_001638585.1_ASM163858v1,10,1314.288.fna,GCF_001638585.1_ASM163858v1_genomic.fna, 1750481, 1750481,1314.288.fna_vs_GCF_001638585.1_ASM163858v1_genomic.fna_blast.xml,0,0,0,0,0,0,0,63,1750418,0,0,0,0,0,0,1314_subject_array_1739892246.bin
44315,1315273,NCIMB 2033,1315273.7,10,https://ftp.ncbi.nlm.nih.gov/genomes/all/GCF/014/858/715/GCF_014858715.1_ASM1485871v1,10,1315273.7.fna,GCF_014858715.1_ASM1485871v1_genomic.fna, 5441065, 5441065,1315273.7.fna_vs_GCF_014858715.1_ASM1485871v1_genomic.fna_blast.xml,0,0,0,0,0,0,0,0,5441065,0,0,0,0,0,0,1315273_subject_array_1739892248.bin
44439,1318,BIOML-A18,1318.783,10,https://ftp.ncbi.nlm.nih.gov/genomes/all/GCF/009/717/525/GCF_009717525.1_ASM971752v1,10,1318.783.fna,GCF_009717525.1_ASM971752v1_genomic.fna, 2040715, 2040715,1318.783.fna_vs_GCF_009717525.1_ASM971752v1_genomic.fna_blast.xml,0,0,0,0,0,0,0,42,2040673,0,0,0,0,0,0,1318_subject_array_1739892249.bin
44664,1324244,TKK-01-0034,1324244.3,10,https://ftp.ncbi.nlm.nih.gov/genomes/all/GCF/000/660/765/GCF_000660765.1_Myco_tube_TKK-01-0034_V1,10,1324244.3.fna,GCF_000660765.1_Myco_tube_TKK-01-0034_V1_genomic.fna, 4394427, 4403926,1324244.3.fna_vs_GCF_000660765.1_Myco_tube_TKK-01-0034_V1_genomic.fna_blast.xml,0,0,0,0,0,0,4,9388,4394478,0,41,15,0,0,0,1324244_subject_array_1739892251.bin
44696,1324276,TKK-01-0066,1324276.3,10,https://ftp.ncbi.nlm.nih.gov/genomes/all/GCF/000/661/365/GCF_000661365.1_Myco_tube_TKK-01-0066_V1,10,1324276.3.fna,GCF_000661365.1_Myco_tube_TKK-01-0066_V1_genomic.fna, 4413048, 4413078,1324276.3.fna_vs_GCF_000661365.1_Myco_tube_TKK-01-0066_V1_genomic.fna_blast.xml,0,0,0,0,0,0,0,0,4413048,0,30,0,0,0,0,1324276_subject_array_1739892252.bin
44701,1324281,TKK-01-0073,1324281.3,10,https://ftp.ncbi.nlm.nih.gov/genomes/all/GCF/000/661/465/GCF_000661465.1_Myco_tube_TKK-01-0073_V1,10,1324281.3.fna,GCF_000661465.1_Myco_tube_TKK-01-0073_V1_genomic.fna, 4404194, 4411747,1324281.3.fna_vs_GCF_000661465.1_Myco_tube_TKK-01-0073_V1_genomic.fna_blast.xml,0,0,0,0,0,0,0,7542,4404195,0,10,0,0,0,0,1324281_subject_array_1739892254.bin
45114,1328363,MGH 18,1328363.3,10,https://ftp.ncbi.nlm.nih.gov/genomes/all/GCF/000/493/135/GCF_000493135.1_Kleb_pneu_MGH_18_V1,10,1328363.3.fna,GCF_000493135.1_Kleb_pneu_MGH_18_V1_genomic.fna, 5372112, 5372895,1328363.3.fna_vs_GCF_000493135.1_Kleb_pneu_MGH_18_V1_genomic.fna_blast.xml,0,0,0,0,0,0,0,748,5372113,0,12,22,0,0,0,1328363_subject_array_1739892256.bin
45136,1328389,UCICRE 1,1328389.3,10,https://ftp.ncbi.nlm.nih.gov/genomes/all/GCF/000/567/525/GCF_000567525.1_Kleb_pneu_UCI_1_V1,10,1328389.3.fna,GCF_000567525.1_Kleb_pneu_UCI_1_V1_genomic.fna, 5743485, 5748995,1328389.3.fna_vs_GCF_000567525.1_Kleb_pneu_UCI_1_V1_genomic.fna_blast.xml,0,0,0,0,0,0,0,5480,5743512,0,1,2,0,0,0,1328389_subject_array_1739892258.bin
45288,1329835,BWH 27,1329835.3,10,https://ftp.ncbi.nlm.nih.gov/genomes/all/GCF/000/633/795/GCF_000633795.1_Ente_cloa_complex_BWH_27_V1,10,1329835.3.fna,GCF_000633795.1_Ente_cloa_complex_BWH_27_V1_genomic.fna, 5247104, 5252173,1329835.3.fna_vs_GCF_000633795.1_Ente_cloa_complex_BWH_27_V1_genomic.fna_blast.xml,0,0,0,0,0,0,0,5065,5247108,0,0,0,0,0,0,1329835_subject_array_1739892260.bin
45294,1329841,BIDMC 29,1329841.3,10,https://ftp.ncbi.nlm.nih.gov/genomes/all/GCF/000/534/375/GCF_000534375.1_Ente_cloa_complex_BIDMC_29_V1,10,1329841.3.fna,GCF_000534375.1_Ente_cloa_complex_BIDMC_29_V1_genomic.fna, 4971527, 4980020,1329841.3.fna_vs_GCF_000534375.1_Ente_cloa_complex_BIDMC_29_V1_genomic.fna_blast.xml,0,0,0,0,0,0,0,8488,4971528,0,0,0,4,0,0,1329841_subject_array_1739892262.bin
45693,1335,APC4007,1335.229,10,https://ftp.ncbi.nlm.nih.gov/genomes/all/GCF/028/823/555/GCF_028823555.1_ASM2882355v1,10,1335.229.fna,GCF_028823555.1_ASM2882355v1_genomic.fna, 1855301, 1855301,1335.229.fna_vs_GCF_028823555.1_ASM2882355v1_genomic.fna_blast.xml,0,0,0,0,0,0,0,0,1855301,0,0,0,0,0,0,1335_subject_array_1739892263.bin
45700,1335,ES1,1335.28,10,https://ftp.ncbi.nlm.nih.gov/genomes/all/GCF/900/110/365/GCF_900110365.1_IMG-taxon_2623620585_annotated_assembly,10,1335.28.fna,GCF_900110365.1_IMG-taxon_2623620585_annotated_assembly_genomic.fna, 1827295, 1827295,1335.28.fna_vs_GCF_900110365.1_IMG-taxon_2623620585_annotated_assembly_genomic.fna_blast.xml,0,0,0,0,0,0,0,684,1826611,0,0,0,0,0,0,1335_subject_array_1739892263.bin
46768,1349,GCPRG110,1349.877,10,https://ftp.ncbi.nlm.nih.gov/genomes/all/GCF/016/837/545/GCF_016837545.1_ASM1683754v1,10,1349.877.fna,GCF_016837545.1_ASM1683754v1_genomic.fna, 1971757, 1971757,1349.877.fna_vs_GCF_016837545.1_ASM1683754v1_genomic.fna_blast.xml,0,0,0,0,0,0,0,0,1971757,0,0,0,0,0,0,1349_subject_array_1739892264.bin
47444,1351,4928STDY7071737,1351.2294,10,https://ftp.ncbi.nlm.nih.gov/genomes/all/GCF/902/163/685/GCF_902163685.1_25964_2_156,10,1351.2294.fna,GCF_902163685.1_25964_2_156_genomic.fna, 2863800, 2863800,1351.2294.fna_vs_GCF_902163685.1_25964_2_156_genomic.fna_blast.xml,0,0,0,0,0,0,0,74,2863726,0,0,0,0,0,0,1351_subject_array_1739892265.bin
47447,1351,4928STDY7071740,1351.2305,10,https://ftp.ncbi.nlm.nih.gov/genomes/all/GCF/902/163/795/GCF_902163795.1_25964_2_159,10,1351.2305.fna,GCF_902163795.1_25964_2_159_genomic.fna, 2940789, 2940789,1351.2305.fna_vs_GCF_902163795.1_25964_2_159_genomic.fna_blast.xml,0,0,0,0,0,0,0,1010,2939779,0,0,0,0,0,0,1351_subject_array_1739892266.bin
48793,1351,LIT15-A36',1351.1326,10,https://ftp.ncbi.nlm.nih.gov/genomes/all/GCF/003/796/545/GCF_003796545.1_ASM379654v1,10,1351.1326.fna,GCF_003796545.1_ASM379654v1_genomic.fna, 2841374, 2841374,1351.1326.fna_vs_GCF_003796545.1_ASM379654v1_genomic.fna_blast.xml,0,0,0,0,0,0,0,0,2841374,0,0,0,0,0,0,1351_subject_array_1739892267.bin
49084,1351,P5 CL A7,1351.1336,10,https://ftp.ncbi.nlm.nih.gov/genomes/all/GCF/003/797/645/GCF_003797645.1_ASM379764v1,10,1351.1336.fna,GCF_003797645.1_ASM379764v1_genomic.fna, 2835847, 2835847,1351.1336.fna_vs_GCF_003797645.1_ASM379764v1_genomic.fna_blast.xml,0,0,0,0,0,0,0,0,2835847,0,0,0,0,0,0,1351_subject_array_1739892268.bin
49920,1352,11F9_MSG5001,1352.1751,10,https://ftp.ncbi.nlm.nih.gov/genomes/all/GCF/002/141/115/GCF_002141115.1_ASM214111v1,10,1352.1751.fna,GCF_002141115.1_ASM214111v1_genomic.fna, 2685756, 2685756,1352.1751.fna_vs_GCF_002141115.1_ASM214111v1_genomic.fna_blast.xml,0,0,0,0,0,0,0,42230,2643511,0,0,0,14,0,1,1352_subject_array_1739892269.bin
49951,1352,13-014,1352.7949,10,https://ftp.ncbi.nlm.nih.gov/genomes/all/GCF/004/368/135/GCF_004368135.1_ASM436813v1,10,1352.7949.fna,GCF_004368135.1_ASM436813v1_genomic.fna, 2728004, 2728004,1352.7949.fna_vs_GCF_004368135.1_ASM436813v1_genomic.fna_blast.xml,0,0,0,0,0,0,0,1182,2726819,0,0,0,3,0,0,1352_subject_array_1739892270.bin
50017,1352,16-164-1,1352.3521,10,https://ftp.ncbi.nlm.nih.gov/genomes/all/GCF/002/973/675/GCF_002973675.1_ASM297367v1,10,1352.3521.fna,GCF_002973675.1_ASM297367v1_genomic.fna, 2539344, 2539344,1352.3521.fna_vs_GCF_002973675.1_ASM297367v1_genomic.fna_blast.xml,0,0,0,0,0,0,0,384,2538960,0,0,0,0,0,0,1352_subject_array_1739892271.bin
50092,1352,18-276,1352.12855,10,https://ftp.ncbi.nlm.nih.gov/genomes/all/GCF/018/516/925/GCF_018516925.1_ASM1851692v1,10,1352.12855.fna,GCF_018516925.1_ASM1851692v1_genomic.fna, 2942453, 2942453,1352.12855.fna_vs_GCF_018516925.1_ASM1851692v1_genomic.fna_blast.xml,0,0,0,0,0,0,0,0,2942453,0,0,0,0,0,0,1352_subject_array_1739892273.bin
50185,1352,2B3_DIV0609,1352.1740,10,https://ftp.ncbi.nlm.nih.gov/genomes/all/GCF/002/140/535/GCF_002140535.1_ASM214053v1,10,1352.1740.fna,GCF_002140535.1_ASM214053v1_genomic.fna, 2933808, 2933808,1352.1740.fna_vs_GCF_002140535.1_ASM214053v1_genomic.fna_blast.xml,0,0,0,0,0,0,0,45846,2887954,0,0,1,7,0,0,1352_subject_array_1739892274.bin
50356,1352,731980,1352.16486,10,https://ftp.ncbi.nlm.nih.gov/genomes/all/GCF/030/715/035/GCF_030715035.1_ASM3071503v1,10,1352.16486.fna,GCF_030715035.1_ASM3071503v1_genomic.fna, 3120275, 3120275,1352.16486.fna_vs_GCF_030715035.1_ASM3071503v1_genomic.fna_blast.xml,0,0,0,0,0,0,0,0,3120269,0,0,0,6,0,0,1352_subject_array_1739892275.bin
50361,1352,742783,1352.16481,10,https://ftp.ncbi.nlm.nih.gov/genomes/all/GCF/030/714/935/GCF_030714935.1_ASM3071493v1,10,1352.16481.fna,GCF_030714935.1_ASM3071493v1_genomic.fna, 3109520, 3109520,1352.16481.fna_vs_GCF_030714935.1_ASM3071493v1_genomic.fna_blast.xml,0,0,0,0,0,0,0,0,3108618,0,0,1,901,0,0,1352_subject_array_1739892277.bin
50411,1352,9B11__DIV0348,1352.1747,10,https://ftp.ncbi.nlm.nih.gov/genomes/all/GCF/002/140/955/GCF_002140955.1_ASM214095v1,10,1352.1747.fna,GCF_002140955.1_ASM214095v1_genomic.fna, 2909986, 2909986,1352.1747.fna_vs_GCF_002140955.1_ASM214095v1_genomic.fna_blast.xml,0,0,1,0,0,0,0,110216,2799750,0,0,0,18,0,1,1352_subject_array_1739892278.bin
50431,1352,A22,1352.3630,10,https://ftp.ncbi.nlm.nih.gov/genomes/all/GCF/003/268/235/GCF_003268235.1_ASM326823v1,10,1352.3630.fna,GCF_003268235.1_ASM326823v1_genomic.fna, 3091767, 3091767,1352.3630.fna_vs_GCF_003268235.1_ASM326823v1_genomic.fna_blast.xml,0,0,0,0,0,0,0,0,3091767,0,0,0,0,0,0,1352_subject_array_1739892279.bin
51080,1352,Dallas 93_1,1352.12328,10,https://ftp.ncbi.nlm.nih.gov/genomes/all/GCF/016/405/035/GCF_016405035.1_ASM1640503v1,10,1352.12328.fna,GCF_016405035.1_ASM1640503v1_genomic.fna, 3168338, 3168338,1352.12328.fna_vs_GCF_016405035.1_ASM1640503v1_genomic.fna_blast.xml,0,0,0,0,0,0,0,0,3168338,0,0,0,0,0,0,1352_subject_array_1739892281.bin
51085,1352,Dallas 9_2,1352.12441,10,https://ftp.ncbi.nlm.nih.gov/genomes/all/GCF/016/484/425/GCF_016484425.1_ASM1648442v1,10,1352.12441.fna,GCF_016484425.1_ASM1648442v1_genomic.fna, 3100825, 3100825,1352.12441.fna_vs_GCF_016484425.1_ASM1648442v1_genomic.fna_blast.xml,0,0,0,0,0,0,1,0,3100566,0,0,0,258,0,0,1352_subject_array_1739892283.bin
52041,1352,PR02395-7,1352.12795,10,https://ftp.ncbi.nlm.nih.gov/genomes/all/GCF/018/296/025/GCF_018296025.1_ASM1829602v1,10,1352.12795.fna,GCF_018296025.1_ASM1829602v1_genomic.fna, 3289351, 3289351,1352.12795.fna_vs_GCF_018296025.1_ASM1829602v1_genomic.fna_blast.xml,0,0,0,0,0,0,0,100,3289251,0,0,0,0,0,0,1352_subject_array_1739892284.bin
52459,1352,V1836,1352.8557,10,https://ftp.ncbi.nlm.nih.gov/genomes/all/GCF/008/728/455/GCF_008728455.1_ASM872845v1,10,1352.8557.fna,GCF_008728455.1_ASM872845v1_genomic.fna, 3274751, 3274751,1352.8557.fna_vs_GCF_008728455.1_ASM872845v1_genomic.fna_blast.xml,0,0,0,0,0,0,0,0,3274751,0,0,0,0,0,0,1352_subject_array_1739892286.bin
52470,1352,VB976,1352.12701,10,https://ftp.ncbi.nlm.nih.gov/genomes/all/GCF/017/815/695/GCF_017815695.1_ASM1781569v1,10,1352.12701.fna,GCF_017815695.1_ASM1781569v1_genomic.fna, 3210490, 3210490,1352.12701.fna_vs_GCF_017815695.1_ASM1781569v1_genomic.fna_blast.xml,0,0,0,0,0,0,0,0,3210490,0,0,0,0,0,0,1352_subject_array_1739892287.bin
52784,1352,VRECG10,1352.8590,10,https://ftp.ncbi.nlm.nih.gov/genomes/all/GCF/009/184/115/GCF_009184115.1_ASM918411v1,10,1352.8590.fna,GCF_009184115.1_ASM918411v1_genomic.fna, 3172335, 3172335,1352.8590.fna_vs_GCF_009184115.1_ASM918411v1_genomic.fna_blast.xml,0,0,0,0,0,0,1,0,3172334,0,0,0,0,0,0,1352_subject_array_1739892289.bin
52807,1352,VRECG34,1352.8579,10,https://ftp.ncbi.nlm.nih.gov/genomes/all/GCF/009/183/885/GCF_009183885.1_ASM918388v1,10,1352.8579.fna,GCF_009183885.1_ASM918388v1_genomic.fna, 3183908, 3183908,1352.8579.fna_vs_GCF_009183885.1_ASM918388v1_genomic.fna_blast.xml,0,0,0,0,0,0,0,0,3183907,0,1,0,0,0,0,1352_subject_array_1739892290.bin
53002,1352,VVEswe-S,1352.8228,10,https://ftp.ncbi.nlm.nih.gov/genomes/all/GCF/007/917/315/GCF_007917315.3_ASM791731v3,10,1352.8228.fna,GCF_007917315.3_ASM791731v3_genomic.fna, 3254894, 3255647,1352.8228.fna_vs_GCF_007917315.3_ASM791731v3_genomic.fna_blast.xml,0,0,0,0,0,0,0,0,3254894,0,3,1,748,0,1,1352_subject_array_1739892292.bin
53195,1353,CHI4,1353.324,10,https://ftp.ncbi.nlm.nih.gov/genomes/all/GCF/029/734/325/GCF_029734325.1_ASM2973432v1,10,1353.324.fna,GCF_029734325.1_ASM2973432v1_genomic.fna, 3359246, 3359246,1353.324.fna_vs_GCF_029734325.1_ASM2973432v1_genomic.fna_blast.xml,0,0,0,0,0,0,0,0,3359246,0,0,0,0,0,0,1353_subject_array_1739892293.bin
53380,1354,3012STDY6246392,1354.210,10,https://ftp.ncbi.nlm.nih.gov/genomes/all/GCF/900/683/505/GCF_900683505.1_42197_G02,10,1354.210.fna,GCF_900683505.1_42197_G02_genomic.fna, 3020889, 3020889,1354.210.fna_vs_GCF_900683505.1_42197_G02_genomic.fna_blast.xml,0,0,0,0,0,0,0,0,3020889,0,0,0,0,0,0,1354_subject_array_1739892294.bin
53692,1354153,MAL010110,1354153.3,10,https://ftp.ncbi.nlm.nih.gov/genomes/all/GCF/000/666/565/GCF_000666565.1_Myco_tube_MAL010110_V1,10,1354153.3.fna,GCF_000666565.1_Myco_tube_MAL010110_V1_genomic.fna, 4409264, 4410333,1354153.3.fna_vs_GCF_000666565.1_Myco_tube_MAL010110_V1_genomic.fna_blast.xml,0,0,0,0,0,0,0,1055,4409278,0,0,0,0,0,0,1354153_subject_array_1739892295.bin
53782,135461,NDmed,135461.4,10,https://ftp.ncbi.nlm.nih.gov/genomes/all/GCF/000/740/475/GCF_000740475.1_ASM74047v1,10,135461.4.fna,GCF_000740475.1_ASM74047v1_genomic.fna, 4059983, 4059983,135461.4.fna_vs_GCF_000740475.1_ASM74047v1_genomic.fna_blast.xml,0,0,0,0,0,0,0,0,4059983,0,0,0,0,0,0,135461_subject_array_1739892297.bin
53787,135461,PY79,135461.135,10,https://ftp.ncbi.nlm.nih.gov/genomes/all/GCF/009/741/365/GCF_009741365.1_ASM974136v1,10,135461.135.fna,GCF_009741365.1_ASM974136v1_genomic.fna, 3989021, 3989021,135461.135.fna_vs_GCF_009741365.1_ASM974136v1_genomic.fna_blast.xml,0,0,0,0,0,0,0,0,3989021,0,0,0,0,0,0,135461_subject_array_1739892298.bin
54170,1358,FUA3228,1358.2271,10,https://ftp.ncbi.nlm.nih.gov/genomes/all/GCF/031/629/495/GCF_031629495.1_ASM3162949v1,10,1358.2271.fna,GCF_031629495.1_ASM3162949v1_genomic.fna, 2714457, 2714457,1358.2271.fna_vs_GCF_031629495.1_ASM3162949v1_genomic.fna_blast.xml,0,0,0,0,0,0,0,0,2714457,0,0,0,0,0,0,1358_subject_array_1739892299.bin
54238,1358,P2D5,1358.2603,10,https://ftp.ncbi.nlm.nih.gov/genomes/all/GCF/036/670/395/GCF_036670395.1_ASM3667039v1,10,1358.2603.fna,GCF_036670395.1_ASM3667039v1_genomic.fna, 2664776, 2664776,1358.2603.fna_vs_GCF_036670395.1_ASM3667039v1_genomic.fna_blast.xml,0,0,0,0,0,0,0,0,2664776,0,0,0,0,0,0,1358_subject_array_1739892300.bin
54467,1359,T1C12,1359.579,10,https://ftp.ncbi.nlm.nih.gov/genomes/all/GCF/036/670/965/GCF_036670965.1_ASM3667096v1,10,1359.579.fna,GCF_036670965.1_ASM3667096v1_genomic.fna, 2628357, 2628357,1359.579.fna_vs_GCF_036670965.1_ASM3667096v1_genomic.fna_blast.xml,0,0,0,0,0,0,1,0,2628354,0,0,2,0,0,0,1359_subject_array_1739892302.bin
54469,1359,T1C9,1359.590,10,https://ftp.ncbi.nlm.nih.gov/genomes/all/GCF/036/671/205/GCF_036671205.1_ASM3667120v1,10,1359.590.fna,GCF_036671205.1_ASM3667120v1_genomic.fna, 2581963, 2581963,1359.590.fna_vs_GCF_036671205.1_ASM3667120v1_genomic.fna_blast.xml,0,0,0,0,0,0,2,0,2581960,0,1,0,0,0,0,1359_subject_array_1739892303.bin
54474,1359,T1G8,1359.583,10,https://ftp.ncbi.nlm.nih.gov/genomes/all/GCF/036/671/065/GCF_036671065.1_ASM3667106v1,10,1359.583.fna,GCF_036671065.1_ASM3667106v1_genomic.fna, 2536107, 2536107,1359.583.fna_vs_GCF_036671065.1_ASM3667106v1_genomic.fna_blast.xml,0,0,0,0,0,0,0,0,2536107,0,0,0,0,0,0,1359_subject_array_1739892305.bin
54650,1363,AM17-43,1363.371,10,https://ftp.ncbi.nlm.nih.gov/genomes/all/GCF/027/672/185/GCF_027672185.1_ASM2767218v1,10,1363.371.fna,GCF_027672185.1_ASM2767218v1_genomic.fna, 1703518, 2039223,1363.371.fna_vs_GCF_027672185.1_ASM2767218v1_genomic.fna_blast.xml,0,0,3,1,0,0,4,333472,1705265,0,21,104,352,0,1,1363_subject_array_1739892305.bin
54827,1365652,CFBP 6996,1365652.3,10,https://ftp.ncbi.nlm.nih.gov/genomes/all/GCF/000/590/235/GCF_000590235.1_ASM59023v1,10,1365652.3.fna,GCF_000590235.1_ASM59023v1_genomic.fna, 5093707, 5093707,1365652.3.fna_vs_GCF_000590235.1_ASM59023v1_genomic.fna_blast.xml,0,0,0,0,0,0,0,0,5093707,0,0,0,0,0,0,1365652_subject_array_1739892307.bin
54843,1365959,ATCC 27672,1365959.3,10,https://ftp.ncbi.nlm.nih.gov/genomes/all/GCF/001/264/055/GCF_001264055.1_ASM126405v1,10,1365959.3.fna,GCF_001264055.1_ASM126405v1_genomic.fna, 1990162, 1990162,1365959.3.fna_vs_GCF_001264055.1_ASM126405v1_genomic.fna_blast.xml,0,0,0,0,0,0,0,180,1989982,0,0,0,0,0,0,1365959_subject_array_1739892308.bin
55083,1376,UMB7835A,1376.619,10,https://ftp.ncbi.nlm.nih.gov/genomes/all/GCF/030/230/245/GCF_030230245.1_ASM3023024v1,10,1376.619.fna,GCF_030230245.1_ASM3023024v1_genomic.fna, 2133066, 2133066,1376.619.fna_vs_GCF_030230245.1_ASM3023024v1_genomic.fna_blast.xml,0,0,0,0,0,0,0,0,2133066,0,0,0,0,0,0,1376_subject_array_1739892309.bin
55084,1376,UMB7835B,1376.617,10,https://ftp.ncbi.nlm.nih.gov/genomes/all/GCF/030/224/235/GCF_030224235.1_ASM3022423v1,10,1376.617.fna,GCF_030224235.1_ASM3022423v1_genomic.fna, 2134593, 2134593,1376.617.fna_vs_GCF_030224235.1_ASM3022423v1_genomic.fna_blast.xml,0,0,0,0,0,0,0,0,2134593,0,0,0,0,0,0,1376_subject_array_1739892309.bin
55165,1379272,B2 128,1379272.3,10,https://ftp.ncbi.nlm.nih.gov/genomes/all/GCF/000/711/065/GCF_000711065.1_B2_128,10,1379272.3.fna,GCF_000711065.1_B2_128_genomic.fna, 3844467, 3844467,1379272.3.fna_vs_GCF_000711065.1_B2_128_genomic.fna_blast.xml,0,0,0,0,0,0,0,0,3844467,0,0,0,0,0,0,1379272_subject_array_1739892311.bin
55166,1379273,B2 331,1379273.3,10,https://ftp.ncbi.nlm.nih.gov/genomes/all/GCF/000/710/975/GCF_000710975.1_B2_331,10,1379273.3.fna,GCF_000710975.1_B2_331_genomic.fna, 3809103, 3809103,1379273.3.fna_vs_GCF_000710975.1_B2_331_genomic.fna_blast.xml,0,0,0,0,0,0,0,0,3809103,0,0,0,0,0,0,1379273_subject_array_1739892312.bin
55183,1379739,B2 450,1379739.3,10,https://ftp.ncbi.nlm.nih.gov/genomes/all/GCF/000/876/495/GCF_000876495.2_ASM87649v2,10,1379739.3.fna,GCF_000876495.2_ASM87649v2_genomic.fna, 4320669, 4320669,1379739.3.fna_vs_GCF_000876495.2_ASM87649v2_genomic.fna_blast.xml,0,0,0,0,0,0,0,0,4320669,0,0,0,0,0,0,1379739_subject_array_1739892314.bin
55375,138532,LMG3640,138532.105,10,https://ftp.ncbi.nlm.nih.gov/genomes/all/GCF/024/997/955/GCF_024997955.1_ASM2499795v1,10,138532.105.fna,GCF_024997955.1_ASM2499795v1_genomic.fna, 3808016, 3808016,138532.105.fna_vs_GCF_024997955.1_ASM2499795v1_genomic.fna_blast.xml,0,0,0,0,0,0,0,0,3808016,0,0,0,0,0,0,138532_subject_array_1739892315.bin
55406,1385719,CMAA 1185,1385719.3,10,https://ftp.ncbi.nlm.nih.gov/genomes/all/GCF/000/970/655/GCF_000970655.1_ASM97065v1,10,1385719.3.fna,GCF_000970655.1_ASM97065v1_genomic.fna, 3907872, 3907872,1385719.3.fna_vs_GCF_000970655.1_ASM97065v1_genomic.fna_blast.xml,0,0,0,0,0,0,0,0,3907872,0,0,0,0,0,0,1385719_subject_array_1739892316.bin
55457,1387277,CGMCC 1.12664,1387277.6,10,https://ftp.ncbi.nlm.nih.gov/genomes/all/GCF/014/638/275/GCF_014638275.1_ASM1463827v1,10,1387277.6.fna,GCF_014638275.1_ASM1463827v1_genomic.fna, 4612182, 4612182,1387277.6.fna_vs_GCF_014638275.1_ASM1463827v1_genomic.fna_blast.xml,0,0,0,0,0,0,0,94,4612088,0,0,0,0,0,0,1387277_subject_array_1739892318.bin
55546,1388050,M0089,1388050.3,10,https://ftp.ncbi.nlm.nih.gov/genomes/all/GCF/000/551/945/GCF_000551945.1_Stap_aure_M0089_V1,10,1388050.3.fna,GCF_000551945.1_Stap_aure_M0089_V1_genomic.fna, 2836653, 2837118,1388050.3.fna_vs_GCF_000551945.1_Stap_aure_M0089_V1_genomic.fna_blast.xml,0,0,0,0,0,0,0,463,2836655,0,0,0,0,0,0,1388050_subject_array_1739892319.bin
55691,1388195,M0297,1388195.3,10,https://ftp.ncbi.nlm.nih.gov/genomes/all/GCF/000/554/385/GCF_000554385.1_Stap_aure_M0297_V1,10,1388195.3.fna,GCF_000554385.1_Stap_aure_M0297_V1_genomic.fna, 2840554, 2840710,1388195.3.fna_vs_GCF_000554385.1_Stap_aure_M0297_V1_genomic.fna_blast.xml,0,0,0,0,0,0,0,146,2840562,0,0,2,0,0,0,1388195_subject_array_1739892320.bin
56230,1388739,06-988-1656,1388739.3,10,https://ftp.ncbi.nlm.nih.gov/genomes/all/GCF/000/480/315/GCF_000480315.1_Bruc_suis_06-988-1656_V1,10,1388739.3.fna,GCF_000480315.1_Bruc_suis_06-988-1656_V1_genomic.fna, 3321164, 3321549,1388739.3.fna_vs_GCF_000480315.1_Bruc_suis_06-988-1656_V1_genomic.fna_blast.xml,0,0,0,0,0,0,0,385,3321164,0,0,0,0,0,0,1388739_subject_array_1739892321.bin
57322,1396,45MNs_B5,1396.4594,10,https://ftp.ncbi.nlm.nih.gov/genomes/all/GCF/037/282/185/GCF_037282185.1_ASM3728218v1,10,1396.4594.fna,GCF_037282185.1_ASM3728218v1_genomic.fna, 6891670, 6891670,1396.4594.fna_vs_GCF_037282185.1_ASM3728218v1_genomic.fna_blast.xml,0,0,0,0,0,0,0,0,6891670,0,0,0,0,0,0,1396_subject_array_1739892324.bin
57965,1396,GR3,1396.4442,10,https://ftp.ncbi.nlm.nih.gov/genomes/all/GCF/036/408/805/GCF_036408805.1_ASM3640880v1,10,1396.4442.fna,GCF_036408805.1_ASM3640880v1_genomic.fna, 5971997, 5971997,1396.4442.fna_vs_GCF_036408805.1_ASM3640880v1_genomic.fna_blast.xml,0,0,0,0,0,0,0,0,5971997,0,0,0,0,0,0,1396_subject_array_1739892326.bin
58297,1396826,R2C4,1396826.16,10,https://ftp.ncbi.nlm.nih.gov/genomes/all/GCF/006/740/765/GCF_006740765.1_ASM674076v1,10,1396826.16.fna,GCF_006740765.1_ASM674076v1_genomic.fna, 4380105, 4380105,1396826.16.fna_vs_GCF_006740765.1_ASM674076v1_genomic.fna_blast.xml,0,0,0,0,0,0,1,0,4380103,0,1,0,0,0,0,1396826_subject_array_1739892327.bin
58347,1397693,DSM 14481,1397693.3,10,https://ftp.ncbi.nlm.nih.gov/genomes/all/GCF/000/620/805/GCF_000620805.1_ASM62080v1,10,1397693.3.fna,GCF_000620805.1_ASM62080v1_genomic.fna, 3221968, 3246106,1397693.3.fna_vs_GCF_000620805.1_ASM62080v1_genomic.fna_blast.xml,0,0,0,0,0,0,0,24135,3221971,0,0,0,0,0,0,1397693_subject_array_1739892328.bin
58369,1397862,TKK_02_0017,1397862.3,10,https://ftp.ncbi.nlm.nih.gov/genomes/all/GCF/000/671/955/GCF_000671955.1_Myco_tube_TKK_02_0017_V1,10,1397862.3.fna,GCF_000671955.1_Myco_tube_TKK_02_0017_V1_genomic.fna, 4393953, 4405094,1397862.3.fna_vs_GCF_000671955.1_Myco_tube_TKK_02_0017_V1_genomic.fna_blast.xml,0,0,0,0,0,0,0,11108,4393983,0,0,3,0,0,0,1397862_subject_array_1739892330.bin
58431,1397926,TKK_04_0013,1397926.3,10,https://ftp.ncbi.nlm.nih.gov/genomes/all/GCF/000/673/195/GCF_000673195.1_Myco_tube_TKK_04_0013_V1,10,1397926.3.fna,GCF_000673195.1_Myco_tube_TKK_04_0013_V1_genomic.fna, 4402500, 4406721,1397926.3.fna_vs_GCF_000673195.1_Myco_tube_TKK_04_0013_V1_genomic.fna_blast.xml,0,0,0,0,0,0,0,4105,4402616,0,0,0,0,0,0,1397926_subject_array_1739892332.bin
59247,1402135,H46,1402135.41,10,https://ftp.ncbi.nlm.nih.gov/genomes/all/GCF/013/347/125/GCF_013347125.1_ASM1334712v1,10,1402135.41.fna,GCF_013347125.1_ASM1334712v1_genomic.fna, 4933696, 4933696,1402135.41.fna_vs_GCF_013347125.1_ASM1334712v1_genomic.fna_blast.xml,0,0,0,0,0,0,0,0,4933696,0,0,0,0,0,0,1402135_subject_array_1739892333.bin
59249,1402135,MC36-14,1402135.132,10,https://ftp.ncbi.nlm.nih.gov/genomes/all/GCF/020/906/475/GCF_020906475.1_ASM2090647v1,10,1402135.132.fna,GCF_020906475.1_ASM2090647v1_genomic.fna, 5070155, 5070155,1402135.132.fna_vs_GCF_020906475.1_ASM2090647v1_genomic.fna_blast.xml,0,0,0,0,0,0,0,0,5070155,0,0,0,0,0,0,1402135_subject_array_1739892335.bin
59254,1402135,MC52-67,1402135.127,10,https://ftp.ncbi.nlm.nih.gov/genomes/all/GCF/020/906/375/GCF_020906375.1_ASM2090637v1,10,1402135.127.fna,GCF_020906375.1_ASM2090637v1_genomic.fna, 5014705, 5014705,1402135.127.fna_vs_GCF_020906375.1_ASM2090637v1_genomic.fna_blast.xml,0,0,0,0,0,0,0,0,5014705,0,0,0,0,0,0,1402135_subject_array_1739892337.bin
59271,1402135,SC1-34,1402135.111,10,https://ftp.ncbi.nlm.nih.gov/genomes/all/GCF/020/906/035/GCF_020906035.1_ASM2090603v1,10,1402135.111.fna,GCF_020906035.1_ASM2090603v1_genomic.fna, 5022444, 5022444,1402135.111.fna_vs_GCF_020906035.1_ASM2090603v1_genomic.fna_blast.xml,0,0,0,0,0,0,0,0,5022444,0,0,0,0,0,0,1402135_subject_array_1739892338.bin
59290,1402135,TT37-47,1402135.97,10,https://ftp.ncbi.nlm.nih.gov/genomes/all/GCF/020/905/755/GCF_020905755.1_ASM2090575v1,10,1402135.97.fna,GCF_020905755.1_ASM2090575v1_genomic.fna, 4797625, 4797625,1402135.97.fna_vs_GCF_020905755.1_ASM2090575v1_genomic.fna_blast.xml,0,0,0,0,0,0,0,0,4797625,0,0,0,0,0,0,1402135_subject_array_1739892340.bin
59336,1402512,BWHPSA012,1402512.3,10,https://ftp.ncbi.nlm.nih.gov/genomes/all/GCF/000/481/465/GCF_000481465.1_Pseu_aeru_BWH012_V1,10,1402512.3.fna,GCF_000481465.1_Pseu_aeru_BWH012_V1_genomic.fna, 6476343, 6492047,1402512.3.fna_vs_GCF_000481465.1_Pseu_aeru_BWH012_V1_genomic.fna_blast.xml,0,0,0,0,0,0,0,15650,6476393,0,0,4,0,0,0,1402512_subject_array_1739892342.bin
59413,1402590,OFXR-20,1402590.3,10,https://ftp.ncbi.nlm.nih.gov/genomes/all/GCF/000/667/995/GCF_000667995.1_Myco_tube_OFXR-20_V1,10,1402590.3.fna,GCF_000667995.1_Myco_tube_OFXR-20_V1_genomic.fna, 4415002, 4423003,1402590.3.fna_vs_GCF_000667995.1_Myco_tube_OFXR-20_V1_genomic.fna_blast.xml,0,0,0,0,0,0,0,7814,4415185,0,0,4,0,0,0,1402590_subject_array_1739892344.bin
59507,1402685,M1176,1402685.3,10,https://ftp.ncbi.nlm.nih.gov/genomes/all/GCF/000/532/795/GCF_000532795.1_Stap_aure_M1176_V1,10,1402685.3.fna,GCF_000532795.1_Stap_aure_M1176_V1_genomic.fna, 2856091, 2856291,1402685.3.fna_vs_GCF_000532795.1_Stap_aure_M1176_V1_genomic.fna_blast.xml,0,0,0,0,0,0,0,181,2856110,0,0,0,0,0,0,1402685_subject_array_1739892345.bin
59780,1404,2020WEIHUA_L,1404.447,10,https://ftp.ncbi.nlm.nih.gov/genomes/all/GCF/022/023/815/GCF_022023815.1_ASM2202381v1,10,1404.447.fna,GCF_022023815.1_ASM2202381v1_genomic.fna, 5922665, 5922665,1404.447.fna_vs_GCF_022023815.1_ASM2202381v1_genomic.fna_blast.xml,0,0,0,0,0,0,0,0,5922665,0,0,0,0,0,0,1404_subject_array_1739892347.bin
59900,1404,BIM B-1314D,1404.277,10,https://ftp.ncbi.nlm.nih.gov/genomes/all/GCF/013/389/435/GCF_013389435.1_ASM1338943v1,10,1404.277.fna,GCF_013389435.1_ASM1338943v1_genomic.fna, 5984922, 5984922,1404.277.fna_vs_GCF_013389435.1_ASM1338943v1_genomic.fna_blast.xml,0,0,0,0,0,0,0,0,5984922,0,0,0,0,0,0,1404_subject_array_1739892350.bin
59905,1404,CACC119,1404.685,10,https://ftp.ncbi.nlm.nih.gov/genomes/all/GCF/034/479/695/GCF_034479695.1_ASM3447969v1,10,1404.685.fna,GCF_034479695.1_ASM3447969v1_genomic.fna, 5703136, 5703136,1404.685.fna_vs_GCF_034479695.1_ASM3447969v1_genomic.fna_blast.xml,0,0,0,0,0,0,0,0,5703136,0,0,0,0,0,0,1404_subject_array_1739892352.bin
59925,1404,DSM 17641,1404.604,10,https://ftp.ncbi.nlm.nih.gov/genomes/all/GCF/029/857/545/GCF_029857545.1_ASM2985754v1,10,1404.604.fna,GCF_029857545.1_ASM2985754v1_genomic.fna, 5854496, 5854496,1404.604.fna_vs_GCF_029857545.1_ASM2985754v1_genomic.fna_blast.xml,0,0,0,0,0,0,0,0,5854496,0,0,0,0,0,0,1404_subject_array_1739892354.bin
59936,1404,FDU301,1404.272,10,https://ftp.ncbi.nlm.nih.gov/genomes/all/GCF/013/146/705/GCF_013146705.1_ASM1314670v1,10,1404.272.fna,GCF_013146705.1_ASM1314670v1_genomic.fna, 6872701, 6872701,1404.272.fna_vs_GCF_013146705.1_ASM1314670v1_genomic.fna_blast.xml,0,0,0,0,0,0,0,0,6872701,0,0,0,0,0,0,1404_subject_array_1739892356.bin
59947,1404,IBT10TM7,1404.442,10,https://ftp.ncbi.nlm.nih.gov/genomes/all/GCF/020/176/875/GCF_020176875.1_ASM2017687v1,10,1404.442.fna,GCF_020176875.1_ASM2017687v1_genomic.fna, 5234742, 5234742,1404.442.fna_vs_GCF_020176875.1_ASM2017687v1_genomic.fna_blast.xml,0,0,0,0,0,0,0,0,5234742,0,0,0,0,0,0,1404_subject_array_1739892358.bin
60015,1404,KF18,1404.478,10,https://ftp.ncbi.nlm.nih.gov/genomes/all/GCF/023/824/195/GCF_023824195.1_ASM2382419v1,10,1404.478.fna,GCF_023824195.1_ASM2382419v1_genomic.fna, 5983792, 5983792,1404.478.fna_vs_GCF_023824195.1_ASM2382419v1_genomic.fna_blast.xml,0,0,0,0,0,0,0,0,5983792,0,0,0,0,0,0,1404_subject_array_1739892361.bin
60037,1404,Mes11,1404.278,10,https://ftp.ncbi.nlm.nih.gov/genomes/all/GCF/013/458/535/GCF_013458535.1_ASM1345853v1,10,1404.278.fna,GCF_013458535.1_ASM1345853v1_genomic.fna, 6165405, 6165405,1404.278.fna_vs_GCF_013458535.1_ASM1345853v1_genomic.fna_blast.xml,0,0,0,0,0,0,0,0,6165405,0,0,0,0,0,0,1404_subject_array_1739892363.bin
60089,1404,SRCM125557,1404.556,10,https://ftp.ncbi.nlm.nih.gov/genomes/all/GCF/028/548/235/GCF_028548235.1_ASM2854823v1,10,1404.556.fna,GCF_028548235.1_ASM2854823v1_genomic.fna, 6040691, 6109232,1404.556.fna_vs_GCF_028548235.1_ASM2854823v1_genomic.fna_blast.xml,0,0,4,5,0,0,65,49996,6054828,0,100,1736,2495,0,3,1404_subject_array_1739892366.bin
60687,1408312,LB2011,1408312.3,10,https://ftp.ncbi.nlm.nih.gov/genomes/all/GCF/000/701/765/GCF_000701765.1_ASM70176v1,10,1408312.3.fna,GCF_000701765.1_ASM70176v1_genomic.fna, 2807206, 2807604,1408312.3.fna_vs_GCF_000701765.1_ASM70176v1_genomic.fna_blast.xml,0,0,0,0,0,0,0,397,2807207,0,0,0,0,0,0,1408312_subject_array_1739892367.bin
60693,1408417,ATCC 29102,1408417.3,10,https://ftp.ncbi.nlm.nih.gov/genomes/all/GCF/000/687/835/GCF_000687835.1_ASM68783v1,10,1408417.3.fna,GCF_000687835.1_ASM68783v1_genomic.fna, 1219180, 1219180,1408417.3.fna_vs_GCF_000687835.1_ASM68783v1_genomic.fna_blast.xml,0,0,0,0,0,0,0,0,1219180,0,0,0,0,0,0,1408417_subject_array_1739892367.bin
60720,1408448,ATCC 49581,1408448.3,10,https://ftp.ncbi.nlm.nih.gov/genomes/all/GCF/000/702/725/GCF_000702725.1_ASM70272v1,10,1408448.3.fna,GCF_000702725.1_ASM70272v1_genomic.fna,  778966,  778966,1408448.3.fna_vs_GCF_000702725.1_ASM70272v1_genomic.fna_blast.xml,0,0,0,0,0,0,0,0,778966,0,0,0,0,0,0,1408448_subject_array_1739892367.bin
60721,1408449,ATCC 51578,1408449.4,10,https://ftp.ncbi.nlm.nih.gov/genomes/all/GCF/000/686/545/GCF_000686545.1_ASM68654v1,10,1408449.4.fna,GCF_000686545.1_ASM68654v1_genomic.fna,  914567,  916605,1408449.4.fna_vs_GCF_000686545.1_ASM68654v1_genomic.fna_blast.xml,0,0,0,0,0,0,0,2038,914567,0,0,0,0,0,0,1408449_subject_array_1739892368.bin
60826,1409367,AMMC6040,1409367.3,10,https://ftp.ncbi.nlm.nih.gov/genomes/all/GCF/000/537/995/GCF_000537995.1_Stap_aure_AMMC6040_V1,10,1409367.3.fna,GCF_000537995.1_Stap_aure_AMMC6040_V1_genomic.fna, 2884601, 2884701,1409367.3.fna_vs_GCF_000537995.1_Stap_aure_AMMC6040_V1_genomic.fna_blast.xml,0,0,0,0,0,0,0,84,2884616,0,0,1,0,0,0,1409367_subject_array_1739892369.bin
60836,1409377,SMMC6007,1409377.3,10,https://ftp.ncbi.nlm.nih.gov/genomes/all/GCF/000/537/795/GCF_000537795.1_Stap_aure_SMMC6007_V1,10,1409377.3.fna,GCF_000537795.1_Stap_aure_SMMC6007_V1_genomic.fna, 2897993, 2897993,1409377.3.fna_vs_GCF_000537795.1_Stap_aure_SMMC6007_V1_genomic.fna_blast.xml,0,0,0,0,0,0,0,0,2897993,0,0,0,0,0,0,1409377_subject_array_1739892370.bin
60842,1409383,SJUD6063,1409383.3,10,https://ftp.ncbi.nlm.nih.gov/genomes/all/GCF/000/538/255/GCF_000538255.1_Stap_aure_SJUD6063_V1,10,1409383.3.fna,GCF_000538255.1_Stap_aure_SJUD6063_V1_genomic.fna, 2895945, 2896045,1409383.3.fna_vs_GCF_000538255.1_Stap_aure_SJUD6063_V1_genomic.fna_blast.xml,0,0,0,0,0,0,0,100,2895945,0,0,0,0,0,0,1409383_subject_array_1739892371.bin
60845,1409386,SJUD6056,1409386.3,10,https://ftp.ncbi.nlm.nih.gov/genomes/all/GCF/000/537/755/GCF_000537755.1_Stap_aure_SJUD6056_V1,10,1409386.3.fna,GCF_000537755.1_Stap_aure_SJUD6056_V1_genomic.fna, 2943021, 2943021,1409386.3.fna_vs_GCF_000537755.1_Stap_aure_SJUD6056_V1_genomic.fna_blast.xml,0,0,0,0,0,0,0,0,2943021,0,0,0,0,0,0,1409386_subject_array_1739892372.bin
60848,1409389,MISS6019,1409389.3,10,https://ftp.ncbi.nlm.nih.gov/genomes/all/GCF/000/538/315/GCF_000538315.1_Stap_aure_MISS6019_V1,10,1409389.3.fna,GCF_000538315.1_Stap_aure_MISS6019_V1_genomic.fna, 2894520, 2894905,1409389.3.fna_vs_GCF_000538315.1_Stap_aure_MISS6019_V1_genomic.fna_blast.xml,0,0,0,0,0,0,0,385,2894520,0,0,0,0,0,0,1409389_subject_array_1739892373.bin
60871,1409412,TUSH6001,1409412.3,10,https://ftp.ncbi.nlm.nih.gov/genomes/all/GCF/000/537/575/GCF_000537575.1_Stap_aure_TUSH6001_V1,10,1409412.3.fna,GCF_000537575.1_Stap_aure_TUSH6001_V1_genomic.fna, 2900890, 2900890,1409412.3.fna_vs_GCF_000537575.1_Stap_aure_TUSH6001_V1_genomic.fna_blast.xml,0,0,0,0,0,0,0,0,2900890,0,0,0,0,0,0,1409412_subject_array_1739892374.bin
60892,1409433,OCMM6045,1409433.3,10,https://ftp.ncbi.nlm.nih.gov/genomes/all/GCF/000/538/895/GCF_000538895.1_Stap_aure_OCMM6045_V1,10,1409433.3.fna,GCF_000538895.1_Stap_aure_OCMM6045_V1_genomic.fna, 2903933, 2904033,1409433.3.fna_vs_GCF_000538895.1_Stap_aure_OCMM6045_V1_genomic.fna_blast.xml,0,0,0,0,0,0,0,100,2903933,0,0,0,0,0,0,1409433_subject_array_1739892375.bin
60926,1409467,LAMC0001,1409467.3,10,https://ftp.ncbi.nlm.nih.gov/genomes/all/GCF/000/539/515/GCF_000539515.1_Stap_aure_LAMC0001_V1,10,1409467.3.fna,GCF_000539515.1_Stap_aure_LAMC0001_V1_genomic.fna, 2892089, 2892189,1409467.3.fna_vs_GCF_000539515.1_Stap_aure_LAMC0001_V1_genomic.fna_blast.xml,0,0,0,0,0,0,0,92,2892097,0,0,0,0,0,0,1409467_subject_array_1739892376.bin
60959,1409500,UCIM6009,1409500.3,10,https://ftp.ncbi.nlm.nih.gov/genomes/all/GCF/000/540/055/GCF_000540055.1_Stap_aure_UCIM6009_V1,10,1409500.3.fna,GCF_000540055.1_Stap_aure_UCIM6009_V1_genomic.fna, 2892589, 2892689,1409500.3.fna_vs_GCF_000540055.1_Stap_aure_UCIM6009_V1_genomic.fna_blast.xml,0,0,0,0,0,0,0,84,2892602,0,0,3,0,0,0,1409500_subject_array_1739892377.bin
61015,1409556,UCIM6057,1409556.3,10,https://ftp.ncbi.nlm.nih.gov/genomes/all/GCF/000/537/175/GCF_000537175.1_Stap_aure_UCIM6057_V1,10,1409556.3.fna,GCF_000537175.1_Stap_aure_UCIM6057_V1_genomic.fna, 2900578, 2900578,1409556.3.fna_vs_GCF_000537175.1_Stap_aure_UCIM6057_V1_genomic.fna_blast.xml,0,0,0,0,0,0,0,0,2900578,0,0,0,0,0,0,1409556_subject_array_1739892378.bin
61042,1409583,COAS6059,1409583.3,10,https://ftp.ncbi.nlm.nih.gov/genomes/all/GCF/000/541/135/GCF_000541135.1_Stap_aure_COAS6059_V1,10,1409583.3.fna,GCF_000541135.1_Stap_aure_COAS6059_V1_genomic.fna, 2896760, 2896902,1409583.3.fna_vs_GCF_000541135.1_Stap_aure_COAS6059_V1_genomic.fna_blast.xml,0,0,0,0,0,0,0,136,2896760,0,0,0,6,0,0,1409583_subject_array_1739892379.bin
61086,1409627,KINB6024,1409627.3,10,https://ftp.ncbi.nlm.nih.gov/genomes/all/GCF/000/541/555/GCF_000541555.1_Stap_aure_KINB6024_V1,10,1409627.3.fna,GCF_000541555.1_Stap_aure_KINB6024_V1_genomic.fna, 2862499, 2862599,1409627.3.fna_vs_GCF_000541555.1_Stap_aure_KINB6024_V1_genomic.fna_blast.xml,0,0,0,0,0,0,0,100,2862499,0,0,0,0,0,0,1409627_subject_array_1739892380.bin
61116,1409657,GGMC6018,1409657.3,10,https://ftp.ncbi.nlm.nih.gov/genomes/all/GCF/000/542/075/GCF_000542075.1_Stap_aure_GGMC6018_V1,10,1409657.3.fna,GCF_000542075.1_Stap_aure_GGMC6018_V1_genomic.fna, 2899456, 2899876,1409657.3.fna_vs_GCF_000542075.1_Stap_aure_GGMC6018_V1_genomic.fna_blast.xml,0,0,0,0,0,0,0,407,2899466,0,0,0,3,0,0,1409657_subject_array_1739892381.bin
61128,1409669,FVRH6079,1409669.3,10,https://ftp.ncbi.nlm.nih.gov/genomes/all/GCF/000/572/505/GCF_000572505.1_Stap_aure_FVRH6079_V1,10,1409669.3.fna,GCF_000572505.1_Stap_aure_FVRH6079_V1_genomic.fna, 2922883, 2930511,1409669.3.fna_vs_GCF_000572505.1_Stap_aure_FVRH6079_V1_genomic.fna_blast.xml,0,0,0,0,0,0,0,7617,2922886,0,0,0,8,0,0,1409669_subject_array_1739892382.bin
61134,1409675,COAS6095,1409675.3,10,https://ftp.ncbi.nlm.nih.gov/genomes/all/GCF/000/536/875/GCF_000536875.1_Stap_aure_COAS6095_V1,10,1409675.3.fna,GCF_000536875.1_Stap_aure_COAS6095_V1_genomic.fna, 2895191, 2895191,1409675.3.fna_vs_GCF_000536875.1_Stap_aure_COAS6095_V1_genomic.fna_blast.xml,0,0,0,0,0,0,0,0,2895191,0,0,0,0,0,0,1409675_subject_array_1739892383.bin
61148,1409689,UCIM6126,1409689.3,10,https://ftp.ncbi.nlm.nih.gov/genomes/all/GCF/000/536/815/GCF_000536815.1_Stap_aure_UCIM6126_V1,10,1409689.3.fna,GCF_000536815.1_Stap_aure_UCIM6126_V1_genomic.fna, 2935994, 2935994,1409689.3.fna_vs_GCF_000536815.1_Stap_aure_UCIM6126_V1_genomic.fna_blast.xml,0,0,0,0,0,0,0,0,2935994,0,0,0,0,0,0,1409689_subject_array_1739892384.bin
61185,1409726,HBHO6021,1409726.3,10,https://ftp.ncbi.nlm.nih.gov/genomes/all/GCF/000/572/325/GCF_000572325.1_Stap_aure_HBHO6021_V1,10,1409726.3.fna,GCF_000572325.1_Stap_aure_HBHO6021_V1_genomic.fna, 2968691, 2969836,1409726.3.fna_vs_GCF_000572325.1_Stap_aure_HBHO6021_V1_genomic.fna_blast.xml,0,0,0,0,0,0,0,1131,2968705,0,0,0,0,0,0,1409726_subject_array_1739892386.bin
61186,1409727,CHAP6035,1409727.3,10,https://ftp.ncbi.nlm.nih.gov/genomes/all/GCF/000/542/945/GCF_000542945.1_Stap_aure_CHAP6035_V1,10,1409727.3.fna,GCF_000542945.1_Stap_aure_CHAP6035_V1_genomic.fna, 2898404, 2898938,1409727.3.fna_vs_GCF_000542945.1_Stap_aure_CHAP6035_V1_genomic.fna_blast.xml,0,0,0,0,0,0,0,534,2898404,0,0,0,0,0,0,1409727_subject_array_1739892387.bin
61189,1409730,HBHO6022,1409730.3,10,https://ftp.ncbi.nlm.nih.gov/genomes/all/GCF/000/542/985/GCF_000542985.1_Stap_aure_HBHO6022_V1,10,1409730.3.fna,GCF_000542985.1_Stap_aure_HBHO6022_V1_genomic.fna, 2855757, 2856097,1409730.3.fna_vs_GCF_000542985.1_Stap_aure_HBHO6022_V1_genomic.fna_blast.xml,0,0,0,0,0,0,0,328,2855769,0,0,0,0,0,0,1409730_subject_array_1739892388.bin
61282,1410644,DSM 20087,1410644.3,10,https://ftp.ncbi.nlm.nih.gov/genomes/all/GCF/000/702/865/GCF_000702865.1_ASM70286v1,10,1410644.3.fna,GCF_000702865.1_ASM70286v1_genomic.fna, 2051152, 2051152,1410644.3.fna_vs_GCF_000702865.1_ASM70286v1_genomic.fna_blast.xml,0,0,0,0,0,0,0,0,2051152,0,0,0,0,0,0,1410644_subject_array_1739892388.bin
61309,1410675,2B,1410675.5,10,https://ftp.ncbi.nlm.nih.gov/genomes/all/GCF/000/702/105/GCF_000702105.1_ASM70210v1,10,1410675.5.fna,GCF_000702105.1_ASM70210v1_genomic.fna, 1918914, 1919820,1410675.5.fna_vs_GCF_000702105.1_ASM70210v1_genomic.fna_blast.xml,0,0,0,0,0,0,0,906,1918914,0,0,0,0,0,0,1410675_subject_array_1739892389.bin
61405,1410780,F52754,1410780.3,10,https://ftp.ncbi.nlm.nih.gov/genomes/all/GCF/000/576/795/GCF_000576795.1_Stap_aure_F52754_V1,10,1410780.3.fna,GCF_000576795.1_Stap_aure_F52754_V1_genomic.fna, 2877742, 2880944,1410780.3.fna_vs_GCF_000576795.1_Stap_aure_F52754_V1_genomic.fna_blast.xml,0,0,0,0,0,0,0,3202,2877742,0,0,0,0,0,0,1410780_subject_array_1739892390.bin
61715,1412654,H58177,1412654.3,10,https://ftp.ncbi.nlm.nih.gov/genomes/all/GCF/000/594/365/GCF_000594365.1_Stap_aure_H58177_V1,10,1412654.3.fna,GCF_000594365.1_Stap_aure_H58177_V1_genomic.fna, 2893574, 2893574,1412654.3.fna_vs_GCF_000594365.1_Stap_aure_H58177_V1_genomic.fna_blast.xml,0,0,0,0,0,0,0,0,2893574,0,0,0,0,0,0,1412654_subject_array_1739892391.bin
61716,1412655,H58183,1412655.3,10,https://ftp.ncbi.nlm.nih.gov/genomes/all/GCF/000/571/355/GCF_000571355.1_Stap_aure_H58183_V1,10,1412655.3.fna,GCF_000571355.1_Stap_aure_H58183_V1_genomic.fna, 2899355, 2899455,1412655.3.fna_vs_GCF_000571355.1_Stap_aure_H58183_V1_genomic.fna_blast.xml,0,0,0,0,0,0,0,100,2899355,0,0,0,0,0,0,1412655_subject_array_1739892392.bin
61741,1412680,M73702,1412680.3,10,https://ftp.ncbi.nlm.nih.gov/genomes/all/GCF/000/570/935/GCF_000570935.1_Stap_aure_M73702_V1,10,1412680.3.fna,GCF_000570935.1_Stap_aure_M73702_V1_genomic.fna, 2845008, 2845108,1412680.3.fna_vs_GCF_000570935.1_Stap_aure_M73702_V1_genomic.fna_blast.xml,0,0,0,0,0,0,0,100,2845008,0,0,0,0,0,0,1412680_subject_array_1739892393.bin
61758,1412697,T37849,1412697.3,10,https://ftp.ncbi.nlm.nih.gov/genomes/all/GCF/000/594/225/GCF_000594225.1_Stap_aure_T37849_V1,10,1412697.3.fna,GCF_000594225.1_Stap_aure_T37849_V1_genomic.fna, 2935395, 2935395,1412697.3.fna_vs_GCF_000594225.1_Stap_aure_T37849_V1_genomic.fna_blast.xml,0,0,0,0,0,0,0,0,2935395,0,0,0,0,0,0,1412697_subject_array_1739892394.bin
61843,1412784,T54280,1412784.3,10,https://ftp.ncbi.nlm.nih.gov/genomes/all/GCF/000/569/495/GCF_000569495.1_Stap_aure_T54280_V1,10,1412784.3.fna,GCF_000569495.1_Stap_aure_T54280_V1_genomic.fna, 2895752, 2895852,1412784.3.fna_vs_GCF_000569495.1_Stap_aure_T54280_V1_genomic.fna_blast.xml,0,0,0,0,0,0,0,91,2895761,0,0,0,0,0,0,1412784_subject_array_1739892395.bin
61848,1412789,T57415,1412789.3,10,https://ftp.ncbi.nlm.nih.gov/genomes/all/GCF/000/569/435/GCF_000569435.1_Stap_aure_T57415_V1,10,1412789.3.fna,GCF_000569435.1_Stap_aure_T57415_V1_genomic.fna, 2873199, 2874421,1412789.3.fna_vs_GCF_000569435.1_Stap_aure_T57415_V1_genomic.fna_blast.xml,0,0,0,0,0,0,0,1205,2873216,0,0,0,0,0,0,1412789_subject_array_1739892396.bin
61867,1412809,W46883,1412809.3,10,https://ftp.ncbi.nlm.nih.gov/genomes/all/GCF/000/569/175/GCF_000569175.1_Stap_aure_W46883_V1,10,1412809.3.fna,GCF_000569175.1_Stap_aure_W46883_V1_genomic.fna, 2913418, 2913768,1412809.3.fna_vs_GCF_000569175.1_Stap_aure_W46883_V1_genomic.fna_blast.xml,0,0,0,0,0,0,0,328,2913439,0,0,1,0,0,0,1412809_subject_array_1739892397.bin
62185,141389,TMW 2.2317,141389.12,10,https://ftp.ncbi.nlm.nih.gov/genomes/all/GCF/025/392/985/GCF_025392985.1_ASM2539298v1,10,141389.12.fna,GCF_025392985.1_ASM2539298v1_genomic.fna, 3422026, 3422026,141389.12.fna_vs_GCF_025392985.1_ASM2539298v1_genomic.fna_blast.xml,0,0,0,0,0,0,0,0,3422026,0,0,0,0,0,0,141389_subject_array_1739892398.bin
62241,1415402,36,1415402.3,10,https://ftp.ncbi.nlm.nih.gov/genomes/all/GCF/004/137/765/GCF_004137765.1_ASM413776v1,10,1415402.3.fna,GCF_004137765.1_ASM413776v1_genomic.fna, 2963259, 2963259,1415402.3.fna_vs_GCF_004137765.1_ASM413776v1_genomic.fna_blast.xml,0,0,0,0,0,0,0,0,2963259,0,0,0,0,0,0,1415402_subject_array_1739892399.bin
62363,1417039,F63750,1417039.3,10,https://ftp.ncbi.nlm.nih.gov/genomes/all/GCF/000/578/015/GCF_000578015.1_Stap_aure_F63750_V1,10,1417039.3.fna,GCF_000578015.1_Stap_aure_F63750_V1_genomic.fna, 2884513, 2884782,1417039.3.fna_vs_GCF_000578015.1_Stap_aure_F63750_V1_genomic.fna_blast.xml,0,0,0,0,0,0,0,254,2884526,0,0,2,0,0,0,1417039_subject_array_1739892400.bin
63169,1422096,TB_RSA180,1422096.3,10,https://ftp.ncbi.nlm.nih.gov/genomes/all/GCF/000/676/855/GCF_000676855.1_Myco_tube_TB_RSA180_V1,10,1422096.3.fna,GCF_000676855.1_Myco_tube_TB_RSA180_V1_genomic.fna, 4400044, 4417223,1422096.3.fna_vs_GCF_000676855.1_Myco_tube_TB_RSA180_V1_genomic.fna_blast.xml,0,0,0,0,0,0,0,17162,4400058,0,0,2,1,0,0,1422096_subject_array_1739892402.bin
63196,1422126,DAR3551,1422126.3,10,https://ftp.ncbi.nlm.nih.gov/genomes/all/GCF/000/607/425/GCF_000607425.1_Stap_aure_DAR3551_V1,10,1422126.3.fna,GCF_000607425.1_Stap_aure_DAR3551_V1_genomic.fna, 2933124, 2937445,1422126.3.fna_vs_GCF_000607425.1_Stap_aure_DAR3551_V1_genomic.fna_blast.xml,0,0,0,0,0,0,0,4318,2933126,0,0,0,1,0,0,1422126_subject_array_1739892403.bin
63201,1422131,DAR3574,1422131.3,10,https://ftp.ncbi.nlm.nih.gov/genomes/all/GCF/000/607/525/GCF_000607525.1_Stap_aure_DAR3574_V1,10,1422131.3.fna,GCF_000607525.1_Stap_aure_DAR3574_V1_genomic.fna, 2870758, 2870958,1422131.3.fna_vs_GCF_000607525.1_Stap_aure_DAR3574_V1_genomic.fna_blast.xml,0,0,0,0,0,0,0,197,2870759,0,0,0,2,0,0,1422131_subject_array_1739892404.bin
63207,1422137,DAR3584,1422137.3,10,https://ftp.ncbi.nlm.nih.gov/genomes/all/GCF/000/607/645/GCF_000607645.1_Stap_aure_DAR3584_V1,10,1422137.3.fna,GCF_000607645.1_Stap_aure_DAR3584_V1_genomic.fna, 2861479, 2861579,1422137.3.fna_vs_GCF_000607645.1_Stap_aure_DAR3584_V1_genomic.fna_blast.xml,0,0,0,0,0,0,0,100,2861479,0,0,0,0,0,0,1422137_subject_array_1739892405.bin
63267,1422197,DAR3918,1422197.3,10,https://ftp.ncbi.nlm.nih.gov/genomes/all/GCF/000/608/805/GCF_000608805.1_Stap_aure_DAR3918_V1,10,1422197.3.fna,GCF_000608805.1_Stap_aure_DAR3918_V1_genomic.fna, 2819930, 2821064,1422197.3.fna_vs_GCF_000608805.1_Stap_aure_DAR3918_V1_genomic.fna_blast.xml,0,0,0,0,0,0,0,1091,2819930,0,0,0,43,0,0,1422197_subject_array_1739892406.bin
63303,1422233,DAR1311,1422233.3,10,https://ftp.ncbi.nlm.nih.gov/genomes/all/GCF/000/609/525/GCF_000609525.1_Stap_aure_DAR1311_V1,10,1422233.3.fna,GCF_000609525.1_Stap_aure_DAR1311_V1_genomic.fna, 2840220, 2841225,1422233.3.fna_vs_GCF_000609525.1_Stap_aure_DAR1311_V1_genomic.fna_blast.xml,0,0,0,0,0,0,0,1002,2840223,0,0,0,0,0,0,1422233_subject_array_1739892407.bin
63311,1422241,DAR1698,1422241.3,10,https://ftp.ncbi.nlm.nih.gov/genomes/all/GCF/000/609/685/GCF_000609685.1_Stap_aure_DAR1698_V1,10,1422241.3.fna,GCF_000609685.1_Stap_aure_DAR1698_V1_genomic.fna, 2829989, 2833609,1422241.3.fna_vs_GCF_000609685.1_Stap_aure_DAR1698_V1_genomic.fna_blast.xml,0,0,0,0,0,0,0,3603,2830006,0,0,0,0,0,0,1422241_subject_array_1739892408.bin
63342,1422272,DAR2026,1422272.3,10,https://ftp.ncbi.nlm.nih.gov/genomes/all/GCF/000/610/305/GCF_000610305.1_Stap_aure_DAR2026_V1,10,1422272.3.fna,GCF_000610305.1_Stap_aure_DAR2026_V1_genomic.fna, 2875487, 2877404,1422272.3.fna_vs_GCF_000610305.1_Stap_aure_DAR2026_V1_genomic.fna_blast.xml,0,0,0,0,0,0,0,1909,2875495,0,0,0,0,0,0,1422272_subject_array_1739892409.bin
63881,1423,179-D 3C1 HS,1423.1944,10,https://ftp.ncbi.nlm.nih.gov/genomes/all/GCF/019/037/905/GCF_019037905.1_ASM1903790v1,10,1423.1944.fna,GCF_019037905.1_ASM1903790v1_genomic.fna, 4005781, 4005781,1423.1944.fna_vs_GCF_019037905.1_ASM1903790v1_genomic.fna_blast.xml,0,0,0,0,0,0,0,0,4005781,0,0,0,0,0,0,1423_subject_array_1739892411.bin
63899,1423,29-3,1423.1025,10,https://ftp.ncbi.nlm.nih.gov/genomes/all/GCF/010/578/065/GCF_010578065.1_ASM1057806v1,10,1423.1025.fna,GCF_010578065.1_ASM1057806v1_genomic.fna, 4025312, 4025312,1423.1025.fna_vs_GCF_010578065.1_ASM1057806v1_genomic.fna_blast.xml,0,0,0,0,0,0,0,0,4025312,0,0,0,0,0,0,1423_subject_array_1739892412.bin
63906,1423,5-1,1423.1029,10,https://ftp.ncbi.nlm.nih.gov/genomes/all/GCF/010/580/645/GCF_010580645.1_ASM1058064v1,10,1423.1029.fna,GCF_010580645.1_ASM1058064v1_genomic.fna, 4026028, 4026028,1423.1029.fna_vs_GCF_010580645.1_ASM1058064v1_genomic.fna_blast.xml,0,0,0,0,0,0,2,72,4025934,0,0,20,0,0,0,1423_subject_array_1739892413.bin
63929,1423,ACCC 11025,1423.1860,10,https://ftp.ncbi.nlm.nih.gov/genomes/all/GCF/018/530/835/GCF_018530835.1_ASM1853083v1,10,1423.1860.fna,GCF_018530835.1_ASM1853083v1_genomic.fna, 4037732, 4037732,1423.1860.fna_vs_GCF_018530835.1_ASM1853083v1_genomic.fna_blast.xml,0,0,0,0,0,0,0,90,4037642,0,0,0,0,0,0,1423_subject_array_1739892415.bin
64155,1423,EB1,1423.2156,10,https://ftp.ncbi.nlm.nih.gov/genomes/all/GCF/019/969/135/GCF_019969135.1_ASM1996913v1,10,1423.2156.fna,GCF_019969135.1_ASM1996913v1_genomic.fna, 3983910, 3983910,1423.2156.fna_vs_GCF_019969135.1_ASM1996913v1_genomic.fna_blast.xml,0,0,0,0,0,0,0,0,3983910,0,0,0,0,0,0,1423_subject_array_1739892416.bin
64330,1423,RC 25,1423.745,10,https://ftp.ncbi.nlm.nih.gov/genomes/all/GCF/004/103/895/GCF_004103895.1_ASM410389v1,10,1423.745.fna,GCF_004103895.1_ASM410389v1_genomic.fna, 3980593, 3980593,1423.745.fna_vs_GCF_004103895.1_ASM410389v1_genomic.fna_blast.xml,0,0,0,0,0,0,0,818,3979551,0,1,0,223,0,0,1423_subject_array_1739892417.bin
64355,1423,S37,1423.2368,10,https://ftp.ncbi.nlm.nih.gov/genomes/all/GCF/024/262/185/GCF_024262185.1_ASM2426218v1,10,1423.2368.fna,GCF_024262185.1_ASM2426218v1_genomic.fna, 4229972, 4229972,1423.2368.fna_vs_GCF_024262185.1_ASM2426218v1_genomic.fna_blast.xml,0,0,0,0,0,0,0,100,4229872,0,0,0,0,0,0,1423_subject_array_1739892419.bin
64853,1427186,XTB13-092,1427186.3,10,https://ftp.ncbi.nlm.nih.gov/genomes/all/GCF/000/680/035/GCF_000680035.1_Myco_tube_XTB13-092_V1,10,1427186.3.fna,GCF_000680035.1_Myco_tube_XTB13-092_V1_genomic.fna, 4407259, 4409933,1427186.3.fna_vs_GCF_000680035.1_Myco_tube_XTB13-092_V1_genomic.fna_blast.xml,0,0,0,0,0,0,0,2653,4407277,0,0,0,3,0,0,1427186_subject_array_1739892420.bin
64871,1427206,XTB13-114,1427206.3,10,https://ftp.ncbi.nlm.nih.gov/genomes/all/GCF/000/680/375/GCF_000680375.1_Myco_tube_XTB13-114_V1,10,1427206.3.fna,GCF_000680375.1_Myco_tube_XTB13-114_V1_genomic.fna, 4423682, 4426352,1427206.3.fna_vs_GCF_000680375.1_Myco_tube_XTB13-114_V1_genomic.fna_blast.xml,0,0,0,0,0,0,0,2631,4423712,0,0,0,9,0,0,1427206_subject_array_1739892422.bin
64908,1427244,XTB13-159,1427244.3,10,https://ftp.ncbi.nlm.nih.gov/genomes/all/GCF/000/681/075/GCF_000681075.1_Myco_tube_XTB13-159_V1,10,1427244.3.fna,GCF_000681075.1_Myco_tube_XTB13-159_V1_genomic.fna, 4378473, 4393769,1427244.3.fna_vs_GCF_000681075.1_Myco_tube_XTB13-159_V1_genomic.fna_blast.xml,0,0,0,0,0,0,0,15275,4378494,0,0,0,0,0,0,1427244_subject_array_1739892424.bin
64967,1427307,XTB13-237,1427307.3,10,https://ftp.ncbi.nlm.nih.gov/genomes/all/GCF/000/655/975/GCF_000655975.1_Myco_tube_XTB13-237_V1,10,1427307.3.fna,GCF_000655975.1_Myco_tube_XTB13-237_V1_genomic.fna, 4384772, 4394807,1427307.3.fna_vs_GCF_000655975.1_Myco_tube_XTB13-237_V1_genomic.fna_blast.xml,0,0,0,0,0,0,0,9981,4384817,0,0,1,8,0,0,1427307_subject_array_1739892425.bin
64985,1427325,XTB13-265,1427325.3,10,https://ftp.ncbi.nlm.nih.gov/genomes/all/GCF/000/656/335/GCF_000656335.1_Myco_tube_XTB13-265_V1,10,1427325.3.fna,GCF_000656335.1_Myco_tube_XTB13-265_V1_genomic.fna, 4415753, 4422504,1427325.3.fna_vs_GCF_000656335.1_Myco_tube_XTB13-265_V1_genomic.fna_blast.xml,0,0,0,0,0,0,0,6741,4415762,0,0,0,1,0,0,1427325_subject_array_1739892427.bin
64991,1427333,San Pedro600-02,1427333.3,10,https://ftp.ncbi.nlm.nih.gov/genomes/all/GCF/000/607/205/GCF_000607205.1_Bart_baci_San_Pedro600-02_V1,10,1427333.3.fna,GCF_000607205.1_Bart_baci_San_Pedro600-02_V1_genomic.fna, 1400244, 1403817,1427333.3.fna_vs_GCF_000607205.1_Bart_baci_San_Pedro600-02_V1_genomic.fna_blast.xml,0,0,0,0,0,0,0,3570,1400247,0,0,0,0,0,0,1427333_subject_array_1739892427.bin
65327,1428,BMP144,1428.1729,10,https://ftp.ncbi.nlm.nih.gov/genomes/all/GCF/020/809/185/GCF_020809185.1_ASM2080918v1,10,1428.1729.fna,GCF_020809185.1_ASM2080918v1_genomic.fna, 6719450, 6719450,1428.1729.fna_vs_GCF_020809185.1_ASM2080918v1_genomic.fna_blast.xml,0,0,0,0,0,0,0,0,6719450,0,0,0,0,0,0,1428_subject_array_1739892430.bin
65517,1428,HS18-1,1428.317,10,https://ftp.ncbi.nlm.nih.gov/genomes/all/GCF/001/182/785/GCF_001182785.1_ASM118278v1,10,1428.317.fna,GCF_001182785.1_ASM118278v1_genomic.fna, 6403459, 6403459,1428.317.fna_vs_GCF_001182785.1_ASM118278v1_genomic.fna_blast.xml,0,0,0,0,0,0,0,0,6403459,0,0,0,0,0,0,1428_subject_array_1739892432.bin
65648,1428,YC-10,1428.325,10,https://ftp.ncbi.nlm.nih.gov/genomes/all/GCF/001/017/635/GCF_001017635.1_ASM101763v1,10,1428.325.fna,GCF_001017635.1_ASM101763v1_genomic.fna, 6784135, 6784135,1428.325.fna_vs_GCF_001017635.1_ASM101763v1_genomic.fna_blast.xml,0,0,0,0,0,0,0,0,6784135,0,0,0,0,0,0,1428_subject_array_1739892435.bin
65660,1428,x023,1428.1741,10,https://ftp.ncbi.nlm.nih.gov/genomes/all/GCF/021/651/035/GCF_021651035.1_ASM2165103v1,10,1428.1741.fna,GCF_021651035.1_ASM2165103v1_genomic.fna, 6190690, 6190690,1428.1741.fna_vs_GCF_021651035.1_ASM2165103v1_genomic.fna_blast.xml,0,0,0,0,0,0,0,0,6190690,0,0,0,0,0,0,1428_subject_array_1739892438.bin
66032,1435367,MSHR4012,1435367.3,10,https://ftp.ncbi.nlm.nih.gov/genomes/all/GCF/000/774/555/GCF_000774555.1_BCW_8,10,1435367.3.fna,GCF_000774555.1_BCW_8_genomic.fna, 7228783, 7229283,1435367.3.fna_vs_GCF_000774555.1_BCW_8_genomic.fna_blast.xml,0,0,0,0,0,0,0,450,7228831,0,0,2,0,0,0,1435367_subject_array_1739892440.bin
66057,1435987,MSHR465J,1435987.3,10,https://ftp.ncbi.nlm.nih.gov/genomes/all/GCF/000/774/195/GCF_000774195.1_BPF,10,1435987.3.fna,GCF_000774195.1_BPF_genomic.fna, 7137616, 7138416,1435987.3.fna_vs_GCF_000774195.1_BPF_genomic.fna_blast.xml,0,0,0,0,0,0,0,800,6027400,0,0,0,1110216,0,0,1435987_subject_array_1739892443.bin
66165,1437816,VKM B-2748,1437816.3,10,https://ftp.ncbi.nlm.nih.gov/genomes/all/GCF/027/922/325/GCF_027922325.1_ASM2792232v1,10,1437816.3.fna,GCF_027922325.1_ASM2792232v1_genomic.fna, 3866804, 3868435,1437816.3.fna_vs_GCF_027922325.1_ASM2792232v1_genomic.fna_blast.xml,0,0,0,0,0,0,0,1628,3866807,0,0,0,0,0,0,1437816_subject_array_1739892445.bin
66383,1439012,ABC020014897,1439012.3,10,https://ftp.ncbi.nlm.nih.gov/genomes/all/GCF/000/630/865/GCF_000630865.1_Stre_pyog_ABC020014897_V1,10,1439012.3.fna,GCF_000630865.1_Stre_pyog_ABC020014897_V1_genomic.fna, 1871907, 1873446,1439012.3.fna_vs_GCF_000630865.1_Stre_pyog_ABC020014897_V1_genomic.fna_blast.xml,0,0,0,0,0,0,0,1492,1871924,0,0,9,21,0,0,1439012_subject_array_1739892445.bin
66396,1439047,ABC020026799,1439047.3,10,https://ftp.ncbi.nlm.nih.gov/genomes/all/GCF/000/630/785/GCF_000630785.1_Stre_pyog_ABC020026799_V1,10,1439047.3.fna,GCF_000630785.1_Stre_pyog_ABC020026799_V1_genomic.fna, 1866994, 1868152,1439047.3.fna_vs_GCF_000630785.1_Stre_pyog_ABC020026799_V1_genomic.fna_blast.xml,0,0,0,0,0,0,0,1158,1866994,0,0,0,0,0,0,1439047_subject_array_1739892446.bin
66412,1439075,ABC020033020,1439075.3,10,https://ftp.ncbi.nlm.nih.gov/genomes/all/GCF/000/631/205/GCF_000631205.1_Stre_pyog_ABC020033020_V1,10,1439075.3.fna,GCF_000631205.1_Stre_pyog_ABC020033020_V1_genomic.fna, 1811069, 1822778,1439075.3.fna_vs_GCF_000631205.1_Stre_pyog_ABC020033020_V1_genomic.fna_blast.xml,0,0,0,0,0,0,0,11706,1811072,0,0,0,0,0,0,1439075_subject_array_1739892447.bin
66427,1439122,ABC020041424,1439122.3,10,https://ftp.ncbi.nlm.nih.gov/genomes/all/GCF/000/631/365/GCF_000631365.1_Stre_pyog_ABC020041424_V1,10,1439122.3.fna,GCF_000631365.1_Stre_pyog_ABC020041424_V1_genomic.fna, 1730598, 1730798,1439122.3.fna_vs_GCF_000631365.1_Stre_pyog_ABC020041424_V1_genomic.fna_blast.xml,0,0,0,0,0,0,0,198,1730600,0,0,0,0,0,0,1439122_subject_array_1739892447.bin
66458,1439180,ABC020048395,1439180.3,10,https://ftp.ncbi.nlm.nih.gov/genomes/all/GCF/000/630/445/GCF_000630445.1_Stre_pyog_ABC020048395_V1,10,1439180.3.fna,GCF_000630445.1_Stre_pyog_ABC020048395_V1_genomic.fna, 1870676, 1874738,1439180.3.fna_vs_GCF_000630445.1_Stre_pyog_ABC020048395_V1_genomic.fna_blast.xml,0,0,0,0,0,0,0,4048,1870685,0,0,0,5,0,0,1439180_subject_array_1739892448.bin
66481,1439214,ABC020052378,1439214.3,10,https://ftp.ncbi.nlm.nih.gov/genomes/all/GCF/000/631/165/GCF_000631165.1_Stre_pyog_ABC020052378_V1,10,1439214.3.fna,GCF_000631165.1_Stre_pyog_ABC020052378_V1_genomic.fna, 1864567, 1870620,1439214.3.fna_vs_GCF_000631165.1_Stre_pyog_ABC020052378_V1_genomic.fna_blast.xml,0,0,0,0,0,0,0,6052,1864568,0,0,0,0,0,0,1439214_subject_array_1739892448.bin
66484,1439217,ABC020052519,1439217.3,10,https://ftp.ncbi.nlm.nih.gov/genomes/all/GCF/000/631/305/GCF_000631305.1_Stre_pyog_ABC020052519_V1,10,1439217.3.fna,GCF_000631305.1_Stre_pyog_ABC020052519_V1_genomic.fna, 1848857, 1849232,1439217.3.fna_vs_GCF_000631305.1_Stre_pyog_ABC020052519_V1_genomic.fna_blast.xml,0,0,0,0,0,0,0,374,1848858,0,0,0,0,0,0,1439217_subject_array_1739892449.bin
67166,1446599,2010C-3325,1446599.3,10,https://ftp.ncbi.nlm.nih.gov/genomes/all/GCF/000/703/285/GCF_000703285.1_Ec2010C-3325,10,1446599.3.fna,GCF_000703285.1_Ec2010C-3325_genomic.fna, 5541583, 5541583,1446599.3.fna_vs_GCF_000703285.1_Ec2010C-3325_genomic.fna_blast.xml,0,0,0,0,0,0,0,0,5541583,0,0,0,0,0,0,1446599_subject_array_1739892451.bin
67939,1449799,BH195,1449799.3,10,https://ftp.ncbi.nlm.nih.gov/genomes/all/GCF/003/987/215/GCF_003987215.1_ASM398721v1,10,1449799.3.fna,GCF_003987215.1_ASM398721v1_genomic.fna, 2617409, 2617409,1449799.3.fna_vs_GCF_003987215.1_ASM398721v1_genomic.fna_blast.xml,0,0,0,0,0,0,0,0,2617409,0,0,0,0,0,0,1449799_subject_array_1739892452.bin
67956,1450134,Sb_ICE_2,1450134.36,10,https://ftp.ncbi.nlm.nih.gov/genomes/all/GCF/039/548/115/GCF_039548115.1_ASM3954811v1,10,1450134.36.fna,GCF_039548115.1_ASM3954811v1_genomic.fna, 4337299, 4337299,1450134.36.fna_vs_GCF_039548115.1_ASM3954811v1_genomic.fna_blast.xml,0,0,0,0,0,0,0,0,4337299,0,0,0,0,0,0,1450134_subject_array_1739892454.bin
67957,1450134,Sb_ICE_8,1450134.37,10,https://ftp.ncbi.nlm.nih.gov/genomes/all/GCF/039/548/215/GCF_039548215.1_ASM3954821v1,10,1450134.37.fna,GCF_039548215.1_ASM3954821v1_genomic.fna, 4332279, 4332279,1450134.37.fna_vs_GCF_039548215.1_ASM3954821v1_genomic.fna_blast.xml,0,0,0,0,0,0,0,0,4332279,0,0,0,0,0,0,1450134_subject_array_1739892455.bin
68070,1452,DJHJ8,1452.26,10,https://ftp.ncbi.nlm.nih.gov/genomes/all/GCF/001/639/965/GCF_001639965.1_ASM163996v1,10,1452.26.fna,GCF_001639965.1_ASM163996v1_genomic.fna, 4120076, 4120076,1452.26.fna_vs_GCF_001639965.1_ASM163996v1_genomic.fna_blast.xml,0,0,0,0,0,0,0,572,4119504,0,0,0,0,0,0,1452_subject_array_1739892457.bin
68175,1452,TS1,1452.38,10,https://ftp.ncbi.nlm.nih.gov/genomes/all/GCF/003/003/625/GCF_003003625.1_ASM300362v1,10,1452.38.fna,GCF_003003625.1_ASM300362v1_genomic.fna, 4102978, 4102978,1452.38.fna_vs_GCF_003003625.1_ASM300362v1_genomic.fna_blast.xml,0,0,0,0,0,0,0,184,4102794,0,0,0,0,0,0,1452_subject_array_1739892458.bin
68655,1463164,191106182514,1463164.304,10,https://ftp.ncbi.nlm.nih.gov/genomes/all/GCF/036/575/275/GCF_036575275.1_ASM3657527v1,10,1463164.304.fna,GCF_036575275.1_ASM3657527v1_genomic.fna, 5504920, 5504920,1463164.304.fna_vs_GCF_036575275.1_ASM3657527v1_genomic.fna_blast.xml,0,0,0,0,0,0,0,0,5504920,0,0,0,0,0,0,1463164_subject_array_1739892460.bin
68831,1463164,mS1O2,1463164.180,10,https://ftp.ncbi.nlm.nih.gov/genomes/all/GCF/019/710/705/GCF_019710705.1_ASM1971070v1,10,1463164.180.fna,GCF_019710705.1_ASM1971070v1_genomic.fna, 6210931, 6210931,1463164.180.fna_vs_GCF_019710705.1_ASM1971070v1_genomic.fna_blast.xml,0,0,0,0,0,0,0,0,6210930,0,0,1,0,0,0,1463164_subject_array_1739892463.bin
69447,1463165,SC-YY17,1463165.965,10,https://ftp.ncbi.nlm.nih.gov/genomes/all/GCF/029/523/365/GCF_029523365.1_ASM2952336v1,10,1463165.965.fna,GCF_029523365.1_ASM2952336v1_genomic.fna, 5298227, 5298227,1463165.965.fna_vs_GCF_029523365.1_ASM2952336v1_genomic.fna_blast.xml,0,0,0,0,0,0,0,0,5298227,0,0,0,0,0,0,1463165_subject_array_1739892465.bin
69662,1464,PL010,1464.263,10,https://ftp.ncbi.nlm.nih.gov/genomes/all/GCF/031/924/185/GCF_031924185.1_ASM3192418v1,10,1464.263.fna,GCF_031924185.1_ASM3192418v1_genomic.fna, 4536571, 4536571,1464.263.fna_vs_GCF_031924185.1_ASM3192418v1_genomic.fna_blast.xml,0,0,0,0,0,0,0,0,4536571,0,0,0,0,0,0,1464_subject_array_1739892466.bin
70116,1476871,JCM 18127,1476871.3,10,https://ftp.ncbi.nlm.nih.gov/genomes/all/GCF/039/542/785/GCF_039542785.1_ASM3954278v1,10,1476871.3.fna,GCF_039542785.1_ASM3954278v1_genomic.fna, 4591875, 4591875,1476871.3.fna_vs_GCF_039542785.1_ASM3954278v1_genomic.fna_blast.xml,0,0,0,0,0,0,0,192,4591683,0,0,0,0,0,0,1476871_subject_array_1739892468.bin
70181,147802,E2_1697_1278_1_BDMRSCQ11_S183-bin_1-SPLIT,147802.209,10,https://ftp.ncbi.nlm.nih.gov/genomes/all/GCF/022/456/315/GCF_022456315.1_ASM2245631v1,10,147802.209.fna,GCF_022456315.1_ASM2245631v1_genomic.fna, 1250988, 1250988,147802.209.fna_vs_GCF_022456315.1_ASM2245631v1_genomic.fna_blast.xml,0,0,0,0,0,0,0,300,1250687,0,0,1,0,0,0,147802_subject_array_1739892468.bin
70189,147802,JKR_12_29_17_D06_S716-bin_1,147802.198,10,https://ftp.ncbi.nlm.nih.gov/genomes/all/GCF/022/456/055/GCF_022456055.1_ASM2245605v1,10,147802.198.fna,GCF_022456055.1_ASM2245605v1_genomic.fna, 1241067, 1241067,147802.198.fna_vs_GCF_022456055.1_ASM2245605v1_genomic.fna_blast.xml,0,0,0,0,0,0,0,400,1240667,0,0,0,0,0,0,147802_subject_array_1739892469.bin
70361,148814,10,148814.91,10,https://ftp.ncbi.nlm.nih.gov/genomes/all/GCF/023/218/775/GCF_023218775.1_ASM2321877v1,10,148814.91.fna,GCF_023218775.1_ASM2321877v1_genomic.fna, 1568144, 1568144,148814.91.fna_vs_GCF_023218775.1_ASM2321877v1_genomic.fna_blast.xml,0,0,0,0,0,0,0,0,1568144,0,0,0,0,0,0,148814_subject_array_1739892469.bin
70695,148942,SEE_18-061,148942.1223,10,https://ftp.ncbi.nlm.nih.gov/genomes/all/GCF/021/081/485/GCF_021081485.1_ASM2108148v1,10,148942.1223.fna,GCF_021081485.1_ASM2108148v1_genomic.fna, 2322943, 2322943,148942.1223.fna_vs_GCF_021081485.1_ASM2108148v1_genomic.fna_blast.xml,0,0,0,0,0,0,0,0,2322943,0,0,0,0,0,0,148942_subject_array_1739892471.bin
70696,148942,SEE_18-062,148942.1221,10,https://ftp.ncbi.nlm.nih.gov/genomes/all/GCF/021/081/445/GCF_021081445.1_ASM2108144v1,10,148942.1221.fna,GCF_021081445.1_ASM2108144v1_genomic.fna, 2329138, 2329138,148942.1221.fna_vs_GCF_021081445.1_ASM2108144v1_genomic.fna_blast.xml,0,0,0,0,0,0,0,0,2329138,0,0,0,0,0,0,148942_subject_array_1739892472.bin
70712,148942,SEE_19-030,148942.1209,10,https://ftp.ncbi.nlm.nih.gov/genomes/all/GCF/021/077/485/GCF_021077485.1_ASM2107748v1,10,148942.1209.fna,GCF_021077485.1_ASM2107748v1_genomic.fna, 2377142, 2377142,148942.1209.fna_vs_GCF_021077485.1_ASM2107748v1_genomic.fna_blast.xml,0,0,0,0,0,0,0,0,2377142,0,0,0,0,0,0,148942_subject_array_1739892473.bin
70723,148942,SEE_19-066,148942.1196,10,https://ftp.ncbi.nlm.nih.gov/genomes/all/GCF/021/077/265/GCF_021077265.1_ASM2107726v1,10,148942.1196.fna,GCF_021077265.1_ASM2107726v1_genomic.fna, 2363432, 2363432,148942.1196.fna_vs_GCF_021077265.1_ASM2107726v1_genomic.fna_blast.xml,0,0,0,0,0,0,0,0,2363432,0,0,0,0,0,0,148942_subject_array_1739892474.bin
72498,1496,20121190,1496.1552,10,https://ftp.ncbi.nlm.nih.gov/genomes/all/GCF/001/972/185/GCF_001972185.1_ASM197218v1,10,1496.1552.fna,GCF_001972185.1_ASM197218v1_genomic.fna, 4469133, 4469133,1496.1552.fna_vs_GCF_001972185.1_ASM197218v1_genomic.fna_blast.xml,0,0,0,0,0,0,0,0,4469133,0,0,0,0,0,0,1496_subject_array_1739892476.bin
74877,1496689,L77,1496689.3,10,https://ftp.ncbi.nlm.nih.gov/genomes/all/GCF/000/816/565/GCF_000816565.1_ASM81656v1,10,1496689.3.fna,GCF_000816565.1_ASM81656v1_genomic.fna, 3608439, 3608439,1496689.3.fna_vs_GCF_000816565.1_ASM81656v1_genomic.fna_blast.xml,0,0,0,0,0,0,0,367,3608072,0,0,0,0,0,0,1496689_subject_array_1739892477.bin
74914,1499688,LF1,1499688.3,10,https://ftp.ncbi.nlm.nih.gov/genomes/all/GCF/001/048/695/GCF_001048695.1_PRJEB8581_assembly_1,10,1499688.3.fna,GCF_001048695.1_PRJEB8581_assembly_1_genomic.fna, 5600061, 5600061,1499688.3.fna_vs_GCF_001048695.1_PRJEB8581_assembly_1_genomic.fna_blast.xml,0,0,0,0,0,0,0,0,5600061,0,0,0,0,0,0,1499688_subject_array_1739892481.bin
75124,150121,VKM Ac-2510,150121.3,10,https://ftp.ncbi.nlm.nih.gov/genomes/all/GCF/900/177/685/GCF_900177685.1_IMG-taxon_2708742395_annotated_assembly,10,150121.3.fna,GCF_900177685.1_IMG-taxon_2708742395_annotated_assembly_genomic.fna, 3582686, 3582686,150121.3.fna_vs_GCF_900177685.1_IMG-taxon_2708742395_annotated_assembly_genomic.fna_blast.xml,0,0,0,0,0,0,0,0,3582686,0,0,0,0,0,0,150121_subject_array_1739892482.bin
75553,1502,NCTC8359,1502.1042,10,https://ftp.ncbi.nlm.nih.gov/genomes/all/GCF/900/461/145/GCF_900461145.1_50618_C02,10,1502.1042.fna,GCF_900461145.1_50618_C02_genomic.fna, 3097952, 3097952,1502.1042.fna_vs_GCF_900461145.1_50618_C02_genomic.fna_blast.xml,0,0,0,0,0,0,4,0,3097944,0,0,2,2,0,0,1502_subject_array_1739892483.bin
75554,1502,NCTC8503,1502.1071,10,https://ftp.ncbi.nlm.nih.gov/genomes/all/GCF/901/482/475/GCF_901482475.1_44738_A01,10,1502.1071.fna,GCF_901482475.1_44738_A01_genomic.fna, 3574234, 3574234,1502.1071.fna_vs_GCF_901482475.1_44738_A01_genomic.fna_blast.xml,0,0,0,0,0,0,0,0,3574234,0,0,0,0,0,0,1502_subject_array_1739892485.bin
75773,1502358,JCM 17455,1502358.3,10,https://ftp.ncbi.nlm.nih.gov/genomes/all/GCF/039/537/665/GCF_039537665.1_ASM3953766v1,10,1502358.3.fna,GCF_039537665.1_ASM3953766v1_genomic.fna, 3283124, 3283124,1502358.3.fna_vs_GCF_039537665.1_ASM3953766v1_genomic.fna_blast.xml,0,0,0,0,0,0,0,0,3283124,0,0,0,0,0,0,1502358_subject_array_1739892486.bin
75789,1502760,UNCMF331Sha3.1,1502760.4,10,https://ftp.ncbi.nlm.nih.gov/genomes/all/GCF/900/109/915/GCF_900109915.1_IMG-taxon_2593339239_annotated_assembly,10,1502760.4.fna,GCF_900109915.1_IMG-taxon_2593339239_annotated_assembly_genomic.fna, 4124669, 4124669,1502760.4.fna_vs_GCF_900109915.1_IMG-taxon_2593339239_annotated_assembly_genomic.fna_blast.xml,0,0,0,0,0,0,0,1516,4123148,0,0,0,5,0,0,1502760_subject_array_1739892488.bin
76068,1505723,BI-4G,1505723.8,10,https://ftp.ncbi.nlm.nih.gov/genomes/all/GCF/003/515/845/GCF_003515845.1_ASM351584v1,10,1505723.8.fna,GCF_003515845.1_ASM351584v1_genomic.fna, 1631491, 1631491,1505723.8.fna_vs_GCF_003515845.1_ASM351584v1_genomic.fna_blast.xml,0,0,0,0,0,0,0,209,1631282,0,0,0,0,0,0,1505723_subject_array_1739892488.bin
76157,1508770,KCTC 42082,1508770.3,10,https://ftp.ncbi.nlm.nih.gov/genomes/all/GCF/014/652/795/GCF_014652795.1_ASM1465279v1,10,1508770.3.fna,GCF_014652795.1_ASM1465279v1_genomic.fna, 3519858, 3519858,1508770.3.fna_vs_GCF_014652795.1_ASM1465279v1_genomic.fna_blast.xml,0,0,0,0,0,0,0,0,3519858,0,0,0,0,0,0,1508770_subject_array_1739892489.bin
76284,1510459,CECT 8571,1510459.3,10,https://ftp.ncbi.nlm.nih.gov/genomes/all/GCF/014/192/475/GCF_014192475.1_ASM1419247v1,10,1510459.3.fna,GCF_014192475.1_ASM1419247v1_genomic.fna, 3739502, 3739502,1510459.3.fna_vs_GCF_014192475.1_ASM1419247v1_genomic.fna_blast.xml,0,0,0,0,0,0,0,864,3738638,0,0,0,0,0,0,1510459_subject_array_1739892491.bin
76322,1511761,F150,1511761.31,10,https://ftp.ncbi.nlm.nih.gov/genomes/all/GCF/028/401/945/GCF_028401945.1_ASM2840194v1,10,1511761.31.fna,GCF_028401945.1_ASM2840194v1_genomic.fna, 2039046, 2156525,1511761.31.fna_vs_GCF_028401945.1_ASM2840194v1_genomic.fna_blast.xml,0,0,4,0,0,0,0,116897,2039046,0,0,47,531,0,0,1511761_subject_array_1739892491.bin
76324,1511761,F156,1511761.32,10,https://ftp.ncbi.nlm.nih.gov/genomes/all/GCF/028/402/015/GCF_028402015.1_ASM2840201v1,10,1511761.32.fna,GCF_028402015.1_ASM2840201v1_genomic.fna, 2156207, 2156207,1511761.32.fna_vs_GCF_028402015.1_ASM2840201v1_genomic.fna_blast.xml,0,0,0,0,0,0,0,0,2156207,0,0,0,0,0,0,1511761_subject_array_1739892492.bin
76527,1517760,HME9299,1517760.4,10,https://ftp.ncbi.nlm.nih.gov/genomes/all/GCF/009/755/275/GCF_009755275.1_ASM975527v1,10,1517760.4.fna,GCF_009755275.1_ASM975527v1_genomic.fna, 4330477, 4330477,1517760.4.fna_vs_GCF_009755275.1_ASM975527v1_genomic.fna_blast.xml,0,0,0,0,0,0,0,0,4330477,0,0,0,0,0,0,1517760_subject_array_1739892493.bin
76542,151894,DSM 12126,151894.4,10,https://ftp.ncbi.nlm.nih.gov/genomes/all/GCF/900/176/535/GCF_900176535.1_IMG-taxon_2622736459_annotated_assembly,10,151894.4.fna,GCF_900176535.1_IMG-taxon_2622736459_annotated_assembly_genomic.fna, 5722867, 5722867,151894.4.fna_vs_GCF_900176535.1_IMG-taxon_2622736459_annotated_assembly_genomic.fna_blast.xml,0,0,0,0,0,0,0,0,5722866,0,0,1,0,0,0,151894_subject_array_1739892495.bin
77150,1526413,DSM 27576,1526413.4,10,https://ftp.ncbi.nlm.nih.gov/genomes/all/GCF/014/137/985/GCF_014137985.1_ASM1413798v1,10,1526413.4.fna,GCF_014137985.1_ASM1413798v1_genomic.fna, 2932449, 2932449,1526413.4.fna_vs_GCF_014137985.1_ASM1413798v1_genomic.fna_blast.xml,0,0,0,0,0,0,0,0,2932449,0,0,0,0,0,0,1526413_subject_array_1739892496.bin
77988,1552123,FSL L7-1843,1552123.86,10,https://ftp.ncbi.nlm.nih.gov/genomes/all/GCF/014/230/375/GCF_014230375.1_ASM1423037v1,10,1552123.86.fna,GCF_014230375.1_ASM1423037v1_genomic.fna, 3530500, 3530500,1552123.86.fna_vs_GCF_014230375.1_ASM1423037v1_genomic.fna_blast.xml,0,0,0,0,0,0,0,0,3530500,0,0,0,0,0,0,1552123_subject_array_1739892498.bin
78420,1562308,Abdou3,1562308.3,10,https://ftp.ncbi.nlm.nih.gov/genomes/all/GCF/007/671/655/GCF_007671655.1_ASM767165v1,10,1562308.3.fna,GCF_007671655.1_ASM767165v1_genomic.fna, 3336972, 3336972,1562308.3.fna_vs_GCF_007671655.1_ASM767165v1_genomic.fna_blast.xml,0,0,0,0,0,0,0,0,3336972,0,0,0,0,0,0,1562308_subject_array_1739892499.bin
78570,1566827,CGMCC 1.14984,1566827.5,10,https://ftp.ncbi.nlm.nih.gov/genomes/all/GCF/014/640/455/GCF_014640455.1_ASM1464045v1,10,1566827.5.fna,GCF_014640455.1_ASM1464045v1_genomic.fna, 3682982, 3682982,1566827.5.fna_vs_GCF_014640455.1_ASM1464045v1_genomic.fna_blast.xml,0,0,0,0,0,0,0,0,3682982,0,0,0,0,0,0,1566827_subject_array_1739892500.bin
78633,1570345,NBRC 110056,1570345.3,10,https://ftp.ncbi.nlm.nih.gov/genomes/all/GCF/002/090/155/GCF_002090155.1_ASM209015v1,10,1570345.3.fna,GCF_002090155.1_ASM209015v1_genomic.fna, 2937786, 2937786,1570345.3.fna_vs_GCF_002090155.1_ASM209015v1_genomic.fna_blast.xml,0,0,0,0,0,0,0,439,2937347,0,0,0,0,0,0,1570345_subject_array_1739892501.bin
78682,1572751,Coronado,1572751.3,10,https://ftp.ncbi.nlm.nih.gov/genomes/all/GCF/000/802/385/GCF_000802385.1_ASM80238v1,10,1572751.3.fna,GCF_000802385.1_ASM80238v1_genomic.fna, 3482341, 3482341,1572751.3.fna_vs_GCF_000802385.1_ASM80238v1_genomic.fna_blast.xml,0,0,0,0,0,0,0,0,3482341,0,0,0,0,0,0,1572751_subject_array_1739892502.bin
78837,1577780,CGMCC 1.14954,1577780.4,10,https://ftp.ncbi.nlm.nih.gov/genomes/all/GCF/014/640/415/GCF_014640415.1_ASM1464041v1,10,1577780.4.fna,GCF_014640415.1_ASM1464041v1_genomic.fna, 3354239, 3354239,1577780.4.fna_vs_GCF_014640415.1_ASM1464041v1_genomic.fna_blast.xml,0,0,0,0,0,0,0,183,3354056,0,0,0,0,0,0,1577780_subject_array_1739892503.bin
78991,1579979,DSM 103414,1579979.9,10,https://ftp.ncbi.nlm.nih.gov/genomes/all/GCF/014/203/035/GCF_014203035.1_ASM1420303v1,10,1579979.9.fna,GCF_014203035.1_ASM1420303v1_genomic.fna, 3663012, 3663012,1579979.9.fna_vs_GCF_014203035.1_ASM1420303v1_genomic.fna_blast.xml,0,0,0,0,0,0,0,381,3662631,0,0,0,0,0,0,1579979_subject_array_1739892504.bin
79116,1580,SMB091,1580.590,10,https://ftp.ncbi.nlm.nih.gov/genomes/all/GCF/026/626/025/GCF_026626025.1_ASM2662602v1,10,1580.590.fna,GCF_026626025.1_ASM2662602v1_genomic.fna, 2795880, 2795880,1580.590.fna_vs_GCF_026626025.1_ASM2662602v1_genomic.fna_blast.xml,0,0,0,0,0,0,0,0,2795878,0,0,2,0,0,0,1580_subject_array_1739892506.bin
79136,1580,UCCLBBS449,1580.311,10,https://ftp.ncbi.nlm.nih.gov/genomes/all/GCF/006/228/285/GCF_006228285.1_ASM622828v1,10,1580.311.fna,GCF_006228285.1_ASM622828v1_genomic.fna, 2775071, 2775071,1580.311.fna_vs_GCF_006228285.1_ASM622828v1_genomic.fna_blast.xml,0,0,0,0,0,0,0,0,2775071,0,0,0,0,0,0,1580_subject_array_1739892507.bin
79149,1580596,P18,1580596.28,10,https://ftp.ncbi.nlm.nih.gov/genomes/all/GCF/002/891/925/GCF_002891925.1_ASM289192v1,10,1580596.28.fna,GCF_002891925.1_ASM289192v1_genomic.fna, 4374969, 4374969,1580596.28.fna_vs_GCF_002891925.1_ASM289192v1_genomic.fna_blast.xml,0,0,0,0,0,0,0,0,4374969,0,0,0,0,0,0,1580596_subject_array_1739892508.bin
80408,158836,BC-BR185-5,158836.1470,10,https://ftp.ncbi.nlm.nih.gov/genomes/all/GCF/021/503/595/GCF_021503595.1_ASM2150359v1,10,158836.1470.fna,GCF_021503595.1_ASM2150359v1_genomic.fna, 5150139, 5150139,158836.1470.fna_vs_GCF_021503595.1_ASM2150359v1_genomic.fna_blast.xml,0,0,0,0,0,0,0,0,5150139,0,0,0,0,0,0,158836_subject_array_1739892510.bin
80411,158836,BC-BR267-1,158836.1468,10,https://ftp.ncbi.nlm.nih.gov/genomes/all/GCF/021/503/495/GCF_021503495.1_ASM2150349v1,10,158836.1468.fna,GCF_021503495.1_ASM2150349v1_genomic.fna, 4953047, 4953047,158836.1468.fna_vs_GCF_021503495.1_ASM2150349v1_genomic.fna_blast.xml,0,0,0,0,0,0,0,0,4953046,0,1,0,0,0,0,158836_subject_array_1739892512.bin
80426,158836,BK-BR752-3,158836.1462,10,https://ftp.ncbi.nlm.nih.gov/genomes/all/GCF/021/503/235/GCF_021503235.1_ASM2150323v1,10,158836.1462.fna,GCF_021503235.1_ASM2150323v1_genomic.fna, 4999801, 4999801,158836.1462.fna_vs_GCF_021503235.1_ASM2150323v1_genomic.fna_blast.xml,0,0,0,0,0,0,0,0,4999160,0,0,0,641,0,0,158836_subject_array_1739892514.bin
81071,158836,Eho-9,158836.965,10,https://ftp.ncbi.nlm.nih.gov/genomes/all/GCF/015/905/345/GCF_015905345.1_ASM1590534v1,10,158836.965.fna,GCF_015905345.1_ASM1590534v1_genomic.fna, 5060810, 5060810,158836.965.fna_vs_GCF_015905345.1_ASM1590534v1_genomic.fna_blast.xml,0,0,0,0,0,0,0,0,5060810,0,0,0,0,0,0,158836_subject_array_1739892516.bin
81344,158836,MGH198,158836.877,10,https://ftp.ncbi.nlm.nih.gov/genomes/all/GCF/014/903/445/GCF_014903445.1_ASM1490344v1,10,158836.877.fna,GCF_014903445.1_ASM1490344v1_genomic.fna, 5471987, 5471987,158836.877.fna_vs_GCF_014903445.1_ASM1490344v1_genomic.fna_blast.xml,0,0,0,0,0,0,1,166551,5305412,0,0,4,19,0,0,158836_subject_array_1739892518.bin
81520,158836,PP-E473,158836.2962,10,https://ftp.ncbi.nlm.nih.gov/genomes/all/GCF/033/031/735/GCF_033031735.1_ASM3303173v1,10,158836.2962.fna,GCF_033031735.1_ASM3303173v1_genomic.fna, 5016330, 5016330,158836.2962.fna_vs_GCF_033031735.1_ASM3303173v1_genomic.fna_blast.xml,0,0,0,0,0,0,0,0,5016330,0,0,0,0,0,0,158836_subject_array_1739892520.bin
81543,158836,RHBSTW-00103,158836.820,10,https://ftp.ncbi.nlm.nih.gov/genomes/all/GCF/014/104/115/GCF_014104115.1_ASM1410411v1,10,158836.820.fna,GCF_014104115.1_ASM1410411v1_genomic.fna, 4912348, 4912348,158836.820.fna_vs_GCF_014104115.1_ASM1410411v1_genomic.fna_blast.xml,0,0,0,0,0,0,1,0,4912346,0,0,0,1,0,0,158836_subject_array_1739892522.bin
81549,158836,RHBSTW-00211,158836.795,10,https://ftp.ncbi.nlm.nih.gov/genomes/all/GCF/013/707/135/GCF_013707135.1_ASM1370713v1,10,158836.795.fna,GCF_013707135.1_ASM1370713v1_genomic.fna, 4851593, 4851593,158836.795.fna_vs_GCF_013707135.1_ASM1370713v1_genomic.fna_blast.xml,0,0,0,0,0,0,0,0,4851593,0,0,0,0,0,0,158836_subject_array_1739892524.bin
81553,158836,RHBSTW-00316,158836.804,10,https://ftp.ncbi.nlm.nih.gov/genomes/all/GCF/013/742/375/GCF_013742375.1_ASM1374237v1,10,158836.804.fna,GCF_013742375.1_ASM1374237v1_genomic.fna, 5072976, 5072976,158836.804.fna_vs_GCF_013742375.1_ASM1374237v1_genomic.fna_blast.xml,0,0,0,0,0,0,0,0,5072976,0,0,0,0,0,0,158836_subject_array_1739892526.bin
81737,158836,UCI169,158836.860,10,https://ftp.ncbi.nlm.nih.gov/genomes/all/GCF/014/901/575/GCF_014901575.1_ASM1490157v1,10,158836.860.fna,GCF_014901575.1_ASM1490157v1_genomic.fna, 4767568, 4767568,158836.860.fna_vs_GCF_014901575.1_ASM1490157v1_genomic.fna_blast.xml,0,0,0,0,0,0,0,24219,4743337,0,0,0,12,0,0,158836_subject_array_1739892527.bin
81739,158836,UCI174,158836.859,10,https://ftp.ncbi.nlm.nih.gov/genomes/all/GCF/014/901/495/GCF_014901495.1_ASM1490149v1,10,158836.859.fna,GCF_014901495.1_ASM1490149v1_genomic.fna, 4576232, 4576232,158836.859.fna_vs_GCF_014901495.1_ASM1490149v1_genomic.fna_blast.xml,0,0,0,0,0,0,0,71167,4505050,0,0,2,13,0,0,158836_subject_array_1739892529.bin
81931,158877,NCTC11968,158877.10,10,https://ftp.ncbi.nlm.nih.gov/genomes/all/GCF/900/460/635/GCF_900460635.1_57566_E01,10,158877.10.fna,GCF_900460635.1_57566_E01_genomic.fna, 4951559, 4951559,158877.10.fna_vs_GCF_900460635.1_57566_E01_genomic.fna_blast.xml,0,0,0,0,0,0,1,0,4951558,0,0,0,0,0,0,158877_subject_array_1739892531.bin
82010,1589,KZ0310,1589.228,10,https://ftp.ncbi.nlm.nih.gov/genomes/all/GCF/022/701/335/GCF_022701335.1_ASM2270133v1,10,1589.228.fna,GCF_022701335.1_ASM2270133v1_genomic.fna, 3873381, 3873381,1589.228.fna_vs_GCF_022701335.1_ASM2270133v1_genomic.fna_blast.xml,0,0,0,0,0,0,0,100,3873281,0,0,0,0,0,0,1589_subject_array_1739892533.bin
82069,159,Bhyo_212,159.402,10,https://ftp.ncbi.nlm.nih.gov/genomes/all/GCF/027/586/755/GCF_027586755.1_ASM2758675v1,10,159.402.fna,GCF_027586755.1_ASM2758675v1_genomic.fna, 3215355, 3217622,159.402.fna_vs_GCF_027586755.1_ASM2758675v1_genomic.fna_blast.xml,0,0,9,0,0,0,0,566,3215380,0,2,183,1466,0,16,159_subject_array_1739892535.bin
82071,159,Bhyo_217,159.405,10,https://ftp.ncbi.nlm.nih.gov/genomes/all/GCF/027/586/715/GCF_027586715.1_ASM2758671v1,10,159.405.fna,GCF_027586715.1_ASM2758671v1_genomic.fna, 3235077, 3235077,159.405.fna_vs_GCF_027586715.1_ASM2758671v1_genomic.fna_blast.xml,0,0,0,0,0,0,0,0,3235077,0,0,0,0,0,0,159_subject_array_1739892536.bin
82072,159,Bhyo_218,159.396,10,https://ftp.ncbi.nlm.nih.gov/genomes/all/GCF/027/586/675/GCF_027586675.1_ASM2758667v1,10,159.396.fna,GCF_027586675.1_ASM2758667v1_genomic.fna, 3190414, 3190414,159.396.fna_vs_GCF_027586675.1_ASM2758667v1_genomic.fna_blast.xml,0,0,0,0,0,0,0,0,3190414,0,0,0,0,0,0,159_subject_array_1739892537.bin
82075,159,Bhyo_225,159.397,10,https://ftp.ncbi.nlm.nih.gov/genomes/all/GCF/027/586/615/GCF_027586615.1_ASM2758661v1,10,159.397.fna,GCF_027586615.1_ASM2758661v1_genomic.fna, 3303495, 3337887,159.397.fna_vs_GCF_027586615.1_ASM2758661v1_genomic.fna_blast.xml,0,0,0,0,0,0,0,34392,3303495,0,0,0,0,0,0,159_subject_array_1739892538.bin
82082,159,Bhyo_238,159.386,10,https://ftp.ncbi.nlm.nih.gov/genomes/all/GCF/027/586/445/GCF_027586445.1_ASM2758644v1,10,159.386.fna,GCF_027586445.1_ASM2758644v1_genomic.fna, 3020025, 3242795,159.386.fna_vs_GCF_027586445.1_ASM2758644v1_genomic.fna_blast.xml,0,0,80,7,0,0,90,180294,3035766,0,110,1532,24826,0,90,159_subject_array_1739892539.bin
82083,159,Bhyo_240,159.392,10,https://ftp.ncbi.nlm.nih.gov/genomes/all/GCF/027/586/425/GCF_027586425.1_ASM2758642v1,10,159.392.fna,GCF_027586425.1_ASM2758642v1_genomic.fna, 3168295, 3237134,159.392.fna_vs_GCF_027586425.1_ASM2758642v1_genomic.fna_blast.xml,0,0,0,0,0,0,0,68829,3168305,0,0,0,0,0,0,159_subject_array_1739892541.bin
82087,159,Bhyo_244,159.379,10,https://ftp.ncbi.nlm.nih.gov/genomes/all/GCF/027/586/355/GCF_027586355.1_ASM2758635v1,10,159.379.fna,GCF_027586355.1_ASM2758635v1_genomic.fna, 3276869, 3276869,159.379.fna_vs_GCF_027586355.1_ASM2758635v1_genomic.fna_blast.xml,0,0,0,0,0,0,0,0,3276869,0,0,0,0,0,0,159_subject_array_1739892542.bin
82122,159,Bhyo_290,159.338,10,https://ftp.ncbi.nlm.nih.gov/genomes/all/GCF/027/585/545/GCF_027585545.1_ASM2758554v1,10,159.338.fna,GCF_027585545.1_ASM2758554v1_genomic.fna, 3284364, 3284364,159.338.fna_vs_GCF_027585545.1_ASM2758554v1_genomic.fna_blast.xml,0,0,0,0,0,0,0,0,3284364,0,0,0,0,0,0,159_subject_array_1739892543.bin
82124,159,Bhyo_292,159.344,10,https://ftp.ncbi.nlm.nih.gov/genomes/all/GCF/027/585/475/GCF_027585475.1_ASM2758547v1,10,159.344.fna,GCF_027585475.1_ASM2758547v1_genomic.fna, 2578394, 3190637,159.344.fna_vs_GCF_027585475.1_ASM2758547v1_genomic.fna_blast.xml,0,0,67,20,0,0,167,556956,2613741,0,269,3087,16256,0,74,159_subject_array_1739892544.bin
82128,159,Bhyo_296,159.337,10,https://ftp.ncbi.nlm.nih.gov/genomes/all/GCF/027/585/355/GCF_027585355.1_ASM2758535v1,10,159.337.fna,GCF_027585355.1_ASM2758535v1_genomic.fna, 3160903, 3206622,159.337.fna_vs_GCF_027585355.1_ASM2758535v1_genomic.fna_blast.xml,0,0,3,12,0,0,53,15616,3186826,0,99,820,3190,0,3,159_subject_array_1739892545.bin
83190,1596,UMB3077,1596.244,10,https://ftp.ncbi.nlm.nih.gov/genomes/all/GCF/007/786/195/GCF_007786195.1_ASM778619v1,10,1596.244.fna,GCF_007786195.1_ASM778619v1_genomic.fna, 1920159, 1920159,1596.244.fna_vs_GCF_007786195.1_ASM778619v1_genomic.fna_blast.xml,0,0,0,0,0,0,0,215,1919932,0,0,12,0,0,0,1596_subject_array_1739892546.bin
83430,1597,L1,1597.1127,10,https://ftp.ncbi.nlm.nih.gov/genomes/all/GCF/025/137/495/GCF_025137495.1_ASM2513749v1,10,1597.1127.fna,GCF_025137495.1_ASM2513749v1_genomic.fna, 3434047, 3434047,1597.1127.fna_vs_GCF_025137495.1_ASM2513749v1_genomic.fna_blast.xml,0,0,0,0,0,0,0,0,3434047,0,0,0,0,0,0,1597_subject_array_1739892547.bin
84067,1602,7.2.6,1602.11,10,https://ftp.ncbi.nlm.nih.gov/genomes/all/GCF/032/190/555/GCF_032190555.1_ASM3219055v1,10,1602.11.fna,GCF_032190555.1_ASM3219055v1_genomic.fna, 2665037, 2665037,1602.11.fna_vs_GCF_032190555.1_ASM3219055v1_genomic.fna_blast.xml,0,0,0,0,0,0,0,0,2665037,0,0,0,0,0,0,1602_subject_array_1739892548.bin
84222,1607837,DSM 19375,1607837.19,10,https://ftp.ncbi.nlm.nih.gov/genomes/all/GCF/020/089/505/GCF_020089505.1_ASM2008950v1,10,1607837.19.fna,GCF_020089505.1_ASM2008950v1_genomic.fna, 1944754, 1944754,1607837.19.fna_vs_GCF_020089505.1_ASM2008950v1_genomic.fna_blast.xml,0,0,0,0,0,0,0,55,1944699,0,0,0,0,0,0,1607837_subject_array_1739892549.bin
84225,1607839,AMKR21,1607839.76,10,https://ftp.ncbi.nlm.nih.gov/genomes/all/GCF/020/089/485/GCF_020089485.1_ASM2008948v1,10,1607839.76.fna,GCF_020089485.1_ASM2008948v1_genomic.fna, 1911276, 1911276,1607839.76.fna_vs_GCF_020089485.1_ASM2008948v1_genomic.fna_blast.xml,0,0,0,0,0,0,0,956,1910319,0,1,0,0,0,0,1607839_subject_array_1739892550.bin
84228,1607839,HS9,1607839.72,10,https://ftp.ncbi.nlm.nih.gov/genomes/all/GCF/020/089/365/GCF_020089365.1_ASM2008936v1,10,1607839.72.fna,GCF_020089365.1_ASM2008936v1_genomic.fna, 1897836, 1897836,1607839.72.fna_vs_GCF_020089365.1_ASM2008936v1_genomic.fna_blast.xml,0,0,0,0,0,0,0,672,1897164,0,0,0,0,0,0,1607839_subject_array_1739892550.bin
84230,1607839,JPBL22,1607839.70,10,https://ftp.ncbi.nlm.nih.gov/genomes/all/GCF/020/089/325/GCF_020089325.1_ASM2008932v1,10,1607839.70.fna,GCF_020089325.1_ASM2008932v1_genomic.fna, 1885451, 1885451,1607839.70.fna_vs_GCF_020089325.1_ASM2008932v1_genomic.fna_blast.xml,0,0,0,0,0,0,0,0,1885449,0,1,1,0,0,0,1607839_subject_array_1739892551.bin
85815,1639,18LM002,1639.14269,10,https://ftp.ncbi.nlm.nih.gov/genomes/all/GCF/038/377/285/GCF_038377285.1_ASM3837728v1,10,1639.14269.fna,GCF_038377285.1_ASM3837728v1_genomic.fna, 2880101, 2880101,1639.14269.fna_vs_GCF_038377285.1_ASM3837728v1_genomic.fna_blast.xml,0,0,0,0,0,0,0,0,2880101,0,0,0,0,0,0,1639_subject_array_1739892552.bin
85868,1639,2010L-1878,1639.8527,10,https://ftp.ncbi.nlm.nih.gov/genomes/all/GCF/014/526/925/GCF_014526925.1_ASM1452692v1,10,1639.8527.fna,GCF_014526925.1_ASM1452692v1_genomic.fna, 2829996, 2829996,1639.8527.fna_vs_GCF_014526925.1_ASM1452692v1_genomic.fna_blast.xml,0,0,0,3,0,0,1,0,2829969,0,3,20,0,0,0,1639_subject_array_1739892553.bin
85895,1639,2013L-5712,1639.8548,10,https://ftp.ncbi.nlm.nih.gov/genomes/all/GCF/014/529/455/GCF_014529455.1_ASM1452945v1,10,1639.8548.fna,GCF_014529455.1_ASM1452945v1_genomic.fna, 2940348, 2940348,1639.8548.fna_vs_GCF_014529455.1_ASM1452945v1_genomic.fna_blast.xml,0,0,0,0,0,0,0,126,2940198,0,23,1,0,0,0,1639_subject_array_1739892554.bin
86262,1639,52855,1639.7101,10,https://ftp.ncbi.nlm.nih.gov/genomes/all/GCF/009/361/375/GCF_009361375.1_ASM936137v1,10,1639.7101.fna,GCF_009361375.1_ASM936137v1_genomic.fna, 2843541, 2843541,1639.7101.fna_vs_GCF_009361375.1_ASM936137v1_genomic.fna_blast.xml,0,0,0,0,0,0,0,0,2843541,0,0,0,0,0,0,1639_subject_array_1739892555.bin
86375,1639,934 294 02,1639.14337,10,https://ftp.ncbi.nlm.nih.gov/genomes/all/GCF/039/650/395/GCF_039650395.1_ASM3965039v1,10,1639.14337.fna,GCF_039650395.1_ASM3965039v1_genomic.fna, 2828790, 2828790,1639.14337.fna_vs_GCF_039650395.1_ASM3965039v1_genomic.fna_blast.xml,0,0,0,0,0,0,0,0,2828790,0,0,0,0,0,0,1639_subject_array_1739892556.bin
86376,1639,944,1639.1040,10,https://ftp.ncbi.nlm.nih.gov/genomes/all/GCF/001/463/975/GCF_001463975.1_ASM146397v1,10,1639.1040.fna,GCF_001463975.1_ASM146397v1_genomic.fna, 2897681, 2897681,1639.1040.fna_vs_GCF_001463975.1_ASM146397v1_genomic.fna_blast.xml,0,0,0,0,0,0,0,0,2897681,0,0,0,0,0,0,1639_subject_array_1739892557.bin
86519,1639,AUF-2,1639.14045,10,https://ftp.ncbi.nlm.nih.gov/genomes/all/GCF/036/348/275/GCF_036348275.1_ASM3634827v1,10,1639.14045.fna,GCF_036348275.1_ASM3634827v1_genomic.fna, 2844259, 2844259,1639.14045.fna_vs_GCF_036348275.1_ASM3634827v1_genomic.fna_blast.xml,0,0,0,0,0,0,0,0,2844259,0,0,0,0,0,0,1639_subject_array_1739892558.bin
86600,1639,BCW_3933,1639.2098,10,https://ftp.ncbi.nlm.nih.gov/genomes/all/GCF/001/826/265/GCF_001826265.1_ASM182626v1,10,1639.2098.fna,GCF_001826265.1_ASM182626v1_genomic.fna, 2822712, 2822712,1639.2098.fna_vs_GCF_001826265.1_ASM182626v1_genomic.fna_blast.xml,0,0,0,0,0,0,0,209,2822502,0,0,0,1,0,0,1639_subject_array_1739892559.bin
86601,1639,BCW_3934,1639.2099,10,https://ftp.ncbi.nlm.nih.gov/genomes/all/GCF/001/826/295/GCF_001826295.1_ASM182629v1,10,1639.2099.fna,GCF_001826295.1_ASM182629v1_genomic.fna, 2829488, 2829488,1639.2099.fna_vs_GCF_001826295.1_ASM182629v1_genomic.fna_blast.xml,0,0,0,0,0,0,0,150,2829338,0,0,0,0,0,0,1639_subject_array_1739892560.bin
86636,1639,BCW_4277,1639.2134,10,https://ftp.ncbi.nlm.nih.gov/genomes/all/GCF/001/826/985/GCF_001826985.1_ASM182698v1,10,1639.2134.fna,GCF_001826985.1_ASM182698v1_genomic.fna, 2932904, 2932904,1639.2134.fna_vs_GCF_001826985.1_ASM182698v1_genomic.fna_blast.xml,0,0,0,0,0,0,0,100,2932804,0,0,0,0,0,0,1639_subject_array_1739892561.bin
86714,1639,BW180126,1639.13403,10,https://ftp.ncbi.nlm.nih.gov/genomes/all/GCF/029/831/175/GCF_029831175.1_ASM2983117v1,10,1639.13403.fna,GCF_029831175.1_ASM2983117v1_genomic.fna, 2987927, 2987927,1639.13403.fna_vs_GCF_029831175.1_ASM2983117v1_genomic.fna_blast.xml,0,0,0,0,0,0,0,172,2987755,0,0,0,0,0,0,1639_subject_array_1739892562.bin
86717,1639,BW180541,1639.13402,10,https://ftp.ncbi.nlm.nih.gov/genomes/all/GCF/029/831/035/GCF_029831035.1_ASM2983103v1,10,1639.13402.fna,GCF_029831035.1_ASM2983103v1_genomic.fna, 2979688, 2979688,1639.13402.fna_vs_GCF_029831035.1_ASM2983103v1_genomic.fna_blast.xml,0,0,0,0,0,0,0,175,2979512,0,1,0,0,0,0,1639_subject_array_1739892563.bin
86979,1639,CFSAN022994,1639.5112,10,https://ftp.ncbi.nlm.nih.gov/genomes/all/GCF/003/608/385/GCF_003608385.1_ASM360838v1,10,1639.5112.fna,GCF_003608385.1_ASM360838v1_genomic.fna, 3037029, 3037029,1639.5112.fna_vs_GCF_003608385.1_ASM360838v1_genomic.fna_blast.xml,0,0,0,0,0,0,0,0,3037029,0,0,0,0,0,0,1639_subject_array_1739892564.bin
87458,1639,CFSAN049184,1639.3647,10,https://ftp.ncbi.nlm.nih.gov/genomes/all/GCF/002/523/045/GCF_002523045.1_ASM252304v1,10,1639.3647.fna,GCF_002523045.1_ASM252304v1_genomic.fna, 2895313, 2895313,1639.3647.fna_vs_GCF_002523045.1_ASM252304v1_genomic.fna_blast.xml,0,0,0,0,0,0,0,107,2895206,0,0,0,0,0,0,1639_subject_array_1739892565.bin
87648,1639,D102L,1639.11276,10,https://ftp.ncbi.nlm.nih.gov/genomes/all/GCF/021/197/555/GCF_021197555.1_ASM2119755v1,10,1639.11276.fna,GCF_021197555.1_ASM2119755v1_genomic.fna, 2856708, 2856708,1639.11276.fna_vs_GCF_021197555.1_ASM2119755v1_genomic.fna_blast.xml,0,0,0,0,0,0,0,0,2856708,0,0,0,0,0,0,1639_subject_array_1739892566.bin
87649,1639,D103L,1639.11273,10,https://ftp.ncbi.nlm.nih.gov/genomes/all/GCF/021/197/445/GCF_021197445.1_ASM2119744v1,10,1639.11273.fna,GCF_021197445.1_ASM2119744v1_genomic.fna, 2879258, 2879258,1639.11273.fna_vs_GCF_021197445.1_ASM2119744v1_genomic.fna_blast.xml,0,0,0,0,0,0,0,0,2879258,0,0,0,0,0,0,1639_subject_array_1739892567.bin
87652,1639,D108L,1639.11271,10,https://ftp.ncbi.nlm.nih.gov/genomes/all/GCF/021/197/295/GCF_021197295.1_ASM2119729v1,10,1639.11271.fna,GCF_021197295.1_ASM2119729v1_genomic.fna, 2911485, 2911485,1639.11271.fna_vs_GCF_021197295.1_ASM2119729v1_genomic.fna_blast.xml,0,0,0,0,0,0,0,0,2911485,0,0,0,0,0,0,1639_subject_array_1739892568.bin
87657,1639,D118L,1639.11264,10,https://ftp.ncbi.nlm.nih.gov/genomes/all/GCF/021/197/155/GCF_021197155.1_ASM2119715v1,10,1639.11264.fna,GCF_021197155.1_ASM2119715v1_genomic.fna, 2923622, 2923622,1639.11264.fna_vs_GCF_021197155.1_ASM2119715v1_genomic.fna_blast.xml,0,0,0,0,0,0,0,0,2923622,0,0,0,0,0,0,1639_subject_array_1739892569.bin
87660,1639,D130L,1639.11262,10,https://ftp.ncbi.nlm.nih.gov/genomes/all/GCF/021/197/135/GCF_021197135.1_ASM2119713v1,10,1639.11262.fna,GCF_021197135.1_ASM2119713v1_genomic.fna, 2921168, 2921168,1639.11262.fna_vs_GCF_021197135.1_ASM2119713v1_genomic.fna_blast.xml,0,0,0,0,0,0,0,0,2921168,0,0,0,0,0,0,1639_subject_array_1739892570.bin
87705,1639,D36L,1639.11294,10,https://ftp.ncbi.nlm.nih.gov/genomes/all/GCF/021/198/155/GCF_021198155.1_ASM2119815v1,10,1639.11294.fna,GCF_021198155.1_ASM2119815v1_genomic.fna, 2832339, 2832339,1639.11294.fna_vs_GCF_021198155.1_ASM2119815v1_genomic.fna_blast.xml,0,0,0,0,0,0,0,0,2832339,0,0,0,0,0,0,1639_subject_array_1739892571.bin
87725,1639,D81L,1639.11278,10,https://ftp.ncbi.nlm.nih.gov/genomes/all/GCF/021/197/605/GCF_021197605.1_ASM2119760v1,10,1639.11278.fna,GCF_021197605.1_ASM2119760v1_genomic.fna, 2911479, 2911479,1639.11278.fna_vs_GCF_021197605.1_ASM2119760v1_genomic.fna_blast.xml,0,0,0,0,0,0,0,0,2911479,0,0,0,0,0,0,1639_subject_array_1739892571.bin
87727,1639,D87L,1639.11275,10,https://ftp.ncbi.nlm.nih.gov/genomes/all/GCF/021/197/515/GCF_021197515.1_ASM2119751v1,10,1639.11275.fna,GCF_021197515.1_ASM2119751v1_genomic.fna, 2923873, 2923873,1639.11275.fna_vs_GCF_021197515.1_ASM2119751v1_genomic.fna_blast.xml,0,0,0,0,0,0,0,0,2923873,0,0,0,0,0,0,1639_subject_array_1739892572.bin
87810,1639,FSL L7-0131,1639.6884,10,https://ftp.ncbi.nlm.nih.gov/genomes/all/GCF/008/271/095/GCF_008271095.1_ASM827109v1,10,1639.6884.fna,GCF_008271095.1_ASM827109v1_genomic.fna, 2899334, 2899334,1639.6884.fna_vs_GCF_008271095.1_ASM827109v1_genomic.fna_blast.xml,0,0,0,0,0,0,0,0,2899334,0,0,0,0,0,0,1639_subject_array_1739892574.bin
87823,1639,FSL L7-0218,1639.6873,10,https://ftp.ncbi.nlm.nih.gov/genomes/all/GCF/008/270/895/GCF_008270895.1_ASM827089v1,10,1639.6873.fna,GCF_008270895.1_ASM827089v1_genomic.fna, 2864392, 2864392,1639.6873.fna_vs_GCF_008270895.1_ASM827089v1_genomic.fna_blast.xml,0,0,0,0,0,0,0,0,2864392,0,0,0,0,0,0,1639_subject_array_1739892575.bin
87834,1639,FSL L7-0339,1639.6807,10,https://ftp.ncbi.nlm.nih.gov/genomes/all/GCF/008/269/565/GCF_008269565.1_ASM826956v1,10,1639.6807.fna,GCF_008269565.1_ASM826956v1_genomic.fna, 2899397, 2899397,1639.6807.fna_vs_GCF_008269565.1_ASM826956v1_genomic.fna_blast.xml,0,0,0,0,0,0,0,0,2899397,0,0,0,0,0,0,1639_subject_array_1739892576.bin
87840,1639,FSL L7-0403,1639.6867,10,https://ftp.ncbi.nlm.nih.gov/genomes/all/GCF/008/270/775/GCF_008270775.1_ASM827077v1,10,1639.6867.fna,GCF_008270775.1_ASM827077v1_genomic.fna, 2869974, 2869974,1639.6867.fna_vs_GCF_008270775.1_ASM827077v1_genomic.fna_blast.xml,0,0,0,0,0,0,0,0,2869974,0,0,0,0,0,0,1639_subject_array_1739892577.bin
87844,1639,FSL L7-0411,1639.6844,10,https://ftp.ncbi.nlm.nih.gov/genomes/all/GCF/008/270/325/GCF_008270325.1_ASM827032v1,10,1639.6844.fna,GCF_008270325.1_ASM827032v1_genomic.fna, 2844575, 2844575,1639.6844.fna_vs_GCF_008270325.1_ASM827032v1_genomic.fna_blast.xml,0,0,0,0,0,0,0,0,2844575,0,0,0,0,0,0,1639_subject_array_1739892577.bin
87858,1639,FSL L7-0546,1639.6854,10,https://ftp.ncbi.nlm.nih.gov/genomes/all/GCF/008/270/525/GCF_008270525.1_ASM827052v1,10,1639.6854.fna,GCF_008270525.1_ASM827052v1_genomic.fna, 2882916, 2882916,1639.6854.fna_vs_GCF_008270525.1_ASM827052v1_genomic.fna_blast.xml,0,0,0,0,0,0,0,0,2882916,0,0,0,0,0,0,1639_subject_array_1739892579.bin
87865,1639,FSL L7-0625,1639.6843,10,https://ftp.ncbi.nlm.nih.gov/genomes/all/GCF/008/270/285/GCF_008270285.1_ASM827028v1,10,1639.6843.fna,GCF_008270285.1_ASM827028v1_genomic.fna, 2899265, 2899265,1639.6843.fna_vs_GCF_008270285.1_ASM827028v1_genomic.fna_blast.xml,0,0,0,0,0,0,0,0,2899265,0,0,0,0,0,0,1639_subject_array_1739892579.bin
87879,1639,FSL L7-0661,1639.6804,10,https://ftp.ncbi.nlm.nih.gov/genomes/all/GCF/008/269/525/GCF_008269525.1_ASM826952v1,10,1639.6804.fna,GCF_008269525.1_ASM826952v1_genomic.fna, 2815584, 2815584,1639.6804.fna_vs_GCF_008269525.1_ASM826952v1_genomic.fna_blast.xml,0,0,0,0,0,0,0,0,2815584,0,0,0,0,0,0,1639_subject_array_1739892580.bin
87882,1639,FSL L7-0669,1639.6841,10,https://ftp.ncbi.nlm.nih.gov/genomes/all/GCF/008/270/255/GCF_008270255.1_ASM827025v1,10,1639.6841.fna,GCF_008270255.1_ASM827025v1_genomic.fna, 2861370, 2861370,1639.6841.fna_vs_GCF_008270255.1_ASM827025v1_genomic.fna_blast.xml,0,0,0,0,0,0,0,0,2861370,0,0,0,0,0,0,1639_subject_array_1739892581.bin
87887,1639,FSL L7-0683,1639.6825,10,https://ftp.ncbi.nlm.nih.gov/genomes/all/GCF/008/269/935/GCF_008269935.1_ASM826993v1,10,1639.6825.fna,GCF_008269935.1_ASM826993v1_genomic.fna, 2847134, 2847134,1639.6825.fna_vs_GCF_008269935.1_ASM826993v1_genomic.fna_blast.xml,0,0,0,0,0,0,0,0,2847134,0,0,0,0,0,0,1639_subject_array_1739892582.bin
88198,1639,HPB2863_1,1639.2715,10,https://ftp.ncbi.nlm.nih.gov/genomes/all/GCF/002/144/215/GCF_002144215.1_ASM214421v1,10,1639.2715.fna,GCF_002144215.1_ASM214421v1_genomic.fna, 2847527, 2847527,1639.2715.fna_vs_GCF_002144215.1_ASM214421v1_genomic.fna_blast.xml,0,0,0,0,0,0,0,0,2847527,0,0,0,0,0,0,1639_subject_array_1739892583.bin
88205,1639,ICDC-LM1867,1639.7599,10,https://ftp.ncbi.nlm.nih.gov/genomes/all/GCF/009/788/205/GCF_009788205.1_ASM978820v1,10,1639.7599.fna,GCF_009788205.1_ASM978820v1_genomic.fna, 2951323, 2951323,1639.7599.fna_vs_GCF_009788205.1_ASM978820v1_genomic.fna_blast.xml,0,0,0,0,0,0,0,0,2951323,0,0,0,0,0,0,1639_subject_array_1739892584.bin
88208,1639,ICDC-LM1870,1639.7602,10,https://ftp.ncbi.nlm.nih.gov/genomes/all/GCF/009/788/265/GCF_009788265.1_ASM978826v1,10,1639.7602.fna,GCF_009788265.1_ASM978826v1_genomic.fna, 2950530, 2950530,1639.7602.fna_vs_GCF_009788265.1_ASM978826v1_genomic.fna_blast.xml,0,0,0,0,0,0,0,0,2950530,0,0,0,0,0,0,1639_subject_array_1739892585.bin
88209,1639,ICDC-LM1871,1639.7603,10,https://ftp.ncbi.nlm.nih.gov/genomes/all/GCF/009/788/285/GCF_009788285.1_ASM978828v1,10,1639.7603.fna,GCF_009788285.1_ASM978828v1_genomic.fna, 2918246, 2918246,1639.7603.fna_vs_GCF_009788285.1_ASM978828v1_genomic.fna_blast.xml,0,0,0,0,0,0,5,0,2918218,0,11,12,0,0,0,1639_subject_array_1739892586.bin
88229,1639,ICDC-LM3069,1639.7633,10,https://ftp.ncbi.nlm.nih.gov/genomes/all/GCF/009/788/855/GCF_009788855.1_ASM978885v1,10,1639.7633.fna,GCF_009788855.1_ASM978885v1_genomic.fna, 2943233, 2943233,1639.7633.fna_vs_GCF_009788855.1_ASM978885v1_genomic.fna_blast.xml,0,0,0,0,0,0,0,0,2943233,0,0,0,0,0,0,1639_subject_array_1739892587.bin
88231,1639,ICDC-LM3071,1639.7631,10,https://ftp.ncbi.nlm.nih.gov/genomes/all/GCF/009/788/785/GCF_009788785.1_ASM978878v1,10,1639.7631.fna,GCF_009788785.1_ASM978878v1_genomic.fna, 2950638, 2950638,1639.7631.fna_vs_GCF_009788785.1_ASM978878v1_genomic.fna_blast.xml,0,0,0,0,0,0,0,0,2950638,0,0,0,0,0,0,1639_subject_array_1739892588.bin
88315,1639,J0096,1639.8533,10,https://ftp.ncbi.nlm.nih.gov/genomes/all/GCF/014/526/985/GCF_014526985.1_ASM1452698v1,10,1639.8533.fna,GCF_014526985.1_ASM1452698v1_genomic.fna, 2959916, 2959916,1639.8533.fna_vs_GCF_014526985.1_ASM1452698v1_genomic.fna_blast.xml,0,0,0,0,0,0,0,0,2959916,0,0,0,0,0,0,1639_subject_array_1739892589.bin
88334,1639,JW-2022E,1639.12455,10,https://ftp.ncbi.nlm.nih.gov/genomes/all/GCF/023/574/005/GCF_023574005.1_ASM2357400v1,10,1639.12455.fna,GCF_023574005.1_ASM2357400v1_genomic.fna, 2955105, 2955105,1639.12455.fna_vs_GCF_023574005.1_ASM2357400v1_genomic.fna_blast.xml,0,0,0,0,0,0,0,181,2954924,0,0,0,0,0,0,1639_subject_array_1739892590.bin
88337,1639,JW-2022H,1639.12457,10,https://ftp.ncbi.nlm.nih.gov/genomes/all/GCF/023/574/065/GCF_023574065.1_ASM2357406v1,10,1639.12457.fna,GCF_023574065.1_ASM2357406v1_genomic.fna, 2889564, 2889564,1639.12457.fna_vs_GCF_023574065.1_ASM2357406v1_genomic.fna_blast.xml,0,0,0,0,0,0,1,170,2889393,0,0,0,0,0,0,1639_subject_array_1739892591.bin
88379,1639,L180,1639.8489,10,https://ftp.ncbi.nlm.nih.gov/genomes/all/GCF/014/269/695/GCF_014269695.1_ASM1426969v1,10,1639.8489.fna,GCF_014269695.1_ASM1426969v1_genomic.fna, 2918031, 2918031,1639.8489.fna_vs_GCF_014269695.1_ASM1426969v1_genomic.fna_blast.xml,0,0,0,0,0,0,0,0,2918031,0,0,0,0,0,0,1639_subject_array_1739892592.bin
88485,1639,L99,1639.11894,10,https://ftp.ncbi.nlm.nih.gov/genomes/all/GCF/022/684/635/GCF_022684635.1_ASM2268463v1,10,1639.11894.fna,GCF_022684635.1_ASM2268463v1_genomic.fna, 2881314, 2881314,1639.11894.fna_vs_GCF_022684635.1_ASM2268463v1_genomic.fna_blast.xml,0,0,0,0,0,0,0,0,2881314,0,0,0,0,0,0,1639_subject_array_1739892593.bin
88526,1639,LM-F-147,1639.4469,10,https://ftp.ncbi.nlm.nih.gov/genomes/all/GCF/003/187/155/GCF_003187155.1_ASM318715v1,10,1639.4469.fna,GCF_003187155.1_ASM318715v1_genomic.fna, 2979612, 2979612,1639.4469.fna_vs_GCF_003187155.1_ASM318715v1_genomic.fna_blast.xml,0,0,0,0,0,0,0,0,2979612,0,0,0,0,0,0,1639_subject_array_1739892594.bin
88532,1639,LM-F-20,1639.4552,10,https://ftp.ncbi.nlm.nih.gov/genomes/all/GCF/003/191/505/GCF_003191505.1_ASM319150v1,10,1639.4552.fna,GCF_003191505.1_ASM319150v1_genomic.fna, 2981002, 2981002,1639.4552.fna_vs_GCF_003191505.1_ASM319150v1_genomic.fna_blast.xml,0,0,0,0,0,0,0,0,2981002,0,0,0,0,0,0,1639_subject_array_1739892595.bin
88577,1639,LM-F-81,1639.4509,10,https://ftp.ncbi.nlm.nih.gov/genomes/all/GCF/003/188/835/GCF_003188835.1_ASM318883v1,10,1639.4509.fna,GCF_003188835.1_ASM318883v1_genomic.fna, 3056148, 3056148,1639.4509.fna_vs_GCF_003188835.1_ASM318883v1_genomic.fna_blast.xml,0,0,0,0,0,0,0,65,3056083,0,0,0,0,0,0,1639_subject_array_1739892596.bin
88594,1639,LM04,1639.13672,10,https://ftp.ncbi.nlm.nih.gov/genomes/all/GCF/030/480/985/GCF_030480985.1_ASM3048098v1,10,1639.13672.fna,GCF_030480985.1_ASM3048098v1_genomic.fna, 2914100, 2914100,1639.13672.fna_vs_GCF_030480985.1_ASM3048098v1_genomic.fna_blast.xml,0,0,0,0,0,0,1,0,2914099,0,0,0,0,0,0,1639_subject_array_1739892598.bin
88612,1639,LM07,1639.13676,10,https://ftp.ncbi.nlm.nih.gov/genomes/all/GCF/030/480/925/GCF_030480925.1_ASM3048092v1,10,1639.13676.fna,GCF_030480925.1_ASM3048092v1_genomic.fna, 2909388, 2909388,1639.13676.fna_vs_GCF_030480925.1_ASM3048092v1_genomic.fna_blast.xml,0,0,0,0,0,0,0,0,2909387,0,0,0,1,0,0,1639_subject_array_1739892599.bin
88635,1639,LM08,1639.13673,10,https://ftp.ncbi.nlm.nih.gov/genomes/all/GCF/030/480/805/GCF_030480805.1_ASM3048080v1,10,1639.13673.fna,GCF_030480805.1_ASM3048080v1_genomic.fna, 2919045, 2919045,1639.13673.fna_vs_GCF_030480805.1_ASM3048080v1_genomic.fna_blast.xml,0,0,0,0,0,0,0,0,2919045,0,0,0,0,0,0,1639_subject_array_1739892600.bin
88668,1639,LM13,1639.13704,10,https://ftp.ncbi.nlm.nih.gov/genomes/all/GCF/030/481/125/GCF_030481125.1_ASM3048112v1,10,1639.13704.fna,GCF_030481125.1_ASM3048112v1_genomic.fna, 2989879, 2989879,1639.13704.fna_vs_GCF_030481125.1_ASM3048112v1_genomic.fna_blast.xml,0,0,0,0,0,0,0,0,2989878,0,0,0,1,0,0,1639_subject_array_1739892601.bin
88734,1639,LM2947,1639.13447,10,https://ftp.ncbi.nlm.nih.gov/genomes/all/GCF/029/832/075/GCF_029832075.1_ASM2983207v1,10,1639.13447.fna,GCF_029832075.1_ASM2983207v1_genomic.fna, 2983822, 2983822,1639.13447.fna_vs_GCF_029832075.1_ASM2983207v1_genomic.fna_blast.xml,0,0,0,0,0,0,0,180,2983641,0,1,0,0,0,0,1639_subject_array_1739892602.bin
88789,1639,LM5573,1639.13437,10,https://ftp.ncbi.nlm.nih.gov/genomes/all/GCF/029/831/855/GCF_029831855.1_ASM2983185v1,10,1639.13437.fna,GCF_029831855.1_ASM2983185v1_genomic.fna, 2971086, 2971086,1639.13437.fna_vs_GCF_029831855.1_ASM2983185v1_genomic.fna_blast.xml,0,0,0,0,0,0,0,179,2970907,0,0,0,0,0,0,1639_subject_array_1739892603.bin
88792,1639,LM571,1639.13436,10,https://ftp.ncbi.nlm.nih.gov/genomes/all/GCF/029/831/795/GCF_029831795.1_ASM2983179v1,10,1639.13436.fna,GCF_029831795.1_ASM2983179v1_genomic.fna, 2917891, 2917891,1639.13436.fna_vs_GCF_029831795.1_ASM2983179v1_genomic.fna_blast.xml,0,0,0,0,0,0,0,253,2917638,0,0,0,0,0,0,1639_subject_array_1739892604.bin
88794,1639,LM573,1639.13432,10,https://ftp.ncbi.nlm.nih.gov/genomes/all/GCF/029/831/735/GCF_029831735.1_ASM2983173v1,10,1639.13432.fna,GCF_029831735.1_ASM2983173v1_genomic.fna, 2939808, 2939808,1639.13432.fna_vs_GCF_029831735.1_ASM2983173v1_genomic.fna_blast.xml,0,0,0,0,0,0,0,80,2939728,0,0,0,0,0,0,1639_subject_array_1739892605.bin
88822,1639,LM873,1639.13416,10,https://ftp.ncbi.nlm.nih.gov/genomes/all/GCF/029/831/465/GCF_029831465.1_ASM2983146v1,10,1639.13416.fna,GCF_029831465.1_ASM2983146v1_genomic.fna, 2972618, 2972618,1639.13416.fna_vs_GCF_029831465.1_ASM2983146v1_genomic.fna_blast.xml,0,0,0,0,0,0,0,267,2972351,0,0,0,0,0,0,1639_subject_array_1739892606.bin
88826,1639,LM925,1639.13417,10,https://ftp.ncbi.nlm.nih.gov/genomes/all/GCF/029/831/455/GCF_029831455.1_ASM2983145v1,10,1639.13417.fna,GCF_029831455.1_ASM2983145v1_genomic.fna, 2965010, 2965010,1639.13417.fna_vs_GCF_029831455.1_ASM2983145v1_genomic.fna_blast.xml,0,0,0,0,0,0,0,258,2964752,0,0,0,0,0,0,1639_subject_array_1739892607.bin
88832,1639,LM938,1639.13413,10,https://ftp.ncbi.nlm.nih.gov/genomes/all/GCF/029/831/375/GCF_029831375.1_ASM2983137v1,10,1639.13413.fna,GCF_029831375.1_ASM2983137v1_genomic.fna, 2951634, 2951634,1639.13413.fna_vs_GCF_029831375.1_ASM2983137v1_genomic.fna_blast.xml,0,0,0,0,0,0,0,178,2951456,0,0,0,0,0,0,1639_subject_array_1739892608.bin
88837,1639,LMQ01,1639.13730,10,https://ftp.ncbi.nlm.nih.gov/genomes/all/GCF/031/463/035/GCF_031463035.1_ASM3146303v1,10,1639.13730.fna,GCF_031463035.1_ASM3146303v1_genomic.fna, 2944550, 2944550,1639.13730.fna_vs_GCF_031463035.1_ASM3146303v1_genomic.fna_blast.xml,0,0,0,0,0,0,0,298,2944252,0,0,0,0,0,0,1639_subject_array_1739892609.bin
88854,1639,LMQ18,1639.13647,10,https://ftp.ncbi.nlm.nih.gov/genomes/all/GCF/030/210/215/GCF_030210215.1_ASM3021021v1,10,1639.13647.fna,GCF_030210215.1_ASM3021021v1_genomic.fna, 2944446, 2944446,1639.13647.fna_vs_GCF_030210215.1_ASM3021021v1_genomic.fna_blast.xml,0,0,0,0,0,0,0,100,2944346,0,0,0,0,0,0,1639_subject_array_1739892610.bin
88857,1639,LMQ21,1639.13595,10,https://ftp.ncbi.nlm.nih.gov/genomes/all/GCF/030/219/485/GCF_030219485.1_ASM3021948v1,10,1639.13595.fna,GCF_030219485.1_ASM3021948v1_genomic.fna, 2967729, 2967729,1639.13595.fna_vs_GCF_030219485.1_ASM3021948v1_genomic.fna_blast.xml,0,0,0,0,0,0,0,198,2967531,0,0,0,0,0,0,1639_subject_array_1739892611.bin
89153,1639,MOD1_LS743,1639.964,10,https://ftp.ncbi.nlm.nih.gov/genomes/all/GCF/000/787/925/GCF_000787925.1_LS743,10,1639.964.fna,GCF_000787925.1_LS743_genomic.fna, 2867698, 2867698,1639.964.fna_vs_GCF_000787925.1_LS743_genomic.fna_blast.xml,0,0,0,0,0,0,0,0,2867698,0,0,0,0,0,0,1639_subject_array_1739892612.bin
89184,1639,MQ140030,1639.2596,10,https://ftp.ncbi.nlm.nih.gov/genomes/all/GCF/002/027/965/GCF_002027965.1_ASM202796v1,10,1639.2596.fna,GCF_002027965.1_ASM202796v1_genomic.fna, 2866619, 2866619,1639.2596.fna_vs_GCF_002027965.1_ASM202796v1_genomic.fna_blast.xml,0,0,0,0,0,0,0,0,2866619,0,0,0,0,0,0,1639_subject_array_1739892613.bin
89188,1639,MQ140034,1639.2602,10,https://ftp.ncbi.nlm.nih.gov/genomes/all/GCF/002/028/085/GCF_002028085.1_ASM202808v1,10,1639.2602.fna,GCF_002028085.1_ASM202808v1_genomic.fna, 3048906, 3048906,1639.2602.fna_vs_GCF_002028085.1_ASM202808v1_genomic.fna_blast.xml,0,0,0,0,0,0,0,0,3048906,0,0,0,0,0,0,1639_subject_array_1739892614.bin
89192,1639,MQ150005,1639.2605,10,https://ftp.ncbi.nlm.nih.gov/genomes/all/GCF/002/028/145/GCF_002028145.1_ASM202814v1,10,1639.2605.fna,GCF_002028145.1_ASM202814v1_genomic.fna, 2963748, 2963748,1639.2605.fna_vs_GCF_002028145.1_ASM202814v1_genomic.fna_blast.xml,0,0,0,0,0,0,0,0,2963748,0,0,0,0,0,0,1639_subject_array_1739892615.bin
89385,1639,N13-1404,1639.4777,10,https://ftp.ncbi.nlm.nih.gov/genomes/all/GCF/003/587/725/GCF_003587725.1_ASM358772v1,10,1639.4777.fna,GCF_003587725.1_ASM358772v1_genomic.fna, 2872104, 2872104,1639.4777.fna_vs_GCF_003587725.1_ASM358772v1_genomic.fna_blast.xml,0,0,0,0,0,0,0,0,2872104,0,0,0,0,0,0,1639_subject_array_1739892616.bin
89493,1639,NRRL B-33188,1639.1998,10,https://ftp.ncbi.nlm.nih.gov/genomes/all/GCF/001/759/865/GCF_001759865.1_BCW_3835,10,1639.1998.fna,GCF_001759865.1_BCW_3835_genomic.fna, 2858083, 2858083,1639.1998.fna_vs_GCF_001759865.1_BCW_3835_genomic.fna_blast.xml,0,0,0,0,0,0,0,126,2857955,0,0,2,0,0,0,1639_subject_array_1739892617.bin
89496,1639,NRRL B-33191,1639.2001,10,https://ftp.ncbi.nlm.nih.gov/genomes/all/GCF/001/759/915/GCF_001759915.1_BCW_3838,10,1639.2001.fna,GCF_001759915.1_BCW_3838_genomic.fna, 2846174, 2846174,1639.2001.fna_vs_GCF_001759915.1_BCW_3838_genomic.fna_blast.xml,0,0,0,0,0,0,0,100,2846074,0,0,0,0,0,0,1639_subject_array_1739892618.bin
89562,1639,NRRL B-33617,1639.2053,10,https://ftp.ncbi.nlm.nih.gov/genomes/all/GCF/001/760/965/GCF_001760965.1_BCW_3890,10,1639.2053.fna,GCF_001760965.1_BCW_3890_genomic.fna, 2856568, 2856568,1639.2053.fna_vs_GCF_001760965.1_BCW_3890_genomic.fna_blast.xml,0,0,0,0,0,0,0,100,2856467,0,0,1,0,0,0,1639_subject_array_1739892619.bin
89686,1639,PNUSAL000290,1639.5031,10,https://ftp.ncbi.nlm.nih.gov/genomes/all/GCF/003/606/705/GCF_003606705.1_ASM360670v1,10,1639.5031.fna,GCF_003606705.1_ASM360670v1_genomic.fna, 2821596, 2821596,1639.5031.fna_vs_GCF_003606705.1_ASM360670v1_genomic.fna_blast.xml,0,0,0,0,0,0,0,0,2821596,0,0,0,0,0,0,1639_subject_array_1739892620.bin
90226,1639133,STW0522-30,1639133.47,10,https://ftp.ncbi.nlm.nih.gov/genomes/all/GCF/015/135/215/GCF_015135215.1_ASM1513521v1,10,1639133.47.fna,GCF_015135215.1_ASM1513521v1_genomic.fna, 5402558, 5402558,1639133.47.fna_vs_GCF_015135215.1_ASM1513521v1_genomic.fna_blast.xml,0,0,0,0,0,0,0,0,5402558,0,0,0,0,0,0,1639133_subject_array_1739892622.bin
90270,1639689,CeCT 8812,1639689.4,10,https://ftp.ncbi.nlm.nih.gov/genomes/all/GCF/900/302/495/GCF_900302495.1_P.insulaeCECT8812_Spades_Prokka,10,1639689.4.fna,GCF_900302495.1_P.insulaeCECT8812_Spades_Prokka_genomic.fna, 3547102, 3547102,1639689.4.fna_vs_GCF_900302495.1_P.insulaeCECT8812_Spades_Prokka_genomic.fna_blast.xml,0,0,0,0,0,0,0,0,3547102,0,0,0,0,0,0,1639689_subject_array_1739892623.bin
90271,1639689,DSM 103361,1639689.6,10,https://ftp.ncbi.nlm.nih.gov/genomes/all/GCF/003/385/715/GCF_003385715.1_ASM338571v1,10,1639689.6.fna,GCF_003385715.1_ASM338571v1_genomic.fna, 3539463, 3539463,1639689.6.fna_vs_GCF_003385715.1_ASM338571v1_genomic.fna_blast.xml,0,0,0,0,0,0,0,97,3539366,0,0,0,0,0,0,1639689_subject_array_1739892625.bin
90279,164,Marseille-3-CSURP7641,164.5,10,https://ftp.ncbi.nlm.nih.gov/genomes/all/GCF/900/497/595/GCF_900497595.1_PRJEB27760,10,164.5.fna,GCF_900497595.1_PRJEB27760_genomic.fna, 2224027, 2224027,164.5.fna_vs_GCF_900497595.1_PRJEB27760_genomic.fna_blast.xml,0,0,0,0,0,0,0,0,2224027,0,0,0,0,0,0,164_subject_array_1739892625.bin
90362,1640,FSL L7-1342,1640.50,10,https://ftp.ncbi.nlm.nih.gov/genomes/all/GCF/014/224/505/GCF_014224505.1_ASM1422450v1,10,1640.50.fna,GCF_014224505.1_ASM1422450v1_genomic.fna, 2800073, 2800073,1640.50.fna_vs_GCF_014224505.1_ASM1422450v1_genomic.fna_blast.xml,0,0,0,0,0,0,0,0,2800073,0,0,0,0,0,0,1640_subject_array_1739892626.bin
90400,1640,FSL W9-0546,1640.182,10,https://ftp.ncbi.nlm.nih.gov/genomes/all/GCF/015/276/555/GCF_015276555.1_ASM1527655v1,10,1640.182.fna,GCF_015276555.1_ASM1527655v1_genomic.fna, 2817919, 2817919,1640.182.fna_vs_GCF_015276555.1_ASM1527655v1_genomic.fna_blast.xml,0,0,0,0,0,0,0,0,2817919,0,0,0,0,0,0,1640_subject_array_1739892627.bin
90544,1641707,TD3,1641707.5,10,https://ftp.ncbi.nlm.nih.gov/genomes/all/GCF/001/939/825/GCF_001939825.1_ASM193982v1,10,1641707.5.fna,GCF_001939825.1_ASM193982v1_genomic.fna, 4917215, 4917215,1641707.5.fna_vs_GCF_001939825.1_ASM193982v1_genomic.fna_blast.xml,0,0,0,0,0,0,0,0,4917215,0,0,0,0,0,0,1641707_subject_array_1739892630.bin
90594,1642,FSL L7-0291,1642.174,10,https://ftp.ncbi.nlm.nih.gov/genomes/all/GCF/014/228/355/GCF_014228355.1_ASM1422835v1,10,1642.174.fna,GCF_014228355.1_ASM1422835v1_genomic.fna, 2857661, 2857661,1642.174.fna_vs_GCF_014228355.1_ASM1422835v1_genomic.fna_blast.xml,0,0,0,0,0,0,0,0,2857661,0,0,0,0,0,0,1642_subject_array_1739892631.bin
90627,1642,FSL W9-0285,1642.211,10,https://ftp.ncbi.nlm.nih.gov/genomes/all/GCF/015/277/395/GCF_015277395.1_ASM1527739v1,10,1642.211.fna,GCF_015277395.1_ASM1527739v1_genomic.fna, 2874532, 2874532,1642.211.fna_vs_GCF_015277395.1_ASM1527739v1_genomic.fna_blast.xml,0,0,0,0,0,0,0,0,2874532,0,0,0,0,0,0,1642_subject_array_1739892632.bin
90637,1642,FSL W9-1208,1642.197,10,https://ftp.ncbi.nlm.nih.gov/genomes/all/GCF/015/275/305/GCF_015275305.1_ASM1527530v1,10,1642.197.fna,GCF_015275305.1_ASM1527530v1_genomic.fna, 2825206, 2825206,1642.197.fna_vs_GCF_015275305.1_ASM1527530v1_genomic.fna_blast.xml,0,0,0,0,0,0,0,0,2825206,0,0,0,0,0,0,1642_subject_array_1739892633.bin
90689,1642,Lin13-010,1642.225,10,https://ftp.ncbi.nlm.nih.gov/genomes/all/GCF/016/882/045/GCF_016882045.1_ASM1688204v1,10,1642.225.fna,GCF_016882045.1_ASM1688204v1_genomic.fna, 2932174, 2932174,1642.225.fna_vs_GCF_016882045.1_ASM1688204v1_genomic.fna_blast.xml,0,0,0,0,0,0,0,0,2932174,0,0,0,0,0,0,1642_subject_array_1739892634.bin
90690,1642,Lin13-011,1642.224,10,https://ftp.ncbi.nlm.nih.gov/genomes/all/GCF/016/882/025/GCF_016882025.1_ASM1688202v1,10,1642.224.fna,GCF_016882025.1_ASM1688202v1_genomic.fna, 2894891, 2894891,1642.224.fna_vs_GCF_016882025.1_ASM1688202v1_genomic.fna_blast.xml,0,0,0,0,0,0,0,0,2894891,0,0,0,0,0,0,1642_subject_array_1739892635.bin
90697,1642,Lin14-003,1642.217,10,https://ftp.ncbi.nlm.nih.gov/genomes/all/GCF/016/881/865/GCF_016881865.1_ASM1688186v1,10,1642.217.fna,GCF_016881865.1_ASM1688186v1_genomic.fna, 2932173, 2932173,1642.217.fna_vs_GCF_016881865.1_ASM1688186v1_genomic.fna_blast.xml,0,0,0,0,0,0,0,0,2932173,0,0,0,0,0,0,1642_subject_array_1739892636.bin
90710,1642,MF8051,1642.303,10,https://ftp.ncbi.nlm.nih.gov/genomes/all/GCF/029/870/605/GCF_029870605.1_ASM2987060v1,10,1642.303.fna,GCF_029870605.1_ASM2987060v1_genomic.fna, 2912437, 2912437,1642.303.fna_vs_GCF_029870605.1_ASM2987060v1_genomic.fna_blast.xml,0,0,0,0,0,0,0,0,2912437,0,0,0,0,0,0,1642_subject_array_1739892637.bin
90763,1643,FSL W9-0642,1643.45,10,https://ftp.ncbi.nlm.nih.gov/genomes/all/GCF/015/276/045/GCF_015276045.1_ASM1527604v1,10,1643.45.fna,GCF_015276045.1_ASM1527604v1_genomic.fna, 2814502, 2814502,1643.45.fna_vs_GCF_015276045.1_ASM1527604v1_genomic.fna_blast.xml,0,0,0,0,0,0,0,0,2814502,0,0,0,0,0,0,1643_subject_array_1739892637.bin
90770,1643,FSL W9-0991,1643.37,10,https://ftp.ncbi.nlm.nih.gov/genomes/all/GCF/015/275/705/GCF_015275705.1_ASM1527570v1,10,1643.37.fna,GCF_015275705.1_ASM1527570v1_genomic.fna, 2755650, 2755650,1643.37.fna_vs_GCF_015275705.1_ASM1527570v1_genomic.fna_blast.xml,0,0,0,0,0,0,0,0,2755650,0,0,0,0,0,0,1643_subject_array_1739892638.bin
90875,1647415,JLM-2,1647415.4,10,https://ftp.ncbi.nlm.nih.gov/genomes/all/GCF/001/027/905/GCF_001027905.1_ASM102790v1,10,1647415.4.fna,GCF_001027905.1_ASM102790v1_genomic.fna, 2899975, 2899975,1647415.4.fna_vs_GCF_001027905.1_ASM102790v1_genomic.fna_blast.xml,0,0,0,0,0,0,0,922,2899051,0,0,0,2,0,0,1647415_subject_array_1739892639.bin
91158,165179,F3-7,165179.3105,10,https://ftp.ncbi.nlm.nih.gov/genomes/all/GCF/026/095/215/GCF_026095215.1_ASM2609521v1,10,165179.3105.fna,GCF_026095215.1_ASM2609521v1_genomic.fna, 4135515, 4135515,165179.3105.fna_vs_GCF_026095215.1_ASM2609521v1_genomic.fna_blast.xml,0,0,0,0,0,0,0,0,4135515,0,0,0,0,0,0,165179_subject_array_1739892642.bin
91241,165179,Ind117-32,165179.3084,10,https://ftp.ncbi.nlm.nih.gov/genomes/all/GCF/026/015/365/GCF_026015365.1_ASM2601536v1,10,165179.3084.fna,GCF_026015365.1_ASM2601536v1_genomic.fna, 3995384, 3995384,165179.3084.fna_vs_GCF_026015365.1_ASM2601536v1_genomic.fna_blast.xml,0,0,0,0,0,0,0,0,3995383,0,0,1,0,0,0,165179_subject_array_1739892643.bin
91272,165179,N115-17,165179.3093,10,https://ftp.ncbi.nlm.nih.gov/genomes/all/GCF/026/015/515/GCF_026015515.1_ASM2601551v1,10,165179.3093.fna,GCF_026015515.1_ASM2601551v1_genomic.fna, 3640985, 3640985,165179.3093.fna_vs_GCF_026015515.1_ASM2601551v1_genomic.fna_blast.xml,0,0,0,0,0,0,0,0,3640985,0,0,0,0,0,0,165179_subject_array_1739892645.bin
91935,167549,MIT 9321,167549.3,10,https://ftp.ncbi.nlm.nih.gov/genomes/all/GCF/000/760/055/GCF_000760055.1_ASM76005v1,10,167549.3.fna,GCF_000760055.1_ASM76005v1_genomic.fna, 1658664, 1658664,167549.3.fna_vs_GCF_000760055.1_ASM76005v1_genomic.fna_blast.xml,0,0,0,0,0,0,0,0,1658664,0,0,0,0,0,0,167549_subject_array_1739892645.bin
92382,1680,OF01-12LBA,1680.2351,10,https://ftp.ncbi.nlm.nih.gov/genomes/all/GCF/027/695/195/GCF_027695195.1_ASM2769519v1,10,1680.2351.fna,GCF_027695195.1_ASM2769519v1_genomic.fna, 2038410, 2038410,1680.2351.fna_vs_GCF_027695195.1_ASM2769519v1_genomic.fna_blast.xml,0,0,0,0,0,0,0,0,2038410,0,0,0,0,0,0,1680_subject_array_1739892646.bin
92494,1681,A8,1681.52,10,https://ftp.ncbi.nlm.nih.gov/genomes/all/GCF/001/020/245/GCF_001020245.1_Bbif04v4,10,1681.52.fna,GCF_001020245.1_Bbif04v4_genomic.fna, 2223105, 2223105,1681.52.fna_vs_GCF_001020245.1_Bbif04v4_genomic.fna_blast.xml,0,0,0,0,0,0,0,0,2223105,0,0,0,0,0,0,1681_subject_array_1739892647.bin
92543,1681,BIOML-A5,1681.809,10,https://ftp.ncbi.nlm.nih.gov/genomes/all/GCF/009/078/005/GCF_009078005.1_ASM907800v1,10,1681.809.fna,GCF_009078005.1_ASM907800v1_genomic.fna, 2179450, 2179450,1681.809.fna_vs_GCF_009078005.1_ASM907800v1_genomic.fna_blast.xml,0,0,0,0,0,0,0,0,2179450,0,0,0,0,0,0,1681_subject_array_1739892647.bin
92545,1681,BIOML-A7,1681.807,10,https://ftp.ncbi.nlm.nih.gov/genomes/all/GCF/009/077/955/GCF_009077955.1_ASM907795v1,10,1681.807.fna,GCF_009077955.1_ASM907795v1_genomic.fna, 2179265, 2179265,1681.807.fna_vs_GCF_009077955.1_ASM907795v1_genomic.fna_blast.xml,0,0,0,0,0,0,0,0,2179265,0,0,0,0,0,0,1681_subject_array_1739892648.bin
92550,1681,BSD2780061688st1_D1_BSD2780061688b_171218,1681.1221,10,https://ftp.ncbi.nlm.nih.gov/genomes/all/GCF/028/202/185/GCF_028202185.1_ASM2820218v1,10,1681.1221.fna,GCF_028202185.1_ASM2820218v1_genomic.fna, 1769154, 2162839,1681.1221.fna_vs_GCF_028202185.1_ASM2820218v1_genomic.fna_blast.xml,0,0,78,23,0,0,48,382497,1774101,0,90,1649,4255,0,98,1681_subject_array_1739892649.bin
92555,1681,C7_h1001283B150217_200217,1681.1214,10,https://ftp.ncbi.nlm.nih.gov/genomes/all/GCF/028/201/955/GCF_028201955.1_ASM2820195v1,10,1681.1214.fna,GCF_028201955.1_ASM2820195v1_genomic.fna, 1665842, 2230949,1681.1214.fna_vs_GCF_028201955.1_ASM2820195v1_genomic.fna_blast.xml,0,0,16,13,0,0,26,561215,1667913,0,39,445,1264,0,18,1681_subject_array_1739892649.bin
92568,1681,D53st1_B4_D53t1_180928,1681.1269,10,https://ftp.ncbi.nlm.nih.gov/genomes/all/GCF/028/203/835/GCF_028203835.1_ASM2820383v1,10,1681.1269.fna,GCF_028203835.1_ASM2820383v1_genomic.fna, 1989691, 2217738,1681.1269.fna_vs_GCF_028203835.1_ASM2820383v1_genomic.fna_blast.xml,0,0,11,0,0,0,5,227394,1989582,0,11,180,548,0,7,1681_subject_array_1739892650.bin
92589,1681,F3_hBSD2780061687b_210117,1681.1234,10,https://ftp.ncbi.nlm.nih.gov/genomes/all/GCF/028/202/435/GCF_028202435.1_ASM2820243v1,10,1681.1234.fna,GCF_028202435.1_ASM2820243v1_genomic.fna,  870594, 2166341,1681.1234.fna_vs_GCF_028202435.1_ASM2820243v1_genomic.fna_blast.xml,0,0,46,13,0,0,60,1285913,875225,0,73,1352,3606,0,53,1681_subject_array_1739892650.bin
92612,1681,J1101312st1_E10_J1101312_190322,1681.1230,10,https://ftp.ncbi.nlm.nih.gov/genomes/all/GCF/028/202/395/GCF_028202395.1_ASM2820239v1,10,1681.1230.fna,GCF_028202395.1_ASM2820239v1_genomic.fna, 2200508, 2203844,1681.1230.fna_vs_GCF_028202395.1_ASM2820239v1_genomic.fna_blast.xml,0,0,0,0,0,0,0,3116,2200410,0,0,10,308,0,0,1681_subject_array_1739892651.bin
92614,1681,J1101312st1_H2_J1101312_190322,1681.1262,10,https://ftp.ncbi.nlm.nih.gov/genomes/all/GCF/028/203/675/GCF_028203675.1_ASM2820367v1,10,1681.1262.fna,GCF_028203675.1_ASM2820367v1_genomic.fna, 2047934, 2205140,1681.1262.fna_vs_GCF_028203675.1_ASM2820367v1_genomic.fna_blast.xml,0,0,2,3,0,0,13,152975,2051112,0,16,409,607,0,3,1681_subject_array_1739892652.bin
92615,1681,K05,1681.1022,10,https://ftp.ncbi.nlm.nih.gov/genomes/all/GCF/019/734/315/GCF_019734315.1_ASM1973431v1,10,1681.1022.fna,GCF_019734315.1_ASM1973431v1_genomic.fna, 2158967, 2158967,1681.1022.fna_vs_GCF_019734315.1_ASM1973431v1_genomic.fna_blast.xml,0,0,0,0,0,0,9,97,2158832,0,11,18,0,0,0,1681_subject_array_1739892653.bin
92686,1681,s-1,1681.944,10,https://ftp.ncbi.nlm.nih.gov/genomes/all/GCF/013/867/495/GCF_013867495.1_ASM1386749v1,10,1681.944.fna,GCF_013867495.1_ASM1386749v1_genomic.fna, 2198097, 2198097,1681.944.fna_vs_GCF_013867495.1_ASM1386749v1_genomic.fna_blast.xml,0,0,0,0,0,0,0,0,2198097,0,0,0,0,0,0,1681_subject_array_1739892653.bin
92888,1685,AFF13-13A,1685.1033,10,https://ftp.ncbi.nlm.nih.gov/genomes/all/GCF/027/663/845/GCF_027663845.1_ASM2766384v1,10,1685.1033.fna,GCF_027663845.1_ASM2766384v1_genomic.fna, 1990978, 2297881,1685.1033.fna_vs_GCF_027663845.1_ASM2766384v1_genomic.fna_blast.xml,0,0,7,1,0,0,29,303837,1993281,0,27,305,387,0,7,1685_subject_array_1739892654.bin
93033,1685,SDS-832-OWp,1685.1012,10,https://ftp.ncbi.nlm.nih.gov/genomes/all/GCF/027/215/005/GCF_027215005.1_ASM2721500v1,10,1685.1012.fna,GCF_027215005.1_ASM2721500v1_genomic.fna, 2230525, 2230525,1685.1012.fna_vs_GCF_027215005.1_ASM2721500v1_genomic.fna_blast.xml,0,0,0,0,0,0,0,0,2230525,0,0,0,0,0,0,1685_subject_array_1739892655.bin
93097,1686,TM115-191,1686.270,10,https://ftp.ncbi.nlm.nih.gov/genomes/all/GCF/027/679/075/GCF_027679075.1_ASM2767907v1,10,1686.270.fna,GCF_027679075.1_ASM2767907v1_genomic.fna, 1945204, 1945204,1686.270.fna_vs_GCF_027679075.1_ASM2767907v1_genomic.fna_blast.xml,0,0,0,0,0,0,0,0,1945204,0,0,0,0,0,0,1686_subject_array_1739892655.bin
93116,1686310,W8152,2751021.3,10,https://ftp.ncbi.nlm.nih.gov/genomes/all/GCF/016/100/395/GCF_016100395.1_ASM1610039v1,10,2751021.3.fna,GCF_016100395.1_ASM1610039v1_genomic.fna, 2571478, 2571478,2751021.3.fna_vs_GCF_016100395.1_ASM1610039v1_genomic.fna_blast.xml,0,0,0,0,0,0,0,0,2571478,0,0,0,0,0,0,2751021_subject_array_1739892656.bin
93162,1689,181B,1689.128,10,https://ftp.ncbi.nlm.nih.gov/genomes/all/GCF/015/703/885/GCF_015703885.1_ASM1570388v1,10,1689.128.fna,GCF_015703885.1_ASM1570388v1_genomic.fna, 2523858, 2523858,1689.128.fna_vs_GCF_015703885.1_ASM1570388v1_genomic.fna_blast.xml,0,0,0,0,0,0,0,0,2523858,0,0,0,0,0,0,1689_subject_array_1739892657.bin
93586,1703923,TSRI0395,1703923.3,10,https://ftp.ncbi.nlm.nih.gov/genomes/all/GCF/001/905/525/GCF_001905525.1_ASM190552v1,10,1703923.3.fna,GCF_001905525.1_ASM190552v1_genomic.fna, 8658545, 8658545,1703923.3.fna_vs_GCF_001905525.1_ASM190552v1_genomic.fna_blast.xml,0,0,0,0,0,0,0,1486,8657059,0,0,0,0,0,0,1703923_subject_array_1739892660.bin
93640,1705393,ERMR1:04,1705393.3,10,https://ftp.ncbi.nlm.nih.gov/genomes/all/GCF/001/297/705/GCF_001297705.1_ASM129770v1,10,1705393.3.fna,GCF_001297705.1_ASM129770v1_genomic.fna, 5532908, 5532908,1705393.3.fna_vs_GCF_001297705.1_ASM129770v1_genomic.fna_blast.xml,0,0,0,0,0,0,0,0,5532908,0,0,0,0,0,0,1705393_subject_array_1739892662.bin
93807,1710,PW,1710.51,10,https://ftp.ncbi.nlm.nih.gov/genomes/all/GCF/024/124/905/GCF_024124905.1_ASM2412490v1,10,1710.51.fna,GCF_024124905.1_ASM2412490v1_genomic.fna, 4672389, 4672389,1710.51.fna_vs_GCF_024124905.1_ASM2412490v1_genomic.fna_blast.xml,0,0,0,0,0,0,0,0,4672389,0,0,0,0,0,0,1710_subject_array_1739892664.bin
94521,1719,XH02,1719.1325,10,https://ftp.ncbi.nlm.nih.gov/genomes/all/GCF/001/719/645/GCF_001719645.1_ASM171964v1,10,1719.1325.fna,GCF_001719645.1_ASM171964v1_genomic.fna, 2357671, 2357671,1719.1325.fna_vs_GCF_001719645.1_ASM171964v1_genomic.fna_blast.xml,0,0,0,0,0,0,0,0,2357670,0,0,0,1,0,0,1719_subject_array_1739892665.bin
94882,1732020,Edens01,1732020.3,10,https://ftp.ncbi.nlm.nih.gov/genomes/all/GCF/001/307/035/GCF_001307035.1_ASM130703v1,10,1732020.3.fna,GCF_001307035.1_ASM130703v1_genomic.fna, 3639179, 3639179,1732020.3.fna_vs_GCF_001307035.1_ASM130703v1_genomic.fna_blast.xml,0,0,0,0,0,0,0,1660,3637519,0,0,0,0,0,0,1732020_subject_array_1739892666.bin
95056,1736277,Leaf154,1736277.3,10,https://ftp.ncbi.nlm.nih.gov/genomes/all/GCF/001/424/595/GCF_001424595.1_Leaf154,10,1736277.3.fna,GCF_001424595.1_Leaf154_genomic.fna, 3640711, 3640711,1736277.3.fna_vs_GCF_001424595.1_Leaf154_genomic.fna_blast.xml,0,0,0,0,0,0,0,0,3640711,0,0,0,0,0,0,1736277_subject_array_1739892667.bin
95091,1736313,Leaf263,1736313.3,10,https://ftp.ncbi.nlm.nih.gov/genomes/all/GCF/001/422/285/GCF_001422285.1_Leaf263,10,1736313.3.fna,GCF_001422285.1_Leaf263_genomic.fna, 3243570, 3243570,1736313.3.fna_vs_GCF_001422285.1_Leaf263_genomic.fna_blast.xml,0,0,0,0,0,0,0,0,3243570,0,0,0,0,0,0,1736313_subject_array_1739892668.bin
95104,1736326,Leaf294,1736326.3,10,https://ftp.ncbi.nlm.nih.gov/genomes/all/GCF/001/423/005/GCF_001423005.1_Leaf294,10,1736326.3.fna,GCF_001423005.1_Leaf294_genomic.fna, 4108248, 4108248,1736326.3.fna_vs_GCF_001423005.1_Leaf294_genomic.fna_blast.xml,0,0,0,0,0,0,0,0,4108248,0,0,0,0,0,0,1736326_subject_array_1739892670.bin
95168,1736393,Soil728,1736393.3,10,https://ftp.ncbi.nlm.nih.gov/genomes/all/GCF/001/428/305/GCF_001428305.1_Soil728,10,1736393.3.fna,GCF_001428305.1_Soil728_genomic.fna, 3637840, 3637840,1736393.3.fna_vs_GCF_001428305.1_Soil728_genomic.fna_blast.xml,0,0,0,0,0,0,0,0,3637840,0,0,0,0,0,0,1736393_subject_array_1739892671.bin
95382,1736690,CGMCC 1.15349,1736690.4,10,https://ftp.ncbi.nlm.nih.gov/genomes/all/GCF/039/614/825/GCF_039614825.1_ASM3961482v1,10,1736690.4.fna,GCF_039614825.1_ASM3961482v1_genomic.fna, 3419460, 3419460,1736690.4.fna_vs_GCF_039614825.1_ASM3961482v1_genomic.fna_blast.xml,0,0,0,0,0,0,0,0,3419459,0,0,1,0,0,0,1736690_subject_array_1739892672.bin
95978,1747,EASDk81E,1747.1092,10,https://ftp.ncbi.nlm.nih.gov/genomes/all/GCF/021/010/695/GCF_021010695.1_ASM2101069v1,10,1747.1092.fna,GCF_021010695.1_ASM2101069v1_genomic.fna, 2483977, 2483977,1747.1092.fna_vs_GCF_021010695.1_ASM2101069v1_genomic.fna_blast.xml,0,0,0,0,0,0,0,0,2483977,0,0,0,0,0,0,1747_subject_array_1739892673.bin
95995,1747,HS14,1747.985,10,https://ftp.ncbi.nlm.nih.gov/genomes/all/GCF/018/918/825/GCF_018918825.1_ASM1891882v1,10,1747.985.fna,GCF_018918825.1_ASM1891882v1_genomic.fna, 2536118, 2536118,1747.985.fna_vs_GCF_018918825.1_ASM1891882v1_genomic.fna_blast.xml,0,0,0,0,0,0,0,0,2536118,0,0,0,0,0,0,1747_subject_array_1739892674.bin
95998,1747,HS50,1747.986,10,https://ftp.ncbi.nlm.nih.gov/genomes/all/GCF/018/918/785/GCF_018918785.1_ASM1891878v1,10,1747.986.fna,GCF_018918785.1_ASM1891878v1_genomic.fna, 2479007, 2479007,1747.986.fna_vs_GCF_018918785.1_ASM1891878v1_genomic.fna_blast.xml,0,0,0,0,0,0,0,0,2479007,0,0,0,0,0,0,1747_subject_array_1739892675.bin
96011,1747,MIT 1857-A1,1747.886,10,https://ftp.ncbi.nlm.nih.gov/genomes/all/GCF/009/737/065/GCF_009737065.1_ASM973706v1,10,1747.886.fna,GCF_009737065.1_ASM973706v1_genomic.fna, 2483440, 2483440,1747.886.fna_vs_GCF_009737065.1_ASM973706v1_genomic.fna_blast.xml,0,0,0,0,0,0,0,0,2483440,0,0,0,0,0,0,1747_subject_array_1739892675.bin
96052,1747,P15-087,1747.756,10,https://ftp.ncbi.nlm.nih.gov/genomes/all/GCF/005/774/355/GCF_005774355.1_ASM577435v1,10,1747.756.fna,GCF_005774355.1_ASM577435v1_genomic.fna, 2532809, 2532809,1747.756.fna_vs_GCF_005774355.1_ASM577435v1_genomic.fna_blast.xml,0,0,0,0,0,0,0,0,2532809,0,0,0,0,0,0,1747_subject_array_1739892676.bin
96056,1747,P15-113,1747.749,10,https://ftp.ncbi.nlm.nih.gov/genomes/all/GCF/005/774/255/GCF_005774255.1_ASM577425v1,10,1747.749.fna,GCF_005774255.1_ASM577425v1_genomic.fna, 2542837, 2542837,1747.749.fna_vs_GCF_005774255.1_ASM577425v1_genomic.fna_blast.xml,0,0,0,0,0,0,0,0,2542837,0,0,0,0,0,0,1747_subject_array_1739892677.bin
96104,1747,PSSDk50E,1747.1104,10,https://ftp.ncbi.nlm.nih.gov/genomes/all/GCF/021/011/005/GCF_021011005.1_ASM2101100v1,10,1747.1104.fna,GCF_021011005.1_ASM2101100v1_genomic.fna, 2459382, 2459382,1747.1104.fna_vs_GCF_021011005.1_ASM2101100v1_genomic.fna_blast.xml,0,0,0,0,0,0,0,0,2459382,0,0,0,0,0,0,1747_subject_array_1739892678.bin
96105,1747,PSSDk50F,1747.1107,10,https://ftp.ncbi.nlm.nih.gov/genomes/all/GCF/021/010/935/GCF_021010935.1_ASM2101093v1,10,1747.1107.fna,GCF_021010935.1_ASM2101093v1_genomic.fna, 2536018, 2536018,1747.1107.fna_vs_GCF_021010935.1_ASM2101093v1_genomic.fna_blast.xml,0,0,0,0,0,0,0,0,2536018,0,0,0,0,0,0,1747_subject_array_1739892679.bin
96126,1747,T14076,1747.294,10,https://ftp.ncbi.nlm.nih.gov/genomes/all/GCF/003/586/225/GCF_003586225.1_ASM358622v1,10,1747.294.fna,GCF_003586225.1_ASM358622v1_genomic.fna, 2546366, 2546366,1747.294.fna_vs_GCF_003586225.1_ASM358622v1_genomic.fna_blast.xml,0,0,0,0,0,0,0,0,2546366,0,0,0,0,0,0,1747_subject_array_1739892680.bin
96154,1747,T35743,1747.775,10,https://ftp.ncbi.nlm.nih.gov/genomes/all/GCF/005/937/445/GCF_005937445.1_ASM593744v1,10,1747.775.fna,GCF_005937445.1_ASM593744v1_genomic.fna, 2543134, 2543134,1747.775.fna_vs_GCF_005937445.1_ASM593744v1_genomic.fna_blast.xml,0,0,0,0,0,0,0,26,2543108,0,0,0,0,0,0,1747_subject_array_1739892681.bin
96166,1747,T55820,1747.793,10,https://ftp.ncbi.nlm.nih.gov/genomes/all/GCF/005/937/805/GCF_005937805.1_ASM593780v1,10,1747.793.fna,GCF_005937805.1_ASM593780v1_genomic.fna, 2533422, 2533422,1747.793.fna_vs_GCF_005937805.1_ASM593780v1_genomic.fna_blast.xml,0,0,0,0,0,0,0,0,2533421,0,0,1,0,0,0,1747_subject_array_1739892682.bin
96178,1747,VN1100446,1747.1163,10,https://ftp.ncbi.nlm.nih.gov/genomes/all/GCF/024/328/865/GCF_024328865.1_ASM2432886v1,10,1747.1163.fna,GCF_024328865.1_ASM2432886v1_genomic.fna, 2485379, 2485379,1747.1163.fna_vs_GCF_024328865.1_ASM2432886v1_genomic.fna_blast.xml,0,0,0,0,0,0,0,0,2485379,0,0,0,0,0,0,1747_subject_array_1739892682.bin
96186,1747,W65277,1747.781,10,https://ftp.ncbi.nlm.nih.gov/genomes/all/GCF/005/937/545/GCF_005937545.1_ASM593754v1,10,1747.781.fna,GCF_005937545.1_ASM593754v1_genomic.fna, 2546874, 2546874,1747.781.fna_vs_GCF_005937545.1_ASM593754v1_genomic.fna_blast.xml,0,0,0,0,0,0,0,0,2546874,0,0,0,0,0,0,1747_subject_array_1739892683.bin
96297,1753,JCM 13395,1753.8,10,https://ftp.ncbi.nlm.nih.gov/genomes/all/GCF/039/528/915/GCF_039528915.1_ASM3952891v1,10,1753.8.fna,GCF_039528915.1_ASM3952891v1_genomic.fna, 2794768, 2794768,1753.8.fna_vs_GCF_039528915.1_ASM3952891v1_genomic.fna_blast.xml,0,0,0,0,0,0,0,1160,2793608,0,0,0,0,0,0,1753_subject_array_1739892684.bin
96461,1761802,77MFTsu3.1,1761802.3,10,https://ftp.ncbi.nlm.nih.gov/genomes/all/GCF/900/100/525/GCF_900100525.1_IMG-taxon_2639762631_annotated_assembly,10,1761802.3.fna,GCF_900100525.1_IMG-taxon_2639762631_annotated_assembly_genomic.fna, 3455672, 3455672,1761802.3.fna_vs_GCF_900100525.1_IMG-taxon_2639762631_annotated_assembly_genomic.fna_blast.xml,0,0,0,0,0,0,0,385,3455284,0,0,3,0,0,0,1761802_subject_array_1739892685.bin
96464,1761809,RU370.1,1761809.3,10,https://ftp.ncbi.nlm.nih.gov/genomes/all/GCF/900/104/435/GCF_900104435.1_IMG-taxon_2608642165_annotated_assembly,10,1761809.3.fna,GCF_900104435.1_IMG-taxon_2608642165_annotated_assembly_genomic.fna, 3389976, 3389976,1761809.3.fna_vs_GCF_900104435.1_IMG-taxon_2608642165_annotated_assembly_genomic.fna_blast.xml,0,0,0,0,0,0,0,0,3389976,0,0,0,0,0,0,1761809_subject_array_1739892686.bin
96617,1765,MBE10,1765.425,10,https://ftp.ncbi.nlm.nih.gov/genomes/all/GCF/007/989/935/GCF_007989935.1_ASM798993v1,10,1765.425.fna,GCF_007989935.1_ASM798993v1_genomic.fna, 4351970, 4351970,1765.425.fna_vs_GCF_007989935.1_ASM798993v1_genomic.fna_blast.xml,0,0,0,0,0,0,0,0,4351970,0,0,0,0,0,0,1765_subject_array_1739892688.bin
97025,1773,00-15489,1773.6086,10,https://ftp.ncbi.nlm.nih.gov/genomes/all/GCF/001/840/755/GCF_001840755.1_ASM184075v1,10,1773.6086.fna,GCF_001840755.1_ASM184075v1_genomic.fna, 4398334, 4398334,1773.6086.fna_vs_GCF_001840755.1_ASM184075v1_genomic.fna_blast.xml,0,0,0,0,0,0,0,0,4398334,0,0,0,0,0,0,1773_subject_array_1739892690.bin
97026,1773,00-R0023,1773.6715,10,https://ftp.ncbi.nlm.nih.gov/genomes/all/GCF/001/855/805/GCF_001855805.1_ASM185580v1,10,1773.6715.fna,GCF_001855805.1_ASM185580v1_genomic.fna, 4406256, 4406256,1773.6715.fna_vs_GCF_001855805.1_ASM185580v1_genomic.fna_blast.xml,0,0,0,1,0,0,0,0,4406246,0,2,7,0,0,0,1773_subject_array_1739892691.bin
97032,1773,00-R0178,1773.6169,10,https://ftp.ncbi.nlm.nih.gov/genomes/all/GCF/001/842/415/GCF_001842415.1_ASM184241v1,10,1773.6169.fna,GCF_001842415.1_ASM184241v1_genomic.fna, 4403104, 4403104,1773.6169.fna_vs_GCF_001842415.1_ASM184241v1_genomic.fna_blast.xml,0,0,0,0,0,0,0,0,4403100,0,2,2,0,0,0,1773_subject_array_1739892693.bin
97048,1773,00-R1245-2,1773.8226,10,https://ftp.ncbi.nlm.nih.gov/genomes/all/GCF/002/128/935/GCF_002128935.1_ASM212893v1,10,1773.8226.fna,GCF_002128935.1_ASM212893v1_genomic.fna, 4391284, 4391284,1773.8226.fna_vs_GCF_002128935.1_ASM212893v1_genomic.fna_blast.xml,0,0,0,0,0,0,0,0,4391284,0,0,0,0,0,0,1773_subject_array_1739892694.bin
97146,1773,01-R0774,1773.6608,10,https://ftp.ncbi.nlm.nih.gov/genomes/all/GCF/001/851/245/GCF_001851245.1_ASM185124v1,10,1773.6608.fna,GCF_001851245.1_ASM185124v1_genomic.fna, 4379104, 4379104,1773.6608.fna_vs_GCF_001851245.1_ASM185124v1_genomic.fna_blast.xml,0,0,0,0,0,0,0,0,4379102,0,1,1,0,0,0,1773_subject_array_1739892696.bin
97150,1773,01-R0841,1773.6099,10,https://ftp.ncbi.nlm.nih.gov/genomes/all/GCF/001/841/015/GCF_001841015.1_ASM184101v1,10,1773.6099.fna,GCF_001841015.1_ASM184101v1_genomic.fna, 4404779, 4404779,1773.6099.fna_vs_GCF_001841015.1_ASM184101v1_genomic.fna_blast.xml,0,0,0,0,0,0,0,0,4404777,0,1,1,0,0,0,1773_subject_array_1739892697.bin
97152,1773,01-R0878,1773.6501,10,https://ftp.ncbi.nlm.nih.gov/genomes/all/GCF/001/849/095/GCF_001849095.1_ASM184909v1,10,1773.6501.fna,GCF_001849095.1_ASM184909v1_genomic.fna, 4384846, 4384846,1773.6501.fna_vs_GCF_001849095.1_ASM184909v1_genomic.fna_blast.xml,0,0,0,0,0,0,0,0,4384846,0,0,0,0,0,0,1773_subject_array_1739892699.bin
97163,1773,01-R0909,1773.6100,10,https://ftp.ncbi.nlm.nih.gov/genomes/all/GCF/001/841/045/GCF_001841045.1_ASM184104v1,10,1773.6100.fna,GCF_001841045.1_ASM184104v1_genomic.fna, 4407797, 4407797,1773.6100.fna_vs_GCF_001841045.1_ASM184104v1_genomic.fna_blast.xml,0,0,0,0,0,0,0,0,4407797,0,0,0,0,0,0,1773_subject_array_1739892700.bin
97188,1773,01-R1275,1773.6573,10,https://ftp.ncbi.nlm.nih.gov/genomes/all/GCF/001/850/535/GCF_001850535.1_ASM185053v1,10,1773.6573.fna,GCF_001850535.1_ASM185053v1_genomic.fna, 4369366, 4369366,1773.6573.fna_vs_GCF_001850535.1_ASM185053v1_genomic.fna_blast.xml,0,0,0,2,0,0,5,0,4369282,0,8,69,0,0,0,1773_subject_array_1739892702.bin
97195,1773,01-R1379,1773.6574,10,https://ftp.ncbi.nlm.nih.gov/genomes/all/GCF/001/850/565/GCF_001850565.1_ASM185056v1,10,1773.6574.fna,GCF_001850565.1_ASM185056v1_genomic.fna, 4375377, 4375377,1773.6574.fna_vs_GCF_001850565.1_ASM185056v1_genomic.fna_blast.xml,0,0,0,0,0,0,0,0,4375376,0,0,1,0,0,0,1773_subject_array_1739892703.bin
97204,1773,01-R1433,1773.6581,10,https://ftp.ncbi.nlm.nih.gov/genomes/all/GCF/001/850/695/GCF_001850695.1_ASM185069v1,10,1773.6581.fna,GCF_001850695.1_ASM185069v1_genomic.fna, 4413469, 4413469,1773.6581.fna_vs_GCF_001850695.1_ASM185069v1_genomic.fna_blast.xml,0,0,0,0,0,0,0,0,4413468,0,0,1,0,0,0,1773_subject_array_1739892705.bin
97230,1773,01-R1649,1773.6619,10,https://ftp.ncbi.nlm.nih.gov/genomes/all/GCF/001/851/465/GCF_001851465.1_ASM185146v1,10,1773.6619.fna,GCF_001851465.1_ASM185146v1_genomic.fna, 4375826, 4375826,1773.6619.fna_vs_GCF_001851465.1_ASM185146v1_genomic.fna_blast.xml,0,0,0,0,0,0,0,0,4375818,0,2,6,0,0,0,1773_subject_array_1739892706.bin
97282,1773,02-R0119,1773.6627,10,https://ftp.ncbi.nlm.nih.gov/genomes/all/GCF/001/851/625/GCF_001851625.1_ASM185162v1,10,1773.6627.fna,GCF_001851625.1_ASM185162v1_genomic.fna, 4392760, 4392760,1773.6627.fna_vs_GCF_001851625.1_ASM185162v1_genomic.fna_blast.xml,0,0,0,0,0,0,0,0,4392760,0,0,0,0,0,0,1773_subject_array_1739892708.bin
97293,1773,02-R0220,1773.6186,10,https://ftp.ncbi.nlm.nih.gov/genomes/all/GCF/001/842/785/GCF_001842785.1_ASM184278v1,10,1773.6186.fna,GCF_001842785.1_ASM184278v1_genomic.fna, 4398443, 4398443,1773.6186.fna_vs_GCF_001842785.1_ASM184278v1_genomic.fna_blast.xml,0,0,0,0,0,0,0,0,4398443,0,0,0,0,0,0,1773_subject_array_1739892710.bin
97295,1773,02-R0244,1773.6672,10,https://ftp.ncbi.nlm.nih.gov/genomes/all/GCF/001/852/525/GCF_001852525.1_ASM185252v1,10,1773.6672.fna,GCF_001852525.1_ASM185252v1_genomic.fna, 4378819, 4378819,1773.6672.fna_vs_GCF_001852525.1_ASM185252v1_genomic.fna_blast.xml,0,0,0,0,0,0,0,0,4378819,0,0,0,0,0,0,1773_subject_array_1739892711.bin
97296,1773,02-R0258,1773.8270,10,https://ftp.ncbi.nlm.nih.gov/genomes/all/GCF/002/129/815/GCF_002129815.1_ASM212981v1,10,1773.8270.fna,GCF_002129815.1_ASM212981v1_genomic.fna, 4397866, 4397866,1773.8270.fna_vs_GCF_002129815.1_ASM212981v1_genomic.fna_blast.xml,0,0,0,0,0,0,3,0,4397858,0,0,5,0,0,0,1773_subject_array_1739892713.bin
97304,1773,02-R0364,1773.6629,10,https://ftp.ncbi.nlm.nih.gov/genomes/all/GCF/001/851/655/GCF_001851655.1_ASM185165v1,10,1773.6629.fna,GCF_001851655.1_ASM185165v1_genomic.fna, 4381330, 4381330,1773.6629.fna_vs_GCF_001851655.1_ASM185165v1_genomic.fna_blast.xml,0,0,0,0,0,0,1,0,4381327,0,1,1,0,0,0,1773_subject_array_1739892714.bin
97328,1773,02-R0826,1773.6532,10,https://ftp.ncbi.nlm.nih.gov/genomes/all/GCF/001/849/725/GCF_001849725.1_ASM184972v1,10,1773.6532.fna,GCF_001849725.1_ASM184972v1_genomic.fna, 4348691, 4348691,1773.6532.fna_vs_GCF_001849725.1_ASM184972v1_genomic.fna_blast.xml,0,0,0,0,0,0,2,0,4348656,0,3,30,0,0,0,1773_subject_array_1739892716.bin
97339,1773,02-R0880,1773.6497,10,https://ftp.ncbi.nlm.nih.gov/genomes/all/GCF/001/849/015/GCF_001849015.1_ASM184901v1,10,1773.6497.fna,GCF_001849015.1_ASM184901v1_genomic.fna, 4387803, 4387803,1773.6497.fna_vs_GCF_001849015.1_ASM184901v1_genomic.fna_blast.xml,0,0,0,0,0,0,0,0,4387803,0,0,0,0,0,0,1773_subject_array_1739892717.bin
97412,1773,02-R1686,1773.6610,10,https://ftp.ncbi.nlm.nih.gov/genomes/all/GCF/001/851/275/GCF_001851275.1_ASM185127v1,10,1773.6610.fna,GCF_001851275.1_ASM185127v1_genomic.fna, 4398306, 4398306,1773.6610.fna_vs_GCF_001851275.1_ASM185127v1_genomic.fna_blast.xml,0,0,0,0,0,0,1,0,4398304,0,0,1,0,0,0,1773_subject_array_1739892719.bin
97423,1773,02-R1825,1773.6633,10,https://ftp.ncbi.nlm.nih.gov/genomes/all/GCF/001/851/725/GCF_001851725.1_ASM185172v1,10,1773.6633.fna,GCF_001851725.1_ASM185172v1_genomic.fna, 4391458, 4391458,1773.6633.fna_vs_GCF_001851725.1_ASM185172v1_genomic.fna_blast.xml,0,0,0,1,0,0,3,0,4391451,0,0,3,0,0,0,1773_subject_array_1739892721.bin
97424,1773,02-R1842,1773.6396,10,https://ftp.ncbi.nlm.nih.gov/genomes/all/GCF/001/846/995/GCF_001846995.1_ASM184699v1,10,1773.6396.fna,GCF_001846995.1_ASM184699v1_genomic.fna, 4396994, 4396994,1773.6396.fna_vs_GCF_001846995.1_ASM184699v1_genomic.fna_blast.xml,0,0,0,0,0,0,0,0,4396994,0,0,0,0,0,0,1773_subject_array_1739892722.bin
97479,1773,03-R0023,1773.6338,10,https://ftp.ncbi.nlm.nih.gov/genomes/all/GCF/001/845/865/GCF_001845865.1_ASM184586v1,10,1773.6338.fna,GCF_001845865.1_ASM184586v1_genomic.fna, 4386220, 4386220,1773.6338.fna_vs_GCF_001845865.1_ASM184586v1_genomic.fna_blast.xml,0,0,0,0,0,0,1,0,4386215,0,0,4,0,0,0,1773_subject_array_1739892724.bin
99647,1773,99-R962,1773.6673,10,https://ftp.ncbi.nlm.nih.gov/genomes/all/GCF/001/852/535/GCF_001852535.1_ASM185253v1,10,1773.6673.fna,GCF_001852535.1_ASM185253v1_genomic.fna, 4388430, 4388430,1773.6673.fna_vs_GCF_001852535.1_ASM185253v1_genomic.fna_blast.xml,0,0,0,4,0,0,11,0,4388343,0,11,61,0,0,0,1773_subject_array_1739892725.bin
99811,1773,C0000604-0,1773.7632,10,https://ftp.ncbi.nlm.nih.gov/genomes/all/GCF/001/945/845/GCF_001945845.1_ASM194584v1,10,1773.7632.fna,GCF_001945845.1_ASM194584v1_genomic.fna, 4379608, 4379608,1773.7632.fna_vs_GCF_001945845.1_ASM194584v1_genomic.fna_blast.xml,0,0,0,0,0,0,0,0,4379607,0,0,1,0,0,0,1773_subject_array_1739892727.bin
100081,1773,I0000205-0,1773.6867,10,https://ftp.ncbi.nlm.nih.gov/genomes/all/GCF/001/945/005/GCF_001945005.1_ASM194500v1,10,1773.6867.fna,GCF_001945005.1_ASM194500v1_genomic.fna, 4360235, 4360235,1773.6867.fna_vs_GCF_001945005.1_ASM194500v1_genomic.fna_blast.xml,0,0,0,0,0,0,3,0,4360229,0,2,1,0,0,0,1773_subject_array_1739892728.bin
100093,1773,I0000353-8,1773.6859,10,https://ftp.ncbi.nlm.nih.gov/genomes/all/GCF/001/944/845/GCF_001944845.1_ASM194484v1,10,1773.6859.fna,GCF_001944845.1_ASM194484v1_genomic.fna, 4382745, 4382745,1773.6859.fna_vs_GCF_001944845.1_ASM194484v1_genomic.fna_blast.xml,0,0,0,0,0,0,0,0,4382745,0,0,0,0,0,0,1773_subject_array_1739892730.bin
100133,1773,I0000829-7,1773.7649,10,https://ftp.ncbi.nlm.nih.gov/genomes/all/GCF/001/944/055/GCF_001944055.1_ASM194405v1,10,1773.7649.fna,GCF_001944055.1_ASM194405v1_genomic.fna, 4375352, 4375352,1773.7649.fna_vs_GCF_001944055.1_ASM194405v1_genomic.fna_blast.xml,0,0,0,1,0,0,7,0,4375334,0,2,8,0,0,0,1773_subject_array_1739892731.bin
100147,1773,I0001107-7,1773.6919,10,https://ftp.ncbi.nlm.nih.gov/genomes/all/GCF/001/946/345/GCF_001946345.1_ASM194634v1,10,1773.6919.fna,GCF_001946345.1_ASM194634v1_genomic.fna, 4392481, 4392481,1773.6919.fna_vs_GCF_001946345.1_ASM194634v1_genomic.fna_blast.xml,0,0,0,0,0,0,0,0,4392476,0,2,3,0,0,0,1773_subject_array_1739892733.bin
100153,1773,I0001195-2,1773.7685,10,https://ftp.ncbi.nlm.nih.gov/genomes/all/GCF/001/943/345/GCF_001943345.1_ASM194334v1,10,1773.7685.fna,GCF_001943345.1_ASM194334v1_genomic.fna, 4391588, 4391588,1773.7685.fna_vs_GCF_001943345.1_ASM194334v1_genomic.fna_blast.xml,0,0,0,0,0,0,0,0,4391588,0,0,0,0,0,0,1773_subject_array_1739892734.bin
100159,1773,I0001278-6,1773.6289,10,https://ftp.ncbi.nlm.nih.gov/genomes/all/GCF/001/844/855/GCF_001844855.1_ASM184485v1,10,1773.6289.fna,GCF_001844855.1_ASM184485v1_genomic.fna, 4406396, 4406396,1773.6289.fna_vs_GCF_001844855.1_ASM184485v1_genomic.fna_blast.xml,0,0,0,0,0,0,1,1,4406394,0,0,0,0,0,0,1773_subject_array_1739892736.bin
100170,1773,I0001382-6,1773.6182,10,https://ftp.ncbi.nlm.nih.gov/genomes/all/GCF/001/842/675/GCF_001842675.1_ASM184267v1,10,1773.6182.fna,GCF_001842675.1_ASM184267v1_genomic.fna, 4385098, 4385098,1773.6182.fna_vs_GCF_001842675.1_ASM184267v1_genomic.fna_blast.xml,0,0,0,0,0,0,0,0,4385098,0,0,0,0,0,0,1773_subject_array_1739892737.bin
100189,1773,I0001539-1,1773.6916,10,https://ftp.ncbi.nlm.nih.gov/genomes/all/GCF/001/946/275/GCF_001946275.1_ASM194627v1,10,1773.6916.fna,GCF_001946275.1_ASM194627v1_genomic.fna, 4365330, 4365330,1773.6916.fna_vs_GCF_001946275.1_ASM194627v1_genomic.fna_blast.xml,0,0,0,0,0,0,0,0,4365318,0,7,5,0,0,0,1773_subject_array_1739892739.bin
100195,1773,I0001646-4,1773.6869,10,https://ftp.ncbi.nlm.nih.gov/genomes/all/GCF/001/945/045/GCF_001945045.1_ASM194504v1,10,1773.6869.fna,GCF_001945045.1_ASM194504v1_genomic.fna, 4375691, 4375691,1773.6869.fna_vs_GCF_001945045.1_ASM194504v1_genomic.fna_blast.xml,0,0,0,0,0,0,0,0,4375690,0,0,1,0,0,0,1773_subject_array_1739892741.bin
100200,1773,I0001672-0,1773.6926,10,https://ftp.ncbi.nlm.nih.gov/genomes/all/GCF/001/946/495/GCF_001946495.1_ASM194649v1,10,1773.6926.fna,GCF_001946495.1_ASM194649v1_genomic.fna, 4389894, 4389894,1773.6926.fna_vs_GCF_001946495.1_ASM194649v1_genomic.fna_blast.xml,0,0,0,0,0,0,0,0,4389893,0,0,1,0,0,0,1773_subject_array_1739892742.bin
100219,1773,I0002066-4,1773.6204,10,https://ftp.ncbi.nlm.nih.gov/genomes/all/GCF/001/843/165/GCF_001843165.1_ASM184316v1,10,1773.6204.fna,GCF_001843165.1_ASM184316v1_genomic.fna, 4378130, 4378130,1773.6204.fna_vs_GCF_001843165.1_ASM184316v1_genomic.fna_blast.xml,0,0,0,0,0,0,0,0,4378130,0,0,0,0,0,0,1773_subject_array_1739892744.bin
100223,1773,I0002124-1,1773.6178,10,https://ftp.ncbi.nlm.nih.gov/genomes/all/GCF/001/842/595/GCF_001842595.1_ASM184259v1,10,1773.6178.fna,GCF_001842595.1_ASM184259v1_genomic.fna, 4405534, 4405534,1773.6178.fna_vs_GCF_001842595.1_ASM184259v1_genomic.fna_blast.xml,0,0,0,0,0,0,1,0,4405530,0,1,2,0,0,0,1773_subject_array_1739892745.bin
100231,1773,I0002256-1,1773.6850,10,https://ftp.ncbi.nlm.nih.gov/genomes/all/GCF/001/944/635/GCF_001944635.1_ASM194463v1,10,1773.6850.fna,GCF_001944635.1_ASM194463v1_genomic.fna, 4376362, 4376362,1773.6850.fna_vs_GCF_001944635.1_ASM194463v1_genomic.fna_blast.xml,0,0,0,0,0,0,0,0,4376359,0,0,3,0,0,0,1773_subject_array_1739892747.bin
100312,1773,I0003338-6,1773.7037,10,https://ftp.ncbi.nlm.nih.gov/genomes/all/GCF/001/948/705/GCF_001948705.1_ASM194870v1,10,1773.7037.fna,GCF_001948705.1_ASM194870v1_genomic.fna, 4388908, 4388908,1773.7037.fna_vs_GCF_001948705.1_ASM194870v1_genomic.fna_blast.xml,0,0,0,0,0,0,0,0,4388906,0,2,0,0,0,0,1773_subject_array_1739892748.bin
100332,1773,I0003525-8,1773.6843,10,https://ftp.ncbi.nlm.nih.gov/genomes/all/GCF/001/944/525/GCF_001944525.1_ASM194452v1,10,1773.6843.fna,GCF_001944525.1_ASM194452v1_genomic.fna, 4374083, 4374083,1773.6843.fna_vs_GCF_001944525.1_ASM194452v1_genomic.fna_blast.xml,0,0,0,0,0,0,0,0,4374083,0,0,0,0,0,0,1773_subject_array_1739892750.bin
100342,1773,I0003630-6,1773.6301,10,https://ftp.ncbi.nlm.nih.gov/genomes/all/GCF/001/845/085/GCF_001845085.1_ASM184508v1,10,1773.6301.fna,GCF_001845085.1_ASM184508v1_genomic.fna, 4395703, 4395703,1773.6301.fna_vs_GCF_001845085.1_ASM184508v1_genomic.fna_blast.xml,0,0,0,0,0,0,1,0,4395698,0,0,4,0,0,0,1773_subject_array_1739892751.bin
100345,1773,I0003710-6,1773.6295,10,https://ftp.ncbi.nlm.nih.gov/genomes/all/GCF/001/844/985/GCF_001844985.1_ASM184498v1,10,1773.6295.fna,GCF_001844985.1_ASM184498v1_genomic.fna, 4394479, 4394479,1773.6295.fna_vs_GCF_001844985.1_ASM184498v1_genomic.fna_blast.xml,0,0,0,0,0,0,0,0,4394478,0,1,0,0,0,0,1773_subject_array_1739892753.bin
100346,1773,I0003711-4,1773.6996,10,https://ftp.ncbi.nlm.nih.gov/genomes/all/GCF/001/947/895/GCF_001947895.1_ASM194789v1,10,1773.6996.fna,GCF_001947895.1_ASM194789v1_genomic.fna, 4387910, 4387910,1773.6996.fna_vs_GCF_001947895.1_ASM194789v1_genomic.fna_blast.xml,0,0,0,0,0,0,0,0,4387910,0,0,0,0,0,0,1773_subject_array_1739892755.bin
100376,1773,I0004133-0,1773.7712,10,https://ftp.ncbi.nlm.nih.gov/genomes/all/GCF/001/942/795/GCF_001942795.1_ASM194279v1,10,1773.7712.fna,GCF_001942795.1_ASM194279v1_genomic.fna, 4391087, 4391087,1773.7712.fna_vs_GCF_001942795.1_ASM194279v1_genomic.fna_blast.xml,0,0,0,0,0,0,0,0,4391087,0,0,0,0,0,0,1773_subject_array_1739892756.bin
100381,1773,I0004172-8,1773.7675,10,https://ftp.ncbi.nlm.nih.gov/genomes/all/GCF/001/943/515/GCF_001943515.1_ASM194351v1,10,1773.7675.fna,GCF_001943515.1_ASM194351v1_genomic.fna, 4373781, 4373781,1773.7675.fna_vs_GCF_001943515.1_ASM194351v1_genomic.fna_blast.xml,0,0,0,0,0,0,3,1,4373757,0,0,20,0,0,0,1773_subject_array_1739892758.bin
100386,1773,I0004220-5,1773.6721,10,https://ftp.ncbi.nlm.nih.gov/genomes/all/GCF/001/855/945/GCF_001855945.1_ASM185594v1,10,1773.6721.fna,GCF_001855945.1_ASM185594v1_genomic.fna, 4395702, 4395702,1773.6721.fna_vs_GCF_001855945.1_ASM185594v1_genomic.fna_blast.xml,0,0,0,0,0,0,0,0,4395702,0,0,0,0,0,0,1773_subject_array_1739892759.bin
100389,1773,I0004237-9,1773.7026,10,https://ftp.ncbi.nlm.nih.gov/genomes/all/GCF/001/948/475/GCF_001948475.1_ASM194847v1,10,1773.7026.fna,GCF_001948475.1_ASM194847v1_genomic.fna, 4395114, 4395114,1773.7026.fna_vs_GCF_001948475.1_ASM194847v1_genomic.fna_blast.xml,0,0,0,0,0,0,0,0,4395114,0,0,0,0,0,0,1773_subject_array_1739892761.bin
100394,1773,I0004247-8,1773.6981,10,https://ftp.ncbi.nlm.nih.gov/genomes/all/GCF/001/947/595/GCF_001947595.1_ASM194759v1,10,1773.6981.fna,GCF_001947595.1_ASM194759v1_genomic.fna, 4397541, 4397541,1773.6981.fna_vs_GCF_001947595.1_ASM194759v1_genomic.fna_blast.xml,0,0,0,0,0,0,0,0,4397530,0,6,5,0,0,0,1773_subject_array_1739892762.bin
100411,1773,I0004435-9,1773.6297,10,https://ftp.ncbi.nlm.nih.gov/genomes/all/GCF/001/845/005/GCF_001845005.1_ASM184500v1,10,1773.6297.fna,GCF_001845005.1_ASM184500v1_genomic.fna, 4403186, 4403186,1773.6297.fna_vs_GCF_001845005.1_ASM184500v1_genomic.fna_blast.xml,0,0,0,0,0,0,0,0,4403186,0,0,0,0,0,0,1773_subject_array_1739892764.bin
100441,1773,I0004842-6,1773.7677,10,https://ftp.ncbi.nlm.nih.gov/genomes/all/GCF/001/943/495/GCF_001943495.1_ASM194349v1,10,1773.7677.fna,GCF_001943495.1_ASM194349v1_genomic.fna, 4384957, 4384957,1773.7677.fna_vs_GCF_001943495.1_ASM194349v1_genomic.fna_blast.xml,0,0,0,0,0,0,0,0,4384957,0,0,0,0,0,0,1773_subject_array_1739892765.bin
100462,1773,I0005422-6,1773.7045,10,https://ftp.ncbi.nlm.nih.gov/genomes/all/GCF/001/948/865/GCF_001948865.1_ASM194886v1,10,1773.7045.fna,GCF_001948865.1_ASM194886v1_genomic.fna, 4390808, 4390808,1773.7045.fna_vs_GCF_001948865.1_ASM194886v1_genomic.fna_blast.xml,0,0,0,0,0,0,0,0,4390806,0,0,2,0,0,0,1773_subject_array_1739892767.bin
100699,1773,M0000778-2,1773.17612,10,https://ftp.ncbi.nlm.nih.gov/genomes/all/GCF/004/113/425/GCF_004113425.1_ASM411342v1,10,1773.17612.fna,GCF_004113425.1_ASM411342v1_genomic.fna, 4378532, 4378532,1773.17612.fna_vs_GCF_004113425.1_ASM411342v1_genomic.fna_blast.xml,0,0,0,0,0,0,0,0,4378532,0,0,0,0,0,0,1773_subject_array_1739892768.bin
100702,1773,M0000881-4,1773.17604,10,https://ftp.ncbi.nlm.nih.gov/genomes/all/GCF/004/113/265/GCF_004113265.1_ASM411326v1,10,1773.17604.fna,GCF_004113265.1_ASM411326v1_genomic.fna, 4388640, 4388640,1773.17604.fna_vs_GCF_004113265.1_ASM411326v1_genomic.fna_blast.xml,0,0,0,0,0,0,0,0,4388640,0,0,0,0,0,0,1773_subject_array_1739892770.bin
100767,1773,M0003138-6,1773.8361,10,https://ftp.ncbi.nlm.nih.gov/genomes/all/GCF/002/131/645/GCF_002131645.1_ASM213164v1,10,1773.8361.fna,GCF_002131645.1_ASM213164v1_genomic.fna, 4384988, 4384988,1773.8361.fna_vs_GCF_002131645.1_ASM213164v1_genomic.fna_blast.xml,0,0,0,0,0,0,0,0,4384987,0,0,1,0,0,0,1773_subject_array_1739892772.bin
100785,1773,M0003584-1,1773.17373,10,https://ftp.ncbi.nlm.nih.gov/genomes/all/GCF/004/108/575/GCF_004108575.1_ASM410857v1,10,1773.17373.fna,GCF_004108575.1_ASM410857v1_genomic.fna, 4396581, 4396581,1773.17373.fna_vs_GCF_004108575.1_ASM410857v1_genomic.fna_blast.xml,0,0,0,0,0,0,0,0,4396581,0,0,0,0,0,0,1773_subject_array_1739892773.bin
100841,1773,M0005365-3,1773.6966,10,https://ftp.ncbi.nlm.nih.gov/genomes/all/GCF/001/947/285/GCF_001947285.1_ASM194728v1,10,1773.6966.fna,GCF_001947285.1_ASM194728v1_genomic.fna, 4393523, 4393523,1773.6966.fna_vs_GCF_001947285.1_ASM194728v1_genomic.fna_blast.xml,0,0,0,0,0,0,0,0,4393523,0,0,0,0,0,0,1773_subject_array_1739892775.bin
100887,1773,M0006902-2,1773.17359,10,https://ftp.ncbi.nlm.nih.gov/genomes/all/GCF/004/108/305/GCF_004108305.1_ASM410830v1,10,1773.17359.fna,GCF_004108305.1_ASM410830v1_genomic.fna, 4400497, 4400497,1773.17359.fna_vs_GCF_004108305.1_ASM410830v1_genomic.fna_blast.xml,0,0,0,0,0,0,1,0,4400494,0,0,2,0,0,0,1773_subject_array_1739892776.bin
100912,1773,M0007918-7,1773.17561,10,https://ftp.ncbi.nlm.nih.gov/genomes/all/GCF/004/112/395/GCF_004112395.1_ASM411239v1,10,1773.17561.fna,GCF_004112395.1_ASM411239v1_genomic.fna, 4379160, 4379160,1773.17561.fna_vs_GCF_004112395.1_ASM411239v1_genomic.fna_blast.xml,0,0,0,0,0,0,2,0,4379158,0,0,0,0,0,0,1773_subject_array_1739892778.bin
100925,1773,M0008507-7,1773.6851,10,https://ftp.ncbi.nlm.nih.gov/genomes/all/GCF/001/944/685/GCF_001944685.1_ASM194468v1,10,1773.6851.fna,GCF_001944685.1_ASM194468v1_genomic.fna, 4370657, 4370657,1773.6851.fna_vs_GCF_001944685.1_ASM194468v1_genomic.fna_blast.xml,0,0,0,2,0,0,5,0,4370639,0,0,11,0,0,0,1773_subject_array_1739892779.bin
100926,1773,M0008563-0,1773.17571,10,https://ftp.ncbi.nlm.nih.gov/genomes/all/GCF/004/112/575/GCF_004112575.1_ASM411257v1,10,1773.17571.fna,GCF_004112575.1_ASM411257v1_genomic.fna, 4392628, 4392628,1773.17571.fna_vs_GCF_004112575.1_ASM411257v1_genomic.fna_blast.xml,0,0,0,1,0,0,1,0,4392621,0,0,5,0,0,0,1773_subject_array_1739892781.bin
100952,1773,M0009746-0,1773.17623,10,https://ftp.ncbi.nlm.nih.gov/genomes/all/GCF/004/113/635/GCF_004113635.1_ASM411363v1,10,1773.17623.fna,GCF_004113635.1_ASM411363v1_genomic.fna, 4395373, 4395373,1773.17623.fna_vs_GCF_004113635.1_ASM411363v1_genomic.fna_blast.xml,0,0,0,0,0,0,0,0,4395373,0,0,0,0,0,0,1773_subject_array_1739892782.bin
101047,1773,M0014343-9,1773.17279,10,https://ftp.ncbi.nlm.nih.gov/genomes/all/GCF/004/106/695/GCF_004106695.1_ASM410669v1,10,1773.17279.fna,GCF_004106695.1_ASM410669v1_genomic.fna, 4388560, 4388560,1773.17279.fna_vs_GCF_004106695.1_ASM410669v1_genomic.fna_blast.xml,0,0,0,0,0,0,0,0,4388560,0,0,0,0,0,0,1773_subject_array_1739892784.bin
101073,1773,M0015254-7,1773.17535,10,https://ftp.ncbi.nlm.nih.gov/genomes/all/GCF/004/111/875/GCF_004111875.1_ASM411187v1,10,1773.17535.fna,GCF_004111875.1_ASM411187v1_genomic.fna, 4425018, 4425018,1773.17535.fna_vs_GCF_004111875.1_ASM411187v1_genomic.fna_blast.xml,0,0,0,0,0,0,0,0,4425017,0,0,1,0,0,0,1773_subject_array_1739892786.bin
101095,1773,M0016355-1,1773.8262,10,https://ftp.ncbi.nlm.nih.gov/genomes/all/GCF/002/129/665/GCF_002129665.1_ASM212966v1,10,1773.8262.fna,GCF_002129665.1_ASM212966v1_genomic.fna, 4391229, 4391229,1773.8262.fna_vs_GCF_002129665.1_ASM212966v1_genomic.fna_blast.xml,0,0,0,0,0,0,0,0,4391229,0,0,0,0,0,0,1773_subject_array_1739892787.bin
101121,1773,M0017584-5,1773.17458,10,https://ftp.ncbi.nlm.nih.gov/genomes/all/GCF/004/110/335/GCF_004110335.1_ASM411033v1,10,1773.17458.fna,GCF_004110335.1_ASM411033v1_genomic.fna, 4378898, 4378898,1773.17458.fna_vs_GCF_004110335.1_ASM411033v1_genomic.fna_blast.xml,0,0,0,0,0,0,0,0,4378898,0,0,0,0,0,0,1773_subject_array_1739892789.bin
101123,1773,M0017610-8,1773.8265,10,https://ftp.ncbi.nlm.nih.gov/genomes/all/GCF/002/129/725/GCF_002129725.1_ASM212972v1,10,1773.8265.fna,GCF_002129725.1_ASM212972v1_genomic.fna, 4404169, 4404169,1773.8265.fna_vs_GCF_002129725.1_ASM212972v1_genomic.fna_blast.xml,0,0,0,0,0,0,0,0,4404168,0,0,1,0,0,0,1773_subject_array_1739892790.bin
101129,1773,M0017972-2,1773.17261,10,https://ftp.ncbi.nlm.nih.gov/genomes/all/GCF/004/106/295/GCF_004106295.1_ASM410629v1,10,1773.17261.fna,GCF_004106295.1_ASM410629v1_genomic.fna, 4397412, 4397412,1773.17261.fna_vs_GCF_004106295.1_ASM410629v1_genomic.fna_blast.xml,0,0,0,0,0,0,6,2,4397389,0,0,15,0,0,0,1773_subject_array_1739892792.bin
101165,1773,M0019131-3,1773.17254,10,https://ftp.ncbi.nlm.nih.gov/genomes/all/GCF/004/106/185/GCF_004106185.1_ASM410618v1,10,1773.17254.fna,GCF_004106185.1_ASM410618v1_genomic.fna, 4370197, 4370197,1773.17254.fna_vs_GCF_004106185.1_ASM410618v1_genomic.fna_blast.xml,0,0,0,0,0,0,1,0,4370192,0,0,4,0,0,0,1773_subject_array_1739892793.bin
101192,1773,M0020715-0,1773.17184,10,https://ftp.ncbi.nlm.nih.gov/genomes/all/GCF/004/104/785/GCF_004104785.1_ASM410478v1,10,1773.17184.fna,GCF_004104785.1_ASM410478v1_genomic.fna, 4385503, 4385503,1773.17184.fna_vs_GCF_004104785.1_ASM410478v1_genomic.fna_blast.xml,0,0,0,0,0,0,0,0,4385503,0,0,0,0,0,0,1773_subject_array_1739892795.bin
101202,1773,M0021201-0,1773.17204,10,https://ftp.ncbi.nlm.nih.gov/genomes/all/GCF/004/105/185/GCF_004105185.1_ASM410518v1,10,1773.17204.fna,GCF_004105185.1_ASM410518v1_genomic.fna, 4389973, 4389973,1773.17204.fna_vs_GCF_004105185.1_ASM410518v1_genomic.fna_blast.xml,0,0,0,0,0,0,0,0,4389963,0,4,6,0,0,0,1773_subject_array_1739892796.bin
101214,1773,M0021852-0,1773.8264,10,https://ftp.ncbi.nlm.nih.gov/genomes/all/GCF/002/129/695/GCF_002129695.1_ASM212969v1,10,1773.8264.fna,GCF_002129695.1_ASM212969v1_genomic.fna, 4396405, 4396405,1773.8264.fna_vs_GCF_002129695.1_ASM212969v1_genomic.fna_blast.xml,0,0,0,0,0,0,0,0,4396405,0,0,0,0,0,0,1773_subject_array_1739892798.bin
101221,1773,M0022188-8,1773.8335,10,https://ftp.ncbi.nlm.nih.gov/genomes/all/GCF/002/131/115/GCF_002131115.1_ASM213111v1,10,1773.8335.fna,GCF_002131115.1_ASM213111v1_genomic.fna, 4403173, 4403173,1773.8335.fna_vs_GCF_002131115.1_ASM213111v1_genomic.fna_blast.xml,0,0,0,0,0,0,0,0,4403173,0,0,0,0,0,0,1773_subject_array_1739892799.bin
101231,1773,M0022539-2,1773.8311,10,https://ftp.ncbi.nlm.nih.gov/genomes/all/GCF/002/130/625/GCF_002130625.1_ASM213062v1,10,1773.8311.fna,GCF_002130625.1_ASM213062v1_genomic.fna, 4396003, 4396003,1773.8311.fna_vs_GCF_002130625.1_ASM213062v1_genomic.fna_blast.xml,0,0,0,0,0,0,2,1,4395994,0,0,6,0,0,0,1773_subject_array_1739892801.bin
101240,1773,M0022990-7,1773.17637,10,https://ftp.ncbi.nlm.nih.gov/genomes/all/GCF/004/113/925/GCF_004113925.1_ASM411392v1,10,1773.17637.fna,GCF_004113925.1_ASM411392v1_genomic.fna, 4368446, 4368446,1773.17637.fna_vs_GCF_004113925.1_ASM411392v1_genomic.fna_blast.xml,0,0,0,0,0,0,0,0,4368445,0,0,1,0,0,0,1773_subject_array_1739892802.bin
101299,1773,M0025803-9,1773.17499,10,https://ftp.ncbi.nlm.nih.gov/genomes/all/GCF/004/111/145/GCF_004111145.1_ASM411114v1,10,1773.17499.fna,GCF_004111145.1_ASM411114v1_genomic.fna, 4390187, 4390187,1773.17499.fna_vs_GCF_004111145.1_ASM411114v1_genomic.fna_blast.xml,0,0,0,0,0,0,0,0,4390187,0,0,0,0,0,0,1773_subject_array_1739892804.bin
101328,1773,M0026093-6,1773.17183,10,https://ftp.ncbi.nlm.nih.gov/genomes/all/GCF/004/104/775/GCF_004104775.1_ASM410477v1,10,1773.17183.fna,GCF_004104775.1_ASM410477v1_genomic.fna, 4420876, 4420876,1773.17183.fna_vs_GCF_004104775.1_ASM410477v1_genomic.fna_blast.xml,0,0,0,0,0,0,2,0,4420873,0,0,1,0,0,0,1773_subject_array_1739892806.bin
101945,1775432,sponge,1775432.3,10,https://ftp.ncbi.nlm.nih.gov/genomes/all/GCF/001/613/775/GCF_001613775.1_ASM161377v1,10,1775432.3.fna,GCF_001613775.1_ASM161377v1_genomic.fna, 3922503, 3922503,1775432.3.fna_vs_GCF_001613775.1_ASM161377v1_genomic.fna_blast.xml,0,0,0,0,0,0,0,0,3922503,0,0,0,0,0,0,1775432_subject_array_1739892807.bin
101965,1775911,JCM 32435,1775911.4,10,https://ftp.ncbi.nlm.nih.gov/genomes/all/GCF/021/568/315/GCF_021568315.1_ASM2156831v1,10,1775911.4.fna,GCF_021568315.1_ASM2156831v1_genomic.fna, 2460278, 2460278,1775911.4.fna_vs_GCF_021568315.1_ASM2156831v1_genomic.fna_blast.xml,0,0,0,0,0,0,0,0,2460278,0,0,0,0,0,0,1775911_subject_array_1739892808.bin
102227,1785988,LMG 30241,1785988.15,10,https://ftp.ncbi.nlm.nih.gov/genomes/all/GCF/948/234/755/GCF_948234755.1_LMG_30241,10,1785988.15.fna,GCF_948234755.1_LMG_30241_genomic.fna, 2018962, 2018962,1785988.15.fna_vs_GCF_948234755.1_LMG_30241_genomic.fna_blast.xml,0,0,0,0,0,0,0,0,2018962,0,0,0,0,0,0,1785988_subject_array_1739892809.bin
102409,1796635,AM07-26-1,1796635.40,10,https://ftp.ncbi.nlm.nih.gov/genomes/all/GCF/027/662/775/GCF_027662775.1_ASM2766277v1,10,1796635.40.fna,GCF_027662775.1_ASM2766277v1_genomic.fna, 3122586, 3122586,1796635.40.fna_vs_GCF_027662775.1_ASM2766277v1_genomic.fna_blast.xml,0,0,0,0,0,0,0,0,3122586,0,0,0,0,0,0,1796635_subject_array_1739892810.bin
102524,179995,NCTC12467,179995.4,10,https://ftp.ncbi.nlm.nih.gov/genomes/all/GCF/900/445/255/GCF_900445255.1_51485_H01,10,179995.4.fna,GCF_900445255.1_51485_H01_genomic.fna, 3005083, 3005083,179995.4.fna_vs_GCF_900445255.1_51485_H01_genomic.fna_blast.xml,0,0,0,0,0,0,0,0,3005082,0,0,1,0,0,0,179995_subject_array_1739892811.bin
103032,1811804,AIIW2,1811804.3,10,https://ftp.ncbi.nlm.nih.gov/genomes/all/GCF/009/932/115/GCF_009932115.1_ASM993211v1,10,1811804.3.fna,GCF_009932115.1_ASM993211v1_genomic.fna, 4415261, 4415261,1811804.3.fna_vs_GCF_009932115.1_ASM993211v1_genomic.fna_blast.xml,0,0,0,0,0,0,2,890,4414354,0,2,13,0,0,0,1811804_subject_array_1739892813.bin
103314,1812935,EB00175,1812935.514,10,https://ftp.ncbi.nlm.nih.gov/genomes/all/GCF/030/411/055/GCF_030411055.1_ASM3041105v1,10,1812935.514.fna,GCF_030411055.1_ASM3041105v1_genomic.fna, 4933414, 4933414,1812935.514.fna_vs_GCF_030411055.1_ASM3041105v1_genomic.fna_blast.xml,0,0,0,0,0,0,0,0,4933414,0,0,0,0,0,0,1812935_subject_array_1739892815.bin
103412,1812935,MGH239,1812935.99,10,https://ftp.ncbi.nlm.nih.gov/genomes/all/GCF/014/902/635/GCF_014902635.1_ASM1490263v1,10,1812935.99.fna,GCF_014902635.1_ASM1490263v1_genomic.fna, 5032598, 5032598,1812935.99.fna_vs_GCF_014902635.1_ASM1490263v1_genomic.fna_blast.xml,0,0,0,1,0,0,3,33601,4998972,0,6,13,2,0,0,1812935_subject_array_1739892817.bin
103595,1817405,DSM 29158,1817405.3,10,https://ftp.ncbi.nlm.nih.gov/genomes/all/GCF/003/815/035/GCF_003815035.1_ASM381503v1,10,1817405.3.fna,GCF_003815035.1_ASM381503v1_genomic.fna, 1796177, 1796177,1817405.3.fna_vs_GCF_003815035.1_ASM381503v1_genomic.fna_blast.xml,0,0,0,0,0,0,0,96,1796081,0,0,0,0,0,0,1817405_subject_array_1739892817.bin
104544,1855316,YR515,1855316.3,10,https://ftp.ncbi.nlm.nih.gov/genomes/all/GCF/900/113/095/GCF_900113095.1_IMG-taxon_2616644843_annotated_assembly,10,1855316.3.fna,GCF_900113095.1_IMG-taxon_2616644843_annotated_assembly_genomic.fna, 3831031, 3831031,1855316.3.fna_vs_GCF_900113095.1_IMG-taxon_2616644843_annotated_assembly_genomic.fna_blast.xml,0,0,0,0,0,0,0,410,3830618,0,0,3,0,0,0,1855316_subject_array_1739892819.bin
104592,1855655,es-MAR-4,1855655.3,10,https://ftp.ncbi.nlm.nih.gov/genomes/all/GCF/018/882/055/GCF_018882055.1_ASM1888205v1,10,1855655.3.fna,GCF_018882055.1_ASM1888205v1_genomic.fna, 1927216, 1927216,1855655.3.fna_vs_GCF_018882055.1_ASM1888205v1_genomic.fna_blast.xml,0,0,0,0,0,0,0,0,1927213,0,0,0,3,0,0,1855655_subject_array_1739892820.bin
104671,1857892,MP131-18,1857892.3,10,https://ftp.ncbi.nlm.nih.gov/genomes/all/GCF/001/984/575/GCF_001984575.1_ASM198457v1,10,1857892.3.fna,GCF_001984575.1_ASM198457v1_genomic.fna, 7956642, 7956642,1857892.3.fna_vs_GCF_001984575.1_ASM198457v1_genomic.fna_blast.xml,0,0,0,0,0,0,0,146463,7810116,0,0,14,49,0,0,1857892_subject_array_1739892822.bin
104701,185951,AS2.4,185951.5,10,https://ftp.ncbi.nlm.nih.gov/genomes/all/GCF/011/759/485/GCF_011759485.1_ASM1175948v1,10,185951.5.fna,GCF_011759485.1_ASM1175948v1_genomic.fna, 3995806, 3995806,185951.5.fna_vs_GCF_011759485.1_ASM1175948v1_genomic.fna_blast.xml,0,0,0,0,0,0,0,192,3995614,0,0,0,0,0,0,185951_subject_array_1739892824.bin
104805,1867,DSM 43866,1867.3,10,https://ftp.ncbi.nlm.nih.gov/genomes/all/GCF/007/829/915/GCF_007829915.1_ASM782991v1,10,1867.3.fna,GCF_007829915.1_ASM782991v1_genomic.fna, 8259686, 8259686,1867.3.fna_vs_GCF_007829915.1_ASM782991v1_genomic.fna_blast.xml,0,0,0,0,0,0,0,0,8259686,0,0,0,0,0,0,1867_subject_array_1739892827.bin
105100,1881043,GM95,1881043.3,10,https://ftp.ncbi.nlm.nih.gov/genomes/all/GCF/900/109/775/GCF_900109775.1_IMG-taxon_2690315633_annotated_assembly,10,1881043.3.fna,GCF_900109775.1_IMG-taxon_2690315633_annotated_assembly_genomic.fna, 4695108, 4695108,1881043.3.fna_vs_GCF_900109775.1_IMG-taxon_2690315633_annotated_assembly_genomic.fna_blast.xml,0,0,0,0,0,0,0,0,4695108,0,0,0,0,0,0,1881043_subject_array_1739892829.bin
105236,1885327,4-7,1885327.3,10,https://ftp.ncbi.nlm.nih.gov/genomes/all/GCF/014/332/665/GCF_014332665.1_ASM1433266v1,10,1885327.3.fna,GCF_014332665.1_ASM1433266v1_genomic.fna, 3728052, 3728052,1885327.3.fna_vs_GCF_014332665.1_ASM1433266v1_genomic.fna_blast.xml,0,0,0,0,0,0,0,99,3727953,0,0,0,0,0,0,1885327_subject_array_1739892830.bin
105352,1889241,JCM 31581,1889241.3,10,https://ftp.ncbi.nlm.nih.gov/genomes/all/GCF/003/950/325/GCF_003950325.1_ASM395032v1,10,1889241.3.fna,GCF_003950325.1_ASM395032v1_genomic.fna, 2096134, 2096134,1889241.3.fna_vs_GCF_003950325.1_ASM395032v1_genomic.fna_blast.xml,0,0,0,0,0,0,0,0,2096134,0,0,0,0,0,0,1889241_subject_array_1739892830.bin
105521,1890302,Bt18679,1890302.189,10,https://ftp.ncbi.nlm.nih.gov/genomes/all/GCF/022/810/705/GCF_022810705.1_ASM2281070v1,10,1890302.189.fna,GCF_022810705.1_ASM2281070v1_genomic.fna, 6000397, 6000397,1890302.189.fna_vs_GCF_022810705.1_ASM2281070v1_genomic.fna_blast.xml,0,0,0,0,0,0,1,0,6000396,0,0,0,0,0,0,1890302_subject_array_1739892833.bin
105595,1891914,OD_311844-09,1891914.15,10,https://ftp.ncbi.nlm.nih.gov/genomes/all/GCF/002/096/595/GCF_002096595.1_ASM209659v1,10,1891914.15.fna,GCF_002096595.1_ASM209659v1_genomic.fna, 1951174, 1951174,1891914.15.fna_vs_GCF_002096595.1_ASM209659v1_genomic.fna_blast.xml,0,0,0,0,0,0,3,75,1951083,0,0,9,4,0,0,1891914_subject_array_1739892834.bin
105596,1891914,OD_321121_09,1891914.14,10,https://ftp.ncbi.nlm.nih.gov/genomes/all/GCF/002/096/575/GCF_002096575.1_ASM209657v1,10,1891914.14.fna,GCF_002096575.1_ASM209657v1_genomic.fna, 2016848, 2016848,1891914.14.fna_vs_GCF_002096575.1_ASM209657v1_genomic.fna_blast.xml,0,0,0,0,0,0,2,0,2016825,0,2,19,0,0,0,1891914_subject_array_1739892834.bin
105773,1896201,UWB10,1896201.3,10,https://ftp.ncbi.nlm.nih.gov/genomes/all/GCF/900/182/935/GCF_900182935.1_IMG-taxon_2716884911_annotated_assembly,10,1896201.3.fna,GCF_900182935.1_IMG-taxon_2716884911_annotated_assembly_genomic.fna, 3479813, 3479813,1896201.3.fna_vs_GCF_900182935.1_IMG-taxon_2716884911_annotated_assembly_genomic.fna_blast.xml,0,0,0,0,0,0,0,0,3479813,0,0,0,0,0,0,1896201_subject_array_1739892835.bin
105776,1896204,UWB13,1896204.3,10,https://ftp.ncbi.nlm.nih.gov/genomes/all/GCF/900/177/805/GCF_900177805.1_IMG-taxon_2716885052_annotated_assembly,10,1896204.3.fna,GCF_900177805.1_IMG-taxon_2716885052_annotated_assembly_genomic.fna, 3804669, 3804669,1896204.3.fna_vs_GCF_900177805.1_IMG-taxon_2716885052_annotated_assembly_genomic.fna_blast.xml,0,0,0,0,0,0,7,0,3804646,0,5,11,0,0,0,1896204_subject_array_1739892837.bin
105898,190146,Actinotignum_urinale_CCUG46093T,190146.15,10,https://ftp.ncbi.nlm.nih.gov/genomes/all/GCF/034/119/365/GCF_034119365.1_ASM3411936v1,10,190146.15.fna,GCF_034119365.1_ASM3411936v1_genomic.fna, 1961123, 1961123,190146.15.fna_vs_GCF_034119365.1_ASM3411936v1_genomic.fna_blast.xml,0,0,0,0,0,0,0,0,1961123,0,0,0,0,0,0,190146_subject_array_1739892837.bin
106035,1905725,CJRS-10652,1905725.25,10,https://ftp.ncbi.nlm.nih.gov/genomes/all/GCF/029/223/385/GCF_029223385.1_ASM2922338v1,10,1905725.25.fna,GCF_029223385.1_ASM2922338v1_genomic.fna, 2479356, 2479356,1905725.25.fna_vs_GCF_029223385.1_ASM2922338v1_genomic.fna_blast.xml,0,0,0,0,0,0,0,0,2479356,0,0,0,0,0,0,1905725_subject_array_1739892838.bin
106037,1905725,CJRS-10654,1905725.28,10,https://ftp.ncbi.nlm.nih.gov/genomes/all/GCF/029/223/435/GCF_029223435.1_ASM2922343v1,10,1905725.28.fna,GCF_029223435.1_ASM2922343v1_genomic.fna, 2479731, 2479731,1905725.28.fna_vs_GCF_029223435.1_ASM2922343v1_genomic.fna_blast.xml,0,0,0,0,0,0,0,0,2479731,0,0,0,0,0,0,1905725_subject_array_1739892839.bin
106532,1917811,DSM 101684,1917811.4,10,https://ftp.ncbi.nlm.nih.gov/genomes/all/GCF/003/843/835/GCF_003843835.1_ASM384383v1,10,1917811.4.fna,GCF_003843835.1_ASM384383v1_genomic.fna, 2733067, 2733067,1917811.4.fna_vs_GCF_003843835.1_ASM384383v1_genomic.fna_blast.xml,0,0,0,0,0,0,0,191,2732876,0,0,0,0,0,0,1917811_subject_array_1739892840.bin
106665,1921764,VUL4_1,1921764.3,10,https://ftp.ncbi.nlm.nih.gov/genomes/all/GCF/001/907/245/GCF_001907245.1_ASM190724v1,10,1921764.3.fna,GCF_001907245.1_ASM190724v1_genomic.fna, 2027557, 2027557,1921764.3.fna_vs_GCF_001907245.1_ASM190724v1_genomic.fna_blast.xml,0,0,0,0,0,0,0,0,2027557,0,0,0,0,0,0,1921764_subject_array_1739892841.bin
106698,1923971,10B,1923971.3,10,https://ftp.ncbi.nlm.nih.gov/genomes/all/GCF/002/954/405/GCF_002954405.1_ASM295440v1,10,1923971.3.fna,GCF_002954405.1_ASM295440v1_genomic.fna, 4752427, 4752427,1923971.3.fna_vs_GCF_002954405.1_ASM295440v1_genomic.fna_blast.xml,0,0,0,0,0,0,0,985,4751442,0,0,0,0,0,0,1923971_subject_array_1739892843.bin
106928,1929088,CCUG 75668,1929088.4,10,https://ftp.ncbi.nlm.nih.gov/genomes/all/GCF/030/412/845/GCF_030412845.1_ASM3041284v1,10,1929088.4.fna,GCF_030412845.1_ASM3041284v1_genomic.fna, 3560942, 3560942,1929088.4.fna_vs_GCF_030412845.1_ASM3041284v1_genomic.fna_blast.xml,0,0,0,0,0,0,0,900,3560042,0,0,0,0,0,0,1929088_subject_array_1739892844.bin
107043,192955,08CEB6758SAL,192955.725,10,https://ftp.ncbi.nlm.nih.gov/genomes/all/GCF/943/066/495/GCF_943066495.1_08CEB6758SAL,10,192955.725.fna,GCF_943066495.1_08CEB6758SAL_genomic.fna, 4833709, 4833709,192955.725.fna_vs_GCF_943066495.1_08CEB6758SAL_genomic.fna_blast.xml,0,0,0,0,0,0,0,0,4833709,0,0,0,0,0,0,192955_subject_array_1739892846.bin
107534,1933879,GBSy1,1933879.3,10,https://ftp.ncbi.nlm.nih.gov/genomes/all/GCF/003/986/955/GCF_003986955.1_ASM398695v1,10,1933879.3.fna,GCF_003986955.1_ASM398695v1_genomic.fna, 2854851, 2854851,1933879.3.fna_vs_GCF_003986955.1_ASM398695v1_genomic.fna_blast.xml,0,0,0,0,0,0,0,0,2854851,0,0,0,0,0,0,1933879_subject_array_1739892847.bin
107710,1938861,TLI_55,1938861.3,10,https://ftp.ncbi.nlm.nih.gov/genomes/all/GCF/900/206/255/GCF_900206255.1_IMG-taxon_2739368069_annotated_assembly,10,1938861.3.fna,GCF_900206255.1_IMG-taxon_2739368069_annotated_assembly_genomic.fna, 10204079, 10204079,1938861.3.fna_vs_GCF_900206255.1_IMG-taxon_2739368069_annotated_assembly_genomic.fna_blast.xml,0,0,0,0,0,0,0,0,10204078,0,1,0,0,0,0,1938861_subject_array_1739892850.bin
107762,1940636,F4_S,1940636.14,10,https://ftp.ncbi.nlm.nih.gov/genomes/all/GCF/030/380/725/GCF_030380725.1_ASM3038072v1,10,1940636.14.fna,GCF_030380725.1_ASM3038072v1_genomic.fna, 5885726, 5885726,1940636.14.fna_vs_GCF_030380725.1_ASM3038072v1_genomic.fna_blast.xml,0,0,0,0,0,0,0,0,5885726,0,0,0,0,0,0,1940636_subject_array_1739892857.bin
108773,195,OXC6309,195.291,10,https://ftp.ncbi.nlm.nih.gov/genomes/all/GCF/001/226/885/GCF_001226885.1_7038_3_59,10,195.291.fna,GCF_001226885.1_7038_3_59_genomic.fna, 1643083, 1643083,195.291.fna_vs_GCF_001226885.1_7038_3_59_genomic.fna_blast.xml,0,0,0,0,0,0,0,0,1643083,0,0,0,0,0,0,195_subject_array_1739892858.bin
108776,195,OXC6338,195.284,10,https://ftp.ncbi.nlm.nih.gov/genomes/all/GCF/001/223/945/GCF_001223945.1_7038_3_88,10,195.284.fna,GCF_001223945.1_7038_3_88_genomic.fna, 1685733, 1685733,195.284.fna_vs_GCF_001223945.1_7038_3_88_genomic.fna_blast.xml,0,0,0,0,0,0,0,0,1685733,0,0,0,0,0,0,195_subject_array_1739892859.bin
109043,195105,OT1,195105.33,10,https://ftp.ncbi.nlm.nih.gov/genomes/all/GCF/004/328/555/GCF_004328555.1_ASM432855v1,10,195105.33.fna,GCF_004328555.1_ASM432855v1_genomic.fna, 4232912, 4232912,195105.33.fna_vs_GCF_004328555.1_ASM432855v1_genomic.fna_blast.xml,0,0,0,0,0,0,0,0,4232912,0,0,0,0,0,0,195105_subject_array_1739892860.bin
109298,1962118,1093,1962118.143,10,https://ftp.ncbi.nlm.nih.gov/genomes/all/GCF/900/134/655/GCF_900134655.1_12163_2_62,10,1962118.143.fna,GCF_900134655.1_12163_2_62_genomic.fna, 5023178, 5023178,1962118.143.fna_vs_GCF_900134655.1_12163_2_62_genomic.fna_blast.xml,0,0,0,0,0,0,0,5455,5017360,0,0,5,358,0,0,1962118_subject_array_1739892862.bin
109303,1962118,1117,1962118.94,10,https://ftp.ncbi.nlm.nih.gov/genomes/all/GCF/900/132/635/GCF_900132635.1_12163_2_77,10,1962118.94.fna,GCF_900132635.1_12163_2_77_genomic.fna, 5022829, 5022829,1962118.94.fna_vs_GCF_900132635.1_12163_2_77_genomic.fna_blast.xml,0,0,0,0,0,0,2,5086,5017734,0,2,5,0,0,0,1962118_subject_array_1739892863.bin
109322,1962118,1168_13,1962118.221,10,https://ftp.ncbi.nlm.nih.gov/genomes/all/GCF/900/138/405/GCF_900138405.1_11893_7_54,10,1962118.221.fna,GCF_900138405.1_11893_7_54_genomic.fna, 5159769, 5159769,1962118.221.fna_vs_GCF_900138405.1_11893_7_54_genomic.fna_blast.xml,0,0,0,0,0,0,0,6931,5152833,0,0,3,2,0,0,1962118_subject_array_1739892865.bin
109380,1962118,203,1962118.32,10,https://ftp.ncbi.nlm.nih.gov/genomes/all/GCF/900/130/825/GCF_900130825.1_10665_3_33,10,1962118.32.fna,GCF_900130825.1_10665_3_33_genomic.fna, 5211915, 5211915,1962118.32.fna_vs_GCF_900130825.1_10665_3_33_genomic.fna_blast.xml,0,0,0,0,0,0,2,0,5211902,0,3,8,0,0,0,1962118_subject_array_1739892867.bin
109384,1962118,208,1962118.34,10,https://ftp.ncbi.nlm.nih.gov/genomes/all/GCF/900/130/855/GCF_900130855.1_10665_3_38,10,1962118.34.fna,GCF_900130855.1_10665_3_38_genomic.fna, 5211880, 5211880,1962118.34.fna_vs_GCF_900130855.1_10665_3_38_genomic.fna_blast.xml,0,0,0,0,0,0,0,42,5211838,0,0,0,0,0,0,1962118_subject_array_1739892869.bin
109388,1962118,220,1962118.40,10,https://ftp.ncbi.nlm.nih.gov/genomes/all/GCF/900/131/065/GCF_900131065.1_10665_3_50,10,1962118.40.fna,GCF_900131065.1_10665_3_50_genomic.fna, 4829370, 4829370,1962118.40.fna_vs_GCF_900131065.1_10665_3_50_genomic.fna_blast.xml,0,0,0,0,0,0,1,0,4829369,0,0,0,0,0,0,1962118_subject_array_1739892870.bin
109392,1962118,241,1962118.44,10,https://ftp.ncbi.nlm.nih.gov/genomes/all/GCF/900/131/265/GCF_900131265.1_10665_3_71,10,1962118.44.fna,GCF_900131265.1_10665_3_71_genomic.fna, 5024935, 5024935,1962118.44.fna_vs_GCF_900131265.1_10665_3_71_genomic.fna_blast.xml,0,0,0,0,0,0,1,0,5024932,0,2,0,0,0,0,1962118_subject_array_1739892872.bin
109396,1962118,249,1962118.47,10,https://ftp.ncbi.nlm.nih.gov/genomes/all/GCF/900/131/325/GCF_900131325.1_10665_3_79,10,1962118.47.fna,GCF_900131325.1_10665_3_79_genomic.fna, 5211510, 5211510,1962118.47.fna_vs_GCF_900131325.1_10665_3_79_genomic.fna_blast.xml,0,0,0,0,0,0,1,0,5211508,0,0,1,0,0,0,1962118_subject_array_1739892874.bin
109413,1962118,292,1962118.68,10,https://ftp.ncbi.nlm.nih.gov/genomes/all/GCF/900/131/905/GCF_900131905.1_10665_4_37,10,1962118.68.fna,GCF_900131905.1_10665_4_37_genomic.fna, 4858068, 4858068,1962118.68.fna_vs_GCF_900131905.1_10665_4_37_genomic.fna_blast.xml,0,0,0,0,0,0,0,0,4858067,0,0,1,0,0,0,1962118_subject_array_1739892875.bin
109420,1962118,308,1962118.76,10,https://ftp.ncbi.nlm.nih.gov/genomes/all/GCF/900/132/085/GCF_900132085.1_10665_4_53,10,1962118.76.fna,GCF_900132085.1_10665_4_53_genomic.fna, 5138885, 5138885,1962118.76.fna_vs_GCF_900132085.1_10665_4_53_genomic.fna_blast.xml,0,0,0,0,0,0,0,42,5138843,0,0,0,0,0,0,1962118_subject_array_1739892877.bin
109473,1962118,609,1962118.261,10,https://ftp.ncbi.nlm.nih.gov/genomes/all/GCF/900/139/095/GCF_900139095.1_10465_1_53,10,1962118.261.fna,GCF_900139095.1_10465_1_53_genomic.fna, 4907886, 4907886,1962118.261.fna_vs_GCF_900139095.1_10465_1_53_genomic.fna_blast.xml,0,0,0,0,0,0,0,0,4907875,0,0,11,0,0,0,1962118_subject_array_1739892879.bin
109516,1962118,825,1962118.153,10,https://ftp.ncbi.nlm.nih.gov/genomes/all/GCF/900/135/735/GCF_900135735.1_11861_7_85,10,1962118.153.fna,GCF_900135735.1_11861_7_85_genomic.fna, 4825565, 4825565,1962118.153.fna_vs_GCF_900135735.1_11861_7_85_genomic.fna_blast.xml,0,0,0,0,0,0,3,5388,4820147,0,4,10,13,0,0,1962118_subject_array_1739892880.bin
109518,1962118,837,1962118.52,10,https://ftp.ncbi.nlm.nih.gov/genomes/all/GCF/900/131/515/GCF_900131515.1_11893_6_4,10,1962118.52.fna,GCF_900131515.1_11893_6_4_genomic.fna, 4725849, 4725849,1962118.52.fna_vs_GCF_900131515.1_11893_6_4_genomic.fna_blast.xml,0,0,0,0,0,0,0,5363,4720479,0,0,0,7,0,0,1962118_subject_array_1739892882.bin
109521,1962118,84,1962118.181,10,https://ftp.ncbi.nlm.nih.gov/genomes/all/GCF/900/136/635/GCF_900136635.1_10625_4_84,10,1962118.181.fna,GCF_900136635.1_10625_4_84_genomic.fna, 4874584, 4874584,1962118.181.fna_vs_GCF_900136635.1_10625_4_84_genomic.fna_blast.xml,0,0,0,5,0,0,20,0,4874302,0,23,234,0,0,0,1962118_subject_array_1739892884.bin
109522,1962118,840,1962118.87,10,https://ftp.ncbi.nlm.nih.gov/genomes/all/GCF/900/132/275/GCF_900132275.1_11893_6_7,10,1962118.87.fna,GCF_900132275.1_11893_6_7_genomic.fna, 4722499, 4722499,1962118.87.fna_vs_GCF_900132275.1_11893_6_7_genomic.fna_blast.xml,0,0,0,0,0,0,0,4349,4718145,0,0,0,5,0,0,1962118_subject_array_1739892885.bin
109525,1962118,856,1962118.156,10,https://ftp.ncbi.nlm.nih.gov/genomes/all/GCF/900/135/835/GCF_900135835.1_11893_6_22,10,1962118.156.fna,GCF_900135835.1_11893_6_22_genomic.fna, 4820509, 4820509,1962118.156.fna_vs_GCF_900135835.1_11893_6_22_genomic.fna_blast.xml,0,0,0,0,0,0,0,4928,4815553,0,0,4,24,0,0,1962118_subject_array_1739892887.bin
109541,1962118,883,1962118.54,10,https://ftp.ncbi.nlm.nih.gov/genomes/all/GCF/900/131/535/GCF_900131535.1_11893_6_45,10,1962118.54.fna,GCF_900131535.1_11893_6_45_genomic.fna, 4845994, 4845994,1962118.54.fna_vs_GCF_900131535.1_11893_6_45_genomic.fna_blast.xml,0,0,1,0,0,0,0,4022,4841932,0,0,5,34,0,0,1962118_subject_array_1739892889.bin
109543,1962118,885,1962118.105,10,https://ftp.ncbi.nlm.nih.gov/genomes/all/GCF/900/133/025/GCF_900133025.1_11893_6_47,10,1962118.105.fna,GCF_900133025.1_11893_6_47_genomic.fna, 4846306, 4846306,1962118.105.fna_vs_GCF_900133025.1_11893_6_47_genomic.fna_blast.xml,0,0,0,0,0,0,1,4067,4842226,0,1,4,7,0,0,1962118_subject_array_1739892890.bin
109553,1962118,93,1962118.270,10,https://ftp.ncbi.nlm.nih.gov/genomes/all/GCF/900/139/645/GCF_900139645.1_10625_5_8,10,1962118.270.fna,GCF_900139645.1_10625_5_8_genomic.fna, 5128042, 5128042,1962118.270.fna_vs_GCF_900139645.1_10625_5_8_genomic.fna_blast.xml,0,0,0,0,0,0,0,0,5128040,0,0,2,0,0,0,1962118_subject_array_1739892892.bin
109713,1964382,Marseille-P3545,1964382.3,10,https://ftp.ncbi.nlm.nih.gov/genomes/all/GCF/902/143/515/GCF_902143515.1_P3545,10,1964382.3.fna,GCF_902143515.1_P3545_genomic.fna, 3058214, 3058214,1964382.3.fna_vs_GCF_902143515.1_P3545_genomic.fna_blast.xml,0,0,0,0,0,0,0,0,3058214,0,0,0,0,0,0,1964382_subject_array_1739892893.bin
109909,1968889,CECT 9732,1968889.3,10,https://ftp.ncbi.nlm.nih.gov/genomes/all/GCF/004/353/325/GCF_004353325.1_ASM435332v1,10,1968889.3.fna,GCF_004353325.1_ASM435332v1_genomic.fna, 1922750, 1922750,1968889.3.fna_vs_GCF_004353325.1_ASM435332v1_genomic.fna_blast.xml,0,0,0,0,0,0,0,2147,1920603,0,0,0,0,0,0,1968889_subject_array_1739892894.bin
110992,197,CW01-0290,197.23314,10,https://ftp.ncbi.nlm.nih.gov/genomes/all/GCF/023/503/125/GCF_023503125.1_ASM2350312v1,10,197.23314.fna,GCF_023503125.1_ASM2350312v1_genomic.fna, 1562341, 1562341,197.23314.fna_vs_GCF_023503125.1_ASM2350312v1_genomic.fna_blast.xml,0,0,0,0,0,0,0,0,1562341,0,0,0,0,0,0,197_subject_array_1739892894.bin
111383,197,OXC6316,197.5043,10,https://ftp.ncbi.nlm.nih.gov/genomes/all/GCF/001/234/565/GCF_001234565.1_7038_3_66,10,197.5043.fna,GCF_001234565.1_7038_3_66_genomic.fna, 1708669, 1708669,197.5043.fna_vs_GCF_001234565.1_7038_3_66_genomic.fna_blast.xml,0,0,0,0,0,0,0,0,1708669,0,0,0,0,0,0,197_subject_array_1739892895.bin
111462,197,OXC6409,197.4992,10,https://ftp.ncbi.nlm.nih.gov/genomes/all/GCF/001/232/425/GCF_001232425.1_7065_7_61,10,197.4992.fna,GCF_001232425.1_7065_7_61_genomic.fna, 1585139, 1585139,197.4992.fna_vs_GCF_001232425.1_7065_7_61_genomic.fna_blast.xml,0,0,0,0,0,0,0,0,1585139,0,0,0,0,0,0,197_subject_array_1739892895.bin
111515,197,OXC6480,197.5063,10,https://ftp.ncbi.nlm.nih.gov/genomes/all/GCF/001/235/625/GCF_001235625.1_7092_1_33,10,197.5063.fna,GCF_001235625.1_7092_1_33_genomic.fna, 1570722, 1570722,197.5063.fna_vs_GCF_001235625.1_7092_1_33_genomic.fna_blast.xml,0,0,0,0,0,0,0,0,1570722,0,0,0,0,0,0,197_subject_array_1739892896.bin
111525,197,OXC6490,197.4927,10,https://ftp.ncbi.nlm.nih.gov/genomes/all/GCF/001/229/365/GCF_001229365.1_7092_1_43,10,197.4927.fna,GCF_001229365.1_7092_1_43_genomic.fna, 1740096, 1740096,197.4927.fna_vs_GCF_001229365.1_7092_1_43_genomic.fna_blast.xml,0,0,0,0,0,0,0,0,1740096,0,0,0,0,0,0,197_subject_array_1739892896.bin
111616,197,OXC6592,197.5012,10,https://ftp.ncbi.nlm.nih.gov/genomes/all/GCF/001/233/105/GCF_001233105.1_7213_3_49,10,197.5012.fna,GCF_001233105.1_7213_3_49_genomic.fna, 1649795, 1649795,197.5012.fna_vs_GCF_001233105.1_7213_3_49_genomic.fna_blast.xml,0,0,0,0,0,0,0,0,1649795,0,0,0,0,0,0,197_subject_array_1739892897.bin
112482,1970738,M1-2G,1970738.8,10,https://ftp.ncbi.nlm.nih.gov/genomes/all/GCF/001/690/775/GCF_001690775.1_ASM169077v1,10,1970738.8.fna,GCF_001690775.1_ASM169077v1_genomic.fna, 2388823, 2388823,1970738.8.fna_vs_GCF_001690775.1_ASM169077v1_genomic.fna_blast.xml,0,0,0,0,0,0,0,0,2388823,0,0,0,0,0,0,1970738_subject_array_1739892898.bin
112535,1973155,DNF01162,1973155.3,10,https://ftp.ncbi.nlm.nih.gov/genomes/all/GCF/002/894/125/GCF_002894125.1_ASM289412v1,10,1973155.3.fna,GCF_002894125.1_ASM289412v1_genomic.fna, 1693779, 1693779,1973155.3.fna_vs_GCF_002894125.1_ASM289412v1_genomic.fna_blast.xml,0,0,0,0,0,0,0,0,1693779,0,0,0,0,0,0,1973155_subject_array_1739892899.bin
112653,1977912,CGMCC 1.15928,1977912.17,10,https://ftp.ncbi.nlm.nih.gov/genomes/all/GCF/014/644/035/GCF_014644035.1_ASM1464403v1,10,1977912.17.fna,GCF_014644035.1_ASM1464403v1_genomic.fna, 3433422, 3433422,1977912.17.fna_vs_GCF_014644035.1_ASM1464403v1_genomic.fna_blast.xml,0,0,0,0,0,0,0,0,3433422,0,0,0,0,0,0,1977912_subject_array_1739892900.bin
112939,198618,KD5,198618.16,10,https://ftp.ncbi.nlm.nih.gov/genomes/all/GCF/014/190/825/GCF_014190825.1_ASM1419082v1,10,198618.16.fna,GCF_014190825.1_ASM1419082v1_genomic.fna, 6501538, 6501538,198618.16.fna_vs_GCF_014190825.1_ASM1419082v1_genomic.fna_blast.xml,0,0,0,0,0,0,0,0,6501538,0,0,0,0,0,0,198618_subject_array_1739892903.bin
113124,199,H27O-S1,199.876,10,https://ftp.ncbi.nlm.nih.gov/genomes/all/GCF/003/048/905/GCF_003048905.1_ASM304890v1,10,199.876.fna,GCF_003048905.1_ASM304890v1_genomic.fna, 1884219, 1884219,199.876.fna_vs_GCF_003048905.1_ASM304890v1_genomic.fna_blast.xml,0,0,0,0,0,0,0,0,1884219,0,0,0,0,0,0,199_subject_array_1739892904.bin
113163,199,P28CDO-S1,199.900,10,https://ftp.ncbi.nlm.nih.gov/genomes/all/GCF/003/048/405/GCF_003048405.1_ASM304840v1,10,199.900.fna,GCF_003048405.1_ASM304840v1_genomic.fna, 1964632, 1964632,199.900.fna_vs_GCF_003048405.1_ASM304840v1_genomic.fna_blast.xml,0,0,0,0,0,0,0,0,1964632,0,0,0,0,0,0,199_subject_array_1739892905.bin
113420,2007306,FSC1326,2007306.10,10,https://ftp.ncbi.nlm.nih.gov/genomes/all/GCF/016/604/725/GCF_016604725.1_ASM1660472v1,10,2007306.10.fna,GCF_016604725.1_ASM1660472v1_genomic.fna, 2062931, 2062931,2007306.10.fna_vs_GCF_016604725.1_ASM1660472v1_genomic.fna_blast.xml,0,0,0,0,0,0,0,0,2062931,0,0,0,0,0,0,2007306_subject_array_1739892905.bin
113538,2010998,VAUSW3,2010998.3,10,https://ftp.ncbi.nlm.nih.gov/genomes/all/GCF/002/205/795/GCF_002205795.1_ASM220579v1,10,2010998.3.fna,GCF_002205795.1_ASM220579v1_genomic.fna, 2633125, 2633125,2010998.3.fna_vs_GCF_002205795.1_ASM220579v1_genomic.fna_blast.xml,0,0,0,0,0,0,0,0,2633125,0,0,0,0,0,0,2010998_subject_array_1739892906.bin
113853,2023178,201800276,2023178.10,10,https://ftp.ncbi.nlm.nih.gov/genomes/all/GCF/004/769/485/GCF_004769485.1_ASM476948v1,10,2023178.10.fna,GCF_004769485.1_ASM476948v1_genomic.fna, 3959429, 3959429,2023178.10.fna_vs_GCF_004769485.1_ASM476948v1_genomic.fna_blast.xml,0,0,0,0,0,0,0,0,3959429,0,0,0,0,0,0,2023178_subject_array_1739892907.bin
113945,2024406,JB193,2024406.3,10,https://ftp.ncbi.nlm.nih.gov/genomes/all/GCF/002/285/555/GCF_002285555.1_ASM228555v1,10,2024406.3.fna,GCF_002285555.1_ASM228555v1_genomic.fna, 3476598, 3476598,2024406.3.fna_vs_GCF_002285555.1_ASM228555v1_genomic.fna_blast.xml,0,0,0,0,0,0,0,0,3476598,0,0,0,0,0,0,2024406_subject_array_1739892909.bin
114238,2026186,Sample4,2026186.364,10,https://ftp.ncbi.nlm.nih.gov/genomes/all/GCF/036/851/755/GCF_036851755.1_ASM3685175v1,10,2026186.364.fna,GCF_036851755.1_ASM3685175v1_genomic.fna, 5740850, 5740850,2026186.364.fna_vs_GCF_036851755.1_ASM3685175v1_genomic.fna_blast.xml,0,0,0,0,0,0,0,0,5740850,0,0,0,0,0,0,2026186_subject_array_1739892911.bin
114424,2026190,Sample27,2026190.67,10,https://ftp.ncbi.nlm.nih.gov/genomes/all/GCF/036/851/595/GCF_036851595.1_ASM3685159v1,10,2026190.67.fna,GCF_036851595.1_ASM3685159v1_genomic.fna, 5905637, 5905637,2026190.67.fna_vs_GCF_036851595.1_ASM3685159v1_genomic.fna_blast.xml,0,0,0,0,0,0,0,0,5905637,0,0,0,0,0,0,2026190_subject_array_1739892913.bin
114561,2027458,S13054-11,2027458.3,10,https://ftp.ncbi.nlm.nih.gov/genomes/all/GCF/002/959/795/GCF_002959795.1_ASM295979v1,10,2027458.3.fna,GCF_002959795.1_ASM295979v1_genomic.fna, 2086734, 2086734,2027458.3.fna_vs_GCF_002959795.1_ASM295979v1_genomic.fna_blast.xml,0,0,0,0,0,0,0,0,2086734,0,0,0,0,0,0,2027458_subject_array_1739892914.bin
114989,2039878,WMMA1996,2039878.3,10,https://ftp.ncbi.nlm.nih.gov/genomes/all/GCF/002/573/675/GCF_002573675.1_ASM257367v1,10,2039878.3.fna,GCF_002573675.1_ASM257367v1_genomic.fna, 6444826, 6444826,2039878.3.fna_vs_GCF_002573675.1_ASM257367v1_genomic.fna_blast.xml,0,0,0,0,0,0,0,0,6444826,0,0,0,0,0,0,2039878_subject_array_1739892916.bin
115140,2041842,NSJ-65,2041842.7,10,https://ftp.ncbi.nlm.nih.gov/genomes/all/GCF/014/269/355/GCF_014269355.1_ASM1426935v1,10,2041842.7.fna,GCF_014269355.1_ASM1426935v1_genomic.fna, 2974073, 2974073,2041842.7.fna_vs_GCF_014269355.1_ASM1426935v1_genomic.fna_blast.xml,0,0,0,0,0,0,0,0,2974073,0,0,0,0,0,0,2041842_subject_array_1739892918.bin
115514,2051,2,2051.53,10,https://ftp.ncbi.nlm.nih.gov/genomes/all/GCF/012/976/795/GCF_012976795.1_ASM1297679v1,10,2051.53.fna,GCF_012976795.1_ASM1297679v1_genomic.fna, 2142916, 2142916,2051.53.fna_vs_GCF_012976795.1_ASM1297679v1_genomic.fna_blast.xml,0,0,0,0,0,0,0,0,2142916,0,0,0,0,0,0,2051_subject_array_1739892918.bin
115622,2053477,MU1416,2053477.3,10,https://ftp.ncbi.nlm.nih.gov/genomes/all/GCF/019/324/835/GCF_019324835.1_ASM1932483v1,10,2053477.3.fna,GCF_019324835.1_ASM1932483v1_genomic.fna, 1671599, 1671599,2053477.3.fna_vs_GCF_019324835.1_ASM1932483v1_genomic.fna_blast.xml,0,0,0,0,0,0,0,0,1671599,0,0,0,0,0,0,2053477_subject_array_1739892919.bin
115816,2058152,2022CK-00781,2058152.244,10,https://ftp.ncbi.nlm.nih.gov/genomes/all/GCF/028/622/675/GCF_028622675.1_ASM2862267v1,10,2058152.244.fna,GCF_028622675.1_ASM2862267v1_genomic.fna, 6703735, 6703735,2058152.244.fna_vs_GCF_028622675.1_ASM2862267v1_genomic.fna_blast.xml,0,0,0,0,0,0,0,0,6703735,0,0,0,0,0,0,2058152_subject_array_1739892921.bin
115865,2058152,CPO045,2058152.266,10,https://ftp.ncbi.nlm.nih.gov/genomes/all/GCF/030/187/295/GCF_030187295.2_NA,10,2058152.266.fna,GCF_030187295.2_NA_genomic.fna, 6322418, 6322418,2058152.266.fna_vs_GCF_030187295.2_NA_genomic.fna_blast.xml,0,0,0,0,0,0,0,0,6320838,0,0,0,1580,0,0,2058152_subject_array_1739892923.bin
115919,2058152,RHBSTW-00555,2058152.28,10,https://ftp.ncbi.nlm.nih.gov/genomes/all/GCF/013/608/545/GCF_013608545.1_ASM1360854v1,10,2058152.28.fna,GCF_013608545.1_ASM1360854v1_genomic.fna, 6430391, 6430391,2058152.28.fna_vs_GCF_013608545.1_ASM1360854v1_genomic.fna_blast.xml,0,0,0,0,0,0,0,0,6430391,0,0,0,0,0,0,2058152_subject_array_1739892926.bin
116626,2080751,Marseille-P4344,2080751.3,10,https://ftp.ncbi.nlm.nih.gov/genomes/all/GCF/900/290/265/GCF_900290265.1_PRJEB24600,10,2080751.3.fna,GCF_900290265.1_PRJEB24600_genomic.fna, 3738409, 3738409,2080751.3.fna_vs_GCF_900290265.1_PRJEB24600_genomic.fna_blast.xml,0,0,0,0,0,0,12,0,3738322,0,37,38,0,0,0,2080751_subject_array_1739892927.bin
116958,208224,SCLZS19,208224.404,10,https://ftp.ncbi.nlm.nih.gov/genomes/all/GCF/026/240/695/GCF_026240695.1_ASM2624069v1,10,208224.404.fna,GCF_026240695.1_ASM2624069v1_genomic.fna, 5574492, 5574492,208224.404.fna_vs_GCF_026240695.1_ASM2624069v1_genomic.fna_blast.xml,0,0,0,0,0,0,0,0,5574492,0,0,0,0,0,0,208224_subject_array_1739892930.bin
116965,208224,STN0717-53,208224.148,10,https://ftp.ncbi.nlm.nih.gov/genomes/all/GCF/015/137/465/GCF_015137465.1_ASM1513746v1,10,208224.148.fna,GCF_015137465.1_ASM1513746v1_genomic.fna, 5400778, 5400778,208224.148.fna_vs_GCF_015137465.1_ASM1513746v1_genomic.fna_blast.xml,0,0,0,0,0,0,0,0,5400778,0,0,0,0,0,0,208224_subject_array_1739892932.bin
117024,2083279,JCM 31803,2083279.4,10,https://ftp.ncbi.nlm.nih.gov/genomes/all/GCF/026/343/945/GCF_026343945.1_ASM2634394v1,10,2083279.4.fna,GCF_026343945.1_ASM2634394v1_genomic.fna, 5259198, 5259198,2083279.4.fna_vs_GCF_026343945.1_ASM2634394v1_genomic.fna_blast.xml,0,0,0,0,0,0,0,0,5259198,0,0,0,0,0,0,2083279_subject_array_1739892934.bin
117269,208962,MBT-EA1,208962.69,10,https://ftp.ncbi.nlm.nih.gov/genomes/all/GCF/002/937/375/GCF_002937375.1_ASM293737v1,10,208962.69.fna,GCF_002937375.1_ASM293737v1_genomic.fna, 4768666, 4768666,208962.69.fna_vs_GCF_002937375.1_ASM293737v1_genomic.fna_blast.xml,0,0,0,0,0,0,0,0,4768665,0,0,0,1,0,0,208962_subject_array_1739892936.bin
117497,2098,MH13-7,2098.87,10,https://ftp.ncbi.nlm.nih.gov/genomes/all/GCF/016/809/535/GCF_016809535.1_ASM1680953v1,10,2098.87.fna,GCF_016809535.1_ASM1680953v1_genomic.fna,  714477,  714477,2098.87.fna_vs_GCF_016809535.1_ASM1680953v1_genomic.fna_blast.xml,0,0,0,0,0,0,0,0,714477,0,0,0,0,0,0,2098_subject_array_1739892936.bin
117518,2098,ah3-28,2098.91,10,https://ftp.ncbi.nlm.nih.gov/genomes/all/GCF/016/809/585/GCF_016809585.1_ASM1680958v1,10,2098.91.fna,GCF_016809585.1_ASM1680958v1_genomic.fna,  702742,  702742,2098.91.fna_vs_GCF_016809585.1_ASM1680958v1_genomic.fna_blast.xml,0,0,0,0,0,0,0,0,702742,0,0,0,0,0,0,2098_subject_array_1739892936.bin
119760,2104,Mympn_4802,2104.110,10,https://ftp.ncbi.nlm.nih.gov/genomes/all/GCF/001/296/615/GCF_001296615.1_ASM129661v1,10,2104.110.fna,GCF_001296615.1_ASM129661v1_genomic.fna,  820773,  820773,2104.110.fna_vs_GCF_001296615.1_ASM129661v1_genomic.fna_blast.xml,0,0,0,0,0,0,0,503,820269,0,0,0,1,0,0,2104_subject_array_1739892936.bin
119848,2107999,J1101004_170508_E2,2107999.165,10,https://ftp.ncbi.nlm.nih.gov/genomes/all/GCF/015/552/765/GCF_015552765.1_ASM1555276v1,10,2107999.165.fna,GCF_015552765.1_ASM1555276v1_genomic.fna, 1915179, 1915179,2107999.165.fna_vs_GCF_015552765.1_ASM1555276v1_genomic.fna_blast.xml,0,0,0,0,0,0,0,515,1914642,0,0,22,0,0,0,2107999_subject_array_1739892937.bin
119875,2107999,UMB4898,2107999.146,10,https://ftp.ncbi.nlm.nih.gov/genomes/all/GCF/033/804/165/GCF_033804165.1_ASM3380416v1,10,2107999.146.fna,GCF_033804165.1_ASM3380416v1_genomic.fna, 1975692, 1975692,2107999.146.fna_vs_GCF_033804165.1_ASM3380416v1_genomic.fna_blast.xml,0,0,0,0,0,0,0,0,1975692,0,0,0,0,0,0,2107999_subject_array_1739892938.bin
120375,2136182,WCHAc060092,2136182.11,10,https://ftp.ncbi.nlm.nih.gov/genomes/all/GCF/003/024/525/GCF_003024525.3_ASM302452v3,10,2136182.11.fna,GCF_003024525.3_ASM302452v3_genomic.fna, 3710871, 3710871,2136182.11.fna_vs_GCF_003024525.3_ASM302452v3_genomic.fna_blast.xml,0,0,0,0,0,0,0,0,3710871,0,0,0,0,0,0,2136182_subject_array_1739892939.bin
120482,214856,CE91-St16,214856.2355,10,https://ftp.ncbi.nlm.nih.gov/genomes/all/GCF/022/835/515/GCF_022835515.1_ASM2283551v1,10,214856.2355.fna,GCF_022835515.1_ASM2283551v1_genomic.fna, 4115064, 4115064,214856.2355.fna_vs_GCF_022835515.1_ASM2283551v1_genomic.fna_blast.xml,0,0,0,0,0,0,0,0,4115064,0,0,0,0,0,0,214856_subject_array_1739892941.bin
121361,2183997,AG363,2183997.3,10,https://ftp.ncbi.nlm.nih.gov/genomes/all/GCF/003/610/675/GCF_003610675.1_ASM361067v1,10,2183997.3.fna,GCF_003610675.1_ASM361067v1_genomic.fna, 5326708, 5326708,2183997.3.fna_vs_GCF_003610675.1_ASM361067v1_genomic.fna_blast.xml,0,0,0,0,0,0,0,1086,5325622,0,0,0,0,0,0,2183997_subject_array_1739892942.bin
121435,218673,DSM 109990,218673.19,10,https://ftp.ncbi.nlm.nih.gov/genomes/all/GCF/022/788/735/GCF_022788735.1_ASM2278873v1,10,218673.19.fna,GCF_022788735.1_ASM2278873v1_genomic.fna, 4165312, 4165312,218673.19.fna_vs_GCF_022788735.1_ASM2278873v1_genomic.fna_blast.xml,0,0,0,0,0,0,0,0,4165312,0,0,0,0,0,0,218673_subject_array_1739892944.bin
121483,2201170,8A6,2201170.3,10,https://ftp.ncbi.nlm.nih.gov/genomes/all/GCF/013/387/555/GCF_013387555.1_ASM1338755v1,10,2201170.3.fna,GCF_013387555.1_ASM1338755v1_genomic.fna, 3729788, 3729788,2201170.3.fna_vs_GCF_013387555.1_ASM1338755v1_genomic.fna_blast.xml,0,0,0,0,0,0,0,0,3729787,0,0,1,0,0,0,2201170_subject_array_1739892945.bin
121530,2202653,SW127,2202653.3,10,https://ftp.ncbi.nlm.nih.gov/genomes/all/GCF/003/259/185/GCF_003259185.1_ASM325918v1,10,2202653.3.fna,GCF_003259185.1_ASM325918v1_genomic.fna, 3445459, 3445459,2202653.3.fna_vs_GCF_003259185.1_ASM325918v1_genomic.fna_blast.xml,0,0,0,0,0,0,0,0,3445459,0,0,0,0,0,0,2202653_subject_array_1739892946.bin
121632,220753,KCTC 3788,220753.4,10,https://ftp.ncbi.nlm.nih.gov/genomes/all/GCF/013/694/105/GCF_013694105.1_ASM1369410v1,10,220753.4.fna,GCF_013694105.1_ASM1369410v1_genomic.fna, 3733293, 3733293,220753.4.fna_vs_GCF_013694105.1_ASM1369410v1_genomic.fna_blast.xml,0,0,0,0,0,0,0,257,3733036,0,0,0,0,0,0,220753_subject_array_1739892948.bin
121790,221822,P66,221822.19,10,https://ftp.ncbi.nlm.nih.gov/genomes/all/GCF/002/892/065/GCF_002892065.1_ASM289206v1,10,221822.19.fna,GCF_002892065.1_ASM289206v1_genomic.fna, 4777546, 4777546,221822.19.fna_vs_GCF_002892065.1_ASM289206v1_genomic.fna_blast.xml,0,0,0,0,0,0,0,0,4777546,0,0,0,0,0,0,221822_subject_array_1739892949.bin
121797,221822,P88,221822.20,10,https://ftp.ncbi.nlm.nih.gov/genomes/all/GCF/002/892/085/GCF_002892085.1_ASM289208v1,10,221822.20.fna,GCF_002892085.1_ASM289208v1_genomic.fna, 4844543, 4844543,221822.20.fna_vs_GCF_002892085.1_ASM289208v1_genomic.fna_blast.xml,0,0,0,0,0,0,0,0,4844543,0,0,0,0,0,0,221822_subject_array_1739892951.bin
121953,2233776,CM134L-2,2233776.3,10,https://ftp.ncbi.nlm.nih.gov/genomes/all/GCF/003/313/385/GCF_003313385.1_ASM331338v1,10,2233776.3.fna,GCF_003313385.1_ASM331338v1_genomic.fna, 5054063, 5054063,2233776.3.fna_vs_GCF_003313385.1_ASM331338v1_genomic.fna_blast.xml,0,0,0,0,0,0,0,1843,5052215,0,0,5,0,0,0,2233776_subject_array_1739892953.bin
122065,224999,JL,224999.3,10,https://ftp.ncbi.nlm.nih.gov/genomes/all/GCF/001/485/475/GCF_001485475.2_ASM148547v2,10,224999.3.fna,GCF_001485475.2_ASM148547v2_genomic.fna, 2427900, 2427925,224999.3.fna_vs_GCF_001485475.2_ASM148547v2_genomic.fna_blast.xml,0,0,0,0,0,0,0,22,2427903,0,0,0,0,0,0,224999_subject_array_1739892954.bin
122337,2282419,BG1-1,2282419.13,10,https://ftp.ncbi.nlm.nih.gov/genomes/all/GCF/033/597/855/GCF_033597855.1_ASM3359785v1,10,2282419.13.fna,GCF_033597855.1_ASM3359785v1_genomic.fna, 3016344, 3016344,2282419.13.fna_vs_GCF_033597855.1_ASM3359785v1_genomic.fna_blast.xml,0,0,0,0,0,0,0,0,3016344,0,0,0,0,0,0,2282419_subject_array_1739892955.bin
122560,2292266,NM,2292266.3,10,https://ftp.ncbi.nlm.nih.gov/genomes/all/GCF/003/390/135/GCF_003390135.1_ASM339013v1,10,2292266.3.fna,GCF_003390135.1_ASM339013v1_genomic.fna, 1909206, 1909206,2292266.3.fna_vs_GCF_003390135.1_ASM339013v1_genomic.fna_blast.xml,0,0,0,0,0,0,0,0,1909206,0,0,0,0,0,0,2292266_subject_array_1739892956.bin
122778,2293126,AF02-12,2293126.3,10,https://ftp.ncbi.nlm.nih.gov/genomes/all/GCF/003/461/765/GCF_003461765.1_ASM346176v1,10,2293126.3.fna,GCF_003461765.1_ASM346176v1_genomic.fna, 3005736, 3005736,2293126.3.fna_vs_GCF_003461765.1_ASM346176v1_genomic.fna_blast.xml,0,0,0,0,0,0,0,7349,2997549,0,0,0,838,0,0,2293126_subject_array_1739892957.bin
123180,2340,WH,2340.3,10,https://ftp.ncbi.nlm.nih.gov/genomes/all/GCF/000/787/395/GCF_000787395.1_ASM78739v1,10,2340.3.fna,GCF_000787395.1_ASM78739v1_genomic.fna, 2702377, 2702377,2340.3.fna_vs_GCF_000787395.1_ASM78739v1_genomic.fna_blast.xml,0,0,0,0,0,0,0,0,2702377,0,0,0,0,0,0,2340_subject_array_1739892958.bin
123500,236814,LMG 24722,236814.5,10,https://ftp.ncbi.nlm.nih.gov/genomes/all/GCF/000/737/665/GCF_000737665.1_ASM73766v1,10,236814.5.fna,GCF_000737665.1_ASM73766v1_genomic.fna, 4364663, 4364663,236814.5.fna_vs_GCF_000737665.1_ASM73766v1_genomic.fna_blast.xml,0,0,0,0,0,0,0,0,4364663,0,0,0,0,0,0,236814_subject_array_1739892959.bin
123617,238,SKLX000796,238.173,10,https://ftp.ncbi.nlm.nih.gov/genomes/all/GCF/029/050/265/GCF_029050265.1_ASM2905026v1,10,238.173.fna,GCF_029050265.1_ASM2905026v1_genomic.fna, 3897224, 3897224,238.173.fna_vs_GCF_029050265.1_ASM2905026v1_genomic.fna_blast.xml,0,0,0,0,0,0,0,0,3897223,0,1,0,0,0,0,238_subject_array_1739892961.bin
123724,239935,An78,239935.29,10,https://ftp.ncbi.nlm.nih.gov/genomes/all/GCF/002/161/325/GCF_002161325.1_ASM216132v1,10,239935.29.fna,GCF_002161325.1_ASM216132v1_genomic.fna, 2736972, 2736972,239935.29.fna_vs_GCF_002161325.1_ASM216132v1_genomic.fna_blast.xml,0,0,0,0,0,0,0,0,2736970,0,2,0,0,0,0,239935_subject_array_1739892962.bin
123827,239935,GP19,239935.86,10,https://ftp.ncbi.nlm.nih.gov/genomes/all/GCF/002/885/395/GCF_002885395.1_ASM288539v1,10,239935.86.fna,GCF_002885395.1_ASM288539v1_genomic.fna, 2790954, 2790954,239935.86.fna_vs_GCF_002885395.1_ASM288539v1_genomic.fna_blast.xml,0,0,0,0,0,0,0,0,2790954,0,0,0,0,0,0,239935_subject_array_1739892963.bin
123831,239935,GP23,239935.84,10,https://ftp.ncbi.nlm.nih.gov/genomes/all/GCF/002/885/355/GCF_002885355.1_ASM288535v1,10,239935.84.fna,GCF_002885355.1_ASM288535v1_genomic.fna, 2859287, 2859287,239935.84.fna_vs_GCF_002885355.1_ASM288535v1_genomic.fna_blast.xml,0,0,0,0,0,0,0,0,2859286,0,0,0,1,0,0,239935_subject_array_1739892964.bin
123935,2419843,435,2419843.3,10,https://ftp.ncbi.nlm.nih.gov/genomes/all/GCF/003/627/965/GCF_003627965.1_ASM362796v1,10,2419843.3.fna,GCF_003627965.1_ASM362796v1_genomic.fna, 2886683, 2886683,2419843.3.fna_vs_GCF_003627965.1_ASM362796v1_genomic.fna_blast.xml,0,0,0,0,0,0,0,3560,2883115,0,0,1,7,0,0,2419843_subject_array_1739892965.bin
123984,244,Marseille-P2029,244.3,10,https://ftp.ncbi.nlm.nih.gov/genomes/all/GCF/900/176/575/GCF_900176575.1_PRJEB20355,10,244.3.fna,GCF_900176575.1_PRJEB20355_genomic.fna, 3434210, 3434210,244.3.fna_vs_GCF_900176575.1_PRJEB20355_genomic.fna_blast.xml,0,0,0,1,0,0,0,0,3434207,0,2,0,0,0,0,244_subject_array_1739892966.bin
124810,244366,MGH236,244366.542,10,https://ftp.ncbi.nlm.nih.gov/genomes/all/GCF/014/902/675/GCF_014902675.1_ASM1490267v1,10,244366.542.fna,GCF_014902675.1_ASM1490267v1_genomic.fna, 5781267, 5781267,244366.542.fna_vs_GCF_014902675.1_ASM1490267v1_genomic.fna_blast.xml,0,0,0,0,0,0,0,26398,5754857,0,0,0,12,0,0,244366_subject_array_1739892968.bin
124995,244366,X39,244366.237,10,https://ftp.ncbi.nlm.nih.gov/genomes/all/GCF/003/429/625/GCF_003429625.1_ASM342962v1,10,244366.237.fna,GCF_003429625.1_ASM342962v1_genomic.fna, 6154128, 6154128,244366.237.fna_vs_GCF_003429625.1_ASM342962v1_genomic.fna_blast.xml,0,0,0,0,0,0,0,0,6154128,0,0,0,0,0,0,244366_subject_array_1739892970.bin
125545,2479838,Marseille-P8228,2479838.3,10,https://ftp.ncbi.nlm.nih.gov/genomes/all/GCF/900/626/075/GCF_900626075.1_PRJEB29219,10,2479838.3.fna,GCF_900626075.1_PRJEB29219_genomic.fna, 5650377, 5650377,2479838.3.fna_vs_GCF_900626075.1_PRJEB29219_genomic.fna_blast.xml,0,0,0,0,0,0,0,0,5650376,0,1,0,0,0,0,2479838_subject_array_1739892973.bin
125629,2484145,Z10-6,2484145.3,10,https://ftp.ncbi.nlm.nih.gov/genomes/all/GCF/012/274/265/GCF_012274265.1_ASM1227426v1,10,2484145.3.fna,GCF_012274265.1_ASM1227426v1_genomic.fna, 3463217, 3463217,2484145.3.fna_vs_GCF_012274265.1_ASM1227426v1_genomic.fna_blast.xml,0,0,0,0,0,0,0,0,3463216,0,1,0,0,0,0,2484145_subject_array_1739892975.bin
125768,2485200,PhB188,2485200.3,10,https://ftp.ncbi.nlm.nih.gov/genomes/all/GCF/003/752/365/GCF_003752365.1_ASM375236v1,10,2485200.3.fna,GCF_003752365.1_ASM375236v1_genomic.fna, 3793925, 3793925,2485200.3.fna_vs_GCF_003752365.1_ASM375236v1_genomic.fna_blast.xml,0,0,0,0,0,0,0,0,3793925,0,0,0,0,0,0,2485200_subject_array_1739892977.bin
125848,2487274,LA-55,2487274.3,10,https://ftp.ncbi.nlm.nih.gov/genomes/all/GCF/003/934/285/GCF_003934285.1_ASM393428v1,10,2487274.3.fna,GCF_003934285.1_ASM393428v1_genomic.fna, 2640729, 2640729,2487274.3.fna_vs_GCF_003934285.1_ASM393428v1_genomic.fna_blast.xml,0,0,0,0,0,0,0,0,2640729,0,0,0,0,0,0,2487274_subject_array_1739892977.bin
125853,2487318,Marseille-P7375,2487318.3,10,https://ftp.ncbi.nlm.nih.gov/genomes/all/GCF/902/460/365/GCF_902460365.1_PRJEB29560,10,2487318.3.fna,GCF_902460365.1_PRJEB29560_genomic.fna, 2230759, 2230759,2487318.3.fna_vs_GCF_902460365.1_PRJEB29560_genomic.fna_blast.xml,0,0,0,0,0,0,0,0,2230759,0,0,0,0,0,0,2487318_subject_array_1739892978.bin
126450,2497747,xm-d-530,2497747.3,10,https://ftp.ncbi.nlm.nih.gov/genomes/all/GCF/013/283/365/GCF_013283365.1_ASM1328336v1,10,2497747.3.fna,GCF_013283365.1_ASM1328336v1_genomic.fna, 2249011, 2249011,2497747.3.fna_vs_GCF_013283365.1_ASM1328336v1_genomic.fna_blast.xml,0,0,0,0,0,0,0,0,2249011,0,0,0,0,0,0,2497747_subject_array_1739892979.bin
126635,2502240,F(2018),2502240.3,10,https://ftp.ncbi.nlm.nih.gov/genomes/all/GCF/005/508/865/GCF_005508865.1_ASM550886v1,10,2502240.3.fna,GCF_005508865.1_ASM550886v1_genomic.fna, 4743120, 4743120,2502240.3.fna_vs_GCF_005508865.1_ASM550886v1_genomic.fna_blast.xml,0,0,0,0,0,0,0,0,4743120,0,0,0,0,0,0,2502240_subject_array_1739892981.bin
126729,2508341,HBA1120,2508341.3,10,https://ftp.ncbi.nlm.nih.gov/genomes/all/GCF/020/514/275/GCF_020514275.1_ASM2051427v1,10,2508341.3.fna,GCF_020514275.1_ASM2051427v1_genomic.fna, 2362268, 2362268,2508341.3.fna_vs_GCF_020514275.1_ASM2051427v1_genomic.fna_blast.xml,0,0,0,0,0,0,0,0,2362268,0,0,0,0,0,0,2508341_subject_array_1739892982.bin
126732,2508346,MU1617,2508346.3,10,https://ftp.ncbi.nlm.nih.gov/genomes/all/GCF/020/514/235/GCF_020514235.1_ASM2051423v1,10,2508346.3.fna,GCF_020514235.1_ASM2051423v1_genomic.fna, 2326594, 2326594,2508346.3.fna_vs_GCF_020514235.1_ASM2051423v1_genomic.fna_blast.xml,0,0,0,0,0,0,0,0,2326594,0,0,0,0,0,0,2508346_subject_array_1739892982.bin
126878,2511025,DJ1R-1,2511025.3,10,https://ftp.ncbi.nlm.nih.gov/genomes/all/GCF/004/681/125/GCF_004681125.1_ASM468112v1,10,2511025.3.fna,GCF_004681125.1_ASM468112v1_genomic.fna, 3257822, 3257822,2511025.3.fna_vs_GCF_004681125.1_ASM468112v1_genomic.fna_blast.xml,0,0,0,0,0,0,0,84,3257738,0,0,0,0,0,0,2511025_subject_array_1739892984.bin
126918,2512121,BK138,2512121.3,10,https://ftp.ncbi.nlm.nih.gov/genomes/all/GCF/004/216/955/GCF_004216955.1_ASM421695v1,10,2512121.3.fna,GCF_004216955.1_ASM421695v1_genomic.fna, 3924134, 3924134,2512121.3.fna_vs_GCF_004216955.1_ASM421695v1_genomic.fna_blast.xml,0,0,0,0,0,0,0,485,3923648,0,0,0,1,0,0,2512121_subject_array_1739892986.bin
127162,2527970,Enr8,2527970.3,10,https://ftp.ncbi.nlm.nih.gov/genomes/all/GCF/007/859/755/GCF_007859755.1_ASM785975v1,10,2527970.3.fna,GCF_007859755.1_ASM785975v1_genomic.fna, 6196617, 6196617,2527970.3.fna_vs_GCF_007859755.1_ASM785975v1_genomic.fna_blast.xml,0,0,0,0,0,0,0,13341,6183265,0,0,0,10,0,1,2527970_subject_array_1739892991.bin
127275,2529839,ANC 4178,2529839.3,10,https://ftp.ncbi.nlm.nih.gov/genomes/all/GCF/004/331/175/GCF_004331175.1_ASM433117v1,10,2529839.3.fna,GCF_004331175.1_ASM433117v1_genomic.fna, 3388270, 3388270,2529839.3.fna_vs_GCF_004331175.1_ASM433117v1_genomic.fna_blast.xml,0,0,0,0,0,0,0,0,3388270,0,0,0,0,0,0,2529839_subject_array_1739892992.bin
127447,2545265,AJS327,2545265.3,10,https://ftp.ncbi.nlm.nih.gov/genomes/all/GCF/013/450/295/GCF_013450295.1_ASM1345029v1,10,2545265.3.fna,GCF_013450295.1_ASM1345029v1_genomic.fna, 6744653, 6744653,2545265.3.fna_vs_GCF_013450295.1_ASM1345029v1_genomic.fna_blast.xml,0,0,0,0,0,0,0,0,6744268,0,0,0,385,0,0,2545265_subject_array_1739892995.bin
127488,2547392,GH4-78,2547392.3,10,https://ftp.ncbi.nlm.nih.gov/genomes/all/GCF/004/354/085/GCF_004354085.1_ASM435408v1,10,2547392.3.fna,GCF_004354085.1_ASM435408v1_genomic.fna, 4193411, 4193411,2547392.3.fna_vs_GCF_004354085.1_ASM435408v1_genomic.fna_blast.xml,0,0,0,0,0,0,0,294,4193117,0,0,0,0,0,0,2547392_subject_array_1739892996.bin
127668,2559617,3R11,2559617.3,10,https://ftp.ncbi.nlm.nih.gov/genomes/all/GCF/004/563/925/GCF_004563925.1_ASM456392v1,10,2559617.3.fna,GCF_004563925.1_ASM456392v1_genomic.fna, 5221161, 5221161,2559617.3.fna_vs_GCF_004563925.1_ASM456392v1_genomic.fna_blast.xml,0,0,0,0,0,0,0,0,5221161,0,0,0,0,0,0,2559617_subject_array_1739892998.bin
128118,2572682,E308F,2572682.3,10,https://ftp.ncbi.nlm.nih.gov/genomes/all/GCF/006/538/365/GCF_006538365.1_ASM653836v1,10,2572682.3.fna,GCF_006538365.1_ASM653836v1_genomic.fna, 3057355, 3057355,2572682.3.fna_vs_GCF_006538365.1_ASM653836v1_genomic.fna_blast.xml,0,0,0,0,0,0,0,0,3057355,0,0,0,0,0,0,2572682_subject_array_1739892999.bin
128261,2576916,UK-Mo-2m-Kol15,2576916.3,10,https://ftp.ncbi.nlm.nih.gov/genomes/all/GCF/018/881/505/GCF_018881505.1_ASM1888150v1,10,2576916.3.fna,GCF_018881505.1_ASM1888150v1_genomic.fna, 2180962, 2180962,2576916.3.fna_vs_GCF_018881505.1_ASM1888150v1_genomic.fna_blast.xml,0,0,0,0,0,0,0,95,2180867,0,0,0,0,0,0,2576916_subject_array_1739893000.bin
128263,2576918,JS-Polo-80-F4,2576918.3,10,https://ftp.ncbi.nlm.nih.gov/genomes/all/GCF/018/881/965/GCF_018881965.1_ASM1888196v1,10,2576918.3.fna,GCF_018881965.1_ASM1888196v1_genomic.fna, 2022079, 2022079,2576918.3.fna_vs_GCF_018881965.1_ASM1888196v1_genomic.fna_blast.xml,0,0,0,0,0,0,0,384,2021695,0,0,0,0,0,0,2576918_subject_array_1739893001.bin
128272,2576927,AP-Capit-er-40B-B4,2576927.3,10,https://ftp.ncbi.nlm.nih.gov/genomes/all/GCF/018/882/245/GCF_018882245.1_ASM1888224v1,10,2576927.3.fna,GCF_018882245.1_ASM1888224v1_genomic.fna, 2037814, 2037814,2576927.3.fna_vs_GCF_018882245.1_ASM1888224v1_genomic.fna_blast.xml,0,0,0,0,0,0,0,385,2037429,0,0,0,0,0,0,2576927_subject_array_1739893001.bin
128274,2576929,AP-Melu-500A-A1,2576929.3,10,https://ftp.ncbi.nlm.nih.gov/genomes/all/GCF/018/882/125/GCF_018882125.1_ASM1888212v1,10,2576929.3.fna,GCF_018882125.1_ASM1888212v1_genomic.fna, 2286920, 2286920,2576929.3.fna_vs_GCF_018882125.1_ASM1888212v1_genomic.fna_blast.xml,0,0,0,0,0,0,0,0,2286919,0,1,0,0,0,0,2576929_subject_array_1739893002.bin
128784,2585775,SKBG,2585775.3,10,https://ftp.ncbi.nlm.nih.gov/genomes/all/GCF/006/370/295/GCF_006370295.1_ASM637029v1,10,2585775.3.fna,GCF_006370295.1_ASM637029v1_genomic.fna, 3134598, 3134598,2585775.3.fna_vs_GCF_006370295.1_ASM637029v1_genomic.fna_blast.xml,0,0,0,0,0,0,0,900,3133698,0,0,0,0,0,0,2585775_subject_array_1739893003.bin
129594,2600149,sy004,2600149.3,10,https://ftp.ncbi.nlm.nih.gov/genomes/all/GCF/007/859/205/GCF_007859205.1_ASM785920v1,10,2600149.3.fna,GCF_007859205.1_ASM785920v1_genomic.fna, 1215641, 1215641,2600149.3.fna_vs_GCF_007859205.1_ASM785920v1_genomic.fna_blast.xml,0,0,0,0,0,0,0,0,1215639,0,2,0,0,0,0,2600149_subject_array_1739893004.bin
130072,2606616,208,2599411.3,10,https://ftp.ncbi.nlm.nih.gov/genomes/all/GCF/007/923/395/GCF_007923395.1_ASM792339v1,10,2599411.3.fna,GCF_007923395.1_ASM792339v1_genomic.fna, 3461842, 3461842,2599411.3.fna_vs_GCF_007923395.1_ASM792339v1_genomic.fna_blast.xml,0,0,0,0,0,0,0,0,3461842,0,0,0,0,0,0,2599411_subject_array_1739893005.bin
130128,2606936,L5,2606936.3,10,https://ftp.ncbi.nlm.nih.gov/genomes/all/GCF/008/297/955/GCF_008297955.1_ASM829795v1,10,2606936.3.fna,GCF_008297955.1_ASM829795v1_genomic.fna, 4346535, 4346535,2606936.3.fna_vs_GCF_008297955.1_ASM829795v1_genomic.fna_blast.xml,0,0,0,0,0,0,0,0,4346535,0,0,0,0,0,0,2606936_subject_array_1739893006.bin
130293,2608401,SRB7LM,2608401.3,10,https://ftp.ncbi.nlm.nih.gov/genomes/all/GCF/015/712/685/GCF_015712685.1_ASM1571268v1,10,2608401.3.fna,GCF_015712685.1_ASM1571268v1_genomic.fna, 2890966, 2890966,2608401.3.fna_vs_GCF_015712685.1_ASM1571268v1_genomic.fna_blast.xml,0,0,0,0,0,0,0,0,2886227,0,1,1,4737,0,0,2608401_subject_array_1739893007.bin
130486,2615184,TM115-247,2615184.4,10,https://ftp.ncbi.nlm.nih.gov/genomes/all/GCF/027/678/245/GCF_027678245.1_ASM2767824v1,10,2615184.4.fna,GCF_027678245.1_ASM2767824v1_genomic.fna, 3566224, 3778724,2615184.4.fna_vs_GCF_027678245.1_ASM2767824v1_genomic.fna_blast.xml,0,0,67,14,0,0,35,202137,3567946,0,13,1761,6655,0,96,2615184_subject_array_1739893008.bin
131137,2650661,KMU-115,2650661.3,10,https://ftp.ncbi.nlm.nih.gov/genomes/all/GCF/012/395/815/GCF_012395815.1_ASM1239581v1,10,2650661.3.fna,GCF_012395815.1_ASM1239581v1_genomic.fna, 3709790, 3709790,2650661.3.fna_vs_GCF_012395815.1_ASM1239581v1_genomic.fna_blast.xml,0,0,0,0,0,0,0,192,3709598,0,0,0,0,0,0,2650661_subject_array_1739893010.bin
131332,2656773,B3935,2656773.3,10,https://ftp.ncbi.nlm.nih.gov/genomes/all/GCF/009/827/705/GCF_009827705.1_ASM982770v1,10,2656773.3.fna,GCF_009827705.1_ASM982770v1_genomic.fna, 2257526, 2257526,2656773.3.fna_vs_GCF_009827705.1_ASM982770v1_genomic.fna_blast.xml,0,0,0,0,0,0,0,194,2257332,0,0,0,0,0,0,2656773_subject_array_1739893010.bin
131714,2666136,HX-22-1,2666136.4,10,https://ftp.ncbi.nlm.nih.gov/genomes/all/GCF/009/674/685/GCF_009674685.1_ASM967468v1,10,2666136.4.fna,GCF_009674685.1_ASM967468v1_genomic.fna, 3899096, 3899096,2666136.4.fna_vs_GCF_009674685.1_ASM967468v1_genomic.fna_blast.xml,0,0,0,0,0,0,0,0,3899096,0,0,0,0,0,0,2666136_subject_array_1739893012.bin
131894,2675707,WP2-W18-CRE-05,2675707.3,10,https://ftp.ncbi.nlm.nih.gov/genomes/all/GCF/014/168/615/GCF_014168615.1_ASM1416861v1,10,2675707.3.fna,GCF_014168615.1_ASM1416861v1_genomic.fna, 5069260, 5069260,2675707.3.fna_vs_GCF_014168615.1_ASM1416861v1_genomic.fna_blast.xml,0,0,0,0,0,0,0,0,5069260,0,0,0,0,0,0,2675707_subject_array_1739893014.bin
131896,2675711,WP3-S18-ESBL-05,2675711.3,10,https://ftp.ncbi.nlm.nih.gov/genomes/all/GCF/014/168/915/GCF_014168915.1_ASM1416891v1,10,2675711.3.fna,GCF_014168915.1_ASM1416891v1_genomic.fna, 5649038, 5649038,2675711.3.fna_vs_GCF_014168915.1_ASM1416891v1_genomic.fna_blast.xml,0,0,0,0,0,0,0,0,5649038,0,0,0,0,0,0,2675711_subject_array_1739893016.bin
131939,2676444,ESL0380,2676444.3,10,https://ftp.ncbi.nlm.nih.gov/genomes/all/GCF/009/725/805/GCF_009725805.1_ASM972580v1,10,2676444.3.fna,GCF_009725805.1_ASM972580v1_genomic.fna, 1978032, 1978032,2676444.3.fna_vs_GCF_009725805.1_ASM972580v1_genomic.fna_blast.xml,0,0,0,0,0,0,0,0,1978030,0,0,2,0,0,0,2676444_subject_array_1739893017.bin
131951,267800,DSM 23814,267800.3,10,https://ftp.ncbi.nlm.nih.gov/genomes/all/GCF/004/217/095/GCF_004217095.1_ASM421709v1,10,267800.3.fna,GCF_004217095.1_ASM421709v1_genomic.fna, 4916170, 4916170,267800.3.fna_vs_GCF_004217095.1_ASM421709v1_genomic.fna_blast.xml,0,0,0,0,0,0,0,95,4916075,0,0,0,0,0,0,267800_subject_array_1739893018.bin
132001,2679993,On2M,2679993.3,10,https://ftp.ncbi.nlm.nih.gov/genomes/all/GCF/018/035/235/GCF_018035235.1_ASM1803523v1,10,2679993.3.fna,GCF_018035235.1_ASM1803523v1_genomic.fna, 5038843, 5038843,2679993.3.fna_vs_GCF_018035235.1_ASM1803523v1_genomic.fna_blast.xml,0,0,0,0,0,0,0,0,5038843,0,0,0,0,0,0,2679993_subject_array_1739893020.bin
132116,2683196,HNSRY-1,2683196.3,10,https://ftp.ncbi.nlm.nih.gov/genomes/all/GCF/009/792/895/GCF_009792895.1_ASM979289v1,10,2683196.3.fna,GCF_009792895.1_ASM979289v1_genomic.fna, 3637851, 3637851,2683196.3.fna_vs_GCF_009792895.1_ASM979289v1_genomic.fna_blast.xml,0,0,0,0,0,0,1,0,3637850,0,0,0,0,0,0,2683196_subject_array_1739893021.bin
132173,2684406,4HC-13,2694932.3,10,https://ftp.ncbi.nlm.nih.gov/genomes/all/GCF/014/235/805/GCF_014235805.1_ASM1423580v1,10,2694932.3.fna,GCF_014235805.1_ASM1423580v1_genomic.fna, 2223380, 2223380,2694932.3.fna_vs_GCF_014235805.1_ASM1423580v1_genomic.fna_blast.xml,0,0,0,0,0,0,0,0,2223380,0,0,0,0,0,0,2694932_subject_array_1739893022.bin
132254,2689108,MWH-Loch1C5,2689108.3,10,https://ftp.ncbi.nlm.nih.gov/genomes/all/GCF/018/881/775/GCF_018881775.1_ASM1888177v1,10,2689108.3.fna,GCF_018881775.1_ASM1888177v1_genomic.fna, 1653530, 1653530,2689108.3.fna_vs_GCF_018881775.1_ASM1888177v1_genomic.fna_blast.xml,0,0,0,0,0,0,0,292,1653238,0,0,0,0,0,0,2689108_subject_array_1739893023.bin
132370,2691042,GH1-50,2691042.3,10,https://ftp.ncbi.nlm.nih.gov/genomes/all/GCF/009/830/125/GCF_009830125.1_ASM983012v1,10,2691042.3.fna,GCF_009830125.1_ASM983012v1_genomic.fna, 3685850, 3685850,2691042.3.fna_vs_GCF_009830125.1_ASM983012v1_genomic.fna_blast.xml,0,0,0,0,0,0,0,0,3685850,0,0,0,0,0,0,2691042_subject_array_1739893024.bin
132562,2692916,KN286,2692916.3,10,https://ftp.ncbi.nlm.nih.gov/genomes/all/GCF/009/833/495/GCF_009833495.1_ASM983349v1,10,2692916.3.fna,GCF_009833495.1_ASM983349v1_genomic.fna, 3255458, 3255458,2692916.3.fna_vs_GCF_009833495.1_ASM983349v1_genomic.fna_blast.xml,0,0,0,0,0,0,0,0,3255458,0,0,0,0,0,0,2692916_subject_array_1739893025.bin
132745,2699425,ISTPL2,2699425.3,10,https://ftp.ncbi.nlm.nih.gov/genomes/all/GCF/013/283/205/GCF_013283205.1_ASM1328320v1,10,2699425.3.fna,GCF_013283205.1_ASM1328320v1_genomic.fna, 5173148, 5173148,2699425.3.fna_vs_GCF_013283205.1_ASM1328320v1_genomic.fna_blast.xml,0,0,0,0,0,0,0,30,5173115,0,0,2,1,0,0,2699425_subject_array_1739893027.bin
132784,2702,KC2,2702.422,10,https://ftp.ncbi.nlm.nih.gov/genomes/all/GCF/023/016/185/GCF_023016185.1_ASM2301618v1,10,2702.422.fna,GCF_023016185.1_ASM2301618v1_genomic.fna, 1651935, 1651935,2702.422.fna_vs_GCF_023016185.1_ASM2301618v1_genomic.fna_blast.xml,0,0,0,0,0,0,0,93,1651842,0,0,0,0,0,0,2702_subject_array_1739893027.bin
132814,2702,UMB0770,2702.522,10,https://ftp.ncbi.nlm.nih.gov/genomes/all/GCF/002/861/945/GCF_002861945.1_ASM286194v1,10,2702.522.fna,GCF_002861945.1_ASM286194v1_genomic.fna, 1695986, 1695986,2702.522.fna_vs_GCF_002861945.1_ASM286194v1_genomic.fna_blast.xml,0,0,0,0,0,0,0,139,1695519,0,0,0,328,0,0,2702_subject_array_1739893028.bin
133024,2703885,SAP-19,2703885.3,10,https://ftp.ncbi.nlm.nih.gov/genomes/all/GCF/011/684/115/GCF_011684115.1_ASM1168411v1,10,2703885.3.fna,GCF_011684115.1_ASM1168411v1_genomic.fna, 5233450, 5233450,2703885.3.fna_vs_GCF_011684115.1_ASM1168411v1_genomic.fna_blast.xml,0,0,0,0,0,0,0,294,5233156,0,0,0,0,0,0,2703885_subject_array_1739893030.bin
133072,2705035,ESL0254,2705035.3,10,https://ftp.ncbi.nlm.nih.gov/genomes/all/GCF/013/344/985/GCF_013344985.1_ASM1334498v1,10,2705035.3.fna,GCF_013344985.1_ASM1334498v1_genomic.fna, 2377324, 2377324,2705035.3.fna_vs_GCF_013344985.1_ASM1334498v1_genomic.fna_blast.xml,0,0,0,0,0,0,0,0,2377324,0,0,0,0,0,0,2705035_subject_array_1739893031.bin
133137,2707003,ChDC B353,1433516.3,10,https://ftp.ncbi.nlm.nih.gov/genomes/all/GCF/003/626/515/GCF_003626515.1_ASM362651v1,10,1433516.3.fna,GCF_003626515.1_ASM362651v1_genomic.fna, 1902053, 1902053,1433516.3.fna_vs_GCF_003626515.1_ASM362651v1_genomic.fna_blast.xml,0,0,0,0,0,0,0,346,1901707,0,0,0,0,0,0,1433516_subject_array_1739893032.bin
133184,2708345,MSAK28401,2708345.3,10,https://ftp.ncbi.nlm.nih.gov/genomes/all/GCF/018/283/455/GCF_018283455.1_ASM1828345v1,10,2708345.3.fna,GCF_018283455.1_ASM1828345v1_genomic.fna, 3930779, 3930779,2708345.3.fna_vs_GCF_018283455.1_ASM1828345v1_genomic.fna_blast.xml,0,0,0,0,0,0,0,0,3930775,0,2,2,0,0,0,2708345_subject_array_1739893033.bin
133357,2713501,UTK S2-0017,2713501.13,10,https://ftp.ncbi.nlm.nih.gov/genomes/all/GCF/031/843/185/GCF_031843185.1_ASM3184318v1,10,2713501.13.fna,GCF_031843185.1_ASM3184318v1_genomic.fna, 2820541, 2820541,2713501.13.fna_vs_GCF_031843185.1_ASM3184318v1_genomic.fna_blast.xml,0,0,0,0,0,0,0,0,2820541,0,0,0,0,0,0,2713501_subject_array_1739893034.bin
133358,2713501,UTK S2-0026,2713501.11,10,https://ftp.ncbi.nlm.nih.gov/genomes/all/GCF/031/843/015/GCF_031843015.1_ASM3184301v1,10,2713501.11.fna,GCF_031843015.1_ASM3184301v1_genomic.fna, 2820493, 2820493,2713501.11.fna_vs_GCF_031843015.1_ASM3184301v1_genomic.fna_blast.xml,0,0,0,0,0,0,0,0,2820493,0,0,0,0,0,0,2713501_subject_array_1739893035.bin
133359,2713501,UTK S2-0027,2713501.12,10,https://ftp.ncbi.nlm.nih.gov/genomes/all/GCF/031/843/005/GCF_031843005.1_ASM3184300v1,10,2713501.12.fna,GCF_031843005.1_ASM3184300v1_genomic.fna, 2821033, 2821033,2713501.12.fna_vs_GCF_031843005.1_ASM3184300v1_genomic.fna_blast.xml,0,0,0,0,0,0,0,0,2821033,0,0,0,0,0,0,2713501_subject_array_1739893036.bin
133361,2713501,UTK S2-0029,2713501.9,10,https://ftp.ncbi.nlm.nih.gov/genomes/all/GCF/031/842/935/GCF_031842935.1_ASM3184293v1,10,2713501.9.fna,GCF_031842935.1_ASM3184293v1_genomic.fna, 2820643, 2820643,2713501.9.fna_vs_GCF_031842935.1_ASM3184293v1_genomic.fna_blast.xml,0,0,0,0,0,0,0,0,2820643,0,0,0,0,0,0,2713501_subject_array_1739893037.bin
133363,2713501,UTK S2-0063,2713501.6,10,https://ftp.ncbi.nlm.nih.gov/genomes/all/GCF/031/842/685/GCF_031842685.1_ASM3184268v1,10,2713501.6.fna,GCF_031842685.1_ASM3184268v1_genomic.fna, 2821136, 2821136,2713501.6.fna_vs_GCF_031842685.1_ASM3184268v1_genomic.fna_blast.xml,0,0,0,0,0,0,0,0,2821136,0,0,0,0,0,0,2713501_subject_array_1739893038.bin
133364,2713501,UTK S2-0064,2713501.7,10,https://ftp.ncbi.nlm.nih.gov/genomes/all/GCF/031/842/695/GCF_031842695.1_ASM3184269v1,10,2713501.7.fna,GCF_031842695.1_ASM3184269v1_genomic.fna, 2821525, 2821525,2713501.7.fna_vs_GCF_031842695.1_ASM3184269v1_genomic.fna_blast.xml,0,0,0,0,0,0,0,0,2821525,0,0,0,0,0,0,2713501_subject_array_1739893039.bin
133379,2713505,UTK S2-0001,2713505.22,10,https://ftp.ncbi.nlm.nih.gov/genomes/all/GCF/031/843/385/GCF_031843385.1_ASM3184338v1,10,2713505.22.fna,GCF_031843385.1_ASM3184338v1_genomic.fna, 2859587, 2859587,2713505.22.fna_vs_GCF_031843385.1_ASM3184338v1_genomic.fna_blast.xml,0,0,0,0,0,0,0,0,2859587,0,0,0,0,0,0,2713505_subject_array_1739893040.bin
133380,2713505,UTK S2-0002,2713505.21,10,https://ftp.ncbi.nlm.nih.gov/genomes/all/GCF/031/843/365/GCF_031843365.1_ASM3184336v1,10,2713505.21.fna,GCF_031843365.1_ASM3184336v1_genomic.fna, 2860535, 2860535,2713505.21.fna_vs_GCF_031843365.1_ASM3184336v1_genomic.fna_blast.xml,0,0,0,0,0,0,0,0,2860535,0,0,0,0,0,0,2713505_subject_array_1739893041.bin
133381,2713505,UTK S2-0003,2713505.18,10,https://ftp.ncbi.nlm.nih.gov/genomes/all/GCF/031/843/345/GCF_031843345.1_ASM3184334v1,10,2713505.18.fna,GCF_031843345.1_ASM3184334v1_genomic.fna, 2859662, 2859662,2713505.18.fna_vs_GCF_031843345.1_ASM3184334v1_genomic.fna_blast.xml,0,0,0,0,0,0,0,0,2859662,0,0,0,0,0,0,2713505_subject_array_1739893042.bin
133385,2713505,UTK S2-0019,2713505.16,10,https://ftp.ncbi.nlm.nih.gov/genomes/all/GCF/031/843/135/GCF_031843135.1_ASM3184313v1,10,2713505.16.fna,GCF_031843135.1_ASM3184313v1_genomic.fna, 2859380, 2859380,2713505.16.fna_vs_GCF_031843135.1_ASM3184313v1_genomic.fna_blast.xml,0,0,0,0,0,0,0,0,2859380,0,0,0,0,0,0,2713505_subject_array_1739893042.bin
133386,2713505,UTK S2-0020,2713505.17,10,https://ftp.ncbi.nlm.nih.gov/genomes/all/GCF/031/843/105/GCF_031843105.1_ASM3184310v1,10,2713505.17.fna,GCF_031843105.1_ASM3184310v1_genomic.fna, 2859285, 2859285,2713505.17.fna_vs_GCF_031843105.1_ASM3184310v1_genomic.fna_blast.xml,0,0,0,0,0,0,0,0,2859285,0,0,0,0,0,0,2713505_subject_array_1739893043.bin
133388,2713505,UTK S2-0023,2713505.15,10,https://ftp.ncbi.nlm.nih.gov/genomes/all/GCF/031/843/085/GCF_031843085.1_ASM3184308v1,10,2713505.15.fna,GCF_031843085.1_ASM3184308v1_genomic.fna, 2728583, 2728583,2713505.15.fna_vs_GCF_031843085.1_ASM3184308v1_genomic.fna_blast.xml,0,0,0,0,0,0,0,0,2728583,0,0,0,0,0,0,2713505_subject_array_1739893044.bin
133390,2713505,UTK S2-0025,2713505.14,10,https://ftp.ncbi.nlm.nih.gov/genomes/all/GCF/031/843/065/GCF_031843065.1_ASM3184306v1,10,2713505.14.fna,GCF_031843065.1_ASM3184306v1_genomic.fna, 2728670, 2728670,2713505.14.fna_vs_GCF_031843065.1_ASM3184306v1_genomic.fna_blast.xml,0,0,0,0,0,0,0,0,2728670,0,0,0,0,0,0,2713505_subject_array_1739893045.bin
133396,2713505,UTK S2-0061,2713505.7,10,https://ftp.ncbi.nlm.nih.gov/genomes/all/GCF/031/842/755/GCF_031842755.1_ASM3184275v1,10,2713505.7.fna,GCF_031842755.1_ASM3184275v1_genomic.fna, 2728973, 2728973,2713505.7.fna_vs_GCF_031842755.1_ASM3184275v1_genomic.fna_blast.xml,0,0,0,0,0,0,0,0,2728973,0,0,0,0,0,0,2713505_subject_array_1739893046.bin
133412,2713603,FSL L7-1434,2718631.3,10,https://ftp.ncbi.nlm.nih.gov/genomes/all/GCF/014/224/195/GCF_014224195.1_ASM1422419v1,10,2718631.3.fna,GCF_014224195.1_ASM1422419v1_genomic.fna, 2799386, 2799386,2718631.3.fna_vs_GCF_014224195.1_ASM1422419v1_genomic.fna_blast.xml,0,0,0,0,0,0,0,0,2799386,0,0,0,0,0,0,2718631_subject_array_1739893047.bin
133533,2717094,KACC 19277,2717094.3,10,https://ftp.ncbi.nlm.nih.gov/genomes/all/GCF/029/589/055/GCF_029589055.1_ASM2958905v1,10,2717094.3.fna,GCF_029589055.1_ASM2958905v1_genomic.fna, 5377355, 5377355,2717094.3.fna_vs_GCF_029589055.1_ASM2958905v1_genomic.fna_blast.xml,0,0,0,0,0,0,0,0,5377355,0,0,0,0,0,0,2717094_subject_array_1739893049.bin
133542,2717475,WS 5013,2717475.3,10,https://ftp.ncbi.nlm.nih.gov/genomes/all/GCF/012/985/845/GCF_012985845.1_ASM1298584v1,10,2717475.3.fna,GCF_012985845.1_ASM1298584v1_genomic.fna, 4453840, 4453840,2717475.3.fna_vs_GCF_012985845.1_ASM1298584v1_genomic.fna_blast.xml,0,0,0,0,0,0,0,0,4453840,0,0,0,0,0,0,2717475_subject_array_1739893050.bin
133590,271881,LQC 2520,271881.12,10,https://ftp.ncbi.nlm.nih.gov/genomes/all/GCF/018/551/565/GCF_018551565.1_ASM1855156v1,10,271881.12.fna,GCF_018551565.1_ASM1855156v1_genomic.fna, 3175498, 3175498,271881.12.fna_vs_GCF_018551565.1_ASM1855156v1_genomic.fna_blast.xml,0,0,0,0,0,0,0,1386,3174098,0,0,3,11,0,0,271881_subject_array_1739893052.bin
133724,2723064,JAI121,2723064.3,10,https://ftp.ncbi.nlm.nih.gov/genomes/all/GCF/013/408/665/GCF_013408665.1_ASM1340866v1,10,2723064.3.fna,GCF_013408665.1_ASM1340866v1_genomic.fna, 3347676, 3347676,2723064.3.fna_vs_GCF_013408665.1_ASM1340866v1_genomic.fna_blast.xml,0,0,0,0,0,0,0,1073,3346585,0,0,11,7,0,0,2723064_subject_array_1739893053.bin
133840,2725413,MF43,2725413.3,10,https://ftp.ncbi.nlm.nih.gov/genomes/all/GCF/012/847/295/GCF_012847295.1_ASM1284729v1,10,2725413.3.fna,GCF_012847295.1_ASM1284729v1_genomic.fna, 3345979, 3345979,2725413.3.fna_vs_GCF_012847295.1_ASM1284729v1_genomic.fna_blast.xml,0,0,0,0,0,0,0,0,3345979,0,0,0,0,0,0,2725413_subject_array_1739893054.bin
134070,2730920,DB1703,2730920.3,10,https://ftp.ncbi.nlm.nih.gov/genomes/all/GCF/013/044/135/GCF_013044135.1_ASM1304413v1,10,2730920.3.fna,GCF_013044135.1_ASM1304413v1_genomic.fna, 4652148, 4652148,2730920.3.fna_vs_GCF_013044135.1_ASM1304413v1_genomic.fna_blast.xml,0,0,0,0,0,0,0,97,4652051,0,0,0,0,0,0,2730920_subject_array_1739893056.bin
134485,273678,SA35,273678.4,10,https://ftp.ncbi.nlm.nih.gov/genomes/all/GCF/000/956/475/GCF_000956475.1_ASM95647v1,10,273678.4.fna,GCF_000956475.1_ASM95647v1_genomic.fna, 3953585, 3953585,273678.4.fna_vs_GCF_000956475.1_ASM95647v1_genomic.fna_blast.xml,0,0,0,0,0,0,0,0,3953585,0,0,0,0,0,0,273678_subject_array_1739893057.bin
134594,2739014,VKM Ac-2836,2739014.3,10,https://ftp.ncbi.nlm.nih.gov/genomes/all/GCF/013/248/995/GCF_013248995.1_ASM1324899v1,10,2739014.3.fna,GCF_013248995.1_ASM1324899v1_genomic.fna, 3273901, 3273901,2739014.3.fna_vs_GCF_013248995.1_ASM1324899v1_genomic.fna_blast.xml,0,0,0,0,0,0,0,379,3273522,0,0,0,0,0,0,2739014_subject_array_1739893058.bin
134835,2742640,RHBSTW-00215,2742640.3,10,https://ftp.ncbi.nlm.nih.gov/genomes/all/GCF/014/103/785/GCF_014103785.1_ASM1410378v1,10,2742640.3.fna,GCF_014103785.1_ASM1410378v1_genomic.fna, 6562755, 6562755,2742640.3.fna_vs_GCF_014103785.1_ASM1410378v1_genomic.fna_blast.xml,0,0,0,0,0,0,0,0,6562755,0,0,0,0,0,0,2742640_subject_array_1739893061.bin
134855,2742660,RHBSTW-00671,2742660.3,10,https://ftp.ncbi.nlm.nih.gov/genomes/all/GCF/014/103/415/GCF_014103415.1_ASM1410341v1,10,2742660.3.fna,GCF_014103415.1_ASM1410341v1_genomic.fna, 5629017, 5629017,2742660.3.fna_vs_GCF_014103415.1_ASM1410341v1_genomic.fna_blast.xml,0,0,0,0,0,0,0,0,5628798,0,0,6,213,0,0,2742660_subject_array_1739893063.bin
134898,2743,DSM 50418,2743.16,10,https://ftp.ncbi.nlm.nih.gov/genomes/all/GCF/003/634/635/GCF_003634635.1_ASM363463v1,10,2743.16.fna,GCF_003634635.1_ASM363463v1_genomic.fna, 3977309, 3977309,2743.16.fna_vs_GCF_003634635.1_ASM363463v1_genomic.fna_blast.xml,0,0,0,0,0,0,0,253,3977055,0,0,1,0,0,0,2743_subject_array_1739893064.bin
134940,2744448,NFH-22A-Y,2744448.3,10,https://ftp.ncbi.nlm.nih.gov/genomes/all/GCF/021/401/375/GCF_021401375.1_ASM2140137v1,10,2744448.3.fna,GCF_021401375.1_ASM2140137v1_genomic.fna, 3503093, 3503093,2744448.3.fna_vs_GCF_021401375.1_ASM2140137v1_genomic.fna_blast.xml,0,0,0,0,0,0,0,0,3503093,0,0,0,0,0,0,2744448_subject_array_1739893066.bin
135152,2748,A11,2748.54,10,https://ftp.ncbi.nlm.nih.gov/genomes/all/GCF/004/564/785/GCF_004564785.1_ASM456478v1,10,2748.54.fna,GCF_004564785.1_ASM456478v1_genomic.fna, 2723672, 2723672,2748.54.fna_vs_GCF_004564785.1_ASM456478v1_genomic.fna_blast.xml,0,0,0,0,0,0,0,0,2723671,0,1,0,0,0,0,2748_subject_array_1739893067.bin
135302,2750929,M0280,2751015.3,10,https://ftp.ncbi.nlm.nih.gov/genomes/all/GCF/016/100/425/GCF_016100425.1_ASM1610042v1,10,2751015.3.fna,GCF_016100425.1_ASM1610042v1_genomic.fna, 2631351, 2631351,2751015.3.fna_vs_GCF_016100425.1_ASM1610042v1_genomic.fna_blast.xml,0,0,0,0,0,0,0,195,2631055,0,0,11,90,0,0,2751015_subject_array_1739893067.bin
135303,2750929,W8097,2750929.3,10,https://ftp.ncbi.nlm.nih.gov/genomes/all/GCF/016/102/465/GCF_016102465.1_ASM1610246v1,10,2750929.3.fna,GCF_016102465.1_ASM1610246v1_genomic.fna, 2644922, 2644922,2750929.3.fna_vs_GCF_016102465.1_ASM1610246v1_genomic.fna_blast.xml,0,0,0,0,0,0,0,193,2644729,0,0,0,0,0,0,2750929_subject_array_1739893068.bin
135313,2750947,B14384H11,2750947.3,10,https://ftp.ncbi.nlm.nih.gov/genomes/all/GCF/016/102/005/GCF_016102005.1_ASM1610200v1,10,2750947.3.fna,GCF_016102005.1_ASM1610200v1_genomic.fna, 2075734, 2075734,2750947.3.fna_vs_GCF_016102005.1_ASM1610200v1_genomic.fna_blast.xml,0,0,0,0,0,0,0,118,2075546,0,0,14,56,0,0,2750947_subject_array_1739893069.bin
135336,2750967,B14448H7,2750989.3,10,https://ftp.ncbi.nlm.nih.gov/genomes/all/GCF/016/101/195/GCF_016101195.1_ASM1610119v1,10,2750989.3.fna,GCF_016101195.1_ASM1610119v1_genomic.fna, 2239218, 2239218,2750989.3.fna_vs_GCF_016101195.1_ASM1610119v1_genomic.fna_blast.xml,0,0,8,0,0,0,0,0,2239024,0,0,10,167,0,9,2750989_subject_array_1739893070.bin
135439,2751188,R-74633,2751188.3,10,https://ftp.ncbi.nlm.nih.gov/genomes/all/GCF/013/416/555/GCF_013416555.1_ASM1341655v1,10,2751188.3.fna,GCF_013416555.1_ASM1341655v1_genomic.fna, 4338306, 4338306,2751188.3.fna_vs_GCF_013416555.1_ASM1341655v1_genomic.fna_blast.xml,0,0,0,0,0,0,0,0,4338294,0,0,1,11,0,0,2751188_subject_array_1739893071.bin
135447,2751196,s191,2751196.3,10,https://ftp.ncbi.nlm.nih.gov/genomes/all/GCF/018/618/955/GCF_018618955.1_ASM1861895v1,10,2751196.3.fna,GCF_018618955.1_ASM1861895v1_genomic.fna, 3358433, 3358433,2751196.3.fna_vs_GCF_018618955.1_ASM1861895v1_genomic.fna_blast.xml,0,0,0,0,0,0,0,0,3358433,0,0,0,0,0,0,2751196_subject_array_1739893073.bin
135515,2751266,EBG647,2751266.3,10,https://ftp.ncbi.nlm.nih.gov/genomes/all/GCF/018/617/555/GCF_018617555.1_ASM1861755v1,10,2751266.3.fna,GCF_018617555.1_ASM1861755v1_genomic.fna, 2857933, 2857933,2751266.3.fna_vs_GCF_018617555.1_ASM1861755v1_genomic.fna_blast.xml,0,0,0,0,0,0,0,0,2857933,0,0,0,0,0,0,2751266_subject_array_1739893073.bin
135579,2751352,GW456-L13,2751352.3,10,https://ftp.ncbi.nlm.nih.gov/genomes/all/GCF/017/350/115/GCF_017350115.1_ASM1735011v1,10,2751352.3.fna,GCF_017350115.1_ASM1735011v1_genomic.fna, 5940821, 5940821,2751352.3.fna_vs_GCF_017350115.1_ASM1735011v1_genomic.fna_blast.xml,0,0,0,0,0,0,0,0,5940821,0,0,0,0,0,0,2751352_subject_array_1739893082.bin
135823,2759150,S23,2759150.9,10,https://ftp.ncbi.nlm.nih.gov/genomes/all/GCF/020/295/365/GCF_020295365.1_ASM2029536v1,10,2759150.9.fna,GCF_020295365.1_ASM2029536v1_genomic.fna, 3531710, 3531710,2759150.9.fna_vs_GCF_020295365.1_ASM2029536v1_genomic.fna_blast.xml,0,0,0,0,0,0,0,0,3531710,0,0,0,0,0,0,2759150_subject_array_1739893083.bin
136014,2761107,MC1825,2761107.3,10,https://ftp.ncbi.nlm.nih.gov/genomes/all/GCF/014/212/025/GCF_014212025.1_ASM1421202v1,10,2761107.3.fna,GCF_014212025.1_ASM1421202v1_genomic.fna, 2916714, 2916714,2761107.3.fna_vs_GCF_014212025.1_ASM1421202v1_genomic.fna_blast.xml,0,0,0,0,0,0,0,0,2916714,0,0,0,0,0,0,2761107_subject_array_1739893084.bin
136072,2762241,Sa3CVA3,2762241.3,10,https://ftp.ncbi.nlm.nih.gov/genomes/all/GCF/014/836/405/GCF_014836405.1_ASM1483640v1,10,2762241.3.fna,GCF_014836405.1_ASM1483640v1_genomic.fna, 2875662, 2875662,2762241.3.fna_vs_GCF_014836405.1_ASM1483640v1_genomic.fna_blast.xml,0,0,0,0,0,0,0,100,2875562,0,0,0,0,0,0,2762241_subject_array_1739893086.bin
136210,2763054,NSJ-55,2763054.3,10,https://ftp.ncbi.nlm.nih.gov/genomes/all/GCF/014/287/475/GCF_014287475.1_ASM1428747v1,10,2763054.3.fna,GCF_014287475.1_ASM1428747v1_genomic.fna, 3598112, 3598112,2763054.3.fna_vs_GCF_014287475.1_ASM1428747v1_genomic.fna_blast.xml,0,0,0,0,0,0,0,0,3598112,0,0,0,0,0,0,2763054_subject_array_1739893087.bin
136215,2763061,NSJ-9,2763061.3,10,https://ftp.ncbi.nlm.nih.gov/genomes/all/GCF/014/287/435/GCF_014287435.1_ASM1428743v1,10,2763061.3.fna,GCF_014287435.1_ASM1428743v1_genomic.fna, 2558168, 2558168,2763061.3.fna_vs_GCF_014287435.1_ASM1428743v1_genomic.fna_blast.xml,0,0,0,0,0,0,0,0,2558168,0,0,0,0,0,0,2763061_subject_array_1739893088.bin
136255,2763656,NSJ-63,2763656.3,10,https://ftp.ncbi.nlm.nih.gov/genomes/all/GCF/014/384/805/GCF_014384805.1_ASM1438480v1,10,2763656.3.fna,GCF_014384805.1_ASM1438480v1_genomic.fna, 2203091, 2203091,2763656.3.fna_vs_GCF_014384805.1_ASM1438480v1_genomic.fna_blast.xml,0,0,0,0,0,0,0,0,2203091,0,0,0,0,0,0,2763656_subject_array_1739893088.bin
136299,2764714,F-380,2764715.3,10,https://ftp.ncbi.nlm.nih.gov/genomes/all/GCF/014/305/115/GCF_014305115.1_ASM1430511v1,10,2764715.3.fna,GCF_014305115.1_ASM1430511v1_genomic.fna, 3579693, 3579693,2764715.3.fna_vs_GCF_014305115.1_ASM1430511v1_genomic.fna_blast.xml,0,0,0,0,0,0,1,745,3578943,0,0,4,0,0,0,2764715_subject_array_1739893090.bin
136300,2764714,F-47,2764714.3,10,https://ftp.ncbi.nlm.nih.gov/genomes/all/GCF/014/305/095/GCF_014305095.1_ASM1430509v1,10,2764714.3.fna,GCF_014305095.1_ASM1430509v1_genomic.fna, 3580226, 3580226,2764714.3.fna_vs_GCF_014305095.1_ASM1430509v1_genomic.fna_blast.xml,0,0,0,0,0,0,1,546,3579675,0,0,4,0,0,0,2764714_subject_array_1739893091.bin
136350,2766953,GS001,2766953.5,10,https://ftp.ncbi.nlm.nih.gov/genomes/all/GCF/021/595/565/GCF_021595565.1_ASM2159556v1,10,2766953.5.fna,GCF_021595565.1_ASM2159556v1_genomic.fna, 1944550, 1944550,2766953.5.fna_vs_GCF_021595565.1_ASM2159556v1_genomic.fna_blast.xml,0,0,0,0,0,0,0,191,1944359,0,0,0,0,0,0,2766953_subject_array_1739893091.bin
136433,2768161,1318,2768161.3,10,https://ftp.ncbi.nlm.nih.gov/genomes/all/GCF/017/654/485/GCF_017654485.1_ASM1765448v1,10,2768161.3.fna,GCF_017654485.1_ASM1765448v1_genomic.fna, 4833053, 4833053,2768161.3.fna_vs_GCF_017654485.1_ASM1765448v1_genomic.fna_blast.xml,0,0,0,0,0,0,0,0,4833053,0,0,0,0,0,0,2768161_subject_array_1739893093.bin
136538,2770548,cx-87,2770548.3,10,https://ftp.ncbi.nlm.nih.gov/genomes/all/GCF/014/529/995/GCF_014529995.1_ASM1452999v1,10,2770548.3.fna,GCF_014529995.1_ASM1452999v1_genomic.fna, 2936603, 2936603,2770548.3.fna_vs_GCF_014529995.1_ASM1452999v1_genomic.fna_blast.xml,0,0,0,0,0,0,0,0,2936603,0,0,0,0,0,0,2770548_subject_array_1739893094.bin
136562,2771377,cx-455,2771377.3,10,https://ftp.ncbi.nlm.nih.gov/genomes/all/GCF/014/698/015/GCF_014698015.1_ASM1469801v1,10,2771377.3.fna,GCF_014698015.1_ASM1469801v1_genomic.fna, 3058426, 3058426,2771377.3.fna_vs_GCF_014698015.1_ASM1469801v1_genomic.fna_blast.xml,0,0,0,0,0,0,0,0,3058426,0,0,0,0,0,0,2771377_subject_array_1739893095.bin
136669,2775268,CFBP8798,2775268.3,10,https://ftp.ncbi.nlm.nih.gov/genomes/all/GCF/014/841/195/GCF_014841195.1_ASM1484119v1,10,2775268.3.fna,GCF_014841195.1_ASM1484119v1_genomic.fna, 4301372, 4301372,2775268.3.fna_vs_GCF_014841195.1_ASM1484119v1_genomic.fna_blast.xml,0,0,0,0,0,0,0,0,4301372,0,0,0,0,0,0,2775268_subject_array_1739893097.bin
136801,2778647,B2A1Ga4,2778647.3,10,https://ftp.ncbi.nlm.nih.gov/genomes/all/GCF/018/101/315/GCF_018101315.1_ASM1810131v1,10,2778647.3.fna,GCF_018101315.1_ASM1810131v1_genomic.fna, 3847904, 3847904,2778647.3.fna_vs_GCF_018101315.1_ASM1810131v1_genomic.fna_blast.xml,0,0,0,0,0,0,0,0,3847904,0,0,0,0,0,0,2778647_subject_array_1739893098.bin
136810,2778730,BT552,2778730.3,10,https://ftp.ncbi.nlm.nih.gov/genomes/all/GCF/016/892/685/GCF_016892685.1_ASM1689268v1,10,2778730.3.fna,GCF_016892685.1_ASM1689268v1_genomic.fna, 4035561, 4035561,2778730.3.fna_vs_GCF_016892685.1_ASM1689268v1_genomic.fna_blast.xml,0,0,0,0,0,0,0,0,4035561,0,0,0,0,0,0,2778730_subject_array_1739893099.bin
137287,2785524,MH2013,2785524.3,10,https://ftp.ncbi.nlm.nih.gov/genomes/all/GCF/015/595/035/GCF_015595035.1_ASM1559503v1,10,2785524.3.fna,GCF_015595035.1_ASM1559503v1_genomic.fna, 3959157, 3959157,2785524.3.fna_vs_GCF_015595035.1_ASM1559503v1_genomic.fna_blast.xml,0,0,0,0,0,0,0,95,3959062,0,0,0,0,0,0,2785524_subject_array_1739893101.bin
137392,2787722,CAN_A7,2787722.4,10,https://ftp.ncbi.nlm.nih.gov/genomes/all/GCF/015/752/175/GCF_015752175.1_ASM1575217v1,10,2787722.4.fna,GCF_015752175.1_ASM1575217v1_genomic.fna, 4147385, 4147385,2787722.4.fna_vs_GCF_015752175.1_ASM1575217v1_genomic.fna_blast.xml,0,0,0,0,0,0,0,0,4147385,0,0,0,0,0,0,2787722_subject_array_1739893102.bin
137505,2792038,NK8237,2792038.3,10,https://ftp.ncbi.nlm.nih.gov/genomes/all/GCF/015/864/955/GCF_015864955.1_ASM1586495v1,10,2792038.3.fna,GCF_015864955.1_ASM1586495v1_genomic.fna, 3098144, 3098144,2792038.3.fna_vs_GCF_015864955.1_ASM1586495v1_genomic.fna_blast.xml,0,0,0,0,0,0,0,0,3098144,0,0,0,0,0,0,2792038_subject_array_1739893103.bin
137511,2792044,NSLL35,2792044.3,10,https://ftp.ncbi.nlm.nih.gov/genomes/all/GCF/015/864/865/GCF_015864865.1_ASM1586486v1,10,2792044.3.fna,GCF_015864865.1_ASM1586486v1_genomic.fna, 2934056, 2934056,2792044.3.fna_vs_GCF_015864865.1_ASM1586486v1_genomic.fna_blast.xml,0,0,0,0,0,0,0,0,2934056,0,0,0,0,0,0,2792044_subject_array_1739893104.bin
137671,2794938,Gae_MOB,2794938.3,10,https://ftp.ncbi.nlm.nih.gov/genomes/all/GCF/016/097/405/GCF_016097405.1_ASM1609740v1,10,2794938.3.fna,GCF_016097405.1_ASM1609740v1_genomic.fna, 2931369, 2931369,2794938.3.fna_vs_GCF_016097405.1_ASM1609740v1_genomic.fna_blast.xml,0,0,0,0,0,0,0,47359,2884010,0,0,0,0,0,0,2794938_subject_array_1739893106.bin
137814,2797638,L7,2797638.3,10,https://ftp.ncbi.nlm.nih.gov/genomes/all/GCF/016/745/235/GCF_016745235.1_ASM1674523v1,10,2797638.3.fna,GCF_016745235.1_ASM1674523v1_genomic.fna, 4931506, 4931506,2797638.3.fna_vs_GCF_016745235.1_ASM1674523v1_genomic.fna_blast.xml,0,0,0,0,0,0,0,91,4931414,0,0,0,1,0,0,2797638_subject_array_1739893108.bin
138004,2801337,G10,2801337.3,10,https://ftp.ncbi.nlm.nih.gov/genomes/all/GCF/016/735/675/GCF_016735675.1_ASM1673567v1,10,2801337.3.fna,GCF_016735675.1_ASM1673567v1_genomic.fna, 4231096, 4231096,2801337.3.fna_vs_GCF_016735675.1_ASM1673567v1_genomic.fna_blast.xml,0,0,0,0,0,0,0,84,4231012,0,0,0,0,0,0,2801337_subject_array_1739893109.bin
138083,28025,AM04S-57,28025.271,10,https://ftp.ncbi.nlm.nih.gov/genomes/all/GCF/027/662/985/GCF_027662985.1_ASM2766298v1,10,28025.271.fna,GCF_027662985.1_ASM2766298v1_genomic.fna,  778249, 2000609,28025.271.fna_vs_GCF_027662985.1_ASM2766298v1_genomic.fna_blast.xml,0,0,4,2,0,0,17,1219797,779521,0,26,392,842,0,8,28025_subject_array_1739893110.bin
138158,28026,1001262B_160229_B11,28026.1032,10,https://ftp.ncbi.nlm.nih.gov/genomes/all/GCF/015/667/675/GCF_015667675.1_ASM1566767v1,10,28026.1032.fna,GCF_015667675.1_ASM1566767v1_genomic.fna, 2353546, 2353546,28026.1032.fna_vs_GCF_015667675.1_ASM1566767v1_genomic.fna_blast.xml,0,0,0,0,0,0,0,331,2353215,0,0,0,0,0,0,28026_subject_array_1739893111.bin
138174,28026,1001283st2_E4_1001283B150304_161114,28026.1522,10,https://ftp.ncbi.nlm.nih.gov/genomes/all/GCF/028/310/395/GCF_028310395.1_ASM2831039v1,10,28026.1522.fna,GCF_028310395.1_ASM2831039v1_genomic.fna, 2103387, 2154303,28026.1522.fna_vs_GCF_028310395.1_ASM2831039v1_genomic.fna_blast.xml,0,0,1,1,0,0,20,48500,2105137,0,44,331,268,0,1,28026_subject_array_1739893111.bin
138203,28026,AF35-8ACA,28026.1485,10,https://ftp.ncbi.nlm.nih.gov/genomes/all/GCF/027/683/345/GCF_027683345.1_ASM2768334v1,10,28026.1485.fna,GCF_027683345.1_ASM2768334v1_genomic.fna, 1490413, 2133693,28026.1485.fna_vs_GCF_027683345.1_ASM2768334v1_genomic.fna_blast.xml,0,0,9,0,0,0,1,642577,1490567,0,0,64,469,0,6,28026_subject_array_1739893112.bin
138304,28026,IF01-02pH9,28026.1507,10,https://ftp.ncbi.nlm.nih.gov/genomes/all/GCF/027/696/285/GCF_027696285.1_ASM2769628v1,10,28026.1507.fna,GCF_027696285.1_ASM2769628v1_genomic.fna, 1602002, 2241074,28026.1507.fna_vs_GCF_027696285.1_ASM2769628v1_genomic.fna_blast.xml,0,0,11,12,0,0,31,634796,1603720,0,37,667,1756,0,44,28026_subject_array_1739893112.bin
138367,28026,TM07-3AT,28026.130,10,https://ftp.ncbi.nlm.nih.gov/genomes/all/GCF/003/436/315/GCF_003436315.1_ASM343631v1,10,28026.130.fna,GCF_003436315.1_ASM343631v1_genomic.fna, 2242522, 2242522,28026.130.fna_vs_GCF_003436315.1_ASM343631v1_genomic.fna_blast.xml,0,0,0,0,0,0,0,135,2242387,0,0,0,0,0,0,28026_subject_array_1739893113.bin
139098,2807617,Os4,2807617.3,10,https://ftp.ncbi.nlm.nih.gov/genomes/all/GCF/016/820/245/GCF_016820245.1_ASM1682024v1,10,2807617.3.fna,GCF_016820245.1_ASM1682024v1_genomic.fna, 3539904, 3539904,2807617.3.fna_vs_GCF_016820245.1_ASM1682024v1_genomic.fna_blast.xml,0,0,0,0,0,0,0,0,3539904,0,0,0,0,0,0,2807617_subject_array_1739893114.bin
139368,2809017,UL073,2809017.3,10,https://ftp.ncbi.nlm.nih.gov/genomes/all/GCF/016/901/015/GCF_016901015.1_ASM1690101v1,10,2809017.3.fna,GCF_016901015.1_ASM1690101v1_genomic.fna, 4869730, 4869730,2809017.3.fna_vs_GCF_016901015.1_ASM1690101v1_genomic.fna_blast.xml,0,0,0,0,0,0,0,0,4869730,0,0,0,0,0,0,2809017_subject_array_1739893116.bin
139740,2810408,MIN9,2810408.4,10,https://ftp.ncbi.nlm.nih.gov/genomes/all/GCF/017/570/665/GCF_017570665.1_ASM1757066v1,10,2810408.4.fna,GCF_017570665.1_ASM1757066v1_genomic.fna, 5032799, 5032799,2810408.4.fna_vs_GCF_017570665.1_ASM1757066v1_genomic.fna_blast.xml,0,0,0,0,0,0,0,0,5032799,0,0,0,0,0,0,2810408_subject_array_1739893118.bin
139851,28110,FSC153,28110.64,10,https://ftp.ncbi.nlm.nih.gov/genomes/all/GCF/016/604/645/GCF_016604645.1_ASM1660464v1,10,28110.64.fna,GCF_016604645.1_ASM1660464v1_genomic.fna, 1883603, 1883603,28110.64.fna_vs_GCF_016604645.1_ASM1660464v1_genomic.fna_blast.xml,0,0,0,0,0,0,0,93,1883510,0,0,0,0,0,0,28110_subject_array_1739893119.bin
139852,28110,FSC154,28110.63,10,https://ftp.ncbi.nlm.nih.gov/genomes/all/GCF/016/604/625/GCF_016604625.1_ASM1660462v1,10,28110.63.fna,GCF_016604625.1_ASM1660462v1_genomic.fna, 1911676, 1911676,28110.63.fna_vs_GCF_016604625.1_ASM1660462v1_genomic.fna_blast.xml,0,0,0,0,0,0,0,0,1911676,0,0,0,0,0,0,28110_subject_array_1739893120.bin
140524,2813773,CX87,2813773.3,10,https://ftp.ncbi.nlm.nih.gov/genomes/all/GCF/018/682/295/GCF_018682295.1_ASM1868229v1,10,2813773.3.fna,GCF_018682295.1_ASM1868229v1_genomic.fna, 2936603, 2936603,2813773.3.fna_vs_GCF_018682295.1_ASM1868229v1_genomic.fna_blast.xml,0,0,0,0,0,0,0,0,2936603,0,0,0,0,0,0,2813773_subject_array_1739893121.bin
140603,28141,B3,28141.1245,10,https://ftp.ncbi.nlm.nih.gov/genomes/all/GCF/033/795/345/GCF_033795345.1_ASM3379534v1,10,28141.1245.fna,GCF_033795345.1_ASM3379534v1_genomic.fna, 4442868, 4442868,28141.1245.fna_vs_GCF_033795345.1_ASM3379534v1_genomic.fna_blast.xml,0,0,0,1,0,0,0,0,4442867,0,0,0,0,0,0,28141_subject_array_1739893122.bin
141172,28144,2014LSAL03785,28144.203,10,https://ftp.ncbi.nlm.nih.gov/genomes/all/GCF/003/549/595/GCF_003549595.1_ASM354959v1,10,28144.203.fna,GCF_003549595.1_ASM354959v1_genomic.fna, 4702452, 4702452,28144.203.fna_vs_GCF_003549595.1_ASM354959v1_genomic.fna_blast.xml,0,0,0,0,0,0,0,186,4702263,0,0,0,3,0,0,28144_subject_array_1739893124.bin
141194,28144,2015LSAL00219,28144.117,10,https://ftp.ncbi.nlm.nih.gov/genomes/all/GCF/003/547/875/GCF_003547875.1_ASM354787v1,10,28144.117.fna,GCF_003547875.1_ASM354787v1_genomic.fna, 4795674, 4795674,28144.117.fna_vs_GCF_003547875.1_ASM354787v1_genomic.fna_blast.xml,0,0,0,0,0,0,0,0,4795672,0,1,1,0,0,0,28144_subject_array_1739893125.bin
141689,2816955,zg-ZUI22,2816955.3,10,https://ftp.ncbi.nlm.nih.gov/genomes/all/GCF/017/353/535/GCF_017353535.1_ASM1735353v1,10,2816955.3.fna,GCF_017353535.1_ASM1735353v1_genomic.fna, 4081582, 4081582,2816955.3.fna_vs_GCF_017353535.1_ASM1735353v1_genomic.fna_blast.xml,0,0,0,0,0,0,0,0,4081582,0,0,0,0,0,0,2816955_subject_array_1739893127.bin
142015,2817959,B3919,2817959.3,10,https://ftp.ncbi.nlm.nih.gov/genomes/all/GCF/026/537/405/GCF_026537405.1_ASM2653740v1,10,2817959.3.fna,GCF_026537405.1_ASM2653740v1_genomic.fna, 2318874, 2318874,2817959.3.fna_vs_GCF_026537405.1_ASM2653740v1_genomic.fna_blast.xml,0,0,0,0,0,0,0,382,2318491,0,0,1,0,0,0,2817959_subject_array_1739893128.bin
142211,28189,13223B-3,28189.11,10,https://ftp.ncbi.nlm.nih.gov/genomes/all/GCF/022/180/425/GCF_022180425.1_ASM2218042v1,10,28189.11.fna,GCF_022180425.1_ASM2218042v1_genomic.fna, 2737864, 2737864,28189.11.fna_vs_GCF_022180425.1_ASM2218042v1_genomic.fna_blast.xml,0,0,0,0,0,0,0,370,2737494,0,0,0,0,0,0,28189_subject_array_1739893128.bin
142311,28195,DSM 5718,28195.3,10,https://ftp.ncbi.nlm.nih.gov/genomes/all/GCF/011/761/635/GCF_011761635.1_ASM1176163v1,10,28195.3.fna,GCF_011761635.1_ASM1176163v1_genomic.fna, 2693118, 2693118,28195.3.fna_vs_GCF_011761635.1_ASM1176163v1_genomic.fna_blast.xml,0,0,0,0,0,0,0,179,2692924,0,0,0,15,0,0,28195_subject_array_1739893129.bin
142650,28198,F119-2G,28198.191,10,https://ftp.ncbi.nlm.nih.gov/genomes/all/GCF/025/335/035/GCF_025335035.1_ASM2533503v1,10,28198.191.fna,GCF_025335035.1_ASM2533503v1_genomic.fna, 1929941, 1929941,28198.191.fna_vs_GCF_025335035.1_ASM2533503v1_genomic.fna_blast.xml,0,0,0,0,0,0,0,0,1929941,0,0,0,0,0,0,28198_subject_array_1739893130.bin
142717,28200,BJSY19SF2-1,28200.77,10,https://ftp.ncbi.nlm.nih.gov/genomes/all/GCF/033/796/405/GCF_033796405.1_ASM3379640v1,10,28200.77.fna,GCF_033796405.1_ASM3379640v1_genomic.fna, 1794826, 1794826,28200.77.fna_vs_GCF_033796405.1_ASM3379640v1_genomic.fna_blast.xml,0,0,0,0,0,0,0,0,1794826,0,0,0,0,0,0,28200_subject_array_1739893131.bin
142750,2820276,L1K23,2820276.3,10,https://ftp.ncbi.nlm.nih.gov/genomes/all/GCF/018/122/705/GCF_018122705.1_ASM1812270v1,10,2820276.3.fna,GCF_018122705.1_ASM1812270v1_genomic.fna, 4690416, 4690416,2820276.3.fna_vs_GCF_018122705.1_ASM1812270v1_genomic.fna_blast.xml,0,0,0,0,0,0,0,1450,4688931,0,0,0,35,0,0,2820276_subject_array_1739893132.bin
142969,2823739,L2F,2823739.3,10,https://ftp.ncbi.nlm.nih.gov/genomes/all/GCF/024/345/695/GCF_024345695.1_ASM2434569v1,10,2823739.3.fna,GCF_024345695.1_ASM2434569v1_genomic.fna, 3037934, 3037934,2823739.3.fna_vs_GCF_024345695.1_ASM2434569v1_genomic.fna_blast.xml,0,0,0,0,0,0,0,0,3037934,0,0,0,0,0,0,2823739_subject_array_1739893133.bin
143066,28251,46,28251.32,10,https://ftp.ncbi.nlm.nih.gov/genomes/all/GCF/023/016/765/GCF_023016765.1_ASM2301676v1,10,28251.32.fna,GCF_023016765.1_ASM2301676v1_genomic.fna, 2371486, 2371486,28251.32.fna_vs_GCF_023016765.1_ASM2301676v1_genomic.fna_blast.xml,0,0,0,0,0,0,0,0,2369707,0,0,0,1778,0,1,28251_subject_array_1739893134.bin
143216,2828363,MC-28,2828363.27,10,https://ftp.ncbi.nlm.nih.gov/genomes/all/GCF/019/754/895/GCF_019754895.1_ASM1975489v1,10,2828363.27.fna,GCF_019754895.1_ASM1975489v1_genomic.fna, 2501392, 2501392,2828363.27.fna_vs_GCF_019754895.1_ASM1975489v1_genomic.fna_blast.xml,0,0,0,0,0,0,0,0,2501392,0,0,0,0,0,0,2828363_subject_array_1739893135.bin
143776,283734,DG062,283734.2390,10,https://ftp.ncbi.nlm.nih.gov/genomes/all/GCF/016/482/085/GCF_016482085.1_ASM1648208v1,10,283734.2390.fna,GCF_016482085.1_ASM1648208v1_genomic.fna, 2991046, 2991046,283734.2390.fna_vs_GCF_016482085.1_ASM1648208v1_genomic.fna_blast.xml,0,0,0,0,0,0,0,0,2991046,0,0,0,0,0,0,283734_subject_array_1739893136.bin
143777,283734,DG063,283734.2389,10,https://ftp.ncbi.nlm.nih.gov/genomes/all/GCF/016/482/045/GCF_016482045.1_ASM1648204v1,10,283734.2389.fna,GCF_016482045.1_ASM1648204v1_genomic.fna, 2981523, 2981523,283734.2389.fna_vs_GCF_016482045.1_ASM1648204v1_genomic.fna_blast.xml,0,0,0,0,0,0,0,0,2981523,0,0,0,0,0,0,283734_subject_array_1739893137.bin
144173,2838835,LX-100,2838835.3,10,https://ftp.ncbi.nlm.nih.gov/genomes/all/GCF/018/599/225/GCF_018599225.1_ASM1859922v1,10,2838835.3.fna,GCF_018599225.1_ASM1859922v1_genomic.fna, 3829662, 3829662,2838835.3.fna_vs_GCF_018599225.1_ASM1859922v1_genomic.fna_blast.xml,0,0,0,0,0,0,0,0,3829661,0,0,1,0,0,0,2838835_subject_array_1739893138.bin
144217,2839968,SZY H36,2839968.3,10,https://ftp.ncbi.nlm.nih.gov/genomes/all/GCF/018/829/625/GCF_018829625.1_ASM1882962v1,10,2839968.3.fna,GCF_018829625.1_ASM1882962v1_genomic.fna, 1861813, 1861813,2839968.3.fna_vs_GCF_018829625.1_ASM1882962v1_genomic.fna_blast.xml,0,0,0,0,0,0,0,0,1861813,0,0,0,0,0,0,2839968_subject_array_1739893139.bin
144244,284039,NBRC 15456,284039.3,10,https://ftp.ncbi.nlm.nih.gov/genomes/all/GCF/016/755/875/GCF_016755875.1_ASM1675587v1,10,284039.3.fna,GCF_016755875.1_ASM1675587v1_genomic.fna, 8857713, 8857713,284039.3.fna_vs_GCF_016755875.1_ASM1675587v1_genomic.fna_blast.xml,0,0,0,0,0,0,0,0,8857713,0,0,0,0,0,0,284039_subject_array_1739893142.bin
144315,2841570,B2R22,2841570.3,10,https://ftp.ncbi.nlm.nih.gov/genomes/all/GCF/018/861/045/GCF_018861045.1_ASM1886104v1,10,2841570.3.fna,GCF_018861045.1_ASM1886104v1_genomic.fna, 3317300, 3317300,2841570.3.fna_vs_GCF_018861045.1_ASM1886104v1_genomic.fna_blast.xml,0,0,0,0,0,0,0,108,3317192,0,0,0,0,0,0,2841570_subject_array_1739893143.bin
145770,28450,MSHR44,1435988.3,10,https://ftp.ncbi.nlm.nih.gov/genomes/all/GCF/000/774/975/GCF_000774975.1_BPG,10,1435988.3.fna,GCF_000774975.1_BPG_genomic.fna, 7672516, 7673116,1435988.3.fna_vs_GCF_000774975.1_BPG_genomic.fna_blast.xml,0,0,0,0,0,0,0,542,7672570,0,0,4,0,0,0,1435988_subject_array_1739893146.bin
146179,2849497,TAE3-ERU2,2849497.3,10,https://ftp.ncbi.nlm.nih.gov/genomes/all/GCF/019/209/955/GCF_019209955.1_ASM1920995v1,10,2849497.3.fna,GCF_019209955.1_ASM1920995v1_genomic.fna, 2477954, 2477954,2849497.3.fna_vs_GCF_019209955.1_ASM1920995v1_genomic.fna_blast.xml,0,0,0,0,0,0,0,0,2477954,0,0,0,0,0,0,2849497_subject_array_1739893147.bin
146311,285458,5-1-3,285458.5,10,https://ftp.ncbi.nlm.nih.gov/genomes/all/GCF/001/746/465/GCF_001746465.1_ASM174646v1,10,285458.5.fna,GCF_001746465.1_ASM174646v1_genomic.fna, 9514325, 9514325,285458.5.fna_vs_GCF_001746465.1_ASM174646v1_genomic.fna_blast.xml,0,0,0,0,0,0,0,0,9514325,0,0,0,0,0,0,285458_subject_array_1739893150.bin
146393,285557,NBRC 15389,285557.3,10,https://ftp.ncbi.nlm.nih.gov/genomes/all/GCF/009/811/555/GCF_009811555.1_ASM981155v1,10,285557.3.fna,GCF_009811555.1_ASM981155v1_genomic.fna, 9147309, 9147309,285557.3.fna_vs_GCF_009811555.1_ASM981155v1_genomic.fna_blast.xml,0,0,0,0,0,0,0,0,9147309,0,0,0,0,0,0,285557_subject_array_1739893154.bin
146414,285574,NBC_00026,285574.13,10,https://ftp.ncbi.nlm.nih.gov/genomes/all/GCF/026/343/645/GCF_026343645.1_ASM2634364v1,10,285574.13.fna,GCF_026343645.1_ASM2634364v1_genomic.fna, 8781837, 8781837,285574.13.fna_vs_GCF_026343645.1_ASM2634364v1_genomic.fna_blast.xml,0,0,0,0,0,0,0,0,8781835,0,0,2,0,0,0,285574_subject_array_1739893157.bin
146556,2861806,P13-6,2861806.3,10,https://ftp.ncbi.nlm.nih.gov/genomes/all/GCF/019/431/295/GCF_019431295.1_ASM1943129v1,10,2861806.3.fna,GCF_019431295.1_ASM1943129v1_genomic.fna, 5676370, 5676370,2861806.3.fna_vs_GCF_019431295.1_ASM1943129v1_genomic.fna_blast.xml,0,0,0,0,0,0,0,0,5676370,0,0,0,0,0,0,2861806_subject_array_1739893159.bin
146601,2864113,LJ756,2864113.3,10,https://ftp.ncbi.nlm.nih.gov/genomes/all/GCF/019/449/355/GCF_019449355.1_ASM1944935v1,10,2864113.3.fna,GCF_019449355.1_ASM1944935v1_genomic.fna, 3398026, 3398026,2864113.3.fna_vs_GCF_019449355.1_ASM1944935v1_genomic.fna_blast.xml,0,0,0,0,0,0,0,0,3398024,0,0,2,0,0,0,2864113_subject_array_1739893161.bin
146700,2866598,Marseille-Q4154,2866598.9,10,https://ftp.ncbi.nlm.nih.gov/genomes/all/GCF/916/700/545/GCF_916700545.1_PRJEB46725,10,2866598.9.fna,GCF_916700545.1_PRJEB46725_genomic.fna, 1682274, 1682274,2866598.9.fna_vs_GCF_916700545.1_PRJEB46725_genomic.fna_blast.xml,0,0,0,0,0,0,0,0,1682274,0,0,0,0,0,0,2866598_subject_array_1739893161.bin
146709,2866716,Nhm2S1,2866716.3,10,https://ftp.ncbi.nlm.nih.gov/genomes/all/GCF/019/599/545/GCF_019599545.1_ASM1959954v1,10,2866716.3.fna,GCF_019599545.1_ASM1959954v1_genomic.fna, 3926919, 3926919,2866716.3.fna_vs_GCF_019599545.1_ASM1959954v1_genomic.fna_blast.xml,0,0,0,0,0,0,0,100,3926818,0,1,0,0,0,0,2866716_subject_array_1739893163.bin
146751,286727,A2P,286727.3,10,https://ftp.ncbi.nlm.nih.gov/genomes/all/GCF/900/177/515/GCF_900177515.1_IMG-taxon_2622736610_annotated_assembly,10,286727.3.fna,GCF_900177515.1_IMG-taxon_2622736610_annotated_assembly_genomic.fna, 7674686, 7674686,286727.3.fna_vs_GCF_900177515.1_IMG-taxon_2622736610_annotated_assembly_genomic.fna_blast.xml,0,0,0,0,0,0,0,0,7674686,0,0,0,0,0,0,286727_subject_array_1739893165.bin
147376,287,208,287.14067,10,https://ftp.ncbi.nlm.nih.gov/genomes/all/GCF/016/836/645/GCF_016836645.1_208,10,287.14067.fna,GCF_016836645.1_208_genomic.fna, 6954895, 6954895,287.14067.fna_vs_GCF_016836645.1_208_genomic.fna_blast.xml,0,0,0,0,0,0,0,7030,6947830,0,0,18,17,0,0,287_subject_array_1739893168.bin
147402,287,217,287.14065,10,https://ftp.ncbi.nlm.nih.gov/genomes/all/GCF/016/836/605/GCF_016836605.1_217,10,287.14065.fna,GCF_016836605.1_217_genomic.fna, 6958100, 6958100,287.14065.fna_vs_GCF_016836605.1_217_genomic.fna_blast.xml,0,0,0,0,0,0,0,6716,6951348,0,0,19,17,0,0,287_subject_array_1739893170.bin
147509,287,255,287.14059,10,https://ftp.ncbi.nlm.nih.gov/genomes/all/GCF/016/836/465/GCF_016836465.1_255,10,287.14059.fna,GCF_016836465.1_255_genomic.fna, 6917762, 6917762,287.14059.fna_vs_GCF_016836465.1_255_genomic.fna_blast.xml,0,0,0,0,0,0,0,7084,6910663,0,0,14,1,0,0,287_subject_array_1739893173.bin
149510,287,DVT466,287.11530,10,https://ftp.ncbi.nlm.nih.gov/genomes/all/GCF/013/240/315/GCF_013240315.1_ASM1324031v1,10,287.11530.fna,GCF_013240315.1_ASM1324031v1_genomic.fna, 6515216, 6515216,287.11530.fna_vs_GCF_013240315.1_ASM1324031v1_genomic.fna_blast.xml,0,0,0,0,0,0,0,0,6515216,0,0,0,0,0,0,287_subject_array_1739893175.bin
150838,287,LHL-37,287.25270,10,https://ftp.ncbi.nlm.nih.gov/genomes/all/GCF/023/818/395/GCF_023818395.1_ASM2381839v1,10,287.25270.fna,GCF_023818395.1_ASM2381839v1_genomic.fna, 7232994, 7232994,287.25270.fna_vs_GCF_023818395.1_ASM2381839v1_genomic.fna_blast.xml,0,0,0,0,0,0,0,0,7232994,0,0,0,0,0,0,287_subject_array_1739893178.bin
150985,287,M55212,287.5678,10,https://ftp.ncbi.nlm.nih.gov/genomes/all/GCF/002/927/235/GCF_002927235.1_ASM292723v1,10,287.5678.fna,GCF_002927235.1_ASM292723v1_genomic.fna, 7355395, 7355395,287.5678.fna_vs_GCF_002927235.1_ASM292723v1_genomic.fna_blast.xml,0,0,0,0,0,0,0,0,7355395,0,0,0,0,0,0,287_subject_array_1739893180.bin
152987,287,PaLo23,287.28411,10,https://ftp.ncbi.nlm.nih.gov/genomes/all/GCF/027/856/055/GCF_027856055.1_ASM2785605v1,10,287.28411.fna,GCF_027856055.1_ASM2785605v1_genomic.fna, 3076122, 7267925,287.28411.fna_vs_GCF_027856055.1_ASM2785605v1_genomic.fna_blast.xml,0,0,670,116,1,0,369,4042181,3126104,0,536,16884,80299,0,765,287_subject_array_1739893182.bin
155167,2875948,cx-55,2875948.16,10,https://ftp.ncbi.nlm.nih.gov/genomes/all/GCF/020/037/975/GCF_020037975.1_ASM2003797v1,10,2875948.16.fna,GCF_020037975.1_ASM2003797v1_genomic.fna, 3285242, 3285242,2875948.16.fna_vs_GCF_020037975.1_ASM2003797v1_genomic.fna_blast.xml,0,0,0,0,0,0,0,0,3285242,0,0,0,0,0,0,2875948_subject_array_1739893183.bin
155247,2877000,LR1,2877000.9,10,https://ftp.ncbi.nlm.nih.gov/genomes/all/GCF/020/166/105/GCF_020166105.1_ASM2016610v1,10,2877000.9.fna,GCF_020166105.1_ASM2016610v1_genomic.fna, 4021524, 4021524,2877000.9.fna_vs_GCF_020166105.1_ASM2016610v1_genomic.fna_blast.xml,0,0,0,0,0,0,0,0,4021524,0,0,0,0,0,0,2877000_subject_array_1739893184.bin
155589,288768,H050680373,288768.6,10,https://ftp.ncbi.nlm.nih.gov/genomes/all/GCF/900/078/705/GCF_900078705.1_H050680373,10,288768.6.fna,GCF_900078705.1_H050680373_genomic.fna, 6205182, 6205182,288768.6.fna_vs_GCF_900078705.1_H050680373_genomic.fna_blast.xml,0,0,0,0,0,0,0,0,6205182,0,0,0,0,0,0,288768_subject_array_1739893186.bin
157660,28901,S12_Nano,28901.20715,10,https://ftp.ncbi.nlm.nih.gov/genomes/all/GCF/033/355/105/GCF_033355105.1_ASM3335510v1,10,28901.20715.fna,GCF_033355105.1_ASM3335510v1_genomic.fna, 5258891, 5258891,28901.20715.fna_vs_GCF_033355105.1_ASM3335510v1_genomic.fna_blast.xml,0,0,0,0,0,0,0,0,5258891,0,0,0,0,0,0,28901_subject_array_1739893188.bin
158525,2894196,JC732,2894196.7,10,https://ftp.ncbi.nlm.nih.gov/genomes/all/GCF/020/966/755/GCF_020966755.1_ASM2096675v1,10,2894196.7.fna,GCF_020966755.1_ASM2096675v1_genomic.fna, 7051236, 7051236,2894196.7.fna_vs_GCF_020966755.1_ASM2096675v1_genomic.fna_blast.xml,0,0,0,0,0,0,0,434,7050802,0,0,0,0,0,0,2894196_subject_array_1739893191.bin
158659,2898659,SYSU K20354,2898659.8,10,https://ftp.ncbi.nlm.nih.gov/genomes/all/GCF/021/044/935/GCF_021044935.1_ASM2104493v1,10,2898659.8.fna,GCF_021044935.1_ASM2104493v1_genomic.fna, 4074721, 4074721,2898659.8.fna_vs_GCF_021044935.1_ASM2104493v1_genomic.fna_blast.xml,0,0,0,0,0,0,0,0,4074721,0,0,0,0,0,0,2898659_subject_array_1739893192.bin
158727,2898794,RHs26,2898794.6,10,https://ftp.ncbi.nlm.nih.gov/genomes/all/GCF/021/233/055/GCF_021233055.1_ASM2123305v1,10,2898794.6.fna,GCF_021233055.1_ASM2123305v1_genomic.fna, 7333475, 7333475,2898794.6.fna_vs_GCF_021233055.1_ASM2123305v1_genomic.fna_blast.xml,0,0,0,0,0,0,0,0,7333475,0,0,0,0,0,0,2898794_subject_array_1739893195.bin
158764,2899784,DNF-1,2899784.7,10,https://ftp.ncbi.nlm.nih.gov/genomes/all/GCF/021/272/385/GCF_021272385.1_ASM2127238v1,10,2899784.7.fna,GCF_021272385.1_ASM2127238v1_genomic.fna, 4461573, 4461573,2899784.7.fna_vs_GCF_021272385.1_ASM2127238v1_genomic.fna_blast.xml,0,0,0,0,0,0,0,0,4461573,0,0,0,0,0,0,2899784_subject_array_1739893197.bin
158807,2901230,LB17,2901230.6,10,https://ftp.ncbi.nlm.nih.gov/genomes/all/GCF/022/565/915/GCF_022565915.1_ASM2256591v1,10,2901230.6.fna,GCF_022565915.1_ASM2256591v1_genomic.fna, 2819602, 2819602,2901230.6.fna_vs_GCF_022565915.1_ASM2256591v1_genomic.fna_blast.xml,0,0,0,0,0,0,0,0,2819602,0,0,0,0,0,0,2901230_subject_array_1739893198.bin
158917,2903648,NBC_00424,2903648.3,10,https://ftp.ncbi.nlm.nih.gov/genomes/all/GCF/026/342/085/GCF_026342085.1_ASM2634208v1,10,2903648.3.fna,GCF_026342085.1_ASM2634208v1_genomic.fna, 9813041, 9813041,2903648.3.fna_vs_GCF_026342085.1_ASM2634208v1_genomic.fna_blast.xml,0,0,0,0,0,0,1,0,9813009,0,0,4,27,0,0,2903648_subject_array_1739893201.bin
158964,2903795,NBC_01242,2903795.3,10,https://ftp.ncbi.nlm.nih.gov/genomes/all/GCF/026/340/885/GCF_026340885.1_ASM2634088v1,10,2903795.3.fna,GCF_026340885.1_ASM2634088v1_genomic.fna, 8861347, 8861347,2903795.3.fna_vs_GCF_026340885.1_ASM2634088v1_genomic.fna_blast.xml,0,0,0,0,0,0,2,0,8861344,0,1,0,0,0,0,2903795_subject_array_1739893205.bin
158972,2903804,NBC_01264,2903804.3,10,https://ftp.ncbi.nlm.nih.gov/genomes/all/GCF/026/340/675/GCF_026340675.1_ASM2634067v1,10,2903804.3.fna,GCF_026340675.1_ASM2634067v1_genomic.fna, 10673219, 10673219,2903804.3.fna_vs_GCF_026340675.1_ASM2634067v1_genomic.fna_blast.xml,0,0,0,0,0,0,0,0,10673216,0,1,2,0,0,0,2903804_subject_array_1739893210.bin
159013,2903864,NBC_01433,2903864.3,10,https://ftp.ncbi.nlm.nih.gov/genomes/all/GCF/026/340/105/GCF_026340105.1_ASM2634010v1,10,2903864.3.fna,GCF_026340105.1_ASM2634010v1_genomic.fna, 10404662, 10404662,2903864.3.fna_vs_GCF_026340105.1_ASM2634010v1_genomic.fna_blast.xml,0,0,0,0,0,0,9,0,10404580,0,23,50,0,0,0,2903864_subject_array_1739893213.bin
159228,2908649,614A,2908649.7,10,https://ftp.ncbi.nlm.nih.gov/genomes/all/GCF/021/462/415/GCF_021462415.1_ASM2146241v1,10,2908649.7.fna,GCF_021462415.1_ASM2146241v1_genomic.fna, 4693446, 4693446,2908649.7.fna_vs_GCF_021462415.1_ASM2146241v1_genomic.fna_blast.xml,0,0,0,0,0,0,0,300,4693146,0,0,0,0,0,0,2908649_subject_array_1739893215.bin
159235,2908841,H1R,2908841.7,10,https://ftp.ncbi.nlm.nih.gov/genomes/all/GCF/021/462/425/GCF_021462425.1_ASM2146242v1,10,2908841.7.fna,GCF_021462425.1_ASM2146242v1_genomic.fna, 4233774, 4233774,2908841.7.fna_vs_GCF_021462425.1_ASM2146242v1_genomic.fna_blast.xml,0,0,0,0,0,0,3,0,4233770,0,0,1,0,0,0,2908841_subject_array_1739893216.bin
159309,2910965,HSC-33S16,2910965.3,10,https://ftp.ncbi.nlm.nih.gov/genomes/all/GCF/024/171/565/GCF_024171565.1_ASM2417156v1,10,2910965.3.fna,GCF_024171565.1_ASM2417156v1_genomic.fna, 3231809, 3231809,2910965.3.fna_vs_GCF_024171565.1_ASM2417156v1_genomic.fna_blast.xml,0,0,0,0,0,0,0,0,3231809,0,0,0,0,0,0,2910965_subject_array_1739893217.bin
159313,2910970,HSC-36S06,2910970.3,10,https://ftp.ncbi.nlm.nih.gov/genomes/all/GCF/024/171/485/GCF_024171485.1_ASM2417148v1,10,2910970.3.fna,GCF_024171485.1_ASM2417148v1_genomic.fna, 2713674, 2713674,2910970.3.fna_vs_GCF_024171485.1_ASM2417148v1_genomic.fna_blast.xml,0,0,0,0,0,0,0,0,2713674,0,0,0,0,0,0,2910970_subject_array_1739893218.bin
159524,2913555,MTV1-9,2913556.5,10,https://ftp.ncbi.nlm.nih.gov/genomes/all/GCF/022/662/135/GCF_022662135.1_ASM2266213v1,10,2913556.5.fna,GCF_022662135.1_ASM2266213v1_genomic.fna, 3193691, 3193691,2913556.5.fna_vs_GCF_022662135.1_ASM2266213v1_genomic.fna_blast.xml,0,0,0,0,0,0,0,0,3193691,0,0,0,0,0,0,2913556_subject_array_1739893219.bin
159571,291602,JCM 14303,291602.3,10,https://ftp.ncbi.nlm.nih.gov/genomes/all/GCF/039/529/595/GCF_039529595.1_ASM3952959v1,10,291602.3.fna,GCF_039529595.1_ASM3952959v1_genomic.fna, 8402267, 8402267,291602.3.fna_vs_GCF_039529595.1_ASM3952959v1_genomic.fna_blast.xml,0,0,0,0,0,0,0,1059,8401207,0,0,1,0,0,0,291602_subject_array_1739893222.bin
159688,2917728,Cnat2-8,2917728.7,10,https://ftp.ncbi.nlm.nih.gov/genomes/all/GCF/022/348/355/GCF_022348355.1_ASM2234835v1,10,2917728.7.fna,GCF_022348355.1_ASM2234835v1_genomic.fna, 4706013, 4706013,2917728.7.fna_vs_GCF_022348355.1_ASM2234835v1_genomic.fna_blast.xml,0,0,0,0,0,0,0,0,4706013,0,0,0,0,0,0,2917728_subject_array_1739893224.bin
160278,2921398,FSL H8-0534,2921398.3,10,https://ftp.ncbi.nlm.nih.gov/genomes/all/GCF/038/005/885/GCF_038005885.1_ASM3800588v1,10,2921398.3.fna,GCF_038005885.1_ASM3800588v1_genomic.fna, 5932213, 5932213,2921398.3.fna_vs_GCF_038005885.1_ASM3800588v1_genomic.fna_blast.xml,0,0,0,0,0,0,0,0,5932213,0,0,0,0,0,0,2921398_subject_array_1739893226.bin
160366,2921522,FSL L8-0315,2921522.3,10,https://ftp.ncbi.nlm.nih.gov/genomes/all/GCF/038/007/505/GCF_038007505.1_ASM3800750v1,10,2921522.3.fna,GCF_038007505.1_ASM3800750v1_genomic.fna, 5733448, 5733448,2921522.3.fna_vs_GCF_038007505.1_ASM3800750v1_genomic.fna_blast.xml,0,0,0,0,0,0,0,0,5733448,0,0,0,0,0,0,2921522_subject_array_1739893228.bin
160434,2921603,FSL K6-1230,2921603.3,10,https://ftp.ncbi.nlm.nih.gov/genomes/all/GCF/038/002/385/GCF_038002385.1_ASM3800238v1,10,2921603.3.fna,GCF_038002385.1_ASM3800238v1_genomic.fna, 6366580, 6366580,2921603.3.fna_vs_GCF_038002385.1_ASM3800238v1_genomic.fna_blast.xml,0,0,0,0,0,0,0,0,6366580,0,0,0,0,0,0,2921603_subject_array_1739893230.bin
160440,2921613,FSL M8-0139,2921613.3,10,https://ftp.ncbi.nlm.nih.gov/genomes/all/GCF/038/006/025/GCF_038006025.1_ASM3800602v1,10,2921613.3.fna,GCF_038006025.1_ASM3800602v1_genomic.fna, 6027088, 6027088,2921613.3.fna_vs_GCF_038006025.1_ASM3800602v1_genomic.fna_blast.xml,0,0,0,0,0,0,0,0,6027088,0,0,0,0,0,0,2921613_subject_array_1739893234.bin
160454,2921634,FSL P4-0332,2921634.3,10,https://ftp.ncbi.nlm.nih.gov/genomes/all/GCF/038/005/845/GCF_038005845.1_ASM3800584v1,10,2921634.3.fna,GCF_038005845.1_ASM3800584v1_genomic.fna, 5873929, 5873929,2921634.3.fna_vs_GCF_038005845.1_ASM3800584v1_genomic.fna_blast.xml,0,0,0,0,0,0,0,0,5873929,0,0,0,0,0,0,2921634_subject_array_1739893236.bin
160571,2922865,SG200,2922865.5,10,https://ftp.ncbi.nlm.nih.gov/genomes/all/GCF/022/808/935/GCF_022808935.1_ASM2280893v1,10,2922865.5.fna,GCF_022808935.1_ASM2280893v1_genomic.fna, 3356763, 3356763,2922865.5.fna_vs_GCF_022808935.1_ASM2280893v1_genomic.fna_blast.xml,0,0,0,0,0,0,0,0,3356763,0,0,0,0,0,0,2922865_subject_array_1739893237.bin
160954,2929514,YH16056_T,2929514.4,10,https://ftp.ncbi.nlm.nih.gov/genomes/all/GCF/024/605/895/GCF_024605895.1_ASM2460589v1,10,2929514.4.fna,GCF_024605895.1_ASM2460589v1_genomic.fna, 3516214, 3516214,2929514.4.fna_vs_GCF_024605895.1_ASM2460589v1_genomic.fna_blast.xml,0,0,0,0,0,0,0,0,3516214,0,0,0,0,0,0,2929514_subject_array_1739893239.bin
161786,29384,14_7_6_SW,29384.41,10,https://ftp.ncbi.nlm.nih.gov/genomes/all/GCF/015/594/455/GCF_015594455.1_ASM1559445v1,10,29384.41.fna,GCF_015594455.1_ASM1559445v1_genomic.fna, 2644309, 2644309,29384.41.fna_vs_GCF_015594455.1_ASM1559445v1_genomic.fna_blast.xml,0,0,0,0,0,0,0,0,2644309,0,0,0,0,0,0,29384_subject_array_1739893240.bin
162019,29388,AATYZ,29388.340,10,https://ftp.ncbi.nlm.nih.gov/genomes/all/GCF/020/740/145/GCF_020740145.1_ASM2074014v1,10,29388.340.fna,GCF_020740145.1_ASM2074014v1_genomic.fna, 2440222, 2440222,29388.340.fna_vs_GCF_020740145.1_ASM2074014v1_genomic.fna_blast.xml,0,0,0,0,0,0,0,0,2440222,0,0,0,0,0,0,29388_subject_array_1739893240.bin
162623,2940606,BIGb0176,2940606.4,10,https://ftp.ncbi.nlm.nih.gov/genomes/all/GCF/024/810/175/GCF_024810175.1_ASM2481017v1,10,2940606.4.fna,GCF_024810175.1_ASM2481017v1_genomic.fna, 6931451, 6931451,2940606.4.fna_vs_GCF_024810175.1_ASM2481017v1_genomic.fna_blast.xml,0,0,0,0,0,0,0,0,6931451,0,0,0,0,0,0,2940606_subject_array_1739893243.bin
163027,29459,B7,29459.468,10,https://ftp.ncbi.nlm.nih.gov/genomes/all/GCF/003/991/385/GCF_003991385.1_ASM399138v1,10,29459.468.fna,GCF_003991385.1_ASM399138v1_genomic.fna, 3323809, 3323809,29459.468.fna_vs_GCF_003991385.1_ASM399138v1_genomic.fna_blast.xml,0,0,0,0,0,0,0,0,3323809,0,0,0,0,0,0,29459_subject_array_1739893244.bin
163256,29461,Thompsen,29461.7,10,https://ftp.ncbi.nlm.nih.gov/genomes/all/GCF/000/742/055/GCF_000742055.1_ASM74205v1,10,29461.7.fna,GCF_000742055.1_ASM74205v1_genomic.fna, 3316531, 3317431,29461.7.fna_vs_GCF_000742055.1_ASM74205v1_genomic.fna_blast.xml,0,0,0,0,0,0,0,892,3315036,0,0,0,1503,0,0,29461_subject_array_1739893246.bin
163278,29466,CM711B_41,29466.1286,10,https://ftp.ncbi.nlm.nih.gov/genomes/all/GCF/036/318/085/GCF_036318085.1_ASM3631808v1,10,29466.1286.fna,GCF_036318085.1_ASM3631808v1_genomic.fna, 2094818, 2094818,29466.1286.fna_vs_GCF_036318085.1_ASM3631808v1_genomic.fna_blast.xml,0,0,0,0,0,0,0,0,2094818,0,0,0,0,0,0,29466_subject_array_1739893246.bin
163792,2949739,11154-15,2949739.8,10,https://ftp.ncbi.nlm.nih.gov/genomes/all/GCF/023/646/285/GCF_023646285.1_ASM2364628v1,10,2949739.8.fna,GCF_023646285.1_ASM2364628v1_genomic.fna, 1592701, 1592701,2949739.8.fna_vs_GCF_023646285.1_ASM2364628v1_genomic.fna_blast.xml,0,0,0,0,0,0,0,0,1592701,0,0,0,0,0,0,2949739_subject_array_1739893247.bin
164081,2950547,LL15,2950547.5,10,https://ftp.ncbi.nlm.nih.gov/genomes/all/GCF/024/436/095/GCF_024436095.1_ASM2443609v1,10,2950547.5.fna,GCF_024436095.1_ASM2443609v1_genomic.fna, 3102801, 3102801,2950547.5.fna_vs_GCF_024436095.1_ASM2443609v1_genomic.fna_blast.xml,0,0,0,0,0,0,0,289,3102512,0,0,0,0,0,0,2950547_subject_array_1739893248.bin
164251,29522,PC4580III,29522.24,10,https://ftp.ncbi.nlm.nih.gov/genomes/all/GCF/008/016/565/GCF_008016565.1_ASM801656v1,10,29522.24.fna,GCF_008016565.1_ASM801656v1_genomic.fna, 2591031, 2591031,29522.24.fna_vs_GCF_008016565.1_ASM801656v1_genomic.fna_blast.xml,0,0,0,0,0,0,0,197,2590833,0,0,1,0,0,0,29522_subject_array_1739893249.bin
164417,2954503,XPcli2-G,2954503.3,10,https://ftp.ncbi.nlm.nih.gov/genomes/all/GCF/024/124/505/GCF_024124505.1_ASM2412450v1,10,2954503.3.fna,GCF_024124505.1_ASM2412450v1_genomic.fna, 3330333, 3330333,2954503.3.fna_vs_GCF_024124505.1_ASM2412450v1_genomic.fna_blast.xml,0,0,0,0,0,0,0,0,3330333,0,0,0,0,0,0,2954503_subject_array_1739893250.bin
164425,2954519,FSL M8-0099,2954519.3,10,https://ftp.ncbi.nlm.nih.gov/genomes/all/GCF/038/006/945/GCF_038006945.1_ASM3800694v1,10,2954519.3.fna,GCF_038006945.1_ASM3800694v1_genomic.fna, 5502614, 5502614,2954519.3.fna_vs_GCF_038006945.1_ASM3800694v1_genomic.fna_blast.xml,0,0,0,0,0,0,0,0,5502614,0,0,0,0,0,0,2954519_subject_array_1739893252.bin
164509,2954628,FSL W8-0672,2954628.3,10,https://ftp.ncbi.nlm.nih.gov/genomes/all/GCF/038/004/045/GCF_038004045.1_ASM3800404v1,10,2954628.3.fna,GCF_038004045.1_ASM3800404v1_genomic.fna, 3757028, 3757028,2954628.3.fna_vs_GCF_038004045.1_ASM3800404v1_genomic.fna_blast.xml,0,0,0,0,0,0,0,0,3757028,0,0,0,0,0,0,2954628_subject_array_1739893253.bin
164575,2954738,FSL H7-0756,2954738.3,10,https://ftp.ncbi.nlm.nih.gov/genomes/all/GCF/038/006/765/GCF_038006765.1_ASM3800676v1,10,2954738.3.fna,GCF_038006765.1_ASM3800676v1_genomic.fna, 7791217, 7791217,2954738.3.fna_vs_GCF_038006765.1_ASM3800676v1_genomic.fna_blast.xml,0,0,0,0,0,0,0,0,7791217,0,0,0,0,0,0,2954738_subject_array_1739893256.bin
164576,2954743,FSL K6-0077,2954743.3,10,https://ftp.ncbi.nlm.nih.gov/genomes/all/GCF/038/005/625/GCF_038005625.1_ASM3800562v1,10,2954743.3.fna,GCF_038005625.1_ASM3800562v1_genomic.fna, 5425168, 5425168,2954743.3.fna_vs_GCF_038005625.1_ASM3800562v1_genomic.fna_blast.xml,0,0,0,0,0,0,0,0,5425168,0,0,0,0,0,0,2954743_subject_array_1739893258.bin
164652,29559,723J20A,29559.109,10,https://ftp.ncbi.nlm.nih.gov/genomes/all/GCF/028/737/105/GCF_028737105.1_ASM2873710v1,10,29559.109.fna,GCF_028737105.1_ASM2873710v1_genomic.fna,  838930,  838930,29559.109.fna_vs_GCF_028737105.1_ASM2873710v1_genomic.fna_blast.xml,0,0,0,0,0,0,0,0,838930,0,0,0,0,0,0,29559_subject_array_1739893258.bin
164656,29559,952S23A,29559.131,10,https://ftp.ncbi.nlm.nih.gov/genomes/all/GCF/029/958/205/GCF_029958205.1_ASM2995820v1,10,29559.131.fna,GCF_029958205.1_ASM2995820v1_genomic.fna,  824762,  824762,29559.131.fna_vs_GCF_029958205.1_ASM2995820v1_genomic.fna_blast.xml,0,0,0,0,0,0,0,0,824762,0,0,0,0,0,0,29559_subject_array_1739893259.bin
164665,29559,ATCC 25591,29559.35,10,https://ftp.ncbi.nlm.nih.gov/genomes/all/GCF/004/365/165/GCF_004365165.1_ASM436516v1,10,29559.35.fna,GCF_004365165.1_ASM436516v1_genomic.fna,  870663,  870663,29559.35.fna_vs_GCF_004365165.1_ASM436516v1_genomic.fna_blast.xml,0,0,0,0,0,0,0,218,870440,0,0,1,4,0,0,29559_subject_array_1739893259.bin
165132,2964611,zg-Y1116,2964611.6,10,https://ftp.ncbi.nlm.nih.gov/genomes/all/GCF/024/385/485/GCF_024385485.1_ASM2438548v1,10,2964611.6.fna,GCF_024385485.1_ASM2438548v1_genomic.fna, 3392753, 3392753,2964611.6.fna_vs_GCF_024385485.1_ASM2438548v1_genomic.fna_blast.xml,0,0,0,0,0,0,0,0,3392753,0,0,0,0,0,0,2964611_subject_array_1739893260.bin
165302,2970817,L3,2970817.4,10,https://ftp.ncbi.nlm.nih.gov/genomes/all/GCF/024/656/065/GCF_024656065.1_ASM2465606v1,10,2970817.4.fna,GCF_024656065.1_ASM2465606v1_genomic.fna, 4304575, 4304575,2970817.4.fna_vs_GCF_024656065.1_ASM2465606v1_genomic.fna_blast.xml,0,0,0,0,0,0,0,0,4304574,0,1,0,0,0,0,2970817_subject_array_1739893261.bin
165402,2972972,PAP01,2972972.3,10,https://ftp.ncbi.nlm.nih.gov/genomes/all/GCF/029/531/655/GCF_029531655.1_ASM2953165v1,10,2972972.3.fna,GCF_029531655.1_ASM2953165v1_genomic.fna, 3898044, 3898044,2972972.3.fna_vs_GCF_029531655.1_ASM2953165v1_genomic.fna_blast.xml,0,0,0,0,0,0,0,0,3898044,0,0,0,0,0,0,2972972_subject_array_1739893263.bin
165456,2975056,LMG 31809,2975056.3,10,https://ftp.ncbi.nlm.nih.gov/genomes/all/GCF/027/920/805/GCF_027920805.1_ASM2792080v1,10,2975056.3.fna,GCF_027920805.1_ASM2792080v1_genomic.fna, 1673018, 3212657,2975056.3.fna_vs_GCF_027920805.1_ASM2792080v1_genomic.fna_blast.xml,0,0,213,47,0,0,152,1521219,1680147,0,239,1604,8752,0,284,2975056_subject_array_1739893264.bin
165621,2975687,NBC_00237,2975687.3,10,https://ftp.ncbi.nlm.nih.gov/genomes/all/GCF/026/342/435/GCF_026342435.1_ASM2634243v1,10,2975687.3.fna,GCF_026342435.1_ASM2634243v1_genomic.fna, 9205340, 9205340,2975687.3.fna_vs_GCF_026342435.1_ASM2634243v1_genomic.fna_blast.xml,0,0,0,0,0,0,0,0,9205340,0,0,0,0,0,0,2975687_subject_array_1739893267.bin
165663,2975732,NBC_00378,2975732.3,10,https://ftp.ncbi.nlm.nih.gov/genomes/all/GCF/026/342/115/GCF_026342115.1_ASM2634211v1,10,2975732.3.fna,GCF_026342115.1_ASM2634211v1_genomic.fna, 10080566, 10080566,2975732.3.fna_vs_GCF_026342115.1_ASM2634211v1_genomic.fna_blast.xml,0,0,0,0,0,0,0,0,10080564,0,0,1,1,0,0,2975732_subject_array_1739893271.bin
165718,2975861,NBC_00892,2975861.3,10,https://ftp.ncbi.nlm.nih.gov/genomes/all/GCF/026/341/545/GCF_026341545.1_ASM2634154v1,10,2975861.3.fna,GCF_026341545.1_ASM2634154v1_genomic.fna, 10604195, 10604195,2975861.3.fna_vs_GCF_026341545.1_ASM2634154v1_genomic.fna_blast.xml,0,0,0,0,0,0,1,0,10604189,0,2,3,0,0,0,2975861_subject_array_1739893275.bin
165826,2976534,GMJ5,2976534.3,10,https://ftp.ncbi.nlm.nih.gov/genomes/all/GCF/025/628/965/GCF_025628965.1_ASM2562896v1,10,2976534.3.fna,GCF_025628965.1_ASM2562896v1_genomic.fna, 2991394, 2991394,2976534.3.fna_vs_GCF_025628965.1_ASM2562896v1_genomic.fna_blast.xml,0,0,0,0,0,0,0,0,2991394,0,0,0,0,0,0,2976534_subject_array_1739893276.bin
166067,2981785,H1_22,2981785.3,10,https://ftp.ncbi.nlm.nih.gov/genomes/all/GCF/025/567/345/GCF_025567345.1_ASM2556734v1,10,2981785.3.fna,GCF_025567345.1_ASM2556734v1_genomic.fna, 2912566, 2912566,2981785.3.fna_vs_GCF_025567345.1_ASM2556734v1_genomic.fna_blast.xml,0,0,0,0,0,0,0,528,2912038,0,0,0,0,0,0,2981785_subject_array_1739893277.bin
166090,2981832,SDUM655004,2981832.3,10,https://ftp.ncbi.nlm.nih.gov/genomes/all/GCF/026/015/885/GCF_026015885.1_ASM2601588v1,10,2981832.3.fna,GCF_026015885.1_ASM2601588v1_genomic.fna, 3296250, 3296250,2981832.3.fna_vs_GCF_026015885.1_ASM2601588v1_genomic.fna_blast.xml,0,0,0,0,0,0,0,0,3296250,0,0,0,0,0,0,2981832_subject_array_1739893278.bin
166154,2983822,VBCF_06 NA8,2983822.3,10,https://ftp.ncbi.nlm.nih.gov/genomes/all/GCF/027/737/825/GCF_027737825.1_ASM2773782v1,10,2983822.3.fna,GCF_027737825.1_ASM2773782v1_genomic.fna, 1586602, 1589697,2983822.3.fna_vs_GCF_027737825.1_ASM2773782v1_genomic.fna_blast.xml,0,0,0,0,0,0,0,2966,1586731,0,0,0,0,0,0,2983822_subject_array_1739893279.bin
166166,2983834,VBCF_02 NA5,2983834.3,10,https://ftp.ncbi.nlm.nih.gov/genomes/all/GCF/027/737/305/GCF_027737305.1_ASM2773730v1,10,2983834.3.fna,GCF_027737305.1_ASM2773730v1_genomic.fna, 1258373, 1596272,2983834.3.fna_vs_GCF_027737305.1_ASM2773730v1_genomic.fna_blast.xml,0,0,27,8,0,0,34,332564,1261306,0,33,459,1788,0,53,2983834_subject_array_1739893279.bin
166193,2984150,Cn NA1,2984150.3,10,https://ftp.ncbi.nlm.nih.gov/genomes/all/GCF/027/737/865/GCF_027737865.1_ASM2773786v1,10,2984150.3.fna,GCF_027737865.1_ASM2773786v1_genomic.fna, 1156571, 1552289,2984150.3.fna_vs_GCF_027737865.1_ASM2773786v1_genomic.fna_blast.xml,0,0,25,7,0,0,14,391080,1158021,0,18,383,2702,0,39,2984150_subject_array_1739893280.bin
166196,2984159,WL0002,2984159.3,10,https://ftp.ncbi.nlm.nih.gov/genomes/all/GCF/025/751/435/GCF_025751435.1_ASM2575143v1,10,2984159.3.fna,GCF_025751435.1_ASM2575143v1_genomic.fna, 3818134, 3818134,2984159.3.fna_vs_GCF_025751435.1_ASM2575143v1_genomic.fna_blast.xml,0,0,0,0,0,0,0,0,3818134,0,0,0,0,0,0,2984159_subject_array_1739893281.bin
166209,2984211,LKC15W,2984211.3,10,https://ftp.ncbi.nlm.nih.gov/genomes/all/GCF/028/550/435/GCF_028550435.1_ASM2855043v1,10,2984211.3.fna,GCF_028550435.1_ASM2855043v1_genomic.fna, 1911806, 3776254,2984211.3.fna_vs_GCF_028550435.1_ASM2855043v1_genomic.fna_blast.xml,0,0,107,18,0,0,57,1847868,1917673,0,53,2382,7966,0,130,2984211_subject_array_1739893282.bin
166754,2994475,AM01,2994475.3,10,https://ftp.ncbi.nlm.nih.gov/genomes/all/GCF/026/239/775/GCF_026239775.1_ASM2623977v1,10,2994475.3.fna,GCF_026239775.1_ASM2623977v1_genomic.fna, 5798498, 5798498,2994475.3.fna_vs_GCF_026239775.1_ASM2623977v1_genomic.fna_blast.xml,0,0,0,0,0,0,0,0,5798497,0,0,1,0,0,0,2994475_subject_array_1739893284.bin
166797,2994663,SL84,2994663.3,10,https://ftp.ncbi.nlm.nih.gov/genomes/all/GCF/026/672/495/GCF_026672495.1_ASM2667249v1,10,2994663.3.fna,GCF_026672495.1_ASM2667249v1_genomic.fna, 3138264, 3138264,2994663.3.fna_vs_GCF_026672495.1_ASM2667249v1_genomic.fna_blast.xml,0,0,0,0,0,0,0,0,3138264,0,0,0,0,0,0,2994663_subject_array_1739893285.bin
166856,299583,FDC190,299583.41,10,https://ftp.ncbi.nlm.nih.gov/genomes/all/GCF/016/600/795/GCF_016600795.1_ASM1660079v1,10,299583.41.fna,GCF_016600795.1_ASM1660079v1_genomic.fna, 1882739, 1882739,299583.41.fna_vs_GCF_016600795.1_ASM1660079v1_genomic.fna_blast.xml,0,0,0,0,0,0,0,0,1882739,0,0,0,0,0,0,299583_subject_array_1739893285.bin
166899,299583,STIR-GUS-F2f7,299583.8,10,https://ftp.ncbi.nlm.nih.gov/genomes/all/GCF/001/648/045/GCF_001648045.1_ASM164804v1,10,299583.8.fna,GCF_001648045.1_ASM164804v1_genomic.fna, 1887094, 1887094,299583.8.fna_vs_GCF_001648045.1_ASM164804v1_genomic.fna_blast.xml,0,0,0,0,0,0,0,0,1887094,0,0,0,0,0,0,299583_subject_array_1739893286.bin
167604,300876,PP-638,300876.5,10,https://ftp.ncbi.nlm.nih.gov/genomes/all/GCF/001/695/575/GCF_001695575.1_ASM169557v1,10,300876.5.fna,GCF_001695575.1_ASM169557v1_genomic.fna, 5469456, 5469456,300876.5.fna_vs_GCF_001695575.1_ASM169557v1_genomic.fna_blast.xml,0,0,0,0,0,0,0,0,5469456,0,0,0,0,0,0,300876_subject_array_1739893288.bin
167755,3016099,WMMD792,3016099.3,10,https://ftp.ncbi.nlm.nih.gov/genomes/all/GCF/029/626/105/GCF_029626105.1_ASM2962610v1,10,3016099.3.fna,GCF_029626105.1_ASM2962610v1_genomic.fna, 7397507, 7397507,3016099.3.fna_vs_GCF_029626105.1_ASM2962610v1_genomic.fna_blast.xml,0,0,0,0,0,0,0,0,7397507,0,0,0,0,0,0,3016099_subject_array_1739893291.bin
167893,3018245,SI1,3018245.4,10,https://ftp.ncbi.nlm.nih.gov/genomes/all/GCF/030/439/945/GCF_030439945.1_ASM3043994v1,10,3018245.4.fna,GCF_030439945.1_ASM3043994v1_genomic.fna, 1948549, 1948549,3018245.4.fna_vs_GCF_030439945.1_ASM3043994v1_genomic.fna_blast.xml,0,0,0,0,0,0,0,0,1948549,0,0,0,0,0,0,3018245_subject_array_1739893291.bin
168105,3024840,USCH3,3024840.3,10,https://ftp.ncbi.nlm.nih.gov/genomes/all/GCF/037/619/475/GCF_037619475.1_ASM3761947v1,10,3024840.3.fna,GCF_037619475.1_ASM3761947v1_genomic.fna, 3276677, 3276677,3024840.3.fna_vs_GCF_037619475.1_ASM3761947v1_genomic.fna_blast.xml,0,0,0,0,0,0,0,0,3276677,0,0,0,0,0,0,3024840_subject_array_1739893292.bin
168299,3028787,201,3028787.3,10,https://ftp.ncbi.nlm.nih.gov/genomes/all/GCF/032/490/435/GCF_032490435.1_ASM3249043v1,10,3028787.3.fna,GCF_032490435.1_ASM3249043v1_genomic.fna, 4675539, 4675539,3028787.3.fna_vs_GCF_032490435.1_ASM3249043v1_genomic.fna_blast.xml,0,0,0,0,0,0,0,0,4675539,0,0,0,0,0,0,3028787_subject_array_1739893294.bin
168436,303,991_21,303.1076,10,https://ftp.ncbi.nlm.nih.gov/genomes/all/GCF/027/583/835/GCF_027583835.1_ASM2758383v1,10,303.1076.fna,GCF_027583835.1_ASM2758383v1_genomic.fna, 6271936, 6330570,303.1076.fna_vs_GCF_027583835.1_ASM2758383v1_genomic.fna_blast.xml,0,0,5,2,0,0,31,10945,6314131,0,44,526,4880,0,6,303_subject_array_1739893296.bin
168902,3035915,F6_8S_P_1A,3035915.4,10,https://ftp.ncbi.nlm.nih.gov/genomes/all/GCF/030/433/675/GCF_030433675.1_ASM3043367v1,10,3035915.4.fna,GCF_030433675.1_ASM3043367v1_genomic.fna, 4198603, 4198603,3035915.4.fna_vs_GCF_030433675.1_ASM3043367v1_genomic.fna_blast.xml,0,0,0,0,0,0,0,0,4198603,0,0,0,0,0,0,3035915_subject_array_1739893298.bin
169185,3041922,ASV49,3041922.3,10,https://ftp.ncbi.nlm.nih.gov/genomes/all/GCF/030/315/975/GCF_030315975.1_ASM3031597v1,10,3041922.3.fna,GCF_030315975.1_ASM3031597v1_genomic.fna, 4352612, 4352612,3041922.3.fna_vs_GCF_030315975.1_ASM3031597v1_genomic.fna_blast.xml,0,0,0,0,0,0,1,1,4352610,0,0,0,0,0,0,3041922_subject_array_1739893299.bin
169260,3042314,MAHUQ-71,3042314.5,10,https://ftp.ncbi.nlm.nih.gov/genomes/all/GCF/029/906/645/GCF_029906645.1_ASM2990664v1,10,3042314.5.fna,GCF_029906645.1_ASM2990664v1_genomic.fna, 4255278, 4255278,3042314.5.fna_vs_GCF_029906645.1_ASM2990664v1_genomic.fna_blast.xml,0,0,0,0,0,0,0,99,4255179,0,0,0,0,0,0,3042314_subject_array_1739893301.bin
169267,3042517,YN-L-19,3042517.5,10,https://ftp.ncbi.nlm.nih.gov/genomes/all/GCF/029/952/955/GCF_029952955.1_ASM2995295v1,10,3042517.5.fna,GCF_029952955.1_ASM2995295v1_genomic.fna, 2666317, 2666317,3042517.5.fna_vs_GCF_029952955.1_ASM2995295v1_genomic.fna_blast.xml,0,0,0,0,0,0,0,96,2666221,0,0,0,0,0,0,3042517_subject_array_1739893301.bin
169872,3050451,SS13-12,3050451.3,10,https://ftp.ncbi.nlm.nih.gov/genomes/all/GCF/030/227/115/GCF_030227115.1_ASM3022711v1,10,3050451.3.fna,GCF_030227115.1_ASM3022711v1_genomic.fna, 4643793, 4643793,3050451.3.fna_vs_GCF_030227115.1_ASM3022711v1_genomic.fna_blast.xml,0,0,0,0,0,0,0,0,4643793,0,0,0,0,0,0,3050451_subject_array_1739893303.bin
169953,3053500,J2R1-6,3053500.3,10,https://ftp.ncbi.nlm.nih.gov/genomes/all/GCF/030/317/165/GCF_030317165.1_ASM3031716v1,10,3053500.3.fna,GCF_030317165.1_ASM3031716v1_genomic.fna, 5686172, 5686172,3053500.3.fna_vs_GCF_030317165.1_ASM3031716v1_genomic.fna_blast.xml,0,0,0,0,0,0,0,0,5686172,0,0,0,0,0,0,3053500_subject_array_1739893305.bin
170293,3058434,4228-RoL,3058434.3,10,https://ftp.ncbi.nlm.nih.gov/genomes/all/GCF/032/334/255/GCF_032334255.1_ASM3233425v1,10,3058434.3.fna,GCF_032334255.1_ASM3233425v1_genomic.fna, 3245888, 3245888,3058434.3.fna_vs_GCF_032334255.1_ASM3233425v1_genomic.fna_blast.xml,0,0,0,0,0,0,0,0,3245888,0,0,0,0,0,0,3058434_subject_array_1739893306.bin
170509,3064528,Teo4,3064528.3,10,https://ftp.ncbi.nlm.nih.gov/genomes/all/GCF/034/387/475/GCF_034387475.1_ASM3438747v1,10,3064528.3.fna,GCF_034387475.1_ASM3438747v1_genomic.fna, 6512772, 6512772,3064528.3.fna_vs_GCF_034387475.1_ASM3438747v1_genomic.fna_blast.xml,0,0,0,0,0,0,0,0,6512772,0,0,0,0,0,0,3064528_subject_array_1739893311.bin
170531,3065238,WB46,3065238.3,10,https://ftp.ncbi.nlm.nih.gov/genomes/all/GCF/032/656/385/GCF_032656385.1_ASM3265638v1,10,3065238.3.fna,GCF_032656385.1_ASM3265638v1_genomic.fna, 7150690, 7150690,3065238.3.fna_vs_GCF_032656385.1_ASM3265638v1_genomic.fna_blast.xml,0,0,0,0,0,0,0,0,7150690,0,0,0,0,0,0,3065238_subject_array_1739893314.bin
170553,3065961,MDS2,3065961.3,10,https://ftp.ncbi.nlm.nih.gov/genomes/all/GCF/030/718/085/GCF_030718085.1_ASM3071808v1,10,3065961.3.fna,GCF_030718085.1_ASM3071808v1_genomic.fna, 3449993, 3449993,3065961.3.fna_vs_GCF_030718085.1_ASM3071808v1_genomic.fna_blast.xml,0,0,0,0,0,0,0,193,3449800,0,0,0,0,0,0,3065961_subject_array_1739893315.bin
170672,3072142,LHD-15,3072142.5,10,https://ftp.ncbi.nlm.nih.gov/genomes/all/GCF/031/157/355/GCF_031157355.1_ASM3115735v1,10,3072142.5.fna,GCF_031157355.1_ASM3115735v1_genomic.fna, 4292870, 4292870,3072142.5.fna_vs_GCF_031157355.1_ASM3115735v1_genomic.fna_blast.xml,0,0,0,0,0,0,0,0,4292870,0,0,0,0,0,0,3072142_subject_array_1739893316.bin
170702,3073267,SM2212,3073267.4,10,https://ftp.ncbi.nlm.nih.gov/genomes/all/GCF/031/344/135/GCF_031344135.1_ASM3134413v1,10,3073267.4.fna,GCF_031344135.1_ASM3134413v1_genomic.fna, 3397911, 3397911,3073267.4.fna_vs_GCF_031344135.1_ASM3134413v1_genomic.fna_blast.xml,0,0,0,0,0,0,0,100,3397811,0,0,0,0,0,0,3073267_subject_array_1739893317.bin
170711,3073620,MV1,3073620.3,10,https://ftp.ncbi.nlm.nih.gov/genomes/all/GCF/032/142/695/GCF_032142695.1_ASM3214269v1,10,3073620.3.fna,GCF_032142695.1_ASM3214269v1_genomic.fna, 5423418, 5423418,3073620.3.fna_vs_GCF_032142695.1_ASM3214269v1_genomic.fna_blast.xml,0,0,0,0,0,0,0,0,5423418,0,0,0,0,0,0,3073620_subject_array_1739893319.bin
171070,3075992,KSW2-21,3075992.3,10,https://ftp.ncbi.nlm.nih.gov/genomes/all/GCF/032/464/975/GCF_032464975.1_ASM3246497v1,10,3075992.3.fna,GCF_032464975.1_ASM3246497v1_genomic.fna, 3743950, 3743950,3075992.3.fna_vs_GCF_032464975.1_ASM3246497v1_genomic.fna_blast.xml,0,0,0,0,0,0,0,99,3743851,0,0,0,0,0,0,3075992_subject_array_1739893321.bin
171075,3076080,S365,3076080.3,10,https://ftp.ncbi.nlm.nih.gov/genomes/all/GCF/032/248/475/GCF_032248475.1_ASM3224847v1,10,3076080.3.fna,GCF_032248475.1_ASM3224847v1_genomic.fna, 3926748, 3926748,3076080.3.fna_vs_GCF_032248475.1_ASM3224847v1_genomic.fna_blast.xml,0,0,0,0,0,0,0,0,3926748,0,0,0,0,0,0,3076080_subject_array_1739893323.bin
171131,3077782,Z2,3077782.3,10,https://ftp.ncbi.nlm.nih.gov/genomes/all/GCF/035/607/565/GCF_035607565.1_ASM3560756v1,10,3077782.3.fna,GCF_035607565.1_ASM3560756v1_genomic.fna, 3069094, 3069094,3077782.3.fna_vs_GCF_035607565.1_ASM3560756v1_genomic.fna_blast.xml,0,0,0,0,0,0,1,0,3069091,0,0,2,0,0,0,3077782_subject_array_1739893324.bin
171179,3079858,MJ-SS3,3079858.3,10,https://ftp.ncbi.nlm.nih.gov/genomes/all/GCF/032/583/975/GCF_032583975.1_ASM3258397v1,10,3079858.3.fna,GCF_032583975.1_ASM3258397v1_genomic.fna, 3131339, 3131339,3079858.3.fna_vs_GCF_032583975.1_ASM3258397v1_genomic.fna_blast.xml,0,0,0,0,0,0,0,0,3131339,0,0,0,0,0,0,3079858_subject_array_1739893325.bin
171232,3081450,72,3081450.3,10,https://ftp.ncbi.nlm.nih.gov/genomes/all/GCF/034/652/275/GCF_034652275.1_ASM3465227v1,10,3081450.3.fna,GCF_034652275.1_ASM3465227v1_genomic.fna, 3664109, 3664109,3081450.3.fna_vs_GCF_034652275.1_ASM3465227v1_genomic.fna_blast.xml,0,0,0,0,0,0,0,0,3664109,0,0,0,0,0,0,3081450_subject_array_1739893326.bin
171911,316,KOL14.W.20.3,316.586,10,https://ftp.ncbi.nlm.nih.gov/genomes/all/GCF/016/622/375/GCF_016622375.1_ASM1662237v1,10,316.586.fna,GCF_016622375.1_ASM1662237v1_genomic.fna, 4830228, 4830228,316.586.fna_vs_GCF_016622375.1_ASM1662237v1_genomic.fna_blast.xml,0,0,0,0,0,0,0,0,4830228,0,0,0,0,0,0,316_subject_array_1739893328.bin
172536,319705,511,319705.31,10,https://ftp.ncbi.nlm.nih.gov/genomes/all/GCF/900/140/055/GCF_900140055.1_10665_2_60,10,319705.31.fna,GCF_900140055.1_10665_2_60_genomic.fna, 4910457, 4910457,319705.31.fna_vs_GCF_900140055.1_10665_2_60_genomic.fna_blast.xml,0,0,0,0,0,0,0,0,4910457,0,0,0,0,0,0,319705_subject_array_1739893329.bin
172540,319705,523,319705.123,10,https://ftp.ncbi.nlm.nih.gov/genomes/all/GCF/900/140/175/GCF_900140175.1_10665_2_69,10,319705.123.fna,GCF_900140175.1_10665_2_69_genomic.fna, 4870401, 4870401,319705.123.fna_vs_GCF_900140175.1_10665_2_69_genomic.fna_blast.xml,0,0,0,0,0,0,0,0,4870401,0,0,0,0,0,0,319705_subject_array_1739893331.bin
172862,32022,CJ096CC21,32022.277,10,https://ftp.ncbi.nlm.nih.gov/genomes/all/GCF/002/110/635/GCF_002110635.1_Cjejuni.CJ096CC21_v1.0,10,32022.277.fna,GCF_002110635.1_Cjejuni.CJ096CC21_v1.0_genomic.fna, 1634274, 1634274,32022.277.fna_vs_GCF_002110635.1_Cjejuni.CJ096CC21_v1.0_genomic.fna_blast.xml,0,0,0,0,0,0,0,0,1634274,0,0,0,0,0,0,32022_subject_array_1739893331.bin
172881,32022,E03,32022.929,10,https://ftp.ncbi.nlm.nih.gov/genomes/all/GCF/021/483/475/GCF_021483475.1_ASM2148347v1,10,32022.929.fna,GCF_021483475.1_ASM2148347v1_genomic.fna, 1892427, 1892427,32022.929.fna_vs_GCF_021483475.1_ASM2148347v1_genomic.fna_blast.xml,0,0,0,0,0,0,0,0,1892427,0,0,0,0,0,0,32022_subject_array_1739893332.bin
173064,321,UMAF0273,321.257,10,https://ftp.ncbi.nlm.nih.gov/genomes/all/GCF/023/232/485/GCF_023232485.1_ASM2323248v1,10,321.257.fna,GCF_023232485.1_ASM2323248v1_genomic.fna, 5832910, 5832910,321.257.fna_vs_GCF_023232485.1_ASM2323248v1_genomic.fna_blast.xml,0,0,0,0,0,0,0,0,5832910,0,0,0,0,0,0,321_subject_array_1739893334.bin
173876,33028,05B0362,33028.17,10,https://ftp.ncbi.nlm.nih.gov/genomes/all/GCF/004/291/125/GCF_004291125.1_ASM429112v1,10,33028.17.fna,GCF_004291125.1_ASM429112v1_genomic.fna, 2349349, 2349349,33028.17.fna_vs_GCF_004291125.1_ASM429112v1_genomic.fna_blast.xml,0,0,0,0,0,0,0,0,2349349,0,0,0,0,0,0,33028_subject_array_1739893335.bin
173879,33028,13T098,33028.29,10,https://ftp.ncbi.nlm.nih.gov/genomes/all/GCF/016/791/525/GCF_016791525.1_ASM1679152v1,10,33028.29.fna,GCF_016791525.1_ASM1679152v1_genomic.fna, 2321374, 2321374,33028.29.fna_vs_GCF_016791525.1_ASM1679152v1_genomic.fna_blast.xml,0,0,0,0,0,0,0,0,2321374,0,0,0,0,0,0,33028_subject_array_1739893336.bin
173881,33028,DVP1-17-1678,33028.30,10,https://ftp.ncbi.nlm.nih.gov/genomes/all/GCF/016/791/565/GCF_016791565.1_ASM1679156v1,10,33028.30.fna,GCF_016791565.1_ASM1679156v1_genomic.fna, 2348904, 2348904,33028.30.fna_vs_GCF_016791565.1_ASM1679156v1_genomic.fna_blast.xml,0,0,0,0,0,0,0,0,2348904,0,0,0,0,0,0,33028_subject_array_1739893337.bin
173882,33028,DVP1-17-2344,33028.31,10,https://ftp.ncbi.nlm.nih.gov/genomes/all/GCF/016/791/585/GCF_016791585.1_ASM1679158v1,10,33028.31.fna,GCF_016791585.1_ASM1679158v1_genomic.fna, 2321278, 2321278,33028.31.fna_vs_GCF_016791585.1_ASM1679158v1_genomic.fna_blast.xml,0,0,0,0,0,0,0,0,2321277,0,0,1,0,0,0,33028_subject_array_1739893337.bin
174351,332186,PP-E493,332186.150,10,https://ftp.ncbi.nlm.nih.gov/genomes/all/GCF/033/031/715/GCF_033031715.1_ASM3303171v1,10,332186.150.fna,GCF_033031715.1_ASM3303171v1_genomic.fna, 5449812, 5449812,332186.150.fna_vs_GCF_033031715.1_ASM3303171v1_genomic.fna_blast.xml,0,0,0,0,0,0,0,0,5449812,0,0,0,0,0,0,332186_subject_array_1739893339.bin
174440,334542,CW25,334542.12,10,https://ftp.ncbi.nlm.nih.gov/genomes/all/GCF/001/623/435/GCF_001623435.1_ASM162343v1,10,334542.12.fna,GCF_001623435.1_ASM162343v1_genomic.fna, 6399510, 6399510,334542.12.fna_vs_GCF_001623435.1_ASM162343v1_genomic.fna_blast.xml,0,0,0,0,0,0,0,0,6399510,0,0,0,0,0,0,334542_subject_array_1739893342.bin
174644,337,60BGCRMSO3-9,337.46,10,https://ftp.ncbi.nlm.nih.gov/genomes/all/GCF/023/702/415/GCF_023702415.1_ASM2370241v1,10,337.46.fna,GCF_023702415.1_ASM2370241v1_genomic.fna, 6568376, 6568376,337.46.fna_vs_GCF_023702415.1_ASM2370241v1_genomic.fna_blast.xml,0,0,0,1,0,0,2,8423,6559904,0,3,24,19,0,0,337_subject_array_1739893344.bin
174912,339,NL_P172,339.80,10,https://ftp.ncbi.nlm.nih.gov/genomes/all/GCF/003/363/805/GCF_003363805.1_ASM336380v1,10,339.80.fna,GCF_003363805.1_ASM336380v1_genomic.fna, 4946999, 4946999,339.80.fna_vs_GCF_003363805.1_ASM336380v1_genomic.fna_blast.xml,0,0,0,0,0,0,0,560,4946439,0,0,0,0,0,0,339_subject_array_1739893346.bin
175343,33962,SGL 13,33962.6,10,https://ftp.ncbi.nlm.nih.gov/genomes/all/GCF/003/131/085/GCF_003131085.1_ASM313108v1,10,33962.6.fna,GCF_003131085.1_ASM313108v1_genomic.fna, 2570721, 2570721,33962.6.fna_vs_GCF_003131085.1_ASM313108v1_genomic.fna_blast.xml,0,0,0,0,0,0,0,2649,2568069,0,1,2,0,0,0,33962_subject_array_1739893347.bin
175347,33964,ATCC 49370,33964.176,10,https://ftp.ncbi.nlm.nih.gov/genomes/all/GCF/004/354/555/GCF_004354555.1_ASM435455v1,10,33964.176.fna,GCF_004354555.1_ASM435455v1_genomic.fna, 1844954, 1844954,33964.176.fna_vs_GCF_004354555.1_ASM435455v1_genomic.fna_blast.xml,0,0,0,0,0,0,0,0,1844954,0,0,0,0,0,0,33964_subject_array_1739893347.bin
175468,33970,765-6B,33970.5,10,https://ftp.ncbi.nlm.nih.gov/genomes/all/GCF/001/047/435/GCF_001047435.1_ASM104743v1,10,33970.5.fna,GCF_001047435.1_ASM104743v1_genomic.fna, 2021336, 2021336,33970.5.fna_vs_GCF_001047435.1_ASM104743v1_genomic.fna_blast.xml,0,0,0,0,0,0,0,0,2021336,0,0,0,0,0,0,33970_subject_array_1739893348.bin
175660,340,GBBC 1372,340.334,10,https://ftp.ncbi.nlm.nih.gov/genomes/all/GCF/021/864/895/GCF_021864895.1_ASM2186489v1,10,340.334.fna,GCF_021864895.1_ASM2186489v1_genomic.fna, 5250100, 5250100,340.334.fna_vs_GCF_021864895.1_ASM2186489v1_genomic.fna_blast.xml,0,0,0,0,0,0,0,0,5250100,0,0,0,0,0,0,340_subject_array_1739893350.bin
176841,357276,CE91-St6,357276.1420,10,https://ftp.ncbi.nlm.nih.gov/genomes/all/GCF/022/835/295/GCF_022835295.1_ASM2283529v1,10,357276.1420.fna,GCF_022835295.1_ASM2283529v1_genomic.fna, 5817815, 5817815,357276.1420.fna_vs_GCF_022835295.1_ASM2283529v1_genomic.fna_blast.xml,0,0,0,0,0,0,0,0,5817815,0,0,0,0,0,0,357276_subject_array_1739893352.bin
176842,357276,CE91-St7,357276.1421,10,https://ftp.ncbi.nlm.nih.gov/genomes/all/GCF/022/835/315/GCF_022835315.1_ASM2283531v1,10,357276.1421.fna,GCF_022835315.1_ASM2283531v1_genomic.fna, 5817157, 5817157,357276.1421.fna_vs_GCF_022835315.1_ASM2283531v1_genomic.fna_blast.xml,0,0,0,0,0,0,0,0,5817157,0,0,0,0,0,0,357276_subject_array_1739893354.bin
176904,357276,RJX1050,357276.897,10,https://ftp.ncbi.nlm.nih.gov/genomes/all/GCF/004/347/485/GCF_004347485.1_ASM434748v1,10,357276.897.fna,GCF_004347485.1_ASM434748v1_genomic.fna, 5440404, 5440404,357276.897.fna_vs_GCF_004347485.1_ASM434748v1_genomic.fna_blast.xml,0,0,0,0,0,0,0,0,5440404,0,0,0,0,0,0,357276_subject_array_1739893356.bin
177209,35764,JCM 3114,35764.6,10,https://ftp.ncbi.nlm.nih.gov/genomes/all/GCF/039/535/295/GCF_039535295.1_ASM3953529v1,10,35764.6.fna,GCF_039535295.1_ASM3953529v1_genomic.fna, 8251404, 8251404,35764.6.fna_vs_GCF_039535295.1_ASM3953529v1_genomic.fna_blast.xml,0,0,0,0,0,0,0,0,8251404,0,0,0,0,0,0,35764_subject_array_1739893359.bin
177484,35811,DSM 8510,35811.6,10,https://ftp.ncbi.nlm.nih.gov/genomes/all/GCF/014/195/675/GCF_014195675.1_ASM1419567v1,10,35811.6.fna,GCF_014195675.1_ASM1419567v1_genomic.fna, 3342622, 3342622,35811.6.fna_vs_GCF_014195675.1_ASM1419567v1_genomic.fna_blast.xml,0,0,0,0,0,0,0,0,3342622,0,0,0,0,0,0,35811_subject_array_1739893360.bin
177789,360108,260.94,360108.4,10,https://ftp.ncbi.nlm.nih.gov/genomes/all/GCF/000/168/135/GCF_000168135.1_ASM16813v1,10,360108.4.fna,GCF_000168135.1_ASM16813v1_genomic.fna, 1657846, 1657846,360108.4.fna_vs_GCF_000168135.1_ASM16813v1_genomic.fna_blast.xml,0,0,0,0,0,0,0,0,1657844,0,0,2,0,0,0,360108_subject_array_1739893361.bin
178186,36807,JCM 9181,36807.17,10,https://ftp.ncbi.nlm.nih.gov/genomes/all/GCF/039/539/985/GCF_039539985.1_ASM3953998v1,10,36807.17.fna,GCF_039539985.1_ASM3953998v1_genomic.fna, 3260351, 3260351,36807.17.fna_vs_GCF_039539985.1_ASM3953998v1_genomic.fna_blast.xml,0,0,0,0,0,0,0,0,3260351,0,0,0,0,0,0,36807_subject_array_1739893362.bin
178198,36808,24956,36808.73,10,https://ftp.ncbi.nlm.nih.gov/genomes/all/GCF/029/846/575/GCF_029846575.1_ASM2984657v1,10,36808.73.fna,GCF_029846575.1_ASM2984657v1_genomic.fna, 2586948, 2586948,36808.73.fna_vs_GCF_029846575.1_ASM2984657v1_genomic.fna_blast.xml,0,0,0,0,0,0,0,0,2586948,0,0,0,0,0,0,36808_subject_array_1739893363.bin
178265,36809,20160611,36809.1020,10,https://ftp.ncbi.nlm.nih.gov/genomes/all/GCF/025/657/695/GCF_025657695.1_ASM2565769v1,10,36809.1020.fna,GCF_025657695.1_ASM2565769v1_genomic.fna, 4839594, 4839594,36809.1020.fna_vs_GCF_025657695.1_ASM2565769v1_genomic.fna_blast.xml,0,0,0,0,0,0,0,89,4839505,0,0,0,0,0,0,36809_subject_array_1739893364.bin
178266,36809,20160632,36809.1018,10,https://ftp.ncbi.nlm.nih.gov/genomes/all/GCF/025/657/655/GCF_025657655.1_ASM2565765v1,10,36809.1018.fna,GCF_025657655.1_ASM2565765v1_genomic.fna, 4839494, 4839494,36809.1018.fna_vs_GCF_025657655.1_ASM2565765v1_genomic.fna_blast.xml,0,0,0,0,0,0,0,0,4839494,0,0,0,0,0,0,36809_subject_array_1739893366.bin
178270,36809,2016076,36809.1019,10,https://ftp.ncbi.nlm.nih.gov/genomes/all/GCF/025/657/725/GCF_025657725.1_ASM2565772v1,10,36809.1019.fna,GCF_025657725.1_ASM2565772v1_genomic.fna, 4839494, 4839494,36809.1019.fna_vs_GCF_025657725.1_ASM2565772v1_genomic.fna_blast.xml,0,0,0,0,0,0,0,0,4839494,0,0,0,0,0,0,36809_subject_array_1739893368.bin
178271,36809,2016077,36809.1021,10,https://ftp.ncbi.nlm.nih.gov/genomes/all/GCF/025/657/715/GCF_025657715.1_ASM2565771v1,10,36809.1021.fna,GCF_025657715.1_ASM2565771v1_genomic.fna, 4839494, 4839494,36809.1021.fna_vs_GCF_025657715.1_ASM2565771v1_genomic.fna_blast.xml,0,0,0,0,0,0,0,0,4839494,0,0,0,0,0,0,36809_subject_array_1739893369.bin
178274,36809,20160888,36809.1017,10,https://ftp.ncbi.nlm.nih.gov/genomes/all/GCF/025/657/675/GCF_025657675.1_ASM2565767v1,10,36809.1017.fna,GCF_025657675.1_ASM2565767v1_genomic.fna, 4839494, 4839494,36809.1017.fna_vs_GCF_025657675.1_ASM2565767v1_genomic.fna_blast.xml,0,0,0,0,0,0,0,0,4839494,0,0,0,0,0,0,36809_subject_array_1739893371.bin
178275,36809,20160944,36809.1012,10,https://ftp.ncbi.nlm.nih.gov/genomes/all/GCF/025/657/555/GCF_025657555.1_ASM2565755v1,10,36809.1012.fna,GCF_025657555.1_ASM2565755v1_genomic.fna, 4839494, 4839494,36809.1012.fna_vs_GCF_025657555.1_ASM2565755v1_genomic.fna_blast.xml,0,0,0,0,0,0,0,0,4839494,0,0,0,0,0,0,36809_subject_array_1739893373.bin
178276,36809,201610010,36809.1010,10,https://ftp.ncbi.nlm.nih.gov/genomes/all/GCF/025/657/495/GCF_025657495.1_ASM2565749v1,10,36809.1010.fna,GCF_025657495.1_ASM2565749v1_genomic.fna, 4839494, 4839494,36809.1010.fna_vs_GCF_025657495.1_ASM2565749v1_genomic.fna_blast.xml,0,0,0,0,0,0,0,0,4839494,0,0,0,0,0,0,36809_subject_array_1739893374.bin
178277,36809,201610311,36809.1006,10,https://ftp.ncbi.nlm.nih.gov/genomes/all/GCF/025/657/435/GCF_025657435.1_ASM2565743v1,10,36809.1006.fna,GCF_025657435.1_ASM2565743v1_genomic.fna, 4839494, 4839494,36809.1006.fna_vs_GCF_025657435.1_ASM2565743v1_genomic.fna_blast.xml,0,0,0,0,0,0,0,0,4839494,0,0,0,0,0,0,36809_subject_array_1739893376.bin
178278,36809,201610712,36809.1008,10,https://ftp.ncbi.nlm.nih.gov/genomes/all/GCF/025/657/475/GCF_025657475.1_ASM2565747v1,10,36809.1008.fna,GCF_025657475.1_ASM2565747v1_genomic.fna, 4839594, 4839594,36809.1008.fna_vs_GCF_025657475.1_ASM2565747v1_genomic.fna_blast.xml,0,0,0,0,0,0,0,89,4839505,0,0,0,0,0,0,36809_subject_array_1739893377.bin
178334,36809,FLAC014,36809.400,10,https://ftp.ncbi.nlm.nih.gov/genomes/all/GCF/002/142/865/GCF_002142865.1_ASM214286v1,10,36809.400.fna,GCF_002142865.1_ASM214286v1_genomic.fna, 5223545, 5223545,36809.400.fna_vs_GCF_002142865.1_ASM214286v1_genomic.fna_blast.xml,0,0,0,0,0,0,0,0,5223541,0,2,2,0,0,0,36809_subject_array_1739893379.bin
178364,36809,G104,36809.553,10,https://ftp.ncbi.nlm.nih.gov/genomes/all/GCF/003/583/065/GCF_003583065.1_ASM358306v1,10,36809.553.fna,GCF_003583065.1_ASM358306v1_genomic.fna, 5079313, 5079313,36809.553.fna_vs_GCF_003583065.1_ASM358306v1_genomic.fna_blast.xml,0,0,0,0,0,0,0,296,5079017,0,0,0,0,0,0,36809_subject_array_1739893381.bin
178371,36809,G111,36809.547,10,https://ftp.ncbi.nlm.nih.gov/genomes/all/GCF/003/582/905/GCF_003582905.1_ASM358290v1,10,36809.547.fna,GCF_003582905.1_ASM358290v1_genomic.fna, 4865560, 4865560,36809.547.fna_vs_GCF_003582905.1_ASM358290v1_genomic.fna_blast.xml,0,0,0,0,0,0,0,0,4865560,0,0,0,0,0,0,36809_subject_array_1739893383.bin
178465,36809,JHN_AB_0001_1A,36809.667,10,https://ftp.ncbi.nlm.nih.gov/genomes/all/GCF/015/024/035/GCF_015024035.1_ASM1502403v1,10,36809.667.fna,GCF_015024035.1_ASM1502403v1_genomic.fna, 5206590, 5206590,36809.667.fna_vs_GCF_015024035.1_ASM1502403v1_genomic.fna_blast.xml,0,0,0,0,0,0,0,0,5206590,0,0,0,0,0,0,36809_subject_array_1739893384.bin
178473,36809,JHN_AB_0006_4,36809.662,10,https://ftp.ncbi.nlm.nih.gov/genomes/all/GCF/015/023/925/GCF_015023925.1_ASM1502392v1,10,36809.662.fna,GCF_015023925.1_ASM1502392v1_genomic.fna, 4881201, 4881201,36809.662.fna_vs_GCF_015023925.1_ASM1502392v1_genomic.fna_blast.xml,0,0,0,0,0,0,0,0,4881201,0,0,0,0,0,0,36809_subject_array_1739893386.bin
178495,36809,JHN_AB_19977,36809.670,10,https://ftp.ncbi.nlm.nih.gov/genomes/all/GCF/015/024/085/GCF_015024085.1_ASM1502408v1,10,36809.670.fna,GCF_015024085.1_ASM1502408v1_genomic.fna, 5090737, 5090737,36809.670.fna_vs_GCF_015024085.1_ASM1502408v1_genomic.fna_blast.xml,0,0,0,0,0,0,0,0,5090737,0,0,0,0,0,0,36809_subject_array_1739893388.bin
178791,370767,Hjan13,370767.7,10,https://ftp.ncbi.nlm.nih.gov/genomes/all/GCF/026/901/265/GCF_026901265.1_ASM2690126v1,10,370767.7.fna,GCF_026901265.1_ASM2690126v1_genomic.fna, 3700940, 3700940,370767.7.fna_vs_GCF_026901265.1_ASM2690126v1_genomic.fna_blast.xml,0,0,0,0,0,0,0,0,3700940,0,0,0,0,0,0,370767_subject_array_1739893389.bin
179494,37637,MSK311,37637.62,10,https://ftp.ncbi.nlm.nih.gov/genomes/all/GCF/030/232/045/GCF_030232045.1_ASM3023204v1,10,37637.62.fna,GCF_030232045.1_ASM3023204v1_genomic.fna, 2307781, 2307781,37637.62.fna_vs_GCF_030232045.1_ASM3023204v1_genomic.fna_blast.xml,0,0,0,0,0,0,0,277,2307504,0,0,0,0,0,0,37637_subject_array_1739893390.bin
179687,379069,CGMCC 1.15663,379069.3,10,https://ftp.ncbi.nlm.nih.gov/genomes/all/GCF/016/734/785/GCF_016734785.1_ASM1673478v1,10,379069.3.fna,GCF_016734785.1_ASM1673478v1_genomic.fna, 3769575, 3769575,379069.3.fna_vs_GCF_016734785.1_ASM1673478v1_genomic.fna_blast.xml,0,0,0,0,0,0,0,0,3769575,0,0,0,0,0,0,379069_subject_array_1739893391.bin
179907,380021,JUb28,380021.68,10,https://ftp.ncbi.nlm.nih.gov/genomes/all/GCF/003/752/305/GCF_003752305.1_ASM375230v1,10,380021.68.fna,GCF_003752305.1_ASM375230v1_genomic.fna, 6930756, 6930756,380021.68.fna_vs_GCF_003752305.1_ASM375230v1_genomic.fna_blast.xml,0,0,0,0,0,0,0,35,6930721,0,0,0,0,0,0,380021_subject_array_1739893394.bin
179919,380021,PA12,380021.17,10,https://ftp.ncbi.nlm.nih.gov/genomes/all/GCF/001/682/935/GCF_001682935.1_ASM168293v1,10,380021.17.fna,GCF_001682935.1_ASM168293v1_genomic.fna, 6984535, 6984535,380021.17.fna_vs_GCF_001682935.1_ASM168293v1_genomic.fna_blast.xml,0,0,0,0,0,0,0,481,6984054,0,0,0,0,0,0,380021_subject_array_1739893397.bin
179921,380021,PA19,380021.20,10,https://ftp.ncbi.nlm.nih.gov/genomes/all/GCF/001/906/605/GCF_001906605.1_ASM190660v1,10,380021.20.fna,GCF_001906605.1_ASM190660v1_genomic.fna, 6980620, 6980620,380021.20.fna_vs_GCF_001906605.1_ASM190660v1_genomic.fna_blast.xml,0,0,0,0,0,0,1,656,6979962,0,0,1,0,0,0,380021_subject_array_1739893400.bin
179961,380393,1.2.9,380393.16,10,https://ftp.ncbi.nlm.nih.gov/genomes/all/GCF/032/190/775/GCF_032190775.1_ASM3219077v1,10,380393.16.fna,GCF_032190775.1_ASM3219077v1_genomic.fna, 2932609, 2932609,380393.16.fna_vs_GCF_032190775.1_ASM3219077v1_genomic.fna_blast.xml,0,0,0,0,0,0,0,0,2932609,0,0,0,0,0,0,380393_subject_array_1739893401.bin
180834,384,SM14,384.320,10,https://ftp.ncbi.nlm.nih.gov/genomes/all/GCF/004/306/875/GCF_004306875.1_ASM430687v1,10,384.320.fna,GCF_004306875.1_ASM430687v1_genomic.fna, 7467970, 7467970,384.320.fna_vs_GCF_004306875.1_ASM430687v1_genomic.fna_blast.xml,0,0,0,0,0,0,0,989,7466981,0,0,0,0,0,0,384_subject_array_1739893404.bin
180879,384,SM34,384.307,10,https://ftp.ncbi.nlm.nih.gov/genomes/all/GCF/004/306/605/GCF_004306605.1_ASM430660v1,10,384.307.fna,GCF_004306605.1_ASM430660v1_genomic.fna, 8034694, 8034694,384.307.fna_vs_GCF_004306605.1_ASM430660v1_genomic.fna_blast.xml,0,0,0,0,0,0,0,686,8034008,0,0,0,0,0,0,384_subject_array_1739893407.bin
180885,384,SM4,384.325,10,https://ftp.ncbi.nlm.nih.gov/genomes/all/GCF/004/307/035/GCF_004307035.1_ASM430703v1,10,384.325.fna,GCF_004307035.1_ASM430703v1_genomic.fna, 7723228, 7723228,384.325.fna_vs_GCF_004307035.1_ASM430703v1_genomic.fna_blast.xml,0,0,0,0,0,0,0,660,7722556,0,0,1,11,0,0,384_subject_array_1739893410.bin
180886,384,SM40,384.316,10,https://ftp.ncbi.nlm.nih.gov/genomes/all/GCF/004/306/785/GCF_004306785.1_ASM430678v1,10,384.316.fna,GCF_004306785.1_ASM430678v1_genomic.fna, 7683379, 7683379,384.316.fna_vs_GCF_004306785.1_ASM430678v1_genomic.fna_blast.xml,0,0,0,0,0,0,0,399,7682980,0,0,0,0,0,0,384_subject_array_1739893413.bin
180887,384,SM45,384.275,10,https://ftp.ncbi.nlm.nih.gov/genomes/all/GCF/004/305/865/GCF_004305865.1_ASM430586v1,10,384.275.fna,GCF_004305865.1_ASM430586v1_genomic.fna, 7622287, 7622287,384.275.fna_vs_GCF_004305865.1_ASM430586v1_genomic.fna_blast.xml,0,0,0,0,0,0,0,988,7621298,0,0,0,1,0,0,384_subject_array_1739893415.bin
180892,384,SM72,384.297,10,https://ftp.ncbi.nlm.nih.gov/genomes/all/GCF/004/306/415/GCF_004306415.1_ASM430641v1,10,384.297.fna,GCF_004306415.1_ASM430641v1_genomic.fna, 7559665, 7559665,384.297.fna_vs_GCF_004306415.1_ASM430641v1_genomic.fna_blast.xml,0,0,0,0,0,0,0,300,7559365,0,0,0,0,0,0,384_subject_array_1739893418.bin
181874,39960,SNB-035,39960.18,10,https://ftp.ncbi.nlm.nih.gov/genomes/all/GCF/029/760/855/GCF_029760855.1_ASM2976085v1,10,39960.18.fna,GCF_029760855.1_ASM2976085v1_genomic.fna, 2965261, 2965261,39960.18.fna_vs_GCF_029760855.1_ASM2976085v1_genomic.fna_blast.xml,0,0,0,0,0,0,0,0,2965261,0,0,0,0,0,0,39960_subject_array_1739893419.bin
181979,40041,SEZ_18-055,40041.526,10,https://ftp.ncbi.nlm.nih.gov/genomes/all/GCF/021/076/765/GCF_021076765.1_ASM2107676v1,10,40041.526.fna,GCF_021076765.1_ASM2107676v1_genomic.fna, 2161634, 2161634,40041.526.fna_vs_GCF_021076765.1_ASM2107676v1_genomic.fna_blast.xml,0,0,0,0,0,0,0,0,2161634,0,0,0,0,0,0,40041_subject_array_1739893420.bin
181984,40041,SEZ_18-060,40041.522,10,https://ftp.ncbi.nlm.nih.gov/genomes/all/GCF/021/076/605/GCF_021076605.1_ASM2107660v1,10,40041.522.fna,GCF_021076605.1_ASM2107660v1_genomic.fna, 2242684, 2242684,40041.522.fna_vs_GCF_021076605.1_ASM2107660v1_genomic.fna_blast.xml,0,0,0,0,0,0,0,0,2242684,0,0,0,0,0,0,40041_subject_array_1739893421.bin
182018,400774,JCM 15309,400774.3,10,https://ftp.ncbi.nlm.nih.gov/genomes/all/GCF/039/530/925/GCF_039530925.1_ASM3953092v1,10,400774.3.fna,GCF_039530925.1_ASM3953092v1_genomic.fna, 4681186, 4681186,400774.3.fna_vs_GCF_039530925.1_ASM3953092v1_genomic.fna_blast.xml,0,0,0,0,0,0,0,3468,4677714,0,0,0,4,0,0,400774_subject_array_1739893422.bin
182047,400946,F6516,400946.9,10,https://ftp.ncbi.nlm.nih.gov/genomes/all/GCF/002/252/225/GCF_002252225.1_ASM225222v1,10,400946.9.fna,GCF_002252225.1_ASM225222v1_genomic.fna, 2071321, 2071321,400946.9.fna_vs_GCF_002252225.1_ASM225222v1_genomic.fna_blast.xml,0,0,0,0,0,0,0,0,2071321,0,0,0,0,0,0,400946_subject_array_1739893423.bin
182307,402297,CCM 7403,402297.4,10,https://ftp.ncbi.nlm.nih.gov/genomes/all/GCF/014/635/145/GCF_014635145.1_ASM1463514v1,10,402297.4.fna,GCF_014635145.1_ASM1463514v1_genomic.fna, 3548196, 3548196,402297.4.fna_vs_GCF_014635145.1_ASM1463514v1_genomic.fna_blast.xml,0,0,0,0,0,0,0,345,3547851,0,0,0,0,0,0,402297_subject_array_1739893424.bin
182628,40324,G1P11,40324.1793,10,https://ftp.ncbi.nlm.nih.gov/genomes/all/GCF/014/581/755/GCF_014581755.1_ASM1458175v1,10,40324.1793.fna,GCF_014581755.1_ASM1458175v1_genomic.fna, 4307168, 4307168,40324.1793.fna_vs_GCF_014581755.1_ASM1458175v1_genomic.fna_blast.xml,0,0,0,0,0,0,0,191,4306977,0,0,0,0,0,0,40324_subject_array_1739893426.bin
182686,40324,ISMMS6,40324.131,10,https://ftp.ncbi.nlm.nih.gov/genomes/all/GCF/001/275/095/GCF_001275095.1_ISMMS6v1,10,40324.131.fna,GCF_001275095.1_ISMMS6v1_genomic.fna, 4832466, 4832466,40324.131.fna_vs_GCF_001275095.1_ISMMS6v1_genomic.fna_blast.xml,0,0,0,0,0,0,0,0,4832463,0,1,2,0,0,0,40324_subject_array_1739893429.bin
183000,403962,DS2,403962.3,10,https://ftp.ncbi.nlm.nih.gov/genomes/all/GCF/025/961/225/GCF_025961225.1_ASM2596122v1,10,403962.3.fna,GCF_025961225.1_ASM2596122v1_genomic.fna, 9732847, 9732847,403962.3.fna_vs_GCF_025961225.1_ASM2596122v1_genomic.fna_blast.xml,0,0,0,0,0,0,0,0,9732847,0,0,0,0,0,0,403962_subject_array_1739893432.bin
183270,405770,JCM 31975,405770.3,10,https://ftp.ncbi.nlm.nih.gov/genomes/all/GCF/004/136/635/GCF_004136635.1_ASM413663v1,10,405770.3.fna,GCF_004136635.1_ASM413663v1_genomic.fna, 3037640, 3037640,405770.3.fna_vs_GCF_004136635.1_ASM413663v1_genomic.fna_blast.xml,0,0,0,0,0,0,0,0,3037640,0,0,0,0,0,0,405770_subject_array_1739893434.bin
183299,407035,CGMCC 1.6501,407035.5,10,https://ftp.ncbi.nlm.nih.gov/genomes/all/GCF/900/114/445/GCF_900114445.1_IMG-taxon_2687453789_annotated_assembly,10,407035.5.fna,GCF_900114445.1_IMG-taxon_2687453789_annotated_assembly_genomic.fna, 2735405, 2735405,407035.5.fna_vs_GCF_900114445.1_IMG-taxon_2687453789_annotated_assembly_genomic.fna_blast.xml,0,0,0,0,0,0,0,701,2734695,0,7,2,0,0,0,407035_subject_array_1739893435.bin
183543,412384,C4-10,412384.276,10,https://ftp.ncbi.nlm.nih.gov/genomes/all/GCF/039/631/325/GCF_039631325.1_ASM3963132v1,10,412384.276.fna,GCF_039631325.1_ASM3963132v1_genomic.fna, 5451234, 5451234,412384.276.fna_vs_GCF_039631325.1_ASM3963132v1_genomic.fna_blast.xml,0,0,0,0,0,0,1,0,5451229,0,0,4,0,0,0,412384_subject_array_1739893437.bin
183586,412384,PRO104,412384.206,10,https://ftp.ncbi.nlm.nih.gov/genomes/all/GCF/029/857/305/GCF_029857305.1_ASM2985730v1,10,412384.206.fna,GCF_029857305.1_ASM2985730v1_genomic.fna, 5672881, 5672881,412384.206.fna_vs_GCF_029857305.1_ASM2985730v1_genomic.fna_blast.xml,0,0,0,0,0,0,0,0,5672881,0,0,0,0,0,0,412384_subject_array_1739893439.bin
183603,412420,CA88-4125,412420.6,10,https://ftp.ncbi.nlm.nih.gov/genomes/all/GCF/000/181/455/GCF_000181455.2_ASM18145v2,10,412420.6.fna,GCF_000181455.2_ASM18145v2_genomic.fna, 4825390, 4825390,412420.6.fna_vs_GCF_000181455.2_ASM18145v2_genomic.fna_blast.xml,0,0,0,0,0,0,0,0,4825390,0,0,0,0,0,0,412420_subject_array_1739893441.bin
183893,416872,I4,416872.23,10,https://ftp.ncbi.nlm.nih.gov/genomes/all/GCF/032/333/995/GCF_032333995.1_ASM3233399v1,10,416872.23.fna,GCF_032333995.1_ASM3233399v1_genomic.fna, 3406698, 3406698,416872.23.fna_vs_GCF_032333995.1_ASM3233399v1_genomic.fna_blast.xml,0,0,0,0,0,0,0,774,3405924,0,0,0,0,0,0,416872_subject_array_1739893443.bin
184090,418719,5N-3,418719.19,10,https://ftp.ncbi.nlm.nih.gov/genomes/all/GCF/009/617/755/GCF_009617755.1_ASM961775v1,10,418719.19.fna,GCF_009617755.1_ASM961775v1_genomic.fna, 4150758, 4150758,418719.19.fna_vs_GCF_009617755.1_ASM961775v1_genomic.fna_blast.xml,0,0,0,0,0,0,0,0,4150758,0,0,0,0,0,0,418719_subject_array_1739893444.bin
184093,418719,DP3N21-1,418719.30,10,https://ftp.ncbi.nlm.nih.gov/genomes/all/GCF/019/801/045/GCF_019801045.1_ASM1980104v1,10,418719.30.fna,GCF_019801045.1_ASM1980104v1_genomic.fna, 4157055, 4157055,418719.30.fna_vs_GCF_019801045.1_ASM1980104v1_genomic.fna_blast.xml,0,0,0,0,0,0,0,0,4157055,0,0,0,0,0,0,418719_subject_array_1739893446.bin
184101,418854,CGMCC 1.6497,418854.5,10,https://ftp.ncbi.nlm.nih.gov/genomes/all/GCF/900/104/305/GCF_900104305.1_IMG-taxon_2617270918_annotated_assembly,10,418854.5.fna,GCF_900104305.1_IMG-taxon_2617270918_annotated_assembly_genomic.fna, 3847194, 3847194,418854.5.fna_vs_GCF_900104305.1_IMG-taxon_2617270918_annotated_assembly_genomic.fna_blast.xml,0,0,0,0,0,0,0,1313,3845881,0,0,0,0,0,0,418854_subject_array_1739893447.bin
184203,421058,COTT,421058.21,10,https://ftp.ncbi.nlm.nih.gov/genomes/all/GCF/026/069/995/GCF_026069995.1_ASM2606999v1,10,421058.21.fna,GCF_026069995.1_ASM2606999v1_genomic.fna, 4265157, 4265157,421058.21.fna_vs_GCF_026069995.1_ASM2606999v1_genomic.fna_blast.xml,0,0,0,0,0,0,0,0,4265157,0,0,0,0,0,0,421058_subject_array_1739893448.bin
184306,425504,LMG 24016,425504.4,10,https://ftp.ncbi.nlm.nih.gov/genomes/all/GCF/900/113/745/GCF_900113745.1_IMG-taxon_2667527413_annotated_assembly,10,425504.4.fna,GCF_900113745.1_IMG-taxon_2667527413_annotated_assembly_genomic.fna, 4149587, 4149587,425504.4.fna_vs_GCF_900113745.1_IMG-taxon_2667527413_annotated_assembly_genomic.fna_blast.xml,0,0,0,0,0,0,0,160,4149425,0,0,2,0,0,0,425504_subject_array_1739893450.bin
184355,42817,SXC4,42817.49,10,https://ftp.ncbi.nlm.nih.gov/genomes/all/GCF/021/491/455/GCF_021491455.1_ASM2149145v1,10,42817.49.fna,GCF_021491455.1_ASM2149145v1_genomic.fna, 1964653, 1964653,42817.49.fna_vs_GCF_021491455.1_ASM2149145v1_genomic.fna_blast.xml,0,0,0,0,0,0,0,0,1964653,0,0,0,0,0,0,42817_subject_array_1739893450.bin
184356,42817,SXC5,42817.51,10,https://ftp.ncbi.nlm.nih.gov/genomes/all/GCF/021/491/495/GCF_021491495.1_ASM2149149v1,10,42817.51.fna,GCF_021491495.1_ASM2149149v1_genomic.fna, 2006654, 2006654,42817.51.fna_vs_GCF_021491495.1_ASM2149149v1_genomic.fna_blast.xml,0,0,0,0,0,0,0,0,2006654,0,0,0,0,0,0,42817_subject_array_1739893451.bin
184592,43263,RU38D,43263.6,10,https://ftp.ncbi.nlm.nih.gov/genomes/all/GCF/900/156/545/GCF_900156545.1_IMG-taxon_2708743161_annotated_assembly,10,43263.6.fna,GCF_900156545.1_IMG-taxon_2708743161_annotated_assembly_genomic.fna, 4246731, 4246731,43263.6.fna_vs_GCF_900156545.1_IMG-taxon_2708743161_annotated_assembly_genomic.fna_blast.xml,0,0,0,0,0,0,0,0,4246731,0,0,0,0,0,0,43263_subject_array_1739893452.bin
184712,436356,JCM 16378,436356.3,10,https://ftp.ncbi.nlm.nih.gov/genomes/all/GCF/039/532/215/GCF_039532215.1_ASM3953221v1,10,436356.3.fna,GCF_039532215.1_ASM3953221v1_genomic.fna, 4020070, 4020070,436356.3.fna_vs_GCF_039532215.1_ASM3953221v1_genomic.fna_blast.xml,0,0,0,0,0,0,0,0,4020070,0,0,0,0,0,0,436356_subject_array_1739893454.bin
184747,43657,HI1,43657.9,10,https://ftp.ncbi.nlm.nih.gov/genomes/all/GCF/000/814/765/GCF_000814765.1_ASM81476v1,10,43657.9.fna,GCF_000814765.1_ASM81476v1_genomic.fna, 6070357, 6070357,43657.9.fna_vs_GCF_000814765.1_ASM81476v1_genomic.fna_blast.xml,0,0,0,1,0,0,4,1729,6068611,0,6,6,0,0,0,43657_subject_array_1739893456.bin
184833,43675,470_RMUC,43675.23,10,https://ftp.ncbi.nlm.nih.gov/genomes/all/GCF/001/065/115/GCF_001065115.1_ASM106511v1,10,43675.23.fna,GCF_001065115.1_ASM106511v1_genomic.fna, 2244809, 2244809,43675.23.fna_vs_GCF_001065115.1_ASM106511v1_genomic.fna_blast.xml,0,0,0,0,0,0,0,400,2244409,0,0,0,0,0,0,43675_subject_array_1739893457.bin
184864,43765,LK23,43765.79,10,https://ftp.ncbi.nlm.nih.gov/genomes/all/GCF/014/335/175/GCF_014335175.1_LK23,10,43765.79.fna,GCF_014335175.1_LK23_genomic.fna, 2451386, 2451386,43765.79.fna_vs_GCF_014335175.1_LK23_genomic.fna_blast.xml,0,0,0,0,0,0,0,0,2451386,0,0,0,0,0,0,43765_subject_array_1739893458.bin
184906,43767,CHPC 1.8384,43767.344,10,https://ftp.ncbi.nlm.nih.gov/genomes/all/GCF/022/271/335/GCF_022271335.1_ASM2227133v1,10,43767.344.fna,GCF_022271335.1_ASM2227133v1_genomic.fna, 5162120, 5162120,43767.344.fna_vs_GCF_022271335.1_ASM2227133v1_genomic.fna_blast.xml,0,0,0,0,0,0,1,0,5162119,0,0,0,0,0,0,43767_subject_array_1739893459.bin
185105,438751,DSM 104084,438751.4,10,https://ftp.ncbi.nlm.nih.gov/genomes/all/GCF/011/927/705/GCF_011927705.1_ASM1192770v1,10,438751.4.fna,GCF_011927705.1_ASM1192770v1_genomic.fna, 4523896, 4523896,438751.4.fna_vs_GCF_011927705.1_ASM1192770v1_genomic.fna_blast.xml,0,0,0,0,0,0,0,393,4523503,0,0,0,0,0,0,438751_subject_array_1739893461.bin
185341,44008,2D5_DIV0622,44008.31,10,https://ftp.ncbi.nlm.nih.gov/genomes/all/GCF/002/174/365/GCF_002174365.1_ASM217436v1,10,44008.31.fna,GCF_002174365.1_ASM217436v1_genomic.fna, 2478024, 2478024,44008.31.fna_vs_GCF_002174365.1_ASM217436v1_genomic.fna_blast.xml,0,0,0,0,0,0,0,137430,2340576,0,0,0,18,0,0,44008_subject_array_1739893462.bin
186113,443615,BE107,443615.4,10,https://ftp.ncbi.nlm.nih.gov/genomes/all/GCF/031/455/975/GCF_031455975.1_ASM3145597v1,10,443615.4.fna,GCF_031455975.1_ASM3145597v1_genomic.fna, 4035742, 4035742,443615.4.fna_vs_GCF_031455975.1_ASM3145597v1_genomic.fna_blast.xml,0,0,0,0,0,0,0,0,4035742,0,0,0,0,0,0,443615_subject_array_1739893464.bin
188255,463,PATHC040,463.13,10,https://ftp.ncbi.nlm.nih.gov/genomes/all/GCF/026/191/295/GCF_026191295.1_ASM2619129v1,10,463.13.fna,GCF_026191295.1_ASM2619129v1_genomic.fna, 3762120, 3762120,463.13.fna_vs_GCF_026191295.1_ASM2619129v1_genomic.fna_blast.xml,0,0,0,0,0,0,0,0,3761787,0,0,1,332,0,0,463_subject_array_1739893465.bin
193088,470,E47,470.9373,10,https://ftp.ncbi.nlm.nih.gov/genomes/all/GCF/008/931/365/GCF_008931365.1_ASM893136v1,10,470.9373.fna,GCF_008931365.1_ASM893136v1_genomic.fna, 4230606, 4230606,470.9373.fna_vs_GCF_008931365.1_ASM893136v1_genomic.fna_blast.xml,0,0,0,0,0,0,0,0,4230606,0,0,0,0,0,0,470_subject_array_1739893467.bin
194709,470,Nord12-3,470.23687,10,https://ftp.ncbi.nlm.nih.gov/genomes/all/GCF/034/422/775/GCF_034422775.1_ASM3442277v1,10,470.23687.fna,GCF_034422775.1_ASM3442277v1_genomic.fna, 4072119, 4072119,470.23687.fna_vs_GCF_034422775.1_ASM3442277v1_genomic.fna_blast.xml,0,0,0,0,0,0,0,0,4072118,0,0,1,0,0,0,470_subject_array_1739893468.bin
195097,470,RU-E233,470.23116,10,https://ftp.ncbi.nlm.nih.gov/genomes/all/GCF/033/031/125/GCF_033031125.1_ASM3303112v1,10,470.23116.fna,GCF_033031125.1_ASM3303112v1_genomic.fna, 4051689, 4051689,470.23116.fna_vs_GCF_033031125.1_ASM3303112v1_genomic.fna_blast.xml,0,0,0,0,0,0,0,0,4051689,0,0,0,0,0,0,470_subject_array_1739893470.bin
195099,470,RU-E355,470.23113,10,https://ftp.ncbi.nlm.nih.gov/genomes/all/GCF/033/030/945/GCF_033030945.1_ASM3303094v1,10,470.23113.fna,GCF_033030945.1_ASM3303094v1_genomic.fna, 3834692, 3834692,470.23113.fna_vs_GCF_033030945.1_ASM3303094v1_genomic.fna_blast.xml,0,0,0,0,0,0,0,0,3834692,0,0,0,0,0,0,470_subject_array_1739893471.bin
195308,470,SP1917,470.1577,10,https://ftp.ncbi.nlm.nih.gov/genomes/all/GCF/001/077/575/GCF_001077575.1_ASM107757v1,10,470.1577.fna,GCF_001077575.1_ASM107757v1_genomic.fna, 4484902, 4484902,470.1577.fna_vs_GCF_001077575.1_ASM107757v1_genomic.fna_blast.xml,0,0,0,0,0,0,0,0,4484902,0,0,0,0,0,0,470_subject_array_1739893472.bin
196771,47671,SCCH130 Lau2261318,47671.326,10,https://ftp.ncbi.nlm.nih.gov/genomes/all/GCF/028/462/385/GCF_028462385.1_ASM2846238v1,10,47671.326.fna,GCF_028462385.1_ASM2846238v1_genomic.fna, 3080931, 3080931,47671.326.fna_vs_GCF_028462385.1_ASM2846238v1_genomic.fna_blast.xml,0,0,0,0,0,0,0,0,3080921,0,1,9,0,0,0,47671_subject_array_1739893474.bin
196943,47715,1001311H_170123_H11,47715.1744,10,https://ftp.ncbi.nlm.nih.gov/genomes/all/GCF/015/549/085/GCF_015549085.1_ASM1554908v1,10,47715.1744.fna,GCF_015549085.1_ASM1554908v1_genomic.fna, 2924061, 2924061,47715.1744.fna_vs_GCF_015549085.1_ASM1554908v1_genomic.fna_blast.xml,0,0,0,0,0,0,0,601,2923460,0,0,0,0,0,0,47715_subject_array_1739893475.bin
198214,480,CCUG 57283,480.252,10,https://ftp.ncbi.nlm.nih.gov/genomes/all/GCF/001/679/345/GCF_001679345.1_ASM167934v1,10,480.252.fna,GCF_001679345.1_ASM167934v1_genomic.fna, 1830335, 1830335,480.252.fna_vs_GCF_001679345.1_ASM167934v1_genomic.fna_blast.xml,0,0,0,0,0,0,0,574,1829761,0,0,0,0,0,0,480_subject_array_1739893476.bin
199173,48408,LN-1a,48408.39,10,https://ftp.ncbi.nlm.nih.gov/genomes/all/GCF/030/716/945/GCF_030716945.1_ASM3071694v1,10,48408.39.fna,GCF_030716945.1_ASM3071694v1_genomic.fna, 5174290, 5174290,48408.39.fna_vs_GCF_030716945.1_ASM3071694v1_genomic.fna_blast.xml,0,0,0,0,0,0,2,2641,5171627,0,0,2,18,0,0,48408_subject_array_1739893478.bin
199775,485,GHA-ADB-369/2019,485.12740,10,https://ftp.ncbi.nlm.nih.gov/genomes/all/GCF/021/535/565/GCF_021535565.1_ASM2153556v1,10,485.12740.fna,GCF_021535565.1_ASM2153556v1_genomic.fna, 2220384, 2220384,485.12740.fna_vs_GCF_021535565.1_ASM2153556v1_genomic.fna_blast.xml,0,0,0,0,0,0,0,0,2220137,0,0,0,247,0,0,485_subject_array_1739893479.bin
199778,485,GHA-AIR-058/2019,485.12737,10,https://ftp.ncbi.nlm.nih.gov/genomes/all/GCF/021/535/485/GCF_021535485.1_ASM2153548v1,10,485.12737.fna,GCF_021535485.1_ASM2153548v1_genomic.fna, 2175535, 2175535,485.12737.fna_vs_GCF_021535485.1_ASM2153548v1_genomic.fna_blast.xml,0,0,0,0,0,0,0,0,2175535,0,0,0,0,0,0,485_subject_array_1739893480.bin
199801,485,GHA-TMH-462/2015,485.12752,10,https://ftp.ncbi.nlm.nih.gov/genomes/all/GCF/021/535/765/GCF_021535765.1_ASM2153576v1,10,485.12752.fna,GCF_021535765.1_ASM2153576v1_genomic.fna, 2222325, 2222325,485.12752.fna_vs_GCF_021535765.1_ASM2153576v1_genomic.fna_blast.xml,0,0,0,0,0,0,0,0,2222324,0,0,0,1,0,0,485_subject_array_1739893482.bin
199808,485,GHA-TMH-619/2018,485.12731,10,https://ftp.ncbi.nlm.nih.gov/genomes/all/GCF/021/535/365/GCF_021535365.1_ASM2153536v1,10,485.12731.fna,GCF_021535365.1_ASM2153536v1_genomic.fna, 2209447, 2209447,485.12731.fna_vs_GCF_021535365.1_ASM2153536v1_genomic.fna_blast.xml,0,0,0,0,0,0,0,0,2209229,0,0,0,218,0,0,485_subject_array_1739893483.bin
200263,485913,SOSP1-21,485913.10,10,https://ftp.ncbi.nlm.nih.gov/genomes/all/GCF/000/178/855/GCF_000178855.1_ASM17885v1,10,485913.10.fna,GCF_000178855.1_ASM17885v1_genomic.fna, 13661586, 13661586,485913.10.fna_vs_GCF_000178855.1_ASM17885v1_genomic.fna_blast.xml,0,0,0,0,0,0,1,0,13661585,0,0,0,0,0,0,485913_subject_array_1739893490.bin
201680,487174,D52t1_170925_A7,487174.266,10,https://ftp.ncbi.nlm.nih.gov/genomes/all/GCF/015/559/065/GCF_015559065.1_ASM1555906v1,10,487174.266.fna,GCF_015559065.1_ASM1555906v1_genomic.fna, 3351604, 3351604,487174.266.fna_vs_GCF_015559065.1_ASM1555906v1_genomic.fna_blast.xml,0,0,0,0,0,0,1,467,3351136,0,0,0,0,0,0,487174_subject_array_1739893492.bin
201810,487698,ism2,487698.46,10,https://ftp.ncbi.nlm.nih.gov/genomes/all/GCF/032/025/445/GCF_032025445.1_ASM3202544v1,10,487698.46.fna,GCF_032025445.1_ASM3202544v1_genomic.fna, 4584707, 4584707,487698.46.fna_vs_GCF_032025445.1_ASM3202544v1_genomic.fna_blast.xml,0,0,0,0,0,0,0,0,4584707,0,0,0,0,0,0,487698_subject_array_1739893494.bin
202207,492660,CBMB127,492660.3,10,https://ftp.ncbi.nlm.nih.gov/genomes/all/GCF/900/100/975/GCF_900100975.1_IMG-taxon_2654588194_annotated_assembly,10,492660.3.fna,GCF_900100975.1_IMG-taxon_2654588194_annotated_assembly_genomic.fna, 2761335, 2761335,492660.3.fna_vs_GCF_900100975.1_IMG-taxon_2654588194_annotated_assembly_genomic.fna_blast.xml,0,0,0,0,0,0,0,0,2761335,0,0,0,0,0,0,492660_subject_array_1739893495.bin
202229,492670,2L-1,492670.1977,10,https://ftp.ncbi.nlm.nih.gov/genomes/all/GCF/031/118/995/GCF_031118995.1_ASM3111899v1,10,492670.1977.fna,GCF_031118995.1_ASM3111899v1_genomic.fna, 3892069, 3892069,492670.1977.fna_vs_GCF_031118995.1_ASM3111899v1_genomic.fna_blast.xml,0,0,0,0,0,0,0,91,3891952,0,0,26,0,0,0,492670_subject_array_1739893496.bin
202339,492670,B-59752,492670.2107,10,https://ftp.ncbi.nlm.nih.gov/genomes/all/GCF/035/807/475/GCF_035807475.1_ASM3580747v1,10,492670.2107.fna,GCF_035807475.1_ASM3580747v1_genomic.fna, 3892173, 3892173,492670.2107.fna_vs_GCF_035807475.1_ASM3580747v1_genomic.fna_blast.xml,0,0,0,0,0,0,0,147,3892026,0,0,0,0,0,0,492670_subject_array_1739893498.bin
202548,492670,H7,492670.2018,10,https://ftp.ncbi.nlm.nih.gov/genomes/all/GCF/032/686/825/GCF_032686825.1_ASM3268682v1,10,492670.2018.fna,GCF_032686825.1_ASM3268682v1_genomic.fna, 3891724, 3891724,492670.2018.fna_vs_GCF_032686825.1_ASM3268682v1_genomic.fna_blast.xml,0,0,0,0,0,0,0,175,3891549,0,0,0,0,0,0,492670_subject_array_1739893499.bin
202640,492670,KV10,492670.2377,10,https://ftp.ncbi.nlm.nih.gov/genomes/all/GCF/038/405/495/GCF_038405495.1_ASM3840549v1,10,492670.2377.fna,GCF_038405495.1_ASM3840549v1_genomic.fna, 3992370, 3992370,492670.2377.fna_vs_GCF_038405495.1_ASM3840549v1_genomic.fna_blast.xml,0,0,0,0,0,0,0,200,3992170,0,0,0,0,0,0,492670_subject_array_1739893500.bin
202762,492670,Q2B1,492670.411,10,https://ftp.ncbi.nlm.nih.gov/genomes/all/GCF/005/843/905/GCF_005843905.1_ASM584390v1,10,492670.411.fna,GCF_005843905.1_ASM584390v1_genomic.fna, 3890876, 3890876,492670.411.fna_vs_GCF_005843905.1_ASM584390v1_genomic.fna_blast.xml,0,0,0,0,0,0,0,97,3890779,0,0,0,0,0,0,492670_subject_array_1739893502.bin
202897,492670,VR-34,492670.1799,10,https://ftp.ncbi.nlm.nih.gov/genomes/all/GCF/029/688/985/GCF_029688985.1_ASM2968898v1,10,492670.1799.fna,GCF_029688985.1_ASM2968898v1_genomic.fna, 3891665, 3891665,492670.1799.fna_vs_GCF_029688985.1_ASM2968898v1_genomic.fna_blast.xml,0,0,0,0,0,0,0,81,3891584,0,0,0,0,0,0,492670_subject_array_1739893503.bin
203048,498292,DSM 21789,498292.3,10,https://ftp.ncbi.nlm.nih.gov/genomes/all/GCF/900/111/965/GCF_900111965.1_IMG-taxon_2599185297_annotated_assembly,10,498292.3.fna,GCF_900111965.1_IMG-taxon_2599185297_annotated_assembly_genomic.fna, 2573799, 2573799,498292.3.fna_vs_GCF_900111965.1_IMG-taxon_2599185297_annotated_assembly_genomic.fna_blast.xml,0,0,0,0,0,0,0,0,2573799,0,0,0,0,0,0,498292_subject_array_1739893504.bin
203075,500465,SL50,500465.6,10,https://ftp.ncbi.nlm.nih.gov/genomes/all/GCF/008/362/905/GCF_008362905.1_ASM836290v1,10,500465.6.fna,GCF_008362905.1_ASM836290v1_genomic.fna, 2542980, 2542980,500465.6.fna_vs_GCF_008362905.1_ASM836290v1_genomic.fna_blast.xml,0,0,0,0,0,0,0,0,2542980,0,0,0,0,0,0,500465_subject_array_1739893505.bin
203091,501482,JCM 16026,501482.3,10,https://ftp.ncbi.nlm.nih.gov/genomes/all/GCF/039/531/815/GCF_039531815.1_ASM3953181v1,10,501482.3.fna,GCF_039531815.1_ASM3953181v1_genomic.fna, 3292904, 3292904,501482.3.fna_vs_GCF_039531815.1_ASM3953181v1_genomic.fna_blast.xml,0,0,0,0,0,0,0,2321,3290574,0,1,0,8,0,0,501482_subject_array_1739893506.bin
203120,502366,PIM1,502366.3,10,https://ftp.ncbi.nlm.nih.gov/genomes/all/GCF/003/987/045/GCF_003987045.1_ASM398704v1,10,502366.3.fna,GCF_003987045.1_ASM398704v1_genomic.fna, 2411077, 2411077,502366.3.fna_vs_GCF_003987045.1_ASM398704v1_genomic.fna_blast.xml,0,0,0,0,0,0,0,0,2411077,0,0,0,0,0,0,502366_subject_array_1739893507.bin
203440,510947,CGMCC 1.7271,510947.5,10,https://ftp.ncbi.nlm.nih.gov/genomes/all/GCF/007/830/055/GCF_007830055.1_ASM783005v1,10,510947.5.fna,GCF_007830055.1_ASM783005v1_genomic.fna, 4946636, 4946636,510947.5.fna_vs_GCF_007830055.1_ASM783005v1_genomic.fna_blast.xml,0,0,0,0,0,0,0,85,4946551,0,0,0,0,0,0,510947_subject_array_1739893508.bin
203551,512643,LC2-065,512643.14,10,https://ftp.ncbi.nlm.nih.gov/genomes/all/GCF/002/954/455/GCF_002954455.1_ASM295445v1,10,512643.14.fna,GCF_002954455.1_ASM295445v1_genomic.fna, 4525475, 4525475,512643.14.fna_vs_GCF_002954455.1_ASM295445v1_genomic.fna_blast.xml,0,0,0,0,0,0,0,88570,4436903,0,0,0,2,0,0,512643_subject_array_1739893510.bin
205060,52584,B04,52584.30,10,https://ftp.ncbi.nlm.nih.gov/genomes/all/GCF/009/756/045/GCF_009756045.1_ASM975604v1,10,52584.30.fna,GCF_009756045.1_ASM975604v1_genomic.fna, 2601525, 2601525,52584.30.fna_vs_GCF_009756045.1_ASM975604v1_genomic.fna_blast.xml,0,0,0,0,0,0,0,0,2601525,0,0,0,0,0,0,52584_subject_array_1739893511.bin
205115,526729,DSM 21481,526729.3,10,https://ftp.ncbi.nlm.nih.gov/genomes/all/GCF/900/167/525/GCF_900167525.1_IMG-taxon_2596583702_annotated_assembly,10,526729.3.fna,GCF_900167525.1_IMG-taxon_2596583702_annotated_assembly_genomic.fna, 4846016, 4846016,526729.3.fna_vs_GCF_900167525.1_IMG-taxon_2596583702_annotated_assembly_genomic.fna_blast.xml,0,0,0,0,0,0,0,95,4845921,0,0,0,0,0,0,526729_subject_array_1739893512.bin
205244,529,LMG 34,529.80,10,https://ftp.ncbi.nlm.nih.gov/genomes/all/GCF/008/932/625/GCF_008932625.1_ASM893262v1,10,529.80.fna,GCF_008932625.1_ASM893262v1_genomic.fna, 4808150, 4808150,529.80.fna_vs_GCF_008932625.1_ASM893262v1_genomic.fna_blast.xml,0,0,0,0,0,0,0,0,4808150,0,0,0,0,0,0,529_subject_array_1739893514.bin
205276,529731,FSL L7-0349,529731.23,10,https://ftp.ncbi.nlm.nih.gov/genomes/all/GCF/014/228/155/GCF_014228155.1_ASM1422815v1,10,529731.23.fna,GCF_014228155.1_ASM1422815v1_genomic.fna, 2744568, 2744568,529731.23.fna_vs_GCF_014228155.1_ASM1422815v1_genomic.fna_blast.xml,0,0,0,0,0,0,0,0,2744568,0,0,0,0,0,0,529731_subject_array_1739893515.bin
205277,529731,FSL L7-0350,529731.20,10,https://ftp.ncbi.nlm.nih.gov/genomes/all/GCF/014/228/095/GCF_014228095.1_ASM1422809v1,10,529731.20.fna,GCF_014228095.1_ASM1422809v1_genomic.fna, 2733216, 2733216,529731.20.fna_vs_GCF_014228095.1_ASM1422809v1_genomic.fna_blast.xml,0,0,0,0,0,0,0,0,2733216,0,0,0,0,0,0,529731_subject_array_1739893516.bin
205288,529731,FSL W9-0242,529731.41,10,https://ftp.ncbi.nlm.nih.gov/genomes/all/GCF/015/277/225/GCF_015277225.1_ASM1527722v1,10,529731.41.fna,GCF_015277225.1_ASM1527722v1_genomic.fna, 2730046, 2730046,529731.41.fna_vs_GCF_015277225.1_ASM1527722v1_genomic.fna_blast.xml,0,0,0,0,0,0,0,0,2730046,0,0,0,0,0,0,529731_subject_array_1739893517.bin
205289,529731,FSL W9-0497,529731.40,10,https://ftp.ncbi.nlm.nih.gov/genomes/all/GCF/015/276/935/GCF_015276935.1_ASM1527693v1,10,529731.40.fna,GCF_015276935.1_ASM1527693v1_genomic.fna, 2736974, 2736974,529731.40.fna_vs_GCF_015276935.1_ASM1527693v1_genomic.fna_blast.xml,0,0,0,0,0,0,0,0,2736974,0,0,0,0,0,0,529731_subject_array_1739893518.bin
205292,529731,FSL W9-0602,529731.37,10,https://ftp.ncbi.nlm.nih.gov/genomes/all/GCF/015/276/255/GCF_015276255.1_ASM1527625v1,10,529731.37.fna,GCF_015276255.1_ASM1527625v1_genomic.fna, 2759241, 2759241,529731.37.fna_vs_GCF_015276255.1_ASM1527625v1_genomic.fna_blast.xml,0,0,0,0,0,0,0,0,2759241,0,0,0,0,0,0,529731_subject_array_1739893519.bin
205297,529731,FSL W9-0650,529731.26,10,https://ftp.ncbi.nlm.nih.gov/genomes/all/GCF/015/274/985/GCF_015274985.1_ASM1527498v1,10,529731.26.fna,GCF_015274985.1_ASM1527498v1_genomic.fna, 2744863, 2744863,529731.26.fna_vs_GCF_015274985.1_ASM1527498v1_genomic.fna_blast.xml,0,0,0,0,0,0,0,0,2744863,0,0,0,0,0,0,529731_subject_array_1739893519.bin
205300,529731,FSL W9-0752,529731.31,10,https://ftp.ncbi.nlm.nih.gov/genomes/all/GCF/015/275/885/GCF_015275885.1_ASM1527588v1,10,529731.31.fna,GCF_015275885.1_ASM1527588v1_genomic.fna, 2741215, 2741215,529731.31.fna_vs_GCF_015275885.1_ASM1527588v1_genomic.fna_blast.xml,0,0,0,0,0,0,0,0,2741215,0,0,0,0,0,0,529731_subject_array_1739893520.bin
205595,53354,A14000169,53354.27,10,https://ftp.ncbi.nlm.nih.gov/genomes/all/GCF/026/783/385/GCF_026783385.1_ASM2678338v1,10,53354.27.fna,GCF_026783385.1_ASM2678338v1_genomic.fna, 2242356, 2242356,53354.27.fna_vs_GCF_026783385.1_ASM2678338v1_genomic.fna_blast.xml,0,0,0,0,0,0,0,211,2242145,0,0,0,0,0,0,53354_subject_array_1739893521.bin
205855,538189,KCTC 22026,538189.3,10,https://ftp.ncbi.nlm.nih.gov/genomes/all/GCF/014/297/365/GCF_014297365.1_ASM1429736v1,10,538189.3.fna,GCF_014297365.1_ASM1429736v1_genomic.fna, 3784537, 3784537,538189.3.fna_vs_GCF_014297365.1_ASM1429736v1_genomic.fna_blast.xml,0,0,0,0,0,0,0,0,3784537,0,0,0,0,0,0,538189_subject_array_1739893522.bin
206027,54291,23,54291.266,10,https://ftp.ncbi.nlm.nih.gov/genomes/all/GCF/010/365/445/GCF_010365445.1_ASM1036544v1,10,54291.266.fna,GCF_010365445.1_ASM1036544v1_genomic.fna, 6383732, 6383732,54291.266.fna_vs_GCF_010365445.1_ASM1036544v1_genomic.fna_blast.xml,0,0,0,0,0,0,0,0,6383732,0,0,0,0,0,0,54291_subject_array_1739893525.bin
206092,54291,KLP00703,54291.532,10,https://ftp.ncbi.nlm.nih.gov/genomes/all/GCF/030/411/025/GCF_030411025.1_ASM3041102v1,10,54291.532.fna,GCF_030411025.1_ASM3041102v1_genomic.fna, 5567640, 5567640,54291.532.fna_vs_GCF_030411025.1_ASM3041102v1_genomic.fna_blast.xml,0,0,0,0,0,0,0,0,5567640,0,0,0,0,0,0,54291_subject_array_1739893526.bin
206775,546,CAV1321,546.123,10,https://ftp.ncbi.nlm.nih.gov/genomes/all/GCF/001/022/155/GCF_001022155.1_ASM102215v1,10,546.123.fna,GCF_001022155.1_ASM102215v1_genomic.fna, 5489397, 5489397,546.123.fna_vs_GCF_001022155.1_ASM102215v1_genomic.fna_blast.xml,0,0,0,0,0,0,0,0,5489397,0,0,0,0,0,0,546_subject_array_1739893528.bin
206864,546,CF-33,546.1979,10,https://ftp.ncbi.nlm.nih.gov/genomes/all/GCF/032/192/935/GCF_032192935.1_ASM3219293v1,10,546.1979.fna,GCF_032192935.1_ASM3219293v1_genomic.fna, 5302168, 5302168,546.1979.fna_vs_GCF_032192935.1_ASM3219293v1_genomic.fna_blast.xml,0,0,0,0,0,0,0,0,5302168,0,0,0,0,0,0,546_subject_array_1739893530.bin
206873,546,CF-42,546.1959,10,https://ftp.ncbi.nlm.nih.gov/genomes/all/GCF/032/192/565/GCF_032192565.1_ASM3219256v1,10,546.1959.fna,GCF_032192565.1_ASM3219256v1_genomic.fna, 5334023, 5334023,546.1959.fna_vs_GCF_032192565.1_ASM3219256v1_genomic.fna_blast.xml,0,0,0,0,0,0,0,0,5334023,0,0,0,0,0,0,546_subject_array_1739893532.bin
206875,546,CF-44,546.1973,10,https://ftp.ncbi.nlm.nih.gov/genomes/all/GCF/032/192/855/GCF_032192855.1_ASM3219285v1,10,546.1973.fna,GCF_032192855.1_ASM3219285v1_genomic.fna, 5385324, 5385324,546.1973.fna_vs_GCF_032192855.1_ASM3219285v1_genomic.fna_blast.xml,0,0,0,0,0,0,0,0,5385324,0,0,0,0,0,0,546_subject_array_1739893534.bin
206892,546,CF-67,546.1942,10,https://ftp.ncbi.nlm.nih.gov/genomes/all/GCF/032/192/215/GCF_032192215.1_ASM3219221v1,10,546.1942.fna,GCF_032192215.1_ASM3219221v1_genomic.fna, 5256229, 5256229,546.1942.fna_vs_GCF_032192215.1_ASM3219221v1_genomic.fna_blast.xml,0,0,0,0,0,0,0,0,5256229,0,0,0,0,0,0,546_subject_array_1739893536.bin
206924,546,CF3626,546.1559,10,https://ftp.ncbi.nlm.nih.gov/genomes/all/GCF/025/218/415/GCF_025218415.1_ASM2521841v1,10,546.1559.fna,GCF_025218415.1_ASM2521841v1_genomic.fna, 5334023, 5334023,546.1559.fna_vs_GCF_025218415.1_ASM2521841v1_genomic.fna_blast.xml,0,0,0,0,0,0,0,0,5334023,0,0,0,0,0,0,546_subject_array_1739893538.bin
207123,546,MGH196,546.979,10,https://ftp.ncbi.nlm.nih.gov/genomes/all/GCF/014/903/475/GCF_014903475.1_ASM1490347v1,10,546.979.fna,GCF_014903475.1_ASM1490347v1_genomic.fna, 5154342, 5154342,546.979.fna_vs_GCF_014903475.1_ASM1490347v1_genomic.fna_blast.xml,0,0,0,0,0,0,0,14913,5139411,0,0,0,17,0,1,546_subject_array_1739893540.bin
207386,546,YDC608,546.794,10,https://ftp.ncbi.nlm.nih.gov/genomes/all/GCF/013/337/015/GCF_013337015.1_ASM1333701v1,10,546.794.fna,GCF_013337015.1_ASM1333701v1_genomic.fna, 5240228, 5240228,546.794.fna_vs_GCF_013337015.1_ASM1333701v1_genomic.fna_blast.xml,0,0,0,0,0,0,0,0,5240219,0,0,9,0,0,0,546_subject_array_1739893542.bin
207437,546364,DSM 44671,546364.3,10,https://ftp.ncbi.nlm.nih.gov/genomes/all/GCF/900/119/165/GCF_900119165.1_IMG-taxon_2642422517_annotated_assembly,10,546364.3.fna,GCF_900119165.1_IMG-taxon_2642422517_annotated_assembly_genomic.fna, 9312140, 9312140,546364.3.fna_vs_GCF_900119165.1_IMG-taxon_2642422517_annotated_assembly_genomic.fna_blast.xml,0,0,0,0,0,0,0,0,9312140,0,0,0,0,0,0,546364_subject_array_1739893545.bin
207474,546892,KCTC 22558,546892.4,10,https://ftp.ncbi.nlm.nih.gov/genomes/all/GCF/014/651/995/GCF_014651995.1_ASM1465199v1,10,546892.4.fna,GCF_014651995.1_ASM1465199v1_genomic.fna, 3043682, 3043682,546892.4.fna_vs_GCF_014651995.1_ASM1465199v1_genomic.fna_blast.xml,0,0,0,0,0,0,0,124,3043558,0,0,0,0,0,0,546892_subject_array_1739893546.bin
207480,547043,LMG 10505,547043.16,10,https://ftp.ncbi.nlm.nih.gov/genomes/all/GCF/000/741/685/GCF_000741685.1_Bifpsetum,10,547043.16.fna,GCF_000741685.1_Bifpsetum_genomic.fna, 2283768, 2283768,547043.16.fna_vs_GCF_000741685.1_Bifpsetum_genomic.fna_blast.xml,0,0,0,0,0,0,0,0,2283768,0,0,0,0,0,0,547043_subject_array_1739893547.bin
208184,549,Pa9-1,549.784,10,https://ftp.ncbi.nlm.nih.gov/genomes/all/GCF/039/675/425/GCF_039675425.1_ASM3967542v1,10,549.784.fna,GCF_039675425.1_ASM3967542v1_genomic.fna, 4838884, 4838884,549.784.fna_vs_GCF_039675425.1_ASM3967542v1_genomic.fna_blast.xml,0,0,0,0,0,0,0,1779,4837099,0,0,0,6,0,0,549_subject_array_1739893549.bin
209979,562,06QMA140-2,562.139314,10,https://ftp.ncbi.nlm.nih.gov/genomes/all/GCF/025/989/005/GCF_025989005.1_ASM2598900v1,10,562.139314.fna,GCF_025989005.1_ASM2598900v1_genomic.fna, 5300421, 5300421,562.139314.fna_vs_GCF_025989005.1_ASM2598900v1_genomic.fna_blast.xml,0,0,0,0,0,0,0,0,5300415,0,0,0,6,0,0,562_subject_array_1739893550.bin
210002,562,09-02E,562.59214,10,https://ftp.ncbi.nlm.nih.gov/genomes/all/GCF/012/149/945/GCF_012149945.1_ASM1214994v1,10,562.59214.fna,GCF_012149945.1_ASM1214994v1_genomic.fna, 5246320, 5246320,562.59214.fna_vs_GCF_012149945.1_ASM1214994v1_genomic.fna_blast.xml,0,0,0,0,0,0,0,0,5246320,0,0,0,0,0,0,562_subject_array_1739893552.bin
211058,562,176.1,562.63867,10,https://ftp.ncbi.nlm.nih.gov/genomes/all/GCF/014/172/355/GCF_014172355.1_ASM1417235v1,10,562.63867.fna,GCF_014172355.1_ASM1417235v1_genomic.fna, 4893390, 4893390,562.63867.fna_vs_GCF_014172355.1_ASM1417235v1_genomic.fna_blast.xml,0,0,0,0,0,0,0,0,4893390,0,0,0,0,0,0,562_subject_array_1739893554.bin
211293,562,18SZHZ655Rt,562.104348,10,https://ftp.ncbi.nlm.nih.gov/genomes/all/GCF/023/516/035/GCF_023516035.1_ASM2351603v1,10,562.104348.fna,GCF_023516035.1_ASM2351603v1_genomic.fna, 5167431, 5167431,562.104348.fna_vs_GCF_023516035.1_ASM2351603v1_genomic.fna_blast.xml,0,0,0,0,0,0,0,0,5167431,0,0,0,0,0,0,562_subject_array_1739893556.bin
211331,562,19-AB01443,562.131983,10,https://ftp.ncbi.nlm.nih.gov/genomes/all/GCF/030/504/345/GCF_030504345.1_ASM3050434v1,10,562.131983.fna,GCF_030504345.1_ASM3050434v1_genomic.fna, 4757602, 4757602,562.131983.fna_vs_GCF_030504345.1_ASM3050434v1_genomic.fna_blast.xml,0,0,0,0,0,0,0,0,4757602,0,0,0,0,0,0,562_subject_array_1739893558.bin
211961,562,202.1,562.64257,10,https://ftp.ncbi.nlm.nih.gov/genomes/all/GCF/014/170/135/GCF_014170135.1_ASM1417013v1,10,562.64257.fna,GCF_014170135.1_ASM1417013v1_genomic.fna, 4866076, 4866076,562.64257.fna_vs_GCF_014170135.1_ASM1417013v1_genomic.fna_blast.xml,0,0,0,0,0,0,0,0,4866076,0,0,0,0,0,0,562_subject_array_1739893560.bin
211979,562,2020CK-00188,562.121726,10,https://ftp.ncbi.nlm.nih.gov/genomes/all/GCF/018/071/945/GCF_018071945.1_ASM1807194v2,10,562.121726.fna,GCF_018071945.1_ASM1807194v2_genomic.fna, 4937001, 5013378,562.121726.fna_vs_GCF_018071945.1_ASM1807194v2_genomic.fna_blast.xml,0,0,12,0,0,0,0,76059,4937007,0,1,40,248,0,11,562_subject_array_1739893562.bin
212056,562,2048-O145,562.112629,10,https://ftp.ncbi.nlm.nih.gov/genomes/all/GCF/026/135/205/GCF_026135205.1_ASM2613520v1,10,562.112629.fna,GCF_026135205.1_ASM2613520v1_genomic.fna, 5628166, 5628166,562.112629.fna_vs_GCF_026135205.1_ASM2613520v1_genomic.fna_blast.xml,0,0,0,0,0,0,0,0,5628166,0,0,0,0,0,0,562_subject_array_1739893564.bin
212194,562,21159,562.132147,10,https://ftp.ncbi.nlm.nih.gov/genomes/all/GCF/030/541/925/GCF_030541925.1_ASM3054192v1,10,562.132147.fna,GCF_030541925.1_ASM3054192v1_genomic.fna, 5034766, 5034766,562.132147.fna_vs_GCF_030541925.1_ASM3054192v1_genomic.fna_blast.xml,0,0,0,0,0,0,0,0,5034766,0,0,0,0,0,0,562_subject_array_1739893566.bin
213666,562,40EC,562.71837,10,https://ftp.ncbi.nlm.nih.gov/genomes/all/GCF/017/088/445/GCF_017088445.1_ASM1708844v1,10,562.71837.fna,GCF_017088445.1_ASM1708844v1_genomic.fna, 5254905, 5254905,562.71837.fna_vs_GCF_017088445.1_ASM1708844v1_genomic.fna_blast.xml,0,0,0,0,0,0,0,0,5254905,0,0,0,0,0,0,562_subject_array_1739893568.bin
213982,562,49870_LR,562.135011,10,https://ftp.ncbi.nlm.nih.gov/genomes/all/GCF/032/140/005/GCF_032140005.1_49870_LR,10,562.135011.fna,GCF_032140005.1_49870_LR_genomic.fna, 5339986, 5339986,562.135011.fna_vs_GCF_032140005.1_49870_LR_genomic.fna_blast.xml,0,0,0,0,0,0,0,0,5339986,0,0,0,0,0,0,562_subject_array_1739893570.bin
214377,562,53220_LR,562.134149,10,https://ftp.ncbi.nlm.nih.gov/genomes/all/GCF/031/626/915/GCF_031626915.1_ASM3162691v1,10,562.134149.fna,GCF_031626915.1_ASM3162691v1_genomic.fna, 5335369, 5335369,562.134149.fna_vs_GCF_031626915.1_ASM3162691v1_genomic.fna_blast.xml,0,0,0,0,0,0,0,0,5335369,0,0,0,0,0,0,562_subject_array_1739893572.bin
215060,562,6722516,562.136297,10,https://ftp.ncbi.nlm.nih.gov/genomes/all/GCF/033/345/095/GCF_033345095.1_ASM3334509v1,10,562.136297.fna,GCF_033345095.1_ASM3334509v1_genomic.fna, 5020329, 5020329,562.136297.fna_vs_GCF_033345095.1_ASM3334509v1_genomic.fna_blast.xml,0,0,0,0,0,0,0,0,5020329,0,0,0,0,0,0,562_subject_array_1739893574.bin
215938,562,A1_181,562.50417,10,https://ftp.ncbi.nlm.nih.gov/genomes/all/GCF/006/352/265/GCF_006352265.1_ASM635226v1,10,562.50417.fna,GCF_006352265.1_ASM635226v1_genomic.fna, 5186477, 5186477,562.50417.fna_vs_GCF_006352265.1_ASM635226v1_genomic.fna_blast.xml,0,0,0,0,0,0,0,0,5186477,0,0,0,0,0,0,562_subject_array_1739893576.bin
216715,562,AR_0048,562.12960,10,https://ftp.ncbi.nlm.nih.gov/genomes/all/GCF/001/874/845/GCF_001874845.1_ASM187484v1,10,562.12960.fna,GCF_001874845.1_ASM187484v1_genomic.fna, 5353781, 5353781,562.12960.fna_vs_GCF_001874845.1_ASM187484v1_genomic.fna_blast.xml,0,0,0,0,0,0,0,0,5353781,0,0,0,0,0,0,562_subject_array_1739893578.bin
218496,562,CCip2_MAY2019,562.94087,10,https://ftp.ncbi.nlm.nih.gov/genomes/all/GCF/021/890/435/GCF_021890435.1_ASM2189043v1,10,562.94087.fna,GCF_021890435.1_ASM2189043v1_genomic.fna, 5371671, 5371671,562.94087.fna_vs_GCF_021890435.1_ASM2189043v1_genomic.fna_blast.xml,0,0,0,0,0,0,0,0,5371671,0,0,0,0,0,0,562_subject_array_1739893580.bin
219142,562,CPE4,562.67445,10,https://ftp.ncbi.nlm.nih.gov/genomes/all/GCF/015/356/415/GCF_015356415.1_ASM1535641v1,10,562.67445.fna,GCF_015356415.1_ASM1535641v1_genomic.fna, 5452339, 5452339,562.67445.fna_vs_GCF_015356415.1_ASM1535641v1_genomic.fna_blast.xml,0,0,0,0,0,0,0,0,5452339,0,0,0,0,0,0,562_subject_array_1739893582.bin
219449,562,CVRI_09,562.94292,10,https://ftp.ncbi.nlm.nih.gov/genomes/all/GCF/022/180/085/GCF_022180085.1_ASM2218008v1,10,562.94292.fna,GCF_022180085.1_ASM2218008v1_genomic.fna, 5646250, 5646250,562.94292.fna_vs_GCF_022180085.1_ASM2218008v1_genomic.fna_blast.xml,0,0,0,0,0,0,0,0,5646250,0,0,0,0,0,0,562_subject_array_1739893584.bin
219624,562,CrlO157,562.112616,10,https://ftp.ncbi.nlm.nih.gov/genomes/all/GCF/026/134/945/GCF_026134945.1_ASM2613494v1,10,562.112616.fna,GCF_026134945.1_ASM2613494v1_genomic.fna, 5642849, 5642849,562.112616.fna_vs_GCF_026134945.1_ASM2613494v1_genomic.fna_blast.xml,0,0,0,0,0,0,0,0,5642849,0,0,0,0,0,0,562_subject_array_1739893586.bin
219924,562,DVT1252,562.110910,10,https://ftp.ncbi.nlm.nih.gov/genomes/all/GCF/025/584/485/GCF_025584485.1_ASM2558448v1,10,562.110910.fna,GCF_025584485.1_ASM2558448v1_genomic.fna, 5215796, 5215796,562.110910.fna_vs_GCF_025584485.1_ASM2558448v1_genomic.fna_blast.xml,0,0,0,0,0,0,0,0,5215025,0,0,0,770,0,1,562_subject_array_1739893588.bin
219972,562,DVT995,562.110927,10,https://ftp.ncbi.nlm.nih.gov/genomes/all/GCF/025/584/805/GCF_025584805.1_ASM2558480v1,10,562.110927.fna,GCF_025584805.1_ASM2558480v1_genomic.fna, 5442679, 5442679,562.110927.fna_vs_GCF_025584805.1_ASM2558480v1_genomic.fna_blast.xml,0,0,0,0,0,0,0,0,5442679,0,0,0,0,0,0,562_subject_array_1739893590.bin
221082,562,EC8331,562.133423,10,https://ftp.ncbi.nlm.nih.gov/genomes/all/GCF/030/929/995/GCF_030929995.1_ASM3092999v1,10,562.133423.fna,GCF_030929995.1_ASM3092999v1_genomic.fna, 5091307, 5091307,562.133423.fna_vs_GCF_030929995.1_ASM3092999v1_genomic.fna_blast.xml,0,0,0,0,0,0,0,0,5091307,0,0,0,0,0,0,562_subject_array_1739893592.bin
222510,562,ESBL26,562.91134,10,https://ftp.ncbi.nlm.nih.gov/genomes/all/GCF/020/907/465/GCF_020907465.1_ASM2090746v1,10,562.91134.fna,GCF_020907465.1_ASM2090746v1_genomic.fna, 5426414, 5426414,562.91134.fna_vs_GCF_020907465.1_ASM2090746v1_genomic.fna_blast.xml,0,0,0,0,0,0,0,0,5426414,0,0,0,0,0,0,562_subject_array_1739893595.bin
222623,562,ETEC1739,562.126294,10,https://ftp.ncbi.nlm.nih.gov/genomes/all/GCF/030/013/575/GCF_030013575.1_ASM3001357v1,10,562.126294.fna,GCF_030013575.1_ASM3001357v1_genomic.fna, 5197681, 5197681,562.126294.fna_vs_GCF_030013575.1_ASM3001357v1_genomic.fna_blast.xml,0,0,0,0,0,0,0,0,5197681,0,0,0,0,0,0,562_subject_array_1739893597.bin
222625,562,ETEC1741F,562.129388,10,https://ftp.ncbi.nlm.nih.gov/genomes/all/GCF/030/346/535/GCF_030346535.1_ASM3034653v1,10,562.129388.fna,GCF_030346535.1_ASM3034653v1_genomic.fna, 5339033, 5339033,562.129388.fna_vs_GCF_030346535.1_ASM3034653v1_genomic.fna_blast.xml,0,0,0,0,0,0,0,0,5339033,0,0,0,0,0,0,562_subject_array_1739893599.bin
222634,562,ETEC4051F,562.129363,10,https://ftp.ncbi.nlm.nih.gov/genomes/all/GCF/030/346/415/GCF_030346415.1_ASM3034641v1,10,562.129363.fna,GCF_030346415.1_ASM3034641v1_genomic.fna, 5281703, 5281703,562.129363.fna_vs_GCF_030346415.1_ASM3034641v1_genomic.fna_blast.xml,0,0,0,0,0,0,0,0,5281703,0,0,0,0,0,0,562_subject_array_1739893601.bin
222651,562,ETEC4080F,562.129355,10,https://ftp.ncbi.nlm.nih.gov/genomes/all/GCF/030/346/195/GCF_030346195.1_ASM3034619v1,10,562.129355.fna,GCF_030346195.1_ASM3034619v1_genomic.fna, 5379425, 5379425,562.129355.fna_vs_GCF_030346195.1_ASM3034619v1_genomic.fna_blast.xml,0,0,0,0,0,0,0,0,5379425,0,0,0,0,0,0,562_subject_array_1739893604.bin
222745,562,Ec-050-T0,562.102136,10,https://ftp.ncbi.nlm.nih.gov/genomes/all/GCF/022/759/805/GCF_022759805.1_ASM2275980v1,10,562.102136.fna,GCF_022759805.1_ASM2275980v1_genomic.fna, 5332076, 5332076,562.102136.fna_vs_GCF_022759805.1_ASM2275980v1_genomic.fna_blast.xml,0,0,0,0,0,0,0,0,5332076,0,0,0,0,0,0,562_subject_array_1739893606.bin
222746,562,Ec-050-T20-ESBL,562.102134,10,https://ftp.ncbi.nlm.nih.gov/genomes/all/GCF/022/759/785/GCF_022759785.1_ASM2275978v1,10,562.102134.fna,GCF_022759785.1_ASM2275978v1_genomic.fna, 5331662, 5331662,562.102134.fna_vs_GCF_022759785.1_ASM2275978v1_genomic.fna_blast.xml,0,0,0,0,0,0,0,0,5331662,0,0,0,0,0,0,562_subject_array_1739893608.bin
222747,562,Ec-050-T20-MAC,562.102133,10,https://ftp.ncbi.nlm.nih.gov/genomes/all/GCF/022/759/765/GCF_022759765.1_ASM2275976v1,10,562.102133.fna,GCF_022759765.1_ASM2275976v1_genomic.fna, 5333341, 5333341,562.102133.fna_vs_GCF_022759765.1_ASM2275976v1_genomic.fna_blast.xml,0,0,0,0,0,0,0,0,5333341,0,0,0,0,0,0,562_subject_array_1739893610.bin
222748,562,Ec-050-T5-ESBL,562.102131,10,https://ftp.ncbi.nlm.nih.gov/genomes/all/GCF/022/759/745/GCF_022759745.1_ASM2275974v1,10,562.102131.fna,GCF_022759745.1_ASM2275974v1_genomic.fna, 5330360, 5330360,562.102131.fna_vs_GCF_022759745.1_ASM2275974v1_genomic.fna_blast.xml,0,0,0,0,0,0,0,0,5330360,0,0,0,0,0,0,562_subject_array_1739893613.bin
222749,562,Ec-050-T5-MAC,562.102132,10,https://ftp.ncbi.nlm.nih.gov/genomes/all/GCF/022/759/725/GCF_022759725.1_ASM2275972v1,10,562.102132.fna,GCF_022759725.1_ASM2275972v1_genomic.fna, 5333616, 5333616,562.102132.fna_vs_GCF_022759725.1_ASM2275972v1_genomic.fna_blast.xml,0,0,0,0,0,0,0,0,5333616,0,0,0,0,0,0,562_subject_array_1739893615.bin
222876,562,EcH104,562.91604,10,https://ftp.ncbi.nlm.nih.gov/genomes/all/GCF/021/229/335/GCF_021229335.1_ASM2122933v1,10,562.91604.fna,GCF_021229335.1_ASM2122933v1_genomic.fna, 5051690, 5051690,562.91604.fna_vs_GCF_021229335.1_ASM2122933v1_genomic.fna_blast.xml,0,0,0,0,0,0,0,0,5051687,0,0,3,0,0,0,562_subject_array_1739893617.bin
222884,562,EcH225,562.91619,10,https://ftp.ncbi.nlm.nih.gov/genomes/all/GCF/021/229/655/GCF_021229655.1_ASM2122965v1,10,562.91619.fna,GCF_021229655.1_ASM2122965v1_genomic.fna, 4991908, 4991908,562.91619.fna_vs_GCF_021229655.1_ASM2122965v1_genomic.fna_blast.xml,0,0,0,0,0,0,1,0,4991623,0,0,2,282,0,0,562_subject_array_1739893619.bin
222893,562,EcH62,562.91603,10,https://ftp.ncbi.nlm.nih.gov/genomes/all/GCF/021/229/315/GCF_021229315.1_ASM2122931v1,10,562.91603.fna,GCF_021229315.1_ASM2122931v1_genomic.fna, 5471793, 5471793,562.91603.fna_vs_GCF_021229315.1_ASM2122931v1_genomic.fna_blast.xml,0,0,0,0,0,0,0,0,5471793,0,0,0,0,0,0,562_subject_array_1739893621.bin
225740,562,IH53473,562.7440,10,https://ftp.ncbi.nlm.nih.gov/genomes/all/GCF/001/264/175/GCF_001264175.1_ASM126417v1,10,562.7440.fna,GCF_001264175.1_ASM126417v1_genomic.fna, 5340877, 5340877,562.7440.fna_vs_GCF_001264175.1_ASM126417v1_genomic.fna_blast.xml,0,0,0,0,0,0,0,0,5340877,0,0,0,0,0,0,562_subject_array_1739893623.bin
225858,562,IN-MR727R1,562.135199,10,https://ftp.ncbi.nlm.nih.gov/genomes/all/GCF/032/373/785/GCF_032373785.1_ASM3237378v1,10,562.135199.fna,GCF_032373785.1_ASM3237378v1_genomic.fna, 5053023, 5053023,562.135199.fna_vs_GCF_032373785.1_ASM3237378v1_genomic.fna_blast.xml,0,0,0,0,0,0,0,0,5053023,0,0,0,0,0,0,562_subject_array_1739893625.bin
227517,562,KU-RE40,562.134220,10,https://ftp.ncbi.nlm.nih.gov/genomes/all/GCF/031/629/275/GCF_031629275.1_ASM3162927v1,10,562.134220.fna,GCF_031629275.1_ASM3162927v1_genomic.fna, 5166988, 5166988,562.134220.fna_vs_GCF_031629275.1_ASM3162927v1_genomic.fna_blast.xml,0,0,0,0,0,0,0,0,5166988,0,0,0,0,0,0,562_subject_array_1739893627.bin
227749,562,LAU-OXA,562.52536,10,https://ftp.ncbi.nlm.nih.gov/genomes/all/GCF/009/363/035/GCF_009363035.1_ASM936303v1,10,562.52536.fna,GCF_009363035.1_ASM936303v1_genomic.fna, 5119027, 5119027,562.52536.fna_vs_GCF_009363035.1_ASM936303v1_genomic.fna_blast.xml,0,0,0,0,0,0,0,0,5119027,0,0,0,0,0,0,562_subject_array_1739893629.bin
228084,562,LR-58-1,562.139930,10,https://ftp.ncbi.nlm.nih.gov/genomes/all/GCF/036/497/325/GCF_036497325.1_ASM3649732v1,10,562.139930.fna,GCF_036497325.1_ASM3649732v1_genomic.fna, 5106434, 5106434,562.139930.fna_vs_GCF_036497325.1_ASM3649732v1_genomic.fna_blast.xml,0,0,0,0,0,0,0,0,5106434,0,0,0,0,0,0,562_subject_array_1739893631.bin
228880,562,MFDS1016202,562.140262,10,https://ftp.ncbi.nlm.nih.gov/genomes/all/GCF/036/681/625/GCF_036681625.1_ASM3668162v1,10,562.140262.fna,GCF_036681625.1_ASM3668162v1_genomic.fna, 5516370, 5516370,562.140262.fna_vs_GCF_036681625.1_ASM3668162v1_genomic.fna_blast.xml,0,0,0,0,0,0,0,0,5516334,0,16,20,0,0,0,562_subject_array_1739893633.bin
228935,562,MGH217,562.67191,10,https://ftp.ncbi.nlm.nih.gov/genomes/all/GCF/014/903/075/GCF_014903075.1_ASM1490307v1,10,562.67191.fna,GCF_014903075.1_ASM1490307v1_genomic.fna, 5204953, 5204953,562.67191.fna_vs_GCF_014903075.1_ASM1490307v1_genomic.fna_blast.xml,0,0,0,0,0,0,0,63435,5141498,0,0,0,20,0,0,562_subject_array_1739893635.bin
229056,562,MIN-058,562.89771,10,https://ftp.ncbi.nlm.nih.gov/genomes/all/GCF/021/460/845/GCF_021460845.1_ASM2146084v1,10,562.89771.fna,GCF_021460845.1_ASM2146084v1_genomic.fna, 5085001, 5085001,562.89771.fna_vs_GCF_021460845.1_ASM2146084v1_genomic.fna_blast.xml,0,0,0,0,0,0,0,0,5084997,0,0,0,4,0,0,562_subject_array_1739893637.bin
232110,562,NCTC11123,562.34209,10,https://ftp.ncbi.nlm.nih.gov/genomes/all/GCF/900/448/915/GCF_900448915.1_38490_A02,10,562.34209.fna,GCF_900448915.1_38490_A02_genomic.fna, 5179958, 5179958,562.34209.fna_vs_GCF_900448915.1_38490_A02_genomic.fna_blast.xml,0,0,0,0,0,0,0,0,5179894,0,0,1,63,0,0,562_subject_array_1739893640.bin
232213,562,NCTC9111,562.34293,10,https://ftp.ncbi.nlm.nih.gov/genomes/all/GCF/900/449/905/GCF_900449905.1_39304_E01,10,562.34293.fna,GCF_900449905.1_39304_E01_genomic.fna, 5883482, 5883482,562.34293.fna_vs_GCF_900449905.1_39304_E01_genomic.fna_blast.xml,0,0,0,0,0,0,1,0,5883480,0,0,1,0,0,0,562_subject_array_1739893642.bin
232628,562,NR0411,562.121730,10,https://ftp.ncbi.nlm.nih.gov/genomes/all/GCF/027/584/895/GCF_027584895.1_ASM2758489v1,10,562.121730.fna,GCF_027584895.1_ASM2758489v1_genomic.fna, 5084581, 5084581,562.121730.fna_vs_GCF_027584895.1_ASM2758489v1_genomic.fna_blast.xml,0,0,0,0,0,0,0,0,5084581,0,0,0,0,0,0,562_subject_array_1739893644.bin
233102,562,OS_02_021_10,562.16359,10,https://ftp.ncbi.nlm.nih.gov/genomes/all/GCF/002/087/565/GCF_002087565.1_ASM208756v1,10,562.16359.fna,GCF_002087565.1_ASM208756v1_genomic.fna, 5463868, 5463868,562.16359.fna_vs_GCF_002087565.1_ASM208756v1_genomic.fna_blast.xml,0,0,1,0,0,0,0,34725,5429124,0,0,1,16,0,1,562_subject_array_1739893646.bin
233936,562,PP-E819.1,562.136238,10,https://ftp.ncbi.nlm.nih.gov/genomes/all/GCF/033/031/375/GCF_033031375.1_ASM3303137v1,10,562.136238.fna,GCF_033031375.1_ASM3303137v1_genomic.fna, 5589753, 5589753,562.136238.fna_vs_GCF_033031375.1_ASM3303137v1_genomic.fna_blast.xml,0,0,0,0,0,0,0,0,5589753,0,0,0,0,0,0,562_subject_array_1739893648.bin
233937,562,PP-MR2400-2,562.89941,10,https://ftp.ncbi.nlm.nih.gov/genomes/all/GCF/021/503/055/GCF_021503055.1_ASM2150305v1,10,562.89941.fna,GCF_021503055.1_ASM2150305v1_genomic.fna, 5080722, 5080722,562.89941.fna_vs_GCF_021503055.1_ASM2150305v1_genomic.fna_blast.xml,0,0,0,0,0,0,0,0,5080722,0,0,0,0,0,0,562_subject_array_1739893650.bin
233938,562,PP-MR5988-1,562.89939,10,https://ftp.ncbi.nlm.nih.gov/genomes/all/GCF/021/502/935/GCF_021502935.1_ASM2150293v1,10,562.89939.fna,GCF_021502935.1_ASM2150293v1_genomic.fna, 4839365, 4839365,562.89939.fna_vs_GCF_021502935.1_ASM2150293v1_genomic.fna_blast.xml,0,0,0,0,0,0,0,0,4839365,0,0,0,0,0,0,562_subject_array_1739893652.bin
234079,562,P_Cip1_JUN2019,562.94080,10,https://ftp.ncbi.nlm.nih.gov/genomes/all/GCF/021/887/635/GCF_021887635.1_ASM2188763v1,10,562.94080.fna,GCF_021887635.1_ASM2188763v1_genomic.fna, 5148584, 5148584,562.94080.fna_vs_GCF_021887635.1_ASM2188763v1_genomic.fna_blast.xml,0,0,0,0,0,0,0,0,5148584,0,0,0,0,0,0,562_subject_array_1739893654.bin
235684,562,SCU-172,562.61488,10,https://ftp.ncbi.nlm.nih.gov/genomes/all/GCF/013/315/695/GCF_013315695.1_ASM1331569v1,10,562.61488.fna,GCF_013315695.1_ASM1331569v1_genomic.fna, 5428728, 5428728,562.61488.fna_vs_GCF_013315695.1_ASM1331569v1_genomic.fna_blast.xml,0,0,0,0,0,0,0,0,5428728,0,0,0,0,0,0,562_subject_array_1739893656.bin
236854,562,Survcare045,562.76358,10,https://ftp.ncbi.nlm.nih.gov/genomes/all/GCF/018/771/545/GCF_018771545.1_ASM1877154v1,10,562.76358.fna,GCF_018771545.1_ASM1877154v1_genomic.fna, 5181753, 5181753,562.76358.fna_vs_GCF_018771545.1_ASM1877154v1_genomic.fna_blast.xml,0,0,0,0,0,0,0,0,5181753,0,0,0,0,0,0,562_subject_array_1739893658.bin
237158,562,TUM13882,562.131884,10,https://ftp.ncbi.nlm.nih.gov/genomes/all/GCF/030/389/255/GCF_030389255.1_ASM3038925v1,10,562.131884.fna,GCF_030389255.1_ASM3038925v1_genomic.fna, 5276786, 5276786,562.131884.fna_vs_GCF_030389255.1_ASM3038925v1_genomic.fna_blast.xml,0,0,0,0,0,0,0,97,5276689,0,0,0,0,0,0,562_subject_array_1739893660.bin
237757,562,UCD_JA03_pb,562.6991,10,https://ftp.ncbi.nlm.nih.gov/genomes/all/GCF/000/714/895/GCF_000714895.1_JA03_HGAP2,10,562.6991.fna,GCF_000714895.1_JA03_HGAP2_genomic.fna, 5411202, 5411202,562.6991.fna_vs_GCF_000714895.1_JA03_HGAP2_genomic.fna_blast.xml,0,0,0,0,0,0,0,0,5411202,0,0,0,0,0,0,562_subject_array_1739893662.bin
237770,562,UCI153,562.67185,10,https://ftp.ncbi.nlm.nih.gov/genomes/all/GCF/014/901/835/GCF_014901835.1_ASM1490183v1,10,562.67185.fna,GCF_014901835.1_ASM1490183v1_genomic.fna, 5588718, 5588718,562.67185.fna_vs_GCF_014901835.1_ASM1490183v1_genomic.fna_blast.xml,0,0,0,0,0,0,0,195093,5393602,0,0,1,22,0,0,562_subject_array_1739893664.bin
239375,562,WP5-S18-ESBL-08,562.64256,10,https://ftp.ncbi.nlm.nih.gov/genomes/all/GCF/014/169/415/GCF_014169415.1_ASM1416941v1,10,562.64256.fna,GCF_014169415.1_ASM1416941v1_genomic.fna, 5508947, 5508947,562.64256.fna_vs_GCF_014169415.1_ASM1416941v1_genomic.fna_blast.xml,0,0,0,0,0,0,0,0,5508947,0,0,0,0,0,0,562_subject_array_1739893666.bin
239630,562,X_17,562.115230,10,https://ftp.ncbi.nlm.nih.gov/genomes/all/GCF/026/619/815/GCF_026619815.1_ASM2661981v1,10,562.115230.fna,GCF_026619815.1_ASM2661981v1_genomic.fna, 5590109, 5590109,562.115230.fna_vs_GCF_026619815.1_ASM2661981v1_genomic.fna_blast.xml,0,0,0,0,0,0,0,0,5590109,0,0,0,0,0,0,562_subject_array_1739893668.bin
239646,562,X_41,562.115219,10,https://ftp.ncbi.nlm.nih.gov/genomes/all/GCF/026/615/695/GCF_026615695.1_ASM2661569v1,10,562.115219.fna,GCF_026615695.1_ASM2661569v1_genomic.fna, 5575674, 5575674,562.115219.fna_vs_GCF_026615695.1_ASM2661569v1_genomic.fna_blast.xml,0,0,0,0,0,0,0,0,5575375,0,0,2,297,0,0,562_subject_array_1739893670.bin
239651,562,X_49,562.115215,10,https://ftp.ncbi.nlm.nih.gov/genomes/all/GCF/026/615/515/GCF_026615515.1_ASM2661551v1,10,562.115215.fna,GCF_026615515.1_ASM2661551v1_genomic.fna, 5216539, 5216539,562.115215.fna_vs_GCF_026615515.1_ASM2661551v1_genomic.fna_blast.xml,0,0,0,0,0,0,0,0,5216539,0,0,0,0,0,0,562_subject_array_1739893672.bin
239657,562,X_58,562.115211,10,https://ftp.ncbi.nlm.nih.gov/genomes/all/GCF/026/615/455/GCF_026615455.1_ASM2661545v1,10,562.115211.fna,GCF_026615455.1_ASM2661545v1_genomic.fna, 5002704, 5002704,562.115211.fna_vs_GCF_026615455.1_ASM2661545v1_genomic.fna_blast.xml,0,0,0,0,0,0,0,0,5002704,0,0,0,0,0,0,562_subject_array_1739893674.bin
239670,562,X_79,562.115193,10,https://ftp.ncbi.nlm.nih.gov/genomes/all/GCF/026/614/915/GCF_026614915.1_ASM2661491v1,10,562.115193.fna,GCF_026614915.1_ASM2661491v1_genomic.fna, 5007663, 5007663,562.115193.fna_vs_GCF_026614915.1_ASM2661491v1_genomic.fna_blast.xml,0,0,0,0,0,0,0,0,5007663,0,0,0,0,0,0,562_subject_array_1739893676.bin
239679,562,X_88,562.115186,10,https://ftp.ncbi.nlm.nih.gov/genomes/all/GCF/026/614/785/GCF_026614785.1_ASM2661478v1,10,562.115186.fna,GCF_026614785.1_ASM2661478v1_genomic.fna, 5131949, 5131949,562.115186.fna_vs_GCF_026614785.1_ASM2661478v1_genomic.fna_blast.xml,0,0,0,0,0,0,0,0,5131949,0,0,0,0,0,0,562_subject_array_1739893678.bin
239680,562,X_89,562.115189,10,https://ftp.ncbi.nlm.nih.gov/genomes/all/GCF/026/614/735/GCF_026614735.1_ASM2661473v1,10,562.115189.fna,GCF_026614735.1_ASM2661473v1_genomic.fna, 5273957, 5273957,562.115189.fna_vs_GCF_026614735.1_ASM2661473v1_genomic.fna_blast.xml,0,0,0,0,0,0,0,0,5273552,0,0,9,396,0,0,562_subject_array_1739893680.bin
240013,562,Z1323HEC0422,562.147991,10,https://ftp.ncbi.nlm.nih.gov/genomes/all/GCF/037/543/915/GCF_037543915.1_ASM3754391v1,10,562.147991.fna,GCF_037543915.1_ASM3754391v1_genomic.fna, 5607118, 5607118,562.147991.fna_vs_GCF_037543915.1_ASM3754391v1_genomic.fna_blast.xml,0,0,0,0,0,0,0,0,5607117,0,1,0,0,0,0,562_subject_array_1739893683.bin
240283,562,Zam_UTH_31,562.69631,10,https://ftp.ncbi.nlm.nih.gov/genomes/all/GCF/016/586/975/GCF_016586975.1_ASM1658697v1,10,562.69631.fna,GCF_016586975.1_ASM1658697v1_genomic.fna, 5502018, 5502018,562.69631.fna_vs_GCF_016586975.1_ASM1658697v1_genomic.fna_blast.xml,0,0,0,0,0,0,0,0,5502018,0,0,0,0,0,0,562_subject_array_1739893685.bin
240630,562,elppa9,562.94173,10,https://ftp.ncbi.nlm.nih.gov/genomes/all/GCF/020/827/575/GCF_020827575.1_ASM2082757v1,10,562.94173.fna,GCF_020827575.1_ASM2082757v1_genomic.fna, 5509639, 5509639,562.94173.fna_vs_GCF_020827575.1_ASM2082757v1_genomic.fna_blast.xml,0,0,0,0,0,0,0,0,5509639,0,0,0,0,0,0,562_subject_array_1739893687.bin
241424,564,RHB02-C18,564.91,10,https://ftp.ncbi.nlm.nih.gov/genomes/all/GCF/013/714/535/GCF_013714535.1_ASM1371453v1,10,564.91.fna,GCF_013714535.1_ASM1371453v1_genomic.fna, 4950713, 4950713,564.91.fna_vs_GCF_013714535.1_ASM1371453v1_genomic.fna_blast.xml,0,0,0,0,0,0,0,0,4950713,0,0,0,0,0,0,564_subject_array_1739893689.bin
241510,56448,3140,56448.74,10,https://ftp.ncbi.nlm.nih.gov/genomes/all/GCF/011/761/675/GCF_011761675.1_ASM1176167v1,10,56448.74.fna,GCF_011761675.1_ASM1176167v1_genomic.fna, 4915557, 4915557,56448.74.fna_vs_GCF_011761675.1_ASM1176167v1_genomic.fna_blast.xml,0,0,0,0,0,0,0,292,4915265,0,0,0,0,0,0,56448_subject_array_1739893691.bin
241933,570281,LMG 25246,570281.3,10,https://ftp.ncbi.nlm.nih.gov/genomes/all/GCF/011/602/085/GCF_011602085.1_ASM1160208v1,10,570281.3.fna,GCF_011602085.1_ASM1160208v1_genomic.fna, 4868514, 4868514,570281.3.fna_vs_GCF_011602085.1_ASM1160208v1_genomic.fna_blast.xml,0,0,0,0,0,0,0,0,4868514,0,0,0,0,0,0,570281_subject_array_1739893692.bin
242056,571,2020CK-00213,571.1590,10,https://ftp.ncbi.nlm.nih.gov/genomes/all/GCF/029/226/505/GCF_029226505.1_ASM2922650v1,10,571.1590.fna,GCF_029226505.1_ASM2922650v1_genomic.fna, 6447316, 6447316,571.1590.fna_vs_GCF_029226505.1_ASM2922650v1_genomic.fna_blast.xml,0,0,0,0,0,0,0,0,6447303,0,2,11,0,0,0,571_subject_array_1739893695.bin
242193,571,FDAARGOS_432,571.244,10,https://ftp.ncbi.nlm.nih.gov/genomes/all/GCF/002/588/345/GCF_002588345.1_ASM258834v1,10,571.244.fna,GCF_002588345.1_ASM258834v1_genomic.fna, 6434810, 6434810,571.244.fna_vs_GCF_002588345.1_ASM258834v1_genomic.fna_blast.xml,0,0,0,0,0,0,0,0,6434810,0,0,0,0,0,0,571_subject_array_1739893697.bin
242430,572036,DSM 22385,572036.3,10,https://ftp.ncbi.nlm.nih.gov/genomes/all/GCF/900/168/015/GCF_900168015.1_IMG-taxon_2595698248_annotated_assembly,10,572036.3.fna,GCF_900168015.1_IMG-taxon_2595698248_annotated_assembly_genomic.fna, 4028641, 4028641,572036.3.fna_vs_GCF_900168015.1_IMG-taxon_2595698248_annotated_assembly_genomic.fna_blast.xml,0,0,0,0,0,0,0,850,4027790,0,0,1,0,0,0,572036_subject_array_1739893699.bin
243080,573,1705R,573.73554,10,https://ftp.ncbi.nlm.nih.gov/genomes/all/GCF/039/680/865/GCF_039680865.1_ASM3968086v1,10,573.73554.fna,GCF_039680865.1_ASM3968086v1_genomic.fna, 5568245, 5568245,573.73554.fna_vs_GCF_039680865.1_ASM3968086v1_genomic.fna_blast.xml,0,0,0,0,0,0,0,0,5568245,0,0,0,0,0,0,573_subject_array_1739893700.bin
243761,573,20795,573.54738,10,https://ftp.ncbi.nlm.nih.gov/genomes/all/GCF/029/523/135/GCF_029523135.1_ASM2952313v1,10,573.54738.fna,GCF_029523135.1_ASM2952313v1_genomic.fna, 5473774, 5473774,573.54738.fna_vs_GCF_029523135.1_ASM2952313v1_genomic.fna_blast.xml,0,0,0,0,0,0,0,0,5473772,0,0,2,0,0,0,573_subject_array_1739893703.bin
245726,573,AHM8C161BI,573.56437,10,https://ftp.ncbi.nlm.nih.gov/genomes/all/GCF/030/169/265/GCF_030169265.1_ASM3016926v1,10,573.56437.fna,GCF_030169265.1_ASM3016926v1_genomic.fna, 6184139, 6184139,573.56437.fna_vs_GCF_030169265.1_ASM3016926v1_genomic.fna_blast.xml,0,0,0,0,0,0,0,0,6184138,0,0,1,0,0,0,573_subject_array_1739893705.bin
245803,573,ARGID_10727,573.44270,10,https://ftp.ncbi.nlm.nih.gov/genomes/all/GCF/922/826/305/GCF_922826305.1_ARGID_10727,10,573.44270.fna,GCF_922826305.1_ARGID_10727_genomic.fna, 5841480, 5841480,573.44270.fna_vs_GCF_922826305.1_ARGID_10727_genomic.fna_blast.xml,0,0,0,0,0,0,0,0,5841480,0,0,0,0,0,0,573_subject_array_1739893707.bin
245857,573,AR_0044,573.7033,10,https://ftp.ncbi.nlm.nih.gov/genomes/all/GCF/001/875/135/GCF_001875135.1_ASM187513v1,10,573.7033.fna,GCF_001875135.1_ASM187513v1_genomic.fna, 5543609, 5543609,573.7033.fna_vs_GCF_001875135.1_ASM187513v1_genomic.fna_blast.xml,0,0,0,0,0,0,0,0,5543609,0,0,0,0,0,0,573_subject_array_1739893709.bin
246065,573,B19293,573.65190,10,https://ftp.ncbi.nlm.nih.gov/genomes/all/GCF/036/287/785/GCF_036287785.1_ASM3628778v1,10,573.65190.fna,GCF_036287785.1_ASM3628778v1_genomic.fna, 5947628, 5947628,573.65190.fna_vs_GCF_036287785.1_ASM3628778v1_genomic.fna_blast.xml,0,0,0,0,0,0,0,0,5947628,0,0,0,0,0,0,573_subject_array_1739893711.bin
246269,573,BC-MR23-1,573.43908,10,https://ftp.ncbi.nlm.nih.gov/genomes/all/GCF/021/503/305/GCF_021503305.1_ASM2150330v1,10,573.43908.fna,GCF_021503305.1_ASM2150330v1_genomic.fna, 5750719, 5750719,573.43908.fna_vs_GCF_021503305.1_ASM2150330v1_genomic.fna_blast.xml,0,0,0,0,0,0,0,0,5750365,0,0,1,353,0,0,573_subject_array_1739893713.bin
246270,573,BC-MR44-1,573.43909,10,https://ftp.ncbi.nlm.nih.gov/genomes/all/GCF/021/503/315/GCF_021503315.1_ASM2150331v1,10,573.43909.fna,GCF_021503315.1_ASM2150331v1_genomic.fna, 5739014, 5739014,573.43909.fna_vs_GCF_021503315.1_ASM2150331v1_genomic.fna_blast.xml,0,0,0,0,0,0,0,0,5738660,0,0,0,354,0,0,573_subject_array_1739893715.bin
250254,573,FSQ,573.59030,10,https://ftp.ncbi.nlm.nih.gov/genomes/all/GCF/031/624/135/GCF_031624135.1_ASM3162413v1,10,573.59030.fna,GCF_031624135.1_ASM3162413v1_genomic.fna, 6215153, 6215153,573.59030.fna_vs_GCF_031624135.1_ASM3162413v1_genomic.fna_blast.xml,0,0,0,0,0,0,0,0,6215153,0,0,0,0,0,0,573_subject_array_1739893718.bin
251522,573,K210049,573.45118,10,https://ftp.ncbi.nlm.nih.gov/genomes/all/GCF/022/014/435/GCF_022014435.1_ASM2201443v1,10,573.45118.fna,GCF_022014435.1_ASM2201443v1_genomic.fna, 5819159, 5819159,573.45118.fna_vs_GCF_022014435.1_ASM2201443v1_genomic.fna_blast.xml,0,0,0,0,0,0,0,0,5819159,0,0,0,0,0,0,573_subject_array_1739893720.bin
251978,573,KLPN-IUC-01,573.65477,10,https://ftp.ncbi.nlm.nih.gov/genomes/all/GCF/036/455/665/GCF_036455665.1_ASM3645566v1,10,573.65477.fna,GCF_036455665.1_ASM3645566v1_genomic.fna, 5741460, 5741460,573.65477.fna_vs_GCF_036455665.1_ASM3645566v1_genomic.fna_blast.xml,0,0,0,0,0,0,0,0,5741460,0,0,0,0,0,0,573_subject_array_1739893722.bin
252372,573,KP17051,573.51036,10,https://ftp.ncbi.nlm.nih.gov/genomes/all/GCF/025/218/235/GCF_025218235.1_ASM2521823v1,10,573.51036.fna,GCF_025218235.1_ASM2521823v1_genomic.fna, 5540097, 5540097,573.51036.fna_vs_GCF_025218235.1_ASM2521823v1_genomic.fna_blast.xml,0,0,0,0,0,0,0,0,5540095,0,0,2,0,0,0,573_subject_array_1739893724.bin
252713,573,KP3295,573.38813,10,https://ftp.ncbi.nlm.nih.gov/genomes/all/GCF/019/334/545/GCF_019334545.1_ASM1933454v1,10,573.38813.fna,GCF_019334545.1_ASM1933454v1_genomic.fna, 5803267, 5803267,573.38813.fna_vs_GCF_019334545.1_ASM1933454v1_genomic.fna_blast.xml,0,0,0,0,0,0,0,0,5803267,0,0,0,0,0,0,573_subject_array_1739893726.bin
252829,573,KP71,573.54328,10,https://ftp.ncbi.nlm.nih.gov/genomes/all/GCF/029/123/525/GCF_029123525.1_ASM2912352v1,10,573.54328.fna,GCF_029123525.1_ASM2912352v1_genomic.fna, 5708881, 5708881,573.54328.fna_vs_GCF_029123525.1_ASM2912352v1_genomic.fna_blast.xml,0,0,0,0,0,0,0,0,5708880,0,0,1,0,0,0,573_subject_array_1739893728.bin
253119,573,KPTCM,573.50097,10,https://ftp.ncbi.nlm.nih.gov/genomes/all/GCF/024/637/995/GCF_024637995.1_ASM2463799v1,10,573.50097.fna,GCF_024637995.1_ASM2463799v1_genomic.fna, 5678686, 5678686,573.50097.fna_vs_GCF_024637995.1_ASM2463799v1_genomic.fna_blast.xml,0,0,0,0,0,0,0,0,5678686,0,0,0,0,0,0,573_subject_array_1739893730.bin
253172,573,KPn_4.VN,573.44718,10,https://ftp.ncbi.nlm.nih.gov/genomes/all/GCF/020/552/755/GCF_020552755.1_ASM2055275v1,10,573.44718.fna,GCF_020552755.1_ASM2055275v1_genomic.fna, 5672587, 5672587,573.44718.fna_vs_GCF_020552755.1_ASM2055275v1_genomic.fna_blast.xml,0,0,0,0,0,0,0,0,5672586,0,0,1,0,0,0,573_subject_array_1739893732.bin
253243,573,Kp.049,573.49632,10,https://ftp.ncbi.nlm.nih.gov/genomes/all/GCF/024/356/985/GCF_024356985.1_ASM2435698v1,10,573.49632.fna,GCF_024356985.1_ASM2435698v1_genomic.fna, 4995777, 4995777,573.49632.fna_vs_GCF_024356985.1_ASM2435698v1_genomic.fna_blast.xml,0,0,0,0,0,0,0,0,4995777,0,0,0,0,0,0,573_subject_array_1739893734.bin
253315,573,Kp10,573.27955,10,https://ftp.ncbi.nlm.nih.gov/genomes/all/GCF/008/704/185/GCF_008704185.1_ASM870418v1,10,573.27955.fna,GCF_008704185.1_ASM870418v1_genomic.fna, 5737703, 5737703,573.27955.fna_vs_GCF_008704185.1_ASM870418v1_genomic.fna_blast.xml,0,0,0,0,0,0,0,0,5737702,0,0,1,0,0,0,573_subject_array_1739893736.bin
253456,573,Kp33,573.27949,10,https://ftp.ncbi.nlm.nih.gov/genomes/all/GCF/008/704/055/GCF_008704055.1_ASM870405v1,10,573.27949.fna,GCF_008704055.1_ASM870405v1_genomic.fna, 5737703, 5737703,573.27949.fna_vs_GCF_008704055.1_ASM870405v1_genomic.fna_blast.xml,0,0,0,0,0,0,0,0,5737702,0,0,1,0,0,0,573_subject_array_1739893738.bin
253500,573,Kp589,573.17935,10,https://ftp.ncbi.nlm.nih.gov/genomes/all/GCF/003/056/445/GCF_003056445.1_ASM305644v1,10,573.17935.fna,GCF_003056445.1_ASM305644v1_genomic.fna, 5778569, 5778569,573.17935.fna_vs_GCF_003056445.1_ASM305644v1_genomic.fna_blast.xml,0,0,0,0,0,0,0,0,5778568,0,0,1,0,0,0,573_subject_array_1739893740.bin
254413,573,MGH153,573.9804,10,https://ftp.ncbi.nlm.nih.gov/genomes/all/GCF/002/152/485/GCF_002152485.1_ASM215248v1,10,573.9804.fna,GCF_002152485.1_ASM215248v1_genomic.fna, 5672729, 5672729,573.9804.fna_vs_GCF_002152485.1_ASM215248v1_genomic.fna_blast.xml,0,0,0,0,0,0,0,437359,5235287,0,0,11,71,0,1,573_subject_array_1739893742.bin
254521,573,MIN-112,573.43832,10,https://ftp.ncbi.nlm.nih.gov/genomes/all/GCF/021/460/965/GCF_021460965.1_ASM2146096v1,10,573.43832.fna,GCF_021460965.1_ASM2146096v1_genomic.fna, 5727349, 5727349,573.43832.fna_vs_GCF_021460965.1_ASM2146096v1_genomic.fna_blast.xml,0,0,0,0,0,0,0,0,5727349,0,0,0,0,0,0,573_subject_array_1739893744.bin
255209,573,NMI432_15,573.47141,10,https://ftp.ncbi.nlm.nih.gov/genomes/all/GCF/022/748/835/GCF_022748835.1_ASM2274883v1,10,573.47141.fna,GCF_022748835.1_ASM2274883v1_genomic.fna, 5879053, 5879053,573.47141.fna_vs_GCF_022748835.1_ASM2274883v1_genomic.fna_blast.xml,0,0,0,0,0,0,0,0,5879053,0,0,0,0,0,0,573_subject_array_1739893746.bin
255308,573,NR5451,573.53480,10,https://ftp.ncbi.nlm.nih.gov/genomes/all/GCF/027/584/635/GCF_027584635.1_ASM2758463v1,10,573.53480.fna,GCF_027584635.1_ASM2758463v1_genomic.fna, 5408003, 5425531,573.53480.fna_vs_GCF_027584635.1_ASM2758463v1_genomic.fna_blast.xml,0,0,2,2,0,0,18,13306,5410264,0,24,654,1261,0,0,573_subject_array_1739893748.bin
255310,573,NR5466,573.53481,10,https://ftp.ncbi.nlm.nih.gov/genomes/all/GCF/027/584/645/GCF_027584645.1_ASM2758464v1,10,573.53481.fna,GCF_027584645.1_ASM2758464v1_genomic.fna,  501416, 5830809,573.53481.fna_vs_GCF_027584645.1_ASM2758464v1_genomic.fna_blast.xml,0,0,23,1,0,0,11,5259355,533157,0,13,1436,36788,0,25,573_subject_array_1739893748.bin
255502,573,P15-1,573.56187,10,https://ftp.ncbi.nlm.nih.gov/genomes/all/GCF/030/124/485/GCF_030124485.1_ASM3012448v1,10,573.56187.fna,GCF_030124485.1_ASM3012448v1_genomic.fna, 5739687, 5739687,573.56187.fna_vs_GCF_030124485.1_ASM3012448v1_genomic.fna_blast.xml,0,0,0,0,0,0,0,0,5739687,0,0,0,0,0,0,573_subject_array_1739893750.bin
255670,573,PEKP3038,573.53623,10,https://ftp.ncbi.nlm.nih.gov/genomes/all/GCF/028/527/105/GCF_028527105.1_ASM2852710v1,10,573.53623.fna,GCF_028527105.1_ASM2852710v1_genomic.fna, 5924093, 5924093,573.53623.fna_vs_GCF_028527105.1_ASM2852710v1_genomic.fna_blast.xml,0,0,0,0,0,0,0,0,5924092,0,0,0,1,0,0,573_subject_array_1739893753.bin
255890,573,PP-BR737-1,573.43902,10,https://ftp.ncbi.nlm.nih.gov/genomes/all/GCF/021/502/915/GCF_021502915.1_ASM2150291v1,10,573.43902.fna,GCF_021502915.1_ASM2150291v1_genomic.fna, 5914648, 5914648,573.43902.fna_vs_GCF_021502915.1_ASM2150291v1_genomic.fna_blast.xml,0,0,0,0,0,0,2,0,5914645,0,1,0,0,0,0,573_subject_array_1739893755.bin
255903,573,PP-E-723-1,573.63101,10,https://ftp.ncbi.nlm.nih.gov/genomes/all/GCF/033/033/255/GCF_033033255.1_ASM3303325v1,10,573.63101.fna,GCF_033033255.1_ASM3303325v1_genomic.fna, 5846239, 5846239,573.63101.fna_vs_GCF_033033255.1_ASM3303325v1_genomic.fna_blast.xml,0,0,0,0,0,0,0,0,5846239,0,0,0,0,0,0,573_subject_array_1739893757.bin
255910,573,PP-E1031,573.63095,10,https://ftp.ncbi.nlm.nih.gov/genomes/all/GCF/033/032/935/GCF_033032935.1_ASM3303293v1,10,573.63095.fna,GCF_033032935.1_ASM3303293v1_genomic.fna, 5891312, 5891312,573.63095.fna_vs_GCF_033032935.1_ASM3303293v1_genomic.fna_blast.xml,0,0,0,0,0,0,0,0,5891312,0,0,0,0,0,0,573_subject_array_1739893759.bin
256049,573,Q0892,573.32153,10,https://ftp.ncbi.nlm.nih.gov/genomes/all/GCF/903/110/765/GCF_903110765.1_CHZ5,10,573.32153.fna,GCF_903110765.1_CHZ5_genomic.fna, 5554277, 5554277,573.32153.fna_vs_GCF_903110765.1_CHZ5_genomic.fna_blast.xml,0,0,0,0,0,0,0,0,5554277,0,0,0,0,0,0,573_subject_array_1739893761.bin
257005,573,SP968,573.47126,10,https://ftp.ncbi.nlm.nih.gov/genomes/all/GCF/022/701/055/GCF_022701055.1_ASM2270105v1,10,573.47126.fna,GCF_022701055.1_ASM2270105v1_genomic.fna, 5609903, 5609903,573.47126.fna_vs_GCF_022701055.1_ASM2270105v1_genomic.fna_blast.xml,0,0,0,0,0,0,0,0,5609899,0,2,2,0,0,0,573_subject_array_1739893763.bin
258561,573,X_44,573.52831,10,https://ftp.ncbi.nlm.nih.gov/genomes/all/GCF/026/615/595/GCF_026615595.1_ASM2661559v1,10,573.52831.fna,GCF_026615595.1_ASM2661559v1_genomic.fna, 5713840, 5713840,573.52831.fna_vs_GCF_026615595.1_ASM2661559v1_genomic.fna_blast.xml,0,0,0,0,0,0,0,0,5713839,0,1,0,0,0,0,573_subject_array_1739893765.bin
258571,573,X_77,573.52822,10,https://ftp.ncbi.nlm.nih.gov/genomes/all/GCF/026/614/945/GCF_026614945.1_ASM2661494v1,10,573.52822.fna,GCF_026614945.1_ASM2661494v1_genomic.fna, 5549656, 5549656,573.52822.fna_vs_GCF_026614945.1_ASM2661494v1_genomic.fna_blast.xml,0,0,0,0,0,0,0,0,5549656,0,0,0,0,0,0,573_subject_array_1739893767.bin
258665,573,Z245,573.49988,10,https://ftp.ncbi.nlm.nih.gov/genomes/all/GCF/024/520/385/GCF_024520385.1_ASM2452038v1,10,573.49988.fna,GCF_024520385.1_ASM2452038v1_genomic.fna, 5991399, 5991399,573.49988.fna_vs_GCF_024520385.1_ASM2452038v1_genomic.fna_blast.xml,0,0,0,0,0,0,0,0,5990962,0,0,0,437,0,0,573_subject_array_1739893769.bin
259496,573741,CCM 2767,573741.3,10,https://ftp.ncbi.nlm.nih.gov/genomes/all/GCF/014/635/705/GCF_014635705.1_ASM1463570v1,10,573741.3.fna,GCF_014635705.1_ASM1463570v1_genomic.fna, 3326008, 3326008,573741.3.fna_vs_GCF_014635705.1_ASM1463570v1_genomic.fna_blast.xml,0,0,0,0,0,0,0,151,3325857,0,0,0,0,0,0,573741_subject_array_1739893770.bin
259619,575,NCTC9528,575.51,10,https://ftp.ncbi.nlm.nih.gov/genomes/all/GCF/900/455/785/GCF_900455785.1_50712_D01,10,575.51.fna,GCF_900455785.1_50712_D01_genomic.fna, 6217190, 6217190,575.51.fna_vs_GCF_900455785.1_50712_D01_genomic.fna_blast.xml,0,0,0,0,0,0,0,0,6217188,0,0,2,0,0,0,575_subject_array_1739893773.bin
259628,575,SCLZS62,575.99,10,https://ftp.ncbi.nlm.nih.gov/genomes/all/GCF/019/856/295/GCF_019856295.1_ASM1985629v1,10,575.99.fna,GCF_019856295.1_ASM1985629v1_genomic.fna, 6745406, 6745406,575.99.fna_vs_GCF_019856295.1_ASM1985629v1_genomic.fna_blast.xml,0,0,0,0,0,0,0,0,6745406,0,0,0,0,0,0,575_subject_array_1739893775.bin
259711,577,R1Gly,577.3,10,https://ftp.ncbi.nlm.nih.gov/genomes/all/GCF/000/964/285/GCF_000964285.1_ASM96428v1,10,577.3.fna,GCF_000964285.1_ASM96428v1_genomic.fna, 5717197, 5717197,577.3.fna_vs_GCF_000964285.1_ASM96428v1_genomic.fna_blast.xml,0,0,0,0,0,0,0,0,5717197,0,0,0,0,0,0,577_subject_array_1739893777.bin
259825,57706,KAM621,57706.194,10,https://ftp.ncbi.nlm.nih.gov/genomes/all/GCF/024/347/735/GCF_024347735.1_ASM2434773v1,10,57706.194.fna,GCF_024347735.1_ASM2434773v1_genomic.fna, 5711529, 5711529,57706.194.fna_vs_GCF_024347735.1_ASM2434773v1_genomic.fna_blast.xml,0,0,0,0,0,0,0,0,5711529,0,0,0,0,0,0,57706_subject_array_1739893779.bin
262486,589161,NBRC 107696,2589739.3,10,https://ftp.ncbi.nlm.nih.gov/genomes/all/GCF/009/932/475/GCF_009932475.1_ASM993247v1,10,2589739.3.fna,GCF_009932475.1_ASM993247v1_genomic.fna, 4886396, 4886396,2589739.3.fna_vs_GCF_009932475.1_ASM993247v1_genomic.fna_blast.xml,0,0,0,0,0,0,0,0,4886396,0,0,0,0,0,0,2589739_subject_array_1739893781.bin
263220,594,ST572,594.9,10,https://ftp.ncbi.nlm.nih.gov/genomes/all/GCF/001/448/635/GCF_001448635.1_ASM144863v1,10,594.9.fna,GCF_001448635.1_ASM144863v1_genomic.fna, 4673498, 4673498,594.9.fna_vs_GCF_001448635.1_ASM144863v1_genomic.fna_blast.xml,0,0,0,0,0,0,0,0,4673498,0,0,0,0,0,0,594_subject_array_1739893783.bin
263515,595468,CCUG 57540,595468.5,10,https://ftp.ncbi.nlm.nih.gov/genomes/all/GCF/032/085/515/GCF_032085515.1_ASM3208551v1,10,595468.5.fna,GCF_032085515.1_ASM3208551v1_genomic.fna, 2134185, 2134185,595468.5.fna_vs_GCF_032085515.1_ASM3208551v1_genomic.fna_blast.xml,0,0,0,0,0,0,0,471,2133714,0,0,0,0,0,0,595468_subject_array_1739893783.bin
263795,598467,EniD312,598467.3,10,https://ftp.ncbi.nlm.nih.gov/genomes/all/GCF/000/225/565/GCF_000225565.1_ASM22556v1,10,598467.3.fna,GCF_000225565.1_ASM22556v1_genomic.fna, 4942873, 4943773,598467.3.fna_vs_GCF_000225565.1_ASM22556v1_genomic.fna_blast.xml,0,0,0,0,0,0,0,870,4942901,0,0,2,0,0,0,598467_subject_array_1739893785.bin
264585,611301,LM180,434928.59,10,https://ftp.ncbi.nlm.nih.gov/genomes/all/GCF/001/939/985/GCF_001939985.1_ASM193998v1,10,434928.59.fna,GCF_001939985.1_ASM193998v1_genomic.fna, 5667092, 5667092,434928.59.fna_vs_GCF_001939985.1_ASM193998v1_genomic.fna_blast.xml,0,0,0,0,0,0,0,0,5667092,0,0,0,0,0,0,434928_subject_array_1739893787.bin
265514,615,UCI158,615.1360,10,https://ftp.ncbi.nlm.nih.gov/genomes/all/GCF/014/901/745/GCF_014901745.1_ASM1490174v1,10,615.1360.fna,GCF_014901745.1_ASM1490174v1_genomic.fna, 5726148, 5726148,615.1360.fna_vs_GCF_014901745.1_ASM1490174v1_genomic.fna_blast.xml,0,0,0,0,0,0,0,43865,5682273,0,0,1,9,0,0,615_subject_array_1739893789.bin
265787,61645,CPO179,61645.749,10,https://ftp.ncbi.nlm.nih.gov/genomes/all/GCF/030/185/855/GCF_030185855.2_NA,10,61645.749.fna,GCF_030185855.2_NA_genomic.fna, 5304620, 5304620,61645.749.fna_vs_GCF_030185855.2_NA_genomic.fna_blast.xml,0,0,0,0,0,0,0,0,5304413,0,1,1,204,0,1,61645_subject_array_1739893791.bin
265832,61645,FUJ80009,61645.1057,10,https://ftp.ncbi.nlm.nih.gov/genomes/all/GCF/038/740/035/GCF_038740035.1_ASM3874003v1,10,61645.1057.fna,GCF_038740035.1_ASM3874003v1_genomic.fna, 5176788, 5176788,61645.1057.fna_vs_GCF_038740035.1_ASM3874003v1_genomic.fna_blast.xml,0,0,0,0,0,0,0,0,5176787,0,0,1,0,0,0,61645_subject_array_1739893793.bin
265857,61645,HK1,61645.295,10,https://ftp.ncbi.nlm.nih.gov/genomes/all/GCF/010/820/845/GCF_010820845.1_ASM1082084v1,10,61645.295.fna,GCF_010820845.1_ASM1082084v1_genomic.fna, 4534421, 4534421,61645.295.fna_vs_GCF_010820845.1_ASM1082084v1_genomic.fna_blast.xml,0,0,0,0,0,0,0,565,4533856,0,0,0,0,0,0,61645_subject_array_1739893795.bin
265877,61645,MGH243,61645.347,10,https://ftp.ncbi.nlm.nih.gov/genomes/all/GCF/014/902/595/GCF_014902595.1_ASM1490259v1,10,61645.347.fna,GCF_014902595.1_ASM1490259v1_genomic.fna, 5033259, 5033259,61645.347.fna_vs_GCF_014902595.1_ASM1490259v1_genomic.fna_blast.xml,0,0,0,0,0,0,0,26469,5006777,0,0,0,13,0,0,61645_subject_array_1739893797.bin
265918,61645,RHBSTW-00209,61645.339,10,https://ftp.ncbi.nlm.nih.gov/genomes/all/GCF/014/103/775/GCF_014103775.1_ASM1410377v1,10,61645.339.fna,GCF_014103775.1_ASM1410377v1_genomic.fna, 5378233, 5378233,61645.339.fna_vs_GCF_014103775.1_ASM1410377v1_genomic.fna_blast.xml,0,0,0,0,0,0,0,0,5378233,0,0,0,0,0,0,61645_subject_array_1739893799.bin
266056,61654,VKM B-1606,61654.5,10,https://ftp.ncbi.nlm.nih.gov/genomes/all/GCF/027/922/205/GCF_027922205.1_ASM2792220v1,10,61654.5.fna,GCF_027922205.1_ASM2792220v1_genomic.fna, 4135789, 4137354,61654.5.fna_vs_GCF_027922205.1_ASM2792220v1_genomic.fna_blast.xml,0,0,0,0,0,0,0,1310,4135792,0,0,0,252,0,0,61654_subject_array_1739893800.bin
266110,620903,DSM 21255,620903.10,10,https://ftp.ncbi.nlm.nih.gov/genomes/all/GCF/014/207/605/GCF_014207605.1_ASM1420760v1,10,620903.10.fna,GCF_014207605.1_ASM1420760v1_genomic.fna, 1405382, 1405382,620903.10.fna_vs_GCF_014207605.1_ASM1420760v1_genomic.fna_blast.xml,0,0,0,0,0,0,0,286,1405096,0,0,0,0,0,0,620903_subject_array_1739893801.bin
266351,623,961325,623.2303,10,https://ftp.ncbi.nlm.nih.gov/genomes/all/GCF/030/646/415/GCF_030646415.1_ASM3064641v1,10,623.2303.fna,GCF_030646415.1_ASM3064641v1_genomic.fna, 4800492, 4800492,623.2303.fna_vs_GCF_030646415.1_ASM3064641v1_genomic.fna_blast.xml,0,0,0,0,0,0,1,0,4800491,0,0,0,0,0,0,623_subject_array_1739893804.bin
267538,624,R19.2680,624.4468,10,https://ftp.ncbi.nlm.nih.gov/genomes/all/GCF/038/367/145/GCF_038367145.1_ASM3836714v1,10,624.4468.fna,GCF_038367145.1_ASM3836714v1_genomic.fna, 5002883, 5002883,624.4468.fna_vs_GCF_038367145.1_ASM3836714v1_genomic.fna_blast.xml,0,0,0,0,0,0,0,0,5002882,0,0,1,0,0,0,624_subject_array_1739893810.bin
267872,626932,1033st1_B5_1033SCRN_220408,626932.322,10,https://ftp.ncbi.nlm.nih.gov/genomes/all/GCF/039/066/185/GCF_039066185.1_ASM3906618v1,10,626932.322.fna,GCF_039066185.1_ASM3906618v1_genomic.fna, 2816006, 2816006,626932.322.fna_vs_GCF_039066185.1_ASM3906618v1_genomic.fna_blast.xml,0,0,0,0,0,0,0,96,2815910,0,0,0,0,0,0,626932_subject_array_1739893811.bin
268194,630975,DSM 45301,630975.3,10,https://ftp.ncbi.nlm.nih.gov/genomes/all/GCF/006/716/445/GCF_006716445.1_ASM671644v1,10,630975.3.fna,GCF_006716445.1_ASM671644v1_genomic.fna, 9138787, 9138787,630975.3.fna_vs_GCF_006716445.1_ASM671644v1_genomic.fna_blast.xml,0,0,0,0,0,0,0,0,9138787,0,0,0,0,0,0,630975_subject_array_1739893814.bin
268233,631455,DSM 22251,631455.4,10,https://ftp.ncbi.nlm.nih.gov/genomes/all/GCF/900/114/045/GCF_900114045.1_IMG-taxon_2687453775_annotated_assembly,10,631455.4.fna,GCF_900114045.1_IMG-taxon_2687453775_annotated_assembly_genomic.fna, 2379279, 2379279,631455.4.fna_vs_GCF_900114045.1_IMG-taxon_2687453775_annotated_assembly_genomic.fna_blast.xml,0,0,0,0,0,0,1,0,2379269,0,2,7,0,0,0,631455_subject_array_1739893815.bin
268663,634765,DSM 24830,634765.3,10,https://ftp.ncbi.nlm.nih.gov/genomes/all/GCF/004/339/015/GCF_004339015.1_ASM433901v1,10,634765.3.fna,GCF_004339015.1_ASM433901v1_genomic.fna, 4491576, 4491576,634765.3.fna_vs_GCF_004339015.1_ASM433901v1_genomic.fna_blast.xml,0,0,0,0,0,0,0,194,4491382,0,0,0,0,0,0,634765_subject_array_1739893817.bin
268704,637679,S3-22,637679.3,10,https://ftp.ncbi.nlm.nih.gov/genomes/all/GCF/001/550/055/GCF_001550055.1_ASM155005v1,10,637679.3.fna,GCF_001550055.1_ASM155005v1_genomic.fna, 4025086, 4025086,637679.3.fna_vs_GCF_001550055.1_ASM155005v1_genomic.fna_blast.xml,0,0,0,0,0,0,0,456,4024630,0,0,0,0,0,0,637679_subject_array_1739893818.bin
269283,643674,DSM 26613,643674.8,10,https://ftp.ncbi.nlm.nih.gov/genomes/all/GCF/011/927/625/GCF_011927625.1_ASM1192762v1,10,643674.8.fna,GCF_011927625.1_ASM1192762v1_genomic.fna, 2728145, 2728145,643674.8.fna_vs_GCF_011927625.1_ASM1192762v1_genomic.fna_blast.xml,0,0,0,0,0,0,0,96,2728049,0,0,0,0,0,0,643674_subject_array_1739893819.bin
269329,644,AS12,644.969,10,https://ftp.ncbi.nlm.nih.gov/genomes/all/GCF/028/765/305/GCF_028765305.1_ASM2876530v1,10,644.969.fna,GCF_028765305.1_ASM2876530v1_genomic.fna, 5168206, 5168206,644.969.fna_vs_GCF_028765305.1_ASM2876530v1_genomic.fna_blast.xml,0,0,0,0,0,0,0,0,5168206,0,0,0,0,0,0,644_subject_array_1739893821.bin
269424,644,KAM330,644.568,10,https://ftp.ncbi.nlm.nih.gov/genomes/all/GCF/014/679/585/GCF_014679585.1_ASM1467958v1,10,644.568.fna,GCF_014679585.1_ASM1467958v1_genomic.fna, 5445750, 5445750,644.568.fna_vs_GCF_014679585.1_ASM1467958v1_genomic.fna_blast.xml,0,0,0,0,0,0,0,0,5445750,0,0,0,0,0,0,644_subject_array_1739893823.bin
269459,644,OnP22,644.644,10,https://ftp.ncbi.nlm.nih.gov/genomes/all/GCF/018/094/805/GCF_018094805.1_ASM1809480v1,10,644.644.fna,GCF_018094805.1_ASM1809480v1_genomic.fna, 4775509, 4775509,644.644.fna_vs_GCF_018094805.1_ASM1809480v1_genomic.fna_blast.xml,0,0,0,0,0,0,0,0,4775509,0,0,0,0,0,0,644_subject_array_1739893824.bin
269670,644897,HI1,644897.3,10,https://ftp.ncbi.nlm.nih.gov/genomes/all/GCF/000/504/305/GCF_000504305.1_ASM50430v1,10,644897.3.fna,GCF_000504305.1_ASM50430v1_genomic.fna, 4257054, 4257954,644897.3.fna_vs_GCF_000504305.1_ASM50430v1_genomic.fna_blast.xml,0,0,0,0,0,0,0,867,4257087,0,0,0,0,0,0,644897_subject_array_1739893826.bin
269716,645,NCTC12959,645.114,10,https://ftp.ncbi.nlm.nih.gov/genomes/all/GCF/900/445/115/GCF_900445115.1_52121_E02,10,645.114.fna,GCF_900445115.1_52121_E02_genomic.fna, 4934557, 4934557,645.114.fna_vs_GCF_900445115.1_52121_E02_genomic.fna_blast.xml,0,0,0,0,0,0,0,0,4930863,0,0,1,3693,0,0,645_subject_array_1739893828.bin
269769,645617,DSM 25527,645617.3,10,https://ftp.ncbi.nlm.nih.gov/genomes/all/GCF/003/550/065/GCF_003550065.1_ASM355006v1,10,645617.3.fna,GCF_003550065.1_ASM355006v1_genomic.fna, 4524961, 4524961,645617.3.fna_vs_GCF_003550065.1_ASM355006v1_genomic.fna_blast.xml,0,0,0,0,0,0,0,262,4524699,0,0,0,0,0,0,645617_subject_array_1739893830.bin
269793,647384,JCM 16211,647384.3,10,https://ftp.ncbi.nlm.nih.gov/genomes/all/GCF/039/523/535/GCF_039523535.1_ASM3952353v1,10,647384.3.fna,GCF_039523535.1_ASM3952353v1_genomic.fna, 2461969, 2461969,647384.3.fna_vs_GCF_039523535.1_ASM3952353v1_genomic.fna_blast.xml,0,0,0,0,0,0,0,0,2461969,0,0,0,0,0,0,647384_subject_array_1739893831.bin
269956,648,FDAARGOS_76,648.75,10,https://ftp.ncbi.nlm.nih.gov/genomes/all/GCF/000/783/695/GCF_000783695.1_ASM78369v2,10,648.75.fna,GCF_000783695.1_ASM78369v2_genomic.fna, 4877790, 4878606,648.75.fna_vs_GCF_000783695.1_ASM78369v2_genomic.fna_blast.xml,0,0,0,0,0,0,0,0,4877790,0,816,0,0,0,0,648_subject_array_1739893832.bin
270411,65058,2590,65058.519,10,https://ftp.ncbi.nlm.nih.gov/genomes/all/GCF/002/866/525/GCF_002866525.1_ASM286652v1,10,65058.519.fna,GCF_002866525.1_ASM286652v1_genomic.fna, 2501366, 2501366,65058.519.fna_vs_GCF_002866525.1_ASM286652v1_genomic.fna_blast.xml,0,0,0,0,0,0,0,0,2501366,0,0,0,0,0,0,65058_subject_array_1739893833.bin
270502,652616,Erdman,652616.4,10,https://ftp.ncbi.nlm.nih.gov/genomes/all/GCF/000/668/235/GCF_000668235.1_Myco_tube_Erdman_V1,10,652616.4.fna,GCF_000668235.1_Myco_tube_Erdman_V1_genomic.fna, 4417384, 4426215,652616.4.fna_vs_GCF_000668235.1_Myco_tube_Erdman_V1_genomic.fna_blast.xml,0,0,0,0,0,0,0,8752,4417459,0,0,0,4,0,0,652616_subject_array_1739893835.bin
271564,664640,M4-8,664640.3,10,https://ftp.ncbi.nlm.nih.gov/genomes/all/GCF/008/017/445/GCF_008017445.1_ASM801744v1,10,664640.3.fna,GCF_008017445.1_ASM801744v1_genomic.fna, 2821547, 2821547,664640.3.fna_vs_GCF_008017445.1_ASM801744v1_genomic.fna_blast.xml,0,0,0,0,0,0,0,0,2821547,0,0,0,0,0,0,664640_subject_array_1739893836.bin
273071,666684,1NLS2,666684.3,10,https://ftp.ncbi.nlm.nih.gov/genomes/all/GCF/000/178/995/GCF_000178995.1_ASM17899v1,10,666684.3.fna,GCF_000178995.1_ASM17899v1_genomic.fna, 3971756, 3971756,666684.3.fna_vs_GCF_000178995.1_ASM17899v1_genomic.fna_blast.xml,0,0,0,0,0,0,0,0,3971753,0,1,2,0,0,0,666684_subject_array_1739893837.bin
275563,672,CIP8190,672.544,10,https://ftp.ncbi.nlm.nih.gov/genomes/all/GCF/002/891/785/GCF_002891785.1_ASM289178v1,10,672.544.fna,GCF_002891785.1_ASM289178v1_genomic.fna, 4874818, 4874818,672.544.fna_vs_GCF_002891785.1_ASM289178v1_genomic.fna_blast.xml,0,0,0,0,0,0,0,0,4874818,0,0,0,0,0,0,672_subject_array_1739893839.bin
276389,678932,DSM 45359,678932.4,10,https://ftp.ncbi.nlm.nih.gov/genomes/all/GCF/011/758/685/GCF_011758685.1_ASM1175868v1,10,678932.4.fna,GCF_011758685.1_ASM1175868v1_genomic.fna, 2629846, 2629846,678932.4.fna_vs_GCF_011758685.1_ASM1175868v1_genomic.fna_blast.xml,0,0,0,0,0,0,0,0,2629846,0,0,0,0,0,0,678932_subject_array_1739893840.bin
276844,68569,DSM 4733,68569.3,10,https://ftp.ncbi.nlm.nih.gov/genomes/all/GCF/011/761/945/GCF_011761945.1_ASM1176194v1,10,68569.3.fna,GCF_011761945.1_ASM1176194v1_genomic.fna, 4787838, 4787838,68569.3.fna_vs_GCF_011761945.1_ASM1176194v1_genomic.fna_blast.xml,0,0,0,0,0,0,0,58,4787771,0,0,9,0,0,0,68569_subject_array_1739893842.bin
276956,687845,JCM 16722,687845.3,10,https://ftp.ncbi.nlm.nih.gov/genomes/all/GCF/039/536/865/GCF_039536865.1_ASM3953686v1,10,687845.3.fna,GCF_039536865.1_ASM3953686v1_genomic.fna, 6448047, 6448047,687845.3.fna_vs_GCF_039536865.1_ASM3953686v1_genomic.fna_blast.xml,0,0,0,0,0,0,0,971,6447076,0,0,0,0,0,0,687845_subject_array_1739893844.bin
277381,69967,Epi0143-OL,69967.4,10,https://ftp.ncbi.nlm.nih.gov/genomes/all/GCF/024/205/945/GCF_024205945.1_ASM2420594v1,10,69967.4.fna,GCF_024205945.1_ASM2420594v1_genomic.fna, 2182654, 2182654,69967.4.fna_vs_GCF_024205945.1_ASM2420594v1_genomic.fna_blast.xml,0,0,0,0,0,0,0,0,2182654,0,0,0,0,0,0,69967_subject_array_1739893845.bin
277704,709810,TSA2S,709810.3,10,https://ftp.ncbi.nlm.nih.gov/genomes/all/GCF/004/923/315/GCF_004923315.1_ASM492331v1,10,709810.3.fna,GCF_004923315.1_ASM492331v1_genomic.fna, 8102478, 8102478,709810.3.fna_vs_GCF_004923315.1_ASM492331v1_genomic.fna_blast.xml,0,0,0,0,0,0,0,1,8102477,0,0,0,0,0,0,709810_subject_array_1739893848.bin
278209,72174,MCCC1A09709,72174.88,10,https://ftp.ncbi.nlm.nih.gov/genomes/all/GCF/038/594/485/GCF_038594485.1_ASM3859448v1,10,72174.88.fna,GCF_038594485.1_ASM3859448v1_genomic.fna, 3097083, 3097083,72174.88.fna_vs_GCF_038594485.1_ASM3859448v1_genomic.fna_blast.xml,0,0,0,0,0,0,0,0,3097083,0,0,0,0,0,0,72174_subject_array_1739893849.bin
278394,72407,CS00078,72407.2102,10,https://ftp.ncbi.nlm.nih.gov/genomes/all/GCF/030/177/085/GCF_030177085.1_ASM3017708v1,10,72407.2102.fna,GCF_030177085.1_ASM3017708v1_genomic.fna, 5588732, 5588732,72407.2102.fna_vs_GCF_030177085.1_ASM3017708v1_genomic.fna_blast.xml,0,0,0,0,0,0,0,0,5588732,0,0,0,0,0,0,72407_subject_array_1739893851.bin
278648,72407,LC-425/19,72407.2024,10,https://ftp.ncbi.nlm.nih.gov/genomes/all/GCF/026/191/505/GCF_026191505.1_ASM2619150v1,10,72407.2024.fna,GCF_026191505.1_ASM2619150v1_genomic.fna, 5672388, 5672388,72407.2024.fna_vs_GCF_026191505.1_ASM2619150v1_genomic.fna_blast.xml,0,0,0,0,0,0,1,0,5672386,0,1,0,0,0,0,72407_subject_array_1739893853.bin
278691,72407,NCTC9633,72407.1142,10,https://ftp.ncbi.nlm.nih.gov/genomes/all/GCF/900/452/045/GCF_900452045.1_55064_E01,10,72407.1142.fna,GCF_900452045.1_55064_E01_genomic.fna, 5594577, 5594577,72407.1142.fna_vs_GCF_900452045.1_55064_E01_genomic.fna_blast.xml,0,0,0,0,0,0,1,0,5594574,0,1,1,0,0,0,72407_subject_array_1739893855.bin
278987,72407,WRC24_S468MC,72407.1655,10,https://ftp.ncbi.nlm.nih.gov/genomes/all/GCF/019/317/165/GCF_019317165.1_ASM1931716v1,10,72407.1655.fna,GCF_019317165.1_ASM1931716v1_genomic.fna, 5690255, 5690255,72407.1655.fna_vs_GCF_019317165.1_ASM1931716v1_genomic.fna_blast.xml,0,0,0,0,0,0,0,0,5690255,0,0,0,0,0,0,72407_subject_array_1739893857.bin
278995,72407,WRC29_CMC309MPCH,72407.1659,10,https://ftp.ncbi.nlm.nih.gov/genomes/all/GCF/019/317/225/GCF_019317225.1_ASM1931722v1,10,72407.1659.fna,GCF_019317225.1_ASM1931722v1_genomic.fna, 5591551, 5591551,72407.1659.fna_vs_GCF_019317225.1_ASM1931722v1_genomic.fna_blast.xml,0,0,0,0,0,0,0,0,5591551,0,0,0,0,0,0,72407_subject_array_1739893859.bin
279089,726,M26156,726.126,10,https://ftp.ncbi.nlm.nih.gov/genomes/all/GCF/003/490/655/GCF_003490655.1_ASM349065v1,10,726.126.fna,GCF_003490655.1_ASM349065v1_genomic.fna, 1758988, 1758988,726.126.fna_vs_GCF_003490655.1_ASM349065v1_genomic.fna_blast.xml,0,0,0,0,0,0,0,0,1758988,0,0,0,0,0,0,726_subject_array_1739893860.bin
279365,727,65290_BAL_Hi4,727.2169,10,https://ftp.ncbi.nlm.nih.gov/genomes/all/GCF/004/802/155/GCF_004802155.1_ASM480215v1,10,727.2169.fna,GCF_004802155.1_ASM480215v1_genomic.fna, 1819271, 1819271,727.2169.fna_vs_GCF_004802155.1_ASM480215v1_genomic.fna_blast.xml,0,0,0,0,0,0,0,0,1819271,0,0,0,0,0,0,727_subject_array_1739893860.bin
279816,72758,DSM 31028,72758.27,10,https://ftp.ncbi.nlm.nih.gov/genomes/all/GCF/025/370/135/GCF_025370135.1_ASM2537013v1,10,72758.27.fna,GCF_025370135.1_ASM2537013v1_genomic.fna, 2469425, 2469425,72758.27.fna_vs_GCF_025370135.1_ASM2537013v1_genomic.fna_blast.xml,0,0,0,0,0,0,0,0,2469425,0,0,0,0,0,0,72758_subject_array_1739893861.bin
281152,748120,DSM 26022,748120.3,10,https://ftp.ncbi.nlm.nih.gov/genomes/all/GCF/003/387/535/GCF_003387535.1_ASM338753v1,10,748120.3.fna,GCF_003387535.1_ASM338753v1_genomic.fna, 2295583, 2295583,748120.3.fna_vs_GCF_003387535.1_ASM338753v1_genomic.fna_blast.xml,0,0,0,0,0,0,0,193,2295390,0,0,0,0,0,0,748120_subject_array_1739893862.bin
281171,748655,ALgr1,748655.3,10,https://ftp.ncbi.nlm.nih.gov/genomes/all/GCF/000/378/285/GCF_000378285.1_ASM37828v1,10,748655.3.fna,GCF_000378285.1_ASM37828v1_genomic.fna, 2748535, 2748836,748655.3.fna_vs_GCF_000378285.1_ASM37828v1_genomic.fna_blast.xml,0,0,0,0,0,0,2,301,2748527,0,3,2,1,0,0,748655_subject_array_1739893863.bin
281488,75658,P154,75658.7,10,https://ftp.ncbi.nlm.nih.gov/genomes/all/GCF/002/138/515/GCF_002138515.1_ASM213851v1,10,75658.7.fna,GCF_002138515.1_ASM213851v1_genomic.fna, 1631933, 1631933,75658.7.fna_vs_GCF_002138515.1_ASM213851v1_genomic.fna_blast.xml,0,0,0,0,0,0,0,3873,1628058,0,0,0,2,0,0,75658_subject_array_1739893863.bin
282017,760749,GA05248,760749.3,10,https://ftp.ncbi.nlm.nih.gov/genomes/all/GCF/000/251/345/GCF_000251345.1_ASM25134v2,10,760749.3.fna,GCF_000251345.1_ASM25134v2_genomic.fna, 2127842, 2127842,760749.3.fna_vs_GCF_000251345.1_ASM25134v2_genomic.fna_blast.xml,0,0,0,0,0,0,0,0,2127838,0,0,0,4,0,0,760749_subject_array_1739893864.bin
282022,760770,GA13430,760770.3,10,https://ftp.ncbi.nlm.nih.gov/genomes/all/GCF/000/251/445/GCF_000251445.1_ASM25144v2,10,760770.3.fna,GCF_000251445.1_ASM25144v2_genomic.fna, 2186233, 2186233,760770.3.fna_vs_GCF_000251445.1_ASM25144v2_genomic.fna_blast.xml,0,0,0,0,0,0,1,0,2186218,0,1,6,7,0,0,760770_subject_array_1739893866.bin
282023,760775,GA13856,760775.3,10,https://ftp.ncbi.nlm.nih.gov/genomes/all/GCF/000/232/605/GCF_000232605.1_ASM23260v2,10,760775.3.fna,GCF_000232605.1_ASM23260v2_genomic.fna, 2046490, 2046490,760775.3.fna_vs_GCF_000232605.1_ASM23260v2_genomic.fna_blast.xml,0,0,0,0,0,0,2,0,2046480,0,0,0,8,0,0,760775_subject_array_1739893867.bin
282026,760785,GA17301,760785.3,10,https://ftp.ncbi.nlm.nih.gov/genomes/all/GCF/000/279/575/GCF_000279575.1_ASM27957v1,10,760785.3.fna,GCF_000279575.1_ASM27957v1_genomic.fna, 2139666, 2139666,760785.3.fna_vs_GCF_000279575.1_ASM27957v1_genomic.fna_blast.xml,0,0,0,0,0,0,0,0,2139666,0,0,0,0,0,0,760785_subject_array_1739893868.bin
282043,760842,GA47597,760842.3,10,https://ftp.ncbi.nlm.nih.gov/genomes/all/GCF/000/251/865/GCF_000251865.1_ASM25186v2,10,760842.3.fna,GCF_000251865.1_ASM25186v2_genomic.fna, 2073425, 2073425,760842.3.fna_vs_GCF_000251865.1_ASM25186v2_genomic.fna_blast.xml,0,0,0,0,0,0,0,0,2073425,0,0,0,0,0,0,760842_subject_array_1739893869.bin
282050,760858,GA52612,760858.3,10,https://ftp.ncbi.nlm.nih.gov/genomes/all/GCF/000/279/225/GCF_000279225.1_ASM27922v1,10,760858.3.fna,GCF_000279225.1_ASM27922v1_genomic.fna, 2090476, 2090476,760858.3.fna_vs_GCF_000279225.1_ASM27922v1_genomic.fna_blast.xml,0,0,0,0,0,0,0,0,2090476,0,0,0,0,0,0,760858_subject_array_1739893870.bin
282056,760879,EU-NP03,760879.3,10,https://ftp.ncbi.nlm.nih.gov/genomes/all/GCF/000/252/105/GCF_000252105.1_ASM25210v2,10,760879.3.fna,GCF_000252105.1_ASM25210v2_genomic.fna, 2111371, 2111371,760879.3.fna_vs_GCF_000252105.1_ASM25210v2_genomic.fna_blast.xml,0,0,0,0,0,0,0,0,2111370,0,0,1,0,0,0,760879_subject_array_1739893871.bin
282959,78344,LMG 11586,78344.3,10,https://ftp.ncbi.nlm.nih.gov/genomes/all/GCF/000/741/215/GCF_000741215.1_Bifgalrum,10,78344.3.fna,GCF_000741215.1_Bifgalrum_genomic.fna, 2160836, 2160836,78344.3.fna_vs_GCF_000741215.1_Bifgalrum_genomic.fna_blast.xml,0,0,0,0,0,0,0,0,2160836,0,0,0,0,0,0,78344_subject_array_1739893872.bin
283292,813,R32100IMS,813.59,10,https://ftp.ncbi.nlm.nih.gov/genomes/all/GCF/001/317/825/GCF_001317825.1_7396_3_11,10,813.59.fna,GCF_001317825.1_7396_3_11_genomic.fna, 1043418, 1043418,813.59.fna_vs_GCF_001317825.1_7396_3_11_genomic.fna_blast.xml,0,0,0,0,0,0,0,0,1043418,0,0,0,0,0,0,813_subject_array_1739893872.bin
283629,817,H-2631,817.2583,10,https://ftp.ncbi.nlm.nih.gov/genomes/all/GCF/032/490/575/GCF_032490575.1_ASM3249057v1,10,817.2583.fna,GCF_032490575.1_ASM3249057v1_genomic.fna, 4874301, 4874301,817.2583.fna_vs_GCF_032490575.1_ASM3249057v1_genomic.fna_blast.xml,0,0,0,0,0,0,0,0,4874301,0,0,0,0,0,0,817_subject_array_1739893874.bin
283882,818,BFG-309,818.2169,10,https://ftp.ncbi.nlm.nih.gov/genomes/all/GCF/024/792/195/GCF_024792195.1_ASM2479219v1,10,818.2169.fna,GCF_024792195.1_ASM2479219v1_genomic.fna, 6229962, 6229962,818.2169.fna_vs_GCF_024792195.1_ASM2479219v1_genomic.fna_blast.xml,0,0,0,0,0,0,0,0,6229962,0,0,0,0,0,0,818_subject_array_1739893876.bin
285791,83554,Fr Da,83554.62,10,https://ftp.ncbi.nlm.nih.gov/genomes/all/GCF/001/714/565/GCF_001714565.1_ASM171456v1,10,83554.62.fna,GCF_001714565.1_ASM171456v1_genomic.fna, 1176286, 1176286,83554.62.fna_vs_GCF_001714565.1_ASM171456v1_genomic.fna_blast.xml,0,0,0,0,0,0,0,0,1176286,0,0,0,0,0,0,83554_subject_array_1739893876.bin
286102,839,D31d,839.7,10,https://ftp.ncbi.nlm.nih.gov/genomes/all/GCF/900/107/775/GCF_900107775.1_IMG-taxon_2654588193_annotated_assembly,10,839.7.fna,GCF_900107775.1_IMG-taxon_2654588193_annotated_assembly_genomic.fna, 3773855, 3773855,839.7.fna_vs_GCF_900107775.1_IMG-taxon_2654588193_annotated_assembly_genomic.fna_blast.xml,0,0,0,0,0,0,0,2797,3771053,0,1,1,3,0,0,839_subject_array_1739893877.bin
286289,84407,V-P,84407.3,10,https://ftp.ncbi.nlm.nih.gov/genomes/all/GCF/900/162/615/GCF_900162615.1_PRJEB6464,10,84407.3.fna,GCF_900162615.1_PRJEB6464_genomic.fna, 4382192, 4382192,84407.3.fna_vs_GCF_900162615.1_PRJEB6464_genomic.fna_blast.xml,0,0,0,0,0,0,1,0,4382184,0,3,4,0,0,0,84407_subject_array_1739893881.bin
286311,84643,JCM 12398,84643.3,10,https://ftp.ncbi.nlm.nih.gov/genomes/all/GCF/039/527/715/GCF_039527715.1_ASM3952771v1,10,84643.3.fna,GCF_039527715.1_ASM3952771v1_genomic.fna, 2908960, 2908960,84643.3.fna_vs_GCF_039527715.1_ASM3952771v1_genomic.fna_blast.xml,0,0,0,0,0,0,0,1522,2907438,0,0,0,0,0,0,84643_subject_array_1739893882.bin
286538,85336,Y1,85336.96,10,https://ftp.ncbi.nlm.nih.gov/genomes/all/GCF/035/916/755/GCF_035916755.1_ASM3591675v1,10,85336.96.fna,GCF_035916755.1_ASM3591675v1_genomic.fna, 2387685, 2387685,85336.96.fna_vs_GCF_035916755.1_ASM3591675v1_genomic.fna_blast.xml,0,0,0,0,0,0,0,0,2387685,0,0,0,0,0,0,85336_subject_array_1739893883.bin
286966,85688,IFM 10366,85688.5,10,https://ftp.ncbi.nlm.nih.gov/genomes/all/GCF/012/396/065/GCF_012396065.1_ASM1239606v1,10,85688.5.fna,GCF_012396065.1_ASM1239606v1_genomic.fna, 7635786, 7635786,85688.5.fna_vs_GCF_012396065.1_ASM1239606v1_genomic.fna_blast.xml,0,0,0,0,0,0,0,0,7635786,0,0,0,0,0,0,85688_subject_array_1739893886.bin
287505,862967,G1566,862967.24,10,https://ftp.ncbi.nlm.nih.gov/genomes/all/GCF/900/490/855/GCF_900490855.1_G1566,10,862967.24.fna,GCF_900490855.1_G1566_genomic.fna, 1897154, 1897154,862967.24.fna_vs_GCF_900490855.1_G1566_genomic.fna_blast.xml,0,0,0,0,0,0,0,0,1897154,0,0,0,0,0,0,862967_subject_array_1739893886.bin
287887,874156,HWDM-33,874156.12,10,https://ftp.ncbi.nlm.nih.gov/genomes/all/GCF/001/013/305/GCF_001013305.1_ASM101330v1,10,874156.12.fna,GCF_001013305.1_ASM101330v1_genomic.fna, 2834102, 2834102,874156.12.fna_vs_GCF_001013305.1_ASM101330v1_genomic.fna_blast.xml,0,0,0,0,0,0,0,0,2834102,0,0,0,0,0,0,874156_subject_array_1739893887.bin
288003,87883,2016Y70864359II,87883.742,10,https://ftp.ncbi.nlm.nih.gov/genomes/all/GCF/023/896/075/GCF_023896075.1_ASM2389607v1,10,87883.742.fna,GCF_023896075.1_ASM2389607v1_genomic.fna, 5828210, 5828210,87883.742.fna_vs_GCF_023896075.1_ASM2389607v1_genomic.fna_blast.xml,0,0,0,0,0,0,0,0,5828210,0,0,0,0,0,0,87883_subject_array_1739893889.bin
288334,87883,P1Bm2013,87883.376,10,https://ftp.ncbi.nlm.nih.gov/genomes/all/GCF/017/301/875/GCF_017301875.1_ASM1730187v1,10,87883.376.fna,GCF_017301875.1_ASM1730187v1_genomic.fna, 6495877, 6495877,87883.376.fna_vs_GCF_017301875.1_ASM1730187v1_genomic.fna_blast.xml,0,0,0,0,0,0,0,0,6495871,0,2,4,0,0,0,87883_subject_array_1739893892.bin
288462,879969,DSM 23697,879969.3,10,https://ftp.ncbi.nlm.nih.gov/genomes/all/GCF/013/409/575/GCF_013409575.1_ASM1340957v1,10,879969.3.fna,GCF_013409575.1_ASM1340957v1_genomic.fna, 3935985, 3935985,879969.3.fna_vs_GCF_013409575.1_ASM1340957v1_genomic.fna_blast.xml,0,0,0,0,0,0,0,0,3935985,0,0,0,0,0,0,879969_subject_array_1739893893.bin
288481,880592,R0011,880592.5,10,https://ftp.ncbi.nlm.nih.gov/genomes/all/GCF/000/235/785/GCF_000235785.1_ASM23578v2,10,880592.5.fna,GCF_000235785.1_ASM23578v2_genomic.fna, 2900620, 2900620,880592.5.fna_vs_GCF_000235785.1_ASM23578v2_genomic.fna_blast.xml,0,0,0,0,0,0,1,0,2900618,0,0,1,0,0,0,880592_subject_array_1739893895.bin
288746,883077,ACS-279-V-Col4,883077.3,10,https://ftp.ncbi.nlm.nih.gov/genomes/all/GCF/000/296/505/GCF_000296505.1_Acti_turi_ACS-279-V-COL4_V1,10,883077.3.fna,GCF_000296505.1_Acti_turi_ACS-279-V-COL4_V1_genomic.fna, 1951528, 1967755,883077.3.fna_vs_GCF_000296505.1_Acti_turi_ACS-279-V-COL4_V1_genomic.fna_blast.xml,0,0,0,0,0,0,0,16227,1951528,0,0,0,0,0,0,883077_subject_array_1739893895.bin
288782,883168,FB127-CNA-2,883168.3,10,https://ftp.ncbi.nlm.nih.gov/genomes/all/GCF/000/314/815/GCF_000314815.2_Stre_urin_FB127-CNA2_V1,10,883168.3.fna,GCF_000314815.2_Stre_urin_FB127-CNA2_V1_genomic.fna, 2127389, 2139779,883168.3.fna_vs_GCF_000314815.2_Stre_urin_FB127-CNA2_V1_genomic.fna_blast.xml,0,0,0,0,0,0,0,12383,2127396,0,0,0,0,0,0,883168_subject_array_1739893896.bin
291023,90371,SARA18,90371.4829,10,https://ftp.ncbi.nlm.nih.gov/genomes/all/GCF/016/772/895/GCF_016772895.1_ASM1677289v1,10,90371.4829.fna,GCF_016772895.1_ASM1677289v1_genomic.fna, 4837775, 4837775,90371.4829.fna_vs_GCF_016772895.1_ASM1677289v1_genomic.fna_blast.xml,0,0,0,0,0,0,0,0,4837775,0,0,0,0,0,0,90371_subject_array_1739893898.bin
291338,903894,OIFC189,903894.3,10,https://ftp.ncbi.nlm.nih.gov/genomes/all/GCF/000/278/685/GCF_000278685.1_AcbauOIFC189v1.0,10,903894.3.fna,GCF_000278685.1_AcbauOIFC189v1.0_genomic.fna, 4043115, 4043115,903894.3.fna_vs_GCF_000278685.1_AcbauOIFC189v1.0_genomic.fna_blast.xml,0,0,0,0,0,0,0,0,4043115,0,0,0,0,0,0,903894_subject_array_1739893899.bin
291424,904715,DSM 27651,904715.3,10,https://ftp.ncbi.nlm.nih.gov/genomes/all/GCF/011/927/695/GCF_011927695.1_ASM1192769v1,10,904715.3.fna,GCF_011927695.1_ASM1192769v1_genomic.fna, 2962167, 2962167,904715.3.fna_vs_GCF_011927695.1_ASM1192769v1_genomic.fna_blast.xml,0,0,0,0,0,0,0,0,2962167,0,0,0,0,0,0,904715_subject_array_1739893900.bin
291604,912802,JCM 17452,912802.8,10,https://ftp.ncbi.nlm.nih.gov/genomes/all/GCF/039/537/605/GCF_039537605.1_ASM3953760v1,10,912802.8.fna,GCF_039537605.1_ASM3953760v1_genomic.fna, 3143799, 3143799,912802.8.fna_vs_GCF_039537605.1_ASM3953760v1_genomic.fna_blast.xml,0,0,0,0,0,0,0,384,3143415,0,0,0,0,0,0,912802_subject_array_1739893901.bin
291818,91891,L08A.1,91891.60,10,https://ftp.ncbi.nlm.nih.gov/genomes/all/GCF/003/605/825/GCF_003605825.1_L08A.1_n_l_OLDA,10,91891.60.fna,GCF_003605825.1_L08A.1_n_l_OLDA_genomic.fna, 3642049, 3642049,91891.60.fna_vs_GCF_003605825.1_L08A.1_n_l_OLDA_genomic.fna_blast.xml,0,0,0,0,0,0,0,0,3642049,0,0,0,0,0,0,91891_subject_array_1739893902.bin
291819,91891,L09A.1,91891.65,10,https://ftp.ncbi.nlm.nih.gov/genomes/all/GCF/003/605/925/GCF_003605925.1_L09A.1_n_l_OLDA,10,91891.65.fna,GCF_003605925.1_L09A.1_n_l_OLDA_genomic.fna, 3640421, 3640421,91891.65.fna_vs_GCF_003605925.1_L09A.1_n_l_OLDA_genomic.fna_blast.xml,0,0,0,0,0,0,0,0,3640421,0,0,0,0,0,0,91891_subject_array_1739893903.bin
291967,927704,TAM6421,927704.6,10,https://ftp.ncbi.nlm.nih.gov/genomes/all/GCF/000/284/095/GCF_000284095.1_ASM28409v1,10,927704.6.fna,GCF_000284095.1_ASM28409v1_genomic.fna, 3631933, 3631933,927704.6.fna_vs_GCF_000284095.1_ASM28409v1_genomic.fna_blast.xml,0,0,0,2,0,0,3,0,3631842,0,8,78,0,0,0,927704_subject_array_1739893905.bin
292486,938288,9401234,938288.5,10,https://ftp.ncbi.nlm.nih.gov/genomes/all/GCF/000/312/505/GCF_000312505.2_Cb_9401234,10,938288.5.fna,GCF_000312505.2_Cb_9401234_genomic.fna, 1709611, 1709677,938288.5.fna_vs_GCF_000312505.2_Cb_9401234_genomic.fna_blast.xml,0,0,0,0,0,0,0,22,1709611,0,44,0,0,0,0,938288_subject_array_1739893905.bin
292502,940149,04SU4-P,940149.3,10,https://ftp.ncbi.nlm.nih.gov/genomes/all/GCF/034/044/635/GCF_034044635.1_ASM3404463v1,10,940149.3.fna,GCF_034044635.1_ASM3404463v1_genomic.fna, 4658268, 4658268,940149.3.fna_vs_GCF_034044635.1_ASM3404463v1_genomic.fna_blast.xml,0,0,0,0,0,0,0,707,4657561,0,0,0,0,0,0,940149_subject_array_1739893907.bin
292611,941323,VR50,941323.4,10,https://ftp.ncbi.nlm.nih.gov/genomes/all/GCF/000/968/515/GCF_000968515.1_ASM96851v1,10,941323.4.fna,GCF_000968515.1_ASM96851v1_genomic.fna, 5196066, 5196066,941323.4.fna_vs_GCF_000968515.1_ASM96851v1_genomic.fna_blast.xml,0,0,0,0,0,0,0,0,5196066,0,0,0,0,0,0,941323_subject_array_1739893909.bin
292680,943830,1155,943830.20,10,https://ftp.ncbi.nlm.nih.gov/genomes/all/GCF/031/455/325/GCF_031455325.1_ASM3145532v1,10,943830.20.fna,GCF_031455325.1_ASM3145532v1_genomic.fna, 6531949, 6531949,943830.20.fna_vs_GCF_031455325.1_ASM3145532v1_genomic.fna_blast.xml,0,0,0,0,0,0,0,0,6531949,0,0,0,0,0,0,943830_subject_array_1739893912.bin
292798,947013,DSM 24574,947013.3,10,https://ftp.ncbi.nlm.nih.gov/genomes/all/GCF/900/129/725/GCF_900129725.1_IMG-taxon_2617270831_annotated_assembly,10,947013.3.fna,GCF_900129725.1_IMG-taxon_2617270831_annotated_assembly_genomic.fna, 8357597, 8357597,947013.3.fna_vs_GCF_900129725.1_IMG-taxon_2617270831_annotated_assembly_genomic.fna_blast.xml,0,0,0,0,0,0,0,195,8357402,0,0,0,0,0,0,947013_subject_array_1739893914.bin
293300,95486,VC5486,95486.103,10,https://ftp.ncbi.nlm.nih.gov/genomes/all/GCF/001/984/285/GCF_001984285.1_ASM198428v1,10,95486.103.fna,GCF_001984285.1_ASM198428v1_genomic.fna, 7736143, 7736143,95486.103.fna_vs_GCF_001984285.1_ASM198428v1_genomic.fna_blast.xml,0,0,0,0,0,0,0,0,7736142,0,0,1,0,0,0,95486_subject_array_1739893918.bin
294217,985002,3688STDY6125139,985002.104,10,https://ftp.ncbi.nlm.nih.gov/genomes/all/GCF/900/127/065/GCF_900127065.1_17175_3_85,10,985002.104.fna,GCF_900127065.1_17175_3_85_genomic.fna, 2714919, 2714919,985002.104.fna_vs_GCF_900127065.1_17175_3_85_genomic.fna_blast.xml,0,0,0,0,0,0,0,0,2714517,0,0,2,399,0,1,985002_subject_array_1739893919.bin
294244,985002,CFSA17SA054,985002.353,10,https://ftp.ncbi.nlm.nih.gov/genomes/all/GCF/021/432/415/GCF_021432415.1_ASM2143241v1,10,985002.353.fna,GCF_021432415.1_ASM2143241v1_genomic.fna, 2791501, 2791501,985002.353.fna_vs_GCF_021432415.1_ASM2143241v1_genomic.fna_blast.xml,0,0,0,0,0,0,1,448,2791051,0,0,1,0,0,0,985002_subject_array_1739893920.bin
294615,992037,Hp A-20,992037.3,10,https://ftp.ncbi.nlm.nih.gov/genomes/all/GCF/000/275/285/GCF_000275285.1_ASM27528v1,10,992037.3.fna,GCF_000275285.1_ASM27528v1_genomic.fna, 1674600, 1674600,992037.3.fna_vs_GCF_000275285.1_ASM27528v1_genomic.fna_blast.xml,0,0,0,0,0,0,0,0,1674600,0,0,0,0,0,0,992037_subject_array_1739893921.bin
295017,999423,F0473,999423.3,10,https://ftp.ncbi.nlm.nih.gov/genomes/all/GCF/000/315/545/GCF_000315545.1_Seleno_sp_F0473_V1,10,999423.3.fna,GCF_000315545.1_Seleno_sp_F0473_V1_genomic.fna, 2055819, 2067540,999423.3.fna_vs_GCF_000315545.1_Seleno_sp_F0473_V1_genomic.fna_blast.xml,0,0,0,0,0,0,0,11715,2055824,0,0,0,1,0,0,999423_subject_array_1739893921.bin
295037,999544,DSM 45548,999544.3,10,https://ftp.ncbi.nlm.nih.gov/genomes/all/GCF/000/378/825/GCF_000378825.1_ASM37882v1,10,999544.3.fna,GCF_000378825.1_ASM37882v1_genomic.fna, 5096990, 5097790,999544.3.fna_vs_GCF_000378825.1_ASM37882v1_genomic.fna_blast.xml,0,0,0,0,0,0,0,667,5097123,0,0,0,0,0,0,999544_subject_array_1739893923.bin
295047,999628,EHg5,999628.3,10,https://ftp.ncbi.nlm.nih.gov/genomes/all/GCF/000/378/945/GCF_000378945.1_ASM37894v1,10,999628.3.fna,GCF_000378945.1_ASM37894v1_genomic.fna, 4087771, 4088571,999628.3.fna_vs_GCF_000378945.1_ASM37894v1_genomic.fna_blast.xml,0,0,0,0,0,0,0,767,4087786,0,0,1,17,0,0,999628_subject_array_1739893924.bin
