col1,col2,col3,col4,col5,col6,col7,query_fna,subject_fna,query_length,subject_length,blast_output,n_of_-7,n_of_-6,n_of_-5,n_of_-4,n_of_-3,n_of_-2,n_of_-1,n_of_0,n_of_1,n_of_2,n_of_3,n_of_4,n_of_5,n_of_6,n_of_7,binary_filename
12,1000570,ATCC 33397,1000570.31,9,https://ftp.ncbi.nlm.nih.gov/genomes/all/GCF/002/088/025/GCF_002088025.1_ASM208802v1,9,1000570.31.fna,GCF_002088025.1_ASM208802v1_genomic.fna, 1904351, 1904351,1000570.31.fna_vs_GCF_002088025.1_ASM208802v1_genomic.fna_blast.xml,0,0,0,0,0,0,0,0,1904351,0,0,0,0,0,0,1000570_subject_array_1739826187.bin
44,1001709,2B-1231,1001709.3,9,https://ftp.ncbi.nlm.nih.gov/genomes/all/GCF/000/270/925/GCF_000270925.1_ASM27092v1,9,1001709.3.fna,GCF_000270925.1_ASM27092v1_genomic.fna, 4811264, 4811264,1001709.3.fna_vs_GCF_000270925.1_ASM27092v1_genomic.fna_blast.xml,0,0,0,0,0,0,0,0,4811264,0,0,0,0,0,0,1001709_subject_array_1739826189.bin
46,1001711,2B-0912-R,1001711.3,9,https://ftp.ncbi.nlm.nih.gov/genomes/all/GCF/000/270/805/GCF_000270805.1_ASM27080v1,9,1001711.3.fna,GCF_000270805.1_ASM27080v1_genomic.fna, 4809994, 4809994,1001711.3.fna_vs_GCF_000270805.1_ASM27080v1_genomic.fna_blast.xml,0,0,0,0,0,0,0,0,4809994,0,0,0,0,0,0,1001711_subject_array_1739826191.bin
48,1001713,2B-0307,1001713.3,9,https://ftp.ncbi.nlm.nih.gov/genomes/all/GCF/000/270/765/GCF_000270765.1_ASM27076v1,9,1001713.3.fna,GCF_000270765.1_ASM27076v1_genomic.fna, 4809972, 4809972,1001713.3.fna_vs_GCF_000270765.1_ASM27076v1_genomic.fna_blast.xml,0,0,0,0,0,0,0,0,4809972,0,0,0,0,0,0,1001713_subject_array_1739826193.bin
90,100225,DSM 44178,100225.5,9,https://ftp.ncbi.nlm.nih.gov/genomes/all/GCF/900/111/385/GCF_900111385.1_IMG-taxon_2687453746_annotated_assembly,9,100225.5.fna,GCF_900111385.1_IMG-taxon_2687453746_annotated_assembly_genomic.fna, 3544343, 3544343,100225.5.fna_vs_GCF_900111385.1_IMG-taxon_2687453746_annotated_assembly_genomic.fna_blast.xml,0,0,0,0,0,0,0,0,3544341,0,1,1,0,0,0,100225_subject_array_1739826195.bin
172,1005395,CSV86,1005395.227,9,https://ftp.ncbi.nlm.nih.gov/genomes/all/GCF/000/319/305/GCF_000319305.2_ASM31930v2,9,1005395.227.fna,GCF_000319305.2_ASM31930v2_genomic.fna, 6787172, 6787172,1005395.227.fna_vs_GCF_000319305.2_ASM31930v2_genomic.fna_blast.xml,0,0,0,0,0,0,0,0,6787172,0,0,0,0,0,0,1005395_subject_array_1739826218.bin
379,100884,D6,556262.3,9,https://ftp.ncbi.nlm.nih.gov/genomes/all/GCF/000/269/565/GCF_000269565.1_PB_Copr_sp_D6_V1,9,556262.3.fna,GCF_000269565.1_PB_Copr_sp_D6_V1_genomic.fna, 3861289, 3861289,556262.3.fna_vs_GCF_000269565.1_PB_Copr_sp_D6_V1_genomic.fna_blast.xml,0,0,0,0,0,0,0,0,3861289,0,0,0,0,0,0,556262_subject_array_1739826220.bin
860,102862,NCTC12737,102862.13,9,https://ftp.ncbi.nlm.nih.gov/genomes/all/GCF/900/455/015/GCF_900455015.1_28265_E01,9,102862.13.fna,GCF_900455015.1_28265_E01_genomic.fna, 3907378, 3907378,102862.13.fna_vs_GCF_900455015.1_28265_E01_genomic.fna_blast.xml,0,0,0,0,0,0,0,0,3907366,0,0,0,12,0,0,102862_subject_array_1739826222.bin
930,1031537,JCM 17758,1031537.8,9,https://ftp.ncbi.nlm.nih.gov/genomes/all/GCF/039/541/315/GCF_039541315.1_ASM3954131v1,9,1031537.8.fna,GCF_039541315.1_ASM3954131v1_genomic.fna, 6204853, 6204853,1031537.8.fna_vs_GCF_039541315.1_ASM3954131v1_genomic.fna_blast.xml,0,0,0,0,0,0,0,0,6204853,0,0,0,0,0,0,1031537_subject_array_1739826224.bin
1005,1033846,DP2N14-4,1033846.28,9,https://ftp.ncbi.nlm.nih.gov/genomes/all/GCF/019/335/285/GCF_019335285.1_ASM1933528v1,9,1033846.28.fna,GCF_019335285.1_ASM1933528v1_genomic.fna, 4082292, 4082292,1033846.28.fna_vs_GCF_019335285.1_ASM1933528v1_genomic.fna_blast.xml,0,0,0,0,0,0,0,0,4082292,0,0,0,0,0,0,1033846_subject_array_1739826225.bin
1212,103808,AD45,103808.5,9,https://ftp.ncbi.nlm.nih.gov/genomes/all/GCF/000/949/305/GCF_000949305.1_ASM94930v1,9,103808.5.fna,GCF_000949305.1_ASM94930v1_genomic.fna, 6794789, 6794789,103808.5.fna_vs_GCF_000949305.1_ASM94930v1_genomic.fna_blast.xml,0,0,0,0,0,0,0,0,6794789,0,0,0,0,0,0,103808_subject_array_1739826228.bin
1686,1051662,A44a,1051662.3,9,https://ftp.ncbi.nlm.nih.gov/genomes/all/GCF/000/760/735/GCF_000760735.1_R_fas_A44a,9,1051662.3.fna,GCF_000760735.1_R_fas_A44a_genomic.fna, 5947044, 5947044,1051662.3.fna_vs_GCF_000760735.1_R_fas_A44a_genomic.fna_blast.xml,0,0,0,0,0,0,0,13488,5933552,0,0,1,3,0,0,1051662_subject_array_1739826230.bin
2462,1069627,GA04672,1069627.3,9,https://ftp.ncbi.nlm.nih.gov/genomes/all/GCF/000/279/495/GCF_000279495.1_ASM27949v1,9,1069627.3.fna,GCF_000279495.1_ASM27949v1_genomic.fna, 2135761, 2135761,1069627.3.fna_vs_GCF_000279495.1_ASM27949v1_genomic.fna_blast.xml,0,0,0,0,0,0,0,0,2135761,0,0,0,0,0,0,1069627_subject_array_1739826231.bin
2569,1073328,CGMCC 1.11028,1073328.3,9,https://ftp.ncbi.nlm.nih.gov/genomes/all/GCF/900/102/925/GCF_900102925.1_IMG-taxon_2667527237_annotated_assembly,9,1073328.3.fna,GCF_900102925.1_IMG-taxon_2667527237_annotated_assembly_genomic.fna, 3742882, 3742882,1073328.3.fna_vs_GCF_900102925.1_IMG-taxon_2667527237_annotated_assembly_genomic.fna_blast.xml,0,0,0,0,0,0,1,0,3742746,0,16,119,0,0,0,1073328_subject_array_1739826233.bin
2576,1073373,CC94A,1073373.3,9,https://ftp.ncbi.nlm.nih.gov/genomes/all/GCF/000/507/745/GCF_000507745.1_Stre_sang_CC94A_V1,9,1073373.3.fna,GCF_000507745.1_Stre_sang_CC94A_V1_genomic.fna, 2498603, 2507043,1073373.3.fna_vs_GCF_000507745.1_Stre_sang_CC94A_V1_genomic.fna_blast.xml,0,0,0,0,0,0,0,8423,2498617,0,0,3,0,0,0,1073373_subject_array_1739826234.bin
2607,107400,C14,107400.7,9,https://ftp.ncbi.nlm.nih.gov/genomes/all/GCF/039/619/325/GCF_039619325.1_Flye_C14jm.contigs,9,107400.7.fna,GCF_039619325.1_Flye_C14jm.contigs_genomic.fna, 7094668, 7094668,107400.7.fna_vs_GCF_039619325.1_Flye_C14jm.contigs_genomic.fna_blast.xml,0,0,0,0,0,0,0,0,7094668,0,0,0,0,0,0,107400_subject_array_1739826237.bin
2975,1077464,RH_48720_11,1077464.29,9,https://ftp.ncbi.nlm.nih.gov/genomes/all/GCF/002/096/295/GCF_002096295.1_ASM209629v1,9,1077464.29.fna,GCF_002096295.1_ASM209629v1_genomic.fna, 1934840, 1934840,1077464.29.fna_vs_GCF_002096295.1_ASM209629v1_genomic.fna_blast.xml,0,0,0,0,0,0,0,94,1934746,0,0,0,0,0,0,1077464_subject_array_1739826238.bin
3000,1078016,XP,1078016.3,9,https://ftp.ncbi.nlm.nih.gov/genomes/all/GCF/000/225/665/GCF_000225665.1_ASM22566v2,9,1078016.3.fna,GCF_000225665.1_ASM22566v2_genomic.fna, 7229582, 7229582,1078016.3.fna_vs_GCF_000225665.1_ASM22566v2_genomic.fna_blast.xml,0,0,0,0,0,0,0,0,7229582,0,0,0,0,0,0,1078016_subject_array_1739826241.bin
3132,1078846,HT12,1078846.3,9,https://ftp.ncbi.nlm.nih.gov/genomes/all/GCF/000/384/075/GCF_000384075.1_ASM38407v1,9,1078846.3.fna,GCF_000384075.1_ASM38407v1_genomic.fna, 4686343, 4687143,1078846.3.fna_vs_GCF_000384075.1_ASM38407v1_genomic.fna_blast.xml,0,0,0,0,0,0,0,784,4686359,0,0,0,0,0,0,1078846_subject_array_1739826243.bin
3700,108981,HZE30-1,108981.23,9,https://ftp.ncbi.nlm.nih.gov/genomes/all/GCF/010/918/895/GCF_010918895.1_ASM1091889v1,9,108981.23.fna,GCF_010918895.1_ASM1091889v1_genomic.fna, 3337186, 3337186,108981.23.fna_vs_GCF_010918895.1_ASM1091889v1_genomic.fna_blast.xml,0,0,0,0,0,0,0,0,3337186,0,0,0,0,0,0,108981_subject_array_1739826245.bin
3701,108981,HZE33-1,108981.24,9,https://ftp.ncbi.nlm.nih.gov/genomes/all/GCF/010/919/095/GCF_010919095.1_ASM1091909v1,9,108981.24.fna,GCF_010919095.1_ASM1091909v1_genomic.fna, 3320700, 3320700,108981.24.fna_vs_GCF_010919095.1_ASM1091909v1_genomic.fna_blast.xml,0,0,0,0,0,0,0,0,3320700,0,0,0,0,0,0,108981_subject_array_1739826246.bin
4742,1117645,OSUVM2,1117645.212,9,https://ftp.ncbi.nlm.nih.gov/genomes/all/GCF/002/843/945/GCF_002843945.1_ASM284394v1,9,1117645.212.fna,GCF_002843945.1_ASM284394v1_genomic.fna, 4103188, 4103188,1117645.212.fna_vs_GCF_002843945.1_ASM284394v1_genomic.fna_blast.xml,0,0,0,0,0,0,0,0,4103187,0,0,1,0,0,0,1117645_subject_array_1739826248.bin
6054,1132694,XBU10,1132694.3,9,https://ftp.ncbi.nlm.nih.gov/genomes/all/GCF/008/244/685/GCF_008244685.1_ASM824468v1,9,1132694.3.fna,GCF_008244685.1_ASM824468v1_genomic.fna, 4169055, 4169055,1132694.3.fna_vs_GCF_008244685.1_ASM824468v1_genomic.fna_blast.xml,0,0,0,0,0,0,0,85,4168970,0,0,0,0,0,0,1132694_subject_array_1739826250.bin
6288,1134687,CPE6,1134687.231,9,https://ftp.ncbi.nlm.nih.gov/genomes/all/GCF/015/356/395/GCF_015356395.1_ASM1535639v1,9,1134687.231.fna,GCF_015356395.1_ASM1535639v1_genomic.fna, 6156021, 6156021,1134687.231.fna_vs_GCF_015356395.1_ASM1535639v1_genomic.fna_blast.xml,0,0,0,0,0,0,1,0,6156019,0,1,0,0,0,0,1134687_subject_array_1739826252.bin
6289,1134687,CPO078,1134687.822,9,https://ftp.ncbi.nlm.nih.gov/genomes/all/GCF/030/186/985/GCF_030186985.2_NA,9,1134687.822.fna,GCF_030186985.2_NA_genomic.fna, 6523549, 6523549,1134687.822.fna_vs_GCF_030186985.2_NA_genomic.fna_blast.xml,0,0,0,0,0,0,0,0,6523549,0,0,0,0,0,0,1134687_subject_array_1739826255.bin
6500,1134687,RHBSTW-00909,1134687.201,9,https://ftp.ncbi.nlm.nih.gov/genomes/all/GCF/013/732/655/GCF_013732655.1_ASM1373265v1,9,1134687.201.fna,GCF_013732655.1_ASM1373265v1_genomic.fna, 6609426, 6609426,1134687.201.fna_vs_GCF_013732655.1_ASM1373265v1_genomic.fna_blast.xml,0,0,0,0,0,0,0,0,6609426,0,0,0,0,0,0,1134687_subject_array_1739826258.bin
6825,1138585,DSM 25478,1138585.3,9,https://ftp.ncbi.nlm.nih.gov/genomes/all/GCF/002/797/595/GCF_002797595.1_ASM279759v1,9,1138585.3.fna,GCF_002797595.1_ASM279759v1_genomic.fna, 3421787, 3421787,1138585.3.fna_vs_GCF_002797595.1_ASM279759v1_genomic.fna_blast.xml,0,0,0,0,0,0,0,0,3421787,0,0,0,0,0,0,1138585_subject_array_1739826260.bin
6863,1140,FACHB-805,1140.65,9,https://ftp.ncbi.nlm.nih.gov/genomes/all/GCF/014/698/905/GCF_014698905.1_ASM1469890v1,9,1140.65.fna,GCF_014698905.1_ASM1469890v1_genomic.fna, 2743371, 2743371,1140.65.fna_vs_GCF_014698905.1_ASM1469890v1_genomic.fna_blast.xml,0,0,0,0,0,0,0,0,2743371,0,0,0,0,0,0,1140_subject_array_1739826261.bin
6999,1145114,R037c,1145114.3,9,https://ftp.ncbi.nlm.nih.gov/genomes/all/GCF/000/299/735/GCF_000299735.1_ASM29973v1,9,1145114.3.fna,GCF_000299735.1_ASM29973v1_genomic.fna, 1614130, 1614130,1145114.3.fna_vs_GCF_000299735.1_ASM29973v1_genomic.fna_blast.xml,0,0,0,0,0,0,0,0,1614130,0,0,0,0,0,0,1145114_subject_array_1739826262.bin
7164,1149773,CECT 7949,1149773.6,9,https://ftp.ncbi.nlm.nih.gov/genomes/all/GCF/014/192/255/GCF_014192255.1_ASM1419225v1,9,1149773.6.fna,GCF_014192255.1_ASM1419225v1_genomic.fna, 5509930, 5509930,1149773.6.fna_vs_GCF_014192255.1_ASM1419225v1_genomic.fna_blast.xml,0,0,0,0,0,0,0,96,5509834,0,0,0,0,0,0,1149773_subject_array_1739826264.bin
7219,1150400,374,1150400.3,9,https://ftp.ncbi.nlm.nih.gov/genomes/all/GCF/900/102/995/GCF_900102995.1_IMG-taxon_2596583649_annotated_assembly,9,1150400.3.fna,GCF_900102995.1_IMG-taxon_2596583649_annotated_assembly_genomic.fna, 2971437, 2971437,1150400.3.fna_vs_GCF_900102995.1_IMG-taxon_2596583649_annotated_assembly_genomic.fna_blast.xml,0,0,0,0,0,0,0,0,2971434,0,1,2,0,0,0,1150400_subject_array_1739826265.bin
7781,1157002,HI111,1157002.3,9,https://ftp.ncbi.nlm.nih.gov/genomes/all/GCF/000/359/885/GCF_000359885.1_Stap_aure_HI111_V1,9,1157002.3.fna,GCF_000359885.1_Stap_aure_HI111_V1_genomic.fna, 2851586, 2862860,1157002.3.fna_vs_GCF_000359885.1_Stap_aure_HI111_V1_genomic.fna_blast.xml,0,0,0,0,0,0,0,11231,2851624,0,0,4,1,0,0,1157002_subject_array_1739826266.bin
7784,1157005,M0029,1157005.3,9,https://ftp.ncbi.nlm.nih.gov/genomes/all/GCF/000/359/985/GCF_000359985.1_Stap_aure_M0029_V1,9,1157005.3.fna,GCF_000359985.1_Stap_aure_M0029_V1_genomic.fna, 2889538, 2891893,1157005.3.fna_vs_GCF_000359985.1_Stap_aure_M0029_V1_genomic.fna_blast.xml,0,0,0,0,0,0,0,2313,2889565,0,1,2,12,0,0,1157005_subject_array_1739826268.bin
7802,1157023,M0330,1157023.3,9,https://ftp.ncbi.nlm.nih.gov/genomes/all/GCF/000/360/805/GCF_000360805.1_Stap_aure_M0330_V1,9,1157023.3.fna,GCF_000360805.1_Stap_aure_M0330_V1_genomic.fna, 2853100, 2855248,1157023.3.fna_vs_GCF_000360805.1_Stap_aure_M0330_V1_genomic.fna_blast.xml,0,0,0,0,0,0,0,2137,2853111,0,0,0,0,0,0,1157023_subject_array_1739826269.bin
8048,1158294,10(H),1158294.3,9,https://ftp.ncbi.nlm.nih.gov/genomes/all/GCF/000/711/235/GCF_000711235.1_ASM71123v1,9,1158294.3.fna,GCF_000711235.1_ASM71123v1_genomic.fna, 4299196, 4299196,1158294.3.fna_vs_GCF_000711235.1_ASM71123v1_genomic.fna_blast.xml,0,0,0,0,0,0,0,0,4299196,0,0,0,0,0,0,1158294_subject_array_1739826271.bin
8159,1158602,ATCC 49464,1158602.4,9,https://ftp.ncbi.nlm.nih.gov/genomes/all/GCF/000/407/525/GCF_000407525.1_Ente_raff_ATCC49464_V2,9,1158602.4.fna,GCF_000407525.1_Ente_raff_ATCC49464_V2_genomic.fna, 4310366, 4310366,1158602.4.fna_vs_GCF_000407525.1_Ente_raff_ATCC49464_V2_genomic.fna_blast.xml,0,0,0,0,0,0,0,0,4310366,0,0,0,0,0,0,1158602_subject_array_1739826272.bin
8160,1158603,ATCC 49996,1158603.5,9,https://ftp.ncbi.nlm.nih.gov/genomes/all/GCF/000/407/405/GCF_000407405.1_Ente_flav_ATCC49996_V2,9,1158603.5.fna,GCF_000407405.1_Ente_flav_ATCC49996_V2_genomic.fna, 3592251, 3592251,1158603.5.fna_vs_GCF_000407405.1_Ente_flav_ATCC49996_V2_genomic.fna_blast.xml,0,0,0,0,0,0,0,0,3592251,0,0,0,0,0,0,1158603_subject_array_1739826274.bin
8515,1160215,F5/07-239A,1160215.3,9,https://ftp.ncbi.nlm.nih.gov/genomes/all/GCF/000/366/985/GCF_000366985.1_Bruc_meli_F5_07-239A_V1,9,1160215.3.fna,GCF_000366985.1_Bruc_meli_F5_07-239A_V1_genomic.fna, 3300614, 3300614,1160215.3.fna_vs_GCF_000366985.1_Bruc_meli_F5_07-239A_V1_genomic.fna_blast.xml,0,0,0,0,0,0,0,0,3300614,0,0,0,0,0,0,1160215_subject_array_1739826275.bin
8744,1166948,TRM 0175,1166948.3,9,https://ftp.ncbi.nlm.nih.gov/genomes/all/GCF/000/759/345/GCF_000759345.1_ASM75934v1,9,1166948.3.fna,GCF_000759345.1_ASM75934v1_genomic.fna, 3786651, 3786651,1166948.3.fna_vs_GCF_000759345.1_ASM75934v1_genomic.fna_blast.xml,0,0,0,0,0,0,0,0,3786651,0,0,0,0,0,0,1166948_subject_array_1739826277.bin
8805,1169208,63/138,1169208.3,9,https://ftp.ncbi.nlm.nih.gov/genomes/all/GCF/000/370/005/GCF_000370005.1_Bruc_abor_63_138_V1,9,1169208.3.fna,GCF_000370005.1_Bruc_abor_63_138_V1_genomic.fna, 3295046, 3297446,1169208.3.fna_vs_GCF_000370005.1_Bruc_abor_63_138_V1_genomic.fna_blast.xml,0,0,0,0,0,0,0,2398,3295048,0,0,0,0,0,0,1169208_subject_array_1739826278.bin
8811,1169214,80/28,1169214.3,9,https://ftp.ncbi.nlm.nih.gov/genomes/all/GCF/000/370/245/GCF_000370245.1_Bruc_abor_80_28_V1,9,1169214.3.fna,GCF_000370245.1_Bruc_abor_80_28_V1_genomic.fna, 3290548, 3293675,1169214.3.fna_vs_GCF_000370245.1_Bruc_abor_80_28_V1_genomic.fna_blast.xml,0,0,0,0,0,0,0,3126,3290549,0,0,0,0,0,0,1169214_subject_array_1739826280.bin
8832,1169237,F5/03-2,1169237.3,9,https://ftp.ncbi.nlm.nih.gov/genomes/all/GCF/000/365/585/GCF_000365585.1_Bruc_suis_F5_03-2_V1,9,1169237.3.fna,GCF_000365585.1_Bruc_suis_F5_03-2_V1_genomic.fna, 3316120, 3316120,1169237.3.fna_vs_GCF_000365585.1_Bruc_suis_F5_03-2_V1_genomic.fna_blast.xml,0,0,0,0,0,0,0,0,3316120,0,0,0,0,0,0,1169237_subject_array_1739826281.bin
8838,1169243,F8/06-3,1169243.3,9,https://ftp.ncbi.nlm.nih.gov/genomes/all/GCF/000/371/305/GCF_000371305.1_Bruc_suis_F8_06-3_V1,9,1169243.3.fna,GCF_000371305.1_Bruc_suis_F8_06-3_V1_genomic.fna, 3334399, 3335164,1169243.3.fna_vs_GCF_000371305.1_Bruc_suis_F8_06-3_V1_genomic.fna_blast.xml,0,0,0,0,0,0,0,727,3334399,0,35,0,3,0,0,1169243_subject_array_1739826283.bin
8853,1169258,M0994,1169258.3,9,https://ftp.ncbi.nlm.nih.gov/genomes/all/GCF/000/362/365/GCF_000362365.1_Stap_aure_M0994_V1,9,1169258.3.fna,GCF_000362365.1_Stap_aure_M0994_V1_genomic.fna, 2892285, 2898143,1169258.3.fna_vs_GCF_000362365.1_Stap_aure_M0994_V1_genomic.fna_blast.xml,0,0,0,0,0,0,0,5842,2892291,0,0,0,10,0,0,1169258_subject_array_1739826285.bin
9085,1173022,PCC 9333,1173022.3,9,https://ftp.ncbi.nlm.nih.gov/genomes/all/GCF/000/317/495/GCF_000317495.1_ASM31749v1,9,1173022.3.fna,GCF_000317495.1_ASM31749v1_genomic.fna, 5620407, 5620407,1173022.3.fna_vs_GCF_000317495.1_ASM31749v1_genomic.fna_blast.xml,0,0,0,0,0,0,0,0,5620407,0,0,0,0,0,0,1173022_subject_array_1739826287.bin
9089,1173027,PCC 7113,1173027.3,9,https://ftp.ncbi.nlm.nih.gov/genomes/all/GCF/000/317/515/GCF_000317515.1_ASM31751v1,9,1173027.3.fna,GCF_000317515.1_ASM31751v1_genomic.fna, 7966510, 7966510,1173027.3.fna_vs_GCF_000317515.1_ASM31751v1_genomic.fna_blast.xml,0,0,0,0,0,0,0,0,7966510,0,0,0,0,0,0,1173027_subject_array_1739826291.bin
9178,1173585,HKCCA0515,1173585.27,9,https://ftp.ncbi.nlm.nih.gov/genomes/all/GCF/013/032/855/GCF_013032855.1_ASM1303285v1,9,1173585.27.fna,GCF_013032855.1_ASM1303285v1_genomic.fna, 3822604, 3822604,1173585.27.fna_vs_GCF_013032855.1_ASM1303285v1_genomic.fna_blast.xml,0,0,0,0,0,0,0,0,3822604,0,0,0,0,0,0,1173585_subject_array_1739826292.bin
9205,1173585,HKCCD6598,1173585.28,9,https://ftp.ncbi.nlm.nih.gov/genomes/all/GCF/013/032/765/GCF_013032765.1_ASM1303276v1,9,1173585.28.fna,GCF_013032765.1_ASM1303276v1_genomic.fna, 3825858, 3825858,1173585.28.fna_vs_GCF_013032765.1_ASM1303276v1_genomic.fna_blast.xml,0,0,0,0,0,0,0,0,3825858,0,0,0,0,0,0,1173585_subject_array_1739826294.bin
9755,1185650,1027,1185650.682,9,https://ftp.ncbi.nlm.nih.gov/genomes/all/GCF/900/137/325/GCF_900137325.1_12163_2_1,9,1185650.682.fna,GCF_900137325.1_12163_2_1_genomic.fna, 4924631, 4924631,1185650.682.fna_vs_GCF_900137325.1_12163_2_1_genomic.fna_blast.xml,0,0,0,0,0,0,0,4611,4919690,0,0,6,324,0,0,1185650_subject_array_1739826296.bin
10681,1185650,T8582,1185650.1218,9,https://ftp.ncbi.nlm.nih.gov/genomes/all/GCF/030/513/875/GCF_030513875.1_ASM3051387v1,9,1185650.1218.fna,GCF_030513875.1_ASM3051387v1_genomic.fna, 4893369, 4893369,1185650.1218.fna_vs_GCF_030513875.1_ASM3051387v1_genomic.fna_blast.xml,0,0,0,0,0,0,0,0,4893369,0,0,0,0,0,0,1185650_subject_array_1739826298.bin
11581,1198681,CNGB 290,1198681.3,9,https://ftp.ncbi.nlm.nih.gov/genomes/all/GCF/000/366/905/GCF_000366905.1_Bruc_meli_CNGB_290_V1,9,1198681.3.fna,GCF_000366905.1_Bruc_meli_CNGB_290_V1_genomic.fna, 3290983, 3290983,1198681.3.fna_vs_GCF_000366905.1_Bruc_meli_CNGB_290_V1_genomic.fna_blast.xml,0,0,0,0,0,0,0,0,3290983,0,0,0,0,0,0,1198681_subject_array_1739826299.bin
12077,1213358,K-1,1213358.7,9,https://ftp.ncbi.nlm.nih.gov/genomes/all/GCF/008/017/435/GCF_008017435.1_ASM801743v1,9,1213358.7.fna,GCF_008017435.1_ASM801743v1_genomic.fna, 2991178, 2991178,1213358.7.fna_vs_GCF_008017435.1_ASM801743v1_genomic.fna_blast.xml,0,0,0,0,0,0,0,0,2991178,0,0,0,0,0,0,1213358_subject_array_1739826300.bin
12439,1218175,HD-771,1218175.3,9,https://ftp.ncbi.nlm.nih.gov/genomes/all/GCF/000/292/455/GCF_000292455.1_ASM29245v1,9,1218175.3.fna,GCF_000292455.1_ASM29245v1_genomic.fna, 6438373, 6438373,1218175.3.fna_vs_GCF_000292455.1_ASM29245v1_genomic.fna_blast.xml,0,0,0,0,0,0,0,0,6438373,0,0,0,0,0,0,1218175_subject_array_1739826303.bin
12587,1220491,KCTC 23968,1220491.3,9,https://ftp.ncbi.nlm.nih.gov/genomes/all/GCF/014/652/455/GCF_014652455.1_ASM1465245v1,9,1220491.3.fna,GCF_014652455.1_ASM1465245v1_genomic.fna, 3023839, 3023839,1220491.3.fna_vs_GCF_014652455.1_ASM1465245v1_genomic.fna_blast.xml,0,0,0,0,0,0,0,0,3023839,0,0,0,0,0,0,1220491_subject_array_1739826305.bin
13008,1229727,JLT2016,1229727.3,9,https://ftp.ncbi.nlm.nih.gov/genomes/all/GCF/001/969/385/GCF_001969385.1_ASM196938v1,9,1229727.3.fna,GCF_001969385.1_ASM196938v1_genomic.fna, 5424264, 5424264,1229727.3.fna_vs_GCF_001969385.1_ASM196938v1_genomic.fna_blast.xml,0,0,0,0,0,0,0,0,5424264,0,0,0,0,0,0,1229727_subject_array_1739826307.bin
13274,1236703,Akat1,1236703.3,9,https://ftp.ncbi.nlm.nih.gov/genomes/all/GCF/000/478/685/GCF_000478685.1_ASM47868v1,9,1236703.3.fna,GCF_000478685.1_ASM47868v1_genomic.fna, 1015921, 1015921,1236703.3.fna_vs_GCF_000478685.1_ASM47868v1_genomic.fna_blast.xml,0,0,0,0,0,0,2,0,1015917,0,1,1,0,0,0,1236703_subject_array_1739826307.bin
13310,1238,EM-90,1238.302,9,https://ftp.ncbi.nlm.nih.gov/genomes/all/GCF/003/850/185/GCF_003850185.1_ASM385018v1,9,1238.302.fna,GCF_003850185.1_ASM385018v1_genomic.fna, 3694262, 3694262,1238.302.fna_vs_GCF_003850185.1_ASM385018v1_genomic.fna_blast.xml,0,0,0,0,0,0,0,0,3694262,0,0,0,0,0,0,1238_subject_array_1739826321.bin
13570,1242245,XBB1,1242245.8,9,https://ftp.ncbi.nlm.nih.gov/genomes/all/GCF/001/484/935/GCF_001484935.1_ASM148493v1,9,1242245.8.fna,GCF_001484935.1_ASM148493v1_genomic.fna, 4081329, 4081329,1242245.8.fna_vs_GCF_001484935.1_ASM148493v1_genomic.fna_blast.xml,0,0,0,0,0,0,1,0,4081327,0,0,1,0,0,0,1242245_subject_array_1739826323.bin
13573,1242689,DSM 29467,1242689.3,9,https://ftp.ncbi.nlm.nih.gov/genomes/all/GCF/004/365/635/GCF_004365635.1_ASM436563v1,9,1242689.3.fna,GCF_004365635.1_ASM436563v1_genomic.fna, 3680113, 3680113,1242689.3.fna_vs_GCF_004365635.1_ASM436563v1_genomic.fna_blast.xml,0,0,0,0,0,0,0,0,3680113,0,0,0,0,0,0,1242689_subject_array_1739826324.bin
13847,1246,1001095IJ_161003_G5,1246.133,9,https://ftp.ncbi.nlm.nih.gov/genomes/all/GCF/015/553/465/GCF_015553465.1_ASM1555346v1,9,1246.133.fna,GCF_015553465.1_ASM1555346v1_genomic.fna, 1677195, 1677195,1246.133.fna_vs_GCF_015553465.1_ASM1555346v1_genomic.fna_blast.xml,0,0,0,0,0,0,0,199,1676996,0,0,0,0,0,0,1246_subject_array_1739826325.bin
14099,1247644,30539,1247644.3,9,https://ftp.ncbi.nlm.nih.gov/genomes/all/GCF/000/583/025/GCF_000583025.1_gbhBH001,9,1247644.3.fna,GCF_000583025.1_gbhBH001_genomic.fna, 3762889, 3762889,1247644.3.fna_vs_GCF_000583025.1_gbhBH001_genomic.fna_blast.xml,0,0,0,0,0,0,0,0,3762889,0,0,0,0,0,0,1247644_subject_array_1739826329.bin
14160,1249,DmW_107,1249.38,9,https://ftp.ncbi.nlm.nih.gov/genomes/all/GCF/008/690/185/GCF_008690185.1_ASM869018v1,9,1249.38.fna,GCF_008690185.1_ASM869018v1_genomic.fna, 2018582, 2018582,1249.38.fna_vs_GCF_008690185.1_ASM869018v1_genomic.fna_blast.xml,0,0,0,0,0,0,0,0,2018582,0,0,0,0,0,0,1249_subject_array_1739826330.bin
14235,1249975,Hel_I_29,1249975.4,9,https://ftp.ncbi.nlm.nih.gov/genomes/all/GCF/000/744/275/GCF_000744275.1_ASM74427v1,9,1249975.4.fna,GCF_000744275.1_ASM74427v1_genomic.fna, 3959304, 3959304,1249975.4.fna_vs_GCF_000744275.1_ASM74427v1_genomic.fna_blast.xml,0,0,0,0,0,0,0,0,3959304,0,0,0,0,0,0,1249975_subject_array_1739826331.bin
14256,1250539,JLT2014,1250539.3,9,https://ftp.ncbi.nlm.nih.gov/genomes/all/GCF/001/975/705/GCF_001975705.1_ASM197570v1,9,1250539.3.fna,GCF_001975705.1_ASM197570v1_genomic.fna, 5259072, 5259072,1250539.3.fna_vs_GCF_001975705.1_ASM197570v1_genomic.fna_blast.xml,0,0,0,0,0,0,0,0,5259072,0,0,0,0,0,0,1250539_subject_array_1739826334.bin
14284,125288,JCM 11540,125288.9,9,https://ftp.ncbi.nlm.nih.gov/genomes/all/GCF/039/526/045/GCF_039526045.1_ASM3952604v1,9,125288.9.fna,GCF_039526045.1_ASM3952604v1_genomic.fna, 3349214, 3349214,125288.9.fna_vs_GCF_039526045.1_ASM3952604v1_genomic.fna_blast.xml,0,0,0,0,0,0,0,0,3349214,0,0,0,0,0,0,125288_subject_array_1739826335.bin
14567,1255,Chi8,1255.551,9,https://ftp.ncbi.nlm.nih.gov/genomes/all/GCF/030/984/705/GCF_030984705.1_ASM3098470v1,9,1255.551.fna,GCF_030984705.1_ASM3098470v1_genomic.fna, 1745096, 1745096,1255.551.fna_vs_GCF_030984705.1_ASM3098470v1_genomic.fna_blast.xml,0,0,0,0,0,0,0,456,1744640,0,0,0,0,0,0,1255_subject_array_1739826336.bin
14570,1255,DRD-42,1255.368,9,https://ftp.ncbi.nlm.nih.gov/genomes/all/GCF/023/743/315/GCF_023743315.1_ASM2374331v1,9,1255.368.fna,GCF_023743315.1_ASM2374331v1_genomic.fna, 1692246, 1692246,1255.368.fna_vs_GCF_023743315.1_ASM2374331v1_genomic.fna_blast.xml,0,0,0,0,0,0,0,1744,1690155,0,0,0,347,0,0,1255_subject_array_1739826337.bin
14572,1255,DRD-61,1255.371,9,https://ftp.ncbi.nlm.nih.gov/genomes/all/GCF/023/744/355/GCF_023744355.1_ASM2374435v1,9,1255.371.fna,GCF_023744355.1_ASM2374435v1_genomic.fna, 1940599, 1940599,1255.371.fna_vs_GCF_023744355.1_ASM2374435v1_genomic.fna_blast.xml,0,0,0,0,0,0,0,1282,1939299,0,0,3,15,0,0,1255_subject_array_1739826337.bin
14674,1255,ST58,1255.499,9,https://ftp.ncbi.nlm.nih.gov/genomes/all/GCF/028/067/445/GCF_028067445.1_ASM2806744v1,9,1255.499.fna,GCF_028067445.1_ASM2806744v1_genomic.fna, 1835821, 1946674,1255.499.fna_vs_GCF_028067445.1_ASM2806744v1_genomic.fna_blast.xml,0,0,0,0,0,0,1,110690,1835983,0,0,0,0,0,0,1255_subject_array_1739826338.bin
14680,1255,UN03-283,1255.496,9,https://ftp.ncbi.nlm.nih.gov/genomes/all/GCF/027/675/905/GCF_027675905.1_ASM2767590v1,9,1255.496.fna,GCF_027675905.1_ASM2767590v1_genomic.fna, 1821475, 1821475,1255.496.fna_vs_GCF_027675905.1_ASM2767590v1_genomic.fna_blast.xml,0,0,0,0,0,0,0,0,1821475,0,0,0,0,0,0,1255_subject_array_1739826339.bin
14743,1257037,5DC8,1257037.3,9,https://ftp.ncbi.nlm.nih.gov/genomes/all/GCF/000/347/795/GCF_000347795.1_5dc8_V1,9,1257037.3.fna,GCF_000347795.1_5dc8_V1_genomic.fna, 2010949, 2010949,1257037.3.fna_vs_GCF_000347795.1_5dc8_V1_genomic.fna_blast.xml,0,0,0,0,0,0,0,0,2010949,0,0,0,0,0,0,1257037_subject_array_1739826340.bin
15031,1263636,DSM 105492,1263636.3,9,https://ftp.ncbi.nlm.nih.gov/genomes/all/GCF/006/783/905/GCF_006783905.1_ASM678390v1,9,1263636.3.fna,GCF_006783905.1_ASM678390v1_genomic.fna, 4276286, 4276286,1263636.3.fna_vs_GCF_006783905.1_ASM678390v1_genomic.fna_blast.xml,0,0,0,0,0,0,0,0,4276286,0,0,0,0,0,0,1263636_subject_array_1739826341.bin
15263,1266912,ALMg9,1266912.3,9,https://ftp.ncbi.nlm.nih.gov/genomes/all/GCF/000/380/625/GCF_000380625.1_ASM38062v1,9,1266912.3.fna,GCF_000380625.1_ASM38062v1_genomic.fna, 2925715, 2925715,1266912.3.fna_vs_GCF_000380625.1_ASM38062v1_genomic.fna_blast.xml,0,0,0,0,0,0,0,0,2925715,0,0,0,0,0,0,1266912_subject_array_1739826343.bin
15290,1267356,TKK-01-0017,1267356.3,9,https://ftp.ncbi.nlm.nih.gov/genomes/all/GCF/000/659/045/GCF_000659045.1_Myco_tube_TKK-01-0017_V3,9,1267356.3.fna,GCF_000659045.1_Myco_tube_TKK-01-0017_V3_genomic.fna, 4391906, 4397765,1267356.3.fna_vs_GCF_000659045.1_Myco_tube_TKK-01-0017_V3_genomic.fna_blast.xml,0,0,0,0,0,0,0,5815,4391906,0,44,0,0,0,0,1267356_subject_array_1739826345.bin
15304,1267423,043d10b,1267423.23,9,https://ftp.ncbi.nlm.nih.gov/genomes/all/GCF/024/105/555/GCF_024105555.1_ASM2410555v1,9,1267423.23.fna,GCF_024105555.1_ASM2410555v1_genomic.fna, 4699698, 4699698,1267423.23.fna_vs_GCF_024105555.1_ASM2410555v1_genomic.fna_blast.xml,0,0,0,0,0,0,0,0,4699698,0,0,0,0,0,0,1267423_subject_array_1739826347.bin
15306,1267423,25,1267423.24,9,https://ftp.ncbi.nlm.nih.gov/genomes/all/GCF/024/105/535/GCF_024105535.1_ASM2410553v1,9,1267423.24.fna,GCF_024105535.1_ASM2410553v1_genomic.fna, 4741411, 4741411,1267423.24.fna_vs_GCF_024105535.1_ASM2410553v1_genomic.fna_blast.xml,0,0,0,0,0,0,0,0,4741411,0,0,0,0,0,0,1267423_subject_array_1739826349.bin
15340,1268285,M130,1268285.3,9,https://ftp.ncbi.nlm.nih.gov/genomes/all/GCF/000/341/045/GCF_000341045.1_120831_BK,9,1268285.3.fna,GCF_000341045.1_120831_BK_genomic.fna, 7128857, 7128857,1268285.3.fna_vs_GCF_000341045.1_120831_BK_genomic.fna_blast.xml,0,0,0,0,0,0,0,0,7128857,0,0,0,0,0,0,1268285_subject_array_1739826352.bin
15575,1275,DSM 20447,1275.18,9,https://ftp.ncbi.nlm.nih.gov/genomes/all/GCF/006/717/035/GCF_006717035.1_ASM671703v1,9,1275.18.fna,GCF_006717035.1_ASM671703v1_genomic.fna, 3881675, 3881675,1275.18.fna_vs_GCF_006717035.1_ASM671703v1_genomic.fna_blast.xml,0,0,0,0,0,0,0,0,3881675,0,0,0,0,0,0,1275_subject_array_1739826354.bin
16437,1280,23/2-17 Whaem,1280.31279,9,https://ftp.ncbi.nlm.nih.gov/genomes/all/GCF/016/425/805/GCF_016425805.1_ASM1642580v1,9,1280.31279.fna,GCF_016425805.1_ASM1642580v1_genomic.fna, 2725502, 2725502,1280.31279.fna_vs_GCF_016425805.1_ASM1642580v1_genomic.fna_blast.xml,0,0,0,0,0,0,0,0,2725502,0,0,0,0,0,0,1280_subject_array_1739826355.bin
16444,1280,23536_5_3_M3012_4,1280.31286,9,https://ftp.ncbi.nlm.nih.gov/genomes/all/GCF/016/425/965/GCF_016425965.1_ASM1642596v1,9,1280.31286.fna,GCF_016425965.1_ASM1642596v1_genomic.fna, 2725924, 2725924,1280.31286.fna_vs_GCF_016425965.1_ASM1642596v1_genomic.fna_blast.xml,0,0,0,0,0,0,0,0,2725924,0,0,0,0,0,0,1280_subject_array_1739826357.bin
16447,1280,23591_5_3_M3012_5,1280.31283,9,https://ftp.ncbi.nlm.nih.gov/genomes/all/GCF/016/425/915/GCF_016425915.1_ASM1642591v1,9,1280.31283.fna,GCF_016425915.1_ASM1642591v1_genomic.fna, 2725710, 2725710,1280.31283.fna_vs_GCF_016425915.1_ASM1642591v1_genomic.fna_blast.xml,0,0,0,0,0,0,0,0,2725710,0,0,0,0,0,0,1280_subject_array_1739826358.bin
16541,1280,27/4-18 BHY,1280.31239,9,https://ftp.ncbi.nlm.nih.gov/genomes/all/GCF/016/425/025/GCF_016425025.1_ASM1642502v1,9,1280.31239.fna,GCF_016425025.1_ASM1642502v1_genomic.fna, 2725947, 2725947,1280.31239.fna_vs_GCF_016425025.1_ASM1642502v1_genomic.fna_blast.xml,0,0,0,0,0,0,0,0,2725947,0,0,0,0,0,0,1280_subject_array_1739826359.bin
16770,1280,3688STDY6124816,1280.11183,9,https://ftp.ncbi.nlm.nih.gov/genomes/all/GCF/900/127/805/GCF_900127805.1_17175_1_32,9,1280.11183.fna,GCF_900127805.1_17175_1_32_genomic.fna, 2811123, 2811123,1280.11183.fna_vs_GCF_900127805.1_17175_1_32_genomic.fna_blast.xml,0,0,0,0,0,0,7,0,2811061,0,25,30,0,0,0,1280_subject_array_1739826361.bin
16793,1280,3688STDY6124839,1280.11181,9,https://ftp.ncbi.nlm.nih.gov/genomes/all/GCF/900/127/825/GCF_900127825.1_17175_1_55,9,1280.11181.fna,GCF_900127825.1_17175_1_55_genomic.fna, 2778553, 2778553,1280.11181.fna_vs_GCF_900127825.1_17175_1_55_genomic.fna_blast.xml,0,0,0,0,0,0,0,29,2778478,0,22,14,9,0,1,1280_subject_array_1739826362.bin
16851,1280,3688STDY6124897,1280.11244,9,https://ftp.ncbi.nlm.nih.gov/genomes/all/GCF/900/125/925/GCF_900125925.1_17175_2_26,9,1280.11244.fna,GCF_900125925.1_17175_2_26_genomic.fna, 2678096, 2678096,1280.11244.fna_vs_GCF_900125925.1_17175_2_26_genomic.fna_blast.xml,0,0,0,0,0,0,0,0,2678092,0,0,4,0,0,0,1280_subject_array_1739826363.bin
17015,1280,3688STDY6125107,1280.11151,9,https://ftp.ncbi.nlm.nih.gov/genomes/all/GCF/900/128/315/GCF_900128315.1_17175_3_53,9,1280.11151.fna,GCF_900128315.1_17175_3_53_genomic.fna, 2717207, 2717207,1280.11151.fna_vs_GCF_900128315.1_17175_3_53_genomic.fna_blast.xml,0,0,0,0,0,0,2,35,2716791,0,0,1,378,0,0,1280_subject_array_1739826365.bin
17949,1280,AFSPU3176-1,1280.50091,9,https://ftp.ncbi.nlm.nih.gov/genomes/all/GCF/036/532/735/GCF_036532735.1_ASM3653273v1,9,1280.50091.fna,GCF_036532735.1_ASM3653273v1_genomic.fna, 2702330, 2702330,1280.50091.fna_vs_GCF_036532735.1_ASM3653273v1_genomic.fna_blast.xml,0,0,0,0,0,0,0,0,2702330,0,0,0,0,0,0,1280_subject_array_1739826366.bin
19752,1280,DC52912,1280.45335,9,https://ftp.ncbi.nlm.nih.gov/genomes/all/GCF/028/805/495/GCF_028805495.1_ASM2880549v1,9,1280.45335.fna,GCF_028805495.1_ASM2880549v1_genomic.fna, 2703421, 2703421,1280.45335.fna_vs_GCF_028805495.1_ASM2880549v1_genomic.fna_blast.xml,0,0,0,0,0,0,0,0,2703421,0,0,0,0,0,0,1280_subject_array_1739826368.bin
22430,1280,MSSAT94,1280.10467,9,https://ftp.ncbi.nlm.nih.gov/genomes/all/GCF/900/097/885/GCF_900097885.1_12291_8_12,9,1280.10467.fna,GCF_900097885.1_12291_8_12_genomic.fna, 2818375, 2818375,1280.10467.fna_vs_GCF_900097885.1_12291_8_12_genomic.fna_blast.xml,0,0,0,0,0,0,1,2706,2815660,0,6,2,0,0,0,1280_subject_array_1739826369.bin
22517,1280,N57_130515,1280.15893,9,https://ftp.ncbi.nlm.nih.gov/genomes/all/GCF/002/904/935/GCF_002904935.1_ASM290493v1,9,1280.15893.fna,GCF_002904935.1_ASM290493v1_genomic.fna, 2761839, 2761839,1280.15893.fna_vs_GCF_002904935.1_ASM290493v1_genomic.fna_blast.xml,0,0,0,0,0,0,0,697,2761142,0,0,0,0,0,0,1280_subject_array_1739826370.bin
23140,1280,RB210,1280.12616,9,https://ftp.ncbi.nlm.nih.gov/genomes/all/GCF/002/141/045/GCF_002141045.1_ASM214104v1,9,1280.12616.fna,GCF_002141045.1_ASM214104v1_genomic.fna, 2783870, 2783870,1280.12616.fna_vs_GCF_002141045.1_ASM214104v1_genomic.fna_blast.xml,0,0,0,0,0,0,0,0,2783870,0,0,0,0,0,0,1280_subject_array_1739826372.bin
25924,1280949,MHS-3,1280949.3,9,https://ftp.ncbi.nlm.nih.gov/genomes/all/GCF/000/685/235/GCF_000685235.1_SOAPdenovo_v1.05,9,1280949.3.fna,GCF_000685235.1_SOAPdenovo_v1.05_genomic.fna, 3668571, 3668571,1280949.3.fna_vs_GCF_000685235.1_SOAPdenovo_v1.05_genomic.fna_blast.xml,0,0,0,0,0,0,0,0,3668571,0,0,0,0,0,0,1280949_subject_array_1739826373.bin
26581,1282,708203,1282.6001,9,https://ftp.ncbi.nlm.nih.gov/genomes/all/GCF/030/715/095/GCF_030715095.1_ASM3071509v1,9,1282.6001.fna,GCF_030715095.1_ASM3071509v1_genomic.fna, 2714462, 2714462,1282.6001.fna_vs_GCF_030715095.1_ASM3071509v1_genomic.fna_blast.xml,0,0,0,0,0,0,0,0,2714462,0,0,0,0,0,0,1282_subject_array_1739826375.bin
28390,1283284,BRL6-1,1283284.3,9,https://ftp.ncbi.nlm.nih.gov/genomes/all/GCF/000/527/035/GCF_000527035.1_ASM52703v1,9,1283284.3.fna,GCF_000527035.1_ASM52703v1_genomic.fna, 3632236, 3632236,1283284.3.fna_vs_GCF_000527035.1_ASM52703v1_genomic.fna_blast.xml,0,0,0,0,0,0,0,0,3632236,0,0,0,0,0,0,1283284_subject_array_1739826377.bin
28821,1288,KG4-11,1288.391,9,https://ftp.ncbi.nlm.nih.gov/genomes/all/GCF/033/597/865/GCF_033597865.1_ASM3359786v1,9,1288.391.fna,GCF_033597865.1_ASM3359786v1_genomic.fna, 2876572, 2876572,1288.391.fna_vs_GCF_033597865.1_ASM3359786v1_genomic.fna_blast.xml,0,0,0,0,0,0,0,0,2876572,0,0,0,0,0,0,1288_subject_array_1739826378.bin
29434,1292,GD01,1292.166,9,https://ftp.ncbi.nlm.nih.gov/genomes/all/GCF/007/833/855/GCF_007833855.1_ASM783385v1,9,1292.166.fna,GCF_007833855.1_ASM783385v1_genomic.fna, 2544623, 2544623,1292.166.fna_vs_GCF_007833855.1_ASM783385v1_genomic.fna_blast.xml,0,0,0,0,0,0,0,0,2544623,0,0,0,0,0,0,1292_subject_array_1739826379.bin
29633,1293441,DSM 25560,1293441.3,9,https://ftp.ncbi.nlm.nih.gov/genomes/all/GCF/001/278/945/GCF_001278945.1_ASM127894v1,9,1293441.3.fna,GCF_001278945.1_ASM127894v1_genomic.fna, 4100313, 4100313,1293441.3.fna_vs_GCF_001278945.1_ASM127894v1_genomic.fna_blast.xml,0,0,0,0,0,0,0,11581,4088724,0,0,0,8,0,0,1293441_subject_array_1739826381.bin
29789,1295751,TKK_02_0035,1295751.3,9,https://ftp.ncbi.nlm.nih.gov/genomes/all/GCF/000/659/485/GCF_000659485.1_Myco_tube_TKK_02_0035_V1,9,1295751.3.fna,GCF_000659485.1_Myco_tube_TKK_02_0035_V1_genomic.fna, 4397166, 4402839,1295751.3.fna_vs_GCF_000659485.1_Myco_tube_TKK_02_0035_V1_genomic.fna_blast.xml,0,0,0,0,0,0,0,5543,4397238,0,30,12,16,0,0,1295751_subject_array_1739826383.bin
29794,1295759,TKK_02_0043,1295759.3,9,https://ftp.ncbi.nlm.nih.gov/genomes/all/GCF/000/659/585/GCF_000659585.1_Myco_tube_TKK_02_0043_V1,9,1295759.3.fna,GCF_000659585.1_Myco_tube_TKK_02_0043_V1_genomic.fna, 4411213, 4411263,1295759.3.fna_vs_GCF_000659585.1_Myco_tube_TKK_02_0043_V1_genomic.fna_blast.xml,0,0,0,0,0,0,0,0,4411213,0,50,0,0,0,0,1295759_subject_array_1739826385.bin
29805,1295774,TKK_02_0058,1295774.3,9,https://ftp.ncbi.nlm.nih.gov/genomes/all/GCF/000/659/805/GCF_000659805.1_Myco_tube_TKK_02_0058_V1,9,1295774.3.fna,GCF_000659805.1_Myco_tube_TKK_02_0058_V1_genomic.fna, 4403549, 4415099,1295774.3.fna_vs_GCF_000659805.1_Myco_tube_TKK_02_0058_V1_genomic.fna_blast.xml,0,0,0,0,0,0,0,11523,4403556,0,20,0,0,0,0,1295774_subject_array_1739826387.bin
30460,129985,Marseille-P1092,129985.3,9,https://ftp.ncbi.nlm.nih.gov/genomes/all/GCF/900/166/585/GCF_900166585.1_PRJEB19410,9,129985.3.fna,GCF_900166585.1_PRJEB19410_genomic.fna, 4626523, 4626523,129985.3.fna_vs_GCF_900166585.1_PRJEB19410_genomic.fna_blast.xml,0,0,0,0,0,0,0,0,4626500,0,15,2,5,0,1,129985_subject_array_1739826390.bin
30469,1300039,SEMIA 431,1300039.6,9,https://ftp.ncbi.nlm.nih.gov/genomes/all/GCF/024/809/475/GCF_024809475.1_ASM2480947v1,9,1300039.6.fna,GCF_024809475.1_ASM2480947v1_genomic.fna, 8006841, 8006841,1300039.6.fna_vs_GCF_024809475.1_ASM2480947v1_genomic.fna_blast.xml,0,0,0,0,0,0,0,99,8006742,0,0,0,0,0,0,1300039_subject_array_1739826393.bin
30496,1300350,KCTC 12864,1300350.3,9,https://ftp.ncbi.nlm.nih.gov/genomes/all/GCF/000/622/405/GCF_000622405.1_12864_draft,9,1300350.3.fna,GCF_000622405.1_12864_draft_genomic.fna, 3540159, 3540159,1300350.3.fna_vs_GCF_000622405.1_12864_draft_genomic.fna_blast.xml,0,0,0,0,0,0,0,0,3540159,0,0,0,0,0,0,1300350_subject_array_1739826395.bin
30516,1302,38,1302.523,9,https://ftp.ncbi.nlm.nih.gov/genomes/all/GCF/019/929/945/GCF_019929945.1_ASM1992994v1,9,1302.523.fna,GCF_019929945.1_ASM1992994v1_genomic.fna, 2164419, 2164419,1302.523.fna_vs_GCF_019929945.1_ASM1992994v1_genomic.fna_blast.xml,0,0,0,0,0,0,0,0,2164419,0,0,0,0,0,0,1302_subject_array_1739826396.bin
30642,1303,1001095IJ_161003_A5,1303.910,9,https://ftp.ncbi.nlm.nih.gov/genomes/all/GCF/015/561/235/GCF_015561235.1_ASM1556123v1,9,1303.910.fna,GCF_015561235.1_ASM1556123v1_genomic.fna, 1909643, 1909643,1303.910.fna_vs_GCF_015561235.1_ASM1556123v1_genomic.fna_blast.xml,0,0,0,0,0,0,0,393,1909250,0,0,0,0,0,0,1303_subject_array_1739826396.bin
30662,1303,A12046408,1303.1123,9,https://ftp.ncbi.nlm.nih.gov/genomes/all/GCF/026/782/545/GCF_026782545.1_ASM2678254v1,9,1303.1123.fna,GCF_026782545.1_ASM2678254v1_genomic.fna, 1867867, 1867867,1303.1123.fna_vs_GCF_026782545.1_ASM2678254v1_genomic.fna_blast.xml,0,0,0,0,0,0,0,207,1867660,0,0,0,0,0,0,1303_subject_array_1739826397.bin
30670,1303,A15000254,1303.1115,9,https://ftp.ncbi.nlm.nih.gov/genomes/all/GCF/026/782/375/GCF_026782375.1_ASM2678237v1,9,1303.1115.fna,GCF_026782375.1_ASM2678237v1_genomic.fna, 1818739, 1818739,1303.1115.fna_vs_GCF_026782375.1_ASM2678237v1_genomic.fna_blast.xml,0,0,0,0,0,0,0,145,1818582,0,0,0,12,0,0,1303_subject_array_1739826398.bin
30674,1303,A16000180,1303.1112,9,https://ftp.ncbi.nlm.nih.gov/genomes/all/GCF/026/782/305/GCF_026782305.1_ASM2678230v1,9,1303.1112.fna,GCF_026782305.1_ASM2678230v1_genomic.fna, 1955342, 1955342,1303.1112.fna_vs_GCF_026782305.1_ASM2678230v1_genomic.fna_blast.xml,0,0,0,0,0,0,0,203,1955137,0,0,0,2,0,0,1303_subject_array_1739826399.bin
30716,1303,D6t1_180914_D8,1303.1202,9,https://ftp.ncbi.nlm.nih.gov/genomes/all/GCF/015/548/965/GCF_015548965.1_ASM1554896v1,9,1303.1202.fna,GCF_015548965.1_ASM1554896v1_genomic.fna, 1974383, 1974383,1303.1202.fna_vs_GCF_015548965.1_ASM1554896v1_genomic.fna_blast.xml,0,0,0,0,0,0,0,876,1973507,0,0,0,0,0,0,1303_subject_array_1739826400.bin
30748,1303,K16259064,1303.1101,9,https://ftp.ncbi.nlm.nih.gov/genomes/all/GCF/026/782/085/GCF_026782085.1_ASM2678208v1,9,1303.1101.fna,GCF_026782085.1_ASM2678208v1_genomic.fna, 2059438, 2059438,1303.1101.fna_vs_GCF_026782085.1_ASM2678208v1_genomic.fna_blast.xml,0,0,0,0,0,0,0,95,2059343,0,0,0,0,0,0,1303_subject_array_1739826401.bin
30798,1303590,BI-1.1,1303590.4,9,https://ftp.ncbi.nlm.nih.gov/genomes/all/GCF/003/515/805/GCF_003515805.1_ASM351580v1,9,1303590.4.fna,GCF_003515805.1_ASM351580v1_genomic.fna, 1903140, 1903140,1303590.4.fna_vs_GCF_003515805.1_ASM351580v1_genomic.fna_blast.xml,0,0,0,0,0,0,0,0,1903140,0,0,0,0,0,0,1303590_subject_array_1739826402.bin
31026,1304882,A5-1,1304882.4,9,https://ftp.ncbi.nlm.nih.gov/genomes/all/GCF/000/744/095/GCF_000744095.1_ASM74409v1,9,1304882.4.fna,GCF_000744095.1_ASM74409v1_genomic.fna, 9741376, 9741376,1304882.4.fna_vs_GCF_000744095.1_ASM74409v1_genomic.fna_blast.xml,0,0,0,0,0,0,0,0,9741376,0,0,0,0,0,0,1304882_subject_array_1739826406.bin
31175,1305835,JG-3,1305835.3,9,https://ftp.ncbi.nlm.nih.gov/genomes/all/GCF/000/482/405/GCF_000482405.1_ASM48240v1,9,1305835.3.fna,GCF_000482405.1_ASM48240v1_genomic.fna, 5274843, 5286918,1305835.3.fna_vs_GCF_000482405.1_ASM48240v1_genomic.fna_blast.xml,0,0,0,0,0,0,0,12066,5274852,0,0,0,0,0,0,1305835_subject_array_1739826409.bin
33631,1309,02BDb3,1309.705,9,https://ftp.ncbi.nlm.nih.gov/genomes/all/GCF/032/380/515/GCF_032380515.1_ASM3238051v1,9,1309.705.fna,GCF_032380515.1_ASM3238051v1_genomic.fna, 2005653, 2005653,1309.705.fna_vs_GCF_032380515.1_ASM3238051v1_genomic.fna_blast.xml,0,0,0,0,0,0,0,0,2005653,0,0,0,0,0,0,1309_subject_array_1739826410.bin
33684,1309,35DFb1,1309.666,9,https://ftp.ncbi.nlm.nih.gov/genomes/all/GCF/032/378/815/GCF_032378815.1_ASM3237881v1,9,1309.666.fna,GCF_032378815.1_ASM3237881v1_genomic.fna, 1971035, 1971035,1309.666.fna_vs_GCF_032378815.1_ASM3237881v1_genomic.fna_blast.xml,0,0,0,0,0,0,0,0,1971035,0,0,0,0,0,0,1309_subject_array_1739826411.bin
33936,1310421,CECT 8288,1310421.3,9,https://ftp.ncbi.nlm.nih.gov/genomes/all/GCF/030/409/715/GCF_030409715.1_ASM3040971v1,9,1310421.3.fna,GCF_030409715.1_ASM3040971v1_genomic.fna, 3753544, 3753544,1310421.3.fna_vs_GCF_030409715.1_ASM3040971v1_genomic.fna_blast.xml,0,0,0,0,0,0,0,0,3753544,0,0,0,0,0,0,1310421_subject_array_1739826412.bin
34705,1311,DE-NI-012,1311.365,9,https://ftp.ncbi.nlm.nih.gov/genomes/all/GCF/001/348/815/GCF_001348815.1_6630_6_18,9,1311.365.fna,GCF_001348815.1_6630_6_18_genomic.fna, 2108481, 2108481,1311.365.fna_vs_GCF_001348815.1_6630_6_18_genomic.fna_blast.xml,0,0,0,0,0,0,0,52,2108429,0,0,0,0,0,0,1311_subject_array_1739826413.bin
34847,1311,G9,1311.4011,9,https://ftp.ncbi.nlm.nih.gov/genomes/all/GCF/019/794/635/GCF_019794635.1_ASM1979463v1,9,1311.4011.fna,GCF_019794635.1_ASM1979463v1_genomic.fna, 2233912, 2233912,1311.4011.fna_vs_GCF_019794635.1_ASM1979463v1_genomic.fna_blast.xml,0,0,0,0,0,0,0,0,2233912,0,0,0,0,0,0,1311_subject_array_1739826414.bin
35105,1311,NCTC9828,1311.1756,9,https://ftp.ncbi.nlm.nih.gov/genomes/all/GCF/900/459/155/GCF_900459155.1_42685_D01,9,1311.1756.fna,GCF_900459155.1_42685_D01_genomic.fna, 2375158, 2375158,1311.1756.fna_vs_GCF_900459155.1_42685_D01_genomic.fna_blast.xml,0,0,0,0,0,0,0,0,2375157,0,1,0,0,0,0,1311_subject_array_1739826415.bin
35270,1311,SG2,1311.1909,9,https://ftp.ncbi.nlm.nih.gov/genomes/all/GCF/003/992/555/GCF_003992555.1_ASM399255v1,9,1311.1909.fna,GCF_003992555.1_ASM399255v1_genomic.fna, 1941504, 1941504,1311.1909.fna_vs_GCF_003992555.1_ASM399255v1_genomic.fna_blast.xml,0,0,0,0,0,0,0,0,1941504,0,0,0,0,0,0,1311_subject_array_1739826416.bin
37997,1313,PZ900700882,1313.43437,9,https://ftp.ncbi.nlm.nih.gov/genomes/all/GCF/027/923/425/GCF_027923425.1_ASM2792342v1,9,1313.43437.fna,GCF_027923425.1_ASM2792342v1_genomic.fna, 1977270, 2061214,1313.43437.fna_vs_GCF_027923425.1_ASM2792342v1_genomic.fna_blast.xml,0,0,0,0,0,0,8,81857,1978672,0,8,87,582,0,0,1313_subject_array_1739826417.bin
42295,1314,20110V1I1,1314.2067,9,https://ftp.ncbi.nlm.nih.gov/genomes/all/GCF/900/992/955/GCF_900992955.1_8113_6_34,9,1314.2067.fna,GCF_900992955.1_8113_6_34_genomic.fna, 1726004, 1726004,1314.2067.fna_vs_GCF_900992955.1_8113_6_34_genomic.fna_blast.xml,0,0,0,0,0,0,0,0,1726004,0,0,0,0,0,0,1314_subject_array_1739826418.bin
42316,1314,30109V1T1,1314.2087,9,https://ftp.ncbi.nlm.nih.gov/genomes/all/GCF/900/993/155/GCF_900993155.1_8113_6_54,9,1314.2087.fna,GCF_900993155.1_8113_6_54_genomic.fna, 1740158, 1740158,1314.2087.fna_vs_GCF_900993155.1_8113_6_54_genomic.fna_blast.xml,0,0,0,0,0,0,0,0,1740158,0,0,0,0,0,0,1314_subject_array_1739826419.bin
42317,1314,30124V1T1,1314.2089,9,https://ftp.ncbi.nlm.nih.gov/genomes/all/GCF/900/993/175/GCF_900993175.1_8113_6_55,9,1314.2089.fna,GCF_900993175.1_8113_6_55_genomic.fna, 1741274, 1741274,1314.2089.fna_vs_GCF_900993175.1_8113_6_55_genomic.fna_blast.xml,0,0,0,0,0,0,0,0,1741274,0,0,0,0,0,0,1314_subject_array_1739826420.bin
42328,1314,31004V4S1,1314.1538,9,https://ftp.ncbi.nlm.nih.gov/genomes/all/GCF/900/987/585/GCF_900987585.1_9262_7_47,9,1314.1538.fna,GCF_900987585.1_9262_7_47_genomic.fna, 1672206, 1672206,1314.1538.fna_vs_GCF_900987585.1_9262_7_47_genomic.fna_blast.xml,0,0,0,0,0,0,0,55,1672151,0,0,0,0,0,0,1314_subject_array_1739826420.bin
42420,1314,31111V1S1,1314.1419,9,https://ftp.ncbi.nlm.nih.gov/genomes/all/GCF/900/986/395/GCF_900986395.1_9262_5_25,9,1314.1419.fna,GCF_900986395.1_9262_5_25_genomic.fna, 1714508, 1714508,1314.1419.fna_vs_GCF_900986395.1_9262_5_25_genomic.fna_blast.xml,0,0,0,0,0,0,0,0,1714508,0,0,0,0,0,0,1314_subject_array_1739826421.bin
42462,1314,31150V1S1,1314.1428,9,https://ftp.ncbi.nlm.nih.gov/genomes/all/GCF/900/986/485/GCF_900986485.1_9262_5_34,9,1314.1428.fna,GCF_900986485.1_9262_5_34_genomic.fna, 1702461, 1702461,1314.1428.fna_vs_GCF_900986485.1_9262_5_34_genomic.fna_blast.xml,0,0,0,0,0,0,0,0,1702461,0,0,0,0,0,0,1314_subject_array_1739826422.bin
42480,1314,31165V1S1,1314.1430,9,https://ftp.ncbi.nlm.nih.gov/genomes/all/GCF/900/986/505/GCF_900986505.1_9262_5_36,9,1314.1430.fna,GCF_900986505.1_9262_5_36_genomic.fna, 1805964, 1805964,1314.1430.fna_vs_GCF_900986505.1_9262_5_36_genomic.fna_blast.xml,0,0,0,0,0,0,0,0,1805964,0,0,0,0,0,0,1314_subject_array_1739826423.bin
42485,1314,31167V1S1,1314.1431,9,https://ftp.ncbi.nlm.nih.gov/genomes/all/GCF/900/986/515/GCF_900986515.1_9262_5_37,9,1314.1431.fna,GCF_900986515.1_9262_5_37_genomic.fna, 1737222, 1737222,1314.1431.fna_vs_GCF_900986515.1_9262_5_37_genomic.fna_blast.xml,0,0,0,0,0,0,0,0,1737222,0,0,0,0,0,0,1314_subject_array_1739826423.bin
42509,1314,33048V1S1,1314.1439,9,https://ftp.ncbi.nlm.nih.gov/genomes/all/GCF/900/986/595/GCF_900986595.1_9262_5_46,9,1314.1439.fna,GCF_900986595.1_9262_5_46_genomic.fna, 1805395, 1805395,1314.1439.fna_vs_GCF_900986595.1_9262_5_46_genomic.fna_blast.xml,0,0,0,0,0,0,0,0,1805395,0,0,0,0,0,0,1314_subject_array_1739826424.bin
42566,1314,33190V2S1,1314.1475,9,https://ftp.ncbi.nlm.nih.gov/genomes/all/GCF/900/986/955/GCF_900986955.1_9262_5_79,9,1314.1475.fna,GCF_900986955.1_9262_5_79_genomic.fna, 1753696, 1753696,1314.1475.fna_vs_GCF_900986955.1_9262_5_79_genomic.fna_blast.xml,0,0,0,0,0,0,0,0,1753696,0,0,0,0,0,0,1314_subject_array_1739826426.bin
42650,1314,A993,1314.1136,9,https://ftp.ncbi.nlm.nih.gov/genomes/all/GCF/900/983/555/GCF_900983555.1_19944_6_149,9,1314.1136.fna,GCF_900983555.1_19944_6_149_genomic.fna, 1755603, 1755603,1314.1136.fna_vs_GCF_900983555.1_19944_6_149_genomic.fna_blast.xml,0,0,0,0,0,0,0,0,1755603,0,0,0,0,0,0,1314_subject_array_1739826427.bin
42688,1314,Bel006,1314.1271,9,https://ftp.ncbi.nlm.nih.gov/genomes/all/GCF/900/984/915/GCF_900984915.1_19944_7_40,9,1314.1271.fna,GCF_900984915.1_19944_7_40_genomic.fna, 1725133, 1725133,1314.1271.fna_vs_GCF_900984915.1_19944_7_40_genomic.fna_blast.xml,0,0,0,0,0,0,0,0,1725133,0,0,0,0,0,0,1314_subject_array_1739826427.bin
42978,1314,GAS12107,1314.1244,9,https://ftp.ncbi.nlm.nih.gov/genomes/all/GCF/900/984/645/GCF_900984645.1_19944_7_177,9,1314.1244.fna,GCF_900984645.1_19944_7_177_genomic.fna, 1746380, 1746380,1314.1244.fna_vs_GCF_900984645.1_19944_7_177_genomic.fna_blast.xml,0,0,0,0,0,0,0,0,1746380,0,0,0,0,0,0,1314_subject_array_1739826428.bin
43002,1314,GAS12274,1314.2239,9,https://ftp.ncbi.nlm.nih.gov/genomes/all/GCF/900/994/665/GCF_900994665.1_19944_8_38,9,1314.2239.fna,GCF_900994665.1_19944_8_38_genomic.fna, 1746449, 1746449,1314.2239.fna_vs_GCF_900994665.1_19944_8_38_genomic.fna_blast.xml,0,0,0,0,0,0,0,0,1746449,0,0,0,0,0,0,1314_subject_array_1739826429.bin
43009,1314,GAS12411,1314.2281,9,https://ftp.ncbi.nlm.nih.gov/genomes/all/GCF/900/995/095/GCF_900995095.1_19944_8_77,9,1314.2281.fna,GCF_900995095.1_19944_8_77_genomic.fna, 1746572, 1746572,1314.2281.fna_vs_GCF_900995095.1_19944_8_77_genomic.fna_blast.xml,0,0,0,0,0,0,0,0,1746572,0,0,0,0,0,0,1314_subject_array_1739826430.bin
43015,1314,GAS1291,1314.2196,9,https://ftp.ncbi.nlm.nih.gov/genomes/all/GCF/900/994/245/GCF_900994245.1_19944_8_16,9,1314.2196.fna,GCF_900994245.1_19944_8_16_genomic.fna, 1779463, 1779463,1314.2196.fna_vs_GCF_900994245.1_19944_8_16_genomic.fna_blast.xml,0,0,0,0,0,0,0,113,1779350,0,0,0,0,0,0,1314_subject_array_1739826431.bin
43087,1314,GAS14266,1314.1308,9,https://ftp.ncbi.nlm.nih.gov/genomes/all/GCF/900/985/285/GCF_900985285.1_19944_7_80,9,1314.1308.fna,GCF_900985285.1_19944_7_80_genomic.fna, 1757539, 1757539,1314.1308.fna_vs_GCF_900985285.1_19944_7_80_genomic.fna_blast.xml,0,0,0,0,0,0,0,0,1757539,0,0,0,0,0,0,1314_subject_array_1739826432.bin
43364,1314,K12363,1314.1065,9,https://ftp.ncbi.nlm.nih.gov/genomes/all/GCF/900/982/855/GCF_900982855.1_11791_7_85,9,1314.1065.fna,GCF_900982855.1_11791_7_85_genomic.fna, 1800045, 1800045,1314.1065.fna_vs_GCF_900982855.1_11791_7_85_genomic.fna_blast.xml,0,0,0,0,0,0,0,844,1799187,0,0,0,14,0,0,1314_subject_array_1739826433.bin
43366,1314,K12452,1314.1063,9,https://ftp.ncbi.nlm.nih.gov/genomes/all/GCF/900/982/835/GCF_900982835.1_11791_7_86,9,1314.1063.fna,GCF_900982835.1_11791_7_86_genomic.fna, 1743128, 1743128,1314.1063.fna_vs_GCF_900982835.1_11791_7_86_genomic.fna_blast.xml,0,0,0,0,0,0,0,1172,1741956,0,0,0,0,0,0,1314_subject_array_1739826434.bin
43380,1314,K13484,1314.1342,9,https://ftp.ncbi.nlm.nih.gov/genomes/all/GCF/900/985/625/GCF_900985625.1_8898_3_3,9,1314.1342.fna,GCF_900985625.1_8898_3_3_genomic.fna, 1790472, 1790472,1314.1342.fna_vs_GCF_900985625.1_8898_3_3_genomic.fna_blast.xml,0,0,0,0,0,0,0,0,1790472,0,0,0,0,0,0,1314_subject_array_1739826434.bin
43391,1314,K16849,1314.1067,9,https://ftp.ncbi.nlm.nih.gov/genomes/all/GCF/900/982/875/GCF_900982875.1_11791_7_89,9,1314.1067.fna,GCF_900982875.1_11791_7_89_genomic.fna, 1757879, 1757879,1314.1067.fna_vs_GCF_900982875.1_11791_7_89_genomic.fna_blast.xml,0,0,0,0,0,0,0,927,1756952,0,0,0,0,0,0,1314_subject_array_1739826435.bin
43392,1314,K16898,1314.1725,9,https://ftp.ncbi.nlm.nih.gov/genomes/all/GCF/900/989/525/GCF_900989525.1_8849_2_89,9,1314.1725.fna,GCF_900989525.1_8849_2_89_genomic.fna, 1738855, 1738855,1314.1725.fna_vs_GCF_900989525.1_8849_2_89_genomic.fna_blast.xml,0,0,0,0,0,0,0,0,1738855,0,0,0,0,0,0,1314_subject_array_1739826436.bin
43464,1314,K31539,1314.1757,9,https://ftp.ncbi.nlm.nih.gov/genomes/all/GCF/900/989/845/GCF_900989845.1_8898_1_40,9,1314.1757.fna,GCF_900989845.1_8898_1_40_genomic.fna, 1759120, 1759120,1314.1757.fna_vs_GCF_900989845.1_8898_1_40_genomic.fna_blast.xml,0,0,0,0,0,0,0,0,1759120,0,0,0,0,0,0,1314_subject_array_1739826437.bin
43884,1314,NS3523,1314.1936,9,https://ftp.ncbi.nlm.nih.gov/genomes/all/GCF/900/991/645/GCF_900991645.1_7368_7_2,9,1314.1936.fna,GCF_900991645.1_7368_7_2_genomic.fna, 1745385, 1745385,1314.1936.fna_vs_GCF_900991645.1_7368_7_2_genomic.fna_blast.xml,0,0,0,0,0,0,0,0,1745385,0,0,0,0,0,0,1314_subject_array_1739826438.bin
43922,1314,NS495,1314.2366,9,https://ftp.ncbi.nlm.nih.gov/genomes/all/GCF/900/995/945/GCF_900995945.1_5749_2_2,9,1314.2366.fna,GCF_900995945.1_5749_2_2_genomic.fna, 1750811, 1750811,1314.2366.fna_vs_GCF_900995945.1_5749_2_2_genomic.fna_blast.xml,0,0,0,0,0,0,0,0,1750811,0,0,0,0,0,0,1314_subject_array_1739826439.bin
44009,1314,NS7158,1314.2004,9,https://ftp.ncbi.nlm.nih.gov/genomes/all/GCF/900/992/325/GCF_900992325.1_7368_8_80,9,1314.2004.fna,GCF_900992325.1_7368_8_80_genomic.fna, 1741610, 1741610,1314.2004.fna_vs_GCF_900992325.1_7368_8_80_genomic.fna_blast.xml,0,0,0,0,0,0,0,0,1741610,0,0,0,0,0,0,1314_subject_array_1739826440.bin
44010,1314,NS7160,1314.2003,9,https://ftp.ncbi.nlm.nih.gov/genomes/all/GCF/900/992/315/GCF_900992315.1_7368_8_81,9,1314.2003.fna,GCF_900992315.1_7368_8_81_genomic.fna, 1733447, 1733447,1314.2003.fna_vs_GCF_900992315.1_7368_8_81_genomic.fna_blast.xml,0,0,0,0,0,0,0,0,1733447,0,0,0,0,0,0,1314_subject_array_1739826440.bin
44019,1314,NS733,1314.2374,9,https://ftp.ncbi.nlm.nih.gov/genomes/all/GCF/900/996/025/GCF_900996025.1_5749_3_10,9,1314.2374.fna,GCF_900996025.1_5749_3_10_genomic.fna, 1750873, 1750873,1314.2374.fna_vs_GCF_900996025.1_5749_3_10_genomic.fna_blast.xml,0,0,0,0,0,0,0,0,1750873,0,0,0,0,0,0,1314_subject_array_1739826441.bin
44021,1314,NS755,1314.2373,9,https://ftp.ncbi.nlm.nih.gov/genomes/all/GCF/900/996/015/GCF_900996015.1_5749_3_12,9,1314.2373.fna,GCF_900996015.1_5749_3_12_genomic.fna, 1750302, 1750302,1314.2373.fna_vs_GCF_900996015.1_5749_3_12_genomic.fna_blast.xml,0,0,0,0,0,0,0,0,1750302,0,0,0,0,0,0,1314_subject_array_1739826442.bin
44239,1314,patientH,1314.2018,9,https://ftp.ncbi.nlm.nih.gov/genomes/all/GCF/900/992/465/GCF_900992465.1_7368_8_94,9,1314.2018.fna,GCF_900992465.1_7368_8_94_genomic.fna, 1822500, 1822500,1314.2018.fna_vs_GCF_900992465.1_7368_8_94_genomic.fna_blast.xml,0,0,0,0,0,0,0,0,1822500,0,0,0,0,0,0,1314_subject_array_1739826443.bin
44627,1323740,CGMCC 1.12481,1323740.5,9,https://ftp.ncbi.nlm.nih.gov/genomes/all/GCF/014/637/865/GCF_014637865.1_ASM1463786v1,9,1323740.5.fna,GCF_014637865.1_ASM1463786v1_genomic.fna, 3887149, 3887149,1323740.5.fna_vs_GCF_014637865.1_ASM1463786v1_genomic.fna_blast.xml,0,0,0,0,0,0,0,290,3886859,0,0,0,0,0,0,1323740_subject_array_1739826445.bin
44703,1324283,TKK-01-0075,1324283.3,9,https://ftp.ncbi.nlm.nih.gov/genomes/all/GCF/000/661/505/GCF_000661505.1_Myco_tube_TKK-01-0075_V1,9,1324283.3.fna,GCF_000661505.1_Myco_tube_TKK-01-0075_V1_genomic.fna, 4399414, 4402940,1324283.3.fna_vs_GCF_000661505.1_Myco_tube_TKK-01-0075_V1_genomic.fna_blast.xml,0,0,0,0,0,0,0,3489,4399414,0,30,0,7,0,0,1324283_subject_array_1739826447.bin
44892,1328,A12032580,1328.461,9,https://ftp.ncbi.nlm.nih.gov/genomes/all/GCF/026/784/015/GCF_026784015.1_ASM2678401v1,9,1328.461.fna,GCF_026784015.1_ASM2678401v1_genomic.fna, 1839651, 1839651,1328.461.fna_vs_GCF_026784015.1_ASM2678401v1_genomic.fna_blast.xml,0,0,0,0,0,0,0,0,1839651,0,0,0,0,0,0,1328_subject_array_1739826447.bin
45287,1329834,MGH 38,1329834.3,9,https://ftp.ncbi.nlm.nih.gov/genomes/all/GCF/000/492/855/GCF_000492855.1_Ente_cloa_complex_MGH_38_V1,9,1329834.3.fna,GCF_000492855.1_Ente_cloa_complex_MGH_38_V1_genomic.fna, 4553466, 4556185,1329834.3.fna_vs_GCF_000492855.1_Ente_cloa_complex_MGH_38_V1_genomic.fna_blast.xml,0,0,0,0,0,0,0,2680,4553470,0,30,0,5,0,0,1329834_subject_array_1739826449.bin
45292,1329839,BIDMC 27,1329839.3,9,https://ftp.ncbi.nlm.nih.gov/genomes/all/GCF/000/534/415/GCF_000534415.1_Ente_cloa_complex_BIDMC_27_V1,9,1329839.3.fna,GCF_000534415.1_Ente_cloa_complex_BIDMC_27_V1_genomic.fna, 4837773, 4838734,1329839.3.fna_vs_GCF_000534415.1_Ente_cloa_complex_BIDMC_27_V1_genomic.fna_blast.xml,0,0,0,0,0,0,0,954,4837780,0,0,0,0,0,0,1329839_subject_array_1739826451.bin
45321,1330460,SA5211,1330460.3,9,https://ftp.ncbi.nlm.nih.gov/genomes/all/GCF/031/753/545/GCF_031753545.1_ASM3175354v1,9,1330460.3.fna,GCF_031753545.1_ASM3175354v1_genomic.fna, 2867429, 2867429,1330460.3.fna_vs_GCF_031753545.1_ASM3175354v1_genomic.fna_blast.xml,0,0,0,0,0,0,0,0,2867429,0,0,0,0,0,0,1330460_subject_array_1739826453.bin
45323,1330462,SA9080,1330462.3,9,https://ftp.ncbi.nlm.nih.gov/genomes/all/GCF/031/753/565/GCF_031753565.1_ASM3175356v1,9,1330462.3.fna,GCF_031753565.1_ASM3175356v1_genomic.fna, 2904129, 2904129,1330462.3.fna_vs_GCF_031753565.1_ASM3175356v1_genomic.fna_blast.xml,0,0,0,0,0,0,0,0,2904129,0,0,0,0,0,0,1330462_subject_array_1739826454.bin
45449,1332080,DE-13,1332080.5,9,https://ftp.ncbi.nlm.nih.gov/genomes/all/GCF/001/456/115/GCF_001456115.1_ASM145611v1,9,1332080.5.fna,GCF_001456115.1_ASM145611v1_genomic.fna, 4583422, 4583422,1332080.5.fna_vs_GCF_001456115.1_ASM145611v1_genomic.fna_blast.xml,0,0,0,0,0,0,0,0,4583422,0,0,0,0,0,0,1332080_subject_array_1739826456.bin
45457,1333,NCTC12277,1333.3,9,https://ftp.ncbi.nlm.nih.gov/genomes/all/GCF/900/459/215/GCF_900459215.1_44087_A02,9,1333.3.fna,GCF_900459215.1_44087_A02_genomic.fna, 2431956, 2431956,1333.3.fna_vs_GCF_900459215.1_44087_A02_genomic.fna_blast.xml,0,0,0,0,0,0,0,0,2431956,0,0,0,0,0,0,1333_subject_array_1739826457.bin
45665,1334191,BSO 464,1334191.3,9,https://ftp.ncbi.nlm.nih.gov/genomes/all/GCF/000/807/975/GCF_000807975.1_ASM80797v1,9,1334191.3.fna,GCF_000807975.1_ASM80797v1_genomic.fna, 2723202, 2723202,1334191.3.fna_vs_GCF_000807975.1_ASM80797v1_genomic.fna_blast.xml,0,0,0,0,0,0,0,9454,2713741,0,0,0,7,0,0,1334191_subject_array_1739826459.bin
45676,133448,CF10,133448.30,9,https://ftp.ncbi.nlm.nih.gov/genomes/all/GCF/024/662/035/GCF_024662035.1_ASM2466203v1,9,133448.30.fna,GCF_024662035.1_ASM2466203v1_genomic.fna, 5571375, 5571375,133448.30.fna_vs_GCF_024662035.1_ASM2466203v1_genomic.fna_blast.xml,0,0,0,0,0,0,0,0,5571374,0,0,1,0,0,0,133448_subject_array_1739826461.bin
45694,1335,APC4008,1335.228,9,https://ftp.ncbi.nlm.nih.gov/genomes/all/GCF/028/823/545/GCF_028823545.1_ASM2882354v1,9,1335.228.fna,GCF_028823545.1_ASM2882354v1_genomic.fna, 1870038, 1870038,1335.228.fna_vs_GCF_028823545.1_ASM2882354v1_genomic.fna_blast.xml,0,0,0,0,0,0,1,1,1870036,0,0,0,0,0,0,1335_subject_array_1739826462.bin
45768,1335746,M7-304,1335746.8,9,https://ftp.ncbi.nlm.nih.gov/genomes/all/GCF/019/800/625/GCF_019800625.1_ASM1980062v1,9,1335746.8.fna,GCF_019800625.1_ASM1980062v1_genomic.fna, 1890714, 1890714,1335746.8.fna_vs_GCF_019800625.1_ASM1980062v1_genomic.fna_blast.xml,0,0,0,0,0,0,0,0,1890714,0,0,0,0,0,0,1335746_subject_array_1739826463.bin
45772,1335967,KCTC 32437,1335967.3,9,https://ftp.ncbi.nlm.nih.gov/genomes/all/GCF/014/652/635/GCF_014652635.1_ASM1465263v1,9,1335967.3.fna,GCF_014652635.1_ASM1465263v1_genomic.fna, 4015906, 4015906,1335967.3.fna_vs_GCF_014652635.1_ASM1465263v1_genomic.fna_blast.xml,0,0,0,0,0,0,0,708,4015198,0,0,0,0,0,0,1335967_subject_array_1739826464.bin
46269,1343895,JC213,1343895.3,9,https://ftp.ncbi.nlm.nih.gov/genomes/all/GCF/023/630/205/GCF_023630205.1_ASM2363020v1,9,1343895.3.fna,GCF_023630205.1_ASM2363020v1_genomic.fna, 4781572, 4781572,1343895.3.fna_vs_GCF_023630205.1_ASM2363020v1_genomic.fna_blast.xml,0,0,0,0,0,0,0,0,4781572,0,0,0,0,0,0,1343895_subject_array_1739826466.bin
46570,1348,FSL S3-0563,1348.27,9,https://ftp.ncbi.nlm.nih.gov/genomes/all/GCF/003/409/055/GCF_003409055.1_ASM340905v1,9,1348.27.fna,GCF_003409055.1_ASM340905v1_genomic.fna, 2126933, 2126933,1348.27.fna_vs_GCF_003409055.1_ASM340905v1_genomic.fna_blast.xml,0,0,0,0,0,0,0,0,2126933,0,0,0,0,0,0,1348_subject_array_1739826467.bin
46734,1349,09,1349.1118,9,https://ftp.ncbi.nlm.nih.gov/genomes/all/GCF/023/504/325/GCF_023504325.1_ASM2350432v1,9,1349.1118.fna,GCF_023504325.1_ASM2350432v1_genomic.fna, 1950920, 1950920,1349.1118.fna_vs_GCF_023504325.1_ASM2350432v1_genomic.fna_blast.xml,0,0,0,0,0,0,0,500,1950420,0,0,0,0,0,0,1349_subject_array_1739826468.bin
46739,1349,14,1349.1111,9,https://ftp.ncbi.nlm.nih.gov/genomes/all/GCF/023/504/285/GCF_023504285.1_ASM2350428v1,9,1349.1111.fna,GCF_023504285.1_ASM2350428v1_genomic.fna, 1875689, 1875689,1349.1111.fna_vs_GCF_023504285.1_ASM2350428v1_genomic.fna_blast.xml,0,0,0,0,0,0,0,498,1875191,0,0,0,0,0,0,1349_subject_array_1739826469.bin
46744,1349,19,1349.1103,9,https://ftp.ncbi.nlm.nih.gov/genomes/all/GCF/023/504/165/GCF_023504165.1_ASM2350416v1,9,1349.1103.fna,GCF_023504165.1_ASM2350416v1_genomic.fna, 1876339, 1876339,1349.1103.fna_vs_GCF_023504165.1_ASM2350416v1_genomic.fna_blast.xml,0,0,0,0,0,0,0,532,1875794,0,1,12,0,0,0,1349_subject_array_1739826470.bin
46746,1349,21,1349.1102,9,https://ftp.ncbi.nlm.nih.gov/genomes/all/GCF/023/504/135/GCF_023504135.1_ASM2350413v1,9,1349.1102.fna,GCF_023504135.1_ASM2350413v1_genomic.fna, 1875591, 1875591,1349.1102.fna_vs_GCF_023504135.1_ASM2350413v1_genomic.fna_blast.xml,0,0,0,0,0,0,0,499,1875092,0,0,0,0,0,0,1349_subject_array_1739826470.bin
46748,1349,23,1349.1099,9,https://ftp.ncbi.nlm.nih.gov/genomes/all/GCF/023/504/065/GCF_023504065.1_ASM2350406v1,9,1349.1099.fna,GCF_023504065.1_ASM2350406v1_genomic.fna, 1884146, 1884146,1349.1099.fna_vs_GCF_023504065.1_ASM2350406v1_genomic.fna_blast.xml,0,0,0,0,0,0,0,200,1883946,0,0,0,0,0,0,1349_subject_array_1739826471.bin
46869,1349819,AU20,1349819.3,9,https://ftp.ncbi.nlm.nih.gov/genomes/all/GCF/001/442/755/GCF_001442755.1_ASM144275v1,9,1349819.3.fna,GCF_001442755.1_ASM144275v1_genomic.fna, 5210858, 5210858,1349819.3.fna_vs_GCF_001442755.1_ASM144275v1_genomic.fna_blast.xml,0,0,0,0,0,0,0,0,5210858,0,0,0,0,0,0,1349819_subject_array_1739826473.bin
46924,1351,1001713st1_B3_2217SCRN_200827,1351.7972,9,https://ftp.ncbi.nlm.nih.gov/genomes/all/GCF/028/208/335/GCF_028208335.1_ASM2820833v1,9,1351.7972.fna,GCF_028208335.1_ASM2820833v1_genomic.fna, 1556385, 2676055,1351.7972.fna_vs_GCF_028208335.1_ASM2820833v1_genomic.fna_blast.xml,0,0,25,13,0,0,40,1114654,1558695,0,60,552,1977,0,39,1351_subject_array_1739826474.bin
47294,1351,4928STDY7071366,1351.2144,9,https://ftp.ncbi.nlm.nih.gov/genomes/all/GCF/902/159/895/GCF_902159895.1_25426_7_127,9,1351.2144.fna,GCF_902159895.1_25426_7_127_genomic.fna, 2697363, 2697363,1351.2144.fna_vs_GCF_902159895.1_25426_7_127_genomic.fna_blast.xml,0,0,0,0,0,0,0,135,2697227,0,0,1,0,0,0,1351_subject_array_1739826475.bin
47296,1351,4928STDY7071368,1351.2147,9,https://ftp.ncbi.nlm.nih.gov/genomes/all/GCF/902/159/945/GCF_902159945.1_25426_7_129,9,1351.2147.fna,GCF_902159945.1_25426_7_129_genomic.fna, 2697929, 2697929,1351.2147.fna_vs_GCF_902159945.1_25426_7_129_genomic.fna_blast.xml,0,0,0,0,0,0,0,149,2697779,0,0,1,0,0,0,1351_subject_array_1739826476.bin
47422,1351,4928STDY7071698,1351.2278,9,https://ftp.ncbi.nlm.nih.gov/genomes/all/GCF/902/163/365/GCF_902163365.1_25964_2_117,9,1351.2278.fna,GCF_902163365.1_25964_2_117_genomic.fna, 2650405, 2650405,1351.2278.fna_vs_GCF_902163365.1_25964_2_117_genomic.fna_blast.xml,0,0,0,0,0,0,0,559,2649846,0,0,0,0,0,0,1351_subject_array_1739826478.bin
47535,1351,4928STDY7387824,1351.2396,9,https://ftp.ncbi.nlm.nih.gov/genomes/all/GCF/902/165/455/GCF_902165455.1_25964_2_337,9,1351.2396.fna,GCF_902165455.1_25964_2_337_genomic.fna, 2883087, 2883087,1351.2396.fna_vs_GCF_902165455.1_25964_2_337_genomic.fna_blast.xml,0,0,0,0,0,0,0,0,2883087,0,0,0,0,0,0,1351_subject_array_1739826479.bin
47819,1351,B1532,1351.885,9,https://ftp.ncbi.nlm.nih.gov/genomes/all/GCF/003/046/985/GCF_003046985.1_ASM304698v1,9,1351.885.fna,GCF_003046985.1_ASM304698v1_genomic.fna, 3320064, 3320064,1351.885.fna_vs_GCF_003046985.1_ASM304698v1_genomic.fna_blast.xml,0,0,0,0,0,0,0,0,3320064,0,0,0,0,0,0,1351_subject_array_1739826481.bin
48005,1351,CHI16,1351.9876,9,https://ftp.ncbi.nlm.nih.gov/genomes/all/GCF/029/734/195/GCF_029734195.1_ASM2973419v1,9,1351.9876.fna,GCF_029734195.1_ASM2973419v1_genomic.fna, 2817637, 2817637,1351.9876.fna_vs_GCF_029734195.1_ASM2973419v1_genomic.fna_blast.xml,0,0,0,0,0,0,0,0,2817637,0,0,0,0,0,0,1351_subject_array_1739826482.bin
48058,1351,CHT36,1351.8219,9,https://ftp.ncbi.nlm.nih.gov/genomes/all/GCF/029/733/015/GCF_029733015.1_ASM2973301v1,9,1351.8219.fna,GCF_029733015.1_ASM2973301v1_genomic.fna, 2793854, 2793854,1351.8219.fna_vs_GCF_029733015.1_ASM2973301v1_genomic.fna_blast.xml,0,0,0,0,0,0,0,0,2793854,0,0,0,0,0,0,1351_subject_array_1739826484.bin
48972,1351,NCTC13379,1351.1231,9,https://ftp.ncbi.nlm.nih.gov/genomes/all/GCF/900/448/045/GCF_900448045.1_52121_B02,9,1351.1231.fna,GCF_900448045.1_52121_B02_genomic.fna, 3599171, 3599171,1351.1231.fna_vs_GCF_900448045.1_52121_B02_genomic.fna_blast.xml,0,0,0,0,0,0,0,0,3599170,0,1,0,0,0,0,1351_subject_array_1739826486.bin
49060,1351,OPS1,1351.6420,9,https://ftp.ncbi.nlm.nih.gov/genomes/all/GCF/022/815/325/GCF_022815325.1_ASM2281532v1,9,1351.6420.fna,GCF_022815325.1_ASM2281532v1_genomic.fna, 2716236, 2716236,1351.6420.fna_vs_GCF_022815325.1_ASM2281532v1_genomic.fna_blast.xml,0,0,0,0,0,0,0,0,2716236,0,0,0,0,0,0,1351_subject_array_1739826487.bin
49061,1351,OPS2,1351.6419,9,https://ftp.ncbi.nlm.nih.gov/genomes/all/GCF/022/815/305/GCF_022815305.1_ASM2281530v1,9,1351.6419.fna,GCF_022815305.1_ASM2281530v1_genomic.fna, 2711117, 2711117,1351.6419.fna_vs_GCF_022815305.1_ASM2281530v1_genomic.fna_blast.xml,0,0,0,0,0,0,0,0,2711117,0,0,0,0,0,0,1351_subject_array_1739826488.bin
49901,1352,10G4_DIV0391,1352.1750,9,https://ftp.ncbi.nlm.nih.gov/genomes/all/GCF/002/141/075/GCF_002141075.1_ASM214107v1,9,1352.1750.fna,GCF_002141075.1_ASM214107v1_genomic.fna, 2834619, 2834619,1352.1750.fna_vs_GCF_002141075.1_ASM214107v1_genomic.fna_blast.xml,0,0,1,0,0,0,0,102085,2732491,0,0,0,42,0,0,1352_subject_array_1739826490.bin
50137,1352,2016C07-254,1352.18414,9,https://ftp.ncbi.nlm.nih.gov/genomes/all/GCF/038/441/105/GCF_038441105.1_ASM3844110v1,9,1352.18414.fna,GCF_038441105.1_ASM3844110v1_genomic.fna, 3117753, 3117753,1352.18414.fna_vs_GCF_038441105.1_ASM3844110v1_genomic.fna_blast.xml,0,0,0,0,0,0,0,0,3117753,0,0,0,0,0,0,1352_subject_array_1739826492.bin
50138,1352,2016C08-243,1352.18413,9,https://ftp.ncbi.nlm.nih.gov/genomes/all/GCF/038/439/085/GCF_038439085.1_ASM3843908v1,9,1352.18413.fna,GCF_038439085.1_ASM3843908v1_genomic.fna, 3266308, 3266308,1352.18413.fna_vs_GCF_038439085.1_ASM3843908v1_genomic.fna_blast.xml,0,0,0,0,0,0,0,0,3266308,0,0,0,0,0,0,1352_subject_array_1739826494.bin
50199,1352,3012STDY6259389,1352.8084,9,https://ftp.ncbi.nlm.nih.gov/genomes/all/GCF/900/683/555/GCF_900683555.1_42731_A02,9,1352.8084.fna,GCF_900683555.1_42731_A02_genomic.fna, 2706921, 2706921,1352.8084.fna_vs_GCF_900683555.1_42731_A02_genomic.fna_blast.xml,0,0,0,0,0,0,0,0,2706921,0,0,0,0,0,0,1352_subject_array_1739826495.bin
50229,1352,463-AER,1352.1727,9,https://ftp.ncbi.nlm.nih.gov/genomes/all/GCF/002/119/065/GCF_002119065.1_ASM211906v1,9,1352.1727.fna,GCF_002119065.1_ASM211906v1_genomic.fna, 3145597, 3145597,1352.1727.fna_vs_GCF_002119065.1_ASM211906v1_genomic.fna_blast.xml,0,0,0,0,0,0,1,0,3145593,0,0,3,0,0,0,1352_subject_array_1739826497.bin
50333,1352,6F2_DIV0138,1352.1757,9,https://ftp.ncbi.nlm.nih.gov/genomes/all/GCF/002/141/335/GCF_002141335.1_ASM214133v1,9,1352.1757.fna,GCF_002141335.1_ASM214133v1_genomic.fna, 3020244, 3020244,1352.1757.fna_vs_GCF_002141335.1_ASM214133v1_genomic.fna_blast.xml,0,0,0,0,0,0,0,43556,2976645,0,0,3,40,0,0,1352_subject_array_1739826499.bin
50427,1352,A20,1352.3629,9,https://ftp.ncbi.nlm.nih.gov/genomes/all/GCF/003/268/205/GCF_003268205.1_ASM326820v1,9,1352.3629.fna,GCF_003268205.1_ASM326820v1_genomic.fna, 3157885, 3157885,1352.3629.fna_vs_GCF_003268205.1_ASM326820v1_genomic.fna_blast.xml,0,0,0,0,0,0,0,0,3157885,0,0,0,0,0,0,1352_subject_array_1739826501.bin
51005,1352,DRD-116,1352.14563,9,https://ftp.ncbi.nlm.nih.gov/genomes/all/GCF/023/743/455/GCF_023743455.1_ASM2374345v1,9,1352.14563.fna,GCF_023743455.1_ASM2374345v1_genomic.fna, 2792833, 2792833,1352.14563.fna_vs_GCF_023743455.1_ASM2374345v1_genomic.fna_blast.xml,0,0,0,0,0,0,0,2694,2790134,0,0,0,5,0,0,1352_subject_array_1739826503.bin
51058,1352,Dallas 161,1352.12332,9,https://ftp.ncbi.nlm.nih.gov/genomes/all/GCF/016/405/085/GCF_016405085.1_ASM1640508v1,9,1352.12332.fna,GCF_016405085.1_ASM1640508v1_genomic.fna, 3182803, 3182803,1352.12332.fna_vs_GCF_016405085.1_ASM1640508v1_genomic.fna_blast.xml,0,0,0,0,0,0,0,0,3182803,0,0,0,0,0,0,1352_subject_array_1739826506.bin
51074,1352,Dallas 66,1352.12336,9,https://ftp.ncbi.nlm.nih.gov/genomes/all/GCF/016/406/405/GCF_016406405.1_ASM1640640v1,9,1352.12336.fna,GCF_016406405.1_ASM1640640v1_genomic.fna, 3219633, 3219633,1352.12336.fna_vs_GCF_016406405.1_ASM1640640v1_genomic.fna_blast.xml,0,0,0,0,0,0,0,0,3219632,0,0,1,0,0,0,1352_subject_array_1739826508.bin
51075,1352,Dallas 71_1,1352.12434,9,https://ftp.ncbi.nlm.nih.gov/genomes/all/GCF/016/455/345/GCF_016455345.1_ASM1645534v1,9,1352.12434.fna,GCF_016455345.1_ASM1645534v1_genomic.fna, 3221277, 3221277,1352.12434.fna_vs_GCF_016455345.1_ASM1645534v1_genomic.fna_blast.xml,0,0,0,0,0,0,0,100,3221177,0,0,0,0,0,0,1352_subject_array_1739826510.bin
51078,1352,Dallas 87_1,1352.12341,9,https://ftp.ncbi.nlm.nih.gov/genomes/all/GCF/016/406/505/GCF_016406505.1_ASM1640650v1,9,1352.12341.fna,GCF_016406505.1_ASM1640650v1_genomic.fna, 3315060, 3315060,1352.12341.fna_vs_GCF_016406505.1_ASM1640650v1_genomic.fna_blast.xml,0,0,0,0,0,0,0,0,3315059,0,0,1,0,0,0,1352_subject_array_1739826512.bin
51456,1352,GENOMIC22-005,1352.15913,9,https://ftp.ncbi.nlm.nih.gov/genomes/all/GCF/029/167/665/GCF_029167665.1_ASM2916766v1,9,1352.15913.fna,GCF_029167665.1_ASM2916766v1_genomic.fna, 3234880, 3234880,1352.15913.fna_vs_GCF_029167665.1_ASM2916766v1_genomic.fna_blast.xml,0,0,0,0,0,0,0,0,3234880,0,0,0,0,0,0,1352_subject_array_1739826515.bin
51710,1352,KU-C59896,1352.16763,9,https://ftp.ncbi.nlm.nih.gov/genomes/all/GCF/031/844/805/GCF_031844805.1_ASM3184480v1,9,1352.16763.fna,GCF_031844805.1_ASM3184480v1_genomic.fna, 3250015, 3250015,1352.16763.fna_vs_GCF_031844805.1_ASM3184480v1_genomic.fna_blast.xml,0,0,0,0,0,0,0,0,3250015,0,0,0,0,0,0,1352_subject_array_1739826517.bin
52461,1352,V2937,1352.8558,9,https://ftp.ncbi.nlm.nih.gov/genomes/all/GCF/008/728/475/GCF_008728475.1_ASM872847v1,9,1352.8558.fna,GCF_008728475.1_ASM872847v1_genomic.fna, 3170487, 3170487,1352.8558.fna_vs_GCF_008728475.1_ASM872847v1_genomic.fna_blast.xml,0,0,0,0,0,0,0,0,3170487,0,0,0,0,0,0,1352_subject_array_1739826519.bin
52781,1352,VREA2,1352.12162,9,https://ftp.ncbi.nlm.nih.gov/genomes/all/GCF/015/356/315/GCF_015356315.1_ASM1535631v1,9,1352.12162.fna,GCF_015356315.1_ASM1535631v1_genomic.fna, 3475585, 3475585,1352.12162.fna_vs_GCF_015356315.1_ASM1535631v1_genomic.fna_blast.xml,0,0,281,2,0,0,0,0,3395430,0,0,42,79688,0,142,1352_subject_array_1739826522.bin
52792,1352,VRECG18,1352.8598,9,https://ftp.ncbi.nlm.nih.gov/genomes/all/GCF/009/184/265/GCF_009184265.1_ASM918426v1,9,1352.8598.fna,GCF_009184265.1_ASM918426v1_genomic.fna, 3349304, 3349304,1352.8598.fna_vs_GCF_009184265.1_ASM918426v1_genomic.fna_blast.xml,0,0,0,0,0,0,0,0,3349304,0,0,0,0,0,0,1352_subject_array_1739826524.bin
52794,1352,VRECG20,1352.8596,9,https://ftp.ncbi.nlm.nih.gov/genomes/all/GCF/009/184/235/GCF_009184235.1_ASM918423v1,9,1352.8596.fna,GCF_009184235.1_ASM918423v1_genomic.fna, 3264755, 3264755,1352.8596.fna_vs_GCF_009184235.1_ASM918423v1_genomic.fna_blast.xml,0,0,0,0,0,0,0,0,3264755,0,0,0,0,0,0,1352_subject_array_1739826526.bin
52795,1352,VRECG21,1352.8592,9,https://ftp.ncbi.nlm.nih.gov/genomes/all/GCF/009/184/155/GCF_009184155.1_ASM918415v1,9,1352.8592.fna,GCF_009184155.1_ASM918415v1_genomic.fna, 3236533, 3236533,1352.8592.fna_vs_GCF_009184155.1_ASM918415v1_genomic.fna_blast.xml,0,0,0,0,0,0,0,0,3236533,0,0,0,0,0,0,1352_subject_array_1739826529.bin
52800,1352,VRECG26,1352.8585,9,https://ftp.ncbi.nlm.nih.gov/genomes/all/GCF/009/184/015/GCF_009184015.1_ASM918401v1,9,1352.8585.fna,GCF_009184015.1_ASM918401v1_genomic.fna, 3117375, 3117375,1352.8585.fna_vs_GCF_009184015.1_ASM918401v1_genomic.fna_blast.xml,0,0,0,0,0,0,0,0,3117375,0,0,0,0,0,0,1352_subject_array_1739826530.bin
53001,1352,VVEswe-R,1352.8227,9,https://ftp.ncbi.nlm.nih.gov/genomes/all/GCF/007/917/035/GCF_007917035.2_ASM791703v3,9,1352.8227.fna,GCF_007917035.2_ASM791703v3_genomic.fna, 3263919, 3263915,1352.8227.fna_vs_GCF_007917035.2_ASM791703v3_genomic.fna_blast.xml,0,0,0,1,0,0,3,0,3263876,0,32,2,1,0,0,1352_subject_array_1739826533.bin
53261,1353,NCTC12359,1353.41,9,https://ftp.ncbi.nlm.nih.gov/genomes/all/GCF/900/447/935/GCF_900447935.1_43071_G02,9,1353.41.fna,GCF_900447935.1_43071_G02_genomic.fna, 3931773, 3931773,1353.41.fna_vs_GCF_900447935.1_43071_G02_genomic.fna_blast.xml,0,0,0,0,0,0,0,0,3931773,0,0,0,0,0,0,1353_subject_array_1739826534.bin
53315,1353265,65AY6A5,1353265.4,9,https://ftp.ncbi.nlm.nih.gov/genomes/all/GCF/002/760/415/GCF_002760415.1_ASM276041v1,9,1353265.4.fna,GCF_002760415.1_ASM276041v1_genomic.fna, 2981827, 2981827,1353265.4.fna_vs_GCF_002760415.1_ASM276041v1_genomic.fna_blast.xml,0,0,0,0,0,0,0,167134,2814606,0,0,4,83,0,0,1353265_subject_array_1739826536.bin
53359,1354,13155,1354.341,9,https://ftp.ncbi.nlm.nih.gov/genomes/all/GCF/014/000/985/GCF_014000985.1_ASM1400098v1,9,1354.341.fna,GCF_014000985.1_ASM1400098v1_genomic.fna, 2956645, 2956645,1354.341.fna_vs_GCF_014000985.1_ASM1400098v1_genomic.fna_blast.xml,0,0,0,0,0,0,0,1163,2955482,0,0,0,0,0,0,1354_subject_array_1739826537.bin
53710,1354178,MAL010123,1354178.3,9,https://ftp.ncbi.nlm.nih.gov/genomes/all/GCF/000/666/685/GCF_000666685.1_Myco_afri_MAL010123_V1,9,1354178.3.fna,GCF_000666685.1_Myco_afri_MAL010123_V1_genomic.fna, 4383884, 4385125,1354178.3.fna_vs_GCF_000666685.1_Myco_afri_MAL010123_V1_genomic.fna_blast.xml,0,0,0,0,0,0,0,1147,4383978,0,0,0,0,0,0,1354178_subject_array_1739826539.bin
54019,1357541,FACHB-242,1357541.3,9,https://ftp.ncbi.nlm.nih.gov/genomes/all/GCF/014/698/415/GCF_014698415.1_ASM1469841v1,9,1357541.3.fna,GCF_014698415.1_ASM1469841v1_genomic.fna, 2735070, 2735070,1357541.3.fna_vs_GCF_014698415.1_ASM1469841v1_genomic.fna_blast.xml,0,0,0,0,0,0,0,0,2735070,0,0,0,0,0,0,1357541_subject_array_1739826541.bin
54032,1358,1001095IJ_161003_G11,1358.2579,9,https://ftp.ncbi.nlm.nih.gov/genomes/all/GCF/015/551/225/GCF_015551225.1_ASM1555122v1,9,1358.2579.fna,GCF_015551225.1_ASM1555122v1_genomic.fna, 2324176, 2324176,1358.2579.fna_vs_GCF_015551225.1_ASM1555122v1_genomic.fna_blast.xml,0,0,0,0,0,0,0,667,2323509,0,0,0,0,0,0,1358_subject_array_1739826542.bin
54081,1358,AH1,1358.1587,9,https://ftp.ncbi.nlm.nih.gov/genomes/all/GCF/022/670/815/GCF_022670815.1_ASM2267081v1,9,1358.1587.fna,GCF_022670815.1_ASM2267081v1_genomic.fna, 2640087, 2640087,1358.1587.fna_vs_GCF_022670815.1_ASM2267081v1_genomic.fna_blast.xml,0,0,0,0,0,0,0,0,2640087,0,0,0,0,0,0,1358_subject_array_1739826544.bin
54359,1359,B26,1359.287,9,https://ftp.ncbi.nlm.nih.gov/genomes/all/GCF/016/921/055/GCF_016921055.1_ASM1692105v1,9,1359.287.fna,GCF_016921055.1_ASM1692105v1_genomic.fna, 2492490, 2492490,1359.287.fna_vs_GCF_016921055.1_ASM1692105v1_genomic.fna_blast.xml,0,0,0,0,0,0,0,0,2492490,0,0,0,0,0,0,1359_subject_array_1739826546.bin
54470,1359,T1D2,1359.585,9,https://ftp.ncbi.nlm.nih.gov/genomes/all/GCF/036/671/075/GCF_036671075.1_ASM3667107v1,9,1359.585.fna,GCF_036671075.1_ASM3667107v1_genomic.fna, 2581491, 2581491,1359.585.fna_vs_GCF_036671075.1_ASM3667107v1_genomic.fna_blast.xml,0,0,0,0,0,0,1,0,2581489,0,0,0,1,0,0,1359_subject_array_1739826548.bin
54477,1359,T2G1,1359.573,9,https://ftp.ncbi.nlm.nih.gov/genomes/all/GCF/036/670/885/GCF_036670885.1_ASM3667088v1,9,1359.573.fna,GCF_036670885.1_ASM3667088v1_genomic.fna, 2659567, 2659567,1359.573.fna_vs_GCF_036670885.1_ASM3667088v1_genomic.fna_blast.xml,0,0,0,0,0,0,1,0,2659566,0,0,0,0,0,0,1359_subject_array_1739826550.bin
54924,13690,A3,13690.63,9,https://ftp.ncbi.nlm.nih.gov/genomes/all/GCF/014/235/165/GCF_014235165.1_ASM1423516v1,9,13690.63.fna,GCF_014235165.1_ASM1423516v1_genomic.fna, 7064451, 7064451,13690.63.fna_vs_GCF_014235165.1_ASM1423516v1_genomic.fna_blast.xml,0,0,0,0,0,0,0,0,7064451,0,0,0,0,0,0,13690_subject_array_1739826554.bin
55192,1379903,TCYB24,1379903.5,9,https://ftp.ncbi.nlm.nih.gov/genomes/all/GCF/022/410/435/GCF_022410435.1_ASM2241043v1,9,1379903.5.fna,GCF_022410435.1_ASM2241043v1_genomic.fna, 4603694, 4603694,1379903.5.fna_vs_GCF_022410435.1_ASM2241043v1_genomic.fna_blast.xml,0,0,0,0,0,0,0,0,4603694,0,0,0,0,0,0,1379903_subject_array_1739826557.bin
55260,1381081,LBS 2,1381081.11,9,https://ftp.ncbi.nlm.nih.gov/genomes/all/GCF/008/830/195/GCF_008830195.1_ASM883019v1,9,1381081.11.fna,GCF_008830195.1_ASM883019v1_genomic.fna, 4811243, 4811243,1381081.11.fna_vs_GCF_008830195.1_ASM883019v1_genomic.fna_blast.xml,0,0,0,0,0,0,0,215,4811028,0,0,0,0,0,0,1381081_subject_array_1739826559.bin
55311,1383,DSM 7090,1383.3,9,https://ftp.ncbi.nlm.nih.gov/genomes/all/GCF/001/438/885/GCF_001438885.1_ASM143888v1,9,1383.3.fna,GCF_001438885.1_ASM143888v1_genomic.fna, 1629936, 1629936,1383.3.fna_vs_GCF_001438885.1_ASM143888v1_genomic.fna_blast.xml,0,0,0,0,0,0,0,2587,1627349,0,0,0,0,0,0,1383_subject_array_1739826560.bin
55331,1384064,AG48,1384064.3,9,https://ftp.ncbi.nlm.nih.gov/genomes/all/GCF/000/526/755/GCF_000526755.1_ASM52675v1,9,1384064.3.fna,GCF_000526755.1_ASM52675v1_genomic.fna, 2595994, 2595994,1384064.3.fna_vs_GCF_000526755.1_ASM52675v1_genomic.fna_blast.xml,0,0,0,0,0,0,0,0,2595994,0,0,0,0,0,0,1384064_subject_array_1739826561.bin
55531,1388034,M0068,1388034.3,9,https://ftp.ncbi.nlm.nih.gov/genomes/all/GCF/000/533/335/GCF_000533335.1_Stap_aure_M0068_V1,9,1388034.3.fna,GCF_000533335.1_Stap_aure_M0068_V1_genomic.fna, 2836044, 2836044,1388034.3.fna_vs_GCF_000533335.1_Stap_aure_M0068_V1_genomic.fna_blast.xml,0,0,0,0,0,0,0,0,2836044,0,0,0,0,0,0,1388034_subject_array_1739826563.bin
56182,1388686,M0915,1388686.3,9,https://ftp.ncbi.nlm.nih.gov/genomes/all/GCF/000/532/135/GCF_000532135.1_Stap_aure_M0915_V1,9,1388686.3.fna,GCF_000532135.1_Stap_aure_M0915_V1_genomic.fna, 2820696, 2836014,1388686.3.fna_vs_GCF_000532135.1_Stap_aure_M0915_V1_genomic.fna_blast.xml,0,0,0,0,0,0,0,15265,2820749,0,0,0,0,0,0,1388686_subject_array_1739826564.bin
56277,1389713,TY812,1389713.36,9,https://ftp.ncbi.nlm.nih.gov/genomes/all/GCF/030/755/195/GCF_030755195.1_ASM3075519v1,9,1389713.36.fna,GCF_030755195.1_ASM3075519v1_genomic.fna, 7577404, 7577404,1389713.36.fna_vs_GCF_030755195.1_ASM3075519v1_genomic.fna_blast.xml,0,0,0,0,0,0,0,0,7577404,0,0,0,0,0,0,1389713_subject_array_1739826567.bin
56868,1392,BAP350,1392.1226,9,https://ftp.ncbi.nlm.nih.gov/genomes/all/GCF/026/689/595/GCF_026689595.1_ASM2668959v1,9,1392.1226.fna,GCF_026689595.1_ASM2668959v1_genomic.fna, 5369367, 5369367,1392.1226.fna_vs_GCF_026689595.1_ASM2668959v1_genomic.fna_blast.xml,0,0,0,0,0,0,1,1399,5367967,0,0,0,0,0,0,1392_subject_array_1739826570.bin
57162,1392505,MRK,1392505.3,9,https://ftp.ncbi.nlm.nih.gov/genomes/all/GCF/000/689/655/GCF_000689655.1_MRK1.0,9,1392505.3.fna,GCF_000689655.1_MRK1.0_genomic.fna, 1479231, 1479231,1392505.3.fna_vs_GCF_000689655.1_MRK1.0_genomic.fna_blast.xml,0,0,0,0,0,0,0,0,1479231,0,0,0,0,0,0,1392505_subject_array_1739826572.bin
58091,1396,MRY14-0060,1396.3165,9,https://ftp.ncbi.nlm.nih.gov/genomes/all/GCF/021/654/915/GCF_021654915.1_ASM2165491v1,9,1396.3165.fna,GCF_021654915.1_ASM2165491v1_genomic.fna, 5778898, 5778898,1396.3165.fna_vs_GCF_021654915.1_ASM2165491v1_genomic.fna_blast.xml,0,0,0,0,0,0,0,0,5778898,0,0,0,0,0,0,1396_subject_array_1739826576.bin
58349,1397695,190-11,1397695.3,9,https://ftp.ncbi.nlm.nih.gov/genomes/all/GCF/000/620/825/GCF_000620825.1_ASM62082v1,9,1397695.3.fna,GCF_000620825.1_ASM62082v1_genomic.fna, 3191221, 3208506,1397695.3.fna_vs_GCF_000620825.1_ASM62082v1_genomic.fna_blast.xml,0,0,0,0,0,0,0,17279,3191226,0,0,0,1,0,0,1397695_subject_array_1739826577.bin
58352,1397698,7-3,1397698.3,9,https://ftp.ncbi.nlm.nih.gov/genomes/all/GCF/000/620/865/GCF_000620865.1_ASM62086v1,9,1397698.3.fna,GCF_000620865.1_ASM62086v1_genomic.fna, 3078236, 3084276,1397698.3.fna_vs_GCF_000620865.1_ASM62086v1_genomic.fna_blast.xml,0,0,0,0,0,0,0,6039,3078237,0,0,0,0,0,0,1397698_subject_array_1739826578.bin
58367,1397860,TKK_02_0015,1397860.3,9,https://ftp.ncbi.nlm.nih.gov/genomes/all/GCF/000/671/915/GCF_000671915.1_Myco_tube_TKK_02_0015_V1,9,1397860.3.fna,GCF_000671915.1_Myco_tube_TKK_02_0015_V1_genomic.fna, 4399572, 4404880,1397860.3.fna_vs_GCF_000671915.1_Myco_tube_TKK_02_0015_V1_genomic.fna_blast.xml,0,0,0,0,0,0,0,5308,4399572,0,0,0,0,0,0,1397860_subject_array_1739826580.bin
58378,1397872,TKK_02_0034,1397872.3,9,https://ftp.ncbi.nlm.nih.gov/genomes/all/GCF/000/672/135/GCF_000672135.1_Myco_tube_TKK_02_0034_V1,9,1397872.3.fna,GCF_000672135.1_Myco_tube_TKK_02_0034_V1_genomic.fna, 4400967, 4428032,1397872.3.fna_vs_GCF_000672135.1_Myco_tube_TKK_02_0034_V1_genomic.fna_blast.xml,0,0,0,0,0,0,0,26992,4401040,0,0,0,0,0,0,1397872_subject_array_1739826583.bin
58381,1397875,TKK_02_0039,1397875.3,9,https://ftp.ncbi.nlm.nih.gov/genomes/all/GCF/000/672/195/GCF_000672195.1_Myco_tube_TKK_02_0039_V1,9,1397875.3.fna,GCF_000672195.1_Myco_tube_TKK_02_0039_V1_genomic.fna, 4398351, 4404262,1397875.3.fna_vs_GCF_000672195.1_Myco_tube_TKK_02_0039_V1_genomic.fna_blast.xml,0,0,0,0,0,0,0,5829,4398433,0,0,0,0,0,0,1397875_subject_array_1739826585.bin
58410,1397905,TKK_03_0081,1397905.3,9,https://ftp.ncbi.nlm.nih.gov/genomes/all/GCF/000/672/775/GCF_000672775.1_Myco_tube_TKK_03_0081_V1,9,1397905.3.fna,GCF_000672775.1_Myco_tube_TKK_03_0081_V1_genomic.fna, 4400490, 4402709,1397905.3.fna_vs_GCF_000672775.1_Myco_tube_TKK_03_0081_V1_genomic.fna_blast.xml,0,0,0,0,0,0,0,2151,4400557,0,0,1,0,0,0,1397905_subject_array_1739826587.bin
58606,1398949,UH10707,1398949.4,9,https://ftp.ncbi.nlm.nih.gov/genomes/all/GCF/000/516/115/GCF_000516115.1_gabuh107pb_v01,9,1398949.4.fna,GCF_000516115.1_gabuh107pb_v01_genomic.fna, 4156196, 4156196,1398949.4.fna_vs_GCF_000516115.1_gabuh107pb_v01_genomic.fna_blast.xml,0,0,0,0,0,0,1,0,4156195,0,0,0,0,0,0,1398949_subject_array_1739826590.bin
59054,1402,CG1,1402.646,9,https://ftp.ncbi.nlm.nih.gov/genomes/all/GCF/026/799/625/GCF_026799625.1_ASM2679962v1,9,1402.646.fna,GCF_026799625.1_ASM2679962v1_genomic.fna, 4128885, 4128885,1402.646.fna_vs_GCF_026799625.1_ASM2679962v1_genomic.fna_blast.xml,0,0,0,0,0,0,0,0,4128885,0,0,0,0,0,0,1402_subject_array_1739826591.bin
59061,1402,D9_B_45,1402.753,9,https://ftp.ncbi.nlm.nih.gov/genomes/all/GCF/030/348/625/GCF_030348625.1_ASM3034862v1,9,1402.753.fna,GCF_030348625.1_ASM3034862v1_genomic.fna, 4378208, 4378208,1402.753.fna_vs_GCF_030348625.1_ASM3034862v1_genomic.fna_blast.xml,0,0,0,0,0,0,0,0,4378208,0,0,0,0,0,0,1402_subject_array_1739826593.bin
59253,1402135,MC52-18,1402135.128,9,https://ftp.ncbi.nlm.nih.gov/genomes/all/GCF/020/906/395/GCF_020906395.1_ASM2090639v1,9,1402135.128.fna,GCF_020906395.1_ASM2090639v1_genomic.fna, 4968036, 4968036,1402135.128.fna_vs_GCF_020906395.1_ASM2090639v1_genomic.fna_blast.xml,0,0,0,0,0,0,0,0,4968036,0,0,0,0,0,0,1402135_subject_array_1739826595.bin
59257,1402135,MC52-70,1402135.125,9,https://ftp.ncbi.nlm.nih.gov/genomes/all/GCF/020/906/335/GCF_020906335.1_ASM2090633v1,9,1402135.125.fna,GCF_020906335.1_ASM2090633v1_genomic.fna, 4718209, 4718209,1402135.125.fna_vs_GCF_020906335.1_ASM2090633v1_genomic.fna_blast.xml,0,0,0,0,0,0,0,0,4718209,0,0,0,0,0,0,1402135_subject_array_1739826597.bin
59261,1402135,SC1-110,1402135.121,9,https://ftp.ncbi.nlm.nih.gov/genomes/all/GCF/020/906/235/GCF_020906235.1_ASM2090623v1,9,1402135.121.fna,GCF_020906235.1_ASM2090623v1_genomic.fna, 4994806, 4994806,1402135.121.fna_vs_GCF_020906235.1_ASM2090623v1_genomic.fna_blast.xml,0,0,0,0,0,0,0,0,4994806,0,0,0,0,0,0,1402135_subject_array_1739826600.bin
59266,1402135,SC1-27,1402135.116,9,https://ftp.ncbi.nlm.nih.gov/genomes/all/GCF/020/906/135/GCF_020906135.1_ASM2090613v1,9,1402135.116.fna,GCF_020906135.1_ASM2090613v1_genomic.fna, 4882017, 4882017,1402135.116.fna_vs_GCF_020906135.1_ASM2090613v1_genomic.fna_blast.xml,0,0,0,0,0,0,0,0,4882017,0,0,0,0,0,0,1402135_subject_array_1739826602.bin
59268,1402135,SC1-29,1402135.114,9,https://ftp.ncbi.nlm.nih.gov/genomes/all/GCF/020/906/095/GCF_020906095.1_ASM2090609v1,9,1402135.114.fna,GCF_020906095.1_ASM2090609v1_genomic.fna, 4762339, 4762339,1402135.114.fna_vs_GCF_020906095.1_ASM2090609v1_genomic.fna_blast.xml,0,0,0,0,0,0,0,0,4762339,0,0,0,0,0,0,1402135_subject_array_1739826605.bin
59275,1402135,SC1-89,1402135.107,9,https://ftp.ncbi.nlm.nih.gov/genomes/all/GCF/020/905/955/GCF_020905955.1_ASM2090595v1,9,1402135.107.fna,GCF_020905955.1_ASM2090595v1_genomic.fna, 4875418, 4875418,1402135.107.fna_vs_GCF_020905955.1_ASM2090595v1_genomic.fna_blast.xml,0,0,0,0,0,0,0,0,4875418,0,0,0,0,0,0,1402135_subject_array_1739826607.bin
59524,1402703,M1196,1402703.3,9,https://ftp.ncbi.nlm.nih.gov/genomes/all/GCF/000/532/895/GCF_000532895.1_Stap_aure_M1196_V1,9,1402703.3.fna,GCF_000532895.1_Stap_aure_M1196_V1_genomic.fna, 2872178, 2876516,1402703.3.fna_vs_GCF_000532895.1_Stap_aure_M1196_V1_genomic.fna_blast.xml,0,0,1,0,0,0,0,4290,2872202,0,0,0,23,0,0,1402703_subject_array_1739826609.bin
60084,1404,SRCM117007,1404.499,9,https://ftp.ncbi.nlm.nih.gov/genomes/all/GCF/025/630/995/GCF_025630995.1_ASM2563099v1,9,1404.499.fna,GCF_025630995.1_ASM2563099v1_genomic.fna, 5757678, 5757678,1404.499.fna_vs_GCF_025630995.1_ASM2563099v1_genomic.fna_blast.xml,0,0,0,0,0,0,0,2,5757676,0,0,0,0,0,0,1404_subject_array_1739826612.bin
60173,1405,BPN03/1,1405.232,9,https://ftp.ncbi.nlm.nih.gov/genomes/all/GCF/018/736/705/GCF_018736705.1_ASM1873670v1,9,1405.232.fna,GCF_018736705.1_ASM1873670v1_genomic.fna, 5602899, 5602899,1405.232.fna_vs_GCF_018736705.1_ASM1873670v1_genomic.fna_blast.xml,0,0,0,0,0,0,0,0,5602899,0,0,0,0,0,0,1405_subject_array_1739826615.bin
60232,1405,Gnyt1,1405.39,9,https://ftp.ncbi.nlm.nih.gov/genomes/all/GCF/002/104/575/GCF_002104575.1_ASM210457v1,9,1405.39.fna,GCF_002104575.1_ASM210457v1_genomic.fna, 6558090, 6558090,1405.39.fna_vs_GCF_002104575.1_ASM210457v1_genomic.fna_blast.xml,0,0,0,0,0,0,0,0,6558090,0,0,0,0,0,0,1405_subject_array_1739826619.bin
60243,1405,JAS391,1405.257,9,https://ftp.ncbi.nlm.nih.gov/genomes/all/GCF/018/741/605/GCF_018741605.1_ASM1874160v1,9,1405.257.fna,GCF_018741605.1_ASM1874160v1_genomic.fna, 6066244, 6066244,1405.257.fna_vs_GCF_018741605.1_ASM1874160v1_genomic.fna_blast.xml,0,0,0,0,0,0,0,0,6066244,0,0,0,0,0,0,1405_subject_array_1739826623.bin
60259,1405,PAMC 29434,1405.332,9,https://ftp.ncbi.nlm.nih.gov/genomes/all/GCF/032/681/085/GCF_032681085.1_ASM3268108v1,9,1405.332.fna,GCF_032681085.1_ASM3268108v1_genomic.fna, 6276647, 6276647,1405.332.fna_vs_GCF_032681085.1_ASM3268108v1_genomic.fna_blast.xml,0,0,0,0,0,0,0,0,6276647,0,0,0,0,0,0,1405_subject_array_1739826627.bin
60261,1405,PAMC 29538,1405.326,9,https://ftp.ncbi.nlm.nih.gov/genomes/all/GCF/030/718/825/GCF_030718825.1_ASM3071882v1,9,1405.326.fna,GCF_030718825.1_ASM3071882v1_genomic.fna, 6351153, 6351153,1405.326.fna_vs_GCF_030718825.1_ASM3071882v1_genomic.fna_blast.xml,0,0,0,0,0,0,0,0,6351153,0,0,0,0,0,0,1405_subject_array_1739826630.bin
60719,1408447,ATCC 49580,1408447.3,9,https://ftp.ncbi.nlm.nih.gov/genomes/all/GCF/000/701/525/GCF_000701525.1_ASM70152v1,9,1408447.3.fna,GCF_000701525.1_ASM70152v1_genomic.fna,  805859,  806944,1408447.3.fna_vs_GCF_000701525.1_ASM70152v1_genomic.fna_blast.xml,0,0,0,0,0,0,0,1085,805859,0,0,0,0,0,0,1408447_subject_array_1739826630.bin
60725,1408453,ATCC 29626,1408453.3,9,https://ftp.ncbi.nlm.nih.gov/genomes/all/GCF/000/701/785/GCF_000701785.1_ASM70178v1,9,1408453.3.fna,GCF_000701785.1_ASM70178v1_genomic.fna,  840455,  840640,1408453.3.fna_vs_GCF_000701785.1_ASM70178v1_genomic.fna_blast.xml,0,0,0,0,0,0,0,185,840455,0,0,0,0,0,0,1408453_subject_array_1739826631.bin
60834,1409375,COAS6025,1409375.3,9,https://ftp.ncbi.nlm.nih.gov/genomes/all/GCF/000/537/815/GCF_000537815.1_Stap_aure_COAS6025_V1,9,1409375.3.fna,GCF_000537815.1_Stap_aure_COAS6025_V1_genomic.fna, 2898560, 2898560,1409375.3.fna_vs_GCF_000537815.1_Stap_aure_COAS6025_V1_genomic.fna_blast.xml,0,0,0,0,0,0,0,0,2898560,0,0,0,0,0,0,1409375_subject_array_1739826632.bin
60891,1409432,LPIH6021,1409432.3,9,https://ftp.ncbi.nlm.nih.gov/genomes/all/GCF/000/538/875/GCF_000538875.1_Stap_aure_LPIH6021_V1,9,1409432.3.fna,GCF_000538875.1_Stap_aure_LPIH6021_V1_genomic.fna, 2881776, 2881982,1409432.3.fna_vs_GCF_000538875.1_Stap_aure_LPIH6021_V1_genomic.fna_blast.xml,0,0,0,0,0,0,0,189,2881793,0,0,0,0,0,0,1409432_subject_array_1739826633.bin
60910,1409451,SMMC6097,1409451.3,9,https://ftp.ncbi.nlm.nih.gov/genomes/all/GCF/000/539/195/GCF_000539195.1_Stap_aure_SMMC6097_V1,9,1409451.3.fna,GCF_000539195.1_Stap_aure_SMMC6097_V1_genomic.fna, 2895384, 2895484,1409451.3.fna_vs_GCF_000539195.1_Stap_aure_SMMC6097_V1_genomic.fna_blast.xml,0,0,0,0,0,0,0,98,2895386,0,0,0,0,0,0,1409451_subject_array_1739826635.bin
60946,1409487,COAS6001,1409487.3,9,https://ftp.ncbi.nlm.nih.gov/genomes/all/GCF/000/537/375/GCF_000537375.1_Stap_aure_COAS6001_V1,9,1409487.3.fna,GCF_000537375.1_Stap_aure_COAS6001_V1_genomic.fna, 2895010, 2895010,1409487.3.fna_vs_GCF_000537375.1_Stap_aure_COAS6001_V1_genomic.fna_blast.xml,0,0,0,0,0,0,0,0,2895010,0,0,0,0,0,0,1409487_subject_array_1739826636.bin
60971,1409512,HBHO6050,1409512.3,9,https://ftp.ncbi.nlm.nih.gov/genomes/all/GCF/000/572/905/GCF_000572905.1_Stap_aure_HBHO6050_V1,9,1409512.3.fna,GCF_000572905.1_Stap_aure_HBHO6050_V1_genomic.fna, 2965746, 2969582,1409512.3.fna_vs_GCF_000572905.1_Stap_aure_HBHO6050_V1_genomic.fna_blast.xml,0,0,0,0,0,0,0,3816,2965762,0,0,0,4,0,0,1409512_subject_array_1739826638.bin
60976,1409517,LPIH6004,1409517.3,9,https://ftp.ncbi.nlm.nih.gov/genomes/all/GCF/000/572/885/GCF_000572885.1_Stap_aure_LPIH6004_V1,9,1409517.3.fna,GCF_000572885.1_Stap_aure_LPIH6004_V1_genomic.fna, 2904204, 2905783,1409517.3.fna_vs_GCF_000572885.1_Stap_aure_LPIH6004_V1_genomic.fna_blast.xml,0,0,0,0,0,0,0,1557,2904224,0,0,2,0,0,0,1409517_subject_array_1739826639.bin
60982,1409523,SMMC6016,1409523.3,9,https://ftp.ncbi.nlm.nih.gov/genomes/all/GCF/000/572/825/GCF_000572825.1_Stap_aure_SMMC6016_V1,9,1409523.3.fna,GCF_000572825.1_Stap_aure_SMMC6016_V1_genomic.fna, 2928601, 2935836,1409523.3.fna_vs_GCF_000572825.1_Stap_aure_SMMC6016_V1_genomic.fna_blast.xml,0,0,0,0,0,0,0,7233,2928601,0,0,0,2,0,0,1409523_subject_array_1739826640.bin
60983,1409524,WAMC6049,1409524.3,9,https://ftp.ncbi.nlm.nih.gov/genomes/all/GCF/000/572/805/GCF_000572805.1_Stap_aure_WAMC6049_V1,9,1409524.3.fna,GCF_000572805.1_Stap_aure_WAMC6049_V1_genomic.fna, 2873088, 2876273,1409524.3.fna_vs_GCF_000572805.1_Stap_aure_WAMC6049_V1_genomic.fna_blast.xml,0,0,0,0,0,0,0,3171,2873098,0,0,1,3,0,0,1409524_subject_array_1739826642.bin
61023,1409564,SMMC6087,1409564.3,9,https://ftp.ncbi.nlm.nih.gov/genomes/all/GCF/000/537/135/GCF_000537135.1_Stap_aure_SMMC6087_V1,9,1409564.3.fna,GCF_000537135.1_Stap_aure_SMMC6087_V1_genomic.fna, 2865133, 2865133,1409564.3.fna_vs_GCF_000537135.1_Stap_aure_SMMC6087_V1_genomic.fna_blast.xml,0,0,0,0,0,0,0,0,2865133,0,0,0,0,0,0,1409564_subject_array_1739826643.bin
61073,1409614,SJOS6139,1409614.3,9,https://ftp.ncbi.nlm.nih.gov/genomes/all/GCF/000/536/975/GCF_000536975.1_Stap_aure_SJOS6139_V1,9,1409614.3.fna,GCF_000536975.1_Stap_aure_SJOS6139_V1_genomic.fna, 2901961, 2901961,1409614.3.fna_vs_GCF_000536975.1_Stap_aure_SJOS6139_V1_genomic.fna_blast.xml,0,0,0,0,0,0,0,0,2901961,0,0,0,0,0,0,1409614_subject_array_1739826644.bin
61093,1409634,FVRH6040,1409634.3,9,https://ftp.ncbi.nlm.nih.gov/genomes/all/GCF/000/572/565/GCF_000572565.1_Stap_aure_FVRH6040_V1,9,1409634.3.fna,GCF_000572565.1_Stap_aure_FVRH6040_V1_genomic.fna, 2908098, 2908496,1409634.3.fna_vs_GCF_000572565.1_Stap_aure_FVRH6040_V1_genomic.fna_blast.xml,0,0,0,0,0,0,0,350,2908146,0,0,0,0,0,0,1409634_subject_array_1739826646.bin
61100,1409641,FVRH6052,1409641.3,9,https://ftp.ncbi.nlm.nih.gov/genomes/all/GCF/000/541/775/GCF_000541775.1_Stap_aure_FVRH6052_V1,9,1409641.3.fna,GCF_000541775.1_Stap_aure_FVRH6052_V1_genomic.fna, 2899380, 2899496,1409641.3.fna_vs_GCF_000541775.1_Stap_aure_FVRH6052_V1_genomic.fna_blast.xml,0,0,0,0,0,0,0,116,2899380,0,0,0,0,0,0,1409641_subject_array_1739826647.bin
61133,1409674,WMCA6180,1409674.3,9,https://ftp.ncbi.nlm.nih.gov/genomes/all/GCF/000/536/895/GCF_000536895.1_Stap_aure_WMCA6180_V1,9,1409674.3.fna,GCF_000536895.1_Stap_aure_WMCA6180_V1_genomic.fna, 2870753, 2870753,1409674.3.fna_vs_GCF_000536895.1_Stap_aure_WMCA6180_V1_genomic.fna_blast.xml,0,0,0,0,0,0,0,0,2870753,0,0,0,0,0,0,1409674_subject_array_1739826648.bin
61146,1409687,OCMM6115,1409687.3,9,https://ftp.ncbi.nlm.nih.gov/genomes/all/GCF/000/572/425/GCF_000572425.1_Stap_aure_OCMM6115_V1,9,1409687.3.fna,GCF_000572425.1_Stap_aure_OCMM6115_V1_genomic.fna, 2882159, 2892000,1409687.3.fna_vs_GCF_000572425.1_Stap_aure_OCMM6115_V1_genomic.fna_blast.xml,0,0,0,0,0,0,0,9840,2882160,0,0,0,0,0,0,1409687_subject_array_1739826650.bin
61152,1409693,WAMC6108,1409693.3,9,https://ftp.ncbi.nlm.nih.gov/genomes/all/GCF/000/536/795/GCF_000536795.1_Stap_aure_WAMC6108_V1,9,1409693.3.fna,GCF_000536795.1_Stap_aure_WAMC6108_V1_genomic.fna, 2898615, 2898615,1409693.3.fna_vs_GCF_000536795.1_Stap_aure_WAMC6108_V1_genomic.fna_blast.xml,0,0,0,0,0,0,0,0,2898615,0,0,0,0,0,0,1409693_subject_array_1739826651.bin
61168,1409709,WAMC6055,1409709.3,9,https://ftp.ncbi.nlm.nih.gov/genomes/all/GCF/000/572/365/GCF_000572365.1_Stap_aure_WAMC6055_V1,9,1409709.3.fna,GCF_000572365.1_Stap_aure_WAMC6055_V1_genomic.fna, 2914306, 2921293,1409709.3.fna_vs_GCF_000572365.1_Stap_aure_WAMC6055_V1_genomic.fna_blast.xml,0,0,0,0,0,0,0,6972,2914317,0,0,0,4,0,0,1409709_subject_array_1739826653.bin
61233,1409779,GGMC6057,1409779.3,9,https://ftp.ncbi.nlm.nih.gov/genomes/all/GCF/000/536/475/GCF_000536475.1_Stap_aure_GGMC6057_V1,9,1409779.3.fna,GCF_000536475.1_Stap_aure_GGMC6057_V1_genomic.fna, 2896348, 2896348,1409779.3.fna_vs_GCF_000536475.1_Stap_aure_GGMC6057_V1_genomic.fna_blast.xml,0,0,0,0,0,0,0,0,2896348,0,0,0,0,0,0,1409779_subject_array_1739826654.bin
61236,1409782,CHAP6022,1409782.3,9,https://ftp.ncbi.nlm.nih.gov/genomes/all/GCF/000/543/305/GCF_000543305.1_Stap_aure_CHAP6022_V1,9,1409782.3.fna,GCF_000543305.1_Stap_aure_CHAP6022_V1_genomic.fna, 2897239, 2897439,1409782.3.fna_vs_GCF_000543305.1_Stap_aure_CHAP6022_V1_genomic.fna_blast.xml,0,0,0,0,0,0,0,198,2897241,0,0,0,0,0,0,1409782_subject_array_1739826656.bin
61534,1410910,F31094,1410910.3,9,https://ftp.ncbi.nlm.nih.gov/genomes/all/GCF/000/577/125/GCF_000577125.1_Stap_aure_F31094_V1,9,1410910.3.fna,GCF_000577125.1_Stap_aure_F31094_V1_genomic.fna, 2851584, 2852034,1410910.3.fna_vs_GCF_000577125.1_Stap_aure_F31094_V1_genomic.fna_blast.xml,0,0,0,0,0,0,0,407,2851619,0,0,2,6,0,0,1410910_subject_array_1739826657.bin
61604,1411541,H70821,1411541.3,9,https://ftp.ncbi.nlm.nih.gov/genomes/all/GCF/000/563/595/GCF_000563595.1_Stap_aure_H70821_V1,9,1411541.3.fna,GCF_000563595.1_Stap_aure_H70821_V1_genomic.fna, 2874326, 2876274,1411541.3.fna_vs_GCF_000563595.1_Stap_aure_H70821_V1_genomic.fna_blast.xml,0,0,0,0,0,0,0,1929,2874341,0,0,0,4,0,0,1411541_subject_array_1739826659.bin
61745,1412684,T16664,1412684.3,9,https://ftp.ncbi.nlm.nih.gov/genomes/all/GCF/000/570/875/GCF_000570875.1_Stap_aure_T16664_V1,9,1412684.3.fna,GCF_000570875.1_Stap_aure_T16664_V1_genomic.fna, 2897968, 2898068,1412684.3.fna_vs_GCF_000570875.1_Stap_aure_T16664_V1_genomic.fna_blast.xml,0,0,0,0,0,0,0,100,2897968,0,0,0,0,0,0,1412684_subject_array_1739826660.bin
61753,1412692,T30565,1412692.3,9,https://ftp.ncbi.nlm.nih.gov/genomes/all/GCF/000/570/715/GCF_000570715.1_Stap_aure_T30565_V1,9,1412692.3.fna,GCF_000570715.1_Stap_aure_T30565_V1_genomic.fna, 2910735, 2910835,1412692.3.fna_vs_GCF_000570715.1_Stap_aure_T30565_V1_genomic.fna_blast.xml,0,0,0,0,0,0,0,94,2910741,0,0,0,0,0,0,1412692_subject_array_1739826662.bin
61791,1412731,F50126,1412731.3,9,https://ftp.ncbi.nlm.nih.gov/genomes/all/GCF/000/594/065/GCF_000594065.1_Stap_aure_F50126_V1,9,1412731.3.fna,GCF_000594065.1_Stap_aure_F50126_V1_genomic.fna, 2900632, 2900632,1412731.3.fna_vs_GCF_000594065.1_Stap_aure_F50126_V1_genomic.fna_blast.xml,0,0,0,0,0,0,0,0,2900632,0,0,0,0,0,0,1412731_subject_array_1739826663.bin
61801,1412741,H12930,1412741.3,9,https://ftp.ncbi.nlm.nih.gov/genomes/all/GCF/000/570/115/GCF_000570115.1_Stap_aure_H12930_V1,9,1412741.3.fna,GCF_000570115.1_Stap_aure_H12930_V1_genomic.fna, 2829919, 2830211,1412741.3.fna_vs_GCF_000570115.1_Stap_aure_H12930_V1_genomic.fna_blast.xml,0,0,0,0,0,0,0,291,2829920,0,0,0,0,0,0,1412741_subject_array_1739826665.bin
61806,1412746,H81800,1412746.3,9,https://ftp.ncbi.nlm.nih.gov/genomes/all/GCF/000/594/045/GCF_000594045.1_Stap_aure_H81800_V1,9,1412746.3.fna,GCF_000594045.1_Stap_aure_H81800_V1_genomic.fna, 2841070, 2841070,1412746.3.fna_vs_GCF_000594045.1_Stap_aure_H81800_V1_genomic.fna_blast.xml,0,0,0,0,0,0,0,0,2841070,0,0,0,0,0,0,1412746_subject_array_1739826666.bin
61808,1412748,H81885,1412748.3,9,https://ftp.ncbi.nlm.nih.gov/genomes/all/GCF/000/594/005/GCF_000594005.1_Stap_aure_H81885_V1,9,1412748.3.fna,GCF_000594005.1_Stap_aure_H81885_V1_genomic.fna, 2911552, 2911552,1412748.3.fna_vs_GCF_000594005.1_Stap_aure_H81885_V1_genomic.fna_blast.xml,0,0,0,0,0,0,0,0,2911552,0,0,0,0,0,0,1412748_subject_array_1739826668.bin
61856,1412797,W23225,1412797.3,9,https://ftp.ncbi.nlm.nih.gov/genomes/all/GCF/000/569/315/GCF_000569315.1_Stap_aure_W23225_V1,9,1412797.3.fna,GCF_000569315.1_Stap_aure_W23225_V1_genomic.fna, 2911898, 2912449,1412797.3.fna_vs_GCF_000569315.1_Stap_aure_W23225_V1_genomic.fna_blast.xml,0,0,0,0,0,0,0,549,2911900,0,0,0,0,0,0,1412797_subject_array_1739826670.bin
62552,1417985,LM1212,1417985.5,9,https://ftp.ncbi.nlm.nih.gov/genomes/all/GCF/003/546/665/GCF_003546665.1_ASM354666v1,9,1417985.5.fna,GCF_003546665.1_ASM354666v1_genomic.fna, 6320549, 6320549,1417985.5.fna_vs_GCF_003546665.1_ASM354666v1_genomic.fna_blast.xml,0,0,0,0,0,0,0,0,6320549,0,0,0,0,0,0,1417985_subject_array_1739826675.bin
62813,1421,A1,1421.61,9,https://ftp.ncbi.nlm.nih.gov/genomes/all/GCF/002/923/795/GCF_002923795.1_ASM292379v1,9,1421.61.fna,GCF_002923795.1_ASM292379v1_genomic.fna, 4517188, 4517188,1421.61.fna_vs_GCF_002923795.1_ASM292379v1_genomic.fna_blast.xml,0,0,1,0,0,0,0,27125,4489995,0,0,2,64,0,1,1421_subject_array_1739826677.bin
63016,1421988,TB_RSA72,1421988.3,9,https://ftp.ncbi.nlm.nih.gov/genomes/all/GCF/000/671/195/GCF_000671195.1_Myco_tube_TB_RSA72_V1,9,1421988.3.fna,GCF_000671195.1_Myco_tube_TB_RSA72_V1_genomic.fna, 4402799, 4411220,1421988.3.fna_vs_GCF_000671195.1_Myco_tube_TB_RSA72_V1_genomic.fna_blast.xml,0,0,0,0,0,0,0,8362,4402824,0,0,2,32,0,0,1421988_subject_array_1739826679.bin
63116,1422043,TB_RSA127,1422043.3,9,https://ftp.ncbi.nlm.nih.gov/genomes/all/GCF/000/675/795/GCF_000675795.1_Myco_tube_TB_RSA127_V1,9,1422043.3.fna,GCF_000675795.1_Myco_tube_TB_RSA127_V1_genomic.fna, 4397376, 4412783,1422043.3.fna_vs_GCF_000675795.1_Myco_tube_TB_RSA127_V1_genomic.fna_blast.xml,0,0,0,0,0,0,0,15381,4397399,0,0,2,1,0,0,1422043_subject_array_1739826681.bin
63197,1422127,DAR3555,1422127.3,9,https://ftp.ncbi.nlm.nih.gov/genomes/all/GCF/000/607/445/GCF_000607445.1_Stap_aure_DAR3555_V1,9,1422127.3.fna,GCF_000607445.1_Stap_aure_DAR3555_V1_genomic.fna, 2823379, 2826086,1422127.3.fna_vs_GCF_000607445.1_Stap_aure_DAR3555_V1_genomic.fna_blast.xml,0,0,0,0,0,0,0,2704,2823381,0,0,0,1,0,0,1422127_subject_array_1739826682.bin
63210,1422140,DAR3590,1422140.3,9,https://ftp.ncbi.nlm.nih.gov/genomes/all/GCF/000/607/705/GCF_000607705.1_Stap_aure_DAR3590_V1,9,1422140.3.fna,GCF_000607705.1_Stap_aure_DAR3590_V1_genomic.fna, 2907811, 2907911,1422140.3.fna_vs_GCF_000607705.1_Stap_aure_DAR3590_V1_genomic.fna_blast.xml,0,0,0,0,0,0,0,97,2907814,0,0,0,0,0,0,1422140_subject_array_1739826684.bin
63247,1422177,DAR3845,1422177.3,9,https://ftp.ncbi.nlm.nih.gov/genomes/all/GCF/000/608/425/GCF_000608425.1_Stap_aure_DAR3845_V1,9,1422177.3.fna,GCF_000608425.1_Stap_aure_DAR3845_V1_genomic.fna, 2891114, 2892104,1422177.3.fna_vs_GCF_000608425.1_Stap_aure_DAR3845_V1_genomic.fna_blast.xml,0,0,0,0,0,0,0,987,2891117,0,0,0,0,0,0,1422177_subject_array_1739826685.bin
63257,1422187,DAR3886,1422187.3,9,https://ftp.ncbi.nlm.nih.gov/genomes/all/GCF/000/608/625/GCF_000608625.1_Stap_aure_DAR3886_V1,9,1422187.3.fna,GCF_000608625.1_Stap_aure_DAR3886_V1_genomic.fna, 2892250, 2895624,1422187.3.fna_vs_GCF_000608625.1_Stap_aure_DAR3886_V1_genomic.fna_blast.xml,0,0,0,0,0,0,0,3358,2892266,0,0,0,0,0,0,1422187_subject_array_1739826687.bin
63262,1422192,DAR3901,1422192.3,9,https://ftp.ncbi.nlm.nih.gov/genomes/all/GCF/000/608/725/GCF_000608725.1_Stap_aure_DAR3901_V1,9,1422192.3.fna,GCF_000608725.1_Stap_aure_DAR3901_V1_genomic.fna, 2805386, 2805586,1422192.3.fna_vs_GCF_000608725.1_Stap_aure_DAR3901_V1_genomic.fna_blast.xml,0,0,0,0,0,0,0,200,2805386,0,0,0,0,0,0,1422192_subject_array_1739826688.bin
63284,1422214,DAR1082,1422214.3,9,https://ftp.ncbi.nlm.nih.gov/genomes/all/GCF/000/609/145/GCF_000609145.1_Stap_aure_DAR1082_V1,9,1422214.3.fna,GCF_000609145.1_Stap_aure_DAR1082_V1_genomic.fna, 2826630, 2827030,1422214.3.fna_vs_GCF_000609145.1_Stap_aure_DAR1082_V1_genomic.fna_blast.xml,0,0,0,0,0,0,0,388,2826642,0,0,0,0,0,0,1422214_subject_array_1739826689.bin
63292,1422222,DAR1174,1422222.3,9,https://ftp.ncbi.nlm.nih.gov/genomes/all/GCF/000/609/305/GCF_000609305.1_Stap_aure_DAR1174_V1,9,1422222.3.fna,GCF_000609305.1_Stap_aure_DAR1174_V1_genomic.fna, 2884677, 2888203,1422222.3.fna_vs_GCF_000609305.1_Stap_aure_DAR1174_V1_genomic.fna_blast.xml,0,0,0,0,0,0,0,3526,2884677,0,0,0,0,0,0,1422222_subject_array_1739826690.bin
63313,1422243,DAR1810,1422243.3,9,https://ftp.ncbi.nlm.nih.gov/genomes/all/GCF/000/609/725/GCF_000609725.1_Stap_aure_DAR1810_V1,9,1422243.3.fna,GCF_000609725.1_Stap_aure_DAR1810_V1_genomic.fna, 2835852, 2836321,1422243.3.fna_vs_GCF_000609725.1_Stap_aure_DAR1810_V1_genomic.fna_blast.xml,0,0,0,0,0,0,0,469,2835852,0,0,0,0,0,0,1422243_subject_array_1739826692.bin
63345,1422275,DAR2070,1422275.3,9,https://ftp.ncbi.nlm.nih.gov/genomes/all/GCF/000/622/955/GCF_000622955.1_Stap_aure_DAR2070_V1,9,1422275.3.fna,GCF_000622955.1_Stap_aure_DAR2070_V1_genomic.fna, 2798439, 2798439,1422275.3.fna_vs_GCF_000622955.1_Stap_aure_DAR2070_V1_genomic.fna_blast.xml,0,0,0,0,0,0,0,0,2798439,0,0,0,0,0,0,1422275_subject_array_1739826693.bin
63916,1423,8-1,1423.1028,9,https://ftp.ncbi.nlm.nih.gov/genomes/all/GCF/010/578/225/GCF_010578225.1_ASM1057822v1,9,1423.1028.fna,GCF_010578225.1_ASM1057822v1_genomic.fna, 4029334, 4029334,1423.1028.fna_vs_GCF_010578225.1_ASM1057822v1_genomic.fna_blast.xml,0,0,0,0,0,0,0,0,4029334,0,0,0,0,0,0,1423_subject_array_1739826695.bin
63927,1423,AB1,1423.2453,9,https://ftp.ncbi.nlm.nih.gov/genomes/all/GCF/025/061/465/GCF_025061465.1_ASM2506146v1,9,1423.2453.fna,GCF_025061465.1_ASM2506146v1_genomic.fna, 4033788, 4033788,1423.2453.fna_vs_GCF_025061465.1_ASM2506146v1_genomic.fna_blast.xml,0,0,0,0,0,0,0,95,4033693,0,0,0,0,0,0,1423_subject_array_1739826697.bin
64122,1423,D9_B_66,1423.2795,9,https://ftp.ncbi.nlm.nih.gov/genomes/all/GCF/030/348/565/GCF_030348565.1_ASM3034856v1,9,1423.2795.fna,GCF_030348565.1_ASM3034856v1_genomic.fna, 4281285, 4281285,1423.2795.fna_vs_GCF_030348565.1_ASM3034856v1_genomic.fna_blast.xml,0,0,0,0,0,0,0,0,4281285,0,0,0,0,0,0,1423_subject_array_1739826699.bin
64763,1423802,DSM 24302,1423802.4,9,https://ftp.ncbi.nlm.nih.gov/genomes/all/GCF/001/436/555/GCF_001436555.1_ASM143655v1,9,1423802.4.fna,GCF_001436555.1_ASM143655v1_genomic.fna, 1566789, 1566789,1423802.4.fna_vs_GCF_001436555.1_ASM143655v1_genomic.fna_blast.xml,0,0,0,0,0,0,0,46,1566743,0,0,0,0,0,0,1423802_subject_array_1739826699.bin
64831,1426,DSM 6285,1426.117,9,https://ftp.ncbi.nlm.nih.gov/genomes/all/GCF/014/218/645/GCF_014218645.1_ASM1421864v1,9,1426.117.fna,GCF_014218645.1_ASM1421864v1_genomic.fna, 3967726, 3967726,1426.117.fna_vs_GCF_014218645.1_ASM1421864v1_genomic.fna_blast.xml,0,0,0,0,0,0,0,0,3967726,0,0,0,0,0,0,1426_subject_array_1739826701.bin
64866,1427200,XTB13-108,1427200.3,9,https://ftp.ncbi.nlm.nih.gov/genomes/all/GCF/000/680/295/GCF_000680295.1_Myco_tube_XTB13-108_V1,9,1427200.3.fna,GCF_000680295.1_Myco_tube_XTB13-108_V1_genomic.fna, 4422764, 4433964,1427200.3.fna_vs_GCF_000680295.1_Myco_tube_XTB13-108_V1_genomic.fna_blast.xml,0,0,0,0,0,0,0,11195,4422769,0,0,0,0,0,0,1427200_subject_array_1739826703.bin
64880,1427215,XTB13-124,1427215.3,9,https://ftp.ncbi.nlm.nih.gov/genomes/all/GCF/000/680/535/GCF_000680535.1_Myco_tube_XTB13-124_V1,9,1427215.3.fna,GCF_000680535.1_Myco_tube_XTB13-124_V1_genomic.fna, 4412345, 4415899,1427215.3.fna_vs_GCF_000680535.1_Myco_tube_XTB13-124_V1_genomic.fna_blast.xml,0,0,0,0,0,0,0,3554,4412345,0,0,0,0,0,0,1427215_subject_array_1739826705.bin
64897,1427233,XTB13-144,1427233.3,9,https://ftp.ncbi.nlm.nih.gov/genomes/all/GCF/000/680/855/GCF_000680855.1_Myco_tube_XTB13-144_V1,9,1427233.3.fna,GCF_000680855.1_Myco_tube_XTB13-144_V1_genomic.fna, 4392180, 4396351,1427233.3.fna_vs_GCF_000680855.1_Myco_tube_XTB13-144_V1_genomic.fna_blast.xml,0,0,0,0,0,0,0,4169,4392182,0,0,0,0,0,0,1427233_subject_array_1739826707.bin
64922,1427259,XTB13-180,1427259.3,9,https://ftp.ncbi.nlm.nih.gov/genomes/all/GCF/000/655/095/GCF_000655095.1_Myco_tube_XTB13-180_V1,9,1427259.3.fna,GCF_000655095.1_Myco_tube_XTB13-180_V1_genomic.fna, 4414523, 4422817,1427259.3.fna_vs_GCF_000655095.1_Myco_tube_XTB13-180_V1_genomic.fna_blast.xml,0,0,0,0,0,0,0,8281,4414535,0,0,0,1,0,0,1427259_subject_array_1739826709.bin
64928,1427266,XTB13-188,1427266.3,9,https://ftp.ncbi.nlm.nih.gov/genomes/all/GCF/000/655/215/GCF_000655215.1_Myco_tube_XTB13-188_V1,9,1427266.3.fna,GCF_000655215.1_Myco_tube_XTB13-188_V1_genomic.fna, 4385031, 4390507,1427266.3.fna_vs_GCF_000655215.1_Myco_tube_XTB13-188_V1_genomic.fna_blast.xml,0,0,0,0,0,0,0,5444,4385062,0,0,0,1,0,0,1427266_subject_array_1739826711.bin
64979,1427319,XTB13-251,1427319.3,9,https://ftp.ncbi.nlm.nih.gov/genomes/all/GCF/000/656/215/GCF_000656215.1_Myco_tube_XTB13-251_V1,9,1427319.3.fna,GCF_000656215.1_Myco_tube_XTB13-251_V1_genomic.fna, 4423148, 4423648,1427319.3.fna_vs_GCF_000656215.1_Myco_tube_XTB13-251_V1_genomic.fna_blast.xml,0,0,0,0,0,0,0,460,4423187,0,0,0,1,0,0,1427319_subject_array_1739826713.bin
65337,1428,Bt185,1428.342,9,https://ftp.ncbi.nlm.nih.gov/genomes/all/GCF/001/595/725/GCF_001595725.1_ASM159572v1,9,1428.342.fna,GCF_001595725.1_ASM159572v1_genomic.fna, 6390500, 6390500,1428.342.fna_vs_GCF_001595725.1_ASM159572v1_genomic.fna_blast.xml,0,0,0,0,0,0,1,1,6390497,0,0,1,0,0,0,1428_subject_array_1739826716.bin
65341,1428,C15,1428.1093,9,https://ftp.ncbi.nlm.nih.gov/genomes/all/GCF/003/991/175/GCF_003991175.1_ASM399117v1,9,1428.1093.fna,GCF_003991175.1_ASM399117v1_genomic.fna, 6113568, 6113568,1428.1093.fna_vs_GCF_003991175.1_ASM399117v1_genomic.fna_blast.xml,0,0,0,0,0,0,0,0,6113566,0,1,1,0,0,0,1428_subject_array_1739826720.bin
65522,1428,IBL00144,1428.1823,9,https://ftp.ncbi.nlm.nih.gov/genomes/all/GCF/024/712/745/GCF_024712745.1_ASM2471274v1,9,1428.1823.fna,GCF_024712745.1_ASM2471274v1_genomic.fna, 6249769, 6249769,1428.1823.fna_vs_GCF_024712745.1_ASM2471274v1_genomic.fna_blast.xml,0,0,0,0,0,0,0,0,6249768,0,1,0,0,0,0,1428_subject_array_1739826722.bin
65943,1434208,ABCPW 30,1434208.3,9,https://ftp.ncbi.nlm.nih.gov/genomes/all/GCF/000/774/495/GCF_000774495.1_BCW_24,9,1434208.3.fna,GCF_000774495.1_BCW_24_genomic.fna, 7393026, 7393726,1434208.3.fna_vs_GCF_000774495.1_BCW_24_genomic.fna_blast.xml,0,0,0,0,0,0,0,620,7393083,0,0,1,22,0,0,1434208_subject_array_1739826725.bin
65946,1434211,BDU 2,1434211.3,9,https://ftp.ncbi.nlm.nih.gov/genomes/all/GCF/000/774/545/GCF_000774545.1_BCW_27,9,1434211.3.fna,GCF_000774545.1_BCW_27_genomic.fna, 7298408, 7299108,1434211.3.fna_vs_GCF_000774545.1_BCW_27_genomic.fna_blast.xml,0,0,0,0,0,0,0,570,7298472,0,0,3,62,0,1,1434211_subject_array_1739826728.bin
66120,1437002,MSHR3335,1437002.3,9,https://ftp.ncbi.nlm.nih.gov/genomes/all/GCF/000/775/035/GCF_000775035.1_BPU,9,1437002.3.fna,GCF_000775035.1_BPU_genomic.fna, 7262013, 7262713,1437002.3.fna_vs_GCF_000775035.1_BPU_genomic.fna_blast.xml,0,0,1,0,0,0,0,671,6646874,0,0,0,615167,0,0,1437002_subject_array_1739826732.bin
66375,1439000,ABC020009156,1439000.3,9,https://ftp.ncbi.nlm.nih.gov/genomes/all/GCF/000/630/125/GCF_000630125.1_Stre_pyog_ABC020009156_V1,9,1439000.3.fna,GCF_000630125.1_Stre_pyog_ABC020009156_V1_genomic.fna, 1816296, 1816396,1439000.3.fna_vs_GCF_000630125.1_Stre_pyog_ABC020009156_V1_genomic.fna_blast.xml,0,0,0,0,0,0,0,100,1816296,0,0,0,0,0,0,1439000_subject_array_1739826732.bin
66384,1439013,ABC020014925,1439013.3,9,https://ftp.ncbi.nlm.nih.gov/genomes/all/GCF/000/630/845/GCF_000630845.1_Stre_pyog_ABC020014925_V1,9,1439013.3.fna,GCF_000630845.1_Stre_pyog_ABC020014925_V1_genomic.fna, 1863283, 1864746,1439013.3.fna_vs_GCF_000630845.1_Stre_pyog_ABC020014925_V1_genomic.fna_blast.xml,0,0,0,0,0,0,0,1424,1863313,0,0,0,9,0,0,1439013_subject_array_1739826733.bin
66405,1439067,ABC020031898,1439067.3,9,https://ftp.ncbi.nlm.nih.gov/genomes/all/GCF/000/629/905/GCF_000629905.1_Stre_pyog_ABC020031898_V1,9,1439067.3.fna,GCF_000629905.1_Stre_pyog_ABC020031898_V1_genomic.fna, 1817740, 1817840,1439067.3.fna_vs_GCF_000629905.1_Stre_pyog_ABC020031898_V1_genomic.fna_blast.xml,0,0,0,0,0,0,0,100,1817740,0,0,0,0,0,0,1439067_subject_array_1739826734.bin
66410,1439073,ABC020032523,1439073.3,9,https://ftp.ncbi.nlm.nih.gov/genomes/all/GCF/000/630/665/GCF_000630665.1_Stre_pyog_ABC020032523_V1,9,1439073.3.fna,GCF_000630665.1_Stre_pyog_ABC020032523_V1_genomic.fna, 1860370, 1860470,1439073.3.fna_vs_GCF_000630665.1_Stre_pyog_ABC020032523_V1_genomic.fna_blast.xml,0,0,0,0,0,0,0,100,1860370,0,0,0,0,0,0,1439073_subject_array_1739826735.bin
66413,1439076,ABC020033193,1439076.3,9,https://ftp.ncbi.nlm.nih.gov/genomes/all/GCF/000/630/645/GCF_000630645.1_Stre_pyog_ABC020033193_V1,9,1439076.3.fna,GCF_000630645.1_Stre_pyog_ABC020033193_V1_genomic.fna, 1810394, 1811103,1439076.3.fna_vs_GCF_000630645.1_Stre_pyog_ABC020033193_V1_genomic.fna_blast.xml,0,0,0,0,0,0,0,709,1810394,0,0,0,0,0,0,1439076_subject_array_1739826735.bin
66420,1439106,ABC020038544,1439106.3,9,https://ftp.ncbi.nlm.nih.gov/genomes/all/GCF/000/631/825/GCF_000631825.1_Stre_pyog_ABC020038544_V1,9,1439106.3.fna,GCF_000631825.1_Stre_pyog_ABC020038544_V1_genomic.fna, 1828798, 1829924,1439106.3.fna_vs_GCF_000631825.1_Stre_pyog_ABC020038544_V1_genomic.fna_blast.xml,0,0,0,0,0,0,0,1119,1828802,0,0,0,3,0,0,1439106_subject_array_1739826736.bin
66424,1439115,ABC020039391,1439115.3,9,https://ftp.ncbi.nlm.nih.gov/genomes/all/GCF/000/630/585/GCF_000630585.1_Stre_pyog_ABC020039391_V1,9,1439115.3.fna,GCF_000630585.1_Stre_pyog_ABC020039391_V1_genomic.fna, 1795474, 1796472,1439115.3.fna_vs_GCF_000630585.1_Stre_pyog_ABC020039391_V1_genomic.fna_blast.xml,0,0,0,0,0,0,0,996,1795474,0,0,0,2,0,0,1439115_subject_array_1739826737.bin
66432,1439134,ABC020044193,1439134.3,9,https://ftp.ncbi.nlm.nih.gov/genomes/all/GCF/000/630/525/GCF_000630525.1_Stre_pyog_ABC020044193_V1,9,1439134.3.fna,GCF_000630525.1_Stre_pyog_ABC020044193_V1_genomic.fna, 1826704, 1827080,1439134.3.fna_vs_GCF_000630525.1_Stre_pyog_ABC020044193_V1_genomic.fna_blast.xml,0,0,0,0,0,0,0,376,1826704,0,0,0,0,0,0,1439134_subject_array_1739826738.bin
66444,1439153,ABC020047086,1439153.3,9,https://ftp.ncbi.nlm.nih.gov/genomes/all/GCF/000/631/945/GCF_000631945.1_Stre_pyog_ABC020047086_V1,9,1439153.3.fna,GCF_000631945.1_Stre_pyog_ABC020047086_V1_genomic.fna, 1789096, 1790174,1439153.3.fna_vs_GCF_000631945.1_Stre_pyog_ABC020047086_V1_genomic.fna_blast.xml,0,0,0,0,0,0,0,1059,1789114,0,0,0,1,0,0,1439153_subject_array_1739826738.bin
66455,1439170,ABC020048184,1439170.3,9,https://ftp.ncbi.nlm.nih.gov/genomes/all/GCF/000/629/745/GCF_000629745.1_Stre_pyog_ABC020048184_V1,9,1439170.3.fna,GCF_000629745.1_Stre_pyog_ABC020048184_V1_genomic.fna, 1794791, 1795084,1439170.3.fna_vs_GCF_000629745.1_Stre_pyog_ABC020048184_V1_genomic.fna_blast.xml,0,0,0,0,0,0,0,293,1794791,0,0,0,0,0,0,1439170_subject_array_1739826739.bin
66491,1439225,ABC020053060,1439225.3,9,https://ftp.ncbi.nlm.nih.gov/genomes/all/GCF/000/631/785/GCF_000631785.1_Stre_pyog_ABC020053060_V1,9,1439225.3.fna,GCF_000631785.1_Stre_pyog_ABC020053060_V1_genomic.fna, 1842261, 1843092,1439225.3.fna_vs_GCF_000631785.1_Stre_pyog_ABC020053060_V1_genomic.fna_blast.xml,0,0,0,0,0,0,0,817,1842275,0,0,0,0,0,0,1439225_subject_array_1739826740.bin
66492,1439228,ABC020053240,1439228.3,9,https://ftp.ncbi.nlm.nih.gov/genomes/all/GCF/000/631/285/GCF_000631285.1_Stre_pyog_ABC020053240_V1,9,1439228.3.fna,GCF_000631285.1_Stre_pyog_ABC020053240_V1_genomic.fna, 1820395, 1820495,1439228.3.fna_vs_GCF_000631285.1_Stre_pyog_ABC020053240_V1_genomic.fna_blast.xml,0,0,0,0,0,0,0,100,1820395,0,0,0,0,0,0,1439228_subject_array_1739826740.bin
66494,1439236,ABC020054184,1439236.3,9,https://ftp.ncbi.nlm.nih.gov/genomes/all/GCF/000/631/765/GCF_000631765.1_Stre_pyog_ABC020054184_V1,9,1439236.3.fna,GCF_000631765.1_Stre_pyog_ABC020054184_V1_genomic.fna, 1813017, 1813641,1439236.3.fna_vs_GCF_000631765.1_Stre_pyog_ABC020054184_V1_genomic.fna_blast.xml,0,0,0,0,0,0,0,624,1813017,0,0,0,0,0,0,1439236_subject_array_1739826741.bin
66496,1439245,ABC020054955,1439245.3,9,https://ftp.ncbi.nlm.nih.gov/genomes/all/GCF/000/630/285/GCF_000630285.1_Stre_pyog_ABC020054955_V1,9,1439245.3.fna,GCF_000630285.1_Stre_pyog_ABC020054955_V1_genomic.fna, 1890479, 1891411,1439245.3.fna_vs_GCF_000630285.1_Stre_pyog_ABC020054955_V1_genomic.fna_blast.xml,0,0,0,0,0,0,0,898,1890481,0,0,10,22,0,0,1439245_subject_array_1739826742.bin
66520,1439299,ABC020060777,1439299.3,9,https://ftp.ncbi.nlm.nih.gov/genomes/all/GCF/000/631/845/GCF_000631845.1_Stre_pyog_ABC020060777_V1,9,1439299.3.fna,GCF_000631845.1_Stre_pyog_ABC020060777_V1_genomic.fna, 1799184, 1800465,1439299.3.fna_vs_GCF_000631845.1_Stre_pyog_ABC020060777_V1_genomic.fna_blast.xml,0,0,0,0,0,0,0,1280,1799185,0,0,0,0,0,0,1439299_subject_array_1739826742.bin
66524,1439310,ABC020062601,1439310.3,9,https://ftp.ncbi.nlm.nih.gov/genomes/all/GCF/000/631/585/GCF_000631585.1_Stre_pyog_ABC020062601_V1,9,1439310.3.fna,GCF_000631585.1_Stre_pyog_ABC020062601_V1_genomic.fna, 1800419, 1801187,1439310.3.fna_vs_GCF_000631585.1_Stre_pyog_ABC020062601_V1_genomic.fna_blast.xml,0,0,0,0,0,0,0,764,1800423,0,0,0,0,0,0,1439310_subject_array_1739826743.bin
66525,1439314,ABC020064181,1439314.3,9,https://ftp.ncbi.nlm.nih.gov/genomes/all/GCF/000/631/745/GCF_000631745.1_Stre_pyog_ABC020064181_V1,9,1439314.3.fna,GCF_000631745.1_Stre_pyog_ABC020064181_V1_genomic.fna, 1827557, 1828387,1439314.3.fna_vs_GCF_000631745.1_Stre_pyog_ABC020064181_V1_genomic.fna_blast.xml,0,0,0,0,0,0,0,830,1827557,0,0,0,0,0,0,1439314_subject_array_1739826744.bin
66660,144185,DSM 20146,144185.6,9,https://ftp.ncbi.nlm.nih.gov/genomes/all/GCF/014/190/775/GCF_014190775.1_ASM1419077v1,9,144185.6.fna,GCF_014190775.1_ASM1419077v1_genomic.fna, 4406548, 4406548,144185.6.fna_vs_GCF_014190775.1_ASM1419077v1_genomic.fna_blast.xml,0,0,0,0,0,0,0,0,4406548,0,0,0,0,0,0,144185_subject_array_1739826745.bin
66670,1442,Pasteur Institute Standard strain,1442.3,9,https://ftp.ncbi.nlm.nih.gov/genomes/all/GCF/001/548/175/GCF_001548175.1_ASM154817v1,9,1442.3.fna,GCF_001548175.1_ASM154817v1_genomic.fna, 6870591, 6870591,1442.3.fna_vs_GCF_001548175.1_ASM154817v1_genomic.fna_blast.xml,0,0,0,0,0,0,0,0,6870591,0,0,0,0,0,0,1442_subject_array_1739826749.bin
67480,1448407,TKK_03_0059,1448407.3,9,https://ftp.ncbi.nlm.nih.gov/genomes/all/GCF/000/651/655/GCF_000651655.1_Myco_tube_TKK_03_0059_V1,9,1448407.3.fna,GCF_000651655.1_Myco_tube_TKK_03_0059_V1_genomic.fna, 4409810, 4414779,1448407.3.fna_vs_GCF_000651655.1_Myco_tube_TKK_03_0059_V1_genomic.fna_blast.xml,0,0,0,0,0,0,0,4844,4409935,0,0,0,0,0,0,1448407_subject_array_1739826751.bin
67488,1448426,TKK_03_0089,1448426.3,9,https://ftp.ncbi.nlm.nih.gov/genomes/all/GCF/000/651/815/GCF_000651815.1_Myco_tube_TKK_03_0089_V1,9,1448426.3.fna,GCF_000651815.1_Myco_tube_TKK_03_0089_V1_genomic.fna, 4361515, 4369162,1448426.3.fna_vs_GCF_000651815.1_Myco_tube_TKK_03_0089_V1_genomic.fna_blast.xml,0,0,0,0,0,0,0,7647,4361515,0,0,0,0,0,0,1448426_subject_array_1739826753.bin
67526,1448470,TKK_04_0066,1448470.3,9,https://ftp.ncbi.nlm.nih.gov/genomes/all/GCF/000/652/535/GCF_000652535.1_Myco_tube_TKK_04_0066_V1,9,1448470.3.fna,GCF_000652535.1_Myco_tube_TKK_04_0066_V1_genomic.fna, 4408131, 4415573,1448470.3.fna_vs_GCF_000652535.1_Myco_tube_TKK_04_0066_V1_genomic.fna_blast.xml,0,0,0,1,0,0,8,7209,4408326,0,4,25,0,0,0,1448470_subject_array_1739826755.bin
68425,1457232,DSM 28161,1457232.4,9,https://ftp.ncbi.nlm.nih.gov/genomes/all/GCF/029/525/575/GCF_029525575.1_ASM2952557v1,9,1457232.4.fna,GCF_029525575.1_ASM2952557v1_genomic.fna, 8497463, 8497463,1457232.4.fna_vs_GCF_029525575.1_ASM2952557v1_genomic.fna_blast.xml,0,0,0,0,0,0,0,0,8497431,0,0,5,27,0,0,1457232_subject_array_1739826758.bin
68477,1458463,AE2032,1458463.3,9,https://ftp.ncbi.nlm.nih.gov/genomes/all/GCF/000/702/965/GCF_000702965.1_ASM70296v1,9,1458463.3.fna,GCF_000702965.1_ASM70296v1_genomic.fna, 7345997, 7345997,1458463.3.fna_vs_GCF_000702965.1_ASM70296v1_genomic.fna_blast.xml,0,0,0,0,0,0,0,0,7345997,0,0,0,0,0,0,1458463_subject_array_1739826761.bin
68483,1458470,AG42,1458470.3,9,https://ftp.ncbi.nlm.nih.gov/genomes/all/GCF/000/703/025/GCF_000703025.1_ASM70302v1,9,1458470.3.fna,GCF_000703025.1_ASM70302v1_genomic.fna, 2567727, 2567727,1458470.3.fna_vs_GCF_000703025.1_ASM70302v1_genomic.fna_blast.xml,0,0,0,0,0,0,0,0,2567727,0,0,0,0,0,0,1458470_subject_array_1739826762.bin
68855,1463165,17M206,1463165.1144,9,https://ftp.ncbi.nlm.nih.gov/genomes/all/GCF/033/433/975/GCF_033433975.1_ASM3343397v1,9,1463165.1144.fna,GCF_033433975.1_ASM3343397v1_genomic.fna, 6346513, 6346513,1463165.1144.fna_vs_GCF_033433975.1_ASM3343397v1_genomic.fna_blast.xml,0,0,0,0,0,0,0,0,6346513,0,0,0,0,0,0,1463165_subject_array_1739826765.bin
68867,1463165,2020S07-155,1463165.1076,9,https://ftp.ncbi.nlm.nih.gov/genomes/all/GCF/030/490/185/GCF_030490185.1_ASM3049018v1,9,1463165.1076.fna,GCF_030490185.1_ASM3049018v1_genomic.fna, 5987996, 5987996,1463165.1076.fna_vs_GCF_030490185.1_ASM3049018v1_genomic.fna_blast.xml,0,0,0,0,0,0,2,1,5987991,0,0,2,0,0,0,1463165_subject_array_1739826768.bin
68966,1463165,AMR20200784,1463165.1247,9,https://ftp.ncbi.nlm.nih.gov/genomes/all/GCF/036/422/135/GCF_036422135.1_ASM3642213v1,9,1463165.1247.fna,GCF_036422135.1_ASM3642213v1_genomic.fna, 5779696, 5779696,1463165.1247.fna_vs_GCF_036422135.1_ASM3642213v1_genomic.fna_blast.xml,0,0,0,0,0,0,0,0,5779696,0,0,0,0,0,0,1463165_subject_array_1739826770.bin
69346,1463165,Kpn-96,1463165.1122,9,https://ftp.ncbi.nlm.nih.gov/genomes/all/GCF/031/624/175/GCF_031624175.1_ASM3162417v1,9,1463165.1122.fna,GCF_031624175.1_ASM3162417v1_genomic.fna, 5986896, 5986896,1463165.1122.fna_vs_GCF_031624175.1_ASM3162417v1_genomic.fna_blast.xml,0,0,0,0,0,0,0,0,5986896,0,0,0,0,0,0,1463165_subject_array_1739826773.bin
70101,147645,CCUG 32053,147645.118,9,https://ftp.ncbi.nlm.nih.gov/genomes/all/GCF/003/612/915/GCF_003612915.1_ASM361291v1,9,147645.118.fna,GCF_003612915.1_ASM361291v1_genomic.fna, 4668852, 4668852,147645.118.fna_vs_GCF_003612915.1_ASM361291v1_genomic.fna_blast.xml,0,0,0,0,0,0,0,0,4668852,0,0,0,0,0,0,147645_subject_array_1739826775.bin
70110,1476464,S27,1476464.5,9,https://ftp.ncbi.nlm.nih.gov/genomes/all/GCF/005/925/365/GCF_005925365.1_ASM592536v1,9,1476464.5.fna,GCF_005925365.1_ASM592536v1_genomic.fna, 4979101, 4979101,1476464.5.fna_vs_GCF_005925365.1_ASM592536v1_genomic.fna_blast.xml,0,0,0,0,0,0,0,0,4979101,0,0,0,0,0,0,1476464_subject_array_1739826777.bin
70145,1478,D8_B_41,1478.88,9,https://ftp.ncbi.nlm.nih.gov/genomes/all/GCF/030/348/705/GCF_030348705.1_ASM3034870v1,9,1478.88.fna,GCF_030348705.1_ASM3034870v1_genomic.fna, 5423200, 5423200,1478.88.fna_vs_GCF_030348705.1_ASM3034870v1_genomic.fna_blast.xml,0,0,0,0,0,0,0,0,5423200,0,0,0,0,0,0,1478_subject_array_1739826779.bin
70428,148942,20-094,148942.1052,9,https://ftp.ncbi.nlm.nih.gov/genomes/all/GCF/018/586/005/GCF_018586005.1_ASM1858600v1,9,148942.1052.fna,GCF_018586005.1_ASM1858600v1_genomic.fna, 2316550, 2316550,148942.1052.fna_vs_GCF_018586005.1_ASM1858600v1_genomic.fna_blast.xml,0,0,0,0,0,0,0,0,2316550,0,0,0,0,0,0,148942_subject_array_1739826781.bin
70681,148942,SEE_14-105,148942.1238,9,https://ftp.ncbi.nlm.nih.gov/genomes/all/GCF/021/081/805/GCF_021081805.1_ASM2108180v1,9,148942.1238.fna,GCF_021081805.1_ASM2108180v1_genomic.fna, 2367256, 2367256,148942.1238.fna_vs_GCF_021081805.1_ASM2108180v1_genomic.fna_blast.xml,0,0,0,0,0,0,0,0,2367256,0,0,0,0,0,0,148942_subject_array_1739826782.bin
70683,148942,SEE_14-125,148942.1239,9,https://ftp.ncbi.nlm.nih.gov/genomes/all/GCF/021/081/785/GCF_021081785.1_ASM2108178v1,9,148942.1239.fna,GCF_021081785.1_ASM2108178v1_genomic.fna, 2383735, 2383735,148942.1239.fna_vs_GCF_021081785.1_ASM2108178v1_genomic.fna_blast.xml,0,0,0,0,0,0,0,0,2383735,0,0,0,0,0,0,148942_subject_array_1739826784.bin
70684,148942,SEE_14-127,148942.1240,9,https://ftp.ncbi.nlm.nih.gov/genomes/all/GCF/021/081/765/GCF_021081765.1_ASM2108176v1,9,148942.1240.fna,GCF_021081765.1_ASM2108176v1_genomic.fna, 2409288, 2409288,148942.1240.fna_vs_GCF_021081765.1_ASM2108176v1_genomic.fna_blast.xml,0,0,0,0,0,0,0,0,2409288,0,0,0,0,0,0,148942_subject_array_1739826785.bin
70702,148942,SEE_18-074,148942.1218,9,https://ftp.ncbi.nlm.nih.gov/genomes/all/GCF/021/081/365/GCF_021081365.1_ASM2108136v1,9,148942.1218.fna,GCF_021081365.1_ASM2108136v1_genomic.fna, 2293198, 2293198,148942.1218.fna_vs_GCF_021081365.1_ASM2108136v1_genomic.fna_blast.xml,0,0,0,0,0,0,0,0,2293198,0,0,0,0,0,0,148942_subject_array_1739826787.bin
70706,148942,SEE_19-004,148942.1214,9,https://ftp.ncbi.nlm.nih.gov/genomes/all/GCF/021/081/225/GCF_021081225.1_ASM2108122v1,9,148942.1214.fna,GCF_021081225.1_ASM2108122v1_genomic.fna, 2385987, 2385987,148942.1214.fna_vs_GCF_021081225.1_ASM2108122v1_genomic.fna_blast.xml,0,0,0,0,0,0,0,0,2385987,0,0,0,0,0,0,148942_subject_array_1739826788.bin
70715,148942,SEE_19-039,148942.1206,9,https://ftp.ncbi.nlm.nih.gov/genomes/all/GCF/021/077/435/GCF_021077435.1_ASM2107743v1,9,148942.1206.fna,GCF_021077435.1_ASM2107743v1_genomic.fna, 2407262, 2407262,148942.1206.fna_vs_GCF_021077435.1_ASM2107743v1_genomic.fna_blast.xml,0,0,0,0,0,0,0,0,2407262,0,0,0,0,0,0,148942_subject_array_1739826790.bin
70720,148942,SEE_19-063,148942.1202,9,https://ftp.ncbi.nlm.nih.gov/genomes/all/GCF/021/077/345/GCF_021077345.1_ASM2107734v1,9,148942.1202.fna,GCF_021077345.1_ASM2107734v1_genomic.fna, 2339322, 2339322,148942.1202.fna_vs_GCF_021077345.1_ASM2107734v1_genomic.fna_blast.xml,0,0,0,0,0,0,0,0,2339322,0,0,0,0,0,0,148942_subject_array_1739826791.bin
72482,1496,20110740,1496.1545,9,https://ftp.ncbi.nlm.nih.gov/genomes/all/GCF/001/972/045/GCF_001972045.1_ASM197204v1,9,1496.1545.fna,GCF_001972045.1_ASM197204v1_genomic.fna, 4279635, 4279635,1496.1545.fna_vs_GCF_001972045.1_ASM197204v1_genomic.fna_blast.xml,0,0,0,0,0,0,0,0,4279635,0,0,0,0,0,0,1496_subject_array_1739826793.bin
72490,1496,20111163,1496.1539,9,https://ftp.ncbi.nlm.nih.gov/genomes/all/GCF/001/971/925/GCF_001971925.1_ASM197192v1,9,1496.1539.fna,GCF_001971925.1_ASM197192v1_genomic.fna, 4163956, 4163956,1496.1539.fna_vs_GCF_001971925.1_ASM197192v1_genomic.fna_blast.xml,0,0,0,0,0,0,0,0,4163956,0,0,0,0,0,0,1496_subject_array_1739826796.bin
72524,1496,21022,1496.4496,9,https://ftp.ncbi.nlm.nih.gov/genomes/all/GCF/006/380/975/GCF_006380975.1_ASM638097v1,9,1496.4496.fna,GCF_006380975.1_ASM638097v1_genomic.fna, 4445248, 4445248,1496.4496.fna_vs_GCF_006380975.1_ASM638097v1_genomic.fna_blast.xml,0,0,0,0,0,0,0,0,4445248,0,0,0,0,0,0,1496_subject_array_1739826797.bin
74887,1497340,SMR1,1497340.3,9,https://ftp.ncbi.nlm.nih.gov/genomes/all/GCF/003/289/625/GCF_003289625.1_ASM328962v1,9,1497340.3.fna,GCF_003289625.1_ASM328962v1_genomic.fna, 3257122, 3257122,1497340.3.fna_vs_GCF_003289625.1_ASM328962v1_genomic.fna_blast.xml,0,0,0,0,0,0,0,129,3256987,0,0,0,6,0,0,1497340_subject_array_1739826799.bin
74902,1499499,MIT 0602,1499499.3,9,https://ftp.ncbi.nlm.nih.gov/genomes/all/GCF/000/760/195/GCF_000760195.1_ASM76019v1,9,1499499.3.fna,GCF_000760195.1_ASM76019v1_genomic.fna, 1750918, 1750918,1499499.3.fna_vs_GCF_000760195.1_ASM76019v1_genomic.fna_blast.xml,0,0,0,0,0,0,0,0,1750918,0,0,0,0,0,0,1499499_subject_array_1739826799.bin
75037,1500506,DSM 46680,1500506.4,9,https://ftp.ncbi.nlm.nih.gov/genomes/all/GCF/006/716/575/GCF_006716575.1_ASM671657v1,9,1500506.4.fna,GCF_006716575.1_ASM671657v1_genomic.fna, 4526911, 4526911,1500506.4.fna_vs_GCF_006716575.1_ASM671657v1_genomic.fna_blast.xml,0,0,0,0,0,0,0,0,4526911,0,0,0,0,0,0,1500506_subject_array_1739826801.bin
75147,1501432,X2,1501432.5,9,https://ftp.ncbi.nlm.nih.gov/genomes/all/GCF/002/866/065/GCF_002866065.1_ASM286606v1,9,1501432.5.fna,GCF_002866065.1_ASM286606v1_genomic.fna, 2841088, 2841088,1501432.5.fna_vs_GCF_002866065.1_ASM286606v1_genomic.fna_blast.xml,0,0,0,0,0,0,0,352,2840735,0,0,1,0,0,0,1501432_subject_array_1739826802.bin
75543,1502,NCTC10613,1502.489,9,https://ftp.ncbi.nlm.nih.gov/genomes/all/GCF/900/461/235/GCF_900461235.1_50432_A01,9,1502.489.fna,GCF_900461235.1_50432_A01_genomic.fna, 3061691, 3061691,1502.489.fna_vs_GCF_900461235.1_50432_A01_genomic.fna_blast.xml,0,0,0,0,0,0,0,0,3061691,0,0,0,0,0,0,1502_subject_array_1739826804.bin
75620,1502,SXP-169,1502.3702,9,https://ftp.ncbi.nlm.nih.gov/genomes/all/GCF/036/347/695/GCF_036347695.1_ASM3634769v1,9,1502.3702.fna,GCF_036347695.1_ASM3634769v1_genomic.fna, 3569162, 3569162,1502.3702.fna_vs_GCF_036347695.1_ASM3634769v1_genomic.fna_blast.xml,0,0,0,0,0,0,0,0,3569162,0,0,0,0,0,0,1502_subject_array_1739826806.bin
75630,1502,Type D,1502.1069,9,https://ftp.ncbi.nlm.nih.gov/genomes/all/GCF/006/385/425/GCF_006385425.1_ASM638542v1,9,1502.1069.fna,GCF_006385425.1_ASM638542v1_genomic.fna, 3541437, 3541437,1502.1069.fna_vs_GCF_006385425.1_ASM638542v1_genomic.fna_blast.xml,0,0,0,0,0,0,0,0,3541437,0,0,0,0,0,0,1502_subject_array_1739826807.bin
76339,1511761,UCMA20148,1511761.46,9,https://ftp.ncbi.nlm.nih.gov/genomes/all/GCF/033/142/025/GCF_033142025.1_ASM3314202v1,9,1511761.46.fna,GCF_033142025.1_ASM3314202v1_genomic.fna, 1966744, 1966744,1511761.46.fna_vs_GCF_033142025.1_ASM3314202v1_genomic.fna_blast.xml,0,0,0,0,0,0,0,183,1966561,0,0,0,0,0,0,1511761_subject_array_1739826808.bin
76660,1520,DJ076,1520.352,9,https://ftp.ncbi.nlm.nih.gov/genomes/all/GCF/013/149/515/GCF_013149515.1_ASM1314951v1,9,1520.352.fna,GCF_013149515.1_ASM1314951v1_genomic.fna, 6093716, 6093716,1520.352.fna_vs_GCF_013149515.1_ASM1314951v1_genomic.fna_blast.xml,0,0,0,0,0,0,0,0,6093716,0,0,0,0,0,0,1520_subject_array_1739826811.bin
76729,1520,DJ186,1520.499,9,https://ftp.ncbi.nlm.nih.gov/genomes/all/GCF/013/297/225/GCF_013297225.1_ASM1329722v1,9,1520.499.fna,GCF_013297225.1_ASM1329722v1_genomic.fna, 6133655, 6133655,1520.499.fna_vs_GCF_013297225.1_ASM1329722v1_genomic.fna_blast.xml,0,0,0,0,0,0,0,0,6133655,0,0,0,0,0,0,1520_subject_array_1739826814.bin
76875,1522175,DSM 103570,1522175.3,9,https://ftp.ncbi.nlm.nih.gov/genomes/all/GCF/014/196/845/GCF_014196845.1_ASM1419684v1,9,1522175.3.fna,GCF_014196845.1_ASM1419684v1_genomic.fna, 5041052, 5041052,1522175.3.fna_vs_GCF_014196845.1_ASM1419684v1_genomic.fna_blast.xml,0,0,0,0,0,0,0,98,5040954,0,0,0,0,0,0,1522175_subject_array_1739826816.bin
76894,1522315,mt3,1522315.4,9,https://ftp.ncbi.nlm.nih.gov/genomes/all/GCF/001/375/555/GCF_001375555.1_Numidum_massiliensis,9,1522315.4.fna,GCF_001375555.1_Numidum_massiliensis_genomic.fna, 3755739, 3755739,1522315.4.fna_vs_GCF_001375555.1_Numidum_massiliensis_genomic.fna_blast.xml,0,0,0,0,0,0,0,0,3755739,0,0,0,0,0,0,1522315_subject_array_1739826818.bin
76993,1524264,CECT 8654,1524264.3,9,https://ftp.ncbi.nlm.nih.gov/genomes/all/GCF/014/191/715/GCF_014191715.1_ASM1419171v1,9,1524264.3.fna,GCF_014191715.1_ASM1419171v1_genomic.fna, 3489636, 3489636,1524264.3.fna_vs_GCF_014191715.1_ASM1419171v1_genomic.fna_blast.xml,0,0,0,0,0,0,0,98,3489538,0,0,0,0,0,0,1524264_subject_array_1739826820.bin
78312,155866,CCUG 46608,155866.9,9,https://ftp.ncbi.nlm.nih.gov/genomes/all/GCF/012/396/465/GCF_012396465.1_ASM1239646v1,9,155866.9.fna,GCF_012396465.1_ASM1239646v1_genomic.fna, 1658775, 1658775,155866.9.fna_vs_GCF_012396465.1_ASM1239646v1_genomic.fna_blast.xml,0,0,0,0,0,0,0,0,1658775,0,0,0,0,0,0,155866_subject_array_1739826821.bin
78364,1560005,CGMCC 1.12997,1560005.4,9,https://ftp.ncbi.nlm.nih.gov/genomes/all/GCF/014/640/335/GCF_014640335.1_ASM1464033v1,9,1560005.4.fna,GCF_014640335.1_ASM1464033v1_genomic.fna, 4535631, 4535631,1560005.4.fna_vs_GCF_014640335.1_ASM1464033v1_genomic.fna_blast.xml,0,0,0,0,0,0,0,0,4535631,0,0,0,0,0,0,1560005_subject_array_1739826822.bin
78367,1560006,DHOF10,1560006.3,9,https://ftp.ncbi.nlm.nih.gov/genomes/all/GCF/004/123/295/GCF_004123295.1_ASM412329v1,9,1560006.3.fna,GCF_004123295.1_ASM412329v1_genomic.fna, 5116187, 5116187,1560006.3.fna_vs_GCF_004123295.1_ASM412329v1_genomic.fna_blast.xml,0,0,0,0,0,0,0,0,5116187,0,0,0,0,0,0,1560006_subject_array_1739826825.bin
78571,1566827,NH6-79,1566827.4,9,https://ftp.ncbi.nlm.nih.gov/genomes/all/GCF/009/712/425/GCF_009712425.2_ASM971242v2,9,1566827.4.fna,GCF_009712425.2_ASM971242v2_genomic.fna, 3678158, 3678158,1566827.4.fna_vs_GCF_009712425.2_ASM971242v2_genomic.fna_blast.xml,0,0,0,0,0,0,0,100,3678058,0,0,0,0,0,0,1566827_subject_array_1739826826.bin
78606,156980,DSM 10495,156980.3,9,https://ftp.ncbi.nlm.nih.gov/genomes/all/GCF/900/105/345/GCF_900105345.1_IMG-taxon_2639762519_annotated_assembly,9,156980.3.fna,GCF_900105345.1_IMG-taxon_2639762519_annotated_assembly_genomic.fna, 3859681, 3859681,156980.3.fna_vs_GCF_900105345.1_IMG-taxon_2639762519_annotated_assembly_genomic.fna_blast.xml,0,0,0,0,0,0,0,0,3859679,0,0,0,2,0,0,156980_subject_array_1739826828.bin
78659,1572644,CECT 8356,1572644.3,9,https://ftp.ncbi.nlm.nih.gov/genomes/all/GCF/014/192/415/GCF_014192415.1_ASM1419241v1,9,1572644.3.fna,GCF_014192415.1_ASM1419241v1_genomic.fna, 3482219, 3482219,1572644.3.fna_vs_GCF_014192415.1_ASM1419241v1_genomic.fna_blast.xml,0,0,0,0,0,0,0,95,3482124,0,0,0,0,0,0,1572644_subject_array_1739826829.bin
79123,1580,TMW 1.2108,1580.119,9,https://ftp.ncbi.nlm.nih.gov/genomes/all/GCF/002/117/345/GCF_002117345.1_ASM211734v1,9,1580.119.fna,GCF_002117345.1_ASM211734v1_genomic.fna, 2917978, 2917978,1580.119.fna_vs_GCF_002117345.1_ASM211734v1_genomic.fna_blast.xml,0,0,0,0,0,0,0,0,2917978,0,0,0,0,0,0,1580_subject_array_1739826830.bin
79147,1580596,P13,1580596.5,9,https://ftp.ncbi.nlm.nih.gov/genomes/all/GCF/002/412/045/GCF_002412045.1_ASM241204v1,9,1580596.5.fna,GCF_002412045.1_ASM241204v1_genomic.fna, 4382816, 4382816,1580596.5.fna_vs_GCF_002412045.1_ASM241204v1_genomic.fna_blast.xml,0,0,0,0,0,0,0,0,4382816,0,0,0,0,0,0,1580596_subject_array_1739826832.bin
79443,1583331,JCM 30531,1583331.7,9,https://ftp.ncbi.nlm.nih.gov/genomes/all/GCF/014/647/755/GCF_014647755.1_ASM1464775v1,9,1583331.7.fna,GCF_014647755.1_ASM1464775v1_genomic.fna, 2166795, 2166795,1583331.7.fna_vs_GCF_014647755.1_ASM1464775v1_genomic.fna_blast.xml,0,0,0,0,0,0,0,0,2166795,0,0,0,0,0,0,1583331_subject_array_1739826833.bin
79594,1586240,SE2,1586240.3,9,https://ftp.ncbi.nlm.nih.gov/genomes/all/GCF/032/227/185/GCF_032227185.1_ASM3222718v1,9,1586240.3.fna,GCF_032227185.1_ASM3222718v1_genomic.fna, 5134163, 5134163,1586240.3.fna_vs_GCF_032227185.1_ASM3222718v1_genomic.fna_blast.xml,0,0,0,0,0,0,0,0,5134163,0,0,0,0,0,0,1586240_subject_array_1739826836.bin
80010,158836,2022CK-00700,158836.2189,9,https://ftp.ncbi.nlm.nih.gov/genomes/all/GCF/028/622/735/GCF_028622735.1_ASM2862273v1,9,158836.2189.fna,GCF_028622735.1_ASM2862273v1_genomic.fna, 5384973, 5384973,158836.2189.fna_vs_GCF_028622735.1_ASM2862273v1_genomic.fna_blast.xml,0,0,0,0,0,0,0,0,5384973,0,0,0,0,0,0,158836_subject_array_1739826838.bin
80657,158836,CPO166,158836.1047,9,https://ftp.ncbi.nlm.nih.gov/genomes/all/GCF/016/772/955/GCF_016772955.1_ASM1677295v1,9,158836.1047.fna,GCF_016772955.1_ASM1677295v1_genomic.fna, 5047518, 5047518,158836.1047.fna_vs_GCF_016772955.1_ASM1677295v1_genomic.fna_blast.xml,0,0,0,0,0,0,0,0,5047518,0,0,0,0,0,0,158836_subject_array_1739826841.bin
80742,158836,CUVET19-891,158836.2719,9,https://ftp.ncbi.nlm.nih.gov/genomes/all/GCF/041/644/985/GCF_041644985.1_ASM4164498v1,9,158836.2719.fna,GCF_041644985.1_ASM4164498v1_genomic.fna, 5114037, 5114037,158836.2719.fna_vs_GCF_041644985.1_ASM4164498v1_genomic.fna_blast.xml,0,0,0,0,0,0,0,0,5114037,0,0,0,0,0,0,158836_subject_array_1739826843.bin
81066,158836,Eho-4,158836.970,9,https://ftp.ncbi.nlm.nih.gov/genomes/all/GCF/015/910/285/GCF_015910285.1_ASM1591028v1,9,158836.970.fna,GCF_015910285.1_ASM1591028v1_genomic.fna, 5522018, 5522018,158836.970.fna_vs_GCF_015910285.1_ASM1591028v1_genomic.fna_blast.xml,0,0,0,0,0,0,0,0,5522018,0,0,0,0,0,0,158836_subject_array_1739826846.bin
81365,158836,MRSN791417,158836.2703,9,https://ftp.ncbi.nlm.nih.gov/genomes/all/GCF/030/717/405/GCF_030717405.1_ASM3071740v1,9,158836.2703.fna,GCF_030717405.1_ASM3071740v1_genomic.fna, 5668552, 5668552,158836.2703.fna_vs_GCF_030717405.1_ASM3071740v1_genomic.fna_blast.xml,0,0,0,0,0,0,0,0,5668551,0,1,0,0,0,0,158836_subject_array_1739826849.bin
81385,158836,NKE-171A,158836.2980,9,https://ftp.ncbi.nlm.nih.gov/genomes/all/GCF/033/034/195/GCF_033034195.1_ASM3303419v1,9,158836.2980.fna,GCF_033034195.1_ASM3303419v1_genomic.fna, 5050163, 5050163,158836.2980.fna_vs_GCF_033034195.1_ASM3303419v1_genomic.fna_blast.xml,0,0,0,0,0,0,0,0,5050163,0,0,0,0,0,0,158836_subject_array_1739826852.bin
81505,158836,PP-E-1001-3,158836.2978,9,https://ftp.ncbi.nlm.nih.gov/genomes/all/GCF/033/033/775/GCF_033033775.1_ASM3303377v1,9,158836.2978.fna,GCF_033033775.1_ASM3303377v1_genomic.fna, 4992947, 4992947,158836.2978.fna_vs_GCF_033033775.1_ASM3303377v1_genomic.fna_blast.xml,0,0,0,0,0,0,0,0,4992947,0,0,0,0,0,0,158836_subject_array_1739826855.bin
81733,158836,TZ147,158836.1675,9,https://ftp.ncbi.nlm.nih.gov/genomes/all/GCF/023/558/585/GCF_023558585.1_ASM2355858v1,9,158836.1675.fna,GCF_023558585.1_ASM2355858v1_genomic.fna, 5507842, 5507842,158836.1675.fna_vs_GCF_023558585.1_ASM2355858v1_genomic.fna_blast.xml,0,0,0,0,0,0,0,0,5507841,0,0,1,0,0,0,158836_subject_array_1739826858.bin
81742,158836,UCICRE-132,158836.863,9,https://ftp.ncbi.nlm.nih.gov/genomes/all/GCF/014/902/255/GCF_014902255.1_ASM1490225v1,9,158836.863.fna,GCF_014902255.1_ASM1490225v1_genomic.fna, 5067990, 5067990,158836.863.fna_vs_GCF_014902255.1_ASM1490225v1_genomic.fna_blast.xml,0,0,0,0,0,0,0,56067,5011904,0,0,0,19,0,0,158836_subject_array_1739826861.bin
82013,1589,LB-1,1589.349,9,https://ftp.ncbi.nlm.nih.gov/genomes/all/GCF/030/480/485/GCF_030480485.1_ASM3048048v1,9,1589.349.fna,GCF_030480485.1_ASM3048048v1_genomic.fna, 3796630, 3796630,1589.349.fna_vs_GCF_030480485.1_ASM3048048v1_genomic.fna_blast.xml,0,0,0,0,0,0,0,0,3796630,0,0,0,0,0,0,1589_subject_array_1739826865.bin
82017,1589,MS031,1589.138,9,https://ftp.ncbi.nlm.nih.gov/genomes/all/GCF/016/804/305/GCF_016804305.1_ASM1680430v1,9,1589.138.fna,GCF_016804305.1_ASM1680430v1_genomic.fna, 3805124, 3805124,1589.138.fna_vs_GCF_016804305.1_ASM1680430v1_genomic.fna_blast.xml,0,0,0,0,0,0,0,100,3805024,0,0,0,0,0,0,1589_subject_array_1739826869.bin
82066,159,Bhyo_208,159.412,9,https://ftp.ncbi.nlm.nih.gov/genomes/all/GCF/027/586/865/GCF_027586865.1_ASM2758686v1,9,159.412.fna,GCF_027586865.1_ASM2758686v1_genomic.fna, 3204886, 3204886,159.412.fna_vs_GCF_027586865.1_ASM2758686v1_genomic.fna_blast.xml,0,0,0,0,0,0,0,0,3204886,0,0,0,0,0,0,159_subject_array_1739826871.bin
82068,159,Bhyo_211,159.407,9,https://ftp.ncbi.nlm.nih.gov/genomes/all/GCF/027/586/835/GCF_027586835.1_ASM2758683v1,9,159.407.fna,GCF_027586835.1_ASM2758683v1_genomic.fna, 3054238, 3234035,159.407.fna_vs_GCF_027586835.1_ASM2758683v1_genomic.fna_blast.xml,0,0,47,9,0,0,26,144854,3071513,0,51,759,16690,0,86,159_subject_array_1739826872.bin
82086,159,Bhyo_243,159.380,9,https://ftp.ncbi.nlm.nih.gov/genomes/all/GCF/027/586/325/GCF_027586325.1_ASM2758632v1,9,159.380.fna,GCF_027586325.1_ASM2758632v1_genomic.fna, 3133197, 3181597,159.380.fna_vs_GCF_027586325.1_ASM2758632v1_genomic.fna_blast.xml,0,0,0,4,0,0,32,36012,3145136,0,26,279,107,0,1,159_subject_array_1739826874.bin
82090,159,Bhyo_251,159.370,9,https://ftp.ncbi.nlm.nih.gov/genomes/all/GCF/027/586/195/GCF_027586195.1_ASM2758619v1,9,159.370.fna,GCF_027586195.1_ASM2758619v1_genomic.fna, 3242244, 3242244,159.370.fna_vs_GCF_027586195.1_ASM2758619v1_genomic.fna_blast.xml,0,0,0,0,0,0,0,0,3242244,0,0,0,0,0,0,159_subject_array_1739826876.bin
82091,159,Bhyo_253,159.373,9,https://ftp.ncbi.nlm.nih.gov/genomes/all/GCF/027/586/135/GCF_027586135.1_ASM2758613v1,9,159.373.fna,GCF_027586135.1_ASM2758613v1_genomic.fna, 2326037, 3214156,159.373.fna_vs_GCF_027586135.1_ASM2758613v1_genomic.fna_blast.xml,0,0,130,34,0,0,221,798754,2364622,0,331,4358,45497,0,209,159_subject_array_1739826877.bin
82107,159,Bhyo_273,159.359,9,https://ftp.ncbi.nlm.nih.gov/genomes/all/GCF/027/585/865/GCF_027585865.1_ASM2758586v1,9,159.359.fna,GCF_027585865.1_ASM2758586v1_genomic.fna, 3250358, 3252721,159.359.fna_vs_GCF_027585865.1_ASM2758586v1_genomic.fna_blast.xml,0,0,2,0,0,0,0,0,3250376,0,2,41,2300,0,0,159_subject_array_1739826878.bin
82123,159,Bhyo_291,159.342,9,https://ftp.ncbi.nlm.nih.gov/genomes/all/GCF/027/585/515/GCF_027585515.1_ASM2758551v1,9,159.342.fna,GCF_027585515.1_ASM2758551v1_genomic.fna, 3223606, 3227621,159.342.fna_vs_GCF_027585515.1_ASM2758551v1_genomic.fna_blast.xml,0,0,0,0,0,0,1,3434,3223932,0,1,37,216,0,0,159_subject_array_1739826880.bin
82212,1590,83-18,1590.1605,9,https://ftp.ncbi.nlm.nih.gov/genomes/all/GCF/009/759/825/GCF_009759825.1_ASM975982v1,9,1590.1605.fna,GCF_009759825.1_ASM975982v1_genomic.fna, 3363821, 3363821,1590.1605.fna_vs_GCF_009759825.1_ASM975982v1_genomic.fna_blast.xml,0,0,0,0,0,0,0,0,3363821,0,0,0,0,0,0,1590_subject_array_1739826882.bin
82292,1590,BC015,1590.3322,9,https://ftp.ncbi.nlm.nih.gov/genomes/all/GCF/026/689/375/GCF_026689375.1_ASM2668937v1,9,1590.3322.fna,GCF_026689375.1_ASM2668937v1_genomic.fna, 3443408, 3443408,1590.3322.fna_vs_GCF_026689375.1_ASM2668937v1_genomic.fna_blast.xml,0,0,0,0,0,0,0,0,3443408,0,0,0,0,0,0,1590_subject_array_1739826884.bin
82503,1590,GBCC_F0227,1590.4522,9,https://ftp.ncbi.nlm.nih.gov/genomes/all/GCF/037/997/095/GCF_037997095.1_ASM3799709v1,9,1590.4522.fna,GCF_037997095.1_ASM3799709v1_genomic.fna, 3378947, 3378947,1590.4522.fna_vs_GCF_037997095.1_ASM3799709v1_genomic.fna_blast.xml,0,0,0,0,0,0,0,0,3378947,0,0,0,0,0,0,1590_subject_array_1739826886.bin
82539,1590,JGS49,1590.4116,9,https://ftp.ncbi.nlm.nih.gov/genomes/all/GCF/031/583/165/GCF_031583165.1_ASM3158316v1,9,1590.4116.fna,GCF_031583165.1_ASM3158316v1_genomic.fna, 3412812, 3412812,1590.4116.fna_vs_GCF_031583165.1_ASM3158316v1_genomic.fna_blast.xml,0,0,0,0,0,0,0,0,3412812,0,0,0,0,0,0,1590_subject_array_1739826888.bin
82557,1590,KCKM 0106,1590.4115,9,https://ftp.ncbi.nlm.nih.gov/genomes/all/GCF/031/461/055/GCF_031461055.1_ASM3146105v1,9,1590.4115.fna,GCF_031461055.1_ASM3146105v1_genomic.fna, 3328662, 3328662,1590.4115.fna_vs_GCF_031461055.1_ASM3146105v1_genomic.fna_blast.xml,0,0,0,0,0,0,0,0,3328662,0,0,0,0,0,0,1590_subject_array_1739826890.bin
82627,1590,Lp-6,1590.2962,9,https://ftp.ncbi.nlm.nih.gov/genomes/all/GCF/024/181/705/GCF_024181705.1_ASM2418170v1,9,1590.2962.fna,GCF_024181705.1_ASM2418170v1_genomic.fna, 3482523, 3482523,1590.2962.fna_vs_GCF_024181705.1_ASM2418170v1_genomic.fna_blast.xml,0,0,0,0,0,0,0,0,3482523,0,0,0,0,0,0,1590_subject_array_1739826893.bin
82989,1590,TMW 1.25,1590.469,9,https://ftp.ncbi.nlm.nih.gov/genomes/all/GCF/002/117/245/GCF_002117245.1_ASM211724v1,9,1590.469.fna,GCF_002117245.1_ASM211724v1_genomic.fna, 3351899, 3351899,1590.469.fna_vs_GCF_002117245.1_ASM211724v1_genomic.fna_blast.xml,0,0,0,0,0,0,0,0,3351899,0,0,0,0,0,0,1590_subject_array_1739826895.bin
83013,1590,VHProbi V38,1590.2886,9,https://ftp.ncbi.nlm.nih.gov/genomes/all/GCF/023/347/215/GCF_023347215.1_ASM2334721v1,9,1590.2886.fna,GCF_023347215.1_ASM2334721v1_genomic.fna, 3197704, 3197704,1590.2886.fna_vs_GCF_023347215.1_ASM2334721v1_genomic.fna_blast.xml,0,0,0,0,0,0,0,0,3197704,0,0,0,0,0,0,1590_subject_array_1739826897.bin
83212,159612,LMG 3715,159612.17,9,https://ftp.ncbi.nlm.nih.gov/genomes/all/GCF/026/241/875/GCF_026241875.1_ASM2624187v1,9,159612.17.fna,GCF_026241875.1_ASM2624187v1_genomic.fna, 3592148, 3592148,159612.17.fna_vs_GCF_026241875.1_ASM2624187v1_genomic.fna_blast.xml,0,0,0,0,0,0,0,0,3592148,0,0,0,0,0,0,159612_subject_array_1739826899.bin
83528,1597,WX322,1597.985,9,https://ftp.ncbi.nlm.nih.gov/genomes/all/GCF/022/701/315/GCF_022701315.1_ASM2270131v1,9,1597.985.fna,GCF_022701315.1_ASM2270131v1_genomic.fna, 3320114, 3320114,1597.985.fna_vs_GCF_022701315.1_ASM2270131v1_genomic.fna_blast.xml,0,0,0,0,0,0,0,0,3320114,0,0,0,0,0,0,1597_subject_array_1739826901.bin
84154,1604897,TW1,1604897.3,9,https://ftp.ncbi.nlm.nih.gov/genomes/all/GCF/014/193/895/GCF_014193895.1_ASM1419389v1,9,1604897.3.fna,GCF_014193895.1_ASM1419389v1_genomic.fna, 5283768, 5283768,1604897.3.fna_vs_GCF_014193895.1_ASM1419389v1_genomic.fna_blast.xml,0,0,0,0,0,0,0,0,5283768,0,0,0,0,0,0,1604897_subject_array_1739826904.bin
84232,1607839,Kg1-2,1607839.69,9,https://ftp.ncbi.nlm.nih.gov/genomes/all/GCF/020/089/305/GCF_020089305.1_ASM2008930v1,9,1607839.69.fna,GCF_020089305.1_ASM2008930v1_genomic.fna, 1834759, 1834759,1607839.69.fna_vs_GCF_020089305.1_ASM2008930v1_genomic.fna_blast.xml,0,0,0,0,0,0,0,0,1834759,0,0,0,0,0,0,1607839_subject_array_1739826905.bin
84403,1610490,KCTC 33758,1610490.3,9,https://ftp.ncbi.nlm.nih.gov/genomes/all/GCF/016/401/385/GCF_016401385.1_ASM1640138v1,9,1610490.3.fna,GCF_016401385.1_ASM1640138v1_genomic.fna, 3922063, 3922063,1610490.3.fna_vs_GCF_016401385.1_ASM1640138v1_genomic.fna_blast.xml,0,0,0,0,0,0,0,0,3922063,0,0,0,0,0,0,1610490_subject_array_1739826907.bin
84717,1618204,IMCC21224,1618204.6,9,https://ftp.ncbi.nlm.nih.gov/genomes/all/GCF/001/038/505/GCF_001038505.1_ASM103850v1,9,1618204.6.fna,GCF_001038505.1_ASM103850v1_genomic.fna, 5563485, 5563485,1618204.6.fna_vs_GCF_001038505.1_ASM103850v1_genomic.fna_blast.xml,0,0,0,0,0,0,0,0,5563485,0,0,0,0,0,0,1618204_subject_array_1739826910.bin
84912,1621700,Kiel-L1,1621700.3,9,https://ftp.ncbi.nlm.nih.gov/genomes/all/GCF/003/369/925/GCF_003369925.1_ASM336992v1,9,1621700.3.fna,GCF_003369925.1_ASM336992v1_genomic.fna, 2610016, 2610016,1621700.3.fna_vs_GCF_003369925.1_ASM336992v1_genomic.fna_blast.xml,0,0,0,0,0,0,0,0,2610016,0,0,0,0,0,0,1621700_subject_array_1739826911.bin
85469,1631477,JCM 30598,1631477.3,9,https://ftp.ncbi.nlm.nih.gov/genomes/all/GCF/008/710/745/GCF_008710745.1_ASM871074v1,9,1631477.3.fna,GCF_008710745.1_ASM871074v1_genomic.fna, 4201324, 4201324,1631477.3.fna_vs_GCF_008710745.1_ASM871074v1_genomic.fna_blast.xml,0,0,0,0,0,0,0,0,4201324,0,0,0,0,0,0,1631477_subject_array_1739826913.bin
85663,1638982,NBRC 110048,1536642.3,9,https://ftp.ncbi.nlm.nih.gov/genomes/all/GCF/000/971/415/GCF_000971415.1_ASM97141v1,9,1536642.3.fna,GCF_000971415.1_ASM97141v1_genomic.fna, 3005458, 3005458,1536642.3.fna_vs_GCF_000971415.1_ASM97141v1_genomic.fna_blast.xml,0,0,0,0,0,0,1,1,3005455,0,0,1,0,0,0,1536642_subject_array_1739826915.bin
85906,1639,2014L-6331,1639.8346,9,https://ftp.ncbi.nlm.nih.gov/genomes/all/GCF/013/625/905/GCF_013625905.1_ASM1362590v1,9,1639.8346.fna,GCF_013625905.1_ASM1362590v1_genomic.fna, 2835584, 2835584,1639.8346.fna_vs_GCF_013625905.1_ASM1362590v1_genomic.fna_blast.xml,0,0,0,0,0,0,1,0,2835583,0,0,0,0,0,0,1639_subject_array_1739826917.bin
86520,1639,AUF-3,1639.14046,9,https://ftp.ncbi.nlm.nih.gov/genomes/all/GCF/036/351/865/GCF_036351865.1_ASM3635186v1,9,1639.14046.fna,GCF_036351865.1_ASM3635186v1_genomic.fna, 2845029, 2845029,1639.14046.fna_vs_GCF_036351865.1_ASM3635186v1_genomic.fna_blast.xml,0,0,0,0,0,0,0,0,2845029,0,0,0,0,0,0,1639_subject_array_1739826918.bin
86566,1639,BCW_2423,1639.1963,9,https://ftp.ncbi.nlm.nih.gov/genomes/all/GCF/001/759/155/GCF_001759155.1_ASM175915v1,9,1639.1963.fna,GCF_001759155.1_ASM175915v1_genomic.fna, 2935048, 2935048,1639.1963.fna_vs_GCF_001759155.1_ASM175915v1_genomic.fna_blast.xml,0,0,0,0,0,0,0,523,2934522,0,0,0,3,0,0,1639_subject_array_1739826920.bin
86683,1639,BCW_4776,1639.2183,9,https://ftp.ncbi.nlm.nih.gov/genomes/all/GCF/001/827/975/GCF_001827975.1_ASM182797v1,9,1639.2183.fna,GCF_001827975.1_ASM182797v1_genomic.fna, 2879862, 2879862,1639.2183.fna_vs_GCF_001827975.1_ASM182797v1_genomic.fna_blast.xml,0,0,0,0,0,0,0,100,2879762,0,0,0,0,0,0,1639_subject_array_1739826921.bin
86936,1639,CFSAN002295,1639.1951,9,https://ftp.ncbi.nlm.nih.gov/genomes/all/GCF/001/758/915/GCF_001758915.1_ASM175891v1,9,1639.1951.fna,GCF_001758915.1_ASM175891v1_genomic.fna, 2861878, 2861878,1639.1951.fna_vs_GCF_001758915.1_ASM175891v1_genomic.fna_blast.xml,0,0,0,0,0,0,0,200,2861678,0,0,0,0,0,0,1639_subject_array_1739826923.bin
87384,1639,CFSAN046015,1639.3135,9,https://ftp.ncbi.nlm.nih.gov/genomes/all/GCF/002/445/795/GCF_002445795.1_ASM244579v1,9,1639.3135.fna,GCF_002445795.1_ASM244579v1_genomic.fna, 2895373, 2895373,1639.3135.fna_vs_GCF_002445795.1_ASM244579v1_genomic.fna_blast.xml,0,0,0,0,0,0,0,292,2895081,0,0,0,0,0,0,1639_subject_array_1739826924.bin
87401,1639,CFSAN046032,1639.3333,9,https://ftp.ncbi.nlm.nih.gov/genomes/all/GCF/002/525/855/GCF_002525855.1_ASM252585v1,9,1639.3333.fna,GCF_002525855.1_ASM252585v1_genomic.fna, 2872206, 2872206,1639.3333.fna_vs_GCF_002525855.1_ASM252585v1_genomic.fna_blast.xml,0,0,0,0,0,0,0,212,2871994,0,0,0,0,0,0,1639_subject_array_1739826925.bin
87650,1639,D106L,1639.11272,9,https://ftp.ncbi.nlm.nih.gov/genomes/all/GCF/021/197/405/GCF_021197405.1_ASM2119740v1,9,1639.11272.fna,GCF_021197405.1_ASM2119740v1_genomic.fna, 2891479, 2891479,1639.11272.fna_vs_GCF_021197405.1_ASM2119740v1_genomic.fna_blast.xml,0,0,0,0,0,0,0,0,2891479,0,0,0,0,0,0,1639_subject_array_1739826926.bin
87669,1639,D143L,1639.11337,9,https://ftp.ncbi.nlm.nih.gov/genomes/all/GCF/021/198/975/GCF_021198975.1_ASM2119897v1,9,1639.11337.fna,GCF_021198975.1_ASM2119897v1_genomic.fna, 2911852, 2911852,1639.11337.fna_vs_GCF_021198975.1_ASM2119897v1_genomic.fna_blast.xml,0,0,0,0,0,0,0,0,2911852,0,0,0,0,0,0,1639_subject_array_1739826928.bin
87731,1639,DPC6895,1639.985,9,https://ftp.ncbi.nlm.nih.gov/genomes/all/GCF/000/987/705/GCF_000987705.1_ASM98770v1,9,1639.985.fna,GCF_000987705.1_ASM98770v1_genomic.fna, 2919539, 2919539,1639.985.fna_vs_GCF_000987705.1_ASM98770v1_genomic.fna_blast.xml,0,0,0,0,0,0,0,0,2919539,0,0,0,0,0,0,1639_subject_array_1739826929.bin
87778,1639,FSL C1-056,1639.6583,9,https://ftp.ncbi.nlm.nih.gov/genomes/all/GCF/004/331/855/GCF_004331855.1_ASM433185v1,9,1639.6583.fna,GCF_004331855.1_ASM433185v1_genomic.fna, 2874680, 2874680,1639.6583.fna_vs_GCF_004331855.1_ASM433185v1_genomic.fna_blast.xml,0,0,0,0,0,0,0,0,2874680,0,0,0,0,0,0,1639_subject_array_1739826931.bin
87812,1639,FSL L7-0144,1639.6887,9,https://ftp.ncbi.nlm.nih.gov/genomes/all/GCF/008/271/175/GCF_008271175.1_ASM827117v1,9,1639.6887.fna,GCF_008271175.1_ASM827117v1_genomic.fna, 2927771, 2927771,1639.6887.fna_vs_GCF_008271175.1_ASM827117v1_genomic.fna_blast.xml,0,0,0,0,0,0,0,0,2927771,0,0,0,0,0,0,1639_subject_array_1739826933.bin
87821,1639,FSL L7-0213,1639.6847,9,https://ftp.ncbi.nlm.nih.gov/genomes/all/GCF/008/270/375/GCF_008270375.1_ASM827037v1,9,1639.6847.fna,GCF_008270375.1_ASM827037v1_genomic.fna, 2871683, 2871683,1639.6847.fna_vs_GCF_008270375.1_ASM827037v1_genomic.fna_blast.xml,0,0,0,0,0,0,0,0,2871683,0,0,0,0,0,0,1639_subject_array_1739826934.bin
87889,1639,FSL L7-0755,1639.6808,9,https://ftp.ncbi.nlm.nih.gov/genomes/all/GCF/008/269/595/GCF_008269595.1_ASM826959v1,9,1639.6808.fna,GCF_008269595.1_ASM826959v1_genomic.fna, 2895646, 2895646,1639.6808.fna_vs_GCF_008269595.1_ASM826959v1_genomic.fna_blast.xml,0,0,0,0,0,0,0,0,2895646,0,0,0,0,0,0,1639_subject_array_1739826935.bin
88212,1639,ICDC-LM1874,1639.7635,9,https://ftp.ncbi.nlm.nih.gov/genomes/all/GCF/009/788/945/GCF_009788945.1_ASM978894v1,9,1639.7635.fna,GCF_009788945.1_ASM978894v1_genomic.fna, 2982693, 2982693,1639.7635.fna_vs_GCF_009788945.1_ASM978894v1_genomic.fna_blast.xml,0,0,0,0,0,0,0,0,2982693,0,0,0,0,0,0,1639_subject_array_1739826937.bin
88228,1639,ICDC-LM3068,1639.7632,9,https://ftp.ncbi.nlm.nih.gov/genomes/all/GCF/009/788/915/GCF_009788915.1_ASM978891v1,9,1639.7632.fna,GCF_009788915.1_ASM978891v1_genomic.fna, 2977883, 2977883,1639.7632.fna_vs_GCF_009788915.1_ASM978891v1_genomic.fna_blast.xml,0,0,0,0,0,0,0,0,2977883,0,0,0,0,0,0,1639_subject_array_1739826938.bin
88385,1639,L1976,1639.4313,9,https://ftp.ncbi.nlm.nih.gov/genomes/all/GCF/002/912/295/GCF_002912295.1_ASM291229v1,9,1639.4313.fna,GCF_002912295.1_ASM291229v1_genomic.fna, 2995953, 2995953,1639.4313.fna_vs_GCF_002912295.1_ASM291229v1_genomic.fna_blast.xml,0,0,0,0,0,0,0,0,2995953,0,0,0,0,0,0,1639_subject_array_1739826939.bin
88491,1639,LM-F-10,1639.4458,9,https://ftp.ncbi.nlm.nih.gov/genomes/all/GCF/003/186/945/GCF_003186945.1_ASM318694v1,9,1639.4458.fna,GCF_003186945.1_ASM318694v1_genomic.fna, 2994408, 2994408,1639.4458.fna_vs_GCF_003186945.1_ASM318694v1_genomic.fna_blast.xml,0,0,0,0,0,0,0,0,2994408,0,0,0,0,0,0,1639_subject_array_1739826941.bin
88517,1639,LM-F-135,1639.4477,9,https://ftp.ncbi.nlm.nih.gov/genomes/all/GCF/003/187/325/GCF_003187325.1_ASM318732v1,9,1639.4477.fna,GCF_003187325.1_ASM318732v1_genomic.fna, 2997741, 2997741,1639.4477.fna_vs_GCF_003187325.1_ASM318732v1_genomic.fna_blast.xml,0,0,0,0,0,0,0,0,2997741,0,0,0,0,0,0,1639_subject_array_1739826942.bin
88523,1639,LM-F-144,1639.4472,9,https://ftp.ncbi.nlm.nih.gov/genomes/all/GCF/003/187/225/GCF_003187225.1_ASM318722v1,9,1639.4472.fna,GCF_003187225.1_ASM318722v1_genomic.fna, 2882585, 2882585,1639.4472.fna_vs_GCF_003187225.1_ASM318722v1_genomic.fna_blast.xml,0,0,0,0,0,0,0,0,2882585,0,0,0,0,0,0,1639_subject_array_1739826943.bin
88556,1639,LM-F-46,1639.4530,9,https://ftp.ncbi.nlm.nih.gov/genomes/all/GCF/003/190/105/GCF_003190105.1_ASM319010v1,9,1639.4530.fna,GCF_003190105.1_ASM319010v1_genomic.fna, 2997247, 2997247,1639.4530.fna_vs_GCF_003190105.1_ASM319010v1_genomic.fna_blast.xml,0,0,0,0,0,0,0,0,2997247,0,0,0,0,0,0,1639_subject_array_1739826945.bin
88593,1639,LM03,1639.13687,9,https://ftp.ncbi.nlm.nih.gov/genomes/all/GCF/030/481/015/GCF_030481015.1_ASM3048101v1,9,1639.13687.fna,GCF_030481015.1_ASM3048101v1_genomic.fna, 2899594, 2899594,1639.13687.fna_vs_GCF_030481015.1_ASM3048101v1_genomic.fna_blast.xml,0,0,0,0,0,0,0,0,2899594,0,0,0,0,0,0,1639_subject_array_1739826946.bin
88722,1639,LM21,1639.13681,9,https://ftp.ncbi.nlm.nih.gov/genomes/all/GCF/030/480/625/GCF_030480625.1_ASM3048062v1,9,1639.13681.fna,GCF_030480625.1_ASM3048062v1_genomic.fna, 3019230, 3019230,1639.13681.fna_vs_GCF_030480625.1_ASM3048062v1_genomic.fna_blast.xml,0,0,0,0,0,0,0,0,3019230,0,0,0,0,0,0,1639_subject_array_1739826947.bin
88733,1639,LM2941,1639.13452,9,https://ftp.ncbi.nlm.nih.gov/genomes/all/GCF/029/832/115/GCF_029832115.1_ASM2983211v1,9,1639.13452.fna,GCF_029832115.1_ASM2983211v1_genomic.fna, 2943171, 2943171,1639.13452.fna_vs_GCF_029832115.1_ASM2983211v1_genomic.fna_blast.xml,0,0,0,0,0,0,0,170,2943001,0,0,0,0,0,0,1639_subject_array_1739826949.bin
88757,1639,LM340-1,1639.13410,9,https://ftp.ncbi.nlm.nih.gov/genomes/all/GCF/029/831/275/GCF_029831275.1_ASM2983127v1,9,1639.13410.fna,GCF_029831275.1_ASM2983127v1_genomic.fna, 2875753, 2875753,1639.13410.fna_vs_GCF_029831275.1_ASM2983127v1_genomic.fna_blast.xml,0,0,0,0,0,0,0,91,2875661,0,0,1,0,0,0,1639_subject_array_1739826950.bin
88758,1639,LM340-2,1639.13411,9,https://ftp.ncbi.nlm.nih.gov/genomes/all/GCF/029/831/285/GCF_029831285.1_ASM2983128v1,9,1639.13411.fna,GCF_029831285.1_ASM2983128v1_genomic.fna, 2876068, 2876068,1639.13411.fna_vs_GCF_029831285.1_ASM2983128v1_genomic.fna_blast.xml,0,0,0,0,0,0,0,279,2875789,0,0,0,0,0,0,1639_subject_array_1739826951.bin
88814,1639,LM802,1639.13426,9,https://ftp.ncbi.nlm.nih.gov/genomes/all/GCF/029/831/595/GCF_029831595.1_ASM2983159v1,9,1639.13426.fna,GCF_029831595.1_ASM2983159v1_genomic.fna, 2913611, 2913611,1639.13426.fna_vs_GCF_029831595.1_ASM2983159v1_genomic.fna_blast.xml,0,0,0,0,0,0,0,270,2913341,0,0,0,0,0,0,1639_subject_array_1739826953.bin
88827,1639,LM926,1639.13419,9,https://ftp.ncbi.nlm.nih.gov/genomes/all/GCF/029/831/435/GCF_029831435.1_ASM2983143v1,9,1639.13419.fna,GCF_029831435.1_ASM2983143v1_genomic.fna, 2859000, 2859000,1639.13419.fna_vs_GCF_029831435.1_ASM2983143v1_genomic.fna_blast.xml,0,0,0,0,0,0,0,274,2858726,0,0,0,0,0,0,1639_subject_array_1739826954.bin
88830,1639,LM931,1639.13418,9,https://ftp.ncbi.nlm.nih.gov/genomes/all/GCF/029/831/385/GCF_029831385.1_ASM2983138v1,9,1639.13418.fna,GCF_029831385.1_ASM2983138v1_genomic.fna, 2875970, 2875970,1639.13418.fna_vs_GCF_029831385.1_ASM2983138v1_genomic.fna_blast.xml,0,0,0,0,0,0,0,176,2875794,0,0,0,0,0,0,1639_subject_array_1739826955.bin
88831,1639,LM935,1639.13412,9,https://ftp.ncbi.nlm.nih.gov/genomes/all/GCF/029/831/365/GCF_029831365.1_ASM2983136v1,9,1639.13412.fna,GCF_029831365.1_ASM2983136v1_genomic.fna, 2875979, 2875979,1639.13412.fna_vs_GCF_029831365.1_ASM2983136v1_genomic.fna_blast.xml,0,0,0,0,0,0,0,181,2875798,0,0,0,0,0,0,1639_subject_array_1739826957.bin
88838,1639,LMQ02,1639.13731,9,https://ftp.ncbi.nlm.nih.gov/genomes/all/GCF/031/463/055/GCF_031463055.1_ASM3146305v1,9,1639.13731.fna,GCF_031463055.1_ASM3146305v1_genomic.fna, 2944502, 2944502,1639.13731.fna_vs_GCF_031463055.1_ASM3146305v1_genomic.fna_blast.xml,0,0,0,0,0,0,0,198,2944304,0,0,0,0,0,0,1639_subject_array_1739826958.bin
88843,1639,LMQ07,1639.13615,9,https://ftp.ncbi.nlm.nih.gov/genomes/all/GCF/030/209/935/GCF_030209935.1_ASM3020993v1,9,1639.13615.fna,GCF_030209935.1_ASM3020993v1_genomic.fna, 2974751, 2974751,1639.13615.fna_vs_GCF_030209935.1_ASM3020993v1_genomic.fna_blast.xml,0,0,0,0,0,0,0,199,2974552,0,0,0,0,0,0,1639_subject_array_1739826959.bin
88845,1639,LMQ09,1639.13641,9,https://ftp.ncbi.nlm.nih.gov/genomes/all/GCF/030/210/015/GCF_030210015.1_ASM3021001v1,9,1639.13641.fna,GCF_030210015.1_ASM3021001v1_genomic.fna, 2944396, 2944396,1639.13641.fna_vs_GCF_030210015.1_ASM3021001v1_genomic.fna_blast.xml,0,0,0,0,0,0,0,198,2944198,0,0,0,0,0,0,1639_subject_array_1739826961.bin
88880,1639,LMQ44,1639.13632,9,https://ftp.ncbi.nlm.nih.gov/genomes/all/GCF/030/210/375/GCF_030210375.1_ASM3021037v1,9,1639.13632.fna,GCF_030210375.1_ASM3021037v1_genomic.fna, 2973779, 2973779,1639.13632.fna_vs_GCF_030210375.1_ASM3021037v1_genomic.fna_blast.xml,0,0,0,0,0,0,0,100,2973679,0,0,0,0,0,0,1639_subject_array_1739826962.bin
88884,1639,LMQ51,1639.13626,9,https://ftp.ncbi.nlm.nih.gov/genomes/all/GCF/030/210/295/GCF_030210295.1_ASM3021029v1,9,1639.13626.fna,GCF_030210295.1_ASM3021029v1_genomic.fna, 2940067, 2940067,1639.13626.fna_vs_GCF_030210295.1_ASM3021029v1_genomic.fna_blast.xml,0,0,0,0,0,0,0,100,2939967,0,0,0,0,0,0,1639_subject_array_1739826964.bin
88886,1639,LMQ81,1639.13635,9,https://ftp.ncbi.nlm.nih.gov/genomes/all/GCF/030/210/235/GCF_030210235.1_ASM3021023v1,9,1639.13635.fna,GCF_030210235.1_ASM3021023v1_genomic.fna, 2880269, 2880269,1639.13635.fna_vs_GCF_030210235.1_ASM3021023v1_genomic.fna_blast.xml,0,0,0,0,0,0,0,200,2880069,0,0,0,0,0,0,1639_subject_array_1739826965.bin
89177,1639,MQ130037,1639.2611,9,https://ftp.ncbi.nlm.nih.gov/genomes/all/GCF/002/028/265/GCF_002028265.1_ASM202826v1,9,1639.2611.fna,GCF_002028265.1_ASM202826v1_genomic.fna, 2938672, 2938672,1639.2611.fna_vs_GCF_002028265.1_ASM202826v1_genomic.fna_blast.xml,0,0,0,0,0,0,0,0,2938672,0,0,0,0,0,0,1639_subject_array_1739826967.bin
89320,1639,N12-1107,1639.4817,9,https://ftp.ncbi.nlm.nih.gov/genomes/all/GCF/003/588/545/GCF_003588545.1_ASM358854v1,9,1639.4817.fna,GCF_003588545.1_ASM358854v1_genomic.fna, 2911579, 2911579,1639.4817.fna_vs_GCF_003588545.1_ASM358854v1_genomic.fna_blast.xml,0,0,0,0,0,0,0,0,2911579,0,0,0,0,0,0,1639_subject_array_1739826968.bin
89378,1639,N13-1158,1639.4782,9,https://ftp.ncbi.nlm.nih.gov/genomes/all/GCF/003/587/845/GCF_003587845.1_ASM358784v1,9,1639.4782.fna,GCF_003587845.1_ASM358784v1_genomic.fna, 2984373, 2984373,1639.4782.fna_vs_GCF_003587845.1_ASM358784v1_genomic.fna_blast.xml,0,0,0,0,0,0,0,0,2984373,0,0,0,0,0,0,1639_subject_array_1739826970.bin
89396,1639,N13-2179,1639.4723,9,https://ftp.ncbi.nlm.nih.gov/genomes/all/GCF/003/586/665/GCF_003586665.1_ASM358666v1,9,1639.4723.fna,GCF_003586665.1_ASM358666v1_genomic.fna, 2834776, 2834776,1639.4723.fna_vs_GCF_003586665.1_ASM358666v1_genomic.fna_blast.xml,0,0,0,0,0,0,0,0,2834776,0,0,0,0,0,0,1639_subject_array_1739826971.bin
89511,1639,NRRL B-33364,1639.2007,9,https://ftp.ncbi.nlm.nih.gov/genomes/all/GCF/001/760/045/GCF_001760045.1_BCW_3844,9,1639.2007.fna,GCF_001760045.1_BCW_3844_genomic.fna, 2918129, 2918129,1639.2007.fna_vs_GCF_001760045.1_BCW_3844_genomic.fna_blast.xml,0,0,0,0,0,0,0,341,2917787,0,0,0,1,0,0,1639_subject_array_1739826973.bin
89512,1639,NRRL B-33365,1639.2008,9,https://ftp.ncbi.nlm.nih.gov/genomes/all/GCF/001/760/065/GCF_001760065.1_BCW_3845,9,1639.2008.fna,GCF_001760065.1_BCW_3845_genomic.fna, 2875023, 2875023,1639.2008.fna_vs_GCF_001760065.1_BCW_3845_genomic.fna_blast.xml,0,0,0,0,0,0,0,200,2874823,0,0,0,0,0,0,1639_subject_array_1739826975.bin
89527,1639,NRRL B-33382,1639.2023,9,https://ftp.ncbi.nlm.nih.gov/genomes/all/GCF/001/760/365/GCF_001760365.1_BCW_3860,9,1639.2023.fna,GCF_001760365.1_BCW_3860_genomic.fna, 2844019, 2844019,1639.2023.fna_vs_GCF_001760365.1_BCW_3860_genomic.fna_blast.xml,0,0,0,0,0,0,0,147,2843872,0,0,0,0,0,0,1639_subject_array_1739826976.bin
89873,1639,SNU8,1639.13065,9,https://ftp.ncbi.nlm.nih.gov/genomes/all/GCF/026/386/715/GCF_026386715.1_ASM2638671v1,9,1639.13065.fna,GCF_026386715.1_ASM2638671v1_genomic.fna, 2940193, 2940193,1639.13065.fna_vs_GCF_026386715.1_ASM2638671v1_genomic.fna_blast.xml,0,0,0,0,0,0,0,100,2940093,0,0,0,0,0,0,1639_subject_array_1739826978.bin
90036,1639,p979-1,1639.4356,9,https://ftp.ncbi.nlm.nih.gov/genomes/all/GCF/003/011/395/GCF_003011395.1_ASM301139v1,9,1639.4356.fna,GCF_003011395.1_ASM301139v1_genomic.fna, 2956440, 2956440,1639.4356.fna_vs_GCF_003011395.1_ASM301139v1_genomic.fna_blast.xml,0,0,0,0,0,0,1,0,2956438,0,0,1,0,0,0,1639_subject_array_1739826979.bin
90437,1640,FSL W9-1367,1640.152,9,https://ftp.ncbi.nlm.nih.gov/genomes/all/GCF/015/275/095/GCF_015275095.1_ASM1527509v1,9,1640.152.fna,GCF_015275095.1_ASM1527509v1_genomic.fna, 2802095, 2802095,1640.152.fna_vs_GCF_015275095.1_ASM1527509v1_genomic.fna_blast.xml,0,0,0,0,0,0,0,0,2802095,0,0,0,0,0,0,1640_subject_array_1739826981.bin
90598,1642,FSL L7-0309,1642.171,9,https://ftp.ncbi.nlm.nih.gov/genomes/all/GCF/014/228/265/GCF_014228265.1_ASM1422826v1,9,1642.171.fna,GCF_014228265.1_ASM1422826v1_genomic.fna, 2844224, 2844224,1642.171.fna_vs_GCF_014228265.1_ASM1422826v1_genomic.fna_blast.xml,0,0,0,0,0,0,0,0,2844224,0,0,0,0,0,0,1642_subject_array_1739826982.bin
90633,1642,FSL W9-1179,1642.200,9,https://ftp.ncbi.nlm.nih.gov/genomes/all/GCF/015/275/525/GCF_015275525.1_ASM1527552v1,9,1642.200.fna,GCF_015275525.1_ASM1527552v1_genomic.fna, 2891726, 2891726,1642.200.fna_vs_GCF_015275525.1_ASM1527552v1_genomic.fna_blast.xml,0,0,0,0,0,0,0,0,2891726,0,0,0,0,0,0,1642_subject_array_1739826983.bin
90687,1642,Lin13-007,1642.228,9,https://ftp.ncbi.nlm.nih.gov/genomes/all/GCF/016/882/065/GCF_016882065.1_ASM1688206v1,9,1642.228.fna,GCF_016882065.1_ASM1688206v1_genomic.fna, 2879956, 2879956,1642.228.fna_vs_GCF_016882065.1_ASM1688206v1_genomic.fna_blast.xml,0,0,0,0,0,0,0,0,2879956,0,0,0,0,0,0,1642_subject_array_1739826984.bin
90691,1642,Lin13-012,1642.221,9,https://ftp.ncbi.nlm.nih.gov/genomes/all/GCF/016/881/985/GCF_016881985.1_ASM1688198v1,9,1642.221.fna,GCF_016881985.1_ASM1688198v1_genomic.fna, 2842977, 2842977,1642.221.fna_vs_GCF_016881985.1_ASM1688198v1_genomic.fna_blast.xml,0,0,0,0,0,0,0,0,2842977,0,0,0,0,0,0,1642_subject_array_1739826986.bin
90698,1642,Lin14-004,1642.215,9,https://ftp.ncbi.nlm.nih.gov/genomes/all/GCF/016/881/825/GCF_016881825.1_ASM1688182v1,9,1642.215.fna,GCF_016881825.1_ASM1688182v1_genomic.fna, 2801269, 2801269,1642.215.fna_vs_GCF_016881825.1_ASM1688182v1_genomic.fna_blast.xml,0,0,0,0,0,0,0,0,2801269,0,0,0,0,0,0,1642_subject_array_1739826987.bin
90702,1642,MF4030,1642.307,9,https://ftp.ncbi.nlm.nih.gov/genomes/all/GCF/029/870/715/GCF_029870715.1_ASM2987071v1,9,1642.307.fna,GCF_029870715.1_ASM2987071v1_genomic.fna, 2865629, 2865629,1642.307.fna_vs_GCF_029870715.1_ASM2987071v1_genomic.fna_blast.xml,0,0,0,0,0,0,0,0,2865629,0,0,0,0,0,0,1642_subject_array_1739826988.bin
90703,1642,MF4031,1642.311,9,https://ftp.ncbi.nlm.nih.gov/genomes/all/GCF/029/872/485/GCF_029872485.1_ASM2987248v1,9,1642.311.fna,GCF_029872485.1_ASM2987248v1_genomic.fna, 2782850, 2782850,1642.311.fna_vs_GCF_029872485.1_ASM2987248v1_genomic.fna_blast.xml,0,0,0,0,0,0,0,0,2782850,0,0,0,0,0,0,1642_subject_array_1739826990.bin
90704,1642,MF4033,1642.308,9,https://ftp.ncbi.nlm.nih.gov/genomes/all/GCF/029/870/775/GCF_029870775.1_ASM2987077v1,9,1642.308.fna,GCF_029870775.1_ASM2987077v1_genomic.fna, 2849451, 2849451,1642.308.fna_vs_GCF_029870775.1_ASM2987077v1_genomic.fna_blast.xml,0,0,0,0,0,0,0,0,2849451,0,0,0,0,0,0,1642_subject_array_1739826991.bin
90808,164348,DSM 41929,164348.11,9,https://ftp.ncbi.nlm.nih.gov/genomes/all/GCF/006/715/785/GCF_006715785.1_ASM671578v1,9,164348.11.fna,GCF_006715785.1_ASM671578v1_genomic.fna, 9146138, 9146138,164348.11.fna_vs_GCF_006715785.1_ASM671578v1_genomic.fna_blast.xml,0,0,0,0,0,0,0,0,9146138,0,0,0,0,0,0,164348_subject_array_1739826995.bin
90849,1646119,DSM 100397,1646119.3,9,https://ftp.ncbi.nlm.nih.gov/genomes/all/GCF/014/138/495/GCF_014138495.1_ASM1413849v1,9,1646119.3.fna,GCF_014138495.1_ASM1413849v1_genomic.fna, 3804645, 3804645,1646119.3.fna_vs_GCF_014138495.1_ASM1413849v1_genomic.fna_blast.xml,0,0,0,0,0,0,0,180,3804465,0,0,0,0,0,0,1646119_subject_array_1739826997.bin
91243,165179,Ind63-31,165179.3081,9,https://ftp.ncbi.nlm.nih.gov/genomes/all/GCF/026/015/295/GCF_026015295.1_ASM2601529v1,9,165179.3081.fna,GCF_026015295.1_ASM2601529v1_genomic.fna, 4131409, 4131409,165179.3081.fna_vs_GCF_026015295.1_ASM2601529v1_genomic.fna_blast.xml,0,0,0,0,0,0,0,0,4131409,0,0,0,0,0,0,165179_subject_array_1739826999.bin
91270,165179,N016-5,165179.3091,9,https://ftp.ncbi.nlm.nih.gov/genomes/all/GCF/026/015/565/GCF_026015565.1_ASM2601556v1,9,165179.3091.fna,GCF_026015565.1_ASM2601556v1_genomic.fna, 3847590, 3847590,165179.3091.fna_vs_GCF_026015565.1_ASM2601556v1_genomic.fna_blast.xml,0,0,0,0,0,0,0,0,3847590,0,0,0,0,0,0,165179_subject_array_1739827001.bin
91894,1673717,An867,1673717.5,9,https://ftp.ncbi.nlm.nih.gov/genomes/all/GCF/021/531/715/GCF_021531715.1_ASM2153171v1,9,1673717.5.fna,GCF_021531715.1_ASM2153171v1_genomic.fna, 2453661, 2453661,1673717.5.fna_vs_GCF_021531715.1_ASM2153171v1_genomic.fna_blast.xml,0,0,0,0,0,0,0,0,2453661,0,0,0,0,0,0,1673717_subject_array_1739827002.bin
91897,1673718,MV12,1673718.3,9,https://ftp.ncbi.nlm.nih.gov/genomes/all/GCF/900/178/525/GCF_900178525.1_PRJEB20505,9,1673718.3.fna,GCF_900178525.1_PRJEB20505_genomic.fna, 3710320, 3710320,1673718.3.fna_vs_GCF_900178525.1_PRJEB20505_genomic.fna_blast.xml,0,0,0,0,0,0,1,0,3710317,0,1,1,0,0,0,1673718_subject_array_1739827004.bin
91939,167553,SS35,167553.3,9,https://ftp.ncbi.nlm.nih.gov/genomes/all/GCF/000/760/275/GCF_000760275.1_ASM76027v1,9,167553.3.fna,GCF_000760275.1_ASM76027v1_genomic.fna, 1751015, 1751015,167553.3.fna_vs_GCF_000760275.1_ASM76027v1_genomic.fna_blast.xml,0,0,0,0,0,0,0,0,1751015,0,0,0,0,0,0,167553_subject_array_1739827005.bin
91984,1678900,NEAU-KD1 T,1678900.3,9,https://ftp.ncbi.nlm.nih.gov/genomes/all/GCF/010/994/095/GCF_010994095.1_ASM1099409v1,9,1678900.3.fna,GCF_010994095.1_ASM1099409v1_genomic.fna, 4622342, 4622342,1678900.3.fna_vs_GCF_010994095.1_ASM1099409v1_genomic.fna_blast.xml,0,0,0,0,0,0,0,0,4622342,0,0,0,0,0,0,1678900_subject_array_1739827007.bin
91987,1679,1898B,1679.282,9,https://ftp.ncbi.nlm.nih.gov/genomes/all/GCF/016/648/975/GCF_016648975.1_ASM1664897v1,9,1679.282.fna,GCF_016648975.1_ASM1664897v1_genomic.fna, 2464874, 2464874,1679.282.fna_vs_GCF_016648975.1_ASM1664897v1_genomic.fna_blast.xml,0,0,0,0,0,0,0,0,2464874,0,0,0,0,0,0,1679_subject_array_1739827008.bin
92346,1680,D31t1_170403_E3,1680.2580,9,https://ftp.ncbi.nlm.nih.gov/genomes/all/GCF/015/549/865/GCF_015549865.1_ASM1554986v1,9,1680.2580.fna,GCF_015549865.1_ASM1554986v1_genomic.fna, 2336406, 2336406,1680.2580.fna_vs_GCF_015549865.1_ASM1554986v1_genomic.fna_blast.xml,0,0,0,0,0,0,0,384,2336022,0,0,0,0,0,0,1680_subject_array_1739827009.bin
92478,1681,1025st1_F12_1025SCRN_200924,1681.1226,9,https://ftp.ncbi.nlm.nih.gov/genomes/all/GCF/028/202/225/GCF_028202225.1_ASM2820222v1,9,1681.1226.fna,GCF_028202225.1_ASM2820222v1_genomic.fna, 1228479, 2167082,1681.1226.fna_vs_GCF_028202225.1_ASM2820222v1_genomic.fna_blast.xml,0,0,36,12,0,0,57,925770,1236414,0,63,1444,3211,0,75,1681_subject_array_1739827010.bin
92490,1681,85B,1681.46,9,https://ftp.ncbi.nlm.nih.gov/genomes/all/GCF/001/020/355/GCF_001020355.1_Bbif01v4,9,1681.46.fna,GCF_001020355.1_Bbif01v4_genomic.fna, 2360966, 2360966,1681.46.fna_vs_GCF_001020355.1_Bbif01v4_genomic.fna_blast.xml,0,0,0,0,0,0,0,0,2360966,0,0,0,0,0,0,1681_subject_array_1739827011.bin
92493,1681,A4_hBSD2780061687b_210117,1681.1229,9,https://ftp.ncbi.nlm.nih.gov/genomes/all/GCF/028/202/425/GCF_028202425.1_ASM2820242v1,9,1681.1229.fna,GCF_028202425.1_ASM2820242v1_genomic.fna, 1985086, 2166523,1681.1229.fna_vs_GCF_028202425.1_ASM2820242v1_genomic.fna_blast.xml,0,0,3,10,0,0,38,178149,1987321,0,57,465,476,0,4,1681_subject_array_1739827012.bin
92542,1681,BIOML-A4,1681.810,9,https://ftp.ncbi.nlm.nih.gov/genomes/all/GCF/009/078/015/GCF_009078015.1_ASM907801v1,9,1681.810.fna,GCF_009078015.1_ASM907801v1_genomic.fna, 2184719, 2184719,1681.810.fna_vs_GCF_009078015.1_ASM907801v1_genomic.fna_blast.xml,0,0,0,0,0,0,0,0,2184719,0,0,0,0,0,0,1681_subject_array_1739827013.bin
92548,1681,BSD2780061687_150420_D1,1681.1424,9,https://ftp.ncbi.nlm.nih.gov/genomes/all/GCF/015/549/425/GCF_015549425.1_ASM1554942v1,9,1681.1424.fna,GCF_015549425.1_ASM1554942v1_genomic.fna, 2174938, 2174938,1681.1424.fna_vs_GCF_015549425.1_ASM1554942v1_genomic.fna_blast.xml,0,0,0,0,0,0,0,191,2174747,0,0,0,0,0,0,1681_subject_array_1739827014.bin
92567,1681,D53st1_A12_D53t1_180928,1681.1266,9,https://ftp.ncbi.nlm.nih.gov/genomes/all/GCF/028/203/855/GCF_028203855.1_ASM2820385v1,9,1681.1266.fna,GCF_028203855.1_ASM2820385v1_genomic.fna, 2217300, 2217300,1681.1266.fna_vs_GCF_028203855.1_ASM2820385v1_genomic.fna_blast.xml,0,0,0,0,0,0,0,100,2217200,0,0,0,0,0,0,1681_subject_array_1739827015.bin
92583,1681,EPS DA-LAIM,1681.1147,9,https://ftp.ncbi.nlm.nih.gov/genomes/all/GCF/026/162/505/GCF_026162505.1_ASM2616250v1,9,1681.1147.fna,GCF_026162505.1_ASM2616250v1_genomic.fna, 2236819, 2236819,1681.1147.fna_vs_GCF_026162505.1_ASM2616250v1_genomic.fna_blast.xml,0,0,0,0,0,0,0,0,2236819,0,0,0,0,0,0,1681_subject_array_1739827016.bin
92598,1681,H2_hBSD2780061687b_210117,1681.1238,9,https://ftp.ncbi.nlm.nih.gov/genomes/all/GCF/028/202/455/GCF_028202455.1_ASM2820245v1,9,1681.1238.fna,GCF_028202455.1_ASM2820245v1_genomic.fna, 2159213, 2164781,1681.1238.fna_vs_GCF_028202455.1_ASM2820245v1_genomic.fna_blast.xml,0,0,0,0,0,0,0,5711,2159070,0,0,0,0,0,0,1681_subject_array_1739827018.bin
92865,1685,1001270B_150601_B2,1685.598,9,https://ftp.ncbi.nlm.nih.gov/genomes/all/GCF/015/554/875/GCF_015554875.1_ASM1555487v1,9,1685.598.fna,GCF_015554875.1_ASM1555487v1_genomic.fna, 2259724, 2259724,1685.598.fna_vs_GCF_015554875.1_ASM1555487v1_genomic.fna_blast.xml,0,0,0,0,0,0,0,483,2259241,0,0,0,0,0,0,1685_subject_array_1739827019.bin
93036,1685,SDS-962-Irr,1685.999,9,https://ftp.ncbi.nlm.nih.gov/genomes/all/GCF/027/212/565/GCF_027212565.1_ASM2721256v1,9,1685.999.fna,GCF_027212565.1_ASM2721256v1_genomic.fna, 2356189, 2356189,1685.999.fna_vs_GCF_027212565.1_ASM2721256v1_genomic.fna_blast.xml,0,0,0,0,0,0,0,0,2356183,0,0,0,6,0,0,1685_subject_array_1739827020.bin
93115,1686310,W8099,2751019.3,9,https://ftp.ncbi.nlm.nih.gov/genomes/all/GCF/016/100/345/GCF_016100345.1_ASM1610034v1,9,2751019.3.fna,GCF_016100345.1_ASM1610034v1_genomic.fna, 2620104, 2620104,2751019.3.fna_vs_GCF_016100345.1_ASM1610034v1_genomic.fna_blast.xml,0,0,0,0,0,0,0,0,2620104,0,0,0,0,0,0,2751019_subject_array_1739827021.bin
93284,1690,2089B,1690.39,9,https://ftp.ncbi.nlm.nih.gov/genomes/all/GCF/004/155/525/GCF_004155525.1_ASM415552v1,9,1690.39.fna,GCF_004155525.1_ASM415552v1_genomic.fna, 2047482, 2047482,1690.39.fna_vs_GCF_004155525.1_ASM415552v1_genomic.fna_blast.xml,0,0,0,0,0,0,0,0,2047482,0,0,0,0,0,0,1690_subject_array_1739827022.bin
93566,1703250,AR_0157,1703250.3,9,https://ftp.ncbi.nlm.nih.gov/genomes/all/GCF/003/204/265/GCF_003204265.1_ASM320426v1,9,1703250.3.fna,GCF_003204265.1_ASM320426v1_genomic.fna, 6081860, 6081860,1703250.3.fna_vs_GCF_003204265.1_ASM320426v1_genomic.fna_blast.xml,0,0,0,0,0,0,0,0,6081860,0,0,0,0,0,0,1703250_subject_array_1739827025.bin
93608,1703945,CB00013,1703945.3,9,https://ftp.ncbi.nlm.nih.gov/genomes/all/GCF/001/905/755/GCF_001905755.1_ASM190575v1,9,1703945.3.fna,GCF_001905755.1_ASM190575v1_genomic.fna, 9016033, 9016033,1703945.3.fna_vs_GCF_001905755.1_ASM190575v1_genomic.fna_blast.xml,0,0,0,0,0,0,0,282,9015747,0,0,1,3,0,0,1703945_subject_array_1739827030.bin
93647,1705565,FJAT-22460,1705565.3,9,https://ftp.ncbi.nlm.nih.gov/genomes/all/GCF/001/277/345/GCF_001277345.1_ASM127734v1,9,1705565.3.fna,GCF_001277345.1_ASM127734v1_genomic.fna, 6198757, 6198757,1705565.3.fna_vs_GCF_001277345.1_ASM127734v1_genomic.fna_blast.xml,0,0,0,0,0,0,1,54079,6144648,0,0,3,25,0,1,1705565_subject_array_1739827033.bin
94544,1720200,MT15,1720200.3,9,https://ftp.ncbi.nlm.nih.gov/genomes/all/GCF/900/078/395/GCF_900078395.1_PRJEB13168,9,1720200.3.fna,GCF_900078395.1_PRJEB13168_genomic.fna, 3409026, 3409026,1720200.3.fna_vs_GCF_900078395.1_PRJEB13168_genomic.fna_blast.xml,0,0,0,0,0,0,0,0,3409026,0,0,0,0,0,0,1720200_subject_array_1739827034.bin
94667,172045,CSID_3000517120,172045.33,9,https://ftp.ncbi.nlm.nih.gov/genomes/all/GCF/002/023/335/GCF_002023335.1_ASM202333v1,9,172045.33.fna,GCF_002023335.1_ASM202333v1_genomic.fna, 4429099, 4429099,172045.33.fna_vs_GCF_002023335.1_ASM202333v1_genomic.fna_blast.xml,0,0,0,0,0,0,0,0,4429099,0,0,0,0,0,0,172045_subject_array_1739827036.bin
94855,173,KR84,173.425,9,https://ftp.ncbi.nlm.nih.gov/genomes/all/GCF/022/436/545/GCF_022436545.1_ASM2243654v1,9,173.425.fna,GCF_022436545.1_ASM2243654v1_genomic.fna, 4620945, 4620945,173.425.fna_vs_GCF_022436545.1_ASM2243654v1_genomic.fna_blast.xml,0,0,0,0,0,0,0,16512,4604306,0,0,8,117,0,2,173_subject_array_1739827039.bin
94915,1734925,12-89,1734925.9,9,https://ftp.ncbi.nlm.nih.gov/genomes/all/GCF/002/572/575/GCF_002572575.1_ASM257257v1,9,1734925.9.fna,GCF_002572575.1_ASM257257v1_genomic.fna, 2480279, 2480279,1734925.9.fna_vs_GCF_002572575.1_ASM257257v1_genomic.fna_blast.xml,0,0,0,0,0,0,0,0,2480279,0,0,0,0,0,0,1734925_subject_array_1739827040.bin
95064,1736286,Leaf176,1736286.3,9,https://ftp.ncbi.nlm.nih.gov/genomes/all/GCF/001/424/305/GCF_001424305.1_Leaf176,9,1736286.3.fna,GCF_001424305.1_Leaf176_genomic.fna, 4753721, 4753721,1736286.3.fna_vs_GCF_001424305.1_Leaf176_genomic.fna_blast.xml,0,0,0,0,0,0,0,43,4753678,0,0,0,0,0,0,1736286_subject_array_1739827042.bin
95070,1736292,Leaf185,1736292.3,9,https://ftp.ncbi.nlm.nih.gov/genomes/all/GCF/001/423/885/GCF_001423885.1_Leaf185,9,1736292.3.fna,GCF_001423885.1_Leaf185_genomic.fna, 4105523, 4105523,1736292.3.fna_vs_GCF_001423885.1_Leaf185_genomic.fna_blast.xml,0,0,0,0,0,0,0,0,4105523,0,0,0,0,0,0,1736292_subject_array_1739827043.bin
95083,1736305,Leaf244,1736305.3,9,https://ftp.ncbi.nlm.nih.gov/genomes/all/GCF/001/422/695/GCF_001422695.1_Leaf244,9,1736305.3.fna,GCF_001422695.1_Leaf244_genomic.fna, 4022387, 4022387,1736305.3.fna_vs_GCF_001422695.1_Leaf244_genomic.fna_blast.xml,0,0,0,0,0,0,0,0,4022387,0,0,0,0,0,0,1736305_subject_array_1739827045.bin
95098,1736320,Leaf280,1736320.3,9,https://ftp.ncbi.nlm.nih.gov/genomes/all/GCF/001/422/455/GCF_001422455.1_Leaf280,9,1736320.3.fna,GCF_001422455.1_Leaf280_genomic.fna, 2882877, 2882877,1736320.3.fna_vs_GCF_001422455.1_Leaf280_genomic.fna_blast.xml,0,0,0,0,0,0,0,0,2882877,0,0,0,0,0,0,1736320_subject_array_1739827046.bin
95108,1736330,Leaf306,1736330.3,9,https://ftp.ncbi.nlm.nih.gov/genomes/all/GCF/001/423/425/GCF_001423425.1_Leaf306,9,1736330.3.fna,GCF_001423425.1_Leaf306_genomic.fna, 5009159, 5009159,1736330.3.fna_vs_GCF_001423425.1_Leaf306_genomic.fna_blast.xml,0,0,0,0,0,0,0,0,5009159,0,0,0,0,0,0,1736330_subject_array_1739827048.bin
95112,1736334,Leaf320,1736334.3,9,https://ftp.ncbi.nlm.nih.gov/genomes/all/GCF/001/423/485/GCF_001423485.1_Leaf320,9,1736334.3.fna,GCF_001423485.1_Leaf320_genomic.fna, 3866076, 3866076,1736334.3.fna_vs_GCF_001423485.1_Leaf320_genomic.fna_blast.xml,0,0,0,0,0,0,0,0,3866076,0,0,0,0,0,0,1736334_subject_array_1739827050.bin
95146,1736369,Leaf407,1736369.3,9,https://ftp.ncbi.nlm.nih.gov/genomes/all/GCF/001/425/385/GCF_001425385.1_Leaf407,9,1736369.3.fna,GCF_001425385.1_Leaf407_genomic.fna, 3784018, 3784018,1736369.3.fna_vs_GCF_001425385.1_Leaf407_genomic.fna_blast.xml,0,0,0,0,0,0,0,0,3784018,0,0,0,0,0,0,1736369_subject_array_1739827052.bin
95148,1736371,Leaf414,1736371.3,9,https://ftp.ncbi.nlm.nih.gov/genomes/all/GCF/001/425/425/GCF_001425425.1_Leaf414,9,1736371.3.fna,GCF_001425425.1_Leaf414_genomic.fna, 3028624, 3028624,1736371.3.fna_vs_GCF_001425425.1_Leaf414_genomic.fna_blast.xml,0,0,0,0,0,0,0,0,3028624,0,0,0,0,0,0,1736371_subject_array_1739827053.bin
95156,1736379,Leaf446,1736379.4,9,https://ftp.ncbi.nlm.nih.gov/genomes/all/GCF/001/424/755/GCF_001424755.1_Leaf446,9,1736379.4.fna,GCF_001424755.1_Leaf446_genomic.fna, 3814797, 3814797,1736379.4.fna_vs_GCF_001424755.1_Leaf446_genomic.fna_blast.xml,0,0,0,0,0,0,0,1291,3813506,0,0,0,0,0,0,1736379_subject_array_1739827054.bin
95173,1736399,Soil756,1736399.3,9,https://ftp.ncbi.nlm.nih.gov/genomes/all/GCF/001/428/065/GCF_001428065.1_Soil756,9,1736399.3.fna,GCF_001428065.1_Soil756_genomic.fna, 3470999, 3470999,1736399.3.fna_vs_GCF_001428065.1_Soil756_genomic.fna_blast.xml,0,0,0,0,0,0,0,2528,3468435,0,0,2,34,0,0,1736399_subject_array_1739827056.bin
95176,1736402,Soil763,1736402.3,9,https://ftp.ncbi.nlm.nih.gov/genomes/all/GCF/001/428/365/GCF_001428365.1_Soil763,9,1736402.3.fna,GCF_001428365.1_Soil763_genomic.fna, 3540433, 3540433,1736402.3.fna_vs_GCF_001428365.1_Soil763_genomic.fna_blast.xml,0,0,0,0,0,0,0,205,3540228,0,0,0,0,0,0,1736402_subject_array_1739827057.bin
95186,1736414,Soil802,1736414.3,9,https://ftp.ncbi.nlm.nih.gov/genomes/all/GCF/001/429/605/GCF_001429605.1_Soil802,9,1736414.3.fna,GCF_001429605.1_Soil802_genomic.fna, 4294604, 4294604,1736414.3.fna_vs_GCF_001429605.1_Soil802_genomic.fna_blast.xml,0,0,0,0,0,0,0,0,4294604,0,0,0,0,0,0,1736414_subject_array_1739827059.bin
95188,1736416,Soil805,1736416.3,9,https://ftp.ncbi.nlm.nih.gov/genomes/all/GCF/001/429/625/GCF_001429625.1_Soil805,9,1736416.3.fna,GCF_001429625.1_Soil805_genomic.fna, 4407722, 4407722,1736416.3.fna_vs_GCF_001429625.1_Soil805_genomic.fna_blast.xml,0,0,0,0,0,0,0,35,4407687,0,0,0,0,0,0,1736416_subject_array_1739827061.bin
95366,1736599,Root77,1736599.3,9,https://ftp.ncbi.nlm.nih.gov/genomes/all/GCF/001/428/705/GCF_001428705.1_Root77,9,1736599.3.fna,GCF_001428705.1_Root77_genomic.fna, 4260023, 4260023,1736599.3.fna_vs_GCF_001428705.1_Root77_genomic.fna_blast.xml,0,0,0,0,0,0,0,1902,4258116,0,0,0,5,0,0,1736599_subject_array_1739827062.bin
95794,1743163,MWH-Feld-100,1743163.3,9,https://ftp.ncbi.nlm.nih.gov/genomes/all/GCF/002/206/625/GCF_002206625.1_ASM220662v1,9,1743163.3.fna,GCF_002206625.1_ASM220662v1_genomic.fna, 1975812, 1975812,1743163.3.fna_vs_GCF_002206625.1_ASM220662v1_genomic.fna_blast.xml,0,0,0,0,0,0,0,0,1975812,0,0,0,0,0,0,1743163_subject_array_1739827063.bin
95916,174587,MPL-11,174587.3,9,https://ftp.ncbi.nlm.nih.gov/genomes/all/GCF/900/102/725/GCF_900102725.1_IMG-taxon_2634166280_annotated_assembly,9,174587.3.fna,GCF_900102725.1_IMG-taxon_2634166280_annotated_assembly_genomic.fna, 2762327, 2762327,174587.3.fna_vs_GCF_900102725.1_IMG-taxon_2634166280_annotated_assembly_genomic.fna_blast.xml,0,0,0,0,0,0,0,0,2762325,0,0,2,0,0,0,174587_subject_array_1739827064.bin
95954,1747,523_PAVI,1747.77,9,https://ftp.ncbi.nlm.nih.gov/genomes/all/GCF/001/063/605/GCF_001063605.1_ASM106360v1,9,1747.77.fna,GCF_001063605.1_ASM106360v1_genomic.fna, 2540750, 2540750,1747.77.fna_vs_GCF_001063605.1_ASM106360v1_genomic.fna_blast.xml,0,0,0,0,0,0,0,300,2540450,0,0,0,0,0,0,1747_subject_array_1739827065.bin
95983,1747,EYE_76,1747.1126,9,https://ftp.ncbi.nlm.nih.gov/genomes/all/GCF/023/147/935/GCF_023147935.1_ASM2314793v1,9,1747.1126.fna,GCF_023147935.1_ASM2314793v1_genomic.fna, 2530022, 2530022,1747.1126.fna_vs_GCF_023147935.1_ASM2314793v1_genomic.fna_blast.xml,0,0,0,0,0,0,0,0,2530022,0,0,0,0,0,0,1747_subject_array_1739827066.bin
96035,1747,OGSA_17,1747.1389,9,https://ftp.ncbi.nlm.nih.gov/genomes/all/GCF/030/236/545/GCF_030236545.1_ASM3023654v1,9,1747.1389.fna,GCF_030236545.1_ASM3023654v1_genomic.fna, 2546291, 2546291,1747.1389.fna_vs_GCF_030236545.1_ASM3023654v1_genomic.fna_blast.xml,0,0,0,0,0,0,0,0,2546291,0,0,0,0,0,0,1747_subject_array_1739827067.bin
96053,1747,P15-088,1747.755,9,https://ftp.ncbi.nlm.nih.gov/genomes/all/GCF/005/774/345/GCF_005774345.1_ASM577434v1,9,1747.755.fna,GCF_005774345.1_ASM577434v1_genomic.fna, 2479770, 2479770,1747.755.fna_vs_GCF_005774345.1_ASM577434v1_genomic.fna_blast.xml,0,0,0,0,0,0,0,0,2479770,0,0,0,0,0,0,1747_subject_array_1739827068.bin
96055,1747,P15-112,1747.752,9,https://ftp.ncbi.nlm.nih.gov/genomes/all/GCF/005/774/305/GCF_005774305.1_ASM577430v1,9,1747.752.fna,GCF_005774305.1_ASM577430v1_genomic.fna, 2542801, 2542801,1747.752.fna_vs_GCF_005774305.1_ASM577430v1_genomic.fna_blast.xml,0,0,0,0,0,0,0,0,2542801,0,0,0,0,0,0,1747_subject_array_1739827070.bin
96067,1747,P15-231,1747.257,9,https://ftp.ncbi.nlm.nih.gov/genomes/all/GCF/003/384/115/GCF_003384115.1_ASM338411v1,9,1747.257.fna,GCF_003384115.1_ASM338411v1_genomic.fna, 2524171, 2524171,1747.257.fna_vs_GCF_003384115.1_ASM338411v1_genomic.fna_blast.xml,0,0,0,0,0,0,0,0,2524171,0,0,0,0,0,0,1747_subject_array_1739827071.bin
96068,1747,P16-023,1747.738,9,https://ftp.ncbi.nlm.nih.gov/genomes/all/GCF/005/774/015/GCF_005774015.1_ASM577401v1,9,1747.738.fna,GCF_005774015.1_ASM577401v1_genomic.fna, 2480024, 2480024,1747.738.fna_vs_GCF_005774015.1_ASM577401v1_genomic.fna_blast.xml,0,0,0,0,0,0,0,0,2480024,0,0,0,0,0,0,1747_subject_array_1739827072.bin
96102,1747,PSSDk50C,1747.1106,9,https://ftp.ncbi.nlm.nih.gov/genomes/all/GCF/021/010/995/GCF_021010995.1_ASM2101099v1,9,1747.1106.fna,GCF_021010995.1_ASM2101099v1_genomic.fna, 2478329, 2478329,1747.1106.fna_vs_GCF_021010995.1_ASM2101099v1_genomic.fna_blast.xml,0,0,0,0,0,0,0,0,2478329,0,0,0,0,0,0,1747_subject_array_1739827073.bin
96107,1747,S3,1747.993,9,https://ftp.ncbi.nlm.nih.gov/genomes/all/GCF/018/918/945/GCF_018918945.1_ASM1891894v1,9,1747.993.fna,GCF_018918945.1_ASM1891894v1_genomic.fna, 2478438, 2478438,1747.993.fna_vs_GCF_018918945.1_ASM1891894v1_genomic.fna_blast.xml,0,0,0,0,0,0,0,0,2478438,0,0,0,0,0,0,1747_subject_array_1739827074.bin
96129,1747,T14475,1747.266,9,https://ftp.ncbi.nlm.nih.gov/genomes/all/GCF/003/384/345/GCF_003384345.1_ASM338434v1,9,1747.266.fna,GCF_003384345.1_ASM338434v1_genomic.fna, 2548334, 2548334,1747.266.fna_vs_GCF_003384345.1_ASM338434v1_genomic.fna_blast.xml,0,0,0,0,0,0,0,0,2548334,0,0,0,0,0,0,1747_subject_array_1739827075.bin
96152,1747,T32516,1747.278,9,https://ftp.ncbi.nlm.nih.gov/genomes/all/GCF/003/384/585/GCF_003384585.1_ASM338458v1,9,1747.278.fna,GCF_003384585.1_ASM338458v1_genomic.fna, 2545456, 2545456,1747.278.fna_vs_GCF_003384585.1_ASM338458v1_genomic.fna_blast.xml,0,0,0,0,0,0,0,0,2545456,0,0,0,0,0,0,1747_subject_array_1739827076.bin
96153,1747,T35709,1747.792,9,https://ftp.ncbi.nlm.nih.gov/genomes/all/GCF/005/937/785/GCF_005937785.1_ASM593778v1,9,1747.792.fna,GCF_005937785.1_ASM593778v1_genomic.fna, 2543034, 2543034,1747.792.fna_vs_GCF_005937785.1_ASM593778v1_genomic.fna_blast.xml,0,0,0,0,0,0,0,0,2543034,0,0,0,0,0,0,1747_subject_array_1739827077.bin
96167,1747,T55916,1747.780,9,https://ftp.ncbi.nlm.nih.gov/genomes/all/GCF/005/937/505/GCF_005937505.1_ASM593750v1,9,1747.780.fna,GCF_005937505.1_ASM593750v1_genomic.fna, 2480189, 2480189,1747.780.fna_vs_GCF_005937505.1_ASM593750v1_genomic.fna_blast.xml,0,0,0,0,0,0,0,0,2480189,0,0,0,0,0,0,1747_subject_array_1739827078.bin
96181,1747,W31667,1747.787,9,https://ftp.ncbi.nlm.nih.gov/genomes/all/GCF/005/937/675/GCF_005937675.1_ASM593767v1,9,1747.787.fna,GCF_005937675.1_ASM593767v1_genomic.fna, 2524171, 2524171,1747.787.fna_vs_GCF_005937675.1_ASM593767v1_genomic.fna_blast.xml,0,0,0,0,0,0,0,0,2524171,0,0,0,0,0,0,1747_subject_array_1739827079.bin
96328,1756150,SBRL-21-145,1756150.24,9,https://ftp.ncbi.nlm.nih.gov/genomes/all/GCF/023/336/795/GCF_023336795.1_ASM2333679v1,9,1756150.24.fna,GCF_023336795.1_ASM2333679v1_genomic.fna, 4250047, 4250047,1756150.24.fna_vs_GCF_023336795.1_ASM2333679v1_genomic.fna_blast.xml,0,0,0,0,0,0,0,0,4250047,0,0,0,0,0,0,1756150_subject_array_1739827081.bin
96394,1759536,DSM 100723,1759536.3,9,https://ftp.ncbi.nlm.nih.gov/genomes/all/GCF/014/137/855/GCF_014137855.1_ASM1413785v1,9,1759536.3.fna,GCF_014137855.1_ASM1413785v1_genomic.fna, 4302690, 4302690,1759536.3.fna_vs_GCF_014137855.1_ASM1413785v1_genomic.fna_blast.xml,0,0,0,0,0,0,0,0,4302690,0,0,0,0,0,0,1759536_subject_array_1739827082.bin
96477,1761886,LC2012,1761886.3,9,https://ftp.ncbi.nlm.nih.gov/genomes/all/GCF/900/107/065/GCF_900107065.1_IMG-taxon_2606217810_annotated_assembly,9,1761886.3.fna,GCF_900107065.1_IMG-taxon_2606217810_annotated_assembly_genomic.fna, 2886813, 2886813,1761886.3.fna_vs_GCF_900107065.1_IMG-taxon_2606217810_annotated_assembly_genomic.fna_blast.xml,0,0,0,0,0,0,0,488,2886325,0,0,0,0,0,0,1761886_subject_array_1739827084.bin
97135,1773,01-R0446,1773.8288,9,https://ftp.ncbi.nlm.nih.gov/genomes/all/GCF/002/130/185/GCF_002130185.1_ASM213018v1,9,1773.8288.fna,GCF_002130185.1_ASM213018v1_genomic.fna, 4395292, 4395292,1773.8288.fna_vs_GCF_002130185.1_ASM213018v1_genomic.fna_blast.xml,0,0,0,0,0,0,0,0,4395292,0,0,0,0,0,0,1773_subject_array_1739827085.bin
97154,1773,01-R0884,1773.6576,9,https://ftp.ncbi.nlm.nih.gov/genomes/all/GCF/001/850/605/GCF_001850605.1_ASM185060v1,9,1773.6576.fna,GCF_001850605.1_ASM185060v1_genomic.fna, 4403975, 4403975,1773.6576.fna_vs_GCF_001850605.1_ASM185060v1_genomic.fna_blast.xml,0,0,0,0,0,0,0,0,4403975,0,0,0,0,0,0,1773_subject_array_1739827087.bin
97156,1773,01-R0899,1773.6111,9,https://ftp.ncbi.nlm.nih.gov/genomes/all/GCF/001/841/265/GCF_001841265.1_ASM184126v1,9,1773.6111.fna,GCF_001841265.1_ASM184126v1_genomic.fna, 4390116, 4390116,1773.6111.fna_vs_GCF_001841265.1_ASM184126v1_genomic.fna_blast.xml,0,0,0,0,0,0,0,0,4390116,0,0,0,0,0,0,1773_subject_array_1739827089.bin
97162,1773,01-R0908,1773.6102,9,https://ftp.ncbi.nlm.nih.gov/genomes/all/GCF/001/841/075/GCF_001841075.1_ASM184107v1,9,1773.6102.fna,GCF_001841075.1_ASM184107v1_genomic.fna, 4398539, 4398539,1773.6102.fna_vs_GCF_001841075.1_ASM184107v1_genomic.fna_blast.xml,0,0,0,0,0,0,0,0,4398539,0,0,0,0,0,0,1773_subject_array_1739827091.bin
97221,1773,01-R1591,1773.8292,9,https://ftp.ncbi.nlm.nih.gov/genomes/all/GCF/002/130/265/GCF_002130265.1_ASM213026v1,9,1773.8292.fna,GCF_002130265.1_ASM213026v1_genomic.fna, 4386523, 4386523,1773.8292.fna_vs_GCF_002130265.1_ASM213026v1_genomic.fna_blast.xml,0,0,0,0,0,0,0,0,4386523,0,0,0,0,0,0,1773_subject_array_1739827093.bin
97303,1773,02-R0358,1773.8238,9,https://ftp.ncbi.nlm.nih.gov/genomes/all/GCF/002/129/175/GCF_002129175.1_ASM212917v1,9,1773.8238.fna,GCF_002129175.1_ASM212917v1_genomic.fna, 4384630, 4384630,1773.8238.fna_vs_GCF_002129175.1_ASM212917v1_genomic.fna_blast.xml,0,0,0,0,0,0,0,0,4384630,0,0,0,0,0,0,1773_subject_array_1739827095.bin
97307,1773,02-R0383,1773.6597,9,https://ftp.ncbi.nlm.nih.gov/genomes/all/GCF/001/851/025/GCF_001851025.1_ASM185102v1,9,1773.6597.fna,GCF_001851025.1_ASM185102v1_genomic.fna, 4398456, 4398456,1773.6597.fna_vs_GCF_001851025.1_ASM185102v1_genomic.fna_blast.xml,0,0,0,0,0,0,0,0,4398456,0,0,0,0,0,0,1773_subject_array_1739827097.bin
97315,1773,02-R0477,1773.6666,9,https://ftp.ncbi.nlm.nih.gov/genomes/all/GCF/001/852/405/GCF_001852405.1_ASM185240v1,9,1773.6666.fna,GCF_001852405.1_ASM185240v1_genomic.fna, 4379391, 4379391,1773.6666.fna_vs_GCF_001852405.1_ASM185240v1_genomic.fna_blast.xml,0,0,0,0,0,0,0,0,4379391,0,0,0,0,0,0,1773_subject_array_1739827098.bin
97334,1773,02-R0856,1773.6631,9,https://ftp.ncbi.nlm.nih.gov/genomes/all/GCF/001/851/665/GCF_001851665.1_ASM185166v1,9,1773.6631.fna,GCF_001851665.1_ASM185166v1_genomic.fna, 4381845, 4381845,1773.6631.fna_vs_GCF_001851665.1_ASM185166v1_genomic.fna_blast.xml,0,0,0,0,0,0,0,0,4381845,0,0,0,0,0,0,1773_subject_array_1739827100.bin
97374,1773,02-R1152,1773.6663,9,https://ftp.ncbi.nlm.nih.gov/genomes/all/GCF/001/852/335/GCF_001852335.1_ASM185233v1,9,1773.6663.fna,GCF_001852335.1_ASM185233v1_genomic.fna, 4354796, 4354796,1773.6663.fna_vs_GCF_001852335.1_ASM185233v1_genomic.fna_blast.xml,0,0,0,0,0,0,0,0,4354796,0,0,0,0,0,0,1773_subject_array_1739827102.bin
97382,1773,02-R1447,1773.6741,9,https://ftp.ncbi.nlm.nih.gov/genomes/all/GCF/001/889/725/GCF_001889725.1_ASM188972v1,9,1773.6741.fna,GCF_001889725.1_ASM188972v1_genomic.fna, 4384738, 4384738,1773.6741.fna_vs_GCF_001889725.1_ASM188972v1_genomic.fna_blast.xml,0,0,0,0,0,0,0,0,4384738,0,0,0,0,0,0,1773_subject_array_1739827104.bin
97397,1773,02-R1612,1773.6510,9,https://ftp.ncbi.nlm.nih.gov/genomes/all/GCF/001/849/285/GCF_001849285.1_ASM184928v1,9,1773.6510.fna,GCF_001849285.1_ASM184928v1_genomic.fna, 4370050, 4370050,1773.6510.fna_vs_GCF_001849285.1_ASM184928v1_genomic.fna_blast.xml,0,0,0,0,0,0,0,0,4370050,0,0,0,0,0,0,1773_subject_array_1739827106.bin
97402,1773,02-R1645,1773.6536,9,https://ftp.ncbi.nlm.nih.gov/genomes/all/GCF/001/849/805/GCF_001849805.1_ASM184980v1,9,1773.6536.fna,GCF_001849805.1_ASM184980v1_genomic.fna, 4388938, 4388938,1773.6536.fna_vs_GCF_001849805.1_ASM184980v1_genomic.fna_blast.xml,0,0,0,0,0,0,0,0,4388938,0,0,0,0,0,0,1773_subject_array_1739827108.bin
97411,1773,02-R1683,1773.6617,9,https://ftp.ncbi.nlm.nih.gov/genomes/all/GCF/001/851/425/GCF_001851425.1_ASM185142v1,9,1773.6617.fna,GCF_001851425.1_ASM185142v1_genomic.fna, 4398307, 4398307,1773.6617.fna_vs_GCF_001851425.1_ASM185142v1_genomic.fna_blast.xml,0,0,0,0,0,0,0,0,4398307,0,0,0,0,0,0,1773_subject_array_1739827110.bin
97420,1773,02-R1811,1773.8233,9,https://ftp.ncbi.nlm.nih.gov/genomes/all/GCF/002/129/085/GCF_002129085.1_ASM212908v1,9,1773.8233.fna,GCF_002129085.1_ASM212908v1_genomic.fna, 4382808, 4382808,1773.8233.fna_vs_GCF_002129085.1_ASM212908v1_genomic.fna_blast.xml,0,0,0,0,0,0,0,0,4382808,0,0,0,0,0,0,1773_subject_array_1739827112.bin
97490,1773,03-R0159,1773.6557,9,https://ftp.ncbi.nlm.nih.gov/genomes/all/GCF/001/850/225/GCF_001850225.1_ASM185022v1,9,1773.6557.fna,GCF_001850225.1_ASM185022v1_genomic.fna, 4381577, 4381577,1773.6557.fna_vs_GCF_001850225.1_ASM185022v1_genomic.fna_blast.xml,0,0,0,0,0,0,0,0,4381577,0,0,0,0,0,0,1773_subject_array_1739827114.bin
99589,1773,98-R452,1773.6517,9,https://ftp.ncbi.nlm.nih.gov/genomes/all/GCF/001/849/425/GCF_001849425.1_ASM184942v1,9,1773.6517.fna,GCF_001849425.1_ASM184942v1_genomic.fna, 4371558, 4371558,1773.6517.fna_vs_GCF_001849425.1_ASM184942v1_genomic.fna_blast.xml,0,0,0,0,0,0,0,0,4371558,0,0,0,0,0,0,1773_subject_array_1739827116.bin
99622,1773,99-R217,1773.6520,9,https://ftp.ncbi.nlm.nih.gov/genomes/all/GCF/001/849/485/GCF_001849485.1_ASM184948v1,9,1773.6520.fna,GCF_001849485.1_ASM184948v1_genomic.fna, 4398393, 4398393,1773.6520.fna_vs_GCF_001849485.1_ASM184948v1_genomic.fna_blast.xml,0,0,0,0,0,0,0,0,4398393,0,0,0,0,0,0,1773_subject_array_1739827118.bin
99646,1773,99-R930,1773.6198,9,https://ftp.ncbi.nlm.nih.gov/genomes/all/GCF/001/843/045/GCF_001843045.1_ASM184304v1,9,1773.6198.fna,GCF_001843045.1_ASM184304v1_genomic.fna, 4398214, 4398214,1773.6198.fna_vs_GCF_001843045.1_ASM184304v1_genomic.fna_blast.xml,0,0,0,0,0,0,0,0,4398214,0,0,0,0,0,0,1773_subject_array_1739827121.bin
99808,1773,C0000085-2,1773.6051,9,https://ftp.ncbi.nlm.nih.gov/genomes/all/GCF/001/840/055/GCF_001840055.1_ASM184005v1,9,1773.6051.fna,GCF_001840055.1_ASM184005v1_genomic.fna, 4402878, 4402878,1773.6051.fna_vs_GCF_001840055.1_ASM184005v1_genomic.fna_blast.xml,0,0,0,0,0,0,0,0,4402878,0,0,0,0,0,0,1773_subject_array_1739827124.bin
99830,1773,C0010613-9,1773.7048,9,https://ftp.ncbi.nlm.nih.gov/genomes/all/GCF/001/948/935/GCF_001948935.1_ASM194893v1,9,1773.7048.fna,GCF_001948935.1_ASM194893v1_genomic.fna, 4396113, 4396113,1773.7048.fna_vs_GCF_001948935.1_ASM194893v1_genomic.fna_blast.xml,0,0,0,0,0,0,0,0,4396113,0,0,0,0,0,0,1773_subject_array_1739827126.bin
100071,1773,I0000057-5,1773.6066,9,https://ftp.ncbi.nlm.nih.gov/genomes/all/GCF/001/840/365/GCF_001840365.1_ASM184036v1,9,1773.6066.fna,GCF_001840365.1_ASM184036v1_genomic.fna, 4387046, 4387046,1773.6066.fna_vs_GCF_001840365.1_ASM184036v1_genomic.fna_blast.xml,0,0,0,0,0,0,0,0,4387046,0,0,0,0,0,0,1773_subject_array_1739827129.bin
100076,1773,I0000153-2,1773.7633,9,https://ftp.ncbi.nlm.nih.gov/genomes/all/GCF/001/945/795/GCF_001945795.1_ASM194579v1,9,1773.7633.fna,GCF_001945795.1_ASM194579v1_genomic.fna, 4392580, 4392580,1773.7633.fna_vs_GCF_001945795.1_ASM194579v1_genomic.fna_blast.xml,0,0,0,0,0,0,0,0,4392580,0,0,0,0,0,0,1773_subject_array_1739827132.bin
100115,1773,I0000610-1,1773.6055,9,https://ftp.ncbi.nlm.nih.gov/genomes/all/GCF/001/840/145/GCF_001840145.1_ASM184014v1,9,1773.6055.fna,GCF_001840145.1_ASM184014v1_genomic.fna, 4392463, 4392463,1773.6055.fna_vs_GCF_001840145.1_ASM184014v1_genomic.fna_blast.xml,0,0,0,0,0,0,0,0,4392463,0,0,0,0,0,0,1773_subject_array_1739827135.bin
100120,1773,I0000673-9,1773.6035,9,https://ftp.ncbi.nlm.nih.gov/genomes/all/GCF/001/839/725/GCF_001839725.1_ASM183972v1,9,1773.6035.fna,GCF_001839725.1_ASM183972v1_genomic.fna, 4394144, 4394144,1773.6035.fna_vs_GCF_001839725.1_ASM183972v1_genomic.fna_blast.xml,0,0,0,0,0,0,0,0,4394144,0,0,0,0,0,0,1773_subject_array_1739827137.bin
100121,1773,I0000686-1,1773.6837,9,https://ftp.ncbi.nlm.nih.gov/genomes/all/GCF/001/944/405/GCF_001944405.1_ASM194440v1,9,1773.6837.fna,GCF_001944405.1_ASM194440v1_genomic.fna, 4391967, 4391967,1773.6837.fna_vs_GCF_001944405.1_ASM194440v1_genomic.fna_blast.xml,0,0,0,0,0,0,0,0,4391967,0,0,0,0,0,0,1773_subject_array_1739827140.bin
100126,1773,I0000737-2,1773.6045,9,https://ftp.ncbi.nlm.nih.gov/genomes/all/GCF/001/839/945/GCF_001839945.1_ASM183994v1,9,1773.6045.fna,GCF_001839945.1_ASM183994v1_genomic.fna, 4406701, 4406701,1773.6045.fna_vs_GCF_001839945.1_ASM183994v1_genomic.fna_blast.xml,0,0,0,0,0,0,0,0,4406701,0,0,0,0,0,0,1773_subject_array_1739827143.bin
100164,1773,I0001324-8,1773.6041,9,https://ftp.ncbi.nlm.nih.gov/genomes/all/GCF/001/839/865/GCF_001839865.1_ASM183986v1,9,1773.6041.fna,GCF_001839865.1_ASM183986v1_genomic.fna, 4393178, 4393178,1773.6041.fna_vs_GCF_001839865.1_ASM183986v1_genomic.fna_blast.xml,0,0,0,0,0,0,0,0,4393178,0,0,0,0,0,0,1773_subject_array_1739827146.bin
100177,1773,I0001425-3,1773.6864,9,https://ftp.ncbi.nlm.nih.gov/genomes/all/GCF/001/944/935/GCF_001944935.1_ASM194493v1,9,1773.6864.fna,GCF_001944935.1_ASM194493v1_genomic.fna, 4376248, 4376248,1773.6864.fna_vs_GCF_001944935.1_ASM194493v1_genomic.fna_blast.xml,0,0,0,0,0,0,0,0,4376248,0,0,0,0,0,0,1773_subject_array_1739827148.bin
100187,1773,I0001509-4,1773.6915,9,https://ftp.ncbi.nlm.nih.gov/genomes/all/GCF/001/946/265/GCF_001946265.1_ASM194626v1,9,1773.6915.fna,GCF_001946265.1_ASM194626v1_genomic.fna, 4380705, 4380705,1773.6915.fna_vs_GCF_001946265.1_ASM194626v1_genomic.fna_blast.xml,0,0,0,0,0,0,0,0,4380705,0,0,0,0,0,0,1773_subject_array_1739827150.bin
100188,1773,I0001524-3,1773.6213,9,https://ftp.ncbi.nlm.nih.gov/genomes/all/GCF/001/843/335/GCF_001843335.1_ASM184333v1,9,1773.6213.fna,GCF_001843335.1_ASM184333v1_genomic.fna, 4381059, 4381059,1773.6213.fna_vs_GCF_001843335.1_ASM184333v1_genomic.fna_blast.xml,0,0,0,0,0,0,0,0,4381059,0,0,0,0,0,0,1773_subject_array_1739827153.bin
100249,1773,I0002615-8,1773.6264,9,https://ftp.ncbi.nlm.nih.gov/genomes/all/GCF/001/844/355/GCF_001844355.1_ASM184435v1,9,1773.6264.fna,GCF_001844355.1_ASM184435v1_genomic.fna, 4396782, 4396782,1773.6264.fna_vs_GCF_001844355.1_ASM184435v1_genomic.fna_blast.xml,0,0,0,0,0,0,0,0,4396782,0,0,0,0,0,0,1773_subject_array_1739827156.bin
100274,1773,I0002958-2,1773.6260,9,https://ftp.ncbi.nlm.nih.gov/genomes/all/GCF/001/844/275/GCF_001844275.1_ASM184427v1,9,1773.6260.fna,GCF_001844275.1_ASM184427v1_genomic.fna, 4413342, 4413342,1773.6260.fna_vs_GCF_001844275.1_ASM184427v1_genomic.fna_blast.xml,0,0,0,0,0,0,0,0,4413342,0,0,0,0,0,0,1773_subject_array_1739827158.bin
100353,1773,I0003813-8,1773.7717,9,https://ftp.ncbi.nlm.nih.gov/genomes/all/GCF/001/942/705/GCF_001942705.1_ASM194270v1,9,1773.7717.fna,GCF_001942705.1_ASM194270v1_genomic.fna, 4389129, 4389129,1773.7717.fna_vs_GCF_001942705.1_ASM194270v1_genomic.fna_blast.xml,0,0,0,0,0,0,0,0,4389129,0,0,0,0,0,0,1773_subject_array_1739827161.bin
100375,1773,I0004125-6,1773.7691,9,https://ftp.ncbi.nlm.nih.gov/genomes/all/GCF/001/943/205/GCF_001943205.1_ASM194320v1,9,1773.7691.fna,GCF_001943205.1_ASM194320v1_genomic.fna, 4387581, 4387581,1773.7691.fna_vs_GCF_001943205.1_ASM194320v1_genomic.fna_blast.xml,0,0,0,0,0,0,0,0,4387581,0,0,0,0,0,0,1773_subject_array_1739827164.bin
100451,1773,I0005268-3,1773.6874,9,https://ftp.ncbi.nlm.nih.gov/genomes/all/GCF/001/945/145/GCF_001945145.1_ASM194514v1,9,1773.6874.fna,GCF_001945145.1_ASM194514v1_genomic.fna, 4398123, 4398123,1773.6874.fna_vs_GCF_001945145.1_ASM194514v1_genomic.fna_blast.xml,0,0,0,0,0,0,0,0,4398123,0,0,0,0,0,0,1773_subject_array_1739827166.bin
100452,1773,I0005275-8,1773.6209,9,https://ftp.ncbi.nlm.nih.gov/genomes/all/GCF/001/843/255/GCF_001843255.1_ASM184325v1,9,1773.6209.fna,GCF_001843255.1_ASM184325v1_genomic.fna, 4353364, 4353364,1773.6209.fna_vs_GCF_001843255.1_ASM184325v1_genomic.fna_blast.xml,0,0,0,0,0,0,0,0,4353364,0,0,0,0,0,0,1773_subject_array_1739827168.bin
100456,1773,I0005345-9,1773.7670,9,https://ftp.ncbi.nlm.nih.gov/genomes/all/GCF/001/943/645/GCF_001943645.1_ASM194364v1,9,1773.7670.fna,GCF_001943645.1_ASM194364v1_genomic.fna, 4349376, 4349376,1773.7670.fna_vs_GCF_001943645.1_ASM194364v1_genomic.fna_blast.xml,0,0,0,0,0,0,0,0,4349376,0,0,0,0,0,0,1773_subject_array_1739827170.bin
100720,1773,M0001485-3,1773.17395,9,https://ftp.ncbi.nlm.nih.gov/genomes/all/GCF/004/109/025/GCF_004109025.1_ASM410902v1,9,1773.17395.fna,GCF_004109025.1_ASM410902v1_genomic.fna, 4400602, 4400602,1773.17395.fna_vs_GCF_004109025.1_ASM410902v1_genomic.fna_blast.xml,0,0,0,0,0,0,0,0,4400602,0,0,0,0,0,0,1773_subject_array_1739827172.bin
100724,1773,M0001636-1,1773.17533,9,https://ftp.ncbi.nlm.nih.gov/genomes/all/GCF/004/111/835/GCF_004111835.1_ASM411183v1,9,1773.17533.fna,GCF_004111835.1_ASM411183v1_genomic.fna, 4396566, 4396566,1773.17533.fna_vs_GCF_004111835.1_ASM411183v1_genomic.fna_blast.xml,0,0,0,0,0,0,0,0,4396566,0,0,0,0,0,0,1773_subject_array_1739827174.bin
100735,1773,M0001924-1,1773.17463,9,https://ftp.ncbi.nlm.nih.gov/genomes/all/GCF/004/110/435/GCF_004110435.1_ASM411043v1,9,1773.17463.fna,GCF_004110435.1_ASM411043v1_genomic.fna, 4396229, 4396229,1773.17463.fna_vs_GCF_004110435.1_ASM411043v1_genomic.fna_blast.xml,0,0,0,0,0,0,0,0,4396229,0,0,0,0,0,0,1773_subject_array_1739827177.bin
100736,1773,M0001949-8,1773.17390,9,https://ftp.ncbi.nlm.nih.gov/genomes/all/GCF/004/108/915/GCF_004108915.1_ASM410891v1,9,1773.17390.fna,GCF_004108915.1_ASM410891v1_genomic.fna, 4388854, 4388854,1773.17390.fna_vs_GCF_004108915.1_ASM410891v1_genomic.fna_blast.xml,0,0,0,0,0,0,0,0,4388854,0,0,0,0,0,0,1773_subject_array_1739827179.bin
100747,1773,M0002478-7,1773.17370,9,https://ftp.ncbi.nlm.nih.gov/genomes/all/GCF/004/108/485/GCF_004108485.1_ASM410848v1,9,1773.17370.fna,GCF_004108485.1_ASM410848v1_genomic.fna, 4383374, 4383374,1773.17370.fna_vs_GCF_004108485.1_ASM410848v1_genomic.fna_blast.xml,0,0,0,0,0,0,0,0,4383374,0,0,0,0,0,0,1773_subject_array_1739827182.bin
100765,1773,M0003117-0,1773.6152,9,https://ftp.ncbi.nlm.nih.gov/genomes/all/GCF/001/842/085/GCF_001842085.1_ASM184208v1,9,1773.6152.fna,GCF_001842085.1_ASM184208v1_genomic.fna, 4404693, 4404693,1773.6152.fna_vs_GCF_001842085.1_ASM184208v1_genomic.fna_blast.xml,0,0,0,0,0,0,0,0,4404693,0,0,0,0,0,0,1773_subject_array_1739827184.bin
100786,1773,M0003618-7,1773.8341,9,https://ftp.ncbi.nlm.nih.gov/genomes/all/GCF/002/131/245/GCF_002131245.1_ASM213124v1,9,1773.8341.fna,GCF_002131245.1_ASM213124v1_genomic.fna, 4395101, 4395101,1773.8341.fna_vs_GCF_002131245.1_ASM213124v1_genomic.fna_blast.xml,0,0,0,0,0,0,0,0,4395101,0,0,0,0,0,0,1773_subject_array_1739827186.bin
100805,1773,M0004144-3,1773.17580,9,https://ftp.ncbi.nlm.nih.gov/genomes/all/GCF/004/112/765/GCF_004112765.1_ASM411276v1,9,1773.17580.fna,GCF_004112765.1_ASM411276v1_genomic.fna, 4385823, 4385823,1773.17580.fna_vs_GCF_004112765.1_ASM411276v1_genomic.fna_blast.xml,0,0,0,0,0,0,0,0,4385823,0,0,0,0,0,0,1773_subject_array_1739827189.bin
100824,1773,M0004840-6,1773.30121,9,https://ftp.ncbi.nlm.nih.gov/genomes/all/GCF/004/108/255/GCF_004108255.1_ASM410825v1,9,1773.30121.fna,GCF_004108255.1_ASM410825v1_genomic.fna, 4380818, 4380818,1773.30121.fna_vs_GCF_004108255.1_ASM410825v1_genomic.fna_blast.xml,0,0,0,0,0,0,0,0,4380818,0,0,0,0,0,0,1773_subject_array_1739827191.bin
100837,1773,M0005277-0,1773.17364,9,https://ftp.ncbi.nlm.nih.gov/genomes/all/GCF/004/108/375/GCF_004108375.1_ASM410837v1,9,1773.17364.fna,GCF_004108375.1_ASM410837v1_genomic.fna, 4401295, 4401295,1773.17364.fna_vs_GCF_004108375.1_ASM410837v1_genomic.fna_blast.xml,0,0,0,0,0,0,0,0,4401295,0,0,0,0,0,0,1773_subject_array_1739827194.bin
100880,1773,M0006506-1,1773.17575,9,https://ftp.ncbi.nlm.nih.gov/genomes/all/GCF/004/112/675/GCF_004112675.1_ASM411267v1,9,1773.17575.fna,GCF_004112675.1_ASM411267v1_genomic.fna, 4412649, 4412649,1773.17575.fna_vs_GCF_004112675.1_ASM411267v1_genomic.fna_blast.xml,0,0,0,0,0,0,0,0,4412649,0,0,0,0,0,0,1773_subject_array_1739827196.bin
100882,1773,M0006691-1,1773.17601,9,https://ftp.ncbi.nlm.nih.gov/genomes/all/GCF/004/113/165/GCF_004113165.1_ASM411316v1,9,1773.17601.fna,GCF_004113165.1_ASM411316v1_genomic.fna, 4385310, 4385310,1773.17601.fna_vs_GCF_004113165.1_ASM411316v1_genomic.fna_blast.xml,0,0,0,0,0,0,0,0,4385310,0,0,0,0,0,0,1773_subject_array_1739827198.bin
100895,1773,M0007108-5,1773.17556,9,https://ftp.ncbi.nlm.nih.gov/genomes/all/GCF/004/112/295/GCF_004112295.1_ASM411229v1,9,1773.17556.fna,GCF_004112295.1_ASM411229v1_genomic.fna, 4385422, 4385422,1773.17556.fna_vs_GCF_004112295.1_ASM411229v1_genomic.fna_blast.xml,0,0,0,0,0,0,0,0,4385422,0,0,0,0,0,0,1773_subject_array_1739827200.bin
100908,1773,M0007630-8,1773.17327,9,https://ftp.ncbi.nlm.nih.gov/genomes/all/GCF/004/107/665/GCF_004107665.1_ASM410766v1,9,1773.17327.fna,GCF_004107665.1_ASM410766v1_genomic.fna, 4397729, 4397729,1773.17327.fna_vs_GCF_004107665.1_ASM410766v1_genomic.fna_blast.xml,0,0,0,0,0,0,0,0,4397729,0,0,0,0,0,0,1773_subject_array_1739827202.bin
100913,1773,M0007932-8,1773.8304,9,https://ftp.ncbi.nlm.nih.gov/genomes/all/GCF/002/130/505/GCF_002130505.1_ASM213050v1,9,1773.8304.fna,GCF_002130505.1_ASM213050v1_genomic.fna, 4388025, 4388025,1773.8304.fna_vs_GCF_002130505.1_ASM213050v1_genomic.fna_blast.xml,0,0,0,0,0,0,0,0,4388025,0,0,0,0,0,0,1773_subject_array_1739827205.bin
100922,1773,M0008396-5,1773.17596,9,https://ftp.ncbi.nlm.nih.gov/genomes/all/GCF/004/113/095/GCF_004113095.1_ASM411309v1,9,1773.17596.fna,GCF_004113095.1_ASM411309v1_genomic.fna, 4378811, 4378811,1773.17596.fna_vs_GCF_004113095.1_ASM411309v1_genomic.fna_blast.xml,0,0,0,0,0,0,0,0,4378811,0,0,0,0,0,0,1773_subject_array_1739827207.bin
100957,1773,M0009768-4,1773.17296,9,https://ftp.ncbi.nlm.nih.gov/genomes/all/GCF/004/107/025/GCF_004107025.1_ASM410702v1,9,1773.17296.fna,GCF_004107025.1_ASM410702v1_genomic.fna, 4393918, 4393918,1773.17296.fna_vs_GCF_004107025.1_ASM410702v1_genomic.fna_blast.xml,0,0,0,0,0,0,0,0,4393918,0,0,0,0,0,0,1773_subject_array_1739827210.bin
100966,1773,M0010326-8,1773.6124,9,https://ftp.ncbi.nlm.nih.gov/genomes/all/GCF/001/841/525/GCF_001841525.1_ASM184152v1,9,1773.6124.fna,GCF_001841525.1_ASM184152v1_genomic.fna, 4401711, 4401711,1773.6124.fna_vs_GCF_001841525.1_ASM184152v1_genomic.fna_blast.xml,0,0,0,0,0,0,0,0,4401711,0,0,0,0,0,0,1773_subject_array_1739827213.bin
100970,1773,M0010478-7,1773.8370,9,https://ftp.ncbi.nlm.nih.gov/genomes/all/GCF/002/131/815/GCF_002131815.1_ASM213181v1,9,1773.8370.fna,GCF_002131815.1_ASM213181v1_genomic.fna, 4383820, 4383820,1773.8370.fna_vs_GCF_002131815.1_ASM213181v1_genomic.fna_blast.xml,0,0,0,0,0,0,0,0,4383820,0,0,0,0,0,0,1773_subject_array_1739827216.bin
100977,1773,M0010824-2,1773.17281,9,https://ftp.ncbi.nlm.nih.gov/genomes/all/GCF/004/106/725/GCF_004106725.1_ASM410672v1,9,1773.17281.fna,GCF_004106725.1_ASM410672v1_genomic.fna, 4393173, 4393173,1773.17281.fna_vs_GCF_004106725.1_ASM410672v1_genomic.fna_blast.xml,0,0,0,0,0,0,0,0,4393173,0,0,0,0,0,0,1773_subject_array_1739827218.bin
100986,1773,M0011432-3,1773.17505,9,https://ftp.ncbi.nlm.nih.gov/genomes/all/GCF/004/111/285/GCF_004111285.1_ASM411128v1,9,1773.17505.fna,GCF_004111285.1_ASM411128v1_genomic.fna, 4392627, 4392627,1773.17505.fna_vs_GCF_004111285.1_ASM411128v1_genomic.fna_blast.xml,0,0,0,0,0,0,0,0,4392627,0,0,0,0,0,0,1773_subject_array_1739827221.bin
100992,1773,M0011832-4-1,1773.17586,9,https://ftp.ncbi.nlm.nih.gov/genomes/all/GCF/004/112/875/GCF_004112875.1_ASM411287v1,9,1773.17586.fna,GCF_004112875.1_ASM411287v1_genomic.fna, 4402420, 4402420,1773.17586.fna_vs_GCF_004112875.1_ASM411287v1_genomic.fna_blast.xml,0,0,0,0,0,0,0,0,4402420,0,0,0,0,0,0,1773_subject_array_1739827223.bin
100995,1773,M0011849-8,1773.17293,9,https://ftp.ncbi.nlm.nih.gov/genomes/all/GCF/004/106/985/GCF_004106985.1_ASM410698v1,9,1773.17293.fna,GCF_004106985.1_ASM410698v1_genomic.fna, 4392357, 4392357,1773.17293.fna_vs_GCF_004106985.1_ASM410698v1_genomic.fna_blast.xml,0,0,0,0,0,0,0,0,4392357,0,0,0,0,0,0,1773_subject_array_1739827225.bin
100997,1773,M0012105-4,1773.17460,9,https://ftp.ncbi.nlm.nih.gov/genomes/all/GCF/004/110/365/GCF_004110365.1_ASM411036v1,9,1773.17460.fna,GCF_004110365.1_ASM411036v1_genomic.fna, 4398436, 4398436,1773.17460.fna_vs_GCF_004110365.1_ASM411036v1_genomic.fna_blast.xml,0,0,0,0,0,0,0,0,4398436,0,0,0,0,0,0,1773_subject_array_1739827228.bin
101001,1773,M0012235-9,1773.17280,9,https://ftp.ncbi.nlm.nih.gov/genomes/all/GCF/004/106/705/GCF_004106705.1_ASM410670v1,9,1773.17280.fna,GCF_004106705.1_ASM410670v1_genomic.fna, 4407797, 4407797,1773.17280.fna_vs_GCF_004106705.1_ASM410670v1_genomic.fna_blast.xml,0,0,0,0,0,0,0,0,4407797,0,0,0,0,0,0,1773_subject_array_1739827231.bin
101023,1773,M0013324-0,1773.17429,9,https://ftp.ncbi.nlm.nih.gov/genomes/all/GCF/004/109/725/GCF_004109725.1_ASM410972v1,9,1773.17429.fna,GCF_004109725.1_ASM410972v1_genomic.fna, 4361175, 4361175,1773.17429.fna_vs_GCF_004109725.1_ASM410972v1_genomic.fna_blast.xml,0,0,0,0,0,0,0,0,4361175,0,0,0,0,0,0,1773_subject_array_1739827233.bin
101030,1773,M0013832-2,1773.17314,9,https://ftp.ncbi.nlm.nih.gov/genomes/all/GCF/004/107/395/GCF_004107395.1_ASM410739v1,9,1773.17314.fna,GCF_004107395.1_ASM410739v1_genomic.fna, 4385881, 4385881,1773.17314.fna_vs_GCF_004107395.1_ASM410739v1_genomic.fna_blast.xml,0,0,0,0,0,0,0,0,4385881,0,0,0,0,0,0,1773_subject_array_1739827236.bin
101032,1773,M0013841-3,1773.17417,9,https://ftp.ncbi.nlm.nih.gov/genomes/all/GCF/004/109/505/GCF_004109505.1_ASM410950v1,9,1773.17417.fna,GCF_004109505.1_ASM410950v1_genomic.fna, 4341291, 4341291,1773.17417.fna_vs_GCF_004109505.1_ASM410950v1_genomic.fna_blast.xml,0,0,0,0,0,0,0,0,4341291,0,0,0,0,0,0,1773_subject_array_1739827239.bin
101034,1773,M0014025-2,1773.17484,9,https://ftp.ncbi.nlm.nih.gov/genomes/all/GCF/004/110/845/GCF_004110845.1_ASM411084v1,9,1773.17484.fna,GCF_004110845.1_ASM411084v1_genomic.fna, 4367416, 4367416,1773.17484.fna_vs_GCF_004110845.1_ASM411084v1_genomic.fna_blast.xml,0,0,0,0,0,0,0,0,4367416,0,0,0,0,0,0,1773_subject_array_1739827241.bin
101035,1773,M0014029-4,1773.6129,9,https://ftp.ncbi.nlm.nih.gov/genomes/all/GCF/001/841/615/GCF_001841615.1_ASM184161v1,9,1773.6129.fna,GCF_001841615.1_ASM184161v1_genomic.fna, 4383588, 4383588,1773.6129.fna_vs_GCF_001841615.1_ASM184161v1_genomic.fna_blast.xml,0,0,0,0,0,0,0,0,4383588,0,0,0,0,0,0,1773_subject_array_1739827243.bin
101058,1773,M0014698-6,1773.17305,9,https://ftp.ncbi.nlm.nih.gov/genomes/all/GCF/004/107/205/GCF_004107205.1_ASM410720v1,9,1773.17305.fna,GCF_004107205.1_ASM410720v1_genomic.fna, 4403248, 4403248,1773.17305.fna_vs_GCF_004107205.1_ASM410720v1_genomic.fna_blast.xml,0,0,0,0,0,0,0,0,4403248,0,0,0,0,0,0,1773_subject_array_1739827246.bin
101068,1773,M0014914-7,1773.17298,9,https://ftp.ncbi.nlm.nih.gov/genomes/all/GCF/004/107/085/GCF_004107085.1_ASM410708v1,9,1773.17298.fna,GCF_004107085.1_ASM410708v1_genomic.fna, 4433550, 4433550,1773.17298.fna_vs_GCF_004107085.1_ASM410708v1_genomic.fna_blast.xml,0,0,0,0,0,0,0,0,4433550,0,0,0,0,0,0,1773_subject_array_1739827248.bin
101082,1773,M0015752-0,1773.17630,9,https://ftp.ncbi.nlm.nih.gov/genomes/all/GCF/004/113/775/GCF_004113775.1_ASM411377v1,9,1773.17630.fna,GCF_004113775.1_ASM411377v1_genomic.fna, 4377683, 4377683,1773.17630.fna_vs_GCF_004113775.1_ASM411377v1_genomic.fna_blast.xml,0,0,0,0,0,0,0,0,4377683,0,0,0,0,0,0,1773_subject_array_1739827251.bin
101085,1773,M0015899-9,1773.17632,9,https://ftp.ncbi.nlm.nih.gov/genomes/all/GCF/004/113/825/GCF_004113825.1_ASM411382v1,9,1773.17632.fna,GCF_004113825.1_ASM411382v1_genomic.fna, 4387870, 4387870,1773.17632.fna_vs_GCF_004113825.1_ASM411382v1_genomic.fna_blast.xml,0,0,0,0,0,0,0,0,4387870,0,0,0,0,0,0,1773_subject_array_1739827253.bin
101086,1773,M0015911-2,1773.17253,9,https://ftp.ncbi.nlm.nih.gov/genomes/all/GCF/004/106/165/GCF_004106165.1_ASM410616v1,9,1773.17253.fna,GCF_004106165.1_ASM410616v1_genomic.fna, 4410515, 4410515,1773.17253.fna_vs_GCF_004106165.1_ASM410616v1_genomic.fna_blast.xml,0,0,0,0,0,0,0,0,4410515,0,0,0,0,0,0,1773_subject_array_1739827256.bin
101102,1773,M0016627-3,1773.17262,9,https://ftp.ncbi.nlm.nih.gov/genomes/all/GCF/004/106/335/GCF_004106335.1_ASM410633v1,9,1773.17262.fna,GCF_004106335.1_ASM410633v1_genomic.fna, 4407746, 4407746,1773.17262.fna_vs_GCF_004106335.1_ASM410633v1_genomic.fna_blast.xml,0,0,0,0,0,0,0,0,4407746,0,0,0,0,0,0,1773_subject_array_1739827258.bin
101103,1773,M0016693-5,1773.7028,9,https://ftp.ncbi.nlm.nih.gov/genomes/all/GCF/001/948/535/GCF_001948535.1_ASM194853v1,9,1773.7028.fna,GCF_001948535.1_ASM194853v1_genomic.fna, 4405574, 4405574,1773.7028.fna_vs_GCF_001948535.1_ASM194853v1_genomic.fna_blast.xml,0,0,0,0,0,0,0,0,4405574,0,0,0,0,0,0,1773_subject_array_1739827261.bin
101107,1773,M0016918-6,1773.8263,9,https://ftp.ncbi.nlm.nih.gov/genomes/all/GCF/002/129/685/GCF_002129685.1_ASM212968v1,9,1773.8263.fna,GCF_002129685.1_ASM212968v1_genomic.fna, 4395984, 4395984,1773.8263.fna_vs_GCF_002129685.1_ASM212968v1_genomic.fna_blast.xml,0,0,0,0,0,0,0,0,4395984,0,0,0,0,0,0,1773_subject_array_1739827263.bin
101133,1773,M0018061-3,1773.17244,9,https://ftp.ncbi.nlm.nih.gov/genomes/all/GCF/004/105/975/GCF_004105975.1_ASM410597v1,9,1773.17244.fna,GCF_004105975.1_ASM410597v1_genomic.fna, 4406447, 4406447,1773.17244.fna_vs_GCF_004105975.1_ASM410597v1_genomic.fna_blast.xml,0,0,0,0,0,0,0,0,4406447,0,0,0,0,0,0,1773_subject_array_1739827265.bin
101160,1773,M0019039-8,1773.17257,9,https://ftp.ncbi.nlm.nih.gov/genomes/all/GCF/004/106/265/GCF_004106265.1_ASM410626v1,9,1773.17257.fna,GCF_004106265.1_ASM410626v1_genomic.fna, 4401927, 4401927,1773.17257.fna_vs_GCF_004106265.1_ASM410626v1_genomic.fna_blast.xml,0,0,0,0,0,0,0,0,4401927,0,0,0,0,0,0,1773_subject_array_1739827268.bin
101169,1773,M0019715-3,1773.8266,9,https://ftp.ncbi.nlm.nih.gov/genomes/all/GCF/002/129/745/GCF_002129745.1_ASM212974v1,9,1773.8266.fna,GCF_002129745.1_ASM212974v1_genomic.fna, 4400441, 4400441,1773.8266.fna_vs_GCF_002129745.1_ASM212974v1_genomic.fna_blast.xml,0,0,0,0,0,0,0,0,4400441,0,0,0,0,0,0,1773_subject_array_1739827270.bin
101205,1773,M0021400-8,1773.8345,9,https://ftp.ncbi.nlm.nih.gov/genomes/all/GCF/002/131/325/GCF_002131325.1_ASM213132v1,9,1773.8345.fna,GCF_002131325.1_ASM213132v1_genomic.fna, 4404937, 4404937,1773.8345.fna_vs_GCF_002131325.1_ASM213132v1_genomic.fna_blast.xml,0,0,0,0,0,0,0,0,4404937,0,0,0,0,0,0,1773_subject_array_1739827273.bin
101219,1773,M0022059-1,1773.8267,9,https://ftp.ncbi.nlm.nih.gov/genomes/all/GCF/002/129/755/GCF_002129755.1_ASM212975v1,9,1773.8267.fna,GCF_002129755.1_ASM212975v1_genomic.fna, 4406734, 4406734,1773.8267.fna_vs_GCF_002129755.1_ASM212975v1_genomic.fna_blast.xml,0,0,0,0,0,0,0,0,4406734,0,0,0,0,0,0,1773_subject_array_1739827275.bin
101228,1773,M0022480-9,1773.17213,9,https://ftp.ncbi.nlm.nih.gov/genomes/all/GCF/004/105/335/GCF_004105335.1_ASM410533v1,9,1773.17213.fna,GCF_004105335.1_ASM410533v1_genomic.fna, 4378027, 4378027,1773.17213.fna_vs_GCF_004105335.1_ASM410533v1_genomic.fna_blast.xml,0,0,0,0,0,0,0,0,4378027,0,0,0,0,0,0,1773_subject_array_1739827278.bin
101237,1773,M0022871-9,1773.8342,9,https://ftp.ncbi.nlm.nih.gov/genomes/all/GCF/002/131/265/GCF_002131265.1_ASM213126v1,9,1773.8342.fna,GCF_002131265.1_ASM213126v1_genomic.fna, 4389750, 4389750,1773.8342.fna_vs_GCF_002131265.1_ASM213126v1_genomic.fna_blast.xml,0,0,0,0,0,0,0,0,4389750,0,0,0,0,0,0,1773_subject_array_1739827281.bin
101262,1773,M0024213-2,1773.17597,9,https://ftp.ncbi.nlm.nih.gov/genomes/all/GCF/004/113/125/GCF_004113125.1_ASM411312v1,9,1773.17597.fna,GCF_004113125.1_ASM411312v1_genomic.fna, 4388501, 4388501,1773.17597.fna_vs_GCF_004113125.1_ASM411312v1_genomic.fna_blast.xml,0,0,0,0,0,0,0,0,4388501,0,0,0,0,0,0,1773_subject_array_1739827284.bin
101278,1773,M0025030-9,1773.17222,9,https://ftp.ncbi.nlm.nih.gov/genomes/all/GCF/004/105/525/GCF_004105525.1_ASM410552v1,9,1773.17222.fna,GCF_004105525.1_ASM410552v1_genomic.fna, 4395637, 4395637,1773.17222.fna_vs_GCF_004105525.1_ASM410552v1_genomic.fna_blast.xml,0,0,0,0,0,0,0,0,4395637,0,0,0,0,0,0,1773_subject_array_1739827286.bin
101291,1773,M0025400-4,1773.17496,9,https://ftp.ncbi.nlm.nih.gov/genomes/all/GCF/004/111/085/GCF_004111085.1_ASM411108v1,9,1773.17496.fna,GCF_004111085.1_ASM411108v1_genomic.fna, 4397117, 4397117,1773.17496.fna_vs_GCF_004111085.1_ASM411108v1_genomic.fna_blast.xml,0,0,0,0,0,0,0,0,4397117,0,0,0,0,0,0,1773_subject_array_1739827290.bin
101292,1773,M0025470-7,1773.17199,9,https://ftp.ncbi.nlm.nih.gov/genomes/all/GCF/004/105/085/GCF_004105085.1_ASM410508v1,9,1773.17199.fna,GCF_004105085.1_ASM410508v1_genomic.fna, 4384138, 4384138,1773.17199.fna_vs_GCF_004105085.1_ASM410508v1_genomic.fna_blast.xml,0,0,0,0,0,0,0,0,4384138,0,0,0,0,0,0,1773_subject_array_1739827292.bin
101309,1773,M0025943-3,1773.17195,9,https://ftp.ncbi.nlm.nih.gov/genomes/all/GCF/004/105/015/GCF_004105015.1_ASM410501v1,9,1773.17195.fna,GCF_004105015.1_ASM410501v1_genomic.fna, 4389106, 4389106,1773.17195.fna_vs_GCF_004105015.1_ASM410501v1_genomic.fna_blast.xml,0,0,0,0,0,0,0,0,4389106,0,0,0,0,0,0,1773_subject_array_1739827295.bin
101384,1773,MR1481,1773.23711,9,https://ftp.ncbi.nlm.nih.gov/genomes/all/GCF/015/686/975/GCF_015686975.1_ASM1568697v1,9,1773.23711.fna,GCF_015686975.1_ASM1568697v1_genomic.fna, 4365058, 4365058,1773.23711.fna_vs_GCF_015686975.1_ASM1568697v1_genomic.fna_blast.xml,0,0,0,0,0,0,0,15430,4349605,0,0,1,22,0,0,1773_subject_array_1739827298.bin
101386,1773,MR2972,1773.23707,9,https://ftp.ncbi.nlm.nih.gov/genomes/all/GCF/015/686/915/GCF_015686915.1_ASM1568691v1,9,1773.23707.fna,GCF_015686915.1_ASM1568691v1_genomic.fna, 4391115, 4391115,1773.23707.fna_vs_GCF_015686915.1_ASM1568691v1_genomic.fna_blast.xml,0,0,0,2,0,0,0,11464,4379562,0,3,25,59,0,0,1773_subject_array_1739827300.bin
101992,1776384,SN18,1776384.3,9,https://ftp.ncbi.nlm.nih.gov/genomes/all/GCF/900/086/585/GCF_900086585.1_PRJEB13931,9,1776384.3.fna,GCF_900086585.1_PRJEB13931_genomic.fna, 4661482, 4661482,1776384.3.fna_vs_GCF_900086585.1_PRJEB13931_genomic.fna_blast.xml,0,0,0,0,0,0,0,0,4661482,0,0,0,0,0,0,1776384_subject_array_1739827303.bin
101993,1776385,MT26,1776385.3,9,https://ftp.ncbi.nlm.nih.gov/genomes/all/GCF/900/176/615/GCF_900176615.1_PRJEB20368,9,1776385.3.fna,GCF_900176615.1_PRJEB20368_genomic.fna, 2759335, 2759335,1776385.3.fna_vs_GCF_900176615.1_PRJEB20368_genomic.fna_blast.xml,0,0,0,0,0,0,2,0,2759319,0,5,9,0,0,0,1776385_subject_array_1739827305.bin
102331,179467,CCM 7086,179467.3,9,https://ftp.ncbi.nlm.nih.gov/genomes/all/GCF/014/635/065/GCF_014635065.1_ASM1463506v1,9,179467.3.fna,GCF_014635065.1_ASM1463506v1_genomic.fna, 3216396, 3216396,179467.3.fna_vs_GCF_014635065.1_ASM1463506v1_genomic.fna_blast.xml,0,0,0,0,0,0,0,0,3216396,0,0,0,0,0,0,179467_subject_array_1739827307.bin
103050,1812482,PE63,1812482.3,9,https://ftp.ncbi.nlm.nih.gov/genomes/all/GCF/018/292/285/GCF_018292285.1_ASM1829228v1,9,1812482.3.fna,GCF_018292285.1_ASM1829228v1_genomic.fna, 5446470, 5446470,1812482.3.fna_vs_GCF_018292285.1_ASM1829228v1_genomic.fna_blast.xml,0,0,0,0,0,0,0,0,5446470,0,0,0,0,0,0,1812482_subject_array_1739827310.bin
103351,1812935,GD03780,1812935.493,9,https://ftp.ncbi.nlm.nih.gov/genomes/all/GCF/029/842/425/GCF_029842425.1_ASM2984242v1,9,1812935.493.fna,GCF_029842425.1_ASM2984242v1_genomic.fna, 5248922, 5248922,1812935.493.fna_vs_GCF_029842425.1_ASM2984242v1_genomic.fna_blast.xml,0,0,0,0,0,0,0,0,5248922,0,0,0,0,0,0,1812935_subject_array_1739827313.bin
103461,1812935,RHBSTW-00630,1812935.94,9,https://ftp.ncbi.nlm.nih.gov/genomes/all/GCF/014/103/425/GCF_014103425.1_ASM1410342v1,9,1812935.94.fna,GCF_014103425.1_ASM1410342v1_genomic.fna, 5074538, 5074538,1812935.94.fna_vs_GCF_014103425.1_ASM1410342v1_genomic.fna_blast.xml,0,0,0,0,0,0,0,0,5074538,0,0,0,0,0,0,1812935_subject_array_1739827317.bin
103555,1813611,R9-9,1813611.20,9,https://ftp.ncbi.nlm.nih.gov/genomes/all/GCF/029/872/395/GCF_029872395.1_ASM2987239v1,9,1813611.20.fna,GCF_029872395.1_ASM2987239v1_genomic.fna, 5430390, 5430390,1813611.20.fna_vs_GCF_029872395.1_ASM2987239v1_genomic.fna_blast.xml,0,0,0,0,0,0,0,0,5430390,0,0,0,0,0,0,1813611_subject_array_1739827319.bin
103616,1819735,UB-Piko-W3,1819735.3,9,https://ftp.ncbi.nlm.nih.gov/genomes/all/GCF/018/881/635/GCF_018881635.1_ASM1888163v1,9,1819735.3.fna,GCF_018881635.1_ASM1888163v1_genomic.fna, 2048732, 2048732,1819735.3.fna_vs_GCF_018881635.1_ASM1888163v1_genomic.fna_blast.xml,0,0,0,0,0,0,0,852,2047880,0,0,0,0,0,0,1819735_subject_array_1739827321.bin
103620,1819739,UK-Pondora-W15,1819739.3,9,https://ftp.ncbi.nlm.nih.gov/genomes/all/GCF/018/881/545/GCF_018881545.1_ASM1888154v1,9,1819739.3.fna,GCF_018881545.1_ASM1888154v1_genomic.fna, 2033692, 2033692,1819739.3.fna_vs_GCF_018881545.1_ASM1888154v1_genomic.fna_blast.xml,0,0,0,0,0,0,0,492,2033200,0,0,0,0,0,0,1819739_subject_array_1739827321.bin
103812,182838,NBRC 104436,182838.5,9,https://ftp.ncbi.nlm.nih.gov/genomes/all/GCF/007/988/945/GCF_007988945.1_ASM798894v1,9,182838.5.fna,GCF_007988945.1_ASM798894v1_genomic.fna, 2927457, 2927457,182838.5.fna_vs_GCF_007988945.1_ASM798894v1_genomic.fna_blast.xml,0,0,0,0,0,0,0,0,2927457,0,0,0,0,0,0,182838_subject_array_1739827323.bin
104025,1834190,8E11_MSG4843,1834190.3,9,https://ftp.ncbi.nlm.nih.gov/genomes/all/GCF/002/174/495/GCF_002174495.1_ASM217449v1,9,1834190.3.fna,GCF_002174495.1_ASM217449v1_genomic.fna, 3993241, 3993241,1834190.3.fna_vs_GCF_002174495.1_ASM217449v1_genomic.fna_blast.xml,0,0,0,0,0,0,0,220973,3772250,0,0,4,13,0,1,1834190_subject_array_1739827325.bin
104348,1849022,NBRC 112299,1849022.3,9,https://ftp.ncbi.nlm.nih.gov/genomes/all/GCF/030/161/615/GCF_030161615.1_ASM3016161v1,9,1849022.3.fna,GCF_030161615.1_ASM3016161v1_genomic.fna, 3027681, 3027681,1849022.3.fna_vs_GCF_030161615.1_ASM3016161v1_genomic.fna_blast.xml,0,0,0,0,0,0,0,0,3027681,0,0,0,0,0,0,1849022_subject_array_1739827327.bin
104356,1849104,KCTC 42205,1849104.3,9,https://ftp.ncbi.nlm.nih.gov/genomes/all/GCF/013/240/295/GCF_013240295.1_ASM1324029v1,9,1849104.3.fna,GCF_013240295.1_ASM1324029v1_genomic.fna, 6135496, 6135496,1849104.3.fna_vs_GCF_013240295.1_ASM1324029v1_genomic.fna_blast.xml,0,0,0,0,0,0,0,0,6135496,0,0,0,0,0,0,1849104_subject_array_1739827330.bin
104677,185874,A1-3,185874.3,9,https://ftp.ncbi.nlm.nih.gov/genomes/all/GCF/023/806/445/GCF_023806445.1_ASM2380644v1,9,185874.3.fna,GCF_023806445.1_ASM2380644v1_genomic.fna, 7711978, 7711978,185874.3.fna_vs_GCF_023806445.1_ASM2380644v1_genomic.fna_blast.xml,0,0,0,0,0,0,0,0,7711978,0,0,0,0,0,0,185874_subject_array_1739827334.bin
104746,1863,BTSK11,1863.100,9,https://ftp.ncbi.nlm.nih.gov/genomes/all/GCF/017/585/005/GCF_017585005.1_ASM1758500v1,9,1863.100.fna,GCF_017585005.1_ASM1758500v1_genomic.fna, 2704542, 2704542,1863.100.fna_vs_GCF_017585005.1_ASM1758500v1_genomic.fna_blast.xml,0,0,0,0,0,0,0,84625,2619917,0,0,0,0,0,0,1863_subject_array_1739827335.bin
104828,1867835,NBRC 111473,1867835.3,9,https://ftp.ncbi.nlm.nih.gov/genomes/all/GCF/030/160/075/GCF_030160075.1_ASM3016007v1,9,1867835.3.fna,GCF_030160075.1_ASM3016007v1_genomic.fna, 4049300, 4049300,1867835.3.fna_vs_GCF_030160075.1_ASM3016007v1_genomic.fna_blast.xml,0,0,0,0,0,0,0,946,4048354,0,0,0,0,0,0,1867835_subject_array_1739827337.bin
104930,1871031,Marseille-P3256T,1871031.3,9,https://ftp.ncbi.nlm.nih.gov/genomes/all/GCF/900/119/385/GCF_900119385.1_PRJEB17947,9,1871031.3.fna,GCF_900119385.1_PRJEB17947_genomic.fna, 2374959, 2374959,1871031.3.fna_vs_GCF_900119385.1_PRJEB17947_genomic.fna_blast.xml,0,0,0,0,0,0,1,0,2374958,0,0,0,0,0,0,1871031_subject_array_1739827338.bin
104942,1871111,WCHA30,1871111.9,9,https://ftp.ncbi.nlm.nih.gov/genomes/all/GCF/001/704/615/GCF_001704615.3_ASM170461v3,9,1871111.9.fna,GCF_001704615.3_ASM170461v3_genomic.fna, 3812268, 3812268,1871111.9.fna_vs_GCF_001704615.3_ASM170461v3_genomic.fna_blast.xml,0,0,0,0,0,0,0,0,3812268,0,0,0,0,0,0,1871111_subject_array_1739827340.bin
105046,187981,Sw-45,187981.3,9,https://ftp.ncbi.nlm.nih.gov/genomes/all/GCF/003/336/705/GCF_003336705.1_ASM333670v1,9,187981.3.fna,GCF_003336705.1_ASM333670v1_genomic.fna, 3452504, 3452504,187981.3.fna_vs_GCF_003336705.1_ASM333670v1_genomic.fna_blast.xml,0,0,0,0,0,0,0,0,3452504,0,0,0,0,0,0,187981_subject_array_1739827342.bin
105597,1891914,OD_332610_07,1891914.11,9,https://ftp.ncbi.nlm.nih.gov/genomes/all/GCF/002/096/515/GCF_002096515.1_ASM209651v1,9,1891914.11.fna,GCF_002096515.1_ASM209651v1_genomic.fna, 1946464, 1946464,1891914.11.fna_vs_GCF_002096515.1_ASM209651v1_genomic.fna_blast.xml,0,0,0,0,0,0,0,0,1946463,0,0,1,0,0,0,1891914_subject_array_1739827343.bin
105682,189381,Marseille-P794,189381.18,9,https://ftp.ncbi.nlm.nih.gov/genomes/all/GCF/900/166/615/GCF_900166615.1_PRJEB19431,9,189381.18.fna,GCF_900166615.1_PRJEB19431_genomic.fna, 4331926, 4331926,189381.18.fna_vs_GCF_900166615.1_PRJEB19431_genomic.fna_blast.xml,0,0,0,0,0,0,0,0,4331926,0,0,0,0,0,0,189381_subject_array_1739827346.bin
105757,1895002,FJAT-29790,1895002.3,9,https://ftp.ncbi.nlm.nih.gov/genomes/all/GCF/019/039/215/GCF_019039215.1_ASM1903921v1,9,1895002.3.fna,GCF_019039215.1_ASM1903921v1_genomic.fna, 4546172, 4546172,1895002.3.fna_vs_GCF_019039215.1_ASM1903921v1_genomic.fna_blast.xml,0,0,0,0,0,0,0,19210,4526905,0,0,2,55,0,0,1895002_subject_array_1739827351.bin
105774,1896202,UWB11,1896202.3,9,https://ftp.ncbi.nlm.nih.gov/genomes/all/GCF/900/143/015/GCF_900143015.1_IMG-taxon_2703719254_annotated_assembly,9,1896202.3.fna,GCF_900143015.1_IMG-taxon_2703719254_annotated_assembly_genomic.fna, 3763481, 3763481,1896202.3.fna_vs_GCF_900143015.1_IMG-taxon_2703719254_annotated_assembly_genomic.fna_blast.xml,0,0,0,0,0,0,0,0,3763480,0,0,1,0,0,0,1896202_subject_array_1739827352.bin
106292,1911,NCTC7807,1911.15,9,https://ftp.ncbi.nlm.nih.gov/genomes/all/GCF/900/460/115/GCF_900460115.1_53878_B01,9,1911.15.fna,GCF_900460115.1_53878_B01_genomic.fna, 6951521, 6951521,1911.15.fna_vs_GCF_900460115.1_53878_B01_genomic.fna_blast.xml,0,0,0,0,0,0,0,0,6951521,0,0,0,0,0,0,1911_subject_array_1739827356.bin
106327,1912,N11-34,1912.54,9,https://ftp.ncbi.nlm.nih.gov/genomes/all/GCF/021/600/165/GCF_021600165.1_ASM2160016v1,9,1912.54.fna,GCF_021600165.1_ASM2160016v1_genomic.fna, 10408210, 10408210,1912.54.fna_vs_GCF_021600165.1_ASM2160016v1_genomic.fna_blast.xml,0,0,0,0,0,0,0,0,10408210,0,0,0,0,0,0,1912_subject_array_1739827363.bin
106482,1916917,DE0473,1916917.4,9,https://ftp.ncbi.nlm.nih.gov/genomes/all/GCF/007/667/425/GCF_007667425.1_ASM766742v1,9,1916917.4.fna,GCF_007667425.1_ASM766742v1_genomic.fna, 3481995, 3481995,1916917.4.fna_vs_GCF_007667425.1_ASM766742v1_genomic.fna_blast.xml,0,0,0,0,0,0,0,392,3481603,0,0,0,0,0,0,1916917_subject_array_1739827365.bin
106896,192812,A7_0,192812.32,9,https://ftp.ncbi.nlm.nih.gov/genomes/all/GCF/017/744/185/GCF_017744185.1_ASM1774418v1,9,192812.32.fna,GCF_017744185.1_ASM1774418v1_genomic.fna, 2951563, 2951563,192812.32.fna_vs_GCF_017744185.1_ASM1774418v1_genomic.fna_blast.xml,0,0,0,0,0,0,0,0,2951563,0,0,0,0,0,0,192812_subject_array_1739827367.bin
107528,1933777,CSI-V,1933777.3,9,https://ftp.ncbi.nlm.nih.gov/genomes/all/GCF/001/984/105/GCF_001984105.1_ASM198410v1,9,1933777.3.fna,GCF_001984105.1_ASM198410v1_genomic.fna, 3714165, 3714165,1933777.3.fna_vs_GCF_001984105.1_ASM198410v1_genomic.fna_blast.xml,0,0,0,0,0,0,0,0,3714165,0,0,0,0,0,0,1933777_subject_array_1739827369.bin
107764,1940690,JCM 31645,1940690.10,9,https://ftp.ncbi.nlm.nih.gov/genomes/all/GCF/031/624/335/GCF_031624335.1_ASM3162433v1,9,1940690.10.fna,GCF_031624335.1_ASM3162433v1_genomic.fna, 2397397, 2397397,1940690.10.fna_vs_GCF_031624335.1_ASM3162433v1_genomic.fna_blast.xml,0,0,0,0,0,0,0,96,2397301,0,0,0,0,0,0,1940690_subject_array_1739827370.bin
108008,1945874,UWB16,1945874.3,9,https://ftp.ncbi.nlm.nih.gov/genomes/all/GCF/900/215/325/GCF_900215325.1_IMG-taxon_2721755862_annotated_assembly,9,1945874.3.fna,GCF_900215325.1_IMG-taxon_2721755862_annotated_assembly_genomic.fna, 3555739, 3555739,1945874.3.fna_vs_GCF_900215325.1_IMG-taxon_2721755862_annotated_assembly_genomic.fna_blast.xml,0,0,0,0,0,0,0,0,3555708,0,0,31,0,0,0,1945874_subject_array_1739827372.bin
108379,195,C57,195.4264,9,https://ftp.ncbi.nlm.nih.gov/genomes/all/GCF/023/151/515/GCF_023151515.1_ASM2315151v1,9,195.4264.fna,GCF_023151515.1_ASM2315151v1_genomic.fna, 1710747, 1710747,195.4264.fna_vs_GCF_023151515.1_ASM2315151v1_genomic.fna_blast.xml,0,0,0,0,0,0,0,0,1710747,0,0,0,0,0,0,195_subject_array_1739827372.bin
108383,195,C76,195.4262,9,https://ftp.ncbi.nlm.nih.gov/genomes/all/GCF/023/151/445/GCF_023151445.1_ASM2315144v1,9,195.4262.fna,GCF_023151445.1_ASM2315144v1_genomic.fna, 1688284, 1688284,195.4262.fna_vs_GCF_023151445.1_ASM2315144v1_genomic.fna_blast.xml,0,0,0,0,0,0,0,0,1688284,0,0,0,0,0,0,195_subject_array_1739827373.bin
108778,195,OXC6371,195.328,9,https://ftp.ncbi.nlm.nih.gov/genomes/all/GCF/001/239/125/GCF_001239125.1_7065_7_25,9,195.328.fna,GCF_001239125.1_7065_7_25_genomic.fna, 1645230, 1645230,195.328.fna_vs_GCF_001239125.1_7065_7_25_genomic.fna_blast.xml,0,0,0,0,0,0,0,0,1645230,0,0,0,0,0,0,195_subject_array_1739827374.bin
109277,1962118,1001,1962118.166,9,https://ftp.ncbi.nlm.nih.gov/genomes/all/GCF/900/136/195/GCF_900136195.1_12163_1_75,9,1962118.166.fna,GCF_900136195.1_12163_1_75_genomic.fna, 4900374, 4900374,1962118.166.fna_vs_GCF_900136195.1_12163_1_75_genomic.fna_blast.xml,0,0,0,0,0,0,0,3940,4896431,0,0,0,3,0,0,1962118_subject_array_1739827376.bin
109281,1962118,1012,1962118.168,9,https://ftp.ncbi.nlm.nih.gov/genomes/all/GCF/900/136/275/GCF_900136275.1_12163_1_83,9,1962118.168.fna,GCF_900136275.1_12163_1_83_genomic.fna, 4900203, 4900203,1962118.168.fna_vs_GCF_900136275.1_12163_1_83_genomic.fna_blast.xml,0,0,0,0,0,0,5,5379,4894799,0,4,16,0,0,0,1962118_subject_array_1739827379.bin
109296,1962118,1091,1962118.111,9,https://ftp.ncbi.nlm.nih.gov/genomes/all/GCF/900/133/195/GCF_900133195.1_12163_2_60,9,1962118.111.fna,GCF_900133195.1_12163_2_60_genomic.fna, 5023176, 5023176,1962118.111.fna_vs_GCF_900133195.1_12163_2_60_genomic.fna_blast.xml,0,0,0,0,0,0,0,3352,5019493,0,0,3,328,0,0,1962118_subject_array_1739827381.bin
109311,1962118,1140,1962118.208,9,https://ftp.ncbi.nlm.nih.gov/genomes/all/GCF/900/138/155/GCF_900138155.1_12082_5_84,9,1962118.208.fna,GCF_900138155.1_12082_5_84_genomic.fna, 4825708, 4825708,1962118.208.fna_vs_GCF_900138155.1_12082_5_84_genomic.fna_blast.xml,0,0,0,0,0,0,2,4149,4821522,0,2,33,0,0,0,1962118_subject_array_1739827383.bin
109312,1962118,1141,1962118.209,9,https://ftp.ncbi.nlm.nih.gov/genomes/all/GCF/900/138/165/GCF_900138165.1_12082_5_85,9,1962118.209.fna,GCF_900138165.1_12082_5_85_genomic.fna, 4825991, 4825991,1962118.209.fna_vs_GCF_900138165.1_12082_5_85_genomic.fna_blast.xml,0,0,0,0,0,0,1,2919,4823037,0,1,16,17,0,0,1962118_subject_array_1739827386.bin
109319,1962118,1168_10,1962118.218,9,https://ftp.ncbi.nlm.nih.gov/genomes/all/GCF/900/138/375/GCF_900138375.1_11893_7_51,9,1962118.218.fna,GCF_900138375.1_11893_7_51_genomic.fna, 5159619, 5159619,1962118.218.fna_vs_GCF_900138375.1_11893_7_51_genomic.fna_blast.xml,0,0,0,0,0,0,0,6351,5153241,0,0,3,24,0,0,1962118_subject_array_1739827388.bin
109325,1962118,1168_16,1962118.227,9,https://ftp.ncbi.nlm.nih.gov/genomes/all/GCF/900/138/465/GCF_900138465.1_11893_7_57,9,1962118.227.fna,GCF_900138465.1_11893_7_57_genomic.fna, 5160746, 5160746,1962118.227.fna_vs_GCF_900138465.1_11893_7_57_genomic.fna_blast.xml,0,0,0,0,0,0,0,5830,5154540,0,0,8,368,0,0,1962118_subject_array_1739827391.bin
109336,1962118,1168_8,1962118.219,9,https://ftp.ncbi.nlm.nih.gov/genomes/all/GCF/900/138/385/GCF_900138385.1_11893_7_49,9,1962118.219.fna,GCF_900138385.1_11893_7_49_genomic.fna, 5160105, 5160105,1962118.219.fna_vs_GCF_900138385.1_11893_7_49_genomic.fna_blast.xml,0,0,0,0,0,0,0,7064,5153037,0,1,1,2,0,0,1962118_subject_array_1739827394.bin
109358,1962118,154,1962118.12,9,https://ftp.ncbi.nlm.nih.gov/genomes/all/GCF/900/130/365/GCF_900130365.1_10625_5_69,9,1962118.12.fna,GCF_900130365.1_10625_5_69_genomic.fna, 5026768, 5026768,1962118.12.fna_vs_GCF_900130365.1_10625_5_69_genomic.fna_blast.xml,0,0,0,0,0,0,0,0,5026766,0,1,1,0,0,0,1962118_subject_array_1739827398.bin
109360,1962118,156,1962118.271,9,https://ftp.ncbi.nlm.nih.gov/genomes/all/GCF/900/139/655/GCF_900139655.1_10625_5_71,9,1962118.271.fna,GCF_900139655.1_10625_5_71_genomic.fna, 5025095, 5025095,1962118.271.fna_vs_GCF_900139655.1_10625_5_71_genomic.fna_blast.xml,0,0,0,0,0,0,0,0,5025095,0,0,0,0,0,0,1962118_subject_array_1739827400.bin
109378,1962118,200,1962118.30,9,https://ftp.ncbi.nlm.nih.gov/genomes/all/GCF/900/130/795/GCF_900130795.1_10665_3_30,9,1962118.30.fna,GCF_900130795.1_10665_3_30_genomic.fna, 5212412, 5212412,1962118.30.fna_vs_GCF_900130795.1_10665_3_30_genomic.fna_blast.xml,0,0,0,0,0,0,0,0,5211749,0,0,0,663,0,0,1962118_subject_array_1739827403.bin
109409,1962118,284,1962118.61,9,https://ftp.ncbi.nlm.nih.gov/genomes/all/GCF/900/131/695/GCF_900131695.1_10665_4_29,9,1962118.61.fna,GCF_900131695.1_10665_4_29_genomic.fna, 5210737, 5210737,1962118.61.fna_vs_GCF_900131695.1_10665_4_29_genomic.fna_blast.xml,0,0,0,0,0,0,0,0,5210736,0,1,0,0,0,0,1962118_subject_array_1739827405.bin
109419,1962118,307,1962118.75,9,https://ftp.ncbi.nlm.nih.gov/genomes/all/GCF/900/132/075/GCF_900132075.1_10665_4_52,9,1962118.75.fna,GCF_900132075.1_10665_4_52_genomic.fna, 4830117, 4830117,1962118.75.fna_vs_GCF_900132075.1_10665_4_52_genomic.fna_blast.xml,0,0,0,0,0,0,0,0,4830116,0,0,1,0,0,0,1962118_subject_array_1739827408.bin
109431,1962118,346,1962118.99,9,https://ftp.ncbi.nlm.nih.gov/genomes/all/GCF/900/132/815/GCF_900132815.1_10250_1_6,9,1962118.99.fna,GCF_900132815.1_10250_1_6_genomic.fna, 4931348, 4931348,1962118.99.fna_vs_GCF_900132815.1_10250_1_6_genomic.fna_blast.xml,0,0,0,0,0,0,0,0,4931019,0,0,2,327,0,0,1962118_subject_array_1739827410.bin
109439,1962118,396,1962118.131,9,https://ftp.ncbi.nlm.nih.gov/genomes/all/GCF/900/134/075/GCF_900134075.1_10396_8_5,9,1962118.131.fna,GCF_900134075.1_10396_8_5_genomic.fna, 4861757, 4861757,1962118.131.fna_vs_GCF_900134075.1_10396_8_5_genomic.fna_blast.xml,0,0,0,0,0,0,0,0,4861757,0,0,0,0,0,0,1962118_subject_array_1739827413.bin
109512,1962118,798,1962118.101,9,https://ftp.ncbi.nlm.nih.gov/genomes/all/GCF/900/132/895/GCF_900132895.1_11861_7_63,9,1962118.101.fna,GCF_900132895.1_11861_7_63_genomic.fna, 4856899, 4856899,1962118.101.fna_vs_GCF_900132895.1_11861_7_63_genomic.fna_blast.xml,0,0,0,0,0,0,1,5019,4851840,0,0,24,15,0,0,1962118_subject_array_1739827415.bin
109523,1962118,842,1962118.206,9,https://ftp.ncbi.nlm.nih.gov/genomes/all/GCF/900/138/085/GCF_900138085.1_11893_6_9,9,1962118.206.fna,GCF_900138085.1_11893_6_9_genomic.fna, 5183536, 5183536,1962118.206.fna_vs_GCF_900138085.1_11893_6_9_genomic.fna_blast.xml,0,0,0,0,0,0,1,7184,5176312,0,0,6,31,0,2,1962118_subject_array_1739827418.bin
109568,1962118,971,1962118.141,9,https://ftp.ncbi.nlm.nih.gov/genomes/all/GCF/900/134/575/GCF_900134575.1_12163_1_47,9,1962118.141.fna,GCF_900134575.1_12163_1_47_genomic.fna, 5073951, 5073951,1962118.141.fna_vs_GCF_900134575.1_12163_1_47_genomic.fna_blast.xml,0,0,0,0,0,0,0,5302,5068646,0,0,1,2,0,0,1962118_subject_array_1739827421.bin
109637,1962118,T5919,1962118.448,9,https://ftp.ncbi.nlm.nih.gov/genomes/all/GCF/030/514/245/GCF_030514245.1_ASM3051424v1,9,1962118.448.fna,GCF_030514245.1_ASM3051424v1_genomic.fna, 4674858, 4674858,1962118.448.fna_vs_GCF_030514245.1_ASM3051424v1_genomic.fna_blast.xml,0,0,0,0,0,0,0,0,4674858,0,0,0,0,0,0,1962118_subject_array_1739827423.bin
109647,1962118,aerosol_1,1962118.232,9,https://ftp.ncbi.nlm.nih.gov/genomes/all/GCF/900/138/515/GCF_900138515.1_20034_1_1,9,1962118.232.fna,GCF_900138515.1_20034_1_1_genomic.fna, 4827796, 4827796,1962118.232.fna_vs_GCF_900138515.1_20034_1_1_genomic.fna_blast.xml,0,0,0,0,0,0,1,852,4826627,0,0,2,314,0,0,1962118_subject_array_1739827425.bin
109651,1962118,aerosol_14,1962118.236,9,https://ftp.ncbi.nlm.nih.gov/genomes/all/GCF/900/138/555/GCF_900138555.1_20034_1_11,9,1962118.236.fna,GCF_900138555.1_20034_1_11_genomic.fna, 4826518, 4826518,1962118.236.fna_vs_GCF_900138555.1_20034_1_11_genomic.fna_blast.xml,0,0,0,0,0,0,2,1344,4825169,0,1,2,0,0,0,1962118_subject_array_1739827428.bin
109665,1962118,aerosol_Bronch_2,1962118.176,9,https://ftp.ncbi.nlm.nih.gov/genomes/all/GCF/900/136/425/GCF_900136425.1_20034_1_18,9,1962118.176.fna,GCF_900136425.1_20034_1_18_genomic.fna, 4827969, 4827969,1962118.176.fna_vs_GCF_900136425.1_20034_1_18_genomic.fna_blast.xml,0,0,0,0,0,0,0,1268,4826701,0,0,0,0,0,0,1962118_subject_array_1739827430.bin
110049,197,17,197.21897,9,https://ftp.ncbi.nlm.nih.gov/genomes/all/GCF/019/734/675/GCF_019734675.1_ASM1973467v1,9,197.21897.fna,GCF_019734675.1_ASM1973467v1_genomic.fna, 1619609, 1619609,197.21897.fna_vs_GCF_019734675.1_ASM1973467v1_genomic.fna_blast.xml,0,0,0,0,0,0,0,191,1619418,0,0,0,0,0,0,197_subject_array_1739827431.bin
110199,197,6.2107-19,197.20716,9,https://ftp.ncbi.nlm.nih.gov/genomes/all/GCF/016/807/305/GCF_016807305.1_ASM1680730v1,9,197.20716.fna,GCF_016807305.1_ASM1680730v1_genomic.fna, 1654451, 1654451,197.20716.fna_vs_GCF_016807305.1_ASM1680730v1_genomic.fna_blast.xml,0,0,0,0,0,0,0,0,1654451,0,0,0,0,0,0,197_subject_array_1739827432.bin
110212,197,62107-19,197.22103,9,https://ftp.ncbi.nlm.nih.gov/genomes/all/GCF/021/890/095/GCF_021890095.1_ASM2189009v1,9,197.22103.fna,GCF_021890095.1_ASM2189009v1_genomic.fna, 1654451, 1654451,197.22103.fna_vs_GCF_021890095.1_ASM2189009v1_genomic.fna_blast.xml,0,0,0,0,0,0,0,0,1654451,0,0,0,0,0,0,197_subject_array_1739827432.bin
111352,197,OXC6279,197.5009,9,https://ftp.ncbi.nlm.nih.gov/genomes/all/GCF/001/233/005/GCF_001233005.1_7038_3_30,9,197.5009.fna,GCF_001233005.1_7038_3_30_genomic.fna, 1644270, 1644270,197.5009.fna_vs_GCF_001233005.1_7038_3_30_genomic.fna_blast.xml,0,0,0,0,0,0,0,0,1644270,0,0,0,0,0,0,197_subject_array_1739827433.bin
111493,197,OXC6453,197.4857,9,https://ftp.ncbi.nlm.nih.gov/genomes/all/GCF/001/225/685/GCF_001225685.1_7092_1_6,9,197.4857.fna,GCF_001225685.1_7092_1_6_genomic.fna, 1694801, 1694801,197.4857.fna_vs_GCF_001225685.1_7092_1_6_genomic.fna_blast.xml,0,0,0,0,0,0,0,0,1694801,0,0,0,0,0,0,197_subject_array_1739827434.bin
112467,1970234,S00175,1970234.4,9,https://ftp.ncbi.nlm.nih.gov/genomes/all/GCF/024/807/615/GCF_024807615.1_ASM2480761v1,9,1970234.4.fna,GCF_024807615.1_ASM2480761v1_genomic.fna, 4306542, 4306542,1970234.4.fna_vs_GCF_024807615.1_ASM2480761v1_genomic.fna_blast.xml,0,0,0,0,0,0,0,286,4306256,0,0,0,0,0,0,1970234_subject_array_1739827436.bin
112891,1983456,AU8256,1983456.3,9,https://ftp.ncbi.nlm.nih.gov/genomes/all/GCF/002/261/345/GCF_002261345.1_ASM226134v1,9,1983456.3.fna,GCF_002261345.1_ASM226134v1_genomic.fna, 5020448, 5020448,1983456.3.fna_vs_GCF_002261345.1_ASM226134v1_genomic.fna_blast.xml,0,0,0,0,0,0,9,0,5020410,0,2,27,0,0,0,1983456_subject_array_1739827438.bin
112917,1985172,IBVSS2,1985172.3,9,https://ftp.ncbi.nlm.nih.gov/genomes/all/GCF/002/127/225/GCF_002127225.1_ASM212722v1,9,1985172.3.fna,GCF_002127225.1_ASM212722v1_genomic.fna, 4293819, 4293819,1985172.3.fna_vs_GCF_002127225.1_ASM212722v1_genomic.fna_blast.xml,0,0,0,0,0,0,0,0,4293819,0,0,0,0,0,0,1985172_subject_array_1739827440.bin
113155,199,P19CDO-S1,199.867,9,https://ftp.ncbi.nlm.nih.gov/genomes/all/GCF/003/049/105/GCF_003049105.1_ASM304910v1,9,199.867.fna,GCF_003049105.1_ASM304910v1_genomic.fna, 1812622, 1812622,199.867.fna_vs_GCF_003049105.1_ASM304910v1_genomic.fna_blast.xml,0,0,0,0,0,0,0,0,1812622,0,0,0,0,0,0,199_subject_array_1739827441.bin
113221,199592,DE0066,199592.11,9,https://ftp.ncbi.nlm.nih.gov/genomes/all/GCF/007/679/895/GCF_007679895.1_ASM767989v1,9,199592.11.fna,GCF_007679895.1_ASM767989v1_genomic.fna, 3326315, 3326315,199592.11.fna_vs_GCF_007679895.1_ASM767989v1_genomic.fna_blast.xml,0,0,0,0,0,0,0,0,3326315,0,0,0,0,0,0,199592_subject_array_1739827443.bin
113668,2016499,NML 090529,2016499.4,9,https://ftp.ncbi.nlm.nih.gov/genomes/all/GCF/002/250/585/GCF_002250585.1_ASM225058v1,9,2016499.4.fna,GCF_002250585.1_ASM225058v1_genomic.fna, 4476376, 4476376,2016499.4.fna_vs_GCF_002250585.1_ASM225058v1_genomic.fna_blast.xml,0,0,0,0,0,0,0,0,4476376,0,0,0,0,0,0,2016499_subject_array_1739827445.bin
113697,201828,DSM 15096,201828.6,9,https://ftp.ncbi.nlm.nih.gov/genomes/all/GCF/030/294/405/GCF_030294405.1_ASM3029440v1,9,201828.6.fna,GCF_030294405.1_ASM3029440v1_genomic.fna, 2913362, 2913362,201828.6.fna_vs_GCF_030294405.1_ASM3029440v1_genomic.fna_blast.xml,0,0,0,0,0,0,0,0,2913362,0,0,0,0,0,0,201828_subject_array_1739827447.bin
113844,2023178,201601121,2023178.19,9,https://ftp.ncbi.nlm.nih.gov/genomes/all/GCF/004/771/255/GCF_004771255.1_ASM477125v1,9,2023178.19.fna,GCF_004771255.1_ASM477125v1_genomic.fna, 3935739, 3935739,2023178.19.fna_vs_GCF_004771255.1_ASM477125v1_genomic.fna_blast.xml,0,0,0,0,0,0,0,0,3935739,0,0,0,0,0,0,2023178_subject_array_1739827449.bin
114603,2028571,ACPA4,2028571.3,9,https://ftp.ncbi.nlm.nih.gov/genomes/all/GCF/002/300/185/GCF_002300185.1_ASM230018v1,9,2028571.3.fna,GCF_002300185.1_ASM230018v1_genomic.fna, 7067124, 7067124,2028571.3.fna_vs_GCF_002300185.1_ASM230018v1_genomic.fna_blast.xml,0,0,0,0,0,0,0,370,7066748,0,0,0,6,0,0,2028571_subject_array_1739827452.bin
114804,203274,NGS-S10,203274.5,9,https://ftp.ncbi.nlm.nih.gov/genomes/all/GCF/003/263/355/GCF_003263355.1_ASM326335v1,9,203274.5.fna,GCF_003263355.1_ASM326335v1_genomic.fna,  484488,  484488,203274.5.fna_vs_GCF_003263355.1_ASM326335v1_genomic.fna_blast.xml,0,0,0,0,0,0,0,0,484488,0,0,0,0,0,0,203274_subject_array_1739827453.bin
114877,2034769,2M,2034769.11,9,https://ftp.ncbi.nlm.nih.gov/genomes/all/GCF/004/137/815/GCF_004137815.1_ASM413781v1,9,2034769.11.fna,GCF_004137815.1_ASM413781v1_genomic.fna, 4985156, 4985156,2034769.11.fna_vs_GCF_004137815.1_ASM413781v1_genomic.fna_blast.xml,0,0,0,0,0,0,0,128,4985028,0,0,0,0,0,0,2034769_subject_array_1739827455.bin
114969,2039283,GvMRE,2039283.3,9,https://ftp.ncbi.nlm.nih.gov/genomes/all/GCF/003/546/845/GCF_003546845.1_ASM354684v1,9,2039283.3.fna,GCF_003546845.1_ASM354684v1_genomic.fna, 2487246, 2487246,2039283.3.fna_vs_GCF_003546845.1_ASM354684v1_genomic.fna_blast.xml,0,0,0,0,0,0,0,5868,2481357,0,0,0,21,0,0,2039283_subject_array_1739827457.bin
115050,204039,DDI_16PA07,204039.114,9,https://ftp.ncbi.nlm.nih.gov/genomes/all/GCF/018/596/285/GCF_018596285.1_ASM1859628v1,9,204039.114.fna,GCF_018596285.1_ASM1859628v1_genomic.fna, 4800845, 4800845,204039.114.fna_vs_GCF_018596285.1_ASM1859628v1_genomic.fna_blast.xml,0,0,0,0,0,0,0,0,4800845,0,0,0,0,0,0,204039_subject_array_1739827460.bin
115106,2040573,4G-K17,2040573.4,9,https://ftp.ncbi.nlm.nih.gov/genomes/all/GCF/025/685/745/GCF_025685745.1_ASM2568574v1,9,2040573.4.fna,GCF_025685745.1_ASM2568574v1_genomic.fna, 4199012, 4199012,2040573.4.fna_vs_GCF_025685745.1_ASM2568574v1_genomic.fna_blast.xml,0,0,0,0,0,0,0,0,4199012,0,0,0,0,0,0,2040573_subject_array_1739827463.bin
115229,2044583,LK24,2044583.3,9,https://ftp.ncbi.nlm.nih.gov/genomes/all/GCF/014/335/185/GCF_014335185.1_LK24,9,2044583.3.fna,GCF_014335185.1_LK24_genomic.fna, 2414890, 2414890,2044583.3.fna_vs_GCF_014335185.1_LK24_genomic.fna_blast.xml,0,0,0,0,0,0,0,0,2414890,0,0,0,0,0,0,2044583_subject_array_1739827464.bin
115258,2045014,Marseille-P3879,2045014.3,9,https://ftp.ncbi.nlm.nih.gov/genomes/all/GCF/900/240/285/GCF_900240285.1_PRJEB23096,9,2045014.3.fna,GCF_900240285.1_PRJEB23096_genomic.fna, 4170504, 4170504,2045014.3.fna_vs_GCF_900240285.1_PRJEB23096_genomic.fna_blast.xml,0,0,0,0,0,0,0,0,4170503,0,1,0,0,0,0,2045014_subject_array_1739827467.bin
115340,2045451,7.2.7,2045451.79,9,https://ftp.ncbi.nlm.nih.gov/genomes/all/GCF/032/378/615/GCF_032378615.1_ASM3237861v1,9,2045451.79.fna,GCF_032378615.1_ASM3237861v1_genomic.fna, 4573902, 4573902,2045451.79.fna_vs_GCF_032378615.1_ASM3237861v1_genomic.fna_blast.xml,0,0,0,0,0,0,0,0,4573902,0,0,0,0,0,0,2045451_subject_array_1739827471.bin
115355,2045451,LMG 29892,1981875.3,9,https://ftp.ncbi.nlm.nih.gov/genomes/all/GCF/002/750/995/GCF_002750995.1_ASM275099v1,9,1981875.3.fna,GCF_002750995.1_ASM275099v1_genomic.fna, 4553238, 4553238,1981875.3.fna_vs_GCF_002750995.1_ASM275099v1_genomic.fna_blast.xml,0,0,0,0,0,0,0,0,4553238,0,0,0,0,0,0,1981875_subject_array_1739827475.bin
115362,2045451,WS40,2045451.3,9,https://ftp.ncbi.nlm.nih.gov/genomes/all/GCF/002/750/975/GCF_002750975.1_ASM275097v1,9,2045451.3.fna,GCF_002750975.1_ASM275097v1_genomic.fna, 4558397, 4558397,2045451.3.fna_vs_GCF_002750975.1_ASM275097v1_genomic.fna_blast.xml,0,0,0,0,0,0,0,0,4558397,0,0,0,0,0,0,2045451_subject_array_1739827479.bin
115458,2048901,X,2048901.3,9,https://ftp.ncbi.nlm.nih.gov/genomes/all/GCF/002/742/635/GCF_002742635.1_ASM274263v1,9,2048901.3.fna,GCF_002742635.1_ASM274263v1_genomic.fna, 4811207, 4811207,2048901.3.fna_vs_GCF_002742635.1_ASM274263v1_genomic.fna_blast.xml,0,0,0,0,0,0,0,0,4811207,0,0,0,0,0,0,2048901_subject_array_1739827481.bin
115516,2051,22,2051.47,9,https://ftp.ncbi.nlm.nih.gov/genomes/all/GCF/012/976/465/GCF_012976465.1_ASM1297646v1,9,2051.47.fna,GCF_012976465.1_ASM1297646v1_genomic.fna, 2165206, 2165206,2051.47.fna_vs_GCF_012976465.1_ASM1297646v1_genomic.fna_blast.xml,0,0,0,0,0,0,0,0,2165206,0,0,0,0,0,0,2051_subject_array_1739827483.bin
115616,2053471,MU1406,2053471.3,9,https://ftp.ncbi.nlm.nih.gov/genomes/all/GCF/019/324/945/GCF_019324945.1_ASM1932494v1,9,2053471.3.fna,GCF_019324945.1_ASM1932494v1_genomic.fna, 1665171, 1665171,2053471.3.fna_vs_GCF_019324945.1_ASM1932494v1_genomic.fna_blast.xml,0,0,0,0,0,0,0,0,1665171,0,0,0,0,0,0,2053471_subject_array_1739827484.bin
115617,2053472,MU1410,2053472.3,9,https://ftp.ncbi.nlm.nih.gov/genomes/all/GCF/019/324/955/GCF_019324955.1_ASM1932495v1,9,2053472.3.fna,GCF_019324955.1_ASM1932495v1_genomic.fna, 1624927, 1624927,2053472.3.fna_vs_GCF_019324955.1_ASM1932495v1_genomic.fna_blast.xml,0,0,0,0,0,0,0,1,1624926,0,0,0,0,0,0,2053472_subject_array_1739827484.bin
115620,2053475,MU1414,2053475.3,9,https://ftp.ncbi.nlm.nih.gov/genomes/all/GCF/019/324/905/GCF_019324905.1_ASM1932490v1,9,2053475.3.fna,GCF_019324905.1_ASM1932490v1_genomic.fna, 1668526, 1668526,2053475.3.fna_vs_GCF_019324905.1_ASM1932490v1_genomic.fna_blast.xml,0,0,0,0,0,0,0,0,1668524,0,1,1,0,0,0,2053475_subject_array_1739827485.bin
115649,2054280,442,2054280.5,9,https://ftp.ncbi.nlm.nih.gov/genomes/all/GCF/003/226/895/GCF_003226895.2_ASM322689v2,9,2054280.5.fna,GCF_003226895.2_ASM322689v2_genomic.fna, 2723281, 2723281,2054280.5.fna_vs_GCF_003226895.2_ASM322689v2_genomic.fna_blast.xml,0,0,0,0,0,0,0,0,2723281,0,0,0,0,0,0,2054280_subject_array_1739827487.bin
115892,2058152,KOX 60,2058152.45,9,https://ftp.ncbi.nlm.nih.gov/genomes/all/GCF/016/656/825/GCF_016656825.1_ASM1665682v1,9,2058152.45.fna,GCF_016656825.1_ASM1665682v1_genomic.fna, 6843464, 6843464,2058152.45.fna_vs_GCF_016656825.1_ASM1665682v1_genomic.fna_blast.xml,0,0,0,0,0,0,0,871,6842577,0,0,3,13,0,0,2058152_subject_array_1739827491.bin
115921,2058152,RHBSTW-00634,2058152.33,9,https://ftp.ncbi.nlm.nih.gov/genomes/all/GCF/013/734/595/GCF_013734595.1_ASM1373459v1,9,2058152.33.fna,GCF_013734595.1_ASM1373459v1_genomic.fna, 6717197, 6717197,2058152.33.fna_vs_GCF_013734595.1_ASM1373459v1_genomic.fna_blast.xml,0,0,0,0,0,0,0,0,6717197,0,0,0,0,0,0,2058152_subject_array_1739827495.bin
116091,206506,DSM 16618,206506.8,9,https://ftp.ncbi.nlm.nih.gov/genomes/all/GCF/004/216/755/GCF_004216755.1_ASM421675v1,9,206506.8.fna,GCF_004216755.1_ASM421675v1_genomic.fna, 3982678, 3982678,206506.8.fna_vs_GCF_004216755.1_ASM421675v1_genomic.fna_blast.xml,0,0,0,0,0,0,0,290,3982388,0,0,0,0,0,0,206506_subject_array_1739827497.bin
116396,207340,GlSt084,207340.56,9,https://ftp.ncbi.nlm.nih.gov/genomes/all/GCF/037/414/285/GCF_037414285.1_ASM3741428v1,9,207340.56.fna,GCF_037414285.1_ASM3741428v1_genomic.fna, 5183322, 5183322,207340.56.fna_vs_GCF_037414285.1_ASM3741428v1_genomic.fna_blast.xml,0,0,0,0,0,0,0,0,5181262,0,0,0,2060,0,0,207340_subject_array_1739827501.bin
116942,208224,NK-BR1540,208224.371,9,https://ftp.ncbi.nlm.nih.gov/genomes/all/GCF/024/451/405/GCF_024451405.1_ASM2445140v1,9,208224.371.fna,GCF_024451405.1_ASM2445140v1_genomic.fna, 4960259, 4960259,208224.371.fna_vs_GCF_024451405.1_ASM2445140v1_genomic.fna_blast.xml,0,0,0,0,0,0,0,0,4960259,0,0,0,0,0,0,208224_subject_array_1739827504.bin
117158,208962,BIA_13,208962.315,9,https://ftp.ncbi.nlm.nih.gov/genomes/all/GCF/028/622/395/GCF_028622395.1_ASM2862239v1,9,208962.315.fna,GCF_028622395.1_ASM2862239v1_genomic.fna, 5139586, 5139586,208962.315.fna_vs_GCF_028622395.1_ASM2862239v1_genomic.fna_blast.xml,0,0,0,0,0,0,0,0,5139586,0,0,0,0,0,0,208962_subject_array_1739827507.bin
117164,208962,BIA_22,208962.325,9,https://ftp.ncbi.nlm.nih.gov/genomes/all/GCF/028/622/595/GCF_028622595.1_ASM2862259v1,9,208962.325.fna,GCF_028622595.1_ASM2862259v1_genomic.fna, 5283000, 5283000,208962.325.fna_vs_GCF_028622595.1_ASM2862259v1_genomic.fna_blast.xml,0,0,0,0,0,0,0,0,5283000,0,0,0,0,0,0,208962_subject_array_1739827510.bin
117496,2098,MH13-5,2098.86,9,https://ftp.ncbi.nlm.nih.gov/genomes/all/GCF/016/809/615/GCF_016809615.1_ASM1680961v1,9,2098.86.fna,GCF_016809615.1_ASM1680961v1_genomic.fna,  679666,  679666,2098.86.fna_vs_GCF_016809615.1_ASM1680961v1_genomic.fna_blast.xml,0,0,0,0,0,0,0,0,679666,0,0,0,0,0,0,2098_subject_array_1739827511.bin
117519,2098,ah3-36,2098.93,9,https://ftp.ncbi.nlm.nih.gov/genomes/all/GCF/016/809/545/GCF_016809545.1_ASM1680954v1,9,2098.93.fna,GCF_016809545.1_ASM1680954v1_genomic.fna,  702777,  702777,2098.93.fna_vs_GCF_016809545.1_ASM1680954v1_genomic.fna_blast.xml,0,0,0,0,0,0,0,0,702777,0,0,0,0,0,0,2098_subject_array_1739827511.bin
118607,210,Hpfe067,210.9176,9,https://ftp.ncbi.nlm.nih.gov/genomes/all/GCF/023/024/815/GCF_023024815.1_ASM2302481v1,9,210.9176.fna,GCF_023024815.1_ASM2302481v1_genomic.fna, 1577743, 1577743,210.9176.fna_vs_GCF_023024815.1_ASM2302481v1_genomic.fna_blast.xml,0,0,0,0,0,0,0,0,1577743,0,0,0,0,0,0,210_subject_array_1739827512.bin
119281,210,YN4-84,210.1933,9,https://ftp.ncbi.nlm.nih.gov/genomes/all/GCF/000/740/115/GCF_000740115.1_ASM74011v1,9,210.1933.fna,GCF_000740115.1_ASM74011v1_genomic.fna, 1633405, 1633405,210.1933.fna_vs_GCF_000740115.1_ASM74011v1_genomic.fna_blast.xml,0,0,0,0,0,0,0,10933,1622470,0,0,1,1,0,0,210_subject_array_1739827513.bin
119874,2107999,UMB4892,2107999.147,9,https://ftp.ncbi.nlm.nih.gov/genomes/all/GCF/033/804/185/GCF_033804185.1_ASM3380418v1,9,2107999.147.fna,GCF_033804185.1_ASM3380418v1_genomic.fna, 1978148, 1978148,2107999.147.fna_vs_GCF_033804185.1_ASM3380418v1_genomic.fna_blast.xml,0,0,0,0,0,0,0,0,1978148,0,0,0,0,0,0,2107999_subject_array_1739827514.bin
120133,2124,ATCC 33130,2124.8,9,https://ftp.ncbi.nlm.nih.gov/genomes/all/GCF/021/600/325/GCF_021600325.1_ASM2160032v1,9,2124.8.fna,GCF_021600325.1_ASM2160032v1_genomic.fna,  736914,  736914,2124.8.fna_vs_GCF_021600325.1_ASM2160032v1_genomic.fna_blast.xml,0,0,0,0,0,0,0,0,736914,0,0,0,0,0,0,2124_subject_array_1739827514.bin
120271,2130,UUR620,2130.49,9,https://ftp.ncbi.nlm.nih.gov/genomes/all/GCF/037/405/175/GCF_037405175.1_ASM3740517v1,9,2130.49.fna,GCF_037405175.1_ASM3740517v1_genomic.fna,  840553,  840553,2130.49.fna_vs_GCF_037405175.1_ASM3740517v1_genomic.fna_blast.xml,0,0,0,0,0,0,0,0,840553,0,0,0,0,0,0,2130_subject_array_1739827514.bin
120275,2133,BLH-13,2133.56,9,https://ftp.ncbi.nlm.nih.gov/genomes/all/GCF/010/587/255/GCF_010587255.1_ASM1058725v1,9,2133.56.fna,GCF_010587255.1_ASM1058725v1_genomic.fna, 1968986, 1968986,2133.56.fna_vs_GCF_010587255.1_ASM1058725v1_genomic.fna_blast.xml,0,0,0,0,0,0,0,0,1968986,0,0,0,0,0,0,2133_subject_array_1739827517.bin
120462,2148,PG8B,2148.17,9,https://ftp.ncbi.nlm.nih.gov/genomes/all/GCF/013/389/475/GCF_013389475.1_ASM1338947v1,9,2148.17.fna,GCF_013389475.1_ASM1338947v1_genomic.fna, 1489797, 1489797,2148.17.fna_vs_GCF_013389475.1_ASM1338947v1_genomic.fna_blast.xml,0,0,0,0,0,0,0,0,1489797,0,0,0,0,0,0,2148_subject_array_1739827518.bin
120572,216142,CFBP8984,216142.17,9,https://ftp.ncbi.nlm.nih.gov/genomes/all/GCF/035/284/145/GCF_035284145.1_ASM3528414v1,9,216142.17.fna,GCF_035284145.1_ASM3528414v1_genomic.fna, 4572494, 4572494,216142.17.fna_vs_GCF_035284145.1_ASM3528414v1_genomic.fna_blast.xml,0,0,0,0,0,0,0,0,4572494,0,0,0,0,0,0,216142_subject_array_1739827521.bin
121342,2183909,AG209,2183909.3,9,https://ftp.ncbi.nlm.nih.gov/genomes/all/GCF/003/550/055/GCF_003550055.1_ASM355005v1,9,2183909.3.fna,GCF_003550055.1_ASM355005v1_genomic.fna, 4652492, 4652492,2183909.3.fna_vs_GCF_003550055.1_ASM355005v1_genomic.fna_blast.xml,0,0,0,0,0,0,0,376,4652114,0,0,0,2,0,0,2183909_subject_array_1739827524.bin
121685,2212989,UM4_GMWB1,2212989.3,9,https://ftp.ncbi.nlm.nih.gov/genomes/all/GCF/017/312/155/GCF_017312155.1_ASM1731215v1,9,2212989.3.fna,GCF_017312155.1_ASM1731215v1_genomic.fna, 6360592, 6360592,2212989.3.fna_vs_GCF_017312155.1_ASM1731215v1_genomic.fna_blast.xml,0,0,0,0,0,0,0,0,6360592,0,0,0,0,0,0,2212989_subject_array_1739827528.bin
121783,221822,P24,221822.12,9,https://ftp.ncbi.nlm.nih.gov/genomes/all/GCF/002/891/665/GCF_002891665.1_ASM289166v1,9,221822.12.fna,GCF_002891665.1_ASM289166v1_genomic.fna, 4398636, 4398636,221822.12.fna_vs_GCF_002891665.1_ASM289166v1_genomic.fna_blast.xml,0,0,0,0,0,0,0,0,4398636,0,0,0,0,0,0,221822_subject_array_1739827530.bin
122235,2267833,M15,2267833.3,9,https://ftp.ncbi.nlm.nih.gov/genomes/all/GCF/010/669/145/GCF_010669145.1_ASM1066914v1,9,2267833.3.fna,GCF_010669145.1_ASM1066914v1_genomic.fna, 5858741, 5858741,2267833.3.fna_vs_GCF_010669145.1_ASM1066914v1_genomic.fna_blast.xml,0,0,0,0,0,0,0,0,5858741,0,0,0,0,0,0,2267833_subject_array_1739827534.bin
122845,2293980,NS26,2293980.3,9,https://ftp.ncbi.nlm.nih.gov/genomes/all/GCF/003/704/105/GCF_003704105.1_ASM370410v1,9,2293980.3.fna,GCF_003704105.1_ASM370410v1_genomic.fna, 2976278, 2976278,2293980.3.fna_vs_GCF_003704105.1_ASM370410v1_genomic.fna_blast.xml,0,0,0,0,0,0,1,0,2976275,0,2,0,0,0,0,2293980_subject_array_1739827535.bin
122930,2304593,KIRAN,2304593.3,9,https://ftp.ncbi.nlm.nih.gov/genomes/all/GCF/003/576/375/GCF_003576375.1_ASM357637v1,9,2304593.3.fna,GCF_003576375.1_ASM357637v1_genomic.fna, 4227908, 4227908,2304593.3.fna_vs_GCF_003576375.1_ASM357637v1_genomic.fna_blast.xml,0,0,0,0,0,0,0,0,4227908,0,0,0,0,0,0,2304593_subject_array_1739827537.bin
123069,2316646,X16XC17,2316646.3,9,https://ftp.ncbi.nlm.nih.gov/genomes/all/GCF/004/332/135/GCF_004332135.1_ASM433213v1,9,2316646.3.fna,GCF_004332135.1_ASM433213v1_genomic.fna, 1576408, 1576408,2316646.3.fna_vs_GCF_004332135.1_ASM433213v1_genomic.fna_blast.xml,0,0,0,0,0,0,0,0,1576408,0,0,0,0,0,0,2316646_subject_array_1739827538.bin
123121,2320860,K2W22B-5,2320860.3,9,https://ftp.ncbi.nlm.nih.gov/genomes/all/GCF/003/590/795/GCF_003590795.1_ASM359079v1,9,2320860.3.fna,GCF_003590795.1_ASM359079v1_genomic.fna, 6460996, 6460996,2320860.3.fna_vs_GCF_003590795.1_ASM359079v1_genomic.fna_blast.xml,0,0,0,0,0,0,0,0,6460996,0,0,0,0,0,0,2320860_subject_array_1739827541.bin
123150,232846,MB207,232846.8,9,https://ftp.ncbi.nlm.nih.gov/genomes/all/GCF/002/082/085/GCF_002082085.1_ASM208208v1,9,232846.8.fna,GCF_002082085.1_ASM208208v1_genomic.fna, 4156217, 4156217,232846.8.fna_vs_GCF_002082085.1_ASM208208v1_genomic.fna_blast.xml,0,0,0,0,0,0,0,0,4156217,0,0,0,0,0,0,232846_subject_array_1739827543.bin
123224,235,15074.1,235.40,9,https://ftp.ncbi.nlm.nih.gov/genomes/all/GCF/001/402/095/GCF_001402095.1_ASM140209v1,9,235.40.fna,GCF_001402095.1_ASM140209v1_genomic.fna, 3259678, 3259678,235.40.fna_vs_GCF_001402095.1_ASM140209v1_genomic.fna_blast.xml,0,0,0,0,0,0,0,0,3259678,0,0,0,0,0,0,235_subject_array_1739827545.bin
123622,238,SKLX034573,238.150,9,https://ftp.ncbi.nlm.nih.gov/genomes/all/GCF/029/049/795/GCF_029049795.1_ASM2904979v1,9,238.150.fna,GCF_029049795.1_ASM2904979v1_genomic.fna, 3899167, 3899167,238.150.fna_vs_GCF_029049795.1_ASM2904979v1_genomic.fna_blast.xml,0,0,0,0,0,0,0,0,3899167,0,0,0,0,0,0,238_subject_array_1739827547.bin
123655,2382163,AM07-22C,2382163.5,9,https://ftp.ncbi.nlm.nih.gov/genomes/all/GCF/027/662/825/GCF_027662825.1_ASM2766282v1,9,2382163.5.fna,GCF_027662825.1_ASM2766282v1_genomic.fna, 1928994, 1946708,2382163.5.fna_vs_GCF_027662825.1_ASM2766282v1_genomic.fna_blast.xml,0,0,0,4,0,0,39,14693,1931503,0,29,440,0,0,0,2382163_subject_array_1739827549.bin
123887,240167,DSM 15521,240167.3,9,https://ftp.ncbi.nlm.nih.gov/genomes/all/GCF/003/633/715/GCF_003633715.1_ASM363371v1,9,240167.3.fna,GCF_003633715.1_ASM363371v1_genomic.fna, 1621718, 1621718,240167.3.fna_vs_GCF_003633715.1_ASM363371v1_genomic.fna_blast.xml,0,0,0,0,0,0,0,212,1621506,0,0,0,0,0,0,240167_subject_array_1739827549.bin
123893,240427,TMW 1.1994,240427.20,9,https://ftp.ncbi.nlm.nih.gov/genomes/all/GCF/001/702/175/GCF_001702175.1_ASM170217v1,9,240427.20.fna,GCF_001702175.1_ASM170217v1_genomic.fna, 3663708, 3663708,240427.20.fna_vs_GCF_001702175.1_ASM170217v1_genomic.fna_blast.xml,0,0,0,0,0,0,0,0,3663708,0,0,0,0,0,0,240427_subject_array_1739827553.bin
123894,240427,TMW 1.1995,240427.21,9,https://ftp.ncbi.nlm.nih.gov/genomes/all/GCF/001/702/195/GCF_001702195.1_ASM170219v1,9,240427.21.fna,GCF_001702195.1_ASM170219v1_genomic.fna, 3748510, 3748510,240427.21.fna_vs_GCF_001702195.1_ASM170219v1_genomic.fna_blast.xml,0,0,0,0,0,0,0,0,3748510,0,0,0,0,0,0,240427_subject_array_1739827557.bin
124410,244366,33Kva16,244366.631,9,https://ftp.ncbi.nlm.nih.gov/genomes/all/GCF/018/208/605/GCF_018208605.1_ASM1820860v1,9,244366.631.fna,GCF_018208605.1_ASM1820860v1_genomic.fna, 5595415, 5595415,244366.631.fna_vs_GCF_018208605.1_ASM1820860v1_genomic.fna_blast.xml,0,0,0,0,0,0,0,0,5595415,0,0,0,0,0,0,244366_subject_array_1739827559.bin
125573,2480810,NML 140781,2480810.8,9,https://ftp.ncbi.nlm.nih.gov/genomes/all/GCF/004/284/595/GCF_004284595.1_ASM428459v1,9,2480810.8.fna,GCF_004284595.1_ASM428459v1_genomic.fna, 4579861, 4579861,2480810.8.fna_vs_GCF_004284595.1_ASM428459v1_genomic.fna_blast.xml,0,0,0,0,0,0,0,0,4579861,0,0,0,0,0,0,2480810_subject_array_1739827562.bin
125623,2483799,ZLJ0321,2483797.3,9,https://ftp.ncbi.nlm.nih.gov/genomes/all/GCF/004/000/665/GCF_004000665.1_ASM400066v1,9,2483797.3.fna,GCF_004000665.1_ASM400066v1_genomic.fna, 3481997, 3481997,2483797.3.fna_vs_GCF_004000665.1_ASM400066v1_genomic.fna_blast.xml,0,0,0,0,0,0,0,0,3481997,0,0,0,0,0,0,2483797_subject_array_1739827564.bin
125692,2485104,ZW137,2485104.3,9,https://ftp.ncbi.nlm.nih.gov/genomes/all/GCF/003/762/905/GCF_003762905.1_ASM376290v1,9,2485104.3.fna,GCF_003762905.1_ASM376290v1_genomic.fna, 3904333, 3904333,2485104.3.fna_vs_GCF_003762905.1_ASM376290v1_genomic.fna_blast.xml,0,0,0,0,0,0,0,96,3904237,0,0,0,0,0,0,2485104_subject_array_1739827566.bin
125756,2485188,PhB150,2485188.3,9,https://ftp.ncbi.nlm.nih.gov/genomes/all/GCF/003/755/175/GCF_003755175.1_ASM375517v1,9,2485188.3.fna,GCF_003755175.1_ASM375517v1_genomic.fna, 3798457, 3798457,2485188.3.fna_vs_GCF_003755175.1_ASM375517v1_genomic.fna_blast.xml,0,0,0,0,0,0,0,95,3798362,0,0,0,0,0,0,2485188_subject_array_1739827568.bin
126158,2494697,HN-E26,2494697.3,9,https://ftp.ncbi.nlm.nih.gov/genomes/all/GCF/003/944/795/GCF_003944795.1_FEB-2018,9,2494697.3.fna,GCF_003944795.1_FEB-2018_genomic.fna, 2776420, 2776420,2494697.3.fna_vs_GCF_003944795.1_FEB-2018_genomic.fna_blast.xml,0,0,0,0,0,0,0,0,2776420,0,0,0,0,0,0,2494697_subject_array_1739827569.bin
126478,2497989,OH-22803,2127030.3,9,https://ftp.ncbi.nlm.nih.gov/genomes/all/GCF/900/538/215/GCF_900538215.1_OH-22803,9,2127030.3.fna,GCF_900538215.1_OH-22803_genomic.fna, 1870779, 1870779,2127030.3.fna_vs_GCF_900538215.1_OH-22803_genomic.fna_blast.xml,0,0,0,0,0,0,1,0,1870777,0,0,1,0,0,0,2127030_subject_array_1739827570.bin
126581,2500532,Arc7-R13,2500532.3,9,https://ftp.ncbi.nlm.nih.gov/genomes/all/GCF/004/010/775/GCF_004010775.1_ASM401077v1,9,2500532.3.fna,GCF_004010775.1_ASM401077v1_genomic.fna, 4040012, 4040012,2500532.3.fna_vs_GCF_004010775.1_ASM401077v1_genomic.fna_blast.xml,0,0,0,0,0,0,0,0,4040012,0,0,0,0,0,0,2500532_subject_array_1739827572.bin
127103,2518991,IMCC11814,2518991.3,9,https://ftp.ncbi.nlm.nih.gov/genomes/all/GCF/026/262/645/GCF_026262645.1_ASM2626264v1,9,2518991.3.fna,GCF_026262645.1_ASM2626264v1_genomic.fna, 4076518, 4076518,2518991.3.fna_vs_GCF_026262645.1_ASM2626264v1_genomic.fna_blast.xml,0,0,0,0,0,0,0,0,4076518,0,0,0,0,0,0,2518991_subject_array_1739827573.bin
127188,2527999,Pla22,2527999.3,9,https://ftp.ncbi.nlm.nih.gov/genomes/all/GCF/007/859/865/GCF_007859865.1_ASM785986v1,9,2527999.3.fna,GCF_007859865.1_ASM785986v1_genomic.fna, 6945823, 6945823,2527999.3.fna_vs_GCF_007859865.1_ASM785986v1_genomic.fna_blast.xml,0,0,0,0,0,0,0,139,6945684,0,0,0,0,0,0,2527999_subject_array_1739827576.bin
127489,2547393,LD6,2547393.3,9,https://ftp.ncbi.nlm.nih.gov/genomes/all/GCF/004/359/985/GCF_004359985.1_ASM435998v1,9,2547393.3.fna,GCF_004359985.1_ASM435998v1_genomic.fna, 6970102, 6970102,2547393.3.fna_vs_GCF_004359985.1_ASM435998v1_genomic.fna_blast.xml,0,0,0,0,0,0,0,0,6970102,0,0,0,0,0,0,2547393_subject_array_1739827579.bin
127651,2559073,M12,2559073.3,9,https://ftp.ncbi.nlm.nih.gov/genomes/all/GCF/008/326/345/GCF_008326345.1_ASM832634v1,9,2559073.3.fna,GCF_008326345.1_ASM832634v1_genomic.fna, 2626218, 2626218,2559073.3.fna_vs_GCF_008326345.1_ASM832634v1_genomic.fna_blast.xml,0,0,0,0,0,0,0,0,2626218,0,0,0,0,0,0,2559073_subject_array_1739827580.bin
127741,256034,JCM 14912,256034.5,9,https://ftp.ncbi.nlm.nih.gov/genomes/all/GCF/039/530/325/GCF_039530325.1_ASM3953032v1,9,256034.5.fna,GCF_039530325.1_ASM3953032v1_genomic.fna, 5827258, 5827258,256034.5.fna_vs_GCF_039530325.1_ASM3953032v1_genomic.fna_blast.xml,0,0,0,0,0,0,0,0,5827258,0,0,0,0,0,0,256034_subject_array_1739827583.bin
127762,2562279,XY-99,2562279.3,9,https://ftp.ncbi.nlm.nih.gov/genomes/all/GCF/004/959/925/GCF_004959925.1_ASM495992v1,9,2562279.3.fna,GCF_004959925.1_ASM495992v1_genomic.fna, 3673499, 3673499,2562279.3.fna_vs_GCF_004959925.1_ASM495992v1_genomic.fna_blast.xml,0,0,0,0,0,0,0,0,3673499,0,0,0,0,0,0,2562279_subject_array_1739827584.bin
128067,2571150,S2-4-2,2571150.3,9,https://ftp.ncbi.nlm.nih.gov/genomes/all/GCF/007/570/835/GCF_007570835.1_ASM757083v1,9,2571150.3.fna,GCF_007570835.1_ASM757083v1_genomic.fna, 3548496, 3548496,2571150.3.fna_vs_GCF_007570835.1_ASM757083v1_genomic.fna_blast.xml,0,0,0,0,0,0,0,0,3548496,0,0,0,0,0,0,2571150_subject_array_1739827586.bin
128136,2572895,SJZ131,2572895.3,9,https://ftp.ncbi.nlm.nih.gov/genomes/all/GCF/007/828/705/GCF_007828705.1_ASM782870v1,9,2572895.3.fna,GCF_007828705.1_ASM782870v1_genomic.fna, 6057339, 6057339,2572895.3.fna_vs_GCF_007828705.1_ASM782870v1_genomic.fna_blast.xml,0,0,1,0,0,0,0,790,6056498,0,0,8,41,0,1,2572895_subject_array_1739827593.bin
128240,2576762,Aalb,2576762.3,9,https://ftp.ncbi.nlm.nih.gov/genomes/all/GCF/009/829/985/GCF_009829985.1_ASM982998v1,9,2576762.3.fna,GCF_009829985.1_ASM982998v1_genomic.fna, 1143144, 1143144,2576762.3.fna_vs_GCF_009829985.1_ASM982998v1_genomic.fna_blast.xml,0,0,0,0,0,0,0,454,1142685,0,1,4,0,0,0,2576762_subject_array_1739827594.bin
128257,2576902,C052,2576902.3,9,https://ftp.ncbi.nlm.nih.gov/genomes/all/GCF/013/393/905/GCF_013393905.1_ASM1339390v1,9,2576902.3.fna,GCF_013393905.1_ASM1339390v1_genomic.fna, 9879831, 9879831,2576902.3.fna_vs_GCF_013393905.1_ASM1339390v1_genomic.fna_blast.xml,0,0,0,0,0,0,0,0,9879831,0,0,0,0,0,0,2576902_subject_array_1739827599.bin
128591,2583806,M141,2583806.3,9,https://ftp.ncbi.nlm.nih.gov/genomes/all/GCF/024/355/225/GCF_024355225.1_ASM2435522v1,9,2583806.3.fna,GCF_024355225.1_ASM2435522v1_genomic.fna, 4515828, 4515828,2583806.3.fna_vs_GCF_024355225.1_ASM2435522v1_genomic.fna_blast.xml,0,0,0,0,0,0,0,0,4515828,0,0,0,0,0,0,2583806_subject_array_1739827601.bin
128767,2585211,Z350,2585211.5,9,https://ftp.ncbi.nlm.nih.gov/genomes/all/GCF/006/151/975/GCF_006151975.2_ASM615197v2,9,2585211.5.fna,GCF_006151975.2_ASM615197v2_genomic.fna, 4622342, 4622342,2585211.5.fna_vs_GCF_006151975.2_ASM615197v2_genomic.fna_blast.xml,0,0,0,0,0,0,0,0,4622342,0,0,0,0,0,0,2585211_subject_array_1739827603.bin
129164,2590026,UHCC 0037,2590026.3,9,https://ftp.ncbi.nlm.nih.gov/genomes/all/GCF/009/712/125/GCF_009712125.1_ASM971212v1,9,2590026.3.fna,GCF_009712125.1_ASM971212v1_genomic.fna, 5563105, 5563105,2590026.3.fna_vs_GCF_009712125.1_ASM971212v1_genomic.fna_blast.xml,0,0,0,0,0,0,0,7524,5555548,0,0,0,33,0,0,2590026_subject_array_1739827612.bin
129920,2605429,LNNU 331112,2605429.3,9,https://ftp.ncbi.nlm.nih.gov/genomes/all/GCF/008/312/885/GCF_008312885.1_ASM831288v1,9,2605429.3.fna,GCF_008312885.1_ASM831288v1_genomic.fna, 3474458, 3474458,2605429.3.fna_vs_GCF_008312885.1_ASM831288v1_genomic.fna_blast.xml,0,0,0,0,0,0,0,323,3474135,0,0,0,0,0,0,2605429_subject_array_1739827613.bin
129954,260554,Cal.l.30,260554.83,9,https://ftp.ncbi.nlm.nih.gov/genomes/all/GCF/016/767/255/GCF_016767255.1_ASM1676725v1,9,260554.83.fna,GCF_016767255.1_ASM1676725v1_genomic.fna, 4206058, 4206058,260554.83.fna_vs_GCF_016767255.1_ASM1676725v1_genomic.fna_blast.xml,0,0,0,0,0,0,0,0,4206058,0,0,0,0,0,0,260554_subject_array_1739827615.bin
130044,2606216,DP05,2606216.3,9,https://ftp.ncbi.nlm.nih.gov/genomes/all/GCF/009/882/915/GCF_009882915.1_ASM988291v1,9,2606216.3.fna,GCF_009882915.1_ASM988291v1_genomic.fna, 3738919, 3738919,2606216.3.fna_vs_GCF_009882915.1_ASM988291v1_genomic.fna_blast.xml,0,0,0,0,0,0,0,118,3738801,0,0,0,0,0,0,2606216_subject_array_1739827616.bin
130073,2606616,785,2606616.3,9,https://ftp.ncbi.nlm.nih.gov/genomes/all/GCF/009/192/775/GCF_009192775.1_ASM919277v1,9,2606616.3.fna,GCF_009192775.1_ASM919277v1_genomic.fna, 3535373, 3535373,2606616.3.fna_vs_GCF_009192775.1_ASM919277v1_genomic.fna_blast.xml,0,0,0,0,0,0,0,0,3535373,0,0,0,0,0,0,2606616_subject_array_1739827618.bin
130116,260680,2015LSAL00020,260680.17,9,https://ftp.ncbi.nlm.nih.gov/genomes/all/GCF/943/119/195/GCF_943119195.1_2015LSAL00020,9,260680.17.fna,GCF_943119195.1_2015LSAL00020_genomic.fna, 4766274, 4766274,260680.17.fna_vs_GCF_943119195.1_2015LSAL00020_genomic.fna_blast.xml,0,0,0,0,0,0,0,0,4766274,0,0,0,0,0,0,260680_subject_array_1739827620.bin
130381,2609409,1530d,2609409.3,9,https://ftp.ncbi.nlm.nih.gov/genomes/all/GCF/014/858/135/GCF_014858135.1_ASM1485813v1,9,2609409.3.fna,GCF_014858135.1_ASM1485813v1_genomic.fna, 5013967, 5013967,2609409.3.fna_vs_GCF_014858135.1_ASM1485813v1_genomic.fna_blast.xml,0,0,0,0,0,0,0,0,5013967,0,0,0,0,0,0,2609409_subject_array_1739827624.bin
130470,2615184,G1,2615184.3,9,https://ftp.ncbi.nlm.nih.gov/genomes/all/GCF/008/868/005/GCF_008868005.1_ASM886800v1,9,2615184.3.fna,GCF_008868005.1_ASM886800v1_genomic.fna, 3633280, 3633280,2615184.3.fna_vs_GCF_008868005.1_ASM886800v1_genomic.fna_blast.xml,0,0,0,0,0,0,0,0,3633280,0,0,0,0,0,0,2615184_subject_array_1739827626.bin
131286,2654874,99-1/2017,2654874.3,9,https://ftp.ncbi.nlm.nih.gov/genomes/all/GCF/011/421/425/GCF_011421425.1_ASM1142142v1,9,2654874.3.fna,GCF_011421425.1_ASM1142142v1_genomic.fna, 2023804, 2023804,2654874.3.fna_vs_GCF_011421425.1_ASM1142142v1_genomic.fna_blast.xml,0,0,0,0,0,0,0,0,2023804,0,0,0,0,0,0,2654874_subject_array_1739827627.bin
131459,2663240,SYP-B3895,2663240.3,9,https://ftp.ncbi.nlm.nih.gov/genomes/all/GCF/009/647/635/GCF_009647635.1_ASM964763v1,9,2663240.3.fna,GCF_009647635.1_ASM964763v1_genomic.fna, 4587256, 4587256,2663240.3.fna_vs_GCF_009647635.1_ASM964763v1_genomic.fna_blast.xml,0,0,0,0,0,0,0,97,4587159,0,0,0,0,0,0,2663240_subject_array_1739827628.bin
131472,2663822,OAS707,2663822.3,9,https://ftp.ncbi.nlm.nih.gov/genomes/all/GCF/014/873/705/GCF_014873705.1_ASM1487370v1,9,2663822.3.fna,GCF_014873705.1_ASM1487370v1_genomic.fna, 7026633, 7026633,2663822.3.fna_vs_GCF_014873705.1_ASM1487370v1_genomic.fna_blast.xml,0,0,0,0,0,0,0,0,7026633,0,0,0,0,0,0,2663822_subject_array_1739827631.bin
131508,2665160,YIM 101495,2665160.3,9,https://ftp.ncbi.nlm.nih.gov/genomes/all/GCF/009/707/665/GCF_009707665.1_ASM970766v1,9,2665160.3.fna,GCF_009707665.1_ASM970766v1_genomic.fna, 2925908, 2925908,2665160.3.fna_vs_GCF_009707665.1_ASM970766v1_genomic.fna_blast.xml,0,0,0,0,0,0,0,0,2925908,0,0,0,0,0,0,2665160_subject_array_1739827632.bin
131885,2675332,M22,2675332.5,9,https://ftp.ncbi.nlm.nih.gov/genomes/all/GCF/021/736/025/GCF_021736025.1_ASM2173602v1,9,2675332.5.fna,GCF_021736025.1_ASM2173602v1_genomic.fna, 3984365, 3984365,2675332.5.fna_vs_GCF_021736025.1_ASM2173602v1_genomic.fna_blast.xml,0,0,0,0,0,0,0,0,3984365,0,0,0,0,0,0,2675332_subject_array_1739827634.bin
132243,2689097,71A-WALBACH,2689097.3,9,https://ftp.ncbi.nlm.nih.gov/genomes/all/GCF/018/882/365/GCF_018882365.1_ASM1888236v1,9,2689097.3.fna,GCF_018882365.1_ASM1888236v1_genomic.fna, 2327620, 2327620,2689097.3.fna_vs_GCF_018882365.1_ASM1888236v1_genomic.fna_blast.xml,0,0,0,0,0,0,0,381,2327239,0,0,0,0,0,0,2689097_subject_array_1739827635.bin
132246,2689100,80A-SIGWE,2689100.3,9,https://ftp.ncbi.nlm.nih.gov/genomes/all/GCF/018/882/295/GCF_018882295.1_ASM1888229v1,9,2689100.3.fna,GCF_018882295.1_ASM1888229v1_genomic.fna, 1998806, 1998806,2689100.3.fna_vs_GCF_018882295.1_ASM1888229v1_genomic.fna_blast.xml,0,0,0,0,0,0,0,0,1998806,0,0,0,0,0,0,2689100_subject_array_1739827636.bin
132560,2692912,FACHB-1061,2692912.3,9,https://ftp.ncbi.nlm.nih.gov/genomes/all/GCF/014/698/895/GCF_014698895.1_ASM1469889v1,9,2692912.3.fna,GCF_014698895.1_ASM1469889v1_genomic.fna, 2734236, 2734236,2692912.3.fna_vs_GCF_014698895.1_ASM1469889v1_genomic.fna_blast.xml,0,0,0,0,0,0,0,0,2734236,0,0,0,0,0,0,2692912_subject_array_1739827637.bin
132631,2697366,P13V-1,2697366.3,9,https://ftp.ncbi.nlm.nih.gov/genomes/all/GCF/015/143/595/GCF_015143595.1_ASM1514359v1,9,2697366.3.fna,GCF_015143595.1_ASM1514359v1_genomic.fna, 3706931, 3706931,2697366.3.fna_vs_GCF_015143595.1_ASM1514359v1_genomic.fna_blast.xml,0,0,0,0,0,0,0,0,3706931,0,0,0,0,0,0,2697366_subject_array_1739827638.bin
132747,2699428,ATCC 21386,2699428.3,9,https://ftp.ncbi.nlm.nih.gov/genomes/all/GCF/018/728/545/GCF_018728545.1_ASM1872854v1,9,2699428.3.fna,GCF_018728545.1_ASM1872854v1_genomic.fna, 10004316, 10004316,2699428.3.fna_vs_GCF_018728545.1_ASM1872854v1_genomic.fna_blast.xml,0,0,0,0,0,0,0,3981,10000330,0,0,0,5,0,0,2699428_subject_array_1739827643.bin
132807,2702,UMB0358,2702.331,9,https://ftp.ncbi.nlm.nih.gov/genomes/all/GCF/013/315/085/GCF_013315085.1_ASM1331508v1,9,2702.331.fna,GCF_013315085.1_ASM1331508v1_genomic.fna, 1696164, 1696164,2702.331.fna_vs_GCF_013315085.1_ASM1331508v1_genomic.fna_blast.xml,0,0,0,0,0,0,0,60,1696104,0,0,0,0,0,0,2702_subject_array_1739827644.bin
132815,2702,UMB0775,2702.520,9,https://ftp.ncbi.nlm.nih.gov/genomes/all/GCF/002/861/925/GCF_002861925.1_ASM286192v1,9,2702.520.fna,GCF_002861925.1_ASM286192v1_genomic.fna, 1743554, 1743554,2702.520.fna_vs_GCF_002861925.1_ASM286192v1_genomic.fna_blast.xml,0,0,0,0,0,0,0,0,1743554,0,0,0,0,0,0,2702_subject_array_1739827645.bin
132956,2703794,CPO151,2703794.37,9,https://ftp.ncbi.nlm.nih.gov/genomes/all/GCF/030/186/135/GCF_030186135.2_NA,9,2703794.37.fna,GCF_030186135.2_NA_genomic.fna, 5910327, 5910327,2703794.37.fna_vs_GCF_030186135.2_NA_genomic.fna_blast.xml,0,0,0,0,0,0,0,0,5910327,0,0,0,0,0,0,2703794_subject_array_1739827647.bin
132976,2703794,CPO401,2703794.29,9,https://ftp.ncbi.nlm.nih.gov/genomes/all/GCF/030/184/035/GCF_030184035.2_NA,9,2703794.29.fna,GCF_030184035.2_NA_genomic.fna, 5833013, 5833013,2703794.29.fna_vs_GCF_030184035.2_NA_genomic.fna_blast.xml,0,0,0,0,0,0,0,0,5833013,0,0,0,0,0,0,2703794_subject_array_1739827650.bin
133342,2713172,M1-21,2713172.3,9,https://ftp.ncbi.nlm.nih.gov/genomes/all/GCF/018/437/235/GCF_018437235.1_ASM1843723v1,9,2713172.3.fna,GCF_018437235.1_ASM1843723v1_genomic.fna, 1296716, 1296716,2713172.3.fna_vs_GCF_018437235.1_ASM1843723v1_genomic.fna_blast.xml,0,0,0,0,0,0,0,0,1296716,0,0,0,0,0,0,2713172_subject_array_1739827651.bin
133356,2713501,UTK S2-0009,2713501.14,9,https://ftp.ncbi.nlm.nih.gov/genomes/all/GCF/031/843/245/GCF_031843245.1_ASM3184324v1,9,2713501.14.fna,GCF_031843245.1_ASM3184324v1_genomic.fna, 2821598, 2821598,2713501.14.fna_vs_GCF_031843245.1_ASM3184324v1_genomic.fna_blast.xml,0,0,0,0,0,0,0,0,2821598,0,0,0,0,0,0,2713501_subject_array_1739827652.bin
133362,2713501,UTK S2-0043,2713501.8,9,https://ftp.ncbi.nlm.nih.gov/genomes/all/GCF/031/842/845/GCF_031842845.1_ASM3184284v1,9,2713501.8.fna,GCF_031842845.1_ASM3184284v1_genomic.fna, 2821598, 2821598,2713501.8.fna_vs_GCF_031842845.1_ASM3184284v1_genomic.fna_blast.xml,0,0,0,0,0,0,0,0,2821598,0,0,0,0,0,0,2713501_subject_array_1739827653.bin
133377,2713505,FSL L7-0123,2718623.3,9,https://ftp.ncbi.nlm.nih.gov/genomes/all/GCF/014/229/095/GCF_014229095.1_ASM1422909v1,9,2718623.3.fna,GCF_014229095.1_ASM1422909v1_genomic.fna, 2830125, 2830125,2718623.3.fna_vs_GCF_014229095.1_ASM1422909v1_genomic.fna_blast.xml,0,0,0,0,0,0,0,0,2830125,0,0,0,0,0,0,2718623_subject_array_1739827654.bin
133391,2713505,UTK S2-0030,2713505.10,9,https://ftp.ncbi.nlm.nih.gov/genomes/all/GCF/031/842/905/GCF_031842905.1_ASM3184290v1,9,2713505.10.fna,GCF_031842905.1_ASM3184290v1_genomic.fna, 2733816, 2733816,2713505.10.fna_vs_GCF_031842905.1_ASM3184290v1_genomic.fna_blast.xml,0,0,0,0,0,0,0,0,2733816,0,0,0,0,0,0,2713505_subject_array_1739827655.bin
133392,2713505,UTK S2-0031,2713505.12,9,https://ftp.ncbi.nlm.nih.gov/genomes/all/GCF/031/842/915/GCF_031842915.1_ASM3184291v1,9,2713505.12.fna,GCF_031842915.1_ASM3184291v1_genomic.fna, 2732998, 2732998,2713505.12.fna_vs_GCF_031842915.1_ASM3184291v1_genomic.fna_blast.xml,0,0,0,0,0,0,0,0,2732998,0,0,0,0,0,0,2713505_subject_array_1739827656.bin
133393,2713505,UTK S2-0032,2713505.11,9,https://ftp.ncbi.nlm.nih.gov/genomes/all/GCF/031/842/925/GCF_031842925.1_ASM3184292v1,9,2713505.11.fna,GCF_031842925.1_ASM3184292v1_genomic.fna, 2734320, 2734320,2713505.11.fna_vs_GCF_031842925.1_ASM3184292v1_genomic.fna_blast.xml,0,0,0,0,0,0,0,0,2734320,0,0,0,0,0,0,2713505_subject_array_1739827657.bin
133394,2713505,UTK S2-0033,2713505.9,9,https://ftp.ncbi.nlm.nih.gov/genomes/all/GCF/031/842/885/GCF_031842885.1_ASM3184288v1,9,2713505.9.fna,GCF_031842885.1_ASM3184288v1_genomic.fna, 2733816, 2733816,2713505.9.fna_vs_GCF_031842885.1_ASM3184288v1_genomic.fna_blast.xml,0,0,0,0,0,0,0,0,2733816,0,0,0,0,0,0,2713505_subject_array_1739827658.bin
133398,2713505,UTK S2-0066,2713505.6,9,https://ftp.ncbi.nlm.nih.gov/genomes/all/GCF/031/842/585/GCF_031842585.1_ASM3184258v1,9,2713505.6.fna,GCF_031842585.1_ASM3184258v1_genomic.fna, 2733816, 2733816,2713505.6.fna_vs_GCF_031842585.1_ASM3184258v1_genomic.fna_blast.xml,0,0,0,0,0,0,0,0,2733816,0,0,0,0,0,0,2713505_subject_array_1739827660.bin
133399,2713505,UTK S2-0067,2713505.4,9,https://ftp.ncbi.nlm.nih.gov/genomes/all/GCF/031/842/605/GCF_031842605.1_ASM3184260v1,9,2713505.4.fna,GCF_031842605.1_ASM3184260v1_genomic.fna, 2733526, 2733526,2713505.4.fna_vs_GCF_031842605.1_ASM3184260v1_genomic.fna_blast.xml,0,0,0,0,0,0,0,0,2733526,0,0,0,0,0,0,2713505_subject_array_1739827661.bin
133400,2713505,UTK S2-0072,2713505.3,9,https://ftp.ncbi.nlm.nih.gov/genomes/all/GCF/031/842/595/GCF_031842595.1_ASM3184259v1,9,2713505.3.fna,GCF_031842595.1_ASM3184259v1_genomic.fna, 2745156, 2745156,2713505.3.fna_vs_GCF_031842595.1_ASM3184259v1_genomic.fna_blast.xml,0,0,0,0,0,0,0,0,2745156,0,0,0,0,0,0,2713505_subject_array_1739827662.bin
133422,271420,KOL14.W.430.4,271420.17,9,https://ftp.ncbi.nlm.nih.gov/genomes/all/GCF/016/622/425/GCF_016622425.1_ASM1662242v1,9,271420.17.fna,GCF_016622425.1_ASM1662242v1_genomic.fna, 5821725, 5821725,271420.17.fna_vs_GCF_016622425.1_ASM1662242v1_genomic.fna_blast.xml,0,0,0,0,0,0,0,38,5821687,0,0,0,0,0,0,271420_subject_array_1739827664.bin
133499,2715962,Bvel1,2715962.3,9,https://ftp.ncbi.nlm.nih.gov/genomes/all/GCF/014/872/755/GCF_014872755.1_ASM1487275v1,9,2715962.3.fna,GCF_014872755.1_ASM1487275v1_genomic.fna, 3959554, 3959554,2715962.3.fna_vs_GCF_014872755.1_ASM1487275v1_genomic.fna_blast.xml,0,0,0,0,0,0,0,0,3959554,0,0,0,0,0,0,2715962_subject_array_1739827666.bin
133615,2719615,GB3,2719615.3,9,https://ftp.ncbi.nlm.nih.gov/genomes/all/GCF/028/649/655/GCF_028649655.1_ASM2864965v1,9,2719615.3.fna,GCF_028649655.1_ASM2864965v1_genomic.fna, 3622901, 3622901,2719615.3.fna_vs_GCF_028649655.1_ASM2864965v1_genomic.fna_blast.xml,0,0,0,0,0,0,0,145,3622756,0,0,0,0,0,0,2719615_subject_array_1739827668.bin
133703,2722753,GIHE-NHR1,2722753.3,9,https://ftp.ncbi.nlm.nih.gov/genomes/all/GCF/012/863/495/GCF_012863495.1_ASM1286349v1,9,2722753.3.fna,GCF_012863495.1_ASM1286349v1_genomic.fna, 5567508, 5567508,2722753.3.fna_vs_GCF_012863495.1_ASM1286349v1_genomic.fna_blast.xml,0,0,0,0,0,0,0,0,5567508,0,0,0,0,0,0,2722753_subject_array_1739827672.bin
133708,2722803,CFH 90308,2722803.3,9,https://ftp.ncbi.nlm.nih.gov/genomes/all/GCF/012/524/205/GCF_012524205.1_ASM1252420v1,9,2722803.3.fna,GCF_012524205.1_ASM1252420v1_genomic.fna, 4331109, 4331109,2722803.3.fna_vs_GCF_012524205.1_ASM1252420v1_genomic.fna_blast.xml,0,0,0,0,0,0,0,0,4331109,0,0,0,0,0,0,2722803_subject_array_1739827674.bin
133727,2723067,JAI131,2723067.3,9,https://ftp.ncbi.nlm.nih.gov/genomes/all/GCF/013/410/075/GCF_013410075.1_ASM1341007v1,9,2723067.3.fna,GCF_013410075.1_ASM1341007v1_genomic.fna, 5463342, 5463342,2723067.3.fna_vs_GCF_013410075.1_ASM1341007v1_genomic.fna_blast.xml,0,0,0,0,0,0,0,52,5463256,0,0,3,31,0,0,2723067_subject_array_1739827679.bin
133889,2726117,CSL7498,2726117.4,9,https://ftp.ncbi.nlm.nih.gov/genomes/all/GCF/016/924/815/GCF_016924815.1_ASM1692481v1,9,2726117.4.fna,GCF_016924815.1_ASM1692481v1_genomic.fna,  779086,  779086,2726117.4.fna_vs_GCF_016924815.1_ASM1692481v1_genomic.fna_blast.xml,0,0,0,0,0,0,0,0,779086,0,0,0,0,0,0,2726117_subject_array_1739827680.bin
133965,2728845,RJ-7-14,2728845.3,9,https://ftp.ncbi.nlm.nih.gov/genomes/all/GCF/012/927/265/GCF_012927265.1_ASM1292726v1,9,2728845.3.fna,GCF_012927265.1_ASM1292726v1_genomic.fna, 4276416, 4276416,2728845.3.fna_vs_GCF_012927265.1_ASM1292726v1_genomic.fna_blast.xml,0,0,0,0,0,0,0,96,4276320,0,0,0,0,0,0,2728845_subject_array_1739827683.bin
134453,2736601,zg-1230,2736601.3,9,https://ftp.ncbi.nlm.nih.gov/genomes/all/GCF/013/155/335/GCF_013155335.1_ASM1315533v1,9,2736601.3.fna,GCF_013155335.1_ASM1315533v1_genomic.fna, 4918149, 4918149,2736601.3.fna_vs_GCF_013155335.1_ASM1315533v1_genomic.fna_blast.xml,0,0,0,0,0,0,0,0,4918149,0,0,0,0,0,0,2736601_subject_array_1739827686.bin
134473,273676,CGMCC 4.6882,273676.3,9,https://ftp.ncbi.nlm.nih.gov/genomes/all/GCF/004/137/255/GCF_004137255.1_ASM413725v1,9,273676.3.fna,GCF_004137255.1_ASM413725v1_genomic.fna, 4476421, 4476421,273676.3.fna_vs_GCF_004137255.1_ASM413725v1_genomic.fna_blast.xml,0,0,0,0,0,0,0,0,4476421,0,0,0,0,0,0,273676_subject_array_1739827688.bin
134481,273678,C1-2,273678.10,9,https://ftp.ncbi.nlm.nih.gov/genomes/all/GCF/011/752/045/GCF_011752045.1_ASM1175204v1,9,273678.10.fna,GCF_011752045.1_ASM1175204v1_genomic.fna, 3649755, 3649755,273678.10.fna_vs_GCF_011752045.1_ASM1175204v1_genomic.fna_blast.xml,0,0,0,0,0,0,0,0,3649755,0,0,0,0,0,0,273678_subject_array_1739827690.bin
134531,2738134,ID67723,2738134.3,9,https://ftp.ncbi.nlm.nih.gov/genomes/all/GCF/015/711/605/GCF_015711605.1_ASM1571160v1,9,2738134.3.fna,GCF_015711605.1_ASM1571160v1_genomic.fna, 8336304, 8336304,2738134.3.fna_vs_GCF_015711605.1_ASM1571160v1_genomic.fna_blast.xml,0,0,0,0,0,0,0,0,8336304,0,0,0,0,0,0,2738134_subject_array_1739827695.bin
134598,2739019,VKM Ac-2858,2739019.3,9,https://ftp.ncbi.nlm.nih.gov/genomes/all/GCF/013/204/935/GCF_013204935.1_ASM1320493v1,9,2739019.3.fna,GCF_013204935.1_ASM1320493v1_genomic.fna, 4270581, 4270581,2739019.3.fna_vs_GCF_013204935.1_ASM1320493v1_genomic.fna_blast.xml,0,0,0,0,0,0,0,1086,4269494,0,1,0,0,0,0,2739019_subject_array_1739827699.bin
134600,2739021,VKM Ac-2856,2739021.3,9,https://ftp.ncbi.nlm.nih.gov/genomes/all/GCF/013/205/055/GCF_013205055.1_ASM1320505v1,9,2739021.3.fna,GCF_013205055.1_ASM1320505v1_genomic.fna, 4270253, 4270253,2739021.3.fna_vs_GCF_013205055.1_ASM1320505v1_genomic.fna_blast.xml,0,0,0,0,0,0,0,886,4269366,0,1,0,0,0,0,2739021_subject_array_1739827703.bin
134602,2739025,VKM Ac-2851,2739025.3,9,https://ftp.ncbi.nlm.nih.gov/genomes/all/GCF/013/205/105/GCF_013205105.1_ASM1320510v1,9,2739025.3.fna,GCF_013205105.1_ASM1320510v1_genomic.fna, 4313053, 4313053,2739025.3.fna_vs_GCF_013205105.1_ASM1320510v1_genomic.fna_blast.xml,0,0,0,0,0,0,0,100,4312953,0,0,0,0,0,0,2739025_subject_array_1739827705.bin
134619,2739439,BP-160,2739439.3,9,https://ftp.ncbi.nlm.nih.gov/genomes/all/GCF/019/836/205/GCF_019836205.1_ASM1983620v1,9,2739439.3.fna,GCF_019836205.1_ASM1983620v1_genomic.fna, 4675022, 4675022,2739439.3.fna_vs_GCF_019836205.1_ASM1983620v1_genomic.fna_blast.xml,0,0,0,0,0,0,0,42,4674980,0,0,0,0,0,0,2739439_subject_array_1739827708.bin
134826,2742631,RHBSTW-00029,2742631.3,9,https://ftp.ncbi.nlm.nih.gov/genomes/all/GCF/014/104/295/GCF_014104295.1_ASM1410429v1,9,2742631.3.fna,GCF_014104295.1_ASM1410429v1_genomic.fna, 5115231, 5115231,2742631.3.fna_vs_GCF_014104295.1_ASM1410429v1_genomic.fna_blast.xml,0,0,0,0,0,0,0,0,5115231,0,0,0,0,0,0,2742631_subject_array_1739827711.bin
134844,2742649,RHBSTW-00464,2742649.3,9,https://ftp.ncbi.nlm.nih.gov/genomes/all/GCF/013/736/875/GCF_013736875.1_ASM1373687v1,9,2742649.3.fna,GCF_013736875.1_ASM1373687v1_genomic.fna, 6938795, 6938795,2742649.3.fna_vs_GCF_013736875.1_ASM1373687v1_genomic.fna_blast.xml,0,0,0,0,0,0,0,0,6938795,0,0,0,0,0,0,2742649_subject_array_1739827715.bin
134845,2742650,RHBSTW-00465,2742650.3,9,https://ftp.ncbi.nlm.nih.gov/genomes/all/GCF/014/103/505/GCF_014103505.1_ASM1410350v1,9,2742650.3.fna,GCF_014103505.1_ASM1410350v1_genomic.fna, 6638405, 6638405,2742650.3.fna_vs_GCF_014103505.1_ASM1410350v1_genomic.fna_blast.xml,0,0,0,0,0,0,1,1,6637276,0,0,0,1127,0,0,2742650_subject_array_1739827720.bin
134859,2742664,RHBSTW-00827,2742664.3,9,https://ftp.ncbi.nlm.nih.gov/genomes/all/GCF/014/103/235/GCF_014103235.1_ASM1410323v1,9,2742664.3.fna,GCF_014103235.1_ASM1410323v1_genomic.fna, 5491520, 5491520,2742664.3.fna_vs_GCF_014103235.1_ASM1410323v1_genomic.fna_blast.xml,0,0,0,0,0,0,0,0,5491520,0,0,0,0,0,0,2742664_subject_array_1739827723.bin
135151,2748,A10,2748.55,9,https://ftp.ncbi.nlm.nih.gov/genomes/all/GCF/004/564/835/GCF_004564835.1_ASM456483v1,9,2748.55.fna,GCF_004564835.1_ASM456483v1_genomic.fna, 2722483, 2722483,2748.55.fna_vs_GCF_004564835.1_ASM456483v1_genomic.fna_blast.xml,0,0,0,0,0,0,0,0,2722482,0,1,0,0,0,0,2748_subject_array_1739827725.bin
135345,2750974,W8112,2750974.3,9,https://ftp.ncbi.nlm.nih.gov/genomes/all/GCF/016/101/425/GCF_016101425.1_ASM1610142v1,9,2750974.3.fna,GCF_016101425.1_ASM1610142v1_genomic.fna, 2062077, 2062077,2750974.3.fna_vs_GCF_016101425.1_ASM1610142v1_genomic.fna_blast.xml,0,0,0,0,0,0,0,0,2062067,0,0,0,10,0,0,2750974_subject_array_1739827727.bin
135362,2750996,M0109,2750966.3,9,https://ftp.ncbi.nlm.nih.gov/genomes/all/GCF/016/101/605/GCF_016101605.1_ASM1610160v1,9,2750966.3.fna,GCF_016101605.1_ASM1610160v1_genomic.fna, 2067563, 2067563,2750966.3.fna_vs_GCF_016101605.1_ASM1610160v1_genomic.fna_blast.xml,0,0,1,0,0,0,0,0,2067484,0,0,17,59,0,2,2750966_subject_array_1739827728.bin
135364,2750998,W8120,2750998.3,9,https://ftp.ncbi.nlm.nih.gov/genomes/all/GCF/016/100/785/GCF_016100785.1_ASM1610078v1,9,2750998.3.fna,GCF_016100785.1_ASM1610078v1_genomic.fna, 2064451, 2064451,2750998.3.fna_vs_GCF_016100785.1_ASM1610078v1_genomic.fna_blast.xml,0,0,0,0,0,0,0,54,2064392,0,0,5,0,0,0,2750998_subject_array_1739827729.bin
135544,2751317,FW300-N2C3,2751317.3,9,https://ftp.ncbi.nlm.nih.gov/genomes/all/GCF/017/351/715/GCF_017351715.1_ASM1735171v1,9,2751317.3.fna,GCF_017351715.1_ASM1735171v1_genomic.fna, 7097488, 7097488,2751317.3.fna_vs_GCF_017351715.1_ASM1735171v1_genomic.fna_blast.xml,0,0,0,0,0,0,0,0,7097488,0,0,0,0,0,0,2751317_subject_array_1739827755.bin
135841,2759680,2G large,2759680.3,9,https://ftp.ncbi.nlm.nih.gov/genomes/all/GCF/014/250/655/GCF_014250655.1_ASM1425065v1,9,2759680.3.fna,GCF_014250655.1_ASM1425065v1_genomic.fna, 2984168, 2984168,2759680.3.fna_vs_GCF_014250655.1_ASM1425065v1_genomic.fna_blast.xml,0,0,0,0,0,0,0,0,2984168,0,0,0,0,0,0,2759680_subject_array_1739827757.bin
136019,2761453,Bsc2,2761453.3,9,https://ftp.ncbi.nlm.nih.gov/genomes/all/GCF/014/218/805/GCF_014218805.1_ASM1421880v1,9,2761453.3.fna,GCF_014218805.1_ASM1421880v1_genomic.fna, 5406307, 5406307,2761453.3.fna_vs_GCF_014218805.1_ASM1421880v1_genomic.fna_blast.xml,0,0,0,0,0,0,0,0,5406307,0,0,0,0,0,0,2761453_subject_array_1739827760.bin
136037,2762059,B36,2762059.6,9,https://ftp.ncbi.nlm.nih.gov/genomes/all/GCF/020/833/685/GCF_020833685.1_ASM2083368v1,9,2762059.6.fna,GCF_020833685.1_ASM2083368v1_genomic.fna, 4195537, 4195537,2762059.6.fna_vs_GCF_020833685.1_ASM2083368v1_genomic.fna_blast.xml,0,0,0,0,0,0,0,196,4195341,0,0,0,0,0,0,2762059_subject_array_1739827762.bin
136158,2763012,GX5518,2763012.3,9,https://ftp.ncbi.nlm.nih.gov/genomes/all/GCF/014/281/055/GCF_014281055.1_ASM1428105v1,9,2763012.3.fna,GCF_014281055.1_ASM1428105v1_genomic.fna, 3604777, 3604777,2763012.3.fna_vs_GCF_014281055.1_ASM1428105v1_genomic.fna_blast.xml,0,0,0,0,0,0,0,0,3604777,0,0,0,0,0,0,2763012_subject_array_1739827763.bin
136314,2765364,P5848,2996026.3,9,https://ftp.ncbi.nlm.nih.gov/genomes/all/GCF/026/410/355/GCF_026410355.1_ASM2641035v1,9,2996026.3.fna,GCF_026410355.1_ASM2641035v1_genomic.fna, 2871532, 2871532,2996026.3.fna_vs_GCF_026410355.1_ASM2641035v1_genomic.fna_blast.xml,0,0,0,0,0,0,0,0,2871532,0,0,0,0,0,0,2996026_subject_array_1739827764.bin
136440,2768834,zg-336,2768834.4,9,https://ftp.ncbi.nlm.nih.gov/genomes/all/GCF/009/016/505/GCF_009016505.1_ASM901650v1,9,2768834.4.fna,GCF_009016505.1_ASM901650v1_genomic.fna, 2204529, 2204529,2768834.4.fna_vs_GCF_009016505.1_ASM901650v1_genomic.fna_blast.xml,0,0,0,0,0,0,0,0,2204529,0,0,0,0,0,0,2768834_subject_array_1739827765.bin
136619,2774035,CFBP13617,2774035.3,9,https://ftp.ncbi.nlm.nih.gov/genomes/all/GCF/014/839/445/GCF_014839445.1_ASM1483944v1,9,2774035.3.fna,GCF_014839445.1_ASM1483944v1_genomic.fna, 3559858, 3559858,2774035.3.fna_vs_GCF_014839445.1_ASM1483944v1_genomic.fna_blast.xml,0,0,0,0,0,0,0,0,3559858,0,0,0,0,0,0,2774035_subject_array_1739827766.bin
136652,2774562,SR38,2774562.3,9,https://ftp.ncbi.nlm.nih.gov/genomes/all/GCF/014/843/375/GCF_014843375.1_ASM1484337v1,9,2774562.3.fna,GCF_014843375.1_ASM1484337v1_genomic.fna, 7367353, 7367353,2774562.3.fna_vs_GCF_014843375.1_ASM1484337v1_genomic.fna_blast.xml,0,0,0,0,0,0,0,0,7367353,0,0,0,0,0,0,2774562_subject_array_1739827770.bin
136784,2778365,SOSP1-30,2778365.3,9,https://ftp.ncbi.nlm.nih.gov/genomes/all/GCF/016/587/375/GCF_016587375.1_ASM1658737v1,9,2778365.3.fna,GCF_016587375.1_ASM1658737v1_genomic.fna, 10717923, 10717923,2778365.3.fna_vs_GCF_016587375.1_ASM1658737v1_genomic.fna_blast.xml,0,0,0,0,0,0,0,0,10717923,0,0,0,0,0,0,2778365_subject_array_1739827775.bin
136785,2778366,SOSP1-52,2778366.3,9,https://ftp.ncbi.nlm.nih.gov/genomes/all/GCF/016/587/395/GCF_016587395.1_ASM1658739v1,9,2778366.3.fna,GCF_016587395.1_ASM1658739v1_genomic.fna, 11893370, 11893370,2778366.3.fna_vs_GCF_016587395.1_ASM1658739v1_genomic.fna_blast.xml,0,0,0,0,0,0,0,0,11893370,0,0,0,0,0,0,2778366_subject_array_1739827782.bin
136841,2779510,Asnod3-E08-A,2779510.6,9,https://ftp.ncbi.nlm.nih.gov/genomes/all/GCF/015/330/105/GCF_015330105.1_ASM1533010v1,9,2779510.6.fna,GCF_015330105.1_ASM1533010v1_genomic.fna, 5025049, 5025049,2779510.6.fna_vs_GCF_015330105.1_ASM1533010v1_genomic.fna_blast.xml,0,0,0,0,0,0,0,0,5025047,0,0,2,0,0,0,2779510_subject_array_1739827785.bin
137076,2781774,23_2_20_HW,2781774.6,9,https://ftp.ncbi.nlm.nih.gov/genomes/all/GCF/015/594/505/GCF_015594505.1_ASM1559450v1,9,2781774.6.fna,GCF_015594505.1_ASM1559450v1_genomic.fna, 2501648, 2501648,2781774.6.fna_vs_GCF_015594505.1_ASM1559450v1_genomic.fna_blast.xml,0,0,0,0,0,0,0,0,2501648,0,0,0,0,0,0,2781774_subject_array_1739827787.bin
137161,2782630,156,2782630.5,9,https://ftp.ncbi.nlm.nih.gov/genomes/all/GCF/023/072/835/GCF_023072835.1_ASM2307283v1,9,2782630.5.fna,GCF_023072835.1_ASM2307283v1_genomic.fna, 8457433, 8457433,2782630.5.fna_vs_GCF_023072835.1_ASM2307283v1_genomic.fna_blast.xml,0,0,0,0,0,0,0,0,8457433,0,0,0,0,0,0,2782630_subject_array_1739827792.bin
137245,2783816,VKM Ac-1796,2783816.3,9,https://ftp.ncbi.nlm.nih.gov/genomes/all/GCF/015/351/015/GCF_015351015.1_ASM1535101v1,9,2783816.3.fna,GCF_015351015.1_ASM1535101v1_genomic.fna, 3599838, 3599838,2783816.3.fna_vs_GCF_015351015.1_ASM1535101v1_genomic.fna_blast.xml,0,0,0,0,0,0,0,699,3599139,0,0,0,0,0,0,2783816_subject_array_1739827793.bin
137249,2783820,VKM Ac-2889,2783820.3,9,https://ftp.ncbi.nlm.nih.gov/genomes/all/GCF/015/350/855/GCF_015350855.1_ASM1535085v1,9,2783820.3.fna,GCF_015350855.1_ASM1535085v1_genomic.fna, 3599081, 3599081,2783820.3.fna_vs_GCF_015350855.1_ASM1535085v1_genomic.fna_blast.xml,0,0,0,0,0,0,0,583,3598498,0,0,0,0,0,0,2783820_subject_array_1739827795.bin
137260,2783831,VKM Ac-2878,2783831.3,9,https://ftp.ncbi.nlm.nih.gov/genomes/all/GCF/015/351/305/GCF_015351305.1_ASM1535130v1,9,2783831.3.fna,GCF_015351305.1_ASM1535130v1_genomic.fna, 2929428, 2929428,2783831.3.fna_vs_GCF_015351305.1_ASM1535130v1_genomic.fna_blast.xml,0,0,0,0,0,0,0,14,2929399,0,14,1,0,0,0,2783831_subject_array_1739827796.bin
137261,2783832,VKM Ac-2879,2783832.3,9,https://ftp.ncbi.nlm.nih.gov/genomes/all/GCF/015/351/245/GCF_015351245.1_ASM1535124v1,9,2783832.3.fna,GCF_015351245.1_ASM1535124v1_genomic.fna, 2929329, 2929329,2783832.3.fna_vs_GCF_015351245.1_ASM1535124v1_genomic.fna_blast.xml,0,0,0,0,0,0,0,0,2929329,0,0,0,0,0,0,2783832_subject_array_1739827797.bin
137480,2791026,BT439,2791026.3,9,https://ftp.ncbi.nlm.nih.gov/genomes/all/GCF/015/694/735/GCF_015694735.1_ASM1569473v1,9,2791026.3.fna,GCF_015694735.1_ASM1569473v1_genomic.fna, 5542738, 5542738,2791026.3.fna_vs_GCF_015694735.1_ASM1569473v1_genomic.fna_blast.xml,0,0,0,0,0,0,0,0,5542738,0,0,0,0,0,0,2791026_subject_array_1739827802.bin
137506,2792039,NG253,2792039.3,9,https://ftp.ncbi.nlm.nih.gov/genomes/all/GCF/015/864/945/GCF_015864945.1_ASM1586494v1,9,2792039.3.fna,GCF_015864945.1_ASM1586494v1_genomic.fna, 2973865, 2973865,2792039.3.fna_vs_GCF_015864945.1_ASM1586494v1_genomic.fna_blast.xml,0,0,0,0,0,0,0,0,2973865,0,0,0,0,0,0,2792039_subject_array_1739827804.bin
137508,2792041,NSLL17,2792041.3,9,https://ftp.ncbi.nlm.nih.gov/genomes/all/GCF/015/864/935/GCF_015864935.1_ASM1586493v1,9,2792041.3.fna,GCF_015864935.1_ASM1586493v1_genomic.fna, 2933053, 2933053,2792041.3.fna_vs_GCF_015864935.1_ASM1586493v1_genomic.fna_blast.xml,0,0,0,0,0,0,0,0,2933053,0,0,0,0,0,0,2792041_subject_array_1739827805.bin
137707,2795728,BT310,2795728.3,9,https://ftp.ncbi.nlm.nih.gov/genomes/all/GCF/016/427/525/GCF_016427525.1_ASM1642752v1,9,2795728.3.fna,GCF_016427525.1_ASM1642752v1_genomic.fna, 4294440, 4294440,2795728.3.fna_vs_GCF_016427525.1_ASM1642752v1_genomic.fna_blast.xml,0,0,0,0,0,0,0,0,4294440,0,0,0,0,0,0,2795728_subject_array_1739827807.bin
137734,2796361,Marseille-Q4569,2796361.3,9,https://ftp.ncbi.nlm.nih.gov/genomes/all/GCF/016/623/605/GCF_016623605.1_ASM1662360v1,9,2796361.3.fna,GCF_016623605.1_ASM1662360v1_genomic.fna, 2502986, 2502986,2796361.3.fna_vs_GCF_016623605.1_ASM1662360v1_genomic.fna_blast.xml,0,0,0,0,0,0,0,0,2502986,0,0,0,0,0,0,2796361_subject_array_1739827808.bin
137764,2796405,TH41,2796405.3,9,https://ftp.ncbi.nlm.nih.gov/genomes/all/GCF/016/650/695/GCF_016650695.1_ASM1665069v1,9,2796405.3.fna,GCF_016650695.1_ASM1665069v1_genomic.fna, 6782636, 6782636,2796405.3.fna_vs_GCF_016650695.1_ASM1665069v1_genomic.fna_blast.xml,0,0,0,0,0,0,0,0,6782636,0,0,0,0,0,0,2796405_subject_array_1739827825.bin
137950,2800327,YIM B02566,2800327.3,9,https://ftp.ncbi.nlm.nih.gov/genomes/all/GCF/016/595/235/GCF_016595235.1_ASM1659523v1,9,2800327.3.fna,GCF_016595235.1_ASM1659523v1_genomic.fna, 7174682, 7174682,2800327.3.fna_vs_GCF_016595235.1_ASM1659523v1_genomic.fna_blast.xml,0,0,0,0,0,0,0,1462,7173220,0,0,0,0,0,0,2800327_subject_array_1739827828.bin
137957,2800405,P5875,2996027.3,9,https://ftp.ncbi.nlm.nih.gov/genomes/all/GCF/026/410/445/GCF_026410445.1_ASM2641044v1,9,2996027.3.fna,GCF_026410445.1_ASM2641044v1_genomic.fna, 2573003, 2573003,2996027.3.fna_vs_GCF_026410445.1_ASM2641044v1_genomic.fna_blast.xml,0,0,0,0,0,0,0,0,2573003,0,0,0,0,0,0,2996027_subject_array_1739827830.bin
137964,2800406,P7374,2996030.3,9,https://ftp.ncbi.nlm.nih.gov/genomes/all/GCF/026/410/485/GCF_026410485.1_ASM2641048v1,9,2996030.3.fna,GCF_026410485.1_ASM2641048v1_genomic.fna, 2605656, 2605656,2996030.3.fna_vs_GCF_026410485.1_ASM2641048v1_genomic.fna_blast.xml,0,0,0,0,0,0,0,0,2605656,0,0,0,0,0,0,2996030_subject_array_1739827831.bin
138183,28026,2235B,28026.1262,9,https://ftp.ncbi.nlm.nih.gov/genomes/all/GCF/022/496/355/GCF_022496355.1_ASM2249635v1,9,28026.1262.fna,GCF_022496355.1_ASM2249635v1_genomic.fna, 2175837, 2175837,28026.1262.fna_vs_GCF_022496355.1_ASM2249635v1_genomic.fna_blast.xml,0,0,0,0,0,0,0,0,2175837,0,0,0,0,0,0,28026_subject_array_1739827832.bin
138192,28026,AF11-18,28026.153,9,https://ftp.ncbi.nlm.nih.gov/genomes/all/GCF/003/465/135/GCF_003465135.1_ASM346513v1,9,28026.153.fna,GCF_003465135.1_ASM346513v1_genomic.fna, 2267953, 2267953,28026.153.fna_vs_GCF_003465135.1_ASM346513v1_genomic.fna_blast.xml,0,0,0,0,0,0,0,0,2267953,0,0,0,0,0,0,28026_subject_array_1739827833.bin
138244,28026,AM18-42,28026.167,9,https://ftp.ncbi.nlm.nih.gov/genomes/all/GCF/003/471/505/GCF_003471505.1_ASM347150v1,9,28026.167.fna,GCF_003471505.1_ASM347150v1_genomic.fna, 2225059, 2225059,28026.167.fna_vs_GCF_003471505.1_ASM347150v1_genomic.fna_blast.xml,0,0,0,0,0,0,0,349,2224710,0,0,0,0,0,0,28026_subject_array_1739827834.bin
138277,28026,BSD2780061689_150309_E11,28026.1716,9,https://ftp.ncbi.nlm.nih.gov/genomes/all/GCF/015/557/305/GCF_015557305.1_ASM1555730v1,9,28026.1716.fna,GCF_015557305.1_ASM1555730v1_genomic.fna, 2228306, 2228306,28026.1716.fna_vs_GCF_015557305.1_ASM1555730v1_genomic.fna_blast.xml,0,0,0,2,0,0,2,289,2227993,0,5,15,0,0,0,28026_subject_array_1739827835.bin
138278,28026,BSD2780061689st1_E11_BSD2780061689_150309,28026.1541,9,https://ftp.ncbi.nlm.nih.gov/genomes/all/GCF/028/311/605/GCF_028311605.1_ASM2831160v1,9,28026.1541.fna,GCF_028311605.1_ASM2831160v1_genomic.fna,  531247, 2228306,28026.1541.fna_vs_GCF_028311605.1_ASM2831160v1_genomic.fna_blast.xml,0,0,42,3,0,0,6,1692991,531710,0,2,675,2834,0,43,28026_subject_array_1739827835.bin
138305,28026,J1101312st1_A8_J1101312_190322,28026.1534,9,https://ftp.ncbi.nlm.nih.gov/genomes/all/GCF/028/310/805/GCF_028310805.1_ASM2831080v1,9,28026.1534.fna,GCF_028310805.1_ASM2831080v1_genomic.fna, 1940298, 2164046,28026.1534.fna_vs_GCF_028310805.1_ASM2831080v1_genomic.fna_blast.xml,0,0,52,7,0,0,13,214549,1942039,0,16,1449,5823,0,98,28026_subject_array_1739827836.bin
138327,28026,OM15-10A,28026.1501,9,https://ftp.ncbi.nlm.nih.gov/genomes/all/GCF/027/691/545/GCF_027691545.1_ASM2769154v1,9,28026.1501.fna,GCF_027691545.1_ASM2769154v1_genomic.fna, 2151666, 2251936,28026.1501.fna_vs_GCF_027691545.1_ASM2769154v1_genomic.fna_blast.xml,0,0,0,3,0,0,30,96791,2154601,0,43,463,5,0,0,28026_subject_array_1739827837.bin
138610,28037,CCUG 63687,28037.261,9,https://ftp.ncbi.nlm.nih.gov/genomes/all/GCF/002/014/795/GCF_002014795.1_ASM201479v1,9,28037.261.fna,GCF_002014795.1_ASM201479v1_genomic.fna, 2039754, 2039754,28037.261.fna_vs_GCF_002014795.1_ASM201479v1_genomic.fna_blast.xml,0,0,0,0,0,0,0,608,2039146,0,0,0,0,0,0,28037_subject_array_1739827838.bin
138636,28037,O4-1,28037.1543,9,https://ftp.ncbi.nlm.nih.gov/genomes/all/GCF/023/110/415/GCF_023110415.1_ASM2311041v1,9,28037.1543.fna,GCF_023110415.1_ASM2311041v1_genomic.fna, 1871204, 1871204,28037.1543.fna_vs_GCF_023110415.1_ASM2311041v1_genomic.fna_blast.xml,0,0,0,0,0,0,0,615,1870574,0,0,15,0,0,0,28037_subject_array_1739827839.bin
138637,28037,O4-2,28037.1542,9,https://ftp.ncbi.nlm.nih.gov/genomes/all/GCF/023/110/445/GCF_023110445.1_ASM2311044v1,9,28037.1542.fna,GCF_023110445.1_ASM2311044v1_genomic.fna, 1871377, 1871377,28037.1542.fna_vs_GCF_023110445.1_ASM2311044v1_genomic.fna_blast.xml,0,0,0,0,0,0,0,614,1870748,0,0,15,0,0,0,28037_subject_array_1739827840.bin
138660,28037,SK1126,28037.99,9,https://ftp.ncbi.nlm.nih.gov/genomes/all/GCF/000/722/815/GCF_000722815.1_ASM72281v1,9,28037.99.fna,GCF_000722815.1_ASM72281v1_genomic.fna, 1932472, 1932472,28037.99.fna_vs_GCF_000722815.1_ASM72281v1_genomic.fna_blast.xml,0,0,0,0,0,0,0,0,1932472,0,0,0,0,0,0,28037_subject_array_1739827841.bin
139298,28082,PATHC029,28082.36,9,https://ftp.ncbi.nlm.nih.gov/genomes/all/GCF/026/190/775/GCF_026190775.1_ASM2619077v1,9,28082.36.fna,GCF_026190775.1_ASM2619077v1_genomic.fna, 4486832, 4486832,28082.36.fna_vs_GCF_026190775.1_ASM2619077v1_genomic.fna_blast.xml,0,0,0,0,0,0,0,0,4486832,0,0,0,0,0,0,28082_subject_array_1739827843.bin
139737,2810405,MIN12,2810405.4,9,https://ftp.ncbi.nlm.nih.gov/genomes/all/GCF/017/570/605/GCF_017570605.1_ASM1757060v1,9,2810405.4.fna,GCF_017570605.1_ASM1757060v1_genomic.fna, 5274803, 5274803,2810405.4.fna_vs_GCF_017570605.1_ASM1757060v1_genomic.fna_blast.xml,0,0,0,0,0,0,0,0,5274803,0,0,0,0,0,0,2810405_subject_array_1739827846.bin
139741,2810409,MIN6,2810409.4,9,https://ftp.ncbi.nlm.nih.gov/genomes/all/GCF/017/570/685/GCF_017570685.1_ASM1757068v1,9,2810409.4.fna,GCF_017570685.1_ASM1757068v1_genomic.fna, 5186956, 5186956,2810409.4.fna_vs_GCF_017570685.1_ASM1757068v1_genomic.fna_blast.xml,0,0,0,0,0,0,0,1,5186955,0,0,0,0,0,0,2810409_subject_array_1739827848.bin
139859,281105,DSM 44826,281105.3,9,https://ftp.ncbi.nlm.nih.gov/genomes/all/GCF/007/829/815/GCF_007829815.1_ASM782981v1,9,281105.3.fna,GCF_007829815.1_ASM782981v1_genomic.fna, 10089953, 10089953,281105.3.fna_vs_GCF_007829815.1_ASM782981v1_genomic.fna_blast.xml,0,0,0,0,0,0,0,0,10089953,0,0,0,0,0,0,281105_subject_array_1739827852.bin
139861,2811098,ZJ1223,2811098.3,9,https://ftp.ncbi.nlm.nih.gov/genomes/all/GCF/016/900/985/GCF_016900985.1_ASM1690098v1,9,2811098.3.fna,GCF_016900985.1_ASM1690098v1_genomic.fna, 2173177, 2173177,2811098.3.fna_vs_GCF_016900985.1_ASM1690098v1_genomic.fna_blast.xml,0,0,0,0,0,0,0,0,2173177,0,0,0,0,0,0,2811098_subject_array_1739827853.bin
140831,28141,MOD1-LR713,28141.1053,9,https://ftp.ncbi.nlm.nih.gov/genomes/all/GCF/002/107/715/GCF_002107715.1_ASM210771v1,9,28141.1053.fna,GCF_002107715.1_ASM210771v1_genomic.fna, 4558455, 4558455,28141.1053.fna_vs_GCF_002107715.1_ASM210771v1_genomic.fna_blast.xml,0,0,0,0,0,0,0,4768,4553685,0,0,0,2,0,0,28141_subject_array_1739827856.bin
141111,28144,2014LSAL00762,28144.173,9,https://ftp.ncbi.nlm.nih.gov/genomes/all/GCF/003/548/985/GCF_003548985.1_ASM354898v1,9,28144.173.fna,GCF_003548985.1_ASM354898v1_genomic.fna, 4914713, 4914713,28144.173.fna_vs_GCF_003548985.1_ASM354898v1_genomic.fna_blast.xml,0,0,0,0,0,0,0,0,4914713,0,0,0,0,0,0,28144_subject_array_1739827858.bin
141140,28144,2014LSAL03218,28144.158,9,https://ftp.ncbi.nlm.nih.gov/genomes/all/GCF/003/548/645/GCF_003548645.1_ASM354864v1,9,28144.158.fna,GCF_003548645.1_ASM354864v1_genomic.fna, 4784123, 4784123,28144.158.fna_vs_GCF_003548645.1_ASM354864v1_genomic.fna_blast.xml,0,0,0,0,0,0,0,0,4784123,0,0,0,0,0,0,28144_subject_array_1739827860.bin
141179,28144,2014LSAL04065,28144.201,9,https://ftp.ncbi.nlm.nih.gov/genomes/all/GCF/003/549/555/GCF_003549555.1_ASM354955v1,9,28144.201.fna,GCF_003549555.1_ASM354955v1_genomic.fna, 4792396, 4792396,28144.201.fna_vs_GCF_003549555.1_ASM354955v1_genomic.fna_blast.xml,0,0,0,0,0,0,0,0,4792396,0,0,0,0,0,0,28144_subject_array_1739827862.bin
141222,28144,2015LSAL01821,28144.189,9,https://ftp.ncbi.nlm.nih.gov/genomes/all/GCF/003/549/315/GCF_003549315.1_ASM354931v1,9,28144.189.fna,GCF_003549315.1_ASM354931v1_genomic.fna, 4789134, 4789134,28144.189.fna_vs_GCF_003549315.1_ASM354931v1_genomic.fna_blast.xml,0,0,0,0,0,0,0,0,4789134,0,0,0,0,0,0,28144_subject_array_1739827864.bin
141941,2817727,BE272,2817727.3,9,https://ftp.ncbi.nlm.nih.gov/genomes/all/GCF/031/457/935/GCF_031457935.1_ASM3145793v1,9,2817727.3.fna,GCF_031457935.1_ASM3145793v1_genomic.fna, 2640780, 2640780,2817727.3.fna_vs_GCF_031457935.1_ASM3145793v1_genomic.fna_blast.xml,0,0,0,0,0,0,0,0,2640780,0,0,0,0,0,0,2817727_subject_array_1739827865.bin
141948,2817736,3190,2817736.3,9,https://ftp.ncbi.nlm.nih.gov/genomes/all/GCF/031/456/385/GCF_031456385.1_ASM3145638v1,9,2817736.3.fna,GCF_031456385.1_ASM3145638v1_genomic.fna, 4232372, 4232372,2817736.3.fna_vs_GCF_031456385.1_ASM3145638v1_genomic.fna_blast.xml,0,0,0,0,0,0,0,0,4232372,0,0,0,0,0,0,2817736_subject_array_1739827868.bin
141974,2817773,BE35,2817773.3,9,https://ftp.ncbi.nlm.nih.gov/genomes/all/GCF/031/457/705/GCF_031457705.1_ASM3145770v1,9,2817773.3.fna,GCF_031457705.1_ASM3145770v1_genomic.fna, 4561558, 4561558,2817773.3.fna_vs_GCF_031457705.1_ASM3145770v1_genomic.fna_blast.xml,0,0,0,0,0,0,0,0,4561558,0,0,0,0,0,0,2817773_subject_array_1739827869.bin
142088,2818032,B4007,2818032.3,9,https://ftp.ncbi.nlm.nih.gov/genomes/all/GCF/026/535/895/GCF_026535895.1_ASM2653589v1,9,2818032.3.fna,GCF_026535895.1_ASM2653589v1_genomic.fna, 1883712, 1883712,2818032.3.fna_vs_GCF_026535895.1_ASM2653589v1_genomic.fna_blast.xml,0,0,0,0,0,0,0,184,1883528,0,0,0,0,0,0,2818032_subject_array_1739827870.bin
142755,2820289,NEAU-LLB,2820289.3,9,https://ftp.ncbi.nlm.nih.gov/genomes/all/GCF/017/592/545/GCF_017592545.1_ASM1759254v1,9,2820289.3.fna,GCF_017592545.1_ASM1759254v1_genomic.fna, 3573239, 3573239,2820289.3.fna_vs_GCF_017592545.1_ASM1759254v1_genomic.fna_blast.xml,0,0,0,0,0,0,0,0,3573239,0,0,0,0,0,0,2820289_subject_array_1739827872.bin
142758,2820301,AGMB10547,2820301.3,9,https://ftp.ncbi.nlm.nih.gov/genomes/all/GCF/019/448/085/GCF_019448085.1_ASM1944808v1,9,2820301.3.fna,GCF_019448085.1_ASM1944808v1_genomic.fna, 3007702, 3007702,2820301.3.fna_vs_GCF_019448085.1_ASM1944808v1_genomic.fna_blast.xml,0,0,0,0,0,0,0,0,3007702,0,0,0,0,0,0,2820301_subject_array_1739827873.bin
143218,2828363,SFY_B10,2828363.38,9,https://ftp.ncbi.nlm.nih.gov/genomes/all/GCF/037/646/085/GCF_037646085.1_ASM3764608v1,9,2828363.38.fna,GCF_037646085.1_ASM3764608v1_genomic.fna, 2531572, 2531572,2828363.38.fna_vs_GCF_037646085.1_ASM3764608v1_genomic.fna_blast.xml,0,0,0,0,0,0,0,0,2531572,0,0,0,0,0,0,2828363_subject_array_1739827874.bin
143322,2831891,JBIWA005,2831891.11,9,https://ftp.ncbi.nlm.nih.gov/genomes/all/GCF/019/968/805/GCF_019968805.1_ASM1996880v1,9,2831891.11.fna,GCF_019968805.1_ASM1996880v1_genomic.fna, 5019735, 5019735,2831891.11.fna_vs_GCF_019968805.1_ASM1996880v1_genomic.fna_blast.xml,0,0,0,0,0,0,0,0,5019735,0,0,0,0,0,0,2831891_subject_array_1739827876.bin
143398,2833585,FJAT-49711,2833585.3,9,https://ftp.ncbi.nlm.nih.gov/genomes/all/GCF/018/343/715/GCF_018343715.1_ASM1834371v1,9,2833585.3.fna,GCF_018343715.1_ASM1834371v1_genomic.fna, 4767936, 4767936,2833585.3.fna_vs_GCF_018343715.1_ASM1834371v1_genomic.fna_blast.xml,0,0,0,0,0,0,0,0,4767936,0,0,0,0,0,0,2833585_subject_array_1739827878.bin
144177,2838871,COG20,2838871.4,9,https://ftp.ncbi.nlm.nih.gov/genomes/all/GCF/018/619/585/GCF_018619585.1_ASM1861958v1,9,2838871.4.fna,GCF_018619585.1_ASM1861958v1_genomic.fna, 7837758, 7837758,2838871.4.fna_vs_GCF_018619585.1_ASM1861958v1_genomic.fna_blast.xml,0,0,0,0,0,0,0,0,7837757,0,0,0,1,0,0,2838871_subject_array_1739827881.bin
144493,28449,C2012011976,28449.7,9,https://ftp.ncbi.nlm.nih.gov/genomes/all/GCF/003/044/935/GCF_003044935.1_ASM304493v1,9,28449.7.fna,GCF_003044935.1_ASM304493v1_genomic.fna, 2159006, 2159006,28449.7.fna_vs_GCF_003044935.1_ASM304493v1_genomic.fna_blast.xml,0,0,0,0,0,0,0,0,2159006,0,0,0,0,0,0,28449_subject_array_1739827882.bin
145049,28450,BGJ,1487954.5,9,https://ftp.ncbi.nlm.nih.gov/genomes/all/GCF/000/757/255/GCF_000757255.1_BGJ,9,1487954.5.fna,GCF_000757255.1_BGJ_genomic.fna, 7297557, 7298257,1487954.5.fna_vs_GCF_000757255.1_BGJ_genomic.fna_blast.xml,0,0,0,0,0,0,0,699,7297557,0,1,0,0,0,0,1487954_subject_array_1739827885.bin
146064,284579,DSM 16461,284579.6,9,https://ftp.ncbi.nlm.nih.gov/genomes/all/GCF/030/813/635/GCF_030813635.1_ASM3081363v1,9,284579.6.fna,GCF_030813635.1_ASM3081363v1_genomic.fna, 3389285, 3389285,284579.6.fna_vs_GCF_030813635.1_ASM3081363v1_genomic.fna_blast.xml,0,0,0,0,0,0,0,0,3389285,0,0,0,0,0,0,284579_subject_array_1739827887.bin
146548,2861777,F4206,2861777.3,9,https://ftp.ncbi.nlm.nih.gov/genomes/all/GCF/019/392/195/GCF_019392195.1_ASM1939219v1,9,2861777.3.fna,GCF_019392195.1_ASM1939219v1_genomic.fna, 4025706, 4025706,2861777.3.fna_vs_GCF_019392195.1_ASM1939219v1_genomic.fna_blast.xml,0,0,0,0,0,0,0,0,4025706,0,0,0,0,0,0,2861777_subject_array_1739827888.bin
146631,2865162,PW68,2865162.7,9,https://ftp.ncbi.nlm.nih.gov/genomes/all/GCF/020/982/655/GCF_020982655.1_ASM2098265v1,9,2865162.7.fna,GCF_020982655.1_ASM2098265v1_genomic.fna, 3088364, 3088364,2865162.7.fna_vs_GCF_020982655.1_ASM2098265v1_genomic.fna_blast.xml,0,0,0,0,0,0,0,0,3088364,0,0,0,0,0,0,2865162_subject_array_1739827890.bin
146747,2867247,F29,2867247.3,9,https://ftp.ncbi.nlm.nih.gov/genomes/all/GCF/019/688/735/GCF_019688735.1_ASM1968873v1,9,2867247.3.fna,GCF_019688735.1_ASM1968873v1_genomic.fna, 2345565, 2345565,2867247.3.fna_vs_GCF_019688735.1_ASM1968873v1_genomic.fna_blast.xml,0,0,0,0,0,0,0,0,2345565,0,0,0,0,0,0,2867247_subject_array_1739827891.bin
147409,287,22-841,287.30286,9,https://ftp.ncbi.nlm.nih.gov/genomes/all/GCF/030/345/855/GCF_030345855.1_ASM3034585v1,9,287.30286.fna,GCF_030345855.1_ASM3034585v1_genomic.fna, 7665280, 7665280,287.30286.fna_vs_GCF_030345855.1_ASM3034585v1_genomic.fna_blast.xml,0,0,0,0,0,0,1,0,7665278,0,0,1,0,0,0,287_subject_array_1739827895.bin
147418,287,225,287.14066,9,https://ftp.ncbi.nlm.nih.gov/genomes/all/GCF/016/836/615/GCF_016836615.1_225,9,287.14066.fna,GCF_016836615.1_225_genomic.fna, 6956667, 6956667,287.14066.fna_vs_GCF_016836615.1_225_genomic.fna_blast.xml,0,0,0,0,0,0,0,7020,6949639,0,0,8,0,0,0,287_subject_array_1739827898.bin
147496,287,251,287.14058,9,https://ftp.ncbi.nlm.nih.gov/genomes/all/GCF/016/836/485/GCF_016836485.1_251,9,287.14058.fna,GCF_016836485.1_251_genomic.fna, 6955433, 6955433,287.14058.fna_vs_GCF_016836485.1_251_genomic.fna_blast.xml,0,0,0,0,0,0,0,7321,6948099,0,0,13,0,0,0,287_subject_array_1739827901.bin
147558,287,2879,287.28454,9,https://ftp.ncbi.nlm.nih.gov/genomes/all/GCF/028/367/665/GCF_028367665.1_ASM2836766v1,9,287.28454.fna,GCF_028367665.1_ASM2836766v1_genomic.fna, 7331274, 7333015,287.28454.fna_vs_GCF_028367665.1_ASM2836766v1_genomic.fna_blast.xml,0,0,0,0,0,0,0,0,7331276,0,0,1,1738,0,0,287_subject_array_1739827904.bin
148310,287,AR_0054,287.2977,9,https://ftp.ncbi.nlm.nih.gov/genomes/all/GCF/001/875/165/GCF_001875165.1_ASM187516v1,9,287.2977.fna,GCF_001875165.1_ASM187516v1_genomic.fna, 7267705, 7267705,287.2977.fna_vs_GCF_001875165.1_ASM187516v1_genomic.fna_blast.xml,0,0,0,0,0,0,0,0,7267705,0,0,0,0,0,0,287_subject_array_1739827907.bin
150631,287,KOL14.W.495.33,287.13853,9,https://ftp.ncbi.nlm.nih.gov/genomes/all/GCF/016/622/475/GCF_016622475.1_ASM1662247v1,9,287.13853.fna,GCF_016622475.1_ASM1662247v1_genomic.fna, 6488356, 6488356,287.13853.fna_vs_GCF_016622475.1_ASM1662247v1_genomic.fna_blast.xml,0,0,0,0,0,0,0,0,6488356,0,0,0,0,0,0,287_subject_array_1739827910.bin
150632,287,KOL14.W.495.34,287.13851,9,https://ftp.ncbi.nlm.nih.gov/genomes/all/GCF/016/622/285/GCF_016622285.1_ASM1662228v1,9,287.13851.fna,GCF_016622285.1_ASM1662228v1_genomic.fna, 6484888, 6484888,287.13851.fna_vs_GCF_016622285.1_ASM1662228v1_genomic.fna_blast.xml,0,0,0,0,0,0,0,0,6484888,0,0,0,0,0,0,287_subject_array_1739827913.bin
151233,287,N16-2,287.26032,9,https://ftp.ncbi.nlm.nih.gov/genomes/all/GCF/024/520/295/GCF_024520295.1_ASM2452029v1,9,287.26032.fna,GCF_024520295.1_ASM2452029v1_genomic.fna, 6954030, 6954030,287.26032.fna_vs_GCF_024520295.1_ASM2452029v1_genomic.fna_blast.xml,0,0,1,0,0,0,0,0,6952356,0,0,0,1673,0,0,287_subject_array_1739827917.bin
151251,287,NCTC11448,287.6512,9,https://ftp.ncbi.nlm.nih.gov/genomes/all/GCF/900/455/115/GCF_900455115.1_43295_E02,9,287.6512.fna,GCF_900455115.1_43295_E02_genomic.fna, 6386100, 6386100,287.6512.fna_vs_GCF_900455115.1_43295_E02_genomic.fna_blast.xml,0,0,0,0,0,0,0,0,6386100,0,0,0,0,0,0,287_subject_array_1739827920.bin
152982,287,PaLo111,287.28404,9,https://ftp.ncbi.nlm.nih.gov/genomes/all/GCF/027/855/915/GCF_027855915.1_ASM2785591v1,9,287.28404.fna,GCF_027855915.1_ASM2785591v1_genomic.fna, 6293788, 6298691,287.28404.fna_vs_GCF_027855915.1_ASM2785591v1_genomic.fna_blast.xml,0,0,4,2,0,0,1,3549,6293791,0,0,201,1137,0,6,287_subject_array_1739827923.bin
152999,287,PaLo514,287.28396,9,https://ftp.ncbi.nlm.nih.gov/genomes/all/GCF/027/855/735/GCF_027855735.1_ASM2785573v1,9,287.28396.fna,GCF_027855735.1_ASM2785573v1_genomic.fna, 2650671, 6667402,287.28396.fna_vs_GCF_027855735.1_ASM2785573v1_genomic.fna_blast.xml,0,0,473,149,0,0,567,3859422,2736648,0,713,14522,54337,0,571,287_subject_array_1739827924.bin
153004,287,PaLo531,287.28391,9,https://ftp.ncbi.nlm.nih.gov/genomes/all/GCF/027/855/675/GCF_027855675.1_ASM2785567v1,9,287.28391.fna,GCF_027855675.1_ASM2785567v1_genomic.fna, 7148618, 7149345,287.28391.fna_vs_GCF_027855675.1_ASM2785567v1_genomic.fna_blast.xml,0,0,6,0,0,0,0,9,7148619,0,0,160,545,0,6,287_subject_array_1739827928.bin
153360,287,Paer3142,287.32507,9,https://ftp.ncbi.nlm.nih.gov/genomes/all/GCF/032/290/565/GCF_032290565.1_ASM3229056v1,9,287.32507.fna,GCF_032290565.1_ASM3229056v1_genomic.fna, 7183349, 7183349,287.32507.fna_vs_GCF_032290565.1_ASM3229056v1_genomic.fna_blast.xml,0,0,0,0,0,0,0,0,7183349,0,0,0,0,0,0,287_subject_array_1739827931.bin
153709,287,S76,287.14052,9,https://ftp.ncbi.nlm.nih.gov/genomes/all/GCF/016/820/095/GCF_016820095.1_ASM1682009v1,9,287.14052.fna,GCF_016820095.1_ASM1682009v1_genomic.fna, 7053372, 7053372,287.14052.fna_vs_GCF_016820095.1_ASM1682009v1_genomic.fna_blast.xml,0,0,0,0,0,0,0,0,7053372,0,0,0,0,0,0,287_subject_array_1739827934.bin
153947,287,SPA03,287.13845,9,https://ftp.ncbi.nlm.nih.gov/genomes/all/GCF/016/595/165/GCF_016595165.1_ASM1659516v1,9,287.13845.fna,GCF_016595165.1_ASM1659516v1_genomic.fna, 6829266, 6829266,287.13845.fna_vs_GCF_016595165.1_ASM1659516v1_genomic.fna_blast.xml,0,0,0,0,0,0,0,0,6829266,0,0,0,0,0,0,287_subject_array_1739827938.bin
154177,287,U1121,287.25710,9,https://ftp.ncbi.nlm.nih.gov/genomes/all/GCF/023/887/645/GCF_023887645.1_ASM2388764v1,9,287.25710.fna,GCF_023887645.1_ASM2388764v1_genomic.fna, 7023606, 7023606,287.25710.fna_vs_GCF_023887645.1_ASM2388764v1_genomic.fna_blast.xml,0,0,0,0,0,0,0,0,7023606,0,0,0,0,0,0,287_subject_array_1739827942.bin
154689,287,ZBX-P16,287.14401,9,https://ftp.ncbi.nlm.nih.gov/genomes/all/GCF/017/693/695/GCF_017693695.1_ASM1769369v1,9,287.14401.fna,GCF_017693695.1_ASM1769369v1_genomic.fna, 7178821, 7178821,287.14401.fna_vs_GCF_017693695.1_ASM1769369v1_genomic.fna_blast.xml,0,0,0,0,0,0,0,0,7178821,0,0,0,0,0,0,287_subject_array_1739827945.bin
155274,2878153,TF1N1,2878153.5,9,https://ftp.ncbi.nlm.nih.gov/genomes/all/GCF/022/878/925/GCF_022878925.1_ASM2287892v1,9,2878153.5.fna,GCF_022878925.1_ASM2287892v1_genomic.fna, 7070208, 7070208,2878153.5.fna_vs_GCF_022878925.1_ASM2287892v1_genomic.fna_blast.xml,0,0,0,0,0,0,0,100,7070108,0,0,0,0,0,0,2878153_subject_array_1739827948.bin
155476,2884170,1806,2884170.6,9,https://ftp.ncbi.nlm.nih.gov/genomes/all/GCF/021/554/825/GCF_021554825.1_ASM2155482v1,9,2884170.6.fna,GCF_021554825.1_ASM2155482v1_genomic.fna, 4970449, 4970449,2884170.6.fna_vs_GCF_021554825.1_ASM2155482v1_genomic.fna_blast.xml,0,0,0,0,0,0,0,0,4970449,0,0,0,0,0,0,2884170_subject_array_1739827950.bin
155478,2884172,1808,2884172.9,9,https://ftp.ncbi.nlm.nih.gov/genomes/all/GCF/020/594/595/GCF_020594595.1_ASM2059459v1,9,2884172.9.fna,GCF_020594595.1_ASM2059459v1_genomic.fna, 4965408, 4965408,2884172.9.fna_vs_GCF_020594595.1_ASM2059459v1_genomic.fna_blast.xml,0,0,0,0,0,0,0,0,4952672,0,0,1,12735,0,0,2884172_subject_array_1739827953.bin
157800,28901,S8_VPH_Chula,28901.19160,9,https://ftp.ncbi.nlm.nih.gov/genomes/all/GCF/029/846/185/GCF_029846185.1_ASM2984618v1,9,28901.19160.fna,GCF_029846185.1_ASM2984618v1_genomic.fna, 5188134, 5188134,28901.19160.fna_vs_GCF_029846185.1_ASM2984618v1_genomic.fna_blast.xml,0,0,0,0,0,0,0,0,5188134,0,0,0,0,0,0,28901_subject_array_1739827955.bin
158445,2890836,3-2,2890836.8,9,https://ftp.ncbi.nlm.nih.gov/genomes/all/GCF/020/782/825/GCF_020782825.1_ASM2078282v1,9,2890836.8.fna,GCF_020782825.1_ASM2078282v1_genomic.fna, 7073413, 7073413,2890836.8.fna_vs_GCF_020782825.1_ASM2078282v1_genomic.fna_blast.xml,0,0,0,0,0,0,0,0,7073413,0,0,0,0,0,0,2890836_subject_array_1739827958.bin
158482,2893553,Y2R2-4,2893553.4,9,https://ftp.ncbi.nlm.nih.gov/genomes/all/GCF/025/717/535/GCF_025717535.1_ASM2571753v1,9,2893553.4.fna,GCF_025717535.1_ASM2571753v1_genomic.fna, 5129522, 5129522,2893553.4.fna_vs_GCF_025717535.1_ASM2571753v1_genomic.fna_blast.xml,0,0,0,0,0,0,0,0,5129522,0,0,0,0,0,0,2893553_subject_array_1739827960.bin
158606,2897389,JC 701,2897389.7,9,https://ftp.ncbi.nlm.nih.gov/genomes/all/GCF/021/026/215/GCF_021026215.1_ASM2102621v1,9,2897389.7.fna,GCF_021026215.1_ASM2102621v1_genomic.fna, 3549524, 3549524,2897389.7.fna_vs_GCF_021026215.1_ASM2102621v1_genomic.fna_blast.xml,0,0,1,1,0,0,0,619,3548821,0,0,16,65,0,1,2897389_subject_array_1739827962.bin
158653,2898580,RT1S,2898580.7,9,https://ftp.ncbi.nlm.nih.gov/genomes/all/GCF/021/165/775/GCF_021165775.2_ASM2116577v2,9,2898580.7.fna,GCF_021165775.2_ASM2116577v2_genomic.fna, 1249215, 1249215,2898580.7.fna_vs_GCF_021165775.2_ASM2116577v2_genomic.fna_blast.xml,0,0,0,0,0,0,0,0,1249215,0,0,0,0,0,0,2898580_subject_array_1739827963.bin
158734,2899078,PLB05,2899078.7,9,https://ftp.ncbi.nlm.nih.gov/genomes/all/GCF/021/106/615/GCF_021106615.1_ASM2110661v1,9,2899078.7.fna,GCF_021106615.1_ASM2110661v1_genomic.fna, 5059087, 5059087,2899078.7.fna_vs_GCF_021106615.1_ASM2110661v1_genomic.fna_blast.xml,0,0,0,0,0,0,1,220,5058857,0,1,6,2,0,0,2899078_subject_array_1739827965.bin
158762,2899272,37298,2899272.6,9,https://ftp.ncbi.nlm.nih.gov/genomes/all/GCF/023/838/685/GCF_023838685.1_ASM2383868v1,9,2899272.6.fna,GCF_023838685.1_ASM2383868v1_genomic.fna, 2484990, 2484990,2899272.6.fna_vs_GCF_023838685.1_ASM2383868v1_genomic.fna_blast.xml,0,0,0,0,0,0,0,0,2484990,0,0,0,0,0,0,2899272_subject_array_1739827966.bin
158805,2901228,13-3,2901228.7,9,https://ftp.ncbi.nlm.nih.gov/genomes/all/GCF/021/168/475/GCF_021168475.1_ASM2116847v1,9,2901228.7.fna,GCF_021168475.1_ASM2116847v1_genomic.fna, 2351108, 2351108,2901228.7.fna_vs_GCF_021168475.1_ASM2116847v1_genomic.fna_blast.xml,0,0,0,0,0,0,0,0,2351108,0,0,0,0,0,0,2901228_subject_array_1739827967.bin
158806,2901229,DZ6,2901229.6,9,https://ftp.ncbi.nlm.nih.gov/genomes/all/GCF/022/565/835/GCF_022565835.1_ASM2256583v1,9,2901229.6.fna,GCF_022565835.1_ASM2256583v1_genomic.fna, 2869920, 2869920,2901229.6.fna_vs_GCF_022565835.1_ASM2256583v1_genomic.fna_blast.xml,0,0,0,0,0,0,0,0,2869920,0,0,0,0,0,0,2901229_subject_array_1739827968.bin
158811,2901441,UTDS19-33BHI26,2901441.7,9,https://ftp.ncbi.nlm.nih.gov/genomes/all/GCF/022/117/615/GCF_022117615.1_ASM2211761v1,9,2901441.7.fna,GCF_022117615.1_ASM2211761v1_genomic.fna, 5674783, 5674783,2901441.7.fna_vs_GCF_022117615.1_ASM2211761v1_genomic.fna_blast.xml,0,0,0,0,0,0,0,0,5674783,0,0,0,0,0,0,2901441_subject_array_1739827971.bin
158885,2903567,NBC_00240,2903567.3,9,https://ftp.ncbi.nlm.nih.gov/genomes/all/GCF/026/342/405/GCF_026342405.1_ASM2634240v1,9,2903567.3.fna,GCF_026342405.1_ASM2634240v1_genomic.fna, 10447031, 10447031,2903567.3.fna_vs_GCF_026342405.1_ASM2634240v1_genomic.fna_blast.xml,0,0,0,0,0,0,0,0,10447030,0,0,1,0,0,0,2903567_subject_array_1739827976.bin
158975,2903807,NBC_01275,2903807.3,9,https://ftp.ncbi.nlm.nih.gov/genomes/all/GCF/026/340/655/GCF_026340655.1_ASM2634065v1,9,2903807.3.fna,GCF_026340655.1_ASM2634065v1_genomic.fna, 10435000, 10435000,2903807.3.fna_vs_GCF_026340655.1_ASM2634065v1_genomic.fna_blast.xml,0,0,0,0,0,0,0,0,10435000,0,0,0,0,0,0,2903807_subject_array_1739827980.bin
159060,2904249,L3,2904249.5,9,https://ftp.ncbi.nlm.nih.gov/genomes/all/GCF/021/729/075/GCF_021729075.1_ASM2172907v1,9,2904249.5.fna,GCF_021729075.1_ASM2172907v1_genomic.fna, 3655934, 3655934,2904249.5.fna_vs_GCF_021729075.1_ASM2172907v1_genomic.fna_blast.xml,0,0,0,0,0,0,0,197,3655734,0,0,0,3,0,0,2904249_subject_array_1739827982.bin
159076,2904799,G124,2904799.7,9,https://ftp.ncbi.nlm.nih.gov/genomes/all/GCF/021/502/585/GCF_021502585.1_ASM2150258v1,9,2904799.7.fna,GCF_021502585.1_ASM2150258v1_genomic.fna, 2549305, 2549305,2904799.7.fna_vs_GCF_021502585.1_ASM2150258v1_genomic.fna_blast.xml,0,0,0,0,0,0,0,0,2549305,0,0,0,0,0,0,2904799_subject_array_1739827983.bin
159438,2912588,MSW7,2912588.5,9,https://ftp.ncbi.nlm.nih.gov/genomes/all/GCF/022/669/015/GCF_022669015.1_ASM2266901v1,9,2912588.5.fna,GCF_022669015.1_ASM2266901v1_genomic.fna, 5232771, 5232771,2912588.5.fna_vs_GCF_022669015.1_ASM2266901v1_genomic.fna_blast.xml,0,0,0,0,0,0,0,0,5232771,0,0,0,0,0,0,2912588_subject_array_1739827985.bin
159526,2913557,S-DT1-34,2913558.5,9,https://ftp.ncbi.nlm.nih.gov/genomes/all/GCF/022/662/095/GCF_022662095.1_ASM2266209v1,9,2913558.5.fna,GCF_022662095.1_ASM2266209v1_genomic.fna, 3766431, 3766431,2913558.5.fna_vs_GCF_022662095.1_ASM2266209v1_genomic.fna_blast.xml,0,0,0,0,0,0,0,0,3766431,0,0,0,0,0,0,2913558_subject_array_1739827987.bin
159687,2917727,C104,2917727.7,9,https://ftp.ncbi.nlm.nih.gov/genomes/all/GCF/022/354/505/GCF_022354505.1_ASM2235450v1,9,2917727.7.fna,GCF_022354505.1_ASM2235450v1_genomic.fna, 7556112, 7556112,2917727.7.fna_vs_GCF_022354505.1_ASM2235450v1_genomic.fna_blast.xml,0,0,0,0,0,0,0,0,7556111,0,0,1,0,0,0,2917727_subject_array_1739827991.bin
159717,2917758,MM17-31,2917758.7,9,https://ftp.ncbi.nlm.nih.gov/genomes/all/GCF/022/347/785/GCF_022347785.1_ASM2234778v1,9,2917758.7.fna,GCF_022347785.1_ASM2234778v1_genomic.fna, 4169603, 4169603,2917758.7.fna_vs_GCF_022347785.1_ASM2234778v1_genomic.fna_blast.xml,0,0,0,0,0,0,0,0,4169603,0,0,0,0,0,0,2917758_subject_array_1739827992.bin
160276,2921396,FSL H8-0515,2921396.3,9,https://ftp.ncbi.nlm.nih.gov/genomes/all/GCF/038/007/585/GCF_038007585.1_ASM3800758v1,9,2921396.3.fna,GCF_038007585.1_ASM3800758v1_genomic.fna, 4179764, 4179764,2921396.3.fna_vs_GCF_038007585.1_ASM3800758v1_genomic.fna_blast.xml,0,0,0,0,0,0,0,0,4179764,0,0,0,0,0,0,2921396_subject_array_1739827994.bin
160283,2921406,FSL K6-0040,2921406.3,9,https://ftp.ncbi.nlm.nih.gov/genomes/all/GCF/038/005/825/GCF_038005825.1_ASM3800582v1,9,2921406.3.fna,GCF_038005825.1_ASM3800582v1_genomic.fna, 6180592, 6180592,2921406.3.fna_vs_GCF_038005825.1_ASM3800582v1_genomic.fna_blast.xml,0,0,0,0,0,0,0,0,6180592,0,0,0,0,0,0,2921406_subject_array_1739827997.bin
160293,2921418,FSL K6-0118,2921418.3,9,https://ftp.ncbi.nlm.nih.gov/genomes/all/GCF/038/006/665/GCF_038006665.1_ASM3800666v1,9,2921418.3.fna,GCF_038006665.1_ASM3800666v1_genomic.fna, 3692008, 3692008,2921418.3.fna_vs_GCF_038006665.1_ASM3800666v1_genomic.fna_blast.xml,0,0,0,0,0,0,0,0,3692008,0,0,0,0,0,0,2921418_subject_array_1739827999.bin
160294,2921419,FSL K6-0124,2921419.3,9,https://ftp.ncbi.nlm.nih.gov/genomes/all/GCF/038/003/505/GCF_038003505.1_ASM3800350v1,9,2921419.3.fna,GCF_038003505.1_ASM3800350v1_genomic.fna, 2471212, 2471212,2921419.3.fna_vs_GCF_038003505.1_ASM3800350v1_genomic.fna_blast.xml,0,0,0,0,0,0,0,0,2471212,0,0,0,0,0,0,2921419_subject_array_1739828000.bin
160322,2921467,FSL K6-1218,2921467.3,9,https://ftp.ncbi.nlm.nih.gov/genomes/all/GCF/038/006/445/GCF_038006445.1_ASM3800644v1,9,2921467.3.fna,GCF_038006445.1_ASM3800644v1_genomic.fna, 6192446, 6192446,2921467.3.fna_vs_GCF_038006445.1_ASM3800644v1_genomic.fna_blast.xml,0,0,0,0,0,0,0,0,6192446,0,0,0,0,0,0,2921467_subject_array_1739828003.bin
160480,2921678,FSL R7-0271,2921678.3,9,https://ftp.ncbi.nlm.nih.gov/genomes/all/GCF/038/005/785/GCF_038005785.1_ASM3800578v1,9,2921678.3.fna,GCF_038005785.1_ASM3800578v1_genomic.fna, 5952256, 5952256,2921678.3.fna_vs_GCF_038005785.1_ASM3800578v1_genomic.fna_blast.xml,0,0,0,0,0,0,0,0,5952256,0,0,0,0,0,0,2921678_subject_array_1739828006.bin
160549,292222,KMM 6042,292222.6,9,https://ftp.ncbi.nlm.nih.gov/genomes/all/GCF/003/730/315/GCF_003730315.1_ASM373031v1,9,292222.6.fna,GCF_003730315.1_ASM373031v1_genomic.fna, 2890664, 2890664,292222.6.fna_vs_GCF_003730315.1_ASM373031v1_genomic.fna_blast.xml,0,0,0,0,0,0,0,0,2890664,0,0,0,0,0,0,292222_subject_array_1739828007.bin
160563,2922722,SG195,2922722.5,9,https://ftp.ncbi.nlm.nih.gov/genomes/all/GCF/022/808/815/GCF_022808815.1_ASM2280881v1,9,2922722.5.fna,GCF_022808815.1_ASM2280881v1_genomic.fna, 3407788, 3407788,2922722.5.fna_vs_GCF_022808815.1_ASM2280881v1_genomic.fna_blast.xml,0,0,0,0,0,0,0,0,3407788,0,0,0,0,0,0,2922722_subject_array_1739828009.bin
160743,2926414,F20344,2926414.5,9,https://ftp.ncbi.nlm.nih.gov/genomes/all/GCF/023/016/155/GCF_023016155.1_ASM2301615v1,9,2926414.5.fna,GCF_023016155.1_ASM2301615v1_genomic.fna, 3359034, 3359034,2926414.5.fna_vs_GCF_023016155.1_ASM2301615v1_genomic.fna_blast.xml,0,0,0,0,0,0,0,0,3359034,0,0,0,0,0,0,2926414_subject_array_1739828010.bin
160941,2929500,SP22,2929500.4,9,https://ftp.ncbi.nlm.nih.gov/genomes/all/GCF/028/464/265/GCF_028464265.1_ASM2846426v1,9,2929500.4.fna,GCF_028464265.1_ASM2846426v1_genomic.fna,  489630, 3705613,2929500.4.fna_vs_GCF_028464265.1_ASM2846426v1_genomic.fna_blast.xml,0,0,0,1,0,0,2,3214425,490176,0,1,61,945,0,2,2929500_subject_array_1739828010.bin
160944,2929503,PT1,2929503.4,9,https://ftp.ncbi.nlm.nih.gov/genomes/all/GCF/028/464/225/GCF_028464225.1_ASM2846422v1,9,2929503.4.fna,GCF_028464225.1_ASM2846422v1_genomic.fna, 3063612, 3338647,2929503.4.fna_vs_GCF_028464225.1_ASM2846422v1_genomic.fna_blast.xml,0,0,0,0,0,0,6,274191,3064379,0,4,67,0,0,0,2929503_subject_array_1739828012.bin
160981,29299,DSM 11054,29299.3,9,https://ftp.ncbi.nlm.nih.gov/genomes/all/GCF/006/346/395/GCF_006346395.1_ASM634639v1,9,29299.3.fna,GCF_006346395.1_ASM634639v1_genomic.fna, 4681321, 4681321,29299.3.fna_vs_GCF_006346395.1_ASM634639v1_genomic.fna_blast.xml,0,0,0,0,0,0,0,0,4681321,0,0,0,0,0,0,29299_subject_array_1739828014.bin
162240,2939460,Es71-Z0120,2939460.4,9,https://ftp.ncbi.nlm.nih.gov/genomes/all/GCF/023/371/205/GCF_023371205.1_ASM2337120v1,9,2939460.4.fna,GCF_023371205.1_ASM2337120v1_genomic.fna, 1840996, 1840996,2939460.4.fna_vs_GCF_023371205.1_ASM2337120v1_genomic.fna_blast.xml,0,0,0,0,0,0,0,0,1840996,0,0,0,0,0,0,2939460_subject_array_1739828015.bin
162609,2940590,JUb104,2940590.3,9,https://ftp.ncbi.nlm.nih.gov/genomes/all/GCF/024/806/975/GCF_024806975.1_ASM2480697v1,9,2940590.3.fna,GCF_024806975.1_ASM2480697v1_genomic.fna, 6414440, 6414440,2940590.3.fna_vs_GCF_024806975.1_ASM2480697v1_genomic.fna_blast.xml,0,0,0,0,0,0,0,0,6414440,0,0,0,0,0,0,2940590_subject_array_1739828018.bin
162859,2944682,GH3-8,2944682.8,9,https://ftp.ncbi.nlm.nih.gov/genomes/all/GCF/023/700/005/GCF_023700005.1_ASM2370000v1,9,2944682.8.fna,GCF_023700005.1_ASM2370000v1_genomic.fna, 3294024, 3294024,2944682.8.fna_vs_GCF_023700005.1_ASM2370000v1_genomic.fna_blast.xml,0,0,0,0,0,0,0,187,3293827,0,0,0,10,0,0,2944682_subject_array_1739828019.bin
163269,29466,1001295B_180824_H5,29466.1280,9,https://ftp.ncbi.nlm.nih.gov/genomes/all/GCF/015/549/975/GCF_015549975.1_ASM1554997v1,9,29466.1280.fna,GCF_015549975.1_ASM1554997v1_genomic.fna, 2060011, 2060011,29466.1280.fna_vs_GCF_015549975.1_ASM1554997v1_genomic.fna_blast.xml,0,0,0,0,0,0,0,381,2059630,0,0,0,0,0,0,29466_subject_array_1739828020.bin
163560,29491,890054,29491.74,9,https://ftp.ncbi.nlm.nih.gov/genomes/all/GCF/020/683/025/GCF_020683025.1_ASM2068302v1,9,29491.74.fna,GCF_020683025.1_ASM2068302v1_genomic.fna, 5044668, 5044668,29491.74.fna_vs_GCF_020683025.1_ASM2068302v1_genomic.fna_blast.xml,0,0,0,0,0,0,1,2,5044665,0,0,0,0,0,0,29491_subject_array_1739828023.bin
163582,2949308,RB4R14,2949308.3,9,https://ftp.ncbi.nlm.nih.gov/genomes/all/GCF/024/055/595/GCF_024055595.1_ASM2405559v1,9,2949308.3.fna,GCF_024055595.1_ASM2405559v1_genomic.fna, 3932136, 3932136,2949308.3.fna_vs_GCF_024055595.1_ASM2405559v1_genomic.fna_blast.xml,0,0,0,0,0,0,0,0,3932136,0,0,0,0,0,0,2949308_subject_array_1739828024.bin
163654,2949652,M3-R-103,2949652.7,9,https://ftp.ncbi.nlm.nih.gov/genomes/all/GCF/023/656/765/GCF_023656765.1_ASM2365676v1,9,2949652.7.fna,GCF_023656765.1_ASM2365676v1_genomic.fna, 2080619, 2080619,2949652.7.fna_vs_GCF_023656765.1_ASM2365676v1_genomic.fna_blast.xml,0,0,0,0,0,0,0,0,2080619,0,0,0,0,0,0,2949652_subject_array_1739828025.bin
164168,29519,17-63N1,29519.498,9,https://ftp.ncbi.nlm.nih.gov/genomes/all/GCF/035/341/875/GCF_035341875.1_ASM3534187v1,9,29519.498.fna,GCF_035341875.1_ASM3534187v1_genomic.fna, 1192994, 1192994,29519.498.fna_vs_GCF_035341875.1_ASM3534187v1_genomic.fna_blast.xml,0,0,0,0,0,0,1,1,1192989,0,0,3,0,0,0,29519_subject_array_1739828026.bin
164222,29519,NG-Z6,29519.493,9,https://ftp.ncbi.nlm.nih.gov/genomes/all/GCF/032/606/795/GCF_032606795.1_ASM3260679v1,9,29519.493.fna,GCF_032606795.1_ASM3260679v1_genomic.fna, 1071420, 1071420,29519.493.fna_vs_GCF_032606795.1_ASM3260679v1_genomic.fna_blast.xml,0,0,0,0,0,0,1,241,1071176,0,0,2,0,0,0,29519_subject_array_1739828026.bin
164427,2954521,FSL R7-0648,2954521.3,9,https://ftp.ncbi.nlm.nih.gov/genomes/all/GCF/038/007/005/GCF_038007005.1_ASM3800700v1,9,2954521.3.fna,GCF_038007005.1_ASM3800700v1_genomic.fna, 5205080, 5205080,2954521.3.fna_vs_GCF_038007005.1_ASM3800700v1_genomic.fna_blast.xml,0,0,0,0,0,0,0,0,5205080,0,0,0,0,0,0,2954521_subject_array_1739828028.bin
164497,2954615,FSL K6-6038,2954615.3,9,https://ftp.ncbi.nlm.nih.gov/genomes/all/GCF/038/050/455/GCF_038050455.1_ASM3805045v1,9,2954615.3.fna,GCF_038050455.1_ASM3805045v1_genomic.fna, 5627865, 5627865,2954615.3.fna_vs_GCF_038050455.1_ASM3805045v1_genomic.fna_blast.xml,0,0,0,0,0,0,0,0,5627865,0,0,0,0,0,0,2954615_subject_array_1739828032.bin
164521,2954649,FSL W8-1202,2954649.3,9,https://ftp.ncbi.nlm.nih.gov/genomes/all/GCF/038/006/165/GCF_038006165.1_ASM3800616v1,9,2954649.3.fna,GCF_038006165.1_ASM3800616v1_genomic.fna, 4283826, 4283826,2954649.3.fna_vs_GCF_038006165.1_ASM3800616v1_genomic.fna_blast.xml,0,0,0,0,0,0,0,0,4283826,0,0,0,0,0,0,2954649_subject_array_1739828034.bin
164525,2954654,FSL W8-1291,2954654.3,9,https://ftp.ncbi.nlm.nih.gov/genomes/all/GCF/038/006/545/GCF_038006545.1_ASM3800654v1,9,2954654.3.fna,GCF_038006545.1_ASM3800654v1_genomic.fna, 2456597, 2456597,2954654.3.fna_vs_GCF_038006545.1_ASM3800654v1_genomic.fna_blast.xml,0,0,0,0,0,0,0,0,2456597,0,0,0,0,0,0,2954654_subject_array_1739828035.bin
164560,2954705,FSL W8-0810,2954705.3,9,https://ftp.ncbi.nlm.nih.gov/genomes/all/GCF/038/007/125/GCF_038007125.1_ASM3800712v1,9,2954705.3.fna,GCF_038007125.1_ASM3800712v1_genomic.fna, 2617619, 2617619,2954705.3.fna_vs_GCF_038007125.1_ASM3800712v1_genomic.fna_blast.xml,0,0,0,0,0,0,0,0,2617619,0,0,0,0,0,0,2954705_subject_array_1739828036.bin
164568,2954724,PK30,2954724.3,9,https://ftp.ncbi.nlm.nih.gov/genomes/all/GCF/038/005/905/GCF_038005905.1_ASM3800590v1,9,2954724.3.fna,GCF_038005905.1_ASM3800590v1_genomic.fna, 6146337, 6146337,2954724.3.fna_vs_GCF_038005905.1_ASM3800590v1_genomic.fna_blast.xml,0,0,0,0,0,0,0,0,6146337,0,0,0,0,0,0,2954724_subject_array_1739828039.bin
164569,2954729,FSL E2-3494,2954729.3,9,https://ftp.ncbi.nlm.nih.gov/genomes/all/GCF/038/007/085/GCF_038007085.1_ASM3800708v1,9,2954729.3.fna,GCF_038007085.1_ASM3800708v1_genomic.fna, 2111537, 2111537,2954729.3.fna_vs_GCF_038007085.1_ASM3800708v1_genomic.fna_blast.xml,0,0,0,0,0,0,0,0,2111537,0,0,0,0,0,0,2954729_subject_array_1739828040.bin
164682,29561,IZSVE/2944/9/2011,29561.37,9,https://ftp.ncbi.nlm.nih.gov/genomes/all/GCF/001/484/825/GCF_001484825.1_Mmel2011,9,29561.37.fna,GCF_001484825.1_Mmel2011_genomic.fna,  647259,  647259,29561.37.fna_vs_GCF_001484825.1_Mmel2011_genomic.fna_blast.xml,0,0,0,0,0,0,0,1817,645408,0,0,0,34,0,0,29561_subject_array_1739828041.bin
164832,29562,USP-SP749,29562.35,9,https://ftp.ncbi.nlm.nih.gov/genomes/all/GCF/030/524/365/GCF_030524365.1_ASM3052436v1,9,29562.35.fna,GCF_030524365.1_ASM3052436v1_genomic.fna, 1007731, 1007731,29562.35.fna_vs_GCF_030524365.1_ASM3052436v1_genomic.fna_blast.xml,0,0,0,0,0,0,0,0,1007731,0,0,0,0,0,0,29562_subject_array_1739828041.bin
164991,2961572,M1R2S28,2961572.5,9,https://ftp.ncbi.nlm.nih.gov/genomes/all/GCF/024/159/085/GCF_024159085.1_ASM2415908v1,9,2961572.5.fna,GCF_024159085.1_ASM2415908v1_genomic.fna, 2867777, 2867777,2961572.5.fna_vs_GCF_024159085.1_ASM2415908v1_genomic.fna_blast.xml,0,0,0,0,0,0,0,0,2867777,0,0,0,0,0,0,2961572_subject_array_1739828042.bin
165133,2964612,zg-Y844,2964612.6,9,https://ftp.ncbi.nlm.nih.gov/genomes/all/GCF/024/385/465/GCF_024385465.1_ASM2438546v1,9,2964612.6.fna,GCF_024385465.1_ASM2438546v1_genomic.fna, 3370572, 3370572,2964612.6.fna_vs_GCF_024385465.1_ASM2438546v1_genomic.fna_blast.xml,0,0,0,0,0,0,0,0,3370572,0,0,0,0,0,0,2964612_subject_array_1739828044.bin
165147,2965101,SC8-2W,2965101.5,9,https://ftp.ncbi.nlm.nih.gov/genomes/all/GCF/024/436/255/GCF_024436255.1_ASM2443625v1,9,2965101.5.fna,GCF_024436255.1_ASM2443625v1_genomic.fna, 2508994, 2508994,2965101.5.fna_vs_GCF_024436255.1_ASM2443625v1_genomic.fna_blast.xml,0,0,0,0,0,0,0,0,2508994,0,0,0,0,0,0,2965101_subject_array_1739828045.bin
165416,2973937,6138-11-ORH1,2973937.3,9,https://ftp.ncbi.nlm.nih.gov/genomes/all/GCF/024/814/355/GCF_024814355.1_ASM2481435v1,9,2973937.3.fna,GCF_024814355.1_ASM2481435v1_genomic.fna, 1672227, 1672227,2973937.3.fna_vs_GCF_024814355.1_ASM2481435v1_genomic.fna_blast.xml,0,0,0,0,0,0,0,0,1672227,0,0,0,0,0,0,2973937_subject_array_1739828046.bin
165756,2975935,NBC_01764,2975935.3,9,https://ftp.ncbi.nlm.nih.gov/genomes/all/GCF/026/339/555/GCF_026339555.1_ASM2633955v1,9,2975935.3.fna,GCF_026339555.1_ASM2633955v1_genomic.fna, 13440082, 13440082,2975935.3.fna_vs_GCF_026339555.1_ASM2633955v1_genomic.fna_blast.xml,0,0,0,0,0,0,0,0,13440079,0,0,3,0,0,0,2975935_subject_array_1739828052.bin
165996,298,PgKB35,298.17,9,https://ftp.ncbi.nlm.nih.gov/genomes/all/GCF/008/692/035/GCF_008692035.1_ASM869203v1,9,298.17.fna,GCF_008692035.1_ASM869203v1_genomic.fna, 6942667, 6942667,298.17.fna_vs_GCF_008692035.1_ASM869203v1_genomic.fna_blast.xml,0,0,0,0,0,0,0,0,6942667,0,0,0,0,0,0,298_subject_array_1739828057.bin
166165,2983833,VBCF_08 NA3,2983833.3,9,https://ftp.ncbi.nlm.nih.gov/genomes/all/GCF/027/737/245/GCF_027737245.1_ASM2773724v1,9,2983833.3.fna,GCF_027737245.1_ASM2773724v1_genomic.fna, 1591815, 1592905,2983833.3.fna_vs_GCF_027737245.1_ASM2773724v1_genomic.fna_blast.xml,0,0,0,0,0,0,0,834,1591815,0,0,0,256,0,0,2983833_subject_array_1739828057.bin
166181,2984138,Cs NA2,2984138.3,9,https://ftp.ncbi.nlm.nih.gov/genomes/all/GCF/027/738/315/GCF_027738315.1_ASM2773831v1,9,2984138.3.fna,GCF_027738315.1_ASM2773831v1_genomic.fna, 1552961, 1554618,2984138.3.fna_vs_GCF_027738315.1_ASM2773831v1_genomic.fna_blast.xml,0,0,0,0,0,0,0,1529,1553089,0,0,0,0,0,0,2984138_subject_array_1739828058.bin
166182,2984139,Cs NA1,2984139.3,9,https://ftp.ncbi.nlm.nih.gov/genomes/all/GCF/027/738/265/GCF_027738265.1_ASM2773826v1,9,2984139.3.fna,GCF_027738265.1_ASM2773826v1_genomic.fna, 1006041, 1567052,2984139.3.fna_vs_GCF_027738265.1_ASM2773826v1_genomic.fna_blast.xml,0,0,39,15,0,0,41,555095,1009080,0,30,522,2170,0,60,2984139_subject_array_1739828059.bin
166427,2986805,SYSU T00001,2986805.3,9,https://ftp.ncbi.nlm.nih.gov/genomes/all/GCF/026/094/475/GCF_026094475.1_ASM2609447v1,9,2986805.3.fna,GCF_026094475.1_ASM2609447v1_genomic.fna, 2837702, 2837702,2986805.3.fna_vs_GCF_026094475.1_ASM2609447v1_genomic.fna_blast.xml,0,0,0,0,0,0,0,497,2837205,0,0,0,0,0,0,2986805_subject_array_1739828060.bin
166649,2992126,RBB1W86,2992126.3,9,https://ftp.ncbi.nlm.nih.gov/genomes/all/GCF/026/283/945/GCF_026283945.1_ASM2628394v1,9,2992126.3.fna,GCF_026283945.1_ASM2628394v1_genomic.fna, 4571678, 4571678,2992126.3.fna_vs_GCF_026283945.1_ASM2628394v1_genomic.fna_blast.xml,0,0,0,0,0,0,0,0,4571678,0,0,0,0,0,0,2992126_subject_array_1739828062.bin
166693,2993456,AMBF275,2993456.4,9,https://ftp.ncbi.nlm.nih.gov/genomes/all/GCF/947/539/765/GCF_947539765.1_AMBF275_2_hybrid,9,2993456.4.fna,GCF_947539765.1_AMBF275_2_hybrid_genomic.fna, 3447133, 3447133,2993456.4.fna_vs_GCF_947539765.1_AMBF275_2_hybrid_genomic.fna_blast.xml,0,0,0,0,0,0,0,0,3447133,0,0,0,0,0,0,2993456_subject_array_1739828064.bin
166726,2993939,M415,2993939.3,9,https://ftp.ncbi.nlm.nih.gov/genomes/all/GCF/026/241/225/GCF_026241225.1_ASM2624122v1,9,2993939.3.fna,GCF_026241225.1_ASM2624122v1_genomic.fna, 3134346, 3134346,2993939.3.fna_vs_GCF_026241225.1_ASM2624122v1_genomic.fna_blast.xml,0,0,0,0,0,0,0,0,3134346,0,0,0,0,0,0,2993939_subject_array_1739828065.bin
166854,299583,Cefas,299583.27,9,https://ftp.ncbi.nlm.nih.gov/genomes/all/GCF/011/714/585/GCF_011714585.1_ASM1171458v1,9,299583.27.fna,GCF_011714585.1_ASM1171458v1_genomic.fna, 1886598, 1886598,299583.27.fna_vs_GCF_011714585.1_ASM1171458v1_genomic.fna_blast.xml,0,0,0,0,0,0,0,0,1886598,0,0,0,0,0,0,299583_subject_array_1739828066.bin
167248,2998290,G301,2998290.3,9,https://ftp.ncbi.nlm.nih.gov/genomes/all/GCF/030/268/025/GCF_030268025.1_ASM3026802v1,9,2998290.3.fna,GCF_030268025.1_ASM3026802v1_genomic.fna, 3483861, 3483861,2998290.3.fna_vs_GCF_030268025.1_ASM3026802v1_genomic.fna_blast.xml,0,0,0,0,0,0,0,0,3483861,0,0,0,0,0,0,2998290_subject_array_1739828068.bin
167556,3004139,VKM Ac-2985,3004139.3,9,https://ftp.ncbi.nlm.nih.gov/genomes/all/GCF/026/967/925/GCF_026967925.1_ASM2696792v1,9,3004139.3.fna,GCF_026967925.1_ASM2696792v1_genomic.fna, 4716754, 4716754,3004139.3.fna_vs_GCF_026967925.1_ASM2696792v1_genomic.fna_blast.xml,0,0,0,0,0,0,0,499,4716255,0,0,0,0,0,0,3004139_subject_array_1739828070.bin
167691,3014782,WMMC897,3014782.3,9,https://ftp.ncbi.nlm.nih.gov/genomes/all/GCF/027/460/205/GCF_027460205.1_ASM2746020v1,9,3014782.3.fna,GCF_027460205.1_ASM2746020v1_genomic.fna, 5897988, 5897988,3014782.3.fna_vs_GCF_027460205.1_ASM2746020v1_genomic.fna_blast.xml,0,0,0,0,0,0,0,0,5897988,0,0,0,0,0,0,3014782_subject_array_1739828074.bin
167892,3018244,SG2,3018244.4,9,https://ftp.ncbi.nlm.nih.gov/genomes/all/GCF/030/439/925/GCF_030439925.1_ASM3043992v1,9,3018244.4.fna,GCF_030439925.1_ASM3043992v1_genomic.fna, 2156808, 2156808,3018244.4.fna_vs_GCF_030439925.1_ASM3043992v1_genomic.fna_blast.xml,0,0,0,0,0,0,0,0,2156808,0,0,0,0,0,0,3018244_subject_array_1739828076.bin
167974,3020846,B.PNR2,3020846.5,9,https://ftp.ncbi.nlm.nih.gov/genomes/all/GCF/030/403/765/GCF_030403765.1_ASM3040376v1,9,3020846.5.fna,GCF_030403765.1_ASM3040376v1_genomic.fna, 4112807, 4112807,3020846.5.fna_vs_GCF_030403765.1_ASM3040376v1_genomic.fna_blast.xml,0,0,0,0,0,0,0,100,4112707,0,0,0,0,0,0,3020846_subject_array_1739828079.bin
168646,3030827,Pla2,3030827.5,9,https://ftp.ncbi.nlm.nih.gov/genomes/all/GCF/029/589/435/GCF_029589435.1_ASM2958943v1,9,3030827.5.fna,GCF_029589435.1_ASM2958943v1_genomic.fna, 8211357, 8211357,3030827.5.fna_vs_GCF_029589435.1_ASM2958943v1_genomic.fna_blast.xml,0,0,0,0,0,0,0,0,8211357,0,0,0,0,0,0,3030827_subject_array_1739828084.bin
168672,3031129,Azo12,3031129.6,9,https://ftp.ncbi.nlm.nih.gov/genomes/all/GCF/029/193/765/GCF_029193765.2_ASM2919376v2,9,3031129.6.fna,GCF_029193765.2_ASM2919376v2_genomic.fna, 5772230, 5772230,3031129.6.fna_vs_GCF_029193765.2_ASM2919376v2_genomic.fna_blast.xml,0,0,0,0,0,0,0,0,5772230,0,0,0,0,0,0,3031129_subject_array_1739828088.bin
169070,3040201,NHP21-005,3040201.3,9,https://ftp.ncbi.nlm.nih.gov/genomes/all/GCF/030/296/895/GCF_030296895.1_ASM3029689v1,9,3040201.3.fna,GCF_030296895.1_ASM3029689v1_genomic.fna, 1891463, 1891463,3040201.3.fna_vs_GCF_030296895.1_ASM3029689v1_genomic.fna_blast.xml,0,0,0,0,0,0,0,0,1891463,0,0,0,0,0,0,3040201_subject_array_1739828090.bin
169308,304378,IC081,304378.3,9,https://ftp.ncbi.nlm.nih.gov/genomes/all/GCF/006/874/585/GCF_006874585.1_ASM687458v1,9,304378.3.fna,GCF_006874585.1_ASM687458v1_genomic.fna, 5524971, 5524971,304378.3.fna_vs_GCF_006874585.1_ASM687458v1_genomic.fna_blast.xml,0,0,0,0,0,0,0,797,5524174,0,0,0,0,0,0,304378_subject_array_1739828094.bin
169548,3048007,MA-2,3048007.8,9,https://ftp.ncbi.nlm.nih.gov/genomes/all/GCF/030/126/985/GCF_030126985.1_ASM3012698v1,9,3048007.8.fna,GCF_030126985.1_ASM3012698v1_genomic.fna, 5690110, 5690110,3048007.8.fna_vs_GCF_030126985.1_ASM3012698v1_genomic.fna_blast.xml,0,0,0,0,0,0,0,0,5690110,0,0,0,0,0,0,3048007_subject_array_1739828098.bin
169600,3049074,zg-Y877,3049074.4,9,https://ftp.ncbi.nlm.nih.gov/genomes/all/GCF/030/373/105/GCF_030373105.1_ASM3037310v1,9,3049074.4.fna,GCF_030373105.1_ASM3037310v1_genomic.fna, 3096665, 3096665,3049074.4.fna_vs_GCF_030373105.1_ASM3037310v1_genomic.fna_blast.xml,0,0,0,0,0,0,0,0,3096665,0,0,0,0,0,0,3049074_subject_array_1739828100.bin
169880,3050580,TY814,3050580.3,9,https://ftp.ncbi.nlm.nih.gov/genomes/all/GCF/030/755/175/GCF_030755175.1_ASM3075517v1,9,3050580.3.fna,GCF_030755175.1_ASM3075517v1_genomic.fna, 6898707, 6898707,3050580.3.fna_vs_GCF_030755175.1_ASM3075517v1_genomic.fna_blast.xml,0,0,0,0,0,0,0,0,6898707,0,0,0,0,0,0,3050580_subject_array_1739828105.bin
169941,3052091,DX3.1,3052091.3,9,https://ftp.ncbi.nlm.nih.gov/genomes/all/GCF/030/292/155/GCF_030292155.1_ASM3029215v1,9,3052091.3.fna,GCF_030292155.1_ASM3029215v1_genomic.fna, 5688347, 5688347,3052091.3.fna_vs_GCF_030292155.1_ASM3029215v1_genomic.fna_blast.xml,0,0,0,0,0,0,0,0,5688347,0,0,0,0,0,0,3052091_subject_array_1739828119.bin
169951,3053498,J2L1-78,3053498.3,9,https://ftp.ncbi.nlm.nih.gov/genomes/all/GCF/030/317/205/GCF_030317205.1_ASM3031720v1,9,3053498.3.fna,GCF_030317205.1_ASM3031720v1_genomic.fna, 5686076, 5686076,3053498.3.fna_vs_GCF_030317205.1_ASM3031720v1_genomic.fna_blast.xml,0,0,0,0,0,0,0,0,5686076,0,0,0,0,0,0,3053498_subject_array_1739828122.bin
170352,3060955,YT155,3060955.4,9,https://ftp.ncbi.nlm.nih.gov/genomes/all/GCF/030/504/545/GCF_030504545.1_ASM3050454v1,9,3060955.4.fna,GCF_030504545.1_ASM3050454v1_genomic.fna, 1525305, 1525305,3060955.4.fna_vs_GCF_030504545.1_ASM3050454v1_genomic.fna_blast.xml,0,0,0,0,0,0,0,0,1525305,0,0,0,0,0,0,3060955_subject_array_1739828123.bin
170561,3067311,DH64,3067311.3,9,https://ftp.ncbi.nlm.nih.gov/genomes/all/GCF/033/441/595/GCF_033441595.1_ASM3344159v1,9,3067311.3.fna,GCF_033441595.1_ASM3344159v1_genomic.fna, 4269156, 4269156,3067311.3.fna_vs_GCF_033441595.1_ASM3344159v1_genomic.fna_blast.xml,0,0,0,0,0,0,0,400,4268756,0,0,0,0,0,0,3067311_subject_array_1739828126.bin
171071,3075993,KSW2-29,3075993.3,9,https://ftp.ncbi.nlm.nih.gov/genomes/all/GCF/032/464/935/GCF_032464935.1_ASM3246493v1,9,3075993.3.fna,GCF_032464935.1_ASM3246493v1_genomic.fna, 3445014, 3445014,3075993.3.fna_vs_GCF_032464935.1_ASM3246493v1_genomic.fna_blast.xml,0,0,0,0,0,0,0,300,3444714,0,0,0,0,0,0,3075993_subject_array_1739828128.bin
171227,3081440,F753-1,3081440.3,9,https://ftp.ncbi.nlm.nih.gov/genomes/all/GCF/036/986/835/GCF_036986835.1_ASM3698683v1,9,3081440.3.fna,GCF_036986835.1_ASM3698683v1_genomic.fna, 2082766, 2082766,3081440.3.fna_vs_GCF_036986835.1_ASM3698683v1_genomic.fna_blast.xml,0,0,0,0,0,0,0,0,2082766,0,0,0,0,0,0,3081440_subject_array_1739828129.bin
171616,3105865,TJS119,3105865.3,9,https://ftp.ncbi.nlm.nih.gov/genomes/all/GCF/034/427/415/GCF_034427415.1_ASM3442741v1,9,3105865.3.fna,GCF_034427415.1_ASM3442741v1_genomic.fna, 3890913, 3890913,3105865.3.fna_vs_GCF_034427415.1_ASM3442741v1_genomic.fna_blast.xml,0,0,0,0,0,0,0,100,3890813,0,0,0,0,0,0,3105865_subject_array_1739828132.bin
171676,311333,DSM 17072,311333.10,9,https://ftp.ncbi.nlm.nih.gov/genomes/all/GCF/900/100/115/GCF_900100115.1_IMG-taxon_2684622906_annotated_assembly,9,311333.10.fna,GCF_900100115.1_IMG-taxon_2684622906_annotated_assembly_genomic.fna, 4136421, 4136421,311333.10.fna_vs_GCF_900100115.1_IMG-taxon_2684622906_annotated_assembly_genomic.fna_blast.xml,0,0,0,0,0,0,2,0,4136380,0,18,21,0,0,0,311333_subject_array_1739828134.bin
171693,312175,1489,312175.12,9,https://ftp.ncbi.nlm.nih.gov/genomes/all/GCF/014/858/865/GCF_014858865.1_ASM1485886v1,9,312175.12.fna,GCF_014858865.1_ASM1485886v1_genomic.fna, 5349767, 5349767,312175.12.fna_vs_GCF_014858865.1_ASM1485886v1_genomic.fna_blast.xml,0,0,0,0,0,0,0,0,5349767,0,0,0,0,0,0,312175_subject_array_1739828140.bin
171914,316,KOL14.W.90.5,316.583,9,https://ftp.ncbi.nlm.nih.gov/genomes/all/GCF/016/622/325/GCF_016622325.1_ASM1662232v1,9,316.583.fna,GCF_016622325.1_ASM1662232v1_genomic.fna, 4650026, 4650026,316.583.fna_vs_GCF_016622325.1_ASM1662232v1_genomic.fna_blast.xml,0,0,0,0,0,0,0,67,4649959,0,0,0,0,0,0,316_subject_array_1739828143.bin
172284,317018,JCM 12610,317018.12,9,https://ftp.ncbi.nlm.nih.gov/genomes/all/GCF/039/527/895/GCF_039527895.1_ASM3952789v1,9,317018.12.fna,GCF_039527895.1_ASM3952789v1_genomic.fna, 2995020, 2995020,317018.12.fna_vs_GCF_039527895.1_ASM3952789v1_genomic.fna_blast.xml,0,0,0,0,0,0,0,1682,2993333,0,0,0,5,0,0,317018_subject_array_1739828145.bin
172569,319705,934,319705.96,9,https://ftp.ncbi.nlm.nih.gov/genomes/all/GCF/900/133/635/GCF_900133635.1_12163_1_12,9,319705.96.fna,GCF_900133635.1_12163_1_12_genomic.fna, 5196494, 5196494,319705.96.fna_vs_GCF_900133635.1_12163_1_12_genomic.fna_blast.xml,0,0,0,0,0,0,0,2510,5193980,0,0,4,0,0,0,319705_subject_array_1739828148.bin
172715,32022,1604,32022.870,9,https://ftp.ncbi.nlm.nih.gov/genomes/all/GCF/013/393/025/GCF_013393025.1_ASM1339302v1,9,32022.870.fna,GCF_013393025.1_ASM1339302v1_genomic.fna, 1620990, 1620990,32022.870.fna_vs_GCF_013393025.1_ASM1339302v1_genomic.fna_blast.xml,0,0,0,0,0,0,0,0,1620990,0,0,0,0,0,0,32022_subject_array_1739828149.bin
172891,32022,LDG21m,32022.864,9,https://ftp.ncbi.nlm.nih.gov/genomes/all/GCF/013/392/915/GCF_013392915.1_ASM1339291v1,9,32022.864.fna,GCF_013392915.1_ASM1339291v1_genomic.fna, 1595769, 1595769,32022.864.fna_vs_GCF_013392915.1_ASM1339291v1_genomic.fna_blast.xml,0,0,0,0,0,0,0,0,1595769,0,0,0,0,0,0,32022_subject_array_1739828150.bin
173113,321325,DSM 44902,321325.3,9,https://ftp.ncbi.nlm.nih.gov/genomes/all/GCF/024/171/765/GCF_024171765.1_ASM2417176v1,9,321325.3.fna,GCF_024171765.1_ASM2417176v1_genomic.fna, 4410574, 4410574,321325.3.fna_vs_GCF_024171765.1_ASM2417176v1_genomic.fna_blast.xml,0,0,0,0,0,0,0,1772,4408802,0,0,0,0,0,0,321325_subject_array_1739828153.bin
173721,33010,T14,33010.14,9,https://ftp.ncbi.nlm.nih.gov/genomes/all/GCF/001/866/625/GCF_001866625.1_ASM186662v1,9,33010.14.fna,GCF_001866625.1_ASM186662v1_genomic.fna, 2522071, 2522071,33010.14.fna_vs_GCF_001866625.1_ASM186662v1_genomic.fna_blast.xml,0,0,0,0,0,0,0,0,2522071,0,0,0,0,0,0,33010_subject_array_1739828154.bin
173813,33013,VKM Ac-1790,33013.306,9,https://ftp.ncbi.nlm.nih.gov/genomes/all/GCF/015/351/195/GCF_015351195.1_ASM1535119v1,9,33013.306.fna,GCF_015351195.1_ASM1535119v1_genomic.fna, 3298479, 3298479,33013.306.fna_vs_GCF_015351195.1_ASM1535119v1_genomic.fna_blast.xml,0,0,0,0,0,0,0,300,3298179,0,0,0,0,0,0,33013_subject_array_1739828157.bin
174507,335974,DSM 17924,335974.4,9,https://ftp.ncbi.nlm.nih.gov/genomes/all/GCF/023/156/285/GCF_023156285.1_ASM2315628v1,9,335974.4.fna,GCF_023156285.1_ASM2315628v1_genomic.fna, 3777666, 3777666,335974.4.fna_vs_GCF_023156285.1_ASM2315628v1_genomic.fna_blast.xml,0,0,0,0,0,0,0,0,3777666,0,0,0,0,0,0,335974_subject_array_1739828159.bin
174514,336280,D12,336280.3,9,https://ftp.ncbi.nlm.nih.gov/genomes/all/GCF/006/408/365/GCF_006408365.1_ASM640836v1,9,336280.3.fna,GCF_006408365.1_ASM640836v1_genomic.fna, 3790339, 3790339,336280.3.fna_vs_GCF_006408365.1_ASM640836v1_genomic.fna_blast.xml,0,0,0,0,0,0,0,0,3790339,0,0,0,0,0,0,336280_subject_array_1739828162.bin
174614,336810,KPTW1,336810.90,9,https://ftp.ncbi.nlm.nih.gov/genomes/all/GCF/003/583/345/GCF_003583345.1_ASM358334v1,9,336810.90.fna,GCF_003583345.1_ASM358334v1_genomic.fna,  253942,  253942,336810.90.fna_vs_GCF_003583345.1_ASM358334v1_genomic.fna_blast.xml,0,0,0,0,0,0,0,0,253942,0,0,0,0,0,0,336810_subject_array_1739828162.bin
174802,33885,DSM 20427,33885.18,9,https://ftp.ncbi.nlm.nih.gov/genomes/all/GCF/006/716/815/GCF_006716815.1_ASM671681v1,9,33885.18.fna,GCF_006716815.1_ASM671681v1_genomic.fna, 3086904, 3086904,33885.18.fna_vs_GCF_006716815.1_ASM671681v1_genomic.fna_blast.xml,0,0,0,0,0,0,0,0,3086904,0,0,0,0,0,0,33885_subject_array_1739828164.bin
174896,339,LMC_P25,339.77,9,https://ftp.ncbi.nlm.nih.gov/genomes/all/GCF/003/352/955/GCF_003352955.1_ASM335295v1,9,339.77.fna,GCF_003352955.1_ASM335295v1_genomic.fna, 5034003, 5034003,339.77.fna_vs_GCF_003352955.1_ASM335295v1_genomic.fna_blast.xml,0,0,0,0,0,0,0,418,5033583,0,0,2,0,0,0,339_subject_array_1739828168.bin
174911,339,NL_P121,339.76,9,https://ftp.ncbi.nlm.nih.gov/genomes/all/GCF/003/352/895/GCF_003352895.1_ASM335289v1,9,339.76.fna,GCF_003352895.1_ASM335289v1_genomic.fna, 4985793, 4985793,339.76.fna_vs_GCF_003352895.1_ASM335289v1_genomic.fna_blast.xml,0,0,0,0,0,0,0,655,4985138,0,0,0,0,0,0,339_subject_array_1739828172.bin
175369,33964,CW28,33964.18,9,https://ftp.ncbi.nlm.nih.gov/genomes/all/GCF/002/591/805/GCF_002591805.1_ASM259180v1,9,33964.18.fna,GCF_002591805.1_ASM259180v1_genomic.fna, 1982921, 1982921,33964.18.fna_vs_GCF_002591805.1_ASM259180v1_genomic.fna_blast.xml,0,0,0,0,0,0,0,0,1982921,0,0,0,0,0,0,33964_subject_array_1739828173.bin
175465,33970,49.3,33970.3,9,https://ftp.ncbi.nlm.nih.gov/genomes/all/GCF/001/047/395/GCF_001047395.1_ASM104739v1,9,33970.3.fna,GCF_001047395.1_ASM104739v1_genomic.fna, 2075929, 2075929,33970.3.fna_vs_GCF_001047395.1_ASM104739v1_genomic.fna_blast.xml,0,0,0,0,0,0,0,0,2075929,0,0,0,0,0,0,33970_subject_array_1739828174.bin
175476,33970,DSM 29964,33970.54,9,https://ftp.ncbi.nlm.nih.gov/genomes/all/GCF/014/202/715/GCF_014202715.1_ASM1420271v1,9,33970.54.fna,GCF_014202715.1_ASM1420271v1_genomic.fna, 2032320, 2032320,33970.54.fna_vs_GCF_014202715.1_ASM1420271v1_genomic.fna_blast.xml,0,0,0,0,0,0,0,0,2032320,0,0,0,0,0,0,33970_subject_array_1739828175.bin
175661,340,GBBC 1412,340.333,9,https://ftp.ncbi.nlm.nih.gov/genomes/all/GCF/021/864/875/GCF_021864875.1_ASM2186487v1,9,340.333.fna,GCF_021864875.1_ASM2186487v1_genomic.fna, 5095395, 5095395,340.333.fna_vs_GCF_021864875.1_ASM2186487v1_genomic.fna_blast.xml,0,0,0,0,0,0,0,0,5095395,0,0,0,0,0,0,340_subject_array_1739828179.bin
175967,34021,YCPsy,34021.12,9,https://ftp.ncbi.nlm.nih.gov/genomes/all/GCF/001/296/945/GCF_001296945.1_ASM129694v1,9,34021.12.fna,GCF_001296945.1_ASM129694v1_genomic.fna, 1233647, 1233647,34021.12.fna_vs_GCF_001296945.1_ASM129694v1_genomic.fna_blast.xml,0,0,0,0,0,0,0,0,1233647,0,0,0,0,0,0,34021_subject_array_1739828180.bin
176534,349163,JF-5,349163.14,9,https://ftp.ncbi.nlm.nih.gov/genomes/all/GCF/000/016/725/GCF_000016725.1_ASM1672v1,9,349163.14.fna,GCF_000016725.1_ASM1672v1_genomic.fna, 3963080, 3963080,349163.14.fna_vs_GCF_000016725.1_ASM1672v1_genomic.fna_blast.xml,0,0,0,0,0,0,0,0,3963080,0,0,0,0,0,0,349163_subject_array_1739828183.bin
176687,356305,DSM 17724,356305.5,9,https://ftp.ncbi.nlm.nih.gov/genomes/all/GCF/900/111/495/GCF_900111495.1_IMG-taxon_2684622833_annotated_assembly,9,356305.5.fna,GCF_900111495.1_IMG-taxon_2684622833_annotated_assembly_genomic.fna, 4668404, 4668404,356305.5.fna_vs_GCF_900111495.1_IMG-taxon_2684622833_annotated_assembly_genomic.fna_blast.xml,0,0,0,0,0,0,0,0,4668404,0,0,0,0,0,0,356305_subject_array_1739828186.bin
178071,365044,CJ2,365044.20,9,https://ftp.ncbi.nlm.nih.gov/genomes/all/GCF/000/015/505/GCF_000015505.1_ASM1550v1,9,365044.20.fna,GCF_000015505.1_ASM1550v1_genomic.fna, 5366143, 5366143,365044.20.fna_vs_GCF_000015505.1_ASM1550v1_genomic.fna_blast.xml,0,0,0,0,0,0,0,0,5366143,0,0,0,0,0,0,365044_subject_array_1739828190.bin
178267,36809,20160683,36809.1015,9,https://ftp.ncbi.nlm.nih.gov/genomes/all/GCF/025/657/615/GCF_025657615.1_ASM2565761v1,9,36809.1015.fna,GCF_025657615.1_ASM2565761v1_genomic.fna, 4839738, 4839738,36809.1015.fna_vs_GCF_025657615.1_ASM2565761v1_genomic.fna_blast.xml,0,0,0,0,0,0,0,91,4839647,0,0,0,0,0,0,36809_subject_array_1739828193.bin
178268,36809,20160694,36809.1016,9,https://ftp.ncbi.nlm.nih.gov/genomes/all/GCF/025/657/635/GCF_025657635.1_ASM2565763v1,9,36809.1016.fna,GCF_025657635.1_ASM2565763v1_genomic.fna, 4839638, 4839638,36809.1016.fna_vs_GCF_025657635.1_ASM2565763v1_genomic.fna_blast.xml,0,0,0,0,0,0,0,0,4839638,0,0,0,0,0,0,36809_subject_array_1739828196.bin
178269,36809,201607513,36809.1007,9,https://ftp.ncbi.nlm.nih.gov/genomes/all/GCF/025/657/455/GCF_025657455.1_ASM2565745v1,9,36809.1007.fna,GCF_025657455.1_ASM2565745v1_genomic.fna, 4839638, 4839638,36809.1007.fna_vs_GCF_025657455.1_ASM2565745v1_genomic.fna_blast.xml,0,0,0,0,0,0,0,0,4839638,0,0,0,0,0,0,36809_subject_array_1739828199.bin
178272,36809,20160836,36809.1014,9,https://ftp.ncbi.nlm.nih.gov/genomes/all/GCF/025/657/595/GCF_025657595.1_ASM2565759v1,9,36809.1014.fna,GCF_025657595.1_ASM2565759v1_genomic.fna, 4839638, 4839638,36809.1014.fna_vs_GCF_025657595.1_ASM2565759v1_genomic.fna_blast.xml,0,0,0,0,0,0,0,0,4839638,0,0,0,0,0,0,36809_subject_array_1739828202.bin
178273,36809,20160857,36809.1013,9,https://ftp.ncbi.nlm.nih.gov/genomes/all/GCF/025/657/575/GCF_025657575.1_ASM2565757v1,9,36809.1013.fna,GCF_025657575.1_ASM2565757v1_genomic.fna, 4839738, 4839738,36809.1013.fna_vs_GCF_025657575.1_ASM2565757v1_genomic.fna_blast.xml,0,0,0,0,0,0,0,95,4839643,0,0,0,0,0,0,36809_subject_array_1739828205.bin
178279,36809,20161095,36809.1011,9,https://ftp.ncbi.nlm.nih.gov/genomes/all/GCF/025/657/535/GCF_025657535.1_ASM2565753v1,9,36809.1011.fna,GCF_025657535.1_ASM2565753v1_genomic.fna, 4839638, 4839638,36809.1011.fna_vs_GCF_025657535.1_ASM2565753v1_genomic.fna_blast.xml,0,0,0,0,0,0,0,0,4839638,0,0,0,0,0,0,36809_subject_array_1739828208.bin
178353,36809,FLAC0711a,36809.1106,9,https://ftp.ncbi.nlm.nih.gov/genomes/all/GCF/030/342/185/GCF_030342185.1_ASM3034218v1,9,36809.1106.fna,GCF_030342185.1_ASM3034218v1_genomic.fna, 5145551, 5145551,36809.1106.fna_vs_GCF_030342185.1_ASM3034218v1_genomic.fna_blast.xml,0,0,0,0,0,0,0,0,5145551,0,0,0,0,0,0,36809_subject_array_1739828211.bin
178369,36809,G109,36809.548,9,https://ftp.ncbi.nlm.nih.gov/genomes/all/GCF/003/582/965/GCF_003582965.1_ASM358296v1,9,36809.548.fna,GCF_003582965.1_ASM358296v1_genomic.fna, 5002487, 5002487,36809.548.fna_vs_GCF_003582965.1_ASM358296v1_genomic.fna_blast.xml,0,0,0,0,0,0,0,95,5002392,0,0,0,0,0,0,36809_subject_array_1739828214.bin
178392,36809,G140,36809.530,9,https://ftp.ncbi.nlm.nih.gov/genomes/all/GCF/003/582/605/GCF_003582605.1_ASM358260v1,9,36809.530.fna,GCF_003582605.1_ASM358260v1_genomic.fna, 5009681, 5009681,36809.530.fna_vs_GCF_003582605.1_ASM358260v1_genomic.fna_blast.xml,0,0,0,0,0,0,0,0,5009681,0,0,0,0,0,0,36809_subject_array_1739828218.bin
178409,36809,G164,36809.522,9,https://ftp.ncbi.nlm.nih.gov/genomes/all/GCF/003/582/435/GCF_003582435.1_ASM358243v1,9,36809.522.fna,GCF_003582435.1_ASM358243v1_genomic.fna, 4927906, 4927906,36809.522.fna_vs_GCF_003582435.1_ASM358243v1_genomic.fna_blast.xml,0,0,0,0,0,0,0,0,4927903,0,0,3,0,0,0,36809_subject_array_1739828221.bin
178415,36809,G176,36809.517,9,https://ftp.ncbi.nlm.nih.gov/genomes/all/GCF/003/582/345/GCF_003582345.1_ASM358234v1,9,36809.517.fna,GCF_003582345.1_ASM358234v1_genomic.fna, 4740264, 4740264,36809.517.fna_vs_GCF_003582345.1_ASM358234v1_genomic.fna_blast.xml,0,0,0,0,0,0,0,0,4740264,0,0,0,0,0,0,36809_subject_array_1739828224.bin
178427,36809,G193,36809.506,9,https://ftp.ncbi.nlm.nih.gov/genomes/all/GCF/003/582/115/GCF_003582115.1_ASM358211v1,9,36809.506.fna,GCF_003582115.1_ASM358211v1_genomic.fna, 5057313, 5057313,36809.506.fna_vs_GCF_003582115.1_ASM358211v1_genomic.fna_blast.xml,0,0,0,0,0,0,0,193,5057120,0,0,0,0,0,0,36809_subject_array_1739828227.bin
178451,36809,G82,36809.491,9,https://ftp.ncbi.nlm.nih.gov/genomes/all/GCF/003/581/785/GCF_003581785.1_ASM358178v1,9,36809.491.fna,GCF_003581785.1_ASM358178v1_genomic.fna, 5344036, 5344036,36809.491.fna_vs_GCF_003581785.1_ASM358178v1_genomic.fna_blast.xml,0,0,0,0,0,0,0,0,5344030,0,4,2,0,0,0,36809_subject_array_1739828231.bin
178481,36809,JHN_AB_0019_1,36809.658,9,https://ftp.ncbi.nlm.nih.gov/genomes/all/GCF/015/023/845/GCF_015023845.1_ASM1502384v1,9,36809.658.fna,GCF_015023845.1_ASM1502384v1_genomic.fna, 4923531, 4923531,36809.658.fna_vs_GCF_015023845.1_ASM1502384v1_genomic.fna_blast.xml,0,0,0,0,0,0,0,0,4923531,0,0,0,0,0,0,36809_subject_array_1739828234.bin
179119,37326,NCTC11294,37326.10,9,https://ftp.ncbi.nlm.nih.gov/genomes/all/GCF/900/454/265/GCF_900454265.1_49642_B01,9,37326.10.fna,GCF_900454265.1_49642_B01_genomic.fna, 8921451, 8921451,37326.10.fna_vs_GCF_900454265.1_49642_B01_genomic.fna_blast.xml,0,0,0,0,0,0,1,1,8921448,0,0,1,0,0,0,37326_subject_array_1739828240.bin
179364,375175,TMW 1.1991,375175.21,9,https://ftp.ncbi.nlm.nih.gov/genomes/all/GCF/001/663/715/GCF_001663715.1_ASM166371v1,9,375175.21.fna,GCF_001663715.1_ASM166371v1_genomic.fna, 2818432, 2818432,375175.21.fna_vs_GCF_001663715.1_ASM166371v1_genomic.fna_blast.xml,0,0,0,0,0,0,0,0,2818432,0,0,0,0,0,0,375175_subject_array_1739828243.bin
179365,375175,TMW 1.1992,375175.22,9,https://ftp.ncbi.nlm.nih.gov/genomes/all/GCF/001/663/735/GCF_001663735.1_ASM166373v1,9,375175.22.fna,GCF_001663735.1_ASM166373v1_genomic.fna, 2782906, 2782906,375175.22.fna_vs_GCF_001663735.1_ASM166373v1_genomic.fna_blast.xml,0,0,0,0,0,0,0,0,2782906,0,0,0,0,0,0,375175_subject_array_1739828245.bin
179386,375760,CGMCC 1.6294,375760.4,9,https://ftp.ncbi.nlm.nih.gov/genomes/all/GCF/900/115/175/GCF_900115175.1_IMG-taxon_2617270919_annotated_assembly,9,375760.4.fna,GCF_900115175.1_IMG-taxon_2617270919_annotated_assembly_genomic.fna, 3839018, 3839018,375760.4.fna_vs_GCF_900115175.1_IMG-taxon_2617270919_annotated_assembly_genomic.fna_blast.xml,0,0,0,0,0,0,0,499,3838519,0,0,0,0,0,0,375760_subject_array_1739828248.bin
179700,37915,IEGM 1175,37915.44,9,https://ftp.ncbi.nlm.nih.gov/genomes/all/GCF/033/042/305/GCF_033042305.1_ASM3304230v1,9,37915.44.fna,GCF_033042305.1_ASM3304230v1_genomic.fna, 3729196, 3729196,37915.44.fna_vs_GCF_033042305.1_ASM3304230v1_genomic.fna_blast.xml,0,0,0,0,0,0,0,293,3728903,0,0,0,0,0,0,37915_subject_array_1739828250.bin
179920,380021,PA14,380021.21,9,https://ftp.ncbi.nlm.nih.gov/genomes/all/GCF/001/906/615/GCF_001906615.1_ASM190661v1,9,380021.21.fna,GCF_001906615.1_ASM190661v1_genomic.fna, 6981118, 6981118,380021.21.fna_vs_GCF_001906615.1_ASM190661v1_genomic.fna_blast.xml,0,0,0,0,0,0,2,1597,6979519,0,0,0,0,0,0,380021_subject_array_1739828255.bin
180021,382,AL703GG,382.1209,9,https://ftp.ncbi.nlm.nih.gov/genomes/all/GCF/028/888/245/GCF_028888245.1_ASM2888824v1,9,382.1209.fna,GCF_028888245.1_ASM2888824v1_genomic.fna, 7487501, 7487501,382.1209.fna_vs_GCF_028888245.1_ASM2888824v1_genomic.fna_blast.xml,0,0,0,0,0,0,0,0,7487501,0,0,0,0,0,0,382_subject_array_1739828260.bin
180421,38308,NBRC 3264,38308.9,9,https://ftp.ncbi.nlm.nih.gov/genomes/all/GCF/030/159/735/GCF_030159735.1_ASM3015973v1,9,38308.9.fna,GCF_030159735.1_ASM3015973v1_genomic.fna, 3311234, 3311234,38308.9.fna_vs_GCF_030159735.1_ASM3015973v1_genomic.fna_blast.xml,0,0,0,0,0,0,0,0,3311234,0,0,0,0,0,0,38308_subject_array_1739828263.bin
180849,384,SM152A,384.169,9,https://ftp.ncbi.nlm.nih.gov/genomes/all/GCF/004/303/715/GCF_004303715.1_ASM430371v1,9,384.169.fna,GCF_004303715.1_ASM430371v1_genomic.fna, 7074554, 7074554,384.169.fna_vs_GCF_004303715.1_ASM430371v1_genomic.fna_blast.xml,0,0,0,0,0,0,0,1597,7072955,0,0,0,2,0,0,384_subject_array_1739828266.bin
180865,384,SM168B,384.140,9,https://ftp.ncbi.nlm.nih.gov/genomes/all/GCF/004/303/125/GCF_004303125.1_ASM430312v1,9,384.140.fna,GCF_004303125.1_ASM430312v1_genomic.fna, 7114422, 7114422,384.140.fna_vs_GCF_004303125.1_ASM430312v1_genomic.fna_blast.xml,0,0,0,0,0,0,0,1496,7112925,0,0,0,1,0,0,384_subject_array_1739828271.bin
180880,384,SM35,384.286,9,https://ftp.ncbi.nlm.nih.gov/genomes/all/GCF/004/306/175/GCF_004306175.1_ASM430617v1,9,384.286.fna,GCF_004306175.1_ASM430617v1_genomic.fna, 7521440, 7521440,384.286.fna_vs_GCF_004306175.1_ASM430617v1_genomic.fna_blast.xml,0,0,0,0,0,0,0,797,7520640,0,0,1,2,0,0,384_subject_array_1739828275.bin
180889,384,SM52,384.304,9,https://ftp.ncbi.nlm.nih.gov/genomes/all/GCF/004/306/555/GCF_004306555.1_ASM430655v1,9,384.304.fna,GCF_004306555.1_ASM430655v1_genomic.fna, 7598116, 7598116,384.304.fna_vs_GCF_004306555.1_ASM430655v1_genomic.fna_blast.xml,0,0,0,0,0,0,0,599,7597516,0,0,0,1,0,0,384_subject_array_1739828280.bin
180923,384,USDA 7018,384.433,9,https://ftp.ncbi.nlm.nih.gov/genomes/all/GCF/017/876/795/GCF_017876795.1_ASM1787679v1,9,384.433.fna,GCF_017876795.1_ASM1787679v1_genomic.fna, 7582206, 7582206,384.433.fna_vs_GCF_017876795.1_ASM1787679v1_genomic.fna_blast.xml,0,0,0,0,0,0,0,0,7582206,0,0,0,0,0,0,384_subject_array_1739828287.bin
180926,384,Vaf-108,384.21,9,https://ftp.ncbi.nlm.nih.gov/genomes/all/GCF/001/890/425/GCF_001890425.1_ASM189042v1,9,384.21.fna,GCF_001890425.1_ASM189042v1_genomic.fna, 8447336, 8447336,384.21.fna_vs_GCF_001890425.1_ASM189042v1_genomic.fna_blast.xml,0,0,0,0,0,0,0,0,8447336,0,0,0,0,0,0,384_subject_array_1739828294.bin
181044,386302,CGMCC 1.05381,386302.3,9,https://ftp.ncbi.nlm.nih.gov/genomes/all/GCF/900/230/175/GCF_900230175.1_IMG-taxon_2721755902_annotated_assembly,9,386302.3.fna,GCF_900230175.1_IMG-taxon_2721755902_annotated_assembly_genomic.fna, 3026577, 3026577,386302.3.fna_vs_GCF_900230175.1_IMG-taxon_2721755902_annotated_assembly_genomic.fna_blast.xml,0,0,0,0,0,0,0,180,3026396,0,0,1,0,0,0,386302_subject_array_1739828296.bin
181045,386302,CGMCC 1.5381,386302.6,9,https://ftp.ncbi.nlm.nih.gov/genomes/all/GCF/014/645/015/GCF_014645015.1_ASM1464501v1,9,386302.6.fna,GCF_014645015.1_ASM1464501v1_genomic.fna, 3023542, 3023542,386302.6.fna_vs_GCF_014645015.1_ASM1464501v1_genomic.fna_blast.xml,0,0,0,0,0,0,0,33,3023509,0,0,0,0,0,0,386302_subject_array_1739828298.bin
181265,393003,DSM 18108,393003.3,9,https://ftp.ncbi.nlm.nih.gov/genomes/all/GCF/900/168/065/GCF_900168065.1_IMG-taxon_2595698247_annotated_assembly,9,393003.3.fna,GCF_900168065.1_IMG-taxon_2595698247_annotated_assembly_genomic.fna, 7934943, 7934943,393003.3.fna_vs_GCF_900168065.1_IMG-taxon_2595698247_annotated_assembly_genomic.fna_blast.xml,0,0,0,0,0,0,1,1264,7933676,0,0,2,0,0,0,393003_subject_array_1739828304.bin
181975,40041,SEZ_18-038,40041.533,9,https://ftp.ncbi.nlm.nih.gov/genomes/all/GCF/021/076/885/GCF_021076885.1_ASM2107688v1,9,40041.533.fna,GCF_021076885.1_ASM2107688v1_genomic.fna, 2370691, 2370691,40041.533.fna_vs_GCF_021076885.1_ASM2107688v1_genomic.fna_blast.xml,0,0,0,0,0,0,0,0,2370691,0,0,0,0,0,0,40041_subject_array_1739828306.bin
181976,40041,SEZ_18-041,40041.530,9,https://ftp.ncbi.nlm.nih.gov/genomes/all/GCF/021/076/865/GCF_021076865.1_ASM2107686v1,9,40041.530.fna,GCF_021076865.1_ASM2107686v1_genomic.fna, 2463448, 2463448,40041.530.fna_vs_GCF_021076865.1_ASM2107686v1_genomic.fna_blast.xml,0,0,0,0,0,0,0,0,2463448,0,0,0,0,0,0,40041_subject_array_1739828308.bin
181995,40041,SEZ_19-045,40041.511,9,https://ftp.ncbi.nlm.nih.gov/genomes/all/GCF/021/076/245/GCF_021076245.1_ASM2107624v1,9,40041.511.fna,GCF_021076245.1_ASM2107624v1_genomic.fna, 2245442, 2245442,40041.511.fna_vs_GCF_021076245.1_ASM2107624v1_genomic.fna_blast.xml,0,0,0,0,0,0,0,0,2245442,0,0,0,0,0,0,40041_subject_array_1739828310.bin
184322,426355,JCM 2831,426355.14,9,https://ftp.ncbi.nlm.nih.gov/genomes/all/GCF/000/019/725/GCF_000019725.1_ASM1972v1,9,426355.14.fna,GCF_000019725.1_ASM1972v1_genomic.fna, 6899110, 6899110,426355.14.fna_vs_GCF_000019725.1_ASM1972v1_genomic.fna_blast.xml,0,0,0,0,0,0,0,0,6899110,0,0,0,0,0,0,426355_subject_array_1739828314.bin
184353,42817,SXC2,42817.48,9,https://ftp.ncbi.nlm.nih.gov/genomes/all/GCF/021/491/415/GCF_021491415.1_ASM2149141v1,9,42817.48.fna,GCF_021491415.1_ASM2149141v1_genomic.fna, 2023798, 2023798,42817.48.fna_vs_GCF_021491415.1_ASM2149141v1_genomic.fna_blast.xml,0,0,0,0,0,0,0,0,2023798,0,0,0,0,0,0,42817_subject_array_1739828316.bin
184354,42817,SXC3,42817.50,9,https://ftp.ncbi.nlm.nih.gov/genomes/all/GCF/021/491/475/GCF_021491475.1_ASM2149147v1,9,42817.50.fna,GCF_021491475.1_ASM2149147v1_genomic.fna, 2005456, 2005456,42817.50.fna_vs_GCF_021491475.1_ASM2149147v1_genomic.fna_blast.xml,0,0,0,0,0,0,0,0,2005456,0,0,0,0,0,0,42817_subject_array_1739828318.bin
184642,434086,DSM 25064,434086.4,9,https://ftp.ncbi.nlm.nih.gov/genomes/all/GCF/030/676/955/GCF_030676955.1_ASM3067695v1,9,434086.4.fna,GCF_030676955.1_ASM3067695v1_genomic.fna, 2270614, 2270614,434086.4.fna_vs_GCF_030676955.1_ASM3067695v1_genomic.fna_blast.xml,0,0,0,0,0,0,0,0,2270614,0,0,0,0,0,0,434086_subject_array_1739828319.bin
184844,43675,UMB0024,43675.954,9,https://ftp.ncbi.nlm.nih.gov/genomes/all/GCF/002/861/015/GCF_002861015.1_ASM286101v1,9,43675.954.fna,GCF_002861015.1_ASM286101v1_genomic.fna, 2258154, 2258154,43675.954.fna_vs_GCF_002861015.1_ASM286101v1_genomic.fna_blast.xml,0,0,0,0,0,0,0,72,2258082,0,0,0,0,0,0,43675_subject_array_1739828321.bin
185056,43771,VH3073,43771.82,9,https://ftp.ncbi.nlm.nih.gov/genomes/all/GCF/008/244/525/GCF_008244525.1_ASM824452v1,9,43771.82.fna,GCF_008244525.1_ASM824452v1_genomic.fna, 2303392, 2303392,43771.82.fna_vs_GCF_008244525.1_ASM824452v1_genomic.fna_blast.xml,0,0,0,0,0,0,0,5560,2297809,0,0,0,23,0,0,43771_subject_array_1739828322.bin
185470,440514,DSM 19891,440514.5,9,https://ftp.ncbi.nlm.nih.gov/genomes/all/GCF/900/112/245/GCF_900112245.1_IMG-taxon_2622736542_annotated_assembly,9,440514.5.fna,GCF_900112245.1_IMG-taxon_2622736542_annotated_assembly_genomic.fna, 4460741, 4460741,440514.5.fna_vs_GCF_900112245.1_IMG-taxon_2622736542_annotated_assembly_genomic.fna_blast.xml,0,0,0,0,0,0,0,2093,4458648,0,0,0,0,0,0,440514_subject_array_1739828325.bin
186118,444060,DSM 19153,444060.8,9,https://ftp.ncbi.nlm.nih.gov/genomes/all/GCF/023/703/085/GCF_023703085.1_ASM2370308v1,9,444060.8.fna,GCF_023703085.1_ASM2370308v1_genomic.fna, 4366190, 4366190,444060.8.fna_vs_GCF_023703085.1_ASM2370308v1_genomic.fna_blast.xml,0,0,0,0,0,0,0,0,4366190,0,0,0,0,0,0,444060_subject_array_1739828327.bin
187060,446860,NIO_001,446860.21,9,https://ftp.ncbi.nlm.nih.gov/genomes/all/GCF/036/570/965/GCF_036570965.1_ASM3657096v1,9,446860.21.fna,GCF_036570965.1_ASM3657096v1_genomic.fna, 3432927, 3432927,446860.21.fna_vs_GCF_036570965.1_ASM3657096v1_genomic.fna_blast.xml,0,0,0,0,0,0,0,0,3432927,0,0,0,0,0,0,446860_subject_array_1739828330.bin
187753,45657,Tokyo 01,45657.4,9,https://ftp.ncbi.nlm.nih.gov/genomes/all/GCF/003/851/005/GCF_003851005.1_ASM385100v1,9,45657.4.fna,GCF_003851005.1_ASM385100v1_genomic.fna, 6638737, 6638737,45657.4.fna_vs_GCF_003851005.1_ASM385100v1_genomic.fna_blast.xml,0,0,0,0,0,0,0,0,6638737,0,0,0,0,0,0,45657_subject_array_1739828339.bin
187812,458233,JCSC5402,458233.11,9,https://ftp.ncbi.nlm.nih.gov/genomes/all/GCF/000/010/585/GCF_000010585.1_ASM1058v1,9,458233.11.fna,GCF_000010585.1_ASM1058v1_genomic.fna, 2219737, 2219737,458233.11.fna_vs_GCF_000010585.1_ASM1058v1_genomic.fna_blast.xml,0,0,0,0,0,0,0,0,2219737,0,0,0,0,0,0,458233_subject_array_1739828340.bin
191604,470,ACN21,470.8416,9,https://ftp.ncbi.nlm.nih.gov/genomes/all/GCF/004/768/705/GCF_004768705.1_ASM476870v1,9,470.8416.fna,GCF_004768705.1_ASM476870v1_genomic.fna, 4045550, 4045550,470.8416.fna_vs_GCF_004768705.1_ASM476870v1_genomic.fna_blast.xml,0,0,0,0,0,0,0,0,4045550,0,0,0,0,0,0,470_subject_array_1739828342.bin
193644,470,IK42,470.22886,9,https://ftp.ncbi.nlm.nih.gov/genomes/all/GCF/032/940/715/GCF_032940715.1_ASM3294071v1,9,470.22886.fna,GCF_032940715.1_ASM3294071v1_genomic.fna, 3802094, 3802094,470.22886.fna_vs_GCF_032940715.1_ASM3294071v1_genomic.fna_blast.xml,0,0,0,0,0,0,0,0,3802094,0,0,0,0,0,0,470_subject_array_1739828344.bin
195920,470,VB11737,470.11482,9,https://ftp.ncbi.nlm.nih.gov/genomes/all/GCF/012/934/965/GCF_012934965.1_ASM1293496v1,9,470.11482.fna,GCF_012934965.1_ASM1293496v1_genomic.fna, 4071841, 4071841,470.11482.fna_vs_GCF_012934965.1_ASM1293496v1_genomic.fna_blast.xml,0,0,0,0,0,0,0,0,4071841,0,0,0,0,0,0,470_subject_array_1739828346.bin
196470,470933,Pe21-11,470933.24,9,https://ftp.ncbi.nlm.nih.gov/genomes/all/GCF/039/675/665/GCF_039675665.1_ASM3967566v1,9,470933.24.fna,GCF_039675665.1_ASM3967566v1_genomic.fna, 4646663, 4646663,470933.24.fna_vs_GCF_039675665.1_ASM3967566v1_genomic.fna_blast.xml,0,0,0,0,0,0,0,1061,4645580,0,0,0,22,0,0,470933_subject_array_1739828349.bin
196533,472055,KCTC 22160,472055.3,9,https://ftp.ncbi.nlm.nih.gov/genomes/all/GCF/010/671/605/GCF_010671605.1_ASM1067160v1,9,472055.3.fna,GCF_010671605.1_ASM1067160v1_genomic.fna, 4214180, 4214180,472055.3.fna_vs_GCF_010671605.1_ASM1067160v1_genomic.fna_blast.xml,0,0,0,0,0,0,0,0,4214180,0,0,0,0,0,0,472055_subject_array_1739828352.bin
198375,481446,Dej080120_05,481446.32,9,https://ftp.ncbi.nlm.nih.gov/genomes/all/GCF/033/238/885/GCF_033238885.1_ASM3323888v1,9,481446.32.fna,GCF_033238885.1_ASM3323888v1_genomic.fna, 3947069, 3947069,481446.32.fna_vs_GCF_033238885.1_ASM3323888v1_genomic.fna_blast.xml,0,0,0,0,0,0,0,0,3947069,0,0,0,0,0,0,481446_subject_array_1739828354.bin
199466,485,FA 1090,485.3335,9,https://ftp.ncbi.nlm.nih.gov/genomes/all/GCF/009/757/095/GCF_009757095.1_ASM975709v1,9,485.3335.fna,GCF_009757095.1_ASM975709v1_genomic.fna, 2212265, 2212265,485.3335.fna_vs_GCF_009757095.1_ASM975709v1_genomic.fna_blast.xml,0,0,0,0,0,0,0,0,2212265,0,0,0,0,0,0,485_subject_array_1739828357.bin
199759,485,GHA-ADB-055/2014,485.12777,9,https://ftp.ncbi.nlm.nih.gov/genomes/all/GCF/021/536/305/GCF_021536305.1_ASM2153630v1,9,485.12777.fna,GCF_021536305.1_ASM2153630v1_genomic.fna, 2207574, 2207574,485.12777.fna_vs_GCF_021536305.1_ASM2153630v1_genomic.fna_blast.xml,0,0,0,0,0,0,0,0,2207574,0,0,0,0,0,0,485_subject_array_1739828359.bin
199761,485,GHA-ADB-095/2014,485.12776,9,https://ftp.ncbi.nlm.nih.gov/genomes/all/GCF/021/536/265/GCF_021536265.1_ASM2153626v1,9,485.12776.fna,GCF_021536265.1_ASM2153626v1_genomic.fna, 2216715, 2216715,485.12776.fna_vs_GCF_021536265.1_ASM2153626v1_genomic.fna_blast.xml,0,0,0,0,0,0,0,0,2216715,0,0,0,0,0,0,485_subject_array_1739828361.bin
199772,485,GHA-ADB-347/2019,485.12743,9,https://ftp.ncbi.nlm.nih.gov/genomes/all/GCF/021/535/595/GCF_021535595.1_ASM2153559v1,9,485.12743.fna,GCF_021535595.1_ASM2153559v1_genomic.fna, 2219728, 2219728,485.12743.fna_vs_GCF_021535595.1_ASM2153559v1_genomic.fna_blast.xml,0,0,0,0,0,0,0,0,2219728,0,0,0,0,0,0,485_subject_array_1739828363.bin
199781,485,GHA-ARM-073/2013,485.12768,9,https://ftp.ncbi.nlm.nih.gov/genomes/all/GCF/021/536/105/GCF_021536105.1_ASM2153610v1,9,485.12768.fna,GCF_021536105.1_ASM2153610v1_genomic.fna, 2214512, 2214512,485.12768.fna_vs_GCF_021536105.1_ASM2153610v1_genomic.fna_blast.xml,0,0,0,0,0,0,0,0,2214512,0,0,0,0,0,0,485_subject_array_1739828365.bin
199787,485,GHA-ARM-285/2019,485.12736,9,https://ftp.ncbi.nlm.nih.gov/genomes/all/GCF/021/535/465/GCF_021535465.1_ASM2153546v1,9,485.12736.fna,GCF_021535465.1_ASM2153546v1_genomic.fna, 2220223, 2220223,485.12736.fna_vs_GCF_021535465.1_ASM2153546v1_genomic.fna_blast.xml,0,0,0,0,0,0,0,0,2220223,0,0,0,0,0,0,485_subject_array_1739828367.bin
199798,485,GHA-TMH-074/2012,485.12753,9,https://ftp.ncbi.nlm.nih.gov/genomes/all/GCF/021/535/805/GCF_021535805.1_ASM2153580v1,9,485.12753.fna,GCF_021535805.1_ASM2153580v1_genomic.fna, 2220608, 2220608,485.12753.fna_vs_GCF_021535805.1_ASM2153580v1_genomic.fna_blast.xml,0,0,0,0,0,0,0,0,2220608,0,0,0,0,0,0,485_subject_array_1739828369.bin
199810,485,GHA-TMH-633/2018,485.12728,9,https://ftp.ncbi.nlm.nih.gov/genomes/all/GCF/021/535/305/GCF_021535305.1_ASM2153530v1,9,485.12728.fna,GCF_021535305.1_ASM2153530v1_genomic.fna, 2217716, 2217716,485.12728.fna_vs_GCF_021535305.1_ASM2153530v1_genomic.fna_blast.xml,0,0,0,0,0,0,0,0,2217716,0,0,0,0,0,0,485_subject_array_1739828372.bin
200872,487,M26503,487.1518,9,https://ftp.ncbi.nlm.nih.gov/genomes/all/GCF/002/307/415/GCF_002307415.1_ASM230741v1,9,487.1518.fna,GCF_002307415.1_ASM230741v1_genomic.fna, 2322708, 2322708,487.1518.fna_vs_GCF_002307415.1_ASM230741v1_genomic.fna_blast.xml,0,0,0,0,0,0,0,0,2322708,0,0,0,0,0,0,487_subject_array_1739828382.bin
201809,487698,ism1,487698.47,9,https://ftp.ncbi.nlm.nih.gov/genomes/all/GCF/032/025/505/GCF_032025505.1_ASM3202550v1,9,487698.47.fna,GCF_032025505.1_ASM3202550v1_genomic.fna, 4449333, 4449333,487698.47.fna_vs_GCF_032025505.1_ASM3202550v1_genomic.fna_blast.xml,0,0,0,0,0,0,0,0,4449333,0,0,0,0,0,0,487698_subject_array_1739828387.bin
203031,497739,SV36,497739.3,9,https://ftp.ncbi.nlm.nih.gov/genomes/all/GCF/000/256/645/GCF_000256645.1_ASM25664v1,9,497739.3.fna,GCF_000256645.1_ASM25664v1_genomic.fna, 2156372, 2156372,497739.3.fna_vs_GCF_000256645.1_ASM25664v1_genomic.fna_blast.xml,0,0,0,0,0,0,0,0,2156372,0,0,0,0,0,0,497739_subject_array_1739828390.bin
203222,504468,G2-11,504468.11,9,https://ftp.ncbi.nlm.nih.gov/genomes/all/GCF/937/425/535/GCF_937425535.1_Rhodovastum_atsumiense_G2-11,9,504468.11.fna,GCF_937425535.1_Rhodovastum_atsumiense_G2-11_genomic.fna, 7423543, 7423543,504468.11.fna_vs_GCF_937425535.1_Rhodovastum_atsumiense_G2-11_genomic.fna_blast.xml,0,0,0,0,0,0,0,0,7423543,0,0,0,0,0,0,504468_subject_array_1739828396.bin
203730,517719,DP3N28-1,517719.17,9,https://ftp.ncbi.nlm.nih.gov/genomes/all/GCF/019/800/905/GCF_019800905.1_ASM1980090v1,9,517719.17.fna,GCF_019800905.1_ASM1980090v1_genomic.fna, 3701391, 3701391,517719.17.fna_vs_GCF_019800905.1_ASM1980090v1_genomic.fna_blast.xml,0,0,0,0,0,0,0,0,3701391,0,0,0,0,0,0,517719_subject_array_1739828399.bin
204943,522259,KACC 12748,522259.3,9,https://ftp.ncbi.nlm.nih.gov/genomes/all/GCF/004/322/705/GCF_004322705.1_ASM432270v1,9,522259.3.fna,GCF_004322705.1_ASM432270v1_genomic.fna, 4224523, 4224523,522259.3.fna_vs_GCF_004322705.1_ASM432270v1_genomic.fna_blast.xml,0,0,0,0,0,0,0,0,4224523,0,0,0,0,0,0,522259_subject_array_1739828402.bin
205065,52584,B37,52584.25,9,https://ftp.ncbi.nlm.nih.gov/genomes/all/GCF/009/755/955/GCF_009755955.1_ASM975595v1,9,52584.25.fna,GCF_009755955.1_ASM975595v1_genomic.fna, 2593056, 2593056,52584.25.fna_vs_GCF_009755955.1_ASM975595v1_genomic.fna_blast.xml,0,0,0,0,0,0,0,0,2593053,0,0,0,3,0,0,52584_subject_array_1739828405.bin
205111,526347,ATCC 33695,526347.8,9,https://ftp.ncbi.nlm.nih.gov/genomes/all/GCF/000/169/935/GCF_000169935.1_ASM16993v1,9,526347.8.fna,GCF_000169935.1_ASM16993v1_genomic.fna,  886725,  886725,526347.8.fna_vs_GCF_000169935.1_ASM16993v1_genomic.fna_blast.xml,0,0,0,0,0,0,0,0,878968,0,0,0,7757,0,0,526347_subject_array_1739828405.bin
205272,529731,2012L-5525,529731.25,9,https://ftp.ncbi.nlm.nih.gov/genomes/all/GCF/014/527/305/GCF_014527305.1_ASM1452730v1,9,529731.25.fna,GCF_014527305.1_ASM1452730v1_genomic.fna, 2744200, 2744200,529731.25.fna_vs_GCF_014527305.1_ASM1452730v1_genomic.fna_blast.xml,0,0,0,0,0,0,0,0,2744199,0,1,0,0,0,0,529731_subject_array_1739828407.bin
205274,529731,FSL L7-0329,529731.22,9,https://ftp.ncbi.nlm.nih.gov/genomes/all/GCF/014/228/185/GCF_014228185.1_ASM1422818v1,9,529731.22.fna,GCF_014228185.1_ASM1422818v1_genomic.fna, 2721609, 2721609,529731.22.fna_vs_GCF_014228185.1_ASM1422818v1_genomic.fna_blast.xml,0,0,0,0,0,0,0,0,2721609,0,0,0,0,0,0,529731_subject_array_1739828409.bin
205278,529731,FSL L7-0367,529731.19,9,https://ftp.ncbi.nlm.nih.gov/genomes/all/GCF/014/228/055/GCF_014228055.1_ASM1422805v1,9,529731.19.fna,GCF_014228055.1_ASM1422805v1_genomic.fna, 2790333, 2790333,529731.19.fna_vs_GCF_014228055.1_ASM1422805v1_genomic.fna_blast.xml,0,0,0,0,0,0,0,0,2790333,0,0,0,0,0,0,529731_subject_array_1739828411.bin
205279,529731,FSL L7-0368,529731.18,9,https://ftp.ncbi.nlm.nih.gov/genomes/all/GCF/014/228/015/GCF_014228015.1_ASM1422801v1,9,529731.18.fna,GCF_014228015.1_ASM1422801v1_genomic.fna, 2780794, 2780794,529731.18.fna_vs_GCF_014228015.1_ASM1422801v1_genomic.fna_blast.xml,0,0,0,0,0,0,0,0,2780794,0,0,0,0,0,0,529731_subject_array_1739828414.bin
205290,529731,FSL W9-0526,529731.39,9,https://ftp.ncbi.nlm.nih.gov/genomes/all/GCF/015/276/655/GCF_015276655.1_ASM1527665v1,9,529731.39.fna,GCF_015276655.1_ASM1527665v1_genomic.fna, 2738471, 2738471,529731.39.fna_vs_GCF_015276655.1_ASM1527665v1_genomic.fna_blast.xml,0,0,0,0,0,0,0,0,2738471,0,0,0,0,0,0,529731_subject_array_1739828416.bin
205296,529731,FSL W9-0646,529731.33,9,https://ftp.ncbi.nlm.nih.gov/genomes/all/GCF/015/275/985/GCF_015275985.1_ASM1527598v1,9,529731.33.fna,GCF_015275985.1_ASM1527598v1_genomic.fna, 2726433, 2726433,529731.33.fna_vs_GCF_015275985.1_ASM1527598v1_genomic.fna_blast.xml,0,0,0,0,0,0,0,0,2726433,0,0,0,0,0,0,529731_subject_array_1739828418.bin
205304,529731,UTK S2-0014,529731.51,9,https://ftp.ncbi.nlm.nih.gov/genomes/all/GCF/031/843/205/GCF_031843205.1_ASM3184320v1,9,529731.51.fna,GCF_031843205.1_ASM3184320v1_genomic.fna, 2776380, 2776380,529731.51.fna_vs_GCF_031843205.1_ASM3184320v1_genomic.fna_blast.xml,0,0,0,0,0,0,0,0,2776380,0,0,0,0,0,0,529731_subject_array_1739828420.bin
205587,53354,A12017690,53354.36,9,https://ftp.ncbi.nlm.nih.gov/genomes/all/GCF/026/783/575/GCF_026783575.1_ASM2678357v1,9,53354.36.fna,GCF_026783575.1_ASM2678357v1_genomic.fna, 2341963, 2341963,53354.36.fna_vs_GCF_026783575.1_ASM2678357v1_genomic.fna_blast.xml,0,0,0,0,0,0,0,246,2341717,0,0,0,0,0,0,53354_subject_array_1739828421.bin
205823,537,NCTC11159,537.4,9,https://ftp.ncbi.nlm.nih.gov/genomes/all/GCF/900/451/195/GCF_900451195.1_48853_F02,9,537.4.fna,GCF_900451195.1_48853_F02_genomic.fna, 5098455, 5098455,537.4.fna_vs_GCF_900451195.1_48853_F02_genomic.fna_blast.xml,0,0,0,0,0,0,0,0,5098455,0,0,0,0,0,0,537_subject_array_1739828426.bin
206065,54291,FDAARGOS_431,54291.56,9,https://ftp.ncbi.nlm.nih.gov/genomes/all/GCF/002/635/365/GCF_002635365.1_ASM263536v1,9,54291.56.fna,GCF_002635365.1_ASM263536v1_genomic.fna, 6040823, 6040823,54291.56.fna_vs_GCF_002635365.1_ASM263536v1_genomic.fna_blast.xml,0,0,0,0,0,0,0,0,6040823,0,0,0,0,0,0,54291_subject_array_1739828430.bin
206917,546,CF1807,546.1609,9,https://ftp.ncbi.nlm.nih.gov/genomes/all/GCF/026/240/835/GCF_026240835.1_ASM2624083v1,9,546.1609.fna,GCF_026240835.1_ASM2624083v1_genomic.fna, 5783339, 5783339,546.1609.fna_vs_GCF_026240835.1_ASM2624083v1_genomic.fna_blast.xml,0,0,0,0,0,0,2,0,5783336,0,0,1,0,0,0,546_subject_array_1739828433.bin
206939,546,CFA1707,546.1610,9,https://ftp.ncbi.nlm.nih.gov/genomes/all/GCF/026/240/875/GCF_026240875.1_ASM2624087v1,9,546.1610.fna,GCF_026240875.1_ASM2624087v1_genomic.fna, 5697627, 5697627,546.1610.fna_vs_GCF_026240875.1_ASM2624087v1_genomic.fna_blast.xml,0,0,0,0,0,0,0,0,5697625,0,1,1,0,0,0,546_subject_array_1739828437.bin
207124,546,MGH214,546.978,9,https://ftp.ncbi.nlm.nih.gov/genomes/all/GCF/014/903/115/GCF_014903115.1_ASM1490311v1,9,546.978.fna,GCF_014903115.1_ASM1490311v1_genomic.fna, 5256401, 5256401,546.978.fna_vs_GCF_014903115.1_ASM1490311v1_genomic.fna_blast.xml,0,0,0,0,0,0,0,56652,5199746,0,0,0,3,0,0,546_subject_array_1739828440.bin
207136,546,NFYY328,546.2249,9,https://ftp.ncbi.nlm.nih.gov/genomes/all/GCF/035/620/115/GCF_035620115.1_ASM3562011v1,9,546.2249.fna,GCF_035620115.1_ASM3562011v1_genomic.fna, 5760252, 5760252,546.2249.fna_vs_GCF_035620115.1_ASM3562011v1_genomic.fna_blast.xml,0,0,0,0,0,0,0,0,5760252,0,0,0,0,0,0,546_subject_array_1739828444.bin
207208,546,RHBSTW-00344,546.879,9,https://ftp.ncbi.nlm.nih.gov/genomes/all/GCF/014/101/295/GCF_014101295.1_ASM1410129v1,9,546.879.fna,GCF_014101295.1_ASM1410129v1_genomic.fna, 4859340, 4859340,546.879.fna_vs_GCF_014101295.1_ASM1410129v1_genomic.fna_blast.xml,0,0,0,0,0,0,0,0,4859340,0,0,0,0,0,0,546_subject_array_1739828447.bin
207390,546,YDC876,546.790,9,https://ftp.ncbi.nlm.nih.gov/genomes/all/GCF/013/336/895/GCF_013336895.1_ASM1333689v1,9,546.790.fna,GCF_013336895.1_ASM1333689v1_genomic.fna, 5701058, 5701058,546.790.fna_vs_GCF_013336895.1_ASM1333689v1_genomic.fna_blast.xml,0,0,0,0,0,0,0,0,5701058,0,0,0,0,0,0,546_subject_array_1739828451.bin
207651,548,CDC UA0804-01,548.34,9,https://ftp.ncbi.nlm.nih.gov/genomes/all/GCF/000/755/545/GCF_000755545.1_ASM75554v1,9,548.34.fna,GCF_000755545.1_ASM75554v1_genomic.fna, 5084129, 5084929,548.34.fna_vs_GCF_000755545.1_ASM75554v1_genomic.fna_blast.xml,0,0,0,0,0,0,0,747,3131888,0,0,5,1952289,0,0,548_subject_array_1739828454.bin
208127,549,Pa17-3,549.793,9,https://ftp.ncbi.nlm.nih.gov/genomes/all/GCF/039/675/815/GCF_039675815.1_ASM3967581v1,9,549.793.fna,GCF_039675815.1_ASM3967581v1_genomic.fna, 4834160, 4834160,549.793.fna_vs_GCF_039675815.1_ASM3967581v1_genomic.fna_blast.xml,0,0,0,0,0,0,0,1674,4832465,0,0,0,21,0,0,549_subject_array_1739828457.bin
208146,549,Pa39-11,549.754,9,https://ftp.ncbi.nlm.nih.gov/genomes/all/GCF/039/672/075/GCF_039672075.1_ASM3967207v1,9,549.754.fna,GCF_039672075.1_ASM3967207v1_genomic.fna, 4738578, 4738578,549.754.fna_vs_GCF_039672075.1_ASM3967207v1_genomic.fna_blast.xml,0,0,0,0,0,0,0,1272,4737304,0,0,2,0,0,0,549_subject_array_1739828459.bin
208167,549,Pa39-H1,549.742,9,https://ftp.ncbi.nlm.nih.gov/genomes/all/GCF/039/671/815/GCF_039671815.1_ASM3967181v1,9,549.742.fna,GCF_039671815.1_ASM3967181v1_genomic.fna, 4738324, 4738324,549.742.fna_vs_GCF_039671815.1_ASM3967181v1_genomic.fna_blast.xml,0,0,0,0,0,0,0,1080,4737226,0,0,1,17,0,0,549_subject_array_1739828462.bin
208466,550,Effluent_2,550.2255,9,https://ftp.ncbi.nlm.nih.gov/genomes/all/GCF/004/801/535/GCF_004801535.1_ASM480153v1,9,550.2255.fna,GCF_004801535.1_ASM480153v1_genomic.fna, 5590402, 5590402,550.2255.fna_vs_GCF_004801535.1_ASM480153v1_genomic.fna_blast.xml,0,0,0,0,0,0,1,100,5590300,0,0,1,0,0,0,550_subject_array_1739828465.bin
209172,553184,ATCC 49626,553184.4,9,https://ftp.ncbi.nlm.nih.gov/genomes/all/GCF/000/174/015/GCF_000174015.1_ASM17401v1,9,553184.4.fna,GCF_000174015.1_ASM17401v1_genomic.fna, 1626291, 1626291,553184.4.fna_vs_GCF_000174015.1_ASM17401v1_genomic.fna_blast.xml,0,0,0,0,0,0,2,1,1626288,0,0,0,0,0,0,553184_subject_array_1739828466.bin
209243,553311,CGMCC 1.10449,553311.3,9,https://ftp.ncbi.nlm.nih.gov/genomes/all/GCF/900/102/415/GCF_900102415.1_IMG-taxon_2671180171_annotated_assembly,9,553311.3.fna,GCF_900102415.1_IMG-taxon_2671180171_annotated_assembly_genomic.fna, 3758454, 3758454,553311.3.fna_vs_GCF_900102415.1_IMG-taxon_2671180171_annotated_assembly_genomic.fna_blast.xml,0,0,0,0,0,0,0,575,3757879,0,0,0,0,0,0,553311_subject_array_1739828469.bin
209798,561879,MDS6,561879.365,9,https://ftp.ncbi.nlm.nih.gov/genomes/all/GCF/030/718/025/GCF_030718025.1_ASM3071802v1,9,561879.365.fna,GCF_030718025.1_ASM3071802v1_genomic.fna, 3686322, 3686322,561879.365.fna_vs_GCF_030718025.1_ASM3071802v1_genomic.fna_blast.xml,0,0,0,0,0,0,0,93,3686229,0,0,0,0,0,0,561879_subject_array_1739828471.bin
210033,562,0H26,562.90796,9,https://ftp.ncbi.nlm.nih.gov/genomes/all/GCF/019/969/585/GCF_019969585.1_ASM1996958v1,9,562.90796.fna,GCF_019969585.1_ASM1996958v1_genomic.fna, 5509074, 5509074,562.90796.fna_vs_GCF_019969585.1_ASM1996958v1_genomic.fna_blast.xml,0,0,0,0,0,0,0,0,5509074,0,0,0,0,0,0,562_subject_array_1739828474.bin
210993,562,17-2,562.63736,9,https://ftp.ncbi.nlm.nih.gov/genomes/all/GCF/013/694/115/GCF_013694115.1_ASM1369411v1,9,562.63736.fna,GCF_013694115.1_ASM1369411v1_genomic.fna, 5185170, 5185170,562.63736.fna_vs_GCF_013694115.1_ASM1369411v1_genomic.fna_blast.xml,0,0,0,0,0,0,0,0,5185170,0,0,0,0,0,0,562_subject_array_1739828478.bin
211325,562,19-5,562.75681,9,https://ftp.ncbi.nlm.nih.gov/genomes/all/GCF/018/279/125/GCF_018279125.1_ASM1827912v1,9,562.75681.fna,GCF_018279125.1_ASM1827912v1_genomic.fna, 5185965, 5185965,562.75681.fna_vs_GCF_018279125.1_ASM1827912v1_genomic.fna_blast.xml,0,0,0,0,0,0,0,0,5185965,0,0,0,0,0,0,562_subject_array_1739828482.bin
211347,562,1918,562.125039,9,https://ftp.ncbi.nlm.nih.gov/genomes/all/GCF/029/717/275/GCF_029717275.1_ASM2971727v1,9,562.125039.fna,GCF_029717275.1_ASM2971727v1_genomic.fna, 5419633, 5419633,562.125039.fna_vs_GCF_029717275.1_ASM2971727v1_genomic.fna_blast.xml,0,0,0,0,0,0,0,0,5419631,0,0,2,0,0,0,562_subject_array_1739828485.bin
211675,562,200-2a,562.107304,9,https://ftp.ncbi.nlm.nih.gov/genomes/all/GCF/024/271/725/GCF_024271725.1_ASM2427172v1,9,562.107304.fna,GCF_024271725.1_ASM2427172v1_genomic.fna, 5192736, 5192736,562.107304.fna_vs_GCF_024271725.1_ASM2427172v1_genomic.fna_blast.xml,0,0,0,0,0,0,0,0,5192736,0,0,0,0,0,0,562_subject_array_1739828488.bin
211732,562,2011-O26,562.112631,9,https://ftp.ncbi.nlm.nih.gov/genomes/all/GCF/026/135/245/GCF_026135245.1_ASM2613524v1,9,562.112631.fna,GCF_026135245.1_ASM2613524v1_genomic.fna, 5906758, 5906758,562.112631.fna_vs_GCF_026135245.1_ASM2613524v1_genomic.fna_blast.xml,0,0,0,0,0,0,0,0,5906758,0,0,0,0,0,0,562_subject_array_1739828493.bin
211917,562,2017.06.05CC,562.139966,9,https://ftp.ncbi.nlm.nih.gov/genomes/all/GCF/036/504/765/GCF_036504765.1_ASM3650476v1,9,562.139966.fna,GCF_036504765.1_ASM3650476v1_genomic.fna, 5250154, 5250154,562.139966.fna_vs_GCF_036504765.1_ASM3650476v1_genomic.fna_blast.xml,0,0,0,0,0,0,0,0,5250154,0,0,0,0,0,0,562_subject_array_1739828496.bin
211937,562,2018-05-2CC,562.139982,9,https://ftp.ncbi.nlm.nih.gov/genomes/all/GCF/036/507/355/GCF_036507355.1_ASM3650735v1,9,562.139982.fna,GCF_036507355.1_ASM3650735v1_genomic.fna, 4821419, 4821419,562.139982.fna_vs_GCF_036507355.1_ASM3650735v1_genomic.fna_blast.xml,0,0,0,0,0,0,0,0,4821419,0,0,0,0,0,0,562_subject_array_1739828499.bin
212368,562,222B057,562.70643,9,https://ftp.ncbi.nlm.nih.gov/genomes/all/GCF/016/820/415/GCF_016820415.1_ASM1682041v1,9,562.70643.fna,GCF_016820415.1_ASM1682041v1_genomic.fna, 5139932, 5139932,562.70643.fna_vs_GCF_016820415.1_ASM1682041v1_genomic.fna_blast.xml,0,0,0,0,0,0,0,0,5139932,0,0,0,0,0,0,562_subject_array_1739828502.bin
213187,562,3274c7a,562.126193,9,https://ftp.ncbi.nlm.nih.gov/genomes/all/GCF/029/929/905/GCF_029929905.1_ASM2992990v1,9,562.126193.fna,GCF_029929905.1_ASM2992990v1_genomic.fna, 5022103, 5022103,562.126193.fna_vs_GCF_029929905.1_ASM2992990v1_genomic.fna_blast.xml,0,0,0,0,0,0,0,0,5022103,0,0,0,0,0,0,562_subject_array_1739828506.bin
213892,562,4848,562.110758,9,https://ftp.ncbi.nlm.nih.gov/genomes/all/GCF/024/917/355/GCF_024917355.1_ASM2491735v1,9,562.110758.fna,GCF_024917355.1_ASM2491735v1_genomic.fna, 5014932, 5014932,562.110758.fna_vs_GCF_024917355.1_ASM2491735v1_genomic.fna_blast.xml,0,0,0,0,0,0,0,0,5014932,0,0,0,0,0,0,562_subject_array_1739828509.bin
213971,562,49815_LR,562.134151,9,https://ftp.ncbi.nlm.nih.gov/genomes/all/GCF/031/626/935/GCF_031626935.1_ASM3162693v1,9,562.134151.fna,GCF_031626935.1_ASM3162693v1_genomic.fna, 5708432, 5708432,562.134151.fna_vs_GCF_031626935.1_ASM3162693v1_genomic.fna_blast.xml,0,0,0,0,0,0,0,0,5708432,0,0,0,0,0,0,562_subject_array_1739828513.bin
213979,562,49863_LR,562.134148,9,https://ftp.ncbi.nlm.nih.gov/genomes/all/GCF/031/626/895/GCF_031626895.1_ASM3162689v1,9,562.134148.fna,GCF_031626895.1_ASM3162689v1_genomic.fna, 5635789, 5635789,562.134148.fna_vs_GCF_031626895.1_ASM3162689v1_genomic.fna_blast.xml,0,0,0,0,0,0,0,0,5635789,0,0,0,0,0,0,562_subject_array_1739828517.bin
215058,562,6722470,562.136300,9,https://ftp.ncbi.nlm.nih.gov/genomes/all/GCF/033/345/135/GCF_033345135.1_ASM3334513v1,9,562.136300.fna,GCF_033345135.1_ASM3334513v1_genomic.fna, 5007856, 5007856,562.136300.fna_vs_GCF_033345135.1_ASM3334513v1_genomic.fna_blast.xml,0,0,0,0,0,0,0,0,5007856,0,0,0,0,0,0,562_subject_array_1739828520.bin
215409,562,779,562.102816,9,https://ftp.ncbi.nlm.nih.gov/genomes/all/GCF/023/024/425/GCF_023024425.1_ASM2302442v1,9,562.102816.fna,GCF_023024425.1_ASM2302442v1_genomic.fna, 5667876, 5667876,562.102816.fna_vs_GCF_023024425.1_ASM2302442v1_genomic.fna_blast.xml,0,0,0,0,0,0,0,0,5667876,0,0,0,0,0,0,562_subject_array_1739828524.bin
215752,562,961,562.110774,9,https://ftp.ncbi.nlm.nih.gov/genomes/all/GCF/024/918/295/GCF_024918295.1_ASM2491829v1,9,562.110774.fna,GCF_024918295.1_ASM2491829v1_genomic.fna, 5226855, 5226855,562.110774.fna_vs_GCF_024918295.1_ASM2491829v1_genomic.fna_blast.xml,0,0,0,0,0,0,0,0,5226855,0,0,0,0,0,0,562_subject_array_1739828527.bin
215937,562,A1_180,562.50497,9,https://ftp.ncbi.nlm.nih.gov/genomes/all/GCF/006/937/215/GCF_006937215.1_ASM693721v1,9,562.50497.fna,GCF_006937215.1_ASM693721v1_genomic.fna, 5413682, 5413682,562.50497.fna_vs_GCF_006937215.1_ASM693721v1_genomic.fna_blast.xml,0,0,0,0,0,0,0,0,5413682,0,0,0,0,0,0,562_subject_array_1739828531.bin
216159,562,ABW_S38,562.74552,9,https://ftp.ncbi.nlm.nih.gov/genomes/all/GCF/017/639/105/GCF_017639105.1_ASM1763910v1,9,562.74552.fna,GCF_017639105.1_ASM1763910v1_genomic.fna, 5159527, 5159527,562.74552.fna_vs_GCF_017639105.1_ASM1763910v1_genomic.fna_blast.xml,0,0,0,0,0,0,0,0,5159527,0,0,0,0,0,0,562_subject_array_1739828535.bin
216387,562,AHM9C68I,562.128961,9,https://ftp.ncbi.nlm.nih.gov/genomes/all/GCF/030/169/475/GCF_030169475.1_ASM3016947v1,9,562.128961.fna,GCF_030169475.1_ASM3016947v1_genomic.fna, 5048890, 5048890,562.128961.fna_vs_GCF_030169475.1_ASM3016947v1_genomic.fna_blast.xml,0,0,0,0,0,0,0,0,5048890,0,0,0,0,0,0,562_subject_array_1739828540.bin
216524,562,AR435,562.29007,9,https://ftp.ncbi.nlm.nih.gov/genomes/all/GCF/003/073/835/GCF_003073835.1_ASM307383v1,9,562.29007.fna,GCF_003073835.1_ASM307383v1_genomic.fna, 5328723, 5328723,562.29007.fna_vs_GCF_003073835.1_ASM307383v1_genomic.fna_blast.xml,0,0,0,0,0,0,0,0,5328723,0,0,0,0,0,0,562_subject_array_1739828544.bin
216527,562,ARL09/232,562.61725,9,https://ftp.ncbi.nlm.nih.gov/genomes/all/GCF/013/376/575/GCF_013376575.1_ASM1337657v1,9,562.61725.fna,GCF_013376575.1_ASM1337657v1_genomic.fna, 5322305, 5322305,562.61725.fna_vs_GCF_013376575.1_ASM1337657v1_genomic.fna_blast.xml,0,0,0,0,0,0,0,0,5322305,0,0,0,0,0,0,562_subject_array_1739828548.bin
217266,562,B20123,562.139672,9,https://ftp.ncbi.nlm.nih.gov/genomes/all/GCF/036/287/665/GCF_036287665.1_ASM3628766v1,9,562.139672.fna,GCF_036287665.1_ASM3628766v1_genomic.fna, 5426777, 5426777,562.139672.fna_vs_GCF_036287665.1_ASM3628766v1_genomic.fna_blast.xml,0,0,0,0,0,0,0,0,5426777,0,0,0,0,0,0,562_subject_array_1739828553.bin
217599,562,BIDMC116,562.17364,9,https://ftp.ncbi.nlm.nih.gov/genomes/all/GCF/002/163/275/GCF_002163275.1_ASM216327v1,9,562.17364.fna,GCF_002163275.1_ASM216327v1_genomic.fna, 5072689, 5072689,562.17364.fna_vs_GCF_002163275.1_ASM216327v1_genomic.fna_blast.xml,0,0,0,0,0,0,0,44844,5027830,0,0,0,15,0,0,562_subject_array_1739828556.bin
217609,562,BK-BR1130-3,562.89946,9,https://ftp.ncbi.nlm.nih.gov/genomes/all/GCF/021/503/275/GCF_021503275.1_ASM2150327v1,9,562.89946.fna,GCF_021503275.1_ASM2150327v1_genomic.fna, 5451326, 5451326,562.89946.fna_vs_GCF_021503275.1_ASM2150327v1_genomic.fna_blast.xml,0,0,0,0,0,0,0,0,5451326,0,0,0,0,0,0,562_subject_array_1739828560.bin
217629,562,BM1177,562.69721,9,https://ftp.ncbi.nlm.nih.gov/genomes/all/GCF/016/760/375/GCF_016760375.1_ASM1676037v1,9,562.69721.fna,GCF_016760375.1_ASM1676037v1_genomic.fna, 4758738, 4758738,562.69721.fna_vs_GCF_016760375.1_ASM1676037v1_genomic.fna_blast.xml,0,0,0,0,0,0,0,0,4758738,0,0,0,0,0,0,562_subject_array_1739828563.bin
218814,562,CH613_eco,562.17276,9,https://ftp.ncbi.nlm.nih.gov/genomes/all/GCF/002/133/365/GCF_002133365.1_ASM213336v1,9,562.17276.fna,GCF_002133365.1_ASM213336v1_genomic.fna, 5285950, 5285950,562.17276.fna_vs_GCF_002133365.1_ASM213336v1_genomic.fna_blast.xml,0,0,0,0,0,0,0,0,5285950,0,0,0,0,0,0,562_subject_array_1739828567.bin
219125,562,COL5,562.67449,9,https://ftp.ncbi.nlm.nih.gov/genomes/all/GCF/015/356/625/GCF_015356625.1_ASM1535662v1,9,562.67449.fna,GCF_015356625.1_ASM1535662v1_genomic.fna, 5334364, 5334364,562.67449.fna_vs_GCF_015356625.1_ASM1535662v1_genomic.fna_blast.xml,0,0,0,0,0,0,0,0,5334364,0,0,0,0,0,0,562_subject_array_1739828570.bin
219141,562,CPE35,562.108468,9,https://ftp.ncbi.nlm.nih.gov/genomes/all/GCF/024/499/175/GCF_024499175.1_ASM2449917v1,9,562.108468.fna,GCF_024499175.1_ASM2449917v1_genomic.fna, 4940967, 4940967,562.108468.fna_vs_GCF_024499175.1_ASM2449917v1_genomic.fna_blast.xml,0,0,0,0,0,0,0,0,4940967,0,0,0,0,0,0,562_subject_array_1739828573.bin
219158,562,CPO097,562.129214,9,https://ftp.ncbi.nlm.nih.gov/genomes/all/GCF/030/294/225/GCF_030294225.1_ASM3029422v1,9,562.129214.fna,GCF_030294225.1_ASM3029422v1_genomic.fna, 5311289, 5311289,562.129214.fna_vs_GCF_030294225.1_ASM3029422v1_genomic.fna_blast.xml,0,0,0,0,0,0,0,0,5311289,0,0,0,0,0,0,562_subject_array_1739828576.bin
219243,562,CS00520,562.128866,9,https://ftp.ncbi.nlm.nih.gov/genomes/all/GCF/030/177/065/GCF_030177065.1_ASM3017706v1,9,562.128866.fna,GCF_030177065.1_ASM3017706v1_genomic.fna, 4954648, 4954648,562.128866.fna_vs_GCF_030177065.1_ASM3017706v1_genomic.fna_blast.xml,0,0,0,0,0,0,0,0,4954648,0,0,0,0,0,0,562_subject_array_1739828579.bin
219443,562,CVRI_03,562.94286,9,https://ftp.ncbi.nlm.nih.gov/genomes/all/GCF/022/179/965/GCF_022179965.1_ASM2217996v1,9,562.94286.fna,GCF_022179965.1_ASM2217996v1_genomic.fna, 5112451, 5112451,562.94286.fna_vs_GCF_022179965.1_ASM2217996v1_genomic.fna_blast.xml,0,0,0,0,0,0,0,0,5112451,0,0,0,0,0,0,562_subject_array_1739828582.bin
219467,562,CX06,562.91177,9,https://ftp.ncbi.nlm.nih.gov/genomes/all/GCF/020/105/415/GCF_020105415.1_ASM2010541v1,9,562.91177.fna,GCF_020105415.1_ASM2010541v1_genomic.fna, 5217084, 5217084,562.91177.fna_vs_GCF_020105415.1_ASM2010541v1_genomic.fna_blast.xml,0,0,0,0,0,0,1,0,5217083,0,0,0,0,0,0,562_subject_array_1739828585.bin
219621,562,Crl169922,562.112615,9,https://ftp.ncbi.nlm.nih.gov/genomes/all/GCF/026/134/925/GCF_026134925.1_ASM2613492v1,9,562.112615.fna,GCF_026134925.1_ASM2613492v1_genomic.fna, 4976199, 4976199,562.112615.fna_vs_GCF_026134925.1_ASM2613492v1_genomic.fna_blast.xml,0,0,0,0,0,0,0,0,4976199,0,0,0,0,0,0,562_subject_array_1739828588.bin
219727,562,DETEC-P649,562.121953,9,https://ftp.ncbi.nlm.nih.gov/genomes/all/GCF/027/944/815/GCF_027944815.1_ASM2794481v1,9,562.121953.fna,GCF_027944815.1_ASM2794481v1_genomic.fna, 5192417, 5197584,562.121953.fna_vs_GCF_027944815.1_ASM2794481v1_genomic.fna_blast.xml,0,0,0,0,0,0,0,5159,5192425,0,0,0,0,0,0,562_subject_array_1739828591.bin
219914,562,DVT1001,562.110921,9,https://ftp.ncbi.nlm.nih.gov/genomes/all/GCF/025/584/685/GCF_025584685.1_ASM2558468v1,9,562.110921.fna,GCF_025584685.1_ASM2558468v1_genomic.fna, 5480374, 5480374,562.110921.fna_vs_GCF_025584685.1_ASM2558468v1_genomic.fna_blast.xml,0,0,0,0,0,0,0,0,5480374,0,0,0,0,0,0,562_subject_array_1739828594.bin
220237,562,E290,562.126355,9,https://ftp.ncbi.nlm.nih.gov/genomes/all/GCF/030/027/115/GCF_030027115.1_ASM3002711v1,9,562.126355.fna,GCF_030027115.1_ASM3002711v1_genomic.fna, 5203479, 5203479,562.126355.fna_vs_GCF_030027115.1_ASM3002711v1_genomic.fna_blast.xml,0,0,0,0,0,0,0,0,5203479,0,0,0,0,0,0,562_subject_array_1739828598.bin
220436,562,EC-16-35,562.96073,9,https://ftp.ncbi.nlm.nih.gov/genomes/all/GCF/022/591/475/GCF_022591475.1_ASM2259147v1,9,562.96073.fna,GCF_022591475.1_ASM2259147v1_genomic.fna, 5258982, 5258982,562.96073.fna_vs_GCF_022591475.1_ASM2259147v1_genomic.fna_blast.xml,0,0,0,0,0,0,0,0,5258982,0,0,0,0,0,0,562_subject_array_1739828602.bin
220448,562,EC-5255,562.73342,9,https://ftp.ncbi.nlm.nih.gov/genomes/all/GCF/017/584/295/GCF_017584295.1_ASM1758429v1,9,562.73342.fna,GCF_017584295.1_ASM1758429v1_genomic.fna, 5386534, 5386534,562.73342.fna_vs_GCF_017584295.1_ASM1758429v1_genomic.fna_blast.xml,0,0,0,0,0,0,0,0,5386534,0,0,0,0,0,0,562_subject_array_1739828605.bin
220500,562,EC00740,562.110934,9,https://ftp.ncbi.nlm.nih.gov/genomes/all/GCF/025/593/295/GCF_025593295.1_ASM2559329v1,9,562.110934.fna,GCF_025593295.1_ASM2559329v1_genomic.fna, 5470077, 5470077,562.110934.fna_vs_GCF_025593295.1_ASM2559329v1_genomic.fna_blast.xml,0,0,0,0,0,0,0,0,5470077,0,0,0,0,0,0,562_subject_array_1739828609.bin
220720,562,EC200461,562.139678,9,https://ftp.ncbi.nlm.nih.gov/genomes/all/GCF/036/287/745/GCF_036287745.1_ASM3628774v1,9,562.139678.fna,GCF_036287745.1_ASM3628774v1_genomic.fna, 5191803, 5191803,562.139678.fna_vs_GCF_036287745.1_ASM3628774v1_genomic.fna_blast.xml,0,0,0,0,0,0,0,0,5191803,0,0,0,0,0,0,562_subject_array_1739828612.bin
220768,562,EC234_ST8196H,562.68715,9,https://ftp.ncbi.nlm.nih.gov/genomes/all/GCF/016/401/355/GCF_016401355.1_Unicycler,9,562.68715.fna,GCF_016401355.1_Unicycler_genomic.fna, 5303255, 5303255,562.68715.fna_vs_GCF_016401355.1_Unicycler_genomic.fna_blast.xml,0,0,0,0,0,0,0,0,5303255,0,0,0,0,0,0,562_subject_array_1739828616.bin
221133,562,ECA193,562.139301,9,https://ftp.ncbi.nlm.nih.gov/genomes/all/GCF/025/988/255/GCF_025988255.1_ASM2598825v1,9,562.139301.fna,GCF_025988255.1_ASM2598825v1_genomic.fna, 5596707, 5596707,562.139301.fna_vs_GCF_025988255.1_ASM2598825v1_genomic.fna_blast.xml,0,0,0,0,0,0,0,0,5596707,0,0,0,0,0,0,562_subject_array_1739828621.bin
222509,562,ESBL25,562.68771,9,https://ftp.ncbi.nlm.nih.gov/genomes/all/GCF/016/433/205/GCF_016433205.1_ASM1643320v1,9,562.68771.fna,GCF_016433205.1_ASM1643320v1_genomic.fna, 5419961, 5419961,562.68771.fna_vs_GCF_016433205.1_ASM1643320v1_genomic.fna_blast.xml,0,0,0,0,0,0,0,0,5419961,0,0,0,0,0,0,562_subject_array_1739828626.bin
222605,562,ETEC1702,562.126264,9,https://ftp.ncbi.nlm.nih.gov/genomes/all/GCF/030/012/765/GCF_030012765.1_ASM3001276v1,9,562.126264.fna,GCF_030012765.1_ASM3001276v1_genomic.fna, 5105109, 5105109,562.126264.fna_vs_GCF_030012765.1_ASM3001276v1_genomic.fna_blast.xml,0,0,0,0,0,0,0,0,5105109,0,0,0,0,0,0,562_subject_array_1739828630.bin
222609,562,ETEC1707F,562.126260,9,https://ftp.ncbi.nlm.nih.gov/genomes/all/GCF/030/012/705/GCF_030012705.1_ASM3001270v1,9,562.126260.fna,GCF_030012705.1_ASM3001270v1_genomic.fna, 5615556, 5615556,562.126260.fna_vs_GCF_030012705.1_ASM3001270v1_genomic.fna_blast.xml,0,0,0,0,0,0,0,100,5615456,0,0,0,0,0,0,562_subject_array_1739828636.bin
222614,562,ETEC1720,562.126308,9,https://ftp.ncbi.nlm.nih.gov/genomes/all/GCF/030/013/865/GCF_030013865.1_ASM3001386v1,9,562.126308.fna,GCF_030013865.1_ASM3001386v1_genomic.fna, 5246201, 5246201,562.126308.fna_vs_GCF_030013865.1_ASM3001386v1_genomic.fna_blast.xml,0,0,0,0,0,0,0,0,5246201,0,0,0,0,0,0,562_subject_array_1739828642.bin
222617,562,ETEC1728F,562.129375,9,https://ftp.ncbi.nlm.nih.gov/genomes/all/GCF/030/346/565/GCF_030346565.1_ASM3034656v1,9,562.129375.fna,GCF_030346565.1_ASM3034656v1_genomic.fna, 5987250, 5987250,562.129375.fna_vs_GCF_030346565.1_ASM3034656v1_genomic.fna_blast.xml,0,0,0,0,0,0,0,0,5987250,0,0,0,0,0,0,562_subject_array_1739828647.bin
222620,562,ETEC1732,562.126301,9,https://ftp.ncbi.nlm.nih.gov/genomes/all/GCF/030/013/715/GCF_030013715.1_ASM3001371v1,9,562.126301.fna,GCF_030013715.1_ASM3001371v1_genomic.fna, 5644263, 5644263,562.126301.fna_vs_GCF_030013715.1_ASM3001371v1_genomic.fna_blast.xml,0,0,0,0,0,0,0,0,5644263,0,0,0,0,0,0,562_subject_array_1739828651.bin
222621,562,ETEC1734,562.126300,9,https://ftp.ncbi.nlm.nih.gov/genomes/all/GCF/030/013/675/GCF_030013675.1_ASM3001367v1,9,562.126300.fna,GCF_030013675.1_ASM3001367v1_genomic.fna, 5642534, 5642534,562.126300.fna_vs_GCF_030013675.1_ASM3001367v1_genomic.fna_blast.xml,0,0,0,0,0,0,0,0,5642534,0,0,0,0,0,0,562_subject_array_1739828656.bin
222655,562,ETEC4085,562.126273,9,https://ftp.ncbi.nlm.nih.gov/genomes/all/GCF/030/013/165/GCF_030013165.1_ASM3001316v1,9,562.126273.fna,GCF_030013165.1_ASM3001316v1_genomic.fna, 5870584, 5870584,562.126273.fna_vs_GCF_030013165.1_ASM3001316v1_genomic.fna_blast.xml,0,0,0,0,0,0,0,0,5870584,0,0,0,0,0,0,562_subject_array_1739828662.bin
222880,562,EcH133,562.91617,9,https://ftp.ncbi.nlm.nih.gov/genomes/all/GCF/021/229/615/GCF_021229615.1_ASM2122961v1,9,562.91617.fna,GCF_021229615.1_ASM2122961v1_genomic.fna, 5085731, 5085731,562.91617.fna_vs_GCF_021229615.1_ASM2122961v1_genomic.fna_blast.xml,0,0,0,0,0,0,0,0,5085731,0,0,0,0,0,0,562_subject_array_1739828666.bin
222932,562,EcPNK007,562.91934,9,https://ftp.ncbi.nlm.nih.gov/genomes/all/GCF/020/523/705/GCF_020523705.1_ASM2052370v1,9,562.91934.fna,GCF_020523705.1_ASM2052370v1_genomic.fna, 5119760, 5119760,562.91934.fna_vs_GCF_020523705.1_ASM2052370v1_genomic.fna_blast.xml,0,0,0,0,0,0,0,0,5119760,0,0,0,0,0,0,562_subject_array_1739828670.bin
222995,562,Ecol_224,562.15194,9,https://ftp.ncbi.nlm.nih.gov/genomes/all/GCF/002/011/945/GCF_002011945.1_ASM201194v1,9,562.15194.fna,GCF_002011945.1_ASM201194v1_genomic.fna, 5223096, 5223096,562.15194.fna_vs_GCF_002011945.1_ASM201194v1_genomic.fna_blast.xml,0,0,0,0,0,0,0,0,5223095,0,0,1,0,0,0,562_subject_array_1739828674.bin
223008,562,Ecol_881,562.15207,9,https://ftp.ncbi.nlm.nih.gov/genomes/all/GCF/002/012/225/GCF_002012225.1_ASM201222v1,9,562.15207.fna,GCF_002012225.1_ASM201222v1_genomic.fna, 5597549, 5597549,562.15207.fna_vs_GCF_002012225.1_ASM201222v1_genomic.fna_blast.xml,0,0,0,0,0,0,0,0,5597549,0,0,0,0,0,0,562_subject_array_1739828678.bin
223336,562,FLI21,562.138578,9,https://ftp.ncbi.nlm.nih.gov/genomes/all/GCF/034/422/715/GCF_034422715.1_ASM3442271v1,9,562.138578.fna,GCF_034422715.1_ASM3442271v1_genomic.fna, 5210197, 5210197,562.138578.fna_vs_GCF_034422715.1_ASM3442271v1_genomic.fna_blast.xml,0,0,0,0,0,0,0,0,5210197,0,0,0,0,0,0,562_subject_array_1739828683.bin
223796,562,FY31,562.124115,9,https://ftp.ncbi.nlm.nih.gov/genomes/all/GCF/029/133/555/GCF_029133555.1_ASM2913355v1,9,562.124115.fna,GCF_029133555.1_ASM2913355v1_genomic.fna, 5488434, 5488434,562.124115.fna_vs_GCF_029133555.1_ASM2913355v1_genomic.fna_blast.xml,0,0,0,0,0,0,0,0,5488434,0,0,0,0,0,0,562_subject_array_1739828687.bin
224064,562,GD21SC1631TT,562.112413,9,https://ftp.ncbi.nlm.nih.gov/genomes/all/GCF/025/909/775/GCF_025909775.1_ASM2590977v1,9,562.112413.fna,GCF_025909775.1_ASM2590977v1_genomic.fna, 4897476, 4897476,562.112413.fna_vs_GCF_025909775.1_ASM2590977v1_genomic.fna_blast.xml,0,0,0,0,0,0,0,0,4897476,0,0,0,0,0,0,562_subject_array_1739828692.bin
224065,562,GD21SC1747T,562.112412,9,https://ftp.ncbi.nlm.nih.gov/genomes/all/GCF/025/909/795/GCF_025909795.1_ASM2590979v1,9,562.112412.fna,GCF_025909795.1_ASM2590979v1_genomic.fna, 5053195, 5053195,562.112412.fna_vs_GCF_025909795.1_ASM2590979v1_genomic.fna_blast.xml,0,0,0,0,0,0,0,0,5053195,0,0,0,0,0,0,562_subject_array_1739828698.bin
224444,562,GN05476,562.147838,9,https://ftp.ncbi.nlm.nih.gov/genomes/all/GCF/037/273/335/GCF_037273335.1_ASM3727333v1,9,562.147838.fna,GCF_037273335.1_ASM3727333v1_genomic.fna, 5306548, 5306548,562.147838.fna_vs_GCF_037273335.1_ASM3727333v1_genomic.fna_blast.xml,0,0,0,0,0,0,0,0,5306547,0,0,1,0,0,0,562_subject_array_1739828702.bin
224581,562,GTEN_24,562.122059,9,https://ftp.ncbi.nlm.nih.gov/genomes/all/GCF/028/215/995/GCF_028215995.1_ASM2821599v1,9,562.122059.fna,GCF_028215995.1_ASM2821599v1_genomic.fna, 4928480, 5091475,562.122059.fna_vs_GCF_028215995.1_ASM2821599v1_genomic.fna_blast.xml,0,0,2,10,0,0,56,104012,4976496,0,101,2104,8691,0,3,562_subject_array_1739828707.bin
224584,562,GU27,562.128804,9,https://ftp.ncbi.nlm.nih.gov/genomes/all/GCF/030/161/915/GCF_030161915.1_ASM3016191v1,9,562.128804.fna,GCF_030161915.1_ASM3016191v1_genomic.fna, 5420555, 5420555,562.128804.fna_vs_GCF_030161915.1_ASM3016191v1_genomic.fna_blast.xml,0,0,0,0,0,0,0,0,5420555,0,0,0,0,0,0,562_subject_array_1739828711.bin
225837,562,IN-MR569R1,562.135189,9,https://ftp.ncbi.nlm.nih.gov/genomes/all/GCF/032/373/055/GCF_032373055.1_ASM3237305v1,9,562.135189.fna,GCF_032373055.1_ASM3237305v1_genomic.fna, 4929690, 4929690,562.135189.fna_vs_GCF_032373055.1_ASM3237305v1_genomic.fna_blast.xml,0,0,0,0,0,0,0,0,4929690,0,0,0,0,0,0,562_subject_array_1739828717.bin
225841,562,IN-MR674R1,562.135192,9,https://ftp.ncbi.nlm.nih.gov/genomes/all/GCF/032/372/995/GCF_032372995.1_ASM3237299v1,9,562.135192.fna,GCF_032372995.1_ASM3237299v1_genomic.fna, 5047528, 5047528,562.135192.fna_vs_GCF_032372995.1_ASM3237299v1_genomic.fna_blast.xml,0,0,0,0,0,0,0,0,5047528,0,0,0,0,0,0,562_subject_array_1739828722.bin
225844,562,IN-MR680R1,562.135191,9,https://ftp.ncbi.nlm.nih.gov/genomes/all/GCF/032/373/155/GCF_032373155.1_ASM3237315v1,9,562.135191.fna,GCF_032373155.1_ASM3237315v1_genomic.fna, 5050334, 5050334,562.135191.fna_vs_GCF_032373155.1_ASM3237315v1_genomic.fna_blast.xml,0,0,0,0,0,0,0,0,5050334,0,0,0,0,0,0,562_subject_array_1739828727.bin
225853,562,IN-MR725R1,562.135197,9,https://ftp.ncbi.nlm.nih.gov/genomes/all/GCF/032/373/265/GCF_032373265.1_ASM3237326v1,9,562.135197.fna,GCF_032373265.1_ASM3237326v1_genomic.fna, 5094306, 5094306,562.135197.fna_vs_GCF_032373265.1_ASM3237326v1_genomic.fna_blast.xml,0,0,0,0,0,0,0,0,5094306,0,0,0,0,0,0,562_subject_array_1739828732.bin
225854,562,IN-MR725R2,562.135194,9,https://ftp.ncbi.nlm.nih.gov/genomes/all/GCF/032/373/175/GCF_032373175.1_ASM3237317v1,9,562.135194.fna,GCF_032373175.1_ASM3237317v1_genomic.fna, 5213193, 5213193,562.135194.fna_vs_GCF_032373175.1_ASM3237317v1_genomic.fna_blast.xml,0,0,0,0,0,0,0,0,5213193,0,0,0,0,0,0,562_subject_array_1739828737.bin
225855,562,IN-MR725R3,562.135195,9,https://ftp.ncbi.nlm.nih.gov/genomes/all/GCF/032/373/195/GCF_032373195.1_ASM3237319v1,9,562.135195.fna,GCF_032373195.1_ASM3237319v1_genomic.fna, 5207127, 5207127,562.135195.fna_vs_GCF_032373195.1_ASM3237319v1_genomic.fna_blast.xml,0,0,0,0,0,0,0,0,5207127,0,0,0,0,0,0,562_subject_array_1739828741.bin
227226,562,KFu015,562.149271,9,https://ftp.ncbi.nlm.nih.gov/genomes/all/GCF/038/396/395/GCF_038396395.1_ASM3839639v1,9,562.149271.fna,GCF_038396395.1_ASM3839639v1_genomic.fna, 5220947, 5220947,562.149271.fna_vs_GCF_038396395.1_ASM3839639v1_genomic.fna_blast.xml,0,0,0,0,0,0,0,0,5220947,0,0,0,0,0,0,562_subject_array_1739828745.bin
227349,562,KKo003,562.96339,9,https://ftp.ncbi.nlm.nih.gov/genomes/all/GCF/022/494/745/GCF_022494745.1_ASM2249474v1,9,562.96339.fna,GCF_022494745.1_ASM2249474v1_genomic.fna, 5168268, 5168268,562.96339.fna_vs_GCF_022494745.1_ASM2249474v1_genomic.fna_blast.xml,0,0,0,0,0,0,0,0,5168268,0,0,0,0,0,0,562_subject_array_1739828749.bin
227571,562,L103-2,562.39451,9,https://ftp.ncbi.nlm.nih.gov/genomes/all/GCF/004/014/735/GCF_004014735.1_ASM401473v1,9,562.39451.fna,GCF_004014735.1_ASM401473v1_genomic.fna, 5167646, 5167646,562.39451.fna_vs_GCF_004014735.1_ASM401473v1_genomic.fna_blast.xml,0,0,0,0,0,0,0,797,5166846,0,0,0,3,0,0,562_subject_array_1739828754.bin
227707,562,L9,562.138732,9,https://ftp.ncbi.nlm.nih.gov/genomes/all/GCF/035/666/355/GCF_035666355.1_ASM3566635v1,9,562.138732.fna,GCF_035666355.1_ASM3566635v1_genomic.fna, 5001522, 5001522,562.138732.fna_vs_GCF_035666355.1_ASM3566635v1_genomic.fna_blast.xml,0,0,0,0,0,0,0,0,5001522,0,0,0,0,0,0,562_subject_array_1739828757.bin
228103,562,LREC5958,562.149334,9,https://ftp.ncbi.nlm.nih.gov/genomes/all/GCF/038/757/125/GCF_038757125.1_ASM3875712v1,9,562.149334.fna,GCF_038757125.1_ASM3875712v1_genomic.fna, 5358629, 5358629,562.149334.fna_vs_GCF_038757125.1_ASM3875712v1_genomic.fna_blast.xml,0,0,0,0,0,0,0,0,5358629,0,0,0,0,0,0,562_subject_array_1739828761.bin
228879,562,MFDS1016195,562.140259,9,https://ftp.ncbi.nlm.nih.gov/genomes/all/GCF/036/681/545/GCF_036681545.1_ASM3668154v1,9,562.140259.fna,GCF_036681545.1_ASM3668154v1_genomic.fna, 5955341, 5955341,562.140259.fna_vs_GCF_036681545.1_ASM3668154v1_genomic.fna_blast.xml,0,0,0,0,0,0,0,0,5955341,0,0,0,0,0,0,562_subject_array_1739828765.bin
231880,562,MY376,562.67456,9,https://ftp.ncbi.nlm.nih.gov/genomes/all/GCF/015/472/045/GCF_015472045.1_ASM1547204v1,9,562.67456.fna,GCF_015472045.1_ASM1547204v1_genomic.fna, 5040768, 5040768,562.67456.fna_vs_GCF_015472045.1_ASM1547204v1_genomic.fna_blast.xml,0,0,0,0,0,0,0,0,5040768,0,0,0,0,0,0,562_subject_array_1739828769.bin
231887,562,MY413,562.67464,9,https://ftp.ncbi.nlm.nih.gov/genomes/all/GCF/015/472/185/GCF_015472185.1_ASM1547218v1,9,562.67464.fna,GCF_015472185.1_ASM1547218v1_genomic.fna, 5265024, 5265024,562.67464.fna_vs_GCF_015472185.1_ASM1547218v1_genomic.fna_blast.xml,0,0,0,0,0,0,0,0,5265024,0,0,0,0,0,0,562_subject_array_1739828772.bin
232127,562,NCTC12900,562.34151,9,https://ftp.ncbi.nlm.nih.gov/genomes/all/GCF/900/448/275/GCF_900448275.1_50884_F01,9,562.34151.fna,GCF_900448275.1_50884_F01_genomic.fna, 5613409, 5613409,562.34151.fna_vs_GCF_900448275.1_50884_F01_genomic.fna_blast.xml,0,0,0,0,0,0,0,0,5613407,0,0,2,0,0,0,562_subject_array_1739828777.bin
232225,562,NCTC9706,562.34340,9,https://ftp.ncbi.nlm.nih.gov/genomes/all/GCF/900/450/475/GCF_900450475.1_46582_F01,9,562.34340.fna,GCF_900450475.1_46582_F01_genomic.fna, 5520941, 5520941,562.34340.fna_vs_GCF_900450475.1_46582_F01_genomic.fna_blast.xml,0,0,0,0,0,0,0,0,5520941,0,0,0,0,0,0,562_subject_array_1739828783.bin
232236,562,NDM1,562.94071,9,https://ftp.ncbi.nlm.nih.gov/genomes/all/GCF/020/149/645/GCF_020149645.1_ASM2014964v1,9,562.94071.fna,GCF_020149645.1_ASM2014964v1_genomic.fna, 5249684, 5249684,562.94071.fna_vs_GCF_020149645.1_ASM2014964v1_genomic.fna_blast.xml,0,0,0,0,0,0,0,0,5249684,0,0,0,0,0,0,562_subject_array_1739828787.bin
232861,562,Nord8,562.138575,9,https://ftp.ncbi.nlm.nih.gov/genomes/all/GCF/034/421/795/GCF_034421795.1_ASM3442179v1,9,562.138575.fna,GCF_034421795.1_ASM3442179v1_genomic.fna, 5511243, 5511243,562.138575.fna_vs_GCF_034421795.1_ASM3442179v1_genomic.fna_blast.xml,0,0,0,0,0,0,0,0,5511243,0,0,0,0,0,0,562_subject_array_1739828791.bin
232930,562,OHT76-1,562.135144,9,https://ftp.ncbi.nlm.nih.gov/genomes/all/GCF/032/300/135/GCF_032300135.1_ASM3230013v1,9,562.135144.fna,GCF_032300135.1_ASM3230013v1_genomic.fna, 5326280, 5326280,562.135144.fna_vs_GCF_032300135.1_ASM3230013v1_genomic.fna_blast.xml,0,0,0,0,0,0,0,0,5326280,0,0,0,0,0,0,562_subject_array_1739828796.bin
233103,562,OS_02_035_15,562.16365,9,https://ftp.ncbi.nlm.nih.gov/genomes/all/GCF/002/087/735/GCF_002087735.1_ASM208773v1,9,562.16365.fna,GCF_002087735.1_ASM208773v1_genomic.fna, 5370146, 5370146,562.16365.fna_vs_GCF_002087735.1_ASM208773v1_genomic.fna_blast.xml,0,0,1,0,0,0,0,30640,5339479,0,0,2,24,0,0,562_subject_array_1739828800.bin
233111,562,OS_09_001_TOC1,562.16356,9,https://ftp.ncbi.nlm.nih.gov/genomes/all/GCF/002/087/505/GCF_002087505.1_Esch_coli_OS_09_001_TOC1_V5,9,562.16356.fna,GCF_002087505.1_Esch_coli_OS_09_001_TOC1_V5_genomic.fna, 5194030, 5194030,562.16356.fna_vs_GCF_002087505.1_Esch_coli_OS_09_001_TOC1_V5_genomic.fna_blast.xml,0,0,0,0,0,0,0,26465,5167528,0,0,2,34,0,1,562_subject_array_1739828804.bin
233675,562,PI7,562.108576,9,https://ftp.ncbi.nlm.nih.gov/genomes/all/GCF/024/585/925/GCF_024585925.1_ASM2458592v1,9,562.108576.fna,GCF_024585925.1_ASM2458592v1_genomic.fna, 5201754, 5201754,562.108576.fna_vs_GCF_024585925.1_ASM2458592v1_genomic.fna_blast.xml,0,0,0,0,0,0,0,0,5201754,0,0,0,0,0,0,562_subject_array_1739828808.bin
233744,562,PK8275,562.78025,9,https://ftp.ncbi.nlm.nih.gov/genomes/all/GCF/019/428/765/GCF_019428765.1_ASM1942876v1,9,562.78025.fna,GCF_019428765.1_ASM1942876v1_genomic.fna, 5738002, 5738002,562.78025.fna_vs_GCF_019428765.1_ASM1942876v1_genomic.fna_blast.xml,0,0,0,0,0,0,0,0,5738001,0,0,1,0,0,0,562_subject_array_1739828813.bin
233745,562,PK8276,562.78018,9,https://ftp.ncbi.nlm.nih.gov/genomes/all/GCF/019/428/725/GCF_019428725.1_ASM1942872v1,9,562.78018.fna,GCF_019428725.1_ASM1942872v1_genomic.fna, 5351364, 5351364,562.78018.fna_vs_GCF_019428725.1_ASM1942872v1_genomic.fna_blast.xml,0,0,0,0,0,0,0,0,5351363,0,0,1,0,0,0,562_subject_array_1739828817.bin
233931,562,PP-BR324-2,562.89940,9,https://ftp.ncbi.nlm.nih.gov/genomes/all/GCF/021/503/015/GCF_021503015.1_ASM2150301v1,9,562.89940.fna,GCF_021503015.1_ASM2150301v1_genomic.fna, 5079091, 5079091,562.89940.fna_vs_GCF_021503015.1_ASM2150301v1_genomic.fna_blast.xml,0,0,0,0,0,0,0,0,5079091,0,0,0,0,0,0,562_subject_array_1739828821.bin
233967,562,PSS-10,562.139952,9,https://ftp.ncbi.nlm.nih.gov/genomes/all/GCF/036/501/505/GCF_036501505.1_ASM3650150v1,9,562.139952.fna,GCF_036501505.1_ASM3650150v1_genomic.fna, 5095191, 5095191,562.139952.fna_vs_GCF_036501505.1_ASM3650150v1_genomic.fna_blast.xml,0,0,0,0,0,0,0,0,5095191,0,0,0,0,0,0,562_subject_array_1739828826.bin
235121,562,S11,562.133193,9,https://ftp.ncbi.nlm.nih.gov/genomes/all/GCF/030/577/155/GCF_030577155.1_ASM3057715v1,9,562.133193.fna,GCF_030577155.1_ASM3057715v1_genomic.fna, 5261769, 5261769,562.133193.fna_vs_GCF_030577155.1_ASM3057715v1_genomic.fna_blast.xml,0,0,0,0,0,0,0,0,5261769,0,0,0,0,0,0,562_subject_array_1739828829.bin
235123,562,S110-1,562.90570,9,https://ftp.ncbi.nlm.nih.gov/genomes/all/GCF/019/879/685/GCF_019879685.1_ASM1987968v1,9,562.90570.fna,GCF_019879685.1_ASM1987968v1_genomic.fna, 5311043, 5311043,562.90570.fna_vs_GCF_019879685.1_ASM1987968v1_genomic.fna_blast.xml,0,0,0,0,0,0,0,0,5311043,0,0,0,0,0,0,562_subject_array_1739828833.bin
235449,562,SB0283h1,562.73339,9,https://ftp.ncbi.nlm.nih.gov/genomes/all/GCF/017/581/865/GCF_017581865.1_ASM1758186v1,9,562.73339.fna,GCF_017581865.1_ASM1758186v1_genomic.fna, 5206972, 5206972,562.73339.fna_vs_GCF_017581865.1_ASM1758186v1_genomic.fna_blast.xml,0,0,0,0,0,0,0,0,5206972,0,0,0,0,0,0,562_subject_array_1739828837.bin
236907,562,Survcare385,562.76355,9,https://ftp.ncbi.nlm.nih.gov/genomes/all/GCF/018/729/475/GCF_018729475.1_ASM1872947v1,9,562.76355.fna,GCF_018729475.1_ASM1872947v1_genomic.fna, 5109263, 5109263,562.76355.fna_vs_GCF_018729475.1_ASM1872947v1_genomic.fna_blast.xml,0,0,0,0,0,0,0,0,5109263,0,0,0,0,0,0,562_subject_array_1739828842.bin
237443,562,TUM1886,562.131889,9,https://ftp.ncbi.nlm.nih.gov/genomes/all/GCF/030/389/925/GCF_030389925.1_ASM3038992v1,9,562.131889.fna,GCF_030389925.1_ASM3038992v1_genomic.fna, 6012030, 6012030,562.131889.fna_vs_GCF_030389925.1_ASM3038992v1_genomic.fna_blast.xml,0,0,0,0,0,0,0,0,6012029,0,0,1,0,0,0,562_subject_array_1739828846.bin
237447,562,TUM2367,562.135211,9,https://ftp.ncbi.nlm.nih.gov/genomes/all/GCF/032/375/265/GCF_032375265.1_ASM3237526v1,9,562.135211.fna,GCF_032375265.1_ASM3237526v1_genomic.fna, 5407399, 5407399,562.135211.fna_vs_GCF_032375265.1_ASM3237526v1_genomic.fna_blast.xml,0,0,0,4,0,0,15,0,5407149,0,22,209,0,0,0,562_subject_array_1739828850.bin
237462,562,TUM9803,562.135217,9,https://ftp.ncbi.nlm.nih.gov/genomes/all/GCF/032/382/315/GCF_032382315.1_ASM3238231v1,9,562.135217.fna,GCF_032382315.1_ASM3238231v1_genomic.fna, 6025461, 6025461,562.135217.fna_vs_GCF_032382315.1_ASM3238231v1_genomic.fna_blast.xml,0,0,0,0,0,0,0,0,6025461,0,0,0,0,0,0,562_subject_array_1739828855.bin
237714,562,U12A,562.45438,9,https://ftp.ncbi.nlm.nih.gov/genomes/all/GCF/004/141/955/GCF_004141955.1_ASM414195v1,9,562.45438.fna,GCF_004141955.1_ASM414195v1_genomic.fna, 5384821, 5384821,562.45438.fna_vs_GCF_004141955.1_ASM414195v1_genomic.fna_blast.xml,0,0,0,0,0,0,0,0,5384821,0,0,0,0,0,0,562_subject_array_1739828859.bin
237772,562,UCI159,562.67184,9,https://ftp.ncbi.nlm.nih.gov/genomes/all/GCF/014/901/755/GCF_014901755.1_ASM1490175v1,9,562.67184.fna,GCF_014901755.1_ASM1490175v1_genomic.fna, 5334370, 5334370,562.67184.fna_vs_GCF_014901755.1_ASM1490175v1_genomic.fna_blast.xml,0,0,1,0,0,0,0,128333,5205999,0,0,3,34,0,0,562_subject_array_1739828863.bin
237773,562,UCI160,562.67181,9,https://ftp.ncbi.nlm.nih.gov/genomes/all/GCF/014/901/715/GCF_014901715.1_ASM1490171v1,9,562.67181.fna,GCF_014901715.1_ASM1490171v1_genomic.fna, 5264805, 5264805,562.67181.fna_vs_GCF_014901715.1_ASM1490171v1_genomic.fna_blast.xml,0,0,0,0,0,0,0,78350,5186428,0,0,2,25,0,0,562_subject_array_1739828866.bin
239255,562,WCHEC005237,562.28387,9,https://ftp.ncbi.nlm.nih.gov/genomes/all/GCF/002/945/135/GCF_002945135.3_ASM294513v3,9,562.28387.fna,GCF_002945135.3_ASM294513v3_genomic.fna, 5187538, 5187212,562.28387.fna_vs_GCF_002945135.3_ASM294513v3_genomic.fna_blast.xml,0,0,0,0,0,0,1,0,5180932,0,7,68,6204,0,0,562_subject_array_1739828870.bin
239267,562,WCHEC025970,562.45678,9,https://ftp.ncbi.nlm.nih.gov/genomes/all/GCF/004/295/365/GCF_004295365.1_ASM429536v1,9,562.45678.fna,GCF_004295365.1_ASM429536v1_genomic.fna, 5304202, 5304202,562.45678.fna_vs_GCF_004295365.1_ASM429536v1_genomic.fna_blast.xml,0,0,0,0,0,0,0,0,5304201,0,0,1,0,0,0,562_subject_array_1739828873.bin
239629,562,X_16,562.115234,9,https://ftp.ncbi.nlm.nih.gov/genomes/all/GCF/026/619/845/GCF_026619845.1_ASM2661984v1,9,562.115234.fna,GCF_026619845.1_ASM2661984v1_genomic.fna, 5220148, 5220148,562.115234.fna_vs_GCF_026619845.1_ASM2661984v1_genomic.fna_blast.xml,0,0,0,0,0,0,0,0,5220148,0,0,0,0,0,0,562_subject_array_1739828877.bin
239632,562,X_19,562.115225,9,https://ftp.ncbi.nlm.nih.gov/genomes/all/GCF/026/619/695/GCF_026619695.1_ASM2661969v1,9,562.115225.fna,GCF_026619695.1_ASM2661969v1_genomic.fna, 5330907, 5330907,562.115225.fna_vs_GCF_026619695.1_ASM2661969v1_genomic.fna_blast.xml,0,0,0,0,0,0,0,0,5330907,0,0,0,0,0,0,562_subject_array_1739828881.bin
239647,562,X_42,562.115218,9,https://ftp.ncbi.nlm.nih.gov/genomes/all/GCF/026/615/665/GCF_026615665.1_ASM2661566v1,9,562.115218.fna,GCF_026615665.1_ASM2661566v1_genomic.fna, 5327872, 5327872,562.115218.fna_vs_GCF_026615665.1_ASM2661566v1_genomic.fna_blast.xml,0,0,0,0,0,0,0,0,5327872,0,0,0,0,0,0,562_subject_array_1739828884.bin
239672,562,X_81,562.115191,9,https://ftp.ncbi.nlm.nih.gov/genomes/all/GCF/026/614/855/GCF_026614855.1_ASM2661485v1,9,562.115191.fna,GCF_026614855.1_ASM2661485v1_genomic.fna, 5493648, 5493648,562.115191.fna_vs_GCF_026614855.1_ASM2661485v1_genomic.fna_blast.xml,0,0,0,0,0,0,0,0,5493648,0,0,0,0,0,0,562_subject_array_1739828888.bin
239677,562,X_86,562.115187,9,https://ftp.ncbi.nlm.nih.gov/genomes/all/GCF/026/614/775/GCF_026614775.1_ASM2661477v1,9,562.115187.fna,GCF_026614775.1_ASM2661477v1_genomic.fna, 5438466, 5438466,562.115187.fna_vs_GCF_026614775.1_ASM2661477v1_genomic.fna_blast.xml,0,0,0,0,0,0,0,0,5438466,0,0,0,0,0,0,562_subject_array_1739828891.bin
240273,562,ZY22049,562.122164,9,https://ftp.ncbi.nlm.nih.gov/genomes/all/GCF/028/473/865/GCF_028473865.1_ASM2847386v1,9,562.122164.fna,GCF_028473865.1_ASM2847386v1_genomic.fna, 5279492, 5293588,562.122164.fna_vs_GCF_028473865.1_ASM2847386v1_genomic.fna_blast.xml,0,0,8,1,0,0,5,5308,5282646,0,6,297,5308,0,9,562_subject_array_1739828895.bin
240292,562,Zam_UTH_50,562.69644,9,https://ftp.ncbi.nlm.nih.gov/genomes/all/GCF/016/587/315/GCF_016587315.1_ASM1658731v1,9,562.69644.fna,GCF_016587315.1_ASM1658731v1_genomic.fna, 5081815, 5081815,562.69644.fna_vs_GCF_016587315.1_ASM1658731v1_genomic.fna_blast.xml,0,0,0,0,0,0,0,0,5081815,0,0,0,0,0,0,562_subject_array_1739828899.bin
240627,562,elppa5,562.94176,9,https://ftp.ncbi.nlm.nih.gov/genomes/all/GCF/020/827/635/GCF_020827635.1_ASM2082763v1,9,562.94176.fna,GCF_020827635.1_ASM2082763v1_genomic.fna, 5379061, 5379061,562.94176.fna_vs_GCF_020827635.1_ASM2082763v1_genomic.fna_blast.xml,0,0,0,0,0,0,0,0,5379061,0,0,0,0,0,0,562_subject_array_1739828902.bin
240803,562,rl0044,562.125011,9,https://ftp.ncbi.nlm.nih.gov/genomes/all/GCF/029/674/645/GCF_029674645.1_ASM2967464v1,9,562.125011.fna,GCF_029674645.1_ASM2967464v1_genomic.fna, 5833592, 5833592,562.125011.fna_vs_GCF_029674645.1_ASM2967464v1_genomic.fna_blast.xml,0,0,0,0,0,0,0,0,5833592,0,0,0,0,0,0,562_subject_array_1739828907.bin
241267,562,ymmD45,562.128952,9,https://ftp.ncbi.nlm.nih.gov/genomes/all/GCF/030/143/755/GCF_030143755.1_ASM3014375v1,9,562.128952.fna,GCF_030143755.1_ASM3014375v1_genomic.fna, 5975948, 5975948,562.128952.fna_vs_GCF_030143755.1_ASM3014375v1_genomic.fna_blast.xml,0,0,0,0,0,0,0,0,5975948,0,0,0,0,0,0,562_subject_array_1739828911.bin
241377,564,EF21JD053,564.400,9,https://ftp.ncbi.nlm.nih.gov/genomes/all/GCF/023/094/055/GCF_023094055.1_ASM2309405v1,9,564.400.fna,GCF_023094055.1_ASM2309405v1_genomic.fna, 5228048, 5228048,564.400.fna_vs_GCF_023094055.1_ASM2309405v1_genomic.fna_blast.xml,0,0,0,0,0,0,0,0,5228047,0,0,1,0,0,0,564_subject_array_1739828914.bin
241471,564,RHB41-C23,564.87,9,https://ftp.ncbi.nlm.nih.gov/genomes/all/GCF/013/591/455/GCF_013591455.1_ASM1359145v1,9,564.87.fna,GCF_013591455.1_ASM1359145v1_genomic.fna, 4888243, 4888243,564.87.fna_vs_GCF_013591455.1_ASM1359145v1_genomic.fna_blast.xml,0,0,0,0,0,0,0,0,4888243,0,0,0,0,0,0,564_subject_array_1739828917.bin
241529,56448,CFBP 8140,56448.117,9,https://ftp.ncbi.nlm.nih.gov/genomes/all/GCF/014/205/665/GCF_014205665.1_ASM1420566v1,9,56448.117.fna,GCF_014205665.1_ASM1420566v1_genomic.fna, 4830954, 4830954,56448.117.fna_vs_GCF_014205665.1_ASM1420566v1_genomic.fna_blast.xml,0,0,0,0,0,0,0,192,4830762,0,0,0,0,0,0,56448_subject_array_1739828921.bin
242406,571256,BU72,571256.17,9,https://ftp.ncbi.nlm.nih.gov/genomes/all/GCF/002/803/535/GCF_002803535.1_ASM280353v1,9,571256.17.fna,GCF_002803535.1_ASM280353v1_genomic.fna, 4885407, 4885407,571256.17.fna_vs_GCF_002803535.1_ASM280353v1_genomic.fna_blast.xml,0,0,0,0,0,0,0,1197,4884208,0,0,0,2,0,0,571256_subject_array_1739828925.bin
242536,573,0804007,573.64497,9,https://ftp.ncbi.nlm.nih.gov/genomes/all/GCF/033/863/175/GCF_033863175.1_ASM3386317v1,9,573.64497.fna,GCF_033863175.1_ASM3386317v1_genomic.fna, 5944387, 5944387,573.64497.fna_vs_GCF_033863175.1_ASM3386317v1_genomic.fna_blast.xml,0,0,0,0,0,0,0,0,5944387,0,0,0,0,0,0,573_subject_array_1739828930.bin
242686,573,11383,573.64506,9,https://ftp.ncbi.nlm.nih.gov/genomes/all/GCF/033/854/795/GCF_033854795.1_ASM3385479v1,9,573.64506.fna,GCF_033854795.1_ASM3385479v1_genomic.fna, 6056256, 6056256,573.64506.fna_vs_GCF_033854795.1_ASM3385479v1_genomic.fna_blast.xml,0,0,0,0,0,0,0,0,6056256,0,0,0,0,0,0,573_subject_array_1739828934.bin
242842,573,1390,573.50835,9,https://ftp.ncbi.nlm.nih.gov/genomes/all/GCF/024/917/075/GCF_024917075.1_ASM2491707v1,9,573.50835.fna,GCF_024917075.1_ASM2491707v1_genomic.fna, 5585026, 5585026,573.50835.fna_vs_GCF_024917075.1_ASM2491707v1_genomic.fna_blast.xml,0,0,0,0,0,0,0,0,5585026,0,0,0,0,0,0,573_subject_array_1739828938.bin
242894,573,149,573.36163,9,https://ftp.ncbi.nlm.nih.gov/genomes/all/GCF/016/881/525/GCF_016881525.1_ASM1688152v1,9,573.36163.fna,GCF_016881525.1_ASM1688152v1_genomic.fna, 5910975, 5910975,573.36163.fna_vs_GCF_016881525.1_ASM1688152v1_genomic.fna_blast.xml,0,0,0,0,0,0,0,0,5910975,0,0,0,0,0,0,573_subject_array_1739828943.bin
242999,573,161,573.69409,9,https://ftp.ncbi.nlm.nih.gov/genomes/all/GCF/037/477/785/GCF_037477785.1_ASM3747778v1,9,573.69409.fna,GCF_037477785.1_ASM3747778v1_genomic.fna, 5531365, 5531365,573.69409.fna_vs_GCF_037477785.1_ASM3747778v1_genomic.fna_blast.xml,0,0,0,0,0,0,0,0,5531365,0,0,0,0,0,0,573_subject_array_1739828947.bin
243254,573,180,573.69411,9,https://ftp.ncbi.nlm.nih.gov/genomes/all/GCF/037/477/765/GCF_037477765.1_ASM3747776v1,9,573.69411.fna,GCF_037477765.1_ASM3747776v1_genomic.fna, 5534183, 5534183,573.69411.fna_vs_GCF_037477765.1_ASM3747776v1_genomic.fna_blast.xml,0,0,0,0,0,0,0,0,5534183,0,0,0,0,0,0,573_subject_array_1739828951.bin
243755,573,205880,573.29583,9,https://ftp.ncbi.nlm.nih.gov/genomes/all/GCF/009/931/035/GCF_009931035.1_ASM993103v1,9,573.29583.fna,GCF_009931035.1_ASM993103v1_genomic.fna, 6097855, 6097855,573.29583.fna_vs_GCF_009931035.1_ASM993103v1_genomic.fna_blast.xml,0,0,0,0,0,0,0,0,6097855,0,0,0,0,0,0,573_subject_array_1739828955.bin
243896,573,229_19,573.52707,9,https://ftp.ncbi.nlm.nih.gov/genomes/all/GCF/026/223/265/GCF_026223265.1_ASM2622326v1,9,573.52707.fna,GCF_026223265.1_ASM2622326v1_genomic.fna, 5827867, 5827867,573.52707.fna_vs_GCF_026223265.1_ASM2622326v1_genomic.fna_blast.xml,0,0,0,0,0,0,0,0,5827867,0,0,0,0,0,0,573_subject_array_1739828959.bin
245307,573,64EVAM,573.64481,9,https://ftp.ncbi.nlm.nih.gov/genomes/all/GCF/033/802/585/GCF_033802585.1_ASM3380258v1,9,573.64481.fna,GCF_033802585.1_ASM3380258v1_genomic.fna, 5797982, 5797982,573.64481.fna_vs_GCF_033802585.1_ASM3380258v1_genomic.fna_blast.xml,0,0,0,0,0,0,0,0,5797982,0,0,0,0,0,0,573_subject_array_1739828963.bin
245817,573,ARGID_27767,573.44261,9,https://ftp.ncbi.nlm.nih.gov/genomes/all/GCF/922/823/825/GCF_922823825.1_ARGID_27767,9,573.44261.fna,GCF_922823825.1_ARGID_27767_genomic.fna, 5742290, 5742290,573.44261.fna_vs_GCF_922823825.1_ARGID_27767_genomic.fna_blast.xml,0,0,0,0,0,0,0,0,5742290,0,0,0,0,0,0,573_subject_array_1739828968.bin
245853,573,AR_0040,573.7031,9,https://ftp.ncbi.nlm.nih.gov/genomes/all/GCF/001/875/105/GCF_001875105.1_ASM187510v1,9,573.7031.fna,GCF_001875105.1_ASM187510v1_genomic.fna, 5784278, 5784278,573.7031.fna_vs_GCF_001875105.1_ASM187510v1_genomic.fna_blast.xml,0,0,0,0,0,0,0,0,5784278,0,0,0,0,0,0,573_subject_array_1739828971.bin
245855,573,AR_0042,573.7022,9,https://ftp.ncbi.nlm.nih.gov/genomes/all/GCF/001/874/695/GCF_001874695.1_ASM187469v1,9,573.7022.fna,GCF_001874695.1_ASM187469v1_genomic.fna, 5565288, 5565288,573.7022.fna_vs_GCF_001874695.1_ASM187469v1_genomic.fna_blast.xml,0,0,0,0,0,0,0,0,5565288,0,0,0,0,0,0,573_subject_array_1739828975.bin
246083,573,B32278,573.37200,9,https://ftp.ncbi.nlm.nih.gov/genomes/all/GCF/017/742/935/GCF_017742935.1_ASM1774293v1,9,573.37200.fna,GCF_017742935.1_ASM1774293v1_genomic.fna, 5507145, 5507145,573.37200.fna_vs_GCF_017742935.1_ASM1774293v1_genomic.fna_blast.xml,0,0,0,0,0,0,0,0,5507145,0,0,0,0,0,0,573_subject_array_1739828979.bin
246127,573,BA11088,573.56400,9,https://ftp.ncbi.nlm.nih.gov/genomes/all/GCF/030/322/925/GCF_030322925.1_ASM3032292v1,9,573.56400.fna,GCF_030322925.1_ASM3032292v1_genomic.fna, 5555316, 5555316,573.56400.fna_vs_GCF_030322925.1_ASM3032292v1_genomic.fna_blast.xml,0,0,0,0,0,0,0,0,5555316,0,0,0,0,0,0,573_subject_array_1739828983.bin
246211,573,BA34918,573.25676,9,https://ftp.ncbi.nlm.nih.gov/genomes/all/GCF/004/295/405/GCF_004295405.1_ASM429540v1,9,573.25676.fna,GCF_004295405.1_ASM429540v1_genomic.fna, 6181364, 6181364,573.25676.fna_vs_GCF_004295405.1_ASM429540v1_genomic.fna_blast.xml,0,0,0,0,0,0,0,0,6181364,0,0,0,0,0,0,573_subject_array_1739828988.bin
246258,573,BAMC 07-18,573.1359,9,https://ftp.ncbi.nlm.nih.gov/genomes/all/GCF/000/764/635/GCF_000764635.1_ASM76463v1,9,573.1359.fna,GCF_000764635.1_ASM76463v1_genomic.fna, 5564935, 5564935,573.1359.fna_vs_GCF_000764635.1_ASM76463v1_genomic.fna_blast.xml,0,0,0,0,0,0,0,1813,5563121,0,0,0,1,0,0,573_subject_array_1739828992.bin
246320,573,BD_DM_697,573.29366,9,https://ftp.ncbi.nlm.nih.gov/genomes/all/GCF/009/791/495/GCF_009791495.1_ASM979149v1,9,573.29366.fna,GCF_009791495.1_ASM979149v1_genomic.fna, 5834780, 5834780,573.29366.fna_vs_GCF_009791495.1_ASM979149v1_genomic.fna_blast.xml,0,0,0,0,0,0,0,0,5834780,0,0,0,0,0,0,573_subject_array_1739828996.bin
247129,573,CIM-Carb-048,573.63962,9,https://ftp.ncbi.nlm.nih.gov/genomes/all/GCF/033/901/035/GCF_033901035.1_ASM3390103v1,9,573.63962.fna,GCF_033901035.1_ASM3390103v1_genomic.fna, 6074690, 6074690,573.63962.fna_vs_GCF_033901035.1_ASM3390103v1_genomic.fna_blast.xml,0,0,0,0,0,0,0,0,6074690,0,0,0,0,0,0,573_subject_array_1739829000.bin
247373,573,CPE7,573.34153,9,https://ftp.ncbi.nlm.nih.gov/genomes/all/GCF/015/356/355/GCF_015356355.1_ASM1535635v1,9,573.34153.fna,GCF_015356355.1_ASM1535635v1_genomic.fna, 5859827, 5859827,573.34153.fna_vs_GCF_015356355.1_ASM1535635v1_genomic.fna_blast.xml,0,0,0,0,0,0,0,0,5859827,0,0,0,0,0,0,573_subject_array_1739829005.bin
247396,573,CPO318,573.56218,9,https://ftp.ncbi.nlm.nih.gov/genomes/all/GCF/030/294/345/GCF_030294345.1_ASM3029434v1,9,573.56218.fna,GCF_030294345.1_ASM3029434v1_genomic.fna, 5969959, 5969959,573.56218.fna_vs_GCF_030294345.1_ASM3029434v1_genomic.fna_blast.xml,0,0,0,0,0,0,0,0,5969959,0,0,0,0,0,0,573_subject_array_1739829009.bin
248181,573,DJ,573.44254,9,https://ftp.ncbi.nlm.nih.gov/genomes/all/GCF/920/103/885/GCF_920103885.1_DJ,9,573.44254.fna,GCF_920103885.1_DJ_genomic.fna, 5808477, 5808477,573.44254.fna_vs_GCF_920103885.1_DJ_genomic.fna_blast.xml,0,0,0,0,0,0,0,0,5808477,0,0,0,0,0,0,573_subject_array_1739829013.bin
250782,573,HKP0018,573.33842,9,https://ftp.ncbi.nlm.nih.gov/genomes/all/GCF/014/495/785/GCF_014495785.1_ASM1449578v1,9,573.33842.fna,GCF_014495785.1_ASM1449578v1_genomic.fna, 5729180, 5729180,573.33842.fna_vs_GCF_014495785.1_ASM1449578v1_genomic.fna_blast.xml,0,0,0,0,0,0,0,0,5729180,0,0,0,0,0,0,573_subject_array_1739829017.bin
250784,573,HKP0067,573.33841,9,https://ftp.ncbi.nlm.nih.gov/genomes/all/GCF/014/495/765/GCF_014495765.1_ASM1449576v1,9,573.33841.fna,GCF_014495765.1_ASM1449576v1_genomic.fna, 5730837, 5730837,573.33841.fna_vs_GCF_014495765.1_ASM1449576v1_genomic.fna_blast.xml,0,0,0,0,0,0,0,0,5730837,0,0,0,0,0,0,573_subject_array_1739829021.bin
251100,573,INF118,573.45094,9,https://ftp.ncbi.nlm.nih.gov/genomes/all/GCF/020/149/875/GCF_020149875.1_ASM2014987v1,9,573.45094.fna,GCF_020149875.1_ASM2014987v1_genomic.fna, 5853109, 5853109,573.45094.fna_vs_GCF_020149875.1_ASM2014987v1_genomic.fna_blast.xml,0,0,0,0,0,0,0,0,5853109,0,0,0,0,0,0,573_subject_array_1739829025.bin
251101,573,INF133,573.34239,9,https://ftp.ncbi.nlm.nih.gov/genomes/all/GCF/904/863/195/GCF_904863195.1_INF133,9,573.34239.fna,GCF_904863195.1_INF133_genomic.fna, 5830162, 5830162,573.34239.fna_vs_GCF_904863195.1_INF133_genomic.fna_blast.xml,0,0,0,0,0,0,0,0,5830162,0,0,0,0,0,0,573_subject_array_1739829028.bin
251474,573,K191663,573.39715,9,https://ftp.ncbi.nlm.nih.gov/genomes/all/GCF/019/443/545/GCF_019443545.1_ASM1944354v1,9,573.39715.fna,GCF_019443545.1_ASM1944354v1_genomic.fna, 5731197, 5731197,573.39715.fna_vs_GCF_019443545.1_ASM1944354v1_genomic.fna_blast.xml,0,0,0,0,0,0,0,0,5731195,0,0,2,0,0,0,573_subject_array_1739829032.bin
252100,573,KP-7Pi,573.45783,9,https://ftp.ncbi.nlm.nih.gov/genomes/all/GCF/022/393/055/GCF_022393055.1_ASM2239305v1,9,573.45783.fna,GCF_022393055.1_ASM2239305v1_genomic.fna, 5921127, 5921127,573.45783.fna_vs_GCF_022393055.1_ASM2239305v1_genomic.fna_blast.xml,0,0,0,0,0,0,0,0,5921123,0,0,4,0,0,0,573_subject_array_1739829036.bin
252193,573,KP0265,573.53476,9,https://ftp.ncbi.nlm.nih.gov/genomes/all/GCF/027/584/555/GCF_027584555.1_ASM2758455v1,9,573.53476.fna,GCF_027584555.1_ASM2758455v1_genomic.fna, 5417645, 5520465,573.53476.fna_vs_GCF_027584555.1_ASM2758455v1_genomic.fna_blast.xml,0,0,3,2,0,0,11,98917,5419006,0,11,52,2463,0,0,573_subject_array_1739829039.bin
252510,573,KP200731214,573.44652,9,https://ftp.ncbi.nlm.nih.gov/genomes/all/GCF/020/520/225/GCF_020520225.1_ASM2052022v1,9,573.44652.fna,GCF_020520225.1_ASM2052022v1_genomic.fna, 5949458, 5949458,573.44652.fna_vs_GCF_020520225.1_ASM2052022v1_genomic.fna_blast.xml,0,0,0,0,0,0,0,100,5949358,0,0,0,0,0,0,573_subject_array_1739829043.bin
252712,573,KP32558,573.38181,9,https://ftp.ncbi.nlm.nih.gov/genomes/all/GCF/018/623/105/GCF_018623105.1_ASM1862310v1,9,573.38181.fna,GCF_018623105.1_ASM1862310v1_genomic.fna, 5939121, 5939121,573.38181.fna_vs_GCF_018623105.1_ASM1862310v1_genomic.fna_blast.xml,0,0,0,0,0,0,0,100,5939021,0,0,0,0,0,0,573_subject_array_1739829046.bin
252750,573,KP424,573.51891,9,https://ftp.ncbi.nlm.nih.gov/genomes/all/GCF/025/946/965/GCF_025946965.1_ASM2594696v1,9,573.51891.fna,GCF_025946965.1_ASM2594696v1_genomic.fna, 6044973, 6044973,573.51891.fna_vs_GCF_025946965.1_ASM2594696v1_genomic.fna_blast.xml,0,0,0,0,0,0,0,0,6044973,0,0,0,0,0,0,573_subject_array_1739829049.bin
253069,573,KPNIH49,573.17822,9,https://ftp.ncbi.nlm.nih.gov/genomes/all/GCF/002/903/025/GCF_002903025.1_ASM290302v1,9,573.17822.fna,GCF_002903025.1_ASM290302v1_genomic.fna, 6374553, 6374553,573.17822.fna_vs_GCF_002903025.1_ASM290302v1_genomic.fna_blast.xml,0,0,0,0,0,0,0,0,6374553,0,0,0,0,0,0,573_subject_array_1739829054.bin
253681,573,Kp_14.MM,573.49995,9,https://ftp.ncbi.nlm.nih.gov/genomes/all/GCF/024/580/215/GCF_024580215.1_ASM2458021v1,9,573.49995.fna,GCF_024580215.1_ASM2458021v1_genomic.fna, 5629569, 5629569,573.49995.fna_vs_GCF_024580215.1_ASM2458021v1_genomic.fna_blast.xml,0,0,0,0,0,0,0,0,5629569,0,0,0,0,0,0,573_subject_array_1739829057.bin
253702,573,Kp_Goe_822917,573.7245,9,https://ftp.ncbi.nlm.nih.gov/genomes/all/GCF/001/902/415/GCF_001902415.1_ASM190241v1,9,573.7245.fna,GCF_001902415.1_ASM190241v1_genomic.fna, 5584283, 5584283,573.7245.fna_vs_GCF_001902415.1_ASM190241v1_genomic.fna_blast.xml,0,0,0,0,0,0,0,0,5584283,0,0,0,0,0,0,573_subject_array_1739829060.bin
254058,573,L3835,573.56482,9,https://ftp.ncbi.nlm.nih.gov/genomes/all/GCF/030/262/555/GCF_030262555.1_ASM3026255v1,9,573.56482.fna,GCF_030262555.1_ASM3026255v1_genomic.fna, 5761930, 5761930,573.56482.fna_vs_GCF_030262555.1_ASM3026255v1_genomic.fna_blast.xml,0,0,0,0,0,0,0,0,5761930,0,0,0,0,0,0,573_subject_array_1739829064.bin
254185,573,LC_165,573.59082,9,https://ftp.ncbi.nlm.nih.gov/genomes/all/GCF/031/775/615/GCF_031775615.1_ASM3177561v1,9,573.59082.fna,GCF_031775615.1_ASM3177561v1_genomic.fna, 5701902, 5701902,573.59082.fna_vs_GCF_031775615.1_ASM3177561v1_genomic.fna_blast.xml,0,0,0,0,0,0,0,0,5701902,0,0,0,0,0,0,573_subject_array_1739829067.bin
254186,573,LC_3,573.59088,9,https://ftp.ncbi.nlm.nih.gov/genomes/all/GCF/031/776/275/GCF_031776275.1_ASM3177627v1,9,573.59088.fna,GCF_031776275.1_ASM3177627v1_genomic.fna, 6007688, 6007688,573.59088.fna_vs_GCF_031776275.1_ASM3177627v1_genomic.fna_blast.xml,0,0,0,0,0,0,0,0,6007688,0,0,0,0,0,0,573_subject_array_1739829071.bin
254407,573,MGH133,573.9800,9,https://ftp.ncbi.nlm.nih.gov/genomes/all/GCF/002/152/405/GCF_002152405.1_ASM215240v1,9,573.9800.fna,GCF_002152405.1_ASM215240v1_genomic.fna, 6031510, 6031510,573.9800.fna_vs_GCF_002152405.1_ASM215240v1_genomic.fna_blast.xml,0,0,0,0,0,0,0,144464,5887039,0,0,1,6,0,0,573_subject_array_1739829074.bin
254428,573,MGH186,573.9814,9,https://ftp.ncbi.nlm.nih.gov/genomes/all/GCF/002/152/685/GCF_002152685.1_ASM215268v1,9,573.9814.fna,GCF_002152685.1_ASM215268v1_genomic.fna, 5664066, 5664066,573.9814.fna_vs_GCF_002152685.1_ASM215268v1_genomic.fna_blast.xml,0,0,0,0,0,0,0,46640,5617403,0,0,0,23,0,0,573_subject_array_1739829077.bin
254524,573,MIN-126,573.43842,9,https://ftp.ncbi.nlm.nih.gov/genomes/all/GCF/021/461/325/GCF_021461325.1_ASM2146132v1,9,573.43842.fna,GCF_021461325.1_ASM2146132v1_genomic.fna, 5980083, 5980083,573.43842.fna_vs_GCF_021461325.1_ASM2146132v1_genomic.fna_blast.xml,0,0,0,0,0,0,0,0,5980083,0,0,0,0,0,0,573_subject_array_1739829081.bin
254955,573,NCRE-61,573.55084,9,https://ftp.ncbi.nlm.nih.gov/genomes/all/GCF/029/853/875/GCF_029853875.1_ASM2985387v1,9,573.55084.fna,GCF_029853875.1_ASM2985387v1_genomic.fna, 6120299, 6120299,573.55084.fna_vs_GCF_029853875.1_ASM2985387v1_genomic.fna_blast.xml,0,0,0,0,0,0,0,0,6120299,0,0,0,0,0,0,573_subject_array_1739829084.bin
255208,573,NMI4313_18,573.47147,9,https://ftp.ncbi.nlm.nih.gov/genomes/all/GCF/022/748/955/GCF_022748955.1_ASM2274895v1,9,573.47147.fna,GCF_022748955.1_ASM2274895v1_genomic.fna, 5866303, 5866303,573.47147.fna_vs_GCF_022748955.1_ASM2274895v1_genomic.fna_blast.xml,0,0,0,0,0,0,0,0,5866303,0,0,0,0,0,0,573_subject_array_1739829088.bin
255250,573,NMI7902_18,573.47144,9,https://ftp.ncbi.nlm.nih.gov/genomes/all/GCF/022/748/895/GCF_022748895.1_ASM2274889v1,9,573.47144.fna,GCF_022748895.1_ASM2274889v1_genomic.fna, 5817415, 5817415,573.47144.fna_vs_GCF_022748895.1_ASM2274889v1_genomic.fna_blast.xml,0,0,0,0,0,0,0,0,5817415,0,0,0,0,0,0,573_subject_array_1739829091.bin
255407,573,ONE259,573.43896,9,https://ftp.ncbi.nlm.nih.gov/genomes/all/GCF/021/496/095/GCF_021496095.1_ASM2149609v1,9,573.43896.fna,GCF_021496095.1_ASM2149609v1_genomic.fna, 5766661, 5766661,573.43896.fna_vs_GCF_021496095.1_ASM2149609v1_genomic.fna_blast.xml,0,0,0,0,0,0,0,0,5766661,0,0,0,0,0,0,573_subject_array_1739829095.bin
255680,573,PEKP4026,573.53629,9,https://ftp.ncbi.nlm.nih.gov/genomes/all/GCF/028/527/345/GCF_028527345.1_ASM2852734v1,9,573.53629.fna,GCF_028527345.1_ASM2852734v1_genomic.fna, 5868764, 6096404,573.53629.fna_vs_GCF_028527345.1_ASM2852734v1_genomic.fna_blast.xml,0,0,170,21,0,0,33,147088,5893531,0,42,7361,47943,0,215,573_subject_array_1739829098.bin
255685,573,PEKP4104,573.53631,9,https://ftp.ncbi.nlm.nih.gov/genomes/all/GCF/028/527/305/GCF_028527305.1_ASM2852730v1,9,573.53631.fna,GCF_028527305.1_ASM2852730v1_genomic.fna, 5373860, 5878352,573.53631.fna_vs_GCF_028527305.1_ASM2852730v1_genomic.fna_blast.xml,0,0,40,5,0,0,11,485819,5379973,0,12,920,11516,0,56,573_subject_array_1739829101.bin
255893,573,PP-E-165-4,573.63107,9,https://ftp.ncbi.nlm.nih.gov/genomes/all/GCF/033/033/475/GCF_033033475.1_ASM3303347v1,9,573.63107.fna,GCF_033033475.1_ASM3303347v1_genomic.fna, 5823109, 5823109,573.63107.fna_vs_GCF_033033475.1_ASM3303347v1_genomic.fna_blast.xml,0,0,0,0,0,0,0,0,5823109,0,0,0,0,0,0,573_subject_array_1739829105.bin
256042,573,PVT01,573.31860,9,https://ftp.ncbi.nlm.nih.gov/genomes/all/GCF/013/303/005/GCF_013303005.1_ASM1330300v1,9,573.31860.fna,GCF_013303005.1_ASM1330300v1_genomic.fna, 5630899, 5630899,573.31860.fna_vs_GCF_013303005.1_ASM1330300v1_genomic.fna_blast.xml,0,0,0,0,0,0,0,0,5630899,0,0,0,0,0,0,573_subject_array_1739829108.bin
256175,573,RGF172-1,573.37806,9,https://ftp.ncbi.nlm.nih.gov/genomes/all/GCF/018/583/245/GCF_018583245.1_ASM1858324v1,9,573.37806.fna,GCF_018583245.1_ASM1858324v1_genomic.fna, 5786053, 5786053,573.37806.fna_vs_GCF_018583245.1_ASM1858324v1_genomic.fna_blast.xml,0,0,0,0,0,0,0,0,5786053,0,0,0,0,0,0,573_subject_array_1739829111.bin
256184,573,RGT34-2,573.37811,9,https://ftp.ncbi.nlm.nih.gov/genomes/all/GCF/018/583/325/GCF_018583325.1_ASM1858332v1,9,573.37811.fna,GCF_018583325.1_ASM1858332v1_genomic.fna, 6000844, 6000844,573.37811.fna_vs_GCF_018583325.1_ASM1858332v1_genomic.fna_blast.xml,0,0,0,0,0,0,1,0,6000842,0,0,1,0,0,0,573_subject_array_1739829114.bin
256209,573,RHBSTW-00433,573.32324,9,https://ftp.ncbi.nlm.nih.gov/genomes/all/GCF/013/737/695/GCF_013737695.1_ASM1373769v1,9,573.32324.fna,GCF_013737695.1_ASM1373769v1_genomic.fna, 5677324, 5677324,573.32324.fna_vs_GCF_013737695.1_ASM1373769v1_genomic.fna_blast.xml,0,0,0,0,0,0,0,0,5677324,0,0,0,0,0,0,573_subject_array_1739829118.bin
256211,573,RHBSTW-00510,573.32323,9,https://ftp.ncbi.nlm.nih.gov/genomes/all/GCF/013/736/155/GCF_013736155.1_ASM1373615v1,9,573.32323.fna,GCF_013736155.1_ASM1373615v1_genomic.fna, 5990576, 5990576,573.32323.fna_vs_GCF_013736155.1_ASM1373615v1_genomic.fna_blast.xml,0,0,0,0,0,0,0,0,5990576,0,0,0,0,0,0,573_subject_array_1739829122.bin
256215,573,RHBSTW-00636,573.32320,9,https://ftp.ncbi.nlm.nih.gov/genomes/all/GCF/013/734/035/GCF_013734035.1_ASM1373403v1,9,573.32320.fna,GCF_013734035.1_ASM1373403v1_genomic.fna, 5801526, 5801526,573.32320.fna_vs_GCF_013734035.1_ASM1373403v1_genomic.fna_blast.xml,0,0,0,0,0,0,0,0,5801526,0,0,0,0,0,0,573_subject_array_1739829125.bin
256492,573,S40_CRE5b,573.53640,9,https://ftp.ncbi.nlm.nih.gov/genomes/all/GCF/028/554/825/GCF_028554825.1_ASM2855482v1,9,573.53640.fna,GCF_028554825.1_ASM2855482v1_genomic.fna,  405857, 6023682,573.53640.fna_vs_GCF_028554825.1_ASM2855482v1_genomic.fna_blast.xml,0,0,13,1,0,0,25,5566651,432029,0,40,1723,23190,0,10,573_subject_array_1739829126.bin
256528,573,SB611,573.44674,9,https://ftp.ncbi.nlm.nih.gov/genomes/all/GCF/020/525/985/GCF_020525985.1_ASM2052598v1,9,573.44674.fna,GCF_020525985.1_ASM2052598v1_genomic.fna, 5788054, 5788054,573.44674.fna_vs_GCF_020525985.1_ASM2052598v1_genomic.fna_blast.xml,0,0,0,0,0,0,0,0,5788054,0,0,0,0,0,0,573_subject_array_1739829130.bin
256617,573,SCLC4-1,573.52911,9,https://ftp.ncbi.nlm.nih.gov/genomes/all/GCF/026/626/285/GCF_026626285.1_ASM2662628v1,9,573.52911.fna,GCF_026626285.1_ASM2662628v1_genomic.fna, 5863017, 5863017,573.52911.fna_vs_GCF_026626285.1_ASM2662628v1_genomic.fna_blast.xml,0,0,0,0,0,0,0,0,5863017,0,0,0,0,0,0,573_subject_array_1739829133.bin
257619,573,UCI106,573.9815,9,https://ftp.ncbi.nlm.nih.gov/genomes/all/GCF/002/152/695/GCF_002152695.1_ASM215269v1,9,573.9815.fna,GCF_002152695.1_ASM215269v1_genomic.fna, 5623603, 5623603,573.9815.fna_vs_GCF_002152695.1_ASM215269v1_genomic.fna_blast.xml,0,0,0,0,0,0,0,113267,5510325,0,0,2,9,0,0,573_subject_array_1739829136.bin
257626,573,UCI114,573.9819,9,https://ftp.ncbi.nlm.nih.gov/genomes/all/GCF/002/152/775/GCF_002152775.1_ASM215277v1,9,573.9819.fna,GCF_002152775.1_ASM215277v1_genomic.fna, 5667623, 5667623,573.9819.fna_vs_GCF_002152775.1_ASM215277v1_genomic.fna_blast.xml,0,0,0,0,0,0,0,73259,5594347,0,0,1,16,0,0,573_subject_array_1739829139.bin
257628,573,UCI116,573.9821,9,https://ftp.ncbi.nlm.nih.gov/genomes/all/GCF/002/152/825/GCF_002152825.1_ASM215282v1,9,573.9821.fna,GCF_002152825.1_ASM215282v1_genomic.fna, 5654547, 5654547,573.9821.fna_vs_GCF_002152825.1_ASM215282v1_genomic.fna_blast.xml,0,0,0,0,0,0,0,95084,5559452,0,0,2,9,0,0,573_subject_array_1739829143.bin
258347,573,WS_29-1,573.54836,9,https://ftp.ncbi.nlm.nih.gov/genomes/all/GCF/029/542/165/GCF_029542165.1_ASM2954216v1,9,573.54836.fna,GCF_029542165.1_ASM2954216v1_genomic.fna, 6168260, 6168260,573.54836.fna_vs_GCF_029542165.1_ASM2954216v1_genomic.fna_blast.xml,0,0,0,0,0,0,0,0,6168260,0,0,0,0,0,0,573_subject_array_1739829147.bin
258348,573,WS_29-2,573.54837,9,https://ftp.ncbi.nlm.nih.gov/genomes/all/GCF/029/542/185/GCF_029542185.1_ASM2954218v1,9,573.54837.fna,GCF_029542185.1_ASM2954218v1_genomic.fna, 6184659, 6184659,573.54837.fna_vs_GCF_029542185.1_ASM2954218v1_genomic.fna_blast.xml,0,0,0,0,0,0,0,0,6184659,0,0,0,0,0,0,573_subject_array_1739829150.bin
258577,573,X_98,573.52819,9,https://ftp.ncbi.nlm.nih.gov/genomes/all/GCF/026/614/575/GCF_026614575.1_ASM2661457v1,9,573.52819.fna,GCF_026614575.1_ASM2661457v1_genomic.fna, 5944835, 5944835,573.52819.fna_vs_GCF_026614575.1_ASM2661457v1_genomic.fna_blast.xml,0,0,0,0,0,0,0,0,5944835,0,0,0,0,0,0,573_subject_array_1739829154.bin
258664,573,Z0117KP0043,573.49074,9,https://ftp.ncbi.nlm.nih.gov/genomes/all/GCF/023/667/915/GCF_023667915.1_ASM2366791v1,9,573.49074.fna,GCF_023667915.1_ASM2366791v1_genomic.fna, 5462694, 5462694,573.49074.fna_vs_GCF_023667915.1_ASM2366791v1_genomic.fna_blast.xml,0,0,0,0,0,0,0,0,5462694,0,0,0,0,0,0,573_subject_array_1739829157.bin
259021,573,hvKP12,573.50812,9,https://ftp.ncbi.nlm.nih.gov/genomes/all/GCF/024/762/135/GCF_024762135.1_ASM2476213v1,9,573.50812.fna,GCF_024762135.1_ASM2476213v1_genomic.fna, 6068182, 6068182,573.50812.fna_vs_GCF_024762135.1_ASM2476213v1_genomic.fna_blast.xml,0,0,0,0,0,0,0,0,6068182,0,0,0,0,0,0,573_subject_array_1739829161.bin
259686,576611,MWH-Tro8-2-9,576611.9,9,https://ftp.ncbi.nlm.nih.gov/genomes/all/GCF/001/870/285/GCF_001870285.1_ASM187028v1,9,576611.9.fna,GCF_001870285.1_ASM187028v1_genomic.fna, 2270806, 2270806,576611.9.fna_vs_GCF_001870285.1_ASM187028v1_genomic.fna_blast.xml,0,0,0,0,0,0,0,0,2270806,0,0,0,0,0,0,576611_subject_array_1739829162.bin
259723,57704,PS2,57704.15,9,https://ftp.ncbi.nlm.nih.gov/genomes/all/GCF/001/623/895/GCF_001623895.1_ASM162389v1,9,57704.15.fna,GCF_001623895.1_ASM162389v1_genomic.fna, 4840603, 4840603,57704.15.fna_vs_GCF_001623895.1_ASM162389v1_genomic.fna_blast.xml,0,0,0,0,0,0,0,0,4840603,0,0,0,0,0,0,57704_subject_array_1739829164.bin
260154,579562,S4498,579562.7,9,https://ftp.ncbi.nlm.nih.gov/genomes/all/GCF/005/886/105/GCF_005886105.2_ASM588610v2,9,579562.7.fna,GCF_005886105.2_ASM588610v2_genomic.fna, 5366397, 5366397,579562.7.fna_vs_GCF_005886105.2_ASM588610v2_genomic.fna_blast.xml,0,0,0,0,0,0,0,0,5366397,0,0,0,0,0,0,579562_subject_array_1739829168.bin
260798,58354,DSM 41656,58354.3,9,https://ftp.ncbi.nlm.nih.gov/genomes/all/GCF/024/172/095/GCF_024172095.1_ASM2417209v1,9,58354.3.fna,GCF_024172095.1_ASM2417209v1_genomic.fna, 8643301, 8643301,58354.3.fna_vs_GCF_024172095.1_ASM2417209v1_genomic.fna_blast.xml,0,0,0,0,0,0,0,0,8643301,0,0,0,0,0,0,58354_subject_array_1739829173.bin
261133,584,FDAARGOS_85,584.81,9,https://ftp.ncbi.nlm.nih.gov/genomes/all/GCF/000/783/465/GCF_000783465.2_ASM78346v2,9,584.81.fna,GCF_000783465.2_ASM78346v2_genomic.fna, 3944995, 3945021,584.81.fna_vs_GCF_000783465.2_ASM78346v2_genomic.fna_blast.xml,0,0,0,0,0,0,0,0,3944995,0,26,0,0,0,0,584_subject_array_1739829175.bin
261776,585,NCTC401,585.50,9,https://ftp.ncbi.nlm.nih.gov/genomes/all/GCF/900/455/035/GCF_900455035.1_52313_F01,9,585.50.fna,GCF_900455035.1_52313_F01_genomic.fna, 4076128, 4076128,585.50.fna_vs_GCF_900455035.1_52313_F01_genomic.fna_blast.xml,0,0,0,0,0,0,0,0,4076128,0,0,0,0,0,0,585_subject_array_1739829177.bin
263069,592361,CJ30,592361.16,9,https://ftp.ncbi.nlm.nih.gov/genomes/all/GCF/030/015/555/GCF_030015555.1_ASM3001555v1,9,592361.16.fna,GCF_030015555.1_ASM3001555v1_genomic.fna, 4920013, 4920013,592361.16.fna_vs_GCF_030015555.1_ASM3001555v1_genomic.fna_blast.xml,0,0,0,0,0,0,0,0,4920013,0,0,0,0,0,0,592361_subject_array_1739829180.bin
263672,59733,DSM 16779,59733.4,9,https://ftp.ncbi.nlm.nih.gov/genomes/all/GCF/900/143/185/GCF_900143185.1_IMG-taxon_2690315624_annotated_assembly,9,59733.4.fna,GCF_900143185.1_IMG-taxon_2690315624_annotated_assembly_genomic.fna, 4468393, 4468393,59733.4.fna_vs_GCF_900143185.1_IMG-taxon_2690315624_annotated_assembly_genomic.fna_blast.xml,0,0,0,0,0,0,0,0,4468393,0,0,0,0,0,0,59733_subject_array_1739829183.bin
263997,60520,SRCM210393,60520.77,9,https://ftp.ncbi.nlm.nih.gov/genomes/all/GCF/025/950/315/GCF_025950315.1_ASM2595031v1,9,60520.77.fna,GCF_025950315.1_ASM2595031v1_genomic.fna, 3379958, 3379958,60520.77.fna_vs_GCF_025950315.1_ASM2595031v1_genomic.fna_blast.xml,0,0,0,0,0,0,0,0,3379958,0,0,0,0,0,0,60520_subject_array_1739829185.bin
265831,61645,FAHZZU5722,61645.805,9,https://ftp.ncbi.nlm.nih.gov/genomes/all/GCF/032/301/015/GCF_032301015.1_ASM3230101v1,9,61645.805.fna,GCF_032301015.1_ASM3230101v1_genomic.fna, 5035819, 5035819,61645.805.fna_vs_GCF_032301015.1_ASM3230101v1_genomic.fna_blast.xml,0,0,0,0,0,0,0,0,5035818,0,0,1,0,0,0,61645_subject_array_1739829188.bin
265984,61645,WW-19C,61645.426,9,https://ftp.ncbi.nlm.nih.gov/genomes/all/GCF/019/428/505/GCF_019428505.1_ASM1942850v1,9,61645.426.fna,GCF_019428505.1_ASM1942850v1_genomic.fna, 5334891, 5334891,61645.426.fna_vs_GCF_019428505.1_ASM1942850v1_genomic.fna_blast.xml,0,0,0,0,0,0,0,0,5334890,0,0,1,0,0,0,61645_subject_array_1739829192.bin
267250,624,AUSMDU00010534,624.1865,9,https://ftp.ncbi.nlm.nih.gov/genomes/all/GCF/009/664/515/GCF_009664515.1_ASM966451v1,9,624.1865.fna,GCF_009664515.1_ASM966451v1_genomic.fna, 5107412, 5107412,624.1865.fna_vs_GCF_009664515.1_ASM966451v1_genomic.fna_blast.xml,0,0,0,0,0,0,0,0,5107412,0,0,0,0,0,0,624_subject_array_1739829202.bin
267321,624,CFSAN030807,624.1285,9,https://ftp.ncbi.nlm.nih.gov/genomes/all/GCF/002/442/535/GCF_002442535.1_ASM244253v1,9,624.1285.fna,GCF_002442535.1_ASM244253v1_genomic.fna, 5062953, 5062953,624.1285.fna_vs_GCF_002442535.1_ASM244253v1_genomic.fna_blast.xml,0,0,0,0,0,0,0,0,5062953,0,0,0,0,0,0,624_subject_array_1739829214.bin
267523,624,NCTC12984,624.1595,9,https://ftp.ncbi.nlm.nih.gov/genomes/all/GCF/900/457/155/GCF_900457155.1_57940_C01,9,624.1595.fna,GCF_900457155.1_57940_C01_genomic.fna, 5088243, 5088243,624.1595.fna_vs_GCF_900457155.1_57940_C01_genomic.fna_blast.xml,0,0,0,0,0,0,0,0,5088232,0,0,2,9,0,0,624_subject_array_1739829223.bin
267819,626096,ATCC 27814,626096.4,9,https://ftp.ncbi.nlm.nih.gov/genomes/all/GCF/000/171/555/GCF_000171555.1_ASM17155v1,9,626096.4.fna,GCF_000171555.1_ASM17155v1_genomic.fna,  870038,  870038,626096.4.fna_vs_GCF_000171555.1_ASM17155v1_genomic.fna_blast.xml,0,0,0,0,0,0,0,0,870038,0,0,0,0,0,0,626096_subject_array_1739829224.bin
268876,641140,2308 A,641140.3,9,https://ftp.ncbi.nlm.nih.gov/genomes/all/GCF/000/182/625/GCF_000182625.1_ASM18262v1,9,641140.3.fna,GCF_000182625.1_ASM18262v1_genomic.fna, 3277197, 3277197,641140.3.fna_vs_GCF_000182625.1_ASM18262v1_genomic.fna_blast.xml,0,0,0,0,0,0,0,0,3277196,0,0,1,0,0,0,641140_subject_array_1739829227.bin
269629,644357,Dixon,644357.124,9,https://ftp.ncbi.nlm.nih.gov/genomes/all/GCF/029/626/005/GCF_029626005.1_ASM2962600v1,9,644357.124.fna,GCF_029626005.1_ASM2962600v1_genomic.fna, 2725944, 2725944,644357.124.fna_vs_GCF_029626005.1_ASM2962600v1_genomic.fna_blast.xml,0,0,0,0,0,0,0,0,2725944,0,0,0,0,0,0,644357_subject_array_1739829229.bin
269727,645,SFG-04,645.529,9,https://ftp.ncbi.nlm.nih.gov/genomes/all/GCF/029/436/615/GCF_029436615.1_ASM2943661v1,9,645.529.fna,GCF_029436615.1_ASM2943661v1_genomic.fna, 5282388, 5282388,645.529.fna_vs_GCF_029436615.1_ASM2943661v1_genomic.fna_blast.xml,0,0,0,0,0,0,1,0,5282385,0,1,1,0,0,0,645_subject_array_1739829233.bin
269794,647720,DSM 26433,647720.4,9,https://ftp.ncbi.nlm.nih.gov/genomes/all/GCF/004/346/865/GCF_004346865.1_ASM434686v1,9,647720.4.fna,GCF_004346865.1_ASM434686v1_genomic.fna, 4232765, 4232765,647720.4.fna_vs_GCF_004346865.1_ASM434686v1_genomic.fna_blast.xml,0,0,0,0,0,0,0,0,4232765,0,0,0,0,0,0,647720_subject_array_1739829236.bin
270183,648,SCLZS52,648.609,9,https://ftp.ncbi.nlm.nih.gov/genomes/all/GCF/021/609/985/GCF_021609985.1_ASM2160998v1,9,648.609.fna,GCF_021609985.1_ASM2160998v1_genomic.fna, 4936888, 4936888,648.609.fna_vs_GCF_021609985.1_ASM2160998v1_genomic.fna_blast.xml,0,0,0,0,0,0,0,0,4936888,0,0,0,0,0,0,648_subject_array_1739829239.bin
270412,65058,4243,65058.476,9,https://ftp.ncbi.nlm.nih.gov/genomes/all/GCF/016/019/855/GCF_016019855.1_4243,9,65058.476.fna,GCF_016019855.1_4243_genomic.fna, 2512771, 2512771,65058.476.fna_vs_GCF_016019855.1_4243_genomic.fna_blast.xml,0,0,0,0,0,0,0,0,2512771,0,0,0,0,0,0,65058_subject_array_1739829241.bin
270906,656744,NBRC 103581,656744.3,9,https://ftp.ncbi.nlm.nih.gov/genomes/all/GCF/007/988/885/GCF_007988885.1_ASM798888v1,9,656744.3.fna,GCF_007988885.1_ASM798888v1_genomic.fna, 2785840, 2785840,656744.3.fna_vs_GCF_007988885.1_ASM798888v1_genomic.fna_blast.xml,0,0,0,0,0,0,0,0,2785840,0,0,0,0,0,0,656744_subject_array_1739829242.bin
271126,661488,DSM 18116,661488.3,9,https://ftp.ncbi.nlm.nih.gov/genomes/all/GCF/004/291/315/GCF_004291315.1_ASM429131v1,9,661488.3.fna,GCF_004291315.1_ASM429131v1_genomic.fna, 7771874, 7771874,661488.3.fna_vs_GCF_004291315.1_ASM429131v1_genomic.fna_blast.xml,0,0,0,0,0,0,0,97,7771777,0,0,0,0,0,0,661488_subject_array_1739829246.bin
271132,66219,KNHs2131,66219.3,9,https://ftp.ncbi.nlm.nih.gov/genomes/all/GCF/000/733/755/GCF_000733755.1_ASM73375v1,9,66219.3.fna,GCF_000733755.1_ASM73375v1_genomic.fna, 4614834, 4614834,66219.3.fna_vs_GCF_000733755.1_ASM73375v1_genomic.fna_blast.xml,0,0,0,0,0,0,0,0,4614834,0,0,0,0,0,0,66219_subject_array_1739829249.bin
271376,663,S6-61,663.282,9,https://ftp.ncbi.nlm.nih.gov/genomes/all/GCF/008/921/745/GCF_008921745.1_ASM892174v1,9,663.282.fna,GCF_008921745.1_ASM892174v1_genomic.fna, 5308803, 5308803,663.282.fna_vs_GCF_008921745.1_ASM892174v1_genomic.fna_blast.xml,0,0,0,0,0,0,0,0,5308803,0,0,0,0,0,0,663_subject_array_1739829252.bin
274733,670,M0904,670.7307,9,https://ftp.ncbi.nlm.nih.gov/genomes/all/GCF/033/441/435/GCF_033441435.1_ASM3344143v1,9,670.7307.fna,GCF_033441435.1_ASM3344143v1_genomic.fna, 5705790, 5705790,670.7307.fna_vs_GCF_033441435.1_ASM3344143v1_genomic.fna_blast.xml,0,0,0,0,0,0,0,0,5705790,0,0,0,0,0,0,670_subject_array_1739829255.bin
275827,67260,DSM 41512,67260.5,9,https://ftp.ncbi.nlm.nih.gov/genomes/all/GCF/011/758/705/GCF_011758705.1_ASM1175870v1,9,67260.5.fna,GCF_011758705.1_ASM1175870v1_genomic.fna, 7473163, 7473163,67260.5.fna_vs_GCF_011758705.1_ASM1175870v1_genomic.fna_blast.xml,0,0,0,0,0,0,0,0,7473163,0,0,0,0,0,0,67260_subject_array_1739829259.bin
276507,68040,NBRC 13412,68040.3,9,https://ftp.ncbi.nlm.nih.gov/genomes/all/GCF/011/170/125/GCF_011170125.1_ASM1117012v1,9,68040.3.fna,GCF_011170125.1_ASM1117012v1_genomic.fna, 7083172, 7083172,68040.3.fna_vs_GCF_011170125.1_ASM1117012v1_genomic.fna_blast.xml,0,0,0,0,0,0,0,0,7083172,0,0,0,0,0,0,68040_subject_array_1739829263.bin
277425,701521,ATCC BAA-344,701521.8,9,https://ftp.ncbi.nlm.nih.gov/genomes/all/GCF/000/237/995/GCF_000237995.1_ASM23799v2,9,701521.8.fna,GCF_000237995.1_ASM23799v2_genomic.fna, 1966362, 1978793,701521.8.fna_vs_GCF_000237995.1_ASM23799v2_genomic.fna_blast.xml,0,0,35,1,0,0,1,3009,1966713,0,1,842,8149,0,42,701521_subject_array_1739829264.bin
277601,706585,HM2,706585.3,9,https://ftp.ncbi.nlm.nih.gov/genomes/all/GCF/003/149/165/GCF_003149165.1_ASM314916v1,9,706585.3.fna,GCF_003149165.1_ASM314916v1_genomic.fna, 3511778, 3511778,706585.3.fna_vs_GCF_003149165.1_ASM314916v1_genomic.fna_blast.xml,0,0,0,0,0,0,0,685,3511093,0,0,0,0,0,0,706585_subject_array_1739829266.bin
277702,709510,DSM 22420,709510.5,9,https://ftp.ncbi.nlm.nih.gov/genomes/all/GCF/017/873/755/GCF_017873755.1_ASM1787375v1,9,709510.5.fna,GCF_017873755.1_ASM1787375v1_genomic.fna, 2101535, 2101535,709510.5.fna_vs_GCF_017873755.1_ASM1787375v1_genomic.fna_blast.xml,0,0,0,0,0,0,0,0,2101535,0,0,0,0,0,0,709510_subject_array_1739829267.bin
278205,721133,Z-1,721133.6,9,https://ftp.ncbi.nlm.nih.gov/genomes/all/GCF/031/629/095/GCF_031629095.1_ASM3162909v1,9,721133.6.fna,GCF_031629095.1_ASM3162909v1_genomic.fna, 4536068, 4536068,721133.6.fna_vs_GCF_031629095.1_ASM3162909v1_genomic.fna_blast.xml,0,0,0,0,0,0,0,96,4535972,0,0,0,0,0,0,721133_subject_array_1739829270.bin
278496,72407,IITJ_BC16,72407.2081,9,https://ftp.ncbi.nlm.nih.gov/genomes/all/GCF/029/834/605/GCF_029834605.1_ASM2983460v1,9,72407.2081.fna,GCF_029834605.1_ASM2983460v1_genomic.fna, 5815648, 5815648,72407.2081.fna_vs_GCF_029834605.1_ASM2983460v1_genomic.fna_blast.xml,0,0,0,0,0,0,0,0,5815645,0,0,3,0,0,0,72407_subject_array_1739829273.bin
278946,72407,WGR351,72407.1605,9,https://ftp.ncbi.nlm.nih.gov/genomes/all/GCF/018/623/335/GCF_018623335.1_ASM1862333v1,9,72407.1605.fna,GCF_018623335.1_ASM1862333v1_genomic.fna, 5763681, 5763681,72407.1605.fna_vs_GCF_018623335.1_ASM1862333v1_genomic.fna_blast.xml,0,0,0,0,0,0,0,0,5763681,0,0,0,0,0,0,72407_subject_array_1739829276.bin
278960,72407,WRC08_CMC432MC,72407.1645,9,https://ftp.ncbi.nlm.nih.gov/genomes/all/GCF/019/286/855/GCF_019286855.1_ASM1928685v1,9,72407.1645.fna,GCF_019286855.1_ASM1928685v1_genomic.fna, 5959485, 5959485,72407.1645.fna_vs_GCF_019286855.1_ASM1928685v1_genomic.fna_blast.xml,0,0,0,0,0,0,0,0,5959485,0,0,0,0,0,0,72407_subject_array_1739829279.bin
278997,72407,WRC30_AI1547MPCH,72407.1657,9,https://ftp.ncbi.nlm.nih.gov/genomes/all/GCF/019/317/245/GCF_019317245.1_ASM1931724v1,9,72407.1657.fna,GCF_019317245.1_ASM1931724v1_genomic.fna, 5593291, 5593291,72407.1657.fna_vs_GCF_019317245.1_ASM1931724v1_genomic.fna_blast.xml,0,0,0,0,0,0,0,0,5593291,0,0,0,0,0,0,72407_subject_array_1739829283.bin
279363,727,65234 B Hi-2,727.992,9,https://ftp.ncbi.nlm.nih.gov/genomes/all/GCF/001/949/875/GCF_001949875.1_ASM194987v1,9,727.992.fna,GCF_001949875.1_ASM194987v1_genomic.fna, 1881970, 1881970,727.992.fna_vs_GCF_001949875.1_ASM194987v1_genomic.fna_blast.xml,0,0,0,0,0,0,0,46,1881924,0,0,0,0,0,0,727_subject_array_1739829284.bin
280066,732237,SY-2-3,732237.9,9,https://ftp.ncbi.nlm.nih.gov/genomes/all/GCF/017/303/035/GCF_017303035.1_ASM1730303v1,9,732237.9.fna,GCF_017303035.1_ASM1730303v1_genomic.fna, 4523905, 4523905,732237.9.fna_vs_GCF_017303035.1_ASM1730303v1_genomic.fna_blast.xml,0,0,0,0,0,0,0,0,4523905,0,0,0,0,0,0,732237_subject_array_1739829286.bin
281658,758,ATCC 35149,758.7,9,https://ftp.ncbi.nlm.nih.gov/genomes/all/GCF/000/730/685/GCF_000730685.1_ASM73068v1,9,758.7.fna,GCF_000730685.1_ASM73068v1_genomic.fna, 2434546, 2434546,758.7.fna_vs_GCF_000730685.1_ASM73068v1_genomic.fna_blast.xml,0,0,0,0,0,0,1,0,2434544,0,0,1,0,0,0,758_subject_array_1739829288.bin
281683,758919,CCTCC AB 2011122,758919.4,9,https://ftp.ncbi.nlm.nih.gov/genomes/all/GCF/031/432/295/GCF_031432295.1_ASM3143229v1,9,758919.4.fna,GCF_031432295.1_ASM3143229v1_genomic.fna, 3382068, 3382068,758919.4.fna_vs_GCF_031432295.1_ASM3143229v1_genomic.fna_blast.xml,0,0,0,0,0,0,0,298,3381769,0,1,0,0,0,0,758919_subject_array_1739829289.bin
282031,760804,GA40183,760804.3,9,https://ftp.ncbi.nlm.nih.gov/genomes/all/GCF/000/251/645/GCF_000251645.1_ASM25164v2,9,760804.3.fna,GCF_000251645.1_ASM25164v2_genomic.fna, 2139157, 2139157,760804.3.fna_vs_GCF_000251645.1_ASM25164v2_genomic.fna_blast.xml,0,0,0,0,0,0,1,0,2139156,0,0,0,0,0,0,760804_subject_array_1739829291.bin
282033,760820,GA44128,760820.3,9,https://ftp.ncbi.nlm.nih.gov/genomes/all/GCF/000/251/745/GCF_000251745.1_ASM25174v2,9,760820.3.fna,GCF_000251745.1_ASM25174v2_genomic.fna, 2105822, 2105822,760820.3.fna_vs_GCF_000251745.1_ASM25174v2_genomic.fna_blast.xml,0,0,0,0,0,0,0,0,2105820,0,1,1,0,0,0,760820_subject_array_1739829293.bin
282046,760848,GA47794,760848.3,9,https://ftp.ncbi.nlm.nih.gov/genomes/all/GCF/000/251/925/GCF_000251925.1_ASM25192v2,9,760848.3.fna,GCF_000251925.1_ASM25192v2_genomic.fna, 2104244, 2104244,760848.3.fna_vs_GCF_000251925.1_ASM25192v2_genomic.fna_blast.xml,0,0,0,0,0,0,0,0,2104244,0,0,0,0,0,0,760848_subject_array_1739829295.bin
282048,760855,GA49542,760855.3,9,https://ftp.ncbi.nlm.nih.gov/genomes/all/GCF/000/251/965/GCF_000251965.1_ASM25196v2,9,760855.3.fna,GCF_000251965.1_ASM25196v2_genomic.fna, 2145249, 2145249,760855.3.fna_vs_GCF_000251965.1_ASM25196v2_genomic.fna_blast.xml,0,0,0,0,0,0,2,0,2145241,0,2,0,4,0,0,760855_subject_array_1739829297.bin
282058,760882,NP112,760882.3,9,https://ftp.ncbi.nlm.nih.gov/genomes/all/GCF/000/233/205/GCF_000233205.1_ASM23320v2,9,760882.3.fna,GCF_000233205.1_ASM23320v2_genomic.fna, 2072320, 2072320,760882.3.fna_vs_GCF_000233205.1_ASM23320v2_genomic.fna_blast.xml,0,0,0,0,0,0,0,0,2072320,0,0,0,0,0,0,760882_subject_array_1739829299.bin
282059,760883,NP141,760883.3,9,https://ftp.ncbi.nlm.nih.gov/genomes/all/GCF/000/252/265/GCF_000252265.1_ASM25226v2,9,760883.3.fna,GCF_000252265.1_ASM25226v2_genomic.fna, 2056675, 2056675,760883.3.fna_vs_GCF_000252265.1_ASM25226v2_genomic.fna_blast.xml,0,0,0,0,0,0,0,0,2056675,0,0,0,0,0,0,760883_subject_array_1739829300.bin
282564,76857,KCOM 1271 (=ChDC F305),76857.56,9,https://ftp.ncbi.nlm.nih.gov/genomes/all/GCF/002/591/515/GCF_002591515.1_ASM259151v1,9,76857.56.fna,GCF_002591515.1_ASM259151v1_genomic.fna, 2748372, 2748372,76857.56.fna_vs_GCF_002591515.1_ASM259151v1_genomic.fna_blast.xml,0,0,0,0,0,0,0,10183,2738140,0,0,0,49,0,0,76857_subject_array_1739829302.bin
282700,77095,DSM 11371,77095.23,9,https://ftp.ncbi.nlm.nih.gov/genomes/all/GCF/019/973/295/GCF_019973295.1_ASM1997329v1,9,77095.23.fna,GCF_019973295.1_ASM1997329v1_genomic.fna, 3619849, 3619849,77095.23.fna_vs_GCF_019973295.1_ASM1997329v1_genomic.fna_blast.xml,0,0,0,0,0,0,0,5702,3614137,0,0,1,9,0,0,77095_subject_array_1739829304.bin
283590,817,FDAARGOS_1513,817.2022,9,https://ftp.ncbi.nlm.nih.gov/genomes/all/GCF/020/297/545/GCF_020297545.1_ASM2029754v1,9,817.2022.fna,GCF_020297545.1_ASM2029754v1_genomic.fna, 5731674, 5731674,817.2022.fna_vs_GCF_020297545.1_ASM2029754v1_genomic.fna_blast.xml,0,0,0,0,0,0,0,0,5731674,0,0,0,0,0,0,817_subject_array_1739829308.bin
283878,818,BFG-212,818.2159,9,https://ftp.ncbi.nlm.nih.gov/genomes/all/GCF/024/790/935/GCF_024790935.1_ASM2479093v1,9,818.2159.fna,GCF_024790935.1_ASM2479093v1_genomic.fna, 6277751, 6277751,818.2159.fna_vs_GCF_024790935.1_ASM2479093v1_genomic.fna_blast.xml,0,0,0,0,0,0,0,0,6277751,0,0,0,0,0,0,818_subject_array_1739829311.bin
283893,818,BFG-490,818.2184,9,https://ftp.ncbi.nlm.nih.gov/genomes/all/GCF/024/793/725/GCF_024793725.1_ASM2479372v1,9,818.2184.fna,GCF_024793725.1_ASM2479372v1_genomic.fna, 6802094, 6802094,818.2184.fna_vs_GCF_024793725.1_ASM2479372v1_genomic.fna_blast.xml,0,0,0,0,0,0,0,0,6802094,0,0,0,0,0,0,818_subject_array_1739829315.bin
284757,821,CavFT-hAR11,821.5864,9,https://ftp.ncbi.nlm.nih.gov/genomes/all/GCF/032/463/825/GCF_032463825.2_ASM3246382v2,9,821.5864.fna,GCF_032463825.2_ASM3246382v2_genomic.fna, 5067155, 5067155,821.5864.fna_vs_GCF_032463825.2_ASM3246382v2_genomic.fna_blast.xml,0,0,0,0,0,0,0,0,5067155,0,0,0,0,0,0,821_subject_array_1739829318.bin
284927,821,NCTC10583,821.573,9,https://ftp.ncbi.nlm.nih.gov/genomes/all/GCF/900/445/545/GCF_900445545.1_54949_B01,9,821.573.fna,GCF_900445545.1_54949_B01_genomic.fna, 4947907, 4947907,821.573.fna_vs_GCF_900445545.1_54949_B01_genomic.fna_blast.xml,0,0,0,0,0,0,1,0,4947902,0,1,3,0,0,0,821_subject_array_1739829321.bin
285339,827,URMC_789,827.176,9,https://ftp.ncbi.nlm.nih.gov/genomes/all/GCF/027/277/305/GCF_027277305.1_ASM2727730v1,9,827.176.fna,GCF_027277305.1_ASM2727730v1_genomic.fna, 1621745, 1621745,827.176.fna_vs_GCF_027277305.1_ASM2727730v1_genomic.fna_blast.xml,0,0,0,0,0,0,0,0,1621745,0,0,0,0,0,0,827_subject_array_1739829322.bin
285779,83554,Corela_11,83554.108,9,https://ftp.ncbi.nlm.nih.gov/genomes/all/GCF/023/606/415/GCF_023606415.1_ASM2360641v1,9,83554.108.fna,GCF_023606415.1_ASM2360641v1_genomic.fna, 1177731, 1177731,83554.108.fna_vs_GCF_023606415.1_ASM2360641v1_genomic.fna_blast.xml,0,0,0,0,0,0,0,0,1177731,0,0,0,0,0,0,83554_subject_array_1739829323.bin
285803,83554,Morandig_Foal3_lung,83554.107,9,https://ftp.ncbi.nlm.nih.gov/genomes/all/GCF/023/606/395/GCF_023606395.1_ASM2360639v1,9,83554.107.fna,GCF_023606395.1_ASM2360639v1_genomic.fna, 1176422, 1176422,83554.107.fna_vs_GCF_023606395.1_ASM2360639v1_genomic.fna_blast.xml,0,0,0,0,0,0,0,0,1176422,0,0,0,0,0,0,83554_subject_array_1739829323.bin
285808,83554,Plac_F43,83554.110,9,https://ftp.ncbi.nlm.nih.gov/genomes/all/GCF/023/606/465/GCF_023606465.1_ASM2360646v1,9,83554.110.fna,GCF_023606465.1_ASM2360646v1_genomic.fna, 1179428, 1179428,83554.110.fna_vs_GCF_023606465.1_ASM2360646v1_genomic.fna_blast.xml,0,0,0,0,0,0,0,0,1179428,0,0,0,0,0,0,83554_subject_array_1739829324.bin
285809,83554,Po An,83554.69,9,https://ftp.ncbi.nlm.nih.gov/genomes/all/GCF/001/736/045/GCF_001736045.1_ASM173604v1,9,83554.69.fna,GCF_001736045.1_ASM173604v1_genomic.fna, 1170457, 1170457,83554.69.fna_vs_GCF_001736045.1_ASM173604v1_genomic.fna_blast.xml,0,0,0,0,0,0,0,0,1170457,0,0,0,0,0,0,83554_subject_array_1739829324.bin
285813,83554,Zo Pa,83554.64,9,https://ftp.ncbi.nlm.nih.gov/genomes/all/GCF/001/714/585/GCF_001714585.1_ASM171458v1,9,83554.64.fna,GCF_001714585.1_ASM171458v1_genomic.fna, 1179238, 1179238,83554.64.fna_vs_GCF_001714585.1_ASM171458v1_genomic.fna_blast.xml,0,0,0,0,0,0,0,0,1179238,0,0,0,0,0,0,83554_subject_array_1739829325.bin
285842,83555,C11_98,83555.8,9,https://ftp.ncbi.nlm.nih.gov/genomes/all/GCF/900/118/495/GCF_900118495.1_7067_6_42,9,83555.8.fna,GCF_900118495.1_7067_6_42_genomic.fna, 1164366, 1164366,83555.8.fna_vs_GCF_900118495.1_7067_6_42_genomic.fna_blast.xml,0,0,0,0,0,0,0,0,1164366,0,0,0,0,0,0,83555_subject_array_1739829326.bin
285968,83655,PP-E1103,83655.412,9,https://ftp.ncbi.nlm.nih.gov/genomes/all/GCF/033/032/915/GCF_033032915.1_ASM3303291v1,9,83655.412.fna,GCF_033032915.1_ASM3303291v1_genomic.fna, 5049942, 5049942,83655.412.fna_vs_GCF_033032915.1_ASM3303291v1_genomic.fna_blast.xml,0,0,0,0,0,0,0,0,5049942,0,0,0,0,0,0,83655_subject_array_1739829328.bin
286551,85558,W2I16,85558.10,9,https://ftp.ncbi.nlm.nih.gov/genomes/all/GCF/030/817/775/GCF_030817775.1_ASM3081777v1,9,85558.10.fna,GCF_030817775.1_ASM3081777v1_genomic.fna, 9173742, 9173742,85558.10.fna_vs_GCF_030817775.1_ASM3081777v1_genomic.fna_blast.xml,0,0,0,0,0,0,0,0,9173742,0,0,0,0,0,0,85558_subject_array_1739829334.bin
287330,860790,DSM 21935,860790.3,9,https://ftp.ncbi.nlm.nih.gov/genomes/all/GCF/008/124/865/GCF_008124865.1_ASM812486v1,9,860790.3.fna,GCF_008124865.1_ASM812486v1_genomic.fna, 2861751, 2861751,860790.3.fna_vs_GCF_008124865.1_ASM812486v1_genomic.fna_blast.xml,0,0,0,0,0,0,0,0,2861751,0,0,0,0,0,0,860790_subject_array_1739829336.bin
287341,86102,KJE-2,86102.38,9,https://ftp.ncbi.nlm.nih.gov/genomes/all/GCF/016/461/845/GCF_016461845.1_ASM1646184v1,9,86102.38.fna,GCF_016461845.1_ASM1646184v1_genomic.fna, 2861585, 2861585,86102.38.fna_vs_GCF_016461845.1_ASM1646184v1_genomic.fna_blast.xml,0,0,0,0,0,0,0,0,2861585,0,0,0,0,0,0,86102_subject_array_1739829337.bin
287345,86102,PhyBa_CO2_1,86102.58,9,https://ftp.ncbi.nlm.nih.gov/genomes/all/GCF/027/977/715/GCF_027977715.1_ASM2797771v1,9,86102.58.fna,GCF_027977715.1_ASM2797771v1_genomic.fna, 2239804, 2619549,86102.58.fna_vs_GCF_027977715.1_ASM2797771v1_genomic.fna_blast.xml,0,0,1,0,0,0,0,379656,2239738,0,1,0,153,0,0,86102_subject_array_1739829338.bin
287466,862114,DSM 23593,862114.3,9,https://ftp.ncbi.nlm.nih.gov/genomes/all/GCF/008/084/145/GCF_008084145.1_ASM808414v1,9,862114.3.fna,GCF_008084145.1_ASM808414v1_genomic.fna, 6343727, 6343727,862114.3.fna_vs_GCF_008084145.1_ASM808414v1_genomic.fna_blast.xml,0,0,0,0,0,0,0,701,6343026,0,0,0,0,0,0,862114_subject_array_1739829342.bin
287658,866807,NBRC 107587,866807.4,9,https://ftp.ncbi.nlm.nih.gov/genomes/all/GCF/036/492/635/GCF_036492635.1_ASM3649263v1,9,866807.4.fna,GCF_036492635.1_ASM3649263v1_genomic.fna, 6171275, 6171275,866807.4.fna_vs_GCF_036492635.1_ASM3649263v1_genomic.fna_blast.xml,0,0,0,0,0,0,0,0,6171275,0,0,0,0,0,0,866807_subject_array_1739829346.bin
287725,86840,ICMP 2823,86840.5,9,https://ftp.ncbi.nlm.nih.gov/genomes/all/GCF/900/100/365/GCF_900100365.1_IMG-taxon_2667527432_annotated_assembly,9,86840.5.fna,GCF_900100365.1_IMG-taxon_2667527432_annotated_assembly_genomic.fna, 6388314, 6388314,86840.5.fna_vs_GCF_900100365.1_IMG-taxon_2667527432_annotated_assembly_genomic.fna_blast.xml,0,0,0,0,0,0,0,0,6388314,0,0,0,0,0,0,86840_subject_array_1739829357.bin
287790,869962,LMG 31300,869962.3,9,https://ftp.ncbi.nlm.nih.gov/genomes/all/GCF/013/204/825/GCF_013204825.1_ASM1320482v1,9,869962.3.fna,GCF_013204825.1_ASM1320482v1_genomic.fna, 3505066, 3505066,869962.3.fna_vs_GCF_013204825.1_ASM1320482v1_genomic.fna_blast.xml,0,0,0,0,0,0,0,196,3504870,0,0,0,0,0,0,869962_subject_array_1739829359.bin
287960,87883,1213,87883.755,9,https://ftp.ncbi.nlm.nih.gov/genomes/all/GCF/024/124/565/GCF_024124565.1_ASM2412456v1,9,87883.755.fna,GCF_024124565.1_ASM2412456v1_genomic.fna, 6352853, 6352853,87883.755.fna_vs_GCF_024124565.1_ASM2412456v1_genomic.fna_blast.xml,0,0,0,0,0,0,0,0,6352853,0,0,0,0,0,0,87883_subject_array_1739829362.bin
288679,881268,VKM Ac-2058,881268.6,9,https://ftp.ncbi.nlm.nih.gov/genomes/all/GCF/027/922/025/GCF_027922025.1_ASM2792202v1,9,881268.6.fna,GCF_027922025.1_ASM2792202v1_genomic.fna,   10622, 3840319,881268.6.fna_vs_GCF_027922025.1_ASM2792202v1_genomic.fna_blast.xml,0,0,1,0,0,0,0,3829309,10817,0,0,0,192,0,0,881268_subject_array_1739829363.bin
288776,883161,ACS-093-V-SCH5,883161.3,9,https://ftp.ncbi.nlm.nih.gov/genomes/all/GCF/000/411/175/GCF_000411175.1_Prop_lymp_ACS-093-V-SCH5_V1,9,883161.3.fna,GCF_000411175.1_Prop_lymp_ACS-093-V-SCH5_V1_genomic.fna, 2261463, 2266775,883161.3.fna_vs_GCF_000411175.1_Prop_lymp_ACS-093-V-SCH5_V1_genomic.fna_blast.xml,0,0,0,0,0,0,0,5292,2261468,0,10,1,4,0,0,883161_subject_array_1739829364.bin
289165,89968,DSM 11116,89968.4,9,https://ftp.ncbi.nlm.nih.gov/genomes/all/GCF/900/187/375/GCF_900187375.1_IMG-taxon_2728369218_annotated_assembly,9,89968.4.fna,GCF_900187375.1_IMG-taxon_2728369218_annotated_assembly_genomic.fna, 5060948, 5060948,89968.4.fna_vs_GCF_900187375.1_IMG-taxon_2728369218_annotated_assembly_genomic.fna_blast.xml,0,0,0,0,0,0,1,321,5060621,0,2,3,0,0,0,89968_subject_array_1739829367.bin
289318,90240,NCTC12877,90240.3,9,https://ftp.ncbi.nlm.nih.gov/genomes/all/GCF/900/453/285/GCF_900453285.1_52191_F01,9,90240.3.fna,GCF_900453285.1_52191_F01_genomic.fna, 2761843, 2761843,90240.3.fna_vs_GCF_900453285.1_52191_F01_genomic.fna_blast.xml,0,0,0,0,0,0,2,0,2761838,0,0,3,0,0,0,90240_subject_array_1739829370.bin
289333,90323,DSM 13481,90323.3,9,https://ftp.ncbi.nlm.nih.gov/genomes/all/GCF/014/201/655/GCF_014201655.1_ASM1420165v1,9,90323.3.fna,GCF_014201655.1_ASM1420165v1_genomic.fna, 1917137, 1917137,90323.3.fna_vs_GCF_014201655.1_ASM1420165v1_genomic.fna_blast.xml,0,0,0,0,0,0,0,273,1916864,0,0,0,0,0,0,90323_subject_array_1739829371.bin
291732,913969,CGMCC 1.10749,913969.3,9,https://ftp.ncbi.nlm.nih.gov/genomes/all/GCF/014/636/255/GCF_014636255.1_ASM1463625v1,9,913969.3.fna,GCF_014636255.1_ASM1463625v1_genomic.fna, 3564869, 3564869,913969.3.fna_vs_GCF_014636255.1_ASM1463625v1_genomic.fna_blast.xml,0,0,0,0,0,0,0,373,3564496,0,0,0,0,0,0,913969_subject_array_1739829373.bin
291816,91891,L04A.1,91891.61,9,https://ftp.ncbi.nlm.nih.gov/genomes/all/GCF/003/605/835/GCF_003605835.1_L04A.1_n_l_OLDA,9,91891.61.fna,GCF_003605835.1_L04A.1_n_l_OLDA_genomic.fna, 3501953, 3501953,91891.61.fna_vs_GCF_003605835.1_L04A.1_n_l_OLDA_genomic.fna_blast.xml,0,0,0,0,0,0,0,0,3501953,0,0,0,0,0,0,91891_subject_array_1739829376.bin
291823,91891,WS17_LgA.1,91891.59,9,https://ftp.ncbi.nlm.nih.gov/genomes/all/GCF/003/605/815/GCF_003605815.1_WS17_LgA.1_n_l_OLDA,9,91891.59.fna,GCF_003605815.1_WS17_LgA.1_n_l_OLDA_genomic.fna, 3643475, 3643475,91891.59.fna_vs_GCF_003605815.1_WS17_LgA.1_n_l_OLDA_genomic.fna_blast.xml,0,0,0,0,0,0,0,0,3643475,0,0,0,0,0,0,91891_subject_array_1739829378.bin
291861,923,R3,923.6,9,https://ftp.ncbi.nlm.nih.gov/genomes/all/GCF/023/555/375/GCF_023555375.1_ASM2355537v1,9,923.6.fna,GCF_023555375.1_ASM2355537v1_genomic.fna, 2433989, 2433989,923.6.fna_vs_GCF_023555375.1_ASM2355537v1_genomic.fna_blast.xml,0,0,0,0,0,0,0,0,2433989,0,0,0,0,0,0,923_subject_array_1739829380.bin
291948,926570,AIU301,926570.3,9,https://ftp.ncbi.nlm.nih.gov/genomes/all/GCF/000/202/835/GCF_000202835.1_ASM20283v1,9,926570.3.fna,GCF_000202835.1_ASM20283v1_genomic.fna, 4214744, 4214744,926570.3.fna_vs_GCF_000202835.1_ASM20283v1_genomic.fna_blast.xml,0,0,0,1,0,0,2,0,4214588,0,9,144,0,0,0,926570_subject_array_1739829383.bin
292107,930124,B410,930124.7,9,https://ftp.ncbi.nlm.nih.gov/genomes/all/GCF/019/013/445/GCF_019013445.1_ASM1901344v1,9,930124.7.fna,GCF_019013445.1_ASM1901344v1_genomic.fna, 5672834, 5672834,930124.7.fna_vs_GCF_019013445.1_ASM1901344v1_genomic.fna_blast.xml,0,0,0,0,0,0,0,0,5672834,0,0,0,0,0,0,930124_subject_array_1739829387.bin
292522,940613,DSM 23128,940613.4,9,https://ftp.ncbi.nlm.nih.gov/genomes/all/GCF/025/685/605/GCF_025685605.1_ASM2568560v1,9,940613.4.fna,GCF_025685605.1_ASM2568560v1_genomic.fna, 5850469, 5850469,940613.4.fna_vs_GCF_025685605.1_ASM2568560v1_genomic.fna_blast.xml,0,0,0,0,0,0,0,0,5850469,0,0,0,0,0,0,940613_subject_array_1739829390.bin
292555,941280,C0101-PB_2013,941280.32,9,https://ftp.ncbi.nlm.nih.gov/genomes/all/GCF/005/671/315/GCF_005671315.1_ASM567131v1,9,941280.32.fna,GCF_005671315.1_ASM567131v1_genomic.fna, 5634337, 5634337,941280.32.fna_vs_GCF_005671315.1_ASM567131v1_genomic.fna_blast.xml,0,0,0,0,0,0,0,0,5634336,0,0,1,0,0,0,941280_subject_array_1739829395.bin
292663,942865,MA2-19b,942865.6,9,https://ftp.ncbi.nlm.nih.gov/genomes/all/GCF/013/408/405/GCF_013408405.1_ASM1340840v1,9,942865.6.fna,GCF_013408405.1_ASM1340840v1_genomic.fna, 6433748, 6433748,942865.6.fna_vs_GCF_013408405.1_ASM1340840v1_genomic.fna_blast.xml,0,0,0,0,0,0,0,387,6433361,0,0,0,0,0,0,942865_subject_array_1739829399.bin
292820,948102,CCUG 63696,948102.15,9,https://ftp.ncbi.nlm.nih.gov/genomes/all/GCF/004/367/185/GCF_004367185.1_ASM436718v1,9,948102.15.fna,GCF_004367185.1_ASM436718v1_genomic.fna, 4997587, 4997587,948102.15.fna_vs_GCF_004367185.1_ASM436718v1_genomic.fna_blast.xml,0,0,0,0,0,0,0,34,4997553,0,0,0,0,0,0,948102_subject_array_1739829402.bin
293178,95486,FDAARGOS_189,95486.340,9,https://ftp.ncbi.nlm.nih.gov/genomes/all/GCF/002/891/135/GCF_002891135.1_ASM289113v1,9,95486.340.fna,GCF_002891135.1_ASM289113v1_genomic.fna, 8094552, 8094552,95486.340.fna_vs_GCF_002891135.1_ASM289113v1_genomic.fna_blast.xml,0,0,0,0,0,0,0,0,8094550,0,0,1,1,0,0,95486_subject_array_1739829408.bin
293288,95486,VC4558,95486.105,9,https://ftp.ncbi.nlm.nih.gov/genomes/all/GCF/001/984/325/GCF_001984325.1_ASM198432v1,9,95486.105.fna,GCF_001984325.1_ASM198432v1_genomic.fna, 8228891, 8228891,95486.105.fna_vs_GCF_001984325.1_ASM198432v1_genomic.fna_blast.xml,0,0,0,0,0,0,0,0,8228890,0,1,0,0,0,0,95486_subject_array_1739829414.bin
293421,955,wHm-b,955.132,9,https://ftp.ncbi.nlm.nih.gov/genomes/all/GCF/030/267/425/GCF_030267425.1_ASM3026742v1,9,955.132.fna,GCF_030267425.1_ASM3026742v1_genomic.fna, 1302323, 1302323,955.132.fna_vs_GCF_030267425.1_ASM3026742v1_genomic.fna_blast.xml,0,0,0,0,0,0,0,0,1302323,0,0,0,0,0,0,955_subject_array_1739829416.bin
293446,959,R0,959.14,9,https://ftp.ncbi.nlm.nih.gov/genomes/all/GCF/001/592/735/GCF_001592735.1_ASM159273v1,9,959.14.fna,GCF_001592735.1_ASM159273v1_genomic.fna, 3926271, 3926271,959.14.fna_vs_GCF_001592735.1_ASM159273v1_genomic.fna_blast.xml,0,0,0,0,0,0,0,570,3925701,0,0,0,0,0,0,959_subject_array_1739829418.bin
293750,97478,AGR63,97478.26,9,https://ftp.ncbi.nlm.nih.gov/genomes/all/GCF/003/149/115/GCF_003149115.1_ASM314911v1,9,97478.26.fna,GCF_003149115.1_ASM314911v1_genomic.fna, 1941536, 1941536,97478.26.fna_vs_GCF_003149115.1_ASM314911v1_genomic.fna_blast.xml,0,0,0,1,0,0,0,0,1941533,0,0,2,0,0,0,97478_subject_array_1739829420.bin
293829,979556,DE0422,979556.14,9,https://ftp.ncbi.nlm.nih.gov/genomes/all/GCF/008/763/945/GCF_008763945.1_FS54,9,979556.14.fna,GCF_008763945.1_FS54_genomic.fna, 3356265, 3356265,979556.14.fna_vs_GCF_008763945.1_FS54_genomic.fna_blast.xml,0,0,0,0,0,0,0,571,3355693,0,0,1,0,0,0,979556_subject_array_1739829422.bin
293865,981334,NBRC 102413,981334.20,9,https://ftp.ncbi.nlm.nih.gov/genomes/all/GCF/006/757/745/GCF_006757745.1_ASM675774v1,9,981334.20.fna,GCF_006757745.1_ASM675774v1_genomic.fna, 3433938, 3433938,981334.20.fna_vs_GCF_006757745.1_ASM675774v1_genomic.fna_blast.xml,0,0,0,0,0,0,0,0,3433938,0,0,0,0,0,0,981334_subject_array_1739829424.bin
294446,98672,DSM 13067,98672.5,9,https://ftp.ncbi.nlm.nih.gov/genomes/all/GCF/008/973/725/GCF_008973725.1_ASM897372v1,9,98672.5.fna,GCF_008973725.1_ASM897372v1_genomic.fna, 3874523, 3874523,98672.5.fna_vs_GCF_008973725.1_ASM897372v1_genomic.fna_blast.xml,0,0,0,0,0,0,0,0,3874523,0,0,0,0,0,0,98672_subject_array_1739829426.bin
294599,992015,CPY1662,992015.3,9,https://ftp.ncbi.nlm.nih.gov/genomes/all/GCF/000/349/505/GCF_000349505.1_ASM34950v1,9,992015.3.fna,GCF_000349505.1_ASM34950v1_genomic.fna, 1595824, 1595824,992015.3.fna_vs_GCF_000349505.1_ASM34950v1_genomic.fna_blast.xml,0,0,0,0,0,0,0,0,1595824,0,0,0,0,0,0,992015_subject_array_1739829427.bin
294631,992056,Hp A-26,992056.3,9,https://ftp.ncbi.nlm.nih.gov/genomes/all/GCF/000/274/025/GCF_000274025.1_ASM27402v1,9,992056.3.fna,GCF_000274025.1_ASM27402v1_genomic.fna, 1624194, 1624194,992056.3.fna_vs_GCF_000274025.1_ASM27402v1_genomic.fna_blast.xml,0,0,0,0,0,0,0,0,1624194,0,0,0,0,0,0,992056_subject_array_1739829428.bin
294635,992060,Hp H-4,992060.3,9,https://ftp.ncbi.nlm.nih.gov/genomes/all/GCF/000/274/145/GCF_000274145.1_ASM27414v1,9,992060.3.fna,GCF_000274145.1_ASM27414v1_genomic.fna, 1665093, 1665093,992060.3.fna_vs_GCF_000274145.1_ASM27414v1_genomic.fna_blast.xml,0,0,0,0,0,0,0,0,1665093,0,0,0,0,0,0,992060_subject_array_1739829429.bin
294642,992068,Hp H-23,992068.3,9,https://ftp.ncbi.nlm.nih.gov/genomes/all/GCF/000/274/165/GCF_000274165.1_ASM27416v1,9,992068.3.fna,GCF_000274165.1_ASM27416v1_genomic.fna, 1648064, 1648064,992068.3.fna_vs_GCF_000274165.1_ASM27416v1_genomic.fna_blast.xml,0,0,0,0,0,0,0,0,1648064,0,0,0,0,0,0,992068_subject_array_1739829430.bin
294652,992085,Hp P-26,992085.3,9,https://ftp.ncbi.nlm.nih.gov/genomes/all/GCF/000/275/385/GCF_000275385.1_ASM27538v1,9,992085.3.fna,GCF_000275385.1_ASM27538v1_genomic.fna, 1697203, 1697203,992085.3.fna_vs_GCF_000275385.1_ASM27538v1_genomic.fna_blast.xml,0,0,0,0,0,0,0,0,1697203,0,0,0,0,0,0,992085_subject_array_1739829431.bin
294664,992103,Hp P-4d,992103.3,9,https://ftp.ncbi.nlm.nih.gov/genomes/all/GCF/000/274/745/GCF_000274745.1_ASM27474v1,9,992103.3.fna,GCF_000274745.1_ASM27474v1_genomic.fna, 1682896, 1682896,992103.3.fna_vs_GCF_000274745.1_ASM27474v1_genomic.fna_blast.xml,0,0,0,0,0,0,0,0,1682896,0,0,0,0,0,0,992103_subject_array_1739829432.bin
294773,994320,JCM 17468,994320.4,9,https://ftp.ncbi.nlm.nih.gov/genomes/all/GCF/009/827/295/GCF_009827295.1_ASM982729v1,9,994320.4.fna,GCF_009827295.1_ASM982729v1_genomic.fna, 3031738, 3031738,994320.4.fna_vs_GCF_009827295.1_ASM982729v1_genomic.fna_blast.xml,0,0,0,0,0,0,0,0,3031738,0,0,0,0,0,0,994320_subject_array_1739829433.bin
294836,99653,DSM 44498,99653.4,9,https://ftp.ncbi.nlm.nih.gov/genomes/all/GCF/900/105/905/GCF_900105905.1_IMG-taxon_2634166362_annotated_assembly,9,99653.4.fna,GCF_900105905.1_IMG-taxon_2634166362_annotated_assembly_genomic.fna, 10311574, 10311574,99653.4.fna_vs_GCF_900105905.1_IMG-taxon_2634166362_annotated_assembly_genomic.fna_blast.xml,0,0,0,0,0,0,0,0,10311574,0,0,0,0,0,0,99653_subject_array_1739829439.bin
