col1,col2,col3,col4,col5,col6,col7,query_fna,subject_fna,query_length,subject_length,blast_output,n_of_-7,n_of_-6,n_of_-5,n_of_-4,n_of_-3,n_of_-2,n_of_-1,n_of_0,n_of_1,n_of_2,n_of_3,n_of_4,n_of_5,n_of_6,n_of_7,binary_filename
58,1001722,4S-0303,1001722.3,8,https://ftp.ncbi.nlm.nih.gov/genomes/all/GCF/000/271/125/GCF_000271125.1_ASM27112v1,8,1001722.3.fna,GCF_000271125.1_ASM27112v1_genomic.fna, 4864284, 4864284,1001722.3.fna_vs_GCF_000271125.1_ASM27112v1_genomic.fna_blast.xml,0,0,0,0,0,0,0,0,4864284,0,0,0,0,0,0,1001722_subject_array_1739773843.bin
73,1001737,6G-0728-R,1001737.3,8,https://ftp.ncbi.nlm.nih.gov/genomes/all/GCF/000/270/605/GCF_000270605.1_ASM27060v1,8,1001737.3.fna,GCF_000270605.1_ASM27060v1_genomic.fna, 5341825, 5341825,1001737.3.fna_vs_GCF_000270605.1_ASM27060v1_genomic.fna_blast.xml,0,0,0,0,0,0,0,0,5341825,0,0,0,0,0,0,1001737_subject_array_1739773845.bin
77,1001741,6G-0125-S,1001741.3,8,https://ftp.ncbi.nlm.nih.gov/genomes/all/GCF/000/270/865/GCF_000270865.1_ASM27086v1,8,1001741.3.fna,GCF_000270865.1_ASM27086v1_genomic.fna, 5328817, 5328817,1001741.3.fna_vs_GCF_000270865.1_ASM27086v1_genomic.fna_blast.xml,0,0,0,0,0,0,0,0,5328817,0,0,0,0,0,0,1001741_subject_array_1739773847.bin
849,1027620,LS1,1027620.3,8,https://ftp.ncbi.nlm.nih.gov/genomes/all/GCF/003/865/225/GCF_003865225.1_ASM386522v1,8,1027620.3.fna,GCF_003865225.1_ASM386522v1_genomic.fna, 4536969, 4536969,1027620.3.fna_vs_GCF_003865225.1_ASM386522v1_genomic.fna_blast.xml,0,0,0,0,0,0,0,195,4536774,0,0,0,0,0,0,1027620_subject_array_1739773848.bin
1027,1034943,LegA,1034943.4,8,https://ftp.ncbi.nlm.nih.gov/genomes/all/GCF/000/756/815/GCF_000756815.1_PRJEB6598_assembly_1,8,1034943.4.fna,GCF_000756815.1_PRJEB6598_assembly_1_genomic.fna, 4387007, 4387007,1034943.4.fna_vs_GCF_000756815.1_PRJEB6598_assembly_1_genomic.fna_blast.xml,0,0,0,0,0,0,0,0,4387007,0,0,0,0,0,0,1034943_subject_array_1739773852.bin
2009,1063,MBTLJ-8,1063.9,8,https://ftp.ncbi.nlm.nih.gov/genomes/all/GCF/001/576/595/GCF_001576595.1_ASM157659v1,8,1063.9.fna,GCF_001576595.1_ASM157659v1_genomic.fna, 4666565, 4666565,1063.9.fna_vs_GCF_001576595.1_ASM157659v1_genomic.fna_blast.xml,0,0,0,0,0,0,0,0,4666565,0,0,0,0,0,0,1063_subject_array_1739773853.bin
2460,1069625,England14-9,1069625.3,8,https://ftp.ncbi.nlm.nih.gov/genomes/all/GCF/000/252/225/GCF_000252225.1_ASM25222v2,8,1069625.3.fna,GCF_000252225.1_ASM25222v2_genomic.fna, 2087621, 2087621,1069625.3.fna_vs_GCF_000252225.1_ASM25222v2_genomic.fna_blast.xml,0,0,0,0,0,0,3,0,2087610,0,3,5,0,0,0,1069625_subject_array_1739773855.bin
2461,1069626,GA02506,1069626.3,8,https://ftp.ncbi.nlm.nih.gov/genomes/all/GCF/000/252/205/GCF_000252205.1_ASM25220v2,8,1069626.3.fna,GCF_000252205.1_ASM25220v2_genomic.fna, 2049637, 2049637,1069626.3.fna_vs_GCF_000252205.1_ASM25220v2_genomic.fna_blast.xml,0,0,0,0,0,0,1,0,2049635,0,0,1,0,0,0,1069626_subject_array_1739773856.bin
2465,1069813,KCTC 12718,1069813.3,8,https://ftp.ncbi.nlm.nih.gov/genomes/all/GCF/021/608/225/GCF_021608225.1_ASM2160822v1,8,1069813.3.fna,GCF_021608225.1_ASM2160822v1_genomic.fna, 3496200, 3496200,1069813.3.fna_vs_GCF_021608225.1_ASM2160822v1_genomic.fna_blast.xml,0,0,0,0,0,0,0,0,3496200,0,0,0,0,0,0,1069813_subject_array_1739773857.bin
2498,1071679,Lep1A1,1071679.9,8,https://ftp.ncbi.nlm.nih.gov/genomes/all/GCF/022/879/615/GCF_022879615.1_ASM2287961v1,8,1071679.9.fna,GCF_022879615.1_ASM2287961v1_genomic.fna, 6650744, 6650744,1071679.9.fna_vs_GCF_022879615.1_ASM2287961v1_genomic.fna_blast.xml,0,0,0,0,0,0,0,0,6650743,0,1,0,0,0,0,1071679_subject_array_1739773859.bin
2776,1074488,M-6-3,1074488.3,8,https://ftp.ncbi.nlm.nih.gov/genomes/all/GCF/000/225/825/GCF_000225825.1_ASM22582v2,8,1074488.3.fna,GCF_000225825.1_ASM22582v2_genomic.fna, 3191479, 3191479,1074488.3.fna_vs_GCF_000225825.1_ASM22582v2_genomic.fna_blast.xml,0,0,0,0,0,0,0,0,3191478,0,0,1,0,0,0,1074488_subject_array_1739773860.bin
4114,110321,ml60,110321.328,8,https://ftp.ncbi.nlm.nih.gov/genomes/all/GCF/034/628/625/GCF_034628625.1_ASM3462862v1,8,110321.328.fna,GCF_034628625.1_ASM3462862v1_genomic.fna, 7768883, 7768883,110321.328.fna_vs_GCF_034628625.1_ASM3462862v1_genomic.fna_blast.xml,0,0,0,0,0,0,0,0,7768883,0,0,0,0,0,0,110321_subject_array_1739773863.bin
4121,1104446,IST7,1104446.3,8,https://ftp.ncbi.nlm.nih.gov/genomes/all/GCF/003/606/285/GCF_003606285.1_ASM360628v1,8,1104446.3.fna,GCF_003606285.1_ASM360628v1_genomic.fna, 1283624, 1283624,1104446.3.fna_vs_GCF_003606285.1_ASM360628v1_genomic.fna_blast.xml,0,0,0,1,0,0,0,0,1283619,0,1,3,0,0,0,1104446_subject_array_1739773864.bin
4151,1105115,GA54354,1105115.3,8,https://ftp.ncbi.nlm.nih.gov/genomes/all/GCF/000/279/715/GCF_000279715.1_ASM27971v1,8,1105115.3.fna,GCF_000279715.1_ASM27971v1_genomic.fna, 2100907, 2100907,1105115.3.fna_vs_GCF_000279715.1_ASM27971v1_genomic.fna_blast.xml,0,0,0,0,0,0,0,0,2100907,0,0,0,0,0,0,1105115_subject_array_1739773865.bin
4220,110845,DSM 17030,110845.4,8,https://ftp.ncbi.nlm.nih.gov/genomes/all/GCF/017/873/645/GCF_017873645.1_ASM1787364v1,8,110845.4.fna,GCF_017873645.1_ASM1787364v1_genomic.fna, 1552960, 1552960,110845.4.fna_vs_GCF_017873645.1_ASM1787364v1_genomic.fna_blast.xml,0,0,0,0,0,0,0,0,1552960,0,0,0,0,0,0,110845_subject_array_1739773866.bin
4300,1111106,FA202,1111106.3,8,https://ftp.ncbi.nlm.nih.gov/genomes/all/GCF/000/380/205/GCF_000380205.1_ASM38020v1,8,1111106.3.fna,GCF_000380205.1_ASM38020v1_genomic.fna, 5354052, 5354552,1111106.3.fna_vs_GCF_000380205.1_ASM38020v1_genomic.fna_blast.xml,0,0,0,0,0,0,0,474,5354065,0,0,1,12,0,0,1111106_subject_array_1739773867.bin
4779,111769,A1,111769.7,8,https://ftp.ncbi.nlm.nih.gov/genomes/all/GCF/017/901/175/GCF_017901175.1_ASM1790117v1,8,111769.7.fna,GCF_017901175.1_ASM1790117v1_genomic.fna, 3724392, 3724392,111769.7.fna_vs_GCF_017901175.1_ASM1790117v1_genomic.fna_blast.xml,0,0,0,0,0,0,0,0,3724391,0,0,1,0,0,0,111769_subject_array_1739773869.bin
4780,111770,ATCC 49748,111770.3,8,https://ftp.ncbi.nlm.nih.gov/genomes/all/GCF/017/349/355/GCF_017349355.1_ASM1734935v1,8,111770.3.fna,GCF_017349355.1_ASM1734935v1_genomic.fna, 4355037, 4355037,111770.3.fna_vs_GCF_017349355.1_ASM1734935v1_genomic.fna_blast.xml,0,0,0,0,0,0,0,0,4355037,0,0,0,0,0,0,111770_subject_array_1739773871.bin
5014,1121268,DSM 6644,1121268.3,8,https://ftp.ncbi.nlm.nih.gov/genomes/all/GCF/000/376/325/GCF_000376325.1_ASM37632v1,8,1121268.3.fna,GCF_000376325.1_ASM37632v1_genomic.fna, 1954904, 1954904,1121268.3.fna_vs_GCF_000376325.1_ASM37632v1_genomic.fna_blast.xml,0,0,0,0,0,0,0,0,1954904,0,0,0,0,0,0,1121268_subject_array_1739773872.bin
5095,1121370,DSM 45146,1121370.3,8,https://ftp.ncbi.nlm.nih.gov/genomes/all/GCF/000/372/445/GCF_000372445.1_ASM37244v1,8,1121370.3.fna,GCF_000372445.1_ASM37244v1_genomic.fna, 2300451, 2300451,1121370.3.fna_vs_GCF_000372445.1_ASM37244v1_genomic.fna_blast.xml,0,0,0,0,0,0,0,0,2300451,0,0,0,0,0,0,1121370_subject_array_1739773873.bin
5688,1123514,DSM 13458,1123514.3,8,https://ftp.ncbi.nlm.nih.gov/genomes/all/GCF/000/381/085/GCF_000381085.1_ASM38108v1,8,1123514.3.fna,GCF_000381085.1_ASM38108v1_genomic.fna, 2552678, 2552883,1123514.3.fna_vs_GCF_000381085.1_ASM38108v1_genomic.fna_blast.xml,0,0,0,0,0,0,0,201,2552682,0,0,0,0,0,0,1123514_subject_array_1739773874.bin
5695,1123755,DSM 29433,1123755.5,8,https://ftp.ncbi.nlm.nih.gov/genomes/all/GCF/900/114/675/GCF_900114675.1_IMG-taxon_2687453745_annotated_assembly,8,1123755.5.fna,GCF_900114675.1_IMG-taxon_2687453745_annotated_assembly_genomic.fna, 3323467, 3323467,1123755.5.fna_vs_GCF_900114675.1_IMG-taxon_2687453745_annotated_assembly_genomic.fna_blast.xml,0,0,0,0,0,0,0,0,3323467,0,0,0,0,0,0,1123755_subject_array_1739773875.bin
6472,1134687,NR2144,1134687.748,8,https://ftp.ncbi.nlm.nih.gov/genomes/all/GCF/027/584/345/GCF_027584345.1_ASM2758434v1,8,1134687.748.fna,GCF_027584345.1_ASM2758434v1_genomic.fna, 6431497, 6538745,1134687.748.fna_vs_GCF_027584345.1_ASM2758434v1_genomic.fna_blast.xml,0,0,35,3,0,0,17,84430,6441153,0,25,1060,11995,0,27,1134687_subject_array_1739773877.bin
6651,113557,S-NA5,113557.17,8,https://ftp.ncbi.nlm.nih.gov/genomes/all/GCF/016/757/675/GCF_016757675.1_ASM1675767v1,8,113557.17.fna,GCF_016757675.1_ASM1675767v1_genomic.fna, 3141558, 3141558,113557.17.fna_vs_GCF_016757675.1_ASM1675767v1_genomic.fna_blast.xml,0,0,0,0,0,0,0,0,3141558,0,0,0,0,0,0,113557_subject_array_1739773879.bin
6761,1138189,PLR8-1a,1138189.13,8,https://ftp.ncbi.nlm.nih.gov/genomes/all/GCF/017/357/265/GCF_017357265.1_ASM1735726v1,8,1138189.13.fna,GCF_017357265.1_ASM1735726v1_genomic.fna, 6758039, 6758039,1138189.13.fna_vs_GCF_017357265.1_ASM1735726v1_genomic.fna_blast.xml,0,0,0,0,0,0,0,0,6758039,0,0,0,0,0,0,1138189_subject_array_1739773881.bin
6764,1138190,BLR195,1138190.4,8,https://ftp.ncbi.nlm.nih.gov/genomes/all/GCF/017/357/225/GCF_017357225.1_ASM1735722v1,8,1138190.4.fna,GCF_017357225.1_ASM1735722v1_genomic.fna, 7055288, 7055288,1138190.4.fna_vs_GCF_017357225.1_ASM1735722v1_genomic.fna_blast.xml,0,0,0,0,0,0,0,0,7055288,0,0,0,0,0,0,1138190_subject_array_1739773884.bin
6998,1145113,R036d,1145113.3,8,https://ftp.ncbi.nlm.nih.gov/genomes/all/GCF/000/299/715/GCF_000299715.1_ASM29971v1,8,1145113.3.fna,GCF_000299715.1_ASM29971v1_genomic.fna, 1640262, 1640262,1145113.3.fna_vs_GCF_000299715.1_ASM29971v1_genomic.fna_blast.xml,0,0,0,0,0,0,0,0,1640262,0,0,0,0,0,0,1145113_subject_array_1739773884.bin
7001,1145116,R046Wa,1145116.3,8,https://ftp.ncbi.nlm.nih.gov/genomes/all/GCF/000/299/775/GCF_000299775.1_ASM29977v1,8,1145116.3.fna,GCF_000299775.1_ASM29977v1_genomic.fna, 1585443, 1585443,1145116.3.fna_vs_GCF_000299775.1_ASM29977v1_genomic.fna_blast.xml,0,0,0,0,0,0,0,0,1585443,0,0,0,0,0,0,1145116_subject_array_1739773885.bin
7107,1148,PCC 6803,1148.107,8,https://ftp.ncbi.nlm.nih.gov/genomes/all/GCF/000/340/785/GCF_000340785.1_ASM34078v1,8,1148.107.fna,GCF_000340785.1_ASM34078v1_genomic.fna, 3949306, 3949306,1148.107.fna_vs_GCF_000340785.1_ASM34078v1_genomic.fna_blast.xml,0,0,0,0,0,0,0,0,3949306,0,0,0,0,0,0,1148_subject_array_1739773886.bin
7727,115545,NCTC11620,115545.22,8,https://ftp.ncbi.nlm.nih.gov/genomes/all/GCF/900/454/565/GCF_900454565.1_58643_B01,8,115545.22.fna,GCF_900454565.1_58643_B01_genomic.fna, 2298872, 2298872,115545.22.fna_vs_GCF_900454565.1_58643_B01_genomic.fna_blast.xml,0,0,0,0,0,0,0,0,2298858,0,0,1,13,0,0,115545_subject_array_1739773887.bin
7757,1156431,OM06-9,1156433.12,8,https://ftp.ncbi.nlm.nih.gov/genomes/all/GCF/003/438/245/GCF_003438245.1_ASM343824v1,8,1156433.12.fna,GCF_003438245.1_ASM343824v1_genomic.fna, 1965871, 1965871,1156433.12.fna_vs_GCF_003438245.1_ASM343824v1_genomic.fna_blast.xml,0,0,0,0,0,0,0,0,1965871,0,0,0,0,0,0,1156433_subject_array_1739773888.bin
7777,1156998,HIF003_B2N-C,1156998.3,8,https://ftp.ncbi.nlm.nih.gov/genomes/all/GCF/000/359/925/GCF_000359925.1_Stap_aure_HIF003_B2N-C_V1,8,1156998.3.fna,GCF_000359925.1_Stap_aure_HIF003_B2N-C_V1_genomic.fna, 2752004, 2756892,1156998.3.fna_vs_GCF_000359925.1_Stap_aure_HIF003_B2N-C_V1_genomic.fna_blast.xml,0,0,0,0,0,0,0,4867,2752025,0,0,0,0,0,0,1156998_subject_array_1739773889.bin
8264,1158763,ALJ20,1158763.3,8,https://ftp.ncbi.nlm.nih.gov/genomes/all/GCF/000/378/585/GCF_000378585.1_ASM37858v1,8,1158763.3.fna,GCF_000378585.1_ASM37858v1_genomic.fna, 2965357, 2965657,1158763.3.fna_vs_GCF_000378585.1_ASM37858v1_genomic.fna_blast.xml,0,0,0,0,0,0,0,299,2965358,0,0,0,0,0,0,1158763_subject_array_1739773890.bin
8517,1160217,UK14/06,1160217.3,8,https://ftp.ncbi.nlm.nih.gov/genomes/all/GCF/000/370/725/GCF_000370725.1_Bruc_meli_UK14_06_V1,8,1160217.3.fna,GCF_000370725.1_Bruc_meli_UK14_06_V1_genomic.fna, 3295572, 3295672,1160217.3.fna_vs_GCF_000370725.1_Bruc_meli_UK14_06_V1_genomic.fna_blast.xml,0,0,0,0,0,0,0,99,3295573,0,0,0,0,0,0,1160217_subject_array_1739773892.bin
8522,1160222,Uk24/06,1160222.3,8,https://ftp.ncbi.nlm.nih.gov/genomes/all/GCF/000/370/785/GCF_000370785.1_Bruc_meli_Uk24_06_V1,8,1160222.3.fna,GCF_000370785.1_Bruc_meli_Uk24_06_V1_genomic.fna, 3294937, 3295037,1160222.3.fna_vs_GCF_000370785.1_Bruc_meli_Uk24_06_V1_genomic.fna_blast.xml,0,0,0,0,0,0,0,100,3294937,0,0,0,0,0,0,1160222_subject_array_1739773893.bin
8532,1160232,63/252,1160232.3,8,https://ftp.ncbi.nlm.nih.gov/genomes/all/GCF/000/366/085/GCF_000366085.1_Bruc_suis_63_252_V1,8,1160232.3.fna,GCF_000366085.1_Bruc_suis_63_252_V1_genomic.fna, 3308242, 3308242,1160232.3.fna_vs_GCF_000366085.1_Bruc_suis_63_252_V1_genomic.fna_blast.xml,0,0,0,0,0,0,0,0,3308242,0,0,0,0,0,0,1160232_subject_array_1739773894.bin
8707,1165507,JCM 18392,1165507.3,8,https://ftp.ncbi.nlm.nih.gov/genomes/all/GCF/039/543/545/GCF_039543545.1_ASM3954354v1,8,1165507.3.fna,GCF_039543545.1_ASM3954354v1_genomic.fna, 2680931, 2680931,1165507.3.fna_vs_GCF_039543545.1_ASM3954354v1_genomic.fna_blast.xml,0,0,0,0,0,0,0,0,2680931,0,0,0,0,0,0,1165507_subject_array_1739773895.bin
8801,1169204,355/78,1169204.3,8,https://ftp.ncbi.nlm.nih.gov/genomes/all/GCF/000/369/925/GCF_000369925.1_Bruc_abor_355_78_V1,8,1169204.3.fna,GCF_000369925.1_Bruc_abor_355_78_V1_genomic.fna, 3300170, 3302935,1169204.3.fna_vs_GCF_000369925.1_Bruc_abor_355_78_V1_genomic.fna_blast.xml,0,0,0,0,0,0,0,2765,3300170,0,0,0,0,0,0,1169204_subject_array_1739773896.bin
8810,1169213,78/14,1169213.3,8,https://ftp.ncbi.nlm.nih.gov/genomes/all/GCF/000/370/185/GCF_000370185.1_Bruc_abor_78_14_V1,8,1169213.3.fna,GCF_000370185.1_Bruc_abor_78_14_V1_genomic.fna, 3286059, 3288055,1169213.3.fna_vs_GCF_000370185.1_Bruc_abor_78_14_V1_genomic.fna_blast.xml,0,0,0,0,0,0,0,1986,3286059,0,10,0,0,0,0,1169213_subject_array_1739773898.bin
9024,1170456,JCM 18274,1170456.3,8,https://ftp.ncbi.nlm.nih.gov/genomes/all/GCF/039/543/205/GCF_039543205.1_ASM3954320v1,8,1170456.3.fna,GCF_039543205.1_ASM3954320v1_genomic.fna, 3235616, 3235616,1170456.3.fna_vs_GCF_039543205.1_ASM3954320v1_genomic.fna_blast.xml,0,0,0,0,0,0,0,186,3235430,0,0,0,0,0,0,1170456_subject_array_1739773899.bin
9177,1173585,HKCCA0510,1173585.26,8,https://ftp.ncbi.nlm.nih.gov/genomes/all/GCF/013/032/875/GCF_013032875.1_ASM1303287v1,8,1173585.26.fna,GCF_013032875.1_ASM1303287v1_genomic.fna, 3736839, 3736839,1173585.26.fna_vs_GCF_013032875.1_ASM1303287v1_genomic.fna_blast.xml,0,0,0,0,0,0,0,0,3736839,0,0,0,0,0,0,1173585_subject_array_1739773900.bin
9185,1173585,HKCCA5369,1173585.47,8,https://ftp.ncbi.nlm.nih.gov/genomes/all/GCF/013/035/225/GCF_013035225.1_ASM1303522v1,8,1173585.47.fna,GCF_013035225.1_ASM1303522v1_genomic.fna, 3755117, 3755117,1173585.47.fna_vs_GCF_013035225.1_ASM1303522v1_genomic.fna_blast.xml,0,0,0,0,0,0,0,0,3755117,0,0,0,0,0,0,1173585_subject_array_1739773901.bin
9186,1173585,HKCCA5403,1173585.45,8,https://ftp.ncbi.nlm.nih.gov/genomes/all/GCF/013/035/175/GCF_013035175.1_ASM1303517v1,8,1173585.45.fna,GCF_013035175.1_ASM1303517v1_genomic.fna, 3711697, 3711697,1173585.45.fna_vs_GCF_013035175.1_ASM1303517v1_genomic.fna_blast.xml,0,0,0,0,0,0,0,0,3711697,0,0,0,0,0,0,1173585_subject_array_1739773903.bin
9210,1173585,HKCCD8500,1173585.12,8,https://ftp.ncbi.nlm.nih.gov/genomes/all/GCF/013/030/325/GCF_013030325.1_ASM1303032v1,8,1173585.12.fna,GCF_013030325.1_ASM1303032v1_genomic.fna, 3837529, 3837529,1173585.12.fna_vs_GCF_013030325.1_ASM1303032v1_genomic.fna_blast.xml,0,0,0,0,0,0,0,0,3837529,0,0,0,0,0,0,1173585_subject_array_1739773904.bin
9317,1176539,JCM 18201,1176539.8,8,https://ftp.ncbi.nlm.nih.gov/genomes/all/GCF/039/542/885/GCF_039542885.1_ASM3954288v1,8,1176539.8.fna,GCF_039542885.1_ASM3954288v1_genomic.fna, 3019261, 3019261,1176539.8.fna_vs_GCF_039542885.1_ASM3954288v1_genomic.fna_blast.xml,0,0,0,0,0,0,0,97,3019164,0,0,0,0,0,0,1176539_subject_array_1739773905.bin
9538,1181886,DSM 46699,1181886.3,8,https://ftp.ncbi.nlm.nih.gov/genomes/all/GCF/007/829/955/GCF_007829955.1_ASM782995v1,8,1181886.3.fna,GCF_007829955.1_ASM782995v1_genomic.fna, 6410624, 6410624,1181886.3.fna_vs_GCF_007829955.1_ASM782995v1_genomic.fna_blast.xml,0,0,0,0,0,0,0,0,6410624,0,0,0,0,0,0,1181886_subject_array_1739773908.bin
9799,1185650,1080,1185650.227,8,https://ftp.ncbi.nlm.nih.gov/genomes/all/GCF/900/137/795/GCF_900137795.1_12163_2_53,8,1185650.227.fna,GCF_900137795.1_12163_2_53_genomic.fna, 5158779, 5158779,1185650.227.fna_vs_GCF_900137795.1_12163_2_53_genomic.fna_blast.xml,0,0,0,0,0,0,0,4795,5153972,0,0,0,12,0,0,1185650_subject_array_1739773910.bin
9840,1185650,1136,1185650.141,8,https://ftp.ncbi.nlm.nih.gov/genomes/all/GCF/900/141/525/GCF_900141525.1_12082_5_83,8,1185650.141.fna,GCF_900141525.1_12082_5_83_genomic.fna, 5116077, 5116077,1185650.141.fna_vs_GCF_900141525.1_12082_5_83_genomic.fna_blast.xml,0,0,0,0,0,0,0,6698,5109063,0,0,1,314,0,1,1185650_subject_array_1739773911.bin
10736,1187081,CECT 8102,1187081.3,8,https://ftp.ncbi.nlm.nih.gov/genomes/all/GCF/030/409/325/GCF_030409325.1_ASM3040932v1,8,1187081.3.fna,GCF_030409325.1_ASM3040932v1_genomic.fna, 6129368, 6129368,1187081.3.fna_vs_GCF_030409325.1_ASM3040932v1_genomic.fna_blast.xml,0,0,0,0,0,0,0,0,6129368,0,0,0,0,0,0,1187081_subject_array_1739773914.bin
11064,119602,NCTC11557,119602.307,8,https://ftp.ncbi.nlm.nih.gov/genomes/all/GCF/901/544/365/GCF_901544365.1_42880_G01,8,119602.307.fna,GCF_901544365.1_42880_G01_genomic.fna, 2430842, 2430842,119602.307.fna_vs_GCF_901544365.1_42880_G01_genomic.fna_blast.xml,0,0,0,0,0,0,0,0,2430842,0,0,0,0,0,0,119602_subject_array_1739773915.bin
11582,1198682,CNGB 786,1198682.3,8,https://ftp.ncbi.nlm.nih.gov/genomes/all/GCF/000/366/265/GCF_000366265.1_Bruc_suis_CNGB_786_V1,8,1198682.3.fna,GCF_000366265.1_Bruc_suis_CNGB_786_V1_genomic.fna, 3307773, 3307773,1198682.3.fna_vs_GCF_000366265.1_Bruc_suis_CNGB_786_V1_genomic.fna_blast.xml,0,0,0,0,0,0,0,0,3307773,0,0,0,0,0,0,1198682_subject_array_1739773916.bin
11757,1203564,KPL1857,1203564.3,8,https://ftp.ncbi.nlm.nih.gov/genomes/all/GCF/000/478/035/GCF_000478035.1_Cory_sp_KPL1857_V1,8,1203564.3.fna,GCF_000478035.1_Cory_sp_KPL1857_V1_genomic.fna, 2487341, 2489851,1203564.3.fna_vs_GCF_000478035.1_Cory_sp_KPL1857_V1_genomic.fna_blast.xml,0,0,0,0,0,0,0,2499,2487342,0,10,0,0,0,0,1203564_subject_array_1739773917.bin
11760,1203568,HFH0086,1203568.3,8,https://ftp.ncbi.nlm.nih.gov/genomes/all/GCF/000/413/375/GCF_000413375.1_Derm_sp_HFH0086_V1,8,1203568.3.fna,GCF_000413375.1_Derm_sp_HFH0086_V1_genomic.fna, 2361288, 2377736,1203568.3.fna_vs_GCF_000413375.1_Derm_sp_HFH0086_V1_genomic.fna_blast.xml,0,0,0,0,0,0,0,16447,2361289,0,0,0,0,0,0,1203568_subject_array_1739773918.bin
11784,120370,CCUG 41755,120370.3,8,https://ftp.ncbi.nlm.nih.gov/genomes/all/GCF/003/987/565/GCF_003987565.1_ASM398756v1,8,120370.3.fna,GCF_003987565.1_ASM398756v1_genomic.fna, 2257832, 2257832,120370.3.fna_vs_GCF_003987565.1_ASM398756v1_genomic.fna_blast.xml,0,0,0,0,0,0,0,0,2257832,0,0,0,0,0,0,120370_subject_array_1739773918.bin
11903,1208607,DSM 25462,1208607.5,8,https://ftp.ncbi.nlm.nih.gov/genomes/all/GCF/023/108/895/GCF_023108895.1_ASM2310889v1,8,1208607.5.fna,GCF_023108895.1_ASM2310889v1_genomic.fna, 5465215, 5465215,1208607.5.fna_vs_GCF_023108895.1_ASM2310889v1_genomic.fna_blast.xml,0,0,0,0,0,0,0,0,5465215,0,0,0,0,0,0,1208607_subject_array_1739773922.bin
12012,1211383,ICMP 19430,1211383.3,8,https://ftp.ncbi.nlm.nih.gov/genomes/all/GCF/004/402/975/GCF_004402975.1_ASM440297v1,8,1211383.3.fna,GCF_004402975.1_ASM440297v1_genomic.fna, 10263517, 10263517,1211383.3.fna_vs_GCF_004402975.1_ASM440297v1_genomic.fna_blast.xml,0,0,0,0,0,0,0,0,10263517,0,0,0,0,0,0,1211383_subject_array_1739773926.bin
12334,1217653,ANC 3680,1217653.3,8,https://ftp.ncbi.nlm.nih.gov/genomes/all/GCF/000/368/945/GCF_000368945.1_Acin_calc_ANC_3680_V1,8,1217653.3.fna,GCF_000368945.1_Acin_calc_ANC_3680_V1_genomic.fna, 4071058, 4074938,1217653.3.fna_vs_GCF_000368945.1_Acin_calc_ANC_3680_V1_genomic.fna_blast.xml,0,0,0,0,0,0,0,3879,4071059,0,0,0,0,0,0,1217653_subject_array_1739773928.bin
12583,1220026,PMTB,1220026.3,8,https://ftp.ncbi.nlm.nih.gov/genomes/all/GCF/000/469/095/GCF_000469095.1_ASM46909v1,8,1220026.3.fna,GCF_000469095.1_ASM46909v1_genomic.fna, 2203419, 2203419,1220026.3.fna_vs_GCF_000469095.1_ASM46909v1_genomic.fna_blast.xml,0,0,0,0,0,0,0,0,2203419,0,0,0,0,0,0,1220026_subject_array_1739773929.bin
13312,1238,NVI 5692,1238.361,8,https://ftp.ncbi.nlm.nih.gov/genomes/all/GCF/009/709/495/GCF_009709495.1_ASM970949v1,8,1238.361.fna,GCF_009709495.1_ASM970949v1_genomic.fna, 3764915, 3764915,1238.361.fna_vs_GCF_009709495.1_ASM970949v1_genomic.fna_blast.xml,0,0,0,0,0,0,0,0,3764915,0,0,0,0,0,0,1238_subject_array_1739773947.bin
14248,1250059,Mar_2009_124,1250059.5,8,https://ftp.ncbi.nlm.nih.gov/genomes/all/GCF/900/105/455/GCF_900105455.1_IMG-taxon_2634166274_annotated_assembly,8,1250059.5.fna,GCF_900105455.1_IMG-taxon_2634166274_annotated_assembly_genomic.fna, 5524492, 5524492,1250059.5.fna_vs_GCF_900105455.1_IMG-taxon_2634166274_annotated_assembly_genomic.fna_blast.xml,0,0,0,0,0,0,0,0,5524492,0,0,0,0,0,0,1250059_subject_array_1739773950.bin
14272,1252,WC0319,1252.20,8,https://ftp.ncbi.nlm.nih.gov/genomes/all/GCF/008/690/925/GCF_008690925.1_ASM869092v1,8,1252.20.fna,GCF_008690925.1_ASM869092v1_genomic.fna, 1699678, 1699678,1252.20.fna_vs_GCF_008690925.1_ASM869092v1_genomic.fna_blast.xml,0,0,0,0,0,0,0,97,1699581,0,0,0,0,0,0,1252_subject_array_1739773950.bin
14577,1255,DSM 28628,1255.181,8,https://ftp.ncbi.nlm.nih.gov/genomes/all/GCF/015/613/235/GCF_015613235.1_ASM1561323v1,8,1255.181.fna,GCF_015613235.1_ASM1561323v1_genomic.fna, 1744510, 1744510,1255.181.fna_vs_GCF_015613235.1_ASM1561323v1_genomic.fna_blast.xml,0,0,0,0,0,0,0,300,1744210,0,0,0,0,0,0,1255_subject_array_1739773951.bin
14669,1255,SRCM217444,1255.500,8,https://ftp.ncbi.nlm.nih.gov/genomes/all/GCF/028/206/435/GCF_028206435.1_ASM2820643v1,8,1255.500.fna,GCF_028206435.1_ASM2820643v1_genomic.fna, 1988263, 1988263,1255.500.fna_vs_GCF_028206435.1_ASM2820643v1_genomic.fna_blast.xml,0,0,0,0,0,0,0,0,1988263,0,0,0,0,0,0,1255_subject_array_1739773951.bin
15257,1266844,386B,1266844.4,8,https://ftp.ncbi.nlm.nih.gov/genomes/all/GCF/000/723/785/GCF_000723785.2_AP1,8,1266844.4.fna,GCF_000723785.2_AP1_genomic.fna, 3078647, 3078647,1266844.4.fna_vs_GCF_000723785.2_AP1_genomic.fna_blast.xml,0,0,0,0,0,0,0,0,3078647,0,0,0,0,0,0,1266844_subject_array_1739773952.bin
15314,1267600,IMH,1267600.3,8,https://ftp.ncbi.nlm.nih.gov/genomes/all/GCF/000/599/885/GCF_000599885.1_IMH,8,1267600.3.fna,GCF_000599885.1_IMH_genomic.fna, 4091152, 4091152,1267600.3.fna_vs_GCF_000599885.1_IMH_genomic.fna_blast.xml,0,0,0,0,0,0,0,0,4091152,0,0,0,0,0,0,1267600_subject_array_1739773954.bin
15331,1268043,NBRC 108724,1268043.3,8,https://ftp.ncbi.nlm.nih.gov/genomes/all/GCF/010/686/705/GCF_010686705.1_ASM1068670v1,8,1268043.3.fna,GCF_010686705.1_ASM1068670v1_genomic.fna, 4052689, 4052689,1268043.3.fna_vs_GCF_010686705.1_ASM1068670v1_genomic.fna_blast.xml,0,0,0,0,0,0,0,0,4052689,0,0,0,0,0,0,1268043_subject_array_1739773955.bin
15345,1268553,DSM 101806,1268553.3,8,https://ftp.ncbi.nlm.nih.gov/genomes/all/GCF/014/196/745/GCF_014196745.1_ASM1419674v1,8,1268553.3.fna,GCF_014196745.1_ASM1419674v1_genomic.fna, 5517776, 5517776,1268553.3.fna_vs_GCF_014196745.1_ASM1419674v1_genomic.fna_blast.xml,0,0,0,0,0,0,0,98,5517678,0,0,0,0,0,0,1268553_subject_array_1739773957.bin
15346,1268553,S00224,1268553.4,8,https://ftp.ncbi.nlm.nih.gov/genomes/all/GCF/014/204/495/GCF_014204495.1_ASM1420449v1,8,1268553.4.fna,GCF_014204495.1_ASM1420449v1_genomic.fna, 4957855, 4957855,1268553.4.fna_vs_GCF_014204495.1_ASM1420449v1_genomic.fna_blast.xml,0,0,0,0,0,0,0,96,4957759,0,0,0,0,0,0,1268553_subject_array_1739773960.bin
15469,1270,O'kane,1270.127,8,https://ftp.ncbi.nlm.nih.gov/genomes/all/GCF/001/691/605/GCF_001691605.1_ASM169160v1,8,1270.127.fna,GCF_001691605.1_ASM169160v1_genomic.fna, 2501088, 2501088,1270.127.fna_vs_GCF_001691605.1_ASM169160v1_genomic.fna_blast.xml,0,0,0,0,0,0,0,412,2500676,0,0,0,0,0,0,1270_subject_array_1739773960.bin
15667,1279028,314Chir4.1,1279028.3,8,https://ftp.ncbi.nlm.nih.gov/genomes/all/GCF/900/215/175/GCF_900215175.1_IMG-taxon_2521172612_annotated_assembly,8,1279028.3.fna,GCF_900215175.1_IMG-taxon_2521172612_annotated_assembly_genomic.fna, 3786558, 3786558,1279028.3.fna_vs_GCF_900215175.1_IMG-taxon_2521172612_annotated_assembly_genomic.fna_blast.xml,0,0,0,0,0,0,1,0,3786554,0,1,2,0,0,0,1279028_subject_array_1739773962.bin
15745,1279365,HD73,1279365.3,8,https://ftp.ncbi.nlm.nih.gov/genomes/all/GCF/000/338/755/GCF_000338755.1_ASM33875v1,8,1279365.3.fna,GCF_000338755.1_ASM33875v1_genomic.fna, 5908575, 5908575,1279365.3.fna_vs_GCF_000338755.1_ASM33875v1_genomic.fna_blast.xml,0,0,0,0,0,0,1,0,5908566,0,3,5,0,0,0,1279365_subject_array_1739773964.bin
16391,1280,21/11-2 LC,1280.31273,8,https://ftp.ncbi.nlm.nih.gov/genomes/all/GCF/016/425/725/GCF_016425725.1_ASM1642572v1,8,1280.31273.fna,GCF_016425725.1_ASM1642572v1_genomic.fna, 2725755, 2725755,1280.31273.fna_vs_GCF_016425725.1_ASM1642572v1_genomic.fna_blast.xml,0,0,0,0,0,0,0,0,2725755,0,0,0,0,0,0,1280_subject_array_1739773965.bin
16873,1280,3688STDY6124921,1280.11229,8,https://ftp.ncbi.nlm.nih.gov/genomes/all/GCF/900/126/145/GCF_900126145.1_17175_2_49,8,1280.11229.fna,GCF_900126145.1_17175_2_49_genomic.fna, 2680066, 2680066,1280.11229.fna_vs_GCF_900126145.1_17175_2_49_genomic.fna_blast.xml,0,0,0,0,0,0,0,0,2680065,0,0,1,0,0,0,1280_subject_array_1739773966.bin
17006,1280,3688STDY6125057,1280.11150,8,https://ftp.ncbi.nlm.nih.gov/genomes/all/GCF/900/128/375/GCF_900128375.1_17175_3_9,8,1280.11150.fna,GCF_900128375.1_17175_3_9_genomic.fna, 2677454, 2677454,1280.11150.fna_vs_GCF_900128375.1_17175_3_9_genomic.fna_blast.xml,0,0,0,0,0,0,0,27,2677426,0,0,0,1,0,0,1280_subject_array_1739773967.bin
20530,1280,GFQ9D130A,1280.43373,8,https://ftp.ncbi.nlm.nih.gov/genomes/all/GCF/024/915/295/GCF_024915295.1_ASM2491529v1,8,1280.43373.fna,GCF_024915295.1_ASM2491529v1_genomic.fna, 2744660, 2744660,1280.43373.fna_vs_GCF_024915295.1_ASM2491529v1_genomic.fna_blast.xml,0,0,0,0,0,0,0,656,2744003,0,0,0,1,0,0,1280_subject_array_1739773968.bin
21539,1280,KM166,1280.30925,8,https://ftp.ncbi.nlm.nih.gov/genomes/all/GCF/015/277/665/GCF_015277665.1_ASM1527766v1,8,1280.30925.fna,GCF_015277665.1_ASM1527766v1_genomic.fna, 2801855, 2801855,1280.30925.fna_vs_GCF_015277665.1_ASM1527766v1_genomic.fna_blast.xml,0,0,0,0,0,0,0,977,2800878,0,0,0,0,0,0,1280_subject_array_1739773969.bin
22298,1280,MRSA012TB,1280.10538,8,https://ftp.ncbi.nlm.nih.gov/genomes/all/GCF/900/098/645/GCF_900098645.1_12291_8_28,8,1280.10538.fna,GCF_900098645.1_12291_8_28_genomic.fna, 2769765, 2769765,1280.10538.fna_vs_GCF_900098645.1_12291_8_28_genomic.fna_blast.xml,0,0,0,0,0,0,3,3046,2766704,0,0,9,3,0,0,1280_subject_array_1739773970.bin
22592,1280,NAS_NP_123,1280.38287,8,https://ftp.ncbi.nlm.nih.gov/genomes/all/GCF/020/108/815/GCF_020108815.1_ASM2010881v1,8,1280.38287.fna,GCF_020108815.1_ASM2010881v1_genomic.fna, 2840390, 2840390,1280.38287.fna_vs_GCF_020108815.1_ASM2010881v1_genomic.fna_blast.xml,0,0,0,0,0,0,0,0,2840390,0,0,0,0,0,0,1280_subject_array_1739773971.bin
22618,1280,NAS_OP_146,1280.38282,8,https://ftp.ncbi.nlm.nih.gov/genomes/all/GCF/020/108/685/GCF_020108685.1_ASM2010868v1,8,1280.38282.fna,GCF_020108685.1_ASM2010868v1_genomic.fna, 2892313, 2892313,1280.38282.fna_vs_GCF_020108685.1_ASM2010868v1_genomic.fna_blast.xml,0,0,0,0,0,0,0,0,2892313,0,0,0,0,0,0,1280_subject_array_1739773972.bin
22658,1280,NCTC11963,1280.18115,8,https://ftp.ncbi.nlm.nih.gov/genomes/all/GCF/900/458/345/GCF_900458345.1_41556_F01,8,1280.18115.fna,GCF_900458345.1_41556_F01_genomic.fna, 2939889, 2939889,1280.18115.fna_vs_GCF_900458345.1_41556_F01_genomic.fna_blast.xml,0,0,0,0,0,0,1,0,2939887,0,0,1,0,0,0,1280_subject_array_1739773973.bin
22779,1280,NML151290,1280.20964,8,https://ftp.ncbi.nlm.nih.gov/genomes/all/GCF/001/722/595/GCF_001722595.1_ASM172259v1,8,1280.20964.fna,GCF_001722595.1_ASM172259v1_genomic.fna, 2782699, 2782699,1280.20964.fna_vs_GCF_001722595.1_ASM172259v1_genomic.fna_blast.xml,0,0,0,0,0,0,0,0,2782699,0,0,0,0,0,0,1280_subject_array_1739773974.bin
24562,1280,Sylas,1280.45003,8,https://ftp.ncbi.nlm.nih.gov/genomes/all/GCF/027/853/385/GCF_027853385.1_ASM2785338v1,8,1280.45003.fna,GCF_027853385.1_ASM2785338v1_genomic.fna, 2941646, 2964573,1280.45003.fna_vs_GCF_027853385.1_ASM2785338v1_genomic.fna_blast.xml,0,0,0,0,0,0,1,19926,2942435,0,0,7,2202,0,2,1280_subject_array_1739773975.bin
26824,1282,BC1191,1282.4747,8,https://ftp.ncbi.nlm.nih.gov/genomes/all/GCF/021/513/095/GCF_021513095.1_ASM2151309v1,8,1282.4747.fna,GCF_021513095.1_ASM2151309v1_genomic.fna, 2464714, 2464714,1282.4747.fna_vs_GCF_021513095.1_ASM2151309v1_genomic.fna_blast.xml,0,0,0,0,0,0,0,0,2464714,0,0,0,0,0,0,1282_subject_array_1739773976.bin
27335,1282,NCTC13360,1282.2822,8,https://ftp.ncbi.nlm.nih.gov/genomes/all/GCF/900/458/515/GCF_900458515.1_35910_H01,8,1282.2822.fna,GCF_900458515.1_35910_H01_genomic.fna, 2635031, 2635031,1282.2822.fna_vs_GCF_900458515.1_35910_H01_genomic.fna_blast.xml,0,0,0,0,0,0,0,0,2635029,0,2,0,0,0,0,1282_subject_array_1739773977.bin
27780,1282858,DSM 29050,1282858.3,8,https://ftp.ncbi.nlm.nih.gov/genomes/all/GCF/014/196/595/GCF_014196595.1_ASM1419659v1,8,1282858.3.fna,GCF_014196595.1_ASM1419659v1_genomic.fna, 2473636, 2473636,1282858.3.fna_vs_GCF_014196595.1_ASM1419659v1_genomic.fna_blast.xml,0,0,0,0,0,0,0,868,2472768,0,0,0,0,0,0,1282858_subject_array_1739773978.bin
27893,1283,1864,1283.1249,8,https://ftp.ncbi.nlm.nih.gov/genomes/all/GCF/022/695/905/GCF_022695905.1_ASM2269590v1,8,1283.1249.fna,GCF_022695905.1_ASM2269590v1_genomic.fna, 2591539, 2591539,1283.1249.fna_vs_GCF_022695905.1_ASM2269590v1_genomic.fna_blast.xml,0,0,0,0,0,0,0,0,2591539,0,0,0,0,0,0,1283_subject_array_1739773979.bin
29617,1293035,CSUR P9684,1293035.7,8,https://ftp.ncbi.nlm.nih.gov/genomes/all/GCF/902/150/045/GCF_902150045.1_P9684,8,1293035.7.fna,GCF_902150045.1_P9684_genomic.fna, 7621884, 7621884,1293035.7.fna_vs_GCF_902150045.1_P9684_genomic.fna_blast.xml,0,0,0,0,0,0,0,0,7621884,0,0,0,0,0,0,1293035_subject_array_1739773982.bin
29658,1293911,Ver097,1293911.3,8,https://ftp.ncbi.nlm.nih.gov/genomes/all/GCF/000/709/795/GCF_000709795.1_Bart_baci_Ver097_V1,8,1293911.3.fna,GCF_000709795.1_Bart_baci_Ver097_V1_genomic.fna, 1390141, 1394706,1293911.3.fna_vs_GCF_000709795.1_Bart_baci_Ver097_V1_genomic.fna_blast.xml,0,0,0,0,0,0,0,4565,1390141,0,0,0,0,0,0,1293911_subject_array_1739773982.bin
29806,1295775,TKK_02_0059,1295775.3,8,https://ftp.ncbi.nlm.nih.gov/genomes/all/GCF/000/659/825/GCF_000659825.1_Myco_tube_TKK_02_0059_V1,8,1295775.3.fna,GCF_000659825.1_Myco_tube_TKK_02_0059_V1_genomic.fna, 4400255, 4410103,1295775.3.fna_vs_GCF_000659825.1_Myco_tube_TKK_02_0059_V1_genomic.fna_blast.xml,0,0,0,0,0,0,0,9838,4400255,0,10,0,0,0,0,1295775_subject_array_1739773984.bin
29807,1295776,TKK_02_0060,1295776.3,8,https://ftp.ncbi.nlm.nih.gov/genomes/all/GCF/000/659/845/GCF_000659845.1_Myco_tube_TKK_02_0060_V1,8,1295776.3.fna,GCF_000659845.1_Myco_tube_TKK_02_0060_V1_genomic.fna, 4405460, 4405933,1295776.3.fna_vs_GCF_000659845.1_Myco_tube_TKK_02_0060_V1_genomic.fna_blast.xml,0,0,0,0,0,0,0,413,4405460,0,60,0,0,0,0,1295776_subject_array_1739773985.bin
30111,1296,i1,1296.71,8,https://ftp.ncbi.nlm.nih.gov/genomes/all/GCF/002/407/445/GCF_002407445.1_ASM240744v1,8,1296.71.fna,GCF_002407445.1_ASM240744v1_genomic.fna, 2868918, 2868918,1296.71.fna_vs_GCF_002407445.1_ASM240744v1_genomic.fna_blast.xml,0,0,0,0,0,0,0,258,2868658,0,0,2,0,0,0,1296_subject_array_1739773986.bin
30146,1296536,CNCI 3,1296536.294,8,https://ftp.ncbi.nlm.nih.gov/genomes/all/GCF/031/611/535/GCF_031611535.1_ASM3161153v1,8,1296536.294.fna,GCF_031611535.1_ASM3161153v1_genomic.fna, 5262361, 5262361,1296536.294.fna_vs_GCF_031611535.1_ASM3161153v1_genomic.fna_blast.xml,0,0,0,0,0,0,1,0,5262360,0,0,0,0,0,0,1296536_subject_array_1739773988.bin
30284,1296536,PLCR 8,1296536.292,8,https://ftp.ncbi.nlm.nih.gov/genomes/all/GCF/031/611/415/GCF_031611415.1_ASM3161141v1,8,1296536.292.fna,GCF_031611415.1_ASM3161141v1_genomic.fna, 5242312, 5242312,1296536.292.fna_vs_GCF_031611415.1_ASM3161141v1_genomic.fna_blast.xml,0,0,0,0,0,0,0,0,5242312,0,0,0,0,0,0,1296536_subject_array_1739773990.bin
30339,1297534,CECT 7746,1297534.3,8,https://ftp.ncbi.nlm.nih.gov/genomes/all/GCF/000/382/805/GCF_000382805.1_ASM38280v1,8,1297534.3.fna,GCF_000382805.1_ASM38280v1_genomic.fna, 1981087, 1981087,1297534.3.fna_vs_GCF_000382805.1_ASM38280v1_genomic.fna_blast.xml,0,0,0,0,0,0,0,8285,1972802,0,0,0,0,0,0,1297534_subject_array_1739773991.bin
30395,1298594,JCM 15641,1298594.4,8,https://ftp.ncbi.nlm.nih.gov/genomes/all/GCF/002/959/855/GCF_002959855.1_ASM295985v1,8,1298594.4.fna,GCF_002959855.1_ASM295985v1_genomic.fna, 1981866, 1981866,1298594.4.fna_vs_GCF_002959855.1_ASM295985v1_genomic.fna_blast.xml,0,0,0,0,0,0,0,0,1981866,0,0,0,0,0,0,1298594_subject_array_1739773992.bin
30543,1302,BSD2780120874_150323_D6,1302.419,8,https://ftp.ncbi.nlm.nih.gov/genomes/all/GCF/015/666/945/GCF_015666945.1_ASM1566694v1,8,1302.419.fna,GCF_015666945.1_ASM1566694v1_genomic.fna, 2240646, 2240646,1302.419.fna_vs_GCF_015666945.1_ASM1566694v1_genomic.fna_blast.xml,0,0,0,0,0,0,0,1294,2239352,0,0,0,0,0,0,1302_subject_array_1739773992.bin
30567,1302,K19,1302.510,8,https://ftp.ncbi.nlm.nih.gov/genomes/all/GCF/019/733/955/GCF_019733955.1_ASM1973395v1,8,1302.510.fna,GCF_019733955.1_ASM1973395v1_genomic.fna, 2266473, 2266473,1302.510.fna_vs_GCF_019733955.1_ASM1973395v1_genomic.fna_blast.xml,0,0,0,0,0,0,0,715,2265748,0,0,10,0,0,0,1302_subject_array_1739773993.bin
30586,1302,S18,1302.541,8,https://ftp.ncbi.nlm.nih.gov/genomes/all/GCF/023/109/935/GCF_023109935.1_ASM2310993v1,8,1302.541.fna,GCF_023109935.1_ASM2310993v1_genomic.fna, 2092254, 2092254,1302.541.fna_vs_GCF_023109935.1_ASM2310993v1_genomic.fna_blast.xml,0,0,0,0,0,0,0,385,2091869,0,0,0,0,0,0,1302_subject_array_1739773994.bin
30594,1302,SK186,1302.514,8,https://ftp.ncbi.nlm.nih.gov/genomes/all/GCF/019/929/725/GCF_019929725.1_ASM1992972v1,8,1302.514.fna,GCF_019929725.1_ASM1992972v1_genomic.fna, 2205158, 2205158,1302.514.fna_vs_GCF_019929725.1_ASM1992972v1_genomic.fna_blast.xml,0,0,0,0,0,0,0,0,2205158,0,0,0,0,0,0,1302_subject_array_1739773995.bin
30771,1303,S14,1303.1067,8,https://ftp.ncbi.nlm.nih.gov/genomes/all/GCF/023/110/055/GCF_023110055.1_ASM2311005v1,8,1303.1067.fna,GCF_023110055.1_ASM2311005v1_genomic.fna, 1990034, 1990034,1303.1067.fna_vs_GCF_023110055.1_ASM2311005v1_genomic.fna_blast.xml,0,0,0,0,0,0,0,723,1989307,0,0,4,0,0,0,1303_subject_array_1739773995.bin
30880,1304,AM110-184,1304.1993,8,https://ftp.ncbi.nlm.nih.gov/genomes/all/GCF/027/675/265/GCF_027675265.1_ASM2767526v1,8,1304.1993.fna,GCF_027675265.1_ASM2767526v1_genomic.fna, 2017330, 2109242,1304.1993.fna_vs_GCF_027675265.1_ASM2767526v1_genomic.fna_blast.xml,0,0,0,0,0,0,0,91587,2017569,0,0,6,80,0,0,1304_subject_array_1739773996.bin
31059,1305,A15000964,1305.904,8,https://ftp.ncbi.nlm.nih.gov/genomes/all/GCF/026/781/545/GCF_026781545.1_ASM2678154v1,8,1305.904.fna,GCF_026781545.1_ASM2678154v1_genomic.fna, 2328986, 2328986,1305.904.fna_vs_GCF_026781545.1_ASM2678154v1_genomic.fna_blast.xml,0,0,0,0,0,0,0,121,2328865,0,0,0,0,0,0,1305_subject_array_1739773997.bin
31112,1305,S24,1305.891,8,https://ftp.ncbi.nlm.nih.gov/genomes/all/GCF/023/109/815/GCF_023109815.1_ASM2310981v1,8,1305.891.fna,GCF_023109815.1_ASM2310981v1_genomic.fna, 2328905, 2328905,1305.891.fna_vs_GCF_023109815.1_ASM2310981v1_genomic.fna_blast.xml,0,0,0,0,0,0,0,285,2328620,0,0,0,0,0,0,1305_subject_array_1739773998.bin
33122,1307,Ss_53,1307.7163,8,https://ftp.ncbi.nlm.nih.gov/genomes/all/GCF/034/317/165/GCF_034317165.1_ASM3431716v1,8,1307.7163.fna,GCF_034317165.1_ASM3431716v1_genomic.fna, 2462840, 2462840,1307.7163.fna_vs_GCF_034317165.1_ASM3431716v1_genomic.fna_blast.xml,0,0,0,0,0,0,0,11038,2451794,0,0,0,8,0,0,1307_subject_array_1739773999.bin
33132,1307,Ssuis_MA3,1307.4838,8,https://ftp.ncbi.nlm.nih.gov/genomes/all/GCF/020/541/745/GCF_020541745.1_ASM2054174v1,8,1307.4838.fna,GCF_020541745.1_ASM2054174v1_genomic.fna, 2354822, 2354822,1307.4838.fna_vs_GCF_020541745.1_ASM2054174v1_genomic.fna_blast.xml,0,0,0,0,0,0,0,0,2354822,0,0,0,0,0,0,1307_subject_array_1739774000.bin
33825,1310158,Kb140,1310158.5,8,https://ftp.ncbi.nlm.nih.gov/genomes/all/GCF/000/599/925/GCF_000599925.1_KPB_3_IHQD,8,1310158.5.fna,GCF_000599925.1_KPB_3_IHQD_genomic.fna, 5677714, 5677714,1310158.5.fna_vs_GCF_000599925.1_KPB_3_IHQD_genomic.fna_blast.xml,0,0,0,0,0,0,0,0,5677714,0,0,0,0,0,0,1310158_subject_array_1739774002.bin
34355,1311,230,1311.2747,8,https://ftp.ncbi.nlm.nih.gov/genomes/all/GCF/009/771/235/GCF_009771235.1_ASM977123v1,8,1311.2747.fna,GCF_009771235.1_ASM977123v1_genomic.fna, 1903489, 1903489,1311.2747.fna_vs_GCF_009771235.1_ASM977123v1_genomic.fna_blast.xml,0,0,0,0,0,0,0,0,1903489,0,0,0,0,0,0,1311_subject_array_1739774002.bin
34936,1311,GCH73,1311.2647,8,https://ftp.ncbi.nlm.nih.gov/genomes/all/GCF/009/496/655/GCF_009496655.1_ASM949665v1,8,1311.2647.fna,GCF_009496655.1_ASM949665v1_genomic.fna, 2053953, 2053953,1311.2647.fna_vs_GCF_009496655.1_ASM949665v1_genomic.fna_blast.xml,0,0,0,0,0,0,0,0,2053953,0,0,0,0,0,0,1311_subject_array_1739774003.bin
35112,1311,NGS-ED-1000,1311.134,8,https://ftp.ncbi.nlm.nih.gov/genomes/all/GCF/000/736/485/GCF_000736485.1_ASM73648v1,8,1311.134.fna,GCF_000736485.1_ASM73648v1_genomic.fna, 2173783, 2173783,1311.134.fna_vs_GCF_000736485.1_ASM73648v1_genomic.fna_blast.xml,0,0,0,0,0,0,0,0,2173783,0,0,0,0,0,0,1311_subject_array_1739774004.bin
35473,1311,W1916,1311.4943,8,https://ftp.ncbi.nlm.nih.gov/genomes/all/GCF/027/862/365/GCF_027862365.1_ASM2786236v1,8,1311.4943.fna,GCF_027862365.1_ASM2786236v1_genomic.fna, 2097616, 2097616,1311.4943.fna_vs_GCF_027862365.1_ASM2786236v1_genomic.fna_blast.xml,0,0,0,0,0,0,0,0,2097616,0,0,0,0,0,0,1311_subject_array_1739774005.bin
35762,1312740,ATCC BAA-789,1312740.3,8,https://ftp.ncbi.nlm.nih.gov/genomes/all/GCF/012/396/185/GCF_012396185.1_ASM1239618v1,8,1312740.3.fna,GCF_012396185.1_ASM1239618v1_genomic.fna, 2982542, 2982542,1312740.3.fna_vs_GCF_012396185.1_ASM1239618v1_genomic.fna_blast.xml,0,0,0,0,0,0,0,0,2982542,0,0,0,0,0,0,1312740_subject_array_1739774006.bin
37722,1313,NCTC10319,1313.16022,8,https://ftp.ncbi.nlm.nih.gov/genomes/all/GCF/900/459/555/GCF_900459555.1_43058_C01,8,1313.16022.fna,GCF_900459555.1_43058_C01_genomic.fna, 2085375, 2085375,1313.16022.fna_vs_GCF_900459555.1_43058_C01_genomic.fna_blast.xml,0,0,0,0,0,0,0,0,2085351,0,0,1,22,0,1,1313_subject_array_1739774007.bin
42323,1314,31001V1S1,1314.1456,8,https://ftp.ncbi.nlm.nih.gov/genomes/all/GCF/900/986/765/GCF_900986765.1_9262_5_6,8,1314.1456.fna,GCF_900986765.1_9262_5_6_genomic.fna, 1806212, 1806212,1314.1456.fna_vs_GCF_900986765.1_9262_5_6_genomic.fna_blast.xml,0,0,0,0,0,0,0,0,1806212,0,0,0,0,0,0,1314_subject_array_1739774007.bin
42422,1314,31114V1S1,1314.1420,8,https://ftp.ncbi.nlm.nih.gov/genomes/all/GCF/900/986/405/GCF_900986405.1_9262_5_26,8,1314.1420.fna,GCF_900986405.1_9262_5_26_genomic.fna, 1812457, 1812457,1314.1420.fna_vs_GCF_900986405.1_9262_5_26_genomic.fna_blast.xml,0,0,0,0,0,0,0,0,1812457,0,0,0,0,0,0,1314_subject_array_1739774008.bin
42514,1314,33080V1S1,1314.1443,8,https://ftp.ncbi.nlm.nih.gov/genomes/all/GCF/900/986/635/GCF_900986635.1_9262_5_50,8,1314.1443.fna,GCF_900986635.1_9262_5_50_genomic.fna, 1740771, 1740771,1314.1443.fna_vs_GCF_900986635.1_9262_5_50_genomic.fna_blast.xml,0,0,0,0,0,0,0,0,1740771,0,0,0,0,0,0,1314_subject_array_1739774008.bin
42520,1314,33094V2S1,1314.1466,8,https://ftp.ncbi.nlm.nih.gov/genomes/all/GCF/900/986/865/GCF_900986865.1_9262_5_70,8,1314.1466.fna,GCF_900986865.1_9262_5_70_genomic.fna, 1806078, 1806078,1314.1466.fna_vs_GCF_900986865.1_9262_5_70_genomic.fna_blast.xml,0,0,0,0,0,0,0,0,1806078,0,0,0,0,0,0,1314_subject_array_1739774009.bin
42569,1314,33192V2S1,1314.1479,8,https://ftp.ncbi.nlm.nih.gov/genomes/all/GCF/900/986/995/GCF_900986995.1_9262_5_81,8,1314.1479.fna,GCF_900986995.1_9262_5_81_genomic.fna, 1805450, 1805450,1314.1479.fna_vs_GCF_900986995.1_9262_5_81_genomic.fna_blast.xml,0,0,0,0,0,0,0,0,1805450,0,0,0,0,0,0,1314_subject_array_1739774010.bin
42617,1314,A829,1314.1297,8,https://ftp.ncbi.nlm.nih.gov/genomes/all/GCF/900/985/175/GCF_900985175.1_19944_7_7,8,1314.1297.fna,GCF_900985175.1_19944_7_7_genomic.fna, 1713394, 1713394,1314.1297.fna_vs_GCF_900985175.1_19944_7_7_genomic.fna_blast.xml,0,0,0,0,0,0,0,0,1713394,0,0,0,0,0,0,1314_subject_array_1739774010.bin
42625,1314,A846,1314.1160,8,https://ftp.ncbi.nlm.nih.gov/genomes/all/GCF/900/983/805/GCF_900983805.1_19944_6_174,8,1314.1160.fna,GCF_900983805.1_19944_6_174_genomic.fna, 1754624, 1754624,1314.1160.fna_vs_GCF_900983805.1_19944_6_174_genomic.fna_blast.xml,0,0,0,0,0,0,0,0,1754624,0,0,0,0,0,0,1314_subject_array_1739774011.bin
42936,1314,GAS10476,1314.2273,8,https://ftp.ncbi.nlm.nih.gov/genomes/all/GCF/900/995/015/GCF_900995015.1_19944_8_67,8,1314.2273.fna,GCF_900995015.1_19944_8_67_genomic.fna, 1791660, 1791660,1314.2273.fna_vs_GCF_900995015.1_19944_8_67_genomic.fna_blast.xml,0,0,0,0,0,0,0,0,1791660,0,0,0,0,0,0,1314_subject_array_1739774011.bin
43005,1314,GAS12332,1314.2173,8,https://ftp.ncbi.nlm.nih.gov/genomes/all/GCF/900/994/025/GCF_900994025.1_19944_8_14,8,1314.2173.fna,GCF_900994025.1_19944_8_14_genomic.fna, 1754710, 1754710,1314.2173.fna_vs_GCF_900994025.1_19944_8_14_genomic.fna_blast.xml,0,0,0,0,0,0,0,0,1754710,0,0,0,0,0,0,1314_subject_array_1739774012.bin
43963,1314,NS5779,1314.1966,8,https://ftp.ncbi.nlm.nih.gov/genomes/all/GCF/900/991/945/GCF_900991945.1_7368_7_48,8,1314.1966.fna,GCF_900991945.1_7368_7_48_genomic.fna, 1724785, 1724785,1314.1966.fna_vs_GCF_900991945.1_7368_7_48_genomic.fna_blast.xml,0,0,0,0,0,0,0,0,1724785,0,0,0,0,0,0,1314_subject_array_1739774012.bin
44320,1315281,O-BC30,1315281.4,8,https://ftp.ncbi.nlm.nih.gov/genomes/all/GCF/014/925/335/GCF_014925335.1_ASM1492533v1,8,1315281.4.fna,GCF_014925335.1_ASM1492533v1_genomic.fna, 4852163, 4852163,1315281.4.fna_vs_GCF_014925335.1_ASM1492533v1_genomic.fna_blast.xml,0,0,0,0,0,0,0,0,4852163,0,0,0,0,0,0,1315281_subject_array_1739774014.bin
44382,1317125,LP100,1317125.3,8,https://ftp.ncbi.nlm.nih.gov/genomes/all/GCF/900/156/345/GCF_900156345.1_IMG-taxon_2681812890_annotated_assembly,8,1317125.3.fna,GCF_900156345.1_IMG-taxon_2681812890_annotated_assembly_genomic.fna, 4566239, 4566239,1317125.3.fna_vs_GCF_900156345.1_IMG-taxon_2681812890_annotated_assembly_genomic.fna_blast.xml,0,0,0,0,0,0,0,0,4566239,0,0,0,0,0,0,1317125_subject_array_1739774016.bin
44638,1324218,TKK-01-0001,1324218.3,8,https://ftp.ncbi.nlm.nih.gov/genomes/all/GCF/000/660/245/GCF_000660245.1_Myco_tube_TKK-01-0001_V1,8,1324218.3.fna,GCF_000660245.1_Myco_tube_TKK-01-0001_V1_genomic.fna, 4410122, 4412109,1324218.3.fna_vs_GCF_000660245.1_Myco_tube_TKK-01-0001_V1_genomic.fna_blast.xml,0,0,0,0,0,0,0,1934,4410124,0,50,0,1,0,0,1324218_subject_array_1739774017.bin
44648,1324228,TKK-01-0012,1324228.3,8,https://ftp.ncbi.nlm.nih.gov/genomes/all/GCF/000/660/445/GCF_000660445.1_Myco_tube_TKK-01-0012_V1,8,1324228.3.fna,GCF_000660445.1_Myco_tube_TKK-01-0012_V1_genomic.fna, 4405907, 4407538,1324228.3.fna_vs_GCF_000660445.1_Myco_tube_TKK-01-0012_V1_genomic.fna_blast.xml,0,0,0,0,0,0,0,1580,4405908,0,50,0,0,0,0,1324228_subject_array_1739774019.bin
44864,1327752,SN-14,1327752.3,8,https://ftp.ncbi.nlm.nih.gov/genomes/all/GCF/003/987/185/GCF_003987185.1_ASM398718v1,8,1327752.3.fna,GCF_003987185.1_ASM398718v1_genomic.fna, 2965611, 2965611,1327752.3.fna_vs_GCF_003987185.1_ASM398718v1_genomic.fna_blast.xml,0,0,0,0,0,0,0,0,2965611,0,0,0,0,0,0,1327752_subject_array_1739774020.bin
44913,1328,CALM001,1328.77,8,https://ftp.ncbi.nlm.nih.gov/genomes/all/GCF/003/568/885/GCF_003568885.1_ASM356888v1,8,1328.77.fna,GCF_003568885.1_ASM356888v1_genomic.fna, 1888139, 1888139,1328.77.fna_vs_GCF_003568885.1_ASM356888v1_genomic.fna_blast.xml,0,0,0,0,0,0,0,0,1888139,0,0,0,0,0,0,1328_subject_array_1739774020.bin
45276,1329823,MGH 14,1329823.3,8,https://ftp.ncbi.nlm.nih.gov/genomes/all/GCF/000/474/785/GCF_000474785.1_Ente_cloa_complex_MGH_14_V1_PacBio,8,1329823.3.fna,GCF_000474785.1_Ente_cloa_complex_MGH_14_V1_PacBio_genomic.fna, 5506631, 5506631,1329823.3.fna_vs_GCF_000474785.1_Ente_cloa_complex_MGH_14_V1_PacBio_genomic.fna_blast.xml,0,0,0,0,0,0,0,0,5506631,0,0,0,0,0,0,1329823_subject_array_1739774022.bin
45285,1329832,MGH 34,1329832.3,8,https://ftp.ncbi.nlm.nih.gov/genomes/all/GCF/000/492/895/GCF_000492895.1_Ente_cloa_complex_MGH_34_V1,8,1329832.3.fna,GCF_000492895.1_Ente_cloa_complex_MGH_34_V1_genomic.fna, 5071843, 5078889,1329832.3.fna_vs_GCF_000492895.1_Ente_cloa_complex_MGH_34_V1_genomic.fna_blast.xml,0,0,0,0,0,0,0,7016,5071843,0,30,0,0,0,0,1329832_subject_array_1739774025.bin
45297,1329842,BIDMC 30,1329842.3,8,https://ftp.ncbi.nlm.nih.gov/genomes/all/GCF/000/534/355/GCF_000534355.1_Ente_cloa_complex_BIDMC_30_V1,8,1329842.3.fna,GCF_000534355.1_Ente_cloa_complex_BIDMC_30_V1_genomic.fna, 4782100, 4786729,1329842.3.fna_vs_GCF_000534355.1_Ente_cloa_complex_BIDMC_30_V1_genomic.fna_blast.xml,0,0,0,0,0,0,0,4627,4782102,0,0,0,0,0,0,1329842_subject_array_1739774026.bin
45450,1332080,SC-1,1332080.25,8,https://ftp.ncbi.nlm.nih.gov/genomes/all/GCF/035/155/065/GCF_035155065.1_ASM3515506v1,8,1332080.25.fna,GCF_035155065.1_ASM3515506v1_genomic.fna, 4374142, 4374142,1332080.25.fna_vs_GCF_035155065.1_ASM3515506v1_genomic.fna_blast.xml,0,0,0,0,0,0,0,0,4374142,0,0,0,0,0,0,1332080_subject_array_1739774028.bin
45696,1335,C277,1335.14,8,https://ftp.ncbi.nlm.nih.gov/genomes/all/GCF/900/099/885/GCF_900099885.1_IMG-taxon_2623621021_annotated_assembly,8,1335.14.fna,GCF_900099885.1_IMG-taxon_2623621021_annotated_assembly_genomic.fna, 1825979, 1825979,1335.14.fna_vs_GCF_900099885.1_IMG-taxon_2623621021_annotated_assembly_genomic.fna_blast.xml,0,0,0,0,0,0,0,558,1825421,0,0,0,0,0,0,1335_subject_array_1739774028.bin
45704,1335,HC5,1335.4,8,https://ftp.ncbi.nlm.nih.gov/genomes/all/GCF/000/731/085/GCF_000731085.1_ASM73108v1,8,1335.4.fna,GCF_000731085.1_ASM73108v1_genomic.fna, 1846241, 1846241,1335.4.fna_vs_GCF_000731085.1_ASM73108v1_genomic.fna_blast.xml,0,0,0,0,0,0,0,0,1846241,0,0,0,0,0,0,1335_subject_array_1739774029.bin
45946,1338,14-03-17,1338.77,8,https://ftp.ncbi.nlm.nih.gov/genomes/all/GCF/008/633/305/GCF_008633305.1_ASM863330v1,8,1338.77.fna,GCF_008633305.1_ASM863330v1_genomic.fna, 1845697, 1845697,1338.77.fna_vs_GCF_008633305.1_ASM863330v1_genomic.fna_blast.xml,0,0,0,0,0,0,0,0,1845697,0,0,0,0,0,0,1338_subject_array_1739774030.bin
46132,134047,2020LSAL00427,134047.24,8,https://ftp.ncbi.nlm.nih.gov/genomes/all/GCF/943/116/715/GCF_943116715.1_2020LSAL00427,8,134047.24.fna,GCF_943116715.1_2020LSAL00427_genomic.fna, 4684987, 4684987,134047.24.fna_vs_GCF_943116715.1_2020LSAL00427_genomic.fna_blast.xml,0,0,0,0,0,0,0,80,4684907,0,0,0,0,0,0,134047_subject_array_1739774031.bin
46230,1342301,NB-77,1342301.3,8,https://ftp.ncbi.nlm.nih.gov/genomes/all/GCF/000/622/385/GCF_000622385.1_NB77_draft,8,1342301.3.fna,GCF_000622385.1_NB77_draft_genomic.fna, 4085976, 4085976,1342301.3.fna_vs_GCF_000622385.1_NB77_draft_genomic.fna_blast.xml,0,0,0,0,0,0,0,0,4085976,0,0,0,0,0,0,1342301_subject_array_1739774033.bin
46268,1343891,CGMCC 1.12641,1343891.3,8,https://ftp.ncbi.nlm.nih.gov/genomes/all/GCF/900/215/295/GCF_900215295.1_IMG-taxon_2721755925_annotated_assembly,8,1343891.3.fna,GCF_900215295.1_IMG-taxon_2721755925_annotated_assembly_genomic.fna, 3482289, 3482289,1343891.3.fna_vs_GCF_900215295.1_IMG-taxon_2721755925_annotated_assembly_genomic.fna_blast.xml,0,0,0,0,0,0,0,0,3482286,0,0,3,0,0,0,1343891_subject_array_1739774034.bin
46714,1349,03,1349.1113,8,https://ftp.ncbi.nlm.nih.gov/genomes/all/GCF/023/504/385/GCF_023504385.1_ASM2350438v1,8,1349.1113.fna,GCF_023504385.1_ASM2350438v1_genomic.fna, 1883847, 1883847,1349.1113.fna_vs_GCF_023504385.1_ASM2350438v1_genomic.fna_blast.xml,0,0,0,0,0,0,0,299,1883548,0,0,0,0,0,0,1349_subject_array_1739774034.bin
46730,1349,05,1349.1114,8,https://ftp.ncbi.nlm.nih.gov/genomes/all/GCF/023/504/395/GCF_023504395.1_ASM2350439v1,8,1349.1114.fna,GCF_023504395.1_ASM2350439v1_genomic.fna, 1805858, 1805858,1349.1114.fna_vs_GCF_023504395.1_ASM2350439v1_genomic.fna_blast.xml,0,0,0,0,0,0,0,300,1805558,0,0,0,0,0,0,1349_subject_array_1739774035.bin
46736,1349,11,1349.1116,8,https://ftp.ncbi.nlm.nih.gov/genomes/all/GCF/023/504/335/GCF_023504335.1_ASM2350433v1,8,1349.1116.fna,GCF_023504335.1_ASM2350433v1_genomic.fna, 1883972, 1883972,1349.1116.fna_vs_GCF_023504335.1_ASM2350433v1_genomic.fna_blast.xml,0,0,0,0,0,0,0,299,1883673,0,0,0,0,0,0,1349_subject_array_1739774036.bin
46737,1349,12,1349.1109,8,https://ftp.ncbi.nlm.nih.gov/genomes/all/GCF/023/504/265/GCF_023504265.1_ASM2350426v1,8,1349.1109.fna,GCF_023504265.1_ASM2350426v1_genomic.fna, 1875458, 1875458,1349.1109.fna_vs_GCF_023504265.1_ASM2350426v1_genomic.fna_blast.xml,0,0,0,0,0,0,0,597,1874861,0,0,0,0,0,0,1349_subject_array_1739774036.bin
46738,1349,13,1349.1110,8,https://ftp.ncbi.nlm.nih.gov/genomes/all/GCF/023/504/295/GCF_023504295.1_ASM2350429v1,8,1349.1110.fna,GCF_023504295.1_ASM2350429v1_genomic.fna, 1875843, 1875843,1349.1110.fna_vs_GCF_023504295.1_ASM2350429v1_genomic.fna_blast.xml,0,0,0,0,0,0,0,597,1875246,0,0,0,0,0,0,1349_subject_array_1739774037.bin
46740,1349,15,1349.1104,8,https://ftp.ncbi.nlm.nih.gov/genomes/all/GCF/023/504/185/GCF_023504185.1_ASM2350418v1,8,1349.1104.fna,GCF_023504185.1_ASM2350418v1_genomic.fna, 1876200, 1876200,1349.1104.fna_vs_GCF_023504185.1_ASM2350418v1_genomic.fna_blast.xml,0,0,0,0,0,0,0,670,1875530,0,0,0,0,0,0,1349_subject_array_1739774037.bin
46742,1349,17,1349.1108,8,https://ftp.ncbi.nlm.nih.gov/genomes/all/GCF/023/504/225/GCF_023504225.1_ASM2350422v1,8,1349.1108.fna,GCF_023504225.1_ASM2350422v1_genomic.fna, 1875804, 1875804,1349.1108.fna_vs_GCF_023504225.1_ASM2350422v1_genomic.fna_blast.xml,0,0,0,0,0,0,0,497,1875307,0,0,0,0,0,0,1349_subject_array_1739774038.bin
46747,1349,22,1349.1101,8,https://ftp.ncbi.nlm.nih.gov/genomes/all/GCF/023/504/105/GCF_023504105.1_ASM2350410v1,8,1349.1101.fna,GCF_023504105.1_ASM2350410v1_genomic.fna, 1875809, 1875809,1349.1101.fna_vs_GCF_023504105.1_ASM2350410v1_genomic.fna_blast.xml,0,0,0,0,0,0,0,498,1875311,0,0,0,0,0,0,1349_subject_array_1739774039.bin
46749,1349,24,1349.1106,8,https://ftp.ncbi.nlm.nih.gov/genomes/all/GCF/023/504/115/GCF_023504115.1_ASM2350411v1,8,1349.1106.fna,GCF_023504115.1_ASM2350411v1_genomic.fna, 1876146, 1876146,1349.1106.fna_vs_GCF_023504115.1_ASM2350411v1_genomic.fna_blast.xml,0,0,0,0,0,0,0,632,1875501,0,1,12,0,0,0,1349_subject_array_1739774039.bin
47022,1351,16A-post,1351.882,8,https://ftp.ncbi.nlm.nih.gov/genomes/all/GCF/003/056/045/GCF_003056045.1_ASM305604v1,8,1351.882.fna,GCF_003056045.1_ASM305604v1_genomic.fna, 2810200, 2810200,1351.882.fna_vs_GCF_003056045.1_ASM305604v1_genomic.fna_blast.xml,0,0,0,0,0,0,0,0,2810200,0,0,0,0,0,0,1351_subject_array_1739774040.bin
47023,1351,16A-pre,1351.883,8,https://ftp.ncbi.nlm.nih.gov/genomes/all/GCF/003/056/005/GCF_003056005.1_ASM305600v1,8,1351.883.fna,GCF_003056005.1_ASM305600v1_genomic.fna, 2842456, 2842456,1351.883.fna_vs_GCF_003056005.1_ASM305600v1_genomic.fna_blast.xml,0,0,0,0,0,0,0,179,2842277,0,0,0,0,0,0,1351_subject_array_1739774041.bin
47160,1351,2A11_DIV0231,1351.543,8,https://ftp.ncbi.nlm.nih.gov/genomes/all/GCF/002/141/205/GCF_002141205.1_ASM214120v1,8,1351.543.fna,GCF_002141205.1_ASM214120v1_genomic.fna, 2942537, 2942537,1351.543.fna_vs_GCF_002141205.1_ASM214120v1_genomic.fna_blast.xml,0,0,0,0,0,0,0,26595,2915940,0,0,0,2,0,0,1351_subject_array_1739774042.bin
48004,1351,CHI12,1351.8277,8,https://ftp.ncbi.nlm.nih.gov/genomes/all/GCF/029/734/255/GCF_029734255.1_ASM2973425v1,8,1351.8277.fna,GCF_029734255.1_ASM2973425v1_genomic.fna, 2751203, 2751203,1351.8277.fna_vs_GCF_029734255.1_ASM2973425v1_genomic.fna_blast.xml,0,0,0,0,0,0,0,0,2751203,0,0,0,0,0,0,1351_subject_array_1739774043.bin
48022,1351,CHI84,1351.9868,8,https://ftp.ncbi.nlm.nih.gov/genomes/all/GCF/029/733/915/GCF_029733915.1_ASM2973391v1,8,1351.9868.fna,GCF_029733915.1_ASM2973391v1_genomic.fna, 2806570, 2806570,1351.9868.fna_vs_GCF_029733915.1_ASM2973391v1_genomic.fna_blast.xml,0,0,0,0,0,0,0,0,2806570,0,0,0,0,0,0,1351_subject_array_1739774044.bin
49423,1351,U1908968,1351.6151,8,https://ftp.ncbi.nlm.nih.gov/genomes/all/GCF/021/123/105/GCF_021123105.1_ASM2112310v1,8,1351.6151.fna,GCF_021123105.1_ASM2112310v1_genomic.fna, 2794029, 2794029,1351.6151.fna_vs_GCF_021123105.1_ASM2112310v1_genomic.fna_blast.xml,0,0,0,0,0,0,0,0,2794029,0,0,0,0,0,0,1351_subject_array_1739774045.bin
49917,1352,11F10_MSG5009,1352.1733,8,https://ftp.ncbi.nlm.nih.gov/genomes/all/GCF/002/140/375/GCF_002140375.1_ASM214037v1,8,1352.1733.fna,GCF_002140375.1_ASM214037v1_genomic.fna, 2737010, 2737010,1352.1733.fna_vs_GCF_002140375.1_ASM214037v1_genomic.fna_blast.xml,0,0,0,0,0,0,0,11163,2725806,0,0,1,40,0,0,1352_subject_array_1739774046.bin
49997,1352,15-162,1352.3523,8,https://ftp.ncbi.nlm.nih.gov/genomes/all/GCF/002/973/715/GCF_002973715.1_ASM297371v1,8,1352.3523.fna,GCF_002973715.1_ASM297371v1_genomic.fna, 2777669, 2777669,1352.3523.fna_vs_GCF_002973715.1_ASM297371v1_genomic.fna_blast.xml,0,0,0,0,0,0,0,322,2777347,0,0,0,0,0,0,1352_subject_array_1739774047.bin
50116,1352,1A3_DIV0608,1352.1737,8,https://ftp.ncbi.nlm.nih.gov/genomes/all/GCF/002/140/455/GCF_002140455.1_ASM214045v1,8,1352.1737.fna,GCF_002140455.1_ASM214045v1_genomic.fna, 2771681, 2771681,1352.1737.fna_vs_GCF_002140455.1_ASM214045v1_genomic.fna_blast.xml,0,0,1,0,0,0,0,85620,2686036,0,0,2,21,0,1,1352_subject_array_1739774048.bin
50136,1352,2016C01-052,1352.18415,8,https://ftp.ncbi.nlm.nih.gov/genomes/all/GCF/038/441/135/GCF_038441135.1_ASM3844113v1,8,1352.18415.fna,GCF_038441135.1_ASM3844113v1_genomic.fna, 3327463, 3327463,1352.18415.fna_vs_GCF_038441135.1_ASM3844113v1_genomic.fna_blast.xml,0,0,0,0,0,0,0,0,3327463,0,0,0,0,0,0,1352_subject_array_1739774050.bin
50141,1352,2016N21-233,1352.18412,8,https://ftp.ncbi.nlm.nih.gov/genomes/all/GCF/038/437/885/GCF_038437885.1_ASM3843788v1,8,1352.18412.fna,GCF_038437885.1_ASM3843788v1_genomic.fna, 3198172, 3198172,1352.18412.fna_vs_GCF_038437885.1_ASM3843788v1_genomic.fna_blast.xml,0,0,0,0,0,0,0,0,3198172,0,0,0,0,0,0,1352_subject_array_1739774052.bin
50334,1352,6H2_DIV0141,1352.1758,8,https://ftp.ncbi.nlm.nih.gov/genomes/all/GCF/002/141/355/GCF_002141355.1_ASM214135v1,8,1352.1758.fna,GCF_002141355.1_ASM214135v1_genomic.fna, 2873194, 2873194,1352.1758.fna_vs_GCF_002141355.1_ASM214135v1_genomic.fna_blast.xml,0,0,0,0,0,0,0,63953,2809235,0,0,0,6,0,0,1352_subject_array_1739774053.bin
50414,1352,9H1_DIV04860,1352.1749,8,https://ftp.ncbi.nlm.nih.gov/genomes/all/GCF/002/141/035/GCF_002141035.1_ASM214103v1,8,1352.1749.fna,GCF_002141035.1_ASM214103v1_genomic.fna, 2665024, 2665024,1352.1749.fna_vs_GCF_002141035.1_ASM214103v1_genomic.fna_blast.xml,0,0,1,0,0,0,0,79075,2585891,0,0,2,55,0,0,1352_subject_array_1739774054.bin
50546,1352,AUSMDU00015095,1352.15864,8,https://ftp.ncbi.nlm.nih.gov/genomes/all/GCF/028/887/635/GCF_028887635.1_ASM2888763v1,8,1352.15864.fna,GCF_028887635.1_ASM2888763v1_genomic.fna, 3371400, 3371400,1352.15864.fna_vs_GCF_028887635.1_ASM2888763v1_genomic.fna_blast.xml,0,0,0,0,0,0,0,0,3371400,0,0,0,0,0,0,1352_subject_array_1739774056.bin
51013,1352,DRD-157,1352.14577,8,https://ftp.ncbi.nlm.nih.gov/genomes/all/GCF/023/743/895/GCF_023743895.1_ASM2374389v1,8,1352.14577.fna,GCF_023743895.1_ASM2374389v1_genomic.fna, 2791956, 2791956,1352.14577.fna_vs_GCF_023743895.1_ASM2374389v1_genomic.fna_blast.xml,0,0,0,0,0,0,0,2995,2788959,0,0,0,2,0,0,1352_subject_array_1739774057.bin
51018,1352,DRD-3,1352.14571,8,https://ftp.ncbi.nlm.nih.gov/genomes/all/GCF/023/743/675/GCF_023743675.1_ASM2374367v1,8,1352.14571.fna,GCF_023743675.1_ASM2374367v1_genomic.fna, 2755932, 2755932,1352.14571.fna_vs_GCF_023743675.1_ASM2374367v1_genomic.fna_blast.xml,0,0,0,0,0,0,0,2099,2753833,0,0,0,0,0,0,1352_subject_array_1739774058.bin
51042,1352,Dallas 103,1352.12348,8,https://ftp.ncbi.nlm.nih.gov/genomes/all/GCF/016/415/105/GCF_016415105.1_ASM1641510v1,8,1352.12348.fna,GCF_016415105.1_ASM1641510v1_genomic.fna, 3192907, 3192907,1352.12348.fna_vs_GCF_016415105.1_ASM1641510v1_genomic.fna_blast.xml,0,0,0,0,0,0,0,0,3192907,0,0,0,0,0,0,1352_subject_array_1739774060.bin
51044,1352,Dallas 111,1352.12351,8,https://ftp.ncbi.nlm.nih.gov/genomes/all/GCF/016/415/345/GCF_016415345.1_ASM1641534v1,8,1352.12351.fna,GCF_016415345.1_ASM1641534v1_genomic.fna, 3067428, 3067428,1352.12351.fna_vs_GCF_016415345.1_ASM1641534v1_genomic.fna_blast.xml,0,0,0,0,0,0,0,0,3067428,0,0,0,0,0,0,1352_subject_array_1739774061.bin
51047,1352,Dallas 124_1,1352.12353,8,https://ftp.ncbi.nlm.nih.gov/genomes/all/GCF/016/415/385/GCF_016415385.1_ASM1641538v1,8,1352.12353.fna,GCF_016415385.1_ASM1641538v1_genomic.fna, 3142454, 3142454,1352.12353.fna_vs_GCF_016415385.1_ASM1641538v1_genomic.fna_blast.xml,0,0,0,0,0,0,0,0,3142452,0,1,1,0,0,0,1352_subject_array_1739774063.bin
51049,1352,Dallas 124_3,1352.12352,8,https://ftp.ncbi.nlm.nih.gov/genomes/all/GCF/016/415/365/GCF_016415365.1_ASM1641536v1,8,1352.12352.fna,GCF_016415365.1_ASM1641536v1_genomic.fna, 3142453, 3142453,1352.12352.fna_vs_GCF_016415365.1_ASM1641536v1_genomic.fna_blast.xml,0,0,0,0,0,0,0,0,3142450,0,0,3,0,0,0,1352_subject_array_1739774064.bin
51051,1352,Dallas 137,1352.12356,8,https://ftp.ncbi.nlm.nih.gov/genomes/all/GCF/016/415/445/GCF_016415445.1_ASM1641544v1,8,1352.12356.fna,GCF_016415445.1_ASM1641544v1_genomic.fna, 3115438, 3115438,1352.12356.fna_vs_GCF_016415445.1_ASM1641544v1_genomic.fna_blast.xml,0,0,0,0,0,0,0,0,3115438,0,0,0,0,0,0,1352_subject_array_1739774066.bin
51052,1352,Dallas 144_1,1352.12354,8,https://ftp.ncbi.nlm.nih.gov/genomes/all/GCF/016/415/405/GCF_016415405.1_ASM1641540v1,8,1352.12354.fna,GCF_016415405.1_ASM1641540v1_genomic.fna, 3248094, 3248094,1352.12354.fna_vs_GCF_016415405.1_ASM1641540v1_genomic.fna_blast.xml,0,0,0,0,0,0,0,0,3248093,0,0,1,0,0,0,1352_subject_array_1739774068.bin
51053,1352,Dallas 148,1352.12355,8,https://ftp.ncbi.nlm.nih.gov/genomes/all/GCF/016/415/425/GCF_016415425.1_ASM1641542v1,8,1352.12355.fna,GCF_016415425.1_ASM1641542v1_genomic.fna, 3190339, 3190339,1352.12355.fna_vs_GCF_016415425.1_ASM1641542v1_genomic.fna_blast.xml,0,0,0,0,0,0,0,0,3190339,0,0,0,0,0,0,1352_subject_array_1739774069.bin
51055,1352,Dallas 155,1352.12361,8,https://ftp.ncbi.nlm.nih.gov/genomes/all/GCF/016/415/505/GCF_016415505.1_ASM1641550v1,8,1352.12361.fna,GCF_016415505.1_ASM1641550v1_genomic.fna, 3218956, 3218956,1352.12361.fna_vs_GCF_016415505.1_ASM1641550v1_genomic.fna_blast.xml,0,0,0,0,0,0,0,0,3218956,0,0,0,0,0,0,1352_subject_array_1739774071.bin
51061,1352,Dallas 16_1,1352.12340,8,https://ftp.ncbi.nlm.nih.gov/genomes/all/GCF/016/406/485/GCF_016406485.1_ASM1640648v1,8,1352.12340.fna,GCF_016406485.1_ASM1640648v1_genomic.fna, 3240626, 3240626,1352.12340.fna_vs_GCF_016406485.1_ASM1640648v1_genomic.fna_blast.xml,0,0,0,0,0,0,0,0,3240626,0,0,0,0,0,0,1352_subject_array_1739774072.bin
51062,1352,Dallas 16_2,1352.12438,8,https://ftp.ncbi.nlm.nih.gov/genomes/all/GCF/016/484/315/GCF_016484315.1_ASM1648431v1,8,1352.12438.fna,GCF_016484315.1_ASM1648431v1_genomic.fna, 3192503, 3192503,1352.12438.fna_vs_GCF_016484315.1_ASM1648431v1_genomic.fna_blast.xml,0,0,0,0,0,0,0,0,3192503,0,0,0,0,0,0,1352_subject_array_1739774074.bin
51066,1352,Dallas 5,1352.12324,8,https://ftp.ncbi.nlm.nih.gov/genomes/all/GCF/016/126/675/GCF_016126675.1_ASM1612667v1,8,1352.12324.fna,GCF_016126675.1_ASM1612667v1_genomic.fna, 3176084, 3176084,1352.12324.fna_vs_GCF_016126675.1_ASM1612667v1_genomic.fna_blast.xml,0,0,0,0,0,0,0,0,3176083,0,0,1,0,0,0,1352_subject_array_1739774075.bin
51076,1352,Dallas 71_2,1352.12344,8,https://ftp.ncbi.nlm.nih.gov/genomes/all/GCF/016/406/525/GCF_016406525.1_ASM1640652v1,8,1352.12344.fna,GCF_016406525.1_ASM1640652v1_genomic.fna, 3219856, 3219856,1352.12344.fna_vs_GCF_016406525.1_ASM1640652v1_genomic.fna_blast.xml,0,0,0,0,0,0,0,0,3219852,0,0,4,0,0,0,1352_subject_array_1739774077.bin
51083,1352,Dallas 97_1,1352.12347,8,https://ftp.ncbi.nlm.nih.gov/genomes/all/GCF/016/415/025/GCF_016415025.1_ASM1641502v1,8,1352.12347.fna,GCF_016415025.1_ASM1641502v1_genomic.fna, 3232419, 3232419,1352.12347.fna_vs_GCF_016415025.1_ASM1641502v1_genomic.fna_blast.xml,0,0,0,0,0,0,0,0,3232419,0,0,0,0,0,0,1352_subject_array_1739774079.bin
51420,1352,FDAARGOS_138,1352.672,8,https://ftp.ncbi.nlm.nih.gov/genomes/all/GCF/001/471/295/GCF_001471295.2_ASM147129v2,8,1352.672.fna,GCF_001471295.2_ASM147129v2_genomic.fna, 3248528, 3248592,1352.672.fna_vs_GCF_001471295.2_ASM147129v2_genomic.fna_blast.xml,0,0,0,0,0,0,4,1,3248519,0,68,0,0,0,0,1352_subject_array_1739774080.bin
51424,1352,FDAARGOS_332,1352.2179,8,https://ftp.ncbi.nlm.nih.gov/genomes/all/GCF/002/206/235/GCF_002206235.1_ASM220623v2,8,1352.2179.fna,GCF_002206235.1_ASM220623v2_genomic.fna, 3317945, 3318898,1352.2179.fna_vs_GCF_002206235.1_ASM220623v2_genomic.fna_blast.xml,0,0,0,0,0,0,1,0,3317943,0,954,0,0,0,0,1352_subject_array_1739774082.bin
51827,1352,NUITM-VRE1,1352.14874,8,https://ftp.ncbi.nlm.nih.gov/genomes/all/GCF/025/998/395/GCF_025998395.1_ASM2599839v1,8,1352.14874.fna,GCF_025998395.1_ASM2599839v1_genomic.fna, 3253442, 3253442,1352.14874.fna_vs_GCF_025998395.1_ASM2599839v1_genomic.fna_blast.xml,0,0,0,0,0,0,0,0,3253442,0,0,0,0,0,0,1352_subject_array_1739774084.bin
52040,1352,PR01996-12,1352.12791,8,https://ftp.ncbi.nlm.nih.gov/genomes/all/GCF/018/219/325/GCF_018219325.1_ASM1821932v1,8,1352.12791.fna,GCF_018219325.1_ASM1821932v1_genomic.fna, 3177810, 3177810,1352.12791.fna_vs_GCF_018219325.1_ASM1821932v1_genomic.fna_blast.xml,0,0,0,0,0,0,0,0,3177810,0,0,0,0,0,0,1352_subject_array_1739774085.bin
52093,1352,S5-7,1352.14529,8,https://ftp.ncbi.nlm.nih.gov/genomes/all/GCF/023/383/175/GCF_023383175.1_ASM2338317v1,8,1352.14529.fna,GCF_023383175.1_ASM2338317v1_genomic.fna, 2888183, 2888183,1352.14529.fna_vs_GCF_023383175.1_ASM2338317v1_genomic.fna_blast.xml,0,0,0,0,0,0,0,0,2888183,0,0,0,0,0,0,1352_subject_array_1739774087.bin
52446,1352,UCH1,1352.14515,8,https://ftp.ncbi.nlm.nih.gov/genomes/all/GCF/023/204/955/GCF_023204955.1_ASM2320495v1,8,1352.14515.fna,GCF_023204955.1_ASM2320495v1_genomic.fna, 3334275, 3334275,1352.14515.fna_vs_GCF_023204955.1_ASM2320495v1_genomic.fna_blast.xml,0,0,0,0,0,0,0,0,3334275,0,0,0,0,0,0,1352_subject_array_1739774088.bin
52447,1352,UCH5,1352.14514,8,https://ftp.ncbi.nlm.nih.gov/genomes/all/GCF/023/204/975/GCF_023204975.1_ASM2320497v1,8,1352.14514.fna,GCF_023204975.1_ASM2320497v1_genomic.fna, 3073918, 3073918,1352.14514.fna_vs_GCF_023204975.1_ASM2320497v1_genomic.fna_blast.xml,0,0,0,0,0,0,0,0,3073918,0,0,0,0,0,0,1352_subject_array_1739774090.bin
52711,1352,VRE3355,1352.12582,8,https://ftp.ncbi.nlm.nih.gov/genomes/all/GCF/017/584/065/GCF_017584065.1_ASM1758406v1,8,1352.12582.fna,GCF_017584065.1_ASM1758406v1_genomic.fna, 3146851, 3146851,1352.12582.fna_vs_GCF_017584065.1_ASM1758406v1_genomic.fna_blast.xml,0,0,0,0,0,0,0,0,3146851,0,0,0,0,0,0,1352_subject_array_1739774091.bin
52780,1352,VREA1,1352.12164,8,https://ftp.ncbi.nlm.nih.gov/genomes/all/GCF/015/356/325/GCF_015356325.1_ASM1535632v1,8,1352.12164.fna,GCF_015356325.1_ASM1535632v1_genomic.fna, 3283760, 3283760,1352.12164.fna_vs_GCF_015356325.1_ASM1535632v1_genomic.fna_blast.xml,0,0,0,0,0,0,0,0,3283760,0,0,0,0,0,0,1352_subject_array_1739774092.bin
52782,1352,VREA3,1352.12163,8,https://ftp.ncbi.nlm.nih.gov/genomes/all/GCF/015/356/265/GCF_015356265.1_ASM1535626v1,8,1352.12163.fna,GCF_015356265.1_ASM1535626v1_genomic.fna, 3429877, 3429877,1352.12163.fna_vs_GCF_015356265.1_ASM1535626v1_genomic.fna_blast.xml,0,0,0,0,0,0,0,0,3429877,0,0,0,0,0,0,1352_subject_array_1739774094.bin
52786,1352,VRECG12,1352.8578,8,https://ftp.ncbi.nlm.nih.gov/genomes/all/GCF/009/183/865/GCF_009183865.1_ASM918386v1,8,1352.8578.fna,GCF_009183865.1_ASM918386v1_genomic.fna, 3108465, 3108465,1352.8578.fna_vs_GCF_009183865.1_ASM918386v1_genomic.fna_blast.xml,0,0,0,0,0,0,0,0,3108465,0,0,0,0,0,0,1352_subject_array_1739774096.bin
52789,1352,VRECG15,1352.8601,8,https://ftp.ncbi.nlm.nih.gov/genomes/all/GCF/009/184/345/GCF_009184345.1_ASM918434v1,8,1352.8601.fna,GCF_009184345.1_ASM918434v1_genomic.fna, 3079685, 3079685,1352.8601.fna_vs_GCF_009184345.1_ASM918434v1_genomic.fna_blast.xml,0,0,0,0,0,0,0,0,3079685,0,0,0,0,0,0,1352_subject_array_1739774097.bin
52790,1352,VRECG16,1352.8595,8,https://ftp.ncbi.nlm.nih.gov/genomes/all/GCF/009/184/225/GCF_009184225.1_ASM918422v1,8,1352.8595.fna,GCF_009184225.1_ASM918422v1_genomic.fna, 3082990, 3082990,1352.8595.fna_vs_GCF_009184225.1_ASM918422v1_genomic.fna_blast.xml,0,0,0,0,0,0,0,0,3082990,0,0,0,0,0,0,1352_subject_array_1739774098.bin
52798,1352,VRECG24,1352.8588,8,https://ftp.ncbi.nlm.nih.gov/genomes/all/GCF/009/184/075/GCF_009184075.1_ASM918407v1,8,1352.8588.fna,GCF_009184075.1_ASM918407v1_genomic.fna, 3145820, 3145820,1352.8588.fna_vs_GCF_009184075.1_ASM918407v1_genomic.fna_blast.xml,0,0,0,0,0,0,0,0,3145820,0,0,0,0,0,0,1352_subject_array_1739774100.bin
53211,1353,D52t1_170925_E8,1353.188,8,https://ftp.ncbi.nlm.nih.gov/genomes/all/GCF/015/670/205/GCF_015670205.1_ASM1567020v1,8,1353.188.fna,GCF_015670205.1_ASM1567020v1_genomic.fna, 3362794, 3362794,1353.188.fna_vs_GCF_015670205.1_ASM1567020v1_genomic.fna_blast.xml,0,0,0,0,0,0,0,484,3362310,0,0,0,0,0,0,1353_subject_array_1739774101.bin
53868,135487,BJ06-0127,135487.34,8,https://ftp.ncbi.nlm.nih.gov/genomes/all/GCF/015/478/075/GCF_015478075.1_ASM1547807v1,8,135487.34.fna,GCF_015478075.1_ASM1547807v1_genomic.fna, 6370672, 6370672,135487.34.fna_vs_GCF_015478075.1_ASM1547807v1_genomic.fna_blast.xml,0,0,0,0,0,0,0,0,6370672,0,0,0,0,0,0,135487_subject_array_1739774103.bin
54104,1358,B26,1358.2439,8,https://ftp.ncbi.nlm.nih.gov/genomes/all/GCF/033/631/205/GCF_033631205.1_ASM3363120v1,8,1358.2439.fna,GCF_033631205.1_ASM3363120v1_genomic.fna, 2553411, 2553411,1358.2439.fna_vs_GCF_033631205.1_ASM3363120v1_genomic.fna_blast.xml,0,0,0,0,0,0,0,0,2553411,0,0,0,0,0,0,1358_subject_array_1739774104.bin
54438,1359,P1B5,1359.563,8,https://ftp.ncbi.nlm.nih.gov/genomes/all/GCF/036/670/665/GCF_036670665.1_ASM3667066v1,8,1359.563.fna,GCF_036670665.1_ASM3667066v1_genomic.fna, 2700189, 2700189,1359.563.fna_vs_GCF_036670665.1_ASM3667066v1_genomic.fna_blast.xml,0,0,0,0,0,0,0,0,2700189,0,0,0,0,0,0,1359_subject_array_1739774105.bin
54439,1359,P1B8,1359.555,8,https://ftp.ncbi.nlm.nih.gov/genomes/all/GCF/036/670/545/GCF_036670545.1_ASM3667054v1,8,1359.555.fna,GCF_036670545.1_ASM3667054v1_genomic.fna, 2693185, 2693185,1359.555.fna_vs_GCF_036670545.1_ASM3667054v1_genomic.fna_blast.xml,0,0,0,0,0,0,0,0,2693185,0,0,0,0,0,0,1359_subject_array_1739774106.bin
54440,1359,P1C8,1359.564,8,https://ftp.ncbi.nlm.nih.gov/genomes/all/GCF/036/670/705/GCF_036670705.1_ASM3667070v1,8,1359.564.fna,GCF_036670705.1_ASM3667070v1_genomic.fna, 2693624, 2693624,1359.564.fna_vs_GCF_036670705.1_ASM3667070v1_genomic.fna_blast.xml,0,0,0,0,0,0,0,0,2693624,0,0,0,0,0,0,1359_subject_array_1739774108.bin
54443,1359,P1E10,1359.559,8,https://ftp.ncbi.nlm.nih.gov/genomes/all/GCF/036/670/565/GCF_036670565.1_ASM3667056v1,8,1359.559.fna,GCF_036670565.1_ASM3667056v1_genomic.fna, 2744887, 2744887,1359.559.fna_vs_GCF_036670565.1_ASM3667056v1_genomic.fna_blast.xml,0,0,0,0,0,0,0,0,2744879,0,0,0,8,0,0,1359_subject_array_1739774109.bin
54451,1359,P2D7,1359.556,8,https://ftp.ncbi.nlm.nih.gov/genomes/all/GCF/036/670/495/GCF_036670495.1_ASM3667049v1,8,1359.556.fna,GCF_036670495.1_ASM3667049v1_genomic.fna, 2726444, 2726444,1359.556.fna_vs_GCF_036670495.1_ASM3667049v1_genomic.fna_blast.xml,0,0,0,7,0,0,25,0,2726027,0,26,359,0,0,0,1359_subject_array_1739774110.bin
54453,1359,P2E5,1359.562,8,https://ftp.ncbi.nlm.nih.gov/genomes/all/GCF/036/670/625/GCF_036670625.1_ASM3667062v1,8,1359.562.fna,GCF_036670625.1_ASM3667062v1_genomic.fna, 2719525, 2719525,1359.562.fna_vs_GCF_036670625.1_ASM3667062v1_genomic.fna_blast.xml,0,0,0,0,0,0,0,0,2719525,0,0,0,0,0,0,1359_subject_array_1739774111.bin
54575,1360,KMGR2-43,1360.797,8,https://ftp.ncbi.nlm.nih.gov/genomes/all/GCF/030/437/975/GCF_030437975.1_ASM3043797v1,8,1360.797.fna,GCF_030437975.1_ASM3043797v1_genomic.fna, 2833095, 2833095,1360.797.fna_vs_GCF_030437975.1_ASM3043797v1_genomic.fna_blast.xml,0,0,0,0,0,0,0,0,2833095,0,0,0,0,0,0,1360_subject_array_1739774112.bin
54771,136468,10N.286.54.B4,136468.120,8,https://ftp.ncbi.nlm.nih.gov/genomes/all/GCF/020/539/545/GCF_020539545.1_ASM2053954v1,8,136468.120.fna,GCF_020539545.1_ASM2053954v1_genomic.fna, 5842174, 5842174,136468.120.fna_vs_GCF_020539545.1_ASM2053954v1_genomic.fna_blast.xml,0,0,0,0,0,0,0,0,5842174,0,0,0,0,0,0,136468_subject_array_1739774114.bin
55279,1381557,BSN1,1381557.4,8,https://ftp.ncbi.nlm.nih.gov/genomes/all/GCF/003/865/015/GCF_003865015.1_ASM386501v1,8,1381557.4.fna,GCF_003865015.1_ASM386501v1_genomic.fna, 2995111, 2995111,1381557.4.fna_vs_GCF_003865015.1_ASM386501v1_genomic.fna_blast.xml,0,0,0,0,0,0,0,0,2995111,0,0,0,0,0,0,1381557_subject_array_1739774115.bin
55365,138532,Carlos1,138532.111,8,https://ftp.ncbi.nlm.nih.gov/genomes/all/GCF/025/000/525/GCF_025000525.1_ASM2500052v1,8,138532.111.fna,GCF_025000525.1_ASM2500052v1_genomic.fna, 3911891, 3911891,138532.111.fna_vs_GCF_025000525.1_ASM2500052v1_genomic.fna_blast.xml,0,0,0,0,0,0,0,0,3911891,0,0,0,0,0,0,138532_subject_array_1739774117.bin
55758,1388262,M0397,1388262.3,8,https://ftp.ncbi.nlm.nih.gov/genomes/all/GCF/000/533/795/GCF_000533795.1_Stap_aure_M0397_V1,8,1388262.3.fna,GCF_000533795.1_Stap_aure_M0397_V1_genomic.fna, 2866206, 2866206,1388262.3.fna_vs_GCF_000533795.1_Stap_aure_M0397_V1_genomic.fna_blast.xml,0,0,0,0,0,0,0,0,2866206,0,0,0,0,0,0,1388262_subject_array_1739774118.bin
57161,1392502,AB3002,1392502.3,8,https://ftp.ncbi.nlm.nih.gov/genomes/all/GCF/000/702/545/GCF_000702545.1_ASM70254v1,8,1392502.3.fna,GCF_000702545.1_ASM70254v1_genomic.fna, 3665894, 3665894,1392502.3.fna_vs_GCF_000702545.1_ASM70254v1_genomic.fna_blast.xml,0,0,0,0,0,0,0,0,3665894,0,0,0,0,0,0,1392502_subject_array_1739774119.bin
57312,1396,30052,1396.3182,8,https://ftp.ncbi.nlm.nih.gov/genomes/all/GCF/021/655/315/GCF_021655315.1_ASM2165531v1,8,1396.3182.fna,GCF_021655315.1_ASM2165531v1_genomic.fna, 5961776, 5961776,1396.3182.fna_vs_GCF_021655315.1_ASM2165531v1_genomic.fna_blast.xml,0,0,0,0,0,0,0,0,5961776,0,0,0,0,0,0,1396_subject_array_1739774121.bin
58022,1396,J51,1396.3176,8,https://ftp.ncbi.nlm.nih.gov/genomes/all/GCF/021/655/195/GCF_021655195.1_ASM2165519v1,8,1396.3176.fna,GCF_021655195.1_ASM2165519v1_genomic.fna, 5788193, 5788193,1396.3176.fna_vs_GCF_021655195.1_ASM2165519v1_genomic.fna_blast.xml,0,0,0,0,0,0,0,0,5788193,0,0,0,0,0,0,1396_subject_array_1739774124.bin
58092,1396,MRY14-0074,1396.3166,8,https://ftp.ncbi.nlm.nih.gov/genomes/all/GCF/021/654/935/GCF_021654935.1_ASM2165493v1,8,1396.3166.fna,GCF_021654935.1_ASM2165493v1_genomic.fna, 5473578, 5473578,1396.3166.fna_vs_GCF_021654935.1_ASM2165493v1_genomic.fna_blast.xml,0,0,0,0,0,0,0,0,5473578,0,0,0,0,0,0,1396_subject_array_1739774126.bin
58094,1396,MRY14-0100,1396.3169,8,https://ftp.ncbi.nlm.nih.gov/genomes/all/GCF/021/654/995/GCF_021654995.1_ASM2165499v1,8,1396.3169.fna,GCF_021654995.1_ASM2165499v1_genomic.fna, 5651786, 5651786,1396.3169.fna_vs_GCF_021654995.1_ASM2165499v1_genomic.fna_blast.xml,0,0,0,0,0,0,0,0,5651786,0,0,0,0,0,0,1396_subject_array_1739774128.bin
58132,1396,P15,1396.4427,8,https://ftp.ncbi.nlm.nih.gov/genomes/all/GCF/035/618/285/GCF_035618285.1_ASM3561828v1,8,1396.4427.fna,GCF_035618285.1_ASM3561828v1_genomic.fna, 5813674, 5813674,1396.4427.fna_vs_GCF_035618285.1_ASM3561828v1_genomic.fna_blast.xml,0,0,0,0,0,0,0,0,5813674,0,0,0,0,0,0,1396_subject_array_1739774130.bin
58137,1396,P8,1396.4429,8,https://ftp.ncbi.nlm.nih.gov/genomes/all/GCF/035/618/315/GCF_035618315.1_ASM3561831v1,8,1396.4429.fna,GCF_035618315.1_ASM3561831v1_genomic.fna, 6633202, 6633202,1396.4429.fna_vs_GCF_035618315.1_ASM3561831v1_genomic.fna_blast.xml,0,0,0,0,0,0,0,0,6633202,0,0,0,0,0,0,1396_subject_array_1739774132.bin
58372,1397865,TKK_02_0020,1397865.3,8,https://ftp.ncbi.nlm.nih.gov/genomes/all/GCF/000/672/015/GCF_000672015.1_Myco_tube_TKK_02_0020_V1,8,1397865.3.fna,GCF_000672015.1_Myco_tube_TKK_02_0020_V1_genomic.fna, 4397300, 4403298,1397865.3.fna_vs_GCF_000672015.1_Myco_tube_TKK_02_0020_V1_genomic.fna_blast.xml,0,0,0,0,0,0,2,5885,4397409,0,0,2,0,0,0,1397865_subject_array_1739774134.bin
58435,1397930,TKK_04_0038,1397930.3,8,https://ftp.ncbi.nlm.nih.gov/genomes/all/GCF/000/673/275/GCF_000673275.1_Myco_tube_TKK_04_0038_V1,8,1397930.3.fna,GCF_000673275.1_Myco_tube_TKK_04_0038_V1_genomic.fna, 4399560, 4401715,1397930.3.fna_vs_GCF_000673275.1_Myco_tube_TKK_04_0038_V1_genomic.fna_blast.xml,0,0,0,0,0,0,1,2103,4399606,0,1,4,0,0,0,1397930_subject_array_1739774136.bin
58440,1397935,TKK_04_0046,1397935.3,8,https://ftp.ncbi.nlm.nih.gov/genomes/all/GCF/000/673/375/GCF_000673375.1_Myco_tube_TKK_04_0046_V1,8,1397935.3.fna,GCF_000673375.1_Myco_tube_TKK_04_0046_V1_genomic.fna, 4395787, 4399861,1397935.3.fna_vs_GCF_000673375.1_Myco_tube_TKK_04_0046_V1_genomic.fna_blast.xml,0,0,0,0,0,0,0,4074,4395787,0,0,0,0,0,0,1397935_subject_array_1739774137.bin
58906,1401326,H06-030791,1401326.4,8,https://ftp.ncbi.nlm.nih.gov/genomes/all/GCF/000/764/515/GCF_000764515.1_ASM76451v1,8,1401326.4.fna,GCF_000764515.1_ASM76451v1_genomic.fna, 2319034, 2319034,1401326.4.fna_vs_GCF_000764515.1_ASM76451v1_genomic.fna_blast.xml,0,0,0,0,0,0,0,0,2319034,0,0,0,0,0,0,1401326_subject_array_1739774138.bin
59252,1402135,MC36-43,1402135.129,8,https://ftp.ncbi.nlm.nih.gov/genomes/all/GCF/020/906/415/GCF_020906415.1_ASM2090641v1,8,1402135.129.fna,GCF_020906415.1_ASM2090641v1_genomic.fna, 5021453, 5021453,1402135.129.fna_vs_GCF_020906415.1_ASM2090641v1_genomic.fna_blast.xml,0,0,0,0,0,0,0,0,5021453,0,0,0,0,0,0,1402135_subject_array_1739774140.bin
59263,1402135,SC1-114,1402135.119,8,https://ftp.ncbi.nlm.nih.gov/genomes/all/GCF/020/906/195/GCF_020906195.1_ASM2090619v1,8,1402135.119.fna,GCF_020906195.1_ASM2090619v1_genomic.fna, 5016045, 5016045,1402135.119.fna_vs_GCF_020906195.1_ASM2090619v1_genomic.fna_blast.xml,0,0,0,0,0,0,0,0,5016045,0,0,0,0,0,0,1402135_subject_array_1739774142.bin
59264,1402135,SC1-15,1402135.118,8,https://ftp.ncbi.nlm.nih.gov/genomes/all/GCF/020/906/175/GCF_020906175.1_ASM2090617v1,8,1402135.118.fna,GCF_020906175.1_ASM2090617v1_genomic.fna, 4638563, 4638563,1402135.118.fna_vs_GCF_020906175.1_ASM2090617v1_genomic.fna_blast.xml,0,0,0,0,0,0,0,0,4638563,0,0,0,0,0,0,1402135_subject_array_1739774143.bin
59265,1402135,SC1-26,1402135.117,8,https://ftp.ncbi.nlm.nih.gov/genomes/all/GCF/020/906/155/GCF_020906155.1_ASM2090615v1,8,1402135.117.fna,GCF_020906155.1_ASM2090615v1_genomic.fna, 4955617, 4955617,1402135.117.fna_vs_GCF_020906155.1_ASM2090615v1_genomic.fna_blast.xml,0,0,0,0,0,0,0,0,4955617,0,0,0,0,0,0,1402135_subject_array_1739774145.bin
59269,1402135,SC1-30,1402135.113,8,https://ftp.ncbi.nlm.nih.gov/genomes/all/GCF/020/906/075/GCF_020906075.1_ASM2090607v1,8,1402135.113.fna,GCF_020906075.1_ASM2090607v1_genomic.fna, 4585946, 4585946,1402135.113.fna_vs_GCF_020906075.1_ASM2090607v1_genomic.fna_blast.xml,0,0,0,0,0,0,0,0,4585946,0,0,0,0,0,0,1402135_subject_array_1739774147.bin
59272,1402135,SC1-35,1402135.110,8,https://ftp.ncbi.nlm.nih.gov/genomes/all/GCF/020/906/015/GCF_020906015.1_ASM2090601v1,8,1402135.110.fna,GCF_020906015.1_ASM2090601v1_genomic.fna, 4922671, 4922671,1402135.110.fna_vs_GCF_020906015.1_ASM2090601v1_genomic.fna_blast.xml,0,0,0,0,0,0,0,0,4922671,0,0,0,0,0,0,1402135_subject_array_1739774148.bin
59274,1402135,SC1-67,1402135.108,8,https://ftp.ncbi.nlm.nih.gov/genomes/all/GCF/020/905/975/GCF_020905975.1_ASM2090597v1,8,1402135.108.fna,GCF_020905975.1_ASM2090597v1_genomic.fna, 4684992, 4684992,1402135.108.fna_vs_GCF_020905975.1_ASM2090597v1_genomic.fna_blast.xml,0,0,0,0,0,0,0,0,4684992,0,0,0,0,0,0,1402135_subject_array_1739774150.bin
59277,1402135,SC33-17,1402135.105,8,https://ftp.ncbi.nlm.nih.gov/genomes/all/GCF/020/905/915/GCF_020905915.1_ASM2090591v1,8,1402135.105.fna,GCF_020905915.1_ASM2090591v1_genomic.fna, 5003442, 5003442,1402135.105.fna_vs_GCF_020905915.1_ASM2090591v1_genomic.fna_blast.xml,0,0,0,0,0,0,0,0,5003442,0,0,0,0,0,0,1402135_subject_array_1739774152.bin
59278,1402135,SC33-25,1402135.104,8,https://ftp.ncbi.nlm.nih.gov/genomes/all/GCF/020/905/895/GCF_020905895.1_ASM2090589v1,8,1402135.104.fna,GCF_020905895.1_ASM2090589v1_genomic.fna, 5008289, 5008289,1402135.104.fna_vs_GCF_020905895.1_ASM2090589v1_genomic.fna_blast.xml,0,0,0,0,0,0,0,0,5008289,0,0,0,0,0,0,1402135_subject_array_1739774153.bin
59284,1402135,SMR1,1402135.12,8,https://ftp.ncbi.nlm.nih.gov/genomes/all/GCF/002/222/635/GCF_002222635.1_ASM222263v1,8,1402135.12.fna,GCF_002222635.1_ASM222263v1_genomic.fna, 5121602, 5121602,1402135.12.fna_vs_GCF_002222635.1_ASM222263v1_genomic.fna_blast.xml,0,0,0,0,0,0,0,0,5121602,0,0,0,0,0,0,1402135_subject_array_1739774155.bin
59285,1402135,TC12-31,1402135.102,8,https://ftp.ncbi.nlm.nih.gov/genomes/all/GCF/020/905/855/GCF_020905855.1_ASM2090585v1,8,1402135.102.fna,GCF_020905855.1_ASM2090585v1_genomic.fna, 5021930, 5021930,1402135.102.fna_vs_GCF_020905855.1_ASM2090585v1_genomic.fna_blast.xml,0,0,0,0,0,0,0,0,5021930,0,0,0,0,0,0,1402135_subject_array_1739774157.bin
59287,1402135,TC12-5,1402135.100,8,https://ftp.ncbi.nlm.nih.gov/genomes/all/GCF/020/905/815/GCF_020905815.1_ASM2090581v1,8,1402135.100.fna,GCF_020905815.1_ASM2090581v1_genomic.fna, 5033931, 5033931,1402135.100.fna_vs_GCF_020905815.1_ASM2090581v1_genomic.fna_blast.xml,0,0,0,0,0,0,0,0,5033931,0,0,0,0,0,0,1402135_subject_array_1739774159.bin
59288,1402135,TC12-52,1402135.99,8,https://ftp.ncbi.nlm.nih.gov/genomes/all/GCF/020/905/795/GCF_020905795.1_ASM2090579v1,8,1402135.99.fna,GCF_020905795.1_ASM2090579v1_genomic.fna, 5022038, 5022038,1402135.99.fna_vs_GCF_020905795.1_ASM2090579v1_genomic.fna_blast.xml,0,0,0,0,0,0,0,0,5022038,0,0,0,0,0,0,1402135_subject_array_1739774160.bin
59289,1402135,TC12-54,1402135.98,8,https://ftp.ncbi.nlm.nih.gov/genomes/all/GCF/020/905/775/GCF_020905775.1_ASM2090577v1,8,1402135.98.fna,GCF_020905775.1_ASM2090577v1_genomic.fna, 4910639, 4910639,1402135.98.fna_vs_GCF_020905775.1_ASM2090577v1_genomic.fna_blast.xml,0,0,0,0,0,0,0,0,4910639,0,0,0,0,0,0,1402135_subject_array_1739774162.bin
59291,1402135,TT37-67,1402135.96,8,https://ftp.ncbi.nlm.nih.gov/genomes/all/GCF/020/905/735/GCF_020905735.1_ASM2090573v1,8,1402135.96.fna,GCF_020905735.1_ASM2090573v1_genomic.fna, 4972530, 4972530,1402135.96.fna_vs_GCF_020905735.1_ASM2090573v1_genomic.fna_blast.xml,0,0,0,0,0,0,0,0,4972530,0,0,0,0,0,0,1402135_subject_array_1739774164.bin
59293,1402135,TT37-69,1402135.94,8,https://ftp.ncbi.nlm.nih.gov/genomes/all/GCF/020/905/695/GCF_020905695.1_ASM2090569v1,8,1402135.94.fna,GCF_020905695.1_ASM2090569v1_genomic.fna, 4626213, 4626213,1402135.94.fna_vs_GCF_020905695.1_ASM2090569v1_genomic.fna_blast.xml,0,0,0,0,0,0,0,0,4626213,0,0,0,0,0,0,1402135_subject_array_1739774166.bin
59296,1402194,IM386,1402194.3,8,https://ftp.ncbi.nlm.nih.gov/genomes/all/GCF/001/039/715/GCF_001039715.1_BAN2,8,1402194.3.fna,GCF_001039715.1_BAN2_genomic.fna, 1925687, 1925687,1402194.3.fna_vs_GCF_001039715.1_BAN2_genomic.fna_blast.xml,0,0,0,0,0,0,0,0,1925687,0,0,0,0,0,0,1402194_subject_array_1739774166.bin
59856,1404,B-12,1404.614,8,https://ftp.ncbi.nlm.nih.gov/genomes/all/GCF/030/270/625/GCF_030270625.1_ASM3027062v1,8,1404.614.fna,GCF_030270625.1_ASM3027062v1_genomic.fna, 5420896, 5420896,1404.614.fna_vs_GCF_030270625.1_ASM3027062v1_genomic.fna_blast.xml,0,0,0,0,0,0,0,0,5420896,0,0,0,0,0,0,1404_subject_array_1739774168.bin
60014,1404,JX285,1404.74,8,https://ftp.ncbi.nlm.nih.gov/genomes/all/GCF/002/009/195/GCF_002009195.1_ASM200919v1,8,1404.74.fna,GCF_002009195.1_ASM200919v1_genomic.fna, 5610875, 5610875,1404.74.fna_vs_GCF_002009195.1_ASM200919v1_genomic.fna_blast.xml,0,0,0,0,0,0,0,0,5610875,0,0,0,0,0,0,1404_subject_array_1739774170.bin
60040,1404,NCTC10342,1404.193,8,https://ftp.ncbi.nlm.nih.gov/genomes/all/GCF/900/445/485/GCF_900445485.1_49386_G02,8,1404.193.fna,GCF_900445485.1_49386_G02_genomic.fna, 5782255, 5782255,1404.193.fna_vs_GCF_900445485.1_49386_G02_genomic.fna_blast.xml,0,0,1,0,0,0,1,0,5782247,0,0,0,6,0,0,1404_subject_array_1739774173.bin
60175,1405,BPN09/1,1405.234,8,https://ftp.ncbi.nlm.nih.gov/genomes/all/GCF/018/736/745/GCF_018736745.1_ASM1873674v1,8,1405.234.fna,GCF_018736745.1_ASM1873674v1_genomic.fna, 6134358, 6134358,1405.234.fna_vs_GCF_018736745.1_ASM1873674v1_genomic.fna_blast.xml,0,0,0,0,0,0,1,0,6134341,0,1,15,0,0,0,1405_subject_array_1739774175.bin
60188,1405,BPN54/2,1405.246,8,https://ftp.ncbi.nlm.nih.gov/genomes/all/GCF/018/739/665/GCF_018739665.1_ASM1873966v1,8,1405.246.fna,GCF_018739665.1_ASM1873966v1_genomic.fna, 5956428, 5956428,1405.246.fna_vs_GCF_018739665.1_ASM1873966v1_genomic.fna_blast.xml,0,0,0,0,0,0,0,0,5956427,0,0,1,0,0,0,1405_subject_array_1739774177.bin
60194,1405,D8_B_46,1405.321,8,https://ftp.ncbi.nlm.nih.gov/genomes/all/GCF/030/348/665/GCF_030348665.1_ASM3034866v1,8,1405.321.fna,GCF_030348665.1_ASM3034866v1_genomic.fna, 5953358, 5953358,1405.321.fna_vs_GCF_030348665.1_ASM3034866v1_genomic.fna_blast.xml,0,0,0,0,0,0,0,0,5953358,0,0,0,0,0,0,1405_subject_array_1739774180.bin
60241,1405,JAS15/1,1405.268,8,https://ftp.ncbi.nlm.nih.gov/genomes/all/GCF/018/751/995/GCF_018751995.1_ASM1875199v1,8,1405.268.fna,GCF_018751995.1_ASM1875199v1_genomic.fna, 6010975, 6010975,1405.268.fna_vs_GCF_018751995.1_ASM1875199v1_genomic.fna_blast.xml,0,0,0,0,0,0,0,0,6010973,0,0,2,0,0,0,1405_subject_array_1739774182.bin
60247,1405,JAS85/1,1405.266,8,https://ftp.ncbi.nlm.nih.gov/genomes/all/GCF/018/742/265/GCF_018742265.1_ASM1874226v1,8,1405.266.fna,GCF_018742265.1_ASM1874226v1_genomic.fna, 5835815, 5835815,1405.266.fna_vs_GCF_018742265.1_ASM1874226v1_genomic.fna_blast.xml,0,0,0,0,0,0,0,0,5835815,0,0,0,0,0,0,1405_subject_array_1739774184.bin
60270,1405,SIN2.2,1405.323,8,https://ftp.ncbi.nlm.nih.gov/genomes/all/GCF/030/292/205/GCF_030292205.1_ASM3029220v1,8,1405.323.fna,GCF_030292205.1_ASM3029220v1_genomic.fna, 6330179, 6330179,1405.323.fna_vs_GCF_030292205.1_ASM3029220v1_genomic.fna_blast.xml,0,0,0,0,0,0,0,0,6330179,0,0,0,0,0,0,1405_subject_array_1739774187.bin
60707,1408435,ATCC 49191,1408435.4,8,https://ftp.ncbi.nlm.nih.gov/genomes/all/GCF/000/685/885/GCF_000685885.1_ASM68588v1,8,1408435.4.fna,GCF_000685885.1_ASM68588v1_genomic.fna,  822890,  822890,1408435.4.fna_vs_GCF_000685885.1_ASM68588v1_genomic.fna_blast.xml,0,0,0,0,0,0,0,0,822890,0,0,0,0,0,0,1408435_subject_array_1739774187.bin
60868,1409409,UCIM6019,1409409.3,8,https://ftp.ncbi.nlm.nih.gov/genomes/all/GCF/000/537/595/GCF_000537595.1_Stap_aure_UCIM6019_V1,8,1409409.3.fna,GCF_000537595.1_Stap_aure_UCIM6019_V1_genomic.fna, 2931704, 2931704,1409409.3.fna_vs_GCF_000537595.1_Stap_aure_UCIM6019_V1_genomic.fna_blast.xml,0,0,0,0,0,0,0,0,2931704,0,0,0,0,0,0,1409409_subject_array_1739774188.bin
60879,1409420,COAS6044,1409420.3,8,https://ftp.ncbi.nlm.nih.gov/genomes/all/GCF/000/573/025/GCF_000573025.1_Stap_aure_COAS6044_V1,8,1409420.3.fna,GCF_000573025.1_Stap_aure_COAS6044_V1_genomic.fna, 2843218, 2843566,1409420.3.fna_vs_GCF_000573025.1_Stap_aure_COAS6044_V1_genomic.fna_blast.xml,0,0,0,0,0,0,0,323,2843237,0,0,0,6,0,0,1409420_subject_array_1739774189.bin
60898,1409439,AMMC6071,1409439.3,8,https://ftp.ncbi.nlm.nih.gov/genomes/all/GCF/000/538/995/GCF_000538995.1_Stap_aure_AMMC6071_V1,8,1409439.3.fna,GCF_000538995.1_Stap_aure_AMMC6071_V1_genomic.fna, 2887330, 2887463,1409439.3.fna_vs_GCF_000538995.1_Stap_aure_AMMC6071_V1_genomic.fna_blast.xml,0,0,0,0,0,0,0,125,2887337,0,0,1,0,0,0,1409439_subject_array_1739774190.bin
60973,1409514,KINW6003,1409514.3,8,https://ftp.ncbi.nlm.nih.gov/genomes/all/GCF/000/540/215/GCF_000540215.1_Stap_aure_KINW6003_V1,8,1409514.3.fna,GCF_000540215.1_Stap_aure_KINW6003_V1_genomic.fna, 2923091, 2923431,1409514.3.fna_vs_GCF_000540215.1_Stap_aure_KINW6003_V1_genomic.fna_blast.xml,0,0,0,0,0,0,0,317,2923112,0,0,2,0,0,0,1409514_subject_array_1739774191.bin
61003,1409544,SMMC6014,1409544.3,8,https://ftp.ncbi.nlm.nih.gov/genomes/all/GCF/000/572/745/GCF_000572745.1_Stap_aure_SMMC6014_V1,8,1409544.3.fna,GCF_000572745.1_Stap_aure_SMMC6014_V1_genomic.fna, 2939957, 2940157,1409544.3.fna_vs_GCF_000572745.1_Stap_aure_SMMC6014_V1_genomic.fna_blast.xml,0,0,0,0,0,0,0,200,2939957,0,0,0,0,0,0,1409544_subject_array_1739774192.bin
61081,1409622,MISS6131,1409622.3,8,https://ftp.ncbi.nlm.nih.gov/genomes/all/GCF/000/572/585/GCF_000572585.1_Stap_aure_MISS6131_V1,8,1409622.3.fna,GCF_000572585.1_Stap_aure_MISS6131_V1_genomic.fna, 2896643, 2899107,1409622.3.fna_vs_GCF_000572585.1_Stap_aure_MISS6131_V1_genomic.fna_blast.xml,0,0,0,0,0,0,0,2443,2896661,0,0,0,3,0,0,1409622_subject_array_1739774194.bin
61105,1409646,SCLE6029,1409646.3,8,https://ftp.ncbi.nlm.nih.gov/genomes/all/GCF/000/541/875/GCF_000541875.1_Stap_aure_SCLE6029_V1,8,1409646.3.fna,GCF_000541875.1_Stap_aure_SCLE6029_V1_genomic.fna, 2925306, 2925406,1409646.3.fna_vs_GCF_000541875.1_Stap_aure_SCLE6029_V1_genomic.fna_blast.xml,0,0,0,0,0,0,0,98,2925308,0,0,0,0,0,0,1409646_subject_array_1739774195.bin
61140,1409681,WMCA6086,1409681.3,8,https://ftp.ncbi.nlm.nih.gov/genomes/all/GCF/000/572/465/GCF_000572465.1_Stap_aure_WMCA6086_V1,8,1409681.3.fna,GCF_000572465.1_Stap_aure_WMCA6086_V1_genomic.fna, 2911960, 2912600,1409681.3.fna_vs_GCF_000572465.1_Stap_aure_WMCA6086_V1_genomic.fna_blast.xml,0,0,0,0,0,0,0,630,2911963,0,0,1,6,0,0,1409681_subject_array_1739774196.bin
61173,1409714,COAS6112,1409714.3,8,https://ftp.ncbi.nlm.nih.gov/genomes/all/GCF/000/542/785/GCF_000542785.1_Stap_aure_COAS6112_V1,8,1409714.3.fna,GCF_000542785.1_Stap_aure_COAS6112_V1_genomic.fna, 2886009, 2886611,1409714.3.fna_vs_GCF_000542785.1_Stap_aure_COAS6112_V1_genomic.fna_blast.xml,0,0,0,0,0,0,0,602,2886009,0,0,0,0,0,0,1409714_subject_array_1739774197.bin
61181,1409722,GGMC6036,1409722.3,8,https://ftp.ncbi.nlm.nih.gov/genomes/all/GCF/000/542/905/GCF_000542905.1_Stap_aure_GGMC6036_V1,8,1409722.3.fna,GCF_000542905.1_Stap_aure_GGMC6036_V1_genomic.fna, 2885368, 2885568,1409722.3.fna_vs_GCF_000542905.1_Stap_aure_GGMC6036_V1_genomic.fna_blast.xml,0,0,0,0,0,0,0,189,2885377,0,0,0,2,0,0,1409722_subject_array_1739774198.bin
61480,1410855,W73060,1410855.3,8,https://ftp.ncbi.nlm.nih.gov/genomes/all/GCF/000/562/165/GCF_000562165.1_Stap_aure_W73060_V1,8,1410855.3.fna,GCF_000562165.1_Stap_aure_W73060_V1_genomic.fna, 2876662, 2877497,1410855.3.fna_vs_GCF_000562165.1_Stap_aure_W73060_V1_genomic.fna_blast.xml,0,0,0,0,0,0,0,831,2876665,0,0,0,1,0,0,1410855_subject_array_1739774199.bin
61519,1410895,M44986,1410895.3,8,https://ftp.ncbi.nlm.nih.gov/genomes/all/GCF/000/576/985/GCF_000576985.1_Stap_aure_M44986_V1,8,1410895.3.fna,GCF_000576985.1_Stap_aure_M44986_V1_genomic.fna, 2868302, 2869480,1410895.3.fna_vs_GCF_000576985.1_Stap_aure_M44986_V1_genomic.fna_blast.xml,0,0,0,0,0,0,0,1175,2868302,0,0,0,3,0,0,1410895_subject_array_1739774200.bin
61523,1410899,F77709,1410899.3,8,https://ftp.ncbi.nlm.nih.gov/genomes/all/GCF/000/577/025/GCF_000577025.1_Stap_aure_F77709_V1,8,1410899.3.fna,GCF_000577025.1_Stap_aure_F77709_V1_genomic.fna, 2944421, 2946151,1410899.3.fna_vs_GCF_000577025.1_Stap_aure_F77709_V1_genomic.fna_blast.xml,0,0,0,0,0,0,0,1697,2944436,0,0,0,18,0,0,1410899_subject_array_1739774201.bin
61525,1410901,F74039,1410901.3,8,https://ftp.ncbi.nlm.nih.gov/genomes/all/GCF/000/577/065/GCF_000577065.1_Stap_aure_F74039_V1,8,1410901.3.fna,GCF_000577065.1_Stap_aure_F74039_V1_genomic.fna, 2890819, 2891429,1410901.3.fna_vs_GCF_000577065.1_Stap_aure_F74039_V1_genomic.fna_blast.xml,0,0,0,0,0,0,1,583,2890843,0,0,1,1,0,0,1410901_subject_array_1739774202.bin
61677,1411902,DY25,1411902.8,8,https://ftp.ncbi.nlm.nih.gov/genomes/all/GCF/002/504/165/GCF_002504165.1_ASM250416v1,8,1411902.8.fna,GCF_002504165.1_ASM250416v1_genomic.fna, 3956796, 3956796,1411902.8.fna_vs_GCF_002504165.1_ASM250416v1_genomic.fna_blast.xml,0,0,0,0,0,0,0,0,3956796,0,0,0,0,0,0,1411902_subject_array_1739774204.bin
61713,1412652,H51158,1412652.3,8,https://ftp.ncbi.nlm.nih.gov/genomes/all/GCF/000/594/385/GCF_000594385.1_Stap_aure_H51158_V1,8,1412652.3.fna,GCF_000594385.1_Stap_aure_H51158_V1_genomic.fna, 2888014, 2888014,1412652.3.fna_vs_GCF_000594385.1_Stap_aure_H51158_V1_genomic.fna_blast.xml,0,0,0,0,0,0,0,0,2888014,0,0,0,0,0,0,1412652_subject_array_1739774205.bin
61785,1412725,F46780,1412725.3,8,https://ftp.ncbi.nlm.nih.gov/genomes/all/GCF/000/577/145/GCF_000577145.1_Stap_aure_F46780_V1,8,1412725.3.fna,GCF_000577145.1_Stap_aure_F46780_V1_genomic.fna, 2912818, 2914332,1412725.3.fna_vs_GCF_000577145.1_Stap_aure_F46780_V1_genomic.fna_blast.xml,0,0,0,0,0,0,0,1507,2912818,0,0,0,7,0,0,1412725_subject_array_1739774206.bin
61866,1412807,W39826,1412807.3,8,https://ftp.ncbi.nlm.nih.gov/genomes/all/GCF/000/593/845/GCF_000593845.1_Stap_aure_W39826_V1,8,1412807.3.fna,GCF_000593845.1_Stap_aure_W39826_V1_genomic.fna, 2895548, 2895548,1412807.3.fna_vs_GCF_000593845.1_Stap_aure_W39826_V1_genomic.fna_blast.xml,0,0,0,0,0,0,0,0,2895548,0,0,0,0,0,0,1412807_subject_array_1739774207.bin
62325,1416805,AU18089,1416805.3,8,https://ftp.ncbi.nlm.nih.gov/genomes/all/GCF/002/261/265/GCF_002261265.1_ASM226126v1,8,1416805.3.fna,GCF_002261265.1_ASM226126v1_genomic.fna, 4130889, 4130889,1416805.3.fna_vs_GCF_002261265.1_ASM226126v1_genomic.fna_blast.xml,0,0,0,0,0,0,0,0,4130886,0,1,2,0,0,0,1416805_subject_array_1739774209.bin
62472,1417149,F89062,1417149.3,8,https://ftp.ncbi.nlm.nih.gov/genomes/all/GCF/000/597/125/GCF_000597125.1_Stap_aure_F89062_V1,8,1417149.3.fna,GCF_000597125.1_Stap_aure_F89062_V1_genomic.fna, 2826680, 2826680,1417149.3.fna_vs_GCF_000597125.1_Stap_aure_F89062_V1_genomic.fna_blast.xml,0,0,0,0,0,0,0,0,2826680,0,0,0,0,0,0,1417149_subject_array_1739774210.bin
62814,1421,ACCC03577,1421.191,8,https://ftp.ncbi.nlm.nih.gov/genomes/all/GCF/030/348/985/GCF_030348985.1_ASM3034898v1,8,1421.191.fna,GCF_030348985.1_ASM3034898v1_genomic.fna, 4563888, 4563888,1421.191.fna_vs_GCF_030348985.1_ASM3034898v1_genomic.fna_blast.xml,0,0,0,0,0,0,0,0,4563888,0,0,0,0,0,0,1421_subject_array_1739774211.bin
63008,1421979,TB_RSA63,1421979.3,8,https://ftp.ncbi.nlm.nih.gov/genomes/all/GCF/000/671/035/GCF_000671035.1_Myco_tube_TB_RSA63_V1,8,1421979.3.fna,GCF_000671035.1_Myco_tube_TB_RSA63_V1_genomic.fna, 4403698, 4405601,1421979.3.fna_vs_GCF_000671035.1_Myco_tube_TB_RSA63_V1_genomic.fna_blast.xml,0,0,0,0,0,0,0,1895,4403706,0,0,0,0,0,0,1421979_subject_array_1739774213.bin
63228,1422158,DAR3760,1422158.3,8,https://ftp.ncbi.nlm.nih.gov/genomes/all/GCF/000/608/065/GCF_000608065.1_Stap_aure_DAR3760_V1,8,1422158.3.fna,GCF_000608065.1_Stap_aure_DAR3760_V1_genomic.fna, 2906787, 2907087,1422158.3.fna_vs_GCF_000608065.1_Stap_aure_DAR3760_V1_genomic.fna_blast.xml,0,0,0,0,0,0,0,300,2906787,0,0,0,0,0,0,1422158_subject_array_1739774214.bin
63254,1422184,DAR3870,1422184.3,8,https://ftp.ncbi.nlm.nih.gov/genomes/all/GCF/000/608/565/GCF_000608565.1_Stap_aure_DAR3870_V1,8,1422184.3.fna,GCF_000608565.1_Stap_aure_DAR3870_V1_genomic.fna, 2851130, 2851330,1422184.3.fna_vs_GCF_000608565.1_Stap_aure_DAR3870_V1_genomic.fna_blast.xml,0,0,0,0,0,0,0,191,2851139,0,0,0,0,0,0,1422184_subject_array_1739774215.bin
63289,1422219,DAR1157,1422219.3,8,https://ftp.ncbi.nlm.nih.gov/genomes/all/GCF/000/609/245/GCF_000609245.1_Stap_aure_DAR1157_V1,8,1422219.3.fna,GCF_000609245.1_Stap_aure_DAR1157_V1_genomic.fna, 2802010, 2804004,1422219.3.fna_vs_GCF_000609245.1_Stap_aure_DAR1157_V1_genomic.fna_blast.xml,0,0,0,0,0,0,0,1957,2802042,0,0,2,3,0,0,1422219_subject_array_1739774216.bin
63306,1422236,DAR1370,1422236.3,8,https://ftp.ncbi.nlm.nih.gov/genomes/all/GCF/000/609/585/GCF_000609585.1_Stap_aure_DAR1370_V1,8,1422236.3.fna,GCF_000609585.1_Stap_aure_DAR1370_V1_genomic.fna, 2782567, 2785123,1422236.3.fna_vs_GCF_000609585.1_Stap_aure_DAR1370_V1_genomic.fna_blast.xml,0,0,0,0,0,0,0,2504,2782609,0,0,1,9,0,0,1422236_subject_array_1739774217.bin
63315,1422245,DAR1813,1422245.3,8,https://ftp.ncbi.nlm.nih.gov/genomes/all/GCF/000/609/765/GCF_000609765.1_Stap_aure_DAR1813_V1,8,1422245.3.fna,GCF_000609765.1_Stap_aure_DAR1813_V1_genomic.fna, 2714195, 2715530,1422245.3.fna_vs_GCF_000609765.1_Stap_aure_DAR1813_V1_genomic.fna_blast.xml,0,0,0,0,0,0,0,1277,2714228,0,0,2,23,0,0,1422245_subject_array_1739774218.bin
63326,1422256,DAR1936,1422256.3,8,https://ftp.ncbi.nlm.nih.gov/genomes/all/GCF/000/609/985/GCF_000609985.1_Stap_aure_DAR1936_V1,8,1422256.3.fna,GCF_000609985.1_Stap_aure_DAR1936_V1_genomic.fna, 2885710, 2886194,1422256.3.fna_vs_GCF_000609985.1_Stap_aure_DAR1936_V1_genomic.fna_blast.xml,0,0,0,0,0,0,0,482,2885712,0,0,0,0,0,0,1422256_subject_array_1739774219.bin
64121,1423,D9_B_56,1423.2797,8,https://ftp.ncbi.nlm.nih.gov/genomes/all/GCF/030/348/595/GCF_030348595.1_ASM3034859v1,8,1423.2797.fna,GCF_030348595.1_ASM3034859v1_genomic.fna, 4294185, 4294185,1423.2797.fna_vs_GCF_030348595.1_ASM3034859v1_genomic.fna_blast.xml,0,0,0,0,0,0,0,0,4294185,0,0,0,0,0,0,1423_subject_array_1739774220.bin
64461,1423,Z1,1423.2545,8,https://ftp.ncbi.nlm.nih.gov/genomes/all/GCF/026/799/655/GCF_026799655.1_ASM2679965v1,8,1423.2545.fna,GCF_026799655.1_ASM2679965v1_genomic.fna, 4167871, 4167871,1423.2545.fna_vs_GCF_026799655.1_ASM2679965v1_genomic.fna_blast.xml,0,0,0,0,0,0,0,0,4167871,0,0,0,0,0,0,1423_subject_array_1739774222.bin
64487,1423419,FFH2055,1423419.8,8,https://ftp.ncbi.nlm.nih.gov/genomes/all/GCF/000/987/055/GCF_000987055.1_ASM98705v1,8,1423419.8.fna,GCF_000987055.1_ASM98705v1_genomic.fna, 8212826, 8212826,1423419.8.fna_vs_GCF_000987055.1_ASM98705v1_genomic.fna_blast.xml,0,0,0,0,0,0,0,0,8212826,0,0,0,0,0,0,1423419_subject_array_1739774225.bin
64817,1424653,DSM 27783,1424653.31,8,https://ftp.ncbi.nlm.nih.gov/genomes/all/GCF/003/752/135/GCF_003752135.1_ASM375213v1,8,1424653.31.fna,GCF_003752135.1_ASM375213v1_genomic.fna, 1858153, 1858153,1424653.31.fna_vs_GCF_003752135.1_ASM375213v1_genomic.fna_blast.xml,0,0,0,0,0,0,0,0,1858153,0,0,0,0,0,0,1424653_subject_array_1739774225.bin
64894,1427230,XTB13-141,1427230.3,8,https://ftp.ncbi.nlm.nih.gov/genomes/all/GCF/000/680/815/GCF_000680815.1_Myco_tube_XTB13-141_V1,8,1427230.3.fna,GCF_000680815.1_Myco_tube_XTB13-141_V1_genomic.fna, 4412508, 4413037,1427230.3.fna_vs_GCF_000680815.1_Myco_tube_XTB13-141_V1_genomic.fna_blast.xml,0,0,0,0,0,0,0,526,4412511,0,0,0,0,0,0,1427230_subject_array_1739774227.bin
64901,1427237,XTB13-150,1427237.3,8,https://ftp.ncbi.nlm.nih.gov/genomes/all/GCF/000/680/935/GCF_000680935.1_Myco_tube_XTB13-150_V1,8,1427237.3.fna,GCF_000680935.1_Myco_tube_XTB13-150_V1_genomic.fna, 4418121, 4432054,1427237.3.fna_vs_GCF_000680935.1_Myco_tube_XTB13-150_V1_genomic.fna_blast.xml,0,0,0,0,0,0,0,13918,4418135,0,0,0,1,0,0,1427237_subject_array_1739774229.bin
64943,1427282,XTB13-205,1427282.3,8,https://ftp.ncbi.nlm.nih.gov/genomes/all/GCF/000/655/495/GCF_000655495.1_Myco_tube_XTB13-205_V1,8,1427282.3.fna,GCF_000655495.1_Myco_tube_XTB13-205_V1_genomic.fna, 4417947, 4418937,1427282.3.fna_vs_GCF_000655495.1_Myco_tube_XTB13-205_V1_genomic.fna_blast.xml,0,0,0,0,0,0,0,989,4417948,0,0,0,0,0,0,1427282_subject_array_1739774230.bin
65530,1428,IBL01677,1428.1820,8,https://ftp.ncbi.nlm.nih.gov/genomes/all/GCF/024/712/565/GCF_024712565.1_ASM2471256v1,8,1428.1820.fna,GCF_024712565.1_ASM2471256v1_genomic.fna, 6571431, 6571431,1428.1820.fna_vs_GCF_024712565.1_ASM2471256v1_genomic.fna_blast.xml,0,0,0,0,0,0,0,0,6571431,0,0,0,0,0,0,1428_subject_array_1739774234.bin
65562,1428,JW-1,1428.1222,8,https://ftp.ncbi.nlm.nih.gov/genomes/all/GCF/009/025/915/GCF_009025915.1_ASM902591v1,8,1428.1222.fna,GCF_009025915.1_ASM902591v1_genomic.fna, 6599272, 6599272,1428.1222.fna_vs_GCF_009025915.1_ASM902591v1_genomic.fna_blast.xml,0,0,0,0,0,0,0,0,6599272,0,0,0,0,0,0,1428_subject_array_1739774236.bin
65939,1434204,TSV 31,1434204.3,8,https://ftp.ncbi.nlm.nih.gov/genomes/all/GCF/000/774/485/GCF_000774485.1_BCW_20,8,1434204.3.fna,GCF_000774485.1_BCW_20_genomic.fna, 7300018, 7300618,1434204.3.fna_vs_GCF_000774485.1_BCW_20_genomic.fna_blast.xml,0,0,0,0,0,0,0,547,6180922,0,0,10,1119139,0,0,1434204_subject_array_1739774239.bin
66058,1435989,MSHR983,1435989.3,8,https://ftp.ncbi.nlm.nih.gov/genomes/all/GCF/000/774/175/GCF_000774175.1_BPH,8,1435989.3.fna,GCF_000774175.1_BPH_genomic.fna, 7421128, 7421728,1435989.3.fna_vs_GCF_000774175.1_BPH_genomic.fna_blast.xml,0,0,0,1,0,0,0,503,7421221,0,0,3,0,0,0,1435989_subject_array_1739774242.bin
66369,1438993,ABC020006103,1438993.3,8,https://ftp.ncbi.nlm.nih.gov/genomes/all/GCF/000/630/925/GCF_000630925.1_Stre_pyog_ABC020006103_V1,8,1438993.3.fna,GCF_000630925.1_Stre_pyog_ABC020006103_V1_genomic.fna, 1866034, 1866268,1438993.3.fna_vs_GCF_000630925.1_Stre_pyog_ABC020006103_V1_genomic.fna_blast.xml,0,0,0,0,0,0,0,234,1866034,0,0,0,0,0,0,1438993_subject_array_1739774243.bin
66389,1439026,ABC020016937,1439026.3,8,https://ftp.ncbi.nlm.nih.gov/genomes/all/GCF/000/629/965/GCF_000629965.1_Stre_pyog_ABC020016937_V1,8,1439026.3.fna,GCF_000629965.1_Stre_pyog_ABC020016937_V1_genomic.fna, 1810772, 1811507,1439026.3.fna_vs_GCF_000629965.1_Stre_pyog_ABC020016937_V1_genomic.fna_blast.xml,0,0,0,0,0,0,0,733,1810774,0,0,0,0,0,0,1439026_subject_array_1739774243.bin
66407,1439070,ABC020032182,1439070.3,8,https://ftp.ncbi.nlm.nih.gov/genomes/all/GCF/000/630/685/GCF_000630685.1_Stre_pyog_ABC020032182_V1,8,1439070.3.fna,GCF_000630685.1_Stre_pyog_ABC020032182_V1_genomic.fna, 1852913, 1853410,1439070.3.fna_vs_GCF_000630685.1_Stre_pyog_ABC020032182_V1_genomic.fna_blast.xml,0,0,0,0,0,0,0,480,1852913,0,0,1,14,0,2,1439070_subject_array_1739774244.bin
66414,1439077,ABC020033233,1439077.3,8,https://ftp.ncbi.nlm.nih.gov/genomes/all/GCF/000/631/545/GCF_000631545.1_Stre_pyog_ABC020033233_V1,8,1439077.3.fna,GCF_000631545.1_Stre_pyog_ABC020033233_V1_genomic.fna, 1821264, 1821548,1439077.3.fna_vs_GCF_000631545.1_Stre_pyog_ABC020033233_V1_genomic.fna_blast.xml,0,0,0,0,0,0,0,282,1821266,0,0,0,0,0,0,1439077_subject_array_1739774244.bin
66418,1439091,ABC020035446,1439091.3,8,https://ftp.ncbi.nlm.nih.gov/genomes/all/GCF/000/631/485/GCF_000631485.1_Stre_pyog_ABC020035446_V1,8,1439091.3.fna,GCF_000631485.1_Stre_pyog_ABC020035446_V1_genomic.fna, 1784290, 1785145,1439091.3.fna_vs_GCF_000631485.1_Stre_pyog_ABC020035446_V1_genomic.fna_blast.xml,0,0,0,0,0,0,0,850,1784295,0,0,0,0,0,0,1439091_subject_array_1739774245.bin
66419,1439095,ABC020037542,1439095.3,8,https://ftp.ncbi.nlm.nih.gov/genomes/all/GCF/000/631/465/GCF_000631465.1_Stre_pyog_ABC020037542_V1,8,1439095.3.fna,GCF_000631465.1_Stre_pyog_ABC020037542_V1_genomic.fna, 1827634, 1827734,1439095.3.fna_vs_GCF_000631465.1_Stre_pyog_ABC020037542_V1_genomic.fna_blast.xml,0,0,0,0,0,0,0,100,1827634,0,0,0,0,0,0,1439095_subject_array_1739774246.bin
66423,1439111,ABC020039031,1439111.3,8,https://ftp.ncbi.nlm.nih.gov/genomes/all/GCF/000/631/445/GCF_000631445.1_Stre_pyog_ABC020039031_V1,8,1439111.3.fna,GCF_000631445.1_Stre_pyog_ABC020039031_V1_genomic.fna, 1816504, 1816688,1439111.3.fna_vs_GCF_000631445.1_Stre_pyog_ABC020039031_V1_genomic.fna_blast.xml,0,0,0,0,0,0,0,182,1816506,0,0,0,0,0,0,1439111_subject_array_1739774246.bin
66433,1439135,ABC020044203,1439135.3,8,https://ftp.ncbi.nlm.nih.gov/genomes/all/GCF/000/631/105/GCF_000631105.1_Stre_pyog_ABC020044203_V1,8,1439135.3.fna,GCF_000631105.1_Stre_pyog_ABC020044203_V1_genomic.fna, 1829973, 1830563,1439135.3.fna_vs_GCF_000631105.1_Stre_pyog_ABC020044203_V1_genomic.fna_blast.xml,0,0,0,0,0,0,0,590,1829973,0,0,0,0,0,0,1439135_subject_array_1739774247.bin
66438,1439146,ABC020046534,1439146.3,8,https://ftp.ncbi.nlm.nih.gov/genomes/all/GCF/000/631/685/GCF_000631685.1_Stre_pyog_ABC020046534_V1,8,1439146.3.fna,GCF_000631685.1_Stre_pyog_ABC020046534_V1_genomic.fna, 1809471, 1811115,1439146.3.fna_vs_GCF_000631685.1_Stre_pyog_ABC020046534_V1_genomic.fna_blast.xml,0,0,0,0,0,0,0,1644,1809471,0,0,0,0,0,0,1439146_subject_array_1739774247.bin
66443,1439152,ABC020047076,1439152.3,8,https://ftp.ncbi.nlm.nih.gov/genomes/all/GCF/000/631/025/GCF_000631025.1_Stre_pyog_ABC020047076_V1,8,1439152.3.fna,GCF_000631025.1_Stre_pyog_ABC020047076_V1_genomic.fna, 1900389, 1901054,1439152.3.fna_vs_GCF_000631025.1_Stre_pyog_ABC020047076_V1_genomic.fna_blast.xml,0,0,0,0,0,0,0,657,1900389,0,0,0,8,0,0,1439152_subject_array_1739774248.bin
66446,1439158,ABC020047395,1439158.3,8,https://ftp.ncbi.nlm.nih.gov/genomes/all/GCF/000/629/805/GCF_000629805.1_Stre_pyog_ABC020047395_V1,8,1439158.3.fna,GCF_000629805.1_Stre_pyog_ABC020047395_V1_genomic.fna, 1872167, 1878399,1439158.3.fna_vs_GCF_000629805.1_Stre_pyog_ABC020047395_V1_genomic.fna_blast.xml,0,0,0,0,0,0,0,6226,1872167,0,0,0,6,0,0,1439158_subject_array_1739774249.bin
66452,1439167,ABC020047959,1439167.3,8,https://ftp.ncbi.nlm.nih.gov/genomes/all/GCF/000/629/765/GCF_000629765.1_Stre_pyog_ABC020047959_V1,8,1439167.3.fna,GCF_000629765.1_Stre_pyog_ABC020047959_V1_genomic.fna, 1806062, 1806779,1439167.3.fna_vs_GCF_000629765.1_Stre_pyog_ABC020047959_V1_genomic.fna_blast.xml,0,0,0,0,0,0,0,717,1806062,0,0,0,0,0,0,1439167_subject_array_1739774249.bin
66461,1439183,ABC020048543,1439183.3,8,https://ftp.ncbi.nlm.nih.gov/genomes/all/GCF/000/630/425/GCF_000630425.1_Stre_pyog_ABC020048543_V1,8,1439183.3.fna,GCF_000630425.1_Stre_pyog_ABC020048543_V1_genomic.fna, 1754041, 1754520,1439183.3.fna_vs_GCF_000630425.1_Stre_pyog_ABC020048543_V1_genomic.fna_blast.xml,0,0,0,0,0,0,0,479,1754041,0,0,0,0,0,0,1439183_subject_array_1739774250.bin
66473,1439205,ABC020052203,1439205.3,8,https://ftp.ncbi.nlm.nih.gov/genomes/all/GCF/000/630/365/GCF_000630365.1_Stre_pyog_ABC020052203_V1,8,1439205.3.fna,GCF_000630365.1_Stre_pyog_ABC020052203_V1_genomic.fna, 1812487, 1812768,1439205.3.fna_vs_GCF_000630365.1_Stre_pyog_ABC020052203_V1_genomic.fna_blast.xml,0,0,0,0,0,0,0,281,1812487,0,0,0,0,0,0,1439205_subject_array_1739774250.bin
66482,1439215,ABC020052420,1439215.3,8,https://ftp.ncbi.nlm.nih.gov/genomes/all/GCF/000/630/325/GCF_000630325.1_Stre_pyog_ABC020052420_V1,8,1439215.3.fna,GCF_000630325.1_Stre_pyog_ABC020052420_V1_genomic.fna, 1863382, 1864461,1439215.3.fna_vs_GCF_000630325.1_Stre_pyog_ABC020052420_V1_genomic.fna_blast.xml,0,0,0,0,0,0,0,1079,1863382,0,0,0,0,0,0,1439215_subject_array_1739774251.bin
66487,1439220,ABC020052558,1439220.3,8,https://ftp.ncbi.nlm.nih.gov/genomes/all/GCF/000/629/665/GCF_000629665.1_Stre_pyog_ABC020052558_V1,8,1439220.3.fna,GCF_000629665.1_Stre_pyog_ABC020052558_V1_genomic.fna, 1901458, 1902745,1439220.3.fna_vs_GCF_000629665.1_Stre_pyog_ABC020052558_V1_genomic.fna_blast.xml,0,0,0,0,0,0,0,1282,1901458,0,0,0,5,0,0,1439220_subject_array_1739774252.bin
66500,1439260,ABC020056060,1439260.3,8,https://ftp.ncbi.nlm.nih.gov/genomes/all/GCF/000/631/085/GCF_000631085.1_Stre_pyog_ABC020056060_V1,8,1439260.3.fna,GCF_000631085.1_Stre_pyog_ABC020056060_V1_genomic.fna, 1800428, 1801287,1439260.3.fna_vs_GCF_000631085.1_Stre_pyog_ABC020056060_V1_genomic.fna_blast.xml,0,0,0,0,0,0,0,859,1800428,0,0,0,0,0,0,1439260_subject_array_1739774252.bin
66635,1441,HD 600,1441.3,8,https://ftp.ncbi.nlm.nih.gov/genomes/all/GCF/000/833/655/GCF_000833655.1_ASM83365v1,8,1441.3.fna,GCF_000833655.1_ASM83365v1_genomic.fna, 6916808, 6916808,1441.3.fna_vs_GCF_000833655.1_ASM83365v1_genomic.fna_blast.xml,0,0,0,0,0,0,0,0,6916808,0,0,0,0,0,0,1441_subject_array_1739774256.bin
66721,1443669,SSG-1,1443669.7,8,https://ftp.ncbi.nlm.nih.gov/genomes/all/GCF/002/224/835/GCF_002224835.1_ASM222483v1,8,1443669.7.fna,GCF_002224835.1_ASM222483v1_genomic.fna, 7563168, 7563168,1443669.7.fna_vs_GCF_002224835.1_ASM222483v1_genomic.fna_blast.xml,0,0,0,0,0,0,0,1117,7562049,0,0,0,2,0,0,1443669_subject_array_1739774259.bin
67069,1446495,NM2010,1446495.3,8,https://ftp.ncbi.nlm.nih.gov/genomes/all/GCF/000/753/815/GCF_000753815.1_genomic_workbench,8,1446495.3.fna,GCF_000753815.1_genomic_workbench_genomic.fna, 1084158, 1084158,1446495.3.fna_vs_GCF_000753815.1_genomic_workbench_genomic.fna_blast.xml,0,0,0,2,0,0,1,6531,1077606,0,0,5,13,0,0,1446495_subject_array_1739774259.bin
67494,1448433,TKK_03_0099,1448433.3,8,https://ftp.ncbi.nlm.nih.gov/genomes/all/GCF/000/651/935/GCF_000651935.1_Myco_tube_TKK_03_0099_V1,8,1448433.3.fna,GCF_000651935.1_Myco_tube_TKK_03_0099_V1_genomic.fna, 4400463, 4400853,1448433.3.fna_vs_GCF_000651935.1_Myco_tube_TKK_03_0099_V1_genomic.fna_blast.xml,0,0,0,0,0,0,0,376,4400475,0,0,2,0,0,0,1448433_subject_array_1739774261.bin
67955,1450134,Sb_ICE_1,1450134.35,8,https://ftp.ncbi.nlm.nih.gov/genomes/all/GCF/039/548/195/GCF_039548195.1_ASM3954819v1,8,1450134.35.fna,GCF_039548195.1_ASM3954819v1_genomic.fna, 4340063, 4340063,1450134.35.fna_vs_GCF_039548195.1_ASM3954819v1_genomic.fna_blast.xml,0,0,0,0,0,0,0,0,4340063,0,0,0,0,0,0,1450134_subject_array_1739774262.bin
68197,1452729,HD1002,1452729.3,8,https://ftp.ncbi.nlm.nih.gov/genomes/all/GCF/000/835/025/GCF_000835025.1_ASM83502v1,8,1452729.3.fna,GCF_000835025.1_ASM83502v1_genomic.fna, 6572702, 6572702,1452729.3.fna_vs_GCF_000835025.1_ASM83502v1_genomic.fna_blast.xml,0,0,0,0,0,0,0,0,6572702,0,0,0,0,0,0,1452729_subject_array_1739774265.bin
68211,1453501,HZ11,1453501.3,8,https://ftp.ncbi.nlm.nih.gov/genomes/all/GCF/000/708/675/GCF_000708675.1_unknown,8,1453501.3.fna,GCF_000708675.1_unknown_genomic.fna, 4222554, 4222554,1453501.3.fna_vs_GCF_000708675.1_unknown_genomic.fna_blast.xml,0,0,0,0,0,0,0,0,4222554,0,0,0,0,0,0,1453501_subject_array_1739774266.bin
68594,1461247,DSM 102131,1461247.3,8,https://ftp.ncbi.nlm.nih.gov/genomes/all/GCF/007/829/925/GCF_007829925.1_ASM782992v1,8,1461247.3.fna,GCF_007829925.1_ASM782992v1_genomic.fna, 6655188, 6655188,1461247.3.fna_vs_GCF_007829925.1_ASM782992v1_genomic.fna_blast.xml,0,0,0,0,0,0,0,0,6655188,0,0,0,0,0,0,1461247_subject_array_1739774269.bin
68654,1463164,191106182513,1463164.303,8,https://ftp.ncbi.nlm.nih.gov/genomes/all/GCF/036/575/245/GCF_036575245.1_ASM3657524v1,8,1463164.303.fna,GCF_036575245.1_ASM3657524v1_genomic.fna, 5364385, 5364385,1463164.303.fna_vs_GCF_036575245.1_ASM3657524v1_genomic.fna_blast.xml,0,0,0,0,0,0,0,0,5364385,0,0,0,0,0,0,1463164_subject_array_1739774271.bin
68833,1463165,01967,1463165.371,8,https://ftp.ncbi.nlm.nih.gov/genomes/all/GCF/015/278/495/GCF_015278495.1_ASM1527849v1,8,1463165.371.fna,GCF_015278495.1_ASM1527849v1_genomic.fna, 5468652, 5468652,1463165.371.fna_vs_GCF_015278495.1_ASM1527849v1_genomic.fna_blast.xml,0,0,0,0,0,0,0,0,5468652,0,0,0,0,0,0,1463165_subject_array_1739774273.bin
68877,1463165,203 19001,1463165.363,8,https://ftp.ncbi.nlm.nih.gov/genomes/all/GCF/014/843/255/GCF_014843255.1_ASM1484325v1,8,1463165.363.fna,GCF_014843255.1_ASM1484325v1_genomic.fna, 5550415, 5550415,1463165.363.fna_vs_GCF_014843255.1_ASM1484325v1_genomic.fna_blast.xml,0,0,0,0,0,0,0,0,5550415,0,0,0,0,0,0,1463165_subject_array_1739774275.bin
69253,1463165,KLP00177,1463165.404,8,https://ftp.ncbi.nlm.nih.gov/genomes/all/GCF/012/952/465/GCF_012952465.1_ASM1295246v1,8,1463165.404.fna,GCF_012952465.1_ASM1295246v1_genomic.fna, 5315539, 5315539,1463165.404.fna_vs_GCF_012952465.1_ASM1295246v1_genomic.fna_blast.xml,0,0,0,0,0,0,0,0,5315539,0,0,0,0,0,0,1463165_subject_array_1739774277.bin
69256,1463165,KP-4313,1463165.459,8,https://ftp.ncbi.nlm.nih.gov/genomes/all/GCF/017/584/275/GCF_017584275.1_ASM1758427v1,8,1463165.459.fna,GCF_017584275.1_ASM1758427v1_genomic.fna, 5482385, 5482385,1463165.459.fna_vs_GCF_017584275.1_ASM1758427v1_genomic.fna_blast.xml,0,0,0,0,0,0,0,0,5482385,0,0,0,0,0,0,1463165_subject_array_1739774279.bin
69490,1463165,WP3-S18-CRE-02,1463165.308,8,https://ftp.ncbi.nlm.nih.gov/genomes/all/GCF/014/168/875/GCF_014168875.1_ASM1416887v1,8,1463165.308.fna,GCF_014168875.1_ASM1416887v1_genomic.fna, 5892208, 5892208,1463165.308.fna_vs_GCF_014168875.1_ASM1416887v1_genomic.fna_blast.xml,0,0,0,0,0,0,0,0,5892208,0,0,0,0,0,0,1463165_subject_array_1739774281.bin
69494,1463165,WP5-W18-ESBL-06,1463165.311,8,https://ftp.ncbi.nlm.nih.gov/genomes/all/GCF/014/169/255/GCF_014169255.1_ASM1416925v1,8,1463165.311.fna,GCF_014169255.1_ASM1416925v1_genomic.fna, 6015416, 6015416,1463165.311.fna_vs_GCF_014169255.1_ASM1416925v1_genomic.fna_blast.xml,0,0,0,0,0,0,0,0,6015416,0,0,0,0,0,0,1463165_subject_array_1739774283.bin
69499,1463165,WW-14A,1463165.514,8,https://ftp.ncbi.nlm.nih.gov/genomes/all/GCF/019/428/485/GCF_019428485.1_ASM1942848v1,8,1463165.514.fna,GCF_019428485.1_ASM1942848v1_genomic.fna, 6021937, 6021937,1463165.514.fna_vs_GCF_019428485.1_ASM1942848v1_genomic.fna_blast.xml,0,0,0,0,0,0,2,0,6021934,0,0,1,0,0,0,1463165_subject_array_1739774285.bin
69522,1463165,xz101,1463165.494,8,https://ftp.ncbi.nlm.nih.gov/genomes/all/GCF/019/051/645/GCF_019051645.1_ASM1905164v1,8,1463165.494.fna,GCF_019051645.1_ASM1905164v1_genomic.fna, 5958613, 5958613,1463165.494.fna_vs_GCF_019051645.1_ASM1905164v1_genomic.fna_blast.xml,0,0,0,0,0,0,0,0,5958613,0,0,0,0,0,0,1463165_subject_array_1739774288.bin
69695,146474,R-83288,146474.15,8,https://ftp.ncbi.nlm.nih.gov/genomes/all/GCF/024/158/385/GCF_024158385.1_ASM2415838v1,8,146474.15.fna,GCF_024158385.1_ASM2415838v1_genomic.fna, 2969719, 2969719,146474.15.fna_vs_GCF_024158385.1_ASM2415838v1_genomic.fna_blast.xml,0,0,0,0,0,0,0,0,2969719,0,0,0,0,0,0,146474_subject_array_1739774289.bin
69838,146897,LD1,146897.5,8,https://ftp.ncbi.nlm.nih.gov/genomes/all/GCF/001/866/375/GCF_001866375.1_ASM186637v1,8,146897.5.fna,GCF_001866375.1_ASM186637v1_genomic.fna,  599264,  599264,146897.5.fna_vs_GCF_001866375.1_ASM186637v1_genomic.fna_blast.xml,0,0,0,0,0,0,0,0,599264,0,0,0,0,0,0,146897_subject_array_1739774289.bin
70027,1472720,TE8,1472720.3,8,https://ftp.ncbi.nlm.nih.gov/genomes/all/GCF/000/692/055/GCF_000692055.1_Staphylococcus_sp._strain_TE8_genome,8,1472720.3.fna,GCF_000692055.1_Staphylococcus_sp._strain_TE8_genome_genomic.fna, 2516639, 2516639,1472720.3.fna_vs_GCF_000692055.1_Staphylococcus_sp._strain_TE8_genome_genomic.fna_blast.xml,0,0,0,0,0,0,0,3454,2513185,0,0,0,0,0,0,1472720_subject_array_1739774290.bin
70102,147645,FDAARGOS_252,147645.49,8,https://ftp.ncbi.nlm.nih.gov/genomes/all/GCF/002/073/635/GCF_002073635.2_ASM207363v2,8,147645.49.fna,GCF_002073635.2_ASM207363v2_genomic.fna, 4829339, 4829607,147645.49.fna_vs_GCF_002073635.2_ASM207363v2_genomic.fna_blast.xml,0,0,0,0,0,0,0,0,4829339,0,268,0,0,0,0,147645_subject_array_1739774291.bin
70109,1476464,CGMCC 1.12803,1476464.3,8,https://ftp.ncbi.nlm.nih.gov/genomes/all/GCF/900/215/335/GCF_900215335.1_IMG-taxon_2721755864_annotated_assembly,8,1476464.3.fna,GCF_900215335.1_IMG-taxon_2721755864_annotated_assembly_genomic.fna, 4974702, 4974702,1476464.3.fna_vs_GCF_900215335.1_IMG-taxon_2721755864_annotated_assembly_genomic.fna_blast.xml,0,0,0,0,0,0,0,61,4974638,0,3,0,0,0,0,1476464_subject_array_1739774293.bin
70157,1478,P558,1478.9,8,https://ftp.ncbi.nlm.nih.gov/genomes/all/GCF/900/000/145/GCF_900000145.1_PRJEB7424_assembly_1,8,1478.9.fna,GCF_900000145.1_PRJEB7424_assembly_1_genomic.fna, 5983568, 5983568,1478.9.fna_vs_GCF_900000145.1_PRJEB7424_assembly_1_genomic.fna_blast.xml,0,0,0,0,0,0,0,1710,5981857,0,0,0,1,0,0,1478_subject_array_1739774296.bin
70183,147802,E5_1732_1307_1_BDMRSCQ12_S286-bin_1-SPLIT,147802.208,8,https://ftp.ncbi.nlm.nih.gov/genomes/all/GCF/022/456/255/GCF_022456255.1_ASM2245625v1,8,147802.208.fna,GCF_022456255.1_ASM2245625v1_genomic.fna, 1256268, 1256268,147802.208.fna_vs_GCF_022456255.1_ASM2245625v1_genomic.fna_blast.xml,0,0,0,0,0,0,0,662,1255606,0,0,0,0,0,0,147802_subject_array_1739774296.bin
70291,1482,Marseille-P736,1482.6,8,https://ftp.ncbi.nlm.nih.gov/genomes/all/GCF/900/162/105/GCF_900162105.1_PRJEB19297,8,1482.6.fna,GCF_900162105.1_PRJEB19297_genomic.fna, 3816522, 3816522,1482.6.fna_vs_GCF_900162105.1_PRJEB19297_genomic.fna_blast.xml,0,0,0,0,0,0,2,0,3816515,0,1,4,0,0,0,1482_subject_array_1739774298.bin
70310,1484116,PAMC 26553,1484115.3,8,https://ftp.ncbi.nlm.nih.gov/genomes/all/GCF/020/012/155/GCF_020012155.1_ASM2001215v1,8,1484115.3.fna,GCF_020012155.1_ASM2001215v1_genomic.fna, 5146773, 5146773,1484115.3.fna_vs_GCF_020012155.1_ASM2001215v1_genomic.fna_blast.xml,0,0,0,0,0,0,0,0,5146773,0,0,0,0,0,0,1484115_subject_array_1739774300.bin
70374,148814,LAce,148814.20,8,https://ftp.ncbi.nlm.nih.gov/genomes/all/GCF/001/421/115/GCF_001421115.1_ASM142111v1,8,148814.20.fna,GCF_001421115.1_ASM142111v1_genomic.fna, 1525855, 1525855,148814.20.fna_vs_GCF_001421115.1_ASM142111v1_genomic.fna_blast.xml,0,0,0,0,0,0,0,0,1525855,0,0,0,0,0,0,148814_subject_array_1739774300.bin
70378,148814,LAni,148814.11,8,https://ftp.ncbi.nlm.nih.gov/genomes/all/GCF/001/281/285/GCF_001281285.1_ASM128128v1,8,148814.11.fna,GCF_001281285.1_ASM128128v1_genomic.fna, 1490020, 1490020,148814.11.fna_vs_GCF_001281285.1_ASM128128v1_genomic.fna_blast.xml,0,0,0,0,0,0,0,0,1490020,0,0,0,0,0,0,148814_subject_array_1739774301.bin
70432,148942,20-098,148942.1046,8,https://ftp.ncbi.nlm.nih.gov/genomes/all/GCF/018/585/835/GCF_018585835.1_ASM1858583v1,8,148942.1046.fna,GCF_018585835.1_ASM1858583v1_genomic.fna, 2332272, 2332272,148942.1046.fna_vs_GCF_018585835.1_ASM1858583v1_genomic.fna_blast.xml,0,0,0,0,0,0,0,0,2332272,0,0,0,0,0,0,148942_subject_array_1739774302.bin
70689,148942,SEE_14-152,148942.1237,8,https://ftp.ncbi.nlm.nih.gov/genomes/all/GCF/021/081/685/GCF_021081685.1_ASM2108168v1,8,148942.1237.fna,GCF_021081685.1_ASM2108168v1_genomic.fna, 2376074, 2376074,148942.1237.fna_vs_GCF_021081685.1_ASM2108168v1_genomic.fna_blast.xml,0,0,0,0,0,0,0,0,2376074,0,0,0,0,0,0,148942_subject_array_1739774303.bin
70699,148942,SEE_18-070,148942.1225,8,https://ftp.ncbi.nlm.nih.gov/genomes/all/GCF/021/081/415/GCF_021081415.1_ASM2108141v1,8,148942.1225.fna,GCF_021081415.1_ASM2108141v1_genomic.fna, 2375766, 2375766,148942.1225.fna_vs_GCF_021081415.1_ASM2108141v1_genomic.fna_blast.xml,0,0,0,0,0,0,0,0,2375766,0,0,0,0,0,0,148942_subject_array_1739774304.bin
71380,1495066,WCS358,1495066.3,8,https://ftp.ncbi.nlm.nih.gov/genomes/all/GCF/000/731/675/GCF_000731675.1_ASM73167v1,8,1495066.3.fna,GCF_000731675.1_ASM73167v1_genomic.fna, 5940443, 5940443,1495066.3.fna_vs_GCF_000731675.1_ASM73167v1_genomic.fna_blast.xml,0,0,0,0,0,0,0,3283,5937153,0,0,0,7,0,0,1495066_subject_array_1739774307.bin
73124,1496,Cd25,1496.5911,8,https://ftp.ncbi.nlm.nih.gov/genomes/all/GCF/018/263/955/GCF_018263955.1_ASM1826395v1,8,1496.5911.fna,GCF_018263955.1_ASM1826395v1_genomic.fna, 4393556, 4393556,1496.5911.fna_vs_GCF_018263955.1_ASM1826395v1_genomic.fna_blast.xml,0,0,0,0,0,0,0,0,4393556,0,0,0,0,0,0,1496_subject_array_1739774308.bin
76280,1510391,GSS01,1510391.3,8,https://ftp.ncbi.nlm.nih.gov/genomes/all/GCF/000/816/575/GCF_000816575.1_ASM81657v1,8,1510391.3.fna,GCF_000816575.1_ASM81657v1_genomic.fna, 3657208, 3657208,1510391.3.fna_vs_GCF_000816575.1_ASM81657v1_genomic.fna_blast.xml,0,0,0,0,0,0,0,0,3657208,0,0,0,0,0,0,1510391_subject_array_1739774310.bin
76651,1520,DJ055,1520.513,8,https://ftp.ncbi.nlm.nih.gov/genomes/all/GCF/013/407/415/GCF_013407415.1_ASM1340741v1,8,1520.513.fna,GCF_013407415.1_ASM1340741v1_genomic.fna, 6227867, 6227867,1520.513.fna_vs_GCF_013407415.1_ASM1340741v1_genomic.fna_blast.xml,0,0,0,0,0,0,0,0,6227867,0,0,0,0,0,0,1520_subject_array_1739774312.bin
76739,1520,DJ201,1520.516,8,https://ftp.ncbi.nlm.nih.gov/genomes/all/GCF/013/407/485/GCF_013407485.1_ASM1340748v1,8,1520.516.fna,GCF_013407485.1_ASM1340748v1_genomic.fna, 6135280, 6135280,1520.516.fna_vs_GCF_013407485.1_ASM1340748v1_genomic.fna_blast.xml,0,0,0,0,0,0,0,0,6135280,0,0,0,0,0,0,1520_subject_array_1739774315.bin
76989,1524254,KCTC 42131,1524254.4,8,https://ftp.ncbi.nlm.nih.gov/genomes/all/GCF/001/758/195/GCF_001758195.1_ASM175819v1,8,1524254.4.fna,GCF_001758195.1_ASM175819v1_genomic.fna, 3612481, 3612481,1524254.4.fna_vs_GCF_001758195.1_ASM175819v1_genomic.fna_blast.xml,0,0,0,0,0,0,0,0,3612481,0,0,0,0,0,0,1524254_subject_array_1739774316.bin
77147,1526412,CECT 8354,1526412.4,8,https://ftp.ncbi.nlm.nih.gov/genomes/all/GCF/011/761/445/GCF_011761445.1_ASM1176144v1,8,1526412.4.fna,GCF_011761445.1_ASM1176144v1_genomic.fna, 2907370, 2907370,1526412.4.fna_vs_GCF_011761445.1_ASM1176144v1_genomic.fna_blast.xml,0,0,0,0,0,0,0,193,2907177,0,0,0,0,0,0,1526412_subject_array_1739774317.bin
77466,1538146,EaN35-11,1538146.9,8,https://ftp.ncbi.nlm.nih.gov/genomes/all/GCF/020/524/565/GCF_020524565.1_ASM2052456v1,8,1538146.9.fna,GCF_020524565.1_ASM2052456v1_genomic.fna, 3086558, 3086558,1538146.9.fna_vs_GCF_020524565.1_ASM2052456v1_genomic.fna_blast.xml,0,0,0,0,0,0,0,0,3086558,0,0,0,0,0,0,1538146_subject_array_1739774318.bin
78366,1560006,CGMCC 1.13007,1560006.5,8,https://ftp.ncbi.nlm.nih.gov/genomes/all/GCF/014/640/355/GCF_014640355.1_ASM1464035v1,8,1560006.5.fna,GCF_014640355.1_ASM1464035v1_genomic.fna, 5114915, 5114915,1560006.5.fna_vs_GCF_014640355.1_ASM1464035v1_genomic.fna_blast.xml,0,0,0,0,0,0,0,0,5114915,0,0,0,0,0,0,1560006_subject_array_1739774320.bin
78477,1566187,NFIX51,1566187.3,8,https://ftp.ncbi.nlm.nih.gov/genomes/all/GCF/900/177/395/GCF_900177395.1_IMG-taxon_2671180172_annotated_assembly,8,1566187.3.fna,GCF_900177395.1_IMG-taxon_2671180172_annotated_assembly_genomic.fna, 6495783, 6495783,1566187.3.fna_vs_GCF_900177395.1_IMG-taxon_2671180172_annotated_assembly_genomic.fna_blast.xml,0,0,0,0,0,0,0,0,6495777,0,0,6,0,0,0,1566187_subject_array_1739774323.bin
78656,157225,J-82,157225.3,8,https://ftp.ncbi.nlm.nih.gov/genomes/all/GCF/009/831/115/GCF_009831115.1_ASM983111v1,8,157225.3.fna,GCF_009831115.1_ASM983111v1_genomic.fna, 2520358, 2520358,157225.3.fna_vs_GCF_009831115.1_ASM983111v1_genomic.fna_blast.xml,0,0,0,0,0,0,0,0,2520358,0,0,0,0,0,0,157225_subject_array_1739774324.bin
78818,1576605,150FB,1576605.3,8,https://ftp.ncbi.nlm.nih.gov/genomes/all/GCF/000/818/195/GCF_000818195.1_Streptomyces_species_150FB_genome_v1,8,1576605.3.fna,GCF_000818195.1_Streptomyces_species_150FB_genome_v1_genomic.fna, 9803944, 9803944,1576605.3.fna_vs_GCF_000818195.1_Streptomyces_species_150FB_genome_v1_genomic.fna_blast.xml,0,0,0,0,0,0,0,343837,9459822,0,0,54,229,0,2,1576605_subject_array_1739774328.bin
79077,1580,HQ1-1,1580.394,8,https://ftp.ncbi.nlm.nih.gov/genomes/all/GCF/015/238/595/GCF_015238595.1_ASM1523859v1,8,1580.394.fna,GCF_015238595.1_ASM1523859v1_genomic.fna, 2601702, 2601702,1580.394.fna_vs_GCF_015238595.1_ASM1523859v1_genomic.fna_blast.xml,0,0,0,0,0,0,0,485,2601217,0,0,0,0,0,0,1580_subject_array_1739774329.bin
79106,1580,NSMJ23,1580.393,8,https://ftp.ncbi.nlm.nih.gov/genomes/all/GCF/014/905/055/GCF_014905055.1_ASM1490505v1,8,1580.393.fna,GCF_014905055.1_ASM1490505v1_genomic.fna, 2616331, 2616331,1580.393.fna_vs_GCF_014905055.1_ASM1490505v1_genomic.fna_blast.xml,0,0,0,0,0,0,0,0,2616331,0,0,0,0,0,0,1580_subject_array_1739774330.bin
79134,1580,UCCLB556,1580.309,8,https://ftp.ncbi.nlm.nih.gov/genomes/all/GCF/006/228/245/GCF_006228245.1_ASM622824v1,8,1580.309.fna,GCF_006228245.1_ASM622824v1_genomic.fna, 2561981, 2561981,1580.309.fna_vs_GCF_006228245.1_ASM622824v1_genomic.fna_blast.xml,0,0,0,0,0,0,0,0,2561981,0,0,0,0,0,0,1580_subject_array_1739774331.bin
79139,1580,YSJ3,1580.488,8,https://ftp.ncbi.nlm.nih.gov/genomes/all/GCF/022/350/025/GCF_022350025.1_ASM2235002v1,8,1580.488.fna,GCF_022350025.1_ASM2235002v1_genomic.fna, 2546891, 2546891,1580.488.fna_vs_GCF_022350025.1_ASM2235002v1_genomic.fna_blast.xml,0,0,0,0,0,0,0,0,2546891,0,0,0,0,0,0,1580_subject_array_1739774332.bin
79148,1580596,P14,1580596.3,8,https://ftp.ncbi.nlm.nih.gov/genomes/all/GCF/002/407/245/GCF_002407245.1_ASM240724v1,8,1580596.3.fna,GCF_002407245.1_ASM240724v1_genomic.fna, 4129511, 4129511,1580596.3.fna_vs_GCF_002407245.1_ASM240724v1_genomic.fna_blast.xml,0,0,0,0,0,0,0,0,4129511,0,0,0,0,0,0,1580596_subject_array_1739774333.bin
79441,1583099,GPE 39,1583099.3,8,https://ftp.ncbi.nlm.nih.gov/genomes/all/GCF/000/963/005/GCF_000963005.1_Xal-GPE_39-G1,8,1583099.3.fna,GCF_000963005.1_Xal-GPE_39-G1_genomic.fna, 3534477, 3534477,1583099.3.fna_vs_GCF_000963005.1_Xal-GPE_39-G1_genomic.fna_blast.xml,0,0,0,0,0,0,0,5824,3528515,0,2,15,121,0,0,1583099_subject_array_1739774334.bin
80422,158836,BIDMC120,158836.879,8,https://ftp.ncbi.nlm.nih.gov/genomes/all/GCF/014/904/005/GCF_014904005.1_ASM1490400v1,8,158836.879.fna,GCF_014904005.1_ASM1490400v1_genomic.fna, 5225424, 5225424,158836.879.fna_vs_GCF_014904005.1_ASM1490400v1_genomic.fna_blast.xml,0,0,0,0,0,0,1,27717,5197686,0,0,3,17,0,0,158836_subject_array_1739774336.bin
80429,158836,BK-E-825-2,158836.2989,8,https://ftp.ncbi.nlm.nih.gov/genomes/all/GCF/033/034/865/GCF_033034865.1_ASM3303486v1,8,158836.2989.fna,GCF_033034865.1_ASM3303486v1_genomic.fna, 4917881, 4917881,158836.2989.fna_vs_GCF_033034865.1_ASM3303486v1_genomic.fna_blast.xml,0,0,0,0,0,0,0,0,4917881,0,0,0,0,0,0,158836_subject_array_1739774338.bin
80430,158836,BK-E778.1B,158836.2986,8,https://ftp.ncbi.nlm.nih.gov/genomes/all/GCF/033/034/745/GCF_033034745.1_ASM3303474v1,8,158836.2986.fna,GCF_033034745.1_ASM3303474v1_genomic.fna, 4879121, 4879121,158836.2986.fna_vs_GCF_033034745.1_ASM3303474v1_genomic.fna_blast.xml,0,0,0,0,0,0,0,0,4879121,0,0,0,0,0,0,158836_subject_array_1739774339.bin
80434,158836,BK-E837.2,158836.2983,8,https://ftp.ncbi.nlm.nih.gov/genomes/all/GCF/033/034/575/GCF_033034575.1_ASM3303457v1,8,158836.2983.fna,GCF_033034575.1_ASM3303457v1_genomic.fna, 4940530, 4940530,158836.2983.fna_vs_GCF_033034575.1_ASM3303457v1_genomic.fna_blast.xml,0,0,0,0,0,0,0,0,4940530,0,0,0,0,0,0,158836_subject_array_1739774341.bin
80653,158836,CPO157,158836.2554,8,https://ftp.ncbi.nlm.nih.gov/genomes/all/GCF/030/186/105/GCF_030186105.2_NA,8,158836.2554.fna,GCF_030186105.2_NA_genomic.fna, 5005828, 5005828,158836.2554.fna_vs_GCF_030186105.2_NA_genomic.fna_blast.xml,0,0,0,0,0,0,0,0,5005828,0,0,0,0,0,0,158836_subject_array_1739774343.bin
80910,158836,ECC116,158836.1227,8,https://ftp.ncbi.nlm.nih.gov/genomes/all/GCF/019/537/275/GCF_019537275.1_ASM1953727v1,8,158836.1227.fna,GCF_019537275.1_ASM1953727v1_genomic.fna, 5156117, 5156117,158836.1227.fna_vs_GCF_019537275.1_ASM1953727v1_genomic.fna_blast.xml,0,0,0,0,0,0,0,0,5156117,0,0,0,0,0,0,158836_subject_array_1739774345.bin
80934,158836,ECC46,158836.1229,8,https://ftp.ncbi.nlm.nih.gov/genomes/all/GCF/019/537/255/GCF_019537255.1_ASM1953725v1,8,158836.1229.fna,GCF_019537255.1_ASM1953725v1_genomic.fna, 5413699, 5413699,158836.1229.fna_vs_GCF_019537255.1_ASM1953725v1_genomic.fna_blast.xml,0,0,0,0,0,0,0,0,5413699,0,0,0,0,0,0,158836_subject_array_1739774347.bin
80940,158836,ECC59,158836.1226,8,https://ftp.ncbi.nlm.nih.gov/genomes/all/GCF/019/458/525/GCF_019458525.1_ASM1945852v1,8,158836.1226.fna,GCF_019458525.1_ASM1945852v1_genomic.fna, 5180498, 5180498,158836.1226.fna_vs_GCF_019458525.1_ASM1945852v1_genomic.fna_blast.xml,0,0,0,0,0,0,0,0,5180498,0,0,0,0,0,0,158836_subject_array_1739774349.bin
80981,158836,EHX_SINK_001,158836.2513,8,https://ftp.ncbi.nlm.nih.gov/genomes/all/GCF/030/324/215/GCF_030324215.1_ASM3032421v1,8,158836.2513.fna,GCF_030324215.1_ASM3032421v1_genomic.fna, 5144681, 5144681,158836.2513.fna_vs_GCF_030324215.1_ASM3032421v1_genomic.fna_blast.xml,0,0,0,0,0,0,0,200,5144481,0,0,0,0,0,0,158836_subject_array_1739774351.bin
81035,158836,Eh60,158836.1673,8,https://ftp.ncbi.nlm.nih.gov/genomes/all/GCF/023/547/225/GCF_023547225.1_ASM2354722v1,8,158836.1673.fna,GCF_023547225.1_ASM2354722v1_genomic.fna, 5243917, 5243917,158836.1673.fna_vs_GCF_023547225.1_ASM2354722v1_genomic.fna_blast.xml,0,0,0,0,0,0,0,0,5243917,0,0,0,0,0,0,158836_subject_array_1739774353.bin
81062,158836,Eho-1,158836.975,8,https://ftp.ncbi.nlm.nih.gov/genomes/all/GCF/015/910/385/GCF_015910385.1_ASM1591038v1,8,158836.975.fna,GCF_015910385.1_ASM1591038v1_genomic.fna, 4824119, 4824119,158836.975.fna_vs_GCF_015910385.1_ASM1591038v1_genomic.fna_blast.xml,0,0,0,0,0,0,0,0,4824119,0,0,0,0,0,0,158836_subject_array_1739774355.bin
81063,158836,Eho-10,158836.976,8,https://ftp.ncbi.nlm.nih.gov/genomes/all/GCF/015/910/425/GCF_015910425.1_ASM1591042v1,8,158836.976.fna,GCF_015910425.1_ASM1591042v1_genomic.fna, 5042329, 5042329,158836.976.fna_vs_GCF_015910425.1_ASM1591042v1_genomic.fna_blast.xml,0,0,0,0,0,0,0,100,5042229,0,0,0,0,0,0,158836_subject_array_1739774357.bin
81064,158836,Eho-2,158836.974,8,https://ftp.ncbi.nlm.nih.gov/genomes/all/GCF/015/910/365/GCF_015910365.1_ASM1591036v1,8,158836.974.fna,GCF_015910365.1_ASM1591036v1_genomic.fna, 5255756, 5255756,158836.974.fna_vs_GCF_015910365.1_ASM1591036v1_genomic.fna_blast.xml,0,0,0,0,0,0,0,0,5255756,0,0,0,0,0,0,158836_subject_array_1739774359.bin
81065,158836,Eho-3,158836.971,8,https://ftp.ncbi.nlm.nih.gov/genomes/all/GCF/015/910/305/GCF_015910305.1_ASM1591030v1,8,158836.971.fna,GCF_015910305.1_ASM1591030v1_genomic.fna, 5384869, 5384869,158836.971.fna_vs_GCF_015910305.1_ASM1591030v1_genomic.fna_blast.xml,0,0,0,0,0,0,0,100,5384769,0,0,0,0,0,0,158836_subject_array_1739774361.bin
81343,158836,MGH197,158836.878,8,https://ftp.ncbi.nlm.nih.gov/genomes/all/GCF/014/903/465/GCF_014903465.1_ASM1490346v1,8,158836.878.fna,GCF_014903465.1_ASM1490346v1_genomic.fna, 5407241, 5407241,158836.878.fna_vs_GCF_014903465.1_ASM1490346v1_genomic.fna_blast.xml,0,0,0,0,0,0,0,66278,5340942,0,0,1,20,0,0,158836_subject_array_1739774363.bin
81349,158836,MGH215,158836.871,8,https://ftp.ncbi.nlm.nih.gov/genomes/all/GCF/014/903/135/GCF_014903135.1_ASM1490313v1,8,158836.871.fna,GCF_014903135.1_ASM1490313v1_genomic.fna, 5212416, 5212416,158836.871.fna_vs_GCF_014903135.1_ASM1490313v1_genomic.fna_blast.xml,0,0,0,0,0,0,1,38988,5173402,0,0,3,22,0,0,158836_subject_array_1739774365.bin
81395,158836,NR0242,158836.2093,8,https://ftp.ncbi.nlm.nih.gov/genomes/all/GCF/027/584/945/GCF_027584945.1_ASM2758494v1,8,158836.2093.fna,GCF_027584945.1_ASM2758494v1_genomic.fna, 5052266, 5052266,158836.2093.fna_vs_GCF_027584945.1_ASM2758494v1_genomic.fna_blast.xml,0,0,0,0,0,0,0,0,5052266,0,0,0,0,0,0,158836_subject_array_1739774367.bin
81521,158836,PP-E509A,158836.2961,8,https://ftp.ncbi.nlm.nih.gov/genomes/all/GCF/033/031/695/GCF_033031695.1_ASM3303169v1,8,158836.2961.fna,GCF_033031695.1_ASM3303169v1_genomic.fna, 4957773, 4957773,158836.2961.fna_vs_GCF_033031695.1_ASM3303169v1_genomic.fna_blast.xml,0,0,0,0,0,0,0,0,4957773,0,0,0,0,0,0,158836_subject_array_1739774368.bin
81542,158836,RHBSTW-00101,158836.796,8,https://ftp.ncbi.nlm.nih.gov/genomes/all/GCF/013/708/455/GCF_013708455.1_ASM1370845v1,8,158836.796.fna,GCF_013708455.1_ASM1370845v1_genomic.fna, 4988781, 4988781,158836.796.fna_vs_GCF_013708455.1_ASM1370845v1_genomic.fna_blast.xml,0,0,0,0,0,0,0,0,4988781,0,0,0,0,0,0,158836_subject_array_1739774370.bin
81555,158836,RHBSTW-00333,158836.801,8,https://ftp.ncbi.nlm.nih.gov/genomes/all/GCF/013/738/375/GCF_013738375.1_ASM1373837v1,8,158836.801.fna,GCF_013738375.1_ASM1373837v1_genomic.fna, 5215023, 5215023,158836.801.fna_vs_GCF_013738375.1_ASM1373837v1_genomic.fna_blast.xml,0,0,0,0,0,0,0,0,5215023,0,0,0,0,0,0,158836_subject_array_1739774372.bin
81966,1589,7.2.15,1589.356,8,https://ftp.ncbi.nlm.nih.gov/genomes/all/GCF/032/190/575/GCF_032190575.1_ASM3219057v1,8,1589.356.fna,GCF_032190575.1_ASM3219057v1_genomic.fna, 3919042, 3919042,1589.356.fna_vs_GCF_032190575.1_ASM3219057v1_genomic.fna_blast.xml,0,0,0,0,0,0,0,0,3919042,0,0,0,0,0,0,1589_subject_array_1739774375.bin
82064,159,Bhyo_204,159.413,8,https://ftp.ncbi.nlm.nih.gov/genomes/all/GCF/027/586/855/GCF_027586855.1_ASM2758685v1,8,159.413.fna,GCF_027586855.1_ASM2758685v1_genomic.fna, 1498637, 3122276,159.413.fna_vs_GCF_027586855.1_ASM2758685v1_genomic.fna_blast.xml,0,0,324,72,0,0,265,1576715,1516853,0,323,6354,20973,0,397,159_subject_array_1739774376.bin
82074,159,Bhyo_224,159.399,8,https://ftp.ncbi.nlm.nih.gov/genomes/all/GCF/027/586/645/GCF_027586645.1_ASM2758664v1,8,159.399.fna,GCF_027586645.1_ASM2758664v1_genomic.fna, 2566954, 3200703,159.399.fna_vs_GCF_027586645.1_ASM2758664v1_genomic.fna_blast.xml,0,0,154,22,0,0,92,588213,2583121,0,90,2701,26045,0,265,159_subject_array_1739774377.bin
82079,159,Bhyo_234,159.389,8,https://ftp.ncbi.nlm.nih.gov/genomes/all/GCF/027/586/535/GCF_027586535.1_ASM2758653v1,8,159.389.fna,GCF_027586535.1_ASM2758653v1_genomic.fna, 3171052, 3190524,159.389.fna_vs_GCF_027586535.1_ASM2758653v1_genomic.fna_blast.xml,0,0,1,0,0,0,1,1,3171066,0,1,6,19447,0,1,159_subject_array_1739774378.bin
82096,159,Bhyo_260,159.375,8,https://ftp.ncbi.nlm.nih.gov/genomes/all/GCF/027/586/045/GCF_027586045.1_ASM2758604v1,8,159.375.fna,GCF_027586045.1_ASM2758604v1_genomic.fna, 3247529, 3286858,159.375.fna_vs_GCF_027586045.1_ASM2758604v1_genomic.fna_blast.xml,0,0,14,0,0,0,6,3702,3266587,0,45,404,16070,0,30,159_subject_array_1739774379.bin
82098,159,Bhyo_262,159.368,8,https://ftp.ncbi.nlm.nih.gov/genomes/all/GCF/027/586/055/GCF_027586055.1_ASM2758605v1,8,159.368.fna,GCF_027586055.1_ASM2758605v1_genomic.fna, 2285769, 3212741,159.368.fna_vs_GCF_027586055.1_ASM2758605v1_genomic.fna_blast.xml,0,0,112,40,0,0,233,881926,2307034,0,399,4303,18515,0,179,159_subject_array_1739774380.bin
82183,1590,12_3,1590.1379,8,https://ftp.ncbi.nlm.nih.gov/genomes/all/GCF/004/028/335/GCF_004028335.1_ASM402833v1,8,1590.1379.fna,GCF_004028335.1_ASM402833v1_genomic.fna, 3403608, 3403608,1590.1379.fna_vs_GCF_004028335.1_ASM402833v1_genomic.fna_blast.xml,0,0,0,0,0,0,0,0,3403608,0,0,0,0,0,0,1590_subject_array_1739774381.bin
82210,1590,8.1,1590.2157,8,https://ftp.ncbi.nlm.nih.gov/genomes/all/GCF/017/581/045/GCF_017581045.1_ASM1758104v1,8,1590.2157.fna,GCF_017581045.1_ASM1758104v1_genomic.fna, 3366370, 3366370,1590.2157.fna_vs_GCF_017581045.1_ASM1758104v1_genomic.fna_blast.xml,0,0,0,0,0,0,0,0,3366370,0,0,0,0,0,0,1590_subject_array_1739774382.bin
82306,1590,BK-022,1590.1604,8,https://ftp.ncbi.nlm.nih.gov/genomes/all/GCF/009/756/965/GCF_009756965.1_ASM975696v1,8,1590.1604.fna,GCF_009756965.1_ASM975696v1_genomic.fna, 3528017, 3528017,1590.1604.fna_vs_GCF_009756965.1_ASM975696v1_genomic.fna_blast.xml,0,0,0,0,0,0,0,0,3528017,0,0,0,0,0,0,1590_subject_array_1739774384.bin
82534,1590,J50,1590.4370,8,https://ftp.ncbi.nlm.nih.gov/genomes/all/GCF/034/426/955/GCF_034426955.1_ASM3442695v1,8,1590.4370.fna,GCF_034426955.1_ASM3442695v1_genomic.fna, 3289056, 3289056,1590.4370.fna_vs_GCF_034426955.1_ASM3442695v1_genomic.fna_blast.xml,0,0,0,0,0,0,0,0,3289056,0,0,0,0,0,0,1590_subject_array_1739774385.bin
82609,1590,LQ80,1590.931,8,https://ftp.ncbi.nlm.nih.gov/genomes/all/GCF/003/097/595/GCF_003097595.1_ASM309759v1,8,1590.931.fna,GCF_003097595.1_ASM309759v1_genomic.fna, 3447624, 3447624,1590.931.fna_vs_GCF_003097595.1_ASM309759v1_genomic.fna_blast.xml,0,0,0,0,0,0,0,0,3447624,0,0,0,0,0,0,1590_subject_array_1739774386.bin
82679,1590,MY04,1590.3749,8,https://ftp.ncbi.nlm.nih.gov/genomes/all/GCF/029/854/335/GCF_029854335.1_ASM2985433v1,8,1590.3749.fna,GCF_029854335.1_ASM2985433v1_genomic.fna, 3475955, 3475955,1590.3749.fna_vs_GCF_029854335.1_ASM2985433v1_genomic.fna_blast.xml,0,0,0,0,0,0,0,0,3475955,0,0,0,0,0,0,1590_subject_array_1739774387.bin
82904,1590,SPC-SNU-72-1,1590.3633,8,https://ftp.ncbi.nlm.nih.gov/genomes/all/GCF/029/637/825/GCF_029637825.1_ASM2963782v1,8,1590.3633.fna,GCF_029637825.1_ASM2963782v1_genomic.fna, 3331743, 3331743,1590.3633.fna_vs_GCF_029637825.1_ASM2963782v1_genomic.fna_blast.xml,0,0,0,0,0,0,0,0,3331743,0,0,0,0,0,0,1590_subject_array_1739774389.bin
82942,1590,ST,1590.2664,8,https://ftp.ncbi.nlm.nih.gov/genomes/all/GCF/022/558/425/GCF_022558425.1_ASM2255842v1,8,1590.2664.fna,GCF_022558425.1_ASM2255842v1_genomic.fna, 3320817, 3320817,1590.2664.fna_vs_GCF_022558425.1_ASM2255842v1_genomic.fna_blast.xml,0,0,0,0,0,0,0,0,3320817,0,0,0,0,0,0,1590_subject_array_1739774390.bin
83009,1590,VHProbi P06,1590.3243,8,https://ftp.ncbi.nlm.nih.gov/genomes/all/GCF/026/016/545/GCF_026016545.1_ASM2601654v1,8,1590.3243.fna,GCF_026016545.1_ASM2601654v1_genomic.fna, 3410828, 3410828,1590.3243.fna_vs_GCF_026016545.1_ASM2601654v1_genomic.fna_blast.xml,0,0,0,0,0,0,0,0,3410828,0,0,0,0,0,0,1590_subject_array_1739774391.bin
83115,159449,NF3,159449.5,8,https://ftp.ncbi.nlm.nih.gov/genomes/all/GCF/002/024/165/GCF_002024165.1_SSNF3.0,8,159449.5.fna,GCF_002024165.1_SSNF3.0_genomic.fna, 10958352, 10958352,159449.5.fna_vs_GCF_002024165.1_SSNF3.0_genomic.fna_blast.xml,0,0,0,0,0,0,0,0,10958352,0,0,0,0,0,0,159449_subject_array_1739774395.bin
83211,159612,LMG 3712,159612.12,8,https://ftp.ncbi.nlm.nih.gov/genomes/all/GCF/025/447/325/GCF_025447325.1_ASM2544732v1,8,159612.12.fna,GCF_025447325.1_ASM2544732v1_genomic.fna, 3788499, 3788499,159612.12.fna_vs_GCF_025447325.1_ASM2544732v1_genomic.fna_blast.xml,0,0,0,0,0,0,0,0,3788499,0,0,0,0,0,0,159612_subject_array_1739774397.bin
83355,1597,FAM18099,1597.281,8,https://ftp.ncbi.nlm.nih.gov/genomes/all/GCF/003/712/295/GCF_003712295.1_ASM371229v1,8,1597.281.fna,GCF_003712295.1_ASM371229v1_genomic.fna, 2962283, 2962283,1597.281.fna_vs_GCF_003712295.1_ASM371229v1_genomic.fna_blast.xml,0,0,0,0,0,0,0,0,2962283,0,0,0,0,0,0,1597_subject_array_1739774398.bin
84091,160396,DSM 14219,160396.5,8,https://ftp.ncbi.nlm.nih.gov/genomes/all/GCF/003/634/775/GCF_003634775.1_ASM363477v1,8,160396.5.fna,GCF_003634775.1_ASM363477v1_genomic.fna, 3712841, 3712841,160396.5.fna_vs_GCF_003634775.1_ASM363477v1_genomic.fna_blast.xml,0,0,0,0,0,0,0,427,3712414,0,0,0,0,0,0,160396_subject_array_1739774399.bin
84202,160660,DSM 5130,160660.30,8,https://ftp.ncbi.nlm.nih.gov/genomes/all/GCF/000/754/095/GCF_000754095.2_ASM75409v2,8,160660.30.fna,GCF_000754095.2_ASM75409v2_genomic.fna, 3359675, 3359675,160660.30.fna_vs_GCF_000754095.2_ASM75409v2_genomic.fna_blast.xml,0,0,0,0,0,0,0,0,3359675,0,0,0,0,0,0,160660_subject_array_1739774400.bin
84256,1608422,CCUG67844,1608422.3,8,https://ftp.ncbi.nlm.nih.gov/genomes/all/GCF/003/576/245/GCF_003576245.1_ASM357624v1,8,1608422.3.fna,GCF_003576245.1_ASM357624v1_genomic.fna, 3203764, 3203764,1608422.3.fna_vs_GCF_003576245.1_ASM357624v1_genomic.fna_blast.xml,0,0,0,0,0,0,0,632,3203123,0,0,0,9,0,0,1608422_subject_array_1739774402.bin
85395,1629,DSM 20410,1629.5,8,https://ftp.ncbi.nlm.nih.gov/genomes/all/GCF/001/437/355/GCF_001437355.1_ASM143735v1,8,1629.5.fna,GCF_001437355.1_ASM143735v1_genomic.fna, 1537173, 1537173,1629.5.fna_vs_GCF_001437355.1_ASM143735v1_genomic.fna_blast.xml,0,0,0,0,0,0,0,9733,1527440,0,0,0,0,0,0,1629_subject_array_1739774402.bin
85569,1636425,MSMB1589WGS,1636425.3,8,https://ftp.ncbi.nlm.nih.gov/genomes/all/GCF/001/636/105/GCF_001636105.1_ASM163610v1,8,1636425.3.fna,GCF_001636105.1_ASM163610v1_genomic.fna, 6787645, 6787645,1636425.3.fna_vs_GCF_001636105.1_ASM163610v1_genomic.fna_blast.xml,0,0,0,0,0,0,0,0,6787645,0,0,0,0,0,0,1636425_subject_array_1739774404.bin
85570,1636603,ACNIH1,1636603.3,8,https://ftp.ncbi.nlm.nih.gov/genomes/all/GCF/002/934/695/GCF_002934695.1_ASM293469v1,8,1636603.3.fna,GCF_002934695.1_ASM293469v1_genomic.fna, 3696158, 3696158,1636603.3.fna_vs_GCF_002934695.1_ASM293469v1_genomic.fna_blast.xml,0,0,0,0,0,0,0,0,3696158,0,0,0,0,0,0,1636603_subject_array_1739774406.bin
85883,1639,2013L-5397,1639.8522,8,https://ftp.ncbi.nlm.nih.gov/genomes/all/GCF/014/526/735/GCF_014526735.1_ASM1452673v1,8,1639.8522.fna,GCF_014526735.1_ASM1452673v1_genomic.fna, 2894445, 2894445,1639.8522.fna_vs_GCF_014526735.1_ASM1452673v1_genomic.fna_blast.xml,0,0,0,0,0,0,0,0,2894445,0,0,0,0,0,0,1639_subject_array_1739774407.bin
85884,1639,2013L-5400,1639.8526,8,https://ftp.ncbi.nlm.nih.gov/genomes/all/GCF/014/526/745/GCF_014526745.1_ASM1452674v1,8,1639.8526.fna,GCF_014526745.1_ASM1452674v1_genomic.fna, 2930758, 2930758,1639.8526.fna_vs_GCF_014526745.1_ASM1452674v1_genomic.fna_blast.xml,0,0,0,0,0,0,0,0,2930758,0,0,0,0,0,0,1639_subject_array_1739774408.bin
85903,1639,2014L-6253,1639.8512,8,https://ftp.ncbi.nlm.nih.gov/genomes/all/GCF/014/526/535/GCF_014526535.1_ASM1452653v1,8,1639.8512.fna,GCF_014526535.1_ASM1452653v1_genomic.fna, 2870166, 2870166,1639.8512.fna_vs_GCF_014526535.1_ASM1452653v1_genomic.fna_blast.xml,0,0,0,0,0,0,1,0,2870164,0,0,1,0,0,0,1639_subject_array_1739774409.bin
85915,1639,2014L-6652,1639.8354,8,https://ftp.ncbi.nlm.nih.gov/genomes/all/GCF/013/626/055/GCF_013626055.1_ASM1362605v1,8,1639.8354.fna,GCF_013626055.1_ASM1362605v1_genomic.fna, 2823676, 2823676,1639.8354.fna_vs_GCF_013626055.1_ASM1362605v1_genomic.fna_blast.xml,0,0,0,0,0,0,0,0,2823676,0,0,0,0,0,0,1639_subject_array_1739774410.bin
85920,1639,2015L-6039,1639.8352,8,https://ftp.ncbi.nlm.nih.gov/genomes/all/GCF/013/626/015/GCF_013626015.1_ASM1362601v1,8,1639.8352.fna,GCF_013626015.1_ASM1362601v1_genomic.fna, 2913127, 2913127,1639.8352.fna_vs_GCF_013626015.1_ASM1362601v1_genomic.fna_blast.xml,0,0,0,0,0,0,0,0,2913127,0,0,0,0,0,0,1639_subject_array_1739774411.bin
86077,1639,20572,1639.12803,8,https://ftp.ncbi.nlm.nih.gov/genomes/all/GCF/024/702/385/GCF_024702385.1_ASM2470238v1,8,1639.12803.fna,GCF_024702385.1_ASM2470238v1_genomic.fna, 3021107, 3021107,1639.12803.fna_vs_GCF_024702385.1_ASM2470238v1_genomic.fna_blast.xml,0,0,0,0,0,0,0,952,3020121,0,0,7,26,0,1,1639_subject_array_1739774412.bin
86695,1639,BCW_4789,1639.2195,8,https://ftp.ncbi.nlm.nih.gov/genomes/all/GCF/001/828/215/GCF_001828215.1_ASM182821v1,8,1639.2195.fna,GCF_001828215.1_ASM182821v1_genomic.fna, 2884261, 2884261,1639.2195.fna_vs_GCF_001828215.1_ASM182821v1_genomic.fna_blast.xml,0,0,0,0,0,0,0,100,2884161,0,0,0,0,0,0,1639_subject_array_1739774413.bin
87459,1639,CFSAN049186,1639.3168,8,https://ftp.ncbi.nlm.nih.gov/genomes/all/GCF/002/446/375/GCF_002446375.1_ASM244637v1,8,1639.3168.fna,GCF_002446375.1_ASM244637v1_genomic.fna, 2889601, 2889601,1639.3168.fna_vs_GCF_002446375.1_ASM244637v1_genomic.fna_blast.xml,0,0,0,0,0,0,0,0,2889601,0,0,0,0,0,0,1639_subject_array_1739774414.bin
87672,1639,D146L,1639.11334,8,https://ftp.ncbi.nlm.nih.gov/genomes/all/GCF/021/198/875/GCF_021198875.1_ASM2119887v1,8,1639.11334.fna,GCF_021198875.1_ASM2119887v1_genomic.fna, 2877208, 2877208,1639.11334.fna_vs_GCF_021198875.1_ASM2119887v1_genomic.fna_blast.xml,0,0,0,0,0,0,0,0,2877208,0,0,0,0,0,0,1639_subject_array_1739774415.bin
87814,1639,FSL L7-0147,1639.6886,8,https://ftp.ncbi.nlm.nih.gov/genomes/all/GCF/008/271/165/GCF_008271165.1_ASM827116v1,8,1639.6886.fna,GCF_008271165.1_ASM827116v1_genomic.fna, 2823466, 2823466,1639.6886.fna_vs_GCF_008271165.1_ASM827116v1_genomic.fna_blast.xml,0,0,0,0,0,0,0,0,2823466,0,0,0,0,0,0,1639_subject_array_1739774416.bin
87817,1639,FSL L7-0157,1639.6885,8,https://ftp.ncbi.nlm.nih.gov/genomes/all/GCF/008/271/105/GCF_008271105.1_ASM827110v1,8,1639.6885.fna,GCF_008271105.1_ASM827110v1_genomic.fna, 2873513, 2873513,1639.6885.fna_vs_GCF_008271105.1_ASM827110v1_genomic.fna_blast.xml,0,0,0,0,0,0,0,0,2873513,0,0,0,0,0,0,1639_subject_array_1739774417.bin
87832,1639,FSL L7-0325,1639.6855,8,https://ftp.ncbi.nlm.nih.gov/genomes/all/GCF/008/270/535/GCF_008270535.1_ASM827053v1,8,1639.6855.fna,GCF_008270535.1_ASM827053v1_genomic.fna, 2839512, 2839512,1639.6855.fna_vs_GCF_008270535.1_ASM827053v1_genomic.fna_blast.xml,0,0,0,0,0,0,0,0,2839512,0,0,0,0,0,0,1639_subject_array_1739774417.bin
87878,1639,FSL L7-0655,1639.6810,8,https://ftp.ncbi.nlm.nih.gov/genomes/all/GCF/008/269/635/GCF_008269635.1_ASM826963v1,8,1639.6810.fna,GCF_008269635.1_ASM826963v1_genomic.fna, 2852192, 2852192,1639.6810.fna_vs_GCF_008269635.1_ASM826963v1_genomic.fna_blast.xml,0,0,0,0,0,0,0,0,2852192,0,0,0,0,0,0,1639_subject_array_1739774418.bin
88230,1639,ICDC-LM3070,1639.7630,8,https://ftp.ncbi.nlm.nih.gov/genomes/all/GCF/009/788/835/GCF_009788835.1_ASM978883v1,8,1639.7630.fna,GCF_009788835.1_ASM978883v1_genomic.fna, 2945629, 2945629,1639.7630.fna_vs_GCF_009788835.1_ASM978883v1_genomic.fna_blast.xml,0,0,0,0,0,0,0,0,2945629,0,0,0,0,0,0,1639_subject_array_1739774419.bin
88245,1639,ICDC-LM497,1639.7596,8,https://ftp.ncbi.nlm.nih.gov/genomes/all/GCF/009/788/155/GCF_009788155.1_ASM978815v1,8,1639.7596.fna,GCF_009788155.1_ASM978815v1_genomic.fna, 2973130, 2973130,1639.7596.fna_vs_GCF_009788155.1_ASM978815v1_genomic.fna_blast.xml,0,0,0,0,0,0,0,0,2973130,0,0,0,0,0,0,1639_subject_array_1739774420.bin
88361,1639,L137,1639.8492,8,https://ftp.ncbi.nlm.nih.gov/genomes/all/GCF/014/269/755/GCF_014269755.1_ASM1426975v1,8,1639.8492.fna,GCF_014269755.1_ASM1426975v1_genomic.fna, 2870488, 2870488,1639.8492.fna_vs_GCF_014269755.1_ASM1426975v1_genomic.fna_blast.xml,0,0,0,0,0,0,0,0,2870488,0,0,0,0,0,0,1639_subject_array_1739774421.bin
88367,1639,L1445,1639.4309,8,https://ftp.ncbi.nlm.nih.gov/genomes/all/GCF/002/912/205/GCF_002912205.1_ASM291220v1,8,1639.4309.fna,GCF_002912205.1_ASM291220v1_genomic.fna, 2915779, 2915779,1639.4309.fna_vs_GCF_002912205.1_ASM291220v1_genomic.fna_blast.xml,0,0,0,0,0,0,0,0,2915779,0,0,0,0,0,0,1639_subject_array_1739774422.bin
88483,1639,L970,1639.4312,8,https://ftp.ncbi.nlm.nih.gov/genomes/all/GCF/002/912/285/GCF_002912285.1_ASM291228v1,8,1639.4312.fna,GCF_002912285.1_ASM291228v1_genomic.fna, 2915149, 2915149,1639.4312.fna_vs_GCF_002912285.1_ASM291228v1_genomic.fna_blast.xml,0,0,0,0,0,0,0,0,2915149,0,0,0,0,0,0,1639_subject_array_1739774423.bin
88553,1639,LM-F-43,1639.4533,8,https://ftp.ncbi.nlm.nih.gov/genomes/all/GCF/003/190/385/GCF_003190385.1_ASM319038v1,8,1639.4533.fna,GCF_003190385.1_ASM319038v1_genomic.fna, 2816257, 2816257,1639.4533.fna_vs_GCF_003190385.1_ASM319038v1_genomic.fna_blast.xml,0,0,0,0,0,0,0,0,2816257,0,0,0,0,0,0,1639_subject_array_1739774424.bin
88555,1639,LM-F-45,1639.4531,8,https://ftp.ncbi.nlm.nih.gov/genomes/all/GCF/003/190/205/GCF_003190205.1_ASM319020v1,8,1639.4531.fna,GCF_003190205.1_ASM319020v1_genomic.fna, 2993536, 2993536,1639.4531.fna_vs_GCF_003190205.1_ASM319020v1_genomic.fna_blast.xml,0,0,0,0,0,0,0,0,2993536,0,0,0,0,0,0,1639_subject_array_1739774425.bin
88774,1639,LM4786,1639.13442,8,https://ftp.ncbi.nlm.nih.gov/genomes/all/GCF/029/831/925/GCF_029831925.1_ASM2983192v1,8,1639.13442.fna,GCF_029831925.1_ASM2983192v1_genomic.fna, 2943518, 2943518,1639.13442.fna_vs_GCF_029831925.1_ASM2983192v1_genomic.fna_blast.xml,0,0,0,0,0,0,0,262,2943256,0,0,0,0,0,0,1639_subject_array_1739774426.bin
88824,1639,LM914,1639.13423,8,https://ftp.ncbi.nlm.nih.gov/genomes/all/GCF/029/831/475/GCF_029831475.1_ASM2983147v1,8,1639.13423.fna,GCF_029831475.1_ASM2983147v1_genomic.fna, 2980743, 2980743,1639.13423.fna_vs_GCF_029831475.1_ASM2983147v1_genomic.fna_blast.xml,0,0,0,0,0,0,0,97,2980646,0,0,0,0,0,0,1639_subject_array_1739774427.bin
88852,1639,LMQ16,1639.13622,8,https://ftp.ncbi.nlm.nih.gov/genomes/all/GCF/030/210/135/GCF_030210135.1_ASM3021013v1,8,1639.13622.fna,GCF_030210135.1_ASM3021013v1_genomic.fna, 2905991, 2905991,1639.13622.fna_vs_GCF_030210135.1_ASM3021013v1_genomic.fna_blast.xml,0,0,0,0,0,0,0,200,2905791,0,0,0,0,0,0,1639_subject_array_1739774428.bin
88872,1639,LMQ36,1639.13625,8,https://ftp.ncbi.nlm.nih.gov/genomes/all/GCF/030/210/515/GCF_030210515.1_ASM3021051v1,8,1639.13625.fna,GCF_030210515.1_ASM3021051v1_genomic.fna, 2845914, 2845914,1639.13625.fna_vs_GCF_030210515.1_ASM3021051v1_genomic.fna_blast.xml,0,0,0,0,0,0,0,100,2845814,0,0,0,0,0,0,1639_subject_array_1739774429.bin
88882,1639,LMQ46,1639.13631,8,https://ftp.ncbi.nlm.nih.gov/genomes/all/GCF/030/210/355/GCF_030210355.1_ASM3021035v1,8,1639.13631.fna,GCF_030210355.1_ASM3021035v1_genomic.fna, 2938907, 2938907,1639.13631.fna_vs_GCF_030210355.1_ASM3021035v1_genomic.fna_blast.xml,0,0,0,0,0,0,0,198,2938709,0,0,0,0,0,0,1639_subject_array_1739774430.bin
89174,1639,MQ130029,1639.2589,8,https://ftp.ncbi.nlm.nih.gov/genomes/all/GCF/002/027/825/GCF_002027825.1_ASM202782v1,8,1639.2589.fna,GCF_002027825.1_ASM202782v1_genomic.fna, 2961386, 2961386,1639.2589.fna_vs_GCF_002027825.1_ASM202782v1_genomic.fna_blast.xml,0,0,0,0,0,0,0,0,2961386,0,0,0,0,0,0,1639_subject_array_1739774431.bin
89179,1639,MQ130058,1639.2591,8,https://ftp.ncbi.nlm.nih.gov/genomes/all/GCF/002/027/865/GCF_002027865.1_ASM202786v1,8,1639.2591.fna,GCF_002027865.1_ASM202786v1_genomic.fna, 2963617, 2963617,1639.2591.fna_vs_GCF_002027865.1_ASM202786v1_genomic.fna_blast.xml,0,0,0,0,0,0,0,0,2963617,0,0,0,0,0,0,1639_subject_array_1739774432.bin
89183,1639,MQ140029,1639.2595,8,https://ftp.ncbi.nlm.nih.gov/genomes/all/GCF/002/027/935/GCF_002027935.1_ASM202793v1,8,1639.2595.fna,GCF_002027935.1_ASM202793v1_genomic.fna, 2915573, 2915573,1639.2595.fna_vs_GCF_002027935.1_ASM202793v1_genomic.fna_blast.xml,0,0,0,0,0,0,0,0,2915573,0,0,0,0,0,0,1639_subject_array_1739774433.bin
89185,1639,MQ140031,1639.2597,8,https://ftp.ncbi.nlm.nih.gov/genomes/all/GCF/002/027/985/GCF_002027985.1_ASM202798v1,8,1639.2597.fna,GCF_002027985.1_ASM202798v1_genomic.fna, 2904768, 2904768,1639.2597.fna_vs_GCF_002027985.1_ASM202798v1_genomic.fna_blast.xml,0,0,0,0,0,0,0,0,2904768,0,0,0,0,0,0,1639_subject_array_1739774434.bin
89187,1639,MQ140033,1639.2599,8,https://ftp.ncbi.nlm.nih.gov/genomes/all/GCF/002/028/025/GCF_002028025.1_ASM202802v1,8,1639.2599.fna,GCF_002028025.1_ASM202802v1_genomic.fna, 2911856, 2911856,1639.2599.fna_vs_GCF_002028025.1_ASM202802v1_genomic.fna_blast.xml,0,0,0,0,0,0,0,0,2911856,0,0,0,0,0,0,1639_subject_array_1739774435.bin
89190,1639,MQ150001,1639.2603,8,https://ftp.ncbi.nlm.nih.gov/genomes/all/GCF/002/028/105/GCF_002028105.1_ASM202810v1,8,1639.2603.fna,GCF_002028105.1_ASM202810v1_genomic.fna, 2916477, 2916477,1639.2603.fna_vs_GCF_002028105.1_ASM202810v1_genomic.fna_blast.xml,0,0,0,0,0,0,0,0,2916477,0,0,0,0,0,0,1639_subject_array_1739774436.bin
89193,1639,MQ150007,1639.2606,8,https://ftp.ncbi.nlm.nih.gov/genomes/all/GCF/002/028/165/GCF_002028165.1_ASM202816v1,8,1639.2606.fna,GCF_002028165.1_ASM202816v1_genomic.fna, 2963569, 2963569,1639.2606.fna_vs_GCF_002028165.1_ASM202816v1_genomic.fna_blast.xml,0,0,0,0,0,0,0,0,2963569,0,0,0,0,0,0,1639_subject_array_1739774437.bin
89194,1639,MQ150008,1639.2607,8,https://ftp.ncbi.nlm.nih.gov/genomes/all/GCF/002/028/185/GCF_002028185.1_ASM202818v1,8,1639.2607.fna,GCF_002028185.1_ASM202818v1_genomic.fna, 3013420, 3013420,1639.2607.fna_vs_GCF_002028185.1_ASM202818v1_genomic.fna_blast.xml,0,0,0,0,0,0,0,0,3013420,0,0,0,0,0,0,1639_subject_array_1739774438.bin
89195,1639,MQ150011,1639.2609,8,https://ftp.ncbi.nlm.nih.gov/genomes/all/GCF/002/028/225/GCF_002028225.1_ASM202822v1,8,1639.2609.fna,GCF_002028225.1_ASM202822v1_genomic.fna, 2915504, 2915504,1639.2609.fna_vs_GCF_002028225.1_ASM202822v1_genomic.fna_blast.xml,0,0,0,0,0,0,0,0,2915504,0,0,0,0,0,0,1639_subject_array_1739774439.bin
89519,1639,NRRL B-33374,1639.2015,8,https://ftp.ncbi.nlm.nih.gov/genomes/all/GCF/001/760/205/GCF_001760205.1_BCW_3852,8,1639.2015.fna,GCF_001760205.1_BCW_3852_genomic.fna, 2907378, 2907378,1639.2015.fna_vs_GCF_001760205.1_BCW_3852_genomic.fna_blast.xml,0,0,0,0,0,0,0,273,2907105,0,0,0,0,0,0,1639_subject_array_1739774440.bin
89870,1639,SNU27,1639.13068,8,https://ftp.ncbi.nlm.nih.gov/genomes/all/GCF/026/386/765/GCF_026386765.1_ASM2638676v1,8,1639.13068.fna,GCF_026386765.1_ASM2638676v1_genomic.fna, 2906050, 2906050,1639.13068.fna_vs_GCF_026386765.1_ASM2638676v1_genomic.fna_blast.xml,0,0,0,0,0,0,0,297,2905753,0,0,0,0,0,0,1639_subject_array_1739774441.bin
90221,1639133,STN0717-27,1639133.49,8,https://ftp.ncbi.nlm.nih.gov/genomes/all/GCF/015/137/095/GCF_015137095.1_ASM1513709v1,8,1639133.49.fna,GCF_015137095.1_ASM1513709v1_genomic.fna, 5302483, 5302483,1639133.49.fna_vs_GCF_015137095.1_ASM1513709v1_genomic.fna_blast.xml,0,0,0,0,0,0,0,0,5302483,0,0,0,0,0,0,1639133_subject_array_1739774442.bin
90622,1642,FSL W9-0238,1642.210,8,https://ftp.ncbi.nlm.nih.gov/genomes/all/GCF/015/277/345/GCF_015277345.1_ASM1527734v1,8,1642.210.fna,GCF_015277345.1_ASM1527734v1_genomic.fna, 2853001, 2853001,1642.210.fna_vs_GCF_015277345.1_ASM1527734v1_genomic.fna_blast.xml,0,0,0,0,0,0,0,0,2853001,0,0,0,0,0,0,1642_subject_array_1739774443.bin
90683,1642,Lin13-001,1642.227,8,https://ftp.ncbi.nlm.nih.gov/genomes/all/GCF/016/882/105/GCF_016882105.1_ASM1688210v1,8,1642.227.fna,GCF_016882105.1_ASM1688210v1_genomic.fna, 2909807, 2909807,1642.227.fna_vs_GCF_016882105.1_ASM1688210v1_genomic.fna_blast.xml,0,0,0,0,0,0,0,0,2909807,0,0,0,0,0,0,1642_subject_array_1739774444.bin
90694,1642,Lin13-015,1642.222,8,https://ftp.ncbi.nlm.nih.gov/genomes/all/GCF/016/881/895/GCF_016881895.1_ASM1688189v1,8,1642.222.fna,GCF_016881895.1_ASM1688189v1_genomic.fna, 2909847, 2909847,1642.222.fna_vs_GCF_016881895.1_ASM1688189v1_genomic.fna_blast.xml,0,0,0,0,0,0,0,0,2909847,0,0,0,0,0,0,1642_subject_array_1739774445.bin
90706,1642,MF4386,1642.309,8,https://ftp.ncbi.nlm.nih.gov/genomes/all/GCF/029/872/445/GCF_029872445.1_ASM2987244v1,8,1642.309.fna,GCF_029872445.1_ASM2987244v1_genomic.fna, 2822083, 2822083,1642.309.fna_vs_GCF_029872445.1_ASM2987244v1_genomic.fna_blast.xml,0,0,0,0,0,0,0,0,2822083,0,0,0,0,0,0,1642_subject_array_1739774446.bin
90760,1643,FSL W9-0606,1643.47,8,https://ftp.ncbi.nlm.nih.gov/genomes/all/GCF/015/276/195/GCF_015276195.1_ASM1527619v1,8,1643.47.fna,GCF_015276195.1_ASM1527619v1_genomic.fna, 2775913, 2775913,1643.47.fna_vs_GCF_015276195.1_ASM1527619v1_genomic.fna_blast.xml,0,0,0,0,0,0,0,0,2775913,0,0,0,0,0,0,1643_subject_array_1739774447.bin
91277,165179,RA-N001-8,165179.3095,8,https://ftp.ncbi.nlm.nih.gov/genomes/all/GCF/026/015/575/GCF_026015575.1_ASM2601557v1,8,165179.3095.fna,GCF_026015575.1_ASM2601557v1_genomic.fna, 3726408, 3726408,165179.3095.fna_vs_GCF_026015575.1_ASM2601557v1_genomic.fna_blast.xml,0,0,0,0,0,0,0,0,3726408,0,0,0,0,0,0,165179_subject_array_1739774449.bin
91547,1655234,H3,1655234.7,8,https://ftp.ncbi.nlm.nih.gov/genomes/all/GCF/003/390/375/GCF_003390375.1_ASM339037v1,8,1655234.7.fna,GCF_003390375.1_ASM339037v1_genomic.fna, 4373884, 4373884,1655234.7.fna_vs_GCF_003390375.1_ASM339037v1_genomic.fna_blast.xml,0,0,0,0,0,0,0,0,4373884,0,0,0,0,0,0,1655234_subject_array_1739774450.bin
92046,1679,LMG 13197,1679.6,8,https://ftp.ncbi.nlm.nih.gov/genomes/all/GCF/000/741/245/GCF_000741245.1_Biflon_sub.lon,8,1679.6.fna,GCF_000741245.1_Biflon_sub.lon_genomic.fna, 2384703, 2384703,1679.6.fna_vs_GCF_000741245.1_Biflon_sub.lon_genomic.fna_blast.xml,0,0,0,0,0,0,0,0,2384703,0,0,0,0,0,0,1679_subject_array_1739774451.bin
92283,1680,AF96-10M2bTA,1680.2301,8,https://ftp.ncbi.nlm.nih.gov/genomes/all/GCF/027/664/445/GCF_027664445.1_ASM2766444v1,8,1680.2301.fna,GCF_027664445.1_ASM2766444v1_genomic.fna, 2197263, 2211038,1680.2301.fna_vs_GCF_027664445.1_ASM2766444v1_genomic.fna_blast.xml,0,0,0,0,0,0,1,13663,2197370,0,1,2,1,0,0,1680_subject_array_1739774452.bin
92286,1680,AL12-4,1680.37,8,https://ftp.ncbi.nlm.nih.gov/genomes/all/GCF/002/107/975/GCF_002107975.1_BadoAL124v1,8,1680.37.fna,GCF_002107975.1_BadoAL124v1_genomic.fna, 2094907, 2094907,1680.37.fna_vs_GCF_002107975.1_BadoAL124v1_genomic.fna_blast.xml,0,0,0,0,0,0,0,0,2094907,0,0,0,0,0,0,1680_subject_array_1739774452.bin
92363,1680,LMG 10733,1680.44,8,https://ftp.ncbi.nlm.nih.gov/genomes/all/GCF/002/108/135/GCF_002108135.1_BadoLMG10733v1,8,1680.44.fna,GCF_002108135.1_BadoLMG10733v1_genomic.fna, 2084232, 2084232,1680.44.fna_vs_GCF_002108135.1_BadoLMG10733v1_genomic.fna_blast.xml,0,0,0,0,0,0,0,0,2084232,0,0,0,0,0,0,1680_subject_array_1739774453.bin
92476,1681,1025st1_D2_1025SCRN_200924,1681.1224,8,https://ftp.ncbi.nlm.nih.gov/genomes/all/GCF/028/202/265/GCF_028202265.1_ASM2820226v1,8,1681.1224.fna,GCF_028202265.1_ASM2820226v1_genomic.fna, 2105528, 2165590,1681.1224.fna_vs_GCF_028202265.1_ASM2820226v1_genomic.fna_blast.xml,0,0,1,2,0,0,0,59425,2105850,0,5,52,253,0,2,1681_subject_array_1739774454.bin
92479,1681,156B,1681.51,8,https://ftp.ncbi.nlm.nih.gov/genomes/all/GCF/001/020/255/GCF_001020255.1_Bbif02v4,8,1681.51.fna,GCF_001020255.1_Bbif02v4_genomic.fna, 2191816, 2191816,1681.51.fna_vs_GCF_001020255.1_Bbif02v4_genomic.fna_blast.xml,0,0,0,0,0,0,0,0,2191816,0,0,0,0,0,0,1681_subject_array_1739774455.bin
92541,1681,BIOML-A3,1681.812,8,https://ftp.ncbi.nlm.nih.gov/genomes/all/GCF/009/078/065/GCF_009078065.1_ASM907806v1,8,1681.812.fna,GCF_009078065.1_ASM907806v1_genomic.fna, 2180120, 2180120,1681.812.fna_vs_GCF_009078065.1_ASM907806v1_genomic.fna_blast.xml,0,0,0,0,0,0,0,0,2180120,0,0,0,0,0,0,1681_subject_array_1739774455.bin
92544,1681,BIOML-A6,1681.808,8,https://ftp.ncbi.nlm.nih.gov/genomes/all/GCF/009/077/975/GCF_009077975.1_ASM907797v1,8,1681.808.fna,GCF_009077975.1_ASM907797v1_genomic.fna, 2185518, 2185518,1681.808.fna_vs_GCF_009077975.1_ASM907797v1_genomic.fna_blast.xml,0,0,0,0,0,0,0,0,2185518,0,0,0,0,0,0,1681_subject_array_1739774456.bin
92547,1681,BIOML-A9,1681.813,8,https://ftp.ncbi.nlm.nih.gov/genomes/all/GCF/009/078/095/GCF_009078095.1_ASM907809v1,8,1681.813.fna,GCF_009078095.1_ASM907809v1_genomic.fna, 2180064, 2180064,1681.813.fna_vs_GCF_009078095.1_ASM907809v1_genomic.fna_blast.xml,0,0,0,0,0,0,0,0,2180064,0,0,0,0,0,0,1681_subject_array_1739774457.bin
92579,1681,E2_hBSD2780061687b_210117,1681.1260,8,https://ftp.ncbi.nlm.nih.gov/genomes/all/GCF/028/203/645/GCF_028203645.1_ASM2820364v1,8,1681.1260.fna,GCF_028203645.1_ASM2820364v1_genomic.fna, 1896447, 2015899,1681.1260.fna_vs_GCF_028203645.1_ASM2820364v1_genomic.fna_blast.xml,0,0,20,2,0,0,5,117349,1896647,0,7,321,1497,0,51,1681_subject_array_1739774457.bin
92611,1681,J1101312st1_C7_J1101312_190322,1681.1231,8,https://ftp.ncbi.nlm.nih.gov/genomes/all/GCF/028/202/415/GCF_028202415.1_ASM2820241v1,8,1681.1231.fna,GCF_028202415.1_ASM2820241v1_genomic.fna, 2203626, 2205137,1681.1231.fna_vs_GCF_028202415.1_ASM2820241v1_genomic.fna_blast.xml,0,0,0,0,0,0,0,1750,2203387,0,0,0,0,0,0,1681_subject_array_1739774458.bin
92638,1681,P671,1681.1138,8,https://ftp.ncbi.nlm.nih.gov/genomes/all/GCF/026/076/095/GCF_026076095.1_ASM2607609v1,8,1681.1138.fna,GCF_026076095.1_ASM2607609v1_genomic.fna, 2180906, 2180906,1681.1138.fna_vs_GCF_026076095.1_ASM2607609v1_genomic.fna_blast.xml,0,0,0,0,0,0,0,0,2180906,0,0,0,0,0,0,1681_subject_array_1739774459.bin
92685,1681,ca_0067,1681.761,8,https://ftp.ncbi.nlm.nih.gov/genomes/all/GCF/004/167/365/GCF_004167365.1_ASM416736v1,8,1681.761.fna,GCF_004167365.1_ASM416736v1_genomic.fna, 2188615, 2188615,1681.761.fna_vs_GCF_004167365.1_ASM416736v1_genomic.fna_blast.xml,0,0,0,0,0,0,0,0,2188615,0,0,0,0,0,0,1681_subject_array_1739774460.bin
92800,1684,W8130,2750944.3,8,https://ftp.ncbi.nlm.nih.gov/genomes/all/GCF/016/102/155/GCF_016102155.1_ASM1610215v1,8,2750944.3.fna,GCF_016102155.1_ASM1610215v1_genomic.fna, 2125487, 2125487,2750944.3.fna_vs_GCF_016102155.1_ASM1610215v1_genomic.fna_blast.xml,0,0,0,0,0,0,0,96,2125391,0,0,0,0,0,0,2750944_subject_array_1739774460.bin
93206,168927,110512,168927.5,8,https://ftp.ncbi.nlm.nih.gov/genomes/all/GCF/007/990/655/GCF_007990655.1_ASM799065v1,8,168927.5.fna,GCF_007990655.1_ASM799065v1_genomic.fna, 5566342, 5566342,168927.5.fna_vs_GCF_007990655.1_ASM799065v1_genomic.fna_blast.xml,0,0,0,0,0,0,0,0,5566342,0,0,0,0,0,0,168927_subject_array_1739774463.bin
93472,169679,DJ276,169679.63,8,https://ftp.ncbi.nlm.nih.gov/genomes/all/GCF/013/296/985/GCF_013296985.1_ASM1329698v1,8,169679.63.fna,GCF_013296985.1_ASM1329698v1_genomic.fna, 5050331, 5050331,169679.63.fna_vs_GCF_013296985.1_ASM1329698v1_genomic.fna_blast.xml,0,0,0,0,0,0,0,0,5050331,0,0,0,0,0,0,169679_subject_array_1739774465.bin
93526,1699624,P11G5,1699624.3,8,https://ftp.ncbi.nlm.nih.gov/genomes/all/GCF/001/593/305/GCF_001593305.1_ASM159330v1,8,1699624.3.fna,GCF_001593305.1_ASM159330v1_genomic.fna, 3519144, 3519144,1699624.3.fna_vs_GCF_001593305.1_ASM159330v1_genomic.fna_blast.xml,0,0,0,0,0,0,0,0,3519144,0,0,0,0,0,0,1699624_subject_array_1739774466.bin
93826,1712262,GYP-15,1712262.3,8,https://ftp.ncbi.nlm.nih.gov/genomes/all/GCF/007/004/765/GCF_007004765.1_ASM700476v1,8,1712262.3.fna,GCF_007004765.1_ASM700476v1_genomic.fna, 5336331, 5336331,1712262.3.fna_vs_GCF_007004765.1_ASM700476v1_genomic.fna_blast.xml,0,0,0,0,0,0,0,0,5336331,0,0,0,0,0,0,1712262_subject_array_1739774468.bin
93891,1714,CECT 4284,1714.4,8,https://ftp.ncbi.nlm.nih.gov/genomes/all/GCF/011/759/685/GCF_011759685.1_ASM1175968v1,8,1714.4.fna,GCF_011759685.1_ASM1175968v1_genomic.fna, 3567340, 3567340,1714.4.fna_vs_GCF_011759685.1_ASM1175968v1_genomic.fna_blast.xml,0,0,0,0,0,0,0,193,3567147,0,0,0,0,0,0,1714_subject_array_1739774469.bin
94338,1719,1197,1719.2714,8,https://ftp.ncbi.nlm.nih.gov/genomes/all/GCF/018/530/885/GCF_018530885.1_ASM1853088v1,8,1719.2714.fna,GCF_018530885.1_ASM1853088v1_genomic.fna, 2321808, 2321808,1719.2714.fna_vs_GCF_018530885.1_ASM1853088v1_genomic.fna_blast.xml,0,0,0,0,0,0,0,0,2321808,0,0,0,0,0,0,1719_subject_array_1739774470.bin
94361,1719,4394,1719.2713,8,https://ftp.ncbi.nlm.nih.gov/genomes/all/GCF/018/530/865/GCF_018530865.1_ASM1853086v1,8,1719.2713.fna,GCF_018530865.1_ASM1853086v1_genomic.fna, 2320307, 2320307,1719.2713.fna_vs_GCF_018530865.1_ASM1853086v1_genomic.fna_blast.xml,0,0,0,0,0,0,0,0,2320307,0,0,0,0,0,0,1719_subject_array_1739774471.bin
94362,1719,4480,1719.2716,8,https://ftp.ncbi.nlm.nih.gov/genomes/all/GCF/018/530/925/GCF_018530925.1_ASM1853092v1,8,1719.2716.fna,GCF_018530925.1_ASM1853092v1_genomic.fna, 2320453, 2320453,1719.2716.fna_vs_GCF_018530925.1_ASM1853092v1_genomic.fna_blast.xml,0,0,0,0,0,0,0,0,2320453,0,0,0,0,0,0,1719_subject_array_1739774471.bin
94367,1719,798,1719.2718,8,https://ftp.ncbi.nlm.nih.gov/genomes/all/GCF/018/530/965/GCF_018530965.1_ASM1853096v1,8,1719.2718.fna,GCF_018530965.1_ASM1853096v1_genomic.fna, 2320469, 2320469,1719.2718.fna_vs_GCF_018530965.1_ASM1853096v1_genomic.fna_blast.xml,0,0,0,0,0,0,0,0,2320469,0,0,0,0,0,0,1719_subject_array_1739774472.bin
94368,1719,826,1719.2995,8,https://ftp.ncbi.nlm.nih.gov/genomes/all/GCF/034/554/975/GCF_034554975.1_ASM3455497v1,8,1719.2995.fna,GCF_034554975.1_ASM3455497v1_genomic.fna, 2321236, 2321236,1719.2995.fna_vs_GCF_034554975.1_ASM3455497v1_genomic.fna_blast.xml,0,0,0,0,0,0,0,100,2321136,0,0,0,0,0,0,1719_subject_array_1739774473.bin
94539,1720194,AT5,1720194.3,8,https://ftp.ncbi.nlm.nih.gov/genomes/all/GCF/001/517/625/GCF_001517625.2_Clostridium_bouchedurhonense,8,1720194.3.fna,GCF_001517625.2_Clostridium_bouchedurhonense_genomic.fna, 3412690, 3412755,1720194.3.fna_vs_GCF_001517625.2_Clostridium_bouchedurhonense_genomic.fna_blast.xml,0,0,0,0,0,0,0,64,3412690,0,0,0,1,0,0,1720194_subject_array_1739774474.bin
94835,173,FMAS_KG1,173.431,8,https://ftp.ncbi.nlm.nih.gov/genomes/all/GCF/022/453/745/GCF_022453745.1_ASM2245374v1,8,173.431.fna,GCF_022453745.1_ASM2245374v1_genomic.fna, 5440099, 5440099,173.431.fna_vs_GCF_022453745.1_ASM2245374v1_genomic.fna_blast.xml,0,0,0,0,0,0,0,0,5440098,0,1,0,0,0,0,173_subject_array_1739774478.bin
94905,1734031,VKM Ac-2921,1734031.11,8,https://ftp.ncbi.nlm.nih.gov/genomes/all/GCF/022/815/625/GCF_022815625.1_ASM2281562v1,8,1734031.11.fna,GCF_022815625.1_ASM2281562v1_genomic.fna, 3180202, 3180202,1734031.11.fna_vs_GCF_022815625.1_ASM2281562v1_genomic.fna_blast.xml,0,0,0,0,0,0,0,100,3180102,0,0,0,0,0,0,1734031_subject_array_1739774479.bin
94957,1735589,XZ17,1735589.3,8,https://ftp.ncbi.nlm.nih.gov/genomes/all/GCF/003/194/605/GCF_003194605.1_ASM319460v1,8,1735589.3.fna,GCF_003194605.1_ASM319460v1_genomic.fna, 3334633, 3334633,1735589.3.fna_vs_GCF_003194605.1_ASM319460v1_genomic.fna_blast.xml,0,0,0,0,0,0,0,0,3334633,0,0,0,0,0,0,1735589_subject_array_1739774480.bin
94981,1735689,Leaf23,1735689.3,8,https://ftp.ncbi.nlm.nih.gov/genomes/all/GCF/001/421/585/GCF_001421585.1_Leaf23,8,1735689.3.fna,GCF_001421585.1_Leaf23_genomic.fna, 3804425, 3804425,1735689.3.fna_vs_GCF_001421585.1_Leaf23_genomic.fna_blast.xml,0,0,0,0,0,0,0,0,3804425,0,0,0,0,0,0,1735689_subject_array_1739774482.bin
95066,1736288,Leaf179,1736288.3,8,https://ftp.ncbi.nlm.nih.gov/genomes/all/GCF/001/423/785/GCF_001423785.1_Leaf179,8,1736288.3.fna,GCF_001423785.1_Leaf179_genomic.fna, 3533805, 3533805,1736288.3.fna_vs_GCF_001423785.1_Leaf179_genomic.fna_blast.xml,0,0,0,0,0,0,0,0,3533805,0,0,0,0,0,0,1736288_subject_array_1739774483.bin
95079,1736301,Leaf231,1736301.3,8,https://ftp.ncbi.nlm.nih.gov/genomes/all/GCF/001/421/995/GCF_001421995.1_Leaf231,8,1736301.3.fna,GCF_001421995.1_Leaf231_genomic.fna, 3733197, 3733197,1736301.3.fna_vs_GCF_001421995.1_Leaf231_genomic.fna_blast.xml,0,0,0,0,0,0,0,0,3733197,0,0,0,0,0,0,1736301_subject_array_1739774484.bin
95100,1736322,Leaf285,1736322.3,8,https://ftp.ncbi.nlm.nih.gov/genomes/all/GCF/001/422/955/GCF_001422955.1_Leaf285,8,1736322.3.fna,GCF_001422955.1_Leaf285_genomic.fna, 4337757, 4337757,1736322.3.fna_vs_GCF_001422955.1_Leaf285_genomic.fna_blast.xml,0,0,0,0,0,0,0,0,4337757,0,0,0,0,0,0,1736322_subject_array_1739774486.bin
95102,1736324,Leaf289,1736324.3,8,https://ftp.ncbi.nlm.nih.gov/genomes/all/GCF/001/423/335/GCF_001423335.1_Leaf289,8,1736324.3.fna,GCF_001423335.1_Leaf289_genomic.fna, 3462151, 3462151,1736324.3.fna_vs_GCF_001423335.1_Leaf289_genomic.fna_blast.xml,0,0,0,0,0,0,0,0,3462151,0,0,0,0,0,0,1736324_subject_array_1739774487.bin
95106,1736328,Leaf299,1736328.3,8,https://ftp.ncbi.nlm.nih.gov/genomes/all/GCF/001/423/055/GCF_001423055.1_Leaf299,8,1736328.3.fna,GCF_001423055.1_Leaf299_genomic.fna, 4017524, 4017524,1736328.3.fna_vs_GCF_001423055.1_Leaf299_genomic.fna_blast.xml,0,0,0,0,0,0,0,0,4017524,0,0,0,0,0,0,1736328_subject_array_1739774488.bin
95132,1736354,Leaf369,1736354.4,8,https://ftp.ncbi.nlm.nih.gov/genomes/all/GCF/001/424/455/GCF_001424455.1_Leaf369,8,1736354.4.fna,GCF_001424455.1_Leaf369_genomic.fna, 4368819, 4368819,1736354.4.fna_vs_GCF_001424455.1_Leaf369_genomic.fna_blast.xml,0,0,0,0,0,0,0,0,4368819,0,0,0,0,0,0,1736354_subject_array_1739774490.bin
95150,1736373,Leaf416,1736373.3,8,https://ftp.ncbi.nlm.nih.gov/genomes/all/GCF/001/424/665/GCF_001424665.1_Leaf416,8,1736373.3.fna,GCF_001424665.1_Leaf416_genomic.fna, 2940342, 2940342,1736373.3.fna_vs_GCF_001424665.1_Leaf416_genomic.fna_blast.xml,0,0,0,0,0,0,0,0,2940342,0,0,0,0,0,0,1736373_subject_array_1739774491.bin
95169,1736394,Soil729,1736394.3,8,https://ftp.ncbi.nlm.nih.gov/genomes/all/GCF/001/427/985/GCF_001427985.1_Soil729,8,1736394.3.fna,GCF_001427985.1_Soil729_genomic.fna, 3605744, 3605744,1736394.3.fna_vs_GCF_001427985.1_Soil729_genomic.fna_blast.xml,0,0,0,0,0,0,0,0,3605744,0,0,0,0,0,0,1736394_subject_array_1739774492.bin
95230,1736459,Root137,1736459.3,8,https://ftp.ncbi.nlm.nih.gov/genomes/all/GCF/001/426/725/GCF_001426725.1_Root137,8,1736459.3.fna,GCF_001426725.1_Root137_genomic.fna, 4392972, 4392972,1736459.3.fna_vs_GCF_001426725.1_Root137_genomic.fna_blast.xml,0,0,0,0,0,0,0,32,4392940,0,0,0,0,0,0,1736459_subject_array_1739774494.bin
95353,1736586,Root682,1736586.3,8,https://ftp.ncbi.nlm.nih.gov/genomes/all/GCF/001/427/795/GCF_001427795.1_Root682,8,1736586.3.fna,GCF_001427795.1_Root682_genomic.fna, 5214697, 5214697,1736586.3.fna_vs_GCF_001427795.1_Root682_genomic.fna_blast.xml,0,0,0,0,0,0,0,191,5214503,0,0,1,2,0,0,1736586_subject_array_1739774495.bin
95378,1736612,Root96,1736612.3,8,https://ftp.ncbi.nlm.nih.gov/genomes/all/GCF/001/429/315/GCF_001429315.1_Root96,8,1736612.3.fna,GCF_001429315.1_Root96_genomic.fna, 4415595, 4415595,1736612.3.fna_vs_GCF_001429315.1_Root96_genomic.fna_blast.xml,0,0,1,0,0,0,0,744,4414825,0,0,3,22,0,0,1736612_subject_array_1739774498.bin
95453,1737633,AK8,1737633.3,8,https://ftp.ncbi.nlm.nih.gov/genomes/all/GCF/007/829/695/GCF_007829695.1_ASM782969v1,8,1737633.3.fna,GCF_007829695.1_ASM782969v1_genomic.fna, 6470706, 6470706,1737633.3.fna_vs_GCF_007829695.1_ASM782969v1_genomic.fna_blast.xml,0,0,0,0,0,0,0,0,6470706,0,0,0,0,0,0,1737633_subject_array_1739774500.bin
95904,1745378,EPSL27,1745378.3,8,https://ftp.ncbi.nlm.nih.gov/genomes/all/GCF/001/512/305/GCF_001512305.1_ASM151230v1,8,1745378.3.fna,GCF_001512305.1_ASM151230v1_genomic.fna, 4176054, 4176054,1745378.3.fna_vs_GCF_001512305.1_ASM151230v1_genomic.fna_blast.xml,0,0,0,0,0,0,0,1239,4174809,0,0,0,6,0,0,1745378_subject_array_1739774502.bin
95964,1747,CA17,1747.220,8,https://ftp.ncbi.nlm.nih.gov/genomes/all/GCF/002/775/615/GCF_002775615.1_ASM277561v1,8,1747.220.fna,GCF_002775615.1_ASM277561v1_genomic.fna, 2488255, 2488255,1747.220.fna_vs_GCF_002775615.1_ASM277561v1_genomic.fna_blast.xml,0,0,0,0,0,0,0,0,2488253,0,1,1,0,0,0,1747_subject_array_1739774503.bin
95976,1747,EASDk81C,1747.1089,8,https://ftp.ncbi.nlm.nih.gov/genomes/all/GCF/021/010/655/GCF_021010655.1_ASM2101065v1,8,1747.1089.fna,GCF_021010655.1_ASM2101065v1_genomic.fna, 2459463, 2459463,1747.1089.fna_vs_GCF_021010655.1_ASM2101065v1_genomic.fna_blast.xml,0,0,0,0,0,0,0,0,2459463,0,0,0,0,0,0,1747_subject_array_1739774503.bin
95977,1747,EASDk81D,1747.1090,8,https://ftp.ncbi.nlm.nih.gov/genomes/all/GCF/021/010/775/GCF_021010775.1_ASM2101077v1,8,1747.1090.fna,GCF_021010775.1_ASM2101077v1_genomic.fna, 2482982, 2482982,1747.1090.fna_vs_GCF_021010775.1_ASM2101077v1_genomic.fna_blast.xml,0,0,0,0,0,0,0,0,2482982,0,0,0,0,0,0,1747_subject_array_1739774504.bin
96064,1747,P15-206,1747.744,8,https://ftp.ncbi.nlm.nih.gov/genomes/all/GCF/003/384/175/GCF_003384175.1_ASM338417v1,8,1747.744.fna,GCF_003384175.1_ASM338417v1_genomic.fna, 2520692, 2520692,1747.744.fna_vs_GCF_003384175.1_ASM338417v1_genomic.fna_blast.xml,0,0,0,0,0,0,0,0,2520692,0,0,0,0,0,0,1747_subject_array_1739774505.bin
96103,1747,PSSDk50D,1747.1102,8,https://ftp.ncbi.nlm.nih.gov/genomes/all/GCF/021/010/955/GCF_021010955.1_ASM2101095v1,8,1747.1102.fna,GCF_021010955.1_ASM2101095v1_genomic.fna, 2484171, 2484171,1747.1102.fna_vs_GCF_021010955.1_ASM2101095v1_genomic.fna_blast.xml,0,0,0,0,0,0,0,0,2484171,0,0,0,0,0,0,1747_subject_array_1739774506.bin
96113,1747,SASDk57A,1747.1101,8,https://ftp.ncbi.nlm.nih.gov/genomes/all/GCF/021/010/885/GCF_021010885.1_ASM2101088v1,8,1747.1101.fna,GCF_021010885.1_ASM2101088v1_genomic.fna, 2484269, 2484269,1747.1101.fna_vs_GCF_021010885.1_ASM2101088v1_genomic.fna_blast.xml,0,0,0,0,0,0,0,0,2484269,0,0,0,0,0,0,1747_subject_array_1739774507.bin
96114,1747,SASDk57B,1747.1097,8,https://ftp.ncbi.nlm.nih.gov/genomes/all/GCF/021/010/855/GCF_021010855.1_ASM2101085v1,8,1747.1097.fna,GCF_021010855.1_ASM2101085v1_genomic.fna, 2484294, 2484294,1747.1097.fna_vs_GCF_021010855.1_ASM2101085v1_genomic.fna_blast.xml,0,0,0,0,0,0,0,0,2484294,0,0,0,0,0,0,1747_subject_array_1739774507.bin
96118,1747,SASDk73C,1747.1091,8,https://ftp.ncbi.nlm.nih.gov/genomes/all/GCF/021/010/735/GCF_021010735.1_ASM2101073v1,8,1747.1091.fna,GCF_021010735.1_ASM2101073v1_genomic.fna, 2494357, 2494357,1747.1091.fna_vs_GCF_021010735.1_ASM2101073v1_genomic.fna_blast.xml,0,0,0,0,0,0,0,0,2494357,0,0,0,0,0,0,1747_subject_array_1739774508.bin
96127,1747,T14358,1747.264,8,https://ftp.ncbi.nlm.nih.gov/genomes/all/GCF/003/384/305/GCF_003384305.1_ASM338430v1,8,1747.264.fna,GCF_003384305.1_ASM338430v1_genomic.fna, 2547461, 2547461,1747.264.fna_vs_GCF_003384305.1_ASM338430v1_genomic.fna_blast.xml,0,0,0,0,0,0,0,0,2547461,0,0,0,0,0,0,1747_subject_array_1739774509.bin
96128,1747,T14441,1747.265,8,https://ftp.ncbi.nlm.nih.gov/genomes/all/GCF/003/384/315/GCF_003384315.1_ASM338431v1,8,1747.265.fna,GCF_003384315.1_ASM338431v1_genomic.fna, 2548078, 2548078,1747.265.fna_vs_GCF_003384315.1_ASM338431v1_genomic.fna_blast.xml,0,0,0,0,0,0,0,0,2548078,0,0,0,0,0,0,1747_subject_array_1739774510.bin
96137,1747,T19834,1747.786,8,https://ftp.ncbi.nlm.nih.gov/genomes/all/GCF/005/937/645/GCF_005937645.1_ASM593764v1,8,1747.786.fna,GCF_005937645.1_ASM593764v1_genomic.fna, 2464147, 2464147,1747.786.fna_vs_GCF_005937645.1_ASM593764v1_genomic.fna_blast.xml,0,0,0,0,0,0,0,0,2464147,0,0,0,0,0,0,1747_subject_array_1739774511.bin
96162,1747,T45823,1747.789,8,https://ftp.ncbi.nlm.nih.gov/genomes/all/GCF/005/937/705/GCF_005937705.1_ASM593770v1,8,1747.789.fna,GCF_005937705.1_ASM593770v1_genomic.fna, 2520692, 2520692,1747.789.fna_vs_GCF_005937705.1_ASM593770v1_genomic.fna_blast.xml,0,0,0,0,0,0,0,0,2520692,0,0,0,0,0,0,1747_subject_array_1739774512.bin
96182,1747,W65-307,1747.726,8,https://ftp.ncbi.nlm.nih.gov/genomes/all/GCF/005/773/775/GCF_005773775.1_ASM577377v1,8,1747.726.fna,GCF_005773775.1_ASM577377v1_genomic.fna, 2546400, 2546400,1747.726.fna_vs_GCF_005773775.1_ASM577377v1_genomic.fna_blast.xml,0,0,0,0,0,0,0,0,2546400,0,0,0,0,0,0,1747_subject_array_1739774513.bin
96184,1747,W65244,1747.765,8,https://ftp.ncbi.nlm.nih.gov/genomes/all/GCF/005/937/165/GCF_005937165.1_ASM593716v1,8,1747.765.fna,GCF_005937165.1_ASM593716v1_genomic.fna, 2547758, 2547758,1747.765.fna_vs_GCF_005937165.1_ASM593716v1_genomic.fna_blast.xml,0,0,0,0,0,0,0,77,2547681,0,0,0,0,0,0,1747_subject_array_1739774514.bin
96187,1747,W65307,1747.779,8,https://ftp.ncbi.nlm.nih.gov/genomes/all/GCF/005/937/475/GCF_005937475.1_ASM593747v1,8,1747.779.fna,GCF_005937475.1_ASM593747v1_genomic.fna, 2546560, 2546560,1747.779.fna_vs_GCF_005937475.1_ASM593747v1_genomic.fna_blast.xml,0,0,0,0,0,0,0,0,2546560,0,0,0,0,0,0,1747_subject_array_1739774515.bin
96289,1751427,MC1A,1751427.4,8,https://ftp.ncbi.nlm.nih.gov/genomes/all/GCF/001/483/135/GCF_001483135.1_ASM148313v1,8,1751427.4.fna,GCF_001483135.1_ASM148313v1_genomic.fna, 4804721, 4804721,1751427.4.fna_vs_GCF_001483135.1_ASM148313v1_genomic.fna_blast.xml,0,0,0,0,0,0,0,0,4804721,0,0,0,0,0,0,1751427_subject_array_1739774516.bin
96300,1755098,mt5,1755098.3,8,https://ftp.ncbi.nlm.nih.gov/genomes/all/GCF/900/184/245/GCF_900184245.1_PRJEB13137,8,1755098.3.fna,GCF_900184245.1_PRJEB13137_genomic.fna, 3865488, 3865488,1755098.3.fna_vs_GCF_900184245.1_PRJEB13137_genomic.fna_blast.xml,0,0,0,0,0,0,0,0,3865483,0,0,5,0,0,0,1755098_subject_array_1739774518.bin
96354,1758189,ACNIH2,1758189.3,8,https://ftp.ncbi.nlm.nih.gov/genomes/all/GCF/002/934/965/GCF_002934965.1_ASM293496v1,8,1758189.3.fna,GCF_002934965.1_ASM293496v1_genomic.fna, 4169274, 4169274,1758189.3.fna_vs_GCF_002934965.1_ASM293496v1_genomic.fna_blast.xml,0,0,0,0,0,0,0,0,4169274,0,0,0,0,0,0,1758189_subject_array_1739774519.bin
96402,1760988,175,1528100.4,8,https://ftp.ncbi.nlm.nih.gov/genomes/all/GCF/900/155/475/GCF_900155475.1_IMG-taxon_2593339134_annotated_assembly,8,1528100.4.fna,GCF_900155475.1_IMG-taxon_2593339134_annotated_assembly_genomic.fna, 5480099, 5480099,1528100.4.fna_vs_GCF_900155475.1_IMG-taxon_2593339134_annotated_assembly_genomic.fna_blast.xml,0,0,0,0,0,0,0,0,5480099,0,0,0,0,0,0,1528100_subject_array_1739774521.bin
96403,1760988,RS11D-Pr,1760988.4,8,https://ftp.ncbi.nlm.nih.gov/genomes/all/GCF/019/670/005/GCF_019670005.1_ASM1967000v1,8,1760988.4.fna,GCF_019670005.1_ASM1967000v1_genomic.fna, 5199498, 5199498,1760988.4.fna_vs_GCF_019670005.1_ASM1967000v1_genomic.fna_blast.xml,0,0,0,0,0,0,0,0,5199498,0,0,0,0,0,0,1760988_subject_array_1739774523.bin
96416,1761453,CY01,1761453.5,8,https://ftp.ncbi.nlm.nih.gov/genomes/all/GCF/014/855/515/GCF_014855515.1_ASM1485551v1,8,1761453.5.fna,GCF_014855515.1_ASM1485551v1_genomic.fna, 4675741, 4675741,1761453.5.fna_vs_GCF_014855515.1_ASM1485551v1_genomic.fna_blast.xml,0,0,0,0,0,0,0,0,4675741,0,0,0,0,0,0,1761453_subject_array_1739774525.bin
96463,1761804,CF332,1761804.3,8,https://ftp.ncbi.nlm.nih.gov/genomes/all/GCF/900/102/175/GCF_900102175.1_IMG-taxon_2609459766_annotated_assembly,8,1761804.3.fna,GCF_900102175.1_IMG-taxon_2609459766_annotated_assembly_genomic.fna, 3269659, 3269659,1761804.3.fna_vs_GCF_900102175.1_IMG-taxon_2609459766_annotated_assembly_genomic.fna_blast.xml,0,0,0,0,0,0,0,285,3269374,0,0,0,0,0,0,1761804_subject_array_1739774526.bin
96476,1761885,KHP7,1761885.3,8,https://ftp.ncbi.nlm.nih.gov/genomes/all/GCF/900/109/055/GCF_900109055.1_IMG-taxon_2606217765_annotated_assembly,8,1761885.3.fna,GCF_900109055.1_IMG-taxon_2606217765_annotated_assembly_genomic.fna, 3080082, 3080082,1761885.3.fna_vs_GCF_900109055.1_IMG-taxon_2606217765_annotated_assembly_genomic.fna_blast.xml,0,0,0,0,0,0,0,104,3079957,0,16,5,0,0,0,1761885_subject_array_1739774527.bin
96616,1765,MBE1,1765.432,8,https://ftp.ncbi.nlm.nih.gov/genomes/all/GCF/007/990/105/GCF_007990105.1_ASM799010v1,8,1765.432.fna,GCF_007990105.1_ASM799010v1_genomic.fna, 4348120, 4348120,1765.432.fna_vs_GCF_007990105.1_ASM799010v1_genomic.fna_blast.xml,0,0,0,0,0,0,0,0,4348120,0,0,0,0,0,0,1765_subject_array_1739774528.bin
96619,1765,MBE3,1765.430,8,https://ftp.ncbi.nlm.nih.gov/genomes/all/GCF/007/990/055/GCF_007990055.1_ASM799005v1,8,1765.430.fna,GCF_007990055.1_ASM799005v1_genomic.fna, 4346664, 4346664,1765.430.fna_vs_GCF_007990055.1_ASM799005v1_genomic.fna_blast.xml,0,0,0,0,0,0,0,185,4346462,0,0,2,15,0,0,1765_subject_array_1739774530.bin
96620,1765,MBE4,1765.429,8,https://ftp.ncbi.nlm.nih.gov/genomes/all/GCF/007/990/045/GCF_007990045.1_ASM799004v1,8,1765.429.fna,GCF_007990045.1_ASM799004v1_genomic.fna, 4347513, 4347513,1765.429.fna_vs_GCF_007990045.1_ASM799004v1_genomic.fna_blast.xml,0,0,0,0,0,0,0,0,4347513,0,0,0,0,0,0,1765_subject_array_1739774531.bin
96822,1768,MKAN13-GN,1768.202,8,https://ftp.ncbi.nlm.nih.gov/genomes/all/GCF/015/471/985/GCF_015471985.1_ASM1547198v1,8,1768.202.fna,GCF_015471985.1_ASM1547198v1_genomic.fna, 6516416, 6516416,1768.202.fna_vs_GCF_015471985.1_ASM1547198v1_genomic.fna_blast.xml,0,0,0,0,0,0,0,0,6516416,0,0,0,0,0,0,1768_subject_array_1739774534.bin
97034,1773,00-R0434,1773.6489,8,https://ftp.ncbi.nlm.nih.gov/genomes/all/GCF/001/848/855/GCF_001848855.1_ASM184885v1,8,1773.6489.fna,GCF_001848855.1_ASM184885v1_genomic.fna, 4389520, 4389520,1773.6489.fna_vs_GCF_001848855.1_ASM184885v1_genomic.fna_blast.xml,0,0,0,0,0,0,0,0,4389520,0,0,0,0,0,0,1773_subject_array_1739774535.bin
97049,1773,00-R1246,1773.6201,8,https://ftp.ncbi.nlm.nih.gov/genomes/all/GCF/001/843/105/GCF_001843105.1_ASM184310v1,8,1773.6201.fna,GCF_001843105.1_ASM184310v1_genomic.fna, 4353197, 4353197,1773.6201.fna_vs_GCF_001843105.1_ASM184310v1_genomic.fna_blast.xml,0,0,0,0,0,0,0,0,4353197,0,0,0,0,0,0,1773_subject_array_1739774537.bin
97117,1773,01-R0228,1773.8281,8,https://ftp.ncbi.nlm.nih.gov/genomes/all/GCF/002/130/035/GCF_002130035.1_ASM213003v1,8,1773.8281.fna,GCF_002130035.1_ASM213003v1_genomic.fna, 4399691, 4399691,1773.8281.fna_vs_GCF_002130035.1_ASM213003v1_genomic.fna_blast.xml,0,0,0,0,0,0,0,0,4399691,0,0,0,0,0,0,1773_subject_array_1739774538.bin
97216,1773,01-R1544,1773.6622,8,https://ftp.ncbi.nlm.nih.gov/genomes/all/GCF/001/851/515/GCF_001851515.1_ASM185151v1,8,1773.6622.fna,GCF_001851515.1_ASM185151v1_genomic.fna, 4398467, 4398467,1773.6622.fna_vs_GCF_001851515.1_ASM185151v1_genomic.fna_blast.xml,0,0,0,0,0,0,0,0,4398467,0,0,0,0,0,0,1773_subject_array_1739774540.bin
97276,1773,02-R0028,1773.6591,8,https://ftp.ncbi.nlm.nih.gov/genomes/all/GCF/001/850/905/GCF_001850905.1_ASM185090v1,8,1773.6591.fna,GCF_001850905.1_ASM185090v1_genomic.fna, 4382900, 4382900,1773.6591.fna_vs_GCF_001850905.1_ASM185090v1_genomic.fna_blast.xml,0,0,0,0,0,0,0,0,4382900,0,0,0,0,0,0,1773_subject_array_1739774542.bin
97301,1773,02-R0328,1773.6637,8,https://ftp.ncbi.nlm.nih.gov/genomes/all/GCF/001/851/825/GCF_001851825.1_ASM185182v1,8,1773.6637.fna,GCF_001851825.1_ASM185182v1_genomic.fna, 4397700, 4397700,1773.6637.fna_vs_GCF_001851825.1_ASM185182v1_genomic.fna_blast.xml,0,0,0,0,0,0,0,0,4397700,0,0,0,0,0,0,1773_subject_array_1739774543.bin
97313,1773,02-R04323,1773.6530,8,https://ftp.ncbi.nlm.nih.gov/genomes/all/GCF/001/849/675/GCF_001849675.1_ASM184967v1,8,1773.6530.fna,GCF_001849675.1_ASM184967v1_genomic.fna, 4340933, 4340933,1773.6530.fna_vs_GCF_001849675.1_ASM184967v1_genomic.fna_blast.xml,0,0,0,0,0,0,0,0,4340933,0,0,0,0,0,0,1773_subject_array_1739774545.bin
97332,1773,02-R0850,1773.6611,8,https://ftp.ncbi.nlm.nih.gov/genomes/all/GCF/001/851/295/GCF_001851295.1_ASM185129v1,8,1773.6611.fna,GCF_001851295.1_ASM185129v1_genomic.fna, 4380133, 4380133,1773.6611.fna_vs_GCF_001851295.1_ASM185129v1_genomic.fna_blast.xml,0,0,0,0,0,0,0,0,4380133,0,0,0,0,0,0,1773_subject_array_1739774546.bin
97362,1773,02-R1017,1773.6537,8,https://ftp.ncbi.nlm.nih.gov/genomes/all/GCF/001/849/825/GCF_001849825.1_ASM184982v1,8,1773.6537.fna,GCF_001849825.1_ASM184982v1_genomic.fna, 4361808, 4361808,1773.6537.fna_vs_GCF_001849825.1_ASM184982v1_genomic.fna_blast.xml,0,0,0,0,0,0,0,0,4361808,0,0,0,0,0,0,1773_subject_array_1739774548.bin
97370,1773,02-R1147,1773.6549,8,https://ftp.ncbi.nlm.nih.gov/genomes/all/GCF/001/850/055/GCF_001850055.1_ASM185005v1,8,1773.6549.fna,GCF_001850055.1_ASM185005v1_genomic.fna, 4392184, 4392184,1773.6549.fna_vs_GCF_001850055.1_ASM185005v1_genomic.fna_blast.xml,0,0,0,0,0,0,0,0,4392184,0,0,0,0,0,0,1773_subject_array_1739774549.bin
97377,1773,02-R1281,1773.6528,8,https://ftp.ncbi.nlm.nih.gov/genomes/all/GCF/001/849/645/GCF_001849645.1_ASM184964v1,8,1773.6528.fna,GCF_001849645.1_ASM184964v1_genomic.fna, 4412764, 4412764,1773.6528.fna_vs_GCF_001849645.1_ASM184964v1_genomic.fna_blast.xml,0,0,0,0,0,0,0,0,4412764,0,0,0,0,0,0,1773_subject_array_1739774551.bin
97444,1773,02-R1955,1773.6667,8,https://ftp.ncbi.nlm.nih.gov/genomes/all/GCF/001/852/425/GCF_001852425.1_ASM185242v1,8,1773.6667.fna,GCF_001852425.1_ASM185242v1_genomic.fna, 4383332, 4383332,1773.6667.fna_vs_GCF_001852425.1_ASM185242v1_genomic.fna_blast.xml,0,0,0,0,0,0,0,0,4383332,0,0,0,0,0,0,1773_subject_array_1739774552.bin
99831,1773,C0011119-6,1773.6287,8,https://ftp.ncbi.nlm.nih.gov/genomes/all/GCF/001/844/825/GCF_001844825.1_ASM184482v1,8,1773.6287.fna,GCF_001844825.1_ASM184482v1_genomic.fna, 4388100, 4388100,1773.6287.fna_vs_GCF_001844825.1_ASM184482v1_genomic.fna_blast.xml,0,0,0,0,0,0,0,0,4388100,0,0,0,0,0,0,1773_subject_array_1739774554.bin
100095,1773,I0000374-4,1773.6057,8,https://ftp.ncbi.nlm.nih.gov/genomes/all/GCF/001/840/165/GCF_001840165.1_ASM184016v1,8,1773.6057.fna,GCF_001840165.1_ASM184016v1_genomic.fna, 4408139, 4408139,1773.6057.fna_vs_GCF_001840165.1_ASM184016v1_genomic.fna_blast.xml,0,0,0,0,0,0,0,0,4408139,0,0,0,0,0,0,1773_subject_array_1739774555.bin
100098,1773,I0000437-9,1773.6857,8,https://ftp.ncbi.nlm.nih.gov/genomes/all/GCF/001/944/795/GCF_001944795.1_ASM194479v1,8,1773.6857.fna,GCF_001944795.1_ASM194479v1_genomic.fna, 4383006, 4383006,1773.6857.fna_vs_GCF_001944795.1_ASM194479v1_genomic.fna_blast.xml,0,0,0,0,0,0,0,0,4383006,0,0,0,0,0,0,1773_subject_array_1739774557.bin
100143,1773,I0001031-9,1773.7678,8,https://ftp.ncbi.nlm.nih.gov/genomes/all/GCF/001/943/485/GCF_001943485.1_ASM194348v1,8,1773.7678.fna,GCF_001943485.1_ASM194348v1_genomic.fna, 4381840, 4381840,1773.7678.fna_vs_GCF_001943485.1_ASM194348v1_genomic.fna_blast.xml,0,0,0,0,0,0,0,0,4381840,0,0,0,0,0,0,1773_subject_array_1739774558.bin
100151,1773,I0001162-2,1773.6871,8,https://ftp.ncbi.nlm.nih.gov/genomes/all/GCF/001/945/075/GCF_001945075.1_ASM194507v1,8,1773.6871.fna,GCF_001945075.1_ASM194507v1_genomic.fna, 4392723, 4392723,1773.6871.fna_vs_GCF_001945075.1_ASM194507v1_genomic.fna_blast.xml,0,0,0,0,0,0,0,0,4392723,0,0,0,0,0,0,1773_subject_array_1739774560.bin
100161,1773,I0001296-8,1773.6861,8,https://ftp.ncbi.nlm.nih.gov/genomes/all/GCF/001/944/865/GCF_001944865.1_ASM194486v1,8,1773.6861.fna,GCF_001944865.1_ASM194486v1_genomic.fna, 4378041, 4378041,1773.6861.fna_vs_GCF_001944865.1_ASM194486v1_genomic.fna_blast.xml,0,0,0,0,0,0,0,0,4378041,0,0,0,0,0,0,1773_subject_array_1739774561.bin
100184,1773,I0001485-7,1773.6228,8,https://ftp.ncbi.nlm.nih.gov/genomes/all/GCF/001/843/645/GCF_001843645.1_ASM184364v1,8,1773.6228.fna,GCF_001843645.1_ASM184364v1_genomic.fna, 4429188, 4429188,1773.6228.fna_vs_GCF_001843645.1_ASM184364v1_genomic.fna_blast.xml,0,0,0,0,0,0,0,0,4429188,0,0,0,0,0,0,1773_subject_array_1739774563.bin
100191,1773,I0001560-7,1773.6852,8,https://ftp.ncbi.nlm.nih.gov/genomes/all/GCF/001/944/695/GCF_001944695.1_ASM194469v1,8,1773.6852.fna,GCF_001944695.1_ASM194469v1_genomic.fna, 4395082, 4395082,1773.6852.fna_vs_GCF_001944695.1_ASM194469v1_genomic.fna_blast.xml,0,0,0,0,0,0,0,0,4395082,0,0,0,0,0,0,1773_subject_array_1739774564.bin
100215,1773,I0002006-0,1773.6323,8,https://ftp.ncbi.nlm.nih.gov/genomes/all/GCF/001/845/545/GCF_001845545.1_ASM184554v1,8,1773.6323.fna,GCF_001845545.1_ASM184554v1_genomic.fna, 4399099, 4399099,1773.6323.fna_vs_GCF_001845545.1_ASM184554v1_genomic.fna_blast.xml,0,0,0,0,0,0,0,0,4399099,0,0,0,0,0,0,1773_subject_array_1739774566.bin
100225,1773,I0002145-6,1773.6247,8,https://ftp.ncbi.nlm.nih.gov/genomes/all/GCF/001/844/015/GCF_001844015.1_ASM184401v1,8,1773.6247.fna,GCF_001844015.1_ASM184401v1_genomic.fna, 4402799, 4402799,1773.6247.fna_vs_GCF_001844015.1_ASM184401v1_genomic.fna_blast.xml,0,0,0,0,0,0,0,0,4402799,0,0,0,0,0,0,1773_subject_array_1739774567.bin
100242,1773,I0002458-3,1773.6241,8,https://ftp.ncbi.nlm.nih.gov/genomes/all/GCF/001/843/895/GCF_001843895.1_ASM184389v1,8,1773.6241.fna,GCF_001843895.1_ASM184389v1_genomic.fna, 4387581, 4387581,1773.6241.fna_vs_GCF_001843895.1_ASM184389v1_genomic.fna_blast.xml,0,0,0,0,0,0,0,0,4387581,0,0,0,0,0,0,1773_subject_array_1739774569.bin
100252,1773,I0002659-6,1773.7689,8,https://ftp.ncbi.nlm.nih.gov/genomes/all/GCF/001/943/265/GCF_001943265.1_ASM194326v1,8,1773.7689.fna,GCF_001943265.1_ASM194326v1_genomic.fna, 4383970, 4383970,1773.7689.fna_vs_GCF_001943265.1_ASM194326v1_genomic.fna_blast.xml,0,0,0,0,0,0,0,0,4383970,0,0,0,0,0,0,1773_subject_array_1739774570.bin
100280,1773,I0002995-4,1773.6276,8,https://ftp.ncbi.nlm.nih.gov/genomes/all/GCF/001/844/605/GCF_001844605.1_ASM184460v1,8,1773.6276.fna,GCF_001844605.1_ASM184460v1_genomic.fna, 4402581, 4402581,1773.6276.fna_vs_GCF_001844605.1_ASM184460v1_genomic.fna_blast.xml,0,0,0,0,0,0,0,0,4402581,0,0,0,0,0,0,1773_subject_array_1739774572.bin
100293,1773,I0003152-1,1773.6242,8,https://ftp.ncbi.nlm.nih.gov/genomes/all/GCF/001/843/925/GCF_001843925.1_ASM184392v1,8,1773.6242.fna,GCF_001843925.1_ASM184392v1_genomic.fna, 4399853, 4399853,1773.6242.fna_vs_GCF_001843925.1_ASM184392v1_genomic.fna_blast.xml,0,0,0,0,0,0,0,0,4399853,0,0,0,0,0,0,1773_subject_array_1739774574.bin
100319,1773,I0003401-2,1773.7692,8,https://ftp.ncbi.nlm.nih.gov/genomes/all/GCF/001/943/195/GCF_001943195.1_ASM194319v1,8,1773.7692.fna,GCF_001943195.1_ASM194319v1_genomic.fna, 4350617, 4350617,1773.7692.fna_vs_GCF_001943195.1_ASM194319v1_genomic.fna_blast.xml,0,0,0,0,0,0,0,0,4350617,0,0,0,0,0,0,1773_subject_array_1739774575.bin
100330,1773,I0003510-0,1773.6283,8,https://ftp.ncbi.nlm.nih.gov/genomes/all/GCF/001/844/735/GCF_001844735.1_ASM184473v1,8,1773.6283.fna,GCF_001844735.1_ASM184473v1_genomic.fna, 4405351, 4405351,1773.6283.fna_vs_GCF_001844735.1_ASM184473v1_genomic.fna_blast.xml,0,0,0,0,0,0,0,0,4405351,0,0,0,0,0,0,1773_subject_array_1739774577.bin
100335,1773,I0003552-2,1773.6256,8,https://ftp.ncbi.nlm.nih.gov/genomes/all/GCF/001/844/195/GCF_001844195.1_ASM184419v1,8,1773.6256.fna,GCF_001844195.1_ASM184419v1_genomic.fna, 4405809, 4405809,1773.6256.fna_vs_GCF_001844195.1_ASM184419v1_genomic.fna_blast.xml,0,0,0,0,0,0,0,0,4405809,0,0,0,0,0,0,1773_subject_array_1739774578.bin
100340,1773,I0003603-3,1773.6841,8,https://ftp.ncbi.nlm.nih.gov/genomes/all/GCF/001/944/465/GCF_001944465.1_ASM194446v1,8,1773.6841.fna,GCF_001944465.1_ASM194446v1_genomic.fna, 4382185, 4382185,1773.6841.fna_vs_GCF_001944465.1_ASM194446v1_genomic.fna_blast.xml,0,0,0,0,0,0,0,0,4382185,0,0,0,0,0,0,1773_subject_array_1739774580.bin
100382,1773,I0004188-4,1773.6293,8,https://ftp.ncbi.nlm.nih.gov/genomes/all/GCF/001/844/945/GCF_001844945.1_ASM184494v1,8,1773.6293.fna,GCF_001844945.1_ASM184494v1_genomic.fna, 4398075, 4398075,1773.6293.fna_vs_GCF_001844945.1_ASM184494v1_genomic.fna_blast.xml,0,0,0,0,0,0,0,0,4398075,0,0,0,0,0,0,1773_subject_array_1739774581.bin
100393,1773,I0004244-5,1773.6724,8,https://ftp.ncbi.nlm.nih.gov/genomes/all/GCF/001/855/985/GCF_001855985.1_ASM185598v1,8,1773.6724.fna,GCF_001855985.1_ASM185598v1_genomic.fna, 4411174, 4411174,1773.6724.fna_vs_GCF_001855985.1_ASM185598v1_genomic.fna_blast.xml,0,0,0,0,0,0,0,0,4411174,0,0,0,0,0,0,1773_subject_array_1739774583.bin
100402,1773,I0004294-0,1773.6291,8,https://ftp.ncbi.nlm.nih.gov/genomes/all/GCF/001/844/905/GCF_001844905.1_ASM184490v1,8,1773.6291.fna,GCF_001844905.1_ASM184490v1_genomic.fna, 4402039, 4402039,1773.6291.fna_vs_GCF_001844905.1_ASM184490v1_genomic.fna_blast.xml,0,0,0,0,0,0,0,0,4402039,0,0,0,0,0,0,1773_subject_array_1739774584.bin
100410,1773,I0004426-8,1773.6991,8,https://ftp.ncbi.nlm.nih.gov/genomes/all/GCF/001/947/805/GCF_001947805.1_ASM194780v1,8,1773.6991.fna,GCF_001947805.1_ASM194780v1_genomic.fna, 4378712, 4378712,1773.6991.fna_vs_GCF_001947805.1_ASM194780v1_genomic.fna_blast.xml,0,0,0,0,0,0,0,0,4378712,0,0,0,0,0,0,1773_subject_array_1739774586.bin
100416,1773,I0004509-1,1773.7643,8,https://ftp.ncbi.nlm.nih.gov/genomes/all/GCF/001/944/155/GCF_001944155.1_ASM194415v1,8,1773.7643.fna,GCF_001944155.1_ASM194415v1_genomic.fna, 4389720, 4389720,1773.7643.fna_vs_GCF_001944155.1_ASM194415v1_genomic.fna_blast.xml,0,0,0,0,0,0,0,0,4389720,0,0,0,0,0,0,1773_subject_array_1739774587.bin
100488,1773,I0005874-8,1773.6875,8,https://ftp.ncbi.nlm.nih.gov/genomes/all/GCF/001/945/155/GCF_001945155.1_ASM194515v1,8,1773.6875.fna,GCF_001945155.1_ASM194515v1_genomic.fna, 4390081, 4390081,1773.6875.fna_vs_GCF_001945155.1_ASM194515v1_genomic.fna_blast.xml,0,0,0,0,0,0,0,0,4390081,0,0,0,0,0,0,1773_subject_array_1739774589.bin
100798,1773,M0003935-5,1773.17558,8,https://ftp.ncbi.nlm.nih.gov/genomes/all/GCF/004/112/335/GCF_004112335.1_ASM411233v1,8,1773.17558.fna,GCF_004112335.1_ASM411233v1_genomic.fna, 4398912, 4398912,1773.17558.fna_vs_GCF_004112335.1_ASM411233v1_genomic.fna_blast.xml,0,0,0,0,0,0,0,0,4398912,0,0,0,0,0,0,1773_subject_array_1739774590.bin
100848,1773,M0005674-8,1773.17641,8,https://ftp.ncbi.nlm.nih.gov/genomes/all/GCF/004/113/995/GCF_004113995.1_ASM411399v1,8,1773.17641.fna,GCF_004113995.1_ASM411399v1_genomic.fna, 4375992, 4375992,1773.17641.fna_vs_GCF_004113995.1_ASM411399v1_genomic.fna_blast.xml,0,0,0,0,0,0,0,0,4375992,0,0,0,0,0,0,1773_subject_array_1739774592.bin
100872,1773,M0006297-7,1773.17347,8,https://ftp.ncbi.nlm.nih.gov/genomes/all/GCF/004/108/055/GCF_004108055.1_ASM410805v1,8,1773.17347.fna,GCF_004108055.1_ASM410805v1_genomic.fna, 4395185, 4395185,1773.17347.fna_vs_GCF_004108055.1_ASM410805v1_genomic.fna_blast.xml,0,0,0,0,0,0,0,0,4395185,0,0,0,0,0,0,1773_subject_array_1739774593.bin
100883,1773,M0006722-4,1773.17365,8,https://ftp.ncbi.nlm.nih.gov/genomes/all/GCF/004/108/415/GCF_004108415.1_ASM410841v1,8,1773.17365.fna,GCF_004108415.1_ASM410841v1_genomic.fna, 4401853, 4401853,1773.17365.fna_vs_GCF_004108415.1_ASM410841v1_genomic.fna_blast.xml,0,0,0,0,0,0,0,0,4401853,0,0,0,0,0,0,1773_subject_array_1739774595.bin
100897,1773,M0007127-5,1773.17348,8,https://ftp.ncbi.nlm.nih.gov/genomes/all/GCF/004/108/065/GCF_004108065.1_ASM410806v1,8,1773.17348.fna,GCF_004108065.1_ASM410806v1_genomic.fna, 4394452, 4394452,1773.17348.fna_vs_GCF_004108065.1_ASM410806v1_genomic.fna_blast.xml,0,0,0,0,0,0,0,0,4394452,0,0,0,0,0,0,1773_subject_array_1739774597.bin
100941,1773,M0009212-3,1773.8259,8,https://ftp.ncbi.nlm.nih.gov/genomes/all/GCF/002/129/605/GCF_002129605.1_ASM212960v1,8,1773.8259.fna,GCF_002129605.1_ASM212960v1_genomic.fna, 4421358, 4421358,1773.8259.fna_vs_GCF_002129605.1_ASM212960v1_genomic.fna_blast.xml,0,0,0,0,0,0,0,0,4421358,0,0,0,0,0,0,1773_subject_array_1739774598.bin
100956,1773,M0009754-4,1773.17629,8,https://ftp.ncbi.nlm.nih.gov/genomes/all/GCF/004/113/745/GCF_004113745.1_ASM411374v1,8,1773.17629.fna,GCF_004113745.1_ASM411374v1_genomic.fna, 4383821, 4383821,1773.17629.fna_vs_GCF_004113745.1_ASM411374v1_genomic.fna_blast.xml,0,0,0,0,0,0,0,0,4383821,0,0,0,0,0,0,1773_subject_array_1739774600.bin
100978,1773,M0010894-5,1773.17523,8,https://ftp.ncbi.nlm.nih.gov/genomes/all/GCF/004/111/635/GCF_004111635.1_ASM411163v1,8,1773.17523.fna,GCF_004111635.1_ASM411163v1_genomic.fna, 4354842, 4354842,1773.17523.fna_vs_GCF_004111635.1_ASM411163v1_genomic.fna_blast.xml,0,0,0,0,0,0,0,0,4354842,0,0,0,0,0,0,1773_subject_array_1739774601.bin
101000,1773,M0012228-4,1773.17620,8,https://ftp.ncbi.nlm.nih.gov/genomes/all/GCF/004/113/565/GCF_004113565.1_ASM411356v1,8,1773.17620.fna,GCF_004113565.1_ASM411356v1_genomic.fna, 4382414, 4382414,1773.17620.fna_vs_GCF_004113565.1_ASM411356v1_genomic.fna_blast.xml,0,0,0,0,0,0,0,0,4382414,0,0,0,0,0,0,1773_subject_array_1739774603.bin
101025,1773,M0013555-9,1773.17481,8,https://ftp.ncbi.nlm.nih.gov/genomes/all/GCF/004/110/795/GCF_004110795.1_ASM411079v1,8,1773.17481.fna,GCF_004110795.1_ASM411079v1_genomic.fna, 4373540, 4373540,1773.17481.fna_vs_GCF_004110795.1_ASM411079v1_genomic.fna_blast.xml,0,0,0,0,0,0,0,0,4373540,0,0,0,0,0,0,1773_subject_array_1739774604.bin
101045,1773,M0014260-5,1773.17551,8,https://ftp.ncbi.nlm.nih.gov/genomes/all/GCF/004/112/195/GCF_004112195.1_ASM411219v1,8,1773.17551.fna,GCF_004112195.1_ASM411219v1_genomic.fna, 4379565, 4379565,1773.17551.fna_vs_GCF_004112195.1_ASM411219v1_genomic.fna_blast.xml,0,0,0,0,0,0,0,0,4379565,0,0,0,0,0,0,1773_subject_array_1739774606.bin
101054,1773,M0014579-8,1773.17278,8,https://ftp.ncbi.nlm.nih.gov/genomes/all/GCF/004/106/685/GCF_004106685.1_ASM410668v1,8,1773.17278.fna,GCF_004106685.1_ASM410668v1_genomic.fna, 4400581, 4400581,1773.17278.fna_vs_GCF_004106685.1_ASM410668v1_genomic.fna_blast.xml,0,0,0,0,0,0,0,0,4400581,0,0,0,0,0,0,1773_subject_array_1739774607.bin
101062,1773,M0014884-2,1773.17477,8,https://ftp.ncbi.nlm.nih.gov/genomes/all/GCF/004/110/725/GCF_004110725.1_ASM411072v1,8,1773.17477.fna,GCF_004110725.1_ASM411072v1_genomic.fna, 4391788, 4391788,1773.17477.fna_vs_GCF_004110725.1_ASM411072v1_genomic.fna_blast.xml,0,0,0,0,0,0,0,0,4391788,0,0,0,0,0,0,1773_subject_array_1739774609.bin
101063,1773,M0014890-9,1773.8244,8,https://ftp.ncbi.nlm.nih.gov/genomes/all/GCF/002/129/305/GCF_002129305.1_ASM212930v1,8,1773.8244.fna,GCF_002129305.1_ASM212930v1_genomic.fna, 4376246, 4376246,1773.8244.fna_vs_GCF_002129305.1_ASM212930v1_genomic.fna_blast.xml,0,0,0,0,0,0,0,0,4376246,0,0,0,0,0,0,1773_subject_array_1739774610.bin
101079,1773,M0015481-6,1773.17271,8,https://ftp.ncbi.nlm.nih.gov/genomes/all/GCF/004/106/505/GCF_004106505.1_ASM410650v1,8,1773.17271.fna,GCF_004106505.1_ASM410650v1_genomic.fna, 4387316, 4387316,1773.17271.fna_vs_GCF_004106505.1_ASM410650v1_genomic.fna_blast.xml,0,0,0,0,0,0,0,0,4387316,0,0,0,0,0,0,1773_subject_array_1739774612.bin
101087,1773,M0015931-0,1773.8261,8,https://ftp.ncbi.nlm.nih.gov/genomes/all/GCF/002/129/635/GCF_002129635.1_ASM212963v1,8,1773.8261.fna,GCF_002129635.1_ASM212963v1_genomic.fna, 4406139, 4406139,1773.8261.fna_vs_GCF_002129635.1_ASM212963v1_genomic.fna_blast.xml,0,0,0,0,0,0,0,0,4406139,0,0,0,0,0,0,1773_subject_array_1739774613.bin
101091,1773,M0016116-7,1773.17621,8,https://ftp.ncbi.nlm.nih.gov/genomes/all/GCF/004/113/575/GCF_004113575.1_ASM411357v1,8,1773.17621.fna,GCF_004113575.1_ASM411357v1_genomic.fna, 4398477, 4398477,1773.17621.fna_vs_GCF_004113575.1_ASM411357v1_genomic.fna_blast.xml,0,0,0,0,0,0,0,0,4398477,0,0,0,0,0,0,1773_subject_array_1739774615.bin
101099,1773,M0016575-4,1773.17265,8,https://ftp.ncbi.nlm.nih.gov/genomes/all/GCF/004/106/405/GCF_004106405.1_ASM410640v1,8,1773.17265.fna,GCF_004106405.1_ASM410640v1_genomic.fna, 4385155, 4385155,1773.17265.fna_vs_GCF_004106405.1_ASM410640v1_genomic.fna_blast.xml,0,0,0,0,0,0,0,0,4385155,0,0,0,0,0,0,1773_subject_array_1739774617.bin
101105,1773,M0016824-6,1773.7029,8,https://ftp.ncbi.nlm.nih.gov/genomes/all/GCF/001/948/545/GCF_001948545.1_ASM194854v1,8,1773.7029.fna,GCF_001948545.1_ASM194854v1_genomic.fna, 4379835, 4379835,1773.7029.fna_vs_GCF_001948545.1_ASM194854v1_genomic.fna_blast.xml,0,0,0,0,0,0,0,0,4379835,0,0,0,0,0,0,1773_subject_array_1739774618.bin
101111,1773,M0017220-6,1773.17238,8,https://ftp.ncbi.nlm.nih.gov/genomes/all/GCF/004/105/865/GCF_004105865.1_ASM410586v1,8,1773.17238.fna,GCF_004105865.1_ASM410586v1_genomic.fna, 4400097, 4400097,1773.17238.fna_vs_GCF_004105865.1_ASM410586v1_genomic.fna_blast.xml,0,0,0,0,0,0,0,0,4400097,0,0,0,0,0,0,1773_subject_array_1739774620.bin
101158,1773,M0018986-1,1773.17436,8,https://ftp.ncbi.nlm.nih.gov/genomes/all/GCF/004/109/865/GCF_004109865.1_ASM410986v1,8,1773.17436.fna,GCF_004109865.1_ASM410986v1_genomic.fna, 4367994, 4367994,1773.17436.fna_vs_GCF_004109865.1_ASM410986v1_genomic.fna_blast.xml,0,0,0,0,0,0,0,0,4367994,0,0,0,0,0,0,1773_subject_array_1739774621.bin
101193,1773,M0020843-0,1773.8333,8,https://ftp.ncbi.nlm.nih.gov/genomes/all/GCF/002/131/085/GCF_002131085.1_ASM213108v1,8,1773.8333.fna,GCF_002131085.1_ASM213108v1_genomic.fna, 4380449, 4380449,1773.8333.fna_vs_GCF_002131085.1_ASM213108v1_genomic.fna_blast.xml,0,0,0,0,0,0,0,0,4380449,0,0,0,0,0,0,1773_subject_array_1739774623.bin
101196,1773,M0020906-5,1773.17235,8,https://ftp.ncbi.nlm.nih.gov/genomes/all/GCF/004/105/795/GCF_004105795.1_ASM410579v1,8,1773.17235.fna,GCF_004105795.1_ASM410579v1_genomic.fna, 4381665, 4381665,1773.17235.fna_vs_GCF_004105795.1_ASM410579v1_genomic.fna_blast.xml,0,0,0,0,0,0,0,0,4381665,0,0,0,0,0,0,1773_subject_array_1739774624.bin
101208,1773,M0021595-5,1773.8248,8,https://ftp.ncbi.nlm.nih.gov/genomes/all/GCF/002/129/385/GCF_002129385.1_ASM212938v1,8,1773.8248.fna,GCF_002129385.1_ASM212938v1_genomic.fna, 4395609, 4395609,1773.8248.fna_vs_GCF_002129385.1_ASM212938v1_genomic.fna_blast.xml,0,0,0,0,0,0,0,0,4395609,0,0,0,0,0,0,1773_subject_array_1739774626.bin
101211,1773,M0021705-0,1773.17220,8,https://ftp.ncbi.nlm.nih.gov/genomes/all/GCF/004/105/485/GCF_004105485.1_ASM410548v1,8,1773.17220.fna,GCF_004105485.1_ASM410548v1_genomic.fna, 4402269, 4402269,1773.17220.fna_vs_GCF_004105485.1_ASM410548v1_genomic.fna_blast.xml,0,0,0,0,0,0,0,0,4402269,0,0,0,0,0,0,1773_subject_array_1739774627.bin
101274,1773,M0024897-2,1773.17226,8,https://ftp.ncbi.nlm.nih.gov/genomes/all/GCF/004/105/635/GCF_004105635.1_ASM410563v1,8,1773.17226.fna,GCF_004105635.1_ASM410563v1_genomic.fna, 4417997, 4417997,1773.17226.fna_vs_GCF_004105635.1_ASM410563v1_genomic.fna_blast.xml,0,0,0,0,0,0,0,0,4417997,0,0,0,0,0,0,1773_subject_array_1739774629.bin
101293,1773,M0025473-1,1773.8336,8,https://ftp.ncbi.nlm.nih.gov/genomes/all/GCF/002/131/135/GCF_002131135.1_ASM213113v1,8,1773.8336.fna,GCF_002131135.1_ASM213113v1_genomic.fna, 4409813, 4409813,1773.8336.fna_vs_GCF_002131135.1_ASM213113v1_genomic.fna_blast.xml,0,0,0,0,0,0,0,0,4409813,0,0,0,0,0,0,1773_subject_array_1739774631.bin
101322,1773,M0026052-2,1773.17181,8,https://ftp.ncbi.nlm.nih.gov/genomes/all/GCF/004/104/715/GCF_004104715.1_ASM410471v1,8,1773.17181.fna,GCF_004104715.1_ASM410471v1_genomic.fna, 4370113, 4370113,1773.17181.fna_vs_GCF_004104715.1_ASM410471v1_genomic.fna_blast.xml,0,0,0,0,0,0,0,0,4370113,0,0,0,0,0,0,1773_subject_array_1739774632.bin
101958,1775881,OXR-9,1775881.8,8,https://ftp.ncbi.nlm.nih.gov/genomes/all/GCF/034/376/865/GCF_034376865.1_ASM3437686v1,8,1775881.8.fna,GCF_034376865.1_ASM3437686v1_genomic.fna, 3959209, 3959209,1775881.8.fna_vs_GCF_034376865.1_ASM3437686v1_genomic.fna_blast.xml,0,0,0,0,0,0,0,0,3959209,0,0,0,0,0,0,1775881_subject_array_1739774634.bin
102226,1785988,LMG 1352,1785988.14,8,https://ftp.ncbi.nlm.nih.gov/genomes/all/GCF/948/193/425/GCF_948193425.1_LMG_1352,8,1785988.14.fna,GCF_948193425.1_LMG_1352_genomic.fna, 2018802, 2018802,1785988.14.fna_vs_GCF_948193425.1_LMG_1352_genomic.fna_blast.xml,0,0,0,0,0,0,0,0,2018802,0,0,0,0,0,0,1785988_subject_array_1739774634.bin
102452,1798168,NOR37,1798168.3,8,https://ftp.ncbi.nlm.nih.gov/genomes/all/GCF/900/112/855/GCF_900112855.1_IMG-taxon_2606217811_annotated_assembly,8,1798168.3.fna,GCF_900112855.1_IMG-taxon_2606217811_annotated_assembly_genomic.fna, 2945204, 2945204,1798168.3.fna_vs_GCF_900112855.1_IMG-taxon_2606217811_annotated_assembly_genomic.fna_blast.xml,0,0,0,0,0,0,0,1690,2943513,0,0,1,0,0,0,1798168_subject_array_1739774635.bin
102483,1798239,329MFSha,1798239.3,8,https://ftp.ncbi.nlm.nih.gov/genomes/all/GCF/900/111/665/GCF_900111665.1_IMG-taxon_2639762521_annotated_assembly,8,1798239.3.fna,GCF_900111665.1_IMG-taxon_2639762521_annotated_assembly_genomic.fna, 4129935, 4129935,1798239.3.fna_vs_GCF_900111665.1_IMG-taxon_2639762521_annotated_assembly_genomic.fna_blast.xml,0,0,0,0,0,0,0,4498,4125437,0,0,0,0,0,0,1798239_subject_array_1739774637.bin
103482,1812935,STW0522-66,1812935.100,8,https://ftp.ncbi.nlm.nih.gov/genomes/all/GCF/015/136/315/GCF_015136315.1_ASM1513631v1,8,1812935.100.fna,GCF_015136315.1_ASM1513631v1_genomic.fna, 5377515, 5377515,1812935.100.fna_vs_GCF_015136315.1_ASM1513631v1_genomic.fna_blast.xml,0,0,0,0,0,0,0,0,5377515,0,0,0,0,0,0,1812935_subject_array_1739774639.bin
103708,1823,NCTC1934,1823.5,8,https://ftp.ncbi.nlm.nih.gov/genomes/all/GCF/900/454/305/GCF_900454305.1_54984_D01,8,1823.5.fna,GCF_900454305.1_54984_D01_genomic.fna, 7536042, 7536042,1823.5.fna_vs_GCF_900454305.1_54984_D01_genomic.fna_blast.xml,0,0,0,0,0,0,0,0,7536041,0,0,1,0,0,0,1823_subject_array_1739774642.bin
103737,1826168,Jir61,1826168.3,8,https://ftp.ncbi.nlm.nih.gov/genomes/all/GCF/003/063/545/GCF_003063545.1_ASM306354v1,8,1826168.3.fna,GCF_003063545.1_ASM306354v1_genomic.fna, 2626790, 2626790,1826168.3.fna_vs_GCF_003063545.1_ASM306354v1_genomic.fna_blast.xml,0,0,0,0,0,0,0,0,2626790,0,0,0,0,0,0,1826168_subject_array_1739774643.bin
104410,1851019,DSM 22428,1851019.3,8,https://ftp.ncbi.nlm.nih.gov/genomes/all/GCF/023/712/105/GCF_023712105.1_ASM2371210v1,8,1851019.3.fna,GCF_023712105.1_ASM2371210v1_genomic.fna, 3222465, 3222465,1851019.3.fna_vs_GCF_023712105.1_ASM2371210v1_genomic.fna_blast.xml,0,0,0,0,0,0,0,100,3222365,0,0,0,0,0,0,1851019_subject_array_1739774644.bin
104527,1855292,OK004,1855292.3,8,https://ftp.ncbi.nlm.nih.gov/genomes/all/GCF/900/114/495/GCF_900114495.1_IMG-taxon_2609459631_annotated_assembly,8,1855292.3.fna,GCF_900114495.1_IMG-taxon_2609459631_annotated_assembly_genomic.fna, 4960986, 4960986,1855292.3.fna_vs_GCF_900114495.1_IMG-taxon_2609459631_annotated_assembly_genomic.fna_blast.xml,0,0,0,0,0,0,0,471,4960503,0,0,0,12,0,0,1855292_subject_array_1739774647.bin
104624,1855875,SSL4,1855875.4,8,https://ftp.ncbi.nlm.nih.gov/genomes/all/GCF/009/805/845/GCF_009805845.1_ASM980584v1,8,1855875.4.fna,GCF_009805845.1_ASM980584v1_genomic.fna, 1992107, 1992107,1855875.4.fna_vs_GCF_009805845.1_ASM980584v1_genomic.fna_blast.xml,0,0,0,0,0,0,0,0,1992107,0,0,0,0,0,0,1855875_subject_array_1739774647.bin
104645,1856638,NZ1587,1856638.3,8,https://ftp.ncbi.nlm.nih.gov/genomes/all/GCF/001/885/095/GCF_001885095.1_ASM188509v1,8,1856638.3.fna,GCF_001885095.1_ASM188509v1_genomic.fna, 2075036, 2075036,1856638.3.fna_vs_GCF_001885095.1_ASM188509v1_genomic.fna_blast.xml,0,0,0,0,0,0,0,0,2075036,0,0,0,0,0,0,1856638_subject_array_1739774648.bin
104747,1863,BTSK12,1863.99,8,https://ftp.ncbi.nlm.nih.gov/genomes/all/GCF/017/584/945/GCF_017584945.1_ASM1758494v1,8,1863.99.fna,GCF_017584945.1_ASM1758494v1_genomic.fna, 2706162, 2706162,1863.99.fna_vs_GCF_017584945.1_ASM1758494v1_genomic.fna_blast.xml,0,0,0,0,0,0,0,85167,2620995,0,0,0,0,0,0,1863_subject_array_1739774649.bin
104910,1871012,Marseille-P3194T,1871012.3,8,https://ftp.ncbi.nlm.nih.gov/genomes/all/GCF/900/155/555/GCF_900155555.1_PRJEB18028,8,1871012.3.fna,GCF_900155555.1_PRJEB18028_genomic.fna, 2086038, 2086038,1871012.3.fna_vs_GCF_900155555.1_PRJEB18028_genomic.fna_blast.xml,0,0,0,0,0,0,1,0,2086036,0,0,1,0,0,0,1871012_subject_array_1739774650.bin
104934,1871035,Marseille-P3213T,1871035.3,8,https://ftp.ncbi.nlm.nih.gov/genomes/all/GCF/900/148/495/GCF_900148495.1_PRJEB16359,8,1871035.3.fna,GCF_900148495.1_PRJEB16359_genomic.fna, 2876881, 2876881,1871035.3.fna_vs_GCF_900148495.1_PRJEB16359_genomic.fna_blast.xml,0,0,0,0,0,0,0,0,2876881,0,0,0,0,0,0,1871035_subject_array_1739774651.bin
105097,1881040,YR573,1881040.3,8,https://ftp.ncbi.nlm.nih.gov/genomes/all/GCF/900/110/995/GCF_900110995.1_IMG-taxon_2690315653_annotated_assembly,8,1881040.3.fna,GCF_900110995.1_IMG-taxon_2690315653_annotated_assembly_genomic.fna, 8066695, 8066695,1881040.3.fna_vs_GCF_900110995.1_IMG-taxon_2690315653_annotated_assembly_genomic.fna_blast.xml,0,0,0,0,0,0,25,565,8065231,0,39,832,3,0,0,1881040_subject_array_1739774654.bin
105145,1882743,WS1,1882743.3,8,https://ftp.ncbi.nlm.nih.gov/genomes/all/GCF/003/797/745/GCF_003797745.1_ASM379774v1,8,1882743.3.fna,GCF_003797745.1_ASM379774v1_genomic.fna, 6560236, 6560236,1882743.3.fna_vs_GCF_003797745.1_ASM379774v1_genomic.fna_blast.xml,0,0,0,0,0,0,0,0,6560236,0,0,0,0,0,0,1882743_subject_array_1739774656.bin
105227,1885028,Ae150A_Ps1,1885028.4,8,https://ftp.ncbi.nlm.nih.gov/genomes/all/GCF/001/932/315/GCF_001932315.1_ASM193231v1,8,1885028.4.fna,GCF_001932315.1_ASM193231v1_genomic.fna, 6388870, 6388870,1885028.4.fna_vs_GCF_001932315.1_ASM193231v1_genomic.fna_blast.xml,0,0,0,0,0,0,0,461,6388408,0,0,0,1,0,0,1885028_subject_array_1739774658.bin
105303,1886027,PPCGB 2223,1886027.7,8,https://ftp.ncbi.nlm.nih.gov/genomes/all/GCF/001/705/515/GCF_001705515.1_ASM170551v1,8,1886027.7.fna,GCF_001705515.1_ASM170551v1_genomic.fna, 5478589, 5478589,1886027.7.fna_vs_GCF_001705515.1_ASM170551v1_genomic.fna_blast.xml,0,0,0,0,0,0,0,0,5478589,0,0,0,0,0,0,1886027_subject_array_1739774660.bin
105347,188913,ceto,188913.54,8,https://ftp.ncbi.nlm.nih.gov/genomes/all/GCF/036/324/545/GCF_036324545.1_ASM3632454v1,8,188913.54.fna,GCF_036324545.1_ASM3632454v1_genomic.fna, 3416516, 3416516,188913.54.fna_vs_GCF_036324545.1_ASM3632454v1_genomic.fna_blast.xml,0,0,0,0,0,0,0,0,3416516,0,0,0,0,0,0,188913_subject_array_1739774661.bin
105529,1890302,GL3,1890302.239,8,https://ftp.ncbi.nlm.nih.gov/genomes/all/GCF/036/350/675/GCF_036350675.1_ASM3635067v1,8,1890302.239.fna,GCF_036350675.1_ASM3635067v1_genomic.fna, 5989811, 5989811,1890302.239.fna_vs_GCF_036350675.1_ASM3635067v1_genomic.fna_blast.xml,0,0,0,0,0,0,0,0,5989811,0,0,0,0,0,0,1890302_subject_array_1739774664.bin
105602,1891914,RH_50443_09,1891914.9,8,https://ftp.ncbi.nlm.nih.gov/genomes/all/GCF/002/096/455/GCF_002096455.1_ASM209645v1,8,1891914.9.fna,GCF_002096455.1_ASM209645v1_genomic.fna, 1921370, 1921370,1891914.9.fna_vs_GCF_002096455.1_ASM209645v1_genomic.fna_blast.xml,0,0,0,0,0,0,0,264,1921106,0,0,0,0,0,0,1891914_subject_array_1739774664.bin
105874,190047,EQPAC1,190047.3,8,https://ftp.ncbi.nlm.nih.gov/genomes/all/GCF/000/759/875/GCF_000759875.1_ASM75987v1,8,190047.3.fna,GCF_000759875.1_ASM75987v1_genomic.fna, 1654739, 1654739,190047.3.fna_vs_GCF_000759875.1_ASM75987v1_genomic.fna_blast.xml,0,0,0,0,0,0,0,0,1654739,0,0,0,0,0,0,190047_subject_array_1739774665.bin
106106,190655,NCTC13316,190655.3,8,https://ftp.ncbi.nlm.nih.gov/genomes/all/GCF/900/461/525/GCF_900461525.1_50618_A02,8,190655.3.fna,GCF_900461525.1_50618_A02_genomic.fna, 3934006, 3934006,190655.3.fna_vs_GCF_900461525.1_50618_A02_genomic.fna_blast.xml,0,0,0,0,0,0,0,0,3934006,0,0,0,0,0,0,190655_subject_array_1739774666.bin
106254,1909267,JCM 31635,1909267.3,8,https://ftp.ncbi.nlm.nih.gov/genomes/all/GCF/004/117/915/GCF_004117915.1_ASM411791v1,8,1909267.3.fna,GCF_004117915.1_ASM411791v1_genomic.fna, 1500957, 1500957,1909267.3.fna_vs_GCF_004117915.1_ASM411791v1_genomic.fna_blast.xml,0,0,0,0,0,0,0,0,1500957,0,0,0,0,0,0,1909267_subject_array_1739774667.bin
106355,1912855,EGH7,1912855.5,8,https://ftp.ncbi.nlm.nih.gov/genomes/all/GCF/003/402/615/GCF_003402615.1_ASM340261v1,8,1912855.5.fna,GCF_003402615.1_ASM340261v1_genomic.fna, 3262821, 3262821,1912855.5.fna_vs_GCF_003402615.1_ASM340261v1_genomic.fna_blast.xml,0,0,0,0,0,0,0,0,3262821,0,0,0,0,0,0,1912855_subject_array_1739774668.bin
106477,1915319,TAW-CT134,1915319.3,8,https://ftp.ncbi.nlm.nih.gov/genomes/all/GCF/002/020/355/GCF_002020355.1_ASM202035v1,8,1915319.3.fna,GCF_002020355.1_ASM202035v1_genomic.fna, 4131279, 4131279,1915319.3.fna_vs_GCF_002020355.1_ASM202035v1_genomic.fna_blast.xml,0,0,0,0,0,0,0,0,4131279,0,0,0,0,0,0,1915319_subject_array_1739774669.bin
106573,192,2020WEIHUA_K,192.277,8,https://ftp.ncbi.nlm.nih.gov/genomes/all/GCF/022/023/855/GCF_022023855.1_ASM2202385v1,8,192.277.fna,GCF_022023855.1_ASM2202385v1_genomic.fna, 7389817, 7389817,192.277.fna_vs_GCF_022023855.1_ASM2202385v1_genomic.fna_blast.xml,0,0,0,0,0,0,0,0,7389817,0,0,0,0,0,0,192_subject_array_1739774672.bin
106662,1921566,KCTC 39551,1921566.4,8,https://ftp.ncbi.nlm.nih.gov/genomes/all/GCF/014/779/675/GCF_014779675.1_ASM1477967v1,8,1921566.4.fna,GCF_014779675.1_ASM1477967v1_genomic.fna, 4848334, 4848334,1921566.4.fna_vs_GCF_014779675.1_ASM1477967v1_genomic.fna_blast.xml,0,0,0,0,0,0,0,0,4848334,0,0,0,0,0,0,1921566_subject_array_1739774673.bin
107025,192954,R17.0904,192954.128,8,https://ftp.ncbi.nlm.nih.gov/genomes/all/GCF/024/266/165/GCF_024266165.1_ASM2426616v1,8,192954.128.fna,GCF_024266165.1_ASM2426616v1_genomic.fna, 4930112, 4930112,192954.128.fna_vs_GCF_024266165.1_ASM2426616v1_genomic.fna_blast.xml,0,0,0,0,0,0,0,0,4930111,0,0,1,0,0,0,192954_subject_array_1739774675.bin
107582,1936021,DSM 102941,1936021.7,8,https://ftp.ncbi.nlm.nih.gov/genomes/all/GCF/013/761/125/GCF_013761125.1_ASM1376112v1,8,1936021.7.fna,GCF_013761125.1_ASM1376112v1_genomic.fna, 2282034, 2282034,1936021.7.fna_vs_GCF_013761125.1_ASM1376112v1_genomic.fna_blast.xml,0,0,0,0,0,0,0,0,2282034,0,0,0,0,0,0,1936021_subject_array_1739774676.bin
107592,1936991,HS1857,1936991.3,8,https://ftp.ncbi.nlm.nih.gov/genomes/all/GCF/002/335/445/GCF_002335445.1_ASM233544v1,8,1936991.3.fna,GCF_002335445.1_ASM233544v1_genomic.fna, 1639064, 1639064,1936991.3.fna_vs_GCF_002335445.1_ASM233544v1_genomic.fna_blast.xml,0,0,0,0,0,0,0,0,1639064,0,0,0,0,0,0,1936991_subject_array_1739774676.bin
107620,1938608,LM3,1938608.3,8,https://ftp.ncbi.nlm.nih.gov/genomes/all/GCF/002/017/875/GCF_002017875.1_ASM201787v1,8,1938608.3.fna,GCF_002017875.1_ASM201787v1_genomic.fna, 4368012, 4368012,1938608.3.fna_vs_GCF_002017875.1_ASM201787v1_genomic.fna_blast.xml,0,0,0,0,0,0,0,0,4368012,0,0,0,0,0,0,1938608_subject_array_1739774679.bin
107761,1940636,F3_S,1940636.13,8,https://ftp.ncbi.nlm.nih.gov/genomes/all/GCF/030/509/925/GCF_030509925.1_ASM3050992v1,8,1940636.13.fna,GCF_030509925.1_ASM3050992v1_genomic.fna, 5804786, 5804786,1940636.13.fna_vs_GCF_030509925.1_ASM3050992v1_genomic.fna_blast.xml,0,0,0,0,0,0,0,0,5804786,0,0,0,0,0,0,1940636_subject_array_1739774685.bin
107838,1940789,D185,1940789.85,8,https://ftp.ncbi.nlm.nih.gov/genomes/all/GCF/027/857/135/GCF_027857135.1_ASM2785713v1,8,1940789.85.fna,GCF_027857135.1_ASM2785713v1_genomic.fna, 1200033, 2057808,1940789.85.fna_vs_GCF_027857135.1_ASM2785713v1_genomic.fna_blast.xml,0,0,7,2,0,0,11,856088,1200674,0,11,152,853,0,10,1940789_subject_array_1739774686.bin
109046,195250,PCC 7336,195250.3,8,https://ftp.ncbi.nlm.nih.gov/genomes/all/GCF/000/332/275/GCF_000332275.1_ASM33227v1,8,195250.3.fna,GCF_000332275.1_ASM33227v1_genomic.fna, 5065937, 5066637,195250.3.fna_vs_GCF_000332275.1_ASM33227v1_genomic.fna_blast.xml,0,0,0,0,0,0,0,673,5065940,0,0,1,23,0,0,195250_subject_array_1739774688.bin
109072,195709,CFBP 2528,195709.15,8,https://ftp.ncbi.nlm.nih.gov/genomes/all/GCF/001/013/475/GCF_001013475.1_ASM101347v1,8,195709.15.fna,GCF_001013475.1_ASM101347v1_genomic.fna, 5084477, 5084477,195709.15.fna_vs_GCF_001013475.1_ASM101347v1_genomic.fna_blast.xml,0,0,0,0,0,0,0,1056,5083382,0,0,4,35,0,0,195709_subject_array_1739774691.bin
109077,195709,DW3F3,195709.19,8,https://ftp.ncbi.nlm.nih.gov/genomes/all/GCF/002/879/695/GCF_002879695.1_ASM287969v1,8,195709.19.fna,GCF_002879695.1_ASM287969v1_genomic.fna, 5144433, 5144433,195709.19.fna_vs_GCF_002879695.1_ASM287969v1_genomic.fna_blast.xml,0,0,0,0,0,0,0,0,5144433,0,0,0,0,0,0,195709_subject_array_1739774693.bin
109191,196024,CA4,196024.152,8,https://ftp.ncbi.nlm.nih.gov/genomes/all/GCF/028/764/875/GCF_028764875.1_ASM2876487v1,8,196024.152.fna,GCF_028764875.1_ASM2876487v1_genomic.fna, 5125690, 5125690,196024.152.fna_vs_GCF_028764875.1_ASM2876487v1_genomic.fna_blast.xml,0,0,0,0,0,0,0,0,5125690,0,0,0,0,0,0,196024_subject_array_1739774695.bin
109290,1962118,1049,1962118.196,8,https://ftp.ncbi.nlm.nih.gov/genomes/all/GCF/900/137/475/GCF_900137475.1_12163_2_22,8,1962118.196.fna,GCF_900137475.1_12163_2_22_genomic.fna, 4868123, 4868123,1962118.196.fna_vs_GCF_900137475.1_12163_2_22_genomic.fna_blast.xml,0,0,0,0,0,0,0,4441,4863682,0,0,0,0,0,0,1962118_subject_array_1739774696.bin
109291,1962118,1052,1962118.197,8,https://ftp.ncbi.nlm.nih.gov/genomes/all/GCF/900/137/485/GCF_900137485.1_12163_2_25,8,1962118.197.fna,GCF_900137485.1_12163_2_25_genomic.fna, 4900975, 4900975,1962118.197.fna_vs_GCF_900137485.1_12163_2_25_genomic.fna_blast.xml,0,0,0,0,0,0,0,3316,4897633,0,0,6,20,0,0,1962118_subject_array_1739774698.bin
109293,1962118,1066,1962118.199,8,https://ftp.ncbi.nlm.nih.gov/genomes/all/GCF/900/137/625/GCF_900137625.1_12163_2_39,8,1962118.199.fna,GCF_900137625.1_12163_2_39_genomic.fna, 4900880, 4900880,1962118.199.fna_vs_GCF_900137625.1_12163_2_39_genomic.fna_blast.xml,0,0,0,0,0,0,0,2639,4898231,0,1,9,0,0,0,1962118_subject_array_1739774700.bin
109297,1962118,1092,1962118.129,8,https://ftp.ncbi.nlm.nih.gov/genomes/all/GCF/900/133/875/GCF_900133875.1_12163_2_61,8,1962118.129.fna,GCF_900133875.1_12163_2_61_genomic.fna, 5023238, 5023238,1962118.129.fna_vs_GCF_900133875.1_12163_2_61_genomic.fna_blast.xml,0,0,0,0,0,0,0,5039,5018198,0,0,0,1,0,0,1962118_subject_array_1739774701.bin
109299,1962118,1094,1962118.142,8,https://ftp.ncbi.nlm.nih.gov/genomes/all/GCF/900/134/635/GCF_900134635.1_12163_2_63,8,1962118.142.fna,GCF_900134635.1_12163_2_63_genomic.fna, 5023894, 5023894,1962118.142.fna_vs_GCF_900134635.1_12163_2_63_genomic.fna_blast.xml,0,0,0,0,0,0,13,3963,5019837,0,6,60,15,0,0,1962118_subject_array_1739774703.bin
109323,1962118,1168_14,1962118.222,8,https://ftp.ncbi.nlm.nih.gov/genomes/all/GCF/900/138/415/GCF_900138415.1_11893_7_55,8,1962118.222.fna,GCF_900138415.1_11893_7_55_genomic.fna, 5159781, 5159781,1962118.222.fna_vs_GCF_900138415.1_11893_7_55_genomic.fna_blast.xml,0,0,0,0,0,0,0,5115,5154664,0,0,0,2,0,0,1962118_subject_array_1739774705.bin
109327,1962118,1168_18,1962118.225,8,https://ftp.ncbi.nlm.nih.gov/genomes/all/GCF/900/138/445/GCF_900138445.1_11893_7_59,8,1962118.225.fna,GCF_900138445.1_11893_7_59_genomic.fna, 5159619, 5159619,1962118.225.fna_vs_GCF_900138445.1_11893_7_59_genomic.fna_blast.xml,0,0,0,0,0,0,0,4292,5155320,0,0,0,7,0,0,1962118_subject_array_1739774707.bin
109333,1962118,1168_5,1962118.215,8,https://ftp.ncbi.nlm.nih.gov/genomes/all/GCF/900/138/345/GCF_900138345.1_11893_7_46,8,1962118.215.fna,GCF_900138345.1_11893_7_46_genomic.fna, 5160414, 5160414,1962118.215.fna_vs_GCF_900138345.1_11893_7_46_genomic.fna_blast.xml,0,0,0,0,0,0,0,6155,5153928,0,0,0,331,0,0,1962118_subject_array_1739774709.bin
109335,1962118,1168_7,1962118.216,8,https://ftp.ncbi.nlm.nih.gov/genomes/all/GCF/900/138/355/GCF_900138355.1_11893_7_48,8,1962118.216.fna,GCF_900138355.1_11893_7_48_genomic.fna, 5159564, 5159564,1962118.216.fna_vs_GCF_900138355.1_11893_7_48_genomic.fna_blast.xml,0,0,0,0,0,0,2,7524,5152008,0,0,18,12,0,0,1962118_subject_array_1739774710.bin
109337,1962118,1168_9,1962118.217,8,https://ftp.ncbi.nlm.nih.gov/genomes/all/GCF/900/138/365/GCF_900138365.1_11893_7_50,8,1962118.217.fna,GCF_900138365.1_11893_7_50_genomic.fna, 5158958, 5158958,1962118.217.fna_vs_GCF_900138365.1_11893_7_50_genomic.fna_blast.xml,0,0,0,0,0,0,0,6155,5152794,0,0,2,7,0,0,1962118_subject_array_1739774712.bin
109359,1962118,155,1962118.13,8,https://ftp.ncbi.nlm.nih.gov/genomes/all/GCF/900/130/375/GCF_900130375.1_10625_5_70,8,1962118.13.fna,GCF_900130375.1_10625_5_70_genomic.fna, 5025768, 5025768,1962118.13.fna_vs_GCF_900130375.1_10625_5_70_genomic.fna_blast.xml,0,0,0,0,0,0,0,0,5025768,0,0,0,0,0,0,1962118_subject_array_1739774714.bin
109361,1962118,158,1962118.14,8,https://ftp.ncbi.nlm.nih.gov/genomes/all/GCF/900/130/385/GCF_900130385.1_10625_5_73,8,1962118.14.fna,GCF_900130385.1_10625_5_73_genomic.fna, 5025580, 5025580,1962118.14.fna_vs_GCF_900130385.1_10625_5_73_genomic.fna_blast.xml,0,0,0,0,0,0,1,0,5025577,0,0,2,0,0,0,1962118_subject_array_1739774716.bin
109363,1962118,164,1962118.15,8,https://ftp.ncbi.nlm.nih.gov/genomes/all/GCF/900/130/435/GCF_900130435.1_10625_5_79,8,1962118.15.fna,GCF_900130435.1_10625_5_79_genomic.fna, 4906677, 4906677,1962118.15.fna_vs_GCF_900130435.1_10625_5_79_genomic.fna_blast.xml,0,0,0,0,0,0,1,0,4906675,0,0,1,0,0,0,1962118_subject_array_1739774717.bin
109385,1962118,211,1962118.36,8,https://ftp.ncbi.nlm.nih.gov/genomes/all/GCF/900/130/885/GCF_900130885.1_10665_3_41,8,1962118.36.fna,GCF_900130885.1_10665_3_41_genomic.fna, 4908136, 4908136,1962118.36.fna_vs_GCF_900130885.1_10665_3_41_genomic.fna_blast.xml,0,0,0,0,0,0,0,0,4908135,0,0,1,0,0,0,1962118_subject_array_1739774719.bin
109386,1962118,213,1962118.37,8,https://ftp.ncbi.nlm.nih.gov/genomes/all/GCF/900/130/905/GCF_900130905.1_10665_3_43,8,1962118.37.fna,GCF_900130905.1_10665_3_43_genomic.fna, 5212393, 5212393,1962118.37.fna_vs_GCF_900130905.1_10665_3_43_genomic.fna_blast.xml,0,0,0,0,0,0,0,0,5212391,0,1,1,0,0,0,1962118_subject_array_1739774721.bin
109397,1962118,256,1962118.48,8,https://ftp.ncbi.nlm.nih.gov/genomes/all/GCF/900/131/385/GCF_900131385.1_10665_4_1,8,1962118.48.fna,GCF_900131385.1_10665_4_1_genomic.fna, 5211098, 5211098,1962118.48.fna_vs_GCF_900131385.1_10665_4_1_genomic.fna_blast.xml,0,0,0,0,0,0,0,0,5211098,0,0,0,0,0,0,1962118_subject_array_1739774722.bin
109412,1962118,290,1962118.70,8,https://ftp.ncbi.nlm.nih.gov/genomes/all/GCF/900/131/945/GCF_900131945.1_10665_4_35,8,1962118.70.fna,GCF_900131945.1_10665_4_35_genomic.fna, 4855027, 4855027,1962118.70.fna_vs_GCF_900131945.1_10665_4_35_genomic.fna_blast.xml,0,0,0,0,0,0,0,0,4855023,0,2,2,0,0,0,1962118_subject_array_1739774724.bin
109509,1962118,794,1962118.39,8,https://ftp.ncbi.nlm.nih.gov/genomes/all/GCF/900/131/025/GCF_900131025.1_11861_7_59,8,1962118.39.fna,GCF_900131025.1_11861_7_59_genomic.fna, 4987653, 4987653,1962118.39.fna_vs_GCF_900131025.1_11861_7_59_genomic.fna_blast.xml,0,0,0,0,0,0,0,6691,4980937,0,0,3,22,0,0,1962118_subject_array_1739774726.bin
109648,1962118,aerosol_10,1962118.249,8,https://ftp.ncbi.nlm.nih.gov/genomes/all/GCF/900/138/705/GCF_900138705.1_20034_1_8,8,1962118.249.fna,GCF_900138705.1_20034_1_8_genomic.fna, 4826114, 4826114,1962118.249.fna_vs_GCF_900138705.1_20034_1_8_genomic.fna_blast.xml,0,0,0,0,0,0,0,515,4825599,0,0,0,0,0,0,1962118_subject_array_1739774727.bin
109650,1962118,aerosol_13,1962118.235,8,https://ftp.ncbi.nlm.nih.gov/genomes/all/GCF/900/138/545/GCF_900138545.1_20034_1_10,8,1962118.235.fna,GCF_900138545.1_20034_1_10_genomic.fna, 4826338, 4826338,1962118.235.fna_vs_GCF_900138545.1_20034_1_10_genomic.fna_blast.xml,0,0,0,0,0,0,0,256,4826082,0,0,0,0,0,0,1962118_subject_array_1739774729.bin
109653,1962118,aerosol_17,1962118.237,8,https://ftp.ncbi.nlm.nih.gov/genomes/all/GCF/900/138/595/GCF_900138595.1_20034_1_14,8,1962118.237.fna,GCF_900138595.1_20034_1_14_genomic.fna, 4827101, 4827101,1962118.237.fna_vs_GCF_900138595.1_20034_1_14_genomic.fna_blast.xml,0,0,0,0,0,0,0,706,4826395,0,0,0,0,0,0,1962118_subject_array_1739774731.bin
109655,1962118,aerosol_19,1962118.239,8,https://ftp.ncbi.nlm.nih.gov/genomes/all/GCF/900/138/585/GCF_900138585.1_20034_1_16,8,1962118.239.fna,GCF_900138585.1_20034_1_16_genomic.fna, 4826687, 4826687,1962118.239.fna_vs_GCF_900138585.1_20034_1_16_genomic.fna_blast.xml,0,0,0,0,0,0,0,520,4826167,0,0,0,0,0,0,1962118_subject_array_1739774732.bin
109656,1962118,aerosol_24,1962118.244,8,https://ftp.ncbi.nlm.nih.gov/genomes/all/GCF/900/138/655/GCF_900138655.1_20034_1_21,8,1962118.244.fna,GCF_900138655.1_20034_1_21_genomic.fna, 4827357, 4827357,1962118.244.fna_vs_GCF_900138655.1_20034_1_21_genomic.fna_blast.xml,0,0,0,0,0,0,1,1514,4825842,0,0,0,0,0,0,1962118_subject_array_1739774734.bin
109663,1962118,aerosol_9,1962118.251,8,https://ftp.ncbi.nlm.nih.gov/genomes/all/GCF/900/138/725/GCF_900138725.1_20034_1_7,8,1962118.251.fna,GCF_900138725.1_20034_1_7_genomic.fna, 4827093, 4827093,1962118.251.fna_vs_GCF_900138725.1_20034_1_7_genomic.fna_blast.xml,0,0,0,0,0,0,0,1035,4826058,0,0,0,0,0,0,1962118_subject_array_1739774735.bin
109664,1962118,aerosol_Bronch_1,1962118.175,8,https://ftp.ncbi.nlm.nih.gov/genomes/all/GCF/900/136/405/GCF_900136405.1_20034_1_17,8,1962118.175.fna,GCF_900136405.1_20034_1_17_genomic.fna, 4826619, 4826619,1962118.175.fna_vs_GCF_900136405.1_20034_1_17_genomic.fna_blast.xml,0,0,0,0,0,0,0,466,4826149,0,1,3,0,0,0,1962118_subject_array_1739774737.bin
109821,1967501,1760953,1967501.11,8,https://ftp.ncbi.nlm.nih.gov/genomes/all/GCF/030/733/865/GCF_030733865.1_ASM3073386v1,8,1967501.11.fna,GCF_030733865.1_ASM3073386v1_genomic.fna, 5917460, 5917460,1967501.11.fna_vs_GCF_030733865.1_ASM3073386v1_genomic.fna_blast.xml,0,0,0,0,0,0,0,0,5917460,0,0,0,0,0,0,1967501_subject_array_1739774739.bin
109951,197,11,197.21901,8,https://ftp.ncbi.nlm.nih.gov/genomes/all/GCF/019/734/815/GCF_019734815.1_ASM1973481v1,8,197.21901.fna,GCF_019734815.1_ASM1973481v1_genomic.fna, 1618043, 1618043,197.21901.fna_vs_GCF_019734815.1_ASM1973481v1_genomic.fna_blast.xml,0,0,0,0,0,0,0,195,1617848,0,0,0,0,0,0,197_subject_array_1739774740.bin
111103,197,FR1p361B1,197.24611,8,https://ftp.ncbi.nlm.nih.gov/genomes/all/GCF/030/129/465/GCF_030129465.1_ASM3012946v1,8,197.24611.fna,GCF_030129465.1_ASM3012946v1_genomic.fna, 1642156, 1642156,197.24611.fna_vs_GCF_030129465.1_ASM3012946v1_genomic.fna_blast.xml,0,0,0,0,0,0,0,0,1642156,0,0,0,0,0,0,197_subject_array_1739774740.bin
111342,197,OXC6268,197.5049,8,https://ftp.ncbi.nlm.nih.gov/genomes/all/GCF/001/234/865/GCF_001234865.1_7038_3_19,8,197.5049.fna,GCF_001234865.1_7038_3_19_genomic.fna, 1690077, 1690077,197.5049.fna_vs_GCF_001234865.1_7038_3_19_genomic.fna_blast.xml,0,0,0,0,0,0,0,0,1690077,0,0,0,0,0,0,197_subject_array_1739774741.bin
111376,197,OXC6306,197.4861,8,https://ftp.ncbi.nlm.nih.gov/genomes/all/GCF/001/225/845/GCF_001225845.1_7038_3_56,8,197.4861.fna,GCF_001225845.1_7038_3_56_genomic.fna, 1612545, 1612545,197.4861.fna_vs_GCF_001225845.1_7038_3_56_genomic.fna_blast.xml,0,0,0,0,0,0,0,0,1612545,0,0,0,0,0,0,197_subject_array_1739774741.bin
111410,197,OXC6346,197.4812,8,https://ftp.ncbi.nlm.nih.gov/genomes/all/GCF/001/223/725/GCF_001223725.1_7038_3_96,8,197.4812.fna,GCF_001223725.1_7038_3_96_genomic.fna, 1613949, 1613949,197.4812.fna_vs_GCF_001223725.1_7038_3_96_genomic.fna_blast.xml,0,0,0,0,0,0,0,0,1613949,0,0,0,0,0,0,197_subject_array_1739774742.bin
111455,197,OXC6402,197.4997,8,https://ftp.ncbi.nlm.nih.gov/genomes/all/GCF/001/232/585/GCF_001232585.1_7065_7_54,8,197.4997.fna,GCF_001232585.1_7065_7_54_genomic.fna, 1641593, 1641593,197.4997.fna_vs_GCF_001232585.1_7065_7_54_genomic.fna_blast.xml,0,0,0,0,0,0,0,0,1641593,0,0,0,0,0,0,197_subject_array_1739774742.bin
111489,197,OXC6448,197.4899,8,https://ftp.ncbi.nlm.nih.gov/genomes/all/GCF/001/228/005/GCF_001228005.1_7092_1_2,8,197.4899.fna,GCF_001228005.1_7092_1_2_genomic.fna, 1637705, 1637705,197.4899.fna_vs_GCF_001228005.1_7092_1_2_genomic.fna_blast.xml,0,0,0,0,0,0,0,0,1637705,0,0,0,0,0,0,197_subject_array_1739774743.bin
111605,197,OXC6579,197.4811,8,https://ftp.ncbi.nlm.nih.gov/genomes/all/GCF/001/223/585/GCF_001223585.1_7213_3_36,8,197.4811.fna,GCF_001223585.1_7213_3_36_genomic.fna, 1613109, 1613109,197.4811.fna_vs_GCF_001223585.1_7213_3_36_genomic.fna_blast.xml,0,0,0,0,0,0,0,0,1613109,0,0,0,0,0,0,197_subject_array_1739774743.bin
111647,197,OXC6632,197.4977,8,https://ftp.ncbi.nlm.nih.gov/genomes/all/GCF/001/231/705/GCF_001231705.1_7213_3_87,8,197.4977.fna,GCF_001231705.1_7213_3_87_genomic.fna, 1689353, 1689353,197.4977.fna_vs_GCF_001231705.1_7213_3_87_genomic.fna_blast.xml,0,0,0,0,0,0,0,0,1689353,0,0,0,0,0,0,197_subject_array_1739774744.bin
111887,197,SH-CJD11C680,197.22003,8,https://ftp.ncbi.nlm.nih.gov/genomes/all/GCF/020/137/545/GCF_020137545.1_ASM2013754v1,8,197.22003.fna,GCF_020137545.1_ASM2013754v1_genomic.fna, 1710717, 1710717,197.22003.fna_vs_GCF_020137545.1_ASM2013754v1_genomic.fna_blast.xml,0,0,0,0,0,0,0,0,1710717,0,0,0,0,0,0,197_subject_array_1739774744.bin
112445,197,isolate_W30,197.11600,8,https://ftp.ncbi.nlm.nih.gov/genomes/all/GCF/002/177/655/GCF_002177655.1_ASM217765v1,8,197.11600.fna,GCF_002177655.1_ASM217765v1_genomic.fna, 1717445, 1717445,197.11600.fna_vs_GCF_002177655.1_ASM217765v1_genomic.fna_blast.xml,0,0,1,0,0,0,0,0,1711668,0,2,1,5773,0,0,197_subject_array_1739774745.bin
112499,1971,JCM 4701,1971.3,8,https://ftp.ncbi.nlm.nih.gov/genomes/all/GCF/002/891/315/GCF_002891315.1_ASM289131v1,8,1971.3.fna,GCF_002891315.1_ASM289131v1_genomic.fna, 10123402, 10123402,1971.3.fna_vs_GCF_002891315.1_ASM289131v1_genomic.fna_blast.xml,0,0,0,0,0,0,0,6669,10116732,0,0,0,1,0,0,1971_subject_array_1739774749.bin
112668,1979270,CCP-7,1979270.4,8,https://ftp.ncbi.nlm.nih.gov/genomes/all/GCF/004/005/865/GCF_004005865.1_ASM400586v1,8,1979270.4.fna,GCF_004005865.1_ASM400586v1_genomic.fna, 4883533, 4883533,1979270.4.fna_vs_GCF_004005865.1_ASM400586v1_genomic.fna_blast.xml,0,0,0,0,0,0,0,0,4883533,0,0,0,0,0,0,1979270_subject_array_1739774751.bin
113228,199592,GM09,199592.56,8,https://ftp.ncbi.nlm.nih.gov/genomes/all/GCF/036/421/035/GCF_036421035.1_ASM3642103v1,8,199592.56.fna,GCF_036421035.1_ASM3642103v1_genomic.fna, 3313518, 3313518,199592.56.fna_vs_GCF_036421035.1_ASM3642103v1_genomic.fna_blast.xml,0,0,0,0,0,0,0,0,3313518,0,0,0,0,0,0,199592_subject_array_1739774752.bin
113234,199708,VKM Ac-1784,199708.3,8,https://ftp.ncbi.nlm.nih.gov/genomes/all/GCF/900/177/795/GCF_900177795.1_IMG-taxon_2708742472_annotated_assembly,8,199708.3.fna,GCF_900177795.1_IMG-taxon_2708742472_annotated_assembly_genomic.fna, 4122483, 4122483,199708.3.fna_vs_GCF_900177795.1_IMG-taxon_2708742472_annotated_assembly_genomic.fna_blast.xml,0,0,0,0,0,0,1,0,4122482,0,0,0,0,0,0,199708_subject_array_1739774754.bin
113271,2003188,CM84B_55,2003188.53,8,https://ftp.ncbi.nlm.nih.gov/genomes/all/GCF/036/321/825/GCF_036321825.1_ASM3632182v1,8,2003188.53.fna,GCF_036321825.1_ASM3632182v1_genomic.fna, 1811495, 1811495,2003188.53.fna_vs_GCF_036321825.1_ASM3632182v1_genomic.fna_blast.xml,0,0,0,0,0,0,0,0,1811495,0,0,0,0,0,0,2003188_subject_array_1739774754.bin
113434,2009322,IS1,2009322.3,8,https://ftp.ncbi.nlm.nih.gov/genomes/all/GCF/002/215/035/GCF_002215035.1_ASM221503v1,8,2009322.3.fna,GCF_002215035.1_ASM221503v1_genomic.fna, 7902459, 7902459,2009322.3.fna_vs_GCF_002215035.1_ASM221503v1_genomic.fna_blast.xml,0,0,0,0,0,0,0,1167,7901292,0,0,0,0,0,0,2009322_subject_array_1739774757.bin
113562,2013021,N5G01,2013021.3,8,https://ftp.ncbi.nlm.nih.gov/genomes/all/GCF/002/742/425/GCF_002742425.1_ASM274242v1,8,2013021.3.fna,GCF_002742425.1_ASM274242v1_genomic.fna, 2121628, 2121628,2013021.3.fna_vs_GCF_002742425.1_ASM274242v1_genomic.fna_blast.xml,0,0,0,0,0,0,0,0,2121628,0,0,0,0,0,0,2013021_subject_array_1739774758.bin
113694,2018065,FDAARGOS_362,2018065.3,8,https://ftp.ncbi.nlm.nih.gov/genomes/all/GCF/002/754/815/GCF_002754815.1_ASM275481v1,8,2018065.3.fna,GCF_002754815.1_ASM275481v1_genomic.fna, 5174209, 5174209,2018065.3.fna_vs_GCF_002754815.1_ASM275481v1_genomic.fna_blast.xml,0,0,0,0,0,0,0,0,5174209,0,0,0,0,0,0,2018065_subject_array_1739774760.bin
113845,2023178,201601122,2023178.18,8,https://ftp.ncbi.nlm.nih.gov/genomes/all/GCF/004/770/975/GCF_004770975.1_ASM477097v1,8,2023178.18.fna,GCF_004770975.1_ASM477097v1_genomic.fna, 3889488, 3889488,2023178.18.fna_vs_GCF_004770975.1_ASM477097v1_genomic.fna_blast.xml,0,0,0,0,0,0,1,0,3889486,0,0,1,0,0,0,2023178_subject_array_1739774761.bin
114138,2026186,Bc006,2026186.161,8,https://ftp.ncbi.nlm.nih.gov/genomes/all/GCF/029/282/725/GCF_029282725.1_ASM2928272v1,8,2026186.161.fna,GCF_029282725.1_ASM2928272v1_genomic.fna, 5457931, 5457931,2026186.161.fna_vs_GCF_029282725.1_ASM2928272v1_genomic.fna_blast.xml,0,0,0,0,0,0,0,0,5457931,0,0,0,0,0,0,2026186_subject_array_1739774763.bin
114154,2026186,EFR-4,2026186.43,8,https://ftp.ncbi.nlm.nih.gov/genomes/all/GCF/015/334/865/GCF_015334865.1_ASM1533486v1,8,2026186.43.fna,GCF_015334865.1_ASM1533486v1_genomic.fna, 5837393, 5837393,2026186.43.fna_vs_GCF_015334865.1_ASM1533486v1_genomic.fna_blast.xml,0,0,0,0,0,0,0,100,5837293,0,0,0,0,0,0,2026186_subject_array_1739774765.bin
114244,2026186,Sample65,2026186.361,8,https://ftp.ncbi.nlm.nih.gov/genomes/all/GCF/036/851/275/GCF_036851275.1_ASM3685127v1,8,2026186.361.fna,GCF_036851275.1_ASM3685127v1_genomic.fna, 5839839, 5839839,2026186.361.fna_vs_GCF_036851275.1_ASM3685127v1_genomic.fna_blast.xml,0,0,0,0,0,0,0,0,5839839,0,0,0,0,0,0,2026186_subject_array_1739774768.bin
114422,2026190,Sample23,2026190.68,8,https://ftp.ncbi.nlm.nih.gov/genomes/all/GCF/036/851/655/GCF_036851655.1_ASM3685165v1,8,2026190.68.fna,GCF_036851655.1_ASM3685165v1_genomic.fna, 5872779, 5872779,2026190.68.fna_vs_GCF_036851655.1_ASM3685165v1_genomic.fna_blast.xml,0,0,0,0,0,0,0,0,5872779,0,0,0,0,0,0,2026190_subject_array_1739774770.bin
114423,2026190,Sample24,2026190.63,8,https://ftp.ncbi.nlm.nih.gov/genomes/all/GCF/036/851/615/GCF_036851615.1_ASM3685161v1,8,2026190.63.fna,GCF_036851615.1_ASM3685161v1_genomic.fna, 5872959, 5872959,2026190.63.fna_vs_GCF_036851615.1_ASM3685161v1_genomic.fna_blast.xml,0,0,0,0,0,0,0,0,5872959,0,0,0,0,0,0,2026190_subject_array_1739774772.bin
114467,2026199,BN5,2026199.3,8,https://ftp.ncbi.nlm.nih.gov/genomes/all/GCF/002/278/075/GCF_002278075.1_ASM227807v1,8,2026199.3.fna,GCF_002278075.1_ASM227807v1_genomic.fna, 8907716, 8907716,2026199.3.fna_vs_GCF_002278075.1_ASM227807v1_genomic.fna_blast.xml,0,0,0,0,0,0,0,0,8907716,0,0,0,0,0,0,2026199_subject_array_1739774775.bin
114611,202862,TW167,202862.5,8,https://ftp.ncbi.nlm.nih.gov/genomes/all/GCF/026/229/605/GCF_026229605.1_ASM2622960v1,8,202862.5.fna,GCF_026229605.1_ASM2622960v1_genomic.fna, 7453910, 7453910,202862.5.fna_vs_GCF_026229605.1_ASM2622960v1_genomic.fna_blast.xml,0,0,2,0,0,0,1,16634,7436744,0,0,14,514,0,1,202862_subject_array_1739774778.bin
114984,2039467,ANT_B65,2039467.3,8,https://ftp.ncbi.nlm.nih.gov/genomes/all/GCF/002/407/605/GCF_002407605.1_ASM240760v1,8,2039467.3.fna,GCF_002407605.1_ASM240760v1_genomic.fna, 4173840, 4173840,2039467.3.fna_vs_GCF_002407605.1_ASM240760v1_genomic.fna_blast.xml,0,0,0,0,0,0,3,0,4173835,0,2,0,0,0,0,2039467_subject_array_1739774780.bin
115332,2045438,TRE 1,2045438.3,8,https://ftp.ncbi.nlm.nih.gov/genomes/all/GCF/002/802/875/GCF_002802875.1_Spades_TRE1,8,2045438.3.fna,GCF_002802875.1_Spades_TRE1_genomic.fna, 2696768, 2696768,2045438.3.fna_vs_GCF_002802875.1_Spades_TRE1_genomic.fna_blast.xml,0,0,0,0,0,0,0,292,2696476,0,0,0,0,0,0,2045438_subject_array_1739774780.bin
115338,2045442,6B07,2045442.3,8,https://ftp.ncbi.nlm.nih.gov/genomes/all/GCF/002/700/155/GCF_002700155.1_ASM270015v1,8,2045442.3.fna,GCF_002700155.1_ASM270015v1_genomic.fna, 4506133, 4506133,2045442.3.fna_vs_GCF_002700155.1_ASM270015v1_genomic.fna_blast.xml,0,0,0,0,0,0,0,234,4505899,0,0,0,0,0,0,2045442_subject_array_1739774782.bin
115555,2052,NCTC11819,2052.8,8,https://ftp.ncbi.nlm.nih.gov/genomes/all/GCF/900/450/465/GCF_900450465.1_49888_C01,8,2052.8.fna,GCF_900450465.1_49888_C01_genomic.fna, 2510813, 2510813,2052.8.fna_vs_GCF_900450465.1_49888_C01_genomic.fna_blast.xml,0,0,0,0,0,0,0,0,2510806,0,0,0,7,0,0,2052_subject_array_1739774783.bin
115614,2053469,MU1404,2053469.3,8,https://ftp.ncbi.nlm.nih.gov/genomes/all/GCF/019/325/015/GCF_019325015.1_ASM1932501v1,8,2053469.3.fna,GCF_019325015.1_ASM1932501v1_genomic.fna, 1660223, 1660223,2053469.3.fna_vs_GCF_019325015.1_ASM1932501v1_genomic.fna_blast.xml,0,0,0,0,0,0,0,0,1660223,0,0,0,0,0,0,2053469_subject_array_1739774783.bin
115719,2055944,BS56D,2055944.3,8,https://ftp.ncbi.nlm.nih.gov/genomes/all/GCF/004/332/405/GCF_004332405.1_ASM433240v1,8,2055944.3.fna,GCF_004332405.1_ASM433240v1_genomic.fna, 2303823, 2303823,2055944.3.fna_vs_GCF_004332405.1_ASM433240v1_genomic.fna_blast.xml,0,0,0,0,0,0,0,0,2303823,0,0,0,0,0,0,2055944_subject_array_1739774784.bin
115833,2058152,5512.56,2058152.49,8,https://ftp.ncbi.nlm.nih.gov/genomes/all/GCF/017/863/935/GCF_017863935.1_ASM1786393v1,8,2058152.49.fna,GCF_017863935.1_ASM1786393v1_genomic.fna, 6193468, 6193468,2058152.49.fna_vs_GCF_017863935.1_ASM1786393v1_genomic.fna_blast.xml,0,0,0,0,0,0,0,1,6193467,0,0,0,0,0,0,2058152_subject_array_1739774786.bin
116068,2064,MF730-N6,2064.6,8,https://ftp.ncbi.nlm.nih.gov/genomes/all/GCF/000/836/635/GCF_000836635.1_ASM83663v1,8,2064.6.fna,GCF_000836635.1_ASM83663v1_genomic.fna, 7966157, 7966157,2064.6.fna_vs_GCF_000836635.1_ASM83663v1_genomic.fna_blast.xml,0,0,0,0,0,0,0,0,7966157,0,0,0,0,0,0,2064_subject_array_1739774789.bin
117015,2083009,Marseille-P3109,2083009.3,8,https://ftp.ncbi.nlm.nih.gov/genomes/all/GCF/900/323/545/GCF_900323545.1_PRJEB18270,8,2083009.3.fna,GCF_900323545.1_PRJEB18270_genomic.fna, 3149233, 3149233,2083009.3.fna_vs_GCF_900323545.1_PRJEB18270_genomic.fna_blast.xml,0,0,0,0,0,0,0,0,3149231,0,1,1,0,0,0,2083009_subject_array_1739774790.bin
117165,208962,BIA_24,208962.314,8,https://ftp.ncbi.nlm.nih.gov/genomes/all/GCF/028/622/415/GCF_028622415.1_ASM2862241v1,8,208962.314.fna,GCF_028622415.1_ASM2862241v1_genomic.fna, 5217028, 5217028,208962.314.fna_vs_GCF_028622415.1_ASM2862241v1_genomic.fna_blast.xml,0,0,0,0,0,0,0,0,5217028,0,0,0,0,0,0,208962_subject_array_1739774792.bin
117190,208962,EA04,208962.336,8,https://ftp.ncbi.nlm.nih.gov/genomes/all/GCF/031/236/015/GCF_031236015.1_ASM3123601v1,8,208962.336.fna,GCF_031236015.1_ASM3123601v1_genomic.fna, 5127155, 5127155,208962.336.fna_vs_GCF_031236015.1_ASM3123601v1_genomic.fna_blast.xml,0,0,0,0,0,0,0,0,5127155,0,0,0,0,0,0,208962_subject_array_1739774795.bin
117348,209274,PIPN-2,209274.3,8,https://ftp.ncbi.nlm.nih.gov/genomes/all/GCF/002/930/185/GCF_002930185.1_entomo04.02,8,209274.3.fna,GCF_002930185.1_entomo04.02_genomic.fna, 1127227, 1127227,209274.3.fna_vs_GCF_002930185.1_entomo04.02_genomic.fna_blast.xml,0,0,0,0,0,0,0,0,1127227,0,0,0,0,0,0,209274_subject_array_1739774795.bin
117517,2098,ah3-20,2098.88,8,https://ftp.ncbi.nlm.nih.gov/genomes/all/GCF/016/809/575/GCF_016809575.1_ASM1680957v1,8,2098.88.fna,GCF_016809575.1_ASM1680957v1_genomic.fna,  702609,  702609,2098.88.fna_vs_GCF_016809575.1_ASM1680957v1_genomic.fna_blast.xml,0,0,0,0,0,0,0,0,702609,0,0,0,0,0,0,2098_subject_array_1739774795.bin
119527,2100740,KCTC 52859,2100740.3,8,https://ftp.ncbi.nlm.nih.gov/genomes/all/GCF/024/436/395/GCF_024436395.1_ASM2443639v1,8,2100740.3.fna,GCF_024436395.1_ASM2443639v1_genomic.fna, 4549596, 4549596,2100740.3.fna_vs_GCF_024436395.1_ASM2443639v1_genomic.fna_blast.xml,0,0,0,0,0,0,0,96,4549500,0,0,0,0,0,0,2100740_subject_array_1739774797.bin
119548,2103,Afade,2103.15,8,https://ftp.ncbi.nlm.nih.gov/genomes/all/GCF/000/959/065/GCF_000959065.1_ASM95906v1,8,2103.15.fna,GCF_000959065.1_ASM95906v1_genomic.fna, 1190241, 1190241,2103.15.fna_vs_GCF_000959065.1_ASM95906v1_genomic.fna_blast.xml,0,0,0,0,0,0,0,0,1190241,0,0,0,0,0,0,2103_subject_array_1739774798.bin
120194,2127033,AD45-ID,2127033.4,8,https://ftp.ncbi.nlm.nih.gov/genomes/all/GCF/003/023/755/GCF_003023755.1_ASM302375v1,8,2127033.4.fna,GCF_003023755.1_ASM302375v1_genomic.fna, 6452651, 6452651,2127033.4.fna_vs_GCF_003023755.1_ASM302375v1_genomic.fna_blast.xml,0,0,0,0,0,0,0,4559,6448092,0,0,0,0,0,0,2127033_subject_array_1739774800.bin
120263,213,T36,213.141,8,https://ftp.ncbi.nlm.nih.gov/genomes/all/GCF/021/655/575/GCF_021655575.1_ASM2165557v1,8,213.141.fna,GCF_021655575.1_ASM2165557v1_genomic.fna, 2194683, 2194683,213.141.fna_vs_GCF_021655575.1_ASM2165557v1_genomic.fna_blast.xml,0,0,0,0,0,0,0,0,2194683,0,0,0,0,0,0,213_subject_array_1739774801.bin
120278,2133,C5,2133.64,8,https://ftp.ncbi.nlm.nih.gov/genomes/all/GCF/013/113/755/GCF_013113755.1_ASM1311375v1,8,2133.64.fna,GCF_013113755.1_ASM1311375v1_genomic.fna, 1744972, 1744972,2133.64.fna_vs_GCF_013113755.1_ASM1311375v1_genomic.fna_blast.xml,0,0,0,0,0,0,0,0,1744972,0,0,0,0,0,0,2133_subject_array_1739774802.bin
120364,2136174,CB-A,2136174.3,8,https://ftp.ncbi.nlm.nih.gov/genomes/all/GCF/003/028/485/GCF_003028485.1_ASM302848v1,8,2136174.3.fna,GCF_003028485.1_ASM302848v1_genomic.fna, 3389005, 3389005,2136174.3.fna_vs_GCF_003028485.1_ASM302848v1_genomic.fna_blast.xml,0,0,0,0,0,0,0,0,3389005,0,0,0,0,0,0,2136174_subject_array_1739774803.bin
120464,2148,PG8R10,2148.20,8,https://ftp.ncbi.nlm.nih.gov/genomes/all/GCF/013/389/505/GCF_013389505.1_ASM1338950v1,8,2148.20.fna,GCF_013389505.1_ASM1338950v1_genomic.fna, 1489878, 1489878,2148.20.fna_vs_GCF_013389505.1_ASM1338950v1_genomic.fna_blast.xml,0,0,0,0,0,0,0,0,1489878,0,0,0,0,0,0,2148_subject_array_1739774804.bin
120465,2148,PG8REry,2148.15,8,https://ftp.ncbi.nlm.nih.gov/genomes/all/GCF/007/197/615/GCF_007197615.1_ASM719761v1,8,2148.15.fna,GCF_007197615.1_ASM719761v1_genomic.fna, 1489849, 1489849,2148.15.fna_vs_GCF_007197615.1_ASM719761v1_genomic.fna_blast.xml,0,0,0,0,0,0,0,0,1489849,0,0,0,0,0,0,2148_subject_array_1739774804.bin
120672,216778,SR80,216778.93,8,https://ftp.ncbi.nlm.nih.gov/genomes/all/GCF/017/893/555/GCF_017893555.1_ASM1789355v1,8,216778.93.fna,GCF_017893555.1_ASM1789355v1_genomic.fna, 4234260, 4234260,216778.93.fna_vs_GCF_017893555.1_ASM1789355v1_genomic.fna_blast.xml,0,0,0,0,0,0,0,0,4234260,0,0,0,0,0,0,216778_subject_array_1739774806.bin
121032,216816,YGMCC0514,216816.3067,8,https://ftp.ncbi.nlm.nih.gov/genomes/all/GCF/033/658/965/GCF_033658965.1_ASM3365896v1,8,216816.3067.fna,GCF_033658965.1_ASM3365896v1_genomic.fna, 2305330, 2305330,216816.3067.fna_vs_GCF_033658965.1_ASM3365896v1_genomic.fna_blast.xml,0,0,0,0,0,0,0,0,2305330,0,0,0,0,0,0,216816_subject_array_1739774806.bin
121043,216816,YGMCC0647,216816.3075,8,https://ftp.ncbi.nlm.nih.gov/genomes/all/GCF/033/659/205/GCF_033659205.1_ASM3365920v1,8,216816.3075.fna,GCF_033659205.1_ASM3365920v1_genomic.fna, 2305330, 2305330,216816.3075.fna_vs_GCF_033659205.1_ASM3365920v1_genomic.fna_blast.xml,0,0,0,0,0,0,0,0,2305330,0,0,0,0,0,0,216816_subject_array_1739774807.bin
121101,217,NCTC12031,217.7,8,https://ftp.ncbi.nlm.nih.gov/genomes/all/GCF/900/451/085/GCF_900451085.1_57728_D01,8,217.7.fna,GCF_900451085.1_57728_D01_genomic.fna, 1693077, 1693077,217.7.fna_vs_GCF_900451085.1_57728_D01_genomic.fna_blast.xml,0,0,0,0,0,0,0,0,1693076,0,0,1,0,0,0,217_subject_array_1739774808.bin
121225,2175228,sk1b4,2175228.3,8,https://ftp.ncbi.nlm.nih.gov/genomes/all/GCF/003/123/745/GCF_003123745.1_ASM312374v1,8,2175228.3.fna,GCF_003123745.1_ASM312374v1_genomic.fna, 2651737, 2651737,2175228.3.fna_vs_GCF_003123745.1_ASM312374v1_genomic.fna_blast.xml,0,0,0,0,0,0,0,0,2651737,0,0,0,0,0,0,2175228_subject_array_1739774809.bin
121456,219572,CMS 35,219572.12,8,https://ftp.ncbi.nlm.nih.gov/genomes/all/GCF/010/634/845/GCF_010634845.1_ASM1063484v1,8,219572.12.fna,GCF_010634845.1_ASM1063484v1_genomic.fna, 6368703, 6368703,219572.12.fna_vs_GCF_010634845.1_ASM1063484v1_genomic.fna_blast.xml,0,0,0,0,0,0,0,0,6368703,0,0,0,0,0,0,219572_subject_array_1739774812.bin
121495,2201895,ECD12,2201895.3,8,https://ftp.ncbi.nlm.nih.gov/genomes/all/GCF/003/149/745/GCF_003149745.1_ASM314974v1,8,2201895.3.fna,GCF_003149745.1_ASM314974v1_genomic.fna, 3614652, 3614652,2201895.3.fna_vs_GCF_003149745.1_ASM314974v1_genomic.fna_blast.xml,0,0,0,0,0,0,0,0,3614652,0,0,0,0,0,0,2201895_subject_array_1739774813.bin
121718,2213229,XMU1403,2213229.3,8,https://ftp.ncbi.nlm.nih.gov/genomes/all/GCF/003/208/065/GCF_003208065.1_ASM320806v1,8,2213229.3.fna,GCF_003208065.1_ASM320806v1_genomic.fna, 1746033, 1746033,2213229.3.fna_vs_GCF_003208065.1_ASM320806v1_genomic.fna_blast.xml,0,0,0,0,0,0,0,0,1746033,0,0,0,0,0,0,2213229_subject_array_1739774813.bin
122096,225422,DSM 14862,225422.11,8,https://ftp.ncbi.nlm.nih.gov/genomes/all/GCF/022/788/655/GCF_022788655.1_ASM2278865v1,8,225422.11.fna,GCF_022788655.1_ASM2278865v1_genomic.fna, 4498570, 4498570,225422.11.fna_vs_GCF_022788655.1_ASM2278865v1_genomic.fna_blast.xml,0,0,0,0,0,0,0,0,4498570,0,0,0,0,0,0,225422_subject_array_1739774815.bin
122123,2259330,ATCM1_4,2259330.3,8,https://ftp.ncbi.nlm.nih.gov/genomes/all/GCF/004/348/115/GCF_004348115.1_ASM434811v1,8,2259330.3.fna,GCF_004348115.1_ASM434811v1_genomic.fna, 4187822, 4187822,2259330.3.fna_vs_GCF_004348115.1_ASM434811v1_genomic.fna_blast.xml,0,0,0,0,0,0,0,858,4186963,0,0,0,1,0,0,2259330_subject_array_1739774816.bin
122189,226505,DSM 15292,226505.5,8,https://ftp.ncbi.nlm.nih.gov/genomes/all/GCF/900/129/785/GCF_900129785.1_IMG-taxon_2698536714_annotated_assembly,8,226505.5.fna,GCF_900129785.1_IMG-taxon_2698536714_annotated_assembly_genomic.fna, 4978503, 4978503,226505.5.fna_vs_GCF_900129785.1_IMG-taxon_2698536714_annotated_assembly_genomic.fna_blast.xml,0,0,0,0,0,0,0,324,4978178,0,0,1,0,0,0,226505_subject_array_1739774818.bin
122196,226665,TIGMIC,226665.9,8,https://ftp.ncbi.nlm.nih.gov/genomes/all/GCF/035/117/685/GCF_035117685.1_ASM3511768v1,8,226665.9.fna,GCF_035117685.1_ASM3511768v1_genomic.fna, 1328743, 1328743,226665.9.fna_vs_GCF_035117685.1_ASM3511768v1_genomic.fna_blast.xml,0,0,0,0,0,0,0,499,1328244,0,0,0,0,0,0,226665_subject_array_1739774819.bin
122319,228229,N69,228229.8,8,https://ftp.ncbi.nlm.nih.gov/genomes/all/GCF/018/917/225/GCF_018917225.1_ASM1891722v1,8,228229.8.fna,GCF_018917225.1_ASM1891722v1_genomic.fna, 1657907, 1657907,228229.8.fna_vs_GCF_018917225.1_ASM1891722v1_genomic.fna_blast.xml,0,0,0,0,0,0,0,0,1657907,0,0,0,0,0,0,228229_subject_array_1739774819.bin
122382,2283197,S816,2283197.3,8,https://ftp.ncbi.nlm.nih.gov/genomes/all/GCF/004/794/665/GCF_004794665.1_ASM479466v1,8,2283197.3.fna,GCF_004794665.1_ASM479466v1_genomic.fna, 8584460, 8584460,2283197.3.fna_vs_GCF_004794665.1_ASM479466v1_genomic.fna_blast.xml,0,0,0,0,0,0,0,40,8584420,0,0,0,0,0,0,2283197_subject_array_1739774822.bin
123104,2320431,5182,2320431.4,8,https://ftp.ncbi.nlm.nih.gov/genomes/all/GCF/016/019/785/GCF_016019785.1_5182,8,2320431.4.fna,GCF_016019785.1_5182_genomic.fna, 2550121, 2550121,2320431.4.fna_vs_GCF_016019785.1_5182_genomic.fna_blast.xml,0,0,0,0,0,0,0,0,2550121,0,0,0,0,0,0,2320431_subject_array_1739774823.bin
123127,2320866,K1S02-6,2320866.3,8,https://ftp.ncbi.nlm.nih.gov/genomes/all/GCF/003/596/405/GCF_003596405.1_ASM359640v1,8,2320866.3.fna,GCF_003596405.1_ASM359640v1_genomic.fna, 5626424, 5626424,2320866.3.fna_vs_GCF_003596405.1_ASM359640v1_genomic.fna_blast.xml,0,0,0,0,0,0,0,0,5626424,0,0,0,0,0,0,2320866_subject_array_1739774825.bin
123130,232089,DSM 8595,232089.3,8,https://ftp.ncbi.nlm.nih.gov/genomes/all/GCF/900/142/065/GCF_900142065.1_IMG-taxon_2698536811_annotated_assembly,8,232089.3.fna,GCF_900142065.1_IMG-taxon_2698536811_annotated_assembly_genomic.fna, 4187509, 4187509,232089.3.fna_vs_GCF_900142065.1_IMG-taxon_2698536811_annotated_assembly_genomic.fna_blast.xml,0,0,0,0,0,0,0,0,4187509,0,0,0,0,0,0,232089_subject_array_1739774827.bin
123627,238,SKLX042870,238.166,8,https://ftp.ncbi.nlm.nih.gov/genomes/all/GCF/029/050/105/GCF_029050105.1_ASM2905010v1,8,238.166.fna,GCF_029050105.1_ASM2905010v1_genomic.fna, 4030725, 4030725,238.166.fna_vs_GCF_029050105.1_ASM2905010v1_genomic.fna_blast.xml,0,0,0,0,0,0,0,0,4030725,0,0,0,0,0,0,238_subject_array_1739774828.bin
124368,244366,2017HL-01183,244366.915,8,https://ftp.ncbi.nlm.nih.gov/genomes/all/GCF/022/810/335/GCF_022810335.1_ASM2281033v1,8,244366.915.fna,GCF_022810335.1_ASM2281033v1_genomic.fna, 6037693, 6037693,244366.915.fna_vs_GCF_022810335.1_ASM2281033v1_genomic.fna_blast.xml,0,0,0,0,0,0,0,0,6037693,0,0,0,0,0,0,244366_subject_array_1739774830.bin
125742,2485174,PhB116,2485174.3,8,https://ftp.ncbi.nlm.nih.gov/genomes/all/GCF/004/364/285/GCF_004364285.1_ASM436428v1,8,2485174.3.fna,GCF_004364285.1_ASM436428v1_genomic.fna, 3367010, 3367010,2485174.3.fna_vs_GCF_004364285.1_ASM436428v1_genomic.fna_blast.xml,0,0,0,0,0,0,0,194,3366816,0,0,0,0,0,0,2485174_subject_array_1739774831.bin
125759,2485191,PhB153,2485191.3,8,https://ftp.ncbi.nlm.nih.gov/genomes/all/GCF/003/814/965/GCF_003814965.1_ASM381496v1,8,2485191.3.fna,GCF_003814965.1_ASM381496v1_genomic.fna, 3692901, 3692901,2485191.3.fna_vs_GCF_003814965.1_ASM381496v1_genomic.fna_blast.xml,0,0,0,0,0,0,0,97,3692804,0,0,0,0,0,0,2485191_subject_array_1739774833.bin
126437,2497734,xm-d-579,2497734.3,8,https://ftp.ncbi.nlm.nih.gov/genomes/all/GCF/013/282/935/GCF_013282935.1_ASM1328293v1,8,2497734.3.fna,GCF_013282935.1_ASM1328293v1_genomic.fna, 2337691, 2337691,2497734.3.fna_vs_GCF_013282935.1_ASM1328293v1_genomic.fna_blast.xml,0,0,0,0,0,0,0,0,2337691,0,0,0,0,0,0,2497734_subject_array_1739774833.bin
126726,2508307,NJS204,2508307.20,8,https://ftp.ncbi.nlm.nih.gov/genomes/all/GCF/004/123/675/GCF_004123675.1_ASM412367v1,8,2508307.20.fna,GCF_004123675.1_ASM412367v1_genomic.fna, 5036933, 5036933,2508307.20.fna_vs_GCF_004123675.1_ASM412367v1_genomic.fna_blast.xml,0,0,0,0,0,0,0,0,5036933,0,0,0,0,0,0,2508307_subject_array_1739774835.bin
126809,2508877,29L,2508877.3,8,https://ftp.ncbi.nlm.nih.gov/genomes/all/GCF/004/123/135/GCF_004123135.1_ASM412313v1,8,2508877.3.fna,GCF_004123135.1_ASM412313v1_genomic.fna, 2558893, 2558893,2508877.3.fna_vs_GCF_004123135.1_ASM412313v1_genomic.fna_blast.xml,0,0,0,0,0,0,0,0,2558893,0,0,0,0,0,0,2508877_subject_array_1739774836.bin
126816,2508949,HDS1380,2508949.3,8,https://ftp.ncbi.nlm.nih.gov/genomes/all/GCF/004/134/775/GCF_004134775.1_ASM413477v1,8,2508949.3.fna,GCF_004134775.1_ASM413477v1_genomic.fna, 2608799, 2608799,2508949.3.fna_vs_GCF_004134775.1_ASM413477v1_genomic.fna_blast.xml,0,0,0,0,0,0,0,3962,2604837,0,0,0,0,0,0,2508949_subject_array_1739774837.bin
127010,2516559,15A-MOB,2516559.9,8,https://ftp.ncbi.nlm.nih.gov/genomes/all/GCF/026/935/765/GCF_026935765.1_ASM2693576v1,8,2516559.9.fna,GCF_026935765.1_ASM2693576v1_genomic.fna, 2543915, 2543915,2516559.9.fna_vs_GCF_026935765.1_ASM2693576v1_genomic.fna_blast.xml,0,0,0,0,0,0,0,371,2543534,0,0,1,9,0,0,2516559_subject_array_1739774838.bin
127282,2529843,WB3,2529843.5,8,https://ftp.ncbi.nlm.nih.gov/genomes/all/GCF/030/127/305/GCF_030127305.1_WCVM_WB3,8,2529843.5.fna,GCF_030127305.1_WCVM_WB3_genomic.fna, 3459000, 3459000,2529843.5.fna_vs_GCF_030127305.1_WCVM_WB3_genomic.fna_blast.xml,0,0,0,0,0,0,0,0,3459000,0,0,0,0,0,0,2529843_subject_array_1739774839.bin
127462,2545755,GH3-15,2545755.3,8,https://ftp.ncbi.nlm.nih.gov/genomes/all/GCF/005/434/915/GCF_005434915.1_ASM543491v1,8,2545755.3.fna,GCF_005434915.1_ASM543491v1_genomic.fna, 3258548, 3258548,2545755.3.fna_vs_GCF_005434915.1_ASM543491v1_genomic.fna_blast.xml,0,0,0,0,0,0,0,93,3258455,0,0,0,0,0,0,2545755_subject_array_1739774840.bin
127961,2565783,CAU 1482,2565783.3,8,https://ftp.ncbi.nlm.nih.gov/genomes/all/GCF/008/369/445/GCF_008369445.1_ASM836944v1,8,2565783.3.fna,GCF_008369445.1_ASM836944v1_genomic.fna, 3936980, 3936980,2565783.3.fna_vs_GCF_008369445.1_ASM836944v1_genomic.fna_blast.xml,0,0,0,0,0,0,0,96,3936884,0,0,0,0,0,0,2565783_subject_array_1739774841.bin
128195,2576305,GSA243-2,2576305.3,8,https://ftp.ncbi.nlm.nih.gov/genomes/all/GCF/005/876/985/GCF_005876985.1_ASM587698v1,8,2576305.3.fna,GCF_005876985.1_ASM587698v1_genomic.fna, 3673501, 3673501,2576305.3.fna_vs_GCF_005876985.1_ASM587698v1_genomic.fna_blast.xml,0,0,0,0,0,0,0,0,3673501,0,0,0,0,0,0,2576305_subject_array_1739774843.bin
128259,2576904,TCL26-01,2576904.3,8,https://ftp.ncbi.nlm.nih.gov/genomes/all/GCF/013/393/945/GCF_013393945.1_ASM1339394v1,8,2576904.3.fna,GCF_013393945.1_ASM1339394v1_genomic.fna, 7387676, 7387676,2576904.3.fna_vs_GCF_013393945.1_ASM1339394v1_genomic.fna_blast.xml,0,0,0,0,0,0,0,0,7387676,0,0,0,0,0,0,2576904_subject_array_1739774848.bin
128879,2587122,BK037,2587122.3,8,https://ftp.ncbi.nlm.nih.gov/genomes/all/GCF/014/193/045/GCF_014193045.1_ASM1419304v1,8,2587122.3.fna,GCF_014193045.1_ASM1419304v1_genomic.fna, 5849103, 5849103,2587122.3.fna_vs_GCF_014193045.1_ASM1419304v1_genomic.fna_blast.xml,0,0,0,0,0,0,0,0,5849103,0,0,0,0,0,0,2587122_subject_array_1739774850.bin
128892,2587155,D386,2587155.3,8,https://ftp.ncbi.nlm.nih.gov/genomes/all/GCF/006/346/415/GCF_006346415.1_ASM634641v1,8,2587155.3.fna,GCF_006346415.1_ASM634641v1_genomic.fna, 4271794, 4271794,2587155.3.fna_vs_GCF_006346415.1_ASM634641v1_genomic.fna_blast.xml,0,0,0,0,0,0,0,0,4271794,0,0,0,0,0,0,2587155_subject_array_1739774851.bin
128952,2587855,THAF37,2587855.3,8,https://ftp.ncbi.nlm.nih.gov/genomes/all/GCF/009/363/555/GCF_009363555.1_ASM936355v1,8,2587855.3.fna,GCF_009363555.1_ASM936355v1_genomic.fna, 4264270, 4264270,2587855.3.fna_vs_GCF_009363555.1_ASM936355v1_genomic.fna_blast.xml,0,0,0,0,0,0,0,0,4264270,0,0,0,0,0,0,2587855_subject_array_1739774853.bin
129471,2595005,NBS58-1,2595005.4,8,https://ftp.ncbi.nlm.nih.gov/genomes/all/GCF/008/271/695/GCF_008271695.1_ASM827169v1,8,2595005.4.fna,GCF_008271695.1_ASM827169v1_genomic.fna, 5839014, 5839014,2595005.4.fna_vs_GCF_008271695.1_ASM827169v1_genomic.fna_blast.xml,0,0,0,0,0,0,0,94,5838920,0,0,0,0,0,0,2595005_subject_array_1739774855.bin
129492,2596917,INWT6,2596917.3,8,https://ftp.ncbi.nlm.nih.gov/genomes/all/GCF/015/390/235/GCF_015390235.1_ASM1539023v1,8,2596917.3.fna,GCF_015390235.1_ASM1539023v1_genomic.fna, 4201516, 4201516,2596917.3.fna_vs_GCF_015390235.1_ASM1539023v1_genomic.fna_blast.xml,0,0,0,0,0,0,0,0,4201516,0,0,0,0,0,0,2596917_subject_array_1739774856.bin
129809,2601682,H2,2601682.7,8,https://ftp.ncbi.nlm.nih.gov/genomes/all/GCF/019/797/745/GCF_019797745.1_ASM1979774v1,8,2601682.7.fna,GCF_019797745.1_ASM1979774v1_genomic.fna, 3695503, 3695503,2601682.7.fna_vs_GCF_019797745.1_ASM1979774v1_genomic.fna_blast.xml,0,0,0,0,0,0,0,0,3695503,0,0,0,0,0,0,2601682_subject_array_1739774858.bin
129867,2603836,NMBU-W12E19,2603836.3,8,https://ftp.ncbi.nlm.nih.gov/genomes/all/GCF/013/282/315/GCF_013282315.1_ASM1328231v1,8,2603836.3.fna,GCF_013282315.1_ASM1328231v1_genomic.fna, 5564014, 5564014,2603836.3.fna_vs_GCF_013282315.1_ASM1328231v1_genomic.fna_blast.xml,0,0,0,0,0,0,0,0,5564014,0,0,0,0,0,0,2603836_subject_array_1739774860.bin
130364,2609175,G-192,2609175.3,8,https://ftp.ncbi.nlm.nih.gov/genomes/all/GCF/008/630/495/GCF_008630495.1_ASM863049v1,8,2609175.3.fna,GCF_008630495.1_ASM863049v1_genomic.fna, 2888634, 2888634,2609175.3.fna_vs_GCF_008630495.1_ASM863049v1_genomic.fna_blast.xml,0,0,0,0,0,0,0,0,2888634,0,0,0,0,0,0,2609175_subject_array_1739774861.bin
130513,262209,M714,262209.10,8,https://ftp.ncbi.nlm.nih.gov/genomes/all/GCF/014/875/955/GCF_014875955.1_ASM1487595v1,8,262209.10.fna,GCF_014875955.1_ASM1487595v1_genomic.fna, 4055235, 4055235,262209.10.fna_vs_GCF_014875955.1_ASM1487595v1_genomic.fna_blast.xml,0,0,0,0,0,0,0,570381,3484854,0,0,0,0,0,0,262209_subject_array_1739774862.bin
131090,264027,DP5N14-6,264027.10,8,https://ftp.ncbi.nlm.nih.gov/genomes/all/GCF/019/802/145/GCF_019802145.1_ASM1980214v1,8,264027.10.fna,GCF_019802145.1_ASM1980214v1_genomic.fna, 4186427, 4186427,264027.10.fna_vs_GCF_019802145.1_ASM1980214v1_genomic.fna_blast.xml,0,0,0,0,0,0,0,0,4186427,0,0,0,0,0,0,264027_subject_array_1739774864.bin
131149,2651045,320,2651045.3,8,https://ftp.ncbi.nlm.nih.gov/genomes/all/GCF/008/830/455/GCF_008830455.1_ASM883045v1,8,2651045.3.fna,GCF_008830455.1_ASM883045v1_genomic.fna, 2192350, 2192350,2651045.3.fna_vs_GCF_008830455.1_ASM883045v1_genomic.fna_blast.xml,0,0,0,0,0,0,0,0,2192350,0,0,0,0,0,0,2651045_subject_array_1739774864.bin
131193,2652249,250,2652249.3,8,https://ftp.ncbi.nlm.nih.gov/genomes/all/GCF/009/016/485/GCF_009016485.1_ASM901648v1,8,2652249.3.fna,GCF_009016485.1_ASM901648v1_genomic.fna, 2192350, 2192350,2652249.3.fna_vs_GCF_009016485.1_ASM901648v1_genomic.fna_blast.xml,0,0,0,0,0,0,0,0,2192350,0,0,0,0,0,0,2652249_subject_array_1739774865.bin
131796,266812,SW-151,266812.13,8,https://ftp.ncbi.nlm.nih.gov/genomes/all/GCF/013/371/215/GCF_013371215.1_ASM1337121v1,8,266812.13.fna,GCF_013371215.1_ASM1337121v1_genomic.fna, 3349176, 3349176,266812.13.fna_vs_GCF_013371215.1_ASM1337121v1_genomic.fna_blast.xml,0,0,0,0,0,0,0,0,3349176,0,0,0,0,0,0,266812_subject_array_1739774866.bin
131837,267363,90.8.36,267363.10,8,https://ftp.ncbi.nlm.nih.gov/genomes/all/GCF/032/190/635/GCF_032190635.1_ASM3219063v1,8,267363.10.fna,GCF_032190635.1_ASM3219063v1_genomic.fna, 2892482, 2892482,267363.10.fna_vs_GCF_032190635.1_ASM3219063v1_genomic.fna_blast.xml,0,0,0,0,0,0,0,0,2892482,0,0,0,0,0,0,267363_subject_array_1739774867.bin
132051,2682097,HX-5-24,2682097.3,8,https://ftp.ncbi.nlm.nih.gov/genomes/all/GCF/009/740/395/GCF_009740395.1_ASM974039v1,8,2682097.3.fna,GCF_009740395.1_ASM974039v1_genomic.fna, 3385676, 3385676,2682097.3.fna_vs_GCF_009740395.1_ASM974039v1_genomic.fna_blast.xml,0,0,0,0,0,0,0,0,3385676,0,0,0,0,0,0,2682097_subject_array_1739774869.bin
132064,2682546,RP-2-7,2682546.3,8,https://ftp.ncbi.nlm.nih.gov/genomes/all/GCF/012/927/305/GCF_012927305.1_ASM1292730v1,8,2682546.3.fna,GCF_012927305.1_ASM1292730v1_genomic.fna, 5587174, 5587174,2682546.3.fna_vs_GCF_012927305.1_ASM1292730v1_genomic.fna_blast.xml,0,0,0,0,0,0,0,97,5587077,0,0,0,0,0,0,2682546_subject_array_1739774873.bin
132179,2685906,JSM 1782161,2685906.3,8,https://ftp.ncbi.nlm.nih.gov/genomes/all/GCF/011/421/605/GCF_011421605.1_ASM1142160v1,8,2685906.3.fna,GCF_011421605.1_ASM1142160v1_genomic.fna, 4763135, 4763135,2685906.3.fna_vs_GCF_011421605.1_ASM1142160v1_genomic.fna_blast.xml,0,0,0,0,0,0,0,0,4763135,0,0,0,0,0,0,2685906_subject_array_1739774874.bin
132252,2689106,CS-Odin-A6,2689106.3,8,https://ftp.ncbi.nlm.nih.gov/genomes/all/GCF/018/882/095/GCF_018882095.1_ASM1888209v1,8,2689106.3.fna,GCF_018882095.1_ASM1888209v1_genomic.fna, 2099773, 2099773,2689106.3.fna_vs_GCF_018882095.1_ASM1888209v1_genomic.fna_blast.xml,0,0,0,0,0,0,0,0,2099773,0,0,0,0,0,0,2689106_subject_array_1739774875.bin
132641,2697502,Marseille-Q1618,2697502.3,8,https://ftp.ncbi.nlm.nih.gov/genomes/all/GCF/902/809/855/GCF_902809855.1_Q1618,8,2697502.3.fna,GCF_902809855.1_Q1618_genomic.fna, 3558553, 3558553,2697502.3.fna_vs_GCF_902809855.1_Q1618_genomic.fna_blast.xml,0,0,0,0,0,0,0,0,3558553,0,0,0,0,0,0,2697502_subject_array_1739774876.bin
132786,2702,KC4,2702.423,8,https://ftp.ncbi.nlm.nih.gov/genomes/all/GCF/023/016/225/GCF_023016225.1_ASM2301622v1,8,2702.423.fna,GCF_023016225.1_ASM2301622v1_genomic.fna, 1657976, 1657976,2702.423.fna_vs_GCF_023016225.1_ASM2301622v1_genomic.fna_blast.xml,0,0,0,0,0,0,0,0,1657976,0,0,0,0,0,0,2702_subject_array_1739774877.bin
132811,2702,UMB0558,2702.337,8,https://ftp.ncbi.nlm.nih.gov/genomes/all/GCF/013/315/115/GCF_013315115.1_ASM1331511v1,8,2702.337.fna,GCF_013315115.1_ASM1331511v1_genomic.fna, 1557387, 1557387,2702.337.fna_vs_GCF_013315115.1_ASM1331511v1_genomic.fna_blast.xml,0,0,0,0,0,0,0,414,1556973,0,0,0,0,0,0,2702_subject_array_1739774877.bin
132961,2703794,CPO176,2703794.49,8,https://ftp.ncbi.nlm.nih.gov/genomes/all/GCF/030/185/865/GCF_030185865.2_NA,8,2703794.49.fna,GCF_030185865.2_NA_genomic.fna, 5920427, 5920427,2703794.49.fna_vs_GCF_030185865.2_NA_genomic.fna_blast.xml,0,0,0,0,0,0,0,0,5920427,0,0,0,0,0,0,2703794_subject_array_1739774880.bin
132977,2703794,CPO402,2703794.44,8,https://ftp.ncbi.nlm.nih.gov/genomes/all/GCF/030/184/015/GCF_030184015.2_NA,8,2703794.44.fna,GCF_030184015.2_NA_genomic.fna, 5938879, 5938879,2703794.44.fna_vs_GCF_030184015.2_NA_genomic.fna_blast.xml,0,0,0,0,0,0,0,0,5938879,0,0,0,0,0,0,2703794_subject_array_1739774882.bin
133096,2705547,SBC2,2705547.3,8,https://ftp.ncbi.nlm.nih.gov/genomes/all/GCF/011/039/955/GCF_011039955.1_ASM1103995v1,8,2705547.3.fna,GCF_011039955.1_ASM1103995v1_genomic.fna, 9323419, 9323419,2705547.3.fna_vs_GCF_011039955.1_ASM1103995v1_genomic.fna_blast.xml,0,0,0,0,0,0,0,0,9323419,0,0,0,0,0,0,2705547_subject_array_1739774885.bin
133188,2708349,WY5,2708349.3,8,https://ftp.ncbi.nlm.nih.gov/genomes/all/GCF/018/588/185/GCF_018588185.1_ASM1858818v1,8,2708349.3.fna,GCF_018588185.1_ASM1858818v1_genomic.fna, 7349989, 7349989,2708349.3.fna_vs_GCF_018588185.1_ASM1858818v1_genomic.fna_blast.xml,0,0,0,0,0,0,0,0,7349989,0,0,0,0,0,0,2708349_subject_array_1739774888.bin
133341,2713171,M1-13,2713171.4,8,https://ftp.ncbi.nlm.nih.gov/genomes/all/GCF/021/026/255/GCF_021026255.1_ASM2102625v1,8,2713171.4.fna,GCF_021026255.1_ASM2102625v1_genomic.fna, 1264088, 1264088,2713171.4.fna_vs_GCF_021026255.1_ASM2102625v1_genomic.fna_blast.xml,0,0,0,0,0,0,0,0,1264088,0,0,0,0,0,0,2713171_subject_array_1739774889.bin
133395,2713505,UTK S2-0038,2713505.8,8,https://ftp.ncbi.nlm.nih.gov/genomes/all/GCF/031/842/865/GCF_031842865.1_ASM3184286v1,8,2713505.8.fna,GCF_031842865.1_ASM3184286v1_genomic.fna, 2732291, 2732291,2713505.8.fna_vs_GCF_031842865.1_ASM3184286v1_genomic.fna_blast.xml,0,0,0,0,0,0,0,0,2732291,0,0,0,0,0,0,2713505_subject_array_1739774889.bin
133397,2713505,UTK S2-0065,2713505.5,8,https://ftp.ncbi.nlm.nih.gov/genomes/all/GCF/031/842/645/GCF_031842645.1_ASM3184264v1,8,2713505.5.fna,GCF_031842645.1_ASM3184264v1_genomic.fna, 2733931, 2733931,2713505.5.fna_vs_GCF_031842645.1_ASM3184264v1_genomic.fna_blast.xml,0,0,0,0,0,0,0,0,2733931,0,0,0,0,0,0,2713505_subject_array_1739774890.bin
133409,2713603,FSL L7-0478,2718627.3,8,https://ftp.ncbi.nlm.nih.gov/genomes/all/GCF/014/227/775/GCF_014227775.1_ASM1422777v1,8,2718627.3.fna,GCF_014227775.1_ASM1422777v1_genomic.fna, 2748917, 2748917,2718627.3.fna_vs_GCF_014227775.1_ASM1422777v1_genomic.fna_blast.xml,0,0,0,0,0,0,0,0,2748917,0,0,0,0,0,0,2718627_subject_array_1739774891.bin
133586,271881,LQC 2320,271881.14,8,https://ftp.ncbi.nlm.nih.gov/genomes/all/GCF/018/552/295/GCF_018552295.1_ASM1855229v1,8,271881.14.fna,GCF_018552295.1_ASM1855229v1_genomic.fna, 3181752, 3181752,271881.14.fna_vs_GCF_018552295.1_ASM1855229v1_genomic.fna_blast.xml,0,0,0,0,0,0,0,1488,3180252,0,0,2,10,0,0,271881_subject_array_1739774892.bin
133694,272241,F6_3S_P_6,272241.3,8,https://ftp.ncbi.nlm.nih.gov/genomes/all/GCF/017/167/395/GCF_017167395.1_ASM1716739v1,8,272241.3.fna,GCF_017167395.1_ASM1716739v1_genomic.fna, 2211951, 2211951,272241.3.fna_vs_GCF_017167395.1_ASM1716739v1_genomic.fna_blast.xml,0,0,0,0,0,0,0,89,2211862,0,0,0,0,0,0,272241_subject_array_1739774893.bin
133737,2723077,JAI102,2723077.3,8,https://ftp.ncbi.nlm.nih.gov/genomes/all/GCF/013/409/105/GCF_013409105.1_ASM1340910v1,8,2723077.3.fna,GCF_013409105.1_ASM1340910v1_genomic.fna, 4036942, 4036942,2723077.3.fna_vs_GCF_013409105.1_ASM1340910v1_genomic.fna_blast.xml,0,0,0,0,0,0,0,97,4036845,0,0,0,0,0,0,2723077_subject_array_1739774894.bin
133962,2728842,G-6-1-13,2728842.3,8,https://ftp.ncbi.nlm.nih.gov/genomes/all/GCF/012/927/205/GCF_012927205.1_ASM1292720v1,8,2728842.3.fna,GCF_012927205.1_ASM1292720v1_genomic.fna, 8371808, 8371808,2728842.3.fna_vs_GCF_012927205.1_ASM1292720v1_genomic.fna_blast.xml,0,0,0,0,0,0,0,181,8371624,0,0,3,0,0,0,2728842_subject_array_1739774897.bin
134092,2731112,NLR16a,2731112.3,8,https://ftp.ncbi.nlm.nih.gov/genomes/all/GCF/017/948/245/GCF_017948245.1_ASM1794824v1,8,2731112.3.fna,GCF_017948245.1_ASM1794824v1_genomic.fna, 6575602, 6575602,2731112.3.fna_vs_GCF_017948245.1_ASM1794824v1_genomic.fna_blast.xml,0,0,0,0,0,0,0,0,6575602,0,0,0,0,0,0,2731112_subject_array_1739774900.bin
134439,2736254,WMMC1349,2736254.3,8,https://ftp.ncbi.nlm.nih.gov/genomes/all/GCF/013/155/385/GCF_013155385.1_ASM1315538v1,8,2736254.3.fna,GCF_013155385.1_ASM1315538v1_genomic.fna, 4514885, 4514885,2736254.3.fna_vs_GCF_013155385.1_ASM1315538v1_genomic.fna_blast.xml,0,0,0,0,0,0,0,0,4514885,0,0,0,0,0,0,2736254_subject_array_1739774902.bin
134482,273678,DSM 16089,273678.5,8,https://ftp.ncbi.nlm.nih.gov/genomes/all/GCF/900/105/205/GCF_900105205.1_IMG-taxon_2634166363_annotated_assembly,8,273678.5.fna,GCF_900105205.1_IMG-taxon_2634166363_annotated_assembly_genomic.fna, 3594787, 3594787,273678.5.fna_vs_GCF_900105205.1_IMG-taxon_2634166363_annotated_assembly_genomic.fna_blast.xml,0,0,104,1,0,0,0,0,3572802,0,0,76,21636,0,168,273678_subject_array_1739774903.bin
134599,2739020,VKM Ac-2857,2739020.3,8,https://ftp.ncbi.nlm.nih.gov/genomes/all/GCF/013/205/025/GCF_013205025.1_ASM1320502v1,8,2739020.3.fna,GCF_013205025.1_ASM1320502v1_genomic.fna, 4606669, 4606669,2739020.3.fna_vs_GCF_013205025.1_ASM1320502v1_genomic.fna_blast.xml,0,0,0,0,0,0,0,569,4606075,0,0,0,21,0,4,2739020_subject_array_1739774908.bin
134627,2739447,BP-332,2739447.3,8,https://ftp.ncbi.nlm.nih.gov/genomes/all/GCF/019/836/065/GCF_019836065.1_ASM1983606v1,8,2739447.3.fna,GCF_019836065.1_ASM1983606v1_genomic.fna, 4497818, 4497818,2739447.3.fna_vs_GCF_019836065.1_ASM1983606v1_genomic.fna_blast.xml,0,0,0,0,0,0,0,0,4497818,0,0,0,0,0,0,2739447_subject_array_1739774910.bin
134858,2742663,RHBSTW-00821,2742663.3,8,https://ftp.ncbi.nlm.nih.gov/genomes/all/GCF/013/732/395/GCF_013732395.1_ASM1373239v1,8,2742663.3.fna,GCF_013732395.1_ASM1373239v1_genomic.fna, 5580368, 5580368,2742663.3.fna_vs_GCF_013732395.1_ASM1373239v1_genomic.fna_blast.xml,0,0,0,0,0,0,0,0,5580368,0,0,0,0,0,0,2742663_subject_array_1739774912.bin
134860,2742665,RHBSTW-00848,2742665.3,8,https://ftp.ncbi.nlm.nih.gov/genomes/all/GCF/013/925/725/GCF_013925725.1_ASM1392572v1,8,2742665.3.fna,GCF_013925725.1_ASM1392572v1_genomic.fna, 5532461, 5532461,2742665.3.fna_vs_GCF_013925725.1_ASM1392572v1_genomic.fna_blast.xml,0,0,0,0,0,0,0,100,5532361,0,0,0,0,0,0,2742665_subject_array_1739774914.bin
134870,2742675,RHBSTW-00986,2742675.3,8,https://ftp.ncbi.nlm.nih.gov/genomes/all/GCF/013/783/065/GCF_013783065.1_ASM1378306v1,8,2742675.3.fna,GCF_013783065.1_ASM1378306v1_genomic.fna, 5363930, 5363930,2742675.3.fna_vs_GCF_013783065.1_ASM1378306v1_genomic.fna_blast.xml,0,0,0,0,0,0,0,0,5363930,0,0,0,0,0,0,2742675_subject_array_1739774916.bin
135304,2750930,W8122,2750930.3,8,https://ftp.ncbi.nlm.nih.gov/genomes/all/GCF/016/102/485/GCF_016102485.1_ASM1610248v1,8,2750930.3.fna,GCF_016102485.1_ASM1610248v1_genomic.fna, 2663378, 2663378,2750930.3.fna_vs_GCF_016102485.1_ASM1610248v1_genomic.fna_blast.xml,0,0,1,0,0,0,1,78,2663229,0,1,16,51,0,1,2750930_subject_array_1739774917.bin
135305,2750931,M0176,2750931.3,8,https://ftp.ncbi.nlm.nih.gov/genomes/all/GCF/016/102/425/GCF_016102425.1_ASM1610242v1,8,2750931.3.fna,GCF_016102425.1_ASM1610242v1_genomic.fna, 2611167, 2611167,2750931.3.fna_vs_GCF_016102425.1_ASM1610242v1_genomic.fna_blast.xml,0,0,0,0,0,0,0,189,2610978,0,0,0,0,0,0,2750931_subject_array_1739774918.bin
135306,2750932,P0291,2750932.3,8,https://ftp.ncbi.nlm.nih.gov/genomes/all/GCF/016/102/435/GCF_016102435.1_ASM1610243v1,8,2750932.3.fna,GCF_016102435.1_ASM1610243v1_genomic.fna, 2609401, 2609401,2750932.3.fna_vs_GCF_016102435.1_ASM1610243v1_genomic.fna_blast.xml,0,0,0,0,0,0,0,0,2609401,0,0,0,0,0,0,2750932_subject_array_1739774919.bin
135415,2751016,M0283,2751016.3,8,https://ftp.ncbi.nlm.nih.gov/genomes/all/GCF/016/100/455/GCF_016100455.1_ASM1610045v1,8,2751016.3.fna,GCF_016100455.1_ASM1610045v1_genomic.fna, 2687600, 2687600,2751016.3.fna_vs_GCF_016100455.1_ASM1610045v1_genomic.fna_blast.xml,0,0,0,0,0,0,0,286,2687314,0,0,0,0,0,0,2751016_subject_array_1739774920.bin
135705,2754695,Marseille-Q2068,2754695.3,8,https://ftp.ncbi.nlm.nih.gov/genomes/all/GCF/013/520/865/GCF_013520865.1_ASM1352086v1,8,2754695.3.fna,GCF_013520865.1_ASM1352086v1_genomic.fna, 5347712, 5347712,2754695.3.fna_vs_GCF_013520865.1_ASM1352086v1_genomic.fna_blast.xml,0,0,0,0,0,0,0,0,5347712,0,0,0,0,0,0,2754695_subject_array_1739774922.bin
135805,2758575,JY-X159,2758575.3,8,https://ftp.ncbi.nlm.nih.gov/genomes/all/GCF/014/525/425/GCF_014525425.1_ASM1452542v1,8,2758575.3.fna,GCF_014525425.1_ASM1452542v1_genomic.fna, 2566752, 2566752,2758575.3.fna_vs_GCF_014525425.1_ASM1452542v1_genomic.fna_blast.xml,0,0,0,0,0,0,0,0,2566752,0,0,0,0,0,0,2758575_subject_array_1739774923.bin
136015,2761123,CA690,1476873.3,8,https://ftp.ncbi.nlm.nih.gov/genomes/all/GCF/008/931/845/GCF_008931845.1_ASM893184v1,8,1476873.3.fna,GCF_008931845.1_ASM893184v1_genomic.fna, 1109596, 1109596,1476873.3.fna_vs_GCF_008931845.1_ASM893184v1_genomic.fna_blast.xml,0,0,0,0,0,0,0,0,1109590,0,1,5,0,0,0,1476873_subject_array_1739774923.bin
136329,2766470,P3A1,2766470.31,8,https://ftp.ncbi.nlm.nih.gov/genomes/all/GCF/036/670/195/GCF_036670195.1_ASM3667019v1,8,2766470.31.fna,GCF_036670195.1_ASM3667019v1_genomic.fna, 2126919, 2126919,2766470.31.fna_vs_GCF_036670195.1_ASM3667019v1_genomic.fna_blast.xml,0,0,0,0,0,0,2,0,2126878,0,5,34,0,0,0,2766470_subject_array_1739774924.bin
136434,2768162,546,2768162.3,8,https://ftp.ncbi.nlm.nih.gov/genomes/all/GCF/017/355/405/GCF_017355405.1_ASM1735540v1,8,2768162.3.fna,GCF_017355405.1_ASM1735540v1_genomic.fna, 4898652, 4898652,2768162.3.fna_vs_GCF_017355405.1_ASM1735540v1_genomic.fna_blast.xml,0,0,0,0,0,0,0,0,4898652,0,0,0,0,0,0,2768162_subject_array_1739774926.bin
136629,2774139,JH27-2,2774139.3,8,https://ftp.ncbi.nlm.nih.gov/genomes/all/GCF/014/837/175/GCF_014837175.1_ASM1483717v1,8,2774139.3.fna,GCF_014837175.1_ASM1483717v1_genomic.fna, 3730023, 3730023,2774139.3.fna_vs_GCF_014837175.1_ASM1483717v1_genomic.fna_blast.xml,0,0,0,0,0,0,0,190,3729833,0,0,0,0,0,0,2774139_subject_array_1739774927.bin
136756,2777957,Res13-Lact-LER2-35-b,2777957.3,8,https://ftp.ncbi.nlm.nih.gov/genomes/all/GCF/015/674/155/GCF_015674155.1_ASM1567415v1,8,2777957.3.fna,GCF_015674155.1_ASM1567415v1_genomic.fna, 5321224, 5321224,2777957.3.fna_vs_GCF_015674155.1_ASM1567415v1_genomic.fna_blast.xml,0,0,0,0,0,0,0,0,5321224,0,0,0,0,0,0,2777957_subject_array_1739774929.bin
137075,2781774,18_1_E_LY,2781774.5,8,https://ftp.ncbi.nlm.nih.gov/genomes/all/GCF/015/594/445/GCF_015594445.1_ASM1559444v1,8,2781774.5.fna,GCF_015594445.1_ASM1559444v1_genomic.fna, 2544180, 2544180,2781774.5.fna_vs_GCF_015594445.1_ASM1559444v1_genomic.fna_blast.xml,0,0,0,0,0,0,0,0,2544180,0,0,0,0,0,0,2781774_subject_array_1739774930.bin
137250,2783821,VKM Ac-1396,2783821.3,8,https://ftp.ncbi.nlm.nih.gov/genomes/all/GCF/015/350/895/GCF_015350895.1_ASM1535089v1,8,2783821.3.fna,GCF_015350895.1_ASM1535089v1_genomic.fna, 3398400, 3398400,2783821.3.fna_vs_GCF_015350895.1_ASM1535089v1_genomic.fna_blast.xml,0,0,0,0,0,0,0,1600,3396800,0,0,0,0,0,0,2783821_subject_array_1739774931.bin
137522,2792055,SWN139,2792055.3,8,https://ftp.ncbi.nlm.nih.gov/genomes/all/GCF/015/864/625/GCF_015864625.1_ASM1586462v1,8,2792055.3.fna,GCF_015864625.1_ASM1586462v1_genomic.fna, 2983669, 2983669,2792055.3.fna_vs_GCF_015864625.1_ASM1586462v1_genomic.fna_blast.xml,0,0,0,0,0,0,0,0,2983669,0,0,0,0,0,0,2792055_subject_array_1739774932.bin
137573,2793068,AV19,2793068.4,8,https://ftp.ncbi.nlm.nih.gov/genomes/all/GCF/029/617/805/GCF_029617805.1_ASM2961780v1,8,2793068.4.fna,GCF_029617805.1_ASM2961780v1_genomic.fna, 7671946, 7671946,2793068.4.fna_vs_GCF_029617805.1_ASM2961780v1_genomic.fna_blast.xml,0,0,0,0,0,0,0,0,7671946,0,0,0,0,0,0,2793068_subject_array_1739774936.bin
137674,2795026,BT584,2794789.3,8,https://ftp.ncbi.nlm.nih.gov/genomes/all/GCF/016/056/345/GCF_016056345.1_ASM1605634v1,8,2794789.3.fna,GCF_016056345.1_ASM1605634v1_genomic.fna, 5156552, 5156552,2794789.3.fna_vs_GCF_016056345.1_ASM1605634v1_genomic.fna_blast.xml,0,0,0,0,0,0,0,0,5156552,0,0,0,0,0,0,2794789_subject_array_1739774938.bin
137733,2796349,TH39(2020),2796349.3,8,https://ftp.ncbi.nlm.nih.gov/genomes/all/GCF/016/650/715/GCF_016650715.1_ASM1665071v1,8,2796349.3.fna,GCF_016650715.1_ASM1665071v1_genomic.fna, 7179220, 7179220,2796349.3.fna_vs_GCF_016650715.1_ASM1665071v1_genomic.fna_blast.xml,0,0,0,0,0,0,0,0,7179220,0,0,0,0,0,0,2796349_subject_array_1739774945.bin
137768,2796414,TH50,2796414.3,8,https://ftp.ncbi.nlm.nih.gov/genomes/all/GCF/016/650/565/GCF_016650565.1_ASM1665056v1,8,2796414.3.fna,GCF_016650565.1_ASM1665056v1_genomic.fna, 5932849, 5932849,2796414.3.fna_vs_GCF_016650565.1_ASM1665056v1_genomic.fna_blast.xml,0,0,0,0,0,0,0,0,5932849,0,0,0,0,0,0,2796414_subject_array_1739774948.bin
137955,2800405,CCM 9184,2936708.4,8,https://ftp.ncbi.nlm.nih.gov/genomes/all/GCF/023/155/255/GCF_023155255.1_ASM2315525v1,8,2936708.4.fna,GCF_023155255.1_ASM2315525v1_genomic.fna, 2614759, 2614759,2936708.4.fna_vs_GCF_023155255.1_ASM2315525v1_genomic.fna_blast.xml,0,0,0,0,0,0,0,0,2614759,0,0,0,0,0,0,2936708_subject_array_1739774948.bin
138279,28026,BSD2780061689st1_G10_BSD2780061689_150309,28026.1536,8,https://ftp.ncbi.nlm.nih.gov/genomes/all/GCF/028/311/465/GCF_028311465.1_ASM2831146v1,8,28026.1536.fna,GCF_028311465.1_ASM2831146v1_genomic.fna, 2224783, 2224783,28026.1536.fna_vs_GCF_028311465.1_ASM2831146v1_genomic.fna_blast.xml,0,0,0,2,0,0,6,565,2224196,0,3,11,0,0,0,28026_subject_array_1739774949.bin
138663,28037,SK145,28037.215,8,https://ftp.ncbi.nlm.nih.gov/genomes/all/GCF/000/960/065/GCF_000960065.1_ASM96006v1,8,28037.215.fna,GCF_000960065.1_ASM96006v1_genomic.fna, 1973165, 1973165,28037.215.fna_vs_GCF_000960065.1_ASM96006v1_genomic.fna_blast.xml,0,0,0,0,0,0,0,0,1973165,0,0,0,0,0,0,28037_subject_array_1739774950.bin
138750,28038,K285,28038.271,8,https://ftp.ncbi.nlm.nih.gov/genomes/all/GCF/035/621/435/GCF_035621435.1_ASM3562143v1,8,28038.271.fna,GCF_035621435.1_ASM3562143v1_genomic.fna, 2075030, 2075030,28038.271.fna_vs_GCF_035621435.1_ASM3562143v1_genomic.fna_blast.xml,0,0,0,0,0,0,0,0,2075030,0,0,0,0,0,0,28038_subject_array_1739774951.bin
140202,28116,H-1813,28116.2355,8,https://ftp.ncbi.nlm.nih.gov/genomes/all/GCF/032/490/535/GCF_032490535.1_ASM3249053v1,8,28116.2355.fna,GCF_032490535.1_ASM3249053v1_genomic.fna, 6759649, 6759649,28116.2355.fna_vs_GCF_032490535.1_ASM3249053v1_genomic.fna_blast.xml,0,0,0,0,0,0,0,0,6759649,0,0,0,0,0,0,28116_subject_array_1739774953.bin
140487,28133,KCOM 1102,28133.3,8,https://ftp.ncbi.nlm.nih.gov/genomes/all/GCF/002/204/475/GCF_002204475.1_ASM220447v1,8,28133.3.fna,GCF_002204475.1_ASM220447v1_genomic.fna, 2837965, 2837965,28133.3.fna_vs_GCF_002204475.1_ASM220447v1_genomic.fna_blast.xml,0,0,0,0,0,0,0,6133,2831829,0,0,0,3,0,0,28133_subject_array_1739774954.bin
140529,2813779,OT2,2813779.3,8,https://ftp.ncbi.nlm.nih.gov/genomes/all/GCF/017/116/865/GCF_017116865.1_ASM1711686v1,8,2813779.3.fna,GCF_017116865.1_ASM1711686v1_genomic.fna, 6564979, 6564979,2813779.3.fna_vs_GCF_017116865.1_ASM1711686v1_genomic.fna_blast.xml,0,0,0,0,0,0,0,0,6564979,0,0,0,0,0,0,2813779_subject_array_1739774956.bin
140533,2813825,CSL10166,2813825.3,8,https://ftp.ncbi.nlm.nih.gov/genomes/all/GCF/017/116/885/GCF_017116885.1_ASM1711688v1,8,2813825.3.fna,GCF_017116885.1_ASM1711688v1_genomic.fna,  889885,  889885,2813825.3.fna_vs_GCF_017116885.1_ASM1711688v1_genomic.fna_blast.xml,0,0,0,0,0,0,0,0,889885,0,0,0,0,0,0,2813825_subject_array_1739774957.bin
140606,28141,B9,28141.1247,8,https://ftp.ncbi.nlm.nih.gov/genomes/all/GCF/033/798/525/GCF_033798525.1_ASM3379852v1,8,28141.1247.fna,GCF_033798525.1_ASM3379852v1_genomic.fna, 4151440, 4151440,28141.1247.fna_vs_GCF_033798525.1_ASM3379852v1_genomic.fna_blast.xml,0,0,0,0,0,0,0,0,4151440,0,0,0,0,0,0,28141_subject_array_1739774958.bin
141114,28144,2014LSAL00980,28144.171,8,https://ftp.ncbi.nlm.nih.gov/genomes/all/GCF/003/548/945/GCF_003548945.1_ASM354894v1,8,28144.171.fna,GCF_003548945.1_ASM354894v1_genomic.fna, 4809411, 4809411,28144.171.fna_vs_GCF_003548945.1_ASM354894v1_genomic.fna_blast.xml,0,0,0,0,0,0,0,0,4809411,0,0,0,0,0,0,28144_subject_array_1739774960.bin
141173,28144,2014LSAL03787,28144.130,8,https://ftp.ncbi.nlm.nih.gov/genomes/all/GCF/003/548/125/GCF_003548125.1_ASM354812v1,8,28144.130.fna,GCF_003548125.1_ASM354812v1_genomic.fna, 4701533, 4701533,28144.130.fna_vs_GCF_003548125.1_ASM354812v1_genomic.fna_blast.xml,0,0,0,0,0,0,0,94,4701438,0,0,0,1,0,0,28144_subject_array_1739774961.bin
141203,28144,2015LSAL00728,28144.109,8,https://ftp.ncbi.nlm.nih.gov/genomes/all/GCF/003/547/705/GCF_003547705.1_ASM354770v1,8,28144.109.fna,GCF_003547705.1_ASM354770v1_genomic.fna, 4817415, 4817415,28144.109.fna_vs_GCF_003547705.1_ASM354770v1_genomic.fna_blast.xml,0,0,0,0,0,0,0,0,4817415,0,0,0,0,0,0,28144_subject_array_1739774963.bin
141224,28144,2015LSAL01973,28144.95,8,https://ftp.ncbi.nlm.nih.gov/genomes/all/GCF/003/547/435/GCF_003547435.1_ASM354743v1,8,28144.95.fna,GCF_003547435.1_ASM354743v1_genomic.fna, 4700798, 4700798,28144.95.fna_vs_GCF_003547435.1_ASM354743v1_genomic.fna_blast.xml,0,0,0,0,0,0,0,0,4700798,0,0,0,0,0,0,28144_subject_array_1739774965.bin
141367,2814588,195334CR,2814588.3,8,https://ftp.ncbi.nlm.nih.gov/genomes/all/GCF/017/309/385/GCF_017309385.1_ASM1730938v1,8,2814588.3.fna,GCF_017309385.1_ASM1730938v1_genomic.fna, 9926854, 9926854,2814588.3.fna_vs_GCF_017309385.1_ASM1730938v1_genomic.fna_blast.xml,0,0,0,0,0,0,0,0,9926854,0,0,0,0,0,0,2814588_subject_array_1739774968.bin
141624,2816034,CAU 1612,2816034.3,8,https://ftp.ncbi.nlm.nih.gov/genomes/all/GCF/017/313/765/GCF_017313765.1_ASM1731376v1,8,2816034.3.fna,GCF_017313765.1_ASM1731376v1_genomic.fna, 3577818, 3577818,2816034.3.fna_vs_GCF_017313765.1_ASM1731376v1_genomic.fna_blast.xml,0,0,0,0,0,0,0,0,3577818,0,0,0,0,0,0,2816034_subject_array_1739774969.bin
141663,2816449,Sample30,2816449.3,8,https://ftp.ncbi.nlm.nih.gov/genomes/all/GCF/036/851/575/GCF_036851575.1_ASM3685157v1,8,2816449.3.fna,GCF_036851575.1_ASM3685157v1_genomic.fna, 5413061, 5413061,2816449.3.fna_vs_GCF_036851575.1_ASM3685157v1_genomic.fna_blast.xml,0,0,0,0,0,0,0,0,5413061,0,0,0,0,0,0,2816449_subject_array_1739774971.bin
141734,28171,18_033_7T1,28171.66,8,https://ftp.ncbi.nlm.nih.gov/genomes/all/GCF/028/858/205/GCF_028858205.1_ASM2885820v1,8,28171.66.fna,GCF_028858205.1_ASM2885820v1_genomic.fna, 4252602, 4252602,28171.66.fna_vs_GCF_028858205.1_ASM2885820v1_genomic.fna_blast.xml,0,0,0,0,0,0,0,0,4252602,0,0,0,0,0,0,28171_subject_array_1739774978.bin
141845,28172,NCTC8563,28172.7,8,https://ftp.ncbi.nlm.nih.gov/genomes/all/GCF/900/460/305/GCF_900460305.1_52592_B01,8,28172.7.fna,GCF_900460305.1_52592_B01_genomic.fna, 3747055, 3747055,28172.7.fna_vs_GCF_900460305.1_52592_B01_genomic.fna_blast.xml,0,0,0,0,0,0,0,0,3747055,0,0,0,0,0,0,28172_subject_array_1739774979.bin
141871,2817378,SYSU D00065,2817378.3,8,https://ftp.ncbi.nlm.nih.gov/genomes/all/GCF/017/916/425/GCF_017916425.1_ASM1791642v1,8,2817378.3.fna,GCF_017916425.1_ASM1791642v1_genomic.fna, 3868793, 3868793,2817378.3.fna_vs_GCF_017916425.1_ASM1791642v1_genomic.fna_blast.xml,0,0,0,0,0,0,0,191,3868602,0,0,0,0,0,0,2817378_subject_array_1739774981.bin
142112,28182,IP1712055,28182.57,8,https://ftp.ncbi.nlm.nih.gov/genomes/all/GCF/022/819/405/GCF_022819405.1_ASM2281940v1,8,28182.57.fna,GCF_022819405.1_ASM2281940v1_genomic.fna, 4912280, 4912280,28182.57.fna_vs_GCF_022819405.1_ASM2281940v1_genomic.fna_blast.xml,0,0,0,0,0,0,0,0,4912280,0,0,0,0,0,0,28182_subject_array_1739774991.bin
142622,28198,123,28198.83,8,https://ftp.ncbi.nlm.nih.gov/genomes/all/GCF/006/503/595/GCF_006503595.1_ASM650359v1,8,28198.83.fna,GCF_006503595.1_ASM650359v1_genomic.fna, 1987555, 1987555,28198.83.fna_vs_GCF_006503595.1_ASM650359v1_genomic.fna_blast.xml,0,0,0,0,0,0,0,0,1987555,0,0,0,0,0,0,28198_subject_array_1739774991.bin
142715,28200,BJSY19SF10-1,28200.64,8,https://ftp.ncbi.nlm.nih.gov/genomes/all/GCF/033/796/305/GCF_033796305.1_ASM3379630v1,8,28200.64.fna,GCF_033796305.1_ASM3379630v1_genomic.fna, 1777985, 1777985,28200.64.fna_vs_GCF_033796305.1_ASM3379630v1_genomic.fna_blast.xml,0,0,0,0,0,0,0,0,1777985,0,0,0,0,0,0,28200_subject_array_1739774992.bin
142804,2821106,R4_1,2821106.3,8,https://ftp.ncbi.nlm.nih.gov/genomes/all/GCF/017/743/845/GCF_017743845.1_ASM1774384v1,8,2821106.3.fna,GCF_017743845.1_ASM1774384v1_genomic.fna, 5236174, 5236174,2821106.3.fna_vs_GCF_017743845.1_ASM1774384v1_genomic.fna_blast.xml,0,0,0,0,0,0,0,0,5236174,0,0,0,0,0,0,2821106_subject_array_1739774994.bin
143395,2833581,FJAT-49754,2833581.3,8,https://ftp.ncbi.nlm.nih.gov/genomes/all/GCF/018/343/525/GCF_018343525.1_ASM1834352v1,8,2833581.3.fna,GCF_018343525.1_ASM1834352v1_genomic.fna, 4207523, 4207523,2833581.3.fna_vs_GCF_018343525.1_ASM1834352v1_genomic.fna_blast.xml,0,0,0,0,0,0,0,0,4207523,0,0,0,0,0,0,2833581_subject_array_1739774995.bin
143806,283734,DSP029,283734.2370,8,https://ftp.ncbi.nlm.nih.gov/genomes/all/GCF/016/481/265/GCF_016481265.1_ASM1648126v1,8,283734.2370.fna,GCF_016481265.1_ASM1648126v1_genomic.fna, 2723710, 2723710,283734.2370.fna_vs_GCF_016481265.1_ASM1648126v1_genomic.fna_blast.xml,0,0,0,0,0,0,0,0,2723710,0,0,0,0,0,0,283734_subject_array_1739774996.bin
144167,283878,JUb111,283878.8,8,https://ftp.ncbi.nlm.nih.gov/genomes/all/GCF/024/806/925/GCF_024806925.1_ASM2480692v1,8,283878.8.fna,GCF_024806925.1_ASM2480692v1_genomic.fna, 3459535, 3459535,283878.8.fna_vs_GCF_024806925.1_ASM2480692v1_genomic.fna_blast.xml,0,0,0,0,0,0,0,0,3459535,0,0,0,0,0,0,283878_subject_array_1739774997.bin
144168,283878,L-9,283878.4,8,https://ftp.ncbi.nlm.nih.gov/genomes/all/GCF/016/758/215/GCF_016758215.1_ASM1675821v1,8,283878.4.fna,GCF_016758215.1_ASM1675821v1_genomic.fna, 3560065, 3560065,283878.4.fna_vs_GCF_016758215.1_ASM1675821v1_genomic.fna_blast.xml,0,0,0,0,0,0,0,187,3559878,0,0,0,0,0,0,283878_subject_array_1739774998.bin
144264,2841031,F502-1,2841031.3,8,https://ftp.ncbi.nlm.nih.gov/genomes/all/GCF/019/656/215/GCF_019656215.1_ASM1965621v1,8,2841031.3.fna,GCF_019656215.1_ASM1965621v1_genomic.fna, 1445942, 1445942,2841031.3.fna_vs_GCF_019656215.1_ASM1965621v1_genomic.fna_blast.xml,0,0,0,0,0,0,0,0,1445942,0,0,0,0,0,0,2841031_subject_array_1739774999.bin
146341,2854775,PXM05,2854775.3,8,https://ftp.ncbi.nlm.nih.gov/genomes/all/GCF/019/218/945/GCF_019218945.1_ASM1921894v1,8,2854775.3.fna,GCF_019218945.1_ASM1921894v1_genomic.fna, 4293916, 4293916,2854775.3.fna_vs_GCF_019218945.1_ASM1921894v1_genomic.fna_blast.xml,0,0,0,0,0,0,0,0,4293916,0,0,0,0,0,0,2854775_subject_array_1739775000.bin
146377,2855447,zg.B21,2855447.3,8,https://ftp.ncbi.nlm.nih.gov/genomes/all/GCF/019/550/855/GCF_019550855.1_ASM1955085v1,8,2855447.3.fna,GCF_019550855.1_ASM1955085v1_genomic.fna, 3950853, 3950853,2855447.3.fna_vs_GCF_019550855.1_ASM1955085v1_genomic.fna_blast.xml,0,0,0,0,0,0,0,0,3950853,0,0,0,0,0,0,2855447_subject_array_1739775002.bin
146445,2856822,CAU 1620,2856822.3,8,https://ftp.ncbi.nlm.nih.gov/genomes/all/GCF/019/264/345/GCF_019264345.1_ASM1926434v1,8,2856822.3.fna,GCF_019264345.1_ASM1926434v1_genomic.fna, 4112988, 4112988,2856822.3.fna_vs_GCF_019264345.1_ASM1926434v1_genomic.fna_blast.xml,0,0,0,0,0,0,0,200,4112788,0,0,0,0,0,0,2856822_subject_array_1739775003.bin
146498,2860200,NZ-12B,2860200.11,8,https://ftp.ncbi.nlm.nih.gov/genomes/all/GCF/019/857/185/GCF_019857185.1_ASM1985718v1,8,2860200.11.fna,GCF_019857185.1_ASM1985718v1_genomic.fna, 3099119, 3099119,2860200.11.fna_vs_GCF_019857185.1_ASM1985718v1_genomic.fna_blast.xml,0,0,0,0,0,0,0,0,3099119,0,0,0,0,0,0,2860200_subject_array_1739775004.bin
146622,2864219,KCTC 23674,2864219.3,8,https://ftp.ncbi.nlm.nih.gov/genomes/all/GCF/019/492/335/GCF_019492335.1_ASM1949233v1,8,2864219.3.fna,GCF_019492335.1_ASM1949233v1_genomic.fna, 5135470, 5135470,2864219.3.fna_vs_GCF_019492335.1_ASM1949233v1_genomic.fna_blast.xml,0,0,0,0,0,0,0,0,5135470,0,0,0,0,0,0,2864219_subject_array_1739775006.bin
146693,2866591,Marseille-P9655,2866591.9,8,https://ftp.ncbi.nlm.nih.gov/genomes/all/GCF/916/618/925/GCF_916618925.1_PRJEB46722,8,2866591.9.fna,GCF_916618925.1_PRJEB46722_genomic.fna, 6343622, 6343622,2866591.9.fna_vs_GCF_916618925.1_PRJEB46722_genomic.fna_blast.xml,0,0,0,0,0,0,0,0,6343622,0,0,0,0,0,0,2866591_subject_array_1739775009.bin
146734,2867234,1NDH17,2867234.3,8,https://ftp.ncbi.nlm.nih.gov/genomes/all/GCF/019/711/435/GCF_019711435.1_ASM1971143v1,8,2867234.3.fna,GCF_019711435.1_ASM1971143v1_genomic.fna, 2845713, 2845713,2867234.3.fna_vs_GCF_019711435.1_ASM1971143v1_genomic.fna_blast.xml,0,0,0,0,0,0,0,0,2845713,0,0,0,0,0,0,2867234_subject_array_1739775010.bin
146746,2867246,YG27,2867246.3,8,https://ftp.ncbi.nlm.nih.gov/genomes/all/GCF/019/711/655/GCF_019711655.1_ASM1971165v1,8,2867246.3.fna,GCF_019711655.1_ASM1971165v1_genomic.fna, 3135996, 3135996,2867246.3.fna_vs_GCF_019711655.1_ASM1971165v1_genomic.fna_blast.xml,0,0,0,0,0,0,0,0,3135996,0,0,0,0,0,0,2867246_subject_array_1739775011.bin
146750,2867268,A15ISP2-DRY2,2867268.3,8,https://ftp.ncbi.nlm.nih.gov/genomes/all/GCF/026/341/275/GCF_026341275.1_ASM2634127v1,8,2867268.3.fna,GCF_026341275.1_ASM2634127v1_genomic.fna, 9292701, 9292701,2867268.3.fna_vs_GCF_026341275.1_ASM2634127v1_genomic.fna_blast.xml,0,0,0,0,0,0,0,482,9292206,0,0,1,12,0,0,2867268_subject_array_1739775015.bin
146753,286727,KACC 14407,286727.7,8,https://ftp.ncbi.nlm.nih.gov/genomes/all/GCF/013/347/285/GCF_013347285.1_ASM1334728v1,8,286727.7.fna,GCF_013347285.1_ASM1334728v1_genomic.fna, 6809363, 6809363,286727.7.fna_vs_GCF_013347285.1_ASM1334728v1_genomic.fna_blast.xml,0,0,0,0,0,0,0,0,6809363,0,0,0,0,0,0,286727_subject_array_1739775017.bin
150049,287,H14,287.19467,8,https://ftp.ncbi.nlm.nih.gov/genomes/all/GCF/022/487/965/GCF_022487965.1_ASM2248796v1,8,287.19467.fna,GCF_022487965.1_ASM2248796v1_genomic.fna, 6807955, 6807955,287.19467.fna_vs_GCF_022487965.1_ASM2248796v1_genomic.fna_blast.xml,0,0,0,0,0,0,0,0,6807955,0,0,0,0,0,0,287_subject_array_1739775019.bin
151252,287,NCTC11449,287.6513,8,https://ftp.ncbi.nlm.nih.gov/genomes/all/GCF/900/455/205/GCF_900455205.1_43222_H01,8,287.6513.fna,GCF_900455205.1_43222_H01_genomic.fna, 6537158, 6537158,287.6513.fna_vs_GCF_900455205.1_43222_H01_genomic.fna_blast.xml,0,0,0,0,0,0,1,1,6537156,0,0,0,0,0,0,287_subject_array_1739775022.bin
151255,287,NCTC11839,287.9934,8,https://ftp.ncbi.nlm.nih.gov/genomes/all/GCF/901/482/535/GCF_901482535.1_43874_C01,8,287.9934.fna,GCF_901482535.1_43874_C01_genomic.fna, 6872104, 6872104,287.9934.fna_vs_GCF_901482535.1_43874_C01_genomic.fna_blast.xml,0,0,0,0,0,0,0,0,6872104,0,0,0,0,0,0,287_subject_array_1739775024.bin
153014,287,PaLo8,287.28420,8,https://ftp.ncbi.nlm.nih.gov/genomes/all/GCF/027/856/135/GCF_027856135.1_ASM2785613v1,8,287.28420.fna,GCF_027856135.1_ASM2785613v1_genomic.fna, 7015776, 7015776,287.28420.fna_vs_GCF_027856135.1_ASM2785613v1_genomic.fna_blast.xml,0,0,0,0,0,0,0,0,7015776,0,0,0,0,0,0,287_subject_array_1739775027.bin
153706,287,S72,287.14053,8,https://ftp.ncbi.nlm.nih.gov/genomes/all/GCF/016/820/115/GCF_016820115.1_ASM1682011v1,8,287.14053.fna,GCF_016820115.1_ASM1682011v1_genomic.fna, 6976991, 6976991,287.14053.fna_vs_GCF_016820115.1_ASM1682011v1_genomic.fna_blast.xml,0,0,0,0,0,0,0,0,6976991,0,0,0,0,0,0,287_subject_array_1739775029.bin
153711,287,S77,287.14051,8,https://ftp.ncbi.nlm.nih.gov/genomes/all/GCF/016/820/075/GCF_016820075.1_ASM1682007v1,8,287.14051.fna,GCF_016820075.1_ASM1682007v1_genomic.fna, 6891040, 6891040,287.14051.fna_vs_GCF_016820075.1_ASM1682007v1_genomic.fna_blast.xml,0,0,0,0,0,0,0,0,6891040,0,0,0,0,0,0,287_subject_array_1739775032.bin
154083,287,T4,287.14057,8,https://ftp.ncbi.nlm.nih.gov/genomes/all/GCF/016/836/445/GCF_016836445.1_T4,8,287.14057.fna,GCF_016836445.1_T4_genomic.fna, 6865897, 6865897,287.14057.fna_vs_GCF_016836445.1_T4_genomic.fna_blast.xml,0,0,0,0,0,0,0,4081,6861816,0,0,0,0,0,0,287_subject_array_1739775034.bin
154701,287,ZBX-P6,287.14408,8,https://ftp.ncbi.nlm.nih.gov/genomes/all/GCF/017/693/925/GCF_017693925.1_ASM1769392v1,8,287.14408.fna,GCF_017693925.1_ASM1769392v1_genomic.fna, 6686032, 6686032,287.14408.fna_vs_GCF_017693925.1_ASM1769392v1_genomic.fna_blast.xml,0,0,0,0,0,0,0,0,6686029,0,0,3,0,0,0,287_subject_array_1739775036.bin
155288,2878542,CFD-2,2878542.4,8,https://ftp.ncbi.nlm.nih.gov/genomes/all/GCF/024/611/135/GCF_024611135.1_ASM2461113v1,8,2878542.4.fna,GCF_024611135.1_ASM2461113v1_genomic.fna, 6020418, 6020418,2878542.4.fna_vs_GCF_024611135.1_ASM2461113v1_genomic.fna_blast.xml,0,0,0,0,0,0,0,0,6020418,0,0,0,0,0,0,2878542_subject_array_1739775039.bin
155468,2884161,1029,2884161.5,8,https://ftp.ncbi.nlm.nih.gov/genomes/all/GCF/021/554/935/GCF_021554935.1_ASM2155493v1,8,2884161.5.fna,GCF_021554935.1_ASM2155493v1_genomic.fna, 5147216, 5147216,2884161.5.fna_vs_GCF_021554935.1_ASM2155493v1_genomic.fna_blast.xml,0,0,0,0,0,0,0,0,5147216,0,0,0,0,0,0,2884161_subject_array_1739775041.bin
155474,2884168,1804,2884168.6,8,https://ftp.ncbi.nlm.nih.gov/genomes/all/GCF/021/554/855/GCF_021554855.1_ASM2155485v1,8,2884168.6.fna,GCF_021554855.1_ASM2155485v1_genomic.fna, 4869815, 4869815,2884168.6.fna_vs_GCF_021554855.1_ASM2155485v1_genomic.fna_blast.xml,0,0,0,0,0,0,1,0,4869814,0,0,0,0,0,0,2884168_subject_array_1739775043.bin
158468,2893019,MMA,2893019.7,8,https://ftp.ncbi.nlm.nih.gov/genomes/all/GCF/020/907/215/GCF_020907215.1_ASM2090721v1,8,2893019.7.fna,GCF_020907215.1_ASM2090721v1_genomic.fna, 3944519, 3944519,2893019.7.fna_vs_GCF_020907215.1_ASM2090721v1_genomic.fna_blast.xml,0,0,0,0,0,0,0,0,3944519,0,0,0,0,0,0,2893019_subject_array_1739775044.bin
158588,2897327,MC2016-14,2897327.8,8,https://ftp.ncbi.nlm.nih.gov/genomes/all/GCF/020/991/475/GCF_020991475.1_ASM2099147v1,8,2897327.8.fna,GCF_020991475.1_ASM2099147v1_genomic.fna, 5038512, 5038512,2897327.8.fna_vs_GCF_020991475.1_ASM2099147v1_genomic.fna_blast.xml,0,0,0,0,0,0,0,0,5038512,0,0,0,0,0,0,2897327_subject_array_1739775046.bin
158630,2898184,CC210A,2898184.7,8,https://ftp.ncbi.nlm.nih.gov/genomes/all/GCF/021/390/895/GCF_021390895.1_ASM2139089v1,8,2898184.7.fna,GCF_021390895.1_ASM2139089v1_genomic.fna, 7222961, 7222961,2898184.7.fna_vs_GCF_021390895.1_ASM2139089v1_genomic.fna_blast.xml,0,0,0,0,0,0,0,0,7222961,0,0,0,0,0,0,2898184_subject_array_1739775048.bin
158728,2898795,HY001,2899083.6,8,https://ftp.ncbi.nlm.nih.gov/genomes/all/GCF/022/458/885/GCF_022458885.1_ASM2245888v1,8,2899083.6.fna,GCF_022458885.1_ASM2245888v1_genomic.fna, 4310443, 4310443,2899083.6.fna_vs_GCF_022458885.1_ASM2245888v1_genomic.fna_blast.xml,0,0,0,0,0,0,0,0,4310443,0,0,0,0,0,0,2899083_subject_array_1739775050.bin
158731,2898798,PI-19,2898798.7,8,https://ftp.ncbi.nlm.nih.gov/genomes/all/GCF/021/368/255/GCF_021368255.1_ASM2136825v1,8,2898798.7.fna,GCF_021368255.1_ASM2136825v1_genomic.fna, 3787933, 3787933,2898798.7.fna_vs_GCF_021368255.1_ASM2136825v1_genomic.fna_blast.xml,0,0,0,0,0,0,0,0,3787933,0,0,0,0,0,0,2898798_subject_array_1739775051.bin
158800,2901140,HS1C4-1,2901140.8,8,https://ftp.ncbi.nlm.nih.gov/genomes/all/GCF/021/166/475/GCF_021166475.1_ASM2116647v1,8,2901140.8.fna,GCF_021166475.1_ASM2116647v1_genomic.fna, 3371788, 3371788,2901140.8.fna_vs_GCF_021166475.1_ASM2116647v1_genomic.fna_blast.xml,0,0,0,0,0,0,0,0,3371788,0,0,0,0,0,0,2901140_subject_array_1739775052.bin
159006,2903845,NBC_01381,2903845.3,8,https://ftp.ncbi.nlm.nih.gov/genomes/all/GCF/026/340/305/GCF_026340305.1_ASM2634030v1,8,2903845.3.fna,GCF_026340305.1_ASM2634030v1_genomic.fna, 9866105, 9866105,2903845.3.fna_vs_GCF_026340305.1_ASM2634030v1_genomic.fna_blast.xml,0,0,0,0,0,0,0,0,9866105,0,0,0,0,0,0,2903845_subject_array_1739775056.bin
159043,2904075,C21,2904075.7,8,https://ftp.ncbi.nlm.nih.gov/genomes/all/GCF/021/290/925/GCF_021290925.1_ASM2129092v1,8,2904075.7.fna,GCF_021290925.1_ASM2129092v1_genomic.fna, 4702976, 4702976,2904075.7.fna_vs_GCF_021290925.1_ASM2129092v1_genomic.fna_blast.xml,0,0,0,0,0,0,0,0,4702976,0,0,0,0,0,0,2904075_subject_array_1739775057.bin
159123,2906764,CLC5,2906764.7,8,https://ftp.ncbi.nlm.nih.gov/genomes/all/GCF/021/353/185/GCF_021353185.1_ASM2135318v1,8,2906764.7.fna,GCF_021353185.1_ASM2135318v1_genomic.fna, 9738866, 9738866,2906764.7.fna_vs_GCF_021353185.1_ASM2135318v1_genomic.fna_blast.xml,0,0,0,0,0,0,0,0,9738866,0,0,0,0,0,0,2906764_subject_array_1739775061.bin
159171,2908209,SE220,2908209.5,8,https://ftp.ncbi.nlm.nih.gov/genomes/all/GCF/023/516/575/GCF_023516575.1_ASM2351657v1,8,2908209.5.fna,GCF_023516575.1_ASM2351657v1_genomic.fna, 2548888, 2548888,2908209.5.fna_vs_GCF_023516575.1_ASM2351657v1_genomic.fna_blast.xml,0,0,0,0,0,0,0,0,2548888,0,0,0,0,0,0,2908209_subject_array_1739775062.bin
159322,291112,DSM 15149,291112.8,8,https://ftp.ncbi.nlm.nih.gov/genomes/all/GCF/003/634/575/GCF_003634575.1_ASM363457v1,8,291112.8.fna,GCF_003634575.1_ASM363457v1_genomic.fna, 5103671, 5103671,291112.8.fna_vs_GCF_003634575.1_ASM363457v1_genomic.fna_blast.xml,0,0,0,0,0,0,0,0,5103671,0,0,0,0,0,0,291112_subject_array_1739775070.bin
159443,2912631,ECL404,2912631.5,8,https://ftp.ncbi.nlm.nih.gov/genomes/all/GCF/021/869/625/GCF_021869625.1_ASM2186962v1,8,2912631.5.fna,GCF_021869625.1_ASM2186962v1_genomic.fna, 5420719, 5420719,2912631.5.fna_vs_GCF_021869625.1_ASM2186962v1_genomic.fna_blast.xml,0,0,0,0,0,0,0,0,5420719,0,0,0,0,0,0,2912631_subject_array_1739775072.bin
159541,2914165,OA1,2914165.6,8,https://ftp.ncbi.nlm.nih.gov/genomes/all/GCF/022/440/885/GCF_022440885.1_ASM2244088v1,8,2914165.6.fna,GCF_022440885.1_ASM2244088v1_genomic.fna, 5398428, 5398428,2914165.6.fna_vs_GCF_022440885.1_ASM2244088v1_genomic.fna_blast.xml,0,0,0,0,0,0,0,0,5398427,0,0,1,0,0,0,2914165_subject_array_1739775074.bin
159666,2916634,RD055328,2916634.5,8,https://ftp.ncbi.nlm.nih.gov/genomes/all/GCF/022/835/675/GCF_022835675.1_ASM2283567v1,8,2916634.5.fna,GCF_022835675.1_ASM2283567v1_genomic.fna, 1390920, 1390920,2916634.5.fna_vs_GCF_022835675.1_ASM2283567v1_genomic.fna_blast.xml,0,0,0,0,0,0,0,314,1390606,0,0,0,0,0,0,2916634_subject_array_1739775074.bin
159775,2918395,SD-1,2918395.3,8,https://ftp.ncbi.nlm.nih.gov/genomes/all/GCF/030/542/005/GCF_030542005.1_ASM3054200v1,8,2918395.3.fna,GCF_030542005.1_ASM3054200v1_genomic.fna, 5087946, 5087946,2918395.3.fna_vs_GCF_030542005.1_ASM3054200v1_genomic.fna_blast.xml,0,0,0,0,0,0,0,0,5087946,0,0,0,0,0,0,2918395_subject_array_1739775076.bin
159796,2919173,KJ2020,2919173.3,8,https://ftp.ncbi.nlm.nih.gov/genomes/all/GCF/024/197/615/GCF_024197615.1_ASM2419761v1,8,2919173.3.fna,GCF_024197615.1_ASM2419761v1_genomic.fna, 3300556, 3300556,2919173.3.fna_vs_GCF_024197615.1_ASM2419761v1_genomic.fna_blast.xml,0,0,0,0,0,0,0,0,3300556,0,0,0,0,0,0,2919173_subject_array_1739775077.bin
160263,2921373,FSL H3-0333,2921373.3,8,https://ftp.ncbi.nlm.nih.gov/genomes/all/GCF/038/002/805/GCF_038002805.1_ASM3800280v1,8,2921373.3.fna,GCF_038002805.1_ASM3800280v1_genomic.fna, 7801070, 7801070,2921373.3.fna_vs_GCF_038002805.1_ASM3800280v1_genomic.fna_blast.xml,0,0,0,0,0,0,0,0,7801070,0,0,0,0,0,0,2921373_subject_array_1739775080.bin
160281,2921402,FSL H8-0545,2921402.3,8,https://ftp.ncbi.nlm.nih.gov/genomes/all/GCF/038/006/105/GCF_038006105.1_ASM3800610v1,8,2921402.3.fna,GCF_038006105.1_ASM3800610v1_genomic.fna, 5624799, 5624799,2921402.3.fna_vs_GCF_038006105.1_ASM3800610v1_genomic.fna_blast.xml,0,0,0,0,0,0,0,0,5624799,0,0,0,0,0,0,2921402_subject_array_1739775082.bin
160284,2921407,FSL K6-0042,2921407.3,8,https://ftp.ncbi.nlm.nih.gov/genomes/all/GCF/038/006/685/GCF_038006685.1_ASM3800668v1,8,2921407.3.fna,GCF_038006685.1_ASM3800668v1_genomic.fna, 5429515, 5429515,2921407.3.fna_vs_GCF_038006685.1_ASM3800668v1_genomic.fna_blast.xml,0,0,0,0,0,0,0,0,5429515,0,0,0,0,0,0,2921407_subject_array_1739775084.bin
160290,2921414,FSL K6-0073,2921414.3,8,https://ftp.ncbi.nlm.nih.gov/genomes/all/GCF/038/006/085/GCF_038006085.1_ASM3800608v1,8,2921414.3.fna,GCF_038006085.1_ASM3800608v1_genomic.fna, 7024183, 7024183,2921414.3.fna_vs_GCF_038006085.1_ASM3800608v1_genomic.fna_blast.xml,0,0,0,0,0,0,0,0,7024183,0,0,0,0,0,0,2921414_subject_array_1739775087.bin
160297,2921424,FSL K6-0223,2921424.3,8,https://ftp.ncbi.nlm.nih.gov/genomes/all/GCF/038/008/285/GCF_038008285.1_ASM3800828v1,8,2921424.3.fna,GCF_038008285.1_ASM3800828v1_genomic.fna, 4747098, 4747098,2921424.3.fna_vs_GCF_038008285.1_ASM3800828v1_genomic.fna_blast.xml,0,0,0,0,0,0,0,0,4747098,0,0,0,0,0,0,2921424_subject_array_1739775089.bin
160362,2921516,FSL L8-0152,2921516.3,8,https://ftp.ncbi.nlm.nih.gov/genomes/all/GCF/038/006/365/GCF_038006365.1_ASM3800636v1,8,2921516.3.fna,GCF_038006365.1_ASM3800636v1_genomic.fna, 6307743, 6307743,2921516.3.fna_vs_GCF_038006365.1_ASM3800636v1_genomic.fna_blast.xml,0,0,0,0,0,0,0,0,6307743,0,0,0,0,0,0,2921516_subject_array_1739775091.bin
160423,2921590,FSL R9-9410,2921590.3,8,https://ftp.ncbi.nlm.nih.gov/genomes/all/GCF/038/050/385/GCF_038050385.1_ASM3805038v1,8,2921590.3.fna,GCF_038050385.1_ASM3805038v1_genomic.fna, 5963656, 5963656,2921590.3.fna_vs_GCF_038050385.1_ASM3805038v1_genomic.fna_blast.xml,0,0,0,0,0,0,0,0,5963656,0,0,0,0,0,0,2921590_subject_array_1739775094.bin
160430,2921598,FSL W8-0210,2921598.3,8,https://ftp.ncbi.nlm.nih.gov/genomes/all/GCF/038/006/045/GCF_038006045.1_ASM3800604v1,8,2921598.3.fna,GCF_038006045.1_ASM3800604v1_genomic.fna, 3352182, 3352182,2921598.3.fna_vs_GCF_038006045.1_ASM3800604v1_genomic.fna_blast.xml,0,0,0,0,0,0,0,0,3352182,0,0,0,0,0,0,2921598_subject_array_1739775095.bin
160470,2921665,FSL R5-0914,2921665.3,8,https://ftp.ncbi.nlm.nih.gov/genomes/all/GCF/038/004/525/GCF_038004525.1_ASM3800452v1,8,2921665.3.fna,GCF_038004525.1_ASM3800452v1_genomic.fna, 7145469, 7145469,2921665.3.fna_vs_GCF_038004525.1_ASM3800452v1_genomic.fna_blast.xml,0,0,0,0,0,0,0,0,7145469,0,0,0,0,0,0,2921665_subject_array_1739775097.bin
160488,2921690,FSL R7-0682,2921690.3,8,https://ftp.ncbi.nlm.nih.gov/genomes/all/GCF/038/005/985/GCF_038005985.1_ASM3800598v1,8,2921690.3.fna,GCF_038005985.1_ASM3800598v1_genomic.fna, 4060709, 4060709,2921690.3.fna_vs_GCF_038005985.1_ASM3800598v1_genomic.fna_blast.xml,0,0,0,0,0,0,0,0,4060709,0,0,0,0,0,0,2921690_subject_array_1739775099.bin
160791,2927791,50,2927791.5,8,https://ftp.ncbi.nlm.nih.gov/genomes/all/GCF/022/808/325/GCF_022808325.1_ASM2280832v1,8,2927791.5.fna,GCF_022808325.1_ASM2280832v1_genomic.fna, 2742811, 2742811,2927791.5.fna_vs_GCF_022808325.1_ASM2280832v1_genomic.fna_blast.xml,0,0,0,0,0,0,0,893,2741918,0,0,0,0,0,0,2927791_subject_array_1739775100.bin
161005,2930091,AntQ-1,2930091.3,8,https://ftp.ncbi.nlm.nih.gov/genomes/all/GCF/028/538/045/GCF_028538045.1_ASM2853804v1,8,2930091.3.fna,GCF_028538045.1_ASM2853804v1_genomic.fna, 4702604, 4904521,2930091.3.fna_vs_GCF_028538045.1_ASM2853804v1_genomic.fna_blast.xml,0,0,57,3,0,0,33,185933,4712713,0,13,1117,4581,0,71,2930091_subject_array_1739775101.bin
161012,2930199,BMJM1,2930199.4,8,https://ftp.ncbi.nlm.nih.gov/genomes/all/GCF/025/857/195/GCF_025857195.1_ASM2585719v1,8,2930199.4.fna,GCF_025857195.1_ASM2585719v1_genomic.fna, 5473091, 5473091,2930199.4.fna_vs_GCF_025857195.1_ASM2585719v1_genomic.fna_blast.xml,0,0,0,0,0,0,0,0,5473091,0,0,0,0,0,0,2930199_subject_array_1739775103.bin
161059,29316,BSM-389-WT-23D,29316.3,8,https://ftp.ncbi.nlm.nih.gov/genomes/all/GCF/009/695/705/GCF_009695705.1_ASM969570v1,8,29316.3.fna,GCF_009695705.1_ASM969570v1_genomic.fna, 2373034, 2373034,29316.3.fna_vs_GCF_009695705.1_ASM969570v1_genomic.fna_blast.xml,0,0,0,0,0,0,0,0,2373034,0,0,0,0,0,0,29316_subject_array_1739775104.bin
161120,2933271,CAU 1640,2933271.4,8,https://ftp.ncbi.nlm.nih.gov/genomes/all/GCF/023/156/585/GCF_023156585.1_ASM2315658v1,8,2933271.4.fna,GCF_023156585.1_ASM2315658v1_genomic.fna, 3473000, 3473000,2933271.4.fna_vs_GCF_023156585.1_ASM2315658v1_genomic.fna_blast.xml,0,0,0,0,0,0,0,287,3472713,0,0,0,0,0,0,2933271_subject_array_1739775105.bin
161659,29378,SA283,29378.93,8,https://ftp.ncbi.nlm.nih.gov/genomes/all/GCF/023/614/505/GCF_023614505.1_ASM2361450v1,8,29378.93.fna,GCF_023614505.1_ASM2361450v1_genomic.fna, 2727741, 2727741,29378.93.fna_vs_GCF_023614505.1_ASM2361450v1_genomic.fna_blast.xml,0,0,0,0,0,0,0,0,2727741,0,0,0,0,0,0,29378_subject_array_1739775106.bin
161694,2937991,Marseille-Q6648,2937991.3,8,https://ftp.ncbi.nlm.nih.gov/genomes/all/GCF/943/181/415/GCF_943181415.1_Q6648,8,2937991.3.fna,GCF_943181415.1_Q6648_genomic.fna, 3486506, 3486506,2937991.3.fna_vs_GCF_943181415.1_Q6648_genomic.fna_blast.xml,0,0,0,0,0,0,0,0,3486506,0,0,0,0,0,0,2937991_subject_array_1739775108.bin
162679,29419,NCTC12410,29419.7,8,https://ftp.ncbi.nlm.nih.gov/genomes/all/GCF/900/451/095/GCF_900451095.1_57728_A01,8,29419.7.fna,GCF_900451095.1_57728_A01_genomic.fna, 2237085, 2237085,29419.7.fna_vs_GCF_900451095.1_57728_A01_genomic.fna_blast.xml,0,0,0,0,0,0,0,0,2237085,0,0,0,0,0,0,29419_subject_array_1739775109.bin
162688,2942203,Marseille-Q4954,2942203.6,8,https://ftp.ncbi.nlm.nih.gov/genomes/all/GCF/943/737/025/GCF_943737025.1_PRJEB52566,8,2942203.6.fna,GCF_943737025.1_PRJEB52566_genomic.fna, 6917150, 6917150,2942203.6.fna_vs_GCF_943737025.1_PRJEB52566_genomic.fna_blast.xml,0,0,0,0,0,0,0,0,6917150,0,0,0,0,0,0,2942203_subject_array_1739775111.bin
164077,2950441,Sa,2950441.5,8,https://ftp.ncbi.nlm.nih.gov/genomes/all/GCF/024/158/035/GCF_024158035.1_ASM2415803v1,8,2950441.5.fna,GCF_024158035.1_ASM2415803v1_genomic.fna, 4398720, 4398720,2950441.5.fna_vs_GCF_024158035.1_ASM2415803v1_genomic.fna_blast.xml,0,0,0,0,0,0,0,0,4398720,0,0,0,0,0,0,2950441_subject_array_1739775112.bin
164163,29519,17-29Z1,29519.496,8,https://ftp.ncbi.nlm.nih.gov/genomes/all/GCF/032/610/675/GCF_032610675.1_ASM3261067v1,8,29519.496.fna,GCF_032610675.1_ASM3261067v1_genomic.fna, 1126679, 1126679,29519.496.fna_vs_GCF_032610675.1_ASM3261067v1_genomic.fna_blast.xml,0,0,0,0,0,0,0,704,1125974,0,1,0,0,0,0,29519_subject_array_1739775113.bin
164164,29519,17-54Z3,29519.490,8,https://ftp.ncbi.nlm.nih.gov/genomes/all/GCF/032/604/805/GCF_032604805.1_ASM3260480v1,8,29519.490.fna,GCF_032604805.1_ASM3260480v1_genomic.fna, 1088782, 1088782,29519.490.fna_vs_GCF_032604805.1_ASM3260480v1_genomic.fna_blast.xml,0,0,0,0,0,0,1,764,1088013,0,3,1,0,0,0,29519_subject_array_1739775113.bin
164165,29519,17-56Z1,29519.495,8,https://ftp.ncbi.nlm.nih.gov/genomes/all/GCF/032/609/235/GCF_032609235.1_ASM3260923v1,8,29519.495.fna,GCF_032609235.1_ASM3260923v1_genomic.fna, 1128935, 1128935,29519.495.fna_vs_GCF_032609235.1_ASM3260923v1_genomic.fna_blast.xml,0,0,0,0,0,0,2,454,1128475,0,3,1,0,0,0,29519_subject_array_1739775114.bin
164166,29519,17-58N4,29519.497,8,https://ftp.ncbi.nlm.nih.gov/genomes/all/GCF/032/610/035/GCF_032610035.1_ASM3261003v1,8,29519.497.fna,GCF_032610035.1_ASM3261003v1_genomic.fna, 1127107, 1127107,29519.497.fna_vs_GCF_032610035.1_ASM3261003v1_genomic.fna_blast.xml,0,0,0,0,0,0,2,454,1126648,0,2,1,0,0,0,29519_subject_array_1739775114.bin
164167,29519,17-59N1,29519.494,8,https://ftp.ncbi.nlm.nih.gov/genomes/all/GCF/032/608/435/GCF_032608435.1_ASM3260843v1,8,29519.494.fna,GCF_032608435.1_ASM3260843v1_genomic.fna, 1125572, 1125572,29519.494.fna_vs_GCF_032608435.1_ASM3260843v1_genomic.fna_blast.xml,0,0,0,0,0,0,3,503,1125057,0,4,4,1,0,0,29519_subject_array_1739775114.bin
164172,29519,FNG-1Z1,29519.492,8,https://ftp.ncbi.nlm.nih.gov/genomes/all/GCF/032/607/615/GCF_032607615.1_ASM3260761v1,8,29519.492.fna,GCF_032607615.1_ASM3260761v1_genomic.fna, 1127759, 1127759,29519.492.fna_vs_GCF_032607615.1_ASM3260761v1_genomic.fna_blast.xml,0,0,0,0,0,0,2,559,1127194,0,3,1,0,0,0,29519_subject_array_1739775115.bin
164241,29522,513A,29522.19,8,https://ftp.ncbi.nlm.nih.gov/genomes/all/GCF/008/016/455/GCF_008016455.1_ASM801645v1,8,29522.19.fna,GCF_008016455.1_ASM801645v1_genomic.fna, 2504147, 2504147,29522.19.fna_vs_GCF_008016455.1_ASM801645v1_genomic.fna_blast.xml,0,0,0,0,0,0,0,285,2503857,0,0,0,5,0,0,29522_subject_array_1739775115.bin
164428,2954522,FSL W8-0177,2954522.3,8,https://ftp.ncbi.nlm.nih.gov/genomes/all/GCF/038/006/285/GCF_038006285.1_ASM3800628v1,8,2954522.3.fna,GCF_038006285.1_ASM3800628v1_genomic.fna, 5358015, 5358015,2954522.3.fna_vs_GCF_038006285.1_ASM3800628v1_genomic.fna_blast.xml,0,0,0,0,0,0,0,0,5358015,0,0,0,0,0,0,2954522_subject_array_1739775117.bin
164443,2954549,FSL W8-0097,2954549.3,8,https://ftp.ncbi.nlm.nih.gov/genomes/all/GCF/038/006/225/GCF_038006225.1_ASM3800622v1,8,2954549.3.fna,GCF_038006225.1_ASM3800622v1_genomic.fna, 2606788, 2606788,2954549.3.fna_vs_GCF_038006225.1_ASM3800622v1_genomic.fna_blast.xml,0,0,0,0,0,0,0,0,2606788,0,0,0,0,0,0,2954549_subject_array_1739775118.bin
164444,2954550,FSL W8-0271,2954550.3,8,https://ftp.ncbi.nlm.nih.gov/genomes/all/GCF/038/006/605/GCF_038006605.1_ASM3800660v1,8,2954550.3.fna,GCF_038006605.1_ASM3800660v1_genomic.fna, 2785864, 2785864,2954550.3.fna_vs_GCF_038006605.1_ASM3800660v1_genomic.fna_blast.xml,0,0,0,0,0,0,0,0,2785864,0,0,0,0,0,0,2954550_subject_array_1739775119.bin
164498,2954616,FSL L8-0199,2954616.3,8,https://ftp.ncbi.nlm.nih.gov/genomes/all/GCF/038/005/705/GCF_038005705.1_ASM3800570v1,8,2954616.3.fna,GCF_038005705.1_ASM3800570v1_genomic.fna, 6832454, 6832454,2954616.3.fna_vs_GCF_038005705.1_ASM3800570v1_genomic.fna_blast.xml,0,0,0,0,0,0,0,0,6832454,0,0,0,0,0,0,2954616_subject_array_1739775122.bin
164506,2954625,FSL W8-0524,2954625.3,8,https://ftp.ncbi.nlm.nih.gov/genomes/all/GCF/038/005/965/GCF_038005965.1_ASM3800596v1,8,2954625.3.fna,GCF_038005965.1_ASM3800596v1_genomic.fna, 5579023, 5579023,2954625.3.fna_vs_GCF_038005965.1_ASM3800596v1_genomic.fna_blast.xml,0,0,0,0,0,0,0,0,5579023,0,0,0,0,0,0,2954625_subject_array_1739775124.bin
164530,2954660,FSL R10-2780,2954660.3,8,https://ftp.ncbi.nlm.nih.gov/genomes/all/GCF/038/006/125/GCF_038006125.1_ASM3800612v1,8,2954660.3.fna,GCF_038006125.1_ASM3800612v1_genomic.fna, 5417395, 5417395,2954660.3.fna_vs_GCF_038006125.1_ASM3800612v1_genomic.fna_blast.xml,0,0,0,0,0,0,0,0,5417395,0,0,0,0,0,0,2954660_subject_array_1739775126.bin
164550,2954690,FSL L8-0526,2954690.3,8,https://ftp.ncbi.nlm.nih.gov/genomes/all/GCF/038/007/145/GCF_038007145.1_ASM3800714v1,8,2954690.3.fna,GCF_038007145.1_ASM3800714v1_genomic.fna, 2018822, 2018822,2954690.3.fna_vs_GCF_038007145.1_ASM3800714v1_genomic.fna_blast.xml,0,0,0,0,0,0,0,0,2018822,0,0,0,0,0,0,2954690_subject_array_1739775127.bin
164564,2954711,FSL W8-1207,2954711.3,8,https://ftp.ncbi.nlm.nih.gov/genomes/all/GCF/038/003/745/GCF_038003745.1_ASM3800374v1,8,2954711.3.fna,GCF_038003745.1_ASM3800374v1_genomic.fna, 2903563, 2903563,2954711.3.fna_vs_GCF_038003745.1_ASM3800374v1_genomic.fna_blast.xml,0,0,0,0,0,0,0,0,2903563,0,0,0,0,0,0,2954711_subject_array_1739775128.bin
164642,29559,3891S22A,29559.100,8,https://ftp.ncbi.nlm.nih.gov/genomes/all/GCF/028/736/895/GCF_028736895.1_ASM2873689v1,8,29559.100.fna,GCF_028736895.1_ASM2873689v1_genomic.fna,  849552,  849552,29559.100.fna_vs_GCF_028736895.1_ASM2873689v1_genomic.fna_blast.xml,0,0,0,0,0,0,0,0,849552,0,0,0,0,0,0,29559_subject_array_1739775128.bin
165055,2962593,PRF11,2962593.4,8,https://ftp.ncbi.nlm.nih.gov/genomes/all/GCF/031/844/085/GCF_031844085.1_ASM3184408v1,8,2962593.4.fna,GCF_031844085.1_ASM3184408v1_genomic.fna, 3413179, 3413179,2962593.4.fna_vs_GCF_031844085.1_ASM3184408v1_genomic.fna_blast.xml,0,0,0,0,0,0,0,0,3413179,0,0,0,0,0,0,2962593_subject_array_1739775129.bin
165384,2972780,Marseille-Q5619,2972780.5,8,https://ftp.ncbi.nlm.nih.gov/genomes/all/GCF/946/901/205/GCF_946901205.1_PRJEB55209,8,2972780.5.fna,GCF_946901205.1_PRJEB55209_genomic.fna, 2086857, 2086857,2972780.5.fna_vs_GCF_946901205.1_PRJEB55209_genomic.fna_blast.xml,0,0,0,0,0,0,0,0,2086857,0,0,0,0,0,0,2972780_subject_array_1739775130.bin
165477,2975312,FSL L8-0709,2975312.3,8,https://ftp.ncbi.nlm.nih.gov/genomes/all/GCF/038/008/105/GCF_038008105.1_ASM3800810v1,8,2975312.3.fna,GCF_038008105.1_ASM3800810v1_genomic.fna, 7612085, 7612085,2975312.3.fna_vs_GCF_038008105.1_ASM3800810v1_genomic.fna_blast.xml,0,0,0,0,0,0,0,0,7612085,0,0,0,0,0,0,2975312_subject_array_1739775133.bin
165639,2975707,NBC_00305,2975707.3,8,https://ftp.ncbi.nlm.nih.gov/genomes/all/GCF/026/342/275/GCF_026342275.1_ASM2634227v1,8,2975707.3.fna,GCF_026342275.1_ASM2634227v1_genomic.fna, 10235136, 10235136,2975707.3.fna_vs_GCF_026342275.1_ASM2634227v1_genomic.fna_blast.xml,0,0,0,0,0,0,0,0,10235135,0,1,0,0,0,0,2975707_subject_array_1739775137.bin
165677,2975746,NBC_00452,2975746.3,8,https://ftp.ncbi.nlm.nih.gov/genomes/all/GCF/026/341/995/GCF_026341995.1_ASM2634199v1,8,2975746.3.fna,GCF_026341995.1_ASM2634199v1_genomic.fna, 10065136, 10065136,2975746.3.fna_vs_GCF_026341995.1_ASM2634199v1_genomic.fna_blast.xml,0,0,0,0,0,0,0,0,10065135,0,0,1,0,0,0,2975746_subject_array_1739775140.bin
165815,2976334,B.PNR1,2976334.6,8,https://ftp.ncbi.nlm.nih.gov/genomes/all/GCF/030/386/235/GCF_030386235.1_ASM3038623v1,8,2976334.6.fna,GCF_030386235.1_ASM3038623v1_genomic.fna, 4113144, 4113144,2976334.6.fna_vs_GCF_030386235.1_ASM3038623v1_genomic.fna_blast.xml,0,0,0,0,0,0,0,100,4113044,0,0,0,0,0,0,2976334_subject_array_1739775142.bin
165832,2976696,BJYL2,2976696.3,8,https://ftp.ncbi.nlm.nih.gov/genomes/all/GCF/027/257/935/GCF_027257935.1_ASM2725793v1,8,2976696.3.fna,GCF_027257935.1_ASM2725793v1_genomic.fna, 3453623, 3453623,2976696.3.fna_vs_GCF_027257935.1_ASM2725793v1_genomic.fna_blast.xml,0,0,0,0,0,0,0,0,3453623,0,0,0,0,0,0,2976696_subject_array_1739775143.bin
165874,2976835,FSL L8-0287,2976835.3,8,https://ftp.ncbi.nlm.nih.gov/genomes/all/GCF/038/006/065/GCF_038006065.1_ASM3800606v1,8,2976835.3.fna,GCF_038006065.1_ASM3800606v1_genomic.fna, 6352255, 6352255,2976835.3.fna_vs_GCF_038006065.1_ASM3800606v1_genomic.fna_blast.xml,0,0,0,0,0,0,0,0,6352255,0,0,0,0,0,0,2976835_subject_array_1739775145.bin
166158,2983826,JMF_02 ED1,2983826.3,8,https://ftp.ncbi.nlm.nih.gov/genomes/all/GCF/027/737/625/GCF_027737625.1_ASM2773762v1,8,2983826.3.fna,GCF_027737625.1_ASM2773762v1_genomic.fna, 1516207, 1533593,2983826.3.fna_vs_GCF_027737625.1_ASM2773762v1_genomic.fna_blast.xml,0,0,6,0,0,0,0,16772,1516215,0,0,28,547,0,25,2983826_subject_array_1739775146.bin
166637,2991934,OBS3,2991934.3,8,https://ftp.ncbi.nlm.nih.gov/genomes/all/GCF/026/319/325/GCF_026319325.1_ASM2631932v1,8,2991934.3.fna,GCF_026319325.1_ASM2631932v1_genomic.fna, 2301603, 2301603,2991934.3.fna_vs_GCF_026319325.1_ASM2631932v1_genomic.fna_blast.xml,0,0,0,0,0,0,0,0,2301603,0,0,0,0,0,0,2991934_subject_array_1739775147.bin
166662,299262,DOK1-4,299262.9,8,https://ftp.ncbi.nlm.nih.gov/genomes/all/GCF/001/969/365/GCF_001969365.1_ASM196936v1,8,299262.9.fna,GCF_001969365.1_ASM196936v1_genomic.fna, 4315457, 4315457,299262.9.fna_vs_GCF_001969365.1_ASM196936v1_genomic.fna_blast.xml,0,0,0,0,0,0,0,0,4315457,0,0,0,0,0,0,299262_subject_array_1739775148.bin
167194,299767,MGH216,299767.182,8,https://ftp.ncbi.nlm.nih.gov/genomes/all/GCF/014/903/095/GCF_014903095.1_ASM1490309v1,8,299767.182.fna,GCF_014903095.1_ASM1490309v1_genomic.fna, 5225825, 5225825,299767.182.fna_vs_GCF_014903095.1_ASM1490309v1_genomic.fna_blast.xml,0,0,0,0,0,0,0,59785,5166029,0,0,0,11,0,0,299767_subject_array_1739775150.bin
167296,300,NCTC10898,300.56,8,https://ftp.ncbi.nlm.nih.gov/genomes/all/GCF/900/455/585/GCF_900455585.1_43781_A01,8,300.56.fna,GCF_900455585.1_43781_A01_genomic.fna, 5239785, 5239785,300.56.fna_vs_GCF_900455585.1_43781_A01_genomic.fna_blast.xml,0,0,0,0,0,0,0,0,5239785,0,0,0,0,0,0,300_subject_array_1739775152.bin
167304,300019,DE0063,300019.5,8,https://ftp.ncbi.nlm.nih.gov/genomes/all/GCF/007/679/925/GCF_007679925.1_ASM767992v1,8,300019.5.fna,GCF_007679925.1_ASM767992v1_genomic.fna, 3063534, 3063534,300019.5.fna_vs_GCF_007679925.1_ASM767992v1_genomic.fna_blast.xml,0,0,0,0,0,0,0,580,3062954,0,0,0,0,0,0,300019_subject_array_1739775153.bin
167525,3003393,TR11,3003393.3,8,https://ftp.ncbi.nlm.nih.gov/genomes/all/GCF/027/105/035/GCF_027105035.1_ASM2710503v1,8,3003393.3.fna,GCF_027105035.1_ASM2710503v1_genomic.fna, 3390740, 3390740,3003393.3.fna_vs_GCF_027105035.1_ASM2710503v1_genomic.fna_blast.xml,0,0,0,0,0,0,0,0,3390740,0,0,0,0,0,0,3003393_subject_array_1739775154.bin
167568,300825,DSM 19099,300825.3,8,https://ftp.ncbi.nlm.nih.gov/genomes/all/GCF/004/375/095/GCF_004375095.1_ASM437509v1,8,300825.3.fna,GCF_004375095.1_ASM437509v1_genomic.fna, 3995080, 3995080,300825.3.fna_vs_GCF_004375095.1_ASM437509v1_genomic.fna_blast.xml,0,0,0,0,0,0,0,0,3995080,0,0,0,0,0,0,300825_subject_array_1739775155.bin
167718,3015164,WMMA2121,3015164.3,8,https://ftp.ncbi.nlm.nih.gov/genomes/all/GCF/027/460/185/GCF_027460185.1_ASM2746018v1,8,3015164.3.fna,GCF_027460185.1_ASM2746018v1_genomic.fna, 7054303, 7054303,3015164.3.fna_vs_GCF_027460185.1_ASM2746018v1_genomic.fna_blast.xml,0,0,0,0,0,0,0,0,7054303,0,0,0,0,0,0,3015164_subject_array_1739775158.bin
167761,3016105,WMMD1102,3016105.3,8,https://ftp.ncbi.nlm.nih.gov/genomes/all/GCF/029/626/265/GCF_029626265.1_ASM2962626v1,8,3016105.3.fna,GCF_029626265.1_ASM2962626v1_genomic.fna, 8920919, 8920919,3016105.3.fna_vs_GCF_029626265.1_ASM2962626v1_genomic.fna_blast.xml,0,0,0,0,0,0,0,0,8920919,0,0,0,0,0,0,3016105_subject_array_1739775161.bin
168184,3026967,SF857,3026967.3,8,https://ftp.ncbi.nlm.nih.gov/genomes/all/GCF/030/272/115/GCF_030272115.1_ASM3027211v1,8,3026967.3.fna,GCF_030272115.1_ASM3027211v1_genomic.fna, 4156865, 4156865,3026967.3.fna_vs_GCF_030272115.1_ASM3027211v1_genomic.fna_blast.xml,0,0,0,0,0,0,0,97,4156765,0,0,0,3,0,0,3026967_subject_array_1739775163.bin
168419,303,31753,303.1097,8,https://ftp.ncbi.nlm.nih.gov/genomes/all/GCF/028/682/455/GCF_028682455.1_ASM2868245v1,8,303.1097.fna,GCF_028682455.1_ASM2868245v1_genomic.fna, 6280393, 6280393,303.1097.fna_vs_GCF_028682455.1_ASM2868245v1_genomic.fna_blast.xml,0,0,0,0,0,0,0,0,6280393,0,0,0,0,0,0,303_subject_array_1739775165.bin
169578,3048616,CCI2.3,3048616.3,8,https://ftp.ncbi.nlm.nih.gov/genomes/all/GCF/034/313/845/GCF_034313845.1_ASM3431384v1,8,3048616.3.fna,GCF_034313845.1_ASM3431384v1_genomic.fna, 4607688, 4607688,3048616.3.fna_vs_GCF_034313845.1_ASM3431384v1_genomic.fna_blast.xml,0,0,0,0,0,0,0,0,4607688,0,0,0,0,0,0,3048616_subject_array_1739775167.bin
169879,3050579,TY813,3050579.3,8,https://ftp.ncbi.nlm.nih.gov/genomes/all/GCF/030/755/155/GCF_030755155.1_ASM3075515v1,8,3050579.3.fna,GCF_030755155.1_ASM3075515v1_genomic.fna, 7565612, 7565612,3050579.3.fna_vs_GCF_030755155.1_ASM3075515v1_genomic.fna_blast.xml,0,0,0,0,0,0,0,0,7565612,0,0,0,0,0,0,3050579_subject_array_1739775170.bin
169950,3053497,J2P1-31,3053497.3,8,https://ftp.ncbi.nlm.nih.gov/genomes/all/GCF/030/317/215/GCF_030317215.1_ASM3031721v1,8,3053497.3.fna,GCF_030317215.1_ASM3031721v1_genomic.fna, 6565578, 6565578,3053497.3.fna_vs_GCF_030317215.1_ASM3031721v1_genomic.fna_blast.xml,0,0,0,0,0,0,0,0,6565578,0,0,0,0,0,0,3053497_subject_array_1739775172.bin
170020,3055866,DX1.1,3055866.3,8,https://ftp.ncbi.nlm.nih.gov/genomes/all/GCF/030/348/225/GCF_030348225.1_ASM3034822v1,8,3055866.3.fna,GCF_030348225.1_ASM3034822v1_genomic.fna, 5642017, 5642017,3055866.3.fna_vs_GCF_030348225.1_ASM3034822v1_genomic.fna_blast.xml,0,0,0,0,0,0,0,0,5642017,0,0,0,0,0,0,3055866_subject_array_1739775180.bin
170021,3055867,DX4.1,3055867.3,8,https://ftp.ncbi.nlm.nih.gov/genomes/all/GCF/030/348/195/GCF_030348195.1_ASM3034819v1,8,3055867.3.fna,GCF_030348195.1_ASM3034819v1_genomic.fna, 5629426, 5629426,3055867.3.fna_vs_GCF_030348195.1_ASM3034819v1_genomic.fna_blast.xml,0,0,0,0,0,0,0,0,5629426,0,0,0,0,0,0,3055867_subject_array_1739775184.bin
170277,3058374,P9F1,3058374.8,8,https://ftp.ncbi.nlm.nih.gov/genomes/all/GCF/030/436/115/GCF_030436115.1_ASM3043611v1,8,3058374.8.fna,GCF_030436115.1_ASM3043611v1_genomic.fna, 1186527, 1186527,3058374.8.fna_vs_GCF_030436115.1_ASM3043611v1_genomic.fna_blast.xml,0,0,0,0,0,0,0,500,1186026,0,0,1,0,0,0,3058374_subject_array_1739775185.bin
170363,3061100,msm4,3061100.3,8,https://ftp.ncbi.nlm.nih.gov/genomes/all/GCF/032/025/605/GCF_032025605.1_ASM3202560v1,8,3061100.3.fna,GCF_032025605.1_ASM3202560v1_genomic.fna, 4756934, 4756934,3061100.3.fna_vs_GCF_032025605.1_ASM3202560v1_genomic.fna_blast.xml,0,0,0,0,0,0,0,0,4756934,0,0,0,0,0,0,3061100_subject_array_1739775187.bin
170516,3064651,SYSU T00178,3064651.4,8,https://ftp.ncbi.nlm.nih.gov/genomes/all/GCF/030/586/525/GCF_030586525.1_ASM3058652v1,8,3064651.4.fna,GCF_030586525.1_ASM3058652v1_genomic.fna, 3283153, 3283153,3064651.4.fna_vs_GCF_030586525.1_ASM3058652v1_genomic.fna_blast.xml,0,0,0,0,0,0,0,100,3283053,0,0,0,0,0,0,3064651_subject_array_1739775188.bin
170518,3064653,SYSU T00b408,3064653.4,8,https://ftp.ncbi.nlm.nih.gov/genomes/all/GCF/030/588/085/GCF_030588085.1_ASM3058808v1,8,3064653.4.fna,GCF_030588085.1_ASM3058808v1_genomic.fna, 3228191, 3228191,3064653.4.fna_vs_GCF_030588085.1_ASM3058808v1_genomic.fna_blast.xml,0,0,0,0,0,0,0,400,3227791,0,0,0,0,0,0,3064653_subject_array_1739775189.bin
170577,3068315,31-16,3068315.3,8,https://ftp.ncbi.nlm.nih.gov/genomes/all/GCF/030/730/865/GCF_030730865.1_ASM3073086v1,8,3068315.3.fna,GCF_030730865.1_ASM3073086v1_genomic.fna, 3901289, 3901289,3068315.3.fna_vs_GCF_030730865.1_ASM3073086v1_genomic.fna_blast.xml,0,0,0,0,0,0,0,0,3901289,0,0,0,0,0,0,3068315_subject_array_1739775190.bin
170669,3072139,LHD-64,3072139.7,8,https://ftp.ncbi.nlm.nih.gov/genomes/all/GCF/031/157/375/GCF_031157375.1_ASM3115737v1,8,3072139.7.fna,GCF_031157375.1_ASM3115737v1_genomic.fna, 3888792, 3888792,3072139.7.fna_vs_GCF_031157375.1_ASM3115737v1_genomic.fna_blast.xml,0,0,0,0,0,0,0,0,3888792,0,0,0,0,0,0,3072139_subject_array_1739775192.bin
170746,3073814,MBLB3053,3073814.3,8,https://ftp.ncbi.nlm.nih.gov/genomes/all/GCF/031/822/435/GCF_031822435.1_ASM3182243v1,8,3073814.3.fna,GCF_031822435.1_ASM3182243v1_genomic.fna, 4603921, 4603921,3073814.3.fna_vs_GCF_031822435.1_ASM3182243v1_genomic.fna_blast.xml,0,0,0,0,0,0,0,0,4603921,0,0,0,0,0,0,3073814_subject_array_1739775193.bin
171098,3077236,APW13,3077236.3,8,https://ftp.ncbi.nlm.nih.gov/genomes/all/GCF/032/337/135/GCF_032337135.1_ASM3233713v1,8,3077236.3.fna,GCF_032337135.1_ASM3233713v1_genomic.fna, 4187198, 4187198,3077236.3.fna_vs_GCF_032337135.1_ASM3233713v1_genomic.fna_blast.xml,0,0,0,0,0,0,0,100,4187098,0,0,0,0,0,0,3077236_subject_array_1739775195.bin
171167,3079556,LC.270.F.C4,3079556.5,8,https://ftp.ncbi.nlm.nih.gov/genomes/all/GCF/032/922/545/GCF_032922545.1_ASM3292254v1,8,3079556.5.fna,GCF_032922545.1_ASM3292254v1_genomic.fna, 4271872, 4271872,3079556.5.fna_vs_GCF_032922545.1_ASM3292254v1_genomic.fna_blast.xml,0,0,0,0,0,0,0,0,4271868,0,0,4,0,0,0,3079556_subject_array_1739775196.bin
171510,3100174,OXR-159,3100174.3,8,https://ftp.ncbi.nlm.nih.gov/genomes/all/GCF/034/377/145/GCF_034377145.1_ASM3437714v1,8,3100174.3.fna,GCF_034377145.1_ASM3437714v1_genomic.fna, 4422053, 4422053,3100174.3.fna_vs_GCF_034377145.1_ASM3437714v1_genomic.fna_blast.xml,0,0,0,0,0,0,0,0,4422053,0,0,0,0,0,0,3100174_subject_array_1739775198.bin
171644,3107773,CH_XMU1448-2,3107773.3,8,https://ftp.ncbi.nlm.nih.gov/genomes/all/GCF/037/027/285/GCF_037027285.1_ASM3702728v1,8,3107773.3.fna,GCF_037027285.1_ASM3702728v1_genomic.fna, 4421008, 4421008,3107773.3.fna_vs_GCF_037027285.1_ASM3702728v1_genomic.fna_blast.xml,0,0,0,0,0,0,0,0,4421008,0,0,0,0,0,0,3107773_subject_array_1739775199.bin
171915,316,KOL14.W25.495.90,316.581,8,https://ftp.ncbi.nlm.nih.gov/genomes/all/GCF/016/622/135/GCF_016622135.1_ASM1662213v1,8,316.581.fna,GCF_016622135.1_ASM1662213v1_genomic.fna, 4647272, 4647272,316.581.fna_vs_GCF_016622135.1_ASM1662213v1_genomic.fna_blast.xml,0,0,0,0,0,0,0,96,4647176,0,0,0,0,0,0,316_subject_array_1739775201.bin
172282,317018,CD08_7,317018.4,8,https://ftp.ncbi.nlm.nih.gov/genomes/all/GCF/001/483/765/GCF_001483765.1_ASM148376v1,8,317018.4.fna,GCF_001483765.1_ASM148376v1_genomic.fna, 2925195, 2925195,317018.4.fna_vs_GCF_001483765.1_ASM148376v1_genomic.fna_blast.xml,0,0,0,0,0,0,0,0,2925195,0,0,0,0,0,0,317018_subject_array_1739775202.bin
172568,319705,933,319705.95,8,https://ftp.ncbi.nlm.nih.gov/genomes/all/GCF/900/133/625/GCF_900133625.1_12163_1_11,8,319705.95.fna,GCF_900133625.1_12163_1_11_genomic.fna, 5196431, 5196431,319705.95.fna_vs_GCF_900133625.1_12163_1_11_genomic.fna_blast.xml,0,0,0,0,0,0,1,3029,5193319,0,17,65,0,0,0,319705_subject_array_1739775203.bin
172642,31998,NYY1,31998.82,8,https://ftp.ncbi.nlm.nih.gov/genomes/all/GCF/021/484/845/GCF_021484845.1_ASM2148484v1,8,31998.82.fna,GCF_021484845.1_ASM2148484v1_genomic.fna, 6853233, 6853233,31998.82.fna_vs_GCF_021484845.1_ASM2148484v1_genomic.fna_blast.xml,0,0,0,0,0,0,0,0,6853233,0,0,0,0,0,0,31998_subject_array_1739775206.bin
172647,32001,NCTC10388,32001.3,8,https://ftp.ncbi.nlm.nih.gov/genomes/all/GCF/900/445/215/GCF_900445215.1_56089_D02,8,32001.3.fna,GCF_900445215.1_56089_D02_genomic.fna, 4245241, 4245241,32001.3.fna_vs_GCF_900445215.1_56089_D02_genomic.fna_blast.xml,0,0,0,0,0,0,0,0,4245241,0,0,0,0,0,0,32001_subject_array_1739775207.bin
172714,32022,1603,32022.869,8,https://ftp.ncbi.nlm.nih.gov/genomes/all/GCF/013/393/015/GCF_013393015.1_ASM1339301v1,8,32022.869.fna,GCF_013393015.1_ASM1339301v1_genomic.fna, 1582311, 1582311,32022.869.fna_vs_GCF_013393015.1_ASM1339301v1_genomic.fna_blast.xml,0,0,0,0,0,0,0,0,1582311,0,0,0,0,0,0,32022_subject_array_1739775208.bin
172717,32022,266,32022.866,8,https://ftp.ncbi.nlm.nih.gov/genomes/all/GCF/013/392/965/GCF_013392965.1_ASM1339296v1,8,32022.866.fna,GCF_013392965.1_ASM1339296v1_genomic.fna, 1609270, 1609270,32022.866.fna_vs_GCF_013392965.1_ASM1339296v1_genomic.fna_blast.xml,0,0,0,0,0,0,0,0,1609270,0,0,0,0,0,0,32022_subject_array_1739775208.bin
173406,328812,BFG-290,328812.177,8,https://ftp.ncbi.nlm.nih.gov/genomes/all/GCF/024/788/545/GCF_024788545.1_ASM2478854v1,8,328812.177.fna,GCF_024788545.1_ASM2478854v1_genomic.fna, 7028490, 7028490,328812.177.fna_vs_GCF_024788545.1_ASM2478854v1_genomic.fna_blast.xml,0,0,0,0,0,0,0,0,7028490,0,0,0,0,0,0,328812_subject_array_1739775211.bin
173431,328813,CE91-St17,328813.118,8,https://ftp.ncbi.nlm.nih.gov/genomes/all/GCF/022/834/935/GCF_022834935.1_ASM2283493v1,8,328813.118.fna,GCF_022834935.1_ASM2283493v1_genomic.fna, 3811789, 3811789,328813.118.fna_vs_GCF_022834935.1_ASM2283493v1_genomic.fna_blast.xml,0,0,0,0,0,0,0,0,3811789,0,0,0,0,0,0,328813_subject_array_1739775212.bin
174396,333962,P12672,333962.3,8,https://ftp.ncbi.nlm.nih.gov/genomes/all/GCF/900/061/445/GCF_900061445.1_Providencia_heimbachae,8,333962.3.fna,GCF_900061445.1_Providencia_heimbachae_genomic.fna, 4220610, 4220610,333962.3.fna_vs_GCF_900061445.1_Providencia_heimbachae_genomic.fna_blast.xml,0,0,0,0,0,0,0,0,4220610,0,0,0,0,0,0,333962_subject_array_1739775213.bin
174698,337005,CV2,337005.3,8,https://ftp.ncbi.nlm.nih.gov/genomes/all/GCF/004/216/575/GCF_004216575.1_ASM421657v1,8,337005.3.fna,GCF_004216575.1_ASM421657v1_genomic.fna, 2544518, 2544518,337005.3.fna_vs_GCF_004216575.1_ASM421657v1_genomic.fna_blast.xml,0,0,0,0,0,0,0,96,2544422,0,0,0,0,0,0,337005_subject_array_1739775214.bin
174861,33894,MAL020148,33894.6,8,https://ftp.ncbi.nlm.nih.gov/genomes/all/GCF/000/666/125/GCF_000666125.1_Myco_afri_MAL020148_V1,8,33894.6.fna,GCF_000666125.1_Myco_afri_MAL020148_V1_genomic.fna, 4386178, 4389704,33894.6.fna_vs_GCF_000666125.1_Myco_afri_MAL020148_V1_genomic.fna_blast.xml,0,0,0,0,0,0,0,3525,4386178,0,0,0,1,0,0,33894_subject_array_1739775216.bin
174902,339,MEDV_P25,339.79,8,https://ftp.ncbi.nlm.nih.gov/genomes/all/GCF/003/363/795/GCF_003363795.1_ASM336379v1,8,339.79.fna,GCF_003363795.1_ASM336379v1_genomic.fna, 4941118, 4941118,339.79.fna_vs_GCF_003363795.1_ASM336379v1_genomic.fna_blast.xml,0,0,0,0,0,0,0,238,4940873,0,0,0,7,0,0,339_subject_array_1739775218.bin
175046,33922,PS6,33922.4,8,https://ftp.ncbi.nlm.nih.gov/genomes/all/GCF/002/272/945/GCF_002272945.1_ASM227294v1,8,33922.4.fna,GCF_002272945.1_ASM227294v1_genomic.fna, 1274972, 1274972,33922.4.fna_vs_GCF_002272945.1_ASM227294v1_genomic.fna_blast.xml,0,0,0,0,0,0,0,472,1274500,0,0,0,0,0,0,33922_subject_array_1739775218.bin
175382,33964,NRIC 1776,33964.186,8,https://ftp.ncbi.nlm.nih.gov/genomes/all/GCF/008/326/545/GCF_008326545.1_ASM832654v1,8,33964.186.fna,GCF_008326545.1_ASM832654v1_genomic.fna, 1806779, 1806779,33964.186.fna_vs_GCF_008326545.1_ASM832654v1_genomic.fna_blast.xml,0,0,0,0,0,0,0,106,1806673,0,0,0,0,0,0,33964_subject_array_1739775219.bin
175390,33964,TMW21194,33964.189,8,https://ftp.ncbi.nlm.nih.gov/genomes/all/GCF/009/792/915/GCF_009792915.1_ASM979291v1,8,33964.189.fna,GCF_009792915.1_ASM979291v1_genomic.fna, 1735318, 1735318,33964.189.fna_vs_GCF_009792915.1_ASM979291v1_genomic.fna_blast.xml,0,0,0,0,0,0,0,0,1735318,0,0,0,0,0,0,33964_subject_array_1739775219.bin
175464,33970,21.1,33970.7,8,https://ftp.ncbi.nlm.nih.gov/genomes/all/GCF/001/047/455/GCF_001047455.1_ASM104745v1,8,33970.7.fna,GCF_001047455.1_ASM104745v1_genomic.fna, 2077318, 2077318,33970.7.fna_vs_GCF_001047455.1_ASM104745v1_genomic.fna_blast.xml,0,0,0,0,0,0,0,0,2077318,0,0,0,0,0,0,33970_subject_array_1739775220.bin
175934,340190,SECVM-7,340190.132,8,https://ftp.ncbi.nlm.nih.gov/genomes/all/GCF/030/505/975/GCF_030505975.1_ASM3050597v1,8,340190.132.fna,GCF_030505975.1_ASM3050597v1_genomic.fna, 5000428, 5000428,340190.132.fna_vs_GCF_030505975.1_ASM3050597v1_genomic.fna_blast.xml,0,0,0,0,0,0,0,100,5000328,0,0,0,0,0,0,340190_subject_array_1739775222.bin
175972,340221,CGMCC 1.12214,340221.3,8,https://ftp.ncbi.nlm.nih.gov/genomes/all/GCF/014/636/935/GCF_014636935.1_ASM1463693v1,8,340221.3.fna,GCF_014636935.1_ASM1463693v1_genomic.fna, 5082645, 5082645,340221.3.fna_vs_GCF_014636935.1_ASM1463693v1_genomic.fna_blast.xml,0,0,0,0,0,0,0,287,5082358,0,0,0,0,0,0,340221_subject_array_1739775223.bin
175990,34059,NCTC11091,34059.8,8,https://ftp.ncbi.nlm.nih.gov/genomes/all/GCF/900/453/305/GCF_900453305.1_48853_D02,8,34059.8.fna,GCF_900453305.1_48853_D02_genomic.fna, 2501639, 2501639,34059.8.fna_vs_GCF_900453305.1_48853_D02_genomic.fna_blast.xml,0,0,0,0,0,0,0,0,2501638,0,0,1,0,0,0,34059_subject_array_1739775225.bin
176007,34062,FDAARGOS_1129,34062.124,8,https://ftp.ncbi.nlm.nih.gov/genomes/all/GCF/016/791/645/GCF_016791645.1_ASM1679164v1,8,34062.124.fna,GCF_016791645.1_ASM1679164v1_genomic.fna, 2914484, 2914484,34062.124.fna_vs_GCF_016791645.1_ASM1679164v1_genomic.fna_blast.xml,0,0,0,0,0,0,0,0,2914483,0,1,0,0,0,0,34062_subject_array_1739775226.bin
176011,34062,NP7,34062.31,8,https://ftp.ncbi.nlm.nih.gov/genomes/all/GCF/002/753/715/GCF_002753715.1_ASM275371v2,8,34062.31.fna,GCF_002753715.1_ASM275371v2_genomic.fna, 2730583, 3043784,34062.31.fna_vs_GCF_002753715.1_ASM275371v2_genomic.fna_blast.xml,0,0,11,3,0,0,13,299645,2737162,0,12,560,6364,0,14,34062_subject_array_1739775227.bin
177688,359110,PgKB38,359110.17,8,https://ftp.ncbi.nlm.nih.gov/genomes/all/GCF/008/692/105/GCF_008692105.1_ASM869210v1,8,359110.17.fna,GCF_008692105.1_ASM869210v1_genomic.fna, 7069197, 7069197,359110.17.fna_vs_GCF_008692105.1_ASM869210v1_genomic.fna_blast.xml,0,0,0,0,0,0,0,0,7069197,0,0,0,0,0,0,359110_subject_array_1739775233.bin
178354,36809,FLAC0711b,36809.1113,8,https://ftp.ncbi.nlm.nih.gov/genomes/all/GCF/030/342/155/GCF_030342155.1_ASM3034215v1,8,36809.1113.fna,GCF_030342155.1_ASM3034215v1_genomic.fna, 5144935, 5144935,36809.1113.fna_vs_GCF_030342155.1_ASM3034215v1_genomic.fna_blast.xml,0,0,0,0,0,0,0,0,5144935,0,0,0,0,0,0,36809_subject_array_1739775234.bin
178367,36809,G107,36809.550,8,https://ftp.ncbi.nlm.nih.gov/genomes/all/GCF/003/583/005/GCF_003583005.1_ASM358300v1,8,36809.550.fna,GCF_003583005.1_ASM358300v1_genomic.fna, 4972595, 4972595,36809.550.fna_vs_GCF_003583005.1_ASM358300v1_genomic.fna_blast.xml,0,0,0,0,0,0,0,0,4972595,0,0,0,0,0,0,36809_subject_array_1739775236.bin
178382,36809,G124,36809.539,8,https://ftp.ncbi.nlm.nih.gov/genomes/all/GCF/003/582/785/GCF_003582785.1_ASM358278v1,8,36809.539.fna,GCF_003582785.1_ASM358278v1_genomic.fna, 4726521, 4726521,36809.539.fna_vs_GCF_003582785.1_ASM358278v1_genomic.fna_blast.xml,0,0,0,0,0,0,0,0,4726521,0,0,0,0,0,0,36809_subject_array_1739775238.bin
178413,36809,G173,36809.519,8,https://ftp.ncbi.nlm.nih.gov/genomes/all/GCF/003/582/375/GCF_003582375.1_ASM358237v1,8,36809.519.fna,GCF_003582375.1_ASM358237v1_genomic.fna, 5158934, 5158934,36809.519.fna_vs_GCF_003582375.1_ASM358237v1_genomic.fna_blast.xml,0,0,0,0,0,0,0,95,5158839,0,0,0,0,0,0,36809_subject_array_1739775239.bin
178435,36809,G204,36809.499,8,https://ftp.ncbi.nlm.nih.gov/genomes/all/GCF/003/581/985/GCF_003581985.1_ASM358198v1,8,36809.499.fna,GCF_003581985.1_ASM358198v1_genomic.fna, 5026817, 5026817,36809.499.fna_vs_GCF_003581985.1_ASM358198v1_genomic.fna_blast.xml,0,0,0,0,0,0,0,96,5026721,0,0,0,0,0,0,36809_subject_array_1739775241.bin
178456,36809,G89,36809.486,8,https://ftp.ncbi.nlm.nih.gov/genomes/all/GCF/003/581/725/GCF_003581725.1_ASM358172v1,8,36809.486.fna,GCF_003581725.1_ASM358172v1_genomic.fna, 4956838, 4956838,36809.486.fna_vs_GCF_003581725.1_ASM358172v1_genomic.fna_blast.xml,0,0,0,0,0,0,0,100,4956738,0,0,0,0,0,0,36809_subject_array_1739775243.bin
179069,373,F2/5,373.195,8,https://ftp.ncbi.nlm.nih.gov/genomes/all/GCF/021/559/795/GCF_021559795.1_ASM2155979v1,8,373.195.fna,GCF_021559795.1_ASM2155979v1_genomic.fna, 5955786, 5955786,373.195.fna_vs_GCF_021559795.1_ASM2155979v1_genomic.fna_blast.xml,0,0,0,0,0,0,0,0,5955786,0,0,0,0,0,0,373_subject_array_1739775245.bin
179275,374606,MSH1,374606.11,8,https://ftp.ncbi.nlm.nih.gov/genomes/all/GCF/003/063/555/GCF_003063555.1_ASM306355v1,8,374606.11.fna,GCF_003063555.1_ASM306355v1_genomic.fna, 6321606, 6321606,374606.11.fna_vs_GCF_003063555.1_ASM306355v1_genomic.fna_blast.xml,0,0,0,0,0,0,0,0,6321606,0,0,0,0,0,0,374606_subject_array_1739775247.bin
179363,375175,TMW 1.1989,375175.20,8,https://ftp.ncbi.nlm.nih.gov/genomes/all/GCF/001/663/675/GCF_001663675.1_ASM166367v1,8,375175.20.fna,GCF_001663675.1_ASM166367v1_genomic.fna, 2851935, 2851935,375175.20.fna_vs_GCF_001663675.1_ASM166367v1_genomic.fna_blast.xml,0,0,0,0,0,0,0,0,2851935,0,0,0,0,0,0,375175_subject_array_1739775248.bin
179366,375175,TMW 1.2002,375175.23,8,https://ftp.ncbi.nlm.nih.gov/genomes/all/GCF/001/663/755/GCF_001663755.1_ASM166375v1,8,375175.23.fna,GCF_001663755.1_ASM166375v1_genomic.fna, 2845603, 2845603,375175.23.fna_vs_GCF_001663755.1_ASM166375v1_genomic.fna_blast.xml,0,0,0,0,0,0,0,0,2845603,0,0,0,0,0,0,375175_subject_array_1739775250.bin
179688,379069,Mok-17,379069.4,8,https://ftp.ncbi.nlm.nih.gov/genomes/all/GCF/023/721/415/GCF_023721415.1_ASM2372141v1,8,379069.4.fna,GCF_023721415.1_ASM2372141v1_genomic.fna, 3770994, 3770994,379069.4.fna_vs_GCF_023721415.1_ASM2372141v1_genomic.fna_blast.xml,0,0,0,0,0,0,0,0,3770994,0,0,0,0,0,0,379069_subject_array_1739775251.bin
179767,37929,JCM 1333,37929.17,8,https://ftp.ncbi.nlm.nih.gov/genomes/all/GCF/039/535/075/GCF_039535075.1_ASM3953507v1,8,37929.17.fna,GCF_039535075.1_ASM3953507v1_genomic.fna, 3749358, 3749358,37929.17.fna_vs_GCF_039535075.1_ASM3953507v1_genomic.fna_blast.xml,0,0,0,0,0,0,0,0,3749358,0,0,0,0,0,0,37929_subject_array_1739775252.bin
179789,37931,SD-1,37931.27,8,https://ftp.ncbi.nlm.nih.gov/genomes/all/GCF/025/919/765/GCF_025919765.1_ASM2591976v1,8,37931.27.fna,GCF_025919765.1_ASM2591976v1_genomic.fna, 5087946, 5087946,37931.27.fna_vs_GCF_025919765.1_ASM2591976v1_genomic.fna_blast.xml,0,0,0,0,0,0,0,0,5087946,0,0,0,0,0,0,37931_subject_array_1739775254.bin
179917,380021,P9_191,380021.211,8,https://ftp.ncbi.nlm.nih.gov/genomes/all/GCF/033/989/955/GCF_033989955.1_ASM3398995v1,8,380021.211.fna,GCF_033989955.1_ASM3398995v1_genomic.fna, 6870647, 6870647,380021.211.fna_vs_GCF_033989955.1_ASM3398995v1_genomic.fna_blast.xml,0,0,0,0,0,0,0,0,6870647,0,0,0,0,0,0,380021_subject_array_1739775257.bin
179927,380021,PF-1,380021.75,8,https://ftp.ncbi.nlm.nih.gov/genomes/all/GCF/005/887/595/GCF_005887595.1_ASM588759v1,8,380021.75.fna,GCF_005887595.1_ASM588759v1_genomic.fna, 7052842, 7052842,380021.75.fna_vs_GCF_005887595.1_ASM588759v1_genomic.fna_blast.xml,0,0,0,0,0,0,0,0,7052842,0,0,0,0,0,0,380021_subject_array_1739775260.bin
180340,38293,9045-81,38293.59,8,https://ftp.ncbi.nlm.nih.gov/genomes/all/GCF/014/525/275/GCF_014525275.1_ASM1452527v1,8,38293.59.fna,GCF_014525275.1_ASM1452527v1_genomic.fna, 4412338, 4412338,38293.59.fna_vs_GCF_014525275.1_ASM1452527v1_genomic.fna_blast.xml,0,0,0,0,0,0,0,0,4412338,0,0,0,0,0,0,38293_subject_array_1739775262.bin
180884,384,SM39,384.313,8,https://ftp.ncbi.nlm.nih.gov/genomes/all/GCF/004/306/715/GCF_004306715.1_ASM430671v1,8,384.313.fna,GCF_004306715.1_ASM430671v1_genomic.fna, 7477101, 7477101,384.313.fna_vs_GCF_004306715.1_ASM430671v1_genomic.fna_blast.xml,0,0,0,0,0,0,0,1068,7476015,0,0,0,18,0,0,384_subject_array_1739775264.bin
180927,384,Vaf10,384.18,8,https://ftp.ncbi.nlm.nih.gov/genomes/all/GCF/001/679/785/GCF_001679785.1_ASM167978v1,8,384.18.fna,GCF_001679785.1_ASM167978v1_genomic.fna, 8567819, 8567819,384.18.fna_vs_GCF_001679785.1_ASM167978v1_genomic.fna_blast.xml,0,0,0,0,0,0,0,0,8567819,0,0,0,0,0,0,384_subject_array_1739775268.bin
181145,388466,DSM 18101,388466.3,8,https://ftp.ncbi.nlm.nih.gov/genomes/all/GCF/004/217/555/GCF_004217555.1_ASM421755v1,8,388466.3.fna,GCF_004217555.1_ASM421755v1_genomic.fna, 7445115, 7445115,388466.3.fna_vs_GCF_004217555.1_ASM421755v1_genomic.fna_blast.xml,0,0,0,0,0,0,0,0,7445115,0,0,0,0,0,0,388466_subject_array_1739775271.bin
181654,395933,CC29,395933.19,8,https://ftp.ncbi.nlm.nih.gov/genomes/all/GCF/030/812/195/GCF_030812195.1_ASM3081219v1,8,395933.19.fna,GCF_030812195.1_ASM3081219v1_genomic.fna, 4495410, 4495410,395933.19.fna_vs_GCF_030812195.1_ASM3081219v1_genomic.fna_blast.xml,0,0,0,0,0,0,0,0,4495410,0,0,0,0,0,0,395933_subject_array_1739775273.bin
181743,39692,P7335,39692.10,8,https://ftp.ncbi.nlm.nih.gov/genomes/all/GCF/900/417/285/GCF_900417285.1_PRJEB26917,8,39692.10.fna,GCF_900417285.1_PRJEB26917_genomic.fna, 6175772, 6175772,39692.10.fna_vs_GCF_900417285.1_PRJEB26917_genomic.fna_blast.xml,0,0,0,0,0,0,0,115,6175656,0,0,1,0,0,0,39692_subject_array_1739775275.bin
181774,39777,NCTC11830,39777.29,8,https://ftp.ncbi.nlm.nih.gov/genomes/all/GCF/900/460/235/GCF_900460235.1_51485_B02,8,39777.29.fna,GCF_900460235.1_51485_B02_genomic.fna, 2107942, 2107942,39777.29.fna_vs_GCF_900460235.1_51485_B02_genomic.fna_blast.xml,0,0,1,0,0,0,0,0,2107850,0,0,0,91,0,0,39777_subject_array_1739775275.bin
181791,398050,3262,398050.3,8,https://ftp.ncbi.nlm.nih.gov/genomes/all/GCF/031/456/535/GCF_031456535.1_ASM3145653v1,8,398050.3.fna,GCF_031456535.1_ASM3145653v1_genomic.fna, 6199444, 6199444,398050.3.fna_vs_GCF_031456535.1_ASM3145653v1_genomic.fna_blast.xml,0,0,0,0,0,0,0,0,6199444,0,0,0,0,0,0,398050_subject_array_1739775278.bin
181981,40041,SEZ_18-057,40041.525,8,https://ftp.ncbi.nlm.nih.gov/genomes/all/GCF/021/076/715/GCF_021076715.1_ASM2107671v1,8,40041.525.fna,GCF_021076715.1_ASM2107671v1_genomic.fna, 2240697, 2240697,40041.525.fna_vs_GCF_021076715.1_ASM2107671v1_genomic.fna_blast.xml,0,0,0,0,0,0,0,0,2240697,0,0,0,0,0,0,40041_subject_array_1739775278.bin
182000,40041,SEZ_19-051,40041.508,8,https://ftp.ncbi.nlm.nih.gov/genomes/all/GCF/021/076/085/GCF_021076085.1_ASM2107608v1,8,40041.508.fna,GCF_021076085.1_ASM2107608v1_genomic.fna, 2320699, 2320699,40041.508.fna_vs_GCF_021076085.1_ASM2107608v1_genomic.fna_blast.xml,0,0,0,0,0,0,0,0,2320699,0,0,0,0,0,0,40041_subject_array_1739775279.bin
182045,400946,F6514,400946.11,8,https://ftp.ncbi.nlm.nih.gov/genomes/all/GCF/002/252/255/GCF_002252255.1_ASM225225v1,8,400946.11.fna,GCF_002252255.1_ASM225225v1_genomic.fna, 2112239, 2112239,400946.11.fna_vs_GCF_002252255.1_ASM225225v1_genomic.fna_blast.xml,0,0,0,0,0,0,0,0,2112239,0,0,0,0,0,0,400946_subject_array_1739775280.bin
182048,400946,F9188,400946.8,8,https://ftp.ncbi.nlm.nih.gov/genomes/all/GCF/002/252/195/GCF_002252195.1_ASM225219v1,8,400946.8.fna,GCF_002252195.1_ASM225219v1_genomic.fna, 2127263, 2127263,400946.8.fna_vs_GCF_002252195.1_ASM225219v1_genomic.fna_blast.xml,0,0,0,0,0,0,0,0,2127263,0,0,0,0,0,0,400946_subject_array_1739775281.bin
182608,40324,E999,40324.484,8,https://ftp.ncbi.nlm.nih.gov/genomes/all/GCF/002/799/215/GCF_002799215.1_ASM279921v1,8,40324.484.fna,GCF_002799215.1_ASM279921v1_genomic.fna, 4408302, 4408302,40324.484.fna_vs_GCF_002799215.1_ASM279921v1_genomic.fna_blast.xml,0,0,0,0,0,0,0,0,4408302,0,0,0,0,0,0,40324_subject_array_1739775283.bin
183435,410332,DSM 45064,410332.5,8,https://ftp.ncbi.nlm.nih.gov/genomes/all/GCF/900/105/435/GCF_900105435.1_IMG-taxon_2639762576_annotated_assembly,8,410332.5.fna,GCF_900105435.1_IMG-taxon_2639762576_annotated_assembly_genomic.fna, 4714353, 4714353,410332.5.fna_vs_GCF_900105435.1_IMG-taxon_2639762576_annotated_assembly_genomic.fna_blast.xml,0,0,0,0,0,0,0,0,4714351,0,0,2,0,0,0,410332_subject_array_1739775284.bin
183836,41434,SF-018-002,41434.10,8,https://ftp.ncbi.nlm.nih.gov/genomes/all/GCF/033/870/415/GCF_033870415.1_ASM3387041v1,8,41434.10.fna,GCF_033870415.1_ASM3387041v1_genomic.fna, 4801845, 4801845,41434.10.fna_vs_GCF_033870415.1_ASM3387041v1_genomic.fna_blast.xml,0,0,0,0,0,0,2,0,4801740,0,2,101,0,0,0,41434_subject_array_1739775288.bin
183855,415217,JCM 15575,415217.7,8,https://ftp.ncbi.nlm.nih.gov/genomes/all/GCF/039/531/105/GCF_039531105.1_ASM3953110v1,8,415217.7.fna,GCF_039531105.1_ASM3953110v1_genomic.fna, 3538876, 3538876,415217.7.fna_vs_GCF_039531105.1_ASM3953110v1_genomic.fna_blast.xml,0,0,0,0,0,0,0,97,3538779,0,0,0,0,0,0,415217_subject_array_1739775289.bin
184300,425004,DSM 18997,425004.4,8,https://ftp.ncbi.nlm.nih.gov/genomes/all/GCF/029/525/555/GCF_029525555.1_ASM2952555v1,8,425004.4.fna,GCF_029525555.1_ASM2952555v1_genomic.fna, 7220644, 7220644,425004.4.fna_vs_GCF_029525555.1_ASM2952555v1_genomic.fna_blast.xml,0,0,0,0,0,0,0,99,7220539,0,0,1,5,0,0,425004_subject_array_1739775292.bin
184512,429001,UI2,429001.3,8,https://ftp.ncbi.nlm.nih.gov/genomes/all/GCF/900/177/755/GCF_900177755.1_IMG-taxon_2708742469_annotated_assembly,8,429001.3.fna,GCF_900177755.1_IMG-taxon_2708742469_annotated_assembly_genomic.fna, 3577011, 3577011,429001.3.fna_vs_GCF_900177755.1_IMG-taxon_2708742469_annotated_assembly_genomic.fna_blast.xml,0,0,0,0,0,0,2,0,3577006,0,2,1,0,0,0,429001_subject_array_1739775293.bin
184542,43057,ORIO,43057.14,8,https://ftp.ncbi.nlm.nih.gov/genomes/all/GCF/022/227/035/GCF_022227035.1_ASM2222703v1,8,43057.14.fna,GCF_022227035.1_ASM2222703v1_genomic.fna, 4802972, 4802972,43057.14.fna_vs_GCF_022227035.1_ASM2222703v1_genomic.fna_blast.xml,0,0,0,0,0,0,0,0,4802972,0,0,0,0,0,0,43057_subject_array_1739775295.bin
184622,433641,JCM 16015,433641.5,8,https://ftp.ncbi.nlm.nih.gov/genomes/all/GCF/039/531/715/GCF_039531715.1_ASM3953171v1,8,433641.5.fna,GCF_039531715.1_ASM3953171v1_genomic.fna, 3445160, 3445160,433641.5.fna_vs_GCF_039531715.1_ASM3953171v1_genomic.fna_blast.xml,0,0,1,1,0,0,0,1114,3443986,0,0,11,45,0,2,433641_subject_array_1739775296.bin
186124,444448,EC4045,444448.5,8,https://ftp.ncbi.nlm.nih.gov/genomes/all/GCF/000/181/755/GCF_000181755.1_ASM18175v1,8,444448.5.fna,GCF_000181755.1_ASM18175v1_genomic.fna, 5634850, 5634850,444448.5.fna_vs_GCF_000181755.1_ASM18175v1_genomic.fna_blast.xml,0,0,0,0,0,0,2,0,5634846,0,1,1,0,0,0,444448_subject_array_1739775298.bin
187064,44688,FM03,44688.18,8,https://ftp.ncbi.nlm.nih.gov/genomes/all/GCF/002/148/215/GCF_002148215.1_ASM214821v1,8,44688.18.fna,GCF_002148215.1_ASM214821v1_genomic.fna, 2509249, 2509249,44688.18.fna_vs_GCF_002148215.1_ASM214821v1_genomic.fna_blast.xml,0,0,0,0,0,0,0,0,2509249,0,0,0,0,0,0,44688_subject_array_1739775299.bin
187155,450367,44,450367.32,8,https://ftp.ncbi.nlm.nih.gov/genomes/all/GCF/014/876/495/GCF_014876495.1_ASM1487649v1,8,450367.32.fna,GCF_014876495.1_ASM1487649v1_genomic.fna, 5574407, 5574407,450367.32.fna_vs_GCF_014876495.1_ASM1487649v1_genomic.fna_blast.xml,0,0,0,1,0,0,0,90913,5483429,0,0,4,60,0,0,450367_subject_array_1739775301.bin
187164,450367,CF13,450367.95,8,https://ftp.ncbi.nlm.nih.gov/genomes/all/GCF/030/348/785/GCF_030348785.1_ASM3034878v1,8,450367.95.fna,GCF_030348785.1_ASM3034878v1_genomic.fna, 5623000, 5623000,450367.95.fna_vs_GCF_030348785.1_ASM3034878v1_genomic.fna_blast.xml,0,0,0,0,0,0,0,0,5623000,0,0,0,0,0,0,450367_subject_array_1739775304.bin
187246,45073,PATHC020,45073.9,8,https://ftp.ncbi.nlm.nih.gov/genomes/all/GCF/026/190/915/GCF_026190915.1_ASM2619091v1,8,45073.9.fna,GCF_026190915.1_ASM2619091v1_genomic.fna, 3605084, 3605084,45073.9.fna_vs_GCF_026190915.1_ASM2619091v1_genomic.fna_blast.xml,0,0,0,0,0,0,0,0,3605084,0,0,0,0,0,0,45073_subject_array_1739775305.bin
187276,451709,03BB108,451709.7,8,https://ftp.ncbi.nlm.nih.gov/genomes/all/GCF/000/832/865/GCF_000832865.1_ASM83286v1,8,451709.7.fna,GCF_000832865.1_ASM83286v1_genomic.fna, 6068729, 6068729,451709.7.fna_vs_GCF_000832865.1_ASM83286v1_genomic.fna_blast.xml,0,0,0,0,0,0,0,0,6068728,0,1,0,0,0,0,451709_subject_array_1739775307.bin
187578,45611,ACAM 304,45611.3,8,https://ftp.ncbi.nlm.nih.gov/genomes/all/GCF/007/997/305/GCF_007997305.1_ASM799730v1,8,45611.3.fna,GCF_007997305.1_ASM799730v1_genomic.fna, 2846672, 2846672,45611.3.fna_vs_GCF_007997305.1_ASM799730v1_genomic.fna_blast.xml,0,0,0,0,0,0,0,0,2846671,0,1,0,0,0,0,45611_subject_array_1739775308.bin
187807,458033,OC1,458033.11,8,https://ftp.ncbi.nlm.nih.gov/genomes/all/GCF/001/482/755/GCF_001482755.1_ASM148275v1,8,458033.11.fna,GCF_001482755.1_ASM148275v1_genomic.fna, 3600358, 3600358,458033.11.fna_vs_GCF_001482755.1_ASM148275v1_genomic.fna_blast.xml,0,0,0,0,0,0,0,0,3600358,0,0,0,0,0,0,458033_subject_array_1739775309.bin
187879,45972,KMAAUH-2021-1,45972.109,8,https://ftp.ncbi.nlm.nih.gov/genomes/all/GCF/023/958/515/GCF_023958515.1_ASM2395851v1,8,45972.109.fna,GCF_023958515.1_ASM2395851v1_genomic.fna, 2468944, 2468944,45972.109.fna_vs_GCF_023958515.1_ASM2395851v1_genomic.fna_blast.xml,0,0,0,0,0,0,0,0,2468944,0,0,0,0,0,0,45972_subject_array_1739775310.bin
187903,460265,ORS 2060,460265.11,8,https://ftp.ncbi.nlm.nih.gov/genomes/all/GCF/000/022/085/GCF_000022085.1_ASM2208v1,8,460265.11.fna,GCF_000022085.1_ASM2208v1_genomic.fna, 8839022, 8839022,460265.11.fna_vs_GCF_000022085.1_ASM2208v1_genomic.fna_blast.xml,0,0,0,0,0,0,1,0,8839019,0,2,0,0,0,0,460265_subject_array_1739775314.bin
188131,46177,NBRC 110462,1691891.3,8,https://ftp.ncbi.nlm.nih.gov/genomes/all/GCF/001/417/755/GCF_001417755.1_ASM141775v1,8,1691891.3.fna,GCF_001417755.1_ASM141775v1_genomic.fna, 8992127, 8992127,1691891.3.fna_vs_GCF_001417755.1_ASM141775v1_genomic.fna_blast.xml,0,0,0,0,0,0,0,4080,8988047,0,0,0,0,0,0,1691891_subject_array_1739775317.bin
190227,470,A423,470.11733,8,https://ftp.ncbi.nlm.nih.gov/genomes/all/GCF/013/778/355/GCF_013778355.1_ASM1377835v1,8,470.11733.fna,GCF_013778355.1_ASM1377835v1_genomic.fna, 4029267, 4029267,470.11733.fna_vs_GCF_013778355.1_ASM1377835v1_genomic.fna_blast.xml,0,0,0,0,0,0,0,0,4029267,0,0,0,0,0,0,470_subject_array_1739775319.bin
191603,470,ACN2,470.24019,8,https://ftp.ncbi.nlm.nih.gov/genomes/all/GCF/036/289/665/GCF_036289665.1_ASM3628966v1,8,470.24019.fna,GCF_036289665.1_ASM3628966v1_genomic.fna, 4106690, 4106690,470.24019.fna_vs_GCF_036289665.1_ASM3628966v1_genomic.fna_blast.xml,0,0,0,0,0,0,0,0,4106690,0,0,0,0,0,0,470_subject_array_1739775320.bin
191606,470,ACN5,470.24021,8,https://ftp.ncbi.nlm.nih.gov/genomes/all/GCF/036/289/645/GCF_036289645.1_ASM3628964v1,8,470.24021.fna,GCF_036289645.1_ASM3628964v1_genomic.fna, 4106591, 4106591,470.24021.fna_vs_GCF_036289645.1_ASM3628964v1_genomic.fna_blast.xml,0,0,0,0,0,0,0,0,4106591,0,0,0,0,0,0,470_subject_array_1739775322.bin
194582,470,Mu1956,470.21492,8,https://ftp.ncbi.nlm.nih.gov/genomes/all/GCF/030/168/285/GCF_030168285.1_ASM3016828v1,8,470.21492.fna,GCF_030168285.1_ASM3016828v1_genomic.fna, 4308180, 4308180,470.21492.fna_vs_GCF_030168285.1_ASM3016828v1_genomic.fna_blast.xml,0,0,0,0,0,0,0,0,4308180,0,0,0,0,0,0,470_subject_array_1739775323.bin
196475,470934,MP7,470934.7,8,https://ftp.ncbi.nlm.nih.gov/genomes/all/GCF/000/757/435/GCF_000757435.2_MP7assem4,8,470934.7.fna,GCF_000757435.2_MP7assem4_genomic.fna, 4598703, 4598703,470934.7.fna_vs_GCF_000757435.2_MP7assem4_genomic.fna_blast.xml,0,0,0,0,0,0,0,0,4598703,0,0,0,0,0,0,470934_subject_array_1739775325.bin
196528,471870,DSM 17393,471870.8,8,https://ftp.ncbi.nlm.nih.gov/genomes/all/GCF/000/172/175/GCF_000172175.1_ASM17217v1,8,471870.8.fna,GCF_000172175.1_ASM17217v1_genomic.fna, 6052596, 6052596,471870.8.fna_vs_GCF_000172175.1_ASM17217v1_genomic.fna_blast.xml,0,0,0,0,0,0,0,0,6052596,0,0,0,0,0,0,471870_subject_array_1739775327.bin
196535,472166,DSM 25335,472166.3,8,https://ftp.ncbi.nlm.nih.gov/genomes/all/GCF/014/202/075/GCF_014202075.1_ASM1420207v1,8,472166.3.fna,GCF_014202075.1_ASM1420207v1_genomic.fna, 2648066, 2648066,472166.3.fna_vs_GCF_014202075.1_ASM1420207v1_genomic.fna_blast.xml,0,0,0,0,0,0,0,0,2648066,0,0,0,0,0,0,472166_subject_array_1739775328.bin
196550,472693,Russ,472693.10,8,https://ftp.ncbi.nlm.nih.gov/genomes/all/GCF/001/691/555/GCF_001691555.1_ASM169155v1,8,472693.10.fna,GCF_001691555.1_ASM169155v1_genomic.fna, 3939877, 3939877,472693.10.fna_vs_GCF_001691555.1_ASM169155v1_genomic.fna_blast.xml,0,0,0,0,0,0,0,2401,3937473,0,0,0,3,0,0,472693_subject_array_1739775329.bin
196689,474960,DSM 24774,474960.5,8,https://ftp.ncbi.nlm.nih.gov/genomes/all/GCF/003/814/745/GCF_003814745.1_ASM381474v1,8,474960.5.fna,GCF_003814745.1_ASM381474v1_genomic.fna, 3176247, 3176247,474960.5.fna_vs_GCF_003814745.1_ASM381474v1_genomic.fna_blast.xml,0,0,0,0,0,0,0,0,3176247,0,0,0,0,0,0,474960_subject_array_1739775330.bin
197057,47715,FUA3185,47715.1599,8,https://ftp.ncbi.nlm.nih.gov/genomes/all/GCF/031/626/835/GCF_031626835.1_ASM3162683v1,8,47715.1599.fna,GCF_031626835.1_ASM3162683v1_genomic.fna, 2999184, 2999184,47715.1599.fna_vs_GCF_031626835.1_ASM3162683v1_genomic.fna_blast.xml,0,0,0,0,0,0,0,1183,2997997,0,0,0,4,0,0,47715_subject_array_1739775332.bin
198287,480,NCTC3622,480.289,8,https://ftp.ncbi.nlm.nih.gov/genomes/all/GCF/900/453/095/GCF_900453095.1_52347_C01,8,480.289.fna,GCF_900453095.1_52347_C01_genomic.fna, 2026608, 2026608,480.289.fna_vs_GCF_900453095.1_52347_C01_genomic.fna_blast.xml,0,0,0,0,0,0,0,0,2026606,0,0,0,2,0,0,480_subject_array_1739775332.bin
198603,48296,AR3676,48296.906,8,https://ftp.ncbi.nlm.nih.gov/genomes/all/GCF/036/320/505/GCF_036320505.1_ASM3632050v1,8,48296.906.fna,GCF_036320505.1_ASM3632050v1_genomic.fna, 4005356, 4005356,48296.906.fna_vs_GCF_036320505.1_ASM3632050v1_genomic.fna_blast.xml,0,0,0,0,0,0,0,0,4005356,0,0,0,0,0,0,48296_subject_array_1739775334.bin
198659,48296,CPO117,48296.743,8,https://ftp.ncbi.nlm.nih.gov/genomes/all/GCF/030/186/825/GCF_030186825.2_NA,8,48296.743.fna,GCF_030186825.2_NA_genomic.fna, 4265726, 4265726,48296.743.fna_vs_GCF_030186825.2_NA_genomic.fna_blast.xml,0,0,0,0,0,0,0,0,4265726,0,0,0,0,0,0,48296_subject_array_1739775335.bin
199771,485,GHA-ADB-342/2019,485.12746,8,https://ftp.ncbi.nlm.nih.gov/genomes/all/GCF/021/535/645/GCF_021535645.1_ASM2153564v1,8,485.12746.fna,GCF_021535645.1_ASM2153564v1_genomic.fna, 2263834, 2263834,485.12746.fna_vs_GCF_021535645.1_ASM2153564v1_genomic.fna_blast.xml,0,0,0,0,0,0,0,0,2263834,0,0,0,0,0,0,485_subject_array_1739775337.bin
199777,485,GHA-AIR-057/2019,485.12741,8,https://ftp.ncbi.nlm.nih.gov/genomes/all/GCF/021/535/535/GCF_021535535.1_ASM2153553v1,8,485.12741.fna,GCF_021535535.1_ASM2153553v1_genomic.fna, 2211797, 2211797,485.12741.fna_vs_GCF_021535535.1_ASM2153553v1_genomic.fna_blast.xml,0,0,0,0,0,0,0,0,2211797,0,0,0,0,0,0,485_subject_array_1739775338.bin
199795,485,GHA-TMH-050/2012,485.12760,8,https://ftp.ncbi.nlm.nih.gov/genomes/all/GCF/021/535/945/GCF_021535945.1_ASM2153594v1,8,485.12760.fna,GCF_021535945.1_ASM2153594v1_genomic.fna, 2210976, 2210976,485.12760.fna_vs_GCF_021535945.1_ASM2153594v1_genomic.fna_blast.xml,0,0,0,0,0,0,0,0,2210976,0,0,0,0,0,0,485_subject_array_1739775339.bin
199811,485,GHA-TMH-657/2019,485.12724,8,https://ftp.ncbi.nlm.nih.gov/genomes/all/GCF/021/535/205/GCF_021535205.1_ASM2153520v1,8,485.12724.fna,GCF_021535205.1_ASM2153520v1_genomic.fna, 2213755, 2213755,485.12724.fna_vs_GCF_021535205.1_ASM2153520v1_genomic.fna_blast.xml,0,0,0,0,0,0,0,0,2213755,0,0,0,0,0,0,485_subject_array_1739775340.bin
200626,487,Chien,487.4038,8,https://ftp.ncbi.nlm.nih.gov/genomes/all/GCF/019/455/755/GCF_019455755.1_ASM1945575v1,8,487.4038.fna,GCF_019455755.1_ASM1945575v1_genomic.fna, 2062416, 2062416,487.4038.fna_vs_GCF_019455755.1_ASM1945575v1_genomic.fna_blast.xml,0,0,0,0,0,0,0,8359,2054056,0,0,0,1,0,0,487_subject_array_1739775341.bin
201643,487004,CVM 20723,487004.26,8,https://ftp.ncbi.nlm.nih.gov/genomes/all/GCF/016/454/725/GCF_016454725.1_ASM1645472v1,8,487004.26.fna,GCF_016454725.1_ASM1645472v1_genomic.fna, 5068487, 5068487,487004.26.fna_vs_GCF_016454725.1_ASM1645472v1_genomic.fna_blast.xml,0,0,0,0,0,0,0,0,5068487,0,0,0,0,0,0,487004_subject_array_1739775343.bin
201718,487316,GFJ2,487316.16,8,https://ftp.ncbi.nlm.nih.gov/genomes/all/GCF/001/953/195/GCF_001953195.1_ASM195319v1,8,487316.16.fna,GCF_001953195.1_ASM195319v1_genomic.fna, 3636349, 3636349,487316.16.fna_vs_GCF_001953195.1_ASM195319v1_genomic.fna_blast.xml,0,0,0,0,0,0,0,0,3636349,0,0,0,0,0,0,487316_subject_array_1739775344.bin
202517,492670,FS26,492670.1734,8,https://ftp.ncbi.nlm.nih.gov/genomes/all/GCF/028/477/045/GCF_028477045.1_ASM2847704v1,8,492670.1734.fna,GCF_028477045.1_ASM2847704v1_genomic.fna, 3924320, 3926371,492670.1734.fna_vs_GCF_028477045.1_ASM2847704v1_genomic.fna_blast.xml,0,0,1,0,0,0,0,559,3924490,0,2,8,1311,0,0,492670_subject_array_1739775345.bin
203124,502682,K7-2,502682.8,8,https://ftp.ncbi.nlm.nih.gov/genomes/all/GCF/001/010/925/GCF_001010925.1_ASM101092v1,8,502682.8.fna,GCF_001010925.1_ASM101092v1_genomic.fna, 2724959, 2724959,502682.8.fna_vs_GCF_001010925.1_ASM101092v1_genomic.fna_blast.xml,0,0,0,0,0,0,0,0,2724959,0,0,0,0,0,0,502682_subject_array_1739775346.bin
203298,506591,S122,506591.13,8,https://ftp.ncbi.nlm.nih.gov/genomes/all/GCF/025/139/665/GCF_025139665.1_ASM2513966v1,8,506591.13.fna,GCF_025139665.1_ASM2513966v1_genomic.fna, 4602657, 4602657,506591.13.fna_vs_GCF_025139665.1_ASM2513966v1_genomic.fna_blast.xml,0,0,0,0,0,0,0,0,4602657,0,0,0,0,0,0,506591_subject_array_1739775348.bin
203301,506591,S216,506591.16,8,https://ftp.ncbi.nlm.nih.gov/genomes/all/GCF/025/140/155/GCF_025140155.1_ASM2514015v1,8,506591.16.fna,GCF_025140155.1_ASM2514015v1_genomic.fna, 4730960, 4730960,506591.16.fna_vs_GCF_025140155.1_ASM2514015v1_genomic.fna_blast.xml,0,0,0,0,0,0,0,0,4730960,0,0,0,0,0,0,506591_subject_array_1739775349.bin
203611,515609,ATCC 33697,515609.8,8,https://ftp.ncbi.nlm.nih.gov/genomes/all/GCF/000/171/355/GCF_000171355.1_ASM17135v1,8,515609.8.fna,GCF_000171355.1_ASM17135v1_genomic.fna,  749965,  749965,515609.8.fna_vs_GCF_000171355.1_ASM17135v1_genomic.fna_blast.xml,0,0,0,0,0,0,2,0,749089,0,1,2,871,0,0,515609_subject_array_1739775350.bin
203623,515897,DSM 21219,515897.3,8,https://ftp.ncbi.nlm.nih.gov/genomes/all/GCF/900/156/525/GCF_900156525.1_IMG-taxon_2681812934_annotated_assembly,8,515897.3.fna,GCF_900156525.1_IMG-taxon_2681812934_annotated_assembly_genomic.fna, 2650984, 2650984,515897.3.fna_vs_GCF_900156525.1_IMG-taxon_2681812934_annotated_assembly_genomic.fna_blast.xml,0,0,0,0,0,0,0,0,2650983,0,0,1,0,0,0,515897_subject_array_1739775350.bin
203635,51663,TMW 2.1533,51663.52,8,https://ftp.ncbi.nlm.nih.gov/genomes/all/GCF/001/611/075/GCF_001611075.1_ASM161107v1,8,51663.52.fna,GCF_001611075.1_ASM161107v1_genomic.fna, 2404691, 2404691,51663.52.fna_vs_GCF_001611075.1_ASM161107v1_genomic.fna_blast.xml,0,0,0,0,0,0,0,0,2404691,0,0,0,0,0,0,51663_subject_array_1739775352.bin
203710,516702,KCTC 22165,516702.5,8,https://ftp.ncbi.nlm.nih.gov/genomes/all/GCF/014/651/835/GCF_014651835.1_ASM1465183v1,8,516702.5.fna,GCF_014651835.1_ASM1465183v1_genomic.fna, 5594594, 5594594,516702.5.fna_vs_GCF_014651835.1_ASM1465183v1_genomic.fna_blast.xml,0,0,0,0,0,0,0,95,5594499,0,0,0,0,0,0,516702_subject_array_1739775354.bin
203906,519453,CGMCC 1.7285,519453.3,8,https://ftp.ncbi.nlm.nih.gov/genomes/all/GCF/900/115/255/GCF_900115255.1_IMG-taxon_2617270903_annotated_assembly,8,519453.3.fna,GCF_900115255.1_IMG-taxon_2617270903_annotated_assembly_genomic.fna, 2436491, 2436491,519453.3.fna_vs_GCF_900115255.1_IMG-taxon_2617270903_annotated_assembly_genomic.fna_blast.xml,0,0,0,0,0,0,0,0,2436491,0,0,0,0,0,0,519453_subject_array_1739775354.bin
204731,520,NCTC10902,520.916,8,https://ftp.ncbi.nlm.nih.gov/genomes/all/GCF/900/445/825/GCF_900445825.1_45813_A02,8,520.916.fna,GCF_900445825.1_45813_A02_genomic.fna, 4258522, 4258522,520.916.fna_vs_GCF_900445825.1_45813_A02_genomic.fna_blast.xml,0,0,0,0,0,0,2,0,4258517,0,0,3,0,0,0,520_subject_array_1739775364.bin
205062,52584,B12,52584.31,8,https://ftp.ncbi.nlm.nih.gov/genomes/all/GCF/009/756/015/GCF_009756015.1_ASM975601v1,8,52584.31.fna,GCF_009756015.1_ASM975601v1_genomic.fna, 2592740, 2592740,52584.31.fna_vs_GCF_009756015.1_ASM975601v1_genomic.fna_blast.xml,0,0,0,0,0,0,0,0,2592740,0,0,0,0,0,0,52584_subject_array_1739775365.bin
205169,52767,DSM 20671,52767.4,8,https://ftp.ncbi.nlm.nih.gov/genomes/all/GCF/001/995/055/GCF_001995055.1_ASM199505v1,8,52767.4.fna,GCF_001995055.1_ASM199505v1_genomic.fna, 2904857, 2904857,52767.4.fna_vs_GCF_001995055.1_ASM199505v1_genomic.fna_blast.xml,0,0,0,0,0,0,0,0,2904857,0,0,0,0,0,0,52767_subject_array_1739775366.bin
205203,528244,BV-S,528244.4,8,https://ftp.ncbi.nlm.nih.gov/genomes/all/GCF/001/305/595/GCF_001305595.1_ASM130559v1,8,528244.4.fna,GCF_001305595.1_ASM130559v1_genomic.fna, 7609458, 7609458,528244.4.fna_vs_GCF_001305595.1_ASM130559v1_genomic.fna_blast.xml,0,0,0,0,0,0,0,0,7609458,0,0,0,0,0,0,528244_subject_array_1739775368.bin
205271,529731,2012L-5524,529731.42,8,https://ftp.ncbi.nlm.nih.gov/genomes/all/GCF/017/363/645/GCF_017363645.1_ASM1736364v1,8,529731.42.fna,GCF_017363645.1_ASM1736364v1_genomic.fna, 2737526, 2737526,529731.42.fna_vs_GCF_017363645.1_ASM1736364v1_genomic.fna_blast.xml,0,0,0,0,0,0,3,0,2737522,0,0,0,1,0,0,529731_subject_array_1739775369.bin
205273,529731,2012L-5526,529731.24,8,https://ftp.ncbi.nlm.nih.gov/genomes/all/GCF/014/527/265/GCF_014527265.1_ASM1452726v1,8,529731.24.fna,GCF_014527265.1_ASM1452726v1_genomic.fna, 2722647, 2722647,529731.24.fna_vs_GCF_014527265.1_ASM1452726v1_genomic.fna_blast.xml,0,0,1,0,0,0,0,0,2722635,0,0,1,10,0,0,529731_subject_array_1739775370.bin
205299,529731,FSL W9-0663,529731.32,8,https://ftp.ncbi.nlm.nih.gov/genomes/all/GCF/015/275/895/GCF_015275895.1_ASM1527589v1,8,529731.32.fna,GCF_015275895.1_ASM1527589v1_genomic.fna, 2726587, 2726587,529731.32.fna_vs_GCF_015275895.1_ASM1527589v1_genomic.fna_blast.xml,0,0,0,0,0,0,0,0,2726587,0,0,0,0,0,0,529731_subject_array_1739775371.bin
205504,53345,NCTC8130,53345.35,8,https://ftp.ncbi.nlm.nih.gov/genomes/all/GCF/900/447/695/GCF_900447695.1_43071_E02,8,53345.35.fna,GCF_900447695.1_43071_E02_genomic.fna, 3357395, 3357395,53345.35.fna_vs_GCF_900447695.1_43071_E02_genomic.fna_blast.xml,0,0,0,0,0,0,0,0,3357395,0,0,0,0,0,0,53345_subject_array_1739775374.bin
206273,544718,440,544718.43,8,https://ftp.ncbi.nlm.nih.gov/genomes/all/GCF/001/695/275/GCF_001695275.1_ASM169527v1,8,544718.43.fna,GCF_001695275.1_ASM169527v1_genomic.fna, 1930110, 1930110,544718.43.fna_vs_GCF_001695275.1_ASM169527v1_genomic.fna_blast.xml,0,0,0,0,0,0,0,811,1929297,0,0,2,0,0,0,544718_subject_array_1739775374.bin
206460,545693,QM B1551,545693.3,8,https://ftp.ncbi.nlm.nih.gov/genomes/all/GCF/000/025/825/GCF_000025825.1_ASM2582v1,8,545693.3.fna,GCF_000025825.1_ASM2582v1_genomic.fna, 5522942, 5523192,545693.3.fna_vs_GCF_000025825.1_ASM2582v1_genomic.fna_blast.xml,0,0,0,1,0,0,72,65,5522964,0,33,50,7,0,0,545693_subject_array_1739775376.bin
206777,546,CAV1857,546.593,8,https://ftp.ncbi.nlm.nih.gov/genomes/all/GCF/004/344/985/GCF_004344985.1_ASM434498v1,8,546.593.fna,GCF_004344985.1_ASM434498v1_genomic.fna, 5443800, 5443800,546.593.fna_vs_GCF_004344985.1_ASM434498v1_genomic.fna_blast.xml,0,0,0,0,0,0,0,0,5443799,0,1,0,0,0,0,546_subject_array_1739775378.bin
206882,546,CF-54,546.1949,8,https://ftp.ncbi.nlm.nih.gov/genomes/all/GCF/032/192/395/GCF_032192395.1_ASM3219239v1,8,546.1949.fna,GCF_032192395.1_ASM3219239v1_genomic.fna, 5416927, 5416927,546.1949.fna_vs_GCF_032192395.1_ASM3219239v1_genomic.fna_blast.xml,0,0,0,0,0,0,0,0,5416927,0,0,0,0,0,0,546_subject_array_1739775380.bin
206922,546,CF2206,546.1611,8,https://ftp.ncbi.nlm.nih.gov/genomes/all/GCF/026/240/855/GCF_026240855.1_ASM2624085v1,8,546.1611.fna,GCF_026240855.1_ASM2624085v1_genomic.fna, 5561304, 5561304,546.1611.fna_vs_GCF_026240855.1_ASM2624085v1_genomic.fna_blast.xml,0,0,0,0,0,0,1,1,5561301,0,0,1,0,0,0,546_subject_array_1739775382.bin
206932,546,CF49141,546.1129,8,https://ftp.ncbi.nlm.nih.gov/genomes/all/GCF/017/114/565/GCF_017114565.1_ASM1711456v1,8,546.1129.fna,GCF_017114565.1_ASM1711456v1_genomic.fna, 5788351, 5788351,546.1129.fna_vs_GCF_017114565.1_ASM1711456v1_genomic.fna_blast.xml,0,0,0,0,0,0,0,0,5788351,0,0,0,0,0,0,546_subject_array_1739775384.bin
207137,546,NFYY361,546.2453,8,https://ftp.ncbi.nlm.nih.gov/genomes/all/GCF/039/554/995/GCF_039554995.1_ASM3955499v1,8,546.2453.fna,GCF_039554995.1_ASM3955499v1_genomic.fna, 5805715, 5805715,546.2453.fna_vs_GCF_039554995.1_ASM3955499v1_genomic.fna_blast.xml,0,0,0,0,0,0,0,0,5805715,0,0,0,0,0,0,546_subject_array_1739775386.bin
207234,546,RHBSTW-00985,546.843,8,https://ftp.ncbi.nlm.nih.gov/genomes/all/GCF/013/782/845/GCF_013782845.1_ASM1378284v1,8,546.843.fna,GCF_013782845.1_ASM1378284v1_genomic.fna, 5306363, 5306363,546.843.fna_vs_GCF_013782845.1_ASM1378284v1_genomic.fna_blast.xml,0,0,0,0,0,0,0,0,5306363,0,0,0,0,0,0,546_subject_array_1739775388.bin
207562,548,4417,548.1099,8,https://ftp.ncbi.nlm.nih.gov/genomes/all/GCF/024/918/355/GCF_024918355.1_ASM2491835v1,8,548.1099.fna,GCF_024918355.1_ASM2491835v1_genomic.fna, 5868480, 5868480,548.1099.fna_vs_GCF_024918355.1_ASM2491835v1_genomic.fna_blast.xml,0,0,0,0,0,0,0,0,5868480,0,0,0,0,0,0,548_subject_array_1739775390.bin
207708,548,FDAARGOS_231,548.318,8,https://ftp.ncbi.nlm.nih.gov/genomes/all/GCF/002/891/215/GCF_002891215.1_ASM289121v1,8,548.318.fna,GCF_002891215.1_ASM289121v1_genomic.fna, 5445724, 5445724,548.318.fna_vs_GCF_002891215.1_ASM289121v1_genomic.fna_blast.xml,0,0,0,0,0,0,0,0,5445724,0,0,0,0,0,0,548_subject_array_1739775392.bin
207853,548,NY1688,548.1053,8,https://ftp.ncbi.nlm.nih.gov/genomes/all/GCF/022/759/585/GCF_022759585.1_ASM2275958v1,8,548.1053.fna,GCF_022759585.1_ASM2275958v1_genomic.fna, 5977734, 5977734,548.1053.fna_vs_GCF_022759585.1_ASM2275958v1_genomic.fna_blast.xml,0,0,0,0,0,0,0,0,5977734,0,0,0,0,0,0,548_subject_array_1739775394.bin
207927,548,UCI167,548.766,8,https://ftp.ncbi.nlm.nih.gov/genomes/all/GCF/014/901/605/GCF_014901605.1_ASM1490160v1,8,548.766.fna,GCF_014901605.1_ASM1490160v1_genomic.fna, 5278651, 5278651,548.766.fna_vs_GCF_014901605.1_ASM1490160v1_genomic.fna_blast.xml,0,0,0,0,0,0,0,27158,5251477,0,0,0,16,0,0,548_subject_array_1739775396.bin
207928,548,UCI168,548.765,8,https://ftp.ncbi.nlm.nih.gov/genomes/all/GCF/014/901/595/GCF_014901595.1_ASM1490159v1,8,548.765.fna,GCF_014901595.1_ASM1490159v1_genomic.fna, 5272796, 5272796,548.765.fna_vs_GCF_014901595.1_ASM1490159v1_genomic.fna_blast.xml,0,0,0,0,0,0,0,45865,5226921,0,0,2,8,0,0,548_subject_array_1739775397.bin
208468,550,Effluent_4,550.2256,8,https://ftp.ncbi.nlm.nih.gov/genomes/all/GCF/004/801/595/GCF_004801595.1_ASM480159v1,8,550.2256.fna,GCF_004801595.1_ASM480159v1_genomic.fna, 5393286, 5393286,550.2256.fna_vs_GCF_004801595.1_ASM480159v1_genomic.fna_blast.xml,0,0,0,0,0,0,0,100,5393186,0,0,0,0,0,0,550_subject_array_1739775399.bin
208554,550,UCI162,550.2913,8,https://ftp.ncbi.nlm.nih.gov/genomes/all/GCF/014/901/735/GCF_014901735.1_ASM1490173v1,8,550.2913.fna,GCF_014901735.1_ASM1490173v1_genomic.fna, 5025757, 5025757,550.2913.fna_vs_GCF_014901735.1_ASM1490173v1_genomic.fna_blast.xml,0,0,0,0,0,0,0,28166,4997585,0,0,0,6,0,0,550_subject_array_1739775401.bin
208574,550447,MNA4,550447.3,8,https://ftp.ncbi.nlm.nih.gov/genomes/all/GCF/900/156/305/GCF_900156305.1_IMG-taxon_2681812865_annotated_assembly,8,550447.3.fna,GCF_900156305.1_IMG-taxon_2681812865_annotated_assembly_genomic.fna, 3052035, 3052035,550447.3.fna_vs_GCF_900156305.1_IMG-taxon_2681812865_annotated_assembly_genomic.fna_blast.xml,0,0,0,0,0,0,0,593,3051439,0,3,0,0,0,0,550447_subject_array_1739775402.bin
209010,553,BAV3127,553.506,8,https://ftp.ncbi.nlm.nih.gov/genomes/all/GCF/030/057/225/GCF_030057225.1_ASM3005722v1,8,553.506.fna,GCF_030057225.1_ASM3005722v1_genomic.fna, 4823017, 4823017,553.506.fna_vs_GCF_030057225.1_ASM3005722v1_genomic.fna_blast.xml,0,0,0,0,0,0,0,0,4823017,0,0,0,0,0,0,553_subject_array_1739775403.bin
209274,553611,ljone10.1,553611.17,8,https://ftp.ncbi.nlm.nih.gov/genomes/all/GCF/030/716/965/GCF_030716965.1_ASM3071696v1,8,553611.17.fna,GCF_030716965.1_ASM3071696v1_genomic.fna, 5276714, 5276714,553611.17.fna_vs_GCF_030716965.1_ASM3071696v1_genomic.fna_blast.xml,0,0,0,0,0,0,0,0,5276714,0,0,0,0,0,0,553611_subject_array_1739775406.bin
209581,558021,110,558021.3,8,https://ftp.ncbi.nlm.nih.gov/genomes/all/GCF/006/716/485/GCF_006716485.1_ASM671648v1,8,558021.3.fna,GCF_006716485.1_ASM671648v1_genomic.fna, 5133218, 5133218,558021.3.fna_vs_GCF_006716485.1_ASM671648v1_genomic.fna_blast.xml,0,0,0,0,0,0,0,853,5132364,0,0,1,0,0,0,558021_subject_array_1739775408.bin
209773,561879,ISL-93,561879.138,8,https://ftp.ncbi.nlm.nih.gov/genomes/all/GCF/018/614/995/GCF_018614995.1_ASM1861499v1,8,561879.138.fna,GCF_018614995.1_ASM1861499v1_genomic.fna, 3602567, 3602567,561879.138.fna_vs_GCF_018614995.1_ASM1861499v1_genomic.fna_blast.xml,0,0,0,0,0,0,0,188,3602379,0,0,0,0,0,0,561879_subject_array_1739775409.bin
209872,561879,Tel34,561879.114,8,https://ftp.ncbi.nlm.nih.gov/genomes/all/GCF/016/767/355/GCF_016767355.1_ASM1676735v1,8,561879.114.fna,GCF_016767355.1_ASM1676735v1_genomic.fna, 3634331, 3634331,561879.114.fna_vs_GCF_016767355.1_ASM1676735v1_genomic.fna_blast.xml,0,0,0,0,0,0,0,166,3634165,0,0,0,0,0,0,561879_subject_array_1739775410.bin
210031,562,0H24,562.90794,8,https://ftp.ncbi.nlm.nih.gov/genomes/all/GCF/019/969/545/GCF_019969545.1_ASM1996954v1,8,562.90794.fna,GCF_019969545.1_ASM1996954v1_genomic.fna, 5501496, 5501496,562.90794.fna_vs_GCF_019969545.1_ASM1996954v1_genomic.fna_blast.xml,0,0,0,0,0,0,0,0,5501496,0,0,0,0,0,0,562_subject_array_1739775412.bin
210032,562,0H25,562.90795,8,https://ftp.ncbi.nlm.nih.gov/genomes/all/GCF/019/969/565/GCF_019969565.1_ASM1996956v1,8,562.90795.fna,GCF_019969565.1_ASM1996956v1_genomic.fna, 5491830, 5491830,562.90795.fna_vs_GCF_019969565.1_ASM1996956v1_genomic.fna_blast.xml,0,0,0,0,0,0,0,0,5491830,0,0,0,0,0,0,562_subject_array_1739775414.bin
210250,562,1088-4-1,562.124729,8,https://ftp.ncbi.nlm.nih.gov/genomes/all/GCF/028/598/155/GCF_028598155.1_ASM2859815v1,8,562.124729.fna,GCF_028598155.1_ASM2859815v1_genomic.fna, 5135281, 5135281,562.124729.fna_vs_GCF_028598155.1_ASM2859815v1_genomic.fna_blast.xml,0,0,0,0,0,0,0,0,5135281,0,0,0,0,0,0,562_subject_array_1739775416.bin
210289,562,11-3925,562.63046,8,https://ftp.ncbi.nlm.nih.gov/genomes/all/GCF/013/449/615/GCF_013449615.1_ASM1344961v1,8,562.63046.fna,GCF_013449615.1_ASM1344961v1_genomic.fna, 5463582, 5463582,562.63046.fna_vs_GCF_013449615.1_ASM1344961v1_genomic.fna_blast.xml,0,0,0,0,0,0,0,0,5463582,0,0,0,0,0,0,562_subject_array_1739775418.bin
210350,562,119-1-1,562.124724,8,https://ftp.ncbi.nlm.nih.gov/genomes/all/GCF/028/598/055/GCF_028598055.1_ASM2859805v1,8,562.124724.fna,GCF_028598055.1_ASM2859805v1_genomic.fna, 4862468, 4862468,562.124724.fna_vs_GCF_028598055.1_ASM2859805v1_genomic.fna_blast.xml,0,0,0,0,0,0,0,0,4862468,0,0,0,0,0,0,562_subject_array_1739775420.bin
210590,562,13C1065T,562.50216,8,https://ftp.ncbi.nlm.nih.gov/genomes/all/GCF/002/951/775/GCF_002951775.1_ASM295177v1,8,562.50216.fna,GCF_002951775.1_ASM295177v1_genomic.fna, 5378331, 5378331,562.50216.fna_vs_GCF_002951775.1_ASM295177v1_genomic.fna_blast.xml,0,0,0,0,0,0,0,0,5378331,0,0,0,0,0,0,562_subject_array_1739775423.bin
210734,562,14EC033,562.114661,8,https://ftp.ncbi.nlm.nih.gov/genomes/all/GCF/002/854/065/GCF_002854065.1_ASM285406v1,8,562.114661.fna,GCF_002854065.1_ASM285406v1_genomic.fna, 5211844, 5211844,562.114661.fna_vs_GCF_002854065.1_ASM285406v1_genomic.fna_blast.xml,0,0,0,0,0,0,0,0,5211844,0,0,0,0,0,0,562_subject_array_1739775425.bin
211986,562,2022CK-00450,562.110579,8,https://ftp.ncbi.nlm.nih.gov/genomes/all/GCF/025/398/755/GCF_025398755.1_ASM2539875v1,8,562.110579.fna,GCF_025398755.1_ASM2539875v1_genomic.fna, 5203554, 5203554,562.110579.fna_vs_GCF_025398755.1_ASM2539875v1_genomic.fna_blast.xml,0,0,0,0,0,0,0,0,5203554,0,0,0,0,0,0,562_subject_array_1739775428.bin
212191,562,2103EC,562.138621,8,https://ftp.ncbi.nlm.nih.gov/genomes/all/GCF/034/721/795/GCF_034721795.1_ASM3472179v1,8,562.138621.fna,GCF_034721795.1_ASM3472179v1_genomic.fna, 5408416, 5408416,562.138621.fna_vs_GCF_034721795.1_ASM3472179v1_genomic.fna_blast.xml,0,0,0,0,0,0,0,0,5408416,0,0,0,0,0,0,562_subject_array_1739775429.bin
212372,562,222B089,562.70640,8,https://ftp.ncbi.nlm.nih.gov/genomes/all/GCF/016/820/335/GCF_016820335.1_ASM1682033v1,8,562.70640.fna,GCF_016820335.1_ASM1682033v1_genomic.fna, 5325061, 5325061,562.70640.fna_vs_GCF_016820335.1_ASM1682033v1_genomic.fna_blast.xml,0,0,0,0,0,0,0,0,5325061,0,0,0,0,0,0,562_subject_array_1739775432.bin
212680,562,247-1,562.124741,8,https://ftp.ncbi.nlm.nih.gov/genomes/all/GCF/028/598/395/GCF_028598395.1_ASM2859839v1,8,562.124741.fna,GCF_028598395.1_ASM2859839v1_genomic.fna, 5230332, 5230332,562.124741.fna_vs_GCF_028598395.1_ASM2859839v1_genomic.fna_blast.xml,0,0,0,0,0,0,0,0,5230332,0,0,0,0,0,0,562_subject_array_1739775433.bin
212829,562,2779 - blood draw same patient as MB9267,562.110768,8,https://ftp.ncbi.nlm.nih.gov/genomes/all/GCF/024/918/015/GCF_024918015.1_ASM2491801v1,8,562.110768.fna,GCF_024918015.1_ASM2491801v1_genomic.fna, 5353028, 5353028,562.110768.fna_vs_GCF_024918015.1_ASM2491801v1_genomic.fna_blast.xml,0,0,0,0,0,0,0,0,5353028,0,0,0,0,0,0,562_subject_array_1739775435.bin
213166,562,3205EC,562.138620,8,https://ftp.ncbi.nlm.nih.gov/genomes/all/GCF/034/721/775/GCF_034721775.1_ASM3472177v1,8,562.138620.fna,GCF_034721775.1_ASM3472177v1_genomic.fna, 5245663, 5245663,562.138620.fna_vs_GCF_034721775.1_ASM3472177v1_genomic.fna_blast.xml,0,0,0,0,0,0,0,0,5245663,0,0,0,0,0,0,562_subject_array_1739775437.bin
213499,562,4/4,562.38631,8,https://ftp.ncbi.nlm.nih.gov/genomes/all/GCF/003/856/655/GCF_003856655.1_ASM385665v1,8,562.38631.fna,GCF_003856655.1_ASM385665v1_genomic.fna, 5377516, 5377516,562.38631.fna_vs_GCF_003856655.1_ASM385665v1_genomic.fna_blast.xml,0,0,0,0,0,0,0,0,5377516,0,0,0,0,0,0,562_subject_array_1739775439.bin
213799,562,4621,562.110762,8,https://ftp.ncbi.nlm.nih.gov/genomes/all/GCF/024/917/715/GCF_024917715.1_ASM2491771v1,8,562.110762.fna,GCF_024917715.1_ASM2491771v1_genomic.fna, 5494983, 5494983,562.110762.fna_vs_GCF_024917715.1_ASM2491771v1_genomic.fna_blast.xml,0,0,0,0,0,0,0,0,5494983,0,0,0,0,0,0,562_subject_array_1739775441.bin
213956,562,49742_LR,562.135015,8,https://ftp.ncbi.nlm.nih.gov/genomes/all/GCF/032/140/105/GCF_032140105.1_49742_LR,8,562.135015.fna,GCF_032140105.1_49742_LR_genomic.fna, 5524537, 5524537,562.135015.fna_vs_GCF_032140105.1_49742_LR_genomic.fna_blast.xml,0,0,0,0,0,0,0,0,5524537,0,0,0,0,0,0,562_subject_array_1739775443.bin
215007,562,64EVA,562.138537,8,https://ftp.ncbi.nlm.nih.gov/genomes/all/GCF/033/802/445/GCF_033802445.1_ASM3380244v1,8,562.138537.fna,GCF_033802445.1_ASM3380244v1_genomic.fna, 5099611, 5099611,562.138537.fna_vs_GCF_033802445.1_ASM3380244v1_genomic.fna_blast.xml,0,0,0,0,0,0,0,0,5099611,0,0,0,0,0,0,562_subject_array_1739775446.bin
215059,562,6722471,562.136299,8,https://ftp.ncbi.nlm.nih.gov/genomes/all/GCF/033/345/175/GCF_033345175.1_ASM3334517v1,8,562.136299.fna,GCF_033345175.1_ASM3334517v1_genomic.fna, 4991068, 4991068,562.136299.fna_vs_GCF_033345175.1_ASM3334517v1_genomic.fna_blast.xml,0,0,0,0,0,0,0,0,4991068,0,0,0,0,0,0,562_subject_array_1739775447.bin
215648,562,88COLEC,562.71838,8,https://ftp.ncbi.nlm.nih.gov/genomes/all/GCF/017/088/425/GCF_017088425.1_ASM1708842v1,8,562.71838.fna,GCF_017088425.1_ASM1708842v1_genomic.fna, 5157225, 5157225,562.71838.fna_vs_GCF_017088425.1_ASM1708842v1_genomic.fna_blast.xml,0,0,0,0,0,0,0,0,5157225,0,0,0,0,0,0,562_subject_array_1739775450.bin
215690,562,911-1,562.124739,8,https://ftp.ncbi.nlm.nih.gov/genomes/all/GCF/028/598/365/GCF_028598365.1_ASM2859836v1,8,562.124739.fna,GCF_028598365.1_ASM2859836v1_genomic.fna, 5403923, 5403923,562.124739.fna_vs_GCF_028598365.1_ASM2859836v1_genomic.fna_blast.xml,0,0,0,0,0,0,0,0,5403923,0,0,0,0,0,0,562_subject_array_1739775452.bin
216325,562,AHM21C2872I,562.129421,8,https://ftp.ncbi.nlm.nih.gov/genomes/all/GCF/030/169/635/GCF_030169635.1_ASM3016963v1,8,562.129421.fna,GCF_030169635.1_ASM3016963v1_genomic.fna, 5457308, 5457308,562.129421.fna_vs_GCF_030169635.1_ASM3016963v1_genomic.fna_blast.xml,0,0,0,0,0,0,0,0,5457308,0,0,0,0,0,0,562_subject_array_1739775454.bin
216745,562,AR_451,562.30435,8,https://ftp.ncbi.nlm.nih.gov/genomes/all/GCF/003/288/455/GCF_003288455.1_ASM328845v1,8,562.30435.fna,GCF_003288455.1_ASM328845v1_genomic.fna, 5165626, 5165626,562.30435.fna_vs_GCF_003288455.1_ASM328845v1_genomic.fna_blast.xml,0,0,0,0,0,0,0,0,5165625,0,1,0,0,0,0,562_subject_array_1739775456.bin
217201,562,B1172,562.124955,8,https://ftp.ncbi.nlm.nih.gov/genomes/all/GCF/029/536/615/GCF_029536615.1_ASM2953661v1,8,562.124955.fna,GCF_029536615.1_ASM2953661v1_genomic.fna, 5408598, 5408598,562.124955.fna_vs_GCF_029536615.1_ASM2953661v1_genomic.fna_blast.xml,0,0,0,0,0,0,0,0,5408597,0,0,1,0,0,0,562_subject_array_1739775458.bin
217635,562,BM716,562.69723,8,https://ftp.ncbi.nlm.nih.gov/genomes/all/GCF/016/760/415/GCF_016760415.1_ASM1676041v1,8,562.69723.fna,GCF_016760415.1_ASM1676041v1_genomic.fna, 4970368, 4970368,562.69723.fna_vs_GCF_016760415.1_ASM1676041v1_genomic.fna_blast.xml,0,0,0,0,0,0,0,0,4970368,0,0,0,0,0,0,562_subject_array_1739775459.bin
217705,562,BR64-DEC,562.45403,8,https://ftp.ncbi.nlm.nih.gov/genomes/all/GCF/004/116/935/GCF_004116935.1_ASM411693v1,8,562.45403.fna,GCF_004116935.1_ASM411693v1_genomic.fna, 5030024, 5030024,562.45403.fna_vs_GCF_004116935.1_ASM411693v1_genomic.fna_blast.xml,0,0,0,0,0,0,0,111,5029913,0,0,0,0,0,0,562_subject_array_1739775461.bin
218096,562,C15,562.124723,8,https://ftp.ncbi.nlm.nih.gov/genomes/all/GCF/028/598/035/GCF_028598035.1_ASM2859803v1,8,562.124723.fna,GCF_028598035.1_ASM2859803v1_genomic.fna, 4770273, 4770273,562.124723.fna_vs_GCF_028598035.1_ASM2859803v1_genomic.fna_blast.xml,0,0,0,0,0,0,0,0,4770273,0,0,0,0,0,0,562_subject_array_1739775463.bin
218815,562,CHL5009T,562.36203,8,https://ftp.ncbi.nlm.nih.gov/genomes/all/GCF/003/666/405/GCF_003666405.1_ASM366640v1,8,562.36203.fna,GCF_003666405.1_ASM366640v1_genomic.fna, 5222791, 5222791,562.36203.fna_vs_GCF_003666405.1_ASM366640v1_genomic.fna_blast.xml,0,0,0,0,0,0,0,100,5222691,0,0,0,0,0,0,562_subject_array_1739775465.bin
219137,562,CP8-3_Sichuan,562.60616,8,https://ftp.ncbi.nlm.nih.gov/genomes/all/GCF/013/201/235/GCF_013201235.1_ASM1320123v1,8,562.60616.fna,GCF_013201235.1_ASM1320123v1_genomic.fna, 4989648, 4989648,562.60616.fna_vs_GCF_013201235.1_ASM1320123v1_genomic.fna_blast.xml,0,0,0,0,0,0,0,0,4989648,0,0,0,0,0,0,562_subject_array_1739775467.bin
219239,562,CREC8,562.134028,8,https://ftp.ncbi.nlm.nih.gov/genomes/all/GCF/031/167/875/GCF_031167875.1_ASM3116787v1,8,562.134028.fna,GCF_031167875.1_ASM3116787v1_genomic.fna, 5068102, 5068102,562.134028.fna_vs_GCF_031167875.1_ASM3116787v1_genomic.fna_blast.xml,0,0,0,0,0,0,0,0,5068102,0,0,0,0,0,0,562_subject_array_1739775469.bin
219283,562,CUVET18-789,562.133978,8,https://ftp.ncbi.nlm.nih.gov/genomes/all/GCF/030/995/165/GCF_030995165.1_ASM3099516v1,8,562.133978.fna,GCF_030995165.1_ASM3099516v1_genomic.fna, 4972227, 4972227,562.133978.fna_vs_GCF_030995165.1_ASM3099516v1_genomic.fna_blast.xml,0,0,0,0,0,0,0,0,4972227,0,0,0,0,0,0,562_subject_array_1739775471.bin
219297,562,CUVET21-H2,562.133986,8,https://ftp.ncbi.nlm.nih.gov/genomes/all/GCF/030/996/425/GCF_030996425.1_ASM3099642v1,8,562.133986.fna,GCF_030996425.1_ASM3099642v1_genomic.fna, 5227148, 5227148,562.133986.fna_vs_GCF_030996425.1_ASM3099642v1_genomic.fna_blast.xml,0,0,0,0,0,0,0,0,5227148,0,0,0,0,0,0,562_subject_array_1739775472.bin
219456,562,CVRI_18,562.94300,8,https://ftp.ncbi.nlm.nih.gov/genomes/all/GCF/022/180/245/GCF_022180245.1_ASM2218024v1,8,562.94300.fna,GCF_022180245.1_ASM2218024v1_genomic.fna, 5675064, 5675064,562.94300.fna_vs_GCF_022180245.1_ASM2218024v1_genomic.fna_blast.xml,0,0,0,0,0,0,0,0,5675064,0,0,0,0,0,0,562_subject_array_1739775475.bin
219488,562,CX20,562.91172,8,https://ftp.ncbi.nlm.nih.gov/genomes/all/GCF/020/105/315/GCF_020105315.1_ASM2010531v1,8,562.91172.fna,GCF_020105315.1_ASM2010531v1_genomic.fna, 5238397, 5238397,562.91172.fna_vs_GCF_020105315.1_ASM2010531v1_genomic.fna_blast.xml,0,0,0,0,0,0,0,0,5238397,0,0,0,0,0,0,562_subject_array_1739775477.bin
219729,562,DETEC-P793,562.124692,8,https://ftp.ncbi.nlm.nih.gov/genomes/all/GCF/027/944/775/GCF_027944775.1_ASM2794477v1,8,562.124692.fna,GCF_027944775.1_ASM2794477v1_genomic.fna, 5415847, 5415847,562.124692.fna_vs_GCF_027944775.1_ASM2794477v1_genomic.fna_blast.xml,0,0,0,0,0,0,1,0,5415845,0,1,0,0,0,0,562_subject_array_1739775479.bin
219926,562,DVT1254,562.110969,8,https://ftp.ncbi.nlm.nih.gov/genomes/all/GCF/025/594/085/GCF_025594085.1_ASM2559408v1,8,562.110969.fna,GCF_025594085.1_ASM2559408v1_genomic.fna, 5357982, 5357982,562.110969.fna_vs_GCF_025594085.1_ASM2559408v1_genomic.fna_blast.xml,0,0,0,0,0,0,0,0,5357982,0,0,0,0,0,0,562_subject_array_1739775481.bin
219959,562,DVT1294,562.110960,8,https://ftp.ncbi.nlm.nih.gov/genomes/all/GCF/025/593/925/GCF_025593925.1_ASM2559392v1,8,562.110960.fna,GCF_025593925.1_ASM2559392v1_genomic.fna, 5189774, 5189774,562.110960.fna_vs_GCF_025593925.1_ASM2559392v1_genomic.fna_blast.xml,0,0,0,0,0,0,0,0,5189774,0,0,0,0,0,0,562_subject_array_1739775483.bin
220254,562,E333,562.126356,8,https://ftp.ncbi.nlm.nih.gov/genomes/all/GCF/030/027/065/GCF_030027065.1_ASM3002706v1,8,562.126356.fna,GCF_030027065.1_ASM3002706v1_genomic.fna, 5193591, 5193591,562.126356.fna_vs_GCF_030027065.1_ASM3002706v1_genomic.fna_blast.xml,0,0,0,0,0,0,0,0,5193591,0,0,0,0,0,0,562_subject_array_1739775484.bin
220445,562,EC-28,562.140221,8,https://ftp.ncbi.nlm.nih.gov/genomes/all/GCF/036/663/335/GCF_036663335.1_ASM3666333v1,8,562.140221.fna,GCF_036663335.1_ASM3666333v1_genomic.fna, 5248400, 5248400,562.140221.fna_vs_GCF_036663335.1_ASM3666333v1_genomic.fna_blast.xml,0,0,0,0,0,0,0,0,5248400,0,0,0,0,0,0,562_subject_array_1739775486.bin
220483,562,EC00635,562.110944,8,https://ftp.ncbi.nlm.nih.gov/genomes/all/GCF/025/593/555/GCF_025593555.1_ASM2559355v1,8,562.110944.fna,GCF_025593555.1_ASM2559355v1_genomic.fna, 5333492, 5333492,562.110944.fna_vs_GCF_025593555.1_ASM2559355v1_genomic.fna_blast.xml,0,0,0,0,0,0,0,0,5333492,0,0,0,0,0,0,562_subject_array_1739775488.bin
220498,562,EC00701,562.60281,8,https://ftp.ncbi.nlm.nih.gov/genomes/all/GCF/012/952/535/GCF_012952535.1_ASM1295253v1,8,562.60281.fna,GCF_012952535.1_ASM1295253v1_genomic.fna, 5411414, 5411414,562.60281.fna_vs_GCF_012952535.1_ASM1295253v1_genomic.fna_blast.xml,0,0,0,0,0,0,0,0,5411414,0,0,0,0,0,0,562_subject_array_1739775490.bin
220501,562,EC00750,562.110929,8,https://ftp.ncbi.nlm.nih.gov/genomes/all/GCF/025/593/275/GCF_025593275.1_ASM2559327v1,8,562.110929.fna,GCF_025593275.1_ASM2559327v1_genomic.fna, 5204852, 5204852,562.110929.fna_vs_GCF_025593275.1_ASM2559327v1_genomic.fna_blast.xml,0,0,0,0,0,0,0,0,5204852,0,0,0,0,0,0,562_subject_array_1739775492.bin
220806,562,EC274_ST38,562.89782,8,https://ftp.ncbi.nlm.nih.gov/genomes/all/GCF/020/591/825/GCF_020591825.1_ASM2059182v1,8,562.89782.fna,GCF_020591825.1_ASM2059182v1_genomic.fna, 5432171, 5432171,562.89782.fna_vs_GCF_020591825.1_ASM2059182v1_genomic.fna_blast.xml,0,0,0,0,0,0,0,0,5432171,0,0,0,0,0,0,562_subject_array_1739775494.bin
220814,562,EC2800,562.73345,8,https://ftp.ncbi.nlm.nih.gov/genomes/all/GCF/017/586/425/GCF_017586425.1_ASM1758642v1,8,562.73345.fna,GCF_017586425.1_ASM1758642v1_genomic.fna, 4931200, 4931200,562.73345.fna_vs_GCF_017586425.1_ASM1758642v1_genomic.fna_blast.xml,0,0,0,1,0,0,0,0,4931198,0,0,1,0,0,0,562_subject_array_1739775496.bin
221563,562,ECOLIPHT119,562.137469,8,https://ftp.ncbi.nlm.nih.gov/genomes/all/GCF/034/258/685/GCF_034258685.1_ASM3425868v1,8,562.137469.fna,GCF_034258685.1_ASM3425868v1_genomic.fna, 4993365, 4993365,562.137469.fna_vs_GCF_034258685.1_ASM3425868v1_genomic.fna_blast.xml,0,0,0,0,0,0,0,0,4993365,0,0,0,0,0,0,562_subject_array_1739775498.bin
221568,562,ECONIH5,562.28209,8,https://ftp.ncbi.nlm.nih.gov/genomes/all/GCF/002/903/105/GCF_002903105.1_ASM290310v1,8,562.28209.fna,GCF_002903105.1_ASM290310v1_genomic.fna, 6028201, 6028201,562.28209.fna_vs_GCF_002903105.1_ASM290310v1_genomic.fna_blast.xml,0,0,0,0,0,0,0,0,6028201,0,0,0,0,0,0,562_subject_array_1739775501.bin
222494,562,ESBL10,562.91139,8,https://ftp.ncbi.nlm.nih.gov/genomes/all/GCF/020/907/565/GCF_020907565.1_ASM2090756v1,8,562.91139.fna,GCF_020907565.1_ASM2090756v1_genomic.fna, 5377218, 5377218,562.91139.fna_vs_GCF_020907565.1_ASM2090756v1_genomic.fna_blast.xml,0,0,0,0,0,0,0,0,5377218,0,0,0,0,0,0,562_subject_array_1739775503.bin
222505,562,ESBL21,562.68768,8,https://ftp.ncbi.nlm.nih.gov/genomes/all/GCF/016/433/185/GCF_016433185.1_ASM1643318v1,8,562.68768.fna,GCF_016433185.1_ASM1643318v1_genomic.fna, 5206044, 5206044,562.68768.fna_vs_GCF_016433185.1_ASM1643318v1_genomic.fna_blast.xml,0,0,0,0,0,0,0,0,5206044,0,0,0,0,0,0,562_subject_array_1739775504.bin
222527,562,ESBL6,562.91143,8,https://ftp.ncbi.nlm.nih.gov/genomes/all/GCF/020/907/645/GCF_020907645.1_ASM2090764v1,8,562.91143.fna,GCF_020907645.1_ASM2090764v1_genomic.fna, 5218569, 5218569,562.91143.fna_vs_GCF_020907645.1_ASM2090764v1_genomic.fna_blast.xml,0,0,0,0,0,0,0,0,5218569,0,0,0,0,0,0,562_subject_array_1739775506.bin
222541,562,ESBL8,562.91141,8,https://ftp.ncbi.nlm.nih.gov/genomes/all/GCF/020/907/605/GCF_020907605.1_ASM2090760v1,8,562.91141.fna,GCF_020907605.1_ASM2090760v1_genomic.fna, 5465559, 5465559,562.91141.fna_vs_GCF_020907605.1_ASM2090760v1_genomic.fna_blast.xml,0,0,0,0,0,0,0,0,5465559,0,0,0,0,0,0,562_subject_array_1739775508.bin
222595,562,ET334,562.124113,8,https://ftp.ncbi.nlm.nih.gov/genomes/all/GCF/029/133/525/GCF_029133525.1_ASM2913352v1,8,562.124113.fna,GCF_029133525.1_ASM2913352v1_genomic.fna, 5416092, 5416092,562.124113.fna_vs_GCF_029133525.1_ASM2913352v1_genomic.fna_blast.xml,0,0,0,0,0,0,0,0,5416092,0,0,0,0,0,0,562_subject_array_1739775510.bin
222616,562,ETEC1722,562.126306,8,https://ftp.ncbi.nlm.nih.gov/genomes/all/GCF/030/013/825/GCF_030013825.1_ASM3001382v1,8,562.126306.fna,GCF_030013825.1_ASM3001382v1_genomic.fna, 5149498, 5149498,562.126306.fna_vs_GCF_030013825.1_ASM3001382v1_genomic.fna_blast.xml,0,0,0,0,0,0,0,0,5149498,0,0,0,0,0,0,562_subject_array_1739775513.bin
222750,562,Ec-050_e2_T21,562.139686,8,https://ftp.ncbi.nlm.nih.gov/genomes/all/GCF/036/313/905/GCF_036313905.1_ASM3631390v1,8,562.139686.fna,GCF_036313905.1_ASM3631390v1_genomic.fna, 5180384, 5180384,562.139686.fna_vs_GCF_036313905.1_ASM3631390v1_genomic.fna_blast.xml,0,0,0,0,0,0,0,0,5180384,0,0,0,0,0,0,562_subject_array_1739775515.bin
222751,562,Ec-050_e7_T28+,562.139685,8,https://ftp.ncbi.nlm.nih.gov/genomes/all/GCF/036/313/965/GCF_036313965.1_ASM3631396v1,8,562.139685.fna,GCF_036313965.1_ASM3631396v1_genomic.fna, 5180044, 5180044,562.139685.fna_vs_GCF_036313965.1_ASM3631396v1_genomic.fna_blast.xml,0,0,0,0,0,0,0,0,5180044,0,0,0,0,0,0,562_subject_array_1739775517.bin
222896,562,EcH74,562.91612,8,https://ftp.ncbi.nlm.nih.gov/genomes/all/GCF/021/229/495/GCF_021229495.1_ASM2122949v1,8,562.91612.fna,GCF_021229495.1_ASM2122949v1_genomic.fna, 5141942, 5141942,562.91612.fna_vs_GCF_021229495.1_ASM2122949v1_genomic.fna_blast.xml,0,0,0,0,0,0,0,0,5141942,0,0,0,0,0,0,562_subject_array_1739775519.bin
223009,562,Ecol_AZ146,562.15200,8,https://ftp.ncbi.nlm.nih.gov/genomes/all/GCF/002/012/085/GCF_002012085.1_ASM201208v1,8,562.15200.fna,GCF_002012085.1_ASM201208v1_genomic.fna, 5727407, 5727407,562.15200.fna_vs_GCF_002012085.1_ASM201208v1_genomic.fna_blast.xml,0,0,0,0,0,0,0,0,5727407,0,0,0,0,0,0,562_subject_array_1739775521.bin
223188,562,FDAARGOS_427,562.22305,8,https://ftp.ncbi.nlm.nih.gov/genomes/all/GCF/002/588/385/GCF_002588385.1_ASM258838v1,8,562.22305.fna,GCF_002588385.1_ASM258838v1_genomic.fna, 5048100, 5048100,562.22305.fna_vs_GCF_002588385.1_ASM258838v1_genomic.fna_blast.xml,0,0,0,0,0,0,0,0,5048100,0,0,0,0,0,0,562_subject_array_1739775523.bin
223329,562,FHI_NMBU_09,562.68422,8,https://ftp.ncbi.nlm.nih.gov/genomes/all/GCF/015/687/505/GCF_015687505.1_ASM1568750v1,8,562.68422.fna,GCF_015687505.1_ASM1568750v1_genomic.fna, 5864845, 5864845,562.68422.fna_vs_GCF_015687505.1_ASM1568750v1_genomic.fna_blast.xml,0,0,0,0,0,0,0,0,5864845,0,0,0,0,0,0,562_subject_array_1739775525.bin
223900,562,G3/10,562.66553,8,https://ftp.ncbi.nlm.nih.gov/genomes/all/GCF/014/295/275/GCF_014295275.1_ASM1429527v1,8,562.66553.fna,GCF_014295275.1_ASM1429527v1_genomic.fna, 5115106, 5115106,562.66553.fna_vs_GCF_014295275.1_ASM1429527v1_genomic.fna_blast.xml,0,0,0,0,0,0,0,0,5115105,0,0,1,0,0,0,562_subject_array_1739775527.bin
224063,562,GD21SC1631T,562.112414,8,https://ftp.ncbi.nlm.nih.gov/genomes/all/GCF/025/909/815/GCF_025909815.1_ASM2590981v1,8,562.112414.fna,GCF_025909815.1_ASM2590981v1_genomic.fna, 4991378, 4991378,562.112414.fna_vs_GCF_025909815.1_ASM2590981v1_genomic.fna_blast.xml,0,0,0,0,0,0,0,0,4991378,0,0,0,0,0,0,562_subject_array_1739775529.bin
224274,562,GN02050,562.115253,8,https://ftp.ncbi.nlm.nih.gov/genomes/all/GCF/026/651/085/GCF_026651085.1_ASM2665108v1,8,562.115253.fna,GCF_026651085.1_ASM2665108v1_genomic.fna, 5289801, 5289801,562.115253.fna_vs_GCF_026651085.1_ASM2665108v1_genomic.fna_blast.xml,0,0,0,0,0,0,9,0,5289773,0,18,0,1,0,0,562_subject_array_1739775531.bin
224284,562,GN02165,562.115327,8,https://ftp.ncbi.nlm.nih.gov/genomes/all/GCF/026/796/965/GCF_026796965.1_ASM2679696v1,8,562.115327.fna,GCF_026796965.1_ASM2679696v1_genomic.fna, 5541408, 5541408,562.115327.fna_vs_GCF_026796965.1_ASM2679696v1_genomic.fna_blast.xml,0,0,0,0,0,0,0,0,5541408,0,0,0,0,0,0,562_subject_array_1739775533.bin
224340,562,GN02560,562.115319,8,https://ftp.ncbi.nlm.nih.gov/genomes/all/GCF/026/796/815/GCF_026796815.1_ASM2679681v1,8,562.115319.fna,GCF_026796815.1_ASM2679681v1_genomic.fna, 5250181, 5250181,562.115319.fna_vs_GCF_026796815.1_ASM2679681v1_genomic.fna_blast.xml,0,0,0,0,0,0,0,0,5250181,0,0,0,0,0,0,562_subject_array_1739775535.bin
224378,562,GN03344,562.115279,8,https://ftp.ncbi.nlm.nih.gov/genomes/all/GCF/026/745/835/GCF_026745835.1_ASM2674583v1,8,562.115279.fna,GCF_026745835.1_ASM2674583v1_genomic.fna, 5208456, 5208456,562.115279.fna_vs_GCF_026745835.1_ASM2674583v1_genomic.fna_blast.xml,0,0,0,0,0,0,0,0,5208456,0,0,0,0,0,0,562_subject_array_1739775537.bin
225226,562,HNTH2207,562.136305,8,https://ftp.ncbi.nlm.nih.gov/genomes/all/GCF/033/406/235/GCF_033406235.1_ASM3340623v1,8,562.136305.fna,GCF_033406235.1_ASM3340623v1_genomic.fna, 6120031, 6120031,562.136305.fna_vs_GCF_033406235.1_ASM3340623v1_genomic.fna_blast.xml,0,0,0,0,0,0,0,16326,6103703,0,0,0,2,0,0,562_subject_array_1739775539.bin
226000,562,J-8,562.75680,8,https://ftp.ncbi.nlm.nih.gov/genomes/all/GCF/018/279/085/GCF_018279085.1_ASM1827908v1,8,562.75680.fna,GCF_018279085.1_ASM1827908v1_genomic.fna, 5210909, 5210909,562.75680.fna_vs_GCF_018279085.1_ASM1827908v1_genomic.fna_blast.xml,0,0,0,0,0,0,0,0,5210907,0,1,1,0,0,0,562_subject_array_1739775541.bin
226403,562,JNE120393,562.129472,8,https://ftp.ncbi.nlm.nih.gov/genomes/all/GCF/030/295/585/GCF_030295585.1_ASM3029558v1,8,562.129472.fna,GCF_030295585.1_ASM3029558v1_genomic.fna, 5259148, 5259148,562.129472.fna_vs_GCF_030295585.1_ASM3029558v1_genomic.fna_blast.xml,0,0,0,0,0,0,0,0,5259148,0,0,0,0,0,0,562_subject_array_1739775543.bin
227199,562,KE4,562.115443,8,https://ftp.ncbi.nlm.nih.gov/genomes/all/GCF/026/968/065/GCF_026968065.1_ASM2696806v1,8,562.115443.fna,GCF_026968065.1_ASM2696806v1_genomic.fna, 5239268, 5239268,562.115443.fna_vs_GCF_026968065.1_ASM2696806v1_genomic.fna_blast.xml,0,0,0,0,0,0,0,0,5239268,0,0,0,0,0,0,562_subject_array_1739775545.bin
227277,562,KGu016,562.96346,8,https://ftp.ncbi.nlm.nih.gov/genomes/all/GCF/022/494/825/GCF_022494825.1_ASM2249482v1,8,562.96346.fna,GCF_022494825.1_ASM2249482v1_genomic.fna, 5369757, 5369757,562.96346.fna_vs_GCF_022494825.1_ASM2249482v1_genomic.fna_blast.xml,0,0,0,0,0,0,0,0,5369757,0,0,0,0,0,0,562_subject_array_1739775547.bin
227507,562,KU-KK76,562.134013,8,https://ftp.ncbi.nlm.nih.gov/genomes/all/GCF/031/118/815/GCF_031118815.1_ASM3111881v1,8,562.134013.fna,GCF_031118815.1_ASM3111881v1_genomic.fna, 5103793, 5103793,562.134013.fna_vs_GCF_031118815.1_ASM3111881v1_genomic.fna_blast.xml,0,0,0,0,0,0,0,0,5103793,0,0,0,0,0,0,562_subject_array_1739775549.bin
227512,562,KU-P3.2,562.134019,8,https://ftp.ncbi.nlm.nih.gov/genomes/all/GCF/031/118/945/GCF_031118945.1_ASM3111894v1,8,562.134019.fna,GCF_031118945.1_ASM3111894v1_genomic.fna, 5037040, 5037040,562.134019.fna_vs_GCF_031118945.1_ASM3111894v1_genomic.fna_blast.xml,0,0,0,0,0,0,0,0,5037040,0,0,0,0,0,0,562_subject_array_1739775551.bin
227677,562,L4Cip1_MAR2018,562.94098,8,https://ftp.ncbi.nlm.nih.gov/genomes/all/GCF/021/890/655/GCF_021890655.1_ASM2189065v1,8,562.94098.fna,GCF_021890655.1_ASM2189065v1_genomic.fna, 5164072, 5164072,562.94098.fna_vs_GCF_021890655.1_ASM2189065v1_genomic.fna_blast.xml,0,0,0,0,0,0,0,0,5164072,0,0,0,0,0,0,562_subject_array_1739775553.bin
227821,562,LH85-a,562.107284,8,https://ftp.ncbi.nlm.nih.gov/genomes/all/GCF/024/224/055/GCF_024224055.1_ASM2422405v1,8,562.107284.fna,GCF_024224055.1_ASM2422405v1_genomic.fna, 5335673, 5335673,562.107284.fna_vs_GCF_024224055.1_ASM2422405v1_genomic.fna_blast.xml,0,0,0,0,0,0,0,0,5335673,0,0,0,0,0,0,562_subject_array_1739775554.bin
228053,562,LP50-1,562.108472,8,https://ftp.ncbi.nlm.nih.gov/genomes/all/GCF/024/499/265/GCF_024499265.1_ASM2449926v1,8,562.108472.fna,GCF_024499265.1_ASM2449926v1_genomic.fna, 5105057, 5105057,562.108472.fna_vs_GCF_024499265.1_ASM2449926v1_genomic.fna_blast.xml,0,0,0,0,0,0,0,0,5105057,0,0,0,0,0,0,562_subject_array_1739775556.bin
228093,562,LREC5789,562.149341,8,https://ftp.ncbi.nlm.nih.gov/genomes/all/GCF/038/757/545/GCF_038757545.1_ASM3875754v1,8,562.149341.fna,GCF_038757545.1_ASM3875754v1_genomic.fna, 5362707, 5362707,562.149341.fna_vs_GCF_038757545.1_ASM3875754v1_genomic.fna_blast.xml,0,0,0,0,0,0,0,0,5362707,0,0,0,0,0,0,562_subject_array_1739775558.bin
228334,562,LZSFT34,562.133360,8,https://ftp.ncbi.nlm.nih.gov/genomes/all/GCF/030/846/015/GCF_030846015.1_ASM3084601v1,8,562.133360.fna,GCF_030846015.1_ASM3084601v1_genomic.fna, 5293503, 5293503,562.133360.fna_vs_GCF_030846015.1_ASM3084601v1_genomic.fna_blast.xml,0,0,0,0,0,0,0,0,5293503,0,0,0,0,0,0,562_subject_array_1739775560.bin
228345,562,LZYWN_4,562.72252,8,https://ftp.ncbi.nlm.nih.gov/genomes/all/GCF/017/310/055/GCF_017310055.1_ASM1731005v1,8,562.72252.fna,GCF_017310055.1_ASM1731005v1_genomic.fna, 4898936, 4898936,562.72252.fna_vs_GCF_017310055.1_ASM1731005v1_genomic.fna_blast.xml,0,0,0,0,0,0,0,0,4898936,0,0,0,0,0,0,562_subject_array_1739775562.bin
228595,562,MDR_56,562.15192,8,https://ftp.ncbi.nlm.nih.gov/genomes/all/GCF/002/009/315/GCF_002009315.1_ASM200931v1,8,562.15192.fna,GCF_002009315.1_ASM200931v1_genomic.fna, 5465306, 5465306,562.15192.fna_vs_GCF_002009315.1_ASM200931v1_genomic.fna_blast.xml,0,0,0,0,0,0,1,0,5465305,0,0,0,0,0,0,562_subject_array_1739775564.bin
228860,562,MFDS1009760,562.140245,8,https://ftp.ncbi.nlm.nih.gov/genomes/all/GCF/036/681/065/GCF_036681065.1_ASM3668106v1,8,562.140245.fna,GCF_036681065.1_ASM3668106v1_genomic.fna, 5369229, 5369229,562.140245.fna_vs_GCF_036681065.1_ASM3668106v1_genomic.fna_blast.xml,0,0,0,0,0,0,1,0,5369226,0,0,2,0,0,0,562_subject_array_1739775567.bin
228866,562,MFDS1012293,562.140250,8,https://ftp.ncbi.nlm.nih.gov/genomes/all/GCF/036/681/185/GCF_036681185.1_ASM3668118v1,8,562.140250.fna,GCF_036681185.1_ASM3668118v1_genomic.fna, 5605010, 5605010,562.140250.fna_vs_GCF_036681185.1_ASM3668118v1_genomic.fna_blast.xml,0,0,0,0,0,0,0,0,5605010,0,0,0,0,0,0,562_subject_array_1739775569.bin
228888,562,MFDS1016235,562.140267,8,https://ftp.ncbi.nlm.nih.gov/genomes/all/GCF/036/681/845/GCF_036681845.1_ASM3668184v1,8,562.140267.fna,GCF_036681845.1_ASM3668184v1_genomic.fna, 5238823, 5238823,562.140267.fna_vs_GCF_036681845.1_ASM3668184v1_genomic.fna_blast.xml,0,0,0,0,0,0,0,0,5238823,0,0,0,0,0,0,562_subject_array_1739775571.bin
228923,562,MGH144,562.16481,8,https://ftp.ncbi.nlm.nih.gov/genomes/all/GCF/002/152/075/GCF_002152075.1_ASM215207v1,8,562.16481.fna,GCF_002152075.1_ASM215207v1_genomic.fna, 5293831, 5293831,562.16481.fna_vs_GCF_002152075.1_ASM215207v1_genomic.fna_blast.xml,0,0,0,0,0,0,0,108127,5185685,0,0,0,19,0,0,562_subject_array_1739775573.bin
228931,562,MGH187,562.16494,8,https://ftp.ncbi.nlm.nih.gov/genomes/all/GCF/002/153/055/GCF_002153055.1_ASM215305v1,8,562.16494.fna,GCF_002153055.1_ASM215305v1_genomic.fna, 5427904, 5427904,562.16494.fna_vs_GCF_002153055.1_ASM215305v1_genomic.fna_blast.xml,0,0,0,0,0,0,1,148554,5279304,0,1,9,34,0,1,562_subject_array_1739775575.bin
228933,562,MGH207,562.67192,8,https://ftp.ncbi.nlm.nih.gov/genomes/all/GCF/014/903/235/GCF_014903235.1_ASM1490323v1,8,562.67192.fna,GCF_014903235.1_ASM1490323v1_genomic.fna, 5152188, 5152188,562.67192.fna_vs_GCF_014903235.1_ASM1490323v1_genomic.fna_blast.xml,0,0,0,0,0,0,0,46454,5105725,0,0,0,9,0,0,562_subject_array_1739775577.bin
231882,562,MY386,562.67460,8,https://ftp.ncbi.nlm.nih.gov/genomes/all/GCF/015/472/085/GCF_015472085.1_ASM1547208v1,8,562.67460.fna,GCF_015472085.1_ASM1547208v1_genomic.fna, 5312225, 5312225,562.67460.fna_vs_GCF_015472085.1_ASM1547208v1_genomic.fna_blast.xml,0,0,0,0,0,0,0,0,5312225,0,0,0,0,0,0,562_subject_array_1739775579.bin
231885,562,MY409,562.67461,8,https://ftp.ncbi.nlm.nih.gov/genomes/all/GCF/015/472/145/GCF_015472145.1_ASM1547214v1,8,562.67461.fna,GCF_015472145.1_ASM1547214v1_genomic.fna, 5410225, 5410225,562.67461.fna_vs_GCF_015472145.1_ASM1547214v1_genomic.fna_blast.xml,0,0,0,0,0,0,0,0,5410225,0,0,0,0,0,0,562_subject_array_1739775581.bin
231983,562,N665,562.69588,8,https://ftp.ncbi.nlm.nih.gov/genomes/all/GCF/016/483/105/GCF_016483105.1_ASM1648310v1,8,562.69588.fna,GCF_016483105.1_ASM1648310v1_genomic.fna, 5246352, 5246352,562.69588.fna_vs_GCF_016483105.1_ASM1648310v1_genomic.fna_blast.xml,0,0,0,0,0,0,0,0,5246352,0,0,0,0,0,0,562_subject_array_1739775583.bin
232050,562,NB4845,562.115246,8,https://ftp.ncbi.nlm.nih.gov/genomes/all/GCF/026/624/385/GCF_026624385.1_ASM2662438v1,8,562.115246.fna,GCF_026624385.1_ASM2662438v1_genomic.fna, 5431298, 5431298,562.115246.fna_vs_GCF_026624385.1_ASM2662438v1_genomic.fna_blast.xml,0,0,0,0,0,0,0,0,5431298,0,0,0,0,0,0,562_subject_array_1739775585.bin
232069,562,NC809,562.139297,8,https://ftp.ncbi.nlm.nih.gov/genomes/all/GCF/025/988/065/GCF_025988065.1_ASM2598806v1,8,562.139297.fna,GCF_025988065.1_ASM2598806v1_genomic.fna, 5228707, 5228707,562.139297.fna_vs_GCF_025988065.1_ASM2598806v1_genomic.fna_blast.xml,0,0,0,0,0,0,0,0,5228707,0,0,0,0,0,0,562_subject_array_1739775587.bin
232497,562,NMBU-W13E19,562.61474,8,https://ftp.ncbi.nlm.nih.gov/genomes/all/GCF/013/282/335/GCF_013282335.1_ASM1328233v1,8,562.61474.fna,GCF_013282335.1_ASM1328233v1_genomic.fna, 5331375, 5331375,562.61474.fna_vs_GCF_013282335.1_ASM1328233v1_genomic.fna_blast.xml,0,0,0,0,0,0,0,0,5331375,0,0,0,0,0,0,562_subject_array_1739775589.bin
232860,562,Nord58,562.138579,8,https://ftp.ncbi.nlm.nih.gov/genomes/all/GCF/034/422/435/GCF_034422435.1_ASM3442243v1,8,562.138579.fna,GCF_034422435.1_ASM3442243v1_genomic.fna, 5838952, 5838952,562.138579.fna_vs_GCF_034422435.1_ASM3442243v1_genomic.fna_blast.xml,0,0,0,0,0,0,0,0,5838952,0,0,0,0,0,0,562_subject_array_1739775591.bin
233743,562,PK8261,562.78027,8,https://ftp.ncbi.nlm.nih.gov/genomes/all/GCF/019/428/745/GCF_019428745.1_ASM1942874v1,8,562.78027.fna,GCF_019428745.1_ASM1942874v1_genomic.fna, 5656726, 5656726,562.78027.fna_vs_GCF_019428745.1_ASM1942874v1_genomic.fna_blast.xml,0,0,0,0,0,0,0,0,5656725,0,0,1,0,0,0,562_subject_array_1739775593.bin
233929,562,PP-BR187-2,562.89943,8,https://ftp.ncbi.nlm.nih.gov/genomes/all/GCF/021/503/145/GCF_021503145.1_ASM2150314v1,8,562.89943.fna,GCF_021503145.1_ASM2150314v1_genomic.fna, 5194187, 5194187,562.89943.fna_vs_GCF_021503145.1_ASM2150314v1_genomic.fna_blast.xml,0,0,0,0,0,0,0,0,5194187,0,0,0,0,0,0,562_subject_array_1739775595.bin
233979,562,PT62,562.92061,8,https://ftp.ncbi.nlm.nih.gov/genomes/all/GCF/021/441/965/GCF_021441965.1_ASM2144196v1,8,562.92061.fna,GCF_021441965.1_ASM2144196v1_genomic.fna, 4893538, 4893538,562.92061.fna_vs_GCF_021441965.1_ASM2144196v1_genomic.fna_blast.xml,0,0,0,0,0,0,0,0,4893536,0,0,2,0,0,0,562_subject_array_1739775597.bin
234407,562,R9,562.133245,8,https://ftp.ncbi.nlm.nih.gov/genomes/all/GCF/030/707/935/GCF_030707935.1_ASM3070793v1,8,562.133245.fna,GCF_030707935.1_ASM3070793v1_genomic.fna, 5276398, 5276398,562.133245.fna_vs_GCF_030707935.1_ASM3070793v1_genomic.fna_blast.xml,0,0,0,0,0,0,0,0,5276398,0,0,0,0,0,0,562_subject_array_1739775599.bin
235336,562,S698-1,562.90551,8,https://ftp.ncbi.nlm.nih.gov/genomes/all/GCF/019/879/295/GCF_019879295.1_ASM1987929v1,8,562.90551.fna,GCF_019879295.1_ASM1987929v1_genomic.fna, 4949373, 4949373,562.90551.fna_vs_GCF_019879295.1_ASM1987929v1_genomic.fna_blast.xml,0,0,0,0,0,0,0,0,4949373,0,0,0,0,0,0,562_subject_array_1739775601.bin
235685,562,SCU-176,562.61490,8,https://ftp.ncbi.nlm.nih.gov/genomes/all/GCF/013/315/675/GCF_013315675.1_ASM1331567v1,8,562.61490.fna,GCF_013315675.1_ASM1331567v1_genomic.fna, 5088045, 5088045,562.61490.fna_vs_GCF_013315675.1_ASM1331567v1_genomic.fna_blast.xml,0,0,0,0,0,0,0,0,5088045,0,0,0,0,0,0,562_subject_array_1739775603.bin
236284,562,ST1284,562.115500,8,https://ftp.ncbi.nlm.nih.gov/genomes/all/GCF/947/390/745/GCF_947390745.1_17-8104528_assembly,8,562.115500.fna,GCF_947390745.1_17-8104528_assembly_genomic.fna, 5293810, 5293810,562.115500.fna_vs_GCF_947390745.1_17-8104528_assembly_genomic.fna_blast.xml,0,0,0,0,0,0,0,0,5293810,0,0,0,0,0,0,562_subject_array_1739775606.bin
236299,562,ST5954,562.115498,8,https://ftp.ncbi.nlm.nih.gov/genomes/all/GCF/947/390/355/GCF_947390355.1_17-8104511_assembly,8,562.115498.fna,GCF_947390355.1_17-8104511_assembly_genomic.fna, 5388076, 5388076,562.115498.fna_vs_GCF_947390355.1_17-8104511_assembly_genomic.fna_blast.xml,0,0,0,0,0,0,0,0,5388076,0,0,0,0,0,0,562_subject_array_1739775608.bin
236300,562,ST648,562.8507,8,https://ftp.ncbi.nlm.nih.gov/genomes/all/GCF/001/485/455/GCF_001485455.1_ASM148545v1,8,562.8507.fna,GCF_001485455.1_ASM148545v1_genomic.fna, 5195832, 5195832,562.8507.fna_vs_GCF_001485455.1_ASM148545v1_genomic.fna_blast.xml,0,0,0,0,0,0,0,0,5195832,0,0,0,0,0,0,562_subject_array_1739775609.bin
236588,562,SUISSEKPC3NDM5,562.91257,8,https://ftp.ncbi.nlm.nih.gov/genomes/all/GCF/020/149/465/GCF_020149465.1_ASM2014946v1,8,562.91257.fna,GCF_020149465.1_ASM2014946v1_genomic.fna, 5614810, 5614810,562.91257.fna_vs_GCF_020149465.1_ASM2014946v1_genomic.fna_blast.xml,0,0,0,0,0,0,0,0,5614810,0,0,0,0,0,0,562_subject_array_1739775612.bin
237439,562,TUM18780,562.61515,8,https://ftp.ncbi.nlm.nih.gov/genomes/all/GCF/013/340/805/GCF_013340805.1_ASM1334080v1,8,562.61515.fna,GCF_013340805.1_ASM1334080v1_genomic.fna, 5509516, 5509516,562.61515.fna_vs_GCF_013340805.1_ASM1334080v1_genomic.fna_blast.xml,0,0,0,0,0,0,0,0,5509516,0,0,0,0,0,0,562_subject_array_1739775614.bin
237450,562,TUM2805,562.131873,8,https://ftp.ncbi.nlm.nih.gov/genomes/all/GCF/030/389/775/GCF_030389775.1_ASM3038977v1,8,562.131873.fna,GCF_030389775.1_ASM3038977v1_genomic.fna, 5089291, 5089291,562.131873.fna_vs_GCF_030389775.1_ASM3038977v1_genomic.fna_blast.xml,0,0,0,0,0,0,0,0,5089290,0,0,1,0,0,0,562_subject_array_1739775616.bin
237460,562,TUM9754,562.131874,8,https://ftp.ncbi.nlm.nih.gov/genomes/all/GCF/030/389/735/GCF_030389735.1_ASM3038973v1,8,562.131874.fna,GCF_030389735.1_ASM3038973v1_genomic.fna, 5156372, 5156372,562.131874.fna_vs_GCF_030389735.1_ASM3038973v1_genomic.fna_blast.xml,0,0,0,0,0,0,0,0,5156372,0,0,0,0,0,0,562_subject_array_1739775619.bin
237776,562,UCI183,562.67179,8,https://ftp.ncbi.nlm.nih.gov/genomes/all/GCF/014/901/375/GCF_014901375.1_ASM1490137v1,8,562.67179.fna,GCF_014901375.1_ASM1490137v1_genomic.fna, 5521794, 5521794,562.67179.fna_vs_GCF_014901375.1_ASM1490137v1_genomic.fna_blast.xml,0,0,0,0,0,0,0,83857,5437927,0,0,0,9,0,1,562_subject_array_1739775621.bin
237777,562,UCI184,562.67178,8,https://ftp.ncbi.nlm.nih.gov/genomes/all/GCF/014/901/305/GCF_014901305.1_ASM1490130v1,8,562.67178.fna,GCF_014901305.1_ASM1490130v1_genomic.fna, 5443415, 5443415,562.67178.fna_vs_GCF_014901305.1_ASM1490130v1_genomic.fna_blast.xml,0,0,0,0,0,0,0,60984,5382422,0,0,3,6,0,0,562_subject_array_1739775623.bin
237781,562,UCICRE-136,562.67187,8,https://ftp.ncbi.nlm.nih.gov/genomes/all/GCF/014/902/135/GCF_014902135.1_ASM1490213v1,8,562.67187.fna,GCF_014902135.1_ASM1490213v1_genomic.fna, 4708282, 4708282,562.67187.fna_vs_GCF_014902135.1_ASM1490213v1_genomic.fna_blast.xml,0,0,0,0,0,0,0,63506,4644761,0,0,1,14,0,0,562_subject_array_1739775625.bin
237883,562,UMB1800_23,562.59131,8,https://ftp.ncbi.nlm.nih.gov/genomes/all/GCF/011/751/305/GCF_011751305.1_ASM1175130v1,8,562.59131.fna,GCF_011751305.1_ASM1175130v1_genomic.fna, 5371141, 5371141,562.59131.fna_vs_GCF_011751305.1_ASM1175130v1_genomic.fna_blast.xml,0,0,0,0,0,0,0,0,5371141,0,0,0,0,0,0,562_subject_array_1739775627.bin
238688,562,VE-T9,562.128957,8,https://ftp.ncbi.nlm.nih.gov/genomes/all/GCF/030/162/155/GCF_030162155.2_ASM3016215v2,8,562.128957.fna,GCF_030162155.2_ASM3016215v2_genomic.fna, 4798951, 4798951,562.128957.fna_vs_GCF_030162155.2_ASM3016215v2_genomic.fna_blast.xml,0,0,0,0,0,0,0,0,4798951,0,0,0,0,0,0,562_subject_array_1739775629.bin
238690,562,VE-V11-M,562.128956,8,https://ftp.ncbi.nlm.nih.gov/genomes/all/GCF/030/162/195/GCF_030162195.2_ASM3016219v2,8,562.128956.fna,GCF_030162195.2_ASM3016219v2_genomic.fna, 4892298, 4892298,562.128956.fna_vs_GCF_030162195.2_ASM3016219v2_genomic.fna_blast.xml,0,0,0,0,0,0,0,0,4892298,0,0,0,0,0,0,562_subject_array_1739775631.bin
239224,562,W444,562.129417,8,https://ftp.ncbi.nlm.nih.gov/genomes/all/GCF/030/168/755/GCF_030168755.1_ASM3016875v1,8,562.129417.fna,GCF_030168755.1_ASM3016875v1_genomic.fna, 5435203, 5435203,562.129417.fna_vs_GCF_030168755.1_ASM3016875v1_genomic.fna_blast.xml,0,0,0,0,0,0,0,0,5435203,0,0,0,0,0,0,562_subject_array_1739775633.bin
239254,562,WCHEC005215,562.96045,8,https://ftp.ncbi.nlm.nih.gov/genomes/all/GCF/022/559/685/GCF_022559685.1_ASM2255968v1,8,562.96045.fna,GCF_022559685.1_ASM2255968v1_genomic.fna, 5120905, 5120905,562.96045.fna_vs_GCF_022559685.1_ASM2255968v1_genomic.fna_blast.xml,0,0,0,0,0,0,0,0,5120904,0,0,1,0,0,0,562_subject_array_1739775635.bin
239317,562,WCHEC115106,562.96038,8,https://ftp.ncbi.nlm.nih.gov/genomes/all/GCF/022/559/065/GCF_022559065.1_ASM2255906v1,8,562.96038.fna,GCF_022559065.1_ASM2255906v1_genomic.fna, 5180527, 5180527,562.96038.fna_vs_GCF_022559065.1_ASM2255906v1_genomic.fna_blast.xml,0,0,0,0,0,0,0,0,5180527,0,0,0,0,0,0,562_subject_array_1739775637.bin
239367,562,WP4-S18-ESBL-07,562.63866,8,https://ftp.ncbi.nlm.nih.gov/genomes/all/GCF/014/171/015/GCF_014171015.1_ASM1417101v1,8,562.63866.fna,GCF_014171015.1_ASM1417101v1_genomic.fna, 5459758, 5459758,562.63866.fna_vs_GCF_014171015.1_ASM1417101v1_genomic.fna_blast.xml,0,0,0,0,0,0,0,0,5459758,0,0,0,0,0,0,562_subject_array_1739775639.bin
239371,562,WP4-W18-ESBL-09,562.64254,8,https://ftp.ncbi.nlm.nih.gov/genomes/all/GCF/014/169/115/GCF_014169115.1_ASM1416911v1,8,562.64254.fna,GCF_014169115.1_ASM1416911v1_genomic.fna, 5584874, 5584874,562.64254.fna_vs_GCF_014169115.1_ASM1416911v1_genomic.fna_blast.xml,0,0,0,0,0,0,0,0,5584874,0,0,0,0,0,0,562_subject_array_1739775641.bin
239430,562,WW2,562.90339,8,https://ftp.ncbi.nlm.nih.gov/genomes/all/GCF/019/802/685/GCF_019802685.1_ASM1980268v1,8,562.90339.fna,GCF_019802685.1_ASM1980268v1_genomic.fna, 5203077, 5203077,562.90339.fna_vs_GCF_019802685.1_ASM1980268v1_genomic.fna_blast.xml,0,0,0,0,0,0,0,0,5203077,0,0,0,0,0,0,562_subject_array_1739775643.bin
239614,562,XYEH3314,562.114837,8,https://ftp.ncbi.nlm.nih.gov/genomes/all/GCF/026/248/845/GCF_026248845.1_ASM2624884v1,8,562.114837.fna,GCF_026248845.1_ASM2624884v1_genomic.fna, 5206984, 5206984,562.114837.fna_vs_GCF_026248845.1_ASM2624884v1_genomic.fna_blast.xml,0,0,0,0,0,0,0,0,5206984,0,0,0,0,0,0,562_subject_array_1739775645.bin
239625,562,X_12,562.115238,8,https://ftp.ncbi.nlm.nih.gov/genomes/all/GCF/026/619/915/GCF_026619915.1_ASM2661991v1,8,562.115238.fna,GCF_026619915.1_ASM2661991v1_genomic.fna, 5198225, 5198225,562.115238.fna_vs_GCF_026619915.1_ASM2661991v1_genomic.fna_blast.xml,0,0,0,0,0,0,0,0,5198225,0,0,0,0,0,0,562_subject_array_1739775647.bin
239655,562,X_55,562.115210,8,https://ftp.ncbi.nlm.nih.gov/genomes/all/GCF/026/615/375/GCF_026615375.1_ASM2661537v1,8,562.115210.fna,GCF_026615375.1_ASM2661537v1_genomic.fna, 5363788, 5363788,562.115210.fna_vs_GCF_026615375.1_ASM2661537v1_genomic.fna_blast.xml,0,0,0,0,0,0,0,0,5363788,0,0,0,0,0,0,562_subject_array_1739775649.bin
239656,562,X_56,562.115208,8,https://ftp.ncbi.nlm.nih.gov/genomes/all/GCF/026/615/385/GCF_026615385.1_ASM2661538v1,8,562.115208.fna,GCF_026615385.1_ASM2661538v1_genomic.fna, 5146682, 5146682,562.115208.fna_vs_GCF_026615385.1_ASM2661538v1_genomic.fna_blast.xml,0,0,0,0,0,0,0,0,5146682,0,0,0,0,0,0,562_subject_array_1739775651.bin
239676,562,X_85,562.115190,8,https://ftp.ncbi.nlm.nih.gov/genomes/all/GCF/026/614/815/GCF_026614815.1_ASM2661481v1,8,562.115190.fna,GCF_026614815.1_ASM2661481v1_genomic.fna, 6023799, 6023799,562.115190.fna_vs_GCF_026614815.1_ASM2661481v1_genomic.fna_blast.xml,0,0,0,0,0,0,0,0,6023799,0,0,0,0,0,0,562_subject_array_1739775653.bin
239683,562,X_92,562.115182,8,https://ftp.ncbi.nlm.nih.gov/genomes/all/GCF/026/614/655/GCF_026614655.1_ASM2661465v1,8,562.115182.fna,GCF_026614655.1_ASM2661465v1_genomic.fna, 5320788, 5320788,562.115182.fna_vs_GCF_026614655.1_ASM2661465v1_genomic.fna_blast.xml,0,0,0,0,0,0,0,0,5320788,0,0,0,0,0,0,562_subject_array_1739775655.bin
239740,562,YDC774,562.13786,8,https://ftp.ncbi.nlm.nih.gov/genomes/all/GCF/001/901/545/GCF_001901545.1_ASM190154v1,8,562.13786.fna,GCF_001901545.1_ASM190154v1_genomic.fna, 5276863, 5276863,562.13786.fna_vs_GCF_001901545.1_ASM190154v1_genomic.fna_blast.xml,0,0,0,0,0,0,0,0,5276863,0,0,0,0,0,0,562_subject_array_1739775657.bin
239993,562,Z1323CEC0006,562.148050,8,https://ftp.ncbi.nlm.nih.gov/genomes/all/GCF/037/575/275/GCF_037575275.1_ASM3757527v1,8,562.148050.fna,GCF_037575275.1_ASM3757527v1_genomic.fna, 5711995, 5711995,562.148050.fna_vs_GCF_037575275.1_ASM3757527v1_genomic.fna_blast.xml,0,0,0,0,0,0,0,0,5711995,0,0,0,0,0,0,562_subject_array_1739775660.bin
239996,562,Z1323CEC0009,562.148047,8,https://ftp.ncbi.nlm.nih.gov/genomes/all/GCF/037/573/545/GCF_037573545.1_ASM3757354v1,8,562.148047.fna,GCF_037573545.1_ASM3757354v1_genomic.fna, 5600627, 5600627,562.148047.fna_vs_GCF_037573545.1_ASM3757354v1_genomic.fna_blast.xml,0,0,0,0,0,0,0,0,5600627,0,0,0,0,0,0,562_subject_array_1739775662.bin
239997,562,Z1323CEC0010,562.148045,8,https://ftp.ncbi.nlm.nih.gov/genomes/all/GCF/037/572/835/GCF_037572835.1_ASM3757283v1,8,562.148045.fna,GCF_037572835.1_ASM3757283v1_genomic.fna, 5516425, 5516425,562.148045.fna_vs_GCF_037572835.1_ASM3757283v1_genomic.fna_blast.xml,0,0,0,0,0,0,0,0,5516425,0,0,0,0,0,0,562_subject_array_1739775664.bin
240000,562,Z1323CEC0013,562.148041,8,https://ftp.ncbi.nlm.nih.gov/genomes/all/GCF/037/568/285/GCF_037568285.1_ASM3756828v1,8,562.148041.fna,GCF_037568285.1_ASM3756828v1_genomic.fna, 5472123, 5472123,562.148041.fna_vs_GCF_037568285.1_ASM3756828v1_genomic.fna_blast.xml,0,0,0,0,0,0,0,0,5472123,0,0,0,0,0,0,562_subject_array_1739775667.bin
240629,562,elppa7,562.94179,8,https://ftp.ncbi.nlm.nih.gov/genomes/all/GCF/020/829/045/GCF_020829045.1_ASM2082904v1,8,562.94179.fna,GCF_020829045.1_ASM2082904v1_genomic.fna, 5182045, 5182045,562.94179.fna_vs_GCF_020829045.1_ASM2082904v1_genomic.fna_blast.xml,0,0,0,0,0,0,0,0,5182045,0,0,0,0,0,0,562_subject_array_1739775669.bin
241445,564,RHB26-C04,564.135,8,https://ftp.ncbi.nlm.nih.gov/genomes/all/GCF/014/105/005/GCF_014105005.1_ASM1410500v1,8,564.135.fna,GCF_014105005.1_ASM1410500v1_genomic.fna, 4550984, 4550984,564.135.fna_vs_GCF_014105005.1_ASM1410500v1_genomic.fna_blast.xml,0,0,0,0,0,0,0,0,4550984,0,0,0,0,0,0,564_subject_array_1739775671.bin
241485,564,XJ19MCE1,564.453,8,https://ftp.ncbi.nlm.nih.gov/genomes/all/GCF/030/035/445/GCF_030035445.1_ASM3003544v1,8,564.453.fna,GCF_030035445.1_ASM3003544v1_genomic.fna, 5060107, 5060107,564.453.fna_vs_GCF_030035445.1_ASM3003544v1_genomic.fna_blast.xml,0,0,0,0,0,0,0,0,5060107,0,0,0,0,0,0,564_subject_array_1739775672.bin
241538,56448,CFBP7697,56448.32,8,https://ftp.ncbi.nlm.nih.gov/genomes/all/GCF/002/939/965/GCF_002939965.1_ASM293996v1,8,56448.32.fna,GCF_002939965.1_ASM293996v1_genomic.fna, 4951907, 4951907,56448.32.fna_vs_GCF_002939965.1_ASM293996v1_genomic.fna_blast.xml,0,0,0,0,0,0,0,0,4951907,0,0,0,0,0,0,56448_subject_array_1739775675.bin
241553,56448,FOR_F23,56448.57,8,https://ftp.ncbi.nlm.nih.gov/genomes/all/GCF/003/363/925/GCF_003363925.1_ASM336392v1,8,56448.57.fna,GCF_003363925.1_ASM336392v1_genomic.fna, 5263391, 5263391,56448.57.fna_vs_GCF_003363925.1_ASM336392v1_genomic.fna_blast.xml,0,0,0,0,0,0,0,84,5263306,0,0,0,1,0,0,56448_subject_array_1739775677.bin
241554,56448,FOR_F26,56448.61,8,https://ftp.ncbi.nlm.nih.gov/genomes/all/GCF/003/364/075/GCF_003364075.1_ASM336407v1,8,56448.61.fna,GCF_003364075.1_ASM336407v1_genomic.fna, 5260053, 5260053,56448.61.fna_vs_GCF_003364075.1_ASM336407v1_genomic.fna_blast.xml,0,0,0,0,0,0,0,167,5259885,0,1,0,0,0,0,56448_subject_array_1739775679.bin
241793,566293,NBRC 105001,566293.5,8,https://ftp.ncbi.nlm.nih.gov/genomes/all/GCF/002/954/715/GCF_002954715.1_ASM295471v1,8,566293.5.fna,GCF_002954715.1_ASM295471v1_genomic.fna, 4743237, 4743237,566293.5.fna_vs_GCF_002954715.1_ASM295471v1_genomic.fna_blast.xml,0,0,0,0,0,0,0,110898,4632336,0,0,3,0,0,0,566293_subject_array_1739775681.bin
242834,573,13765,573.58434,8,https://ftp.ncbi.nlm.nih.gov/genomes/all/GCF/030/845/895/GCF_030845895.1_ASM3084589v1,8,573.58434.fna,GCF_030845895.1_ASM3084589v1_genomic.fna, 5969109, 5969109,573.58434.fna_vs_GCF_030845895.1_ASM3084589v1_genomic.fna_blast.xml,0,0,0,0,0,0,0,0,5969109,0,0,0,0,0,0,573_subject_array_1739775683.bin
242909,573,15-652,573.53830,8,https://ftp.ncbi.nlm.nih.gov/genomes/all/GCF/028/753/275/GCF_028753275.1_ASM2875327v1,8,573.53830.fna,GCF_028753275.1_ASM2875327v1_genomic.fna, 5840024, 5840024,573.53830.fna_vs_GCF_028753275.1_ASM2875327v1_genomic.fna_blast.xml,0,0,0,0,0,0,0,0,5840024,0,0,0,0,0,0,573_subject_array_1739775685.bin
242966,573,15G218,573.63272,8,https://ftp.ncbi.nlm.nih.gov/genomes/all/GCF/033/434/015/GCF_033434015.1_ASM3343401v1,8,573.63272.fna,GCF_033434015.1_ASM3343401v1_genomic.fna, 5784963, 5784963,573.63272.fna_vs_GCF_033434015.1_ASM3343401v1_genomic.fna_blast.xml,0,0,0,0,0,0,0,0,5784963,0,0,0,0,0,0,573_subject_array_1739775687.bin
243002,573,1613258639,573.44537,8,https://ftp.ncbi.nlm.nih.gov/genomes/all/GCF/021/137/935/GCF_021137935.1_ASM2113793v1,8,573.44537.fna,GCF_021137935.1_ASM2113793v1_genomic.fna, 5680788, 5680788,573.44537.fna_vs_GCF_021137935.1_ASM2113793v1_genomic.fna_blast.xml,0,0,0,0,0,0,0,0,5680788,0,0,0,0,0,0,573_subject_array_1739775689.bin
243395,573,190624049723,573.65544,8,https://ftp.ncbi.nlm.nih.gov/genomes/all/GCF/036/575/065/GCF_036575065.1_ASM3657506v1,8,573.65544.fna,GCF_036575065.1_ASM3657506v1_genomic.fna, 5472932, 5472932,573.65544.fna_vs_GCF_036575065.1_ASM3657506v1_genomic.fna_blast.xml,0,0,0,0,0,0,0,0,5472932,0,0,0,0,0,0,573_subject_array_1739775691.bin
244146,573,303,573.69412,8,https://ftp.ncbi.nlm.nih.gov/genomes/all/GCF/037/477/745/GCF_037477745.1_ASM3747774v1,8,573.69412.fna,GCF_037477745.1_ASM3747774v1_genomic.fna, 5992154, 5992154,573.69412.fna_vs_GCF_037477745.1_ASM3747774v1_genomic.fna_blast.xml,0,0,0,0,0,0,0,0,5992154,0,0,0,0,0,0,573_subject_array_1739775693.bin
244246,573,3214,573.34124,8,https://ftp.ncbi.nlm.nih.gov/genomes/all/GCF/015/290/985/GCF_015290985.1_ASM1529098v1,8,573.34124.fna,GCF_015290985.1_ASM1529098v1_genomic.fna, 6171644, 6171644,573.34124.fna_vs_GCF_015290985.1_ASM1529098v1_genomic.fna_blast.xml,0,0,0,0,0,0,0,0,6171644,0,0,0,0,0,0,573_subject_array_1739775695.bin
245172,573,59,573.69416,8,https://ftp.ncbi.nlm.nih.gov/genomes/all/GCF/037/477/815/GCF_037477815.1_ASM3747781v1,8,573.69416.fna,GCF_037477815.1_ASM3747781v1_genomic.fna, 5767526, 5767526,573.69416.fna_vs_GCF_037477815.1_ASM3747781v1_genomic.fna_blast.xml,0,0,0,0,0,0,0,0,5767526,0,0,0,0,0,0,573_subject_array_1739775697.bin
245184,573,59493,573.36086,8,https://ftp.ncbi.nlm.nih.gov/genomes/all/GCF/016/772/535/GCF_016772535.1_ASM1677253v1,8,573.36086.fna,GCF_016772535.1_ASM1677253v1_genomic.fna, 5768324, 5768324,573.36086.fna_vs_GCF_016772535.1_ASM1677253v1_genomic.fna_blast.xml,0,0,0,0,0,0,0,0,5768324,0,0,0,0,0,0,573_subject_array_1739775699.bin
245518,573,913,573.50859,8,https://ftp.ncbi.nlm.nih.gov/genomes/all/GCF/024/918/875/GCF_024918875.1_ASM2491887v1,8,573.50859.fna,GCF_024918875.1_ASM2491887v1_genomic.fna, 5667351, 5667351,573.50859.fna_vs_GCF_024918875.1_ASM2491887v1_genomic.fna_blast.xml,0,0,0,0,0,0,0,0,5667351,0,0,0,0,0,0,573_subject_array_1739775702.bin
245625,573,A65320,573.36166,8,https://ftp.ncbi.nlm.nih.gov/genomes/all/GCF/016/881/655/GCF_016881655.1_ASM1688165v1,8,573.36166.fna,GCF_016881655.1_ASM1688165v1_genomic.fna, 5580532, 5580532,573.36166.fna_vs_GCF_016881655.1_ASM1688165v1_genomic.fna_blast.xml,0,0,0,0,0,0,0,0,5580532,0,0,0,0,0,0,573_subject_array_1739775703.bin
245627,573,A8,573.54908,8,https://ftp.ncbi.nlm.nih.gov/genomes/all/GCF/029/721/535/GCF_029721535.1_ASM2972153v1,8,573.54908.fna,GCF_029721535.1_ASM2972153v1_genomic.fna, 6047947, 6047947,573.54908.fna_vs_GCF_029721535.1_ASM2972153v1_genomic.fna_blast.xml,0,0,0,0,0,0,1,1,6047943,0,0,2,0,0,0,573_subject_array_1739775706.bin
245644,573,AE-2247421-T0,573.47162,8,https://ftp.ncbi.nlm.nih.gov/genomes/all/GCF/022/760/005/GCF_022760005.1_ASM2276000v1,8,573.47162.fna,GCF_022760005.1_ASM2276000v1_genomic.fna, 5960745, 5960745,573.47162.fna_vs_GCF_022760005.1_ASM2276000v1_genomic.fna_blast.xml,0,0,0,0,0,0,0,0,5960745,0,0,0,0,0,0,573_subject_array_1739775708.bin
245646,573,AE-2247421-T20-MAC,573.47161,8,https://ftp.ncbi.nlm.nih.gov/genomes/all/GCF/022/759/965/GCF_022759965.1_ASM2275996v1,8,573.47161.fna,GCF_022759965.1_ASM2275996v1_genomic.fna, 5939313, 5939313,573.47161.fna_vs_GCF_022759965.1_ASM2275996v1_genomic.fna_blast.xml,0,0,0,0,0,0,0,0,5939313,0,0,0,0,0,0,573_subject_array_1739775710.bin
245647,573,AE-2247421-T5-ESBL,573.47160,8,https://ftp.ncbi.nlm.nih.gov/genomes/all/GCF/022/759/945/GCF_022759945.1_ASM2275994v1,8,573.47160.fna,GCF_022759945.1_ASM2275994v1_genomic.fna, 5927416, 5927416,573.47160.fna_vs_GCF_022759945.1_ASM2275994v1_genomic.fna_blast.xml,0,0,0,0,0,0,0,0,5927416,0,0,0,0,0,0,573_subject_array_1739775712.bin
245648,573,AE-2247421-T5-MAC,573.47159,8,https://ftp.ncbi.nlm.nih.gov/genomes/all/GCF/022/759/925/GCF_022759925.1_ASM2275992v1,8,573.47159.fna,GCF_022759925.1_ASM2275992v1_genomic.fna, 5938471, 5938471,573.47159.fna_vs_GCF_022759925.1_ASM2275992v1_genomic.fna_blast.xml,0,0,0,0,0,0,0,0,5938471,0,0,0,0,0,0,573_subject_array_1739775714.bin
245742,573,AHSWKP25,573.46053,8,https://ftp.ncbi.nlm.nih.gov/genomes/all/GCF/022/592/735/GCF_022592735.1_ASM2259273v1,8,573.46053.fna,GCF_022592735.1_ASM2259273v1_genomic.fna, 5874657, 5874657,573.46053.fna_vs_GCF_022592735.1_ASM2259273v1_genomic.fna_blast.xml,0,0,0,0,0,0,0,0,5874657,0,0,0,0,0,0,573_subject_array_1739775716.bin
245793,573,AMR180036,573.62645,8,https://ftp.ncbi.nlm.nih.gov/genomes/all/GCF/032/828/315/GCF_032828315.1_ASM3282831v1,8,573.62645.fna,GCF_032828315.1_ASM3282831v1_genomic.fna, 5874864, 5874864,573.62645.fna_vs_GCF_032828315.1_ASM3282831v1_genomic.fna_blast.xml,0,0,0,0,0,0,0,100,5874764,0,0,0,0,0,0,573_subject_array_1739775718.bin
245809,573,ARGID_19108,573.44267,8,https://ftp.ncbi.nlm.nih.gov/genomes/all/GCF/922/826/265/GCF_922826265.1_ARGID_19108,8,573.44267.fna,GCF_922826265.1_ARGID_19108_genomic.fna, 5668098, 5668098,573.44267.fna_vs_GCF_922826265.1_ARGID_19108_genomic.fna_blast.xml,0,0,0,0,0,0,0,0,5668098,0,0,0,0,0,0,573_subject_array_1739775720.bin
245856,573,AR_0043,573.7023,8,https://ftp.ncbi.nlm.nih.gov/genomes/all/GCF/001/874/715/GCF_001874715.1_ASM187471v1,8,573.7023.fna,GCF_001874715.1_ASM187471v1_genomic.fna, 5737283, 5737283,573.7023.fna_vs_GCF_001874715.1_ASM187471v1_genomic.fna_blast.xml,0,0,0,0,0,0,0,0,5737283,0,0,0,0,0,0,573_subject_array_1739775722.bin
245896,573,AR_0361,573.17915,8,https://ftp.ncbi.nlm.nih.gov/genomes/all/GCF/002/968/495/GCF_002968495.1_ASM296849v1,8,573.17915.fna,GCF_002968495.1_ASM296849v1_genomic.fna, 5597784, 5597784,573.17915.fna_vs_GCF_002968495.1_ASM296849v1_genomic.fna_blast.xml,0,0,0,0,0,0,0,0,5597783,0,0,1,0,0,0,573_subject_array_1739775724.bin
246044,573,B1,573.50064,8,https://ftp.ncbi.nlm.nih.gov/genomes/all/GCF/024/585/245/GCF_024585245.1_ASM2458524v1,8,573.50064.fna,GCF_024585245.1_ASM2458524v1_genomic.fna, 5923538, 5923538,573.50064.fna_vs_GCF_024585245.1_ASM2458524v1_genomic.fna_blast.xml,0,0,0,0,0,0,0,0,5923538,0,0,0,0,0,0,573_subject_array_1739775726.bin
246064,573,B18235,573.65601,8,https://ftp.ncbi.nlm.nih.gov/genomes/all/GCF/036/687/385/GCF_036687385.1_B18235,8,573.65601.fna,GCF_036687385.1_B18235_genomic.fna, 5663662, 5663662,573.65601.fna_vs_GCF_036687385.1_B18235_genomic.fna_blast.xml,0,0,0,0,0,0,0,0,5663662,0,0,0,0,0,0,573_subject_array_1739775728.bin
246067,573,B2,573.50063,8,https://ftp.ncbi.nlm.nih.gov/genomes/all/GCF/024/585/225/GCF_024585225.1_ASM2458522v1,8,573.50063.fna,GCF_024585225.1_ASM2458522v1_genomic.fna, 5918321, 5918321,573.50063.fna_vs_GCF_024585225.1_ASM2458522v1_genomic.fna_blast.xml,0,0,0,0,0,0,0,0,5918321,0,0,0,0,0,0,573_subject_array_1739775730.bin
246079,573,B3,573.50061,8,https://ftp.ncbi.nlm.nih.gov/genomes/all/GCF/024/585/205/GCF_024585205.1_ASM2458520v1,8,573.50061.fna,GCF_024585205.1_ASM2458520v1_genomic.fna, 5913147, 5913147,573.50061.fna_vs_GCF_024585205.1_ASM2458520v1_genomic.fna_blast.xml,0,0,0,0,0,0,0,0,5913147,0,0,0,0,0,0,573_subject_array_1739775732.bin
246091,573,B4,573.50062,8,https://ftp.ncbi.nlm.nih.gov/genomes/all/GCF/024/585/185/GCF_024585185.1_ASM2458518v1,8,573.50062.fna,GCF_024585185.1_ASM2458518v1_genomic.fna, 5918070, 5918070,573.50062.fna_vs_GCF_024585185.1_ASM2458518v1_genomic.fna_blast.xml,0,0,0,0,0,0,0,0,5918070,0,0,0,0,0,0,573_subject_array_1739775735.bin
246314,573,BD-41,573.44453,8,https://ftp.ncbi.nlm.nih.gov/genomes/all/GCF/021/135/615/GCF_021135615.1_ASM2113561v1,8,573.44453.fna,GCF_021135615.1_ASM2113561v1_genomic.fna, 5811634, 5811634,573.44453.fna_vs_GCF_021135615.1_ASM2113561v1_genomic.fna_blast.xml,0,0,0,0,0,0,0,0,5811634,0,0,0,0,0,0,573_subject_array_1739775737.bin
246572,573,C2509,573.44814,8,https://ftp.ncbi.nlm.nih.gov/genomes/all/GCF/020/564/865/GCF_020564865.1_ASM2056486v1,8,573.44814.fna,GCF_020564865.1_ASM2056486v1_genomic.fna, 5798425, 5798425,573.44814.fna_vs_GCF_020564865.1_ASM2056486v1_genomic.fna_blast.xml,0,0,0,0,0,0,0,0,5798425,0,0,0,0,0,0,573_subject_array_1739775739.bin
247367,573,COL9,573.34154,8,https://ftp.ncbi.nlm.nih.gov/genomes/all/GCF/015/356/535/GCF_015356535.1_ASM1535653v1,8,573.34154.fna,GCF_015356535.1_ASM1535653v1_genomic.fna, 5613106, 5613106,573.34154.fna_vs_GCF_015356535.1_ASM1535653v1_genomic.fna_blast.xml,0,0,0,0,0,0,0,0,5613104,0,0,2,0,0,0,573_subject_array_1739775741.bin
247724,573,CRKP-31,573.50166,8,https://ftp.ncbi.nlm.nih.gov/genomes/all/GCF/024/706/835/GCF_024706835.1_ASM2470683v1,8,573.50166.fna,GCF_024706835.1_ASM2470683v1_genomic.fna, 5966508, 5966508,573.50166.fna_vs_GCF_024706835.1_ASM2470683v1_genomic.fna_blast.xml,0,0,0,0,0,0,0,0,5966508,0,0,0,0,0,0,573_subject_array_1739775743.bin
247861,573,CRKP_41,573.53579,8,https://ftp.ncbi.nlm.nih.gov/genomes/all/GCF/028/219/935/GCF_028219935.1_ASM2821993v1,8,573.53579.fna,GCF_028219935.1_ASM2821993v1_genomic.fna,  542608, 6045520,573.53579.fna_vs_GCF_028219935.1_ASM2821993v1_genomic.fna_blast.xml,0,0,27,6,0,0,6,5424369,568530,0,19,944,51596,0,23,573_subject_array_1739775743.bin
248050,573,CriePt494,573.54356,8,https://ftp.ncbi.nlm.nih.gov/genomes/all/GCF/029/223/325/GCF_029223325.1_ASM2922332v1,8,573.54356.fna,GCF_029223325.1_ASM2922332v1_genomic.fna, 5894091, 5894091,573.54356.fna_vs_GCF_029223325.1_ASM2922332v1_genomic.fna_blast.xml,0,0,0,0,0,0,0,0,5894091,0,0,0,0,0,0,573_subject_array_1739775746.bin
248116,573,DA48896,573.17920,8,https://ftp.ncbi.nlm.nih.gov/genomes/all/GCF/003/006/175/GCF_003006175.1_ASM300617v1,8,573.17920.fna,GCF_003006175.1_ASM300617v1_genomic.fna, 5752275, 5752275,573.17920.fna_vs_GCF_003006175.1_ASM300617v1_genomic.fna_blast.xml,0,0,0,0,0,0,0,0,5752275,0,0,0,0,0,0,573_subject_array_1739775748.bin
248369,573,EFN 299,573.49402,8,https://ftp.ncbi.nlm.nih.gov/genomes/all/GCF/023/920/325/GCF_023920325.1_ASM2392032v1,8,573.49402.fna,GCF_023920325.1_ASM2392032v1_genomic.fna, 5729441, 5729441,573.49402.fna_vs_GCF_023920325.1_ASM2392032v1_genomic.fna_blast.xml,0,0,0,0,0,0,0,0,5729441,0,0,0,0,0,0,573_subject_array_1739775750.bin
248370,573,EFN299,573.48261,8,https://ftp.ncbi.nlm.nih.gov/genomes/all/GCF/023/337/055/GCF_023337055.1_Hybrid,8,573.48261.fna,GCF_023337055.1_Hybrid_genomic.fna, 5729347, 5729347,573.48261.fna_vs_GCF_023337055.1_Hybrid_genomic.fna_blast.xml,0,0,0,0,0,0,0,0,5729347,0,0,0,0,0,0,573_subject_array_1739775752.bin
248372,573,EGKP3,573.52390,8,https://ftp.ncbi.nlm.nih.gov/genomes/all/GCF/017/161/135/GCF_017161135.1_ASM1716113v1,8,573.52390.fna,GCF_017161135.1_ASM1716113v1_genomic.fna, 5794831, 5794831,573.52390.fna_vs_GCF_017161135.1_ASM1716113v1_genomic.fna_blast.xml,0,0,0,0,0,0,0,0,5794831,0,0,0,0,0,0,573_subject_array_1739775754.bin
250170,573,FDAARGOS_91,573.1984,8,https://ftp.ncbi.nlm.nih.gov/genomes/all/GCF/001/471/835/GCF_001471835.2_ASM147183v2,8,573.1984.fna,GCF_001471835.2_ASM147183v2_genomic.fna, 5979858, 5980029,573.1984.fna_vs_GCF_001471835.2_ASM147183v2_genomic.fna_blast.xml,0,0,0,0,0,0,0,0,5979857,0,171,1,0,0,0,573_subject_array_1739775756.bin
250451,573,GIMC1009:Kpn-52ICU-2H,573.54866,8,https://ftp.ncbi.nlm.nih.gov/genomes/all/GCF/029/623/595/GCF_029623595.1_ASM2962359v1,8,573.54866.fna,GCF_029623595.1_ASM2962359v1_genomic.fna, 6244739, 6244739,573.54866.fna_vs_GCF_029623595.1_ASM2962359v1_genomic.fna_blast.xml,0,0,0,0,0,0,0,2298,6239299,0,0,0,3142,0,0,573_subject_array_1739775758.bin
250506,573,GN02018,573.69386,8,https://ftp.ncbi.nlm.nih.gov/genomes/all/GCF/037/279/725/GCF_037279725.1_ASM3727972v1,8,573.69386.fna,GCF_037279725.1_ASM3727972v1_genomic.fna, 6077327, 6077327,573.69386.fna_vs_GCF_037279725.1_ASM3727972v1_genomic.fna_blast.xml,0,0,0,0,0,0,0,0,6077324,0,0,3,0,0,0,573_subject_array_1739775760.bin
250795,573,HN36-2,573.49989,8,https://ftp.ncbi.nlm.nih.gov/genomes/all/GCF/016/879/895/GCF_016879895.1_ASM1687989v1,8,573.49989.fna,GCF_016879895.1_ASM1687989v1_genomic.fna, 5863180, 5863180,573.49989.fna_vs_GCF_016879895.1_ASM1687989v1_genomic.fna_blast.xml,0,0,0,0,0,0,0,0,5863179,0,0,1,0,0,0,573_subject_array_1739775762.bin
250798,573,HN6-2,573.49990,8,https://ftp.ncbi.nlm.nih.gov/genomes/all/GCF/016/879/865/GCF_016879865.1_ASM1687986v1,8,573.49990.fna,GCF_016879865.1_ASM1687986v1_genomic.fna, 5921229, 5921229,573.49990.fna_vs_GCF_016879865.1_ASM1687986v1_genomic.fna_blast.xml,0,0,0,0,0,0,0,0,5921228,0,0,1,0,0,0,573_subject_array_1739775764.bin
250800,573,HNLR16-1,573.69675,8,https://ftp.ncbi.nlm.nih.gov/genomes/all/GCF/037/966/485/GCF_037966485.2_ASM3796648v2,8,573.69675.fna,GCF_037966485.2_ASM3796648v2_genomic.fna, 5868171, 5868171,573.69675.fna_vs_GCF_037966485.2_ASM3796648v2_genomic.fna_blast.xml,0,0,0,0,0,0,0,0,5868171,0,0,0,0,0,0,573_subject_array_1739775766.bin
251302,573,JHTS006,573.19893,8,https://ftp.ncbi.nlm.nih.gov/genomes/all/GCF/003/334/885/GCF_003334885.1_ASM333488v1,8,573.19893.fna,GCF_003334885.1_ASM333488v1_genomic.fna, 5665315, 5665315,573.19893.fna_vs_GCF_003334885.1_ASM333488v1_genomic.fna_blast.xml,0,0,0,0,0,0,0,0,5665315,0,0,0,0,0,0,573_subject_array_1739775769.bin
251768,573,KA2,573.50179,8,https://ftp.ncbi.nlm.nih.gov/genomes/all/GCF/024/734/135/GCF_024734135.1_ASM2473413v1,8,573.50179.fna,GCF_024734135.1_ASM2473413v1_genomic.fna, 6023223, 6023223,573.50179.fna_vs_GCF_024734135.1_ASM2473413v1_genomic.fna_blast.xml,0,0,0,0,0,0,0,0,6023223,0,0,0,0,0,0,573_subject_array_1739775771.bin
251973,573,KLP00215,573.31583,8,https://ftp.ncbi.nlm.nih.gov/genomes/all/GCF/012/952/415/GCF_012952415.1_ASM1295241v1,8,573.31583.fna,GCF_012952415.1_ASM1295241v1_genomic.fna, 5578199, 5578199,573.31583.fna_vs_GCF_012952415.1_ASM1295241v1_genomic.fna_blast.xml,0,0,0,0,0,0,0,0,5578199,0,0,0,0,0,0,573_subject_array_1739775773.bin
251980,573,KLPN-IUC-03,573.65475,8,https://ftp.ncbi.nlm.nih.gov/genomes/all/GCF/036/455/615/GCF_036455615.1_ASM3645561v1,8,573.65475.fna,GCF_036455615.1_ASM3645561v1_genomic.fna, 6063466, 6063466,573.65475.fna_vs_GCF_036455615.1_ASM3645561v1_genomic.fna_blast.xml,0,0,0,0,0,0,0,0,6063466,0,0,0,0,0,0,573_subject_array_1739775775.bin
251985,573,KLPN-IUC-08,573.65470,8,https://ftp.ncbi.nlm.nih.gov/genomes/all/GCF/036/455/525/GCF_036455525.1_ASM3645552v1,8,573.65470.fna,GCF_036455525.1_ASM3645552v1_genomic.fna, 5784871, 5784871,573.65470.fna_vs_GCF_036455525.1_ASM3645552v1_genomic.fna_blast.xml,0,0,0,0,0,0,0,0,5784871,0,0,0,0,0,0,573_subject_array_1739775777.bin
251986,573,KLPN-IUC-09,573.65468,8,https://ftp.ncbi.nlm.nih.gov/genomes/all/GCF/036/455/495/GCF_036455495.1_ASM3645549v1,8,573.65468.fna,GCF_036455495.1_ASM3645549v1_genomic.fna, 5795738, 5795738,573.65468.fna_vs_GCF_036455495.1_ASM3645549v1_genomic.fna_blast.xml,0,0,0,0,0,0,0,0,5795738,0,0,0,0,0,0,573_subject_array_1739775779.bin
251987,573,KLPN-IUC-10,573.65467,8,https://ftp.ncbi.nlm.nih.gov/genomes/all/GCF/036/455/465/GCF_036455465.1_ASM3645546v1,8,573.65467.fna,GCF_036455465.1_ASM3645546v1_genomic.fna, 5861915, 5861915,573.65467.fna_vs_GCF_036455465.1_ASM3645546v1_genomic.fna_blast.xml,0,0,0,0,0,0,0,0,5861915,0,0,0,0,0,0,573_subject_array_1739775781.bin
251992,573,KLPN-IUC-15,573.65462,8,https://ftp.ncbi.nlm.nih.gov/genomes/all/GCF/036/455/385/GCF_036455385.1_ASM3645538v1,8,573.65462.fna,GCF_036455385.1_ASM3645538v1_genomic.fna, 5814046, 5814046,573.65462.fna_vs_GCF_036455385.1_ASM3645538v1_genomic.fna_blast.xml,0,0,0,0,0,0,0,0,5814046,0,0,0,0,0,0,573_subject_array_1739775783.bin
251993,573,KLPN-IUC-16,573.65463,8,https://ftp.ncbi.nlm.nih.gov/genomes/all/GCF/036/455/365/GCF_036455365.1_ASM3645536v1,8,573.65463.fna,GCF_036455365.1_ASM3645536v1_genomic.fna, 6032304, 6032304,573.65463.fna_vs_GCF_036455365.1_ASM3645536v1_genomic.fna_blast.xml,0,0,0,0,0,0,0,0,6032304,0,0,0,0,0,0,573_subject_array_1739775785.bin
251995,573,KLPN-IUC-18,573.65460,8,https://ftp.ncbi.nlm.nih.gov/genomes/all/GCF/036/455/315/GCF_036455315.1_ASM3645531v1,8,573.65460.fna,GCF_036455315.1_ASM3645531v1_genomic.fna, 5690529, 5690529,573.65460.fna_vs_GCF_036455315.1_ASM3645531v1_genomic.fna_blast.xml,0,0,0,0,0,0,0,0,5690529,0,0,0,0,0,0,573_subject_array_1739775787.bin
252062,573,KP-12Pi,573.45779,8,https://ftp.ncbi.nlm.nih.gov/genomes/all/GCF/022/370/035/GCF_022370035.1_ASM2237003v1,8,573.45779.fna,GCF_022370035.1_ASM2237003v1_genomic.fna, 6010286, 6010286,573.45779.fna_vs_GCF_022370035.1_ASM2237003v1_genomic.fna_blast.xml,0,0,0,0,0,0,1,100,6010182,0,1,2,0,0,0,573_subject_array_1739775789.bin
252707,573,KP31612023BGR,573.64667,8,https://ftp.ncbi.nlm.nih.gov/genomes/all/GCF/963/694/945/GCF_963694945.1_KP31612023,8,573.64667.fna,GCF_963694945.1_KP31612023_genomic.fna, 5919731, 5919731,573.64667.fna_vs_GCF_963694945.1_KP31612023_genomic.fna_blast.xml,0,0,0,0,0,0,0,0,5919731,0,0,0,0,0,0,573_subject_array_1739775791.bin
252724,573,KP34_L5_41.22_ST20_NDM1,573.64661,8,https://ftp.ncbi.nlm.nih.gov/genomes/all/GCF/035/658/175/GCF_035658175.1_ASM3565817v1,8,573.64661.fna,GCF_035658175.1_ASM3565817v1_genomic.fna, 5998563, 5998563,573.64661.fna_vs_GCF_035658175.1_ASM3565817v1_genomic.fna_blast.xml,0,0,0,0,0,0,0,0,5998563,0,0,0,0,0,0,573_subject_array_1739775793.bin
252739,573,KP3813,573.64483,8,https://ftp.ncbi.nlm.nih.gov/genomes/all/GCF/033/807/355/GCF_033807355.1_ASM3380735v1,8,573.64483.fna,GCF_033807355.1_ASM3380735v1_genomic.fna, 6033772, 6033772,573.64483.fna_vs_GCF_033807355.1_ASM3380735v1_genomic.fna_blast.xml,0,0,0,0,0,0,0,0,6033772,0,0,0,0,0,0,573_subject_array_1739775796.bin
252794,573,KP55,573.37722,8,https://ftp.ncbi.nlm.nih.gov/genomes/all/GCF/018/336/835/GCF_018336835.1_ASM1833683v1,8,573.37722.fna,GCF_018336835.1_ASM1833683v1_genomic.fna, 5936312, 5936312,573.37722.fna_vs_GCF_018336835.1_ASM1833683v1_genomic.fna_blast.xml,0,0,0,0,0,0,0,0,5936312,0,0,0,0,0,0,573_subject_array_1739775798.bin
252965,573,KPH3,573.50115,8,https://ftp.ncbi.nlm.nih.gov/genomes/all/GCF/024/666/505/GCF_024666505.1_ASM2466650v1,8,573.50115.fna,GCF_024666505.1_ASM2466650v1_genomic.fna, 5499989, 5499989,573.50115.fna_vs_GCF_024666505.1_ASM2466650v1_genomic.fna_blast.xml,0,0,0,0,0,0,0,0,5499989,0,0,0,0,0,0,573_subject_array_1739775800.bin
253025,573,KPN16744,573.64815,8,https://ftp.ncbi.nlm.nih.gov/genomes/all/GCF/035/621/535/GCF_035621535.1_ASM3562153v1,8,573.64815.fna,GCF_035621535.1_ASM3562153v1_genomic.fna, 6107010, 6107010,573.64815.fna_vs_GCF_035621535.1_ASM3562153v1_genomic.fna_blast.xml,0,0,0,0,0,0,0,0,6107010,0,0,0,0,0,0,573_subject_array_1739775802.bin
253026,573,KPN20,573.45238,8,https://ftp.ncbi.nlm.nih.gov/genomes/all/GCF/022/354/525/GCF_022354525.1_ASM2235452v1,8,573.45238.fna,GCF_022354525.1_ASM2235452v1_genomic.fna, 5709075, 5709075,573.45238.fna_vs_GCF_022354525.1_ASM2235452v1_genomic.fna_blast.xml,0,0,0,0,0,0,0,0,5709075,0,0,0,0,0,0,573_subject_array_1739775804.bin
253047,573,KPN674,573.31297,8,https://ftp.ncbi.nlm.nih.gov/genomes/all/GCF/012/027/175/GCF_012027175.1_ASM1202717v1,8,573.31297.fna,GCF_012027175.1_ASM1202717v1_genomic.fna, 5980967, 5980967,573.31297.fna_vs_GCF_012027175.1_ASM1202717v1_genomic.fna_blast.xml,0,0,0,0,0,0,0,0,5980967,0,0,0,0,0,0,573_subject_array_1739775806.bin
253170,573,KP_NORM_BLD_2014_104014,573.23138,8,https://ftp.ncbi.nlm.nih.gov/genomes/all/GCF/003/855/315/GCF_003855315.1_ASM385531v1,8,573.23138.fna,GCF_003855315.1_ASM385531v1_genomic.fna, 5920038, 5920038,573.23138.fna_vs_GCF_003855315.1_ASM385531v1_genomic.fna_blast.xml,0,0,0,0,0,0,0,0,5920038,0,0,0,0,0,0,573_subject_array_1739775808.bin
253173,573,KSB1_1B,573.34254,8,https://ftp.ncbi.nlm.nih.gov/genomes/all/GCF/904/863/435/GCF_904863435.1_KSB1_1B,8,573.34254.fna,GCF_904863435.1_KSB1_1B_genomic.fna, 5646415, 5646415,573.34254.fna_vs_GCF_904863435.1_KSB1_1B_genomic.fna_blast.xml,0,0,0,0,0,0,0,0,5646415,0,0,0,0,0,0,573_subject_array_1739775810.bin
253180,573,KSB1_9A,573.35513,8,https://ftp.ncbi.nlm.nih.gov/genomes/all/GCF/016/629/585/GCF_016629585.1_ASM1662958v1,8,573.35513.fna,GCF_016629585.1_ASM1662958v1_genomic.fna, 5819707, 5819707,573.35513.fna_vs_GCF_016629585.1_ASM1662958v1_genomic.fna_blast.xml,0,0,0,0,0,0,0,0,5819707,0,0,0,0,0,0,573_subject_array_1739775812.bin
253415,573,Kp202,573.27201,8,https://ftp.ncbi.nlm.nih.gov/genomes/all/GCF/006/459/145/GCF_006459145.1_ASM645914v1,8,573.27201.fna,GCF_006459145.1_ASM645914v1_genomic.fna, 5937881, 5937881,573.27201.fna_vs_GCF_006459145.1_ASM645914v1_genomic.fna_blast.xml,0,0,0,0,0,0,0,0,5937881,0,0,0,0,0,0,573_subject_array_1739775815.bin
253487,573,Kp46596,573.32309,8,https://ftp.ncbi.nlm.nih.gov/genomes/all/GCF/013/694/405/GCF_013694405.1_ASM1369440v1,8,573.32309.fna,GCF_013694405.1_ASM1369440v1_genomic.fna, 5793006, 5793006,573.32309.fna_vs_GCF_013694405.1_ASM1369440v1_genomic.fna_blast.xml,0,0,0,0,0,0,0,0,5793005,0,0,1,0,0,0,573_subject_array_1739775817.bin
253591,573,KpH221,573.44628,8,https://ftp.ncbi.nlm.nih.gov/genomes/all/GCF/021/229/815/GCF_021229815.1_ASM2122981v1,8,573.44628.fna,GCF_021229815.1_ASM2122981v1_genomic.fna, 5897102, 5897102,573.44628.fna_vs_GCF_021229815.1_ASM2122981v1_genomic.fna_blast.xml,0,0,0,0,0,0,0,0,5897102,0,0,0,0,0,0,573_subject_array_1739775819.bin
253688,573,Kp_4.MM,573.50000,8,https://ftp.ncbi.nlm.nih.gov/genomes/all/GCF/024/580/225/GCF_024580225.1_ASM2458022v1,8,573.50000.fna,GCF_024580225.1_ASM2458022v1_genomic.fna, 5737460, 5737460,573.50000.fna_vs_GCF_024580225.1_ASM2458022v1_genomic.fna_blast.xml,0,0,0,0,0,0,0,0,5737460,0,0,0,0,0,0,573_subject_array_1739775821.bin
253990,573,KpvST147B_SE1_1_NDM,573.25985,8,https://ftp.ncbi.nlm.nih.gov/genomes/all/GCF/005/944/305/GCF_005944305.1_ASM594430v1,8,573.25985.fna,GCF_005944305.1_ASM594430v1_genomic.fna, 6109775, 6109775,573.25985.fna_vs_GCF_005944305.1_ASM594430v1_genomic.fna_blast.xml,0,0,0,0,0,0,1,0,6109774,0,0,0,0,0,0,573_subject_array_1739775823.bin
254411,573,MGH148,573.9803,8,https://ftp.ncbi.nlm.nih.gov/genomes/all/GCF/002/152/475/GCF_002152475.1_ASM215247v1,8,573.9803.fna,GCF_002152475.1_ASM215247v1_genomic.fna, 5632808, 5632808,573.9803.fna_vs_GCF_002152475.1_ASM215247v1_genomic.fna_blast.xml,0,0,0,0,0,0,0,55568,5577229,0,0,2,9,0,0,573_subject_array_1739775825.bin
254418,573,MGH161,573.9828,8,https://ftp.ncbi.nlm.nih.gov/genomes/all/GCF/002/153/175/GCF_002153175.1_ASM215317v1,8,573.9828.fna,GCF_002153175.1_ASM215317v1_genomic.fna, 5831422, 5831422,573.9828.fna_vs_GCF_002153175.1_ASM215317v1_genomic.fna_blast.xml,0,0,0,0,0,0,0,256944,5574458,0,0,1,19,0,0,573_subject_array_1739775827.bin
254419,573,MGH162,573.9808,8,https://ftp.ncbi.nlm.nih.gov/genomes/all/GCF/002/152/565/GCF_002152565.1_ASM215256v1,8,573.9808.fna,GCF_002152565.1_ASM215256v1_genomic.fna, 5677216, 5677216,573.9808.fna_vs_GCF_002152565.1_ASM215256v1_genomic.fna_blast.xml,0,0,0,0,0,0,0,111706,5565493,0,0,1,16,0,0,573_subject_array_1739775829.bin
254421,573,MGH166,573.9810,8,https://ftp.ncbi.nlm.nih.gov/genomes/all/GCF/002/152/605/GCF_002152605.1_ASM215260v1,8,573.9810.fna,GCF_002152605.1_ASM215260v1_genomic.fna, 5556333, 5556333,573.9810.fna_vs_GCF_002152605.1_ASM215260v1_genomic.fna_blast.xml,0,0,0,0,0,0,0,154116,5402169,0,0,4,44,0,0,573_subject_array_1739775831.bin
254517,573,MIN-106,573.43809,8,https://ftp.ncbi.nlm.nih.gov/genomes/all/GCF/021/460/435/GCF_021460435.1_ASM2146043v1,8,573.43809.fna,GCF_021460435.1_ASM2146043v1_genomic.fna, 5698257, 5698257,573.43809.fna_vs_GCF_021460435.1_ASM2146043v1_genomic.fna_blast.xml,0,0,0,0,0,0,0,0,5698257,0,0,0,0,0,0,573_subject_array_1739775833.bin
254523,573,MIN-120,573.43831,8,https://ftp.ncbi.nlm.nih.gov/genomes/all/GCF/021/460/925/GCF_021460925.1_ASM2146092v1,8,573.43831.fna,GCF_021460925.1_ASM2146092v1_genomic.fna, 5452594, 5452594,573.43831.fna_vs_GCF_021460925.1_ASM2146092v1_genomic.fna_blast.xml,0,0,0,0,0,0,0,0,5452594,0,0,0,0,0,0,573_subject_array_1739775835.bin
255229,573,NMI5419_18,573.47142,8,https://ftp.ncbi.nlm.nih.gov/genomes/all/GCF/022/748/875/GCF_022748875.1_ASM2274887v1,8,573.47142.fna,GCF_022748875.1_ASM2274887v1_genomic.fna, 5759369, 5759369,573.47142.fna_vs_GCF_022748875.1_ASM2274887v1_genomic.fna_blast.xml,0,0,0,0,0,0,0,0,5759369,0,0,0,0,0,0,573_subject_array_1739775837.bin
255683,573,PEKP4079,573.53624,8,https://ftp.ncbi.nlm.nih.gov/genomes/all/GCF/028/527/255/GCF_028527255.1_ASM2852725v1,8,573.53624.fna,GCF_028527255.1_ASM2852725v1_genomic.fna, 5664231, 5760879,573.53624.fna_vs_GCF_028527255.1_ASM2852725v1_genomic.fna_blast.xml,0,0,108,38,0,0,81,54718,5671462,0,117,4952,29240,0,163,573_subject_array_1739775839.bin
255692,573,PEKP5001,573.53636,8,https://ftp.ncbi.nlm.nih.gov/genomes/all/GCF/028/527/445/GCF_028527445.1_ASM2852744v1,8,573.53636.fna,GCF_028527445.1_ASM2852744v1_genomic.fna, 5876031, 5876031,573.53636.fna_vs_GCF_028527445.1_ASM2852744v1_genomic.fna_blast.xml,0,0,0,0,0,0,0,0,5876031,0,0,0,0,0,0,573_subject_array_1739775841.bin
255887,573,PP-BR326-1,573.43905,8,https://ftp.ncbi.nlm.nih.gov/genomes/all/GCF/021/502/995/GCF_021502995.1_ASM2150299v1,8,573.43905.fna,GCF_021502995.1_ASM2150299v1_genomic.fna, 5871915, 5871915,573.43905.fna_vs_GCF_021502995.1_ASM2150299v1_genomic.fna_blast.xml,0,0,0,0,0,0,0,0,5871915,0,0,0,0,0,0,573_subject_array_1739775843.bin
255894,573,PP-E-283-1,573.63106,8,https://ftp.ncbi.nlm.nih.gov/genomes/all/GCF/033/033/435/GCF_033033435.1_ASM3303343v1,8,573.63106.fna,GCF_033033435.1_ASM3303343v1_genomic.fna, 5573422, 5573422,573.63106.fna_vs_GCF_033033435.1_ASM3303343v1_genomic.fna_blast.xml,0,0,0,0,0,0,0,0,5573422,0,0,0,0,0,0,573_subject_array_1739775845.bin
255923,573,PP-E819.3,573.63082,8,https://ftp.ncbi.nlm.nih.gov/genomes/all/GCF/033/031/395/GCF_033031395.1_ASM3303139v1,8,573.63082.fna,GCF_033031395.1_ASM3303139v1_genomic.fna, 5786544, 5786544,573.63082.fna_vs_GCF_033031395.1_ASM3303139v1_genomic.fna_blast.xml,0,0,0,0,0,0,0,0,5786544,0,0,0,0,0,0,573_subject_array_1739775847.bin
256043,573,PW12.2,573.44305,8,https://ftp.ncbi.nlm.nih.gov/genomes/all/GCF/020/982/645/GCF_020982645.1_ASM2098264v1,8,573.44305.fna,GCF_020982645.1_ASM2098264v1_genomic.fna, 5698255, 5698255,573.44305.fna_vs_GCF_020982645.1_ASM2098264v1_genomic.fna_blast.xml,0,0,0,0,0,0,0,0,5698255,0,0,0,0,0,0,573_subject_array_1739775849.bin
256065,573,Q1459,573.32167,8,https://ftp.ncbi.nlm.nih.gov/genomes/all/GCF/903/112/945/GCF_903112945.1_CHZ2,8,573.32167.fna,GCF_903112945.1_CHZ2_genomic.fna, 5563857, 5563857,573.32167.fna_vs_GCF_903112945.1_CHZ2_genomic.fna_blast.xml,0,0,0,0,0,0,0,0,5563857,0,0,0,0,0,0,573_subject_array_1739775851.bin
256083,573,QS17-0161,573.15365,8,https://ftp.ncbi.nlm.nih.gov/genomes/all/GCF/002/752/955/GCF_002752955.1_ASM275295v1,8,573.15365.fna,GCF_002752955.1_ASM275295v1_genomic.fna, 5717053, 5717053,573.15365.fna_vs_GCF_002752955.1_ASM275295v1_genomic.fna_blast.xml,0,0,0,0,0,0,0,0,5717051,0,1,1,0,0,0,573_subject_array_1739775853.bin
256177,573,RGF22-2-2,573.37810,8,https://ftp.ncbi.nlm.nih.gov/genomes/all/GCF/018/583/205/GCF_018583205.1_ASM1858320v1,8,573.37810.fna,GCF_018583205.1_ASM1858320v1_genomic.fna, 6000724, 6000724,573.37810.fna_vs_GCF_018583205.1_ASM1858320v1_genomic.fna_blast.xml,0,0,0,0,0,0,0,0,6000723,0,0,1,0,0,0,573_subject_array_1739775855.bin
256180,573,RGF99-1,573.37803,8,https://ftp.ncbi.nlm.nih.gov/genomes/all/GCF/018/502/585/GCF_018502585.1_ASM1850258v1,8,573.37803.fna,GCF_018502585.1_ASM1850258v1_genomic.fna, 5837229, 5837229,573.37803.fna_vs_GCF_018502585.1_ASM1850258v1_genomic.fna_blast.xml,0,0,0,0,0,0,0,0,5837227,0,1,1,0,0,0,573_subject_array_1739775858.bin
256210,573,RHBSTW-00472,573.32500,8,https://ftp.ncbi.nlm.nih.gov/genomes/all/GCF/013/611/495/GCF_013611495.1_ASM1361149v1,8,573.32500.fna,GCF_013611495.1_ASM1361149v1_genomic.fna, 6049280, 6049280,573.32500.fna_vs_GCF_013611495.1_ASM1361149v1_genomic.fna_blast.xml,0,0,0,0,0,0,0,0,6049280,0,0,0,0,0,0,573_subject_array_1739775860.bin
256224,573,RHBSTW-00995,573.32327,8,https://ftp.ncbi.nlm.nih.gov/genomes/all/GCF/013/782/105/GCF_013782105.1_ASM1378210v1,8,573.32327.fna,GCF_013782105.1_ASM1378210v1_genomic.fna, 5599686, 5599686,573.32327.fna_vs_GCF_013782105.1_ASM1378210v1_genomic.fna_blast.xml,0,0,0,0,0,0,0,0,5599686,0,0,0,0,0,0,573_subject_array_1739775862.bin
256263,573,RJKP36,573.51872,8,https://ftp.ncbi.nlm.nih.gov/genomes/all/GCF/025/884/095/GCF_025884095.1_ASM2588409v1,8,573.51872.fna,GCF_025884095.1_ASM2588409v1_genomic.fna, 5856823, 5856823,573.51872.fna_vs_GCF_025884095.1_ASM2588409v1_genomic.fna_blast.xml,0,0,0,0,0,0,0,0,5856823,0,0,0,0,0,0,573_subject_array_1739775864.bin
256311,573,RU-E344.2,573.63077,8,https://ftp.ncbi.nlm.nih.gov/genomes/all/GCF/033/030/925/GCF_033030925.1_ASM3303092v1,8,573.63077.fna,GCF_033030925.1_ASM3303092v1_genomic.fna, 5419020, 5419020,573.63077.fna_vs_GCF_033030925.1_ASM3303092v1_genomic.fna_blast.xml,0,0,0,0,0,0,0,0,5419020,0,0,0,0,0,0,573_subject_array_1739775866.bin
256313,573,R_1,573.59083,8,https://ftp.ncbi.nlm.nih.gov/genomes/all/GCF/031/775/535/GCF_031775535.1_ASM3177553v1,8,573.59083.fna,GCF_031775535.1_ASM3177553v1_genomic.fna, 5652339, 5652339,573.59083.fna_vs_GCF_031775535.1_ASM3177553v1_genomic.fna_blast.xml,0,0,0,0,0,0,1,0,5652335,0,1,2,0,0,0,573_subject_array_1739775868.bin
256317,573,S01,573.48987,8,https://ftp.ncbi.nlm.nih.gov/genomes/all/GCF/023/612/215/GCF_023612215.1_ASM2361221v1,8,573.48987.fna,GCF_023612215.1_ASM2361221v1_genomic.fna, 5657851, 5657851,573.48987.fna_vs_GCF_023612215.1_ASM2361221v1_genomic.fna_blast.xml,0,0,0,0,0,0,0,0,5657851,0,0,0,0,0,0,573_subject_array_1739775870.bin
256579,573,SCCH112:Kpn2161521,573.55060,8,https://ftp.ncbi.nlm.nih.gov/genomes/all/GCF/029/814/315/GCF_029814315.1_ASM2981431v1,8,573.55060.fna,GCF_029814315.1_ASM2981431v1_genomic.fna, 6048975, 6048975,573.55060.fna_vs_GCF_029814315.1_ASM2981431v1_genomic.fna_blast.xml,0,0,0,0,0,0,0,1099,6038523,0,0,0,9353,0,0,573_subject_array_1739775872.bin
256947,573,SKLX33554,573.49144,8,https://ftp.ncbi.nlm.nih.gov/genomes/all/GCF/023/806/175/GCF_023806175.1_ASM2380617v1,8,573.49144.fna,GCF_023806175.1_ASM2380617v1_genomic.fna, 5940649, 5940649,573.49144.fna_vs_GCF_023806175.1_ASM2380617v1_genomic.fna_blast.xml,0,0,0,0,0,0,0,0,5940649,0,0,0,0,0,0,573_subject_array_1739775874.bin
257098,573,ST11,573.52993,8,https://ftp.ncbi.nlm.nih.gov/genomes/all/GCF/947/391/185/GCF_947391185.1_17-8104547_assembly,8,573.52993.fna,GCF_947391185.1_17-8104547_assembly_genomic.fna, 5571234, 5571234,573.52993.fna_vs_GCF_947391185.1_17-8104547_assembly_genomic.fna_blast.xml,0,0,0,0,0,0,0,0,5571234,0,0,0,0,0,0,573_subject_array_1739775876.bin
257132,573,ST231,573.52988,8,https://ftp.ncbi.nlm.nih.gov/genomes/all/GCF/947/390/235/GCF_947390235.1_17-8104516_assembly,8,573.52988.fna,GCF_947390235.1_17-8104516_assembly_genomic.fna, 5764575, 5764575,573.52988.fna_vs_GCF_947390235.1_17-8104516_assembly_genomic.fna_blast.xml,0,0,0,0,0,0,0,0,5764575,0,0,0,0,0,0,573_subject_array_1739775878.bin
257152,573,STEFF_14,573.45236,8,https://ftp.ncbi.nlm.nih.gov/genomes/all/GCF/022/354/285/GCF_022354285.1_ASM2235428v1,8,573.45236.fna,GCF_022354285.1_ASM2235428v1_genomic.fna, 5541433, 5541433,573.45236.fna_vs_GCF_022354285.1_ASM2235428v1_genomic.fna_blast.xml,0,0,0,0,0,0,0,0,5541433,0,0,0,0,0,0,573_subject_array_1739775880.bin
257231,573,SYCC1,573.52906,8,https://ftp.ncbi.nlm.nih.gov/genomes/all/GCF/026/626/085/GCF_026626085.1_ASM2662608v1,8,573.52906.fna,GCF_026626085.1_ASM2662608v1_genomic.fna, 5752485, 5752485,573.52906.fna_vs_GCF_026626085.1_ASM2662608v1_genomic.fna_blast.xml,0,0,0,0,0,0,0,0,5752485,0,0,0,0,0,0,573_subject_array_1739775882.bin
257253,573,T041809,573.64490,8,https://ftp.ncbi.nlm.nih.gov/genomes/all/GCF/033/863/975/GCF_033863975.1_ASM3386397v1,8,573.64490.fna,GCF_033863975.1_ASM3386397v1_genomic.fna, 5630257, 5630257,573.64490.fna_vs_GCF_033863975.1_ASM3386397v1_genomic.fna_blast.xml,0,0,0,0,0,0,0,0,5630257,0,0,0,0,0,0,573_subject_array_1739775884.bin
257254,573,T14441,573.64494,8,https://ftp.ncbi.nlm.nih.gov/genomes/all/GCF/033/869/935/GCF_033869935.1_ASM3386993v1,8,573.64494.fna,GCF_033869935.1_ASM3386993v1_genomic.fna, 5938775, 5938775,573.64494.fna_vs_GCF_033869935.1_ASM3386993v1_genomic.fna_blast.xml,0,0,0,0,0,0,0,0,5938775,0,0,0,0,0,0,573_subject_array_1739775887.bin
257305,573,THUN_262,573.35510,8,https://ftp.ncbi.nlm.nih.gov/genomes/all/GCF/016/587/495/GCF_016587495.1_ASM1658749v1,8,573.35510.fna,GCF_016587495.1_ASM1658749v1_genomic.fna, 5940056, 5940056,573.35510.fna_vs_GCF_016587495.1_ASM1658749v1_genomic.fna_blast.xml,0,0,0,0,0,0,0,0,5940056,0,0,0,0,0,0,573_subject_array_1739775889.bin
258516,573,XH1507,573.45898,8,https://ftp.ncbi.nlm.nih.gov/genomes/all/GCF/022/533/525/GCF_022533525.1_ASM2253352v1,8,573.45898.fna,GCF_022533525.1_ASM2253352v1_genomic.fna, 5943955, 5943955,573.45898.fna_vs_GCF_022533525.1_ASM2253352v1_genomic.fna_blast.xml,0,0,0,0,0,0,0,0,5943955,0,0,0,0,0,0,573_subject_array_1739775891.bin
258560,573,X_43,573.52833,8,https://ftp.ncbi.nlm.nih.gov/genomes/all/GCF/026/615/625/GCF_026615625.1_ASM2661562v1,8,573.52833.fna,GCF_026615625.1_ASM2661562v1_genomic.fna, 5683529, 5683529,573.52833.fna_vs_GCF_026615625.1_ASM2661562v1_genomic.fna_blast.xml,0,0,0,0,0,0,0,0,5683529,0,0,0,0,0,0,573_subject_array_1739775893.bin
258564,573,X_51,573.52829,8,https://ftp.ncbi.nlm.nih.gov/genomes/all/GCF/026/615/475/GCF_026615475.1_ASM2661547v1,8,573.52829.fna,GCF_026615475.1_ASM2661547v1_genomic.fna, 5856420, 5856420,573.52829.fna_vs_GCF_026615475.1_ASM2661547v1_genomic.fna_blast.xml,0,0,0,0,0,0,0,0,5856420,0,0,0,0,0,0,573_subject_array_1739775895.bin
258572,573,X_78,573.52821,8,https://ftp.ncbi.nlm.nih.gov/genomes/all/GCF/026/614/935/GCF_026614935.1_ASM2661493v1,8,573.52821.fna,GCF_026614935.1_ASM2661493v1_genomic.fna, 5641997, 5641997,573.52821.fna_vs_GCF_026614935.1_ASM2661493v1_genomic.fna_blast.xml,0,0,0,0,0,0,0,0,5641997,0,0,0,0,0,0,573_subject_array_1739775897.bin
258870,573,Zam_UTH_02,573.35501,8,https://ftp.ncbi.nlm.nih.gov/genomes/all/GCF/016/586/455/GCF_016586455.1_ASM1658645v1,8,573.35501.fna,GCF_016586455.1_ASM1658645v1_genomic.fna, 5411618, 5411618,573.35501.fna_vs_GCF_016586455.1_ASM1658645v1_genomic.fna_blast.xml,0,0,0,0,0,0,0,0,5411618,0,0,0,0,0,0,573_subject_array_1739775899.bin
259025,573,hvKP340,573.49886,8,https://ftp.ncbi.nlm.nih.gov/genomes/all/GCF/024/496/165/GCF_024496165.1_ASM2449616v1,8,573.49886.fna,GCF_024496165.1_ASM2449616v1_genomic.fna, 6033386, 6033386,573.49886.fna_vs_GCF_024496165.1_ASM2449616v1_genomic.fna_blast.xml,0,0,0,0,0,0,0,0,6033386,0,0,0,0,0,0,573_subject_array_1739775901.bin
259543,574649,CGMCC 1.6960,574649.3,8,https://ftp.ncbi.nlm.nih.gov/genomes/all/GCF/014/645/235/GCF_014645235.1_ASM1464523v1,8,574649.3.fna,GCF_014645235.1_ASM1464523v1_genomic.fna, 2830661, 2830661,574649.3.fna_vs_GCF_014645235.1_ASM1464523v1_genomic.fna_blast.xml,0,0,0,0,0,0,0,0,2830661,0,0,0,0,0,0,574649_subject_array_1739775902.bin
259562,574934,AT1,574934.3,8,https://ftp.ncbi.nlm.nih.gov/genomes/all/GCF/001/590/795/GCF_001590795.1_ASM159079v1,8,574934.3.fna,GCF_001590795.1_ASM159079v1_genomic.fna, 7534837, 7534837,574934.3.fna_vs_GCF_001590795.1_ASM159079v1_genomic.fna_blast.xml,0,0,0,0,0,0,1,183080,7351681,0,0,0,75,0,0,574934_subject_array_1739775905.bin
259566,574964,VCR3,574964.5,8,https://ftp.ncbi.nlm.nih.gov/genomes/all/GCF/004/150/405/GCF_004150405.1_ASM415040v1,8,574964.5.fna,GCF_004150405.1_ASM415040v1_genomic.fna, 5388788, 5388788,574964.5.fna_vs_GCF_004150405.1_ASM415040v1_genomic.fna_blast.xml,0,0,0,0,0,0,0,266,5388508,0,0,0,14,0,0,574964_subject_array_1739775907.bin
259793,57706,F217,57706.246,8,https://ftp.ncbi.nlm.nih.gov/genomes/all/GCF/032/935/635/GCF_032935635.1_ASM3293563v1,8,57706.246.fna,GCF_032935635.1_ASM3293563v1_genomic.fna, 5692289, 5692289,57706.246.fna_vs_GCF_032935635.1_ASM3293563v1_genomic.fna_blast.xml,0,0,0,0,0,0,0,0,5692288,0,0,1,0,0,0,57706_subject_array_1739775909.bin
260564,582,CS00014,582.705,8,https://ftp.ncbi.nlm.nih.gov/genomes/all/GCF/030/177/045/GCF_030177045.1_ASM3017704v1,8,582.705.fna,GCF_030177045.1_ASM3017704v1_genomic.fna, 4252731, 4252731,582.705.fna_vs_GCF_030177045.1_ASM3017704v1_genomic.fna_blast.xml,0,0,0,0,0,0,0,0,4252731,0,0,0,0,0,0,582_subject_array_1739775910.bin
260890,584,219-1b,584.2463,8,https://ftp.ncbi.nlm.nih.gov/genomes/all/GCF/028/463/695/GCF_028463695.1_ASM2846369v1,8,584.2463.fna,GCF_028463695.1_ASM2846369v1_genomic.fna, 4071898, 4071898,584.2463.fna_vs_GCF_028463695.1_ASM2846369v1_genomic.fna_blast.xml,0,0,0,0,0,0,0,0,4071898,0,0,0,0,0,0,584_subject_array_1739775912.bin
260919,584,279-3e,584.2440,8,https://ftp.ncbi.nlm.nih.gov/genomes/all/GCF/028/463/215/GCF_028463215.1_ASM2846321v1,8,584.2440.fna,GCF_028463215.1_ASM2846321v1_genomic.fna, 3859653, 3956355,584.2440.fna_vs_GCF_028463215.1_ASM2846321v1_genomic.fna_blast.xml,0,0,0,0,0,0,0,96691,3859664,0,0,0,0,0,0,584_subject_array_1739775913.bin
262326,587753,PCLAR05,587753.97,8,https://ftp.ncbi.nlm.nih.gov/genomes/all/GCF/017/960/165/GCF_017960165.1_ASM1796016v1,8,587753.97.fna,GCF_017960165.1_ASM1796016v1_genomic.fna, 6699172, 6699172,587753.97.fna_vs_GCF_017960165.1_ASM1796016v1_genomic.fna_blast.xml,0,0,0,0,0,0,0,0,6699172,0,0,0,0,0,0,587753_subject_array_1739775917.bin
262966,59201,SENT0058,59201.3861,8,https://ftp.ncbi.nlm.nih.gov/genomes/all/GCF/031/039/735/GCF_031039735.1_ASM3103973v1,8,59201.3861.fna,GCF_031039735.1_ASM3103973v1_genomic.fna, 5116548, 5116548,59201.3861.fna_vs_GCF_031039735.1_ASM3103973v1_genomic.fna_blast.xml,0,0,0,0,0,0,0,0,5116548,0,0,0,0,0,0,59201_subject_array_1739775918.bin
263029,592015,OS1,592015.20,8,https://ftp.ncbi.nlm.nih.gov/genomes/all/GCF/000/160/455/GCF_000160455.2_ASM16045v2,8,592015.20.fna,GCF_000160455.2_ASM16045v2_genomic.fna, 2123925, 2123925,592015.20.fna_vs_GCF_000160455.2_ASM16045v2_genomic.fna_blast.xml,0,0,0,0,0,0,0,0,2123925,0,0,0,0,0,0,592015_subject_array_1739775919.bin
263172,593587,BX 330286,593587.4,8,https://ftp.ncbi.nlm.nih.gov/genomes/all/GCF/000/174/335/GCF_000174335.1_ASM17433v1,8,593587.4.fna,GCF_000174335.1_ASM17433v1_genomic.fna, 4000672, 4000672,593587.4.fna_vs_GCF_000174335.1_ASM17433v1_genomic.fna_blast.xml,0,0,0,0,0,0,1,0,4000670,0,0,1,0,0,0,593587_subject_array_1739775922.bin
263891,60137,191114_B17,60137.235,8,https://ftp.ncbi.nlm.nih.gov/genomes/all/GCF/033/238/925/GCF_033238925.1_ASM3323892v1,8,60137.235.fna,GCF_033238925.1_ASM3323892v1_genomic.fna, 3843428, 3843428,60137.235.fna_vs_GCF_033238925.1_ASM3323892v1_genomic.fna_blast.xml,0,0,0,0,0,0,0,0,3843428,0,0,0,0,0,0,60137_subject_array_1739775923.bin
264177,60890,P63,60890.11,8,https://ftp.ncbi.nlm.nih.gov/genomes/all/GCF/002/393/525/GCF_002393525.1_ASM239352v1,8,60890.11.fna,GCF_002393525.1_ASM239352v1_genomic.fna, 4610090, 4610090,60890.11.fna_vs_GCF_002393525.1_ASM239352v1_genomic.fna_blast.xml,0,0,0,0,0,0,0,0,4610090,0,0,0,0,0,0,60890_subject_array_1739775924.bin
264179,60890,P75,60890.6,8,https://ftp.ncbi.nlm.nih.gov/genomes/all/GCF/002/381/285/GCF_002381285.1_ASM238128v1,8,60890.6.fna,GCF_002381285.1_ASM238128v1_genomic.fna, 4595280, 4595280,60890.6.fna_vs_GCF_002381285.1_ASM238128v1_genomic.fna_blast.xml,0,0,0,0,0,0,0,0,4595280,0,0,0,0,0,0,60890_subject_array_1739775926.bin
265207,615,NCTC13382,615.737,8,https://ftp.ncbi.nlm.nih.gov/genomes/all/GCF/900/456/915/GCF_900456915.1_56433_D01,8,615.737.fna,GCF_900456915.1_56433_D01_genomic.fna, 5421161, 5421161,615.737.fna_vs_GCF_900456915.1_56433_D01_genomic.fna_blast.xml,0,0,0,0,0,0,0,0,5421125,0,0,1,34,0,1,615_subject_array_1739775928.bin
265746,61645,AR0468-yvys,61645.544,8,https://ftp.ncbi.nlm.nih.gov/genomes/all/GCF/023/023/265/GCF_023023265.1_ASM2302326v1,8,61645.544.fna,GCF_023023265.1_ASM2302326v1_genomic.fna, 5385038, 5385038,61645.544.fna_vs_GCF_023023265.1_ASM2302326v1_genomic.fna_blast.xml,0,0,0,0,0,0,0,0,5385038,0,0,0,0,0,0,61645_subject_array_1739775930.bin
266055,61654,DSM 6130,61654.3,8,https://ftp.ncbi.nlm.nih.gov/genomes/all/GCF/016/907/975/GCF_016907975.1_ASM1690797v1,8,61654.3.fna,GCF_016907975.1_ASM1690797v1_genomic.fna, 4135070, 4135070,61654.3.fna_vs_GCF_016907975.1_ASM1690797v1_genomic.fna_blast.xml,0,0,0,0,0,0,0,0,4135070,0,0,0,0,0,0,61654_subject_array_1739775931.bin
266113,621,06-3595,621.360,8,https://ftp.ncbi.nlm.nih.gov/genomes/all/GCF/031/665/755/GCF_031665755.1_ASM3166575v1,8,621.360.fna,GCF_031665755.1_ASM3166575v1_genomic.fna, 5075893, 5075893,621.360.fna_vs_GCF_031665755.1_ASM3166575v1_genomic.fna_blast.xml,0,0,0,0,0,0,0,0,5075893,0,0,0,0,0,0,621_subject_array_1739775934.bin
266245,622,CIP 58-28,622.565,8,https://ftp.ncbi.nlm.nih.gov/genomes/all/GCF/031/665/835/GCF_031665835.1_ASM3166583v1,8,622.565.fna,GCF_031665835.1_ASM3166583v1_genomic.fna, 5083133, 5083133,622.565.fna_vs_GCF_031665835.1_ASM3166583v1_genomic.fna_blast.xml,0,0,0,0,0,0,0,0,5083133,0,0,0,0,0,0,622_subject_array_1739775939.bin
266285,623,06-3102,623.726,8,https://ftp.ncbi.nlm.nih.gov/genomes/all/GCF/002/917/795/GCF_002917795.1_ASM291779v1,8,623.726.fna,GCF_002917795.1_ASM291779v1_genomic.fna, 5186260, 5186260,623.726.fna_vs_GCF_002917795.1_ASM291779v1_genomic.fna_blast.xml,0,0,0,0,0,0,0,0,5186259,0,0,1,0,0,0,623_subject_array_1739775943.bin
267147,624,75/02,624.1185,8,https://ftp.ncbi.nlm.nih.gov/genomes/all/GCF/002/150/905/GCF_002150905.1_ASM215090v1,8,624.1185.fna,GCF_002150905.1_ASM215090v1_genomic.fna, 5224048, 5224048,624.1185.fna_vs_GCF_002150905.1_ASM215090v1_genomic.fna_blast.xml,0,0,0,0,0,0,0,0,5224048,0,0,0,0,0,0,624_subject_array_1739775949.bin
267535,624,R16.0937,624.4472,8,https://ftp.ncbi.nlm.nih.gov/genomes/all/GCF/038/367/185/GCF_038367185.1_ASM3836718v1,8,624.4472.fna,GCF_038367185.1_ASM3836718v1_genomic.fna, 4952590, 4952590,624.4472.fna_vs_GCF_038367185.1_ASM3836718v1_genomic.fna_blast.xml,0,0,0,0,0,0,0,0,4952585,0,3,2,0,0,0,624_subject_array_1739775954.bin
267537,624,R17.0261,624.4467,8,https://ftp.ncbi.nlm.nih.gov/genomes/all/GCF/038/367/155/GCF_038367155.1_ASM3836715v1,8,624.4467.fna,GCF_038367155.1_ASM3836715v1_genomic.fna, 5003903, 5003903,624.4467.fna_vs_GCF_038367155.1_ASM3836715v1_genomic.fna_blast.xml,0,0,0,0,0,0,1,0,5003900,0,1,1,0,0,0,624_subject_array_1739775959.bin
268648,634177,NBRC 3288,634177.7,8,https://ftp.ncbi.nlm.nih.gov/genomes/all/GCF/000/182/745/GCF_000182745.2_ASM18274v1,8,634177.7.fna,GCF_000182745.2_ASM18274v1_genomic.fna, 3513191, 3513191,634177.7.fna_vs_GCF_000182745.2_ASM18274v1_genomic.fna_blast.xml,0,0,0,0,0,0,0,0,3513191,0,0,0,0,0,0,634177_subject_array_1739775961.bin
268654,634439,CECT 7928,634439.3,8,https://ftp.ncbi.nlm.nih.gov/genomes/all/GCF/921/294/215/GCF_921294215.1_V_marisflavi_CECT7928,8,634439.3.fna,GCF_921294215.1_V_marisflavi_CECT7928_genomic.fna, 4782088, 4782088,634439.3.fna_vs_GCF_921294215.1_V_marisflavi_CECT7928_genomic.fna_blast.xml,0,0,0,0,0,0,0,0,4782088,0,0,0,0,0,0,634439_subject_array_1739775962.bin
268717,638,aIh,638.21,8,https://ftp.ncbi.nlm.nih.gov/genomes/all/GCF/029/873/455/GCF_029873455.1_ASM2987345v1,8,638.21.fna,GCF_029873455.1_ASM2987345v1_genomic.fna, 3650371, 3650371,638.21.fna_vs_GCF_029873455.1_ASM2987345v1_genomic.fna_blast.xml,0,0,0,0,0,0,0,0,3650371,0,0,0,0,0,0,638_subject_array_1739775964.bin
269309,644,A-1,644.567,8,https://ftp.ncbi.nlm.nih.gov/genomes/all/GCF/014/397/045/GCF_014397045.1_ASM1439704v1,8,644.567.fna,GCF_014397045.1_ASM1439704v1_genomic.fna, 4980783, 4980783,644.567.fna_vs_GCF_014397045.1_ASM1439704v1_genomic.fna_blast.xml,0,0,0,0,0,0,0,0,4980783,0,0,0,0,0,0,644_subject_array_1739775965.bin
269354,644,Ah2111,644.838,8,https://ftp.ncbi.nlm.nih.gov/genomes/all/GCF/022/982/835/GCF_022982835.1_ASM2298283v1,8,644.838.fna,GCF_022982835.1_ASM2298283v1_genomic.fna, 5323258, 5323258,644.838.fna_vs_GCF_022982835.1_ASM2298283v1_genomic.fna_blast.xml,0,0,0,0,0,0,1,0,5323257,0,0,0,0,0,0,644_subject_array_1739775967.bin
270085,648,KAM339,648.604,8,https://ftp.ncbi.nlm.nih.gov/genomes/all/GCF/019/973/835/GCF_019973835.1_ASM1997383v2,8,648.604.fna,GCF_019973835.1_ASM1997383v2_genomic.fna, 5009948, 5009948,648.604.fna_vs_GCF_019973835.1_ASM1997383v2_genomic.fna_blast.xml,0,0,0,0,0,0,0,0,5009948,0,0,0,0,0,0,648_subject_array_1739775969.bin
270121,648,KAM376,648.304,8,https://ftp.ncbi.nlm.nih.gov/genomes/all/GCF/016/861/425/GCF_016861425.1_ASM1686142v1,8,648.304.fna,GCF_016861425.1_ASM1686142v1_genomic.fna, 4928144, 4928144,648.304.fna_vs_GCF_016861425.1_ASM1686142v1_genomic.fna_blast.xml,0,0,0,0,0,0,0,0,4928144,0,0,0,0,0,0,648_subject_array_1739775971.bin
270428,650891,CGMCC 1.9167,650891.3,8,https://ftp.ncbi.nlm.nih.gov/genomes/all/GCF/900/115/285/GCF_900115285.1_IMG-taxon_2667527383_annotated_assembly,8,650891.3.fna,GCF_900115285.1_IMG-taxon_2667527383_annotated_assembly_genomic.fna, 3933786, 3933786,650891.3.fna_vs_GCF_900115285.1_IMG-taxon_2667527383_annotated_assembly_genomic.fna_blast.xml,0,0,0,0,0,0,1,3450,3930311,0,16,7,1,0,0,650891_subject_array_1739775972.bin
270508,652764,TSH100,652764.19,8,https://ftp.ncbi.nlm.nih.gov/genomes/all/GCF/004/923/295/GCF_004923295.1_ASM492329v1,8,652764.19.fna,GCF_004923295.1_ASM492329v1_genomic.fna, 7166382, 7166382,652764.19.fna_vs_GCF_004923295.1_ASM492329v1_genomic.fna_blast.xml,0,0,0,0,0,0,0,0,7166382,0,0,0,0,0,0,652764_subject_array_1739775975.bin
271123,661481,JCM 18197,661481.8,8,https://ftp.ncbi.nlm.nih.gov/genomes/all/GCF/039/542/825/GCF_039542825.1_ASM3954282v1,8,661481.8.fna,GCF_039542825.1_ASM3954282v1_genomic.fna, 5046311, 5046311,661481.8.fna_vs_GCF_039542825.1_ASM3954282v1_genomic.fna_blast.xml,0,0,0,0,0,0,0,0,5046311,0,0,0,0,0,0,661481_subject_array_1739775977.bin
271534,663932,ATCC 23746,663932.3,8,https://ftp.ncbi.nlm.nih.gov/genomes/all/GCF/000/379/545/GCF_000379545.1_ASM37954v1,8,663932.3.fna,GCF_000379545.1_ASM37954v1_genomic.fna, 3690268, 3690768,663932.3.fna_vs_GCF_000379545.1_ASM37954v1_genomic.fna_blast.xml,0,0,0,0,0,0,0,495,3690272,0,0,0,1,0,0,663932_subject_array_1739775978.bin
272533,666,MMRF1910,666.6408,8,https://ftp.ncbi.nlm.nih.gov/genomes/all/GCF/027/158/335/GCF_027158335.1_ASM2715833v1,8,666.6408.fna,GCF_027158335.1_ASM2715833v1_genomic.fna, 3939542, 3939542,666.6408.fna_vs_GCF_027158335.1_ASM2715833v1_genomic.fna_blast.xml,0,0,0,0,0,0,0,0,3939542,0,0,0,0,0,0,666_subject_array_1739775979.bin
273250,669,NH-LM1,669.549,8,https://ftp.ncbi.nlm.nih.gov/genomes/all/GCF/037/997/145/GCF_037997145.1_ASM3799714v1,8,669.549.fna,GCF_037997145.1_ASM3799714v1_genomic.fna, 6559585, 6559585,669.549.fna_vs_GCF_037997145.1_ASM3799714v1_genomic.fna_blast.xml,0,0,0,0,0,0,0,0,6559585,0,0,0,0,0,0,669_subject_array_1739775982.bin
276144,675817,CIP 102761,675817.3,8,https://ftp.ncbi.nlm.nih.gov/genomes/all/GCF/000/176/795/GCF_000176795.1_ASM17679v1,8,675817.3.fna,GCF_000176795.1_ASM17679v1_genomic.fna, 5046328, 5046328,675817.3.fna_vs_GCF_000176795.1_ASM17679v1_genomic.fna_blast.xml,0,0,0,0,0,0,0,0,5046327,0,0,1,0,0,0,675817_subject_array_1739775984.bin
276145,675820,VM223,675820.3,8,https://ftp.ncbi.nlm.nih.gov/genomes/all/GCF/000/176/415/GCF_000176415.1_ASM17641v1,8,675820.3.fna,GCF_000176415.1_ASM17641v1_genomic.fna, 4347971, 4347971,675820.3.fna_vs_GCF_000176415.1_ASM17641v1_genomic.fna_blast.xml,0,0,0,0,0,0,0,0,4347971,0,0,0,0,0,0,675820_subject_array_1739775987.bin
276246,676199,NBRC 106264,676199.3,8,https://ftp.ncbi.nlm.nih.gov/genomes/all/GCF/000/975/115/GCF_000975115.1_ASM97511v1,8,676199.3.fna,GCF_000975115.1_ASM97511v1_genomic.fna, 2623557, 2623557,676199.3.fna_vs_GCF_000975115.1_ASM97511v1_genomic.fna_blast.xml,0,0,0,0,0,0,0,77,2623478,0,0,2,0,0,0,676199_subject_array_1739775988.bin
276249,676202,NBRC 106266,676202.3,8,https://ftp.ncbi.nlm.nih.gov/genomes/all/GCF/000/975/155/GCF_000975155.1_ASM97515v1,8,676202.3.fna,GCF_000975155.1_ASM97515v1_genomic.fna, 2622354, 2622354,676202.3.fna_vs_GCF_000975155.1_ASM97515v1_genomic.fna_blast.xml,0,0,0,0,0,0,2,836,2621514,0,1,1,0,0,0,676202_subject_array_1739775989.bin
276695,682998,M2T2B2,682998.3,8,https://ftp.ncbi.nlm.nih.gov/genomes/all/GCF/003/233/655/GCF_003233655.1_ASM323365v1,8,682998.3.fna,GCF_003233655.1_ASM323365v1_genomic.fna, 6316263, 6316263,682998.3.fna_vs_GCF_003233655.1_ASM323365v1_genomic.fna_blast.xml,0,0,0,0,0,0,0,0,6316263,0,0,0,0,0,0,682998_subject_array_1739775991.bin
276840,685445,FGI35,685445.4,8,https://ftp.ncbi.nlm.nih.gov/genomes/all/GCF/000/383/335/GCF_000383335.1_ASM38333v1,8,685445.4.fna,GCF_000383335.1_ASM38333v1_genomic.fna, 5142580, 5143280,685445.4.fna_vs_GCF_000383335.1_ASM38333v1_genomic.fna_blast.xml,0,0,0,0,0,0,0,670,5142604,0,0,0,6,0,0,685445_subject_array_1739775993.bin
276843,685565,ABRG5-3,685565.3,8,https://ftp.ncbi.nlm.nih.gov/genomes/all/GCF/003/967/015/GCF_003967015.1_ASM396701v1,8,685565.3.fna,GCF_003967015.1_ASM396701v1_genomic.fna, 5657972, 5657972,685565.3.fna_vs_GCF_003967015.1_ASM396701v1_genomic.fna_blast.xml,0,0,0,0,0,0,0,0,5657972,0,0,0,0,0,0,685565_subject_array_1739775996.bin
277008,689,Vic-OC-097,689.18,8,https://ftp.ncbi.nlm.nih.gov/genomes/all/GCF/013/364/395/GCF_013364395.1_ASM1336439v1,8,689.18.fna,GCF_013364395.1_ASM1336439v1_genomic.fna, 5651202, 5651202,689.18.fna_vs_GCF_013364395.1_ASM1336439v1_genomic.fna_blast.xml,0,0,0,0,0,0,0,664,5650538,0,0,0,0,0,0,689_subject_array_1739775997.bin
277043,691689,DSM 27993,691689.3,8,https://ftp.ncbi.nlm.nih.gov/genomes/all/GCF/900/188/355/GCF_900188355.1_IMG-taxon_2622736608_annotated_assembly,8,691689.3.fna,GCF_900188355.1_IMG-taxon_2622736608_annotated_assembly_genomic.fna, 3903672, 3903672,691689.3.fna_vs_GCF_900188355.1_IMG-taxon_2622736608_annotated_assembly_genomic.fna_blast.xml,0,0,0,0,0,0,0,5397,3898274,0,0,1,0,0,0,691689_subject_array_1739775999.bin
277225,697286,DSM 25719,697286.3,8,https://ftp.ncbi.nlm.nih.gov/genomes/all/GCF/000/511/115/GCF_000511115.1_ASM51111v1,8,697286.3.fna,GCF_000511115.1_ASM51111v1_genomic.fna, 4579589, 4579589,697286.3.fna_vs_GCF_000511115.1_ASM51111v1_genomic.fna_blast.xml,0,0,0,0,0,0,0,0,4579589,0,0,0,0,0,0,697286_subject_array_1739776001.bin
277397,700274,DSM 46661,700274.3,8,https://ftp.ncbi.nlm.nih.gov/genomes/all/GCF/014/873/915/GCF_014873915.1_ASM1487391v1,8,700274.3.fna,GCF_014873915.1_ASM1487391v1_genomic.fna, 9113087, 9113087,700274.3.fna_vs_GCF_014873915.1_ASM1487391v1_genomic.fna_blast.xml,0,0,0,0,0,0,0,0,9113087,0,0,0,0,0,0,700274_subject_array_1739776005.bin
277514,703340,DSM 23082,703340.3,8,https://ftp.ncbi.nlm.nih.gov/genomes/all/GCF/003/054/225/GCF_003054225.1_ASM305422v1,8,703340.3.fna,GCF_003054225.1_ASM305422v1_genomic.fna, 3643289, 3643289,703340.3.fna_vs_GCF_003054225.1_ASM305422v1_genomic.fna_blast.xml,0,0,0,0,0,0,0,0,3643289,0,0,0,0,0,0,703340_subject_array_1739776006.bin
277536,70346,2021CK-01005,70346.17,8,https://ftp.ncbi.nlm.nih.gov/genomes/all/GCF/025/398/455/GCF_025398455.1_ASM2539845v1,8,70346.17.fna,GCF_025398455.1_ASM2539845v1_genomic.fna, 3503981, 3503981,70346.17.fna_vs_GCF_025398455.1_ASM2539845v1_genomic.fna_blast.xml,0,0,0,0,0,0,0,0,3503981,0,0,0,0,0,0,70346_subject_array_1739776007.bin
277802,713586,ARhD 1,713586.3,8,https://ftp.ncbi.nlm.nih.gov/genomes/all/GCF/000/378/965/GCF_000378965.1_ASM37896v1,8,713586.3.fna,GCF_000378965.1_ASM37896v1_genomic.fna, 3746147, 3746647,713586.3.fna_vs_GCF_000378965.1_ASM37896v1_genomic.fna_blast.xml,0,0,0,0,0,0,0,500,3746147,0,0,0,0,0,0,713586_subject_array_1739776009.bin
278106,716813,SA4-48,716813.3,8,https://ftp.ncbi.nlm.nih.gov/genomes/all/GCF/002/954/545/GCF_002954545.1_ASM295454v1,8,716813.3.fna,GCF_002954545.1_ASM295454v1_genomic.fna, 3635560, 3635560,716813.3.fna_vs_GCF_002954545.1_ASM295454v1_genomic.fna_blast.xml,0,0,0,0,0,0,0,2220,3632851,0,0,0,489,0,0,716813_subject_array_1739776010.bin
278180,72000,UMB0131,72000.85,8,https://ftp.ncbi.nlm.nih.gov/genomes/all/GCF/002/861/865/GCF_002861865.1_ASM286186v1,8,72000.85.fna,GCF_002861865.1_ASM286186v1_genomic.fna, 2833561, 2833561,72000.85.fna_vs_GCF_002861865.1_ASM286186v1_genomic.fna_blast.xml,0,0,0,0,0,0,0,114,2833447,0,0,0,0,0,0,72000_subject_array_1739776011.bin
278377,72407,BK13048,72407.1397,8,https://ftp.ncbi.nlm.nih.gov/genomes/all/GCF/009/025/895/GCF_009025895.1_ASM902589v1,8,72407.1397.fna,GCF_009025895.1_ASM902589v1_genomic.fna, 5538216, 5538216,72407.1397.fna_vs_GCF_009025895.1_ASM902589v1_genomic.fna_blast.xml,0,0,0,0,0,0,0,0,5538216,0,0,0,0,0,0,72407_subject_array_1739776013.bin
278497,72407,IITJ_U23,72407.2082,8,https://ftp.ncbi.nlm.nih.gov/genomes/all/GCF/029/834/625/GCF_029834625.1_ASM2983462v1,8,72407.2082.fna,GCF_029834625.1_ASM2983462v1_genomic.fna, 5792695, 5792695,72407.2082.fna_vs_GCF_029834625.1_ASM2983462v1_genomic.fna_blast.xml,0,0,0,0,0,0,0,0,5792694,0,0,1,0,0,0,72407_subject_array_1739776015.bin
278575,72407,KPN-68,72407.2106,8,https://ftp.ncbi.nlm.nih.gov/genomes/all/GCF/030/388/445/GCF_030388445.1_ASM3038844v1,8,72407.2106.fna,GCF_030388445.1_ASM3038844v1_genomic.fna, 5789401, 5789401,72407.2106.fna_vs_GCF_030388445.1_ASM3038844v1_genomic.fna_blast.xml,0,0,0,0,0,0,0,0,5789401,0,0,0,0,0,0,72407_subject_array_1739776017.bin
278844,72407,SM117,72407.2111,8,https://ftp.ncbi.nlm.nih.gov/genomes/all/GCF/030/552/935/GCF_030552935.1_ASM3055293v1,8,72407.2111.fna,GCF_030552935.1_ASM3055293v1_genomic.fna, 6104486, 6104486,72407.2111.fna_vs_GCF_030552935.1_ASM3055293v1_genomic.fna_blast.xml,0,0,0,0,0,0,0,0,6104486,0,0,0,0,0,0,72407_subject_array_1739776019.bin
278962,72407,WRC09_CMC309PC,72407.1644,8,https://ftp.ncbi.nlm.nih.gov/genomes/all/GCF/019/286/955/GCF_019286955.1_ASM1928695v1,8,72407.1644.fna,GCF_019286955.1_ASM1928695v1_genomic.fna, 5590939, 5590939,72407.1644.fna_vs_GCF_019286955.1_ASM1928695v1_genomic.fna_blast.xml,0,0,0,0,0,0,0,0,5590939,0,0,0,0,0,0,72407_subject_array_1739776021.bin
279349,727,60362_NP_Hi1,727.2180,8,https://ftp.ncbi.nlm.nih.gov/genomes/all/GCF/004/802/395/GCF_004802395.1_ASM480239v1,8,727.2180.fna,GCF_004802395.1_ASM480239v1_genomic.fna, 1882431, 1882431,727.2180.fna_vs_GCF_004802395.1_ASM480239v1_genomic.fna_blast.xml,0,0,0,0,0,0,0,366,1882065,0,0,0,0,0,0,727_subject_array_1739776022.bin
280295,739139,DCY52,739139.3,8,https://ftp.ncbi.nlm.nih.gov/genomes/all/GCF/038/498/265/GCF_038498265.1_ASM3849826v1,8,739139.3.fna,GCF_038498265.1_ASM3849826v1_genomic.fna, 6663766, 6663766,739139.3.fna_vs_GCF_038498265.1_ASM3849826v1_genomic.fna_blast.xml,0,0,0,0,0,0,0,0,6663766,0,0,0,0,0,0,739139_subject_array_1739776024.bin
280352,74312,DSM 4737,74312.3,8,https://ftp.ncbi.nlm.nih.gov/genomes/all/GCF/014/199/945/GCF_014199945.1_ASM1419994v1,8,74312.3.fna,GCF_014199945.1_ASM1419994v1_genomic.fna, 3403800, 3403800,74312.3.fna_vs_GCF_014199945.1_ASM1419994v1_genomic.fna_blast.xml,0,0,0,0,0,0,0,0,3403800,0,0,0,0,0,0,74312_subject_array_1739776026.bin
281373,75293,CGMCC0516,75293.3,8,https://ftp.ncbi.nlm.nih.gov/genomes/all/GCF/001/983/975/GCF_001983975.1_ASM198397v1,8,75293.3.fna,GCF_001983975.1_ASM198397v1_genomic.fna, 10184660, 10184660,75293.3.fna_vs_GCF_001983975.1_ASM198397v1_genomic.fna_blast.xml,0,0,0,0,0,0,0,0,10184660,0,0,0,0,0,0,75293_subject_array_1739776031.bin
281447,755,NCTC11188,755.6,8,https://ftp.ncbi.nlm.nih.gov/genomes/all/GCF/900/454/485/GCF_900454485.1_49642_F01,8,755.6.fna,GCF_900454485.1_49642_F01_genomic.fna, 2454192, 2454192,755.6.fna_vs_GCF_900454485.1_49642_F01_genomic.fna_blast.xml,0,0,0,0,0,0,0,0,2454192,0,0,0,0,0,0,755_subject_array_1739776032.bin
281551,756892,AI41,756892.93,8,https://ftp.ncbi.nlm.nih.gov/genomes/all/GCF/012/370/875/GCF_012370875.1_ASM1237087v1,8,756892.93.fna,GCF_012370875.1_ASM1237087v1_genomic.fna, 3190525, 3190525,756892.93.fna_vs_GCF_012370875.1_ASM1237087v1_genomic.fna_blast.xml,0,0,0,0,0,0,0,0,3190525,0,0,0,0,0,0,756892_subject_array_1739776033.bin
281557,756892,B18,756892.69,8,https://ftp.ncbi.nlm.nih.gov/genomes/all/GCF/010/918/375/GCF_010918375.1_ASM1091837v1,8,756892.69.fna,GCF_010918375.1_ASM1091837v1_genomic.fna, 3632894, 3632894,756892.69.fna_vs_GCF_010918375.1_ASM1091837v1_genomic.fna_blast.xml,0,0,0,0,0,0,0,0,3632894,0,0,0,0,0,0,756892_subject_array_1739776034.bin
281943,75985,NCTC9380,75985.156,8,https://ftp.ncbi.nlm.nih.gov/genomes/all/GCF/900/452/985/GCF_900452985.1_44927_C02,8,75985.156.fna,GCF_900452985.1_44927_C02_genomic.fna, 2833415, 2833415,75985.156.fna_vs_GCF_900452985.1_44927_C02_genomic.fna_blast.xml,0,0,0,0,0,0,0,0,2833415,0,0,0,0,0,0,75985_subject_array_1739776035.bin
282019,760754,GA07228,760754.3,8,https://ftp.ncbi.nlm.nih.gov/genomes/all/GCF/000/233/265/GCF_000233265.1_ASM23326v2,8,760754.3.fna,GCF_000233265.1_ASM23326v2_genomic.fna, 2035787, 2035787,760754.3.fna_vs_GCF_000233265.1_ASM23326v2_genomic.fna_blast.xml,0,0,0,0,0,0,1,0,2035786,0,0,0,0,0,0,760754_subject_array_1739776036.bin
282020,760756,GA07914,760756.3,8,https://ftp.ncbi.nlm.nih.gov/genomes/all/GCF/000/251/385/GCF_000251385.1_ASM25138v2,8,760756.3.fna,GCF_000251385.1_ASM25138v2_genomic.fna, 2046314, 2046314,760756.3.fna_vs_GCF_000251385.1_ASM25138v2_genomic.fna_blast.xml,0,0,0,0,0,0,2,0,2046305,0,1,6,0,0,0,760756_subject_array_1739776037.bin
282029,760794,GA18068,760794.3,8,https://ftp.ncbi.nlm.nih.gov/genomes/all/GCF/000/251/565/GCF_000251565.1_ASM25156v2,8,760794.3.fna,GCF_000251565.1_ASM25156v2_genomic.fna, 2165361, 2165361,760794.3.fna_vs_GCF_000251565.1_ASM25156v2_genomic.fna_blast.xml,0,0,0,0,0,0,0,0,2165360,0,0,1,0,0,0,760794_subject_array_1739776038.bin
282054,760873,4075-00,760873.3,8,https://ftp.ncbi.nlm.nih.gov/genomes/all/GCF/000/252/065/GCF_000252065.1_ASM25206v2,8,760873.3.fna,GCF_000252065.1_ASM25206v2_genomic.fna, 2084867, 2084867,760873.3.fna_vs_GCF_000252065.1_ASM25206v2_genomic.fna_blast.xml,0,0,0,0,0,0,0,0,2084861,0,0,3,3,0,0,760873_subject_array_1739776039.bin
282084,762213,DSM 104731,762213.3,8,https://ftp.ncbi.nlm.nih.gov/genomes/all/GCF/003/814/915/GCF_003814915.1_ASM381491v1,8,762213.3.fna,GCF_003814915.1_ASM381491v1_genomic.fna, 3084248, 3084248,762213.3.fna_vs_GCF_003814915.1_ASM381491v1_genomic.fna_blast.xml,0,0,0,0,0,0,0,0,3084248,0,0,0,0,0,0,762213_subject_array_1739776040.bin
282964,78350,HH,78350.3,8,https://ftp.ncbi.nlm.nih.gov/genomes/all/GCF/004/369/205/GCF_004369205.1_ASM436920v1,8,78350.3.fna,GCF_004369205.1_ASM436920v1_genomic.fna, 4436185, 4436185,78350.3.fna_vs_GCF_004369205.1_ASM436920v1_genomic.fna_blast.xml,0,0,0,0,0,0,0,0,4436185,0,0,0,0,0,0,78350_subject_array_1739776042.bin
283019,79262,LMG 21395,79262.3,8,https://ftp.ncbi.nlm.nih.gov/genomes/all/GCF/000/741/455/GCF_000741455.1_Bifthe_sub.the,8,79262.3.fna,GCF_000741455.1_Bifthe_sub.the_genomic.fna, 2233072, 2233072,79262.3.fna_vs_GCF_000741455.1_Bifthe_sub.the_genomic.fna_blast.xml,0,0,0,0,0,0,0,0,2233072,0,0,0,0,0,0,79262_subject_array_1739776043.bin
283243,813,B/HAR36,813.363,8,https://ftp.ncbi.nlm.nih.gov/genomes/all/GCF/963/919/375/GCF_963919375.1_B_HAR36.fasta.gz,8,813.363.fna,GCF_963919375.1_B_HAR36.fasta.gz_genomic.fna, 1036062, 1036062,813.363.fna_vs_GCF_963919375.1_B_HAR36.fasta.gz_genomic.fna_blast.xml,0,0,0,0,0,0,0,42,1036020,0,0,0,0,0,0,813_subject_array_1739776043.bin
283359,81582,TC2-24,81582.3,8,https://ftp.ncbi.nlm.nih.gov/genomes/all/GCF/900/110/895/GCF_900110895.1_IMG-taxon_2623621022_annotated_assembly,8,81582.3.fna,GCF_900110895.1_IMG-taxon_2623621022_annotated_assembly_genomic.fna, 2917108, 2917108,81582.3.fna_vs_GCF_900110895.1_IMG-taxon_2623621022_annotated_assembly_genomic.fna_blast.xml,0,0,0,0,0,0,1,1140,2915965,0,0,1,1,0,0,81582_subject_array_1739776044.bin
283591,817,FDAARGOS_1514,817.2021,8,https://ftp.ncbi.nlm.nih.gov/genomes/all/GCF/020/297/435/GCF_020297435.1_ASM2029743v1,8,817.2021.fna,GCF_020297435.1_ASM2029743v1_genomic.fna, 5428300, 5428300,817.2021.fna_vs_GCF_020297435.1_ASM2029743v1_genomic.fna_blast.xml,0,0,0,0,0,0,0,0,5428300,0,0,0,0,0,0,817_subject_array_1739776046.bin
283884,818,BFG-336,818.2142,8,https://ftp.ncbi.nlm.nih.gov/genomes/all/GCF/024/788/825/GCF_024788825.1_ASM2478882v1,8,818.2142.fna,GCF_024788825.1_ASM2478882v1_genomic.fna, 6633184, 6633184,818.2142.fna_vs_GCF_024788825.1_ASM2478882v1_genomic.fna_blast.xml,0,0,0,0,0,0,0,0,6633184,0,0,0,0,0,0,818_subject_array_1739776048.bin
283892,818,BFG-473,818.2133,8,https://ftp.ncbi.nlm.nih.gov/genomes/all/GCF/024/787/555/GCF_024787555.1_ASM2478755v1,8,818.2133.fna,GCF_024787555.1_ASM2478755v1_genomic.fna, 7231197, 7231197,818.2133.fna_vs_GCF_024787555.1_ASM2478755v1_genomic.fna_blast.xml,0,0,0,0,0,0,1,0,7231193,0,2,1,0,0,0,818_subject_array_1739776051.bin
284672,821,BFG-379,821.5010,8,https://ftp.ncbi.nlm.nih.gov/genomes/all/GCF/024/791/995/GCF_024791995.1_ASM2479199v1,8,821.5010.fna,GCF_024791995.1_ASM2479199v1_genomic.fna, 5162461, 5162461,821.5010.fna_vs_GCF_024791995.1_ASM2479199v1_genomic.fna_blast.xml,0,0,0,0,0,0,0,0,5162461,0,0,0,0,0,0,821_subject_array_1739776053.bin
284675,821,BFG-631,821.5003,8,https://ftp.ncbi.nlm.nih.gov/genomes/all/GCF/024/790/525/GCF_024790525.1_ASM2479052v1,8,821.5003.fna,GCF_024790525.1_ASM2479052v1_genomic.fna, 5639546, 5639546,821.5003.fna_vs_GCF_024790525.1_ASM2479052v1_genomic.fna_blast.xml,0,0,0,0,0,0,0,0,5639546,0,0,0,0,0,0,821_subject_array_1739776055.bin
285516,83264,JCM 7854,83264.6,8,https://ftp.ncbi.nlm.nih.gov/genomes/all/GCF/039/540/025/GCF_039540025.1_ASM3954002v1,8,83264.6.fna,GCF_039540025.1_ASM3954002v1_genomic.fna, 6170111, 6170111,83264.6.fna_vs_GCF_039540025.1_ASM3954002v1_genomic.fna_blast.xml,0,0,0,0,0,0,0,0,6170111,0,0,0,0,0,0,83264_subject_array_1739776057.bin
285759,83462,NCCRE002,83462.16,8,https://ftp.ncbi.nlm.nih.gov/genomes/all/GCF/017/302/975/GCF_017302975.1_ASM1730297v1,8,83462.16.fna,GCF_017302975.1_ASM1730297v1_genomic.fna, 10538407, 10538407,83462.16.fna_vs_GCF_017302975.1_ASM1730297v1_genomic.fna_blast.xml,0,0,0,0,0,0,0,0,10538396,0,1,0,10,0,0,83462_subject_array_1739776061.bin
285797,83554,Ho Re upper,83554.70,8,https://ftp.ncbi.nlm.nih.gov/genomes/all/GCF/001/736/055/GCF_001736055.1_ASM173605v1,8,83554.70.fna,GCF_001736055.1_ASM173605v1_genomic.fna, 1178310, 1178310,83554.70.fna_vs_GCF_001736055.1_ASM173605v1_genomic.fna_blast.xml,0,0,0,0,0,0,0,0,1178310,0,0,0,0,0,0,83554_subject_array_1739776062.bin
285822,83555,10DC85,83555.27,8,https://ftp.ncbi.nlm.nih.gov/genomes/all/GCF/900/118/775/GCF_900118775.1_7067_6_65,8,83555.27.fna,GCF_900118775.1_7067_6_65_genomic.fna, 1166557, 1166557,83555.27.fna_vs_GCF_900118775.1_7067_6_65_genomic.fna_blast.xml,0,0,0,3,0,0,9,848,1165641,0,5,51,0,0,0,83555_subject_array_1739776062.bin
285985,83655,Z96-1,83655.106,8,https://ftp.ncbi.nlm.nih.gov/genomes/all/GCF/006/171/285/GCF_006171285.1_ASM617128v1,8,83655.106.fna,GCF_006171285.1_ASM617128v1_genomic.fna, 5764469, 5764469,83655.106.fna_vs_GCF_006171285.1_ASM617128v1_genomic.fna_blast.xml,0,0,0,0,0,0,0,1,5764467,0,0,1,0,0,0,83655_subject_array_1739776064.bin
286133,84032,DSM 5809,84032.5,8,https://ftp.ncbi.nlm.nih.gov/genomes/all/GCF/002/896/995/GCF_002896995.1_ASM289699v1,8,84032.5.fna,GCF_002896995.1_ASM289699v1_genomic.fna, 4665881, 4665881,84032.5.fna_vs_GCF_002896995.1_ASM289699v1_genomic.fna_blast.xml,0,0,0,0,0,0,0,213,4665668,0,0,0,0,0,0,84032_subject_array_1739776066.bin
286487,853,P9123,853.7365,8,https://ftp.ncbi.nlm.nih.gov/genomes/all/GCF/902/497/425/GCF_902497425.1_P9123,8,853.7365.fna,GCF_902497425.1_P9123_genomic.fna, 2915157, 2915157,853.7365.fna_vs_GCF_902497425.1_P9123_genomic.fna_blast.xml,0,0,0,0,0,0,0,0,2915157,0,0,0,0,0,0,853_subject_array_1739776067.bin
287050,85698,FDAARGOS_133,85698.29,8,https://ftp.ncbi.nlm.nih.gov/genomes/all/GCF/001/471/535/GCF_001471535.2_ASM147153v2,8,85698.29.fna,GCF_001471535.2_ASM147153v2_genomic.fna, 6687780, 6688016,85698.29.fna_vs_GCF_001471535.2_ASM147153v2_genomic.fna_blast.xml,0,0,0,0,0,0,3,7,6687763,0,243,0,0,0,0,85698_subject_array_1739776069.bin
287600,86664,PRO116,86664.62,8,https://ftp.ncbi.nlm.nih.gov/genomes/all/GCF/029/536/875/GCF_029536875.1_ASM2953687v1,8,86664.62.fna,GCF_029536875.1_ASM2953687v1_genomic.fna, 3993637, 3993637,86664.62.fna_vs_GCF_029536875.1_ASM2953687v1_genomic.fna_blast.xml,0,0,0,0,0,0,0,0,3993637,0,0,0,0,0,0,86664_subject_array_1739776071.bin
287777,869692,3003,869692.4,8,https://ftp.ncbi.nlm.nih.gov/genomes/all/GCF/000/194/665/GCF_000194665.1_ASM19466v2,8,869692.4.fna,GCF_000194665.1_ASM19466v2_genomic.fna, 4917326, 4917326,869692.4.fna_vs_GCF_000194665.1_ASM19466v2_genomic.fna_blast.xml,0,0,0,0,0,0,0,0,4917325,0,0,1,0,0,0,869692_subject_array_1739776073.bin
287778,869693,TW07793,869693.5,8,https://ftp.ncbi.nlm.nih.gov/genomes/all/GCF/000/194/685/GCF_000194685.1_ASM19468v2,8,869693.5.fna,GCF_000194685.1_ASM19468v2_genomic.fna, 4643920, 4643920,869693.5.fna_vs_GCF_000194685.1_ASM19468v2_genomic.fna_blast.xml,0,0,0,0,0,0,1,0,4643919,0,0,0,0,0,0,869693_subject_array_1739776075.bin
287931,876138,FSL S3-026,876138.3,8,https://ftp.ncbi.nlm.nih.gov/genomes/all/GCF/000/221/325/GCF_000221325.1_ASM22132v2,8,876138.3.fna,GCF_000221325.1_ASM22132v2_genomic.fna, 2455848, 2455848,876138.3.fna_vs_GCF_000221325.1_ASM22132v2_genomic.fna_blast.xml,0,0,0,0,0,0,0,0,2455847,0,0,1,0,0,0,876138_subject_array_1739776076.bin
287959,87883,1187,87883.756,8,https://ftp.ncbi.nlm.nih.gov/genomes/all/GCF/024/124/865/GCF_024124865.1_ASM2412486v1,8,87883.756.fna,GCF_024124865.1_ASM2412486v1_genomic.fna, 6297112, 6297112,87883.756.fna_vs_GCF_024124865.1_ASM2412486v1_genomic.fna_blast.xml,0,0,0,0,0,0,0,0,6297112,0,0,0,0,0,0,87883_subject_array_1739776078.bin
287991,87883,2011Ycf849IV,87883.731,8,https://ftp.ncbi.nlm.nih.gov/genomes/all/GCF/023/383/465/GCF_023383465.1_ASM2338346v1,8,87883.731.fna,GCF_023383465.1_ASM2338346v1_genomic.fna, 6742722, 6742722,87883.731.fna_vs_GCF_023383465.1_ASM2338346v1_genomic.fna_blast.xml,0,0,0,0,0,0,0,0,6742722,0,0,0,0,0,0,87883_subject_array_1739776080.bin
288020,87883,2019Y71450928III,87883.752,8,https://ftp.ncbi.nlm.nih.gov/genomes/all/GCF/023/924/265/GCF_023924265.1_ASM2392426v1,8,87883.752.fna,GCF_023924265.1_ASM2392426v1_genomic.fna, 6431576, 6431576,87883.752.fna_vs_GCF_023924265.1_ASM2392426v1_genomic.fna_blast.xml,0,0,0,0,0,0,6,0,6431538,0,2,1,29,0,0,87883_subject_array_1739776083.bin
288686,882083,XMU15,882083.3,8,https://ftp.ncbi.nlm.nih.gov/genomes/all/GCF/000/244/955/GCF_000244955.1_ASM24495v1,8,882083.3.fna,GCF_000244955.1_ASM24495v1_genomic.fna, 5964893, 5965593,882083.3.fna_vs_GCF_000244955.1_ASM24495v1_genomic.fna_blast.xml,0,0,0,0,0,0,0,700,5964893,0,0,0,0,0,0,882083_subject_array_1739776085.bin
288721,882824,JCM 17313,882824.5,8,https://ftp.ncbi.nlm.nih.gov/genomes/all/GCF/039/539/645/GCF_039539645.1_ASM3953964v1,8,882824.5.fna,GCF_039539645.1_ASM3953964v1_genomic.fna, 3594411, 3594411,882824.5.fna_vs_GCF_039539645.1_ASM3953964v1_genomic.fna_blast.xml,0,0,0,0,0,0,0,193,3594218,0,0,0,0,0,0,882824_subject_array_1739776086.bin
288743,883066,ACS-171-V-Col2,883066.3,8,https://ftp.ncbi.nlm.nih.gov/genomes/all/GCF/000/315/465/GCF_000315465.1_Acti_mass_ACS-171-V-COL2_V1,8,883066.3.fna,GCF_000315465.1_Acti_mass_ACS-171-V-COL2_V1_genomic.fna, 2021121, 2032016,883066.3.fna_vs_GCF_000315465.1_Acti_mass_ACS-171-V-COL2_V1_genomic.fna_blast.xml,0,0,0,0,0,0,0,10895,2021121,0,0,0,0,0,0,883066_subject_array_1739776087.bin
288862,885040,AS1,885040.13,8,https://ftp.ncbi.nlm.nih.gov/genomes/all/GCF/028/765/105/GCF_028765105.1_ASM2876510v1,8,885040.13.fna,GCF_028765105.1_ASM2876510v1_genomic.fna, 5164406, 5164406,885040.13.fna_vs_GCF_028765105.1_ASM2876510v1_genomic.fna_blast.xml,0,0,0,0,0,0,0,0,5164406,0,0,0,0,0,0,885040_subject_array_1739776088.bin
288882,885586,BLS98,885586.5,8,https://ftp.ncbi.nlm.nih.gov/genomes/all/GCF/001/045/445/GCF_001045445.1_ASM104544v1,8,885586.5.fna,GCF_001045445.1_ASM104544v1_genomic.fna, 4412600, 4412600,885586.5.fna_vs_GCF_001045445.1_ASM104544v1_genomic.fna_blast.xml,0,0,0,0,0,0,0,0,4412600,0,0,0,0,0,0,885586_subject_array_1739776090.bin
291024,90371,SARA19,90371.4818,8,https://ftp.ncbi.nlm.nih.gov/genomes/all/GCF/016/772/645/GCF_016772645.1_ASM1677264v1,8,90371.4818.fna,GCF_016772645.1_ASM1677264v1_genomic.fna, 5002315, 5002315,90371.4818.fna_vs_GCF_016772645.1_ASM1677264v1_genomic.fna_blast.xml,0,0,0,0,0,0,0,0,5002315,0,0,0,0,0,0,90371_subject_array_1739776092.bin
291026,90371,SARA20,90371.4824,8,https://ftp.ncbi.nlm.nih.gov/genomes/all/GCF/016/772/755/GCF_016772755.1_ASM1677275v1,8,90371.4824.fna,GCF_016772755.1_ASM1677275v1_genomic.fna, 5049258, 5049258,90371.4824.fna_vs_GCF_016772755.1_ASM1677275v1_genomic.fna_blast.xml,0,0,0,0,0,0,0,0,5049258,0,0,0,0,0,0,90371_subject_array_1739776093.bin
291337,903893,OIFC143,903893.3,8,https://ftp.ncbi.nlm.nih.gov/genomes/all/GCF/000/278/665/GCF_000278665.1_AcbauOIFC143v1.0,8,903893.3.fna,GCF_000278665.1_AcbauOIFC143v1.0_genomic.fna, 4441327, 4441327,903893.3.fna_vs_GCF_000278665.1_AcbauOIFC143v1.0_genomic.fna_blast.xml,0,0,0,0,0,0,0,0,4441327,0,0,0,0,0,0,903893_subject_array_1739776095.bin
291518,90814,Milos-T2,90814.3,8,https://ftp.ncbi.nlm.nih.gov/genomes/all/GCF/000/702/325/GCF_000702325.1_ASM70232v1,8,90814.3.fna,GCF_000702325.1_ASM70232v1_genomic.fna, 2647802, 2655367,90814.3.fna_vs_GCF_000702325.1_ASM70232v1_genomic.fna_blast.xml,0,0,0,0,0,0,0,7563,2647803,0,0,0,1,0,0,90814_subject_array_1739776097.bin
291605,912802,KCTC 23449,912802.3,8,https://ftp.ncbi.nlm.nih.gov/genomes/all/GCF/006/148/925/GCF_006148925.1_ASM614892v1,8,912802.3.fna,GCF_006148925.1_ASM614892v1_genomic.fna, 3144584, 3144584,912802.3.fna_vs_GCF_006148925.1_ASM614892v1_genomic.fna_blast.xml,0,0,0,0,0,0,0,0,3144584,0,0,0,0,0,0,912802_subject_array_1739776098.bin
292117,930138,IBRC-M10081,930138.11,8,https://ftp.ncbi.nlm.nih.gov/genomes/all/GCF/900/110/815/GCF_900110815.1_IMG-taxon_2654588195_annotated_assembly,8,930138.11.fna,GCF_900110815.1_IMG-taxon_2654588195_annotated_assembly_genomic.fna, 2061411, 2061411,930138.11.fna_vs_GCF_900110815.1_IMG-taxon_2654588195_annotated_assembly_genomic.fna_blast.xml,0,0,0,0,0,0,0,7370,2054032,0,0,0,9,0,0,930138_subject_array_1739776099.bin
292198,930806,KCTC 23430,930806.9,8,https://ftp.ncbi.nlm.nih.gov/genomes/all/GCF/014/652/275/GCF_014652275.1_ASM1465227v1,8,930806.9.fna,GCF_014652275.1_ASM1465227v1_genomic.fna, 3418305, 3418305,930806.9.fna_vs_GCF_014652275.1_ASM1465227v1_genomic.fna_blast.xml,0,0,0,0,0,0,0,0,3418305,0,0,0,0,0,0,930806_subject_array_1739776100.bin
292420,936138,DSM 24425,936138.7,8,https://ftp.ncbi.nlm.nih.gov/genomes/all/GCF/004/339/575/GCF_004339575.1_ASM433957v1,8,936138.7.fna,GCF_004339575.1_ASM433957v1_genomic.fna, 1621410, 1621410,936138.7.fna_vs_GCF_004339575.1_ASM433957v1_genomic.fna_blast.xml,0,0,0,0,0,0,0,271,1621139,0,0,0,0,0,0,936138_subject_array_1739776100.bin
292483,938155,CQ16Z11,938155.5,8,https://ftp.ncbi.nlm.nih.gov/genomes/all/GCF/015/654/125/GCF_015654125.1_ASM1565412v1,8,938155.5.fna,GCF_015654125.1_ASM1565412v1_genomic.fna, 2726177, 2726177,938155.5.fna_vs_GCF_015654125.1_ASM1565412v1_genomic.fna_blast.xml,0,0,0,0,0,0,0,0,2726177,0,0,0,0,0,0,938155_subject_array_1739776102.bin
292499,940136,03SU3-P,940136.3,8,https://ftp.ncbi.nlm.nih.gov/genomes/all/GCF/003/933/235/GCF_003933235.1_ASM393323v1,8,940136.3.fna,GCF_003933235.1_ASM393323v1_genomic.fna, 2177915, 2177915,940136.3.fna_vs_GCF_003933235.1_ASM393323v1_genomic.fna_blast.xml,0,0,0,0,0,0,0,0,2177915,0,0,0,0,0,0,940136_subject_array_1739776102.bin
292540,941280,B1212-PB_2012,941280.10,8,https://ftp.ncbi.nlm.nih.gov/genomes/all/GCF/005/670/835/GCF_005670835.1_ASM567083v1,8,941280.10.fna,GCF_005670835.1_ASM567083v1_genomic.fna, 5320631, 5320631,941280.10.fna_vs_GCF_005670835.1_ASM567083v1_genomic.fna_blast.xml,0,0,0,0,0,0,0,0,5320631,0,0,0,0,0,0,941280_subject_array_1739776104.bin
292822,948102,CCUG 64054,948102.17,8,https://ftp.ncbi.nlm.nih.gov/genomes/all/GCF/004/367/295/GCF_004367295.1_ASM436729v1,8,948102.17.fna,GCF_004367295.1_ASM436729v1_genomic.fna, 4998395, 4998395,948102.17.fna_vs_GCF_004367295.1_ASM436729v1_genomic.fna_blast.xml,0,0,0,0,0,0,0,135,4998260,0,0,0,0,0,0,948102_subject_array_1739776106.bin
292823,948102,CCUG 64056,948102.14,8,https://ftp.ncbi.nlm.nih.gov/genomes/all/GCF/004/366/895/GCF_004366895.1_ASM436689v1,8,948102.14.fna,GCF_004366895.1_ASM436689v1_genomic.fna, 4998395, 4998395,948102.14.fna_vs_GCF_004366895.1_ASM436689v1_genomic.fna_blast.xml,0,0,0,0,0,0,0,135,4998260,0,0,0,0,0,0,948102_subject_array_1739776108.bin
294600,992020,CPY6271,992020.3,8,https://ftp.ncbi.nlm.nih.gov/genomes/all/GCF/000/274/665/GCF_000274665.1_ASM27466v1,8,992020.3.fna,GCF_000274665.1_ASM27466v1_genomic.fna, 1602120, 1602120,992020.3.fna_vs_GCF_000274665.1_ASM27466v1_genomic.fna_blast.xml,0,0,0,0,0,0,0,0,1602120,0,0,0,0,0,0,992020_subject_array_1739776108.bin
294643,992069,Hp H-34,992069.3,8,https://ftp.ncbi.nlm.nih.gov/genomes/all/GCF/000/274/265/GCF_000274265.1_ASM27426v1,8,992069.3.fna,GCF_000274265.1_ASM27426v1_genomic.fna, 1627237, 1627237,992069.3.fna_vs_GCF_000274265.1_ASM27426v1_genomic.fna_blast.xml,0,0,0,0,0,0,0,0,1627237,0,0,0,0,0,0,992069_subject_array_1739776109.bin
294667,992107,Hp P-13b,992107.3,8,https://ftp.ncbi.nlm.nih.gov/genomes/all/GCF/000/274/405/GCF_000274405.1_ASM27440v1,8,992107.3.fna,GCF_000274405.1_ASM27440v1_genomic.fna, 1711532, 1711532,992107.3.fna_vs_GCF_000274405.1_ASM27440v1_genomic.fna_blast.xml,0,0,0,0,0,0,0,0,1711532,0,0,0,0,0,0,992107_subject_array_1739776109.bin
294783,995050,DSM 24233,995050.3,8,https://ftp.ncbi.nlm.nih.gov/genomes/all/GCF/011/927/665/GCF_011927665.1_ASM1192766v1,8,995050.3.fna,GCF_011927665.1_ASM1192766v1_genomic.fna, 3643426, 3643426,995050.3.fna_vs_GCF_011927665.1_ASM1192766v1_genomic.fna_blast.xml,0,0,0,0,0,0,0,189,3643237,0,0,0,0,0,0,995050_subject_array_1739776111.bin
294861,996641,DSM 24683,996641.3,8,https://ftp.ncbi.nlm.nih.gov/genomes/all/GCF/007/828/865/GCF_007828865.1_ASM782886v1,8,996641.3.fna,GCF_007828865.1_ASM782886v1_genomic.fna, 8120218, 8120218,996641.3.fna_vs_GCF_007828865.1_ASM782886v1_genomic.fna_blast.xml,0,0,0,0,0,0,0,0,8120218,0,0,0,0,0,0,996641_subject_array_1739776113.bin
294940,997829,KLE 1280,997829.3,8,https://ftp.ncbi.nlm.nih.gov/genomes/all/GCF/000/700/805/GCF_000700805.1_ASM70080v1,8,997829.3.fna,GCF_000700805.1_ASM70080v1_genomic.fna, 2203412, 2204202,997829.3.fna_vs_GCF_000700805.1_ASM70080v1_genomic.fna_blast.xml,0,0,0,0,0,0,0,790,2203412,0,0,0,0,0,0,997829_subject_array_1739776115.bin
294954,997886,CL03T12C18,997886.67,8,https://ftp.ncbi.nlm.nih.gov/genomes/all/GCF/018/492/845/GCF_018492845.1_ASM1849284v1,8,997886.67.fna,GCF_018492845.1_ASM1849284v1_genomic.fna, 7027397, 7027397,997886.67.fna_vs_GCF_018492845.1_ASM1849284v1_genomic.fna_blast.xml,0,0,0,0,0,0,0,0,7027397,0,0,0,0,0,0,997886_subject_array_1739776117.bin
295041,999548,DSM 16374,999548.6,8,https://ftp.ncbi.nlm.nih.gov/genomes/all/GCF/000/473/105/GCF_000473105.1_ASM47310v1,8,999548.6.fna,GCF_000473105.1_ASM47310v1_genomic.fna, 4130697, 4130897,999548.6.fna_vs_GCF_000473105.1_ASM47310v1_genomic.fna_blast.xml,0,0,0,0,0,0,0,200,4130697,0,0,0,0,0,0,999548_subject_array_1739776118.bin
295043,999550,DSM 23566,999550.5,8,https://ftp.ncbi.nlm.nih.gov/genomes/all/GCF/000/473/205/GCF_000473205.1_ASM47320v1,8,999550.5.fna,GCF_000473205.1_ASM47320v1_genomic.fna, 5049034, 5049234,999550.5.fna_vs_GCF_000473205.1_ASM47320v1_genomic.fna_blast.xml,0,0,0,0,0,0,0,157,5049037,0,0,6,34,0,0,999550_subject_array_1739776120.bin
